UNKNOWN
version=1
nRows=100
nColumns=82
inDegrees=no
endheader
time	/jointset/ankle_r/ankle_angle_r/value	addbrev_l	addbrev_r	addlong_l	addlong_r	addmagDist_l	addmagDist_r	addmagIsch_l	addmagIsch_r	addmagMid_l	addmagMid_r	addmagProx_l	addmagProx_r	bflh_l	bflh_r	bfsh_l	bfsh_r	edl_l	edl_r	ehl_l	ehl_r	fdl_l	fdl_r	fhl_l	fhl_r	gaslat_l	gaslat_r	gasmed_l	gasmed_r	glmax1_l	glmax1_r	glmax2_l	glmax2_r	glmax3_l	glmax3_r	glmed1_l	glmed1_r	glmed2_l	glmed2_r	glmed3_l	glmed3_r	glmin1_l	glmin1_r	glmin2_l	glmin2_r	glmin3_l	glmin3_r	grac_l	grac_r	iliacus_l	iliacus_r	perbrev_l	perbrev_r	perlong_l	perlong_r	piri_l	piri_r	psoas_l	psoas_r	recfem_l	recfem_r	sart_l	sart_r	semimem_l	semimem_r	semiten_l	semiten_r	soleus_l	soleus_r	tfl_l	tfl_r	tibant_l	tibant_r	tibpost_l	tibpost_r	vasint_l	vasint_r	vaslat_l	vaslat_r	vasmed_l	vasmed_r
      0.00000000	    -39.99999995	      0.00000000	      0.00000000	      0.00000000	      0.00000000	      0.00000000	      0.00000000	      0.00000000	      0.00000000	      0.00000000	      0.00000000	      0.00000000	      0.00000000	      0.00000000	      0.00000000	      0.00000000	      0.00000000	      0.00000000	      0.02863666	      0.00000000	      0.03035634	      0.00000000	     -0.01341068	      0.00000000	     -0.01975118	      0.00000000	     -0.03948087	      0.00000000	     -0.03748827	      0.00000000	      0.00000000	      0.00000000	      0.00000000	      0.00000000	      0.00000000	      0.00000000	      0.00000000	      0.00000000	      0.00000000	      0.00000000	      0.00000000	      0.00000000	      0.00000000	      0.00000000	      0.00000000	      0.00000000	      0.00000000	      0.00000000	      0.00000000	      0.00000000	      0.00000000	      0.00000000	     -0.00833707	      0.00000000	     -0.01079244	      0.00000000	      0.00000000	      0.00000000	      0.00000000	      0.00000000	      0.00000000	      0.00000000	      0.00000000	      0.00000000	      0.00000000	      0.00000000	      0.00000000	      0.00000000	     -0.04166279	      0.00000000	      0.00000000	      0.00000000	      0.03153100	      0.00000000	     -0.01374802	      0.00000000	      0.00000000	      0.00000000	      0.00000000	      0.00000000	      0.00000000
      1.00000000	    -39.29292925	      0.00000000	      0.00000000	      0.00000000	      0.00000000	      0.00000000	      0.00000000	      0.00000000	      0.00000000	      0.00000000	      0.00000000	      0.00000000	      0.00000000	      0.00000000	      0.00000000	      0.00000000	      0.00000000	      0.00000000	      0.02880728	      0.00000000	      0.03054732	      0.00000000	     -0.01333354	      0.00000000	     -0.01967575	      0.00000000	     -0.03975132	      0.00000000	     -0.03777929	      0.00000000	      0.00000000	      0.00000000	      0.00000000	      0.00000000	      0.00000000	      0.00000000	      0.00000000	      0.00000000	      0.00000000	      0.00000000	      0.00000000	      0.00000000	      0.00000000	      0.00000000	      0.00000000	      0.00000000	      0.00000000	      0.00000000	      0.00000000	      0.00000000	      0.00000000	      0.00000000	     -0.00831475	      0.00000000	     -0.01079138	      0.00000000	      0.00000000	      0.00000000	      0.00000000	      0.00000000	      0.00000000	      0.00000000	      0.00000000	      0.00000000	      0.00000000	      0.00000000	      0.00000000	      0.00000000	     -0.04184911	      0.00000000	      0.00000000	      0.00000000	      0.03178636	      0.00000000	     -0.01368910	      0.00000000	      0.00000000	      0.00000000	      0.00000000	      0.00000000	      0.00000000
      2.00000000	    -38.58585854	      0.00000000	      0.00000000	      0.00000000	      0.00000000	      0.00000000	      0.00000000	      0.00000000	      0.00000000	      0.00000000	      0.00000000	      0.00000000	      0.00000000	      0.00000000	      0.00000000	      0.00000000	      0.00000000	      0.00000000	      0.02897683	      0.00000000	      0.03073718	      0.00000000	     -0.01325528	      0.00000000	     -0.01959878	      0.00000000	     -0.04001453	      0.00000000	     -0.03806325	      0.00000000	      0.00000000	      0.00000000	      0.00000000	      0.00000000	      0.00000000	      0.00000000	      0.00000000	      0.00000000	      0.00000000	      0.00000000	      0.00000000	      0.00000000	      0.00000000	      0.00000000	      0.00000000	      0.00000000	      0.00000000	      0.00000000	      0.00000000	      0.00000000	      0.00000000	      0.00000000	     -0.00829154	      0.00000000	     -0.01078873	      0.00000000	      0.00000000	      0.00000000	      0.00000000	      0.00000000	      0.00000000	      0.00000000	      0.00000000	      0.00000000	      0.00000000	      0.00000000	      0.00000000	      0.00000000	     -0.04202824	      0.00000000	      0.00000000	      0.00000000	      0.03204027	      0.00000000	     -0.01362890	      0.00000000	      0.00000000	      0.00000000	      0.00000000	      0.00000000	      0.00000000
      3.00000000	    -37.87878783	      0.00000000	      0.00000000	      0.00000000	      0.00000000	      0.00000000	      0.00000000	      0.00000000	      0.00000000	      0.00000000	      0.00000000	      0.00000000	      0.00000000	      0.00000000	      0.00000000	      0.00000000	      0.00000000	      0.00000000	      0.02914517	      0.00000000	      0.03092575	      0.00000000	     -0.01317598	      0.00000000	     -0.01952036	      0.00000000	     -0.04027066	      0.00000000	     -0.03834032	      0.00000000	      0.00000000	      0.00000000	      0.00000000	      0.00000000	      0.00000000	      0.00000000	      0.00000000	      0.00000000	      0.00000000	      0.00000000	      0.00000000	      0.00000000	      0.00000000	      0.00000000	      0.00000000	      0.00000000	      0.00000000	      0.00000000	      0.00000000	      0.00000000	      0.00000000	      0.00000000	     -0.00826746	      0.00000000	     -0.01078452	      0.00000000	      0.00000000	      0.00000000	      0.00000000	      0.00000000	      0.00000000	      0.00000000	      0.00000000	      0.00000000	      0.00000000	      0.00000000	      0.00000000	      0.00000000	     -0.04220004	      0.00000000	      0.00000000	      0.00000000	      0.03229249	      0.00000000	     -0.01356749	      0.00000000	      0.00000000	      0.00000000	      0.00000000	      0.00000000	      0.00000000
      4.00000000	    -37.17171712	      0.00000000	      0.00000000	      0.00000000	      0.00000000	      0.00000000	      0.00000000	      0.00000000	      0.00000000	      0.00000000	      0.00000000	      0.00000000	      0.00000000	      0.00000000	      0.00000000	      0.00000000	      0.00000000	      0.00000000	      0.02931229	      0.00000000	      0.03111303	      0.00000000	     -0.01309566	      0.00000000	     -0.01944051	      0.00000000	     -0.04051952	      0.00000000	     -0.03861028	      0.00000000	      0.00000000	      0.00000000	      0.00000000	      0.00000000	      0.00000000	      0.00000000	      0.00000000	      0.00000000	      0.00000000	      0.00000000	      0.00000000	      0.00000000	      0.00000000	      0.00000000	      0.00000000	      0.00000000	      0.00000000	      0.00000000	      0.00000000	      0.00000000	      0.00000000	      0.00000000	     -0.00824254	      0.00000000	     -0.01077880	      0.00000000	      0.00000000	      0.00000000	      0.00000000	      0.00000000	      0.00000000	      0.00000000	      0.00000000	      0.00000000	      0.00000000	      0.00000000	      0.00000000	      0.00000000	     -0.04236451	      0.00000000	      0.00000000	      0.00000000	      0.03254300	      0.00000000	     -0.01350489	      0.00000000	      0.00000000	      0.00000000	      0.00000000	      0.00000000	      0.00000000
      5.00000000	    -36.46464641	      0.00000000	      0.00000000	      0.00000000	      0.00000000	      0.00000000	      0.00000000	      0.00000000	      0.00000000	      0.00000000	      0.00000000	      0.00000000	      0.00000000	      0.00000000	      0.00000000	      0.00000000	      0.00000000	      0.00000000	      0.02947819	      0.00000000	      0.03129899	      0.00000000	     -0.01301433	      0.00000000	     -0.01935926	      0.00000000	     -0.04076108	      0.00000000	     -0.03887310	      0.00000000	      0.00000000	      0.00000000	      0.00000000	      0.00000000	      0.00000000	      0.00000000	      0.00000000	      0.00000000	      0.00000000	      0.00000000	      0.00000000	      0.00000000	      0.00000000	      0.00000000	      0.00000000	      0.00000000	      0.00000000	      0.00000000	      0.00000000	      0.00000000	      0.00000000	      0.00000000	     -0.00821679	      0.00000000	     -0.01077160	      0.00000000	      0.00000000	      0.00000000	      0.00000000	      0.00000000	      0.00000000	      0.00000000	      0.00000000	      0.00000000	      0.00000000	      0.00000000	      0.00000000	      0.00000000	     -0.04252168	      0.00000000	      0.00000000	      0.00000000	      0.03279179	      0.00000000	     -0.01344112	      0.00000000	      0.00000000	      0.00000000	      0.00000000	      0.00000000	      0.00000000
      6.00000000	    -35.75757570	      0.00000000	      0.00000000	      0.00000000	      0.00000000	      0.00000000	      0.00000000	      0.00000000	      0.00000000	      0.00000000	      0.00000000	      0.00000000	      0.00000000	      0.00000000	      0.00000000	      0.00000000	      0.00000000	      0.00000000	      0.02964285	      0.00000000	      0.03148364	      0.00000000	     -0.01293200	      0.00000000	     -0.01927663	      0.00000000	     -0.04099535	      0.00000000	     -0.03912880	      0.00000000	      0.00000000	      0.00000000	      0.00000000	      0.00000000	      0.00000000	      0.00000000	      0.00000000	      0.00000000	      0.00000000	      0.00000000	      0.00000000	      0.00000000	      0.00000000	      0.00000000	      0.00000000	      0.00000000	      0.00000000	      0.00000000	      0.00000000	      0.00000000	      0.00000000	      0.00000000	     -0.00819022	      0.00000000	     -0.01076297	      0.00000000	      0.00000000	      0.00000000	      0.00000000	      0.00000000	      0.00000000	      0.00000000	      0.00000000	      0.00000000	      0.00000000	      0.00000000	      0.00000000	      0.00000000	     -0.04267155	      0.00000000	      0.00000000	      0.00000000	      0.03303884	      0.00000000	     -0.01337619	      0.00000000	      0.00000000	      0.00000000	      0.00000000	      0.00000000	      0.00000000
      7.00000000	    -35.05050499	      0.00000000	      0.00000000	      0.00000000	      0.00000000	      0.00000000	      0.00000000	      0.00000000	      0.00000000	      0.00000000	      0.00000000	      0.00000000	      0.00000000	      0.00000000	      0.00000000	      0.00000000	      0.00000000	      0.00000000	      0.02980626	      0.00000000	      0.03166696	      0.00000000	     -0.01284870	      0.00000000	     -0.01919264	      0.00000000	     -0.04122232	      0.00000000	     -0.03937713	      0.00000000	      0.00000000	      0.00000000	      0.00000000	      0.00000000	      0.00000000	      0.00000000	      0.00000000	      0.00000000	      0.00000000	      0.00000000	      0.00000000	      0.00000000	      0.00000000	      0.00000000	      0.00000000	      0.00000000	      0.00000000	      0.00000000	      0.00000000	      0.00000000	      0.00000000	      0.00000000	     -0.00816285	      0.00000000	     -0.01075292	      0.00000000	      0.00000000	      0.00000000	      0.00000000	      0.00000000	      0.00000000	      0.00000000	      0.00000000	      0.00000000	      0.00000000	      0.00000000	      0.00000000	      0.00000000	     -0.04281415	      0.00000000	      0.00000000	      0.00000000	      0.03328411	      0.00000000	     -0.01331012	      0.00000000	      0.00000000	      0.00000000	      0.00000000	      0.00000000	      0.00000000
      8.00000000	    -34.34343428	      0.00000000	      0.00000000	      0.00000000	      0.00000000	      0.00000000	      0.00000000	      0.00000000	      0.00000000	      0.00000000	      0.00000000	      0.00000000	      0.00000000	      0.00000000	      0.00000000	      0.00000000	      0.00000000	      0.00000000	      0.02996841	      0.00000000	      0.03184893	      0.00000000	     -0.01276442	      0.00000000	     -0.01910732	      0.00000000	     -0.04144198	      0.00000000	     -0.03961852	      0.00000000	      0.00000000	      0.00000000	      0.00000000	      0.00000000	      0.00000000	      0.00000000	      0.00000000	      0.00000000	      0.00000000	      0.00000000	      0.00000000	      0.00000000	      0.00000000	      0.00000000	      0.00000000	      0.00000000	      0.00000000	      0.00000000	      0.00000000	      0.00000000	      0.00000000	      0.00000000	     -0.00813469	      0.00000000	     -0.01074151	      0.00000000	      0.00000000	      0.00000000	      0.00000000	      0.00000000	      0.00000000	      0.00000000	      0.00000000	      0.00000000	      0.00000000	      0.00000000	      0.00000000	      0.00000000	     -0.04294948	      0.00000000	      0.00000000	      0.00000000	      0.03352759	      0.00000000	     -0.01324293	      0.00000000	      0.00000000	      0.00000000	      0.00000000	      0.00000000	      0.00000000
      9.00000000	    -33.63636357	      0.00000000	      0.00000000	      0.00000000	      0.00000000	      0.00000000	      0.00000000	      0.00000000	      0.00000000	      0.00000000	      0.00000000	      0.00000000	      0.00000000	      0.00000000	      0.00000000	      0.00000000	      0.00000000	      0.00000000	      0.03012929	      0.00000000	      0.03202956	      0.00000000	     -0.01267920	      0.00000000	     -0.01902068	      0.00000000	     -0.04165416	      0.00000000	     -0.03985273	      0.00000000	      0.00000000	      0.00000000	      0.00000000	      0.00000000	      0.00000000	      0.00000000	      0.00000000	      0.00000000	      0.00000000	      0.00000000	      0.00000000	      0.00000000	      0.00000000	      0.00000000	      0.00000000	      0.00000000	      0.00000000	      0.00000000	      0.00000000	      0.00000000	      0.00000000	      0.00000000	     -0.00810574	      0.00000000	     -0.01072875	      0.00000000	      0.00000000	      0.00000000	      0.00000000	      0.00000000	      0.00000000	      0.00000000	      0.00000000	      0.00000000	      0.00000000	      0.00000000	      0.00000000	      0.00000000	     -0.04307757	      0.00000000	      0.00000000	      0.00000000	      0.03376926	      0.00000000	     -0.01317463	      0.00000000	      0.00000000	      0.00000000	      0.00000000	      0.00000000	      0.00000000
     10.00000000	    -32.92929286	      0.00000000	      0.00000000	      0.00000000	      0.00000000	      0.00000000	      0.00000000	      0.00000000	      0.00000000	      0.00000000	      0.00000000	      0.00000000	      0.00000000	      0.00000000	      0.00000000	      0.00000000	      0.00000000	      0.00000000	      0.03028890	      0.00000000	      0.03220882	      0.00000000	     -0.01259303	      0.00000000	     -0.01893274	      0.00000000	     -0.04185921	      0.00000000	     -0.04007978	      0.00000000	      0.00000000	      0.00000000	      0.00000000	      0.00000000	      0.00000000	      0.00000000	      0.00000000	      0.00000000	      0.00000000	      0.00000000	      0.00000000	      0.00000000	      0.00000000	      0.00000000	      0.00000000	      0.00000000	      0.00000000	      0.00000000	      0.00000000	      0.00000000	      0.00000000	      0.00000000	     -0.00807604	      0.00000000	     -0.01071469	      0.00000000	      0.00000000	      0.00000000	      0.00000000	      0.00000000	      0.00000000	      0.00000000	      0.00000000	      0.00000000	      0.00000000	      0.00000000	      0.00000000	      0.00000000	     -0.04319842	      0.00000000	      0.00000000	      0.00000000	      0.03400909	      0.00000000	     -0.01310524	      0.00000000	      0.00000000	      0.00000000	      0.00000000	      0.00000000	      0.00000000
     11.00000000	    -32.22222215	      0.00000000	      0.00000000	      0.00000000	      0.00000000	      0.00000000	      0.00000000	      0.00000000	      0.00000000	      0.00000000	      0.00000000	      0.00000000	      0.00000000	      0.00000000	      0.00000000	      0.00000000	      0.00000000	      0.00000000	      0.03044721	      0.00000000	      0.03238670	      0.00000000	     -0.01250594	      0.00000000	     -0.01884352	      0.00000000	     -0.04205694	      0.00000000	     -0.04029945	      0.00000000	      0.00000000	      0.00000000	      0.00000000	      0.00000000	      0.00000000	      0.00000000	      0.00000000	      0.00000000	      0.00000000	      0.00000000	      0.00000000	      0.00000000	      0.00000000	      0.00000000	      0.00000000	      0.00000000	      0.00000000	      0.00000000	      0.00000000	      0.00000000	      0.00000000	      0.00000000	     -0.00804558	      0.00000000	     -0.01069935	      0.00000000	      0.00000000	      0.00000000	      0.00000000	      0.00000000	      0.00000000	      0.00000000	      0.00000000	      0.00000000	      0.00000000	      0.00000000	      0.00000000	      0.00000000	     -0.04331207	      0.00000000	      0.00000000	      0.00000000	      0.03424706	      0.00000000	     -0.01303479	      0.00000000	      0.00000000	      0.00000000	      0.00000000	      0.00000000	      0.00000000
     12.00000000	    -31.51515144	      0.00000000	      0.00000000	      0.00000000	      0.00000000	      0.00000000	      0.00000000	      0.00000000	      0.00000000	      0.00000000	      0.00000000	      0.00000000	      0.00000000	      0.00000000	      0.00000000	      0.00000000	      0.00000000	      0.00000000	      0.03060423	      0.00000000	      0.03256320	      0.00000000	     -0.01241793	      0.00000000	     -0.01875305	      0.00000000	     -0.04224737	      0.00000000	     -0.04051215	      0.00000000	      0.00000000	      0.00000000	      0.00000000	      0.00000000	      0.00000000	      0.00000000	      0.00000000	      0.00000000	      0.00000000	      0.00000000	      0.00000000	      0.00000000	      0.00000000	      0.00000000	      0.00000000	      0.00000000	      0.00000000	      0.00000000	      0.00000000	      0.00000000	      0.00000000	      0.00000000	     -0.00801437	      0.00000000	     -0.01068276	      0.00000000	      0.00000000	      0.00000000	      0.00000000	      0.00000000	      0.00000000	      0.00000000	      0.00000000	      0.00000000	      0.00000000	      0.00000000	      0.00000000	      0.00000000	     -0.04341853	      0.00000000	      0.00000000	      0.00000000	      0.03448314	      0.00000000	     -0.01296327	      0.00000000	      0.00000000	      0.00000000	      0.00000000	      0.00000000	      0.00000000
     13.00000000	    -30.80808074	      0.00000000	      0.00000000	      0.00000000	      0.00000000	      0.00000000	      0.00000000	      0.00000000	      0.00000000	      0.00000000	      0.00000000	      0.00000000	      0.00000000	      0.00000000	      0.00000000	      0.00000000	      0.00000000	      0.00000000	      0.03075994	      0.00000000	      0.03273830	      0.00000000	     -0.01232902	      0.00000000	     -0.01866134	      0.00000000	     -0.04243049	      0.00000000	     -0.04071767	      0.00000000	      0.00000000	      0.00000000	      0.00000000	      0.00000000	      0.00000000	      0.00000000	      0.00000000	      0.00000000	      0.00000000	      0.00000000	      0.00000000	      0.00000000	      0.00000000	      0.00000000	      0.00000000	      0.00000000	      0.00000000	      0.00000000	      0.00000000	      0.00000000	      0.00000000	      0.00000000	     -0.00798244	      0.00000000	     -0.01066495	      0.00000000	      0.00000000	      0.00000000	      0.00000000	      0.00000000	      0.00000000	      0.00000000	      0.00000000	      0.00000000	      0.00000000	      0.00000000	      0.00000000	      0.00000000	     -0.04351783	      0.00000000	      0.00000000	      0.00000000	      0.03471731	      0.00000000	     -0.01289071	      0.00000000	      0.00000000	      0.00000000	      0.00000000	      0.00000000	      0.00000000
     14.00000000	    -30.10101003	      0.00000000	      0.00000000	      0.00000000	      0.00000000	      0.00000000	      0.00000000	      0.00000000	      0.00000000	      0.00000000	      0.00000000	      0.00000000	      0.00000000	      0.00000000	      0.00000000	      0.00000000	      0.00000000	      0.00000000	      0.03091432	      0.00000000	      0.03291199	      0.00000000	     -0.01223923	      0.00000000	     -0.01856841	      0.00000000	     -0.04260632	      0.00000000	     -0.04091601	      0.00000000	      0.00000000	      0.00000000	      0.00000000	      0.00000000	      0.00000000	      0.00000000	      0.00000000	      0.00000000	      0.00000000	      0.00000000	      0.00000000	      0.00000000	      0.00000000	      0.00000000	      0.00000000	      0.00000000	      0.00000000	      0.00000000	      0.00000000	      0.00000000	      0.00000000	      0.00000000	     -0.00794979	      0.00000000	     -0.01064594	      0.00000000	      0.00000000	      0.00000000	      0.00000000	      0.00000000	      0.00000000	      0.00000000	      0.00000000	      0.00000000	      0.00000000	      0.00000000	      0.00000000	      0.00000000	     -0.04360998	      0.00000000	      0.00000000	      0.00000000	      0.03494955	      0.00000000	     -0.01281713	      0.00000000	      0.00000000	      0.00000000	      0.00000000	      0.00000000	      0.00000000
     15.00000000	    -29.39393932	      0.00000000	      0.00000000	      0.00000000	      0.00000000	      0.00000000	      0.00000000	      0.00000000	      0.00000000	      0.00000000	      0.00000000	      0.00000000	      0.00000000	      0.00000000	      0.00000000	      0.00000000	      0.00000000	      0.00000000	      0.03106737	      0.00000000	      0.03308426	      0.00000000	     -0.01214856	      0.00000000	     -0.01847428	      0.00000000	     -0.04277485	      0.00000000	     -0.04110699	      0.00000000	      0.00000000	      0.00000000	      0.00000000	      0.00000000	      0.00000000	      0.00000000	      0.00000000	      0.00000000	      0.00000000	      0.00000000	      0.00000000	      0.00000000	      0.00000000	      0.00000000	      0.00000000	      0.00000000	      0.00000000	      0.00000000	      0.00000000	      0.00000000	      0.00000000	      0.00000000	     -0.00791644	      0.00000000	     -0.01062577	      0.00000000	      0.00000000	      0.00000000	      0.00000000	      0.00000000	      0.00000000	      0.00000000	      0.00000000	      0.00000000	      0.00000000	      0.00000000	      0.00000000	      0.00000000	     -0.04369502	      0.00000000	      0.00000000	      0.00000000	      0.03517984	      0.00000000	     -0.01274253	      0.00000000	      0.00000000	      0.00000000	      0.00000000	      0.00000000	      0.00000000
     16.00000000	    -28.68686861	      0.00000000	      0.00000000	      0.00000000	      0.00000000	      0.00000000	      0.00000000	      0.00000000	      0.00000000	      0.00000000	      0.00000000	      0.00000000	      0.00000000	      0.00000000	      0.00000000	      0.00000000	      0.00000000	      0.00000000	      0.03121908	      0.00000000	      0.03325509	      0.00000000	     -0.01205703	      0.00000000	     -0.01837896	      0.00000000	     -0.04293596	      0.00000000	     -0.04129099	      0.00000000	      0.00000000	      0.00000000	      0.00000000	      0.00000000	      0.00000000	      0.00000000	      0.00000000	      0.00000000	      0.00000000	      0.00000000	      0.00000000	      0.00000000	      0.00000000	      0.00000000	      0.00000000	      0.00000000	      0.00000000	      0.00000000	      0.00000000	      0.00000000	      0.00000000	      0.00000000	     -0.00788239	      0.00000000	     -0.01060446	      0.00000000	      0.00000000	      0.00000000	      0.00000000	      0.00000000	      0.00000000	      0.00000000	      0.00000000	      0.00000000	      0.00000000	      0.00000000	      0.00000000	      0.00000000	     -0.04377296	      0.00000000	      0.00000000	      0.00000000	      0.03540813	      0.00000000	     -0.01266694	      0.00000000	      0.00000000	      0.00000000	      0.00000000	      0.00000000	      0.00000000
     17.00000000	    -27.97979790	      0.00000000	      0.00000000	      0.00000000	      0.00000000	      0.00000000	      0.00000000	      0.00000000	      0.00000000	      0.00000000	      0.00000000	      0.00000000	      0.00000000	      0.00000000	      0.00000000	      0.00000000	      0.00000000	      0.00000000	      0.03136943	      0.00000000	      0.03342448	      0.00000000	     -0.01196464	      0.00000000	     -0.01828247	      0.00000000	     -0.04308993	      0.00000000	     -0.04146783	      0.00000000	      0.00000000	      0.00000000	      0.00000000	      0.00000000	      0.00000000	      0.00000000	      0.00000000	      0.00000000	      0.00000000	      0.00000000	      0.00000000	      0.00000000	      0.00000000	      0.00000000	      0.00000000	      0.00000000	      0.00000000	      0.00000000	      0.00000000	      0.00000000	      0.00000000	      0.00000000	     -0.00784765	      0.00000000	     -0.01058203	      0.00000000	      0.00000000	      0.00000000	      0.00000000	      0.00000000	      0.00000000	      0.00000000	      0.00000000	      0.00000000	      0.00000000	      0.00000000	      0.00000000	      0.00000000	     -0.04384383	      0.00000000	      0.00000000	      0.00000000	      0.03563442	      0.00000000	     -0.01259036	      0.00000000	      0.00000000	      0.00000000	      0.00000000	      0.00000000	      0.00000000
     18.00000000	    -27.27272719	      0.00000000	      0.00000000	      0.00000000	      0.00000000	      0.00000000	      0.00000000	      0.00000000	      0.00000000	      0.00000000	      0.00000000	      0.00000000	      0.00000000	      0.00000000	      0.00000000	      0.00000000	      0.00000000	      0.00000000	      0.03151842	      0.00000000	      0.03359240	      0.00000000	     -0.01187142	      0.00000000	     -0.01818484	      0.00000000	     -0.04323664	      0.00000000	     -0.04163751	      0.00000000	      0.00000000	      0.00000000	      0.00000000	      0.00000000	      0.00000000	      0.00000000	      0.00000000	      0.00000000	      0.00000000	      0.00000000	      0.00000000	      0.00000000	      0.00000000	      0.00000000	      0.00000000	      0.00000000	      0.00000000	      0.00000000	      0.00000000	      0.00000000	      0.00000000	      0.00000000	     -0.00781224	      0.00000000	     -0.01055851	      0.00000000	      0.00000000	      0.00000000	      0.00000000	      0.00000000	      0.00000000	      0.00000000	      0.00000000	      0.00000000	      0.00000000	      0.00000000	      0.00000000	      0.00000000	     -0.04390767	      0.00000000	      0.00000000	      0.00000000	      0.03585868	      0.00000000	     -0.01251281	      0.00000000	      0.00000000	      0.00000000	      0.00000000	      0.00000000	      0.00000000
     19.00000000	    -26.56565648	      0.00000000	      0.00000000	      0.00000000	      0.00000000	      0.00000000	      0.00000000	      0.00000000	      0.00000000	      0.00000000	      0.00000000	      0.00000000	      0.00000000	      0.00000000	      0.00000000	      0.00000000	      0.00000000	      0.00000000	      0.03166602	      0.00000000	      0.03375886	      0.00000000	     -0.01177737	      0.00000000	     -0.01808606	      0.00000000	     -0.04337610	      0.00000000	     -0.04180004	      0.00000000	      0.00000000	      0.00000000	      0.00000000	      0.00000000	      0.00000000	      0.00000000	      0.00000000	      0.00000000	      0.00000000	      0.00000000	      0.00000000	      0.00000000	      0.00000000	      0.00000000	      0.00000000	      0.00000000	      0.00000000	      0.00000000	      0.00000000	      0.00000000	      0.00000000	      0.00000000	     -0.00777617	      0.00000000	     -0.01053391	      0.00000000	      0.00000000	      0.00000000	      0.00000000	      0.00000000	      0.00000000	      0.00000000	      0.00000000	      0.00000000	      0.00000000	      0.00000000	      0.00000000	      0.00000000	     -0.04396449	      0.00000000	      0.00000000	      0.00000000	      0.03608087	      0.00000000	     -0.01243431	      0.00000000	      0.00000000	      0.00000000	      0.00000000	      0.00000000	      0.00000000
     20.00000000	    -25.85858577	      0.00000000	      0.00000000	      0.00000000	      0.00000000	      0.00000000	      0.00000000	      0.00000000	      0.00000000	      0.00000000	      0.00000000	      0.00000000	      0.00000000	      0.00000000	      0.00000000	      0.00000000	      0.00000000	      0.00000000	      0.03181224	      0.00000000	      0.03392382	      0.00000000	     -0.01168251	      0.00000000	     -0.01798617	      0.00000000	     -0.04350831	      0.00000000	     -0.04195524	      0.00000000	      0.00000000	      0.00000000	      0.00000000	      0.00000000	      0.00000000	      0.00000000	      0.00000000	      0.00000000	      0.00000000	      0.00000000	      0.00000000	      0.00000000	      0.00000000	      0.00000000	      0.00000000	      0.00000000	      0.00000000	      0.00000000	      0.00000000	      0.00000000	      0.00000000	      0.00000000	     -0.00773944	      0.00000000	     -0.01050827	      0.00000000	      0.00000000	      0.00000000	      0.00000000	      0.00000000	      0.00000000	      0.00000000	      0.00000000	      0.00000000	      0.00000000	      0.00000000	      0.00000000	      0.00000000	     -0.04401434	      0.00000000	      0.00000000	      0.00000000	      0.03630097	      0.00000000	     -0.01235487	      0.00000000	      0.00000000	      0.00000000	      0.00000000	      0.00000000	      0.00000000
     21.00000000	    -25.15151506	      0.00000000	      0.00000000	      0.00000000	      0.00000000	      0.00000000	      0.00000000	      0.00000000	      0.00000000	      0.00000000	      0.00000000	      0.00000000	      0.00000000	      0.00000000	      0.00000000	      0.00000000	      0.00000000	      0.00000000	      0.03195705	      0.00000000	      0.03408729	      0.00000000	     -0.01158684	      0.00000000	     -0.01788517	      0.00000000	     -0.04363330	      0.00000000	     -0.04210350	      0.00000000	      0.00000000	      0.00000000	      0.00000000	      0.00000000	      0.00000000	      0.00000000	      0.00000000	      0.00000000	      0.00000000	      0.00000000	      0.00000000	      0.00000000	      0.00000000	      0.00000000	      0.00000000	      0.00000000	      0.00000000	      0.00000000	      0.00000000	      0.00000000	      0.00000000	      0.00000000	     -0.00770207	      0.00000000	     -0.01048160	      0.00000000	      0.00000000	      0.00000000	      0.00000000	      0.00000000	      0.00000000	      0.00000000	      0.00000000	      0.00000000	      0.00000000	      0.00000000	      0.00000000	      0.00000000	     -0.04405723	      0.00000000	      0.00000000	      0.00000000	      0.03651895	      0.00000000	     -0.01227450	      0.00000000	      0.00000000	      0.00000000	      0.00000000	      0.00000000	      0.00000000
     22.00000000	    -24.44444435	      0.00000000	      0.00000000	      0.00000000	      0.00000000	      0.00000000	      0.00000000	      0.00000000	      0.00000000	      0.00000000	      0.00000000	      0.00000000	      0.00000000	      0.00000000	      0.00000000	      0.00000000	      0.00000000	      0.00000000	      0.03210045	      0.00000000	      0.03424925	      0.00000000	     -0.01149038	      0.00000000	     -0.01778308	      0.00000000	     -0.04375108	      0.00000000	     -0.04224465	      0.00000000	      0.00000000	      0.00000000	      0.00000000	      0.00000000	      0.00000000	      0.00000000	      0.00000000	      0.00000000	      0.00000000	      0.00000000	      0.00000000	      0.00000000	      0.00000000	      0.00000000	      0.00000000	      0.00000000	      0.00000000	      0.00000000	      0.00000000	      0.00000000	      0.00000000	      0.00000000	     -0.00766407	      0.00000000	     -0.01045392	      0.00000000	      0.00000000	      0.00000000	      0.00000000	      0.00000000	      0.00000000	      0.00000000	      0.00000000	      0.00000000	      0.00000000	      0.00000000	      0.00000000	      0.00000000	     -0.04409320	      0.00000000	      0.00000000	      0.00000000	      0.03673479	      0.00000000	     -0.01219321	      0.00000000	      0.00000000	      0.00000000	      0.00000000	      0.00000000	      0.00000000
     23.00000000	    -23.73737364	      0.00000000	      0.00000000	      0.00000000	      0.00000000	      0.00000000	      0.00000000	      0.00000000	      0.00000000	      0.00000000	      0.00000000	      0.00000000	      0.00000000	      0.00000000	      0.00000000	      0.00000000	      0.00000000	      0.00000000	      0.03224242	      0.00000000	      0.03440968	      0.00000000	     -0.01139314	      0.00000000	     -0.01767992	      0.00000000	     -0.04386166	      0.00000000	     -0.04237868	      0.00000000	      0.00000000	      0.00000000	      0.00000000	      0.00000000	      0.00000000	      0.00000000	      0.00000000	      0.00000000	      0.00000000	      0.00000000	      0.00000000	      0.00000000	      0.00000000	      0.00000000	      0.00000000	      0.00000000	      0.00000000	      0.00000000	      0.00000000	      0.00000000	      0.00000000	      0.00000000	     -0.00762544	      0.00000000	     -0.01042525	      0.00000000	      0.00000000	      0.00000000	      0.00000000	      0.00000000	      0.00000000	      0.00000000	      0.00000000	      0.00000000	      0.00000000	      0.00000000	      0.00000000	      0.00000000	     -0.04412228	      0.00000000	      0.00000000	      0.00000000	      0.03694845	      0.00000000	     -0.01211102	      0.00000000	      0.00000000	      0.00000000	      0.00000000	      0.00000000	      0.00000000
     24.00000000	    -23.03030293	      0.00000000	      0.00000000	      0.00000000	      0.00000000	      0.00000000	      0.00000000	      0.00000000	      0.00000000	      0.00000000	      0.00000000	      0.00000000	      0.00000000	      0.00000000	      0.00000000	      0.00000000	      0.00000000	      0.00000000	      0.03238294	      0.00000000	      0.03456857	      0.00000000	     -0.01129513	      0.00000000	     -0.01757570	      0.00000000	     -0.04396495	      0.00000000	     -0.04250563	      0.00000000	      0.00000000	      0.00000000	      0.00000000	      0.00000000	      0.00000000	      0.00000000	      0.00000000	      0.00000000	      0.00000000	      0.00000000	      0.00000000	      0.00000000	      0.00000000	      0.00000000	      0.00000000	      0.00000000	      0.00000000	      0.00000000	      0.00000000	      0.00000000	      0.00000000	      0.00000000	     -0.00758620	      0.00000000	     -0.01039561	      0.00000000	      0.00000000	      0.00000000	      0.00000000	      0.00000000	      0.00000000	      0.00000000	      0.00000000	      0.00000000	      0.00000000	      0.00000000	      0.00000000	      0.00000000	     -0.04414450	      0.00000000	      0.00000000	      0.00000000	      0.03715991	      0.00000000	     -0.01202794	      0.00000000	      0.00000000	      0.00000000	      0.00000000	      0.00000000	      0.00000000
     25.00000000	    -22.32323223	      0.00000000	      0.00000000	      0.00000000	      0.00000000	      0.00000000	      0.00000000	      0.00000000	      0.00000000	      0.00000000	      0.00000000	      0.00000000	      0.00000000	      0.00000000	      0.00000000	      0.00000000	      0.00000000	      0.00000000	      0.03252201	      0.00000000	      0.03472590	      0.00000000	     -0.01119636	      0.00000000	     -0.01747043	      0.00000000	     -0.04406120	      0.00000000	     -0.04262532	      0.00000000	      0.00000000	      0.00000000	      0.00000000	      0.00000000	      0.00000000	      0.00000000	      0.00000000	      0.00000000	      0.00000000	      0.00000000	      0.00000000	      0.00000000	      0.00000000	      0.00000000	      0.00000000	      0.00000000	      0.00000000	      0.00000000	      0.00000000	      0.00000000	      0.00000000	      0.00000000	     -0.00754635	      0.00000000	     -0.01036503	      0.00000000	      0.00000000	      0.00000000	      0.00000000	      0.00000000	      0.00000000	      0.00000000	      0.00000000	      0.00000000	      0.00000000	      0.00000000	      0.00000000	      0.00000000	     -0.04415990	      0.00000000	      0.00000000	      0.00000000	      0.03736913	      0.00000000	     -0.01194399	      0.00000000	      0.00000000	      0.00000000	      0.00000000	      0.00000000	      0.00000000
     26.00000000	    -21.61616152	      0.00000000	      0.00000000	      0.00000000	      0.00000000	      0.00000000	      0.00000000	      0.00000000	      0.00000000	      0.00000000	      0.00000000	      0.00000000	      0.00000000	      0.00000000	      0.00000000	      0.00000000	      0.00000000	      0.00000000	      0.03265962	      0.00000000	      0.03488167	      0.00000000	     -0.01109685	      0.00000000	     -0.01736413	      0.00000000	     -0.04415031	      0.00000000	     -0.04273813	      0.00000000	      0.00000000	      0.00000000	      0.00000000	      0.00000000	      0.00000000	      0.00000000	      0.00000000	      0.00000000	      0.00000000	      0.00000000	      0.00000000	      0.00000000	      0.00000000	      0.00000000	      0.00000000	      0.00000000	      0.00000000	      0.00000000	      0.00000000	      0.00000000	      0.00000000	      0.00000000	     -0.00750590	      0.00000000	     -0.01033351	      0.00000000	      0.00000000	      0.00000000	      0.00000000	      0.00000000	      0.00000000	      0.00000000	      0.00000000	      0.00000000	      0.00000000	      0.00000000	      0.00000000	      0.00000000	     -0.04416851	      0.00000000	      0.00000000	      0.00000000	      0.03757609	      0.00000000	     -0.01185917	      0.00000000	      0.00000000	      0.00000000	      0.00000000	      0.00000000	      0.00000000
     27.00000000	    -20.90909081	      0.00000000	      0.00000000	      0.00000000	      0.00000000	      0.00000000	      0.00000000	      0.00000000	      0.00000000	      0.00000000	      0.00000000	      0.00000000	      0.00000000	      0.00000000	      0.00000000	      0.00000000	      0.00000000	      0.00000000	      0.03279573	      0.00000000	      0.03503585	      0.00000000	     -0.01099659	      0.00000000	     -0.01725681	      0.00000000	     -0.04423230	      0.00000000	     -0.04284391	      0.00000000	      0.00000000	      0.00000000	      0.00000000	      0.00000000	      0.00000000	      0.00000000	      0.00000000	      0.00000000	      0.00000000	      0.00000000	      0.00000000	      0.00000000	      0.00000000	      0.00000000	      0.00000000	      0.00000000	      0.00000000	      0.00000000	      0.00000000	      0.00000000	      0.00000000	      0.00000000	     -0.00746487	      0.00000000	     -0.01030108	      0.00000000	      0.00000000	      0.00000000	      0.00000000	      0.00000000	      0.00000000	      0.00000000	      0.00000000	      0.00000000	      0.00000000	      0.00000000	      0.00000000	      0.00000000	     -0.04417037	      0.00000000	      0.00000000	      0.00000000	      0.03778075	      0.00000000	     -0.01177350	      0.00000000	      0.00000000	      0.00000000	      0.00000000	      0.00000000	      0.00000000
     28.00000000	    -20.20202010	      0.00000000	      0.00000000	      0.00000000	      0.00000000	      0.00000000	      0.00000000	      0.00000000	      0.00000000	      0.00000000	      0.00000000	      0.00000000	      0.00000000	      0.00000000	      0.00000000	      0.00000000	      0.00000000	      0.00000000	      0.03293035	      0.00000000	      0.03518843	      0.00000000	     -0.01089561	      0.00000000	     -0.01714849	      0.00000000	     -0.04430720	      0.00000000	     -0.04294266	      0.00000000	      0.00000000	      0.00000000	      0.00000000	      0.00000000	      0.00000000	      0.00000000	      0.00000000	      0.00000000	      0.00000000	      0.00000000	      0.00000000	      0.00000000	      0.00000000	      0.00000000	      0.00000000	      0.00000000	      0.00000000	      0.00000000	      0.00000000	      0.00000000	      0.00000000	      0.00000000	     -0.00742325	      0.00000000	     -0.01026775	      0.00000000	      0.00000000	      0.00000000	      0.00000000	      0.00000000	      0.00000000	      0.00000000	      0.00000000	      0.00000000	      0.00000000	      0.00000000	      0.00000000	      0.00000000	     -0.04416550	      0.00000000	      0.00000000	      0.00000000	      0.03798308	      0.00000000	     -0.01168699	      0.00000000	      0.00000000	      0.00000000	      0.00000000	      0.00000000	      0.00000000
     29.00000000	    -19.49494939	      0.00000000	      0.00000000	      0.00000000	      0.00000000	      0.00000000	      0.00000000	      0.00000000	      0.00000000	      0.00000000	      0.00000000	      0.00000000	      0.00000000	      0.00000000	      0.00000000	      0.00000000	      0.00000000	      0.00000000	      0.03306346	      0.00000000	      0.03533939	      0.00000000	     -0.01079391	      0.00000000	     -0.01703917	      0.00000000	     -0.04437502	      0.00000000	     -0.04303442	      0.00000000	      0.00000000	      0.00000000	      0.00000000	      0.00000000	      0.00000000	      0.00000000	      0.00000000	      0.00000000	      0.00000000	      0.00000000	      0.00000000	      0.00000000	      0.00000000	      0.00000000	      0.00000000	      0.00000000	      0.00000000	      0.00000000	      0.00000000	      0.00000000	      0.00000000	      0.00000000	     -0.00738107	      0.00000000	     -0.01023354	      0.00000000	      0.00000000	      0.00000000	      0.00000000	      0.00000000	      0.00000000	      0.00000000	      0.00000000	      0.00000000	      0.00000000	      0.00000000	      0.00000000	      0.00000000	     -0.04415396	      0.00000000	      0.00000000	      0.00000000	      0.03818305	      0.00000000	     -0.01159965	      0.00000000	      0.00000000	      0.00000000	      0.00000000	      0.00000000	      0.00000000
     30.00000000	    -18.78787868	      0.00000000	      0.00000000	      0.00000000	      0.00000000	      0.00000000	      0.00000000	      0.00000000	      0.00000000	      0.00000000	      0.00000000	      0.00000000	      0.00000000	      0.00000000	      0.00000000	      0.00000000	      0.00000000	      0.00000000	      0.03319504	      0.00000000	      0.03548872	      0.00000000	     -0.01069151	      0.00000000	     -0.01692888	      0.00000000	     -0.04443579	      0.00000000	     -0.04311902	      0.00000000	      0.00000000	      0.00000000	      0.00000000	      0.00000000	      0.00000000	      0.00000000	      0.00000000	      0.00000000	      0.00000000	      0.00000000	      0.00000000	      0.00000000	      0.00000000	      0.00000000	      0.00000000	      0.00000000	      0.00000000	      0.00000000	      0.00000000	      0.00000000	      0.00000000	      0.00000000	     -0.00733832	      0.00000000	     -0.01019846	      0.00000000	      0.00000000	      0.00000000	      0.00000000	      0.00000000	      0.00000000	      0.00000000	      0.00000000	      0.00000000	      0.00000000	      0.00000000	      0.00000000	      0.00000000	     -0.04413577	      0.00000000	      0.00000000	      0.00000000	      0.03838063	      0.00000000	     -0.01151149	      0.00000000	      0.00000000	      0.00000000	      0.00000000	      0.00000000	      0.00000000
     31.00000000	    -18.08080797	      0.00000000	      0.00000000	      0.00000000	      0.00000000	      0.00000000	      0.00000000	      0.00000000	      0.00000000	      0.00000000	      0.00000000	      0.00000000	      0.00000000	      0.00000000	      0.00000000	      0.00000000	      0.00000000	      0.00000000	      0.03332507	      0.00000000	      0.03563641	      0.00000000	     -0.01058841	      0.00000000	     -0.01681762	      0.00000000	     -0.04448955	      0.00000000	     -0.04319684	      0.00000000	      0.00000000	      0.00000000	      0.00000000	      0.00000000	      0.00000000	      0.00000000	      0.00000000	      0.00000000	      0.00000000	      0.00000000	      0.00000000	      0.00000000	      0.00000000	      0.00000000	      0.00000000	      0.00000000	      0.00000000	      0.00000000	      0.00000000	      0.00000000	      0.00000000	      0.00000000	     -0.00729501	      0.00000000	     -0.01016253	      0.00000000	      0.00000000	      0.00000000	      0.00000000	      0.00000000	      0.00000000	      0.00000000	      0.00000000	      0.00000000	      0.00000000	      0.00000000	      0.00000000	      0.00000000	     -0.04411097	      0.00000000	      0.00000000	      0.00000000	      0.03857577	      0.00000000	     -0.01142253	      0.00000000	      0.00000000	      0.00000000	      0.00000000	      0.00000000	      0.00000000
     32.00000000	    -17.37373726	      0.00000000	      0.00000000	      0.00000000	      0.00000000	      0.00000000	      0.00000000	      0.00000000	      0.00000000	      0.00000000	      0.00000000	      0.00000000	      0.00000000	      0.00000000	      0.00000000	      0.00000000	      0.00000000	      0.00000000	      0.03345355	      0.00000000	      0.03578242	      0.00000000	     -0.01048462	      0.00000000	     -0.01670540	      0.00000000	     -0.04453630	      0.00000000	     -0.04326772	      0.00000000	      0.00000000	      0.00000000	      0.00000000	      0.00000000	      0.00000000	      0.00000000	      0.00000000	      0.00000000	      0.00000000	      0.00000000	      0.00000000	      0.00000000	      0.00000000	      0.00000000	      0.00000000	      0.00000000	      0.00000000	      0.00000000	      0.00000000	      0.00000000	      0.00000000	      0.00000000	     -0.00725116	      0.00000000	     -0.01012577	      0.00000000	      0.00000000	      0.00000000	      0.00000000	      0.00000000	      0.00000000	      0.00000000	      0.00000000	      0.00000000	      0.00000000	      0.00000000	      0.00000000	      0.00000000	     -0.04407960	      0.00000000	      0.00000000	      0.00000000	      0.03876845	      0.00000000	     -0.01133277	      0.00000000	      0.00000000	      0.00000000	      0.00000000	      0.00000000	      0.00000000
     33.00000000	    -16.66666655	      0.00000000	      0.00000000	      0.00000000	      0.00000000	      0.00000000	      0.00000000	      0.00000000	      0.00000000	      0.00000000	      0.00000000	      0.00000000	      0.00000000	      0.00000000	      0.00000000	      0.00000000	      0.00000000	      0.00000000	      0.03358044	      0.00000000	      0.03592676	      0.00000000	     -0.01038016	      0.00000000	     -0.01659225	      0.00000000	     -0.04457609	      0.00000000	     -0.04333170	      0.00000000	      0.00000000	      0.00000000	      0.00000000	      0.00000000	      0.00000000	      0.00000000	      0.00000000	      0.00000000	      0.00000000	      0.00000000	      0.00000000	      0.00000000	      0.00000000	      0.00000000	      0.00000000	      0.00000000	      0.00000000	      0.00000000	      0.00000000	      0.00000000	      0.00000000	      0.00000000	     -0.00720677	      0.00000000	     -0.01008819	      0.00000000	      0.00000000	      0.00000000	      0.00000000	      0.00000000	      0.00000000	      0.00000000	      0.00000000	      0.00000000	      0.00000000	      0.00000000	      0.00000000	      0.00000000	     -0.04404170	      0.00000000	      0.00000000	      0.00000000	      0.03895863	      0.00000000	     -0.01124224	      0.00000000	      0.00000000	      0.00000000	      0.00000000	      0.00000000	      0.00000000
     34.00000000	    -15.95959584	      0.00000000	      0.00000000	      0.00000000	      0.00000000	      0.00000000	      0.00000000	      0.00000000	      0.00000000	      0.00000000	      0.00000000	      0.00000000	      0.00000000	      0.00000000	      0.00000000	      0.00000000	      0.00000000	      0.00000000	      0.03370574	      0.00000000	      0.03606939	      0.00000000	     -0.01027504	      0.00000000	     -0.01647816	      0.00000000	     -0.04460893	      0.00000000	     -0.04338879	      0.00000000	      0.00000000	      0.00000000	      0.00000000	      0.00000000	      0.00000000	      0.00000000	      0.00000000	      0.00000000	      0.00000000	      0.00000000	      0.00000000	      0.00000000	      0.00000000	      0.00000000	      0.00000000	      0.00000000	      0.00000000	      0.00000000	      0.00000000	      0.00000000	      0.00000000	      0.00000000	     -0.00716185	      0.00000000	     -0.01004980	      0.00000000	      0.00000000	      0.00000000	      0.00000000	      0.00000000	      0.00000000	      0.00000000	      0.00000000	      0.00000000	      0.00000000	      0.00000000	      0.00000000	      0.00000000	     -0.04399731	      0.00000000	      0.00000000	      0.00000000	      0.03914627	      0.00000000	     -0.01115093	      0.00000000	      0.00000000	      0.00000000	      0.00000000	      0.00000000	      0.00000000
     35.00000000	    -15.25252513	      0.00000000	      0.00000000	      0.00000000	      0.00000000	      0.00000000	      0.00000000	      0.00000000	      0.00000000	      0.00000000	      0.00000000	      0.00000000	      0.00000000	      0.00000000	      0.00000000	      0.00000000	      0.00000000	      0.00000000	      0.03382943	      0.00000000	      0.03621030	      0.00000000	     -0.01016925	      0.00000000	     -0.01636316	      0.00000000	     -0.04463486	      0.00000000	     -0.04343884	      0.00000000	      0.00000000	      0.00000000	      0.00000000	      0.00000000	      0.00000000	      0.00000000	      0.00000000	      0.00000000	      0.00000000	      0.00000000	      0.00000000	      0.00000000	      0.00000000	      0.00000000	      0.00000000	      0.00000000	      0.00000000	      0.00000000	      0.00000000	      0.00000000	      0.00000000	      0.00000000	     -0.00711641	      0.00000000	     -0.01001062	      0.00000000	      0.00000000	      0.00000000	      0.00000000	      0.00000000	      0.00000000	      0.00000000	      0.00000000	      0.00000000	      0.00000000	      0.00000000	      0.00000000	      0.00000000	     -0.04394647	      0.00000000	      0.00000000	      0.00000000	      0.03933134	      0.00000000	     -0.01105886	      0.00000000	      0.00000000	      0.00000000	      0.00000000	      0.00000000	      0.00000000
     36.00000000	    -14.54545442	      0.00000000	      0.00000000	      0.00000000	      0.00000000	      0.00000000	      0.00000000	      0.00000000	      0.00000000	      0.00000000	      0.00000000	      0.00000000	      0.00000000	      0.00000000	      0.00000000	      0.00000000	      0.00000000	      0.00000000	      0.03395149	      0.00000000	      0.03634947	      0.00000000	     -0.01006282	      0.00000000	     -0.01624725	      0.00000000	     -0.04465383	      0.00000000	     -0.04348225	      0.00000000	      0.00000000	      0.00000000	      0.00000000	      0.00000000	      0.00000000	      0.00000000	      0.00000000	      0.00000000	      0.00000000	      0.00000000	      0.00000000	      0.00000000	      0.00000000	      0.00000000	      0.00000000	      0.00000000	      0.00000000	      0.00000000	      0.00000000	      0.00000000	      0.00000000	      0.00000000	     -0.00707045	      0.00000000	     -0.00997066	      0.00000000	      0.00000000	      0.00000000	      0.00000000	      0.00000000	      0.00000000	      0.00000000	      0.00000000	      0.00000000	      0.00000000	      0.00000000	      0.00000000	      0.00000000	     -0.04388922	      0.00000000	      0.00000000	      0.00000000	      0.03951379	      0.00000000	     -0.01096604	      0.00000000	      0.00000000	      0.00000000	      0.00000000	      0.00000000	      0.00000000
     37.00000000	    -13.83838372	      0.00000000	      0.00000000	      0.00000000	      0.00000000	      0.00000000	      0.00000000	      0.00000000	      0.00000000	      0.00000000	      0.00000000	      0.00000000	      0.00000000	      0.00000000	      0.00000000	      0.00000000	      0.00000000	      0.00000000	      0.03407189	      0.00000000	      0.03648687	      0.00000000	     -0.00995576	      0.00000000	     -0.01613045	      0.00000000	     -0.04466603	      0.00000000	     -0.04351885	      0.00000000	      0.00000000	      0.00000000	      0.00000000	      0.00000000	      0.00000000	      0.00000000	      0.00000000	      0.00000000	      0.00000000	      0.00000000	      0.00000000	      0.00000000	      0.00000000	      0.00000000	      0.00000000	      0.00000000	      0.00000000	      0.00000000	      0.00000000	      0.00000000	      0.00000000	      0.00000000	     -0.00702398	      0.00000000	     -0.00992993	      0.00000000	      0.00000000	      0.00000000	      0.00000000	      0.00000000	      0.00000000	      0.00000000	      0.00000000	      0.00000000	      0.00000000	      0.00000000	      0.00000000	      0.00000000	     -0.04382560	      0.00000000	      0.00000000	      0.00000000	      0.03969358	      0.00000000	     -0.01087248	      0.00000000	      0.00000000	      0.00000000	      0.00000000	      0.00000000	      0.00000000
     38.00000000	    -13.13131301	      0.00000000	      0.00000000	      0.00000000	      0.00000000	      0.00000000	      0.00000000	      0.00000000	      0.00000000	      0.00000000	      0.00000000	      0.00000000	      0.00000000	      0.00000000	      0.00000000	      0.00000000	      0.00000000	      0.00000000	      0.03419062	      0.00000000	      0.03662250	      0.00000000	     -0.00984807	      0.00000000	     -0.01601276	      0.00000000	     -0.04467140	      0.00000000	     -0.04354867	      0.00000000	      0.00000000	      0.00000000	      0.00000000	      0.00000000	      0.00000000	      0.00000000	      0.00000000	      0.00000000	      0.00000000	      0.00000000	      0.00000000	      0.00000000	      0.00000000	      0.00000000	      0.00000000	      0.00000000	      0.00000000	      0.00000000	      0.00000000	      0.00000000	      0.00000000	      0.00000000	     -0.00697701	      0.00000000	     -0.00988845	      0.00000000	      0.00000000	      0.00000000	      0.00000000	      0.00000000	      0.00000000	      0.00000000	      0.00000000	      0.00000000	      0.00000000	      0.00000000	      0.00000000	      0.00000000	     -0.04375565	      0.00000000	      0.00000000	      0.00000000	      0.03987067	      0.00000000	     -0.01077819	      0.00000000	      0.00000000	      0.00000000	      0.00000000	      0.00000000	      0.00000000
     39.00000000	    -12.42424230	      0.00000000	      0.00000000	      0.00000000	      0.00000000	      0.00000000	      0.00000000	      0.00000000	      0.00000000	      0.00000000	      0.00000000	      0.00000000	      0.00000000	      0.00000000	      0.00000000	      0.00000000	      0.00000000	      0.00000000	      0.03430766	      0.00000000	      0.03675633	      0.00000000	     -0.00973976	      0.00000000	     -0.01589420	      0.00000000	     -0.04466998	      0.00000000	     -0.04357175	      0.00000000	      0.00000000	      0.00000000	      0.00000000	      0.00000000	      0.00000000	      0.00000000	      0.00000000	      0.00000000	      0.00000000	      0.00000000	      0.00000000	      0.00000000	      0.00000000	      0.00000000	      0.00000000	      0.00000000	      0.00000000	      0.00000000	      0.00000000	      0.00000000	      0.00000000	      0.00000000	     -0.00692954	      0.00000000	     -0.00984623	      0.00000000	      0.00000000	      0.00000000	      0.00000000	      0.00000000	      0.00000000	      0.00000000	      0.00000000	      0.00000000	      0.00000000	      0.00000000	      0.00000000	      0.00000000	     -0.04367942	      0.00000000	      0.00000000	      0.00000000	      0.04004503	      0.00000000	     -0.01068319	      0.00000000	      0.00000000	      0.00000000	      0.00000000	      0.00000000	      0.00000000
     40.00000000	    -11.71717159	      0.00000000	      0.00000000	      0.00000000	      0.00000000	      0.00000000	      0.00000000	      0.00000000	      0.00000000	      0.00000000	      0.00000000	      0.00000000	      0.00000000	      0.00000000	      0.00000000	      0.00000000	      0.00000000	      0.00000000	      0.03442299	      0.00000000	      0.03688833	      0.00000000	     -0.00963084	      0.00000000	     -0.01577478	      0.00000000	     -0.04466180	      0.00000000	     -0.04358794	      0.00000000	      0.00000000	      0.00000000	      0.00000000	      0.00000000	      0.00000000	      0.00000000	      0.00000000	      0.00000000	      0.00000000	      0.00000000	      0.00000000	      0.00000000	      0.00000000	      0.00000000	      0.00000000	      0.00000000	      0.00000000	      0.00000000	      0.00000000	      0.00000000	      0.00000000	      0.00000000	     -0.00688159	      0.00000000	     -0.00980327	      0.00000000	      0.00000000	      0.00000000	      0.00000000	      0.00000000	      0.00000000	      0.00000000	      0.00000000	      0.00000000	      0.00000000	      0.00000000	      0.00000000	      0.00000000	     -0.04359695	      0.00000000	      0.00000000	      0.00000000	      0.04021660	      0.00000000	     -0.01058747	      0.00000000	      0.00000000	      0.00000000	      0.00000000	      0.00000000	      0.00000000
     41.00000000	    -11.01010088	      0.00000000	      0.00000000	      0.00000000	      0.00000000	      0.00000000	      0.00000000	      0.00000000	      0.00000000	      0.00000000	      0.00000000	      0.00000000	      0.00000000	      0.00000000	      0.00000000	      0.00000000	      0.00000000	      0.00000000	      0.03453658	      0.00000000	      0.03701848	      0.00000000	     -0.00952132	      0.00000000	     -0.01565451	      0.00000000	     -0.04464690	      0.00000000	     -0.04359763	      0.00000000	      0.00000000	      0.00000000	      0.00000000	      0.00000000	      0.00000000	      0.00000000	      0.00000000	      0.00000000	      0.00000000	      0.00000000	      0.00000000	      0.00000000	      0.00000000	      0.00000000	      0.00000000	      0.00000000	      0.00000000	      0.00000000	      0.00000000	      0.00000000	      0.00000000	      0.00000000	     -0.00683315	      0.00000000	     -0.00975960	      0.00000000	      0.00000000	      0.00000000	      0.00000000	      0.00000000	      0.00000000	      0.00000000	      0.00000000	      0.00000000	      0.00000000	      0.00000000	      0.00000000	      0.00000000	     -0.04350827	      0.00000000	      0.00000000	      0.00000000	      0.04038534	      0.00000000	     -0.01049106	      0.00000000	      0.00000000	      0.00000000	      0.00000000	      0.00000000	      0.00000000
     42.00000000	    -10.30303017	      0.00000000	      0.00000000	      0.00000000	      0.00000000	      0.00000000	      0.00000000	      0.00000000	      0.00000000	      0.00000000	      0.00000000	      0.00000000	      0.00000000	      0.00000000	      0.00000000	      0.00000000	      0.00000000	      0.00000000	      0.03464841	      0.00000000	      0.03714676	      0.00000000	     -0.00941122	      0.00000000	     -0.01553340	      0.00000000	     -0.04462531	      0.00000000	     -0.04360066	      0.00000000	      0.00000000	      0.00000000	      0.00000000	      0.00000000	      0.00000000	      0.00000000	      0.00000000	      0.00000000	      0.00000000	      0.00000000	      0.00000000	      0.00000000	      0.00000000	      0.00000000	      0.00000000	      0.00000000	      0.00000000	      0.00000000	      0.00000000	      0.00000000	      0.00000000	      0.00000000	     -0.00678425	      0.00000000	     -0.00971522	      0.00000000	      0.00000000	      0.00000000	      0.00000000	      0.00000000	      0.00000000	      0.00000000	      0.00000000	      0.00000000	      0.00000000	      0.00000000	      0.00000000	      0.00000000	     -0.04341344	      0.00000000	      0.00000000	      0.00000000	      0.04055122	      0.00000000	     -0.01039396	      0.00000000	      0.00000000	      0.00000000	      0.00000000	      0.00000000	      0.00000000
     43.00000000	     -9.59595946	      0.00000000	      0.00000000	      0.00000000	      0.00000000	      0.00000000	      0.00000000	      0.00000000	      0.00000000	      0.00000000	      0.00000000	      0.00000000	      0.00000000	      0.00000000	      0.00000000	      0.00000000	      0.00000000	      0.00000000	      0.03475845	      0.00000000	      0.03727314	      0.00000000	     -0.00930053	      0.00000000	     -0.01541147	      0.00000000	     -0.04459706	      0.00000000	     -0.04359707	      0.00000000	      0.00000000	      0.00000000	      0.00000000	      0.00000000	      0.00000000	      0.00000000	      0.00000000	      0.00000000	      0.00000000	      0.00000000	      0.00000000	      0.00000000	      0.00000000	      0.00000000	      0.00000000	      0.00000000	      0.00000000	      0.00000000	      0.00000000	      0.00000000	      0.00000000	      0.00000000	     -0.00673487	      0.00000000	     -0.00967015	      0.00000000	      0.00000000	      0.00000000	      0.00000000	      0.00000000	      0.00000000	      0.00000000	      0.00000000	      0.00000000	      0.00000000	      0.00000000	      0.00000000	      0.00000000	     -0.04331250	      0.00000000	      0.00000000	      0.00000000	      0.04071416	      0.00000000	     -0.01029618	      0.00000000	      0.00000000	      0.00000000	      0.00000000	      0.00000000	      0.00000000
     44.00000000	     -8.88888875	      0.00000000	      0.00000000	      0.00000000	      0.00000000	      0.00000000	      0.00000000	      0.00000000	      0.00000000	      0.00000000	      0.00000000	      0.00000000	      0.00000000	      0.00000000	      0.00000000	      0.00000000	      0.00000000	      0.00000000	      0.03486668	      0.00000000	      0.03739760	      0.00000000	     -0.00918927	      0.00000000	     -0.01528871	      0.00000000	     -0.04456219	      0.00000000	     -0.04358690	      0.00000000	      0.00000000	      0.00000000	      0.00000000	      0.00000000	      0.00000000	      0.00000000	      0.00000000	      0.00000000	      0.00000000	      0.00000000	      0.00000000	      0.00000000	      0.00000000	      0.00000000	      0.00000000	      0.00000000	      0.00000000	      0.00000000	      0.00000000	      0.00000000	      0.00000000	      0.00000000	     -0.00668503	      0.00000000	     -0.00962439	      0.00000000	      0.00000000	      0.00000000	      0.00000000	      0.00000000	      0.00000000	      0.00000000	      0.00000000	      0.00000000	      0.00000000	      0.00000000	      0.00000000	      0.00000000	     -0.04320548	      0.00000000	      0.00000000	      0.00000000	      0.04087414	      0.00000000	     -0.01019774	      0.00000000	      0.00000000	      0.00000000	      0.00000000	      0.00000000	      0.00000000
     45.00000000	     -8.18181804	      0.00000000	      0.00000000	      0.00000000	      0.00000000	      0.00000000	      0.00000000	      0.00000000	      0.00000000	      0.00000000	      0.00000000	      0.00000000	      0.00000000	      0.00000000	      0.00000000	      0.00000000	      0.00000000	      0.00000000	      0.03497308	      0.00000000	      0.03752011	      0.00000000	     -0.00907745	      0.00000000	     -0.01516515	      0.00000000	     -0.04452074	      0.00000000	     -0.04357017	      0.00000000	      0.00000000	      0.00000000	      0.00000000	      0.00000000	      0.00000000	      0.00000000	      0.00000000	      0.00000000	      0.00000000	      0.00000000	      0.00000000	      0.00000000	      0.00000000	      0.00000000	      0.00000000	      0.00000000	      0.00000000	      0.00000000	      0.00000000	      0.00000000	      0.00000000	      0.00000000	     -0.00663474	      0.00000000	     -0.00957795	      0.00000000	      0.00000000	      0.00000000	      0.00000000	      0.00000000	      0.00000000	      0.00000000	      0.00000000	      0.00000000	      0.00000000	      0.00000000	      0.00000000	      0.00000000	     -0.04309245	      0.00000000	      0.00000000	      0.00000000	      0.04103110	      0.00000000	     -0.01009863	      0.00000000	      0.00000000	      0.00000000	      0.00000000	      0.00000000	      0.00000000
     46.00000000	     -7.47474733	      0.00000000	      0.00000000	      0.00000000	      0.00000000	      0.00000000	      0.00000000	      0.00000000	      0.00000000	      0.00000000	      0.00000000	      0.00000000	      0.00000000	      0.00000000	      0.00000000	      0.00000000	      0.00000000	      0.00000000	      0.03507760	      0.00000000	      0.03764064	      0.00000000	     -0.00896508	      0.00000000	     -0.01504078	      0.00000000	     -0.04447275	      0.00000000	     -0.04354677	      0.00000000	      0.00000000	      0.00000000	      0.00000000	      0.00000000	      0.00000000	      0.00000000	      0.00000000	      0.00000000	      0.00000000	      0.00000000	      0.00000000	      0.00000000	      0.00000000	      0.00000000	      0.00000000	      0.00000000	      0.00000000	      0.00000000	      0.00000000	      0.00000000	      0.00000000	      0.00000000	     -0.00658400	      0.00000000	     -0.00953085	      0.00000000	      0.00000000	      0.00000000	      0.00000000	      0.00000000	      0.00000000	      0.00000000	      0.00000000	      0.00000000	      0.00000000	      0.00000000	      0.00000000	      0.00000000	     -0.04297344	      0.00000000	      0.00000000	      0.00000000	      0.04118499	      0.00000000	     -0.00999888	      0.00000000	      0.00000000	      0.00000000	      0.00000000	      0.00000000	      0.00000000
     47.00000000	     -6.76767662	      0.00000000	      0.00000000	      0.00000000	      0.00000000	      0.00000000	      0.00000000	      0.00000000	      0.00000000	      0.00000000	      0.00000000	      0.00000000	      0.00000000	      0.00000000	      0.00000000	      0.00000000	      0.00000000	      0.00000000	      0.03518023	      0.00000000	      0.03775916	      0.00000000	     -0.00885216	      0.00000000	     -0.01491563	      0.00000000	     -0.04441824	      0.00000000	     -0.04351705	      0.00000000	      0.00000000	      0.00000000	      0.00000000	      0.00000000	      0.00000000	      0.00000000	      0.00000000	      0.00000000	      0.00000000	      0.00000000	      0.00000000	      0.00000000	      0.00000000	      0.00000000	      0.00000000	      0.00000000	      0.00000000	      0.00000000	      0.00000000	      0.00000000	      0.00000000	      0.00000000	     -0.00653282	      0.00000000	     -0.00948309	      0.00000000	      0.00000000	      0.00000000	      0.00000000	      0.00000000	      0.00000000	      0.00000000	      0.00000000	      0.00000000	      0.00000000	      0.00000000	      0.00000000	      0.00000000	     -0.04284849	      0.00000000	      0.00000000	      0.00000000	      0.04133575	      0.00000000	     -0.00989849	      0.00000000	      0.00000000	      0.00000000	      0.00000000	      0.00000000	      0.00000000
     48.00000000	     -6.06060591	      0.00000000	      0.00000000	      0.00000000	      0.00000000	      0.00000000	      0.00000000	      0.00000000	      0.00000000	      0.00000000	      0.00000000	      0.00000000	      0.00000000	      0.00000000	      0.00000000	      0.00000000	      0.00000000	      0.00000000	      0.03528094	      0.00000000	      0.03787564	      0.00000000	     -0.00873870	      0.00000000	     -0.01478970	      0.00000000	     -0.04435727	      0.00000000	     -0.04348089	      0.00000000	      0.00000000	      0.00000000	      0.00000000	      0.00000000	      0.00000000	      0.00000000	      0.00000000	      0.00000000	      0.00000000	      0.00000000	      0.00000000	      0.00000000	      0.00000000	      0.00000000	      0.00000000	      0.00000000	      0.00000000	      0.00000000	      0.00000000	      0.00000000	      0.00000000	      0.00000000	     -0.00648120	      0.00000000	     -0.00943469	      0.00000000	      0.00000000	      0.00000000	      0.00000000	      0.00000000	      0.00000000	      0.00000000	      0.00000000	      0.00000000	      0.00000000	      0.00000000	      0.00000000	      0.00000000	     -0.04271766	      0.00000000	      0.00000000	      0.00000000	      0.04148332	      0.00000000	     -0.00979746	      0.00000000	      0.00000000	      0.00000000	      0.00000000	      0.00000000	      0.00000000
     49.00000000	     -5.35353521	      0.00000000	      0.00000000	      0.00000000	      0.00000000	      0.00000000	      0.00000000	      0.00000000	      0.00000000	      0.00000000	      0.00000000	      0.00000000	      0.00000000	      0.00000000	      0.00000000	      0.00000000	      0.00000000	      0.00000000	      0.03537968	      0.00000000	      0.03799006	      0.00000000	     -0.00862472	      0.00000000	     -0.01466301	      0.00000000	     -0.04428986	      0.00000000	     -0.04343832	      0.00000000	      0.00000000	      0.00000000	      0.00000000	      0.00000000	      0.00000000	      0.00000000	      0.00000000	      0.00000000	      0.00000000	      0.00000000	      0.00000000	      0.00000000	      0.00000000	      0.00000000	      0.00000000	      0.00000000	      0.00000000	      0.00000000	      0.00000000	      0.00000000	      0.00000000	      0.00000000	     -0.00642916	      0.00000000	     -0.00938565	      0.00000000	      0.00000000	      0.00000000	      0.00000000	      0.00000000	      0.00000000	      0.00000000	      0.00000000	      0.00000000	      0.00000000	      0.00000000	      0.00000000	      0.00000000	     -0.04258098	      0.00000000	      0.00000000	      0.00000000	      0.04162766	      0.00000000	     -0.00969582	      0.00000000	      0.00000000	      0.00000000	      0.00000000	      0.00000000	      0.00000000
     50.00000000	     -4.64646450	      0.00000000	      0.00000000	      0.00000000	      0.00000000	      0.00000000	      0.00000000	      0.00000000	      0.00000000	      0.00000000	      0.00000000	      0.00000000	      0.00000000	      0.00000000	      0.00000000	      0.00000000	      0.00000000	      0.00000000	      0.03547643	      0.00000000	      0.03810236	      0.00000000	     -0.00851022	      0.00000000	     -0.01453555	      0.00000000	     -0.04421606	      0.00000000	     -0.04338937	      0.00000000	      0.00000000	      0.00000000	      0.00000000	      0.00000000	      0.00000000	      0.00000000	      0.00000000	      0.00000000	      0.00000000	      0.00000000	      0.00000000	      0.00000000	      0.00000000	      0.00000000	      0.00000000	      0.00000000	      0.00000000	      0.00000000	      0.00000000	      0.00000000	      0.00000000	      0.00000000	     -0.00637669	      0.00000000	     -0.00933599	      0.00000000	      0.00000000	      0.00000000	      0.00000000	      0.00000000	      0.00000000	      0.00000000	      0.00000000	      0.00000000	      0.00000000	      0.00000000	      0.00000000	      0.00000000	     -0.04243851	      0.00000000	      0.00000000	      0.00000000	      0.04176870	      0.00000000	     -0.00959357	      0.00000000	      0.00000000	      0.00000000	      0.00000000	      0.00000000	      0.00000000
     51.00000000	     -3.93939379	      0.00000000	      0.00000000	      0.00000000	      0.00000000	      0.00000000	      0.00000000	      0.00000000	      0.00000000	      0.00000000	      0.00000000	      0.00000000	      0.00000000	      0.00000000	      0.00000000	      0.00000000	      0.00000000	      0.00000000	      0.03557114	      0.00000000	      0.03821253	      0.00000000	     -0.00839521	      0.00000000	     -0.01440735	      0.00000000	     -0.04413590	      0.00000000	     -0.04333409	      0.00000000	      0.00000000	      0.00000000	      0.00000000	      0.00000000	      0.00000000	      0.00000000	      0.00000000	      0.00000000	      0.00000000	      0.00000000	      0.00000000	      0.00000000	      0.00000000	      0.00000000	      0.00000000	      0.00000000	      0.00000000	      0.00000000	      0.00000000	      0.00000000	      0.00000000	      0.00000000	     -0.00632380	      0.00000000	     -0.00928571	      0.00000000	      0.00000000	      0.00000000	      0.00000000	      0.00000000	      0.00000000	      0.00000000	      0.00000000	      0.00000000	      0.00000000	      0.00000000	      0.00000000	      0.00000000	     -0.04229029	      0.00000000	      0.00000000	      0.00000000	      0.04190638	      0.00000000	     -0.00949071	      0.00000000	      0.00000000	      0.00000000	      0.00000000	      0.00000000	      0.00000000
     52.00000000	     -3.23232308	      0.00000000	      0.00000000	      0.00000000	      0.00000000	      0.00000000	      0.00000000	      0.00000000	      0.00000000	      0.00000000	      0.00000000	      0.00000000	      0.00000000	      0.00000000	      0.00000000	      0.00000000	      0.00000000	      0.00000000	      0.03566379	      0.00000000	      0.03832051	      0.00000000	     -0.00827970	      0.00000000	     -0.01427841	      0.00000000	     -0.04404943	      0.00000000	     -0.04327237	      0.00000000	      0.00000000	      0.00000000	      0.00000000	      0.00000000	      0.00000000	      0.00000000	      0.00000000	      0.00000000	      0.00000000	      0.00000000	      0.00000000	      0.00000000	      0.00000000	      0.00000000	      0.00000000	      0.00000000	      0.00000000	      0.00000000	      0.00000000	      0.00000000	      0.00000000	      0.00000000	     -0.00627050	      0.00000000	     -0.00923482	      0.00000000	      0.00000000	      0.00000000	      0.00000000	      0.00000000	      0.00000000	      0.00000000	      0.00000000	      0.00000000	      0.00000000	      0.00000000	      0.00000000	      0.00000000	     -0.04213637	      0.00000000	      0.00000000	      0.00000000	      0.04204064	      0.00000000	     -0.00938726	      0.00000000	      0.00000000	      0.00000000	      0.00000000	      0.00000000	      0.00000000
     53.00000000	     -2.52525237	      0.00000000	      0.00000000	      0.00000000	      0.00000000	      0.00000000	      0.00000000	      0.00000000	      0.00000000	      0.00000000	      0.00000000	      0.00000000	      0.00000000	      0.00000000	      0.00000000	      0.00000000	      0.00000000	      0.00000000	      0.03575433	      0.00000000	      0.03842628	      0.00000000	     -0.00816370	      0.00000000	     -0.01414873	      0.00000000	     -0.04395670	      0.00000000	     -0.04320455	      0.00000000	      0.00000000	      0.00000000	      0.00000000	      0.00000000	      0.00000000	      0.00000000	      0.00000000	      0.00000000	      0.00000000	      0.00000000	      0.00000000	      0.00000000	      0.00000000	      0.00000000	      0.00000000	      0.00000000	      0.00000000	      0.00000000	      0.00000000	      0.00000000	      0.00000000	      0.00000000	     -0.00621679	      0.00000000	     -0.00918333	      0.00000000	      0.00000000	      0.00000000	      0.00000000	      0.00000000	      0.00000000	      0.00000000	      0.00000000	      0.00000000	      0.00000000	      0.00000000	      0.00000000	      0.00000000	     -0.04197680	      0.00000000	      0.00000000	      0.00000000	      0.04217141	      0.00000000	     -0.00928322	      0.00000000	      0.00000000	      0.00000000	      0.00000000	      0.00000000	      0.00000000
     54.00000000	     -1.81818166	      0.00000000	      0.00000000	      0.00000000	      0.00000000	      0.00000000	      0.00000000	      0.00000000	      0.00000000	      0.00000000	      0.00000000	      0.00000000	      0.00000000	      0.00000000	      0.00000000	      0.00000000	      0.00000000	      0.00000000	      0.03584271	      0.00000000	      0.03852978	      0.00000000	     -0.00804721	      0.00000000	     -0.01401834	      0.00000000	     -0.04385773	      0.00000000	     -0.04313051	      0.00000000	      0.00000000	      0.00000000	      0.00000000	      0.00000000	      0.00000000	      0.00000000	      0.00000000	      0.00000000	      0.00000000	      0.00000000	      0.00000000	      0.00000000	      0.00000000	      0.00000000	      0.00000000	      0.00000000	      0.00000000	      0.00000000	      0.00000000	      0.00000000	      0.00000000	      0.00000000	     -0.00616269	      0.00000000	     -0.00913125	      0.00000000	      0.00000000	      0.00000000	      0.00000000	      0.00000000	      0.00000000	      0.00000000	      0.00000000	      0.00000000	      0.00000000	      0.00000000	      0.00000000	      0.00000000	     -0.04181162	      0.00000000	      0.00000000	      0.00000000	      0.04229863	      0.00000000	     -0.00917861	      0.00000000	      0.00000000	      0.00000000	      0.00000000	      0.00000000	      0.00000000
     55.00000000	     -1.11111095	      0.00000000	      0.00000000	      0.00000000	      0.00000000	      0.00000000	      0.00000000	      0.00000000	      0.00000000	      0.00000000	      0.00000000	      0.00000000	      0.00000000	      0.00000000	      0.00000000	      0.00000000	      0.00000000	      0.00000000	      0.03592889	      0.00000000	      0.03863099	      0.00000000	     -0.00793024	      0.00000000	     -0.01388723	      0.00000000	     -0.04375257	      0.00000000	     -0.04305029	      0.00000000	      0.00000000	      0.00000000	      0.00000000	      0.00000000	      0.00000000	      0.00000000	      0.00000000	      0.00000000	      0.00000000	      0.00000000	      0.00000000	      0.00000000	      0.00000000	      0.00000000	      0.00000000	      0.00000000	      0.00000000	      0.00000000	      0.00000000	      0.00000000	      0.00000000	      0.00000000	     -0.00610819	      0.00000000	     -0.00907858	      0.00000000	      0.00000000	      0.00000000	      0.00000000	      0.00000000	      0.00000000	      0.00000000	      0.00000000	      0.00000000	      0.00000000	      0.00000000	      0.00000000	      0.00000000	     -0.04164088	      0.00000000	      0.00000000	      0.00000000	      0.04242222	      0.00000000	     -0.00907343	      0.00000000	      0.00000000	      0.00000000	      0.00000000	      0.00000000	      0.00000000
     56.00000000	     -0.40404024	      0.00000000	      0.00000000	      0.00000000	      0.00000000	      0.00000000	      0.00000000	      0.00000000	      0.00000000	      0.00000000	      0.00000000	      0.00000000	      0.00000000	      0.00000000	      0.00000000	      0.00000000	      0.00000000	      0.00000000	      0.03601282	      0.00000000	      0.03872984	      0.00000000	     -0.00781281	      0.00000000	     -0.01375543	      0.00000000	     -0.04364127	      0.00000000	     -0.04296395	      0.00000000	      0.00000000	      0.00000000	      0.00000000	      0.00000000	      0.00000000	      0.00000000	      0.00000000	      0.00000000	      0.00000000	      0.00000000	      0.00000000	      0.00000000	      0.00000000	      0.00000000	      0.00000000	      0.00000000	      0.00000000	      0.00000000	      0.00000000	      0.00000000	      0.00000000	      0.00000000	     -0.00605330	      0.00000000	     -0.00902534	      0.00000000	      0.00000000	      0.00000000	      0.00000000	      0.00000000	      0.00000000	      0.00000000	      0.00000000	      0.00000000	      0.00000000	      0.00000000	      0.00000000	      0.00000000	     -0.04146463	      0.00000000	      0.00000000	      0.00000000	      0.04254212	      0.00000000	     -0.00896770	      0.00000000	      0.00000000	      0.00000000	      0.00000000	      0.00000000	      0.00000000
     57.00000000	      0.30303047	      0.00000000	      0.00000000	      0.00000000	      0.00000000	      0.00000000	      0.00000000	      0.00000000	      0.00000000	      0.00000000	      0.00000000	      0.00000000	      0.00000000	      0.00000000	      0.00000000	      0.00000000	      0.00000000	      0.00000000	      0.03609446	      0.00000000	      0.03882630	      0.00000000	     -0.00769492	      0.00000000	     -0.01362293	      0.00000000	     -0.04352386	      0.00000000	     -0.04287150	      0.00000000	      0.00000000	      0.00000000	      0.00000000	      0.00000000	      0.00000000	      0.00000000	      0.00000000	      0.00000000	      0.00000000	      0.00000000	      0.00000000	      0.00000000	      0.00000000	      0.00000000	      0.00000000	      0.00000000	      0.00000000	      0.00000000	      0.00000000	      0.00000000	      0.00000000	      0.00000000	     -0.00599802	      0.00000000	     -0.00897153	      0.00000000	      0.00000000	      0.00000000	      0.00000000	      0.00000000	      0.00000000	      0.00000000	      0.00000000	      0.00000000	      0.00000000	      0.00000000	      0.00000000	      0.00000000	     -0.04128292	      0.00000000	      0.00000000	      0.00000000	      0.04265824	      0.00000000	     -0.00886141	      0.00000000	      0.00000000	      0.00000000	      0.00000000	      0.00000000	      0.00000000
     58.00000000	      1.01010118	      0.00000000	      0.00000000	      0.00000000	      0.00000000	      0.00000000	      0.00000000	      0.00000000	      0.00000000	      0.00000000	      0.00000000	      0.00000000	      0.00000000	      0.00000000	      0.00000000	      0.00000000	      0.00000000	      0.00000000	      0.03617374	      0.00000000	      0.03892030	      0.00000000	     -0.00757657	      0.00000000	     -0.01348974	      0.00000000	     -0.04340039	      0.00000000	     -0.04277300	      0.00000000	      0.00000000	      0.00000000	      0.00000000	      0.00000000	      0.00000000	      0.00000000	      0.00000000	      0.00000000	      0.00000000	      0.00000000	      0.00000000	      0.00000000	      0.00000000	      0.00000000	      0.00000000	      0.00000000	      0.00000000	      0.00000000	      0.00000000	      0.00000000	      0.00000000	      0.00000000	     -0.00594237	      0.00000000	     -0.00891716	      0.00000000	      0.00000000	      0.00000000	      0.00000000	      0.00000000	      0.00000000	      0.00000000	      0.00000000	      0.00000000	      0.00000000	      0.00000000	      0.00000000	      0.00000000	     -0.04109579	      0.00000000	      0.00000000	      0.00000000	      0.04277052	      0.00000000	     -0.00875459	      0.00000000	      0.00000000	      0.00000000	      0.00000000	      0.00000000	      0.00000000
     59.00000000	      1.71717189	      0.00000000	      0.00000000	      0.00000000	      0.00000000	      0.00000000	      0.00000000	      0.00000000	      0.00000000	      0.00000000	      0.00000000	      0.00000000	      0.00000000	      0.00000000	      0.00000000	      0.00000000	      0.00000000	      0.00000000	      0.03625061	      0.00000000	      0.03901180	      0.00000000	     -0.00745779	      0.00000000	     -0.01335588	      0.00000000	     -0.04327091	      0.00000000	     -0.04266835	      0.00000000	      0.00000000	      0.00000000	      0.00000000	      0.00000000	      0.00000000	      0.00000000	      0.00000000	      0.00000000	      0.00000000	      0.00000000	      0.00000000	      0.00000000	      0.00000000	      0.00000000	      0.00000000	      0.00000000	      0.00000000	      0.00000000	      0.00000000	      0.00000000	      0.00000000	      0.00000000	     -0.00588635	      0.00000000	     -0.00886224	      0.00000000	      0.00000000	      0.00000000	      0.00000000	      0.00000000	      0.00000000	      0.00000000	      0.00000000	      0.00000000	      0.00000000	      0.00000000	      0.00000000	      0.00000000	     -0.04090330	      0.00000000	      0.00000000	      0.00000000	      0.04287886	      0.00000000	     -0.00864723	      0.00000000	      0.00000000	      0.00000000	      0.00000000	      0.00000000	      0.00000000
     60.00000000	      2.42424260	      0.00000000	      0.00000000	      0.00000000	      0.00000000	      0.00000000	      0.00000000	      0.00000000	      0.00000000	      0.00000000	      0.00000000	      0.00000000	      0.00000000	      0.00000000	      0.00000000	      0.00000000	      0.00000000	      0.00000000	      0.03632501	      0.00000000	      0.03910074	      0.00000000	     -0.00733856	      0.00000000	     -0.01322136	      0.00000000	     -0.04313545	      0.00000000	     -0.04255788	      0.00000000	      0.00000000	      0.00000000	      0.00000000	      0.00000000	      0.00000000	      0.00000000	      0.00000000	      0.00000000	      0.00000000	      0.00000000	      0.00000000	      0.00000000	      0.00000000	      0.00000000	      0.00000000	      0.00000000	      0.00000000	      0.00000000	      0.00000000	      0.00000000	      0.00000000	      0.00000000	     -0.00582996	      0.00000000	     -0.00880678	      0.00000000	      0.00000000	      0.00000000	      0.00000000	      0.00000000	      0.00000000	      0.00000000	      0.00000000	      0.00000000	      0.00000000	      0.00000000	      0.00000000	      0.00000000	     -0.04070549	      0.00000000	      0.00000000	      0.00000000	      0.04298319	      0.00000000	     -0.00853935	      0.00000000	      0.00000000	      0.00000000	      0.00000000	      0.00000000	      0.00000000
     61.00000000	      3.13131330	      0.00000000	      0.00000000	      0.00000000	      0.00000000	      0.00000000	      0.00000000	      0.00000000	      0.00000000	      0.00000000	      0.00000000	      0.00000000	      0.00000000	      0.00000000	      0.00000000	      0.00000000	      0.00000000	      0.00000000	      0.03639687	      0.00000000	      0.03918705	      0.00000000	     -0.00721892	      0.00000000	     -0.01308618	      0.00000000	     -0.04299406	      0.00000000	     -0.04244148	      0.00000000	      0.00000000	      0.00000000	      0.00000000	      0.00000000	      0.00000000	      0.00000000	      0.00000000	      0.00000000	      0.00000000	      0.00000000	      0.00000000	      0.00000000	      0.00000000	      0.00000000	      0.00000000	      0.00000000	      0.00000000	      0.00000000	      0.00000000	      0.00000000	      0.00000000	      0.00000000	     -0.00577320	      0.00000000	     -0.00875078	      0.00000000	      0.00000000	      0.00000000	      0.00000000	      0.00000000	      0.00000000	      0.00000000	      0.00000000	      0.00000000	      0.00000000	      0.00000000	      0.00000000	      0.00000000	     -0.04050241	      0.00000000	      0.00000000	      0.00000000	      0.04308342	      0.00000000	     -0.00843095	      0.00000000	      0.00000000	      0.00000000	      0.00000000	      0.00000000	      0.00000000
     62.00000000	      3.83838401	      0.00000000	      0.00000000	      0.00000000	      0.00000000	      0.00000000	      0.00000000	      0.00000000	      0.00000000	      0.00000000	      0.00000000	      0.00000000	      0.00000000	      0.00000000	      0.00000000	      0.00000000	      0.00000000	      0.00000000	      0.03646612	      0.00000000	      0.03927067	      0.00000000	     -0.00709885	      0.00000000	     -0.01295034	      0.00000000	     -0.04284679	      0.00000000	     -0.04231921	      0.00000000	      0.00000000	      0.00000000	      0.00000000	      0.00000000	      0.00000000	      0.00000000	      0.00000000	      0.00000000	      0.00000000	      0.00000000	      0.00000000	      0.00000000	      0.00000000	      0.00000000	      0.00000000	      0.00000000	      0.00000000	      0.00000000	      0.00000000	      0.00000000	      0.00000000	      0.00000000	     -0.00571609	      0.00000000	     -0.00869425	      0.00000000	      0.00000000	      0.00000000	      0.00000000	      0.00000000	      0.00000000	      0.00000000	      0.00000000	      0.00000000	      0.00000000	      0.00000000	      0.00000000	      0.00000000	     -0.04029411	      0.00000000	      0.00000000	      0.00000000	      0.04317946	      0.00000000	     -0.00832205	      0.00000000	      0.00000000	      0.00000000	      0.00000000	      0.00000000	      0.00000000
     63.00000000	      4.54545472	      0.00000000	      0.00000000	      0.00000000	      0.00000000	      0.00000000	      0.00000000	      0.00000000	      0.00000000	      0.00000000	      0.00000000	      0.00000000	      0.00000000	      0.00000000	      0.00000000	      0.00000000	      0.00000000	      0.00000000	      0.03653268	      0.00000000	      0.03935153	      0.00000000	     -0.00697837	      0.00000000	     -0.01281387	      0.00000000	     -0.04269368	      0.00000000	     -0.04219109	      0.00000000	      0.00000000	      0.00000000	      0.00000000	      0.00000000	      0.00000000	      0.00000000	      0.00000000	      0.00000000	      0.00000000	      0.00000000	      0.00000000	      0.00000000	      0.00000000	      0.00000000	      0.00000000	      0.00000000	      0.00000000	      0.00000000	      0.00000000	      0.00000000	      0.00000000	      0.00000000	     -0.00565863	      0.00000000	     -0.00863719	      0.00000000	      0.00000000	      0.00000000	      0.00000000	      0.00000000	      0.00000000	      0.00000000	      0.00000000	      0.00000000	      0.00000000	      0.00000000	      0.00000000	      0.00000000	     -0.04008064	      0.00000000	      0.00000000	      0.00000000	      0.04327122	      0.00000000	     -0.00821265	      0.00000000	      0.00000000	      0.00000000	      0.00000000	      0.00000000	      0.00000000
     64.00000000	      5.25252543	      0.00000000	      0.00000000	      0.00000000	      0.00000000	      0.00000000	      0.00000000	      0.00000000	      0.00000000	      0.00000000	      0.00000000	      0.00000000	      0.00000000	      0.00000000	      0.00000000	      0.00000000	      0.00000000	      0.00000000	      0.03659647	      0.00000000	      0.03942956	      0.00000000	     -0.00685749	      0.00000000	     -0.01267677	      0.00000000	     -0.04253478	      0.00000000	     -0.04205718	      0.00000000	      0.00000000	      0.00000000	      0.00000000	      0.00000000	      0.00000000	      0.00000000	      0.00000000	      0.00000000	      0.00000000	      0.00000000	      0.00000000	      0.00000000	      0.00000000	      0.00000000	      0.00000000	      0.00000000	      0.00000000	      0.00000000	      0.00000000	      0.00000000	      0.00000000	      0.00000000	     -0.00560082	      0.00000000	     -0.00857962	      0.00000000	      0.00000000	      0.00000000	      0.00000000	      0.00000000	      0.00000000	      0.00000000	      0.00000000	      0.00000000	      0.00000000	      0.00000000	      0.00000000	      0.00000000	     -0.03986206	      0.00000000	      0.00000000	      0.00000000	      0.04335859	      0.00000000	     -0.00810276	      0.00000000	      0.00000000	      0.00000000	      0.00000000	      0.00000000	      0.00000000
     65.00000000	      5.95959614	      0.00000000	      0.00000000	      0.00000000	      0.00000000	      0.00000000	      0.00000000	      0.00000000	      0.00000000	      0.00000000	      0.00000000	      0.00000000	      0.00000000	      0.00000000	      0.00000000	      0.00000000	      0.00000000	      0.00000000	      0.03665742	      0.00000000	      0.03950468	      0.00000000	     -0.00673622	      0.00000000	     -0.01253904	      0.00000000	     -0.04237013	      0.00000000	     -0.04191751	      0.00000000	      0.00000000	      0.00000000	      0.00000000	      0.00000000	      0.00000000	      0.00000000	      0.00000000	      0.00000000	      0.00000000	      0.00000000	      0.00000000	      0.00000000	      0.00000000	      0.00000000	      0.00000000	      0.00000000	      0.00000000	      0.00000000	      0.00000000	      0.00000000	      0.00000000	      0.00000000	     -0.00554268	      0.00000000	     -0.00852154	      0.00000000	      0.00000000	      0.00000000	      0.00000000	      0.00000000	      0.00000000	      0.00000000	      0.00000000	      0.00000000	      0.00000000	      0.00000000	      0.00000000	      0.00000000	     -0.03963839	      0.00000000	      0.00000000	      0.00000000	      0.04344149	      0.00000000	     -0.00799238	      0.00000000	      0.00000000	      0.00000000	      0.00000000	      0.00000000	      0.00000000
     66.00000000	      6.66666685	      0.00000000	      0.00000000	      0.00000000	      0.00000000	      0.00000000	      0.00000000	      0.00000000	      0.00000000	      0.00000000	      0.00000000	      0.00000000	      0.00000000	      0.00000000	      0.00000000	      0.00000000	      0.00000000	      0.00000000	      0.03671541	      0.00000000	      0.03957679	      0.00000000	     -0.00661456	      0.00000000	     -0.01240070	      0.00000000	     -0.04219978	      0.00000000	     -0.04177214	      0.00000000	      0.00000000	      0.00000000	      0.00000000	      0.00000000	      0.00000000	      0.00000000	      0.00000000	      0.00000000	      0.00000000	      0.00000000	      0.00000000	      0.00000000	      0.00000000	      0.00000000	      0.00000000	      0.00000000	      0.00000000	      0.00000000	      0.00000000	      0.00000000	      0.00000000	      0.00000000	     -0.00548419	      0.00000000	     -0.00846296	      0.00000000	      0.00000000	      0.00000000	      0.00000000	      0.00000000	      0.00000000	      0.00000000	      0.00000000	      0.00000000	      0.00000000	      0.00000000	      0.00000000	      0.00000000	     -0.03940971	      0.00000000	      0.00000000	      0.00000000	      0.04351979	      0.00000000	     -0.00788153	      0.00000000	      0.00000000	      0.00000000	      0.00000000	      0.00000000	      0.00000000
     67.00000000	      7.37373756	      0.00000000	      0.00000000	      0.00000000	      0.00000000	      0.00000000	      0.00000000	      0.00000000	      0.00000000	      0.00000000	      0.00000000	      0.00000000	      0.00000000	      0.00000000	      0.00000000	      0.00000000	      0.00000000	      0.00000000	      0.03677036	      0.00000000	      0.03964583	      0.00000000	     -0.00649252	      0.00000000	     -0.01226176	      0.00000000	     -0.04202378	      0.00000000	     -0.04162098	      0.00000000	      0.00000000	      0.00000000	      0.00000000	      0.00000000	      0.00000000	      0.00000000	      0.00000000	      0.00000000	      0.00000000	      0.00000000	      0.00000000	      0.00000000	      0.00000000	      0.00000000	      0.00000000	      0.00000000	      0.00000000	      0.00000000	      0.00000000	      0.00000000	      0.00000000	      0.00000000	     -0.00542537	      0.00000000	     -0.00840388	      0.00000000	      0.00000000	      0.00000000	      0.00000000	      0.00000000	      0.00000000	      0.00000000	      0.00000000	      0.00000000	      0.00000000	      0.00000000	      0.00000000	      0.00000000	     -0.03917606	      0.00000000	      0.00000000	      0.00000000	      0.04359340	      0.00000000	     -0.00777022	      0.00000000	      0.00000000	      0.00000000	      0.00000000	      0.00000000	      0.00000000
     68.00000000	      8.08080827	      0.00000000	      0.00000000	      0.00000000	      0.00000000	      0.00000000	      0.00000000	      0.00000000	      0.00000000	      0.00000000	      0.00000000	      0.00000000	      0.00000000	      0.00000000	      0.00000000	      0.00000000	      0.00000000	      0.00000000	      0.03682216	      0.00000000	      0.03971167	      0.00000000	     -0.00637010	      0.00000000	     -0.01212221	      0.00000000	     -0.04184217	      0.00000000	     -0.04146434	      0.00000000	      0.00000000	      0.00000000	      0.00000000	      0.00000000	      0.00000000	      0.00000000	      0.00000000	      0.00000000	      0.00000000	      0.00000000	      0.00000000	      0.00000000	      0.00000000	      0.00000000	      0.00000000	      0.00000000	      0.00000000	      0.00000000	      0.00000000	      0.00000000	      0.00000000	      0.00000000	     -0.00536623	      0.00000000	     -0.00834432	      0.00000000	      0.00000000	      0.00000000	      0.00000000	      0.00000000	      0.00000000	      0.00000000	      0.00000000	      0.00000000	      0.00000000	      0.00000000	      0.00000000	      0.00000000	     -0.03893748	      0.00000000	      0.00000000	      0.00000000	      0.04366221	      0.00000000	     -0.00765844	      0.00000000	      0.00000000	      0.00000000	      0.00000000	      0.00000000	      0.00000000
     69.00000000	      8.78787898	      0.00000000	      0.00000000	      0.00000000	      0.00000000	      0.00000000	      0.00000000	      0.00000000	      0.00000000	      0.00000000	      0.00000000	      0.00000000	      0.00000000	      0.00000000	      0.00000000	      0.00000000	      0.00000000	      0.00000000	      0.03687069	      0.00000000	      0.03977423	      0.00000000	     -0.00624733	      0.00000000	     -0.01198208	      0.00000000	     -0.04165499	      0.00000000	     -0.04130213	      0.00000000	      0.00000000	      0.00000000	      0.00000000	      0.00000000	      0.00000000	      0.00000000	      0.00000000	      0.00000000	      0.00000000	      0.00000000	      0.00000000	      0.00000000	      0.00000000	      0.00000000	      0.00000000	      0.00000000	      0.00000000	      0.00000000	      0.00000000	      0.00000000	      0.00000000	      0.00000000	     -0.00530676	      0.00000000	     -0.00828427	      0.00000000	      0.00000000	      0.00000000	      0.00000000	      0.00000000	      0.00000000	      0.00000000	      0.00000000	      0.00000000	      0.00000000	      0.00000000	      0.00000000	      0.00000000	     -0.03869403	      0.00000000	      0.00000000	      0.00000000	      0.04372608	      0.00000000	     -0.00754622	      0.00000000	      0.00000000	      0.00000000	      0.00000000	      0.00000000	      0.00000000
     70.00000000	      9.49494969	      0.00000000	      0.00000000	      0.00000000	      0.00000000	      0.00000000	      0.00000000	      0.00000000	      0.00000000	      0.00000000	      0.00000000	      0.00000000	      0.00000000	      0.00000000	      0.00000000	      0.00000000	      0.00000000	      0.00000000	      0.03691582	      0.00000000	      0.03983339	      0.00000000	     -0.00612420	      0.00000000	     -0.01184137	      0.00000000	     -0.04146230	      0.00000000	     -0.04113439	      0.00000000	      0.00000000	      0.00000000	      0.00000000	      0.00000000	      0.00000000	      0.00000000	      0.00000000	      0.00000000	      0.00000000	      0.00000000	      0.00000000	      0.00000000	      0.00000000	      0.00000000	      0.00000000	      0.00000000	      0.00000000	      0.00000000	      0.00000000	      0.00000000	      0.00000000	      0.00000000	     -0.00524698	      0.00000000	     -0.00822374	      0.00000000	      0.00000000	      0.00000000	      0.00000000	      0.00000000	      0.00000000	      0.00000000	      0.00000000	      0.00000000	      0.00000000	      0.00000000	      0.00000000	      0.00000000	     -0.03844576	      0.00000000	      0.00000000	      0.00000000	      0.04378490	      0.00000000	     -0.00743355	      0.00000000	      0.00000000	      0.00000000	      0.00000000	      0.00000000	      0.00000000
     71.00000000	     10.20202040	      0.00000000	      0.00000000	      0.00000000	      0.00000000	      0.00000000	      0.00000000	      0.00000000	      0.00000000	      0.00000000	      0.00000000	      0.00000000	      0.00000000	      0.00000000	      0.00000000	      0.00000000	      0.00000000	      0.00000000	      0.03695742	      0.00000000	      0.03988903	      0.00000000	     -0.00600072	      0.00000000	     -0.01170008	      0.00000000	     -0.04126415	      0.00000000	     -0.04096118	      0.00000000	      0.00000000	      0.00000000	      0.00000000	      0.00000000	      0.00000000	      0.00000000	      0.00000000	      0.00000000	      0.00000000	      0.00000000	      0.00000000	      0.00000000	      0.00000000	      0.00000000	      0.00000000	      0.00000000	      0.00000000	      0.00000000	      0.00000000	      0.00000000	      0.00000000	      0.00000000	     -0.00518688	      0.00000000	     -0.00816275	      0.00000000	      0.00000000	      0.00000000	      0.00000000	      0.00000000	      0.00000000	      0.00000000	      0.00000000	      0.00000000	      0.00000000	      0.00000000	      0.00000000	      0.00000000	     -0.03819272	      0.00000000	      0.00000000	      0.00000000	      0.04383855	      0.00000000	     -0.00732045	      0.00000000	      0.00000000	      0.00000000	      0.00000000	      0.00000000	      0.00000000
     72.00000000	     10.90909110	      0.00000000	      0.00000000	      0.00000000	      0.00000000	      0.00000000	      0.00000000	      0.00000000	      0.00000000	      0.00000000	      0.00000000	      0.00000000	      0.00000000	      0.00000000	      0.00000000	      0.00000000	      0.00000000	      0.00000000	      0.03699534	      0.00000000	      0.03994103	      0.00000000	     -0.00587690	      0.00000000	     -0.01155823	      0.00000000	     -0.04106058	      0.00000000	     -0.04078253	      0.00000000	      0.00000000	      0.00000000	      0.00000000	      0.00000000	      0.00000000	      0.00000000	      0.00000000	      0.00000000	      0.00000000	      0.00000000	      0.00000000	      0.00000000	      0.00000000	      0.00000000	      0.00000000	      0.00000000	      0.00000000	      0.00000000	      0.00000000	      0.00000000	      0.00000000	      0.00000000	     -0.00512648	      0.00000000	     -0.00810129	      0.00000000	      0.00000000	      0.00000000	      0.00000000	      0.00000000	      0.00000000	      0.00000000	      0.00000000	      0.00000000	      0.00000000	      0.00000000	      0.00000000	      0.00000000	     -0.03793495	      0.00000000	      0.00000000	      0.00000000	      0.04388689	      0.00000000	     -0.00720693	      0.00000000	      0.00000000	      0.00000000	      0.00000000	      0.00000000	      0.00000000
     73.00000000	     11.61616181	      0.00000000	      0.00000000	      0.00000000	      0.00000000	      0.00000000	      0.00000000	      0.00000000	      0.00000000	      0.00000000	      0.00000000	      0.00000000	      0.00000000	      0.00000000	      0.00000000	      0.00000000	      0.00000000	      0.00000000	      0.03702943	      0.00000000	      0.03998924	      0.00000000	     -0.00575275	      0.00000000	     -0.01141583	      0.00000000	     -0.04085164	      0.00000000	     -0.04059850	      0.00000000	      0.00000000	      0.00000000	      0.00000000	      0.00000000	      0.00000000	      0.00000000	      0.00000000	      0.00000000	      0.00000000	      0.00000000	      0.00000000	      0.00000000	      0.00000000	      0.00000000	      0.00000000	      0.00000000	      0.00000000	      0.00000000	      0.00000000	      0.00000000	      0.00000000	      0.00000000	     -0.00506578	      0.00000000	     -0.00803937	      0.00000000	      0.00000000	      0.00000000	      0.00000000	      0.00000000	      0.00000000	      0.00000000	      0.00000000	      0.00000000	      0.00000000	      0.00000000	      0.00000000	      0.00000000	     -0.03767252	      0.00000000	      0.00000000	      0.00000000	      0.04392977	      0.00000000	     -0.00709298	      0.00000000	      0.00000000	      0.00000000	      0.00000000	      0.00000000	      0.00000000
     74.00000000	     12.32323252	      0.00000000	      0.00000000	      0.00000000	      0.00000000	      0.00000000	      0.00000000	      0.00000000	      0.00000000	      0.00000000	      0.00000000	      0.00000000	      0.00000000	      0.00000000	      0.00000000	      0.00000000	      0.00000000	      0.00000000	      0.03705951	      0.00000000	      0.04003352	      0.00000000	     -0.00562827	      0.00000000	     -0.01127287	      0.00000000	     -0.04063722	      0.00000000	     -0.04040913	      0.00000000	      0.00000000	      0.00000000	      0.00000000	      0.00000000	      0.00000000	      0.00000000	      0.00000000	      0.00000000	      0.00000000	      0.00000000	      0.00000000	      0.00000000	      0.00000000	      0.00000000	      0.00000000	      0.00000000	      0.00000000	      0.00000000	      0.00000000	      0.00000000	      0.00000000	      0.00000000	     -0.00500478	      0.00000000	     -0.00797700	      0.00000000	      0.00000000	      0.00000000	      0.00000000	      0.00000000	      0.00000000	      0.00000000	      0.00000000	      0.00000000	      0.00000000	      0.00000000	      0.00000000	      0.00000000	     -0.03740546	      0.00000000	      0.00000000	      0.00000000	      0.04396706	      0.00000000	     -0.00697862	      0.00000000	      0.00000000	      0.00000000	      0.00000000	      0.00000000	      0.00000000
     75.00000000	     13.03030323	      0.00000000	      0.00000000	      0.00000000	      0.00000000	      0.00000000	      0.00000000	      0.00000000	      0.00000000	      0.00000000	      0.00000000	      0.00000000	      0.00000000	      0.00000000	      0.00000000	      0.00000000	      0.00000000	      0.00000000	      0.03708540	      0.00000000	      0.04007371	      0.00000000	     -0.00550348	      0.00000000	     -0.01112938	      0.00000000	     -0.04041759	      0.00000000	     -0.04021447	      0.00000000	      0.00000000	      0.00000000	      0.00000000	      0.00000000	      0.00000000	      0.00000000	      0.00000000	      0.00000000	      0.00000000	      0.00000000	      0.00000000	      0.00000000	      0.00000000	      0.00000000	      0.00000000	      0.00000000	      0.00000000	      0.00000000	      0.00000000	      0.00000000	      0.00000000	      0.00000000	     -0.00494348	      0.00000000	     -0.00791419	      0.00000000	      0.00000000	      0.00000000	      0.00000000	      0.00000000	      0.00000000	      0.00000000	      0.00000000	      0.00000000	      0.00000000	      0.00000000	      0.00000000	      0.00000000	     -0.03713383	      0.00000000	      0.00000000	      0.00000000	      0.04399860	      0.00000000	     -0.00686386	      0.00000000	      0.00000000	      0.00000000	      0.00000000	      0.00000000	      0.00000000
     76.00000000	     13.73737394	      0.00000000	      0.00000000	      0.00000000	      0.00000000	      0.00000000	      0.00000000	      0.00000000	      0.00000000	      0.00000000	      0.00000000	      0.00000000	      0.00000000	      0.00000000	      0.00000000	      0.00000000	      0.00000000	      0.00000000	      0.03710688	      0.00000000	      0.04010963	      0.00000000	     -0.00537838	      0.00000000	     -0.01098535	      0.00000000	     -0.04019281	      0.00000000	     -0.04001457	      0.00000000	      0.00000000	      0.00000000	      0.00000000	      0.00000000	      0.00000000	      0.00000000	      0.00000000	      0.00000000	      0.00000000	      0.00000000	      0.00000000	      0.00000000	      0.00000000	      0.00000000	      0.00000000	      0.00000000	      0.00000000	      0.00000000	      0.00000000	      0.00000000	      0.00000000	      0.00000000	     -0.00488190	      0.00000000	     -0.00785093	      0.00000000	      0.00000000	      0.00000000	      0.00000000	      0.00000000	      0.00000000	      0.00000000	      0.00000000	      0.00000000	      0.00000000	      0.00000000	      0.00000000	      0.00000000	     -0.03685768	      0.00000000	      0.00000000	      0.00000000	      0.04402424	      0.00000000	     -0.00674871	      0.00000000	      0.00000000	      0.00000000	      0.00000000	      0.00000000	      0.00000000
     77.00000000	     14.44444465	      0.00000000	      0.00000000	      0.00000000	      0.00000000	      0.00000000	      0.00000000	      0.00000000	      0.00000000	      0.00000000	      0.00000000	      0.00000000	      0.00000000	      0.00000000	      0.00000000	      0.00000000	      0.00000000	      0.00000000	      0.03712374	      0.00000000	      0.04014109	      0.00000000	     -0.00525297	      0.00000000	     -0.01084080	      0.00000000	     -0.03996286	      0.00000000	     -0.03980936	      0.00000000	      0.00000000	      0.00000000	      0.00000000	      0.00000000	      0.00000000	      0.00000000	      0.00000000	      0.00000000	      0.00000000	      0.00000000	      0.00000000	      0.00000000	      0.00000000	      0.00000000	      0.00000000	      0.00000000	      0.00000000	      0.00000000	      0.00000000	      0.00000000	      0.00000000	      0.00000000	     -0.00482003	      0.00000000	     -0.00778724	      0.00000000	      0.00000000	      0.00000000	      0.00000000	      0.00000000	      0.00000000	      0.00000000	      0.00000000	      0.00000000	      0.00000000	      0.00000000	      0.00000000	      0.00000000	     -0.03657706	      0.00000000	      0.00000000	      0.00000000	      0.04404381	      0.00000000	     -0.00663316	      0.00000000	      0.00000000	      0.00000000	      0.00000000	      0.00000000	      0.00000000
     78.00000000	     15.15151536	      0.00000000	      0.00000000	      0.00000000	      0.00000000	      0.00000000	      0.00000000	      0.00000000	      0.00000000	      0.00000000	      0.00000000	      0.00000000	      0.00000000	      0.00000000	      0.00000000	      0.00000000	      0.00000000	      0.00000000	      0.03713574	      0.00000000	      0.04016790	      0.00000000	     -0.00512728	      0.00000000	     -0.01069574	      0.00000000	     -0.03972778	      0.00000000	     -0.03959911	      0.00000000	      0.00000000	      0.00000000	      0.00000000	      0.00000000	      0.00000000	      0.00000000	      0.00000000	      0.00000000	      0.00000000	      0.00000000	      0.00000000	      0.00000000	      0.00000000	      0.00000000	      0.00000000	      0.00000000	      0.00000000	      0.00000000	      0.00000000	      0.00000000	      0.00000000	      0.00000000	     -0.00475788	      0.00000000	     -0.00772312	      0.00000000	      0.00000000	      0.00000000	      0.00000000	      0.00000000	      0.00000000	      0.00000000	      0.00000000	      0.00000000	      0.00000000	      0.00000000	      0.00000000	      0.00000000	     -0.03629202	      0.00000000	      0.00000000	      0.00000000	      0.04405713	      0.00000000	     -0.00651724	      0.00000000	      0.00000000	      0.00000000	      0.00000000	      0.00000000	      0.00000000
     79.00000000	     15.85858607	      0.00000000	      0.00000000	      0.00000000	      0.00000000	      0.00000000	      0.00000000	      0.00000000	      0.00000000	      0.00000000	      0.00000000	      0.00000000	      0.00000000	      0.00000000	      0.00000000	      0.00000000	      0.00000000	      0.00000000	      0.03714261	      0.00000000	      0.04018983	      0.00000000	     -0.00500129	      0.00000000	     -0.01055016	      0.00000000	     -0.03948763	      0.00000000	     -0.03938377	      0.00000000	      0.00000000	      0.00000000	      0.00000000	      0.00000000	      0.00000000	      0.00000000	      0.00000000	      0.00000000	      0.00000000	      0.00000000	      0.00000000	      0.00000000	      0.00000000	      0.00000000	      0.00000000	      0.00000000	      0.00000000	      0.00000000	      0.00000000	      0.00000000	      0.00000000	      0.00000000	     -0.00469546	      0.00000000	     -0.00765858	      0.00000000	      0.00000000	      0.00000000	      0.00000000	      0.00000000	      0.00000000	      0.00000000	      0.00000000	      0.00000000	      0.00000000	      0.00000000	      0.00000000	      0.00000000	     -0.03600262	      0.00000000	      0.00000000	      0.00000000	      0.04406404	      0.00000000	     -0.00640094	      0.00000000	      0.00000000	      0.00000000	      0.00000000	      0.00000000	      0.00000000
     80.00000000	     16.56565678	      0.00000000	      0.00000000	      0.00000000	      0.00000000	      0.00000000	      0.00000000	      0.00000000	      0.00000000	      0.00000000	      0.00000000	      0.00000000	      0.00000000	      0.00000000	      0.00000000	      0.00000000	      0.00000000	      0.00000000	      0.03714406	      0.00000000	      0.04020664	      0.00000000	     -0.00487503	      0.00000000	     -0.01040409	      0.00000000	     -0.03924244	      0.00000000	     -0.03916337	      0.00000000	      0.00000000	      0.00000000	      0.00000000	      0.00000000	      0.00000000	      0.00000000	      0.00000000	      0.00000000	      0.00000000	      0.00000000	      0.00000000	      0.00000000	      0.00000000	      0.00000000	      0.00000000	      0.00000000	      0.00000000	      0.00000000	      0.00000000	      0.00000000	      0.00000000	      0.00000000	     -0.00463277	      0.00000000	     -0.00759361	      0.00000000	      0.00000000	      0.00000000	      0.00000000	      0.00000000	      0.00000000	      0.00000000	      0.00000000	      0.00000000	      0.00000000	      0.00000000	      0.00000000	      0.00000000	     -0.03570889	      0.00000000	      0.00000000	      0.00000000	      0.04406435	      0.00000000	     -0.00628428	      0.00000000	      0.00000000	      0.00000000	      0.00000000	      0.00000000	      0.00000000
     81.00000000	     17.27272749	      0.00000000	      0.00000000	      0.00000000	      0.00000000	      0.00000000	      0.00000000	      0.00000000	      0.00000000	      0.00000000	      0.00000000	      0.00000000	      0.00000000	      0.00000000	      0.00000000	      0.00000000	      0.00000000	      0.00000000	      0.03713977	      0.00000000	      0.04021807	      0.00000000	     -0.00474849	      0.00000000	     -0.01025752	      0.00000000	     -0.03899228	      0.00000000	     -0.03893797	      0.00000000	      0.00000000	      0.00000000	      0.00000000	      0.00000000	      0.00000000	      0.00000000	      0.00000000	      0.00000000	      0.00000000	      0.00000000	      0.00000000	      0.00000000	      0.00000000	      0.00000000	      0.00000000	      0.00000000	      0.00000000	      0.00000000	      0.00000000	      0.00000000	      0.00000000	      0.00000000	     -0.00456981	      0.00000000	     -0.00752824	      0.00000000	      0.00000000	      0.00000000	      0.00000000	      0.00000000	      0.00000000	      0.00000000	      0.00000000	      0.00000000	      0.00000000	      0.00000000	      0.00000000	      0.00000000	     -0.03541090	      0.00000000	      0.00000000	      0.00000000	      0.04405785	      0.00000000	     -0.00616726	      0.00000000	      0.00000000	      0.00000000	      0.00000000	      0.00000000	      0.00000000
     82.00000000	     17.97979820	      0.00000000	      0.00000000	      0.00000000	      0.00000000	      0.00000000	      0.00000000	      0.00000000	      0.00000000	      0.00000000	      0.00000000	      0.00000000	      0.00000000	      0.00000000	      0.00000000	      0.00000000	      0.00000000	      0.00000000	      0.03712939	      0.00000000	      0.04022384	      0.00000000	     -0.00462169	      0.00000000	     -0.01011047	      0.00000000	     -0.03873719	      0.00000000	     -0.03870761	      0.00000000	      0.00000000	      0.00000000	      0.00000000	      0.00000000	      0.00000000	      0.00000000	      0.00000000	      0.00000000	      0.00000000	      0.00000000	      0.00000000	      0.00000000	      0.00000000	      0.00000000	      0.00000000	      0.00000000	      0.00000000	      0.00000000	      0.00000000	      0.00000000	      0.00000000	      0.00000000	     -0.00450659	      0.00000000	     -0.00746246	      0.00000000	      0.00000000	      0.00000000	      0.00000000	      0.00000000	      0.00000000	      0.00000000	      0.00000000	      0.00000000	      0.00000000	      0.00000000	      0.00000000	      0.00000000	     -0.03510869	      0.00000000	      0.00000000	      0.00000000	      0.04404435	      0.00000000	     -0.00604989	      0.00000000	      0.00000000	      0.00000000	      0.00000000	      0.00000000	      0.00000000
     83.00000000	     18.68686891	      0.00000000	      0.00000000	      0.00000000	      0.00000000	      0.00000000	      0.00000000	      0.00000000	      0.00000000	      0.00000000	      0.00000000	      0.00000000	      0.00000000	      0.00000000	      0.00000000	      0.00000000	      0.00000000	      0.00000000	      0.03711254	      0.00000000	      0.04022363	      0.00000000	     -0.00449463	      0.00000000	     -0.00996294	      0.00000000	     -0.03847722	      0.00000000	     -0.03847235	      0.00000000	      0.00000000	      0.00000000	      0.00000000	      0.00000000	      0.00000000	      0.00000000	      0.00000000	      0.00000000	      0.00000000	      0.00000000	      0.00000000	      0.00000000	      0.00000000	      0.00000000	      0.00000000	      0.00000000	      0.00000000	      0.00000000	      0.00000000	      0.00000000	      0.00000000	      0.00000000	     -0.00444311	      0.00000000	     -0.00739628	      0.00000000	      0.00000000	      0.00000000	      0.00000000	      0.00000000	      0.00000000	      0.00000000	      0.00000000	      0.00000000	      0.00000000	      0.00000000	      0.00000000	      0.00000000	     -0.03480232	      0.00000000	      0.00000000	      0.00000000	      0.04402363	      0.00000000	     -0.00593217	      0.00000000	      0.00000000	      0.00000000	      0.00000000	      0.00000000	      0.00000000
     84.00000000	     19.39393961	      0.00000000	      0.00000000	      0.00000000	      0.00000000	      0.00000000	      0.00000000	      0.00000000	      0.00000000	      0.00000000	      0.00000000	      0.00000000	      0.00000000	      0.00000000	      0.00000000	      0.00000000	      0.00000000	      0.00000000	      0.03708879	      0.00000000	      0.04021711	      0.00000000	     -0.00436732	      0.00000000	     -0.00981495	      0.00000000	     -0.03821242	      0.00000000	     -0.03823223	      0.00000000	      0.00000000	      0.00000000	      0.00000000	      0.00000000	      0.00000000	      0.00000000	      0.00000000	      0.00000000	      0.00000000	      0.00000000	      0.00000000	      0.00000000	      0.00000000	      0.00000000	      0.00000000	      0.00000000	      0.00000000	      0.00000000	      0.00000000	      0.00000000	      0.00000000	      0.00000000	     -0.00437938	      0.00000000	     -0.00732970	      0.00000000	      0.00000000	      0.00000000	      0.00000000	      0.00000000	      0.00000000	      0.00000000	      0.00000000	      0.00000000	      0.00000000	      0.00000000	      0.00000000	      0.00000000	     -0.03449183	      0.00000000	      0.00000000	      0.00000000	      0.04399547	      0.00000000	     -0.00581412	      0.00000000	      0.00000000	      0.00000000	      0.00000000	      0.00000000	      0.00000000
     85.00000000	     20.10101032	      0.00000000	      0.00000000	      0.00000000	      0.00000000	      0.00000000	      0.00000000	      0.00000000	      0.00000000	      0.00000000	      0.00000000	      0.00000000	      0.00000000	      0.00000000	      0.00000000	      0.00000000	      0.00000000	      0.00000000	      0.03705768	      0.00000000	      0.04020391	      0.00000000	     -0.00423977	      0.00000000	     -0.00966649	      0.00000000	     -0.03794285	      0.00000000	     -0.03798730	      0.00000000	      0.00000000	      0.00000000	      0.00000000	      0.00000000	      0.00000000	      0.00000000	      0.00000000	      0.00000000	      0.00000000	      0.00000000	      0.00000000	      0.00000000	      0.00000000	      0.00000000	      0.00000000	      0.00000000	      0.00000000	      0.00000000	      0.00000000	      0.00000000	      0.00000000	      0.00000000	     -0.00431540	      0.00000000	     -0.00726273	      0.00000000	      0.00000000	      0.00000000	      0.00000000	      0.00000000	      0.00000000	      0.00000000	      0.00000000	      0.00000000	      0.00000000	      0.00000000	      0.00000000	      0.00000000	     -0.03417727	      0.00000000	      0.00000000	      0.00000000	      0.04395964	      0.00000000	     -0.00569575	      0.00000000	      0.00000000	      0.00000000	      0.00000000	      0.00000000	      0.00000000
     86.00000000	     20.80808103	      0.00000000	      0.00000000	      0.00000000	      0.00000000	      0.00000000	      0.00000000	      0.00000000	      0.00000000	      0.00000000	      0.00000000	      0.00000000	      0.00000000	      0.00000000	      0.00000000	      0.00000000	      0.00000000	      0.00000000	      0.03701869	      0.00000000	      0.04018362	      0.00000000	     -0.00411199	      0.00000000	     -0.00951758	      0.00000000	     -0.03766854	      0.00000000	     -0.03773760	      0.00000000	      0.00000000	      0.00000000	      0.00000000	      0.00000000	      0.00000000	      0.00000000	      0.00000000	      0.00000000	      0.00000000	      0.00000000	      0.00000000	      0.00000000	      0.00000000	      0.00000000	      0.00000000	      0.00000000	      0.00000000	      0.00000000	      0.00000000	      0.00000000	      0.00000000	      0.00000000	     -0.00425118	      0.00000000	     -0.00719537	      0.00000000	      0.00000000	      0.00000000	      0.00000000	      0.00000000	      0.00000000	      0.00000000	      0.00000000	      0.00000000	      0.00000000	      0.00000000	      0.00000000	      0.00000000	     -0.03385871	      0.00000000	      0.00000000	      0.00000000	      0.04391589	      0.00000000	     -0.00557705	      0.00000000	      0.00000000	      0.00000000	      0.00000000	      0.00000000	      0.00000000
     87.00000000	     21.51515174	      0.00000000	      0.00000000	      0.00000000	      0.00000000	      0.00000000	      0.00000000	      0.00000000	      0.00000000	      0.00000000	      0.00000000	      0.00000000	      0.00000000	      0.00000000	      0.00000000	      0.00000000	      0.00000000	      0.00000000	      0.03697124	      0.00000000	      0.04015580	      0.00000000	     -0.00398398	      0.00000000	     -0.00936823	      0.00000000	     -0.03738956	      0.00000000	     -0.03748319	      0.00000000	      0.00000000	      0.00000000	      0.00000000	      0.00000000	      0.00000000	      0.00000000	      0.00000000	      0.00000000	      0.00000000	      0.00000000	      0.00000000	      0.00000000	      0.00000000	      0.00000000	      0.00000000	      0.00000000	      0.00000000	      0.00000000	      0.00000000	      0.00000000	      0.00000000	      0.00000000	     -0.00418671	      0.00000000	     -0.00712763	      0.00000000	      0.00000000	      0.00000000	      0.00000000	      0.00000000	      0.00000000	      0.00000000	      0.00000000	      0.00000000	      0.00000000	      0.00000000	      0.00000000	      0.00000000	     -0.03353618	      0.00000000	      0.00000000	      0.00000000	      0.04386397	      0.00000000	     -0.00545803	      0.00000000	      0.00000000	      0.00000000	      0.00000000	      0.00000000	      0.00000000
     88.00000000	     22.22222245	      0.00000000	      0.00000000	      0.00000000	      0.00000000	      0.00000000	      0.00000000	      0.00000000	      0.00000000	      0.00000000	      0.00000000	      0.00000000	      0.00000000	      0.00000000	      0.00000000	      0.00000000	      0.00000000	      0.00000000	      0.03691470	      0.00000000	      0.04011995	      0.00000000	     -0.00385574	      0.00000000	     -0.00921844	      0.00000000	     -0.03710595	      0.00000000	     -0.03722413	      0.00000000	      0.00000000	      0.00000000	      0.00000000	      0.00000000	      0.00000000	      0.00000000	      0.00000000	      0.00000000	      0.00000000	      0.00000000	      0.00000000	      0.00000000	      0.00000000	      0.00000000	      0.00000000	      0.00000000	      0.00000000	      0.00000000	      0.00000000	      0.00000000	      0.00000000	      0.00000000	     -0.00412202	      0.00000000	     -0.00705952	      0.00000000	      0.00000000	      0.00000000	      0.00000000	      0.00000000	      0.00000000	      0.00000000	      0.00000000	      0.00000000	      0.00000000	      0.00000000	      0.00000000	      0.00000000	     -0.03320973	      0.00000000	      0.00000000	      0.00000000	      0.04380362	      0.00000000	     -0.00533871	      0.00000000	      0.00000000	      0.00000000	      0.00000000	      0.00000000	      0.00000000
     89.00000000	     22.92929316	      0.00000000	      0.00000000	      0.00000000	      0.00000000	      0.00000000	      0.00000000	      0.00000000	      0.00000000	      0.00000000	      0.00000000	      0.00000000	      0.00000000	      0.00000000	      0.00000000	      0.00000000	      0.00000000	      0.00000000	      0.03684837	      0.00000000	      0.04007555	      0.00000000	     -0.00372730	      0.00000000	     -0.00906821	      0.00000000	     -0.03681776	      0.00000000	     -0.03696045	      0.00000000	      0.00000000	      0.00000000	      0.00000000	      0.00000000	      0.00000000	      0.00000000	      0.00000000	      0.00000000	      0.00000000	      0.00000000	      0.00000000	      0.00000000	      0.00000000	      0.00000000	      0.00000000	      0.00000000	      0.00000000	      0.00000000	      0.00000000	      0.00000000	      0.00000000	      0.00000000	     -0.00405709	      0.00000000	     -0.00699103	      0.00000000	      0.00000000	      0.00000000	      0.00000000	      0.00000000	      0.00000000	      0.00000000	      0.00000000	      0.00000000	      0.00000000	      0.00000000	      0.00000000	      0.00000000	     -0.03287943	      0.00000000	      0.00000000	      0.00000000	      0.04373456	      0.00000000	     -0.00521910	      0.00000000	      0.00000000	      0.00000000	      0.00000000	      0.00000000	      0.00000000
     90.00000000	     23.63636387	      0.00000000	      0.00000000	      0.00000000	      0.00000000	      0.00000000	      0.00000000	      0.00000000	      0.00000000	      0.00000000	      0.00000000	      0.00000000	      0.00000000	      0.00000000	      0.00000000	      0.00000000	      0.00000000	      0.00000000	      0.03677146	      0.00000000	      0.04002199	      0.00000000	     -0.00359865	      0.00000000	     -0.00891757	      0.00000000	     -0.03652505	      0.00000000	     -0.03669222	      0.00000000	      0.00000000	      0.00000000	      0.00000000	      0.00000000	      0.00000000	      0.00000000	      0.00000000	      0.00000000	      0.00000000	      0.00000000	      0.00000000	      0.00000000	      0.00000000	      0.00000000	      0.00000000	      0.00000000	      0.00000000	      0.00000000	      0.00000000	      0.00000000	      0.00000000	      0.00000000	     -0.00399193	      0.00000000	     -0.00692218	      0.00000000	      0.00000000	      0.00000000	      0.00000000	      0.00000000	      0.00000000	      0.00000000	      0.00000000	      0.00000000	      0.00000000	      0.00000000	      0.00000000	      0.00000000	     -0.03254532	      0.00000000	      0.00000000	      0.00000000	      0.04365650	      0.00000000	     -0.00509919	      0.00000000	      0.00000000	      0.00000000	      0.00000000	      0.00000000	      0.00000000
     91.00000000	     24.34343458	      0.00000000	      0.00000000	      0.00000000	      0.00000000	      0.00000000	      0.00000000	      0.00000000	      0.00000000	      0.00000000	      0.00000000	      0.00000000	      0.00000000	      0.00000000	      0.00000000	      0.00000000	      0.00000000	      0.00000000	      0.03668308	      0.00000000	      0.03995862	      0.00000000	     -0.00346980	      0.00000000	     -0.00876651	      0.00000000	     -0.03622787	      0.00000000	     -0.03641947	      0.00000000	      0.00000000	      0.00000000	      0.00000000	      0.00000000	      0.00000000	      0.00000000	      0.00000000	      0.00000000	      0.00000000	      0.00000000	      0.00000000	      0.00000000	      0.00000000	      0.00000000	      0.00000000	      0.00000000	      0.00000000	      0.00000000	      0.00000000	      0.00000000	      0.00000000	      0.00000000	     -0.00392655	      0.00000000	     -0.00685297	      0.00000000	      0.00000000	      0.00000000	      0.00000000	      0.00000000	      0.00000000	      0.00000000	      0.00000000	      0.00000000	      0.00000000	      0.00000000	      0.00000000	      0.00000000	     -0.03220744	      0.00000000	      0.00000000	      0.00000000	      0.04356913	      0.00000000	     -0.00497899	      0.00000000	      0.00000000	      0.00000000	      0.00000000	      0.00000000	      0.00000000
     92.00000000	     25.05050529	      0.00000000	      0.00000000	      0.00000000	      0.00000000	      0.00000000	      0.00000000	      0.00000000	      0.00000000	      0.00000000	      0.00000000	      0.00000000	      0.00000000	      0.00000000	      0.00000000	      0.00000000	      0.00000000	      0.00000000	      0.03658227	      0.00000000	      0.03988472	      0.00000000	     -0.00334076	      0.00000000	     -0.00861505	      0.00000000	     -0.03592626	      0.00000000	     -0.03614225	      0.00000000	      0.00000000	      0.00000000	      0.00000000	      0.00000000	      0.00000000	      0.00000000	      0.00000000	      0.00000000	      0.00000000	      0.00000000	      0.00000000	      0.00000000	      0.00000000	      0.00000000	      0.00000000	      0.00000000	      0.00000000	      0.00000000	      0.00000000	      0.00000000	      0.00000000	      0.00000000	     -0.00386095	      0.00000000	     -0.00678340	      0.00000000	      0.00000000	      0.00000000	      0.00000000	      0.00000000	      0.00000000	      0.00000000	      0.00000000	      0.00000000	      0.00000000	      0.00000000	      0.00000000	      0.00000000	     -0.03186586	      0.00000000	      0.00000000	      0.00000000	      0.04347215	      0.00000000	     -0.00485852	      0.00000000	      0.00000000	      0.00000000	      0.00000000	      0.00000000	      0.00000000
     93.00000000	     25.75757600	      0.00000000	      0.00000000	      0.00000000	      0.00000000	      0.00000000	      0.00000000	      0.00000000	      0.00000000	      0.00000000	      0.00000000	      0.00000000	      0.00000000	      0.00000000	      0.00000000	      0.00000000	      0.00000000	      0.00000000	      0.03646793	      0.00000000	      0.03979948	      0.00000000	     -0.00321154	      0.00000000	     -0.00846318	      0.00000000	     -0.03562028	      0.00000000	     -0.03586062	      0.00000000	      0.00000000	      0.00000000	      0.00000000	      0.00000000	      0.00000000	      0.00000000	      0.00000000	      0.00000000	      0.00000000	      0.00000000	      0.00000000	      0.00000000	      0.00000000	      0.00000000	      0.00000000	      0.00000000	      0.00000000	      0.00000000	      0.00000000	      0.00000000	      0.00000000	      0.00000000	     -0.00379514	      0.00000000	     -0.00671348	      0.00000000	      0.00000000	      0.00000000	      0.00000000	      0.00000000	      0.00000000	      0.00000000	      0.00000000	      0.00000000	      0.00000000	      0.00000000	      0.00000000	      0.00000000	     -0.03152062	      0.00000000	      0.00000000	      0.00000000	      0.04336521	      0.00000000	     -0.00473778	      0.00000000	      0.00000000	      0.00000000	      0.00000000	      0.00000000	      0.00000000
     94.00000000	     26.46464671	      0.00000000	      0.00000000	      0.00000000	      0.00000000	      0.00000000	      0.00000000	      0.00000000	      0.00000000	      0.00000000	      0.00000000	      0.00000000	      0.00000000	      0.00000000	      0.00000000	      0.00000000	      0.00000000	      0.00000000	      0.03633883	      0.00000000	      0.03970202	      0.00000000	     -0.00308214	      0.00000000	     -0.00831092	      0.00000000	     -0.03530998	      0.00000000	     -0.03557463	      0.00000000	      0.00000000	      0.00000000	      0.00000000	      0.00000000	      0.00000000	      0.00000000	      0.00000000	      0.00000000	      0.00000000	      0.00000000	      0.00000000	      0.00000000	      0.00000000	      0.00000000	      0.00000000	      0.00000000	      0.00000000	      0.00000000	      0.00000000	      0.00000000	      0.00000000	      0.00000000	     -0.00372912	      0.00000000	     -0.00664322	      0.00000000	      0.00000000	      0.00000000	      0.00000000	      0.00000000	      0.00000000	      0.00000000	      0.00000000	      0.00000000	      0.00000000	      0.00000000	      0.00000000	      0.00000000	     -0.03117177	      0.00000000	      0.00000000	      0.00000000	      0.04324798	      0.00000000	     -0.00461677	      0.00000000	      0.00000000	      0.00000000	      0.00000000	      0.00000000	      0.00000000
     95.00000000	     27.17171742	      0.00000000	      0.00000000	      0.00000000	      0.00000000	      0.00000000	      0.00000000	      0.00000000	      0.00000000	      0.00000000	      0.00000000	      0.00000000	      0.00000000	      0.00000000	      0.00000000	      0.00000000	      0.00000000	      0.00000000	      0.03619359	      0.00000000	      0.03959136	      0.00000000	     -0.00295258	      0.00000000	     -0.00815828	      0.00000000	     -0.03499541	      0.00000000	     -0.03528433	      0.00000000	      0.00000000	      0.00000000	      0.00000000	      0.00000000	      0.00000000	      0.00000000	      0.00000000	      0.00000000	      0.00000000	      0.00000000	      0.00000000	      0.00000000	      0.00000000	      0.00000000	      0.00000000	      0.00000000	      0.00000000	      0.00000000	      0.00000000	      0.00000000	      0.00000000	      0.00000000	     -0.00366289	      0.00000000	     -0.00657261	      0.00000000	      0.00000000	      0.00000000	      0.00000000	      0.00000000	      0.00000000	      0.00000000	      0.00000000	      0.00000000	      0.00000000	      0.00000000	      0.00000000	      0.00000000	     -0.03081937	      0.00000000	      0.00000000	      0.00000000	      0.04312009	      0.00000000	     -0.00449551	      0.00000000	      0.00000000	      0.00000000	      0.00000000	      0.00000000	      0.00000000
     96.00000000	     27.87878812	      0.00000000	      0.00000000	      0.00000000	      0.00000000	      0.00000000	      0.00000000	      0.00000000	      0.00000000	      0.00000000	      0.00000000	      0.00000000	      0.00000000	      0.00000000	      0.00000000	      0.00000000	      0.00000000	      0.00000000	      0.03603065	      0.00000000	      0.03946638	      0.00000000	     -0.00282285	      0.00000000	     -0.00800526	      0.00000000	     -0.03467662	      0.00000000	     -0.03498968	      0.00000000	      0.00000000	      0.00000000	      0.00000000	      0.00000000	      0.00000000	      0.00000000	      0.00000000	      0.00000000	      0.00000000	      0.00000000	      0.00000000	      0.00000000	      0.00000000	      0.00000000	      0.00000000	      0.00000000	      0.00000000	      0.00000000	      0.00000000	      0.00000000	      0.00000000	      0.00000000	     -0.00359646	      0.00000000	     -0.00650167	      0.00000000	      0.00000000	      0.00000000	      0.00000000	      0.00000000	      0.00000000	      0.00000000	      0.00000000	      0.00000000	      0.00000000	      0.00000000	      0.00000000	      0.00000000	     -0.03046346	      0.00000000	      0.00000000	      0.00000000	      0.04298117	      0.00000000	     -0.00437400	      0.00000000	      0.00000000	      0.00000000	      0.00000000	      0.00000000	      0.00000000
     97.00000000	     28.58585883	      0.00000000	      0.00000000	      0.00000000	      0.00000000	      0.00000000	      0.00000000	      0.00000000	      0.00000000	      0.00000000	      0.00000000	      0.00000000	      0.00000000	      0.00000000	      0.00000000	      0.00000000	      0.00000000	      0.00000000	      0.03584828	      0.00000000	      0.03932588	      0.00000000	     -0.00269296	      0.00000000	     -0.00785188	      0.00000000	     -0.03435366	      0.00000000	     -0.03469090	      0.00000000	      0.00000000	      0.00000000	      0.00000000	      0.00000000	      0.00000000	      0.00000000	      0.00000000	      0.00000000	      0.00000000	      0.00000000	      0.00000000	      0.00000000	      0.00000000	      0.00000000	      0.00000000	      0.00000000	      0.00000000	      0.00000000	      0.00000000	      0.00000000	      0.00000000	      0.00000000	     -0.00352983	      0.00000000	     -0.00643039	      0.00000000	      0.00000000	      0.00000000	      0.00000000	      0.00000000	      0.00000000	      0.00000000	      0.00000000	      0.00000000	      0.00000000	      0.00000000	      0.00000000	      0.00000000	     -0.03010410	      0.00000000	      0.00000000	      0.00000000	      0.04283082	      0.00000000	     -0.00425224	      0.00000000	      0.00000000	      0.00000000	      0.00000000	      0.00000000	      0.00000000
     98.00000000	     29.29292954	      0.00000000	      0.00000000	      0.00000000	      0.00000000	      0.00000000	      0.00000000	      0.00000000	      0.00000000	      0.00000000	      0.00000000	      0.00000000	      0.00000000	      0.00000000	      0.00000000	      0.00000000	      0.00000000	      0.00000000	      0.03564450	      0.00000000	      0.03916849	      0.00000000	     -0.00256293	      0.00000000	     -0.00769813	      0.00000000	     -0.03402659	      0.00000000	     -0.03438795	      0.00000000	      0.00000000	      0.00000000	      0.00000000	      0.00000000	      0.00000000	      0.00000000	      0.00000000	      0.00000000	      0.00000000	      0.00000000	      0.00000000	      0.00000000	      0.00000000	      0.00000000	      0.00000000	      0.00000000	      0.00000000	      0.00000000	      0.00000000	      0.00000000	      0.00000000	      0.00000000	     -0.00346300	      0.00000000	     -0.00635878	      0.00000000	      0.00000000	      0.00000000	      0.00000000	      0.00000000	      0.00000000	      0.00000000	      0.00000000	      0.00000000	      0.00000000	      0.00000000	      0.00000000	      0.00000000	     -0.02974133	      0.00000000	      0.00000000	      0.00000000	      0.04266863	      0.00000000	     -0.00413025	      0.00000000	      0.00000000	      0.00000000	      0.00000000	      0.00000000	      0.00000000
     99.00000000	     30.00000025	      0.00000000	      0.00000000	      0.00000000	      0.00000000	      0.00000000	      0.00000000	      0.00000000	      0.00000000	      0.00000000	      0.00000000	      0.00000000	      0.00000000	      0.00000000	      0.00000000	      0.00000000	      0.00000000	      0.00000000	      0.03541726	      0.00000000	      0.03899283	      0.00000000	     -0.00243287	      0.00000000	     -0.00754414	      0.00000000	     -0.03369571	      0.00000000	     -0.03408113	      0.00000000	      0.00000000	      0.00000000	      0.00000000	      0.00000000	      0.00000000	      0.00000000	      0.00000000	      0.00000000	      0.00000000	      0.00000000	      0.00000000	      0.00000000	      0.00000000	      0.00000000	      0.00000000	      0.00000000	      0.00000000	      0.00000000	      0.00000000	      0.00000000	      0.00000000	      0.00000000	     -0.00339604	      0.00000000	     -0.00628691	      0.00000000	      0.00000000	      0.00000000	      0.00000000	      0.00000000	      0.00000000	      0.00000000	      0.00000000	      0.00000000	      0.00000000	      0.00000000	      0.00000000	      0.00000000	     -0.02937549	      0.00000000	      0.00000000	      0.00000000	      0.04249431	      0.00000000	     -0.00400813	      0.00000000	      0.00000000	      0.00000000	      0.00000000	      0.00000000	      0.00000000
