UNKNOWN
version=1
nRows=100
nColumns=82
inDegrees=no
endheader
time	/jointset/hip_r/hip_rotation_r/value	addbrev_l	addbrev_r	addlong_l	addlong_r	addmagDist_l	addmagDist_r	addmagIsch_l	addmagIsch_r	addmagMid_l	addmagMid_r	addmagProx_l	addmagProx_r	bflh_l	bflh_r	bfsh_l	bfsh_r	edl_l	edl_r	ehl_l	ehl_r	fdl_l	fdl_r	fhl_l	fhl_r	gaslat_l	gaslat_r	gasmed_l	gasmed_r	glmax1_l	glmax1_r	glmax2_l	glmax2_r	glmax3_l	glmax3_r	glmed1_l	glmed1_r	glmed2_l	glmed2_r	glmed3_l	glmed3_r	glmin1_l	glmin1_r	glmin2_l	glmin2_r	glmin3_l	glmin3_r	grac_l	grac_r	iliacus_l	iliacus_r	perbrev_l	perbrev_r	perlong_l	perlong_r	piri_l	piri_r	psoas_l	psoas_r	recfem_l	recfem_r	sart_l	sart_r	semimem_l	semimem_r	semiten_l	semiten_r	soleus_l	soleus_r	tfl_l	tfl_r	tibant_l	tibant_r	tibpost_l	tibpost_r	vasint_l	vasint_r	vaslat_l	vaslat_r	vasmed_l	vasmed_r
      0.00000000	    -39.99999995	      0.00000000	     -0.00300674	      0.00000000	      0.00338181	      0.00000000	     -0.00244733	      0.00000000	      0.00625311	      0.00000000	     -0.00520216	      0.00000000	     -0.01545834	      0.00000000	     -0.00154047	      0.00000000	     -0.00000000	      0.00000000	     -0.00000000	      0.00000000	     -0.00000000	      0.00000000	      0.00000000	      0.00000000	      0.00000000	      0.00000000	     -0.00017220	      0.00000000	      0.00040075	      0.00000000	      0.00462310	      0.00000000	      0.02194458	      0.00000000	     -0.00196110	      0.00000000	      0.01840276	      0.00000000	     -0.00979576	      0.00000000	     -0.02923929	      0.00000000	      0.01647989	      0.00000000	      0.00777241	      0.00000000	     -0.00790586	      0.00000000	     -0.00083164	      0.00000000	      0.00678060	      0.00000000	     -0.00000000	      0.00000000	     -0.00000000	      0.00000000	     -0.02651240	      0.00000000	     -0.00405237	      0.00000000	      0.00117918	      0.00000000	     -0.00461435	      0.00000000	      0.00346151	      0.00000000	      0.00439112	      0.00000000	      0.00000000	      0.00000000	      0.01159647	      0.00000000	     -0.00000000	      0.00000000	     -0.00000000	      0.00000000	     -0.00000000	      0.00000000	      0.00000000	      0.00000000	     -0.00000000
      1.00000000	    -39.19191915	      0.00000000	     -0.00283028	      0.00000000	      0.00344022	      0.00000000	     -0.00240175	      0.00000000	      0.00623993	      0.00000000	     -0.00507713	      0.00000000	     -0.01523980	      0.00000000	     -0.00161190	      0.00000000	      0.00000000	      0.00000000	      0.00000000	      0.00000000	      0.00000000	      0.00000000	      0.00000000	      0.00000000	      0.00000000	      0.00000000	     -0.00017220	      0.00000000	      0.00040075	      0.00000000	      0.00403570	      0.00000000	      0.01927623	      0.00000000	     -0.00236339	      0.00000000	      0.01838132	      0.00000000	     -0.00993328	      0.00000000	     -0.02955659	      0.00000000	      0.01642380	      0.00000000	      0.00762315	      0.00000000	     -0.00808836	      0.00000000	     -0.00091661	      0.00000000	      0.00685480	      0.00000000	     -0.00000000	      0.00000000	     -0.00000000	      0.00000000	     -0.02666072	      0.00000000	     -0.00395054	      0.00000000	      0.00111397	      0.00000000	     -0.00461126	      0.00000000	      0.00342286	      0.00000000	      0.00432726	      0.00000000	      0.00000000	      0.00000000	      0.01142312	      0.00000000	     -0.00000000	      0.00000000	      0.00000000	      0.00000000	     -0.00000000	      0.00000000	     -0.00000000	      0.00000000	     -0.00000000
      2.00000000	    -38.38383834	      0.00000000	     -0.00265329	      0.00000000	      0.00349753	      0.00000000	     -0.00235762	      0.00000000	      0.00622575	      0.00000000	     -0.00495119	      0.00000000	     -0.01502083	      0.00000000	     -0.00168305	      0.00000000	      0.00000000	      0.00000000	      0.00000000	      0.00000000	     -0.00000000	      0.00000000	     -0.00000000	      0.00000000	      0.00000000	      0.00000000	     -0.00017220	      0.00000000	      0.00040075	      0.00000000	      0.00344597	      0.00000000	      0.01708091	      0.00000000	     -0.00276497	      0.00000000	      0.01835607	      0.00000000	     -0.01006845	      0.00000000	     -0.02986381	      0.00000000	      0.01636395	      0.00000000	      0.00747170	      0.00000000	     -0.00826860	      0.00000000	     -0.00100126	      0.00000000	      0.00692771	      0.00000000	     -0.00000000	      0.00000000	     -0.00000000	      0.00000000	     -0.02680138	      0.00000000	     -0.00384820	      0.00000000	      0.00104849	      0.00000000	     -0.00460725	      0.00000000	      0.00338289	      0.00000000	      0.00426330	      0.00000000	      0.00000000	      0.00000000	      0.01124696	      0.00000000	      0.00000000	      0.00000000	     -0.00000000	      0.00000000	      0.00000000	      0.00000000	      0.00000000	      0.00000000	     -0.00000000
      3.00000000	    -37.57575753	      0.00000000	     -0.00247591	      0.00000000	      0.00355368	      0.00000000	     -0.00231326	      0.00000000	      0.00621042	      0.00000000	     -0.00482446	      0.00000000	     -0.01480160	      0.00000000	     -0.00175385	      0.00000000	      0.00000000	      0.00000000	      0.00000000	      0.00000000	      0.00000000	      0.00000000	     -0.00000000	      0.00000000	      0.00000000	      0.00000000	     -0.00017220	      0.00000000	      0.00040075	      0.00000000	      0.00285457	      0.00000000	      0.01517526	      0.00000000	     -0.00316543	      0.00000000	      0.01832701	      0.00000000	     -0.01020116	      0.00000000	     -0.03016080	      0.00000000	      0.01630038	      0.00000000	      0.00731820	      0.00000000	     -0.00844643	      0.00000000	     -0.00108618	      0.00000000	      0.00699925	      0.00000000	      0.00000000	      0.00000000	     -0.00000000	      0.00000000	     -0.02693437	      0.00000000	     -0.00374367	      0.00000000	      0.00098279	      0.00000000	     -0.00460233	      0.00000000	      0.00334230	      0.00000000	      0.00419787	      0.00000000	     -0.00000000	      0.00000000	      0.01106816	      0.00000000	      0.00000000	      0.00000000	      0.00000000	      0.00000000	     -0.00000000	      0.00000000	      0.00000000	      0.00000000	      0.00000000
      4.00000000	    -36.76767673	      0.00000000	     -0.00229817	      0.00000000	      0.00360866	      0.00000000	     -0.00226870	      0.00000000	      0.00619399	      0.00000000	     -0.00469694	      0.00000000	     -0.01458216	      0.00000000	     -0.00182429	      0.00000000	      0.00000000	      0.00000000	     -0.00000000	      0.00000000	      0.00000000	      0.00000000	     -0.00000000	      0.00000000	      0.00000000	      0.00000000	     -0.00017220	      0.00000000	      0.00040075	      0.00000000	      0.00226181	      0.00000000	      0.01345598	      0.00000000	     -0.00356461	      0.00000000	      0.01829412	      0.00000000	     -0.01033138	      0.00000000	     -0.03044761	      0.00000000	      0.01623306	      0.00000000	      0.00716269	      0.00000000	     -0.00862180	      0.00000000	     -0.00117069	      0.00000000	      0.00706943	      0.00000000	      0.00000000	      0.00000000	     -0.00000000	      0.00000000	     -0.02705979	      0.00000000	     -0.00364041	      0.00000000	      0.00091689	      0.00000000	     -0.00459650	      0.00000000	      0.00330109	      0.00000000	      0.00413170	      0.00000000	     -0.00000000	      0.00000000	      0.01088673	      0.00000000	     -0.00000000	      0.00000000	     -0.00000000	      0.00000000	     -0.00000000	      0.00000000	     -0.00000000	      0.00000000	      0.00000000
      5.00000000	    -35.95959592	      0.00000000	     -0.00212010	      0.00000000	      0.00366245	      0.00000000	     -0.00222393	      0.00000000	      0.00617640	      0.00000000	     -0.00456868	      0.00000000	     -0.01436253	      0.00000000	     -0.00189435	      0.00000000	      0.00000000	      0.00000000	      0.00000000	      0.00000000	      0.00000000	      0.00000000	     -0.00000000	      0.00000000	      0.00000000	      0.00000000	     -0.00017220	      0.00000000	      0.00040075	      0.00000000	      0.00166794	      0.00000000	      0.01187199	      0.00000000	     -0.00396233	      0.00000000	      0.01825738	      0.00000000	     -0.01045909	      0.00000000	     -0.03072431	      0.00000000	      0.01616199	      0.00000000	      0.00700519	      0.00000000	     -0.00879467	      0.00000000	     -0.00125555	      0.00000000	      0.00713823	      0.00000000	      0.00000000	      0.00000000	      0.00000000	      0.00000000	     -0.02717776	      0.00000000	     -0.00353676	      0.00000000	      0.00085080	      0.00000000	     -0.00458976	      0.00000000	      0.00325919	      0.00000000	      0.00406477	      0.00000000	     -0.00000000	      0.00000000	      0.01070273	      0.00000000	      0.00000000	      0.00000000	      0.00000000	      0.00000000	     -0.00000000	      0.00000000	     -0.00000000	      0.00000000	     -0.00000000
      6.00000000	    -35.15151511	      0.00000000	     -0.00194172	      0.00000000	      0.00371504	      0.00000000	     -0.00217897	      0.00000000	      0.00615784	      0.00000000	     -0.00443968	      0.00000000	     -0.01414275	      0.00000000	     -0.00196402	      0.00000000	     -0.00000000	      0.00000000	     -0.00000000	      0.00000000	     -0.00000000	      0.00000000	     -0.00000000	      0.00000000	      0.00000000	      0.00000000	     -0.00017220	      0.00000000	      0.00040075	      0.00000000	      0.00107328	      0.00000000	      0.01040981	      0.00000000	     -0.00435845	      0.00000000	      0.01821679	      0.00000000	     -0.01058427	      0.00000000	     -0.03099099	      0.00000000	      0.01608715	      0.00000000	      0.00684574	      0.00000000	     -0.00896502	      0.00000000	     -0.00133977	      0.00000000	      0.00720565	      0.00000000	     -0.00000000	      0.00000000	     -0.00000000	      0.00000000	     -0.02728838	      0.00000000	     -0.00343296	      0.00000000	      0.00078453	      0.00000000	     -0.00458210	      0.00000000	      0.00321676	      0.00000000	      0.00399784	      0.00000000	      0.00000000	      0.00000000	      0.01051619	      0.00000000	     -0.00000000	      0.00000000	      0.00000000	      0.00000000	      0.00000000	      0.00000000	      0.00000000	      0.00000000	     -0.00000000
      7.00000000	    -34.34343430	      0.00000000	     -0.00176305	      0.00000000	      0.00375412	      0.00000000	     -0.00213228	      0.00000000	      0.00613826	      0.00000000	     -0.00430996	      0.00000000	     -0.01392284	      0.00000000	     -0.00203329	      0.00000000	      0.00000000	      0.00000000	      0.00000000	      0.00000000	      0.00000000	      0.00000000	      0.00000000	      0.00000000	      0.00000000	      0.00000000	     -0.00017220	      0.00000000	      0.00040075	      0.00000000	      0.00047809	      0.00000000	      0.00903095	      0.00000000	     -0.00475281	      0.00000000	      0.01817232	      0.00000000	     -0.01070689	      0.00000000	     -0.03124771	      0.00000000	      0.01600852	      0.00000000	      0.00668439	      0.00000000	     -0.00913280	      0.00000000	     -0.00142387	      0.00000000	      0.00727168	      0.00000000	     -0.00000000	      0.00000000	      0.00000000	      0.00000000	     -0.02739175	      0.00000000	     -0.00332862	      0.00000000	      0.00071810	      0.00000000	     -0.00457354	      0.00000000	      0.00317373	      0.00000000	      0.00392945	      0.00000000	      0.00000000	      0.00000000	      0.01032715	      0.00000000	     -0.00000000	      0.00000000	     -0.00000000	      0.00000000	      0.00000000	      0.00000000	      0.00000000	      0.00000000	      0.00000000
      8.00000000	    -33.53535350	      0.00000000	     -0.00158413	      0.00000000	      0.00380425	      0.00000000	     -0.00208697	      0.00000000	      0.00611745	      0.00000000	     -0.00417956	      0.00000000	     -0.01370285	      0.00000000	     -0.00210213	      0.00000000	     -0.00000000	      0.00000000	     -0.00000000	      0.00000000	     -0.00000000	      0.00000000	     -0.00000000	      0.00000000	     -0.00000000	      0.00000000	     -0.00017220	      0.00000000	      0.00040075	      0.00000000	     -0.00011733	      0.00000000	      0.00763756	      0.00000000	     -0.00514526	      0.00000000	      0.01812396	      0.00000000	     -0.01082694	      0.00000000	     -0.03149455	      0.00000000	      0.01592609	      0.00000000	      0.00652117	      0.00000000	     -0.00929798	      0.00000000	     -0.00150838	      0.00000000	      0.00733631	      0.00000000	     -0.00000000	      0.00000000	      0.00000000	      0.00000000	     -0.02748798	      0.00000000	     -0.00322378	      0.00000000	      0.00065153	      0.00000000	     -0.00456407	      0.00000000	      0.00313010	      0.00000000	      0.00386036	      0.00000000	     -0.00000000	      0.00000000	      0.01013564	      0.00000000	     -0.00000000	      0.00000000	      0.00000000	      0.00000000	      0.00000000	      0.00000000	     -0.00000000	      0.00000000	      0.00000000
      9.00000000	    -32.72727269	      0.00000000	     -0.00140498	      0.00000000	      0.00385245	      0.00000000	     -0.00204151	      0.00000000	      0.00609568	      0.00000000	     -0.00404849	      0.00000000	     -0.01348280	      0.00000000	     -0.00217055	      0.00000000	     -0.00000000	      0.00000000	      0.00000000	      0.00000000	      0.00000000	      0.00000000	      0.00000000	      0.00000000	      0.00000000	      0.00000000	     -0.00017220	      0.00000000	      0.00040075	      0.00000000	     -0.00071269	      0.00000000	      0.00645291	      0.00000000	     -0.00553563	      0.00000000	      0.01807170	      0.00000000	     -0.01094440	      0.00000000	     -0.03173161	      0.00000000	      0.01583986	      0.00000000	      0.00635611	      0.00000000	     -0.00946052	      0.00000000	     -0.00159221	      0.00000000	      0.00739953	      0.00000000	     -0.00000000	      0.00000000	     -0.00000000	      0.00000000	     -0.02757717	      0.00000000	     -0.00311717	      0.00000000	      0.00058482	      0.00000000	     -0.00455370	      0.00000000	      0.00308655	      0.00000000	      0.00379055	      0.00000000	      0.00000000	      0.00000000	      0.00994171	      0.00000000	     -0.00000000	      0.00000000	      0.00000000	      0.00000000	      0.00000000	      0.00000000	      0.00000000	      0.00000000	      0.00000000
     10.00000000	    -31.91919188	      0.00000000	     -0.00122563	      0.00000000	      0.00389978	      0.00000000	     -0.00199511	      0.00000000	      0.00607290	      0.00000000	     -0.00391677	      0.00000000	     -0.01326272	      0.00000000	     -0.00223851	      0.00000000	     -0.00000000	      0.00000000	     -0.00000000	      0.00000000	     -0.00000000	      0.00000000	     -0.00000000	      0.00000000	      0.00000000	      0.00000000	     -0.00017220	      0.00000000	      0.00040075	      0.00000000	     -0.00130771	      0.00000000	      0.00531796	      0.00000000	     -0.00592379	      0.00000000	      0.01801553	      0.00000000	     -0.01105925	      0.00000000	     -0.03195896	      0.00000000	      0.01574982	      0.00000000	      0.00618926	      0.00000000	     -0.00962039	      0.00000000	     -0.00167641	      0.00000000	      0.00746135	      0.00000000	     -0.00000000	      0.00000000	     -0.00000000	      0.00000000	     -0.02765943	      0.00000000	     -0.00301191	      0.00000000	      0.00051799	      0.00000000	     -0.00454243	      0.00000000	      0.00304175	      0.00000000	      0.00372079	      0.00000000	     -0.00000000	      0.00000000	      0.00974540	      0.00000000	      0.00000000	      0.00000000	     -0.00000000	      0.00000000	     -0.00000000	      0.00000000	     -0.00000000	      0.00000000	     -0.00000000
     11.00000000	    -31.11111108	      0.00000000	     -0.00104610	      0.00000000	      0.00394592	      0.00000000	     -0.00194938	      0.00000000	      0.00604906	      0.00000000	     -0.00378629	      0.00000000	     -0.01304264	      0.00000000	     -0.00230602	      0.00000000	      0.00000000	      0.00000000	     -0.00000000	      0.00000000	     -0.00000000	      0.00000000	      0.00000000	      0.00000000	     -0.00000000	      0.00000000	     -0.00017220	      0.00000000	      0.00040075	      0.00000000	     -0.00190209	      0.00000000	      0.00422711	      0.00000000	     -0.00630959	      0.00000000	      0.01795543	      0.00000000	     -0.01117148	      0.00000000	     -0.03217669	      0.00000000	      0.01565594	      0.00000000	      0.00602066	      0.00000000	     -0.00977757	      0.00000000	     -0.00176042	      0.00000000	      0.00752174	      0.00000000	     -0.00000000	      0.00000000	     -0.00000000	      0.00000000	     -0.02773486	      0.00000000	     -0.00290640	      0.00000000	      0.00045106	      0.00000000	     -0.00453026	      0.00000000	      0.00299637	      0.00000000	      0.00364959	      0.00000000	     -0.00000000	      0.00000000	      0.00954675	      0.00000000	      0.00000000	      0.00000000	     -0.00000000	      0.00000000	     -0.00000000	      0.00000000	      0.00000000	      0.00000000	      0.00000000
     12.00000000	    -30.30303027	      0.00000000	     -0.00086641	      0.00000000	      0.00399087	      0.00000000	     -0.00190352	      0.00000000	      0.00602421	      0.00000000	     -0.00366856	      0.00000000	     -0.01282260	      0.00000000	     -0.00237305	      0.00000000	      0.00000000	      0.00000000	      0.00000000	      0.00000000	      0.00000000	      0.00000000	      0.00000000	      0.00000000	      0.00000000	      0.00000000	     -0.00017220	      0.00000000	      0.00040075	      0.00000000	     -0.00249556	      0.00000000	      0.00350226	      0.00000000	     -0.00669288	      0.00000000	      0.01789139	      0.00000000	     -0.01128106	      0.00000000	     -0.03238490	      0.00000000	      0.01555824	      0.00000000	      0.00585036	      0.00000000	     -0.00993202	      0.00000000	     -0.00184371	      0.00000000	      0.00758072	      0.00000000	      0.00000000	      0.00000000	      0.00000000	      0.00000000	     -0.02780356	      0.00000000	     -0.00279902	      0.00000000	      0.00038403	      0.00000000	     -0.00451719	      0.00000000	      0.00295035	      0.00000000	      0.00357774	      0.00000000	     -0.00000000	      0.00000000	      0.00934580	      0.00000000	     -0.00000000	      0.00000000	     -0.00000000	      0.00000000	     -0.00000000	      0.00000000	     -0.00000000	      0.00000000	     -0.00000000
     13.00000000	    -29.49494946	      0.00000000	     -0.00068660	      0.00000000	      0.00403473	      0.00000000	     -0.00185757	      0.00000000	      0.00599838	      0.00000000	     -0.00355092	      0.00000000	     -0.01260263	      0.00000000	     -0.00243959	      0.00000000	      0.00000000	      0.00000000	     -0.00000000	      0.00000000	      0.00000000	      0.00000000	     -0.00000000	      0.00000000	     -0.00000000	      0.00000000	     -0.00017220	      0.00000000	      0.00040075	      0.00000000	     -0.00291610	      0.00000000	      0.00279966	      0.00000000	     -0.00707351	      0.00000000	      0.01782340	      0.00000000	     -0.01138799	      0.00000000	     -0.03258368	      0.00000000	      0.01545670	      0.00000000	      0.00567838	      0.00000000	     -0.01008371	      0.00000000	     -0.00192732	      0.00000000	      0.00763826	      0.00000000	      0.00000000	      0.00000000	      0.00000000	      0.00000000	     -0.02786564	      0.00000000	     -0.00269304	      0.00000000	      0.00031692	      0.00000000	     -0.00450323	      0.00000000	      0.00290385	      0.00000000	      0.00350520	      0.00000000	     -0.00000000	      0.00000000	      0.00914260	      0.00000000	      0.00000000	      0.00000000	     -0.00000000	      0.00000000	      0.00000000	      0.00000000	     -0.00000000	      0.00000000	      0.00000000
     14.00000000	    -28.68686865	      0.00000000	     -0.00050669	      0.00000000	      0.00407738	      0.00000000	     -0.00181054	      0.00000000	      0.00597155	      0.00000000	     -0.00343340	      0.00000000	     -0.01238276	      0.00000000	     -0.00250563	      0.00000000	      0.00000000	      0.00000000	     -0.00000000	      0.00000000	     -0.00000000	      0.00000000	     -0.00000000	      0.00000000	      0.00000000	      0.00000000	     -0.00017220	      0.00000000	      0.00040075	      0.00000000	     -0.00367859	      0.00000000	      0.00209546	      0.00000000	     -0.00745136	      0.00000000	      0.01775146	      0.00000000	     -0.01149224	      0.00000000	     -0.03277312	      0.00000000	      0.01535131	      0.00000000	      0.00550479	      0.00000000	     -0.01023263	      0.00000000	     -0.00201068	      0.00000000	      0.00769438	      0.00000000	     -0.00000000	      0.00000000	      0.00000000	      0.00000000	     -0.02792119	      0.00000000	     -0.00258677	      0.00000000	      0.00024975	      0.00000000	     -0.00448839	      0.00000000	      0.00285680	      0.00000000	      0.00343275	      0.00000000	      0.00000000	      0.00000000	      0.00893718	      0.00000000	     -0.00000000	      0.00000000	      0.00000000	      0.00000000	      0.00000000	      0.00000000	      0.00000000	      0.00000000	      0.00000000
     15.00000000	    -27.87878785	      0.00000000	     -0.00032839	      0.00000000	      0.00411864	      0.00000000	     -0.00176361	      0.00000000	      0.00594366	      0.00000000	     -0.00331602	      0.00000000	     -0.01216301	      0.00000000	     -0.00257115	      0.00000000	      0.00000000	      0.00000000	     -0.00000000	      0.00000000	     -0.00000000	      0.00000000	      0.00000000	      0.00000000	     -0.00000000	      0.00000000	     -0.00017220	      0.00000000	      0.00040075	      0.00000000	     -0.00426759	      0.00000000	      0.00139008	      0.00000000	     -0.00782628	      0.00000000	      0.01767556	      0.00000000	     -0.01159381	      0.00000000	     -0.03295331	      0.00000000	      0.01524207	      0.00000000	      0.00532962	      0.00000000	     -0.01037874	      0.00000000	     -0.00209381	      0.00000000	      0.00774905	      0.00000000	      0.00000000	      0.00000000	     -0.00000000	      0.00000000	     -0.02797032	      0.00000000	     -0.00248045	      0.00000000	      0.00018252	      0.00000000	     -0.00447265	      0.00000000	      0.00280988	      0.00000000	      0.00335891	      0.00000000	     -0.00000000	      0.00000000	      0.00872961	      0.00000000	     -0.00000000	      0.00000000	     -0.00000000	      0.00000000	      0.00000000	      0.00000000	      0.00000000	      0.00000000	      0.00000000
     16.00000000	    -27.07070704	      0.00000000	     -0.00017336	      0.00000000	      0.00415866	      0.00000000	     -0.00171741	      0.00000000	      0.00591477	      0.00000000	     -0.00319882	      0.00000000	     -0.01194343	      0.00000000	     -0.00263614	      0.00000000	     -0.00000000	      0.00000000	     -0.00000000	      0.00000000	      0.00000000	      0.00000000	      0.00000000	      0.00000000	      0.00000000	      0.00000000	     -0.00017220	      0.00000000	      0.00040075	      0.00000000	     -0.00485455	      0.00000000	      0.00068390	      0.00000000	     -0.00819814	      0.00000000	      0.01759569	      0.00000000	     -0.01169268	      0.00000000	     -0.03312437	      0.00000000	      0.01512898	      0.00000000	      0.00515291	      0.00000000	     -0.01052201	      0.00000000	     -0.00217617	      0.00000000	      0.00780228	      0.00000000	     -0.00000000	      0.00000000	      0.00000000	      0.00000000	     -0.02801312	      0.00000000	     -0.00237400	      0.00000000	      0.00011526	      0.00000000	     -0.00445604	      0.00000000	      0.00276173	      0.00000000	      0.00328445	      0.00000000	      0.00000000	      0.00000000	      0.00851992	      0.00000000	     -0.00000000	      0.00000000	     -0.00000000	      0.00000000	     -0.00000000	      0.00000000	      0.00000000	      0.00000000	      0.00000000
     17.00000000	    -26.26262623	      0.00000000	     -0.00001923	      0.00000000	      0.00419744	      0.00000000	     -0.00167116	      0.00000000	      0.00588510	      0.00000000	     -0.00308182	      0.00000000	     -0.01177662	      0.00000000	     -0.00270059	      0.00000000	     -0.00000000	      0.00000000	     -0.00000000	      0.00000000	     -0.00000000	      0.00000000	      0.00000000	      0.00000000	      0.00000000	      0.00000000	     -0.00017220	      0.00000000	      0.00040075	      0.00000000	     -0.00543918	      0.00000000	     -0.00002267	      0.00000000	     -0.00856681	      0.00000000	      0.01751184	      0.00000000	     -0.01178885	      0.00000000	     -0.03328638	      0.00000000	      0.01501204	      0.00000000	      0.00497472	      0.00000000	     -0.01066244	      0.00000000	     -0.00225875	      0.00000000	      0.00785406	      0.00000000	     -0.00000000	      0.00000000	     -0.00000000	      0.00000000	     -0.02804970	      0.00000000	     -0.00226581	      0.00000000	      0.00004798	      0.00000000	     -0.00443854	      0.00000000	      0.00271298	      0.00000000	      0.00321009	      0.00000000	     -0.00000000	      0.00000000	      0.00830815	      0.00000000	     -0.00000000	      0.00000000	     -0.00000000	      0.00000000	     -0.00000000	      0.00000000	     -0.00000000	      0.00000000	     -0.00000000
     18.00000000	    -25.45454543	      0.00000000	      0.00013397	      0.00000000	      0.00423505	      0.00000000	     -0.00162486	      0.00000000	      0.00585411	      0.00000000	     -0.00296506	      0.00000000	     -0.01156060	      0.00000000	     -0.00276449	      0.00000000	     -0.00000000	      0.00000000	     -0.00000000	      0.00000000	      0.00000000	      0.00000000	     -0.00000000	      0.00000000	     -0.00000000	      0.00000000	     -0.00017220	      0.00000000	      0.00040075	      0.00000000	     -0.00602121	      0.00000000	     -0.00072922	      0.00000000	     -0.00893216	      0.00000000	      0.01742400	      0.00000000	     -0.01188229	      0.00000000	     -0.03343945	      0.00000000	      0.01489124	      0.00000000	      0.00479509	      0.00000000	     -0.01079999	      0.00000000	     -0.00234102	      0.00000000	      0.00790438	      0.00000000	     -0.00000000	      0.00000000	      0.00000000	      0.00000000	     -0.02808015	      0.00000000	     -0.00215911	      0.00000000	     -0.00001932	      0.00000000	     -0.00442017	      0.00000000	      0.00266378	      0.00000000	      0.00313437	      0.00000000	      0.00000000	      0.00000000	      0.00809437	      0.00000000	      0.00000000	      0.00000000	      0.00000000	      0.00000000	      0.00000000	      0.00000000	     -0.00000000	      0.00000000	     -0.00000000
     19.00000000	    -24.64646462	      0.00000000	      0.00028621	      0.00000000	      0.00427129	      0.00000000	     -0.00157753	      0.00000000	      0.00582234	      0.00000000	     -0.00284854	      0.00000000	     -0.01134339	      0.00000000	     -0.00282782	      0.00000000	     -0.00000000	      0.00000000	      0.00000000	      0.00000000	      0.00000000	      0.00000000	      0.00000000	      0.00000000	      0.00000000	      0.00000000	     -0.00017220	      0.00000000	      0.00040075	      0.00000000	     -0.00660038	      0.00000000	     -0.00143536	      0.00000000	     -0.00929408	      0.00000000	      0.01733219	      0.00000000	     -0.01197300	      0.00000000	     -0.03358367	      0.00000000	      0.01476659	      0.00000000	      0.00461407	      0.00000000	     -0.01093465	      0.00000000	     -0.00242299	      0.00000000	      0.00795325	      0.00000000	     -0.00000000	      0.00000000	     -0.00000000	      0.00000000	     -0.02810456	      0.00000000	     -0.00205235	      0.00000000	     -0.00008661	      0.00000000	     -0.00440093	      0.00000000	      0.00261407	      0.00000000	      0.00305806	      0.00000000	      0.00000000	      0.00000000	      0.00787861	      0.00000000	      0.00000000	      0.00000000	      0.00000000	      0.00000000	      0.00000000	      0.00000000	     -0.00000000	      0.00000000	     -0.00000000
     20.00000000	    -23.83838381	      0.00000000	      0.00043746	      0.00000000	      0.00430626	      0.00000000	     -0.00153093	      0.00000000	      0.00578964	      0.00000000	     -0.00273231	      0.00000000	     -0.01112742	      0.00000000	     -0.00289056	      0.00000000	      0.00000000	      0.00000000	      0.00000000	      0.00000000	      0.00000000	      0.00000000	     -0.00000000	      0.00000000	     -0.00000000	      0.00000000	     -0.00017220	      0.00000000	      0.00040075	      0.00000000	     -0.00717642	      0.00000000	     -0.00214068	      0.00000000	     -0.00965243	      0.00000000	      0.01723638	      0.00000000	     -0.01206097	      0.00000000	     -0.03371916	      0.00000000	      0.01463809	      0.00000000	      0.00443172	      0.00000000	     -0.01106640	      0.00000000	     -0.00250415	      0.00000000	      0.00800066	      0.00000000	     -0.00000000	      0.00000000	      0.00000000	      0.00000000	     -0.02812303	      0.00000000	     -0.00194395	      0.00000000	     -0.00015388	      0.00000000	     -0.00438082	      0.00000000	      0.00256454	      0.00000000	      0.00298188	      0.00000000	     -0.00000000	      0.00000000	      0.00766092	      0.00000000	     -0.00000000	      0.00000000	      0.00000000	      0.00000000	     -0.00000000	      0.00000000	     -0.00000000	      0.00000000	      0.00000000
     21.00000000	    -23.03030300	      0.00000000	      0.00058769	      0.00000000	      0.00434004	      0.00000000	     -0.00148411	      0.00000000	      0.00575578	      0.00000000	     -0.00261639	      0.00000000	     -0.01091169	      0.00000000	     -0.00295271	      0.00000000	     -0.00000000	      0.00000000	     -0.00000000	      0.00000000	      0.00000000	      0.00000000	     -0.00000000	      0.00000000	     -0.00000000	      0.00000000	     -0.00017220	      0.00000000	      0.00040075	      0.00000000	     -0.00774908	      0.00000000	     -0.00284478	      0.00000000	     -0.01000711	      0.00000000	      0.01713658	      0.00000000	     -0.01214619	      0.00000000	     -0.03384601	      0.00000000	      0.01450574	      0.00000000	      0.00424807	      0.00000000	     -0.01119522	      0.00000000	     -0.00258543	      0.00000000	      0.00804660	      0.00000000	      0.00000000	      0.00000000	      0.00000000	      0.00000000	     -0.02813566	      0.00000000	     -0.00183856	      0.00000000	     -0.00022112	      0.00000000	     -0.00435985	      0.00000000	      0.00251381	      0.00000000	      0.00290439	      0.00000000	     -0.00000000	      0.00000000	      0.00744136	      0.00000000	      0.00000000	      0.00000000	     -0.00000000	      0.00000000	      0.00000000	      0.00000000	      0.00000000	      0.00000000	      0.00000000
     22.00000000	    -22.22222220	      0.00000000	      0.00073687	      0.00000000	      0.00437242	      0.00000000	     -0.00143810	      0.00000000	      0.00572149	      0.00000000	     -0.00250081	      0.00000000	     -0.01069551	      0.00000000	     -0.00301426	      0.00000000	     -0.00000000	      0.00000000	      0.00000000	      0.00000000	      0.00000000	      0.00000000	      0.00000000	      0.00000000	      0.00000000	      0.00000000	     -0.00017220	      0.00000000	      0.00040075	      0.00000000	     -0.00831809	      0.00000000	     -0.00354727	      0.00000000	     -0.01035800	      0.00000000	      0.01703279	      0.00000000	     -0.01222865	      0.00000000	     -0.03396432	      0.00000000	      0.01436956	      0.00000000	      0.00406318	      0.00000000	     -0.01132109	      0.00000000	     -0.00266635	      0.00000000	      0.00809107	      0.00000000	     -0.00000000	      0.00000000	     -0.00000000	      0.00000000	     -0.02814253	      0.00000000	     -0.00173013	      0.00000000	     -0.00028832	      0.00000000	     -0.00433803	      0.00000000	      0.00246251	      0.00000000	      0.00282631	      0.00000000	     -0.00000000	      0.00000000	      0.00721998	      0.00000000	     -0.00000000	      0.00000000	      0.00000000	      0.00000000	      0.00000000	      0.00000000	      0.00000000	      0.00000000	      0.00000000
     23.00000000	    -21.41414139	      0.00000000	      0.00088496	      0.00000000	      0.00440351	      0.00000000	     -0.00139093	      0.00000000	      0.00568571	      0.00000000	     -0.00242197	      0.00000000	     -0.01048037	      0.00000000	     -0.00307518	      0.00000000	      0.00000000	      0.00000000	      0.00000000	      0.00000000	     -0.00000000	      0.00000000	      0.00000000	      0.00000000	     -0.00000000	      0.00000000	     -0.00017220	      0.00000000	      0.00040075	      0.00000000	     -0.00888320	      0.00000000	     -0.00424774	      0.00000000	     -0.01070499	      0.00000000	      0.01692501	      0.00000000	     -0.01230835	      0.00000000	     -0.03407421	      0.00000000	      0.01422953	      0.00000000	      0.00387709	      0.00000000	     -0.01144400	      0.00000000	     -0.00274687	      0.00000000	      0.00813408	      0.00000000	     -0.00000000	      0.00000000	     -0.00000000	      0.00000000	     -0.02814374	      0.00000000	     -0.00162324	      0.00000000	     -0.00035546	      0.00000000	     -0.00431535	      0.00000000	      0.00241081	      0.00000000	      0.00274840	      0.00000000	      0.00000000	      0.00000000	      0.00699682	      0.00000000	     -0.00000000	      0.00000000	      0.00000000	      0.00000000	      0.00000000	      0.00000000	      0.00000000	      0.00000000	      0.00000000
     24.00000000	    -20.60606058	      0.00000000	      0.00103194	      0.00000000	      0.00443329	      0.00000000	     -0.00134462	      0.00000000	      0.00564932	      0.00000000	     -0.00231013	      0.00000000	     -0.01026555	      0.00000000	     -0.00313548	      0.00000000	     -0.00000000	      0.00000000	     -0.00000000	      0.00000000	     -0.00000000	      0.00000000	      0.00000000	      0.00000000	     -0.00000000	      0.00000000	     -0.00017220	      0.00000000	      0.00040075	      0.00000000	     -0.00944418	      0.00000000	     -0.00494582	      0.00000000	     -0.01104797	      0.00000000	      0.01681324	      0.00000000	     -0.01238528	      0.00000000	     -0.03417576	      0.00000000	      0.01408568	      0.00000000	      0.00368988	      0.00000000	     -0.01156393	      0.00000000	     -0.00282700	      0.00000000	      0.00817560	      0.00000000	     -0.00000000	      0.00000000	     -0.00000000	      0.00000000	     -0.02813938	      0.00000000	     -0.00151638	      0.00000000	     -0.00042252	      0.00000000	     -0.00429182	      0.00000000	      0.00235863	      0.00000000	      0.00266922	      0.00000000	      0.00000000	      0.00000000	      0.00677194	      0.00000000	     -0.00000000	      0.00000000	     -0.00000000	      0.00000000	     -0.00000000	      0.00000000	     -0.00000000	      0.00000000	     -0.00000000
     25.00000000	    -19.79797978	      0.00000000	      0.00117778	      0.00000000	      0.00446175	      0.00000000	     -0.00129836	      0.00000000	      0.00561192	      0.00000000	     -0.00219907	      0.00000000	     -0.01005109	      0.00000000	     -0.00319513	      0.00000000	      0.00000000	      0.00000000	     -0.00000000	      0.00000000	     -0.00000000	      0.00000000	      0.00000000	      0.00000000	     -0.00000000	      0.00000000	     -0.00017220	      0.00000000	      0.00040075	      0.00000000	     -0.01000079	      0.00000000	     -0.00564110	      0.00000000	     -0.01138685	      0.00000000	      0.01669748	      0.00000000	     -0.01245944	      0.00000000	     -0.03426910	      0.00000000	      0.01393801	      0.00000000	      0.00350157	      0.00000000	     -0.01168088	      0.00000000	     -0.00290628	      0.00000000	      0.00821565	      0.00000000	      0.00000000	      0.00000000	      0.00000000	      0.00000000	     -0.02812954	      0.00000000	     -0.00140807	      0.00000000	     -0.00048950	      0.00000000	     -0.00426744	      0.00000000	      0.00230666	      0.00000000	      0.00259022	      0.00000000	     -0.00000000	      0.00000000	      0.00654539	      0.00000000	      0.00000000	      0.00000000	     -0.00000000	      0.00000000	     -0.00000000	      0.00000000	      0.00000000	      0.00000000	      0.00000000
     26.00000000	    -18.98989897	      0.00000000	      0.00132244	      0.00000000	      0.00448895	      0.00000000	     -0.00125115	      0.00000000	      0.00557363	      0.00000000	     -0.00208764	      0.00000000	     -0.00983629	      0.00000000	     -0.00325412	      0.00000000	      0.00000000	      0.00000000	     -0.00000000	      0.00000000	      0.00000000	      0.00000000	      0.00000000	      0.00000000	     -0.00000000	      0.00000000	     -0.00017220	      0.00000000	      0.00040075	      0.00000000	     -0.01055278	      0.00000000	     -0.00633322	      0.00000000	     -0.01172152	      0.00000000	      0.01657774	      0.00000000	     -0.01253081	      0.00000000	     -0.03435431	      0.00000000	      0.01378654	      0.00000000	      0.00331224	      0.00000000	     -0.01179484	      0.00000000	     -0.00298556	      0.00000000	      0.00825422	      0.00000000	      0.00000000	      0.00000000	      0.00000000	      0.00000000	     -0.02811429	      0.00000000	     -0.00130130	      0.00000000	     -0.00055637	      0.00000000	     -0.00424223	      0.00000000	      0.00225347	      0.00000000	      0.00250996	      0.00000000	     -0.00000000	      0.00000000	      0.00631722	      0.00000000	      0.00000000	      0.00000000	      0.00000000	      0.00000000	      0.00000000	      0.00000000	      0.00000000	      0.00000000	      0.00000000
     27.00000000	    -18.18181816	      0.00000000	      0.00146591	      0.00000000	      0.00451477	      0.00000000	     -0.00120594	      0.00000000	      0.00553452	      0.00000000	     -0.00197767	      0.00000000	     -0.00962275	      0.00000000	     -0.00331245	      0.00000000	     -0.00000000	      0.00000000	      0.00000000	      0.00000000	      0.00000000	      0.00000000	      0.00000000	      0.00000000	      0.00000000	      0.00000000	     -0.00017220	      0.00000000	      0.00040075	      0.00000000	     -0.01109994	      0.00000000	     -0.00702179	      0.00000000	     -0.01205190	      0.00000000	      0.01645402	      0.00000000	     -0.01259940	      0.00000000	     -0.03443152	      0.00000000	      0.01363127	      0.00000000	      0.00312193	      0.00000000	     -0.01190578	      0.00000000	     -0.00306438	      0.00000000	      0.00829131	      0.00000000	      0.00000000	      0.00000000	      0.00000000	      0.00000000	     -0.02809374	      0.00000000	     -0.00119462	      0.00000000	     -0.00062313	      0.00000000	     -0.00421619	      0.00000000	      0.00219991	      0.00000000	      0.00242991	      0.00000000	     -0.00000000	      0.00000000	      0.00608750	      0.00000000	      0.00000000	      0.00000000	     -0.00000000	      0.00000000	     -0.00000000	      0.00000000	     -0.00000000	      0.00000000	     -0.00000000
     28.00000000	    -17.37373735	      0.00000000	      0.00160814	      0.00000000	      0.00453927	      0.00000000	     -0.00115928	      0.00000000	      0.00549461	      0.00000000	     -0.00186701	      0.00000000	     -0.00940892	      0.00000000	     -0.00337010	      0.00000000	      0.00000000	      0.00000000	     -0.00000000	      0.00000000	      0.00000000	      0.00000000	      0.00000000	      0.00000000	     -0.00000000	      0.00000000	     -0.00017220	      0.00000000	      0.00040075	      0.00000000	     -0.01164204	      0.00000000	     -0.00770645	      0.00000000	     -0.01237788	      0.00000000	      0.01632633	      0.00000000	     -0.01266521	      0.00000000	     -0.03450080	      0.00000000	      0.01347223	      0.00000000	      0.00293069	      0.00000000	     -0.01201371	      0.00000000	     -0.00314273	      0.00000000	      0.00832691	      0.00000000	      0.00000000	      0.00000000	     -0.00000000	      0.00000000	     -0.02806796	      0.00000000	     -0.00108800	      0.00000000	     -0.00068977	      0.00000000	     -0.00418932	      0.00000000	      0.00214590	      0.00000000	      0.00234861	      0.00000000	     -0.00000000	      0.00000000	      0.00585627	      0.00000000	     -0.00000000	      0.00000000	     -0.00000000	      0.00000000	     -0.00000000	      0.00000000	     -0.00000000	      0.00000000	     -0.00000000
     29.00000000	    -16.56565655	      0.00000000	      0.00174911	      0.00000000	      0.00456244	      0.00000000	     -0.00111202	      0.00000000	      0.00545382	      0.00000000	     -0.00175719	      0.00000000	     -0.00919633	      0.00000000	     -0.00342706	      0.00000000	     -0.00000000	      0.00000000	     -0.00000000	      0.00000000	     -0.00000000	      0.00000000	     -0.00000000	      0.00000000	     -0.00000000	      0.00000000	     -0.00017220	      0.00000000	      0.00040075	      0.00000000	     -0.01217888	      0.00000000	     -0.00838683	      0.00000000	     -0.01269938	      0.00000000	      0.01619467	      0.00000000	     -0.01272822	      0.00000000	     -0.03456228	      0.00000000	      0.01330943	      0.00000000	      0.00273859	      0.00000000	     -0.01211861	      0.00000000	     -0.00322060	      0.00000000	      0.00836103	      0.00000000	     -0.00000000	      0.00000000	     -0.00000000	      0.00000000	     -0.02803703	      0.00000000	     -0.00098163	      0.00000000	     -0.00075626	      0.00000000	     -0.00416162	      0.00000000	      0.00209214	      0.00000000	      0.00226755	      0.00000000	     -0.00000000	      0.00000000	      0.00562359	      0.00000000	      0.00000000	      0.00000000	     -0.00000000	      0.00000000	      0.00000000	      0.00000000	      0.00000000	      0.00000000	      0.00000000
     30.00000000	    -15.75757574	      0.00000000	      0.00188880	      0.00000000	      0.00458426	      0.00000000	     -0.00106755	      0.00000000	      0.00541222	      0.00000000	     -0.00164775	      0.00000000	     -0.00898426	      0.00000000	     -0.00348331	      0.00000000	     -0.00000000	      0.00000000	      0.00000000	      0.00000000	      0.00000000	      0.00000000	     -0.00000000	      0.00000000	     -0.00000000	      0.00000000	     -0.00017220	      0.00000000	      0.00040075	      0.00000000	     -0.01271024	      0.00000000	     -0.00906258	      0.00000000	     -0.01301633	      0.00000000	      0.01605906	      0.00000000	     -0.01278845	      0.00000000	     -0.03461605	      0.00000000	      0.01314288	      0.00000000	      0.00254568	      0.00000000	     -0.01222047	      0.00000000	     -0.00329794	      0.00000000	      0.00839366	      0.00000000	      0.00000000	      0.00000000	      0.00000000	      0.00000000	     -0.02800104	      0.00000000	     -0.00087532	      0.00000000	     -0.00082259	      0.00000000	     -0.00413311	      0.00000000	      0.00203718	      0.00000000	      0.00218526	      0.00000000	     -0.00000000	      0.00000000	      0.00538951	      0.00000000	      0.00000000	      0.00000000	      0.00000000	      0.00000000	     -0.00000000	      0.00000000	      0.00000000	      0.00000000	      0.00000000
     31.00000000	    -14.94949493	      0.00000000	      0.00202716	      0.00000000	      0.00460475	      0.00000000	     -0.00102102	      0.00000000	      0.00536988	      0.00000000	     -0.00153958	      0.00000000	     -0.00877271	      0.00000000	     -0.00353886	      0.00000000	      0.00000000	      0.00000000	     -0.00000000	      0.00000000	     -0.00000000	      0.00000000	      0.00000000	      0.00000000	      0.00000000	      0.00000000	     -0.00017220	      0.00000000	      0.00040075	      0.00000000	     -0.01323593	      0.00000000	     -0.00973336	      0.00000000	     -0.01332864	      0.00000000	      0.01591951	      0.00000000	     -0.01284588	      0.00000000	     -0.03466222	      0.00000000	      0.01297260	      0.00000000	      0.00235200	      0.00000000	     -0.01231930	      0.00000000	     -0.00337480	      0.00000000	      0.00842480	      0.00000000	      0.00000000	      0.00000000	     -0.00000000	      0.00000000	     -0.02796008	      0.00000000	     -0.00076760	      0.00000000	     -0.00088876	      0.00000000	     -0.00410379	      0.00000000	      0.00198189	      0.00000000	      0.00210322	      0.00000000	      0.00000000	      0.00000000	      0.00515409	      0.00000000	     -0.00000000	      0.00000000	      0.00000000	      0.00000000	     -0.00000000	      0.00000000	     -0.00000000	      0.00000000	      0.00000000
     32.00000000	    -14.14141413	      0.00000000	      0.00216417	      0.00000000	      0.00462389	      0.00000000	     -0.00097539	      0.00000000	      0.00532637	      0.00000000	     -0.00143110	      0.00000000	     -0.00856093	      0.00000000	     -0.00359367	      0.00000000	      0.00000000	      0.00000000	      0.00000000	      0.00000000	      0.00000000	      0.00000000	      0.00000000	      0.00000000	      0.00000000	      0.00000000	     -0.00017220	      0.00000000	      0.00040075	      0.00000000	     -0.01375575	      0.00000000	     -0.01039882	      0.00000000	     -0.01363623	      0.00000000	      0.01577602	      0.00000000	     -0.01290052	      0.00000000	     -0.03470089	      0.00000000	      0.01279863	      0.00000000	      0.00215763	      0.00000000	     -0.01241509	      0.00000000	     -0.00345108	      0.00000000	      0.00845445	      0.00000000	      0.00000000	      0.00000000	      0.00000000	      0.00000000	     -0.02791421	      0.00000000	     -0.00066161	      0.00000000	     -0.00095474	      0.00000000	     -0.00407367	      0.00000000	      0.00192687	      0.00000000	      0.00201999	      0.00000000	     -0.00000000	      0.00000000	      0.00491740	      0.00000000	      0.00000000	      0.00000000	      0.00000000	      0.00000000	      0.00000000	      0.00000000	     -0.00000000	      0.00000000	     -0.00000000
     33.00000000	    -13.33333332	      0.00000000	      0.00229981	      0.00000000	      0.00464168	      0.00000000	     -0.00092989	      0.00000000	      0.00528225	      0.00000000	     -0.00132402	      0.00000000	     -0.00835058	      0.00000000	     -0.00364776	      0.00000000	     -0.00000000	      0.00000000	     -0.00000000	      0.00000000	      0.00000000	      0.00000000	      0.00000000	      0.00000000	      0.00000000	      0.00000000	     -0.00017220	      0.00000000	      0.00040075	      0.00000000	     -0.01426951	      0.00000000	     -0.01105865	      0.00000000	     -0.01393903	      0.00000000	      0.01562861	      0.00000000	     -0.01295236	      0.00000000	     -0.03473215	      0.00000000	      0.01262098	      0.00000000	      0.00196262	      0.00000000	     -0.01250783	      0.00000000	     -0.00352681	      0.00000000	      0.00848261	      0.00000000	      0.00000000	      0.00000000	      0.00000000	      0.00000000	     -0.02786352	      0.00000000	     -0.00055578	      0.00000000	     -0.00102053	      0.00000000	     -0.00404274	      0.00000000	      0.00187076	      0.00000000	      0.00193702	      0.00000000	     -0.00000000	      0.00000000	      0.00467947	      0.00000000	      0.00000000	      0.00000000	      0.00000000	      0.00000000	     -0.00000000	      0.00000000	      0.00000000	      0.00000000	      0.00000000
     34.00000000	    -12.52525251	      0.00000000	      0.00243405	      0.00000000	      0.00465809	      0.00000000	     -0.00088418	      0.00000000	      0.00523758	      0.00000000	     -0.00121662	      0.00000000	     -0.00814085	      0.00000000	     -0.00370109	      0.00000000	     -0.00000000	      0.00000000	     -0.00000000	      0.00000000	      0.00000000	      0.00000000	     -0.00000000	      0.00000000	     -0.00000000	      0.00000000	     -0.00017220	      0.00000000	      0.00040075	      0.00000000	     -0.01477705	      0.00000000	     -0.01171252	      0.00000000	     -0.01423698	      0.00000000	      0.01547729	      0.00000000	     -0.01300142	      0.00000000	     -0.03475611	      0.00000000	      0.01243967	      0.00000000	      0.00176702	      0.00000000	     -0.01259752	      0.00000000	     -0.00360195	      0.00000000	      0.00850927	      0.00000000	      0.00000000	      0.00000000	     -0.00000000	      0.00000000	     -0.02780808	      0.00000000	     -0.00045019	      0.00000000	     -0.00108611	      0.00000000	     -0.00401103	      0.00000000	      0.00181418	      0.00000000	      0.00185363	      0.00000000	      0.00000000	      0.00000000	      0.00444039	      0.00000000	      0.00000000	      0.00000000	     -0.00000000	      0.00000000	      0.00000000	      0.00000000	     -0.00000000	      0.00000000	     -0.00000000
     35.00000000	    -11.71717170	      0.00000000	      0.00252869	      0.00000000	      0.00467314	      0.00000000	     -0.00083869	      0.00000000	      0.00519172	      0.00000000	     -0.00111057	      0.00000000	     -0.00793170	      0.00000000	     -0.00375367	      0.00000000	      0.00000000	      0.00000000	      0.00000000	      0.00000000	      0.00000000	      0.00000000	     -0.00000000	      0.00000000	      0.00000000	      0.00000000	     -0.00017220	      0.00000000	      0.00040075	      0.00000000	     -0.01527819	      0.00000000	     -0.01236013	      0.00000000	     -0.01453001	      0.00000000	      0.01532208	      0.00000000	     -0.01304768	      0.00000000	     -0.03477287	      0.00000000	      0.01225474	      0.00000000	      0.00157089	      0.00000000	     -0.01268416	      0.00000000	     -0.00367617	      0.00000000	      0.00853445	      0.00000000	      0.00000000	      0.00000000	      0.00000000	      0.00000000	     -0.02774798	      0.00000000	     -0.00034484	      0.00000000	     -0.00115146	      0.00000000	     -0.00397853	      0.00000000	      0.00175798	      0.00000000	      0.00176902	      0.00000000	      0.00000000	      0.00000000	      0.00420019	      0.00000000	     -0.00000000	      0.00000000	     -0.00000000	      0.00000000	     -0.00000000	      0.00000000	      0.00000000	      0.00000000	      0.00000000
     36.00000000	    -10.90909090	      0.00000000	      0.00265904	      0.00000000	      0.00468683	      0.00000000	     -0.00079315	      0.00000000	      0.00514506	      0.00000000	     -0.00100487	      0.00000000	     -0.00772260	      0.00000000	     -0.00380548	      0.00000000	     -0.00000000	      0.00000000	      0.00000000	      0.00000000	     -0.00000000	      0.00000000	      0.00000000	      0.00000000	      0.00000000	      0.00000000	     -0.00017220	      0.00000000	      0.00040075	      0.00000000	     -0.01577277	      0.00000000	     -0.01300117	      0.00000000	     -0.01481806	      0.00000000	      0.01516300	      0.00000000	     -0.01309116	      0.00000000	     -0.03478253	      0.00000000	      0.01206621	      0.00000000	      0.00137429	      0.00000000	     -0.01276775	      0.00000000	     -0.00375011	      0.00000000	      0.00855813	      0.00000000	      0.00000000	      0.00000000	     -0.00000000	      0.00000000	     -0.02768327	      0.00000000	     -0.00023974	      0.00000000	     -0.00121658	      0.00000000	     -0.00394525	      0.00000000	      0.00170071	      0.00000000	      0.00168475	      0.00000000	     -0.00000000	      0.00000000	      0.00395895	      0.00000000	     -0.00000000	      0.00000000	     -0.00000000	      0.00000000	     -0.00000000	      0.00000000	      0.00000000	      0.00000000	     -0.00000000
     37.00000000	    -10.10101009	      0.00000000	      0.00278768	      0.00000000	      0.00469912	      0.00000000	     -0.00074799	      0.00000000	      0.00509789	      0.00000000	     -0.00089949	      0.00000000	     -0.00751500	      0.00000000	     -0.00385652	      0.00000000	     -0.00000000	      0.00000000	      0.00000000	      0.00000000	     -0.00000000	      0.00000000	      0.00000000	      0.00000000	     -0.00000000	      0.00000000	     -0.00017220	      0.00000000	      0.00040075	      0.00000000	     -0.01626062	      0.00000000	     -0.01363537	      0.00000000	     -0.01510107	      0.00000000	      0.01500007	      0.00000000	     -0.01313185	      0.00000000	     -0.03478518	      0.00000000	      0.01187411	      0.00000000	      0.00117729	      0.00000000	     -0.01284828	      0.00000000	     -0.00382342	      0.00000000	      0.00858032	      0.00000000	      0.00000000	      0.00000000	     -0.00000000	      0.00000000	     -0.02761405	      0.00000000	     -0.00013490	      0.00000000	     -0.00128145	      0.00000000	     -0.00391120	      0.00000000	      0.00164300	      0.00000000	      0.00160006	      0.00000000	      0.00000000	      0.00000000	      0.00371671	      0.00000000	     -0.00000000	      0.00000000	     -0.00000000	      0.00000000	     -0.00000000	      0.00000000	     -0.00000000	      0.00000000	     -0.00000000
     38.00000000	     -9.29292928	      0.00000000	      0.00291491	      0.00000000	      0.00471010	      0.00000000	     -0.00070337	      0.00000000	      0.00504984	      0.00000000	     -0.00079548	      0.00000000	     -0.00730814	      0.00000000	     -0.00390676	      0.00000000	     -0.00000000	      0.00000000	      0.00000000	      0.00000000	     -0.00000000	      0.00000000	     -0.00000000	      0.00000000	      0.00000000	      0.00000000	     -0.00017220	      0.00000000	      0.00040075	      0.00000000	     -0.01674161	      0.00000000	     -0.01426244	      0.00000000	     -0.01537899	      0.00000000	      0.01483330	      0.00000000	     -0.01316977	      0.00000000	     -0.03478092	      0.00000000	      0.01167848	      0.00000000	      0.00097993	      0.00000000	     -0.01292576	      0.00000000	     -0.00389609	      0.00000000	      0.00860101	      0.00000000	      0.00000000	      0.00000000	      0.00000000	      0.00000000	     -0.02754037	      0.00000000	     -0.00002887	      0.00000000	     -0.00134605	      0.00000000	     -0.00387639	      0.00000000	      0.00158569	      0.00000000	      0.00151554	      0.00000000	      0.00000000	      0.00000000	      0.00347355	      0.00000000	      0.00000000	      0.00000000	     -0.00000000	      0.00000000	     -0.00000000	      0.00000000	      0.00000000	      0.00000000	      0.00000000
     39.00000000	     -8.48484848	      0.00000000	      0.00304103	      0.00000000	      0.00471972	      0.00000000	     -0.00065895	      0.00000000	      0.00500070	      0.00000000	     -0.00069142	      0.00000000	     -0.00710206	      0.00000000	     -0.00395621	      0.00000000	     -0.00000000	      0.00000000	     -0.00000000	      0.00000000	     -0.00000000	      0.00000000	      0.00000000	      0.00000000	     -0.00000000	      0.00000000	     -0.00017220	      0.00000000	      0.00040075	      0.00000000	     -0.01721560	      0.00000000	     -0.01488213	      0.00000000	     -0.01565177	      0.00000000	      0.01466271	      0.00000000	     -0.01320490	      0.00000000	     -0.03476985	      0.00000000	      0.01147936	      0.00000000	      0.00078227	      0.00000000	     -0.01300019	      0.00000000	     -0.00396809	      0.00000000	      0.00862021	      0.00000000	     -0.00000000	      0.00000000	     -0.00000000	      0.00000000	     -0.02746231	      0.00000000	      0.00007540	      0.00000000	     -0.00141038	      0.00000000	     -0.00384082	      0.00000000	      0.00152726	      0.00000000	      0.00143003	      0.00000000	      0.00000000	      0.00000000	      0.00322951	      0.00000000	     -0.00000000	      0.00000000	      0.00000000	      0.00000000	      0.00000000	      0.00000000	     -0.00000000	      0.00000000	      0.00000000
     40.00000000	     -7.67676767	      0.00000000	      0.00316536	      0.00000000	      0.00472797	      0.00000000	     -0.00061473	      0.00000000	      0.00495135	      0.00000000	     -0.00058871	      0.00000000	     -0.00689722	      0.00000000	     -0.00400485	      0.00000000	     -0.00000000	      0.00000000	      0.00000000	      0.00000000	      0.00000000	      0.00000000	     -0.00000000	      0.00000000	     -0.00000000	      0.00000000	     -0.00017220	      0.00000000	      0.00040075	      0.00000000	     -0.01768244	      0.00000000	     -0.01549418	      0.00000000	     -0.01591937	      0.00000000	      0.01448834	      0.00000000	     -0.01323726	      0.00000000	     -0.03475207	      0.00000000	      0.01127677	      0.00000000	      0.00058438	      0.00000000	     -0.01307158	      0.00000000	     -0.00403940	      0.00000000	      0.00863792	      0.00000000	      0.00000000	      0.00000000	      0.00000000	      0.00000000	     -0.02737994	      0.00000000	      0.00017936	      0.00000000	     -0.00147441	      0.00000000	     -0.00380450	      0.00000000	      0.00146859	      0.00000000	      0.00134330	      0.00000000	     -0.00000000	      0.00000000	      0.00298467	      0.00000000	     -0.00000000	      0.00000000	     -0.00000000	      0.00000000	      0.00000000	      0.00000000	      0.00000000	      0.00000000	     -0.00000000
     41.00000000	     -6.86868686	      0.00000000	      0.00328821	      0.00000000	      0.00473475	      0.00000000	     -0.00057000	      0.00000000	      0.00490092	      0.00000000	     -0.00048663	      0.00000000	     -0.00669276	      0.00000000	     -0.00405268	      0.00000000	      0.00000000	      0.00000000	      0.00000000	      0.00000000	      0.00000000	      0.00000000	     -0.00000000	      0.00000000	     -0.00000000	      0.00000000	     -0.00017220	      0.00000000	      0.00040075	      0.00000000	     -0.01814203	      0.00000000	     -0.01609836	      0.00000000	     -0.01618173	      0.00000000	      0.01431020	      0.00000000	     -0.01326686	      0.00000000	     -0.03472766	      0.00000000	      0.01107076	      0.00000000	      0.00038632	      0.00000000	     -0.01313992	      0.00000000	     -0.00411001	      0.00000000	      0.00865414	      0.00000000	     -0.00000000	      0.00000000	     -0.00000000	      0.00000000	     -0.02729334	      0.00000000	      0.00028304	      0.00000000	     -0.00153815	      0.00000000	     -0.00376743	      0.00000000	      0.00141024	      0.00000000	      0.00125697	      0.00000000	      0.00000000	      0.00000000	      0.00273908	      0.00000000	      0.00000000	      0.00000000	      0.00000000	      0.00000000	     -0.00000000	      0.00000000	      0.00000000	      0.00000000	      0.00000000
     42.00000000	     -6.06060605	      0.00000000	      0.00340988	      0.00000000	      0.00474026	      0.00000000	     -0.00052600	      0.00000000	      0.00484945	      0.00000000	     -0.00038513	      0.00000000	     -0.00648839	      0.00000000	     -0.00409968	      0.00000000	     -0.00000000	      0.00000000	     -0.00000000	      0.00000000	     -0.00000000	      0.00000000	     -0.00000000	      0.00000000	     -0.00000000	      0.00000000	     -0.00017220	      0.00000000	      0.00040075	      0.00000000	     -0.01859423	      0.00000000	     -0.01669442	      0.00000000	     -0.01643883	      0.00000000	      0.01412833	      0.00000000	     -0.01329370	      0.00000000	     -0.03469673	      0.00000000	      0.01086137	      0.00000000	      0.00018814	      0.00000000	     -0.01320523	      0.00000000	     -0.00417990	      0.00000000	      0.00866887	      0.00000000	      0.00000000	      0.00000000	      0.00000000	      0.00000000	     -0.02720255	      0.00000000	      0.00038633	      0.00000000	     -0.00160156	      0.00000000	     -0.00372963	      0.00000000	      0.00135083	      0.00000000	      0.00117024	      0.00000000	      0.00000000	      0.00000000	      0.00249280	      0.00000000	      0.00000000	      0.00000000	      0.00000000	      0.00000000	     -0.00000000	      0.00000000	     -0.00000000	      0.00000000	     -0.00000000
     43.00000000	     -5.25252525	      0.00000000	      0.00352967	      0.00000000	      0.00474432	      0.00000000	     -0.00048280	      0.00000000	      0.00479847	      0.00000000	     -0.00028414	      0.00000000	     -0.00628571	      0.00000000	     -0.00414584	      0.00000000	      0.00000000	      0.00000000	     -0.00000000	      0.00000000	     -0.00000000	      0.00000000	      0.00000000	      0.00000000	     -0.00000000	      0.00000000	     -0.00017220	      0.00000000	      0.00040075	      0.00000000	     -0.01903893	      0.00000000	     -0.01728217	      0.00000000	     -0.01669063	      0.00000000	      0.01394274	      0.00000000	     -0.01331778	      0.00000000	     -0.03465936	      0.00000000	      0.01064864	      0.00000000	     -0.00001009	      0.00000000	     -0.01326750	      0.00000000	     -0.00424905	      0.00000000	      0.00868210	      0.00000000	      0.00000000	      0.00000000	     -0.00000000	      0.00000000	     -0.02710766	      0.00000000	      0.00048926	      0.00000000	     -0.00166465	      0.00000000	     -0.00369111	      0.00000000	      0.00129184	      0.00000000	      0.00108366	      0.00000000	      0.00000000	      0.00000000	      0.00224589	      0.00000000	     -0.00000000	      0.00000000	      0.00000000	      0.00000000	      0.00000000	      0.00000000	     -0.00000000	      0.00000000	      0.00000000
     44.00000000	     -4.44444444	      0.00000000	      0.00364790	      0.00000000	      0.00474718	      0.00000000	     -0.00043921	      0.00000000	      0.00474591	      0.00000000	     -0.00018484	      0.00000000	     -0.00608426	      0.00000000	     -0.00419115	      0.00000000	      0.00000000	      0.00000000	     -0.00000000	      0.00000000	     -0.00000000	      0.00000000	      0.00000000	      0.00000000	      0.00000000	      0.00000000	     -0.00017220	      0.00000000	      0.00040075	      0.00000000	     -0.01947605	      0.00000000	     -0.01786138	      0.00000000	     -0.01693709	      0.00000000	      0.01375347	      0.00000000	     -0.01333912	      0.00000000	     -0.03461564	      0.00000000	      0.01043262	      0.00000000	     -0.00020833	      0.00000000	     -0.01332674	      0.00000000	     -0.00431745	      0.00000000	      0.00869385	      0.00000000	      0.00000000	      0.00000000	      0.00000000	      0.00000000	     -0.02700872	      0.00000000	      0.00059182	      0.00000000	     -0.00172740	      0.00000000	     -0.00365186	      0.00000000	      0.00123187	      0.00000000	      0.00099614	      0.00000000	     -0.00000000	      0.00000000	      0.00199842	      0.00000000	     -0.00000000	      0.00000000	      0.00000000	      0.00000000	      0.00000000	      0.00000000	      0.00000000	      0.00000000	      0.00000000
     45.00000000	     -3.63636363	      0.00000000	      0.00376454	      0.00000000	      0.00474859	      0.00000000	     -0.00039608	      0.00000000	      0.00469266	      0.00000000	     -0.00008602	      0.00000000	     -0.00588347	      0.00000000	     -0.00423562	      0.00000000	      0.00000000	      0.00000000	      0.00000000	      0.00000000	      0.00000000	      0.00000000	      0.00000000	      0.00000000	      0.00000000	      0.00000000	     -0.00017220	      0.00000000	      0.00040075	      0.00000000	     -0.01990547	      0.00000000	     -0.01843188	      0.00000000	     -0.01717818	      0.00000000	      0.01356055	      0.00000000	     -0.01335771	      0.00000000	     -0.03456568	      0.00000000	      0.01021336	      0.00000000	     -0.00040650	      0.00000000	     -0.01338296	      0.00000000	     -0.00438507	      0.00000000	      0.00870411	      0.00000000	     -0.00000000	      0.00000000	      0.00000000	      0.00000000	     -0.02690580	      0.00000000	      0.00069533	      0.00000000	     -0.00178979	      0.00000000	     -0.00361190	      0.00000000	      0.00117219	      0.00000000	      0.00090753	      0.00000000	      0.00000000	      0.00000000	      0.00175045	      0.00000000	     -0.00000000	      0.00000000	     -0.00000000	      0.00000000	     -0.00000000	      0.00000000	     -0.00000000	      0.00000000	     -0.00000000
     46.00000000	     -2.82828283	      0.00000000	      0.00387951	      0.00000000	      0.00474841	      0.00000000	     -0.00035343	      0.00000000	      0.00463835	      0.00000000	      0.00001276	      0.00000000	     -0.00568306	      0.00000000	     -0.00427922	      0.00000000	     -0.00000000	      0.00000000	     -0.00000000	      0.00000000	     -0.00000000	      0.00000000	     -0.00000000	      0.00000000	     -0.00000000	      0.00000000	     -0.00017220	      0.00000000	      0.00040075	      0.00000000	     -0.02032711	      0.00000000	     -0.01899347	      0.00000000	     -0.01741388	      0.00000000	      0.01336402	      0.00000000	     -0.01337358	      0.00000000	     -0.03450954	      0.00000000	      0.00999089	      0.00000000	     -0.00060455	      0.00000000	     -0.01343617	      0.00000000	     -0.00445191	      0.00000000	      0.00871288	      0.00000000	      0.00000000	      0.00000000	     -0.00000000	      0.00000000	     -0.02679897	      0.00000000	      0.00079710	      0.00000000	     -0.00185182	      0.00000000	     -0.00357123	      0.00000000	      0.00111164	      0.00000000	      0.00081866	      0.00000000	      0.00000000	      0.00000000	      0.00150204	      0.00000000	     -0.00000000	      0.00000000	     -0.00000000	      0.00000000	     -0.00000000	      0.00000000	     -0.00000000	      0.00000000	      0.00000000
     47.00000000	     -2.02020202	      0.00000000	      0.00399269	      0.00000000	      0.00474707	      0.00000000	     -0.00031090	      0.00000000	      0.00458446	      0.00000000	      0.00010952	      0.00000000	     -0.00548428	      0.00000000	     -0.00432195	      0.00000000	     -0.00000000	      0.00000000	      0.00000000	      0.00000000	      0.00000000	      0.00000000	      0.00000000	      0.00000000	     -0.00000000	      0.00000000	     -0.00017220	      0.00000000	      0.00040075	      0.00000000	     -0.02074089	      0.00000000	     -0.01954599	      0.00000000	     -0.01764416	      0.00000000	      0.01316389	      0.00000000	     -0.01338672	      0.00000000	     -0.03444733	      0.00000000	      0.00976529	      0.00000000	     -0.00080241	      0.00000000	     -0.01348638	      0.00000000	     -0.00451793	      0.00000000	      0.00872017	      0.00000000	      0.00000000	      0.00000000	      0.00000000	      0.00000000	     -0.02668828	      0.00000000	      0.00089845	      0.00000000	     -0.00191346	      0.00000000	     -0.00352987	      0.00000000	      0.00105184	      0.00000000	      0.00072954	      0.00000000	     -0.00000000	      0.00000000	      0.00125325	      0.00000000	      0.00000000	      0.00000000	     -0.00000000	      0.00000000	      0.00000000	      0.00000000	      0.00000000	      0.00000000	      0.00000000
     48.00000000	     -1.21212121	      0.00000000	      0.00410480	      0.00000000	      0.00474460	      0.00000000	     -0.00026912	      0.00000000	      0.00452898	      0.00000000	      0.00020592	      0.00000000	     -0.00528654	      0.00000000	     -0.00436380	      0.00000000	     -0.00000000	      0.00000000	      0.00000000	      0.00000000	      0.00000000	      0.00000000	     -0.00000000	      0.00000000	     -0.00000000	      0.00000000	     -0.00017220	      0.00000000	      0.00040075	      0.00000000	     -0.02114674	      0.00000000	     -0.02008928	      0.00000000	     -0.01786901	      0.00000000	      0.01296022	      0.00000000	     -0.01339715	      0.00000000	     -0.03437914	      0.00000000	      0.00953659	      0.00000000	     -0.00100004	      0.00000000	     -0.01353358	      0.00000000	     -0.00458314	      0.00000000	      0.00872597	      0.00000000	      0.00000000	      0.00000000	      0.00000000	      0.00000000	     -0.02657380	      0.00000000	      0.00099938	      0.00000000	     -0.00197471	      0.00000000	     -0.00348783	      0.00000000	      0.00099069	      0.00000000	      0.00064020	      0.00000000	     -0.00000000	      0.00000000	      0.00100414	      0.00000000	     -0.00000000	      0.00000000	      0.00000000	      0.00000000	      0.00000000	      0.00000000	      0.00000000	      0.00000000	      0.00000000
     49.00000000	     -0.40404040	      0.00000000	      0.00421477	      0.00000000	      0.00474023	      0.00000000	     -0.00022710	      0.00000000	      0.00447298	      0.00000000	      0.00030121	      0.00000000	     -0.00508987	      0.00000000	     -0.00440477	      0.00000000	     -0.00000000	      0.00000000	     -0.00000000	      0.00000000	     -0.00000000	      0.00000000	     -0.00000000	      0.00000000	      0.00000000	      0.00000000	     -0.00017220	      0.00000000	      0.00040075	      0.00000000	     -0.02154458	      0.00000000	     -0.02062320	      0.00000000	     -0.01808840	      0.00000000	      0.01275304	      0.00000000	     -0.01340487	      0.00000000	     -0.03430504	      0.00000000	      0.00930485	      0.00000000	     -0.00119737	      0.00000000	     -0.01357780	      0.00000000	     -0.00464751	      0.00000000	      0.00873030	      0.00000000	     -0.00000000	      0.00000000	     -0.00000000	      0.00000000	     -0.02645558	      0.00000000	      0.00109947	      0.00000000	     -0.00203556	      0.00000000	     -0.00344510	      0.00000000	      0.00092997	      0.00000000	      0.00055064	      0.00000000	     -0.00000000	      0.00000000	      0.00075479	      0.00000000	     -0.00000000	      0.00000000	     -0.00000000	      0.00000000	      0.00000000	      0.00000000	     -0.00000000	      0.00000000	     -0.00000000
     50.00000000	      0.40404040	      0.00000000	      0.00432304	      0.00000000	      0.00473472	      0.00000000	     -0.00018533	      0.00000000	      0.00441659	      0.00000000	      0.00039600	      0.00000000	     -0.00489363	      0.00000000	     -0.00444484	      0.00000000	     -0.00000000	      0.00000000	      0.00000000	      0.00000000	     -0.00000000	      0.00000000	      0.00000000	      0.00000000	      0.00000000	      0.00000000	     -0.00017220	      0.00000000	      0.00040075	      0.00000000	     -0.02193436	      0.00000000	     -0.02114761	      0.00000000	     -0.01830233	      0.00000000	      0.01254239	      0.00000000	     -0.01340990	      0.00000000	     -0.03422512	      0.00000000	      0.00907013	      0.00000000	     -0.00139434	      0.00000000	     -0.01361904	      0.00000000	     -0.00471101	      0.00000000	      0.00873314	      0.00000000	     -0.00000000	      0.00000000	      0.00000000	      0.00000000	     -0.02633369	      0.00000000	      0.00120021	      0.00000000	     -0.00209599	      0.00000000	     -0.00340170	      0.00000000	      0.00086830	      0.00000000	      0.00046088	      0.00000000	     -0.00000000	      0.00000000	      0.00050524	      0.00000000	     -0.00000000	      0.00000000	      0.00000000	      0.00000000	      0.00000000	      0.00000000	      0.00000000	      0.00000000	      0.00000000
     51.00000000	      1.21212121	      0.00000000	      0.00442944	      0.00000000	      0.00472785	      0.00000000	     -0.00014462	      0.00000000	      0.00435981	      0.00000000	      0.00048941	      0.00000000	     -0.00469925	      0.00000000	     -0.00448401	      0.00000000	     -0.00000000	      0.00000000	      0.00000000	      0.00000000	      0.00000000	      0.00000000	     -0.00000000	      0.00000000	      0.00000000	      0.00000000	     -0.00017220	      0.00000000	      0.00040075	      0.00000000	     -0.02231601	      0.00000000	     -0.02166239	      0.00000000	     -0.01851078	      0.00000000	      0.01232831	      0.00000000	     -0.01341225	      0.00000000	     -0.03413947	      0.00000000	      0.00883250	      0.00000000	     -0.00159089	      0.00000000	     -0.01365732	      0.00000000	     -0.00477347	      0.00000000	      0.00873451	      0.00000000	     -0.00000000	      0.00000000	     -0.00000000	      0.00000000	     -0.02620817	      0.00000000	      0.00129976	      0.00000000	     -0.00215599	      0.00000000	     -0.00335765	      0.00000000	      0.00080641	      0.00000000	      0.00037093	      0.00000000	     -0.00000000	      0.00000000	      0.00025556	      0.00000000	      0.00000000	      0.00000000	     -0.00000000	      0.00000000	     -0.00000000	      0.00000000	      0.00000000	      0.00000000	      0.00000000
     52.00000000	      2.02020202	      0.00000000	      0.00453452	      0.00000000	      0.00472015	      0.00000000	     -0.00010367	      0.00000000	      0.00430204	      0.00000000	      0.00058230	      0.00000000	     -0.00450599	      0.00000000	     -0.00452226	      0.00000000	     -0.00000000	      0.00000000	     -0.00000000	      0.00000000	     -0.00000000	      0.00000000	     -0.00000000	      0.00000000	     -0.00000000	      0.00000000	     -0.00017220	      0.00000000	      0.00040075	      0.00000000	     -0.02268950	      0.00000000	     -0.02216743	      0.00000000	     -0.01871374	      0.00000000	      0.01211084	      0.00000000	     -0.01341192	      0.00000000	     -0.03404817	      0.00000000	      0.00859200	      0.00000000	     -0.00178696	      0.00000000	     -0.01369264	      0.00000000	     -0.00483523	      0.00000000	      0.00873440	      0.00000000	      0.00000000	      0.00000000	     -0.00000000	      0.00000000	     -0.02607910	      0.00000000	      0.00139882	      0.00000000	     -0.00221554	      0.00000000	     -0.00331293	      0.00000000	      0.00074432	      0.00000000	      0.00028082	      0.00000000	     -0.00000000	      0.00000000	      0.00000582	      0.00000000	     -0.00000000	      0.00000000	     -0.00000000	      0.00000000	     -0.00000000	      0.00000000	     -0.00000000	      0.00000000	     -0.00000000
     53.00000000	      2.82828283	      0.00000000	      0.00463751	      0.00000000	      0.00471041	      0.00000000	     -0.00006315	      0.00000000	      0.00424367	      0.00000000	      0.00067374	      0.00000000	     -0.00431376	      0.00000000	     -0.00455960	      0.00000000	      0.00000000	      0.00000000	     -0.00000000	      0.00000000	     -0.00000000	      0.00000000	     -0.00000000	      0.00000000	     -0.00000000	      0.00000000	     -0.00017220	      0.00000000	      0.00040075	      0.00000000	     -0.02305478	      0.00000000	     -0.02266262	      0.00000000	     -0.01891121	      0.00000000	      0.01189003	      0.00000000	     -0.01340893	      0.00000000	     -0.03395130	      0.00000000	      0.00834871	      0.00000000	     -0.00198251	      0.00000000	     -0.01372502	      0.00000000	     -0.00489607	      0.00000000	      0.00873282	      0.00000000	     -0.00000000	      0.00000000	      0.00000000	      0.00000000	     -0.02594652	      0.00000000	      0.00149739	      0.00000000	     -0.00227465	      0.00000000	     -0.00326758	      0.00000000	      0.00068204	      0.00000000	      0.00019054	      0.00000000	      0.00000000	      0.00000000	     -0.00024392	      0.00000000	      0.00000000	      0.00000000	     -0.00000000	      0.00000000	      0.00000000	      0.00000000	      0.00000000	      0.00000000	      0.00000000
     54.00000000	      3.63636363	      0.00000000	      0.00473870	      0.00000000	      0.00469941	      0.00000000	     -0.00002316	      0.00000000	      0.00418530	      0.00000000	      0.00076438	      0.00000000	     -0.00412293	      0.00000000	     -0.00459602	      0.00000000	     -0.00000000	      0.00000000	     -0.00000000	      0.00000000	      0.00000000	      0.00000000	      0.00000000	      0.00000000	      0.00000000	      0.00000000	     -0.00017220	      0.00000000	      0.00040075	      0.00000000	     -0.02341182	      0.00000000	     -0.02314789	      0.00000000	     -0.01910317	      0.00000000	      0.01166592	      0.00000000	     -0.01340330	      0.00000000	     -0.03384894	      0.00000000	      0.00810270	      0.00000000	     -0.00217746	      0.00000000	     -0.01375447	      0.00000000	     -0.00495599	      0.00000000	      0.00872977	      0.00000000	     -0.00000000	      0.00000000	      0.00000000	      0.00000000	     -0.02581049	      0.00000000	      0.00159672	      0.00000000	     -0.00233328	      0.00000000	     -0.00322159	      0.00000000	      0.00061957	      0.00000000	      0.00010013	      0.00000000	      0.00000000	      0.00000000	     -0.00049360	      0.00000000	      0.00000000	      0.00000000	      0.00000000	      0.00000000	     -0.00000000	      0.00000000	     -0.00000000	      0.00000000	     -0.00000000
     55.00000000	      4.44444444	      0.00000000	      0.00483792	      0.00000000	      0.00468735	      0.00000000	      0.00001726	      0.00000000	      0.00412577	      0.00000000	      0.00085376	      0.00000000	     -0.00393316	      0.00000000	     -0.00463150	      0.00000000	     -0.00000000	      0.00000000	     -0.00000000	      0.00000000	     -0.00000000	      0.00000000	     -0.00000000	      0.00000000	     -0.00000000	      0.00000000	     -0.00017220	      0.00000000	      0.00040075	      0.00000000	     -0.02376057	      0.00000000	     -0.02362313	      0.00000000	     -0.01928965	      0.00000000	      0.01143855	      0.00000000	     -0.01339503	      0.00000000	     -0.03374118	      0.00000000	      0.00785402	      0.00000000	     -0.00237176	      0.00000000	     -0.01378100	      0.00000000	     -0.00501497	      0.00000000	      0.00872525	      0.00000000	      0.00000000	      0.00000000	      0.00000000	      0.00000000	     -0.02567107	      0.00000000	      0.00169425	      0.00000000	     -0.00239144	      0.00000000	     -0.00317497	      0.00000000	      0.00055693	      0.00000000	      0.00000959	      0.00000000	     -0.00000000	      0.00000000	     -0.00074315	      0.00000000	      0.00000000	      0.00000000	     -0.00000000	      0.00000000	      0.00000000	      0.00000000	      0.00000000	      0.00000000	      0.00000000
     56.00000000	      5.25252525	      0.00000000	      0.00493555	      0.00000000	      0.00467376	      0.00000000	      0.00005677	      0.00000000	      0.00406569	      0.00000000	      0.00094228	      0.00000000	     -0.00374487	      0.00000000	     -0.00466605	      0.00000000	      0.00000000	      0.00000000	     -0.00000000	      0.00000000	     -0.00000000	      0.00000000	     -0.00000000	      0.00000000	      0.00000000	      0.00000000	     -0.00017220	      0.00000000	      0.00040075	      0.00000000	     -0.02410103	      0.00000000	     -0.02408830	      0.00000000	     -0.01947062	      0.00000000	      0.01120799	      0.00000000	     -0.01338413	      0.00000000	     -0.03362809	      0.00000000	      0.00760275	      0.00000000	     -0.00256536	      0.00000000	     -0.01380463	      0.00000000	     -0.00507299	      0.00000000	      0.00871927	      0.00000000	     -0.00000000	      0.00000000	      0.00000000	      0.00000000	     -0.02552830	      0.00000000	      0.00179124	      0.00000000	     -0.00244911	      0.00000000	     -0.00312774	      0.00000000	      0.00049412	      0.00000000	     -0.00008106	      0.00000000	     -0.00000000	      0.00000000	     -0.00099252	      0.00000000	     -0.00000000	      0.00000000	      0.00000000	      0.00000000	      0.00000000	      0.00000000	      0.00000000	      0.00000000	      0.00000000
     57.00000000	      6.06060605	      0.00000000	      0.00503114	      0.00000000	      0.00465883	      0.00000000	      0.00009535	      0.00000000	      0.00400530	      0.00000000	      0.00102928	      0.00000000	     -0.00355750	      0.00000000	     -0.00469965	      0.00000000	      0.00000000	      0.00000000	     -0.00000000	      0.00000000	     -0.00000000	      0.00000000	     -0.00000000	      0.00000000	      0.00000000	      0.00000000	     -0.00017220	      0.00000000	      0.00040075	      0.00000000	     -0.02443317	      0.00000000	     -0.02454332	      0.00000000	     -0.01964610	      0.00000000	      0.01097427	      0.00000000	     -0.01337063	      0.00000000	     -0.03350975	      0.00000000	      0.00734895	      0.00000000	     -0.00275819	      0.00000000	     -0.01382536	      0.00000000	     -0.00513003	      0.00000000	      0.00871183	      0.00000000	     -0.00000000	      0.00000000	      0.00000000	      0.00000000	     -0.02538224	      0.00000000	      0.00188772	      0.00000000	     -0.00250628	      0.00000000	     -0.00307989	      0.00000000	      0.00043117	      0.00000000	     -0.00017180	      0.00000000	     -0.00000000	      0.00000000	     -0.00124164	      0.00000000	     -0.00000000	      0.00000000	      0.00000000	      0.00000000	      0.00000000	      0.00000000	      0.00000000	      0.00000000	     -0.00000000
     58.00000000	      6.86868686	      0.00000000	      0.00512485	      0.00000000	      0.00464255	      0.00000000	      0.00013405	      0.00000000	      0.00394445	      0.00000000	      0.00111608	      0.00000000	     -0.00337187	      0.00000000	     -0.00473230	      0.00000000	      0.00000000	      0.00000000	      0.00000000	      0.00000000	      0.00000000	      0.00000000	     -0.00000000	      0.00000000	      0.00000000	      0.00000000	     -0.00017220	      0.00000000	      0.00040075	      0.00000000	     -0.02475697	      0.00000000	     -0.02498815	      0.00000000	     -0.01981609	      0.00000000	      0.01073746	      0.00000000	     -0.01335453	      0.00000000	     -0.03338623	      0.00000000	      0.00709271	      0.00000000	     -0.00295021	      0.00000000	     -0.01384323	      0.00000000	     -0.00518609	      0.00000000	      0.00870292	      0.00000000	     -0.00000000	      0.00000000	      0.00000000	      0.00000000	     -0.02523294	      0.00000000	      0.00198361	      0.00000000	     -0.00256293	      0.00000000	     -0.00303145	      0.00000000	      0.00036808	      0.00000000	     -0.00026263	      0.00000000	      0.00000000	      0.00000000	     -0.00149044	      0.00000000	     -0.00000000	      0.00000000	     -0.00000000	      0.00000000	      0.00000000	      0.00000000	      0.00000000	      0.00000000	      0.00000000
     59.00000000	      7.67676767	      0.00000000	      0.00521682	      0.00000000	      0.00462495	      0.00000000	      0.00017226	      0.00000000	      0.00388254	      0.00000000	      0.00120111	      0.00000000	     -0.00318762	      0.00000000	     -0.00476399	      0.00000000	      0.00000000	      0.00000000	      0.00000000	      0.00000000	      0.00000000	      0.00000000	      0.00000000	      0.00000000	      0.00000000	      0.00000000	     -0.00017220	      0.00000000	      0.00040075	      0.00000000	     -0.02507242	      0.00000000	     -0.02542275	      0.00000000	     -0.01998060	      0.00000000	      0.01049760	      0.00000000	     -0.01333584	      0.00000000	     -0.03325762	      0.00000000	      0.00683410	      0.00000000	     -0.00314135	      0.00000000	     -0.01385823	      0.00000000	     -0.00524114	      0.00000000	      0.00869257	      0.00000000	      0.00000000	      0.00000000	      0.00000000	      0.00000000	     -0.02508046	      0.00000000	      0.00207893	      0.00000000	     -0.00261906	      0.00000000	     -0.00298243	      0.00000000	      0.00030485	      0.00000000	     -0.00035351	      0.00000000	     -0.00000000	      0.00000000	     -0.00173887	      0.00000000	     -0.00000000	      0.00000000	     -0.00000000	      0.00000000	     -0.00000000	      0.00000000	      0.00000000	      0.00000000	     -0.00000000
     60.00000000	      8.48484848	      0.00000000	      0.00530666	      0.00000000	      0.00460630	      0.00000000	      0.00021004	      0.00000000	      0.00382038	      0.00000000	      0.00128477	      0.00000000	     -0.00300412	      0.00000000	     -0.00479472	      0.00000000	      0.00000000	      0.00000000	     -0.00000000	      0.00000000	     -0.00000000	      0.00000000	      0.00000000	      0.00000000	     -0.00000000	      0.00000000	     -0.00017220	      0.00000000	      0.00040075	      0.00000000	     -0.02537954	      0.00000000	     -0.02584708	      0.00000000	     -0.02013964	      0.00000000	      0.01025475	      0.00000000	     -0.01331459	      0.00000000	     -0.03312399	      0.00000000	      0.00657319	      0.00000000	     -0.00333157	      0.00000000	     -0.01387039	      0.00000000	     -0.00529514	      0.00000000	      0.00868076	      0.00000000	      0.00000000	      0.00000000	     -0.00000000	      0.00000000	     -0.02492483	      0.00000000	      0.00217367	      0.00000000	     -0.00267465	      0.00000000	     -0.00293282	      0.00000000	      0.00024152	      0.00000000	     -0.00044445	      0.00000000	      0.00000000	      0.00000000	     -0.00198687	      0.00000000	     -0.00000000	      0.00000000	     -0.00000000	      0.00000000	      0.00000000	      0.00000000	      0.00000000	      0.00000000	      0.00000000
     61.00000000	      9.29292928	      0.00000000	      0.00539445	      0.00000000	      0.00458635	      0.00000000	      0.00024732	      0.00000000	      0.00375845	      0.00000000	      0.00136783	      0.00000000	     -0.00282316	      0.00000000	     -0.00482448	      0.00000000	      0.00000000	      0.00000000	      0.00000000	      0.00000000	      0.00000000	      0.00000000	      0.00000000	      0.00000000	      0.00000000	      0.00000000	     -0.00017220	      0.00000000	      0.00040075	      0.00000000	     -0.02567830	      0.00000000	     -0.02626111	      0.00000000	     -0.02029322	      0.00000000	      0.01000897	      0.00000000	     -0.01329079	      0.00000000	     -0.03298540	      0.00000000	      0.00631007	      0.00000000	     -0.00352080	      0.00000000	     -0.01387972	      0.00000000	     -0.00534814	      0.00000000	      0.00866750	      0.00000000	      0.00000000	      0.00000000	     -0.00000000	      0.00000000	     -0.02476612	      0.00000000	      0.00226781	      0.00000000	     -0.00272970	      0.00000000	     -0.00288264	      0.00000000	      0.00017807	      0.00000000	     -0.00053463	      0.00000000	      0.00000000	      0.00000000	     -0.00223436	      0.00000000	      0.00000000	      0.00000000	      0.00000000	      0.00000000	     -0.00000000	      0.00000000	     -0.00000000	      0.00000000	      0.00000000
     62.00000000	     10.10101009	      0.00000000	      0.00548035	      0.00000000	      0.00456480	      0.00000000	      0.00028403	      0.00000000	      0.00369523	      0.00000000	      0.00144928	      0.00000000	     -0.00264322	      0.00000000	     -0.00485326	      0.00000000	     -0.00000000	      0.00000000	     -0.00000000	      0.00000000	     -0.00000000	      0.00000000	     -0.00000000	      0.00000000	     -0.00000000	      0.00000000	     -0.00017220	      0.00000000	      0.00040075	      0.00000000	     -0.02596872	      0.00000000	     -0.02666485	      0.00000000	     -0.02044135	      0.00000000	      0.00976031	      0.00000000	     -0.01326444	      0.00000000	     -0.03284195	      0.00000000	      0.00604481	      0.00000000	     -0.00370899	      0.00000000	     -0.01388624	      0.00000000	     -0.00540009	      0.00000000	      0.00865280	      0.00000000	      0.00000000	      0.00000000	     -0.00000000	      0.00000000	     -0.02460436	      0.00000000	      0.00236246	      0.00000000	     -0.00278418	      0.00000000	     -0.00283191	      0.00000000	      0.00011453	      0.00000000	     -0.00062424	      0.00000000	      0.00000000	      0.00000000	     -0.00248129	      0.00000000	     -0.00000000	      0.00000000	     -0.00000000	      0.00000000	     -0.00000000	      0.00000000	     -0.00000000	      0.00000000	     -0.00000000
     63.00000000	     10.90909090	      0.00000000	      0.00556422	      0.00000000	      0.00454198	      0.00000000	      0.00032057	      0.00000000	      0.00363154	      0.00000000	      0.00152996	      0.00000000	     -0.00246477	      0.00000000	     -0.00488107	      0.00000000	     -0.00000000	      0.00000000	      0.00000000	      0.00000000	      0.00000000	      0.00000000	      0.00000000	      0.00000000	      0.00000000	      0.00000000	     -0.00017220	      0.00000000	      0.00040075	      0.00000000	     -0.02625082	      0.00000000	     -0.02705827	      0.00000000	     -0.02058406	      0.00000000	      0.00950885	      0.00000000	     -0.01323558	      0.00000000	     -0.03269368	      0.00000000	      0.00577749	      0.00000000	     -0.00389610	      0.00000000	     -0.01388996	      0.00000000	     -0.00545097	      0.00000000	      0.00863666	      0.00000000	     -0.00000000	      0.00000000	      0.00000000	      0.00000000	     -0.02443962	      0.00000000	      0.00245538	      0.00000000	     -0.00283810	      0.00000000	     -0.00278063	      0.00000000	      0.00005091	      0.00000000	     -0.00071428	      0.00000000	      0.00000000	      0.00000000	     -0.00272760	      0.00000000	      0.00000000	      0.00000000	      0.00000000	      0.00000000	      0.00000000	      0.00000000	      0.00000000	      0.00000000	      0.00000000
     64.00000000	     11.71717170	      0.00000000	      0.00564609	      0.00000000	      0.00451787	      0.00000000	      0.00035620	      0.00000000	      0.00356803	      0.00000000	      0.00160908	      0.00000000	     -0.00228733	      0.00000000	     -0.00490789	      0.00000000	     -0.00000000	      0.00000000	      0.00000000	      0.00000000	      0.00000000	      0.00000000	      0.00000000	      0.00000000	     -0.00000000	      0.00000000	     -0.00017220	      0.00000000	      0.00040075	      0.00000000	     -0.02652459	      0.00000000	     -0.02744138	      0.00000000	     -0.02072135	      0.00000000	      0.00925463	      0.00000000	     -0.01320420	      0.00000000	     -0.03254069	      0.00000000	      0.00550821	      0.00000000	     -0.00408206	      0.00000000	     -0.01389091	      0.00000000	     -0.00550077	      0.00000000	      0.00861908	      0.00000000	     -0.00000000	      0.00000000	     -0.00000000	      0.00000000	     -0.02427192	      0.00000000	      0.00254769	      0.00000000	     -0.00289144	      0.00000000	     -0.00272880	      0.00000000	     -0.00001278	      0.00000000	     -0.00080426	      0.00000000	     -0.00000000	      0.00000000	     -0.00297323	      0.00000000	      0.00000000	      0.00000000	      0.00000000	      0.00000000	     -0.00000000	      0.00000000	     -0.00000000	      0.00000000	     -0.00000000
     65.00000000	     12.52525251	      0.00000000	      0.00572590	      0.00000000	      0.00449240	      0.00000000	      0.00039174	      0.00000000	      0.00350339	      0.00000000	      0.00168696	      0.00000000	     -0.00211197	      0.00000000	     -0.00493372	      0.00000000	     -0.00000000	      0.00000000	     -0.00000000	      0.00000000	     -0.00000000	      0.00000000	     -0.00000000	      0.00000000	      0.00000000	      0.00000000	     -0.00017220	      0.00000000	      0.00040075	      0.00000000	     -0.02679007	      0.00000000	     -0.02781418	      0.00000000	     -0.02085325	      0.00000000	      0.00899772	      0.00000000	     -0.01317034	      0.00000000	     -0.03238303	      0.00000000	      0.00523704	      0.00000000	     -0.00426683	      0.00000000	     -0.01388910	      0.00000000	     -0.00554947	      0.00000000	      0.00860006	      0.00000000	      0.00000000	      0.00000000	      0.00000000	      0.00000000	     -0.02410133	      0.00000000	      0.00263984	      0.00000000	     -0.00294419	      0.00000000	     -0.00267645	      0.00000000	     -0.00007653	      0.00000000	     -0.00089490	      0.00000000	     -0.00000000	      0.00000000	     -0.00321811	      0.00000000	      0.00000000	      0.00000000	     -0.00000000	      0.00000000	     -0.00000000	      0.00000000	     -0.00000000	      0.00000000	     -0.00000000
     66.00000000	     13.33333332	      0.00000000	      0.00580365	      0.00000000	      0.00446598	      0.00000000	      0.00042670	      0.00000000	      0.00343832	      0.00000000	      0.00176380	      0.00000000	     -0.00193821	      0.00000000	     -0.00495855	      0.00000000	     -0.00000000	      0.00000000	     -0.00000000	      0.00000000	     -0.00000000	      0.00000000	     -0.00000000	      0.00000000	      0.00000000	      0.00000000	     -0.00017220	      0.00000000	      0.00040075	      0.00000000	     -0.02704727	      0.00000000	     -0.02817669	      0.00000000	     -0.02097978	      0.00000000	      0.00873820	      0.00000000	     -0.01313400	      0.00000000	     -0.03222078	      0.00000000	      0.00496407	      0.00000000	     -0.00445035	      0.00000000	     -0.01388454	      0.00000000	     -0.00559706	      0.00000000	      0.00857962	      0.00000000	     -0.00000000	      0.00000000	      0.00000000	      0.00000000	     -0.02392788	      0.00000000	      0.00272982	      0.00000000	     -0.00299633	      0.00000000	     -0.00262358	      0.00000000	     -0.00014033	      0.00000000	     -0.00098471	      0.00000000	     -0.00000000	      0.00000000	     -0.00346218	      0.00000000	      0.00000000	      0.00000000	      0.00000000	      0.00000000	      0.00000000	      0.00000000	      0.00000000	      0.00000000	      0.00000000
     67.00000000	     14.14141413	      0.00000000	      0.00587926	      0.00000000	      0.00443753	      0.00000000	      0.00046123	      0.00000000	      0.00337282	      0.00000000	      0.00183943	      0.00000000	     -0.00176606	      0.00000000	     -0.00498239	      0.00000000	      0.00000000	      0.00000000	      0.00000000	      0.00000000	     -0.00000000	      0.00000000	      0.00000000	      0.00000000	      0.00000000	      0.00000000	     -0.00017220	      0.00000000	      0.00040075	      0.00000000	     -0.02729622	      0.00000000	     -0.02852894	      0.00000000	     -0.02110096	      0.00000000	      0.00847612	      0.00000000	     -0.01309520	      0.00000000	     -0.03205400	      0.00000000	      0.00468939	      0.00000000	     -0.00463257	      0.00000000	     -0.01387726	      0.00000000	     -0.00564351	      0.00000000	      0.00855774	      0.00000000	     -0.00000000	      0.00000000	      0.00000000	      0.00000000	     -0.02375162	      0.00000000	      0.00282020	      0.00000000	     -0.00304786	      0.00000000	     -0.00257021	      0.00000000	     -0.00020416	      0.00000000	     -0.00107391	      0.00000000	     -0.00000000	      0.00000000	     -0.00370539	      0.00000000	      0.00000000	      0.00000000	     -0.00000000	      0.00000000	     -0.00000000	      0.00000000	     -0.00000000	      0.00000000	     -0.00000000
     68.00000000	     14.94949493	      0.00000000	      0.00595277	      0.00000000	      0.00440874	      0.00000000	      0.00049521	      0.00000000	      0.00330754	      0.00000000	      0.00191330	      0.00000000	     -0.00159556	      0.00000000	     -0.00500522	      0.00000000	      0.00000000	      0.00000000	     -0.00000000	      0.00000000	      0.00000000	      0.00000000	     -0.00000000	      0.00000000	      0.00000000	      0.00000000	     -0.00017220	      0.00000000	      0.00040075	      0.00000000	     -0.02753695	      0.00000000	     -0.02887094	      0.00000000	     -0.02121681	      0.00000000	      0.00821155	      0.00000000	     -0.01305396	      0.00000000	     -0.03188276	      0.00000000	      0.00441310	      0.00000000	     -0.00481345	      0.00000000	     -0.01386728	      0.00000000	     -0.00568882	      0.00000000	      0.00853445	      0.00000000	      0.00000000	      0.00000000	      0.00000000	      0.00000000	     -0.02357260	      0.00000000	      0.00290991	      0.00000000	     -0.00309877	      0.00000000	     -0.00251633	      0.00000000	     -0.00026802	      0.00000000	     -0.00116355	      0.00000000	     -0.00000000	      0.00000000	     -0.00394767	      0.00000000	      0.00000000	      0.00000000	     -0.00000000	      0.00000000	      0.00000000	      0.00000000	      0.00000000	      0.00000000	      0.00000000
     69.00000000	     15.75757574	      0.00000000	      0.00602417	      0.00000000	      0.00437829	      0.00000000	      0.00052874	      0.00000000	      0.00324096	      0.00000000	      0.00198612	      0.00000000	     -0.00142674	      0.00000000	     -0.00502705	      0.00000000	     -0.00000000	      0.00000000	      0.00000000	      0.00000000	      0.00000000	      0.00000000	      0.00000000	      0.00000000	     -0.00000000	      0.00000000	     -0.00017220	      0.00000000	      0.00040075	      0.00000000	     -0.02776948	      0.00000000	     -0.02920273	      0.00000000	     -0.02132736	      0.00000000	      0.00794456	      0.00000000	     -0.01301030	      0.00000000	     -0.03170714	      0.00000000	      0.00413527	      0.00000000	     -0.00499293	      0.00000000	     -0.01385460	      0.00000000	     -0.00573298	      0.00000000	      0.00850974	      0.00000000	      0.00000000	      0.00000000	     -0.00000000	      0.00000000	     -0.02339086	      0.00000000	      0.00300000	      0.00000000	     -0.00314905	      0.00000000	     -0.00246197	      0.00000000	     -0.00033189	      0.00000000	     -0.00125375	      0.00000000	     -0.00000000	      0.00000000	     -0.00418896	      0.00000000	      0.00000000	      0.00000000	      0.00000000	      0.00000000	     -0.00000000	      0.00000000	     -0.00000000	      0.00000000	     -0.00000000
     70.00000000	     16.56565655	      0.00000000	      0.00609336	      0.00000000	      0.00434658	      0.00000000	      0.00056167	      0.00000000	      0.00317471	      0.00000000	      0.00205778	      0.00000000	     -0.00125912	      0.00000000	     -0.00504787	      0.00000000	      0.00000000	      0.00000000	      0.00000000	      0.00000000	     -0.00000000	      0.00000000	     -0.00000000	      0.00000000	      0.00000000	      0.00000000	     -0.00017220	      0.00000000	      0.00040075	      0.00000000	     -0.02799386	      0.00000000	     -0.02952435	      0.00000000	     -0.02143264	      0.00000000	      0.00767523	      0.00000000	     -0.01296424	      0.00000000	     -0.03152718	      0.00000000	      0.00385601	      0.00000000	     -0.00517098	      0.00000000	     -0.01383926	      0.00000000	     -0.00577598	      0.00000000	      0.00848362	      0.00000000	      0.00000000	      0.00000000	      0.00000000	      0.00000000	     -0.02320644	      0.00000000	      0.00308836	      0.00000000	     -0.00319869	      0.00000000	     -0.00240713	      0.00000000	     -0.00039576	      0.00000000	     -0.00134316	      0.00000000	     -0.00000000	      0.00000000	     -0.00442921	      0.00000000	      0.00000000	      0.00000000	     -0.00000000	      0.00000000	      0.00000000	      0.00000000	     -0.00000000	      0.00000000	      0.00000000
     71.00000000	     17.37373735	      0.00000000	      0.00616038	      0.00000000	      0.00431366	      0.00000000	      0.00059435	      0.00000000	      0.00310759	      0.00000000	      0.00212783	      0.00000000	     -0.00109390	      0.00000000	     -0.00506767	      0.00000000	      0.00000000	      0.00000000	      0.00000000	      0.00000000	     -0.00000000	      0.00000000	     -0.00000000	      0.00000000	      0.00000000	      0.00000000	     -0.00017220	      0.00000000	      0.00040075	      0.00000000	     -0.02821013	      0.00000000	     -0.02983584	      0.00000000	     -0.02153267	      0.00000000	      0.00740363	      0.00000000	     -0.01291578	      0.00000000	     -0.03134297	      0.00000000	      0.00357540	      0.00000000	     -0.00534753	      0.00000000	     -0.01382128	      0.00000000	     -0.00581779	      0.00000000	      0.00845608	      0.00000000	      0.00000000	      0.00000000	      0.00000000	      0.00000000	     -0.02301938	      0.00000000	      0.00317603	      0.00000000	     -0.00324767	      0.00000000	     -0.00235182	      0.00000000	     -0.00045962	      0.00000000	     -0.00143311	      0.00000000	     -0.00000000	      0.00000000	     -0.00466835	      0.00000000	      0.00000000	      0.00000000	      0.00000000	      0.00000000	      0.00000000	      0.00000000	     -0.00000000	      0.00000000	     -0.00000000
     72.00000000	     18.18181816	      0.00000000	      0.00622520	      0.00000000	      0.00427964	      0.00000000	      0.00062584	      0.00000000	      0.00304053	      0.00000000	      0.00219631	      0.00000000	     -0.00093065	      0.00000000	     -0.00508645	      0.00000000	     -0.00000000	      0.00000000	     -0.00000000	      0.00000000	      0.00000000	      0.00000000	      0.00000000	      0.00000000	      0.00000000	      0.00000000	     -0.00017220	      0.00000000	      0.00040075	      0.00000000	     -0.02841832	      0.00000000	     -0.03013725	      0.00000000	     -0.02162748	      0.00000000	      0.00712982	      0.00000000	     -0.01286496	      0.00000000	     -0.03115455	      0.00000000	      0.00329355	      0.00000000	     -0.00552254	      0.00000000	     -0.01380066	      0.00000000	     -0.00585841	      0.00000000	      0.00842714	      0.00000000	     -0.00000000	      0.00000000	     -0.00000000	      0.00000000	     -0.02282973	      0.00000000	      0.00326300	      0.00000000	     -0.00329599	      0.00000000	     -0.00229607	      0.00000000	     -0.00052282	      0.00000000	     -0.00152223	      0.00000000	      0.00000000	      0.00000000	     -0.00490633	      0.00000000	      0.00000000	      0.00000000	      0.00000000	      0.00000000	      0.00000000	      0.00000000	     -0.00000000	      0.00000000	     -0.00000000
     73.00000000	     18.98989897	      0.00000000	      0.00628779	      0.00000000	      0.00424418	      0.00000000	      0.00065726	      0.00000000	      0.00297297	      0.00000000	      0.00226398	      0.00000000	     -0.00076808	      0.00000000	     -0.00510421	      0.00000000	     -0.00000000	      0.00000000	     -0.00000000	      0.00000000	     -0.00000000	      0.00000000	     -0.00000000	      0.00000000	      0.00000000	      0.00000000	     -0.00017220	      0.00000000	      0.00040075	      0.00000000	     -0.02861848	      0.00000000	     -0.03042864	      0.00000000	     -0.02171710	      0.00000000	      0.00685389	      0.00000000	     -0.01281179	      0.00000000	     -0.03096200	      0.00000000	      0.00301055	      0.00000000	     -0.00569597	      0.00000000	     -0.01377744	      0.00000000	     -0.00589782	      0.00000000	      0.00839680	      0.00000000	      0.00000000	      0.00000000	     -0.00000000	      0.00000000	     -0.02263752	      0.00000000	      0.00334926	      0.00000000	     -0.00334364	      0.00000000	     -0.00223986	      0.00000000	     -0.00058657	      0.00000000	     -0.00161186	      0.00000000	      0.00000000	      0.00000000	     -0.00514308	      0.00000000	      0.00000000	      0.00000000	      0.00000000	      0.00000000	      0.00000000	      0.00000000	      0.00000000	      0.00000000	     -0.00000000
     74.00000000	     19.79797978	      0.00000000	      0.00634815	      0.00000000	      0.00420761	      0.00000000	      0.00068809	      0.00000000	      0.00290477	      0.00000000	      0.00232965	      0.00000000	     -0.00060816	      0.00000000	     -0.00512094	      0.00000000	     -0.00000000	      0.00000000	      0.00000000	      0.00000000	      0.00000000	      0.00000000	     -0.00000000	      0.00000000	     -0.00000000	      0.00000000	     -0.00017220	      0.00000000	      0.00040075	      0.00000000	     -0.02881065	      0.00000000	     -0.03071007	      0.00000000	     -0.02180157	      0.00000000	      0.00657591	      0.00000000	     -0.01275628	      0.00000000	     -0.03076538	      0.00000000	      0.00272650	      0.00000000	     -0.00586778	      0.00000000	     -0.01375163	      0.00000000	     -0.00593602	      0.00000000	      0.00836507	      0.00000000	      0.00000000	      0.00000000	      0.00000000	      0.00000000	     -0.02244281	      0.00000000	      0.00343574	      0.00000000	     -0.00339061	      0.00000000	     -0.00218323	      0.00000000	     -0.00065028	      0.00000000	     -0.00170064	      0.00000000	     -0.00000000	      0.00000000	     -0.00537856	      0.00000000	      0.00000000	      0.00000000	      0.00000000	      0.00000000	     -0.00000000	      0.00000000	      0.00000000	      0.00000000	      0.00000000
     75.00000000	     20.60606058	      0.00000000	      0.00640625	      0.00000000	      0.00416983	      0.00000000	      0.00071894	      0.00000000	      0.00283623	      0.00000000	      0.00239391	      0.00000000	     -0.00045011	      0.00000000	     -0.00513665	      0.00000000	     -0.00000000	      0.00000000	      0.00000000	      0.00000000	      0.00000000	      0.00000000	     -0.00000000	      0.00000000	     -0.00000000	      0.00000000	     -0.00017220	      0.00000000	      0.00040075	      0.00000000	     -0.02899489	      0.00000000	     -0.03098159	      0.00000000	     -0.02188091	      0.00000000	      0.00629596	      0.00000000	     -0.01269847	      0.00000000	     -0.03056475	      0.00000000	      0.00244148	      0.00000000	     -0.00603791	      0.00000000	     -0.01372325	      0.00000000	     -0.00597298	      0.00000000	      0.00833194	      0.00000000	      0.00000000	      0.00000000	      0.00000000	      0.00000000	     -0.02224562	      0.00000000	      0.00352056	      0.00000000	     -0.00343689	      0.00000000	     -0.00212617	      0.00000000	     -0.00071293	      0.00000000	     -0.00178990	      0.00000000	     -0.00000000	      0.00000000	     -0.00561270	      0.00000000	      0.00000000	      0.00000000	      0.00000000	      0.00000000	     -0.00000000	      0.00000000	      0.00000000	      0.00000000	     -0.00000000
     76.00000000	     21.41414139	      0.00000000	      0.00646209	      0.00000000	      0.00413112	      0.00000000	      0.00074816	      0.00000000	      0.00276809	      0.00000000	      0.00245680	      0.00000000	     -0.00029397	      0.00000000	     -0.00515133	      0.00000000	     -0.00000000	      0.00000000	      0.00000000	      0.00000000	     -0.00000000	      0.00000000	     -0.00000000	      0.00000000	     -0.00000000	      0.00000000	     -0.00017220	      0.00000000	      0.00040075	      0.00000000	     -0.02917124	      0.00000000	     -0.03124327	      0.00000000	     -0.02195516	      0.00000000	      0.00601412	      0.00000000	     -0.01263835	      0.00000000	     -0.03036017	      0.00000000	      0.00215561	      0.00000000	     -0.00620634	      0.00000000	     -0.01369232	      0.00000000	     -0.00600870	      0.00000000	      0.00829743	      0.00000000	      0.00000000	      0.00000000	      0.00000000	      0.00000000	     -0.02204600	      0.00000000	      0.00360382	      0.00000000	     -0.00348246	      0.00000000	     -0.00206870	      0.00000000	     -0.00077645	      0.00000000	     -0.00187831	      0.00000000	     -0.00000000	      0.00000000	     -0.00584545	      0.00000000	      0.00000000	      0.00000000	     -0.00000000	      0.00000000	     -0.00000000	      0.00000000	     -0.00000000	      0.00000000	      0.00000000
     77.00000000	     22.22222220	      0.00000000	      0.00651563	      0.00000000	      0.00409105	      0.00000000	      0.00077692	      0.00000000	      0.00269888	      0.00000000	      0.00251822	      0.00000000	     -0.00014007	      0.00000000	     -0.00516498	      0.00000000	      0.00000000	      0.00000000	     -0.00000000	      0.00000000	      0.00000000	      0.00000000	     -0.00000000	      0.00000000	      0.00000000	      0.00000000	     -0.00017220	      0.00000000	      0.00040075	      0.00000000	     -0.02933976	      0.00000000	     -0.03149518	      0.00000000	     -0.02202435	      0.00000000	      0.00573047	      0.00000000	     -0.01257597	      0.00000000	     -0.03015169	      0.00000000	      0.00186898	      0.00000000	     -0.00637300	      0.00000000	     -0.01365887	      0.00000000	     -0.00604316	      0.00000000	      0.00826154	      0.00000000	     -0.00000000	      0.00000000	     -0.00000000	      0.00000000	     -0.02184399	      0.00000000	      0.00368718	      0.00000000	     -0.00352733	      0.00000000	     -0.00201083	      0.00000000	     -0.00083935	      0.00000000	     -0.00196711	      0.00000000	      0.00000000	      0.00000000	     -0.00607675	      0.00000000	      0.00000000	      0.00000000	      0.00000000	      0.00000000	     -0.00000000	      0.00000000	     -0.00000000	      0.00000000	      0.00000000
     78.00000000	     23.03030300	      0.00000000	      0.00656679	      0.00000000	      0.00404949	      0.00000000	      0.00080571	      0.00000000	      0.00262939	      0.00000000	      0.00257849	      0.00000000	      0.00001219	      0.00000000	     -0.00517759	      0.00000000	      0.00000000	      0.00000000	      0.00000000	      0.00000000	     -0.00000000	      0.00000000	     -0.00000000	      0.00000000	      0.00000000	      0.00000000	     -0.00017220	      0.00000000	      0.00040075	      0.00000000	     -0.02950050	      0.00000000	     -0.03173740	      0.00000000	     -0.02208852	      0.00000000	      0.00544509	      0.00000000	     -0.01251133	      0.00000000	     -0.02993939	      0.00000000	      0.00158169	      0.00000000	     -0.00653787	      0.00000000	     -0.01362292	      0.00000000	     -0.00607636	      0.00000000	      0.00822427	      0.00000000	      0.00000000	      0.00000000	      0.00000000	      0.00000000	     -0.02163962	      0.00000000	      0.00377048	      0.00000000	     -0.00357148	      0.00000000	     -0.00195257	      0.00000000	     -0.00090267	      0.00000000	     -0.00205570	      0.00000000	     -0.00000000	      0.00000000	     -0.00630654	      0.00000000	     -0.00000000	      0.00000000	     -0.00000000	      0.00000000	      0.00000000	      0.00000000	     -0.00000000	      0.00000000	      0.00000000
     79.00000000	     23.83838381	      0.00000000	      0.00661566	      0.00000000	      0.00400701	      0.00000000	      0.00083385	      0.00000000	      0.00255961	      0.00000000	      0.00263682	      0.00000000	      0.00016266	      0.00000000	     -0.00518917	      0.00000000	     -0.00000000	      0.00000000	      0.00000000	      0.00000000	     -0.00000000	      0.00000000	      0.00000000	      0.00000000	     -0.00000000	      0.00000000	     -0.00017220	      0.00000000	      0.00040075	      0.00000000	     -0.02965352	      0.00000000	     -0.03197000	      0.00000000	     -0.02214770	      0.00000000	      0.00515806	      0.00000000	     -0.01244445	      0.00000000	     -0.02972331	      0.00000000	      0.00129385	      0.00000000	     -0.00670091	      0.00000000	     -0.01358448	      0.00000000	     -0.00610828	      0.00000000	      0.00818562	      0.00000000	     -0.00000000	      0.00000000	      0.00000000	      0.00000000	     -0.02143294	      0.00000000	      0.00385234	      0.00000000	     -0.00361491	      0.00000000	     -0.00189394	      0.00000000	     -0.00096588	      0.00000000	     -0.00214339	      0.00000000	     -0.00000000	      0.00000000	     -0.00653478	      0.00000000	      0.00000000	      0.00000000	     -0.00000000	      0.00000000	     -0.00000000	      0.00000000	     -0.00000000	      0.00000000	      0.00000000
     80.00000000	     24.64646462	      0.00000000	      0.00666218	      0.00000000	      0.00396343	      0.00000000	      0.00086132	      0.00000000	      0.00248955	      0.00000000	      0.00269377	      0.00000000	      0.00031092	      0.00000000	     -0.00519970	      0.00000000	     -0.00000000	      0.00000000	     -0.00000000	      0.00000000	      0.00000000	      0.00000000	     -0.00000000	      0.00000000	      0.00000000	      0.00000000	     -0.00017220	      0.00000000	      0.00040075	      0.00000000	     -0.02979888	      0.00000000	     -0.03219306	      0.00000000	     -0.02220193	      0.00000000	      0.00486946	      0.00000000	     -0.01237536	      0.00000000	     -0.02950352	      0.00000000	      0.00100554	      0.00000000	     -0.00686207	      0.00000000	     -0.01354358	      0.00000000	     -0.00613875	      0.00000000	      0.00814562	      0.00000000	      0.00000000	      0.00000000	      0.00000000	      0.00000000	     -0.02122398	      0.00000000	      0.00393328	      0.00000000	     -0.00365759	      0.00000000	     -0.00183494	      0.00000000	     -0.00102844	      0.00000000	     -0.00223143	      0.00000000	     -0.00000000	      0.00000000	     -0.00676141	      0.00000000	      0.00000000	      0.00000000	      0.00000000	      0.00000000	     -0.00000000	      0.00000000	     -0.00000000	      0.00000000	      0.00000000
     81.00000000	     25.45454543	      0.00000000	      0.00670633	      0.00000000	      0.00391854	      0.00000000	      0.00088817	      0.00000000	      0.00241876	      0.00000000	      0.00274921	      0.00000000	      0.00045708	      0.00000000	     -0.00520920	      0.00000000	      0.00000000	      0.00000000	     -0.00000000	      0.00000000	     -0.00000000	      0.00000000	     -0.00000000	      0.00000000	      0.00000000	      0.00000000	     -0.00017220	      0.00000000	      0.00040075	      0.00000000	     -0.02993663	      0.00000000	     -0.03240666	      0.00000000	     -0.02225125	      0.00000000	      0.00457939	      0.00000000	     -0.01230408	      0.00000000	     -0.02928006	      0.00000000	      0.00071688	      0.00000000	     -0.00702132	      0.00000000	     -0.01350024	      0.00000000	     -0.00616824	      0.00000000	      0.00810425	      0.00000000	      0.00000000	      0.00000000	     -0.00000000	      0.00000000	     -0.02101278	      0.00000000	      0.00401362	      0.00000000	     -0.00369954	      0.00000000	     -0.00177558	      0.00000000	     -0.00109138	      0.00000000	     -0.00231858	      0.00000000	     -0.00000000	      0.00000000	     -0.00698637	      0.00000000	     -0.00000000	      0.00000000	      0.00000000	      0.00000000	      0.00000000	      0.00000000	      0.00000000	      0.00000000	      0.00000000
     82.00000000	     26.26262623	      0.00000000	      0.00674809	      0.00000000	      0.00387279	      0.00000000	      0.00091443	      0.00000000	      0.00234893	      0.00000000	      0.00280294	      0.00000000	      0.00060114	      0.00000000	     -0.00521766	      0.00000000	     -0.00000000	      0.00000000	     -0.00000000	      0.00000000	     -0.00000000	      0.00000000	      0.00000000	      0.00000000	      0.00000000	      0.00000000	     -0.00017220	      0.00000000	      0.00040075	      0.00000000	     -0.03006684	      0.00000000	     -0.03261088	      0.00000000	     -0.02229569	      0.00000000	      0.00428792	      0.00000000	     -0.01223062	      0.00000000	     -0.02905301	      0.00000000	      0.00042797	      0.00000000	     -0.00717862	      0.00000000	     -0.01345449	      0.00000000	     -0.00619625	      0.00000000	      0.00806152	      0.00000000	      0.00000000	      0.00000000	     -0.00000000	      0.00000000	     -0.02079937	      0.00000000	      0.00409319	      0.00000000	     -0.00374073	      0.00000000	     -0.00171588	      0.00000000	     -0.00115419	      0.00000000	     -0.00240650	      0.00000000	     -0.00000000	      0.00000000	     -0.00720961	      0.00000000	     -0.00000000	      0.00000000	     -0.00000000	      0.00000000	      0.00000000	      0.00000000	     -0.00000000	      0.00000000	     -0.00000000
     83.00000000	     27.07070704	      0.00000000	      0.00678742	      0.00000000	      0.00382678	      0.00000000	      0.00094008	      0.00000000	      0.00227860	      0.00000000	      0.00285508	      0.00000000	      0.00074307	      0.00000000	     -0.00522507	      0.00000000	     -0.00000000	      0.00000000	      0.00000000	      0.00000000	      0.00000000	      0.00000000	      0.00000000	      0.00000000	      0.00000000	      0.00000000	     -0.00017220	      0.00000000	      0.00040075	      0.00000000	     -0.03018958	      0.00000000	     -0.03280582	      0.00000000	     -0.02233529	      0.00000000	      0.00399514	      0.00000000	     -0.01215502	      0.00000000	     -0.02882241	      0.00000000	      0.00013891	      0.00000000	     -0.00733393	      0.00000000	     -0.01340633	      0.00000000	     -0.00622275	      0.00000000	      0.00801744	      0.00000000	     -0.00000000	      0.00000000	     -0.00000000	      0.00000000	     -0.02058380	      0.00000000	      0.00417198	      0.00000000	     -0.00378117	      0.00000000	     -0.00165586	      0.00000000	     -0.00121625	      0.00000000	     -0.00249365	      0.00000000	     -0.00000000	      0.00000000	     -0.00743108	      0.00000000	      0.00000000	      0.00000000	      0.00000000	      0.00000000	     -0.00000000	      0.00000000	      0.00000000	      0.00000000	     -0.00000000
     84.00000000	     27.87878785	      0.00000000	      0.00682429	      0.00000000	      0.00377865	      0.00000000	      0.00096522	      0.00000000	      0.00220762	      0.00000000	      0.00290558	      0.00000000	      0.00088318	      0.00000000	     -0.00523144	      0.00000000	      0.00000000	      0.00000000	     -0.00000000	      0.00000000	      0.00000000	      0.00000000	      0.00000000	      0.00000000	     -0.00000000	      0.00000000	     -0.00017220	      0.00000000	      0.00040075	      0.00000000	     -0.03030489	      0.00000000	     -0.03299155	      0.00000000	     -0.02237009	      0.00000000	      0.00370115	      0.00000000	     -0.01207728	      0.00000000	     -0.02858831	      0.00000000	     -0.00015020	      0.00000000	     -0.00748722	      0.00000000	     -0.01335581	      0.00000000	     -0.00624812	      0.00000000	      0.00797202	      0.00000000	      0.00000000	      0.00000000	      0.00000000	      0.00000000	     -0.02036609	      0.00000000	      0.00425076	      0.00000000	     -0.00382083	      0.00000000	     -0.00159551	      0.00000000	     -0.00127878	      0.00000000	     -0.00257990	      0.00000000	      0.00000000	      0.00000000	     -0.00765072	      0.00000000	     -0.00000000	      0.00000000	     -0.00000000	      0.00000000	     -0.00000000	      0.00000000	     -0.00000000	      0.00000000	     -0.00000000
     85.00000000	     28.68686865	      0.00000000	      0.00685884	      0.00000000	      0.00372954	      0.00000000	      0.00098988	      0.00000000	      0.00213642	      0.00000000	      0.00295472	      0.00000000	      0.00102074	      0.00000000	     -0.00523677	      0.00000000	      0.00000000	      0.00000000	     -0.00000000	      0.00000000	      0.00000000	      0.00000000	      0.00000000	      0.00000000	     -0.00000000	      0.00000000	     -0.00017220	      0.00000000	      0.00040075	      0.00000000	     -0.03041286	      0.00000000	     -0.03316817	      0.00000000	     -0.02240013	      0.00000000	      0.00340602	      0.00000000	     -0.01199742	      0.00000000	     -0.02835078	      0.00000000	     -0.00043926	      0.00000000	     -0.00763845	      0.00000000	     -0.01330293	      0.00000000	     -0.00627214	      0.00000000	      0.00792526	      0.00000000	      0.00000000	      0.00000000	      0.00000000	      0.00000000	     -0.02014629	      0.00000000	      0.00432796	      0.00000000	     -0.00385972	      0.00000000	     -0.00153485	      0.00000000	     -0.00134107	      0.00000000	     -0.00266634	      0.00000000	     -0.00000000	      0.00000000	     -0.00786850	      0.00000000	      0.00000000	      0.00000000	     -0.00000000	      0.00000000	      0.00000000	      0.00000000	      0.00000000	      0.00000000	     -0.00000000
     86.00000000	     29.49494946	      0.00000000	      0.00689073	      0.00000000	      0.00367900	      0.00000000	      0.00101380	      0.00000000	      0.00206480	      0.00000000	      0.00300188	      0.00000000	      0.00115608	      0.00000000	     -0.00524105	      0.00000000	     -0.00000000	      0.00000000	      0.00000000	      0.00000000	     -0.00000000	      0.00000000	     -0.00000000	      0.00000000	     -0.00000000	      0.00000000	     -0.00017220	      0.00000000	      0.00040075	      0.00000000	     -0.03051354	      0.00000000	     -0.03333576	      0.00000000	     -0.02242546	      0.00000000	      0.00310985	      0.00000000	     -0.01191548	      0.00000000	     -0.02810987	      0.00000000	     -0.00072817	      0.00000000	     -0.00778760	      0.00000000	     -0.01324772	      0.00000000	     -0.00629482	      0.00000000	      0.00787716	      0.00000000	      0.00000000	      0.00000000	      0.00000000	      0.00000000	     -0.01992443	      0.00000000	      0.00440436	      0.00000000	     -0.00389783	      0.00000000	     -0.00147390	      0.00000000	     -0.00140261	      0.00000000	     -0.00275242	      0.00000000	     -0.00000000	      0.00000000	     -0.00808435	      0.00000000	     -0.00000000	      0.00000000	     -0.00000000	      0.00000000	      0.00000000	      0.00000000	      0.00000000	      0.00000000	      0.00000000
     87.00000000	     30.30303027	      0.00000000	      0.00692040	      0.00000000	      0.00362806	      0.00000000	      0.00103662	      0.00000000	      0.00199310	      0.00000000	      0.00304753	      0.00000000	      0.00128916	      0.00000000	     -0.00524429	      0.00000000	      0.00000000	      0.00000000	      0.00000000	      0.00000000	     -0.00000000	      0.00000000	     -0.00000000	      0.00000000	      0.00000000	      0.00000000	     -0.00017220	      0.00000000	      0.00040075	      0.00000000	     -0.03066158	      0.00000000	     -0.03349443	      0.00000000	     -0.02244610	      0.00000000	      0.00281272	      0.00000000	     -0.01183148	      0.00000000	     -0.02786562	      0.00000000	     -0.00101681	      0.00000000	     -0.00793463	      0.00000000	     -0.01319021	      0.00000000	     -0.00631610	      0.00000000	      0.00782774	      0.00000000	     -0.00000000	      0.00000000	      0.00000000	      0.00000000	     -0.01970055	      0.00000000	      0.00447996	      0.00000000	     -0.00393515	      0.00000000	     -0.00141266	      0.00000000	     -0.00146450	      0.00000000	     -0.00283758	      0.00000000	     -0.00000000	      0.00000000	     -0.00829823	      0.00000000	      0.00000000	      0.00000000	      0.00000000	      0.00000000	     -0.00000000	      0.00000000	      0.00000000	      0.00000000	     -0.00000000
     88.00000000	     31.11111108	      0.00000000	      0.00694746	      0.00000000	      0.00357557	      0.00000000	      0.00105920	      0.00000000	      0.00192121	      0.00000000	      0.00309143	      0.00000000	      0.00142009	      0.00000000	     -0.00524649	      0.00000000	      0.00000000	      0.00000000	      0.00000000	      0.00000000	     -0.00000000	      0.00000000	     -0.00000000	      0.00000000	     -0.00000000	      0.00000000	     -0.00017220	      0.00000000	      0.00040075	      0.00000000	     -0.03095872	      0.00000000	     -0.03364426	      0.00000000	     -0.02246211	      0.00000000	      0.00251473	      0.00000000	     -0.01174542	      0.00000000	     -0.02761810	      0.00000000	     -0.00130510	      0.00000000	     -0.00807951	      0.00000000	     -0.01313042	      0.00000000	     -0.00633606	      0.00000000	      0.00777699	      0.00000000	      0.00000000	      0.00000000	      0.00000000	      0.00000000	     -0.01947467	      0.00000000	      0.00455494	      0.00000000	     -0.00397167	      0.00000000	     -0.00135115	      0.00000000	     -0.00152623	      0.00000000	     -0.00292287	      0.00000000	     -0.00000000	      0.00000000	     -0.00851009	      0.00000000	      0.00000000	      0.00000000	     -0.00000000	      0.00000000	      0.00000000	      0.00000000	      0.00000000	      0.00000000	      0.00000000
     89.00000000	     31.91919188	      0.00000000	      0.00697186	      0.00000000	      0.00352283	      0.00000000	      0.00108115	      0.00000000	      0.00184915	      0.00000000	      0.00313370	      0.00000000	      0.00154853	      0.00000000	     -0.00524764	      0.00000000	     -0.00000000	      0.00000000	      0.00000000	      0.00000000	      0.00000000	      0.00000000	      0.00000000	      0.00000000	     -0.00000000	      0.00000000	     -0.00017220	      0.00000000	      0.00040075	      0.00000000	     -0.03125820	      0.00000000	     -0.03378535	      0.00000000	     -0.02247351	      0.00000000	      0.00221597	      0.00000000	     -0.01165734	      0.00000000	     -0.02736735	      0.00000000	     -0.00159293	      0.00000000	     -0.00822221	      0.00000000	     -0.01306836	      0.00000000	     -0.00635464	      0.00000000	      0.00772492	      0.00000000	     -0.00000000	      0.00000000	      0.00000000	      0.00000000	     -0.01924684	      0.00000000	      0.00462891	      0.00000000	     -0.00400739	      0.00000000	     -0.00128938	      0.00000000	     -0.00158768	      0.00000000	     -0.00300772	      0.00000000	      0.00000000	      0.00000000	     -0.00871988	      0.00000000	     -0.00000000	      0.00000000	      0.00000000	      0.00000000	     -0.00000000	      0.00000000	     -0.00000000	      0.00000000	     -0.00000000
     90.00000000	     32.72727269	      0.00000000	      0.00699367	      0.00000000	      0.00346855	      0.00000000	      0.00110222	      0.00000000	      0.00177692	      0.00000000	      0.00317417	      0.00000000	      0.00167466	      0.00000000	     -0.00524774	      0.00000000	      0.00000000	      0.00000000	     -0.00000000	      0.00000000	      0.00000000	      0.00000000	     -0.00000000	      0.00000000	     -0.00000000	      0.00000000	     -0.00017220	      0.00000000	      0.00040075	      0.00000000	     -0.03156000	      0.00000000	     -0.03391779	      0.00000000	     -0.02248036	      0.00000000	      0.00191652	      0.00000000	     -0.01156726	      0.00000000	     -0.02711342	      0.00000000	     -0.00188019	      0.00000000	     -0.00836270	      0.00000000	     -0.01300407	      0.00000000	     -0.00637158	      0.00000000	      0.00767155	      0.00000000	     -0.00000000	      0.00000000	     -0.00000000	      0.00000000	     -0.01901708	      0.00000000	      0.00470207	      0.00000000	     -0.00404229	      0.00000000	     -0.00122737	      0.00000000	     -0.00164861	      0.00000000	     -0.00309215	      0.00000000	      0.00000000	      0.00000000	     -0.00892755	      0.00000000	     -0.00000000	      0.00000000	      0.00000000	      0.00000000	     -0.00000000	      0.00000000	      0.00000000	      0.00000000	      0.00000000
     91.00000000	     33.53535350	      0.00000000	      0.00701338	      0.00000000	      0.00341335	      0.00000000	      0.00112322	      0.00000000	      0.00170453	      0.00000000	      0.00321293	      0.00000000	      0.00179858	      0.00000000	     -0.00524680	      0.00000000	      0.00000000	      0.00000000	     -0.00000000	      0.00000000	     -0.00000000	      0.00000000	      0.00000000	      0.00000000	      0.00000000	      0.00000000	     -0.00017220	      0.00000000	      0.00040075	      0.00000000	     -0.03186409	      0.00000000	     -0.03404168	      0.00000000	     -0.02248270	      0.00000000	      0.00161649	      0.00000000	     -0.01147520	      0.00000000	     -0.02685637	      0.00000000	     -0.00216680	      0.00000000	     -0.00850095	      0.00000000	     -0.01293756	      0.00000000	     -0.00638740	      0.00000000	      0.00761687	      0.00000000	      0.00000000	      0.00000000	      0.00000000	      0.00000000	     -0.01878543	      0.00000000	      0.00477491	      0.00000000	     -0.00407637	      0.00000000	     -0.00116511	      0.00000000	     -0.00170957	      0.00000000	     -0.00317561	      0.00000000	     -0.00000000	      0.00000000	     -0.00913306	      0.00000000	      0.00000000	      0.00000000	     -0.00000000	      0.00000000	     -0.00000000	      0.00000000	      0.00000000	      0.00000000	     -0.00000000
     92.00000000	     34.34343430	      0.00000000	      0.00703023	      0.00000000	      0.00335677	      0.00000000	      0.00114308	      0.00000000	      0.00163283	      0.00000000	      0.00324991	      0.00000000	      0.00191962	      0.00000000	     -0.00524482	      0.00000000	      0.00000000	      0.00000000	      0.00000000	      0.00000000	      0.00000000	      0.00000000	      0.00000000	      0.00000000	      0.00000000	      0.00000000	     -0.00017220	      0.00000000	      0.00040075	      0.00000000	     -0.03217042	      0.00000000	     -0.03415712	      0.00000000	     -0.02248056	      0.00000000	      0.00131596	      0.00000000	     -0.01138118	      0.00000000	     -0.02659625	      0.00000000	     -0.00245263	      0.00000000	     -0.00863694	      0.00000000	     -0.01286886	      0.00000000	     -0.00640181	      0.00000000	      0.00756088	      0.00000000	     -0.00000000	      0.00000000	      0.00000000	      0.00000000	     -0.01855192	      0.00000000	      0.00484640	      0.00000000	     -0.00410963	      0.00000000	     -0.00110263	      0.00000000	     -0.00177001	      0.00000000	     -0.00325912	      0.00000000	     -0.00000000	      0.00000000	     -0.00933637	      0.00000000	     -0.00000000	      0.00000000	      0.00000000	      0.00000000	      0.00000000	      0.00000000	     -0.00000000	      0.00000000	      0.00000000
     93.00000000	     35.15151511	      0.00000000	      0.00704464	      0.00000000	      0.00329943	      0.00000000	      0.00116252	      0.00000000	      0.00156018	      0.00000000	      0.00328513	      0.00000000	      0.00203840	      0.00000000	     -0.00524180	      0.00000000	      0.00000000	      0.00000000	      0.00000000	      0.00000000	     -0.00000000	      0.00000000	      0.00000000	      0.00000000	      0.00000000	      0.00000000	     -0.00017220	      0.00000000	      0.00040075	      0.00000000	     -0.03247894	      0.00000000	     -0.03426421	      0.00000000	     -0.02247399	      0.00000000	      0.00101502	      0.00000000	     -0.01128523	      0.00000000	     -0.02633310	      0.00000000	     -0.00273761	      0.00000000	     -0.00877064	      0.00000000	     -0.01279799	      0.00000000	     -0.00641483	      0.00000000	      0.00750361	      0.00000000	      0.00000000	      0.00000000	      0.00000000	      0.00000000	     -0.01831660	      0.00000000	      0.00491705	      0.00000000	     -0.00414206	      0.00000000	     -0.00103994	      0.00000000	     -0.00183071	      0.00000000	     -0.00334212	      0.00000000	     -0.00000000	      0.00000000	     -0.00953743	      0.00000000	      0.00000000	      0.00000000	      0.00000000	      0.00000000	      0.00000000	      0.00000000	      0.00000000	      0.00000000	      0.00000000
     94.00000000	     35.95959592	      0.00000000	      0.00705630	      0.00000000	      0.00324115	      0.00000000	      0.00118127	      0.00000000	      0.00148740	      0.00000000	      0.00331849	      0.00000000	      0.00215490	      0.00000000	     -0.00523774	      0.00000000	     -0.00000000	      0.00000000	     -0.00000000	      0.00000000	     -0.00000000	      0.00000000	      0.00000000	      0.00000000	      0.00000000	      0.00000000	     -0.00017220	      0.00000000	      0.00040075	      0.00000000	     -0.03278958	      0.00000000	     -0.03436303	      0.00000000	     -0.02246304	      0.00000000	      0.00071376	      0.00000000	     -0.01118736	      0.00000000	     -0.02606698	      0.00000000	     -0.00302163	      0.00000000	     -0.00890202	      0.00000000	     -0.01272497	      0.00000000	     -0.00642645	      0.00000000	      0.00744505	      0.00000000	      0.00000000	      0.00000000	      0.00000000	      0.00000000	     -0.01807947	      0.00000000	      0.00498685	      0.00000000	     -0.00417365	      0.00000000	     -0.00097705	      0.00000000	     -0.00189083	      0.00000000	     -0.00342462	      0.00000000	     -0.00000000	      0.00000000	     -0.00973619	      0.00000000	      0.00000000	      0.00000000	     -0.00000000	      0.00000000	     -0.00000000	      0.00000000	     -0.00000000	      0.00000000	      0.00000000
     95.00000000	     36.76767673	      0.00000000	      0.00706546	      0.00000000	      0.00318292	      0.00000000	      0.00119935	      0.00000000	      0.00141452	      0.00000000	      0.00335005	      0.00000000	      0.00226861	      0.00000000	     -0.00523263	      0.00000000	     -0.00000000	      0.00000000	      0.00000000	      0.00000000	     -0.00000000	      0.00000000	     -0.00000000	      0.00000000	      0.00000000	      0.00000000	     -0.00017220	      0.00000000	      0.00040075	      0.00000000	     -0.03310227	      0.00000000	     -0.03445370	      0.00000000	     -0.02244773	      0.00000000	      0.00041229	      0.00000000	     -0.01108760	      0.00000000	     -0.02579793	      0.00000000	     -0.00330459	      0.00000000	     -0.00903107	      0.00000000	     -0.01264984	      0.00000000	     -0.00643664	      0.00000000	      0.00738521	      0.00000000	      0.00000000	      0.00000000	      0.00000000	      0.00000000	     -0.01784059	      0.00000000	      0.00505581	      0.00000000	     -0.00420440	      0.00000000	     -0.00091397	      0.00000000	     -0.00195021	      0.00000000	     -0.00350660	      0.00000000	      0.00000000	      0.00000000	     -0.00993261	      0.00000000	     -0.00000000	      0.00000000	     -0.00000000	      0.00000000	     -0.00000000	      0.00000000	      0.00000000	      0.00000000	     -0.00000000
     96.00000000	     37.57575753	      0.00000000	      0.00707200	      0.00000000	      0.00312243	      0.00000000	      0.00121678	      0.00000000	      0.00134154	      0.00000000	      0.00337974	      0.00000000	      0.00237982	      0.00000000	     -0.00522649	      0.00000000	      0.00000000	      0.00000000	      0.00000000	      0.00000000	      0.00000000	      0.00000000	     -0.00000000	      0.00000000	     -0.00000000	      0.00000000	     -0.00017220	      0.00000000	      0.00040075	      0.00000000	     -0.03344207	      0.00000000	     -0.03453630	      0.00000000	     -0.02242813	      0.00000000	      0.00011069	      0.00000000	     -0.01098598	      0.00000000	     -0.02552600	      0.00000000	     -0.00358639	      0.00000000	     -0.00915775	      0.00000000	     -0.01257260	      0.00000000	     -0.00644542	      0.00000000	      0.00732409	      0.00000000	      0.00000000	      0.00000000	      0.00000000	      0.00000000	     -0.01759999	      0.00000000	      0.00512392	      0.00000000	     -0.00423430	      0.00000000	     -0.00085071	      0.00000000	     -0.00200950	      0.00000000	     -0.00358756	      0.00000000	     -0.00000000	      0.00000000	     -0.01012665	      0.00000000	      0.00000000	      0.00000000	     -0.00000000	      0.00000000	      0.00000000	      0.00000000	      0.00000000	      0.00000000	      0.00000000
     97.00000000	     38.38383834	      0.00000000	      0.00707585	      0.00000000	      0.00306128	      0.00000000	      0.00123382	      0.00000000	      0.00126847	      0.00000000	      0.00340761	      0.00000000	      0.00248844	      0.00000000	     -0.00521931	      0.00000000	     -0.00000000	      0.00000000	     -0.00000000	      0.00000000	     -0.00000000	      0.00000000	     -0.00000000	      0.00000000	     -0.00000000	      0.00000000	     -0.00017220	      0.00000000	      0.00040075	      0.00000000	     -0.03377042	      0.00000000	     -0.03461093	      0.00000000	     -0.02240426	      0.00000000	     -0.00019095	      0.00000000	     -0.01088251	      0.00000000	     -0.02525124	      0.00000000	     -0.00386695	      0.00000000	     -0.00928206	      0.00000000	     -0.01249329	      0.00000000	     -0.00645245	      0.00000000	      0.00726171	      0.00000000	     -0.00000000	      0.00000000	     -0.00000000	      0.00000000	     -0.01735768	      0.00000000	      0.00519117	      0.00000000	     -0.00426334	      0.00000000	     -0.00078729	      0.00000000	     -0.00206868	      0.00000000	     -0.00366844	      0.00000000	      0.00000000	      0.00000000	     -0.01031827	      0.00000000	     -0.00000000	      0.00000000	     -0.00000000	      0.00000000	      0.00000000	      0.00000000	      0.00000000	      0.00000000	     -0.00000000
     98.00000000	     39.19191915	      0.00000000	      0.00707687	      0.00000000	      0.00299938	      0.00000000	      0.00124976	      0.00000000	      0.00119614	      0.00000000	      0.00343359	      0.00000000	      0.00259436	      0.00000000	     -0.00521110	      0.00000000	      0.00000000	      0.00000000	     -0.00000000	      0.00000000	     -0.00000000	      0.00000000	     -0.00000000	      0.00000000	     -0.00000000	      0.00000000	     -0.00017220	      0.00000000	      0.00040075	      0.00000000	     -0.03409663	      0.00000000	     -0.03467770	      0.00000000	     -0.02237618	      0.00000000	     -0.00049252	      0.00000000	     -0.01077722	      0.00000000	     -0.02497370	      0.00000000	     -0.00414615	      0.00000000	     -0.00940396	      0.00000000	     -0.01241193	      0.00000000	     -0.00645839	      0.00000000	      0.00719807	      0.00000000	     -0.00000000	      0.00000000	     -0.00000000	      0.00000000	     -0.01711371	      0.00000000	      0.00525756	      0.00000000	     -0.00429153	      0.00000000	     -0.00072372	      0.00000000	     -0.00212779	      0.00000000	     -0.00374874	      0.00000000	     -0.00000000	      0.00000000	     -0.01050743	      0.00000000	     -0.00000000	      0.00000000	     -0.00000000	      0.00000000	     -0.00000000	      0.00000000	     -0.00000000	      0.00000000	      0.00000000
     99.00000000	     39.99999995	      0.00000000	      0.00707544	      0.00000000	      0.00293714	      0.00000000	      0.00126500	      0.00000000	      0.00112299	      0.00000000	      0.00345767	      0.00000000	      0.00269755	      0.00000000	     -0.00520187	      0.00000000	      0.00000000	      0.00000000	     -0.00000000	      0.00000000	     -0.00000000	      0.00000000	      0.00000000	      0.00000000	     -0.00000000	      0.00000000	     -0.00017220	      0.00000000	      0.00040075	      0.00000000	     -0.03441680	      0.00000000	     -0.03473667	      0.00000000	     -0.02234394	      0.00000000	     -0.00079374	      0.00000000	     -0.01067020	      0.00000000	     -0.02469361	      0.00000000	     -0.00442373	      0.00000000	     -0.00952335	      0.00000000	     -0.01232859	      0.00000000	     -0.00646289	      0.00000000	      0.00713322	      0.00000000	     -0.00000000	      0.00000000	      0.00000000	      0.00000000	     -0.01686828	      0.00000000	      0.00532304	      0.00000000	     -0.00431883	      0.00000000	     -0.00066005	      0.00000000	     -0.00218624	      0.00000000	     -0.00382839	      0.00000000	     -0.00000000	      0.00000000	     -0.01069396	      0.00000000	      0.00000000	      0.00000000	     -0.00000000	      0.00000000	     -0.00000000	      0.00000000	     -0.00000000	      0.00000000	     -0.00000000
