UNKNOWN
version=1
nRows=100
nColumns=82
inDegrees=no
endheader
time	/jointset/hip_r/hip_flexion_r/value	addbrev_l	addbrev_r	addlong_l	addlong_r	addmagDist_l	addmagDist_r	addmagIsch_l	addmagIsch_r	addmagMid_l	addmagMid_r	addmagProx_l	addmagProx_r	bflh_l	bflh_r	bfsh_l	bfsh_r	edl_l	edl_r	ehl_l	ehl_r	fdl_l	fdl_r	fhl_l	fhl_r	gaslat_l	gaslat_r	gasmed_l	gasmed_r	glmax1_l	glmax1_r	glmax2_l	glmax2_r	glmax3_l	glmax3_r	glmed1_l	glmed1_r	glmed2_l	glmed2_r	glmed3_l	glmed3_r	glmin1_l	glmin1_r	glmin2_l	glmin2_r	glmin3_l	glmin3_r	grac_l	grac_r	iliacus_l	iliacus_r	perbrev_l	perbrev_r	perlong_l	perlong_r	piri_l	piri_r	psoas_l	psoas_r	recfem_l	recfem_r	sart_l	sart_r	semimem_l	semimem_r	semiten_l	semiten_r	soleus_l	soleus_r	tfl_l	tfl_r	tibant_l	tibant_r	tibpost_l	tibpost_r	vasint_l	vasint_r	vaslat_l	vaslat_r	vasmed_l	vasmed_r
      0.00000000	    -30.00000025	      0.00000000	      0.03002509	      0.00000000	      0.04279023	      0.00000000	      0.01047449	      0.00000000	     -0.00503007	      0.00000000	      0.02727468	      0.00000000	      0.02487190	      0.00000000	     -0.01892952	      0.00000000	      0.00000000	      0.00000000	      0.00000000	      0.00000000	      0.00000000	      0.00000000	      0.00000000	      0.00000000	     -0.00000000	      0.00000000	     -0.00001781	      0.00000000	     -0.00046647	      0.00000000	     -0.04932068	      0.00000000	     -0.06612516	      0.00000000	     -0.03646763	      0.00000000	     -0.02330865	      0.00000000	     -0.02130233	      0.00000000	     -0.01380452	      0.00000000	     -0.00865580	      0.00000000	     -0.01144217	      0.00000000	     -0.01220188	      0.00000000	      0.03882247	      0.00000000	      0.03475187	      0.00000000	      0.00000000	      0.00000000	      0.00000000	      0.00000000	     -0.00625656	      0.00000000	      0.02584727	      0.00000000	      0.01356313	      0.00000000	     -0.00017037	      0.00000000	     -0.01681799	      0.00000000	     -0.01369287	      0.00000000	      0.00000000	      0.00000000	      0.00054730	      0.00000000	      0.00000000	      0.00000000	      0.00000000	      0.00000000	      0.00000000	      0.00000000	      0.00000000	      0.00000000	      0.00000000
      1.00000000	    -28.48484874	      0.00000000	      0.03030533	      0.00000000	      0.04328337	      0.00000000	      0.00877166	      0.00000000	     -0.00694130	      0.00000000	      0.02637311	      0.00000000	      0.02494658	      0.00000000	     -0.02073363	      0.00000000	     -0.00000000	      0.00000000	     -0.00000000	      0.00000000	      0.00000000	      0.00000000	     -0.00000000	      0.00000000	      0.00000000	      0.00000000	     -0.00001781	      0.00000000	     -0.00046647	      0.00000000	     -0.04969281	      0.00000000	     -0.06632790	      0.00000000	     -0.04025826	      0.00000000	     -0.02311996	      0.00000000	     -0.02154426	      0.00000000	     -0.01440413	      0.00000000	     -0.00847303	      0.00000000	     -0.01132704	      0.00000000	     -0.01225551	      0.00000000	      0.03782936	      0.00000000	      0.03460755	      0.00000000	      0.00000000	      0.00000000	      0.00000000	      0.00000000	     -0.00652768	      0.00000000	      0.02545685	      0.00000000	      0.01471074	      0.00000000	      0.00140781	      0.00000000	     -0.01839975	      0.00000000	     -0.01572358	      0.00000000	      0.00000000	      0.00000000	      0.00191100	      0.00000000	      0.00000000	      0.00000000	      0.00000000	      0.00000000	     -0.00000000	      0.00000000	      0.00000000	      0.00000000	     -0.00000000
      2.00000000	    -26.96969722	      0.00000000	      0.03056863	      0.00000000	      0.04375296	      0.00000000	      0.00705613	      0.00000000	     -0.00884462	      0.00000000	      0.02543803	      0.00000000	      0.02500344	      0.00000000	     -0.02251620	      0.00000000	      0.00000000	      0.00000000	      0.00000000	      0.00000000	     -0.00000000	      0.00000000	     -0.00000000	      0.00000000	     -0.00000000	      0.00000000	     -0.00001781	      0.00000000	     -0.00046647	      0.00000000	     -0.05001092	      0.00000000	     -0.06646739	      0.00000000	     -0.04381915	      0.00000000	     -0.02291829	      0.00000000	     -0.02176791	      0.00000000	     -0.01498725	      0.00000000	     -0.00828587	      0.00000000	     -0.01120530	      0.00000000	     -0.01230001	      0.00000000	      0.03680167	      0.00000000	      0.03448220	      0.00000000	      0.00000000	      0.00000000	      0.00000000	      0.00000000	     -0.00679262	      0.00000000	      0.02511890	      0.00000000	      0.01585163	      0.00000000	      0.00298597	      0.00000000	     -0.01996297	      0.00000000	     -0.01773686	      0.00000000	      0.00000000	      0.00000000	      0.00327485	      0.00000000	      0.00000000	      0.00000000	      0.00000000	      0.00000000	      0.00000000	      0.00000000	      0.00000000	      0.00000000	      0.00000000
      3.00000000	    -25.45454570	      0.00000000	      0.03081445	      0.00000000	      0.04419827	      0.00000000	      0.00533092	      0.00000000	     -0.01073735	      0.00000000	      0.02446999	      0.00000000	      0.02504284	      0.00000000	     -0.02427479	      0.00000000	     -0.00000000	      0.00000000	      0.00000000	      0.00000000	     -0.00000000	      0.00000000	     -0.00000000	      0.00000000	      0.00000000	      0.00000000	     -0.00001781	      0.00000000	     -0.00046647	      0.00000000	     -0.05027782	      0.00000000	     -0.06654975	      0.00000000	     -0.04714631	      0.00000000	     -0.02270401	      0.00000000	     -0.02197328	      0.00000000	     -0.01555322	      0.00000000	     -0.00809451	      0.00000000	     -0.01107715	      0.00000000	     -0.01233545	      0.00000000	      0.03574039	      0.00000000	      0.03437620	      0.00000000	      0.00000000	      0.00000000	      0.00000000	      0.00000000	     -0.00705106	      0.00000000	      0.02482747	      0.00000000	      0.01698483	      0.00000000	      0.00456291	      0.00000000	     -0.02150558	      0.00000000	     -0.01972977	      0.00000000	      0.00000000	      0.00000000	      0.00463812	      0.00000000	      0.00000000	      0.00000000	      0.00000000	      0.00000000	     -0.00000000	      0.00000000	     -0.00000000	      0.00000000	      0.00000000
      4.00000000	    -23.93939419	      0.00000000	      0.03104236	      0.00000000	      0.04461869	      0.00000000	      0.00359891	      0.00000000	     -0.01261877	      0.00000000	      0.02347030	      0.00000000	      0.02506185	      0.00000000	     -0.02600768	      0.00000000	     -0.00000000	      0.00000000	      0.00000000	      0.00000000	      0.00000000	      0.00000000	      0.00000000	      0.00000000	      0.00000000	      0.00000000	     -0.00001781	      0.00000000	     -0.00046647	      0.00000000	     -0.05049625	      0.00000000	     -0.06658031	      0.00000000	     -0.05024086	      0.00000000	     -0.02247741	      0.00000000	     -0.02216047	      0.00000000	     -0.01610163	      0.00000000	     -0.00789906	      0.00000000	     -0.01094272	      0.00000000	     -0.01236190	      0.00000000	      0.03464626	      0.00000000	      0.03428809	      0.00000000	      0.00000000	      0.00000000	      0.00000000	      0.00000000	     -0.00730281	      0.00000000	      0.02457755	      0.00000000	      0.01810976	      0.00000000	      0.00613797	      0.00000000	     -0.02302609	      0.00000000	     -0.02170015	      0.00000000	      0.00000000	      0.00000000	      0.00600058	      0.00000000	      0.00000000	      0.00000000	      0.00000000	      0.00000000	      0.00000000	      0.00000000	      0.00000000	      0.00000000	     -0.00000000
      5.00000000	    -22.42424267	      0.00000000	      0.03125189	      0.00000000	      0.04501366	      0.00000000	      0.00186248	      0.00000000	     -0.01448461	      0.00000000	      0.02243922	      0.00000000	      0.02506290	      0.00000000	     -0.02771317	      0.00000000	     -0.00000000	      0.00000000	      0.00000000	      0.00000000	     -0.00000000	      0.00000000	      0.00000000	      0.00000000	     -0.00000000	      0.00000000	     -0.00001781	      0.00000000	     -0.00046647	      0.00000000	     -0.05066881	      0.00000000	     -0.06656370	      0.00000000	     -0.05310693	      0.00000000	     -0.02223879	      0.00000000	     -0.02232960	      0.00000000	     -0.01663209	      0.00000000	     -0.00769966	      0.00000000	     -0.01080214	      0.00000000	     -0.01237945	      0.00000000	      0.03352002	      0.00000000	      0.03421690	      0.00000000	      0.00000000	      0.00000000	      0.00000000	      0.00000000	     -0.00754767	      0.00000000	      0.02436709	      0.00000000	      0.01922584	      0.00000000	      0.00771049	      0.00000000	     -0.02452308	      0.00000000	     -0.02364590	      0.00000000	      0.00000000	      0.00000000	      0.00736197	      0.00000000	      0.00000000	      0.00000000	      0.00000000	      0.00000000	      0.00000000	      0.00000000	      0.00000000	      0.00000000	     -0.00000000
      6.00000000	    -20.90909115	      0.00000000	      0.03144211	      0.00000000	      0.04538260	      0.00000000	      0.00012406	      0.00000000	     -0.01633370	      0.00000000	      0.02137866	      0.00000000	      0.02504464	      0.00000000	     -0.02938966	      0.00000000	     -0.00000000	      0.00000000	      0.00000000	      0.00000000	     -0.00000000	      0.00000000	     -0.00000000	      0.00000000	      0.00000000	      0.00000000	     -0.00001781	      0.00000000	     -0.00046647	      0.00000000	     -0.05079789	      0.00000000	     -0.06650391	      0.00000000	     -0.05575104	      0.00000000	     -0.02198845	      0.00000000	     -0.02248081	      0.00000000	     -0.01714428	      0.00000000	     -0.00749644	      0.00000000	     -0.01065556	      0.00000000	     -0.01238819	      0.00000000	      0.03236250	      0.00000000	      0.03416416	      0.00000000	      0.00000000	      0.00000000	      0.00000000	      0.00000000	     -0.00778549	      0.00000000	      0.02418910	      0.00000000	      0.02033251	      0.00000000	      0.00927984	      0.00000000	     -0.02599516	      0.00000000	     -0.02556499	      0.00000000	      0.00000000	      0.00000000	      0.00872206	      0.00000000	      0.00000000	      0.00000000	      0.00000000	      0.00000000	      0.00000000	      0.00000000	     -0.00000000	      0.00000000	     -0.00000000
      7.00000000	    -19.39393964	      0.00000000	      0.03161416	      0.00000000	      0.04572490	      0.00000000	     -0.00161338	      0.00000000	     -0.01816421	      0.00000000	      0.02028894	      0.00000000	      0.02500671	      0.00000000	     -0.03103559	      0.00000000	      0.00000000	      0.00000000	     -0.00000000	      0.00000000	     -0.00000000	      0.00000000	     -0.00000000	      0.00000000	     -0.00000000	      0.00000000	     -0.00001781	      0.00000000	     -0.00046647	      0.00000000	     -0.05088577	      0.00000000	     -0.06640442	      0.00000000	     -0.05818147	      0.00000000	     -0.02172667	      0.00000000	     -0.02261423	      0.00000000	     -0.01763791	      0.00000000	     -0.00728952	      0.00000000	     -0.01050312	      0.00000000	     -0.01238821	      0.00000000	      0.03117454	      0.00000000	      0.03412360	      0.00000000	      0.00000000	      0.00000000	      0.00000000	      0.00000000	     -0.00801609	      0.00000000	      0.02404401	      0.00000000	      0.02142919	      0.00000000	      0.01084535	      0.00000000	     -0.02744100	      0.00000000	     -0.02745546	      0.00000000	      0.00000000	      0.00000000	      0.01008061	      0.00000000	      0.00000000	      0.00000000	     -0.00000000	      0.00000000	      0.00000000	      0.00000000	     -0.00000000	      0.00000000	      0.00000000
      8.00000000	    -17.87878812	      0.00000000	      0.03176529	      0.00000000	      0.04603999	      0.00000000	     -0.00334710	      0.00000000	     -0.01997492	      0.00000000	      0.01917180	      0.00000000	      0.02494878	      0.00000000	     -0.03264947	      0.00000000	     -0.00000000	      0.00000000	     -0.00000000	      0.00000000	     -0.00000000	      0.00000000	      0.00000000	      0.00000000	     -0.00000000	      0.00000000	     -0.00001781	      0.00000000	     -0.00046647	      0.00000000	     -0.05093453	      0.00000000	     -0.06626825	      0.00000000	     -0.06040774	      0.00000000	     -0.02145375	      0.00000000	     -0.02273004	      0.00000000	     -0.01811273	      0.00000000	     -0.00707902	      0.00000000	     -0.01034495	      0.00000000	     -0.01237962	      0.00000000	      0.02995728	      0.00000000	      0.03410163	      0.00000000	     -0.00000000	      0.00000000	      0.00000000	      0.00000000	     -0.00823932	      0.00000000	      0.02392721	      0.00000000	      0.02251530	      0.00000000	      0.01240637	      0.00000000	     -0.02885933	      0.00000000	     -0.02931540	      0.00000000	     -0.00000000	      0.00000000	      0.01143737	      0.00000000	      0.00000000	      0.00000000	     -0.00000000	      0.00000000	      0.00000000	      0.00000000	     -0.00000000	      0.00000000	      0.00000000
      9.00000000	    -16.36363661	      0.00000000	      0.03189686	      0.00000000	      0.04632727	      0.00000000	     -0.00507536	      0.00000000	     -0.02176190	      0.00000000	      0.01802817	      0.00000000	      0.02487052	      0.00000000	     -0.03422987	      0.00000000	      0.00000000	      0.00000000	     -0.00000000	      0.00000000	      0.00000000	      0.00000000	     -0.00000000	      0.00000000	     -0.00000000	      0.00000000	     -0.00001781	      0.00000000	     -0.00046647	      0.00000000	     -0.05094614	      0.00000000	     -0.06609807	      0.00000000	     -0.06244016	      0.00000000	     -0.02116997	      0.00000000	     -0.02282841	      0.00000000	     -0.01856851	      0.00000000	     -0.00686507	      0.00000000	     -0.01018119	      0.00000000	     -0.01236253	      0.00000000	      0.02871127	      0.00000000	      0.03409039	      0.00000000	      0.00000000	      0.00000000	     -0.00000000	      0.00000000	     -0.00845503	      0.00000000	      0.02383857	      0.00000000	      0.02359027	      0.00000000	      0.01396225	      0.00000000	     -0.03024891	      0.00000000	     -0.03114299	      0.00000000	      0.00000000	      0.00000000	      0.01279211	      0.00000000	     -0.00000000	      0.00000000	     -0.00000000	      0.00000000	      0.00000000	      0.00000000	      0.00000000	      0.00000000	      0.00000000
     10.00000000	    -14.84848509	      0.00000000	      0.03200873	      0.00000000	      0.04658615	      0.00000000	     -0.00679557	      0.00000000	     -0.02352436	      0.00000000	      0.01685950	      0.00000000	      0.02477163	      0.00000000	     -0.03577544	      0.00000000	     -0.00000000	      0.00000000	      0.00000000	      0.00000000	      0.00000000	      0.00000000	     -0.00000000	      0.00000000	     -0.00000000	      0.00000000	     -0.00001781	      0.00000000	     -0.00046647	      0.00000000	     -0.05092243	      0.00000000	     -0.06589621	      0.00000000	     -0.06428945	      0.00000000	     -0.02087561	      0.00000000	     -0.02290951	      0.00000000	     -0.01900507	      0.00000000	     -0.00664779	      0.00000000	     -0.01001199	      0.00000000	     -0.01233703	      0.00000000	      0.02743751	      0.00000000	      0.03409196	      0.00000000	     -0.00000000	      0.00000000	      0.00000000	      0.00000000	     -0.00866311	      0.00000000	      0.02377245	      0.00000000	      0.02465352	      0.00000000	      0.01551233	      0.00000000	     -0.03160858	      0.00000000	     -0.03293650	      0.00000000	     -0.00000000	      0.00000000	      0.01414459	      0.00000000	      0.00000000	      0.00000000	      0.00000000	      0.00000000	     -0.00000000	      0.00000000	      0.00000000	      0.00000000	     -0.00000000
     11.00000000	    -13.33333357	      0.00000000	      0.03209843	      0.00000000	      0.04681603	      0.00000000	     -0.00850476	      0.00000000	     -0.02526027	      0.00000000	      0.01566727	      0.00000000	      0.02465179	      0.00000000	     -0.03728488	      0.00000000	      0.00000000	      0.00000000	      0.00000000	      0.00000000	      0.00000000	      0.00000000	     -0.00000000	      0.00000000	      0.00000000	      0.00000000	     -0.00001781	      0.00000000	     -0.00046647	      0.00000000	     -0.05086511	      0.00000000	     -0.06566472	      0.00000000	     -0.06596642	      0.00000000	     -0.02057095	      0.00000000	     -0.02297355	      0.00000000	     -0.01942227	      0.00000000	     -0.00642731	      0.00000000	     -0.00983748	      0.00000000	     -0.01230324	      0.00000000	      0.02613747	      0.00000000	      0.03410673	      0.00000000	     -0.00000000	      0.00000000	     -0.00000000	      0.00000000	     -0.00886343	      0.00000000	      0.02372863	      0.00000000	      0.02570448	      0.00000000	      0.01705596	      0.00000000	     -0.03293722	      0.00000000	     -0.03469425	      0.00000000	      0.00000000	      0.00000000	      0.01549456	      0.00000000	     -0.00000000	      0.00000000	      0.00000000	      0.00000000	      0.00000000	      0.00000000	      0.00000000	      0.00000000	      0.00000000
     12.00000000	    -11.81818206	      0.00000000	      0.03216655	      0.00000000	      0.04701632	      0.00000000	     -0.01020024	      0.00000000	     -0.02696809	      0.00000000	      0.01445327	      0.00000000	      0.02451073	      0.00000000	     -0.03875699	      0.00000000	     -0.00000000	      0.00000000	      0.00000000	      0.00000000	      0.00000000	      0.00000000	      0.00000000	      0.00000000	      0.00000000	      0.00000000	     -0.00001781	      0.00000000	     -0.00046647	      0.00000000	     -0.05077577	      0.00000000	     -0.06540542	      0.00000000	     -0.06748176	      0.00000000	     -0.02025625	      0.00000000	     -0.02302072	      0.00000000	     -0.01981999	      0.00000000	     -0.00620374	      0.00000000	     -0.00965779	      0.00000000	     -0.01226128	      0.00000000	      0.02481230	      0.00000000	      0.03413248	      0.00000000	      0.00000000	      0.00000000	      0.00000000	      0.00000000	     -0.00905588	      0.00000000	      0.02370706	      0.00000000	      0.02674256	      0.00000000	      0.01859247	      0.00000000	     -0.03423377	      0.00000000	     -0.03641466	      0.00000000	      0.00000000	      0.00000000	      0.01684180	      0.00000000	      0.00000000	      0.00000000	      0.00000000	      0.00000000	      0.00000000	      0.00000000	     -0.00000000	      0.00000000	      0.00000000
     13.00000000	    -10.30303054	      0.00000000	      0.03221262	      0.00000000	      0.04718639	      0.00000000	     -0.01187996	      0.00000000	     -0.02864593	      0.00000000	      0.01321932	      0.00000000	      0.02434819	      0.00000000	     -0.04019060	      0.00000000	      0.00000000	      0.00000000	      0.00000000	      0.00000000	      0.00000000	      0.00000000	      0.00000000	      0.00000000	     -0.00000000	      0.00000000	     -0.00001781	      0.00000000	     -0.00046647	      0.00000000	     -0.05065589	      0.00000000	     -0.06511993	      0.00000000	     -0.06884589	      0.00000000	     -0.01993180	      0.00000000	     -0.02305123	      0.00000000	     -0.02019815	      0.00000000	     -0.00597722	      0.00000000	     -0.00947306	      0.00000000	     -0.01221126	      0.00000000	      0.02346267	      0.00000000	      0.03416872	      0.00000000	      0.00000000	      0.00000000	      0.00000000	      0.00000000	     -0.00924036	      0.00000000	      0.02370307	      0.00000000	      0.02776720	      0.00000000	      0.02012121	      0.00000000	     -0.03549722	      0.00000000	     -0.03809623	      0.00000000	      0.00000000	      0.00000000	      0.01818605	      0.00000000	      0.00000000	      0.00000000	      0.00000000	      0.00000000	      0.00000000	      0.00000000	     -0.00000000	      0.00000000	      0.00000000
     14.00000000	     -8.78787902	      0.00000000	      0.03223620	      0.00000000	      0.04732602	      0.00000000	     -0.01354156	      0.00000000	     -0.03029237	      0.00000000	      0.01196621	      0.00000000	      0.02416392	      0.00000000	     -0.04158466	      0.00000000	     -0.00000000	      0.00000000	     -0.00000000	      0.00000000	      0.00000000	      0.00000000	     -0.00000000	      0.00000000	     -0.00000000	      0.00000000	     -0.00001781	      0.00000000	     -0.00046647	      0.00000000	     -0.05050686	      0.00000000	     -0.06480968	      0.00000000	     -0.07006878	      0.00000000	     -0.01959784	      0.00000000	     -0.02306530	      0.00000000	     -0.02055669	      0.00000000	     -0.00574787	      0.00000000	     -0.00928344	      0.00000000	     -0.01215331	      0.00000000	      0.02209021	      0.00000000	      0.03421284	      0.00000000	      0.00000000	      0.00000000	      0.00000000	      0.00000000	     -0.00941679	      0.00000000	      0.02371847	      0.00000000	      0.02877782	      0.00000000	      0.02164151	      0.00000000	     -0.03672664	      0.00000000	     -0.03973754	      0.00000000	     -0.00000000	      0.00000000	      0.01952709	      0.00000000	     -0.00000000	      0.00000000	      0.00000000	      0.00000000	      0.00000000	      0.00000000	     -0.00000000	      0.00000000	      0.00000000
     15.00000000	     -7.27272751	      0.00000000	      0.03223585	      0.00000000	      0.04743401	      0.00000000	     -0.01518341	      0.00000000	     -0.03190578	      0.00000000	      0.01069730	      0.00000000	      0.02395770	      0.00000000	     -0.04293815	      0.00000000	     -0.00000000	      0.00000000	      0.00000000	      0.00000000	     -0.00000000	      0.00000000	     -0.00000000	      0.00000000	      0.00000000	      0.00000000	     -0.00001781	      0.00000000	     -0.00046647	      0.00000000	     -0.05032998	      0.00000000	     -0.06447596	      0.00000000	     -0.07115992	      0.00000000	     -0.01925466	      0.00000000	     -0.02306316	      0.00000000	     -0.02089560	      0.00000000	     -0.00551580	      0.00000000	     -0.00908906	      0.00000000	     -0.01208754	      0.00000000	      0.02069574	      0.00000000	      0.03426631	      0.00000000	      0.00000000	      0.00000000	      0.00000000	      0.00000000	     -0.00958509	      0.00000000	      0.02375027	      0.00000000	      0.02977382	      0.00000000	      0.02315271	      0.00000000	     -0.03792113	      0.00000000	     -0.04133726	      0.00000000	     -0.00000000	      0.00000000	      0.02086466	      0.00000000	      0.00000000	      0.00000000	      0.00000000	      0.00000000	      0.00000000	      0.00000000	      0.00000000	      0.00000000	      0.00000000
     16.00000000	     -5.75757599	      0.00000000	      0.03221307	      0.00000000	      0.04751032	      0.00000000	     -0.01680256	      0.00000000	     -0.03348468	      0.00000000	      0.00941267	      0.00000000	      0.02372940	      0.00000000	     -0.04425014	      0.00000000	     -0.00000000	      0.00000000	      0.00000000	      0.00000000	     -0.00000000	      0.00000000	      0.00000000	      0.00000000	      0.00000000	      0.00000000	     -0.00001781	      0.00000000	     -0.00046647	      0.00000000	     -0.05012646	      0.00000000	     -0.06411992	      0.00000000	     -0.07212827	      0.00000000	     -0.01890251	      0.00000000	     -0.02304504	      0.00000000	     -0.02121487	      0.00000000	     -0.00528114	      0.00000000	     -0.00889005	      0.00000000	     -0.01201408	      0.00000000	      0.01928082	      0.00000000	      0.03432862	      0.00000000	      0.00000000	      0.00000000	     -0.00000000	      0.00000000	     -0.00974520	      0.00000000	      0.02379621	      0.00000000	      0.03075464	      0.00000000	      0.02465414	      0.00000000	     -0.03907987	      0.00000000	     -0.04289414	      0.00000000	     -0.00000000	      0.00000000	      0.02219855	      0.00000000	      0.00000000	      0.00000000	     -0.00000000	      0.00000000	     -0.00000000	      0.00000000	     -0.00000000	      0.00000000	      0.00000000
     17.00000000	     -4.24242447	      0.00000000	      0.03216643	      0.00000000	      0.04755386	      0.00000000	     -0.01839733	      0.00000000	     -0.03502781	      0.00000000	      0.00811562	      0.00000000	      0.02347887	      0.00000000	     -0.04551976	      0.00000000	     -0.00000000	      0.00000000	     -0.00000000	      0.00000000	     -0.00000000	      0.00000000	      0.00000000	      0.00000000	      0.00000000	      0.00000000	     -0.00001781	      0.00000000	     -0.00046647	      0.00000000	     -0.04989743	      0.00000000	     -0.06374260	      0.00000000	     -0.07298220	      0.00000000	     -0.01854164	      0.00000000	     -0.02301117	      0.00000000	     -0.02151454	      0.00000000	     -0.00504401	      0.00000000	     -0.00868655	      0.00000000	     -0.01193306	      0.00000000	      0.01784672	      0.00000000	      0.03439934	      0.00000000	     -0.00000000	      0.00000000	     -0.00000000	      0.00000000	     -0.00989705	      0.00000000	      0.02385770	      0.00000000	      0.03171969	      0.00000000	      0.02614514	      0.00000000	     -0.04020208	      0.00000000	     -0.04440703	      0.00000000	     -0.00000000	      0.00000000	      0.02352850	      0.00000000	      0.00000000	      0.00000000	     -0.00000000	      0.00000000	      0.00000000	      0.00000000	      0.00000000	      0.00000000	      0.00000000
     18.00000000	     -2.72727296	      0.00000000	      0.03209548	      0.00000000	      0.04756427	      0.00000000	     -0.01996601	      0.00000000	     -0.03653362	      0.00000000	      0.00680771	      0.00000000	      0.02320575	      0.00000000	     -0.04674623	      0.00000000	     -0.00000000	      0.00000000	     -0.00000000	      0.00000000	      0.00000000	      0.00000000	     -0.00000000	      0.00000000	      0.00000000	      0.00000000	     -0.00001781	      0.00000000	     -0.00046647	      0.00000000	     -0.04964394	      0.00000000	     -0.06334493	      0.00000000	     -0.07372951	      0.00000000	     -0.01817232	      0.00000000	     -0.02296179	      0.00000000	     -0.02179465	      0.00000000	     -0.00480453	      0.00000000	     -0.00847869	      0.00000000	     -0.01184461	      0.00000000	      0.01639480	      0.00000000	      0.03447802	      0.00000000	      0.00000000	      0.00000000	      0.00000000	      0.00000000	     -0.01004061	      0.00000000	      0.02393163	      0.00000000	      0.03266839	      0.00000000	      0.02762502	      0.00000000	     -0.04128706	      0.00000000	     -0.04587484	      0.00000000	      0.00000000	      0.00000000	      0.02485429	      0.00000000	      0.00000000	      0.00000000	      0.00000000	      0.00000000	      0.00000000	      0.00000000	      0.00000000	      0.00000000	     -0.00000000
     19.00000000	     -1.21212144	      0.00000000	      0.03200020	      0.00000000	      0.04754111	      0.00000000	     -0.02150624	      0.00000000	     -0.03800100	      0.00000000	      0.00549114	      0.00000000	      0.02290999	      0.00000000	     -0.04792882	      0.00000000	      0.00000000	      0.00000000	      0.00000000	      0.00000000	     -0.00000000	      0.00000000	     -0.00000000	      0.00000000	      0.00000000	      0.00000000	     -0.00001781	      0.00000000	     -0.00046647	      0.00000000	     -0.04936700	      0.00000000	     -0.06292777	      0.00000000	     -0.07437746	      0.00000000	     -0.01779478	      0.00000000	     -0.02289715	      0.00000000	     -0.02205528	      0.00000000	     -0.00456283	      0.00000000	     -0.00826661	      0.00000000	     -0.01174885	      0.00000000	      0.01492646	      0.00000000	      0.03456425	      0.00000000	      0.00000000	      0.00000000	      0.00000000	      0.00000000	     -0.01017583	      0.00000000	      0.02401928	      0.00000000	      0.03360017	      0.00000000	      0.02909312	      0.00000000	     -0.04233414	      0.00000000	     -0.04729658	      0.00000000	     -0.00000000	      0.00000000	      0.02617568	      0.00000000	      0.00000000	      0.00000000	     -0.00000000	      0.00000000	      0.00000000	      0.00000000	      0.00000000	      0.00000000	      0.00000000
     20.00000000	      0.30303007	      0.00000000	      0.03187934	      0.00000000	      0.04748371	      0.00000000	     -0.02301709	      0.00000000	     -0.03942947	      0.00000000	      0.00416734	      0.00000000	      0.02259158	      0.00000000	     -0.04906687	      0.00000000	      0.00000000	      0.00000000	      0.00000000	      0.00000000	      0.00000000	      0.00000000	      0.00000000	      0.00000000	      0.00000000	      0.00000000	     -0.00001781	      0.00000000	     -0.00046647	      0.00000000	     -0.04906754	      0.00000000	     -0.06249188	      0.00000000	     -0.07493273	      0.00000000	     -0.01740928	      0.00000000	     -0.02281750	      0.00000000	     -0.02229654	      0.00000000	     -0.00431901	      0.00000000	     -0.00805044	      0.00000000	     -0.01164592	      0.00000000	      0.01344341	      0.00000000	      0.03465767	      0.00000000	     -0.00000000	      0.00000000	      0.00000000	      0.00000000	     -0.01030268	      0.00000000	      0.02411867	      0.00000000	      0.03451443	      0.00000000	      0.03054876	      0.00000000	     -0.04334273	      0.00000000	     -0.04867135	      0.00000000	     -0.00000000	      0.00000000	      0.02749243	      0.00000000	      0.00000000	      0.00000000	      0.00000000	      0.00000000	      0.00000000	      0.00000000	      0.00000000	      0.00000000	     -0.00000000
     21.00000000	      1.81818159	      0.00000000	      0.03173292	      0.00000000	      0.04739139	      0.00000000	     -0.02449657	      0.00000000	     -0.04081661	      0.00000000	      0.00283918	      0.00000000	      0.02224983	      0.00000000	     -0.05015981	      0.00000000	      0.00000000	      0.00000000	      0.00000000	      0.00000000	      0.00000000	      0.00000000	      0.00000000	      0.00000000	      0.00000000	      0.00000000	     -0.00001781	      0.00000000	     -0.00046647	      0.00000000	     -0.04874642	      0.00000000	     -0.06203798	      0.00000000	     -0.07540152	      0.00000000	     -0.01701607	      0.00000000	     -0.02272309	      0.00000000	     -0.02251852	      0.00000000	     -0.00407321	      0.00000000	     -0.00783033	      0.00000000	     -0.01153595	      0.00000000	      0.01194652	      0.00000000	      0.03475791	      0.00000000	      0.00000000	      0.00000000	      0.00000000	      0.00000000	     -0.01042115	      0.00000000	      0.02422944	      0.00000000	      0.03541061	      0.00000000	      0.03199125	      0.00000000	     -0.04431227	      0.00000000	     -0.04999832	      0.00000000	      0.00000000	      0.00000000	      0.02880430	      0.00000000	      0.00000000	      0.00000000	      0.00000000	      0.00000000	     -0.00000000	      0.00000000	      0.00000000	      0.00000000	      0.00000000
     22.00000000	      3.33333311	      0.00000000	      0.03156051	      0.00000000	      0.04726405	      0.00000000	     -0.02594290	      0.00000000	     -0.04216219	      0.00000000	      0.00150787	      0.00000000	      0.02188603	      0.00000000	     -0.05120710	      0.00000000	      0.00000000	      0.00000000	      0.00000000	      0.00000000	      0.00000000	      0.00000000	      0.00000000	      0.00000000	      0.00000000	      0.00000000	     -0.00001781	      0.00000000	     -0.00046647	      0.00000000	     -0.04840448	      0.00000000	     -0.06156671	      0.00000000	     -0.07578950	      0.00000000	     -0.01661539	      0.00000000	     -0.02261418	      0.00000000	     -0.02272137	      0.00000000	     -0.00382553	      0.00000000	     -0.00760639	      0.00000000	     -0.01141908	      0.00000000	      0.01043757	      0.00000000	      0.03486463	      0.00000000	      0.00000000	      0.00000000	     -0.00000000	      0.00000000	     -0.01053123	      0.00000000	      0.02435025	      0.00000000	      0.03628811	      0.00000000	      0.03341992	      0.00000000	     -0.04524229	      0.00000000	     -0.05127675	      0.00000000	      0.00000000	      0.00000000	      0.03011108	      0.00000000	      0.00000000	      0.00000000	      0.00000000	      0.00000000	      0.00000000	      0.00000000	      0.00000000	      0.00000000	      0.00000000
     23.00000000	      4.84848462	      0.00000000	      0.03136175	      0.00000000	      0.04710096	      0.00000000	     -0.02735485	      0.00000000	     -0.04346515	      0.00000000	      0.00017683	      0.00000000	      0.02149953	      0.00000000	     -0.05220829	      0.00000000	     -0.00000000	      0.00000000	     -0.00000000	      0.00000000	      0.00000000	      0.00000000	     -0.00000000	      0.00000000	      0.00000000	      0.00000000	     -0.00001781	      0.00000000	     -0.00046647	      0.00000000	     -0.04804249	      0.00000000	     -0.06107866	      0.00000000	     -0.07610191	      0.00000000	     -0.01620747	      0.00000000	     -0.02249101	      0.00000000	     -0.02290524	      0.00000000	     -0.00357611	      0.00000000	     -0.00737876	      0.00000000	     -0.01129543	      0.00000000	      0.00891807	      0.00000000	      0.03497752	      0.00000000	      0.00000000	      0.00000000	      0.00000000	      0.00000000	     -0.01063291	      0.00000000	      0.02448111	      0.00000000	      0.03714635	      0.00000000	      0.03483408	      0.00000000	     -0.04613234	      0.00000000	     -0.05250597	      0.00000000	     -0.00000000	      0.00000000	      0.03141251	      0.00000000	      0.00000000	      0.00000000	     -0.00000000	      0.00000000	     -0.00000000	      0.00000000	      0.00000000	      0.00000000	      0.00000000
     24.00000000	      6.36363614	      0.00000000	      0.03113625	      0.00000000	      0.04690178	      0.00000000	     -0.02873158	      0.00000000	     -0.04472480	      0.00000000	     -0.00115374	      0.00000000	      0.02109040	      0.00000000	     -0.05316300	      0.00000000	      0.00000000	      0.00000000	     -0.00000000	      0.00000000	      0.00000000	      0.00000000	     -0.00000000	      0.00000000	     -0.00000000	      0.00000000	     -0.00001781	      0.00000000	     -0.00046647	      0.00000000	     -0.04766117	      0.00000000	     -0.06057437	      0.00000000	     -0.07634355	      0.00000000	     -0.01579256	      0.00000000	     -0.02235386	      0.00000000	     -0.02307029	      0.00000000	     -0.00332505	      0.00000000	     -0.00714757	      0.00000000	     -0.01116515	      0.00000000	      0.00738954	      0.00000000	      0.03509629	      0.00000000	     -0.00000000	      0.00000000	      0.00000000	      0.00000000	     -0.01072619	      0.00000000	      0.02462045	      0.00000000	      0.03798475	      0.00000000	      0.03623302	      0.00000000	     -0.04698204	      0.00000000	     -0.05368540	      0.00000000	      0.00000000	      0.00000000	      0.03270838	      0.00000000	      0.00000000	      0.00000000	     -0.00000000	      0.00000000	      0.00000000	      0.00000000	      0.00000000	      0.00000000	     -0.00000000
     25.00000000	      7.87878766	      0.00000000	      0.03088368	      0.00000000	      0.04666582	      0.00000000	     -0.03007115	      0.00000000	     -0.04593964	      0.00000000	     -0.00248010	      0.00000000	      0.02065876	      0.00000000	     -0.05407088	      0.00000000	      0.00000000	      0.00000000	      0.00000000	      0.00000000	      0.00000000	      0.00000000	      0.00000000	      0.00000000	      0.00000000	      0.00000000	     -0.00001781	      0.00000000	     -0.00046647	      0.00000000	     -0.04726123	      0.00000000	     -0.06005437	      0.00000000	     -0.07651883	      0.00000000	     -0.01537089	      0.00000000	     -0.02220298	      0.00000000	     -0.02321671	      0.00000000	     -0.00307248	      0.00000000	     -0.00691296	      0.00000000	     -0.01102838	      0.00000000	      0.00585352	      0.00000000	      0.03522065	      0.00000000	     -0.00000000	      0.00000000	      0.00000000	      0.00000000	     -0.01081109	      0.00000000	      0.02476861	      0.00000000	      0.03880274	      0.00000000	      0.03761607	      0.00000000	     -0.04779105	      0.00000000	     -0.05481453	      0.00000000	     -0.00000000	      0.00000000	      0.03399845	      0.00000000	      0.00000000	      0.00000000	      0.00000000	      0.00000000	      0.00000000	      0.00000000	      0.00000000	      0.00000000	      0.00000000
     26.00000000	      9.39393917	      0.00000000	      0.03060370	      0.00000000	      0.04639256	      0.00000000	     -0.03137312	      0.00000000	     -0.04711037	      0.00000000	     -0.00380079	      0.00000000	      0.02020475	      0.00000000	     -0.05493167	      0.00000000	      0.00000000	      0.00000000	     -0.00000000	      0.00000000	      0.00000000	      0.00000000	     -0.00000000	      0.00000000	      0.00000000	      0.00000000	     -0.00001781	      0.00000000	     -0.00046647	      0.00000000	     -0.04684330	      0.00000000	     -0.05951912	      0.00000000	     -0.07663180	      0.00000000	     -0.01494268	      0.00000000	     -0.02203863	      0.00000000	     -0.02334468	      0.00000000	     -0.00281852	      0.00000000	     -0.00667506	      0.00000000	     -0.01088524	      0.00000000	      0.00431160	      0.00000000	      0.03535032	      0.00000000	      0.00000000	      0.00000000	     -0.00000000	      0.00000000	     -0.01088764	      0.00000000	      0.02492531	      0.00000000	      0.03959973	      0.00000000	      0.03898252	      0.00000000	     -0.04855911	      0.00000000	     -0.05589293	      0.00000000	     -0.00000000	      0.00000000	      0.03528249	      0.00000000	      0.00000000	      0.00000000	     -0.00000000	      0.00000000	      0.00000000	      0.00000000	     -0.00000000	      0.00000000	      0.00000000
     27.00000000	     10.90909069	      0.00000000	      0.03029550	      0.00000000	      0.04608169	      0.00000000	     -0.03263625	      0.00000000	     -0.04823506	      0.00000000	     -0.00511385	      0.00000000	      0.01972838	      0.00000000	     -0.05574514	      0.00000000	      0.00000000	      0.00000000	      0.00000000	      0.00000000	      0.00000000	      0.00000000	     -0.00000000	      0.00000000	      0.00000000	      0.00000000	     -0.00001781	      0.00000000	     -0.00046647	      0.00000000	     -0.04640800	      0.00000000	     -0.05896905	      0.00000000	     -0.07668617	      0.00000000	     -0.01450819	      0.00000000	     -0.02186108	      0.00000000	     -0.02345442	      0.00000000	     -0.00256328	      0.00000000	     -0.00643399	      0.00000000	     -0.01073589	      0.00000000	      0.00276562	      0.00000000	      0.03548507	      0.00000000	      0.00000000	      0.00000000	      0.00000000	      0.00000000	     -0.01095584	      0.00000000	      0.02508913	      0.00000000	      0.04037513	      0.00000000	      0.04033166	      0.00000000	     -0.04928596	      0.00000000	     -0.05692023	      0.00000000	      0.00000000	      0.00000000	      0.03656027	      0.00000000	      0.00000000	      0.00000000	      0.00000000	      0.00000000	      0.00000000	      0.00000000	      0.00000000	      0.00000000	      0.00000000
     28.00000000	     12.42424220	      0.00000000	      0.02995976	      0.00000000	      0.04573284	      0.00000000	     -0.03385996	      0.00000000	     -0.04931445	      0.00000000	     -0.00641753	      0.00000000	      0.01923029	      0.00000000	     -0.05651115	      0.00000000	      0.00000000	      0.00000000	     -0.00000000	      0.00000000	      0.00000000	      0.00000000	     -0.00000000	      0.00000000	     -0.00000000	      0.00000000	     -0.00001781	      0.00000000	     -0.00046647	      0.00000000	     -0.04595592	      0.00000000	     -0.05840459	      0.00000000	     -0.07668535	      0.00000000	     -0.01406762	      0.00000000	     -0.02167059	      0.00000000	     -0.02354614	      0.00000000	     -0.00230689	      0.00000000	     -0.00618989	      0.00000000	     -0.01058045	      0.00000000	      0.00121659	      0.00000000	      0.03562466	      0.00000000	      0.00000000	      0.00000000	     -0.00000000	      0.00000000	     -0.01101575	      0.00000000	      0.02526059	      0.00000000	      0.04112837	      0.00000000	      0.04166279	      0.00000000	     -0.04997142	      0.00000000	     -0.05789613	      0.00000000	      0.00000000	      0.00000000	      0.03783155	      0.00000000	      0.00000000	      0.00000000	      0.00000000	      0.00000000	      0.00000000	      0.00000000	      0.00000000	      0.00000000	      0.00000000
     29.00000000	     13.93939372	      0.00000000	      0.02959590	      0.00000000	      0.04534561	      0.00000000	     -0.03504352	      0.00000000	     -0.05034751	      0.00000000	     -0.00770999	      0.00000000	      0.01871077	      0.00000000	     -0.05722958	      0.00000000	      0.00000000	      0.00000000	      0.00000000	      0.00000000	     -0.00000000	      0.00000000	     -0.00000000	      0.00000000	      0.00000000	      0.00000000	     -0.00001781	      0.00000000	     -0.00046647	      0.00000000	     -0.04548761	      0.00000000	     -0.05782612	      0.00000000	     -0.07663245	      0.00000000	     -0.01362120	      0.00000000	     -0.02146742	      0.00000000	     -0.02362006	      0.00000000	     -0.00204945	      0.00000000	     -0.00594289	      0.00000000	     -0.01041906	      0.00000000	     -0.00033363	      0.00000000	      0.03576884	      0.00000000	      0.00000000	      0.00000000	      0.00000000	      0.00000000	     -0.01106739	      0.00000000	      0.02543937	      0.00000000	      0.04185887	      0.00000000	      0.04297520	      0.00000000	     -0.05061537	      0.00000000	     -0.05882042	      0.00000000	      0.00000000	      0.00000000	      0.03909613	      0.00000000	      0.00000000	      0.00000000	      0.00000000	      0.00000000	      0.00000000	      0.00000000	      0.00000000	      0.00000000	     -0.00000000
     30.00000000	     15.45454524	      0.00000000	      0.02920351	      0.00000000	      0.04491966	      0.00000000	     -0.03618557	      0.00000000	     -0.05133370	      0.00000000	     -0.00898885	      0.00000000	      0.01816975	      0.00000000	     -0.05790038	      0.00000000	      0.00000000	      0.00000000	     -0.00000000	      0.00000000	      0.00000000	      0.00000000	      0.00000000	      0.00000000	     -0.00000000	      0.00000000	     -0.00001781	      0.00000000	     -0.00046647	      0.00000000	     -0.04505500	      0.00000000	     -0.05723400	      0.00000000	     -0.07653037	      0.00000000	     -0.01316917	      0.00000000	     -0.02125184	      0.00000000	     -0.02367642	      0.00000000	     -0.00179110	      0.00000000	     -0.00569311	      0.00000000	     -0.01025188	      0.00000000	     -0.00188343	      0.00000000	      0.03591742	      0.00000000	      0.00000000	      0.00000000	      0.00000000	      0.00000000	     -0.01111082	      0.00000000	      0.02562368	      0.00000000	      0.04256605	      0.00000000	      0.04426817	      0.00000000	     -0.05121769	      0.00000000	     -0.05969293	      0.00000000	      0.00000000	      0.00000000	      0.04035376	      0.00000000	     -0.00000000	      0.00000000	      0.00000000	      0.00000000	      0.00000000	      0.00000000	      0.00000000	      0.00000000	     -0.00000000
     31.00000000	     16.96969675	      0.00000000	      0.02878249	      0.00000000	      0.04445467	      0.00000000	     -0.03728636	      0.00000000	     -0.05227277	      0.00000000	     -0.01025288	      0.00000000	      0.01760785	      0.00000000	     -0.05852355	      0.00000000	      0.00000000	      0.00000000	      0.00000000	      0.00000000	      0.00000000	      0.00000000	     -0.00000000	      0.00000000	      0.00000000	      0.00000000	     -0.00001781	      0.00000000	     -0.00046647	      0.00000000	     -0.04513305	      0.00000000	     -0.05662857	      0.00000000	     -0.07638172	      0.00000000	     -0.01271174	      0.00000000	     -0.02102412	      0.00000000	     -0.02371547	      0.00000000	     -0.00153193	      0.00000000	     -0.00544068	      0.00000000	     -0.01007902	      0.00000000	     -0.00343123	      0.00000000	      0.03607017	      0.00000000	     -0.00000000	      0.00000000	     -0.00000000	      0.00000000	     -0.01114608	      0.00000000	      0.02581363	      0.00000000	      0.04324934	      0.00000000	      0.04554098	      0.00000000	     -0.05177833	      0.00000000	     -0.06051355	      0.00000000	     -0.00000000	      0.00000000	      0.04160422	      0.00000000	      0.00000000	      0.00000000	     -0.00000000	      0.00000000	     -0.00000000	      0.00000000	     -0.00000000	      0.00000000	     -0.00000000
     32.00000000	     18.48484827	      0.00000000	      0.02833270	      0.00000000	      0.04395036	      0.00000000	     -0.03834484	      0.00000000	     -0.05316490	      0.00000000	     -0.01150026	      0.00000000	      0.01702550	      0.00000000	     -0.05909913	      0.00000000	     -0.00000000	      0.00000000	     -0.00000000	      0.00000000	      0.00000000	      0.00000000	      0.00000000	      0.00000000	      0.00000000	      0.00000000	     -0.00001781	      0.00000000	     -0.00046647	      0.00000000	     -0.04518719	      0.00000000	     -0.05601017	      0.00000000	     -0.07618896	      0.00000000	     -0.01224913	      0.00000000	     -0.02078452	      0.00000000	     -0.02373744	      0.00000000	     -0.00127208	      0.00000000	     -0.00518574	      0.00000000	     -0.00990064	      0.00000000	     -0.00497544	      0.00000000	      0.03622691	      0.00000000	      0.00000000	      0.00000000	      0.00000000	      0.00000000	     -0.01117324	      0.00000000	      0.02600965	      0.00000000	      0.04390816	      0.00000000	      0.04679290	      0.00000000	     -0.05229729	      0.00000000	     -0.06128226	      0.00000000	      0.00000000	      0.00000000	      0.04284729	      0.00000000	      0.00000000	      0.00000000	     -0.00000000	      0.00000000	      0.00000000	      0.00000000	      0.00000000	      0.00000000	     -0.00000000
     33.00000000	     19.99999979	      0.00000000	      0.02785406	      0.00000000	      0.04340652	      0.00000000	     -0.03936097	      0.00000000	     -0.05400905	      0.00000000	     -0.01272932	      0.00000000	      0.01642322	      0.00000000	     -0.05962721	      0.00000000	     -0.00000000	      0.00000000	      0.00000000	      0.00000000	     -0.00000000	      0.00000000	     -0.00000000	      0.00000000	     -0.00000000	      0.00000000	     -0.00001781	      0.00000000	     -0.00046647	      0.00000000	     -0.04521763	      0.00000000	     -0.05537911	      0.00000000	     -0.07595430	      0.00000000	     -0.01178156	      0.00000000	     -0.02053329	      0.00000000	     -0.02374261	      0.00000000	     -0.00101166	      0.00000000	     -0.00492840	      0.00000000	     -0.00971688	      0.00000000	     -0.00651448	      0.00000000	      0.03638745	      0.00000000	      0.00000000	      0.00000000	      0.00000000	      0.00000000	     -0.01119235	      0.00000000	      0.02621121	      0.00000000	      0.04454193	      0.00000000	      0.04802321	      0.00000000	     -0.05277459	      0.00000000	     -0.06199905	      0.00000000	      0.00000000	      0.00000000	      0.04408274	      0.00000000	      0.00000000	      0.00000000	      0.00000000	      0.00000000	      0.00000000	      0.00000000	     -0.00000000	      0.00000000	      0.00000000
     34.00000000	     21.51515130	      0.00000000	      0.02734616	      0.00000000	      0.04282298	      0.00000000	     -0.04033446	      0.00000000	     -0.05480544	      0.00000000	     -0.01393823	      0.00000000	      0.01580153	      0.00000000	     -0.06010792	      0.00000000	      0.00000000	      0.00000000	     -0.00000000	      0.00000000	      0.00000000	      0.00000000	      0.00000000	      0.00000000	      0.00000000	      0.00000000	     -0.00001781	      0.00000000	     -0.00046647	      0.00000000	     -0.04522469	      0.00000000	     -0.05479235	      0.00000000	     -0.07567983	      0.00000000	     -0.01130925	      0.00000000	     -0.02027071	      0.00000000	     -0.02373121	      0.00000000	     -0.00075079	      0.00000000	     -0.00466880	      0.00000000	     -0.00952787	      0.00000000	     -0.00804680	      0.00000000	      0.03655159	      0.00000000	      0.00000000	      0.00000000	      0.00000000	      0.00000000	     -0.01120348	      0.00000000	      0.02641899	      0.00000000	      0.04515010	      0.00000000	      0.04923116	      0.00000000	     -0.05321030	      0.00000000	     -0.06266401	      0.00000000	      0.00000000	      0.00000000	      0.04531035	      0.00000000	      0.00000000	      0.00000000	      0.00000000	      0.00000000	      0.00000000	      0.00000000	     -0.00000000	      0.00000000	     -0.00000000
     35.00000000	     23.03030282	      0.00000000	      0.02680968	      0.00000000	      0.04219959	      0.00000000	     -0.04126465	      0.00000000	     -0.05555410	      0.00000000	     -0.01512611	      0.00000000	      0.01516104	      0.00000000	     -0.06054144	      0.00000000	     -0.00000000	      0.00000000	      0.00000000	      0.00000000	      0.00000000	      0.00000000	     -0.00000000	      0.00000000	      0.00000000	      0.00000000	     -0.00001781	      0.00000000	     -0.00046647	      0.00000000	     -0.04520874	      0.00000000	     -0.05446488	      0.00000000	     -0.07536743	      0.00000000	     -0.01083241	      0.00000000	     -0.01999704	      0.00000000	     -0.02370354	      0.00000000	     -0.00048958	      0.00000000	     -0.00440707	      0.00000000	     -0.00933376	      0.00000000	     -0.00957055	      0.00000000	      0.03671917	      0.00000000	      0.00000000	      0.00000000	      0.00000000	      0.00000000	     -0.01120671	      0.00000000	      0.02662777	      0.00000000	      0.04573208	      0.00000000	      0.05041602	      0.00000000	     -0.05360451	      0.00000000	     -0.06327725	      0.00000000	     -0.00000000	      0.00000000	      0.04652989	      0.00000000	     -0.00000000	      0.00000000	      0.00000000	      0.00000000	      0.00000000	      0.00000000	     -0.00000000	      0.00000000	      0.00000000
     36.00000000	     24.54545434	      0.00000000	      0.02624431	      0.00000000	      0.04153628	      0.00000000	     -0.04215204	      0.00000000	     -0.05625457	      0.00000000	     -0.01629134	      0.00000000	      0.01450246	      0.00000000	     -0.06092798	      0.00000000	     -0.00000000	      0.00000000	      0.00000000	      0.00000000	     -0.00000000	      0.00000000	      0.00000000	      0.00000000	     -0.00000000	      0.00000000	     -0.00001781	      0.00000000	     -0.00046647	      0.00000000	     -0.04516632	      0.00000000	     -0.05411810	      0.00000000	     -0.07501888	      0.00000000	     -0.01035125	      0.00000000	     -0.01971254	      0.00000000	     -0.02365984	      0.00000000	     -0.00022815	      0.00000000	     -0.00414333	      0.00000000	     -0.00913467	      0.00000000	     -0.01108478	      0.00000000	      0.03689001	      0.00000000	      0.00000000	      0.00000000	      0.00000000	      0.00000000	     -0.01120211	      0.00000000	      0.02684475	      0.00000000	      0.04628732	      0.00000000	      0.05157703	      0.00000000	     -0.05395738	      0.00000000	     -0.06383895	      0.00000000	     -0.00000000	      0.00000000	      0.04774116	      0.00000000	     -0.00000000	      0.00000000	      0.00000000	      0.00000000	     -0.00000000	      0.00000000	     -0.00000000	      0.00000000	      0.00000000
     37.00000000	     26.06060585	      0.00000000	      0.02565015	      0.00000000	      0.04083297	      0.00000000	     -0.04299594	      0.00000000	     -0.05690740	      0.00000000	     -0.01745540	      0.00000000	      0.01382645	      0.00000000	     -0.06126778	      0.00000000	      0.00000000	      0.00000000	     -0.00000000	      0.00000000	     -0.00000000	      0.00000000	     -0.00000000	      0.00000000	     -0.00000000	      0.00000000	     -0.00001781	      0.00000000	     -0.00046647	      0.00000000	     -0.04510186	      0.00000000	     -0.05375264	      0.00000000	     -0.07463580	      0.00000000	     -0.00986599	      0.00000000	     -0.01941748	      0.00000000	     -0.02360039	      0.00000000	      0.00003338	      0.00000000	     -0.00387771	      0.00000000	     -0.00893077	      0.00000000	     -0.01258770	      0.00000000	      0.03706394	      0.00000000	      0.00000000	      0.00000000	     -0.00000000	      0.00000000	     -0.01118976	      0.00000000	      0.02706328	      0.00000000	      0.04681526	      0.00000000	      0.05271345	      0.00000000	     -0.05426905	      0.00000000	     -0.06434932	      0.00000000	     -0.00000000	      0.00000000	      0.04894392	      0.00000000	     -0.00000000	      0.00000000	     -0.00000000	      0.00000000	      0.00000000	      0.00000000	      0.00000000	      0.00000000	      0.00000000
     38.00000000	     27.57575737	      0.00000000	      0.02502702	      0.00000000	      0.04008972	      0.00000000	     -0.04379629	      0.00000000	     -0.05751283	      0.00000000	     -0.01856815	      0.00000000	      0.01313387	      0.00000000	     -0.06156114	      0.00000000	     -0.00000000	      0.00000000	     -0.00000000	      0.00000000	     -0.00000000	      0.00000000	     -0.00000000	      0.00000000	     -0.00000000	      0.00000000	     -0.00001781	      0.00000000	     -0.00046647	      0.00000000	     -0.04501790	      0.00000000	     -0.05336915	      0.00000000	     -0.07421969	      0.00000000	     -0.00937684	      0.00000000	     -0.01911210	      0.00000000	     -0.02352548	      0.00000000	      0.00029490	      0.00000000	     -0.00361032	      0.00000000	     -0.00872217	      0.00000000	     -0.01407753	      0.00000000	      0.03724080	      0.00000000	      0.00000000	      0.00000000	      0.00000000	      0.00000000	     -0.01116974	      0.00000000	      0.02728582	      0.00000000	      0.04731533	      0.00000000	      0.05382451	      0.00000000	     -0.05453975	      0.00000000	     -0.06480862	      0.00000000	     -0.00000000	      0.00000000	      0.05013796	      0.00000000	     -0.00000000	      0.00000000	     -0.00000000	      0.00000000	      0.00000000	      0.00000000	      0.00000000	      0.00000000	     -0.00000000
     39.00000000	     29.09090888	      0.00000000	      0.02437591	      0.00000000	      0.03930661	      0.00000000	     -0.04455375	      0.00000000	     -0.05807068	      0.00000000	     -0.01965473	      0.00000000	      0.01242534	      0.00000000	     -0.06180837	      0.00000000	      0.00000000	      0.00000000	      0.00000000	      0.00000000	      0.00000000	      0.00000000	      0.00000000	      0.00000000	     -0.00000000	      0.00000000	     -0.00001781	      0.00000000	     -0.00046647	      0.00000000	     -0.04491253	      0.00000000	     -0.05296826	      0.00000000	     -0.07377198	      0.00000000	     -0.00888401	      0.00000000	     -0.01879667	      0.00000000	     -0.02343537	      0.00000000	      0.00055628	      0.00000000	     -0.00334131	      0.00000000	     -0.00850903	      0.00000000	     -0.01555338	      0.00000000	      0.03742042	      0.00000000	      0.00000000	      0.00000000	      0.00000000	      0.00000000	     -0.01114215	      0.00000000	      0.02751211	      0.00000000	      0.04778699	      0.00000000	      0.05490946	      0.00000000	     -0.05476970	      0.00000000	     -0.06521715	      0.00000000	      0.00000000	      0.00000000	      0.05132306	      0.00000000	      0.00000000	      0.00000000	     -0.00000000	      0.00000000	     -0.00000000	      0.00000000	     -0.00000000	      0.00000000	     -0.00000000
     40.00000000	     30.60606040	      0.00000000	      0.02371391	      0.00000000	      0.03848378	      0.00000000	     -0.04526778	      0.00000000	     -0.05858109	      0.00000000	     -0.02071413	      0.00000000	      0.01170177	      0.00000000	     -0.06200983	      0.00000000	     -0.00000000	      0.00000000	     -0.00000000	      0.00000000	      0.00000000	      0.00000000	     -0.00000000	      0.00000000	     -0.00000000	      0.00000000	     -0.00001781	      0.00000000	     -0.00046647	      0.00000000	     -0.04478669	      0.00000000	     -0.05255056	      0.00000000	     -0.07329395	      0.00000000	     -0.00838771	      0.00000000	     -0.01847146	      0.00000000	     -0.02333034	      0.00000000	      0.00081742	      0.00000000	     -0.00307079	      0.00000000	     -0.00829149	      0.00000000	     -0.01701352	      0.00000000	      0.03760264	      0.00000000	      0.00000000	      0.00000000	      0.00000000	      0.00000000	     -0.01110707	      0.00000000	      0.02774187	      0.00000000	      0.04822968	      0.00000000	      0.05596752	      0.00000000	     -0.05495916	      0.00000000	     -0.06557526	      0.00000000	     -0.00000000	      0.00000000	      0.05249901	      0.00000000	      0.00000000	      0.00000000	      0.00000000	      0.00000000	      0.00000000	      0.00000000	      0.00000000	      0.00000000	      0.00000000
     41.00000000	     32.12121192	      0.00000000	      0.02300356	      0.00000000	      0.03762143	      0.00000000	     -0.04593889	      0.00000000	     -0.05904433	      0.00000000	     -0.02174542	      0.00000000	      0.01096405	      0.00000000	     -0.06216589	      0.00000000	      0.00000000	      0.00000000	      0.00000000	      0.00000000	     -0.00000000	      0.00000000	      0.00000000	      0.00000000	      0.00000000	      0.00000000	     -0.00001781	      0.00000000	     -0.00046647	      0.00000000	     -0.04464146	      0.00000000	     -0.05211667	      0.00000000	     -0.07278682	      0.00000000	     -0.00788813	      0.00000000	     -0.01813671	      0.00000000	     -0.02321068	      0.00000000	      0.00107819	      0.00000000	     -0.00279890	      0.00000000	     -0.00806967	      0.00000000	     -0.01845658	      0.00000000	      0.03778730	      0.00000000	      0.00000000	      0.00000000	      0.00000000	      0.00000000	     -0.01106460	      0.00000000	      0.02808968	      0.00000000	      0.04864287	      0.00000000	      0.05699792	      0.00000000	     -0.05510842	      0.00000000	     -0.06588331	      0.00000000	      0.00000000	      0.00000000	      0.05366558	      0.00000000	      0.00000000	      0.00000000	      0.00000000	      0.00000000	      0.00000000	      0.00000000	     -0.00000000	      0.00000000	     -0.00000000
     42.00000000	     33.63636343	      0.00000000	      0.02226604	      0.00000000	      0.03671988	      0.00000000	     -0.04656689	      0.00000000	     -0.05946065	      0.00000000	     -0.02274773	      0.00000000	      0.01021338	      0.00000000	     -0.06227695	      0.00000000	     -0.00000000	      0.00000000	     -0.00000000	      0.00000000	      0.00000000	      0.00000000	      0.00000000	      0.00000000	      0.00000000	      0.00000000	     -0.00001781	      0.00000000	     -0.00046647	      0.00000000	     -0.04447506	      0.00000000	     -0.05166717	      0.00000000	     -0.07225173	      0.00000000	     -0.00738550	      0.00000000	     -0.01779268	      0.00000000	     -0.02307667	      0.00000000	      0.00133847	      0.00000000	     -0.00252574	      0.00000000	     -0.00784373	      0.00000000	     -0.01988089	      0.00000000	      0.03797423	      0.00000000	      0.00000000	      0.00000000	      0.00000000	      0.00000000	     -0.01101484	      0.00000000	      0.02845255	      0.00000000	      0.04902603	      0.00000000	      0.05799988	      0.00000000	     -0.05521780	      0.00000000	     -0.06614173	      0.00000000	     -0.00000000	      0.00000000	      0.05482257	      0.00000000	      0.00000000	      0.00000000	     -0.00000000	      0.00000000	      0.00000000	      0.00000000	      0.00000000	      0.00000000	     -0.00000000
     43.00000000	     35.15151495	      0.00000000	      0.02150182	      0.00000000	      0.03577945	      0.00000000	     -0.04715199	      0.00000000	     -0.05983036	      0.00000000	     -0.02372033	      0.00000000	      0.00945023	      0.00000000	     -0.06234347	      0.00000000	     -0.00000000	      0.00000000	      0.00000000	      0.00000000	     -0.00000000	      0.00000000	     -0.00000000	      0.00000000	     -0.00000000	      0.00000000	     -0.00001781	      0.00000000	     -0.00046647	      0.00000000	     -0.04429532	      0.00000000	     -0.05120264	      0.00000000	     -0.07168973	      0.00000000	     -0.00688001	      0.00000000	     -0.01743962	      0.00000000	     -0.02292858	      0.00000000	      0.00159816	      0.00000000	     -0.00225146	      0.00000000	     -0.00761380	      0.00000000	     -0.02128568	      0.00000000	      0.03816327	      0.00000000	      0.00000000	      0.00000000	     -0.00000000	      0.00000000	     -0.01095789	      0.00000000	      0.02880801	      0.00000000	      0.04937861	      0.00000000	      0.05897261	      0.00000000	     -0.05528763	      0.00000000	     -0.06635095	      0.00000000	     -0.00000000	      0.00000000	      0.05596975	      0.00000000	     -0.00000000	      0.00000000	     -0.00000000	      0.00000000	     -0.00000000	      0.00000000	     -0.00000000	      0.00000000	     -0.00000000
     44.00000000	     36.66666647	      0.00000000	      0.02071146	      0.00000000	      0.03480060	      0.00000000	     -0.04769568	      0.00000000	     -0.06015378	      0.00000000	     -0.02466252	      0.00000000	      0.00867613	      0.00000000	     -0.06236588	      0.00000000	      0.00000000	      0.00000000	      0.00000000	      0.00000000	     -0.00000000	      0.00000000	     -0.00000000	      0.00000000	     -0.00000000	      0.00000000	     -0.00001781	      0.00000000	     -0.00046647	      0.00000000	     -0.04409483	      0.00000000	     -0.05072363	      0.00000000	     -0.07110182	      0.00000000	     -0.00637186	      0.00000000	     -0.01707780	      0.00000000	     -0.02276671	      0.00000000	      0.00185713	      0.00000000	     -0.00197617	      0.00000000	     -0.00738001	      0.00000000	     -0.02266938	      0.00000000	      0.03835425	      0.00000000	      0.00000000	      0.00000000	     -0.00000000	      0.00000000	     -0.01089385	      0.00000000	      0.02915586	      0.00000000	      0.04970010	      0.00000000	      0.05991532	      0.00000000	     -0.05531828	      0.00000000	     -0.06651145	      0.00000000	     -0.00000000	      0.00000000	      0.05710693	      0.00000000	      0.00000000	      0.00000000	     -0.00000000	      0.00000000	     -0.00000000	      0.00000000	     -0.00000000	      0.00000000	      0.00000000
     45.00000000	     38.18181798	      0.00000000	      0.01989557	      0.00000000	      0.03378377	      0.00000000	     -0.04819647	      0.00000000	     -0.06043128	      0.00000000	     -0.02557370	      0.00000000	      0.00789161	      0.00000000	     -0.06234468	      0.00000000	     -0.00000000	      0.00000000	     -0.00000000	      0.00000000	     -0.00000000	      0.00000000	      0.00000000	      0.00000000	      0.00000000	      0.00000000	     -0.00001781	      0.00000000	     -0.00046647	      0.00000000	     -0.04387990	      0.00000000	     -0.05023070	      0.00000000	     -0.07048892	      0.00000000	     -0.00586127	      0.00000000	     -0.01670746	      0.00000000	     -0.02259132	      0.00000000	      0.00211526	      0.00000000	     -0.00170000	      0.00000000	     -0.00714252	      0.00000000	     -0.02403074	      0.00000000	      0.03854699	      0.00000000	      0.00000000	      0.00000000	     -0.00000000	      0.00000000	     -0.01082282	      0.00000000	      0.02949586	      0.00000000	      0.04998999	      0.00000000	      0.06082720	      0.00000000	     -0.05531013	      0.00000000	     -0.06662372	      0.00000000	      0.00000000	      0.00000000	      0.05823388	      0.00000000	     -0.00000000	      0.00000000	      0.00000000	      0.00000000	      0.00000000	      0.00000000	     -0.00000000	      0.00000000	      0.00000000
     46.00000000	     39.69696950	      0.00000000	      0.01905486	      0.00000000	      0.03272974	      0.00000000	     -0.04865457	      0.00000000	     -0.06066324	      0.00000000	     -0.02644708	      0.00000000	      0.00709794	      0.00000000	     -0.06228036	      0.00000000	     -0.00000000	      0.00000000	     -0.00000000	      0.00000000	     -0.00000000	      0.00000000	     -0.00000000	      0.00000000	     -0.00000000	      0.00000000	     -0.00001781	      0.00000000	     -0.00046647	      0.00000000	     -0.04364642	      0.00000000	     -0.04972438	      0.00000000	     -0.06985191	      0.00000000	     -0.00534843	      0.00000000	     -0.01632886	      0.00000000	     -0.02240272	      0.00000000	      0.00237244	      0.00000000	     -0.00142307	      0.00000000	     -0.00690145	      0.00000000	     -0.02536830	      0.00000000	      0.03874131	      0.00000000	     -0.00000000	      0.00000000	      0.00000000	      0.00000000	     -0.01074492	      0.00000000	      0.02982779	      0.00000000	      0.05024777	      0.00000000	      0.06170746	      0.00000000	     -0.05526358	      0.00000000	     -0.06668830	      0.00000000	      0.00000000	      0.00000000	      0.05935040	      0.00000000	     -0.00000000	      0.00000000	     -0.00000000	      0.00000000	     -0.00000000	      0.00000000	     -0.00000000	      0.00000000	      0.00000000
     47.00000000	     41.21212101	      0.00000000	      0.01819007	      0.00000000	      0.03163895	      0.00000000	     -0.04907185	      0.00000000	     -0.06085010	      0.00000000	     -0.02728477	      0.00000000	      0.00629666	      0.00000000	     -0.06217345	      0.00000000	      0.00000000	      0.00000000	     -0.00000000	      0.00000000	     -0.00000000	      0.00000000	      0.00000000	      0.00000000	     -0.00000000	      0.00000000	     -0.00001781	      0.00000000	     -0.00046647	      0.00000000	     -0.04340060	      0.00000000	     -0.04920518	      0.00000000	     -0.06919161	      0.00000000	     -0.00483355	      0.00000000	     -0.01594224	      0.00000000	     -0.02220116	      0.00000000	      0.00262855	      0.00000000	     -0.00114551	      0.00000000	     -0.00665694	      0.00000000	     -0.02668116	      0.00000000	      0.03902271	      0.00000000	      0.00000000	      0.00000000	      0.00000000	      0.00000000	     -0.01066026	      0.00000000	      0.03015140	      0.00000000	      0.05047295	      0.00000000	      0.06255529	      0.00000000	     -0.05517906	      0.00000000	     -0.06670574	      0.00000000	     -0.00000000	      0.00000000	      0.06045627	      0.00000000	     -0.00000000	      0.00000000	     -0.00000000	      0.00000000	     -0.00000000	      0.00000000	     -0.00000000	      0.00000000	      0.00000000
     48.00000000	     42.72727253	      0.00000000	      0.01730206	      0.00000000	      0.03051226	      0.00000000	     -0.04944912	      0.00000000	     -0.06099230	      0.00000000	     -0.02809172	      0.00000000	      0.00548805	      0.00000000	     -0.06202449	      0.00000000	      0.00000000	      0.00000000	      0.00000000	      0.00000000	     -0.00000000	      0.00000000	      0.00000000	      0.00000000	     -0.00000000	      0.00000000	     -0.00001781	      0.00000000	     -0.00046647	      0.00000000	     -0.04314208	      0.00000000	     -0.04867363	      0.00000000	     -0.06850880	      0.00000000	     -0.00431682	      0.00000000	     -0.01554785	      0.00000000	     -0.02198694	      0.00000000	      0.00288348	      0.00000000	     -0.00086744	      0.00000000	     -0.00640914	      0.00000000	     -0.02796866	      0.00000000	      0.03940397	      0.00000000	     -0.00000000	      0.00000000	      0.00000000	      0.00000000	     -0.01056895	      0.00000000	      0.03046644	      0.00000000	      0.05066504	      0.00000000	      0.06336987	      0.00000000	     -0.05505702	      0.00000000	     -0.06667661	      0.00000000	      0.00000000	      0.00000000	      0.06155129	      0.00000000	      0.00000000	      0.00000000	     -0.00000000	      0.00000000	      0.00000000	      0.00000000	      0.00000000	      0.00000000	      0.00000000
     49.00000000	     44.24242405	      0.00000000	      0.01639174	      0.00000000	      0.02935050	      0.00000000	     -0.04979111	      0.00000000	     -0.06109031	      0.00000000	     -0.02886753	      0.00000000	      0.00467364	      0.00000000	     -0.06183403	      0.00000000	     -0.00000000	      0.00000000	     -0.00000000	      0.00000000	     -0.00000000	      0.00000000	     -0.00000000	      0.00000000	      0.00000000	      0.00000000	     -0.00001781	      0.00000000	     -0.00046647	      0.00000000	     -0.04286400	      0.00000000	     -0.04813020	      0.00000000	     -0.06780421	      0.00000000	     -0.00379845	      0.00000000	     -0.01514593	      0.00000000	     -0.02176034	      0.00000000	      0.00313709	      0.00000000	     -0.00058898	      0.00000000	     -0.00615818	      0.00000000	     -0.02922870	      0.00000000	      0.03977497	      0.00000000	     -0.00000000	      0.00000000	      0.00000000	      0.00000000	     -0.01047109	      0.00000000	      0.03077263	      0.00000000	      0.05082356	      0.00000000	      0.06415038	      0.00000000	     -0.05489790	      0.00000000	     -0.06660149	      0.00000000	     -0.00000000	      0.00000000	      0.06263525	      0.00000000	      0.00000000	      0.00000000	     -0.00000000	      0.00000000	     -0.00000000	      0.00000000	      0.00000000	      0.00000000	      0.00000000
     50.00000000	     45.75757556	      0.00000000	      0.01546008	      0.00000000	      0.02815461	      0.00000000	     -0.05008622	      0.00000000	     -0.06114463	      0.00000000	     -0.02961185	      0.00000000	      0.00385527	      0.00000000	     -0.06160265	      0.00000000	     -0.00000000	      0.00000000	     -0.00000000	      0.00000000	      0.00000000	      0.00000000	     -0.00000000	      0.00000000	     -0.00000000	      0.00000000	     -0.00001781	      0.00000000	     -0.00046647	      0.00000000	     -0.04257409	      0.00000000	     -0.04757540	      0.00000000	     -0.06707853	      0.00000000	     -0.00327864	      0.00000000	     -0.01473675	      0.00000000	     -0.02152163	      0.00000000	      0.00338929	      0.00000000	     -0.00031027	      0.00000000	     -0.00590419	      0.00000000	     -0.03046113	      0.00000000	      0.04013541	      0.00000000	      0.00000000	      0.00000000	      0.00000000	      0.00000000	     -0.01036681	      0.00000000	      0.03106969	      0.00000000	      0.05094807	      0.00000000	      0.06489600	      0.00000000	     -0.05470219	      0.00000000	     -0.06648101	      0.00000000	     -0.00000000	      0.00000000	      0.06370794	      0.00000000	      0.00000000	      0.00000000	     -0.00000000	      0.00000000	      0.00000000	      0.00000000	     -0.00000000	      0.00000000	     -0.00000000
     51.00000000	     47.27272708	      0.00000000	      0.01450813	      0.00000000	      0.02692563	      0.00000000	     -0.05034167	      0.00000000	     -0.06115579	      0.00000000	     -0.03032441	      0.00000000	      0.00303245	      0.00000000	     -0.06133094	      0.00000000	     -0.00000000	      0.00000000	      0.00000000	      0.00000000	     -0.00000000	      0.00000000	     -0.00000000	      0.00000000	     -0.00000000	      0.00000000	     -0.00001781	      0.00000000	     -0.00046647	      0.00000000	     -0.04227629	      0.00000000	     -0.04700968	      0.00000000	     -0.06633242	      0.00000000	     -0.00275758	      0.00000000	     -0.01432053	      0.00000000	     -0.02127108	      0.00000000	      0.00363994	      0.00000000	     -0.00003141	      0.00000000	     -0.00564732	      0.00000000	     -0.03166464	      0.00000000	      0.04048496	      0.00000000	     -0.00000000	      0.00000000	     -0.00000000	      0.00000000	     -0.01025623	      0.00000000	      0.03135732	      0.00000000	      0.05103811	      0.00000000	      0.06560590	      0.00000000	     -0.05447037	      0.00000000	     -0.06631579	      0.00000000	     -0.00000000	      0.00000000	      0.06476915	      0.00000000	      0.00000000	      0.00000000	     -0.00000000	      0.00000000	      0.00000000	      0.00000000	      0.00000000	      0.00000000	      0.00000000
     52.00000000	     48.78787860	      0.00000000	      0.01353702	      0.00000000	      0.02566463	      0.00000000	     -0.05055796	      0.00000000	     -0.06112430	      0.00000000	     -0.03100501	      0.00000000	      0.00217445	      0.00000000	     -0.06101949	      0.00000000	      0.00000000	      0.00000000	     -0.00000000	      0.00000000	     -0.00000000	      0.00000000	     -0.00000000	      0.00000000	     -0.00000000	      0.00000000	     -0.00001781	      0.00000000	     -0.00046647	      0.00000000	     -0.04195986	      0.00000000	     -0.04643351	      0.00000000	     -0.06556651	      0.00000000	     -0.00223548	      0.00000000	     -0.01389752	      0.00000000	     -0.02100899	      0.00000000	      0.00388893	      0.00000000	      0.00024746	      0.00000000	     -0.00538769	      0.00000000	     -0.03283804	      0.00000000	      0.04082324	      0.00000000	      0.00000000	      0.00000000	     -0.00000000	      0.00000000	     -0.01013946	      0.00000000	      0.03163519	      0.00000000	      0.05109324	      0.00000000	      0.06627923	      0.00000000	     -0.05420295	      0.00000000	     -0.06610648	      0.00000000	     -0.00000000	      0.00000000	      0.06581869	      0.00000000	      0.00000000	      0.00000000	     -0.00000000	      0.00000000	      0.00000000	      0.00000000	     -0.00000000	      0.00000000	     -0.00000000
     53.00000000	     50.30303011	      0.00000000	      0.01254794	      0.00000000	      0.02437282	      0.00000000	     -0.05073559	      0.00000000	     -0.06105068	      0.00000000	     -0.03165347	      0.00000000	      0.00134890	      0.00000000	     -0.06066892	      0.00000000	      0.00000000	      0.00000000	      0.00000000	      0.00000000	      0.00000000	      0.00000000	     -0.00000000	      0.00000000	      0.00000000	      0.00000000	     -0.00001781	      0.00000000	     -0.00046647	      0.00000000	     -0.04163250	      0.00000000	     -0.04584734	      0.00000000	     -0.06478140	      0.00000000	     -0.00171253	      0.00000000	     -0.01346797	      0.00000000	     -0.02073561	      0.00000000	      0.00413614	      0.00000000	      0.00052622	      0.00000000	     -0.00512546	      0.00000000	     -0.03398098	      0.00000000	      0.04114988	      0.00000000	      0.00000000	      0.00000000	      0.00000000	      0.00000000	     -0.01001663	      0.00000000	      0.03190296	      0.00000000	      0.05111306	      0.00000000	      0.06691518	      0.00000000	     -0.05390044	      0.00000000	     -0.06585373	      0.00000000	      0.00000000	      0.00000000	      0.06685634	      0.00000000	      0.00000000	      0.00000000	      0.00000000	      0.00000000	      0.00000000	      0.00000000	     -0.00000000	      0.00000000	     -0.00000000
     54.00000000	     51.81818163	      0.00000000	      0.01154212	      0.00000000	      0.02305148	      0.00000000	     -0.05087511	      0.00000000	     -0.06093559	      0.00000000	     -0.03226971	      0.00000000	      0.00052358	      0.00000000	     -0.06027986	      0.00000000	      0.00000000	      0.00000000	      0.00000000	      0.00000000	      0.00000000	      0.00000000	     -0.00000000	      0.00000000	     -0.00000000	      0.00000000	     -0.00001781	      0.00000000	     -0.00046647	      0.00000000	     -0.04129657	      0.00000000	     -0.04525162	      0.00000000	     -0.06397765	      0.00000000	     -0.00118893	      0.00000000	     -0.01303212	      0.00000000	     -0.02045122	      0.00000000	      0.00438144	      0.00000000	      0.00080474	      0.00000000	     -0.00486074	      0.00000000	     -0.03509236	      0.00000000	      0.04146446	      0.00000000	      0.00000000	      0.00000000	     -0.00000000	      0.00000000	     -0.00988785	      0.00000000	      0.03216026	      0.00000000	      0.05109715	      0.00000000	      0.06751288	      0.00000000	     -0.05356337	      0.00000000	     -0.06555822	      0.00000000	     -0.00000000	      0.00000000	      0.06788190	      0.00000000	     -0.00000000	      0.00000000	     -0.00000000	      0.00000000	      0.00000000	      0.00000000	      0.00000000	      0.00000000	      0.00000000
     55.00000000	     53.33333315	      0.00000000	      0.01052087	      0.00000000	      0.02170215	      0.00000000	     -0.05097704	      0.00000000	     -0.06077960	      0.00000000	     -0.03285367	      0.00000000	     -0.00030041	      0.00000000	     -0.05985293	      0.00000000	      0.00000000	      0.00000000	      0.00000000	      0.00000000	      0.00000000	      0.00000000	      0.00000000	      0.00000000	     -0.00000000	      0.00000000	     -0.00001781	      0.00000000	     -0.00046647	      0.00000000	     -0.04094723	      0.00000000	     -0.04464678	      0.00000000	     -0.06315580	      0.00000000	     -0.00066489	      0.00000000	     -0.01259020	      0.00000000	     -0.02015609	      0.00000000	      0.00462473	      0.00000000	      0.00108291	      0.00000000	     -0.00459369	      0.00000000	     -0.03617115	      0.00000000	      0.04176653	      0.00000000	     -0.00000000	      0.00000000	      0.00000000	      0.00000000	     -0.00975324	      0.00000000	      0.03240670	      0.00000000	      0.05104514	      0.00000000	      0.06807150	      0.00000000	     -0.05319228	      0.00000000	     -0.06522063	      0.00000000	     -0.00000000	      0.00000000	      0.06889516	      0.00000000	      0.00000000	      0.00000000	     -0.00000000	      0.00000000	      0.00000000	      0.00000000	      0.00000000	      0.00000000	      0.00000000
     56.00000000	     54.84848466	      0.00000000	      0.00948556	      0.00000000	      0.02032597	      0.00000000	     -0.05104196	      0.00000000	     -0.06058329	      0.00000000	     -0.03340535	      0.00000000	     -0.00112191	      0.00000000	     -0.05938879	      0.00000000	      0.00000000	      0.00000000	      0.00000000	      0.00000000	      0.00000000	      0.00000000	     -0.00000000	      0.00000000	      0.00000000	      0.00000000	     -0.00001781	      0.00000000	     -0.00046647	      0.00000000	     -0.04059071	      0.00000000	     -0.04403323	      0.00000000	     -0.06231638	      0.00000000	     -0.00014059	      0.00000000	     -0.01214246	      0.00000000	     -0.01985049	      0.00000000	      0.00486588	      0.00000000	      0.00136060	      0.00000000	     -0.00432443	      0.00000000	     -0.03721712	      0.00000000	      0.04205560	      0.00000000	      0.00000000	      0.00000000	      0.00000000	      0.00000000	     -0.00961294	      0.00000000	      0.03264185	      0.00000000	      0.05095667	      0.00000000	      0.06859020	      0.00000000	     -0.05278772	      0.00000000	     -0.06484165	      0.00000000	      0.00000000	      0.00000000	      0.06989593	      0.00000000	      0.00000000	      0.00000000	      0.00000000	      0.00000000	      0.00000000	      0.00000000	     -0.00000000	      0.00000000	      0.00000000
     57.00000000	     56.36363618	      0.00000000	      0.00843760	      0.00000000	      0.01892471	      0.00000000	     -0.05107043	      0.00000000	     -0.06034729	      0.00000000	     -0.03392479	      0.00000000	     -0.00193984	      0.00000000	     -0.05888809	      0.00000000	      0.00000000	      0.00000000	     -0.00000000	      0.00000000	     -0.00000000	      0.00000000	      0.00000000	      0.00000000	     -0.00000000	      0.00000000	     -0.00001781	      0.00000000	     -0.00046647	      0.00000000	     -0.04022149	      0.00000000	     -0.04341141	      0.00000000	     -0.06145989	      0.00000000	      0.00038376	      0.00000000	     -0.01168913	      0.00000000	     -0.01953468	      0.00000000	      0.00510477	      0.00000000	      0.00163768	      0.00000000	     -0.00405310	      0.00000000	     -0.03822934	      0.00000000	      0.04233114	      0.00000000	     -0.00000000	      0.00000000	     -0.00000000	      0.00000000	     -0.00946706	      0.00000000	      0.03286526	      0.00000000	      0.05083138	      0.00000000	      0.06906811	      0.00000000	     -0.05235025	      0.00000000	     -0.06442199	      0.00000000	     -0.00000000	      0.00000000	      0.07088399	      0.00000000	     -0.00000000	      0.00000000	     -0.00000000	      0.00000000	      0.00000000	      0.00000000	     -0.00000000	      0.00000000	      0.00000000
     58.00000000	     57.87878769	      0.00000000	      0.00737844	      0.00000000	      0.01749968	      0.00000000	     -0.05106305	      0.00000000	     -0.06007222	      0.00000000	     -0.03441208	      0.00000000	     -0.00275311	      0.00000000	     -0.05835147	      0.00000000	      0.00000000	      0.00000000	     -0.00000000	      0.00000000	     -0.00000000	      0.00000000	     -0.00000000	      0.00000000	      0.00000000	      0.00000000	     -0.00001781	      0.00000000	     -0.00046647	      0.00000000	     -0.03984356	      0.00000000	     -0.04278171	      0.00000000	     -0.06058681	      0.00000000	      0.00090796	      0.00000000	     -0.01123044	      0.00000000	     -0.01920894	      0.00000000	      0.00534128	      0.00000000	      0.00191403	      0.00000000	     -0.00377984	      0.00000000	     -0.03920716	      0.00000000	      0.04259257	      0.00000000	      0.00000000	      0.00000000	      0.00000000	      0.00000000	     -0.00931573	      0.00000000	      0.03307644	      0.00000000	      0.05066897	      0.00000000	      0.06950440	      0.00000000	     -0.05188043	      0.00000000	     -0.06396236	      0.00000000	      0.00000000	      0.00000000	      0.07185915	      0.00000000	      0.00000000	      0.00000000	      0.00000000	      0.00000000	      0.00000000	      0.00000000	      0.00000000	      0.00000000	     -0.00000000
     59.00000000	     59.39393921	      0.00000000	      0.00630958	      0.00000000	      0.01605272	      0.00000000	     -0.05102039	      0.00000000	     -0.05975909	      0.00000000	     -0.03486735	      0.00000000	     -0.00356065	      0.00000000	     -0.05777962	      0.00000000	     -0.00000000	      0.00000000	      0.00000000	      0.00000000	     -0.00000000	      0.00000000	     -0.00000000	      0.00000000	     -0.00000000	      0.00000000	     -0.00001781	      0.00000000	     -0.00046647	      0.00000000	     -0.03945750	      0.00000000	     -0.04214455	      0.00000000	     -0.05969760	      0.00000000	      0.00143182	      0.00000000	     -0.01076664	      0.00000000	     -0.01887353	      0.00000000	      0.00557529	      0.00000000	      0.00218953	      0.00000000	     -0.00350478	      0.00000000	     -0.04014980	      0.00000000	      0.04283926	      0.00000000	     -0.00000000	      0.00000000	      0.00000000	      0.00000000	     -0.00915907	      0.00000000	      0.03327486	      0.00000000	      0.05046912	      0.00000000	      0.06989821	      0.00000000	     -0.05137884	      0.00000000	     -0.06346348	      0.00000000	      0.00000000	      0.00000000	      0.07282119	      0.00000000	     -0.00000000	      0.00000000	      0.00000000	      0.00000000	      0.00000000	      0.00000000	      0.00000000	      0.00000000	     -0.00000000
     60.00000000	     60.90909073	      0.00000000	      0.00525188	      0.00000000	      0.01458575	      0.00000000	     -0.05094306	      0.00000000	     -0.05940743	      0.00000000	     -0.03529076	      0.00000000	     -0.00436143	      0.00000000	     -0.05717321	      0.00000000	      0.00000000	      0.00000000	     -0.00000000	      0.00000000	     -0.00000000	      0.00000000	      0.00000000	      0.00000000	     -0.00000000	      0.00000000	     -0.00001781	      0.00000000	     -0.00046647	      0.00000000	     -0.03906389	      0.00000000	     -0.04150032	      0.00000000	     -0.05879270	      0.00000000	      0.00195515	      0.00000000	     -0.01029797	      0.00000000	     -0.01852869	      0.00000000	      0.00580668	      0.00000000	      0.00246405	      0.00000000	     -0.00322806	      0.00000000	     -0.04105715	      0.00000000	      0.04307051	      0.00000000	      0.00000000	      0.00000000	     -0.00000000	      0.00000000	     -0.00899721	      0.00000000	      0.03345994	      0.00000000	      0.05023156	      0.00000000	      0.07024869	      0.00000000	     -0.05084607	      0.00000000	     -0.06292607	      0.00000000	      0.00000000	      0.00000000	      0.07376992	      0.00000000	     -0.00000000	      0.00000000	      0.00000000	      0.00000000	      0.00000000	      0.00000000	      0.00000000	      0.00000000	     -0.00000000
     61.00000000	     62.42424224	      0.00000000	      0.00418761	      0.00000000	      0.01310022	      0.00000000	     -0.05083167	      0.00000000	     -0.05901900	      0.00000000	     -0.03568252	      0.00000000	     -0.00515444	      0.00000000	     -0.05653291	      0.00000000	      0.00000000	      0.00000000	     -0.00000000	      0.00000000	      0.00000000	      0.00000000	     -0.00000000	      0.00000000	     -0.00000000	      0.00000000	     -0.00001781	      0.00000000	     -0.00046647	      0.00000000	     -0.03866330	      0.00000000	     -0.04084941	      0.00000000	     -0.05787255	      0.00000000	      0.00247773	      0.00000000	     -0.00982464	      0.00000000	     -0.01817471	      0.00000000	      0.00603532	      0.00000000	      0.00273747	      0.00000000	     -0.00294981	      0.00000000	     -0.04192852	      0.00000000	      0.04328556	      0.00000000	      0.00000000	      0.00000000	      0.00000000	      0.00000000	     -0.00883029	      0.00000000	      0.03363108	      0.00000000	      0.04995605	      0.00000000	      0.07055500	      0.00000000	     -0.05028270	      0.00000000	     -0.06235088	      0.00000000	     -0.00000000	      0.00000000	      0.07470512	      0.00000000	     -0.00000000	      0.00000000	     -0.00000000	      0.00000000	     -0.00000000	      0.00000000	     -0.00000000	      0.00000000	      0.00000000
     62.00000000	     63.93939376	      0.00000000	      0.00311737	      0.00000000	      0.01159839	      0.00000000	     -0.05068684	      0.00000000	     -0.05859409	      0.00000000	     -0.03604285	      0.00000000	     -0.00593872	      0.00000000	     -0.05585940	      0.00000000	      0.00000000	      0.00000000	     -0.00000000	      0.00000000	     -0.00000000	      0.00000000	     -0.00000000	      0.00000000	      0.00000000	      0.00000000	     -0.00001781	      0.00000000	     -0.00046647	      0.00000000	     -0.03825632	      0.00000000	     -0.04019223	      0.00000000	     -0.05693757	      0.00000000	      0.00299937	      0.00000000	     -0.00934690	      0.00000000	     -0.01781182	      0.00000000	      0.00626110	      0.00000000	      0.00300966	      0.00000000	     -0.00267016	      0.00000000	     -0.04276344	      0.00000000	      0.04348355	      0.00000000	     -0.00000000	      0.00000000	      0.00000000	      0.00000000	     -0.00865842	      0.00000000	      0.03378758	      0.00000000	      0.04964237	      0.00000000	      0.07081628	      0.00000000	     -0.04968932	      0.00000000	     -0.06173862	      0.00000000	      0.00000000	      0.00000000	      0.07562659	      0.00000000	      0.00000000	      0.00000000	      0.00000000	      0.00000000	      0.00000000	      0.00000000	     -0.00000000	      0.00000000	      0.00000000
     63.00000000	     65.45454528	      0.00000000	      0.00204268	      0.00000000	      0.01008191	      0.00000000	     -0.05050918	      0.00000000	     -0.05813359	      0.00000000	     -0.03637202	      0.00000000	     -0.00671331	      0.00000000	     -0.05515338	      0.00000000	     -0.00000000	      0.00000000	      0.00000000	      0.00000000	      0.00000000	      0.00000000	     -0.00000000	      0.00000000	     -0.00000000	      0.00000000	     -0.00001781	      0.00000000	     -0.00046647	      0.00000000	     -0.03784350	      0.00000000	     -0.03952914	      0.00000000	     -0.05598816	      0.00000000	      0.00351987	      0.00000000	     -0.00886497	      0.00000000	     -0.01744030	      0.00000000	      0.00648389	      0.00000000	      0.00328050	      0.00000000	     -0.00238926	      0.00000000	     -0.04356137	      0.00000000	      0.04366354	      0.00000000	     -0.00000000	      0.00000000	     -0.00000000	      0.00000000	     -0.00848173	      0.00000000	      0.03392872	      0.00000000	      0.04929031	      0.00000000	      0.07103169	      0.00000000	     -0.04906655	      0.00000000	     -0.06109005	      0.00000000	      0.00000000	      0.00000000	      0.07653413	      0.00000000	      0.00000000	      0.00000000	      0.00000000	      0.00000000	     -0.00000000	      0.00000000	     -0.00000000	      0.00000000	     -0.00000000
     64.00000000	     66.96969679	      0.00000000	      0.00096507	      0.00000000	      0.00855262	      0.00000000	     -0.05029932	      0.00000000	     -0.05763774	      0.00000000	     -0.03667032	      0.00000000	     -0.00747733	      0.00000000	     -0.05441554	      0.00000000	      0.00000000	      0.00000000	      0.00000000	      0.00000000	      0.00000000	      0.00000000	      0.00000000	      0.00000000	      0.00000000	      0.00000000	     -0.00001781	      0.00000000	     -0.00046647	      0.00000000	     -0.03742916	      0.00000000	     -0.03886055	      0.00000000	     -0.05502472	      0.00000000	      0.00403904	      0.00000000	     -0.00837910	      0.00000000	     -0.01706039	      0.00000000	      0.00670356	      0.00000000	      0.00354986	      0.00000000	     -0.00210723	      0.00000000	     -0.04432231	      0.00000000	      0.04382450	      0.00000000	      0.00000000	      0.00000000	      0.00000000	      0.00000000	     -0.00830036	      0.00000000	      0.03405369	      0.00000000	      0.04889972	      0.00000000	      0.07120041	      0.00000000	     -0.04841498	      0.00000000	     -0.06040590	      0.00000000	     -0.00000000	      0.00000000	      0.07742751	      0.00000000	     -0.00000000	      0.00000000	      0.00000000	      0.00000000	     -0.00000000	      0.00000000	      0.00000000	      0.00000000	      0.00000000
     65.00000000	     68.48484831	      0.00000000	     -0.00011393	      0.00000000	      0.00701268	      0.00000000	     -0.05005787	      0.00000000	     -0.05710742	      0.00000000	     -0.03693805	      0.00000000	     -0.00822991	      0.00000000	     -0.05364656	      0.00000000	      0.00000000	      0.00000000	      0.00000000	      0.00000000	      0.00000000	      0.00000000	     -0.00000000	      0.00000000	     -0.00000000	      0.00000000	     -0.00001781	      0.00000000	     -0.00046647	      0.00000000	     -0.03701190	      0.00000000	     -0.03818682	      0.00000000	     -0.05404763	      0.00000000	      0.00455668	      0.00000000	     -0.00788950	      0.00000000	     -0.01667234	      0.00000000	      0.00692000	      0.00000000	      0.00381762	      0.00000000	     -0.00182421	      0.00000000	     -0.04504578	      0.00000000	      0.04396527	      0.00000000	      0.00000000	      0.00000000	      0.00000000	      0.00000000	     -0.00811442	      0.00000000	      0.03416161	      0.00000000	      0.04847048	      0.00000000	      0.07132160	      0.00000000	     -0.04773523	      0.00000000	     -0.05968693	      0.00000000	      0.00000000	      0.00000000	      0.07830653	      0.00000000	      0.00000000	      0.00000000	     -0.00000000	      0.00000000	      0.00000000	      0.00000000	      0.00000000	      0.00000000	     -0.00000000
     66.00000000	     69.99999982	      0.00000000	     -0.00119276	      0.00000000	      0.00546425	      0.00000000	     -0.04978548	      0.00000000	     -0.05654331	      0.00000000	     -0.03717556	      0.00000000	     -0.00897022	      0.00000000	     -0.05284715	      0.00000000	     -0.00000000	      0.00000000	      0.00000000	      0.00000000	      0.00000000	      0.00000000	      0.00000000	      0.00000000	      0.00000000	      0.00000000	     -0.00001781	      0.00000000	     -0.00046647	      0.00000000	     -0.03659217	      0.00000000	     -0.03750119	      0.00000000	     -0.05305726	      0.00000000	      0.00507257	      0.00000000	     -0.00739641	      0.00000000	     -0.01627641	      0.00000000	      0.00713308	      0.00000000	      0.00408365	      0.00000000	     -0.00154033	      0.00000000	     -0.04573152	      0.00000000	      0.04408453	      0.00000000	      0.00000000	      0.00000000	      0.00000000	      0.00000000	     -0.00792406	      0.00000000	      0.03425153	      0.00000000	      0.04800248	      0.00000000	      0.07139444	      0.00000000	     -0.04702791	      0.00000000	     -0.05893389	      0.00000000	     -0.00000000	      0.00000000	      0.07917098	      0.00000000	      0.00000000	      0.00000000	     -0.00000000	      0.00000000	     -0.00000000	      0.00000000	     -0.00000000	      0.00000000	     -0.00000000
     67.00000000	     71.51515134	      0.00000000	     -0.00226988	      0.00000000	      0.00389960	      0.00000000	     -0.04948278	      0.00000000	     -0.05594609	      0.00000000	     -0.03738319	      0.00000000	     -0.00969749	      0.00000000	     -0.05201800	      0.00000000	     -0.00000000	      0.00000000	      0.00000000	      0.00000000	     -0.00000000	      0.00000000	      0.00000000	      0.00000000	     -0.00000000	      0.00000000	     -0.00001781	      0.00000000	     -0.00046647	      0.00000000	     -0.03617296	      0.00000000	     -0.03680975	      0.00000000	     -0.05205398	      0.00000000	      0.00558653	      0.00000000	     -0.00690006	      0.00000000	     -0.01587284	      0.00000000	      0.00734268	      0.00000000	      0.00434783	      0.00000000	     -0.00125573	      0.00000000	     -0.04637918	      0.00000000	      0.04418084	      0.00000000	      0.00000000	      0.00000000	      0.00000000	      0.00000000	     -0.00772940	      0.00000000	      0.03432239	      0.00000000	      0.04749565	      0.00000000	      0.07141811	      0.00000000	     -0.04629363	      0.00000000	     -0.05814752	      0.00000000	      0.00000000	      0.00000000	      0.08002063	      0.00000000	      0.00000000	      0.00000000	     -0.00000000	      0.00000000	     -0.00000000	      0.00000000	      0.00000000	      0.00000000	      0.00000000
     68.00000000	     73.03030286	      0.00000000	     -0.00334376	      0.00000000	      0.00234146	      0.00000000	     -0.04914214	      0.00000000	     -0.05531644	      0.00000000	     -0.03756132	      0.00000000	     -0.01041098	      0.00000000	     -0.05115982	      0.00000000	      0.00000000	      0.00000000	      0.00000000	      0.00000000	     -0.00000000	      0.00000000	      0.00000000	      0.00000000	     -0.00000000	      0.00000000	     -0.00001781	      0.00000000	     -0.00046647	      0.00000000	     -0.03574938	      0.00000000	     -0.03610726	      0.00000000	     -0.05128340	      0.00000000	      0.00609836	      0.00000000	     -0.00640067	      0.00000000	     -0.01546187	      0.00000000	      0.00754867	      0.00000000	      0.00461003	      0.00000000	     -0.00097054	      0.00000000	     -0.04698887	      0.00000000	      0.04425257	      0.00000000	      0.00000000	      0.00000000	      0.00000000	      0.00000000	     -0.00753056	      0.00000000	      0.03437302	      0.00000000	      0.04694999	      0.00000000	      0.07139183	      0.00000000	     -0.04553303	      0.00000000	     -0.05732858	      0.00000000	      0.00000000	      0.00000000	      0.08085526	      0.00000000	      0.00000000	      0.00000000	      0.00000000	      0.00000000	      0.00000000	      0.00000000	      0.00000000	      0.00000000	     -0.00000000
     69.00000000	     74.54545437	      0.00000000	     -0.00441286	      0.00000000	      0.00078088	      0.00000000	     -0.04878122	      0.00000000	     -0.05465506	      0.00000000	     -0.03771034	      0.00000000	     -0.01110999	      0.00000000	     -0.05027332	      0.00000000	      0.00000000	      0.00000000	      0.00000000	      0.00000000	     -0.00000000	      0.00000000	     -0.00000000	      0.00000000	     -0.00000000	      0.00000000	     -0.00001781	      0.00000000	     -0.00046647	      0.00000000	     -0.03532693	      0.00000000	     -0.03540425	      0.00000000	     -0.05076531	      0.00000000	      0.00660784	      0.00000000	     -0.00589847	      0.00000000	     -0.01504377	      0.00000000	      0.00775093	      0.00000000	      0.00487012	      0.00000000	     -0.00068490	      0.00000000	     -0.04756030	      0.00000000	      0.04429786	      0.00000000	     -0.00000000	      0.00000000	     -0.00000000	      0.00000000	     -0.00732769	      0.00000000	      0.03440216	      0.00000000	      0.04636550	      0.00000000	      0.07131480	      0.00000000	     -0.04474673	      0.00000000	     -0.05647782	      0.00000000	     -0.00000000	      0.00000000	      0.08167465	      0.00000000	      0.00000000	      0.00000000	     -0.00000000	      0.00000000	      0.00000000	      0.00000000	      0.00000000	      0.00000000	      0.00000000
     70.00000000	     76.06060589	      0.00000000	     -0.00547568	      0.00000000	     -0.00078007	      0.00000000	     -0.04839065	      0.00000000	     -0.05396262	      0.00000000	     -0.03783065	      0.00000000	     -0.01179388	      0.00000000	     -0.04935918	      0.00000000	      0.00000000	      0.00000000	      0.00000000	      0.00000000	      0.00000000	      0.00000000	     -0.00000000	      0.00000000	      0.00000000	      0.00000000	     -0.00001781	      0.00000000	     -0.00046647	      0.00000000	     -0.03490641	      0.00000000	     -0.03469876	      0.00000000	     -0.05024127	      0.00000000	      0.00711478	      0.00000000	     -0.00539370	      0.00000000	     -0.01461876	      0.00000000	      0.00794933	      0.00000000	      0.00512797	      0.00000000	     -0.00039894	      0.00000000	     -0.04809327	      0.00000000	      0.04431464	      0.00000000	      0.00000000	      0.00000000	      0.00000000	      0.00000000	     -0.00712090	      0.00000000	      0.03440840	      0.00000000	      0.04574224	      0.00000000	      0.07118626	      0.00000000	     -0.04393535	      0.00000000	     -0.05559600	      0.00000000	      0.00000000	      0.00000000	      0.08247856	      0.00000000	     -0.00000000	      0.00000000	      0.00000000	      0.00000000	      0.00000000	      0.00000000	      0.00000000	      0.00000000	     -0.00000000
     71.00000000	     77.57575741	      0.00000000	     -0.00653074	      0.00000000	     -0.00233931	      0.00000000	     -0.04797225	      0.00000000	     -0.05323982	      0.00000000	     -0.03792267	      0.00000000	     -0.01246010	      0.00000000	     -0.04841813	      0.00000000	      0.00000000	      0.00000000	     -0.00000000	      0.00000000	      0.00000000	      0.00000000	      0.00000000	      0.00000000	     -0.00000000	      0.00000000	     -0.00001781	      0.00000000	     -0.00046647	      0.00000000	     -0.03448246	      0.00000000	     -0.03398849	      0.00000000	     -0.04971156	      0.00000000	      0.00761897	      0.00000000	     -0.00488657	      0.00000000	     -0.01418709	      0.00000000	      0.00814375	      0.00000000	      0.00538347	      0.00000000	     -0.00011279	      0.00000000	     -0.04858788	      0.00000000	      0.04430054	      0.00000000	     -0.00000000	      0.00000000	     -0.00000000	      0.00000000	     -0.00691034	      0.00000000	      0.03439018	      0.00000000	      0.04508030	      0.00000000	      0.07100545	      0.00000000	     -0.04309952	      0.00000000	     -0.05468387	      0.00000000	     -0.00000000	      0.00000000	      0.08326676	      0.00000000	      0.00000000	      0.00000000	     -0.00000000	      0.00000000	      0.00000000	      0.00000000	      0.00000000	      0.00000000	      0.00000000
     72.00000000	     79.09090892	      0.00000000	     -0.00757658	      0.00000000	     -0.00389478	      0.00000000	     -0.04752582	      0.00000000	     -0.05248735	      0.00000000	     -0.03798682	      0.00000000	     -0.01310275	      0.00000000	     -0.04745086	      0.00000000	      0.00000000	      0.00000000	      0.00000000	      0.00000000	     -0.00000000	      0.00000000	     -0.00000000	      0.00000000	      0.00000000	      0.00000000	     -0.00001781	      0.00000000	     -0.00046647	      0.00000000	     -0.03406465	      0.00000000	     -0.03327458	      0.00000000	     -0.04917643	      0.00000000	      0.00812021	      0.00000000	     -0.00437731	      0.00000000	     -0.01374899	      0.00000000	      0.00833405	      0.00000000	      0.00563647	      0.00000000	      0.00017341	      0.00000000	     -0.04904416	      0.00000000	      0.04425290	      0.00000000	     -0.00000000	      0.00000000	     -0.00000000	      0.00000000	     -0.00669612	      0.00000000	      0.03434579	      0.00000000	      0.04437982	      0.00000000	      0.07077165	      0.00000000	     -0.04223987	      0.00000000	     -0.05374218	      0.00000000	     -0.00000000	      0.00000000	      0.08403898	      0.00000000	     -0.00000000	      0.00000000	     -0.00000000	      0.00000000	     -0.00000000	      0.00000000	      0.00000000	      0.00000000	      0.00000000
     73.00000000	     80.60606044	      0.00000000	     -0.00861179	      0.00000000	     -0.00544443	      0.00000000	     -0.04705364	      0.00000000	     -0.05170589	      0.00000000	     -0.03802354	      0.00000000	     -0.01373010	      0.00000000	     -0.04645809	      0.00000000	     -0.00000000	      0.00000000	     -0.00000000	      0.00000000	     -0.00000000	      0.00000000	     -0.00000000	      0.00000000	      0.00000000	      0.00000000	     -0.00001781	      0.00000000	     -0.00046647	      0.00000000	     -0.03364420	      0.00000000	     -0.03256052	      0.00000000	     -0.04863710	      0.00000000	      0.00861829	      0.00000000	     -0.00386614	      0.00000000	     -0.01330472	      0.00000000	      0.00852012	      0.00000000	      0.00588686	      0.00000000	      0.00045953	      0.00000000	     -0.04946204	      0.00000000	      0.04416865	      0.00000000	     -0.00000000	      0.00000000	     -0.00000000	      0.00000000	     -0.00647838	      0.00000000	      0.03427333	      0.00000000	      0.04364098	      0.00000000	      0.07048415	      0.00000000	     -0.04135704	      0.00000000	     -0.05277169	      0.00000000	     -0.00000000	      0.00000000	      0.08479499	      0.00000000	     -0.00000000	      0.00000000	     -0.00000000	      0.00000000	     -0.00000000	      0.00000000	      0.00000000	      0.00000000	     -0.00000000
     74.00000000	     82.12121196	      0.00000000	     -0.00963499	      0.00000000	     -0.00698625	      0.00000000	     -0.04655609	      0.00000000	     -0.05089621	      0.00000000	     -0.03803328	      0.00000000	     -0.01434161	      0.00000000	     -0.04544051	      0.00000000	     -0.00000000	      0.00000000	      0.00000000	      0.00000000	      0.00000000	      0.00000000	     -0.00000000	      0.00000000	      0.00000000	      0.00000000	     -0.00001781	      0.00000000	     -0.00046647	      0.00000000	     -0.03322496	      0.00000000	     -0.03184382	      0.00000000	     -0.04809184	      0.00000000	      0.00911301	      0.00000000	     -0.00335330	      0.00000000	     -0.01285450	      0.00000000	      0.00870182	      0.00000000	      0.00613450	      0.00000000	      0.00074544	      0.00000000	     -0.04984146	      0.00000000	      0.04404432	      0.00000000	     -0.00000000	      0.00000000	     -0.00000000	      0.00000000	     -0.00625726	      0.00000000	      0.03417070	      0.00000000	      0.04286403	      0.00000000	      0.07014227	      0.00000000	     -0.04045166	      0.00000000	     -0.05177315	      0.00000000	     -0.00000000	      0.00000000	      0.08553452	      0.00000000	     -0.00000000	      0.00000000	     -0.00000000	      0.00000000	     -0.00000000	      0.00000000	      0.00000000	      0.00000000	      0.00000000
     75.00000000	     83.63636347	      0.00000000	     -0.01064485	      0.00000000	     -0.00851824	      0.00000000	     -0.04603268	      0.00000000	     -0.05005835	      0.00000000	     -0.03801648	      0.00000000	     -0.01493674	      0.00000000	     -0.04439884	      0.00000000	      0.00000000	      0.00000000	     -0.00000000	      0.00000000	     -0.00000000	      0.00000000	     -0.00000000	      0.00000000	     -0.00000000	      0.00000000	     -0.00001781	      0.00000000	     -0.00046647	      0.00000000	     -0.03280859	      0.00000000	     -0.03112546	      0.00000000	     -0.04754176	      0.00000000	      0.00960416	      0.00000000	     -0.00283901	      0.00000000	     -0.01239857	      0.00000000	      0.00887904	      0.00000000	      0.00637926	      0.00000000	      0.00103100	      0.00000000	     -0.05018272	      0.00000000	      0.04387594	      0.00000000	      0.00000000	      0.00000000	      0.00000000	      0.00000000	     -0.00603287	      0.00000000	      0.03403557	      0.00000000	      0.04204922	      0.00000000	      0.06974536	      0.00000000	     -0.03952437	      0.00000000	     -0.05074731	      0.00000000	      0.00000000	      0.00000000	      0.08625727	      0.00000000	      0.00000000	      0.00000000	      0.00000000	      0.00000000	      0.00000000	      0.00000000	      0.00000000	      0.00000000	      0.00000000
     76.00000000	     85.15151499	      0.00000000	     -0.01164009	      0.00000000	     -0.01003411	      0.00000000	     -0.04548460	      0.00000000	     -0.04919355	      0.00000000	     -0.03797360	      0.00000000	     -0.01551504	      0.00000000	     -0.04333379	      0.00000000	      0.00000000	      0.00000000	     -0.00000000	      0.00000000	     -0.00000000	      0.00000000	      0.00000000	      0.00000000	     -0.00000000	      0.00000000	     -0.00001781	      0.00000000	     -0.00046647	      0.00000000	     -0.03239531	      0.00000000	     -0.03040553	      0.00000000	     -0.04698724	      0.00000000	      0.01009153	      0.00000000	     -0.00232349	      0.00000000	     -0.01193716	      0.00000000	      0.00905163	      0.00000000	      0.00662103	      0.00000000	      0.00131607	      0.00000000	     -0.05048582	      0.00000000	      0.04365894	      0.00000000	      0.00000000	      0.00000000	      0.00000000	      0.00000000	     -0.00580536	      0.00000000	      0.03386535	      0.00000000	      0.04119690	      0.00000000	      0.06929282	      0.00000000	     -0.03857580	      0.00000000	     -0.04969493	      0.00000000	      0.00000000	      0.00000000	      0.08696297	      0.00000000	      0.00000000	      0.00000000	      0.00000000	      0.00000000	      0.00000000	      0.00000000	      0.00000000	      0.00000000	     -0.00000000
     77.00000000	     86.66666650	      0.00000000	     -0.01261948	      0.00000000	     -0.01153292	      0.00000000	     -0.04491269	      0.00000000	     -0.04830301	      0.00000000	     -0.03790511	      0.00000000	     -0.01607606	      0.00000000	     -0.04224605	      0.00000000	      0.00000000	      0.00000000	     -0.00000000	      0.00000000	     -0.00000000	      0.00000000	     -0.00000000	      0.00000000	     -0.00000000	      0.00000000	     -0.00001781	      0.00000000	     -0.00046647	      0.00000000	     -0.03198581	      0.00000000	     -0.02968514	      0.00000000	     -0.04642846	      0.00000000	      0.01057491	      0.00000000	     -0.00180696	      0.00000000	     -0.01147050	      0.00000000	      0.00921947	      0.00000000	      0.00685965	      0.00000000	      0.00160053	      0.00000000	     -0.05075091	      0.00000000	      0.04338811	      0.00000000	     -0.00000000	      0.00000000	      0.00000000	      0.00000000	     -0.00557485	      0.00000000	      0.03365720	      0.00000000	      0.04030744	      0.00000000	      0.06878405	      0.00000000	     -0.03760659	      0.00000000	     -0.04861675	      0.00000000	      0.00000000	      0.00000000	      0.08765130	      0.00000000	      0.00000000	      0.00000000	      0.00000000	      0.00000000	     -0.00000000	      0.00000000	     -0.00000000	      0.00000000	     -0.00000000
     78.00000000	     88.18181802	      0.00000000	     -0.01358185	      0.00000000	     -0.01301701	      0.00000000	     -0.04431744	      0.00000000	     -0.04738694	      0.00000000	     -0.03781146	      0.00000000	     -0.01661942	      0.00000000	     -0.04113633	      0.00000000	     -0.00000000	      0.00000000	     -0.00000000	      0.00000000	      0.00000000	      0.00000000	      0.00000000	      0.00000000	      0.00000000	      0.00000000	     -0.00001781	      0.00000000	     -0.00046647	      0.00000000	     -0.03158120	      0.00000000	     -0.02896385	      0.00000000	     -0.04586568	      0.00000000	      0.01105409	      0.00000000	     -0.00128965	      0.00000000	     -0.01099884	      0.00000000	      0.00938243	      0.00000000	      0.00709502	      0.00000000	      0.00188424	      0.00000000	     -0.05097816	      0.00000000	      0.04305744	      0.00000000	     -0.00000000	      0.00000000	     -0.00000000	      0.00000000	     -0.00534147	      0.00000000	      0.03340794	      0.00000000	      0.03938127	      0.00000000	      0.06821851	      0.00000000	     -0.03661739	      0.00000000	     -0.04751352	      0.00000000	      0.00000000	      0.00000000	      0.08832193	      0.00000000	      0.00000000	      0.00000000	      0.00000000	      0.00000000	      0.00000000	      0.00000000	      0.00000000	      0.00000000	     -0.00000000
     79.00000000	     89.69696954	      0.00000000	     -0.01452609	      0.00000000	     -0.01448457	      0.00000000	     -0.04369932	      0.00000000	     -0.04644703	      0.00000000	     -0.03769312	      0.00000000	     -0.01714474	      0.00000000	     -0.04000535	      0.00000000	     -0.00000000	      0.00000000	      0.00000000	      0.00000000	     -0.00000000	      0.00000000	     -0.00000000	      0.00000000	      0.00000000	      0.00000000	     -0.00001781	      0.00000000	     -0.00046647	      0.00000000	     -0.03118121	      0.00000000	     -0.02824572	      0.00000000	     -0.04529917	      0.00000000	      0.01152886	      0.00000000	     -0.00077179	      0.00000000	     -0.01052239	      0.00000000	      0.00954039	      0.00000000	      0.00732699	      0.00000000	      0.00216706	      0.00000000	     -0.05116776	      0.00000000	      0.04266003	      0.00000000	      0.00000000	      0.00000000	      0.00000000	      0.00000000	     -0.00510535	      0.00000000	      0.03311407	      0.00000000	      0.03841887	      0.00000000	      0.06759572	      0.00000000	     -0.03560881	      0.00000000	     -0.04638598	      0.00000000	     -0.00000000	      0.00000000	      0.08897451	      0.00000000	      0.00000000	      0.00000000	      0.00000000	      0.00000000	     -0.00000000	      0.00000000	     -0.00000000	      0.00000000	      0.00000000
     80.00000000	     91.21212105	      0.00000000	     -0.01545114	      0.00000000	     -0.01593386	      0.00000000	     -0.04305885	      0.00000000	     -0.04548131	      0.00000000	     -0.03755057	      0.00000000	     -0.01765172	      0.00000000	     -0.03885380	      0.00000000	      0.00000000	      0.00000000	     -0.00000000	      0.00000000	     -0.00000000	      0.00000000	     -0.00000000	      0.00000000	     -0.00000000	      0.00000000	     -0.00001781	      0.00000000	     -0.00046647	      0.00000000	     -0.03078744	      0.00000000	     -0.02752617	      0.00000000	     -0.04472916	      0.00000000	      0.01199900	      0.00000000	     -0.00025359	      0.00000000	     -0.01004139	      0.00000000	      0.00969321	      0.00000000	      0.00755543	      0.00000000	      0.00244886	      0.00000000	     -0.05131995	      0.00000000	      0.04218796	      0.00000000	      0.00000000	      0.00000000	      0.00000000	      0.00000000	     -0.00486663	      0.00000000	      0.03277171	      0.00000000	      0.03742078	      0.00000000	      0.06691522	      0.00000000	     -0.03458152	      0.00000000	     -0.04523489	      0.00000000	     -0.00000000	      0.00000000	      0.08960866	      0.00000000	     -0.00000000	      0.00000000	     -0.00000000	      0.00000000	      0.00000000	      0.00000000	      0.00000000	      0.00000000	     -0.00000000
     81.00000000	     92.72727257	      0.00000000	     -0.01635602	      0.00000000	     -0.01736318	      0.00000000	     -0.04239703	      0.00000000	     -0.04449273	      0.00000000	     -0.03738428	      0.00000000	     -0.01814006	      0.00000000	     -0.03768238	      0.00000000	     -0.00000000	      0.00000000	      0.00000000	      0.00000000	     -0.00000000	      0.00000000	      0.00000000	      0.00000000	      0.00000000	      0.00000000	     -0.00001781	      0.00000000	     -0.00046647	      0.00000000	     -0.03039762	      0.00000000	     -0.02680637	      0.00000000	     -0.04415592	      0.00000000	      0.01246430	      0.00000000	      0.00026472	      0.00000000	     -0.00955606	      0.00000000	      0.00984077	      0.00000000	      0.00778021	      0.00000000	      0.00272951	      0.00000000	     -0.05143499	      0.00000000	      0.04163211	      0.00000000	     -0.00000000	      0.00000000	      0.00000000	      0.00000000	     -0.00462543	      0.00000000	      0.03237658	      0.00000000	      0.03638758	      0.00000000	      0.06617661	      0.00000000	     -0.03353614	      0.00000000	     -0.04406098	      0.00000000	      0.00000000	      0.00000000	      0.09022397	      0.00000000	      0.00000000	      0.00000000	      0.00000000	      0.00000000	     -0.00000000	      0.00000000	     -0.00000000	      0.00000000	     -0.00000000
     82.00000000	     94.24242409	      0.00000000	     -0.01723980	      0.00000000	     -0.01877090	      0.00000000	     -0.04171435	      0.00000000	     -0.04348136	      0.00000000	     -0.03719470	      0.00000000	     -0.01860954	      0.00000000	     -0.03649181	      0.00000000	      0.00000000	      0.00000000	     -0.00000000	      0.00000000	      0.00000000	      0.00000000	      0.00000000	      0.00000000	      0.00000000	      0.00000000	     -0.00001781	      0.00000000	     -0.00046647	      0.00000000	     -0.03002186	      0.00000000	     -0.02609194	      0.00000000	     -0.04357971	      0.00000000	      0.01292453	      0.00000000	      0.00078291	      0.00000000	     -0.00906664	      0.00000000	      0.00998293	      0.00000000	      0.00800120	      0.00000000	      0.00300887	      0.00000000	     -0.05151314	      0.00000000	      0.04098205	      0.00000000	     -0.00000000	      0.00000000	     -0.00000000	      0.00000000	     -0.00438189	      0.00000000	      0.03192397	      0.00000000	      0.03531993	      0.00000000	      0.06537956	      0.00000000	     -0.03247331	      0.00000000	     -0.04286500	      0.00000000	      0.00000000	      0.00000000	      0.09081999	      0.00000000	     -0.00000000	      0.00000000	      0.00000000	      0.00000000	      0.00000000	      0.00000000	     -0.00000000	      0.00000000	      0.00000000
     83.00000000	     95.75757560	      0.00000000	     -0.01810162	      0.00000000	     -0.02015546	      0.00000000	     -0.04101126	      0.00000000	     -0.04244784	      0.00000000	     -0.03698232	      0.00000000	     -0.01905993	      0.00000000	     -0.03528278	      0.00000000	      0.00000000	      0.00000000	      0.00000000	      0.00000000	     -0.00000000	      0.00000000	     -0.00000000	      0.00000000	     -0.00000000	      0.00000000	     -0.00001781	      0.00000000	     -0.00046647	      0.00000000	     -0.02964799	      0.00000000	     -0.02538078	      0.00000000	     -0.04300076	      0.00000000	      0.01337949	      0.00000000	      0.00130076	      0.00000000	     -0.00857334	      0.00000000	      0.01011957	      0.00000000	      0.00821827	      0.00000000	      0.00328681	      0.00000000	     -0.05155470	      0.00000000	      0.04022582	      0.00000000	     -0.00000000	      0.00000000	     -0.00000000	      0.00000000	     -0.00413613	      0.00000000	      0.03140873	      0.00000000	      0.03421852	      0.00000000	      0.06452377	      0.00000000	     -0.03139367	      0.00000000	     -0.04164768	      0.00000000	      0.00000000	      0.00000000	      0.09139623	      0.00000000	     -0.00000000	      0.00000000	     -0.00000000	      0.00000000	     -0.00000000	      0.00000000	     -0.00000000	      0.00000000	      0.00000000
     84.00000000	     97.27272712	      0.00000000	     -0.01894069	      0.00000000	     -0.02151535	      0.00000000	     -0.04028827	      0.00000000	     -0.04139286	      0.00000000	     -0.03674760	      0.00000000	     -0.01949105	      0.00000000	     -0.03405600	      0.00000000	     -0.00000000	      0.00000000	      0.00000000	      0.00000000	      0.00000000	      0.00000000	     -0.00000000	      0.00000000	      0.00000000	      0.00000000	     -0.00001781	      0.00000000	     -0.00046647	      0.00000000	     -0.02928822	      0.00000000	     -0.02466838	      0.00000000	     -0.04241938	      0.00000000	      0.01382894	      0.00000000	      0.00181806	      0.00000000	     -0.00807639	      0.00000000	      0.01025055	      0.00000000	      0.00843128	      0.00000000	      0.00356319	      0.00000000	     -0.05156001	      0.00000000	      0.03934983	      0.00000000	      0.00000000	      0.00000000	      0.00000000	      0.00000000	     -0.00388829	      0.00000000	      0.03082522	      0.00000000	      0.03308411	      0.00000000	      0.06360904	      0.00000000	     -0.03029787	      0.00000000	     -0.04040975	      0.00000000	      0.00000000	      0.00000000	      0.09195214	      0.00000000	      0.00000000	      0.00000000	      0.00000000	      0.00000000	      0.00000000	      0.00000000	     -0.00000000	      0.00000000	     -0.00000000
     85.00000000	     98.78787863	      0.00000000	     -0.01975629	      0.00000000	     -0.02284915	      0.00000000	     -0.03954647	      0.00000000	     -0.04031711	      0.00000000	     -0.03649100	      0.00000000	     -0.01990278	      0.00000000	     -0.03281215	      0.00000000	      0.00000000	      0.00000000	      0.00000000	      0.00000000	      0.00000000	      0.00000000	     -0.00000000	      0.00000000	      0.00000000	      0.00000000	     -0.00001781	      0.00000000	     -0.00046647	      0.00000000	     -0.02893644	      0.00000000	     -0.02396242	      0.00000000	     -0.04183574	      0.00000000	      0.01427267	      0.00000000	      0.00233457	      0.00000000	     -0.00757602	      0.00000000	      0.01037575	      0.00000000	      0.00864010	      0.00000000	      0.00383788	      0.00000000	     -0.05152939	      0.00000000	      0.03833871	      0.00000000	      0.00000000	      0.00000000	      0.00000000	      0.00000000	     -0.00363849	      0.00000000	      0.03016736	      0.00000000	      0.03191752	      0.00000000	      0.06263521	      0.00000000	     -0.02918654	      0.00000000	     -0.03915196	      0.00000000	      0.00000000	      0.00000000	      0.09248712	      0.00000000	      0.00000000	      0.00000000	      0.00000000	      0.00000000	     -0.00000000	      0.00000000	      0.00000000	      0.00000000	      0.00000000
     86.00000000	    100.30303015	      0.00000000	     -0.02054776	      0.00000000	     -0.02415550	      0.00000000	     -0.03878584	      0.00000000	     -0.03922125	      0.00000000	     -0.03621301	      0.00000000	     -0.02029499	      0.00000000	     -0.03155196	      0.00000000	     -0.00000000	      0.00000000	      0.00000000	      0.00000000	      0.00000000	      0.00000000	     -0.00000000	      0.00000000	      0.00000000	      0.00000000	     -0.00001781	      0.00000000	     -0.00046647	      0.00000000	     -0.02859782	      0.00000000	     -0.02325875	      0.00000000	     -0.04125012	      0.00000000	      0.01471046	      0.00000000	      0.00285007	      0.00000000	     -0.00707245	      0.00000000	      0.01049504	      0.00000000	      0.00884459	      0.00000000	      0.00411075	      0.00000000	     -0.05146320	      0.00000000	      0.03717527	      0.00000000	     -0.00000000	      0.00000000	     -0.00000000	      0.00000000	     -0.00338687	      0.00000000	      0.02942858	      0.00000000	      0.03071961	      0.00000000	      0.06160221	      0.00000000	     -0.02806031	      0.00000000	     -0.03787503	      0.00000000	     -0.00000000	      0.00000000	      0.09300050	      0.00000000	     -0.00000000	      0.00000000	     -0.00000000	      0.00000000	      0.00000000	      0.00000000	     -0.00000000	      0.00000000	      0.00000000
     87.00000000	    101.81818167	      0.00000000	     -0.02131449	      0.00000000	     -0.02543314	      0.00000000	     -0.03800745	      0.00000000	     -0.03810596	      0.00000000	     -0.03591407	      0.00000000	     -0.02066760	      0.00000000	     -0.03027610	      0.00000000	      0.00000000	      0.00000000	      0.00000000	      0.00000000	      0.00000000	      0.00000000	     -0.00000000	      0.00000000	     -0.00000000	      0.00000000	     -0.00001781	      0.00000000	     -0.00046647	      0.00000000	     -0.02826653	      0.00000000	     -0.02256179	      0.00000000	     -0.04066281	      0.00000000	      0.01514206	      0.00000000	      0.00336433	      0.00000000	     -0.00656590	      0.00000000	      0.01060828	      0.00000000	      0.00904463	      0.00000000	      0.00438165	      0.00000000	     -0.05136183	      0.00000000	      0.03584051	      0.00000000	     -0.00000000	      0.00000000	     -0.00000000	      0.00000000	     -0.00313355	      0.00000000	      0.02860191	      0.00000000	      0.02949132	      0.00000000	      0.06051004	      0.00000000	     -0.02691983	      0.00000000	     -0.03657970	      0.00000000	     -0.00000000	      0.00000000	      0.09349151	      0.00000000	     -0.00000000	      0.00000000	     -0.00000000	      0.00000000	     -0.00000000	      0.00000000	     -0.00000000	      0.00000000	      0.00000000
     88.00000000	    103.33333318	      0.00000000	     -0.02205597	      0.00000000	     -0.02668086	      0.00000000	     -0.03721164	      0.00000000	     -0.03697191	      0.00000000	     -0.03559466	      0.00000000	     -0.02102055	      0.00000000	     -0.02898529	      0.00000000	     -0.00000000	      0.00000000	     -0.00000000	      0.00000000	     -0.00000000	      0.00000000	     -0.00000000	      0.00000000	     -0.00000000	      0.00000000	     -0.00001781	      0.00000000	     -0.00046647	      0.00000000	     -0.02795360	      0.00000000	     -0.02187040	      0.00000000	     -0.04007402	      0.00000000	      0.01556727	      0.00000000	      0.00387714	      0.00000000	     -0.00605659	      0.00000000	      0.01071535	      0.00000000	      0.00924006	      0.00000000	      0.00465045	      0.00000000	     -0.05122568	      0.00000000	      0.03431389	      0.00000000	      0.00000000	      0.00000000	      0.00000000	      0.00000000	     -0.00287867	      0.00000000	      0.02768006	      0.00000000	      0.02823362	      0.00000000	      0.05935878	      0.00000000	     -0.02576573	      0.00000000	     -0.03526669	      0.00000000	     -0.00000000	      0.00000000	      0.09395927	      0.00000000	     -0.00000000	      0.00000000	      0.00000000	      0.00000000	      0.00000000	      0.00000000	     -0.00000000	      0.00000000	     -0.00000000
     89.00000000	    104.84848470	      0.00000000	     -0.02277171	      0.00000000	     -0.02789755	      0.00000000	     -0.03639917	      0.00000000	     -0.03581976	      0.00000000	     -0.03525522	      0.00000000	     -0.02135384	      0.00000000	     -0.02768021	      0.00000000	      0.00000000	      0.00000000	      0.00000000	      0.00000000	     -0.00000000	      0.00000000	      0.00000000	      0.00000000	      0.00000000	      0.00000000	     -0.00001781	      0.00000000	     -0.00046647	      0.00000000	     -0.02765002	      0.00000000	     -0.02118370	      0.00000000	     -0.03948400	      0.00000000	      0.01598583	      0.00000000	      0.00438826	      0.00000000	     -0.00554474	      0.00000000	      0.01081612	      0.00000000	      0.00943077	      0.00000000	      0.00491702	      0.00000000	     -0.05105515	      0.00000000	      0.03257375	      0.00000000	      0.00000000	      0.00000000	     -0.00000000	      0.00000000	     -0.00262236	      0.00000000	      0.02665552	      0.00000000	      0.02694756	      0.00000000	      0.05814862	      0.00000000	     -0.02459866	      0.00000000	     -0.03393673	      0.00000000	      0.00000000	      0.00000000	      0.09440280	      0.00000000	     -0.00000000	      0.00000000	     -0.00000000	      0.00000000	      0.00000000	      0.00000000	     -0.00000000	      0.00000000	      0.00000000
     90.00000000	    106.36363622	      0.00000000	     -0.02346132	      0.00000000	     -0.02908215	      0.00000000	     -0.03557027	      0.00000000	     -0.03465017	      0.00000000	     -0.03489622	      0.00000000	     -0.02166745	      0.00000000	     -0.02636155	      0.00000000	      0.00000000	      0.00000000	     -0.00000000	      0.00000000	     -0.00000000	      0.00000000	     -0.00000000	      0.00000000	     -0.00000000	      0.00000000	     -0.00001781	      0.00000000	     -0.00046647	      0.00000000	     -0.02736355	      0.00000000	     -0.02050563	      0.00000000	     -0.03889303	      0.00000000	      0.01639753	      0.00000000	      0.00489748	      0.00000000	     -0.00503057	      0.00000000	      0.01091046	      0.00000000	      0.00961661	      0.00000000	      0.00518122	      0.00000000	     -0.05085067	      0.00000000	      0.03059822	      0.00000000	     -0.00000000	      0.00000000	     -0.00000000	      0.00000000	     -0.00236474	      0.00000000	      0.02552073	      0.00000000	      0.02563423	      0.00000000	      0.05687980	      0.00000000	     -0.02341924	      0.00000000	     -0.03259054	      0.00000000	     -0.00000000	      0.00000000	      0.09482094	      0.00000000	     -0.00000000	      0.00000000	      0.00000000	      0.00000000	      0.00000000	      0.00000000	      0.00000000	      0.00000000	      0.00000000
     91.00000000	    107.87878773	      0.00000000	     -0.02412444	      0.00000000	     -0.03023372	      0.00000000	     -0.03472581	      0.00000000	     -0.03346382	      0.00000000	     -0.03451811	      0.00000000	     -0.02196141	      0.00000000	     -0.02503003	      0.00000000	      0.00000000	      0.00000000	      0.00000000	      0.00000000	     -0.00000000	      0.00000000	      0.00000000	      0.00000000	      0.00000000	      0.00000000	     -0.00001781	      0.00000000	     -0.00046647	      0.00000000	     -0.02709697	      0.00000000	     -0.01983564	      0.00000000	     -0.03830126	      0.00000000	      0.01680212	      0.00000000	      0.00540456	      0.00000000	     -0.00451431	      0.00000000	      0.01099824	      0.00000000	      0.00979744	      0.00000000	      0.00544291	      0.00000000	     -0.05061268	      0.00000000	      0.02836650	      0.00000000	      0.00000000	      0.00000000	      0.00000000	      0.00000000	     -0.00210595	      0.00000000	      0.02426839	      0.00000000	      0.02429478	      0.00000000	      0.05555271	      0.00000000	     -0.02222811	      0.00000000	     -0.03122884	      0.00000000	     -0.00000000	      0.00000000	      0.09521237	      0.00000000	     -0.00000000	      0.00000000	      0.00000000	      0.00000000	      0.00000000	      0.00000000	     -0.00000000	      0.00000000	      0.00000000
     92.00000000	    109.39393925	      0.00000000	     -0.02476078	      0.00000000	     -0.03135136	      0.00000000	     -0.03386623	      0.00000000	     -0.03226136	      0.00000000	     -0.03412134	      0.00000000	     -0.02223577	      0.00000000	     -0.02368632	      0.00000000	     -0.00000000	      0.00000000	     -0.00000000	      0.00000000	     -0.00000000	      0.00000000	     -0.00000000	      0.00000000	     -0.00000000	      0.00000000	     -0.00001781	      0.00000000	     -0.00046647	      0.00000000	     -0.02684373	      0.00000000	     -0.01917572	      0.00000000	     -0.03770902	      0.00000000	      0.01719937	      0.00000000	      0.00590928	      0.00000000	     -0.00399617	      0.00000000	      0.01107933	      0.00000000	      0.00997314	      0.00000000	      0.00570196	      0.00000000	     -0.05034164	      0.00000000	      0.02586077	      0.00000000	     -0.00000000	      0.00000000	      0.00000000	      0.00000000	     -0.00184612	      0.00000000	      0.02289175	      0.00000000	      0.02293040	      0.00000000	      0.05416779	      0.00000000	     -0.02102591	      0.00000000	     -0.02985236	      0.00000000	     -0.00000000	      0.00000000	      0.09557553	      0.00000000	     -0.00000000	      0.00000000	      0.00000000	      0.00000000	     -0.00000000	      0.00000000	      0.00000000	      0.00000000	      0.00000000
     93.00000000	    110.90909076	      0.00000000	     -0.02537012	      0.00000000	     -0.03243428	      0.00000000	     -0.03299223	      0.00000000	     -0.03104344	      0.00000000	     -0.03370635	      0.00000000	     -0.02249061	      0.00000000	     -0.02233112	      0.00000000	     -0.00000000	      0.00000000	     -0.00000000	      0.00000000	     -0.00000000	      0.00000000	      0.00000000	      0.00000000	     -0.00000000	      0.00000000	     -0.00001781	      0.00000000	     -0.00046647	      0.00000000	     -0.02661141	      0.00000000	     -0.01852393	      0.00000000	     -0.03711689	      0.00000000	      0.01758904	      0.00000000	      0.00641142	      0.00000000	     -0.00347637	      0.00000000	      0.01115362	      0.00000000	      0.01014355	      0.00000000	      0.00595824	      0.00000000	     -0.05003802	      0.00000000	      0.02306869	      0.00000000	     -0.00000000	      0.00000000	     -0.00000000	      0.00000000	     -0.00158537	      0.00000000	      0.02138505	      0.00000000	      0.02154235	      0.00000000	      0.05272561	      0.00000000	     -0.01981327	      0.00000000	     -0.02846180	      0.00000000	      0.00000000	      0.00000000	      0.09590857	      0.00000000	     -0.00000000	      0.00000000	     -0.00000000	      0.00000000	     -0.00000000	      0.00000000	     -0.00000000	      0.00000000	     -0.00000000
     94.00000000	    112.42424228	      0.00000000	     -0.02595226	      0.00000000	     -0.03348175	      0.00000000	     -0.03210416	      0.00000000	     -0.02981074	      0.00000000	     -0.03327358	      0.00000000	     -0.02272600	      0.00000000	     -0.02096512	      0.00000000	      0.00000000	      0.00000000	      0.00000000	      0.00000000	      0.00000000	      0.00000000	      0.00000000	      0.00000000	      0.00000000	      0.00000000	     -0.00001781	      0.00000000	     -0.00046647	      0.00000000	     -0.02640176	      0.00000000	     -0.01788392	      0.00000000	     -0.03652442	      0.00000000	      0.01797087	      0.00000000	      0.00691075	      0.00000000	     -0.00295513	      0.00000000	      0.01122096	      0.00000000	      0.01030855	      0.00000000	      0.00621160	      0.00000000	     -0.04970230	      0.00000000	      0.01998644	      0.00000000	      0.00000000	      0.00000000	      0.00000000	      0.00000000	     -0.00132384	      0.00000000	      0.01974407	      0.00000000	      0.02013193	      0.00000000	      0.05122686	      0.00000000	     -0.01859083	      0.00000000	     -0.02705788	      0.00000000	      0.00000000	      0.00000000	      0.09620933	      0.00000000	      0.00000000	      0.00000000	      0.00000000	      0.00000000	     -0.00000000	      0.00000000	      0.00000000	      0.00000000	     -0.00000000
     95.00000000	    113.93939380	      0.00000000	     -0.02650707	      0.00000000	     -0.03449311	      0.00000000	     -0.03120267	      0.00000000	     -0.02856390	      0.00000000	     -0.03282348	      0.00000000	     -0.02294207	      0.00000000	     -0.01958901	      0.00000000	      0.00000000	      0.00000000	      0.00000000	      0.00000000	      0.00000000	      0.00000000	      0.00000000	      0.00000000	      0.00000000	      0.00000000	     -0.00001781	      0.00000000	     -0.00046647	      0.00000000	     -0.02621228	      0.00000000	     -0.01725731	      0.00000000	     -0.03593242	      0.00000000	      0.01834463	      0.00000000	      0.00740703	      0.00000000	     -0.00243267	      0.00000000	      0.01128124	      0.00000000	      0.01046799	      0.00000000	      0.00646190	      0.00000000	     -0.04933496	      0.00000000	      0.01662190	      0.00000000	      0.00000000	      0.00000000	     -0.00000000	      0.00000000	     -0.00106166	      0.00000000	      0.01796664	      0.00000000	      0.01870048	      0.00000000	      0.04967232	      0.00000000	     -0.01735922	      0.00000000	     -0.02564133	      0.00000000	      0.00000000	      0.00000000	      0.09647518	      0.00000000	      0.00000000	      0.00000000	      0.00000000	      0.00000000	     -0.00000000	      0.00000000	      0.00000000	      0.00000000	     -0.00000000
     96.00000000	    115.45454531	      0.00000000	     -0.02703447	      0.00000000	     -0.03546780	      0.00000000	     -0.03028819	      0.00000000	     -0.02730273	      0.00000000	     -0.03235647	      0.00000000	     -0.02313894	      0.00000000	     -0.01820348	      0.00000000	      0.00000000	      0.00000000	      0.00000000	      0.00000000	     -0.00000000	      0.00000000	      0.00000000	      0.00000000	     -0.00000000	      0.00000000	     -0.00001781	      0.00000000	     -0.00046647	      0.00000000	     -0.02604912	      0.00000000	     -0.01664067	      0.00000000	     -0.03534103	      0.00000000	      0.01871007	      0.00000000	      0.00790005	      0.00000000	     -0.00190920	      0.00000000	      0.01133434	      0.00000000	      0.01062173	      0.00000000	      0.00670902	      0.00000000	     -0.04893651	      0.00000000	      0.01299758	      0.00000000	     -0.00000000	      0.00000000	     -0.00000000	      0.00000000	     -0.00079895	      0.00000000	      0.01605335	      0.00000000	      0.01724939	      0.00000000	      0.04806289	      0.00000000	     -0.01611908	      0.00000000	     -0.02421283	      0.00000000	     -0.00000000	      0.00000000	      0.09670298	      0.00000000	      0.00000000	      0.00000000	     -0.00000000	      0.00000000	      0.00000000	      0.00000000	      0.00000000	      0.00000000	      0.00000000
     97.00000000	    116.96969683	      0.00000000	     -0.02753442	      0.00000000	     -0.03640530	      0.00000000	     -0.02936131	      0.00000000	     -0.02602958	      0.00000000	     -0.03187300	      0.00000000	     -0.02331676	      0.00000000	     -0.01680921	      0.00000000	      0.00000000	      0.00000000	     -0.00000000	      0.00000000	     -0.00000000	      0.00000000	      0.00000000	      0.00000000	      0.00000000	      0.00000000	     -0.00001781	      0.00000000	     -0.00046647	      0.00000000	     -0.02590812	      0.00000000	     -0.01603831	      0.00000000	     -0.03475043	      0.00000000	      0.01906692	      0.00000000	      0.00838957	      0.00000000	     -0.00138493	      0.00000000	      0.01138013	      0.00000000	      0.01076964	      0.00000000	      0.00695281	      0.00000000	     -0.04850746	      0.00000000	      0.00915234	      0.00000000	      0.00000000	      0.00000000	     -0.00000000	      0.00000000	     -0.00053585	      0.00000000	      0.01400816	      0.00000000	      0.01578011	      0.00000000	      0.04639959	      0.00000000	     -0.01487103	      0.00000000	     -0.02277312	      0.00000000	      0.00000000	      0.00000000	      0.09688888	      0.00000000	      0.00000000	      0.00000000	     -0.00000000	      0.00000000	     -0.00000000	      0.00000000	     -0.00000000	      0.00000000	     -0.00000000
     98.00000000	    118.48484835	      0.00000000	     -0.02800693	      0.00000000	     -0.03730518	      0.00000000	     -0.02842254	      0.00000000	     -0.02474423	      0.00000000	     -0.03137348	      0.00000000	     -0.02347568	      0.00000000	     -0.01540691	      0.00000000	     -0.00000000	      0.00000000	     -0.00000000	      0.00000000	     -0.00000000	      0.00000000	     -0.00000000	      0.00000000	     -0.00000000	      0.00000000	     -0.00001781	      0.00000000	     -0.00046647	      0.00000000	     -0.02579363	      0.00000000	     -0.01545279	      0.00000000	     -0.03416092	      0.00000000	      0.01941495	      0.00000000	      0.00887536	      0.00000000	     -0.00086010	      0.00000000	      0.01141850	      0.00000000	      0.01091158	      0.00000000	      0.00719313	      0.00000000	     -0.04804833	      0.00000000	      0.00514125	      0.00000000	     -0.00000000	      0.00000000	     -0.00000000	      0.00000000	     -0.00027248	      0.00000000	      0.01183888	      0.00000000	      0.01429410	      0.00000000	      0.04468358	      0.00000000	     -0.01361571	      0.00000000	     -0.02132289	      0.00000000	     -0.00000000	      0.00000000	      0.09702818	      0.00000000	     -0.00000000	      0.00000000	     -0.00000000	      0.00000000	     -0.00000000	      0.00000000	     -0.00000000	      0.00000000	      0.00000000
     99.00000000	    119.99999986	      0.00000000	     -0.02845187	      0.00000000	     -0.03816679	      0.00000000	     -0.02747267	      0.00000000	     -0.02344781	      0.00000000	     -0.03085852	      0.00000000	     -0.02361584	      0.00000000	     -0.01399775	      0.00000000	     -0.00000000	      0.00000000	      0.00000000	      0.00000000	      0.00000000	      0.00000000	      0.00000000	      0.00000000	     -0.00000000	      0.00000000	     -0.00001781	      0.00000000	     -0.00046647	      0.00000000	     -0.02570663	      0.00000000	     -0.01488445	      0.00000000	     -0.03357293	      0.00000000	      0.01975376	      0.00000000	      0.00935703	      0.00000000	     -0.00033510	      0.00000000	      0.01144931	      0.00000000	      0.01104737	      0.00000000	      0.00742977	      0.00000000	     -0.04755983	      0.00000000	      0.00103452	      0.00000000	      0.00000000	      0.00000000	      0.00000000	      0.00000000	     -0.00000908	      0.00000000	      0.00955843	      0.00000000	      0.01279343	      0.00000000	      0.04291677	      0.00000000	     -0.01235420	      0.00000000	     -0.01986337	      0.00000000	      0.00000000	      0.00000000	      0.09711502	      0.00000000	      0.00000000	      0.00000000	      0.00000000	      0.00000000	      0.00000000	      0.00000000	      0.00000000	      0.00000000	     -0.00000000
