UNKNOWN
version=1
nRows=100
nColumns=82
inDegrees=no
endheader
time	/jointset/hip_r/hip_adduction_r/value	addbrev_l	addbrev_r	addlong_l	addlong_r	addmagDist_l	addmagDist_r	addmagIsch_l	addmagIsch_r	addmagMid_l	addmagMid_r	addmagProx_l	addmagProx_r	bflh_l	bflh_r	bfsh_l	bfsh_r	edl_l	edl_r	ehl_l	ehl_r	fdl_l	fdl_r	fhl_l	fhl_r	gaslat_l	gaslat_r	gasmed_l	gasmed_r	glmax1_l	glmax1_r	glmax2_l	glmax2_r	glmax3_l	glmax3_r	glmed1_l	glmed1_r	glmed2_l	glmed2_r	glmed3_l	glmed3_r	glmin1_l	glmin1_r	glmin2_l	glmin2_r	glmin3_l	glmin3_r	grac_l	grac_r	iliacus_l	iliacus_r	perbrev_l	perbrev_r	perlong_l	perlong_r	piri_l	piri_r	psoas_l	psoas_r	recfem_l	recfem_r	sart_l	sart_r	semimem_l	semimem_r	semiten_l	semiten_r	soleus_l	soleus_r	tfl_l	tfl_r	tibant_l	tibant_r	tibpost_l	tibpost_r	vasint_l	vasint_r	vaslat_l	vaslat_r	vasmed_l	vasmed_r
      0.00000000	    -50.00000023	      0.00000000	      0.02956581	      0.00000000	      0.03613129	      0.00000000	      0.05957686	      0.00000000	      0.06205212	      0.00000000	      0.05138668	      0.00000000	      0.02760597	      0.00000000	      0.04439018	      0.00000000	     -0.00000000	      0.00000000	      0.00000000	      0.00000000	      0.00000000	      0.00000000	      0.00000000	      0.00000000	      0.00000000	      0.00000000	     -0.00009344	      0.00000000	      0.00028328	      0.00000000	     -0.03322042	      0.00000000	     -0.01528351	      0.00000000	      0.04923018	      0.00000000	     -0.04211117	      0.00000000	     -0.05209973	      0.00000000	     -0.04649339	      0.00000000	     -0.04988998	      0.00000000	     -0.05656907	      0.00000000	     -0.05279370	      0.00000000	      0.07171072	      0.00000000	     -0.00895838	      0.00000000	      0.00000000	      0.00000000	      0.00000000	      0.00000000	     -0.03372984	      0.00000000	     -0.00111747	      0.00000000	     -0.03905615	      0.00000000	     -0.05828830	      0.00000000	      0.03775759	      0.00000000	      0.05293188	      0.00000000	      0.00000000	      0.00000000	     -0.09028995	      0.00000000	      0.00000000	      0.00000000	      0.00000000	      0.00000000	     -0.00000000	      0.00000000	      0.00000000	      0.00000000	     -0.00000000
      1.00000000	    -49.19191942	      0.00000000	      0.03007046	      0.00000000	      0.03666956	      0.00000000	      0.05977511	      0.00000000	      0.06202536	      0.00000000	      0.05182251	      0.00000000	      0.02805613	      0.00000000	      0.04431457	      0.00000000	     -0.00000000	      0.00000000	      0.00000000	      0.00000000	     -0.00000000	      0.00000000	     -0.00000000	      0.00000000	     -0.00000000	      0.00000000	     -0.00009344	      0.00000000	      0.00028328	      0.00000000	     -0.03303290	      0.00000000	     -0.01522430	      0.00000000	      0.04948179	      0.00000000	     -0.04276950	      0.00000000	     -0.05224444	      0.00000000	     -0.04640422	      0.00000000	     -0.05025983	      0.00000000	     -0.05656369	      0.00000000	     -0.05268426	      0.00000000	      0.07188801	      0.00000000	     -0.00920010	      0.00000000	      0.00000000	      0.00000000	     -0.00000000	      0.00000000	     -0.03369071	      0.00000000	     -0.00107545	      0.00000000	     -0.03881939	      0.00000000	     -0.05782227	      0.00000000	      0.03761986	      0.00000000	      0.05282301	      0.00000000	     -0.00000000	      0.00000000	     -0.08981123	      0.00000000	     -0.00000000	      0.00000000	     -0.00000000	      0.00000000	      0.00000000	      0.00000000	      0.00000000	      0.00000000	      0.00000000
      2.00000000	    -48.38383860	      0.00000000	      0.03057355	      0.00000000	      0.03720396	      0.00000000	      0.05996338	      0.00000000	      0.06198599	      0.00000000	      0.05225327	      0.00000000	      0.02851320	      0.00000000	      0.04422975	      0.00000000	     -0.00000000	      0.00000000	     -0.00000000	      0.00000000	      0.00000000	      0.00000000	     -0.00000000	      0.00000000	     -0.00000000	      0.00000000	     -0.00009344	      0.00000000	      0.00028328	      0.00000000	     -0.03284230	      0.00000000	     -0.01516254	      0.00000000	      0.04972763	      0.00000000	     -0.04340449	      0.00000000	     -0.05237542	      0.00000000	     -0.04630813	      0.00000000	     -0.05059966	      0.00000000	     -0.05654772	      0.00000000	     -0.05256940	      0.00000000	      0.07205224	      0.00000000	     -0.00938854	      0.00000000	      0.00000000	      0.00000000	     -0.00000000	      0.00000000	     -0.03364587	      0.00000000	     -0.00102859	      0.00000000	     -0.03857576	      0.00000000	     -0.05734736	      0.00000000	      0.03747405	      0.00000000	      0.05270298	      0.00000000	      0.00000000	      0.00000000	     -0.08932763	      0.00000000	     -0.00000000	      0.00000000	      0.00000000	      0.00000000	     -0.00000000	      0.00000000	     -0.00000000	      0.00000000	      0.00000000
      3.00000000	    -47.57575779	      0.00000000	      0.03107467	      0.00000000	      0.03773414	      0.00000000	      0.06014147	      0.00000000	      0.06193394	      0.00000000	      0.05267858	      0.00000000	      0.02896498	      0.00000000	      0.04413574	      0.00000000	     -0.00000000	      0.00000000	      0.00000000	      0.00000000	      0.00000000	      0.00000000	      0.00000000	      0.00000000	      0.00000000	      0.00000000	     -0.00009344	      0.00000000	      0.00028328	      0.00000000	     -0.03264880	      0.00000000	     -0.01509830	      0.00000000	      0.04996743	      0.00000000	     -0.04401602	      0.00000000	     -0.05249289	      0.00000000	     -0.04620536	      0.00000000	     -0.05091103	      0.00000000	     -0.05652180	      0.00000000	     -0.05244937	      0.00000000	      0.07220318	      0.00000000	     -0.00953905	      0.00000000	     -0.00000000	      0.00000000	     -0.00000000	      0.00000000	     -0.03359547	      0.00000000	     -0.00096859	      0.00000000	     -0.03832551	      0.00000000	     -0.05686399	      0.00000000	      0.03732023	      0.00000000	      0.05257185	      0.00000000	     -0.00000000	      0.00000000	     -0.08883950	      0.00000000	      0.00000000	      0.00000000	     -0.00000000	      0.00000000	      0.00000000	      0.00000000	     -0.00000000	      0.00000000	      0.00000000
      4.00000000	    -46.76767698	      0.00000000	      0.03157376	      0.00000000	      0.03825982	      0.00000000	      0.06030924	      0.00000000	      0.06186903	      0.00000000	      0.05309835	      0.00000000	      0.02941539	      0.00000000	      0.04403253	      0.00000000	     -0.00000000	      0.00000000	     -0.00000000	      0.00000000	     -0.00000000	      0.00000000	     -0.00000000	      0.00000000	     -0.00000000	      0.00000000	     -0.00009344	      0.00000000	      0.00028328	      0.00000000	     -0.03245246	      0.00000000	     -0.01503161	      0.00000000	      0.05020107	      0.00000000	     -0.04460444	      0.00000000	     -0.05259719	      0.00000000	     -0.04609605	      0.00000000	     -0.05119566	      0.00000000	     -0.05648648	      0.00000000	     -0.05232431	      0.00000000	      0.07234071	      0.00000000	     -0.00967346	      0.00000000	     -0.00000000	      0.00000000	      0.00000000	      0.00000000	     -0.03353964	      0.00000000	     -0.00090872	      0.00000000	     -0.03806869	      0.00000000	     -0.05637228	      0.00000000	      0.03715857	      0.00000000	      0.05242957	      0.00000000	      0.00000000	      0.00000000	     -0.08834686	      0.00000000	      0.00000000	      0.00000000	     -0.00000000	      0.00000000	      0.00000000	      0.00000000	     -0.00000000	      0.00000000	      0.00000000
      5.00000000	    -45.95959616	      0.00000000	      0.03207078	      0.00000000	      0.03878100	      0.00000000	      0.06046659	      0.00000000	      0.06179134	      0.00000000	      0.05351248	      0.00000000	      0.02986181	      0.00000000	      0.04392010	      0.00000000	      0.00000000	      0.00000000	     -0.00000000	      0.00000000	     -0.00000000	      0.00000000	      0.00000000	      0.00000000	      0.00000000	      0.00000000	     -0.00009344	      0.00000000	      0.00028328	      0.00000000	     -0.03225331	      0.00000000	     -0.01496250	      0.00000000	      0.05042846	      0.00000000	     -0.04517010	      0.00000000	     -0.05268863	      0.00000000	     -0.04598037	      0.00000000	     -0.05145513	      0.00000000	     -0.05644227	      0.00000000	     -0.05219439	      0.00000000	      0.07246472	      0.00000000	     -0.00978133	      0.00000000	     -0.00000000	      0.00000000	      0.00000000	      0.00000000	     -0.03347850	      0.00000000	     -0.00084149	      0.00000000	     -0.03780538	      0.00000000	     -0.05587234	      0.00000000	      0.03698877	      0.00000000	      0.05227625	      0.00000000	      0.00000000	      0.00000000	     -0.08784974	      0.00000000	      0.00000000	      0.00000000	      0.00000000	      0.00000000	      0.00000000	      0.00000000	      0.00000000	      0.00000000	      0.00000000
      6.00000000	    -45.15151535	      0.00000000	      0.03256565	      0.00000000	      0.03929838	      0.00000000	      0.06061338	      0.00000000	      0.06170071	      0.00000000	      0.05392087	      0.00000000	      0.03030929	      0.00000000	      0.04379842	      0.00000000	     -0.00000000	      0.00000000	      0.00000000	      0.00000000	     -0.00000000	      0.00000000	     -0.00000000	      0.00000000	      0.00000000	      0.00000000	     -0.00009344	      0.00000000	      0.00028328	      0.00000000	     -0.03205141	      0.00000000	     -0.01489100	      0.00000000	      0.05064948	      0.00000000	     -0.04571337	      0.00000000	     -0.05276752	      0.00000000	     -0.04585847	      0.00000000	     -0.05169091	      0.00000000	     -0.05638965	      0.00000000	     -0.05205973	      0.00000000	      0.07257508	      0.00000000	     -0.00986623	      0.00000000	     -0.00000000	      0.00000000	      0.00000000	      0.00000000	     -0.03341218	      0.00000000	     -0.00076753	      0.00000000	     -0.03753565	      0.00000000	     -0.05536428	      0.00000000	      0.03681098	      0.00000000	      0.05211162	      0.00000000	     -0.00000000	      0.00000000	     -0.08734817	      0.00000000	     -0.00000000	      0.00000000	     -0.00000000	      0.00000000	     -0.00000000	      0.00000000	      0.00000000	      0.00000000	      0.00000000
      7.00000000	    -44.34343454	      0.00000000	      0.03305743	      0.00000000	      0.03981019	      0.00000000	      0.06074949	      0.00000000	      0.06159703	      0.00000000	      0.05432344	      0.00000000	      0.03075525	      0.00000000	      0.04366748	      0.00000000	      0.00000000	      0.00000000	     -0.00000000	      0.00000000	     -0.00000000	      0.00000000	     -0.00000000	      0.00000000	     -0.00000000	      0.00000000	     -0.00009344	      0.00000000	      0.00028328	      0.00000000	     -0.03184679	      0.00000000	     -0.01481713	      0.00000000	      0.05086401	      0.00000000	     -0.04623464	      0.00000000	     -0.05283415	      0.00000000	     -0.04573047	      0.00000000	     -0.05190436	      0.00000000	     -0.05632901	      0.00000000	     -0.05192048	      0.00000000	      0.07267170	      0.00000000	     -0.00993574	      0.00000000	     -0.00000000	      0.00000000	     -0.00000000	      0.00000000	     -0.03334079	      0.00000000	     -0.00069507	      0.00000000	     -0.03725957	      0.00000000	     -0.05484823	      0.00000000	      0.03662521	      0.00000000	      0.05193576	      0.00000000	     -0.00000000	      0.00000000	     -0.08684217	      0.00000000	     -0.00000000	      0.00000000	     -0.00000000	      0.00000000	      0.00000000	      0.00000000	      0.00000000	      0.00000000	      0.00000000
      8.00000000	    -43.53535373	      0.00000000	      0.03354722	      0.00000000	      0.04031735	      0.00000000	      0.06087481	      0.00000000	      0.06148026	      0.00000000	      0.05471955	      0.00000000	      0.03119962	      0.00000000	      0.04352728	      0.00000000	     -0.00000000	      0.00000000	      0.00000000	      0.00000000	     -0.00000000	      0.00000000	     -0.00000000	      0.00000000	      0.00000000	      0.00000000	     -0.00009344	      0.00000000	      0.00028328	      0.00000000	     -0.03163950	      0.00000000	     -0.01474094	      0.00000000	      0.05107194	      0.00000000	     -0.04673429	      0.00000000	     -0.05288881	      0.00000000	     -0.04559653	      0.00000000	     -0.05209676	      0.00000000	     -0.05626077	      0.00000000	     -0.05177674	      0.00000000	      0.07275445	      0.00000000	     -0.00998450	      0.00000000	      0.00000000	      0.00000000	      0.00000000	      0.00000000	     -0.03326445	      0.00000000	     -0.00061380	      0.00000000	     -0.03697721	      0.00000000	     -0.05432430	      0.00000000	      0.03643147	      0.00000000	      0.05174867	      0.00000000	     -0.00000000	      0.00000000	     -0.08633179	      0.00000000	      0.00000000	      0.00000000	      0.00000000	      0.00000000	      0.00000000	      0.00000000	      0.00000000	      0.00000000	     -0.00000000
      9.00000000	    -42.72727291	      0.00000000	      0.03403532	      0.00000000	      0.04081958	      0.00000000	      0.06098920	      0.00000000	      0.06135038	      0.00000000	      0.05510983	      0.00000000	      0.03164234	      0.00000000	      0.04337779	      0.00000000	     -0.00000000	      0.00000000	     -0.00000000	      0.00000000	      0.00000000	      0.00000000	      0.00000000	      0.00000000	      0.00000000	      0.00000000	     -0.00009344	      0.00000000	      0.00028328	      0.00000000	     -0.03142959	      0.00000000	     -0.01466244	      0.00000000	      0.05127315	      0.00000000	     -0.04721270	      0.00000000	     -0.05293179	      0.00000000	     -0.04545677	      0.00000000	     -0.05226928	      0.00000000	     -0.05618525	      0.00000000	     -0.05162863	      0.00000000	      0.07282324	      0.00000000	     -0.01001565	      0.00000000	      0.00000000	      0.00000000	      0.00000000	      0.00000000	     -0.03318326	      0.00000000	     -0.00052959	      0.00000000	     -0.03668863	      0.00000000	     -0.05379260	      0.00000000	      0.03622976	      0.00000000	      0.05155033	      0.00000000	      0.00000000	      0.00000000	     -0.08581703	      0.00000000	      0.00000000	      0.00000000	     -0.00000000	      0.00000000	     -0.00000000	      0.00000000	     -0.00000000	      0.00000000	     -0.00000000
     10.00000000	    -41.91919210	      0.00000000	      0.03452145	      0.00000000	      0.04131613	      0.00000000	      0.06109254	      0.00000000	      0.06120720	      0.00000000	      0.05549419	      0.00000000	      0.03208336	      0.00000000	      0.04321901	      0.00000000	     -0.00000000	      0.00000000	      0.00000000	      0.00000000	      0.00000000	      0.00000000	      0.00000000	      0.00000000	      0.00000000	      0.00000000	     -0.00009344	      0.00000000	      0.00028328	      0.00000000	     -0.03121709	      0.00000000	     -0.01458167	      0.00000000	      0.05146752	      0.00000000	     -0.04767027	      0.00000000	     -0.05296335	      0.00000000	     -0.04531133	      0.00000000	     -0.05242301	      0.00000000	     -0.05610278	      0.00000000	     -0.05147627	      0.00000000	      0.07287794	      0.00000000	     -0.01003192	      0.00000000	      0.00000000	      0.00000000	     -0.00000000	      0.00000000	     -0.03309733	      0.00000000	     -0.00044596	      0.00000000	     -0.03639392	      0.00000000	     -0.05325325	      0.00000000	      0.03602013	      0.00000000	      0.05134072	      0.00000000	     -0.00000000	      0.00000000	     -0.08529794	      0.00000000	      0.00000000	      0.00000000	      0.00000000	      0.00000000	     -0.00000000	      0.00000000	      0.00000000	      0.00000000	      0.00000000
     11.00000000	    -41.11111129	      0.00000000	      0.03500404	      0.00000000	      0.04180907	      0.00000000	      0.06118471	      0.00000000	      0.06105070	      0.00000000	      0.05587313	      0.00000000	      0.03252263	      0.00000000	      0.04305094	      0.00000000	      0.00000000	      0.00000000	     -0.00000000	      0.00000000	     -0.00000000	      0.00000000	     -0.00000000	      0.00000000	      0.00000000	      0.00000000	     -0.00009344	      0.00000000	      0.00028328	      0.00000000	     -0.03100205	      0.00000000	     -0.01449866	      0.00000000	      0.05165492	      0.00000000	     -0.04810741	      0.00000000	     -0.05298377	      0.00000000	     -0.04516032	      0.00000000	     -0.05255897	      0.00000000	     -0.05601366	      0.00000000	     -0.05131974	      0.00000000	      0.07291847	      0.00000000	     -0.01003853	      0.00000000	      0.00000000	      0.00000000	      0.00000000	      0.00000000	     -0.03300676	      0.00000000	     -0.00035635	      0.00000000	     -0.03609314	      0.00000000	     -0.05270636	      0.00000000	      0.03580258	      0.00000000	      0.05111983	      0.00000000	     -0.00000000	      0.00000000	     -0.08477454	      0.00000000	     -0.00000000	      0.00000000	      0.00000000	      0.00000000	     -0.00000000	      0.00000000	     -0.00000000	      0.00000000	     -0.00000000
     12.00000000	    -40.30303047	      0.00000000	      0.03548525	      0.00000000	      0.04229652	      0.00000000	      0.06126555	      0.00000000	      0.06088082	      0.00000000	      0.05624457	      0.00000000	      0.03295897	      0.00000000	      0.04287356	      0.00000000	     -0.00000000	      0.00000000	     -0.00000000	      0.00000000	     -0.00000000	      0.00000000	     -0.00000000	      0.00000000	     -0.00000000	      0.00000000	     -0.00009344	      0.00000000	      0.00028328	      0.00000000	     -0.03078450	      0.00000000	     -0.01441342	      0.00000000	      0.05183523	      0.00000000	     -0.04852451	      0.00000000	     -0.05299331	      0.00000000	     -0.04500386	      0.00000000	     -0.05267810	      0.00000000	     -0.05591815	      0.00000000	     -0.05115914	      0.00000000	      0.07294470	      0.00000000	     -0.01003297	      0.00000000	     -0.00000000	      0.00000000	     -0.00000000	      0.00000000	     -0.03291165	      0.00000000	     -0.00026990	      0.00000000	     -0.03578637	      0.00000000	     -0.05215204	      0.00000000	      0.03557713	      0.00000000	      0.05088765	      0.00000000	     -0.00000000	      0.00000000	     -0.08424686	      0.00000000	      0.00000000	      0.00000000	     -0.00000000	      0.00000000	      0.00000000	      0.00000000	     -0.00000000	      0.00000000	     -0.00000000
     13.00000000	    -39.49494966	      0.00000000	      0.03596320	      0.00000000	      0.04277832	      0.00000000	      0.06133500	      0.00000000	      0.06069748	      0.00000000	      0.05661027	      0.00000000	      0.03339613	      0.00000000	      0.04268689	      0.00000000	     -0.00000000	      0.00000000	      0.00000000	      0.00000000	      0.00000000	      0.00000000	     -0.00000000	      0.00000000	      0.00000000	      0.00000000	     -0.00009344	      0.00000000	      0.00028328	      0.00000000	     -0.03056448	      0.00000000	     -0.01432601	      0.00000000	      0.05200831	      0.00000000	     -0.04892196	      0.00000000	     -0.05299220	      0.00000000	     -0.04484207	      0.00000000	     -0.05278127	      0.00000000	     -0.05581650	      0.00000000	     -0.05099456	      0.00000000	      0.07295653	      0.00000000	     -0.01000998	      0.00000000	      0.00000000	      0.00000000	     -0.00000000	      0.00000000	     -0.03281209	      0.00000000	     -0.00017607	      0.00000000	     -0.03547367	      0.00000000	     -0.05159041	      0.00000000	      0.03534402	      0.00000000	      0.05064417	      0.00000000	     -0.00000000	      0.00000000	     -0.08371493	      0.00000000	     -0.00000000	      0.00000000	      0.00000000	      0.00000000	     -0.00000000	      0.00000000	     -0.00000000	      0.00000000	      0.00000000
     14.00000000	    -38.68686885	      0.00000000	      0.03643822	      0.00000000	      0.04325516	      0.00000000	      0.06139292	      0.00000000	      0.06050063	      0.00000000	      0.05696889	      0.00000000	      0.03382830	      0.00000000	      0.04249090	      0.00000000	      0.00000000	      0.00000000	     -0.00000000	      0.00000000	     -0.00000000	      0.00000000	     -0.00000000	      0.00000000	     -0.00000000	      0.00000000	     -0.00009344	      0.00000000	      0.00028328	      0.00000000	     -0.03034204	      0.00000000	     -0.01423643	      0.00000000	      0.05217403	      0.00000000	     -0.04930017	      0.00000000	     -0.05298070	      0.00000000	     -0.04467506	      0.00000000	     -0.05286930	      0.00000000	     -0.05570895	      0.00000000	     -0.05082609	      0.00000000	      0.07295388	      0.00000000	     -0.00998585	      0.00000000	     -0.00000000	      0.00000000	     -0.00000000	      0.00000000	     -0.03270819	      0.00000000	     -0.00008056	      0.00000000	     -0.03515513	      0.00000000	     -0.05102158	      0.00000000	      0.03510283	      0.00000000	      0.05038962	      0.00000000	     -0.00000000	      0.00000000	     -0.08317877	      0.00000000	     -0.00000000	      0.00000000	     -0.00000000	      0.00000000	      0.00000000	      0.00000000	      0.00000000	      0.00000000	     -0.00000000
     15.00000000	    -37.87878804	      0.00000000	      0.03691118	      0.00000000	      0.04372641	      0.00000000	      0.06143915	      0.00000000	      0.06029020	      0.00000000	      0.05732084	      0.00000000	      0.03426106	      0.00000000	      0.04228562	      0.00000000	      0.00000000	      0.00000000	     -0.00000000	      0.00000000	     -0.00000000	      0.00000000	     -0.00000000	      0.00000000	     -0.00000000	      0.00000000	     -0.00009344	      0.00000000	      0.00028328	      0.00000000	     -0.03011721	      0.00000000	     -0.01414472	      0.00000000	      0.05233225	      0.00000000	     -0.04965953	      0.00000000	     -0.05295903	      0.00000000	     -0.04450294	      0.00000000	     -0.05294294	      0.00000000	     -0.05559569	      0.00000000	     -0.05065379	      0.00000000	      0.07293662	      0.00000000	     -0.00995337	      0.00000000	      0.00000000	      0.00000000	     -0.00000000	      0.00000000	     -0.03260002	      0.00000000	      0.00001672	      0.00000000	     -0.03483081	      0.00000000	     -0.05044567	      0.00000000	      0.03485380	      0.00000000	      0.05012355	      0.00000000	      0.00000000	      0.00000000	     -0.08263842	      0.00000000	      0.00000000	      0.00000000	     -0.00000000	      0.00000000	     -0.00000000	      0.00000000	     -0.00000000	      0.00000000	     -0.00000000
     16.00000000	    -37.07070722	      0.00000000	      0.03738142	      0.00000000	      0.04419238	      0.00000000	      0.06147361	      0.00000000	      0.06006613	      0.00000000	      0.05766640	      0.00000000	      0.03468926	      0.00000000	      0.04207104	      0.00000000	     -0.00000000	      0.00000000	     -0.00000000	      0.00000000	     -0.00000000	      0.00000000	      0.00000000	      0.00000000	      0.00000000	      0.00000000	     -0.00009344	      0.00000000	      0.00028328	      0.00000000	     -0.02989002	      0.00000000	     -0.01405091	      0.00000000	      0.05248283	      0.00000000	     -0.05000044	      0.00000000	     -0.05292744	      0.00000000	     -0.04432581	      0.00000000	     -0.05300289	      0.00000000	     -0.05547692	      0.00000000	     -0.05047775	      0.00000000	      0.07290467	      0.00000000	     -0.00990637	      0.00000000	      0.00000000	      0.00000000	      0.00000000	      0.00000000	     -0.03248767	      0.00000000	      0.00011041	      0.00000000	     -0.03450078	      0.00000000	     -0.04986277	      0.00000000	      0.03459697	      0.00000000	      0.04984618	      0.00000000	     -0.00000000	      0.00000000	     -0.08209390	      0.00000000	      0.00000000	      0.00000000	      0.00000000	      0.00000000	     -0.00000000	      0.00000000	      0.00000000	      0.00000000	     -0.00000000
     17.00000000	    -36.26262641	      0.00000000	      0.03784887	      0.00000000	      0.04465268	      0.00000000	      0.06149614	      0.00000000	      0.05982838	      0.00000000	      0.05800508	      0.00000000	      0.03511687	      0.00000000	      0.04184717	      0.00000000	      0.00000000	      0.00000000	     -0.00000000	      0.00000000	     -0.00000000	      0.00000000	     -0.00000000	      0.00000000	     -0.00000000	      0.00000000	     -0.00009344	      0.00000000	      0.00028328	      0.00000000	     -0.02966052	      0.00000000	     -0.01395502	      0.00000000	      0.05262562	      0.00000000	     -0.05032329	      0.00000000	     -0.05288614	      0.00000000	     -0.04414377	      0.00000000	     -0.05304982	      0.00000000	     -0.05535283	      0.00000000	     -0.05029804	      0.00000000	      0.07285792	      0.00000000	     -0.00985944	      0.00000000	     -0.00000000	      0.00000000	     -0.00000000	      0.00000000	     -0.03237123	      0.00000000	      0.00021118	      0.00000000	     -0.03416513	      0.00000000	     -0.04927301	      0.00000000	      0.03433234	      0.00000000	      0.04955753	      0.00000000	     -0.00000000	      0.00000000	     -0.08154525	      0.00000000	     -0.00000000	      0.00000000	     -0.00000000	      0.00000000	      0.00000000	      0.00000000	     -0.00000000	      0.00000000	      0.00000000
     18.00000000	    -35.45454560	      0.00000000	      0.03831348	      0.00000000	      0.04510732	      0.00000000	      0.06150663	      0.00000000	      0.05957686	      0.00000000	      0.05833677	      0.00000000	      0.03554237	      0.00000000	      0.04161402	      0.00000000	      0.00000000	      0.00000000	      0.00000000	      0.00000000	     -0.00000000	      0.00000000	     -0.00000000	      0.00000000	     -0.00000000	      0.00000000	     -0.00009344	      0.00000000	      0.00028328	      0.00000000	     -0.02942873	      0.00000000	     -0.01385709	      0.00000000	      0.05276048	      0.00000000	     -0.05062845	      0.00000000	     -0.05283534	      0.00000000	     -0.04395691	      0.00000000	     -0.05308433	      0.00000000	     -0.05522358	      0.00000000	     -0.05011472	      0.00000000	      0.07279629	      0.00000000	     -0.00980027	      0.00000000	      0.00000000	      0.00000000	     -0.00000000	      0.00000000	     -0.03225079	      0.00000000	      0.00031226	      0.00000000	     -0.03382392	      0.00000000	     -0.04867650	      0.00000000	      0.03405999	      0.00000000	      0.04925759	      0.00000000	     -0.00000000	      0.00000000	     -0.08099249	      0.00000000	     -0.00000000	      0.00000000	     -0.00000000	      0.00000000	      0.00000000	      0.00000000	      0.00000000	      0.00000000	      0.00000000
     19.00000000	    -34.64646478	      0.00000000	      0.03877518	      0.00000000	      0.04555629	      0.00000000	      0.06150496	      0.00000000	      0.05931155	      0.00000000	      0.05866135	      0.00000000	      0.03596569	      0.00000000	      0.04137160	      0.00000000	     -0.00000000	      0.00000000	      0.00000000	      0.00000000	      0.00000000	      0.00000000	     -0.00000000	      0.00000000	     -0.00000000	      0.00000000	     -0.00009344	      0.00000000	      0.00028328	      0.00000000	     -0.02919469	      0.00000000	     -0.01375714	      0.00000000	      0.05288726	      0.00000000	     -0.05091632	      0.00000000	     -0.05277526	      0.00000000	     -0.04376533	      0.00000000	     -0.05310699	      0.00000000	     -0.05508931	      0.00000000	     -0.04992786	      0.00000000	      0.07271968	      0.00000000	     -0.00973480	      0.00000000	      0.00000000	      0.00000000	      0.00000000	      0.00000000	     -0.03212641	      0.00000000	      0.00041430	      0.00000000	     -0.03347723	      0.00000000	     -0.04807334	      0.00000000	      0.03378019	      0.00000000	      0.04894637	      0.00000000	     -0.00000000	      0.00000000	     -0.08043566	      0.00000000	      0.00000000	      0.00000000	      0.00000000	      0.00000000	      0.00000000	      0.00000000	     -0.00000000	      0.00000000	     -0.00000000
     20.00000000	    -33.83838397	      0.00000000	      0.03923391	      0.00000000	      0.04599932	      0.00000000	      0.06149100	      0.00000000	      0.05903239	      0.00000000	      0.05897870	      0.00000000	      0.03638677	      0.00000000	      0.04111992	      0.00000000	     -0.00000000	      0.00000000	      0.00000000	      0.00000000	      0.00000000	      0.00000000	     -0.00000000	      0.00000000	     -0.00000000	      0.00000000	     -0.00009344	      0.00000000	      0.00028328	      0.00000000	     -0.02895843	      0.00000000	     -0.01365520	      0.00000000	      0.05300580	      0.00000000	     -0.05118727	      0.00000000	     -0.05270609	      0.00000000	     -0.04356913	      0.00000000	     -0.05311833	      0.00000000	     -0.05495019	      0.00000000	     -0.04973751	      0.00000000	      0.07262800	      0.00000000	     -0.00966389	      0.00000000	     -0.00000000	      0.00000000	     -0.00000000	      0.00000000	     -0.03199817	      0.00000000	      0.00051719	      0.00000000	     -0.03312513	      0.00000000	     -0.04746365	      0.00000000	      0.03349246	      0.00000000	      0.04862418	      0.00000000	     -0.00000000	      0.00000000	     -0.07987477	      0.00000000	     -0.00000000	      0.00000000	     -0.00000000	      0.00000000	      0.00000000	      0.00000000	     -0.00000000	      0.00000000	      0.00000000
     21.00000000	    -33.03030316	      0.00000000	      0.03968962	      0.00000000	      0.04643715	      0.00000000	      0.06146463	      0.00000000	      0.05873934	      0.00000000	      0.05928870	      0.00000000	      0.03680558	      0.00000000	      0.04085900	      0.00000000	     -0.00000000	      0.00000000	     -0.00000000	      0.00000000	     -0.00000000	      0.00000000	      0.00000000	      0.00000000	      0.00000000	      0.00000000	     -0.00009344	      0.00000000	      0.00028328	      0.00000000	     -0.02872000	      0.00000000	     -0.01355129	      0.00000000	      0.05311593	      0.00000000	     -0.05144167	      0.00000000	     -0.05262804	      0.00000000	     -0.04336838	      0.00000000	     -0.05311884	      0.00000000	     -0.05480634	      0.00000000	     -0.04954374	      0.00000000	      0.07252116	      0.00000000	     -0.00959530	      0.00000000	      0.00000000	      0.00000000	      0.00000000	      0.00000000	     -0.03186616	      0.00000000	      0.00061566	      0.00000000	     -0.03276770	      0.00000000	     -0.04684754	      0.00000000	      0.03319709	      0.00000000	      0.04829048	      0.00000000	     -0.00000000	      0.00000000	     -0.07930987	      0.00000000	     -0.00000000	      0.00000000	     -0.00000000	      0.00000000	     -0.00000000	      0.00000000	     -0.00000000	      0.00000000	     -0.00000000
     22.00000000	    -32.22222234	      0.00000000	      0.04014224	      0.00000000	      0.04686826	      0.00000000	      0.06142572	      0.00000000	      0.05843236	      0.00000000	      0.05959123	      0.00000000	      0.03722204	      0.00000000	      0.04058887	      0.00000000	      0.00000000	      0.00000000	     -0.00000000	      0.00000000	     -0.00000000	      0.00000000	      0.00000000	      0.00000000	      0.00000000	      0.00000000	     -0.00009344	      0.00000000	      0.00028328	      0.00000000	     -0.02847941	      0.00000000	     -0.01344545	      0.00000000	      0.05321750	      0.00000000	     -0.05167989	      0.00000000	     -0.05254130	      0.00000000	     -0.04316318	      0.00000000	     -0.05310899	      0.00000000	     -0.05465788	      0.00000000	     -0.04934659	      0.00000000	      0.07239908	      0.00000000	     -0.00951533	      0.00000000	      0.00000000	      0.00000000	     -0.00000000	      0.00000000	     -0.03173044	      0.00000000	      0.00071982	      0.00000000	     -0.03240501	      0.00000000	     -0.04622511	      0.00000000	      0.03289412	      0.00000000	      0.04794555	      0.00000000	      0.00000000	      0.00000000	     -0.07874098	      0.00000000	      0.00000000	      0.00000000	     -0.00000000	      0.00000000	     -0.00000000	      0.00000000	     -0.00000000	      0.00000000	     -0.00000000
     23.00000000	    -31.41414153	      0.00000000	      0.04059189	      0.00000000	      0.04729314	      0.00000000	      0.06137417	      0.00000000	      0.05811140	      0.00000000	      0.05988616	      0.00000000	      0.03763611	      0.00000000	      0.04030954	      0.00000000	     -0.00000000	      0.00000000	      0.00000000	      0.00000000	      0.00000000	      0.00000000	      0.00000000	      0.00000000	      0.00000000	      0.00000000	     -0.00009344	      0.00000000	      0.00028328	      0.00000000	     -0.02823670	      0.00000000	     -0.01333769	      0.00000000	      0.05331033	      0.00000000	     -0.05190228	      0.00000000	     -0.05244604	      0.00000000	     -0.04295360	      0.00000000	     -0.05308921	      0.00000000	     -0.05450493	      0.00000000	     -0.04914613	      0.00000000	      0.07226167	      0.00000000	     -0.00943136	      0.00000000	      0.00000000	      0.00000000	      0.00000000	      0.00000000	     -0.03159108	      0.00000000	      0.00082445	      0.00000000	     -0.03203714	      0.00000000	     -0.04559648	      0.00000000	      0.03258361	      0.00000000	      0.04758944	      0.00000000	     -0.00000000	      0.00000000	     -0.07816812	      0.00000000	      0.00000000	      0.00000000	      0.00000000	      0.00000000	     -0.00000000	      0.00000000	      0.00000000	      0.00000000	     -0.00000000
     24.00000000	    -30.60606072	      0.00000000	      0.04103814	      0.00000000	      0.04771177	      0.00000000	      0.06130983	      0.00000000	      0.05777645	      0.00000000	      0.06017336	      0.00000000	      0.03804773	      0.00000000	      0.04002103	      0.00000000	      0.00000000	      0.00000000	     -0.00000000	      0.00000000	      0.00000000	      0.00000000	      0.00000000	      0.00000000	      0.00000000	      0.00000000	     -0.00009344	      0.00000000	      0.00028328	      0.00000000	     -0.02799191	      0.00000000	     -0.01322806	      0.00000000	      0.05339426	      0.00000000	     -0.05210920	      0.00000000	     -0.05234246	      0.00000000	     -0.04273973	      0.00000000	     -0.05305990	      0.00000000	     -0.05434760	      0.00000000	     -0.04894239	      0.00000000	      0.07210885	      0.00000000	     -0.00934516	      0.00000000	     -0.00000000	      0.00000000	      0.00000000	      0.00000000	     -0.03144816	      0.00000000	      0.00092945	      0.00000000	     -0.03166415	      0.00000000	     -0.04496175	      0.00000000	      0.03226586	      0.00000000	      0.04722215	      0.00000000	      0.00000000	      0.00000000	     -0.07759134	      0.00000000	     -0.00000000	      0.00000000	      0.00000000	      0.00000000	      0.00000000	      0.00000000	      0.00000000	      0.00000000	      0.00000000
     25.00000000	    -29.79797991	      0.00000000	      0.04147954	      0.00000000	      0.04812407	      0.00000000	      0.06123258	      0.00000000	      0.05742746	      0.00000000	      0.06045270	      0.00000000	      0.03845686	      0.00000000	      0.03972338	      0.00000000	      0.00000000	      0.00000000	     -0.00000000	      0.00000000	      0.00000000	      0.00000000	      0.00000000	      0.00000000	     -0.00000000	      0.00000000	     -0.00009344	      0.00000000	      0.00028328	      0.00000000	     -0.02774506	      0.00000000	     -0.01311657	      0.00000000	      0.05346910	      0.00000000	     -0.05230098	      0.00000000	     -0.05223072	      0.00000000	     -0.04252164	      0.00000000	     -0.05302144	      0.00000000	     -0.05418599	      0.00000000	     -0.04873544	      0.00000000	      0.07194054	      0.00000000	     -0.00925413	      0.00000000	      0.00000000	      0.00000000	     -0.00000000	      0.00000000	     -0.03130173	      0.00000000	      0.00103469	      0.00000000	     -0.03128614	      0.00000000	     -0.04432103	      0.00000000	      0.03194037	      0.00000000	      0.04684406	      0.00000000	      0.00000000	      0.00000000	     -0.07701066	      0.00000000	      0.00000000	      0.00000000	     -0.00000000	      0.00000000	     -0.00000000	      0.00000000	      0.00000000	      0.00000000	     -0.00000000
     26.00000000	    -28.98989909	      0.00000000	      0.04191917	      0.00000000	      0.04852985	      0.00000000	      0.06114232	      0.00000000	      0.05706438	      0.00000000	      0.06072404	      0.00000000	      0.03886342	      0.00000000	      0.03941662	      0.00000000	      0.00000000	      0.00000000	     -0.00000000	      0.00000000	     -0.00000000	      0.00000000	      0.00000000	      0.00000000	     -0.00000000	      0.00000000	     -0.00009344	      0.00000000	      0.00028328	      0.00000000	     -0.02749619	      0.00000000	     -0.01300325	      0.00000000	      0.05353467	      0.00000000	     -0.05247798	      0.00000000	     -0.05211099	      0.00000000	     -0.04229942	      0.00000000	     -0.05297418	      0.00000000	     -0.05402020	      0.00000000	     -0.04852531	      0.00000000	      0.07175668	      0.00000000	     -0.00916022	      0.00000000	     -0.00000000	      0.00000000	      0.00000000	      0.00000000	     -0.03115186	      0.00000000	      0.00114008	      0.00000000	     -0.03090316	      0.00000000	     -0.04367443	      0.00000000	      0.03160749	      0.00000000	      0.04645454	      0.00000000	     -0.00000000	      0.00000000	     -0.07642611	      0.00000000	     -0.00000000	      0.00000000	     -0.00000000	      0.00000000	      0.00000000	      0.00000000	     -0.00000000	      0.00000000	     -0.00000000
     27.00000000	    -28.18181828	      0.00000000	      0.04235540	      0.00000000	      0.04892920	      0.00000000	      0.06103892	      0.00000000	      0.05668725	      0.00000000	      0.06098726	      0.00000000	      0.03926738	      0.00000000	      0.03910077	      0.00000000	     -0.00000000	      0.00000000	     -0.00000000	      0.00000000	      0.00000000	      0.00000000	     -0.00000000	      0.00000000	     -0.00000000	      0.00000000	     -0.00009344	      0.00000000	      0.00028328	      0.00000000	     -0.02724532	      0.00000000	     -0.01288812	      0.00000000	      0.05359080	      0.00000000	     -0.05264051	      0.00000000	     -0.05198345	      0.00000000	     -0.04207312	      0.00000000	     -0.05291846	      0.00000000	     -0.05385032	      0.00000000	     -0.04831205	      0.00000000	      0.07155717	      0.00000000	     -0.00906323	      0.00000000	      0.00000000	      0.00000000	     -0.00000000	      0.00000000	     -0.03099861	      0.00000000	      0.00124553	      0.00000000	     -0.03051531	      0.00000000	     -0.04302207	      0.00000000	      0.03126777	      0.00000000	      0.04605396	      0.00000000	      0.00000000	      0.00000000	     -0.07583772	      0.00000000	     -0.00000000	      0.00000000	     -0.00000000	      0.00000000	      0.00000000	      0.00000000	     -0.00000000	      0.00000000	     -0.00000000
     28.00000000	    -27.37373747	      0.00000000	      0.04278815	      0.00000000	      0.04932181	      0.00000000	      0.06092229	      0.00000000	      0.05629600	      0.00000000	      0.06124221	      0.00000000	      0.03966866	      0.00000000	      0.03877587	      0.00000000	     -0.00000000	      0.00000000	      0.00000000	      0.00000000	      0.00000000	      0.00000000	      0.00000000	      0.00000000	      0.00000000	      0.00000000	     -0.00009344	      0.00000000	      0.00028328	      0.00000000	     -0.02699248	      0.00000000	     -0.01277122	      0.00000000	      0.05363728	      0.00000000	     -0.05278891	      0.00000000	     -0.05184824	      0.00000000	     -0.04184284	      0.00000000	     -0.05285459	      0.00000000	     -0.05367643	      0.00000000	     -0.04809569	      0.00000000	      0.07134196	      0.00000000	     -0.00896361	      0.00000000	      0.00000000	      0.00000000	      0.00000000	      0.00000000	     -0.03084205	      0.00000000	      0.00135093	      0.00000000	     -0.03012264	      0.00000000	     -0.04236403	      0.00000000	      0.03092022	      0.00000000	      0.04564236	      0.00000000	      0.00000000	      0.00000000	     -0.07524553	      0.00000000	      0.00000000	      0.00000000	     -0.00000000	      0.00000000	     -0.00000000	      0.00000000	     -0.00000000	      0.00000000	     -0.00000000
     29.00000000	    -26.56565665	      0.00000000	      0.04321736	      0.00000000	      0.04970830	      0.00000000	      0.06079202	      0.00000000	      0.05589065	      0.00000000	      0.06148875	      0.00000000	      0.04006722	      0.00000000	      0.03844196	      0.00000000	      0.00000000	      0.00000000	      0.00000000	      0.00000000	      0.00000000	      0.00000000	      0.00000000	      0.00000000	      0.00000000	      0.00000000	     -0.00009344	      0.00000000	      0.00028328	      0.00000000	     -0.02673771	      0.00000000	     -0.01265257	      0.00000000	      0.05367392	      0.00000000	     -0.05292349	      0.00000000	     -0.05170552	      0.00000000	     -0.04160862	      0.00000000	     -0.05278286	      0.00000000	     -0.05349861	      0.00000000	     -0.04787629	      0.00000000	      0.07111098	      0.00000000	     -0.00886072	      0.00000000	      0.00000000	      0.00000000	      0.00000000	      0.00000000	     -0.03068224	      0.00000000	      0.00145889	      0.00000000	     -0.02972525	      0.00000000	     -0.04170044	      0.00000000	      0.03056542	      0.00000000	      0.04522015	      0.00000000	      0.00000000	      0.00000000	     -0.07464956	      0.00000000	     -0.00000000	      0.00000000	      0.00000000	      0.00000000	      0.00000000	      0.00000000	      0.00000000	      0.00000000	      0.00000000
     30.00000000	    -25.75757584	      0.00000000	      0.04364297	      0.00000000	      0.05008720	      0.00000000	      0.06064849	      0.00000000	      0.05547120	      0.00000000	      0.06172673	      0.00000000	      0.04046300	      0.00000000	      0.03809908	      0.00000000	      0.00000000	      0.00000000	      0.00000000	      0.00000000	      0.00000000	      0.00000000	      0.00000000	      0.00000000	      0.00000000	      0.00000000	     -0.00009344	      0.00000000	      0.00028328	      0.00000000	     -0.02648104	      0.00000000	     -0.01253220	      0.00000000	      0.05370052	      0.00000000	     -0.05304456	      0.00000000	     -0.05155545	      0.00000000	     -0.04137055	      0.00000000	     -0.05270354	      0.00000000	     -0.05331693	      0.00000000	     -0.04765389	      0.00000000	      0.07086417	      0.00000000	     -0.00875719	      0.00000000	     -0.00000000	      0.00000000	     -0.00000000	      0.00000000	     -0.03051922	      0.00000000	      0.00156161	      0.00000000	     -0.02932320	      0.00000000	     -0.04103139	      0.00000000	      0.03020344	      0.00000000	      0.04478665	      0.00000000	     -0.00000000	      0.00000000	     -0.07404984	      0.00000000	      0.00000000	      0.00000000	      0.00000000	      0.00000000	      0.00000000	      0.00000000	      0.00000000	      0.00000000	      0.00000000
     31.00000000	    -24.94949503	      0.00000000	      0.04406490	      0.00000000	      0.05045907	      0.00000000	      0.06049135	      0.00000000	      0.05503752	      0.00000000	      0.06195602	      0.00000000	      0.04085594	      0.00000000	      0.03774727	      0.00000000	     -0.00000000	      0.00000000	      0.00000000	      0.00000000	      0.00000000	      0.00000000	      0.00000000	      0.00000000	     -0.00000000	      0.00000000	     -0.00009344	      0.00000000	      0.00028328	      0.00000000	     -0.02622248	      0.00000000	     -0.01241013	      0.00000000	      0.05371687	      0.00000000	     -0.05315243	      0.00000000	     -0.05139817	      0.00000000	     -0.04112868	      0.00000000	     -0.05261689	      0.00000000	     -0.05313148	      0.00000000	     -0.04742851	      0.00000000	      0.07060146	      0.00000000	     -0.00865100	      0.00000000	      0.00000000	      0.00000000	      0.00000000	      0.00000000	     -0.03035307	      0.00000000	      0.00166634	      0.00000000	     -0.02891656	      0.00000000	     -0.04035700	      0.00000000	      0.02983471	      0.00000000	      0.04434228	      0.00000000	      0.00000000	      0.00000000	     -0.07344640	      0.00000000	      0.00000000	      0.00000000	      0.00000000	      0.00000000	     -0.00000000	      0.00000000	      0.00000000	      0.00000000	     -0.00000000
     32.00000000	    -24.14141422	      0.00000000	      0.04448356	      0.00000000	      0.05082432	      0.00000000	      0.06032050	      0.00000000	      0.05458977	      0.00000000	      0.06217645	      0.00000000	      0.04124745	      0.00000000	      0.03738659	      0.00000000	     -0.00000000	      0.00000000	      0.00000000	      0.00000000	      0.00000000	      0.00000000	      0.00000000	      0.00000000	      0.00000000	      0.00000000	     -0.00009344	      0.00000000	      0.00028328	      0.00000000	     -0.02596207	      0.00000000	     -0.01228638	      0.00000000	      0.05372277	      0.00000000	     -0.05324738	      0.00000000	     -0.05123382	      0.00000000	     -0.04088309	      0.00000000	     -0.05252316	      0.00000000	     -0.05294230	      0.00000000	     -0.04720019	      0.00000000	      0.07032302	      0.00000000	     -0.00854301	      0.00000000	      0.00000000	      0.00000000	      0.00000000	      0.00000000	     -0.03018382	      0.00000000	      0.00177069	      0.00000000	     -0.02850543	      0.00000000	     -0.03967737	      0.00000000	      0.02945854	      0.00000000	      0.04388749	      0.00000000	      0.00000000	      0.00000000	     -0.07283928	      0.00000000	      0.00000000	      0.00000000	      0.00000000	      0.00000000	     -0.00000000	      0.00000000	      0.00000000	      0.00000000	      0.00000000
     33.00000000	    -23.33333340	      0.00000000	      0.04489753	      0.00000000	      0.05118243	      0.00000000	      0.06013583	      0.00000000	      0.05412790	      0.00000000	      0.06238787	      0.00000000	      0.04163452	      0.00000000	      0.03701707	      0.00000000	      0.00000000	      0.00000000	      0.00000000	      0.00000000	      0.00000000	      0.00000000	      0.00000000	      0.00000000	      0.00000000	      0.00000000	     -0.00009344	      0.00000000	      0.00028328	      0.00000000	     -0.02569983	      0.00000000	     -0.01216099	      0.00000000	      0.05371799	      0.00000000	     -0.05332970	      0.00000000	     -0.05106254	      0.00000000	     -0.04063383	      0.00000000	     -0.05242257	      0.00000000	     -0.05274948	      0.00000000	     -0.04696898	      0.00000000	      0.07002841	      0.00000000	     -0.00843339	      0.00000000	      0.00000000	      0.00000000	      0.00000000	      0.00000000	     -0.03001155	      0.00000000	      0.00187966	      0.00000000	     -0.02808987	      0.00000000	     -0.03899261	      0.00000000	      0.02907538	      0.00000000	      0.04342154	      0.00000000	      0.00000000	      0.00000000	     -0.07222851	      0.00000000	      0.00000000	      0.00000000	      0.00000000	      0.00000000	     -0.00000000	      0.00000000	     -0.00000000	      0.00000000	      0.00000000
     34.00000000	    -22.52525259	      0.00000000	      0.04530727	      0.00000000	      0.05153328	      0.00000000	      0.05993722	      0.00000000	      0.05365193	      0.00000000	      0.06259014	      0.00000000	      0.04201858	      0.00000000	      0.03663878	      0.00000000	     -0.00000000	      0.00000000	      0.00000000	      0.00000000	     -0.00000000	      0.00000000	      0.00000000	      0.00000000	      0.00000000	      0.00000000	     -0.00009344	      0.00000000	      0.00028328	      0.00000000	     -0.02543580	      0.00000000	     -0.01203398	      0.00000000	      0.05370231	      0.00000000	     -0.05339968	      0.00000000	     -0.05088447	      0.00000000	     -0.04038096	      0.00000000	     -0.05231534	      0.00000000	     -0.05255306	      0.00000000	     -0.04673490	      0.00000000	      0.06971768	      0.00000000	     -0.00832229	      0.00000000	      0.00000000	      0.00000000	      0.00000000	      0.00000000	     -0.02983629	      0.00000000	      0.00198291	      0.00000000	     -0.02766996	      0.00000000	     -0.03830281	      0.00000000	      0.02868529	      0.00000000	      0.04294491	      0.00000000	      0.00000000	      0.00000000	     -0.07161411	      0.00000000	     -0.00000000	      0.00000000	      0.00000000	      0.00000000	      0.00000000	      0.00000000	     -0.00000000	      0.00000000	     -0.00000000
     35.00000000	    -21.71717178	      0.00000000	      0.04571426	      0.00000000	      0.05187679	      0.00000000	      0.05972453	      0.00000000	      0.05316172	      0.00000000	      0.06278308	      0.00000000	      0.04239956	      0.00000000	      0.03625176	      0.00000000	     -0.00000000	      0.00000000	     -0.00000000	      0.00000000	     -0.00000000	      0.00000000	      0.00000000	      0.00000000	      0.00000000	      0.00000000	     -0.00009344	      0.00000000	      0.00028328	      0.00000000	     -0.02517000	      0.00000000	     -0.01190537	      0.00000000	      0.05367552	      0.00000000	     -0.05345759	      0.00000000	     -0.05069973	      0.00000000	     -0.04012454	      0.00000000	     -0.05220167	      0.00000000	     -0.05235312	      0.00000000	     -0.04649799	      0.00000000	      0.06939088	      0.00000000	     -0.00820989	      0.00000000	     -0.00000000	      0.00000000	     -0.00000000	      0.00000000	     -0.02965810	      0.00000000	      0.00208552	      0.00000000	     -0.02724577	      0.00000000	     -0.03760810	      0.00000000	      0.02828835	      0.00000000	      0.04245806	      0.00000000	     -0.00000000	      0.00000000	     -0.07099612	      0.00000000	     -0.00000000	      0.00000000	     -0.00000000	      0.00000000	      0.00000000	      0.00000000	      0.00000000	      0.00000000	      0.00000000
     36.00000000	    -20.90909096	      0.00000000	      0.04611799	      0.00000000	      0.05221283	      0.00000000	      0.05949774	      0.00000000	      0.05265752	      0.00000000	      0.06296653	      0.00000000	      0.04277688	      0.00000000	      0.03585607	      0.00000000	      0.00000000	      0.00000000	     -0.00000000	      0.00000000	     -0.00000000	      0.00000000	     -0.00000000	      0.00000000	     -0.00000000	      0.00000000	     -0.00009344	      0.00000000	      0.00028328	      0.00000000	     -0.02490246	      0.00000000	     -0.01177519	      0.00000000	      0.05363736	      0.00000000	     -0.05350370	      0.00000000	     -0.05050846	      0.00000000	     -0.03986464	      0.00000000	     -0.05208175	      0.00000000	     -0.05214969	      0.00000000	     -0.04625828	      0.00000000	      0.06904794	      0.00000000	     -0.00808999	      0.00000000	     -0.00000000	      0.00000000	     -0.00000000	      0.00000000	     -0.02947703	      0.00000000	      0.00218260	      0.00000000	     -0.02681738	      0.00000000	     -0.03690856	      0.00000000	      0.02788464	      0.00000000	      0.04196024	      0.00000000	     -0.00000000	      0.00000000	     -0.07037458	      0.00000000	     -0.00000000	      0.00000000	      0.00000000	      0.00000000	      0.00000000	      0.00000000	      0.00000000	      0.00000000	      0.00000000
     37.00000000	    -20.10101015	      0.00000000	      0.04651616	      0.00000000	      0.05254131	      0.00000000	      0.05925670	      0.00000000	      0.05213925	      0.00000000	      0.06314033	      0.00000000	      0.04315245	      0.00000000	      0.03545179	      0.00000000	     -0.00000000	      0.00000000	      0.00000000	      0.00000000	     -0.00000000	      0.00000000	      0.00000000	      0.00000000	      0.00000000	      0.00000000	     -0.00009344	      0.00000000	      0.00028328	      0.00000000	     -0.02463320	      0.00000000	     -0.01164346	      0.00000000	      0.05358761	      0.00000000	     -0.05353826	      0.00000000	     -0.05031077	      0.00000000	     -0.03960130	      0.00000000	     -0.05195577	      0.00000000	     -0.05194283	      0.00000000	     -0.04601581	      0.00000000	      0.06868883	      0.00000000	     -0.00797475	      0.00000000	      0.00000000	      0.00000000	      0.00000000	      0.00000000	     -0.02929313	      0.00000000	      0.00228376	      0.00000000	     -0.02638488	      0.00000000	     -0.03620430	      0.00000000	      0.02747422	      0.00000000	      0.04145196	      0.00000000	      0.00000000	      0.00000000	     -0.06974951	      0.00000000	     -0.00000000	      0.00000000	      0.00000000	      0.00000000	      0.00000000	      0.00000000	      0.00000000	      0.00000000	     -0.00000000
     38.00000000	    -19.29292934	      0.00000000	      0.04691040	      0.00000000	      0.05286214	      0.00000000	      0.05900133	      0.00000000	      0.05160694	      0.00000000	      0.06330432	      0.00000000	      0.04352355	      0.00000000	      0.03503896	      0.00000000	      0.00000000	      0.00000000	     -0.00000000	      0.00000000	     -0.00000000	      0.00000000	     -0.00000000	      0.00000000	     -0.00000000	      0.00000000	     -0.00009344	      0.00000000	      0.00028328	      0.00000000	     -0.02436225	      0.00000000	     -0.01151021	      0.00000000	      0.05352602	      0.00000000	     -0.05356153	      0.00000000	     -0.05010679	      0.00000000	     -0.03933459	      0.00000000	     -0.05182389	      0.00000000	     -0.05173260	      0.00000000	     -0.04577059	      0.00000000	      0.06831350	      0.00000000	     -0.00786011	      0.00000000	      0.00000000	      0.00000000	     -0.00000000	      0.00000000	     -0.02910644	      0.00000000	      0.00238404	      0.00000000	     -0.02594832	      0.00000000	     -0.03549544	      0.00000000	      0.02705719	      0.00000000	      0.04093370	      0.00000000	     -0.00000000	      0.00000000	     -0.06912094	      0.00000000	     -0.00000000	      0.00000000	      0.00000000	      0.00000000	     -0.00000000	      0.00000000	      0.00000000	      0.00000000	      0.00000000
     39.00000000	    -18.48484852	      0.00000000	      0.04730039	      0.00000000	      0.05317517	      0.00000000	      0.05873145	      0.00000000	      0.05106060	      0.00000000	      0.06345830	      0.00000000	      0.04389087	      0.00000000	      0.03461766	      0.00000000	     -0.00000000	      0.00000000	     -0.00000000	      0.00000000	      0.00000000	      0.00000000	      0.00000000	      0.00000000	     -0.00000000	      0.00000000	     -0.00009344	      0.00000000	      0.00028328	      0.00000000	     -0.02408963	      0.00000000	     -0.01137547	      0.00000000	      0.05345234	      0.00000000	     -0.05357376	      0.00000000	     -0.04989663	      0.00000000	     -0.03906455	      0.00000000	     -0.05168629	      0.00000000	     -0.05151905	      0.00000000	     -0.04552267	      0.00000000	      0.06792194	      0.00000000	     -0.00774411	      0.00000000	     -0.00000000	      0.00000000	     -0.00000000	      0.00000000	     -0.02891701	      0.00000000	      0.00248838	      0.00000000	     -0.02550780	      0.00000000	     -0.03478206	      0.00000000	      0.02663361	      0.00000000	      0.04040515	      0.00000000	     -0.00000000	      0.00000000	     -0.06848891	      0.00000000	     -0.00000000	      0.00000000	     -0.00000000	      0.00000000	     -0.00000000	      0.00000000	     -0.00000000	      0.00000000	     -0.00000000
     40.00000000	    -17.67676771	      0.00000000	      0.04768607	      0.00000000	      0.05348031	      0.00000000	      0.05844710	      0.00000000	      0.05050030	      0.00000000	      0.06360211	      0.00000000	      0.04425696	      0.00000000	      0.03418795	      0.00000000	      0.00000000	      0.00000000	     -0.00000000	      0.00000000	      0.00000000	      0.00000000	     -0.00000000	      0.00000000	      0.00000000	      0.00000000	     -0.00009344	      0.00000000	      0.00028328	      0.00000000	     -0.02381538	      0.00000000	     -0.01123925	      0.00000000	      0.05336631	      0.00000000	     -0.05357518	      0.00000000	     -0.04968041	      0.00000000	     -0.03879124	      0.00000000	     -0.05154310	      0.00000000	     -0.05130220	      0.00000000	     -0.04527207	      0.00000000	      0.06751412	      0.00000000	     -0.00762131	      0.00000000	      0.00000000	      0.00000000	     -0.00000000	      0.00000000	     -0.02872489	      0.00000000	      0.00258660	      0.00000000	     -0.02506339	      0.00000000	     -0.03406429	      0.00000000	      0.02620358	      0.00000000	      0.03986591	      0.00000000	      0.00000000	      0.00000000	     -0.06785345	      0.00000000	      0.00000000	      0.00000000	     -0.00000000	      0.00000000	     -0.00000000	      0.00000000	     -0.00000000	      0.00000000	     -0.00000000
     41.00000000	    -16.86868690	      0.00000000	      0.04806734	      0.00000000	      0.05377730	      0.00000000	      0.05814812	      0.00000000	      0.04992611	      0.00000000	      0.06373557	      0.00000000	      0.04461814	      0.00000000	      0.03374992	      0.00000000	      0.00000000	      0.00000000	      0.00000000	      0.00000000	      0.00000000	      0.00000000	      0.00000000	      0.00000000	      0.00000000	      0.00000000	     -0.00009344	      0.00000000	      0.00028328	      0.00000000	     -0.02353951	      0.00000000	     -0.01110159	      0.00000000	      0.05326768	      0.00000000	     -0.05356603	      0.00000000	     -0.04945823	      0.00000000	     -0.03851472	      0.00000000	     -0.05139448	      0.00000000	     -0.05108212	      0.00000000	     -0.04501883	      0.00000000	      0.06709002	      0.00000000	     -0.00750427	      0.00000000	      0.00000000	      0.00000000	      0.00000000	      0.00000000	     -0.02853011	      0.00000000	      0.00268371	      0.00000000	     -0.02461517	      0.00000000	     -0.03334220	      0.00000000	      0.02576718	      0.00000000	      0.03931750	      0.00000000	      0.00000000	      0.00000000	     -0.06721459	      0.00000000	      0.00000000	      0.00000000	      0.00000000	      0.00000000	     -0.00000000	      0.00000000	      0.00000000	      0.00000000	      0.00000000
     42.00000000	    -16.06060609	      0.00000000	      0.04844414	      0.00000000	      0.05406634	      0.00000000	      0.05783436	      0.00000000	      0.04933794	      0.00000000	      0.06385849	      0.00000000	      0.04497580	      0.00000000	      0.03330363	      0.00000000	      0.00000000	      0.00000000	      0.00000000	      0.00000000	     -0.00000000	      0.00000000	      0.00000000	      0.00000000	      0.00000000	      0.00000000	     -0.00009344	      0.00000000	      0.00028328	      0.00000000	     -0.02326205	      0.00000000	     -0.01096251	      0.00000000	      0.05315617	      0.00000000	     -0.05354653	      0.00000000	     -0.04923022	      0.00000000	     -0.03823502	      0.00000000	     -0.05124057	      0.00000000	     -0.05085885	      0.00000000	     -0.04476296	      0.00000000	      0.06664962	      0.00000000	     -0.00738711	      0.00000000	      0.00000000	      0.00000000	      0.00000000	      0.00000000	     -0.02833273	      0.00000000	      0.00277962	      0.00000000	     -0.02416321	      0.00000000	     -0.03261592	      0.00000000	      0.02532450	      0.00000000	      0.03875759	      0.00000000	      0.00000000	      0.00000000	     -0.06657236	      0.00000000	      0.00000000	      0.00000000	      0.00000000	      0.00000000	     -0.00000000	      0.00000000	     -0.00000000	      0.00000000	     -0.00000000
     43.00000000	    -15.25252527	      0.00000000	      0.04881638	      0.00000000	      0.05434716	      0.00000000	      0.05750587	      0.00000000	      0.04873604	      0.00000000	      0.06397068	      0.00000000	      0.04532986	      0.00000000	      0.03284917	      0.00000000	      0.00000000	      0.00000000	     -0.00000000	      0.00000000	      0.00000000	      0.00000000	      0.00000000	      0.00000000	      0.00000000	      0.00000000	     -0.00009344	      0.00000000	      0.00028328	      0.00000000	     -0.02298303	      0.00000000	     -0.01082202	      0.00000000	      0.05303151	      0.00000000	     -0.05351690	      0.00000000	     -0.04899646	      0.00000000	     -0.03795220	      0.00000000	     -0.05108150	      0.00000000	     -0.05063241	      0.00000000	     -0.04450449	      0.00000000	      0.06619329	      0.00000000	     -0.00726363	      0.00000000	      0.00000000	      0.00000000	     -0.00000000	      0.00000000	     -0.02813279	      0.00000000	      0.00287926	      0.00000000	     -0.02370758	      0.00000000	     -0.03188555	      0.00000000	      0.02487563	      0.00000000	      0.03818910	      0.00000000	      0.00000000	      0.00000000	     -0.06592680	      0.00000000	      0.00000000	      0.00000000	      0.00000000	      0.00000000	      0.00000000	      0.00000000	      0.00000000	      0.00000000	      0.00000000
     44.00000000	    -14.44444446	      0.00000000	      0.04918398	      0.00000000	      0.05461966	      0.00000000	      0.05716243	      0.00000000	      0.04812039	      0.00000000	      0.06407190	      0.00000000	      0.04568026	      0.00000000	      0.03238661	      0.00000000	     -0.00000000	      0.00000000	     -0.00000000	      0.00000000	     -0.00000000	      0.00000000	     -0.00000000	      0.00000000	     -0.00000000	      0.00000000	     -0.00009344	      0.00000000	      0.00028328	      0.00000000	     -0.02270247	      0.00000000	     -0.01068016	      0.00000000	      0.05289343	      0.00000000	     -0.05347737	      0.00000000	     -0.04875707	      0.00000000	     -0.03766631	      0.00000000	     -0.05091738	      0.00000000	     -0.05040286	      0.00000000	     -0.04424346	      0.00000000	      0.06572029	      0.00000000	     -0.00714624	      0.00000000	     -0.00000000	      0.00000000	     -0.00000000	      0.00000000	     -0.02793032	      0.00000000	      0.00296765	      0.00000000	     -0.02324838	      0.00000000	     -0.03115118	      0.00000000	      0.02442066	      0.00000000	      0.03760986	      0.00000000	     -0.00000000	      0.00000000	     -0.06527795	      0.00000000	     -0.00000000	      0.00000000	     -0.00000000	      0.00000000	     -0.00000000	      0.00000000	     -0.00000000	      0.00000000	     -0.00000000
     45.00000000	    -13.63636365	      0.00000000	      0.04954685	      0.00000000	      0.05488411	      0.00000000	      0.05680349	      0.00000000	      0.04749095	      0.00000000	      0.06416202	      0.00000000	      0.04602691	      0.00000000	      0.03191605	      0.00000000	     -0.00000000	      0.00000000	      0.00000000	      0.00000000	      0.00000000	      0.00000000	     -0.00000000	      0.00000000	     -0.00000000	      0.00000000	     -0.00009344	      0.00000000	      0.00028328	      0.00000000	     -0.02242039	      0.00000000	     -0.01053696	      0.00000000	      0.05274163	      0.00000000	     -0.05342814	      0.00000000	     -0.04851215	      0.00000000	     -0.03737740	      0.00000000	     -0.05074835	      0.00000000	     -0.05017023	      0.00000000	     -0.04397989	      0.00000000	      0.06523099	      0.00000000	     -0.00702911	      0.00000000	      0.00000000	      0.00000000	      0.00000000	      0.00000000	     -0.02772537	      0.00000000	      0.00306460	      0.00000000	     -0.02278566	      0.00000000	     -0.03041291	      0.00000000	      0.02395968	      0.00000000	      0.03702141	      0.00000000	     -0.00000000	      0.00000000	     -0.06462582	      0.00000000	      0.00000000	      0.00000000	      0.00000000	      0.00000000	      0.00000000	      0.00000000	     -0.00000000	      0.00000000	     -0.00000000
     46.00000000	    -12.82828283	      0.00000000	      0.04990492	      0.00000000	      0.05513959	      0.00000000	      0.05643069	      0.00000000	      0.04684799	      0.00000000	      0.06424087	      0.00000000	      0.04636976	      0.00000000	      0.03143757	      0.00000000	     -0.00000000	      0.00000000	     -0.00000000	      0.00000000	      0.00000000	      0.00000000	      0.00000000	      0.00000000	     -0.00000000	      0.00000000	     -0.00009344	      0.00000000	      0.00028328	      0.00000000	     -0.02213682	      0.00000000	     -0.01039242	      0.00000000	      0.05257583	      0.00000000	     -0.05336941	      0.00000000	     -0.04826178	      0.00000000	     -0.03708551	      0.00000000	     -0.05057451	      0.00000000	     -0.04993456	      0.00000000	     -0.04371380	      0.00000000	      0.06472537	      0.00000000	     -0.00690608	      0.00000000	     -0.00000000	      0.00000000	      0.00000000	      0.00000000	     -0.02751798	      0.00000000	      0.00315482	      0.00000000	     -0.02231952	      0.00000000	     -0.02967086	      0.00000000	      0.02349281	      0.00000000	      0.03642280	      0.00000000	     -0.00000000	      0.00000000	     -0.06397046	      0.00000000	      0.00000000	      0.00000000	      0.00000000	      0.00000000	      0.00000000	      0.00000000	     -0.00000000	      0.00000000	      0.00000000
     47.00000000	    -12.02020202	      0.00000000	      0.05025810	      0.00000000	      0.05538641	      0.00000000	      0.05604216	      0.00000000	      0.04619147	      0.00000000	      0.06430820	      0.00000000	      0.04670872	      0.00000000	      0.03095126	      0.00000000	     -0.00000000	      0.00000000	     -0.00000000	      0.00000000	     -0.00000000	      0.00000000	     -0.00000000	      0.00000000	     -0.00000000	      0.00000000	     -0.00009344	      0.00000000	      0.00028328	      0.00000000	     -0.02185179	      0.00000000	     -0.01024659	      0.00000000	      0.05239574	      0.00000000	     -0.05330138	      0.00000000	     -0.04800608	      0.00000000	     -0.03679069	      0.00000000	     -0.05039597	      0.00000000	     -0.04969588	      0.00000000	     -0.04344522	      0.00000000	      0.06420347	      0.00000000	     -0.00678973	      0.00000000	     -0.00000000	      0.00000000	      0.00000000	      0.00000000	     -0.02730818	      0.00000000	      0.00324469	      0.00000000	     -0.02185003	      0.00000000	     -0.02892511	      0.00000000	      0.02302012	      0.00000000	      0.03581520	      0.00000000	     -0.00000000	      0.00000000	     -0.06331189	      0.00000000	     -0.00000000	      0.00000000	     -0.00000000	      0.00000000	      0.00000000	      0.00000000	     -0.00000000	      0.00000000	      0.00000000
     48.00000000	    -11.21212121	      0.00000000	      0.05060629	      0.00000000	      0.05562444	      0.00000000	      0.05563909	      0.00000000	      0.04552142	      0.00000000	      0.06436379	      0.00000000	      0.04704371	      0.00000000	      0.03045721	      0.00000000	      0.00000000	      0.00000000	     -0.00000000	      0.00000000	      0.00000000	      0.00000000	     -0.00000000	      0.00000000	     -0.00000000	      0.00000000	     -0.00009344	      0.00000000	      0.00028328	      0.00000000	     -0.02156531	      0.00000000	     -0.01009947	      0.00000000	      0.05220104	      0.00000000	     -0.05322424	      0.00000000	     -0.04774512	      0.00000000	     -0.03649299	      0.00000000	     -0.05021283	      0.00000000	     -0.04945422	      0.00000000	     -0.04317418	      0.00000000	      0.06366528	      0.00000000	     -0.00666780	      0.00000000	     -0.00000000	      0.00000000	     -0.00000000	      0.00000000	     -0.02709601	      0.00000000	      0.00333374	      0.00000000	     -0.02137726	      0.00000000	     -0.02817578	      0.00000000	      0.02254174	      0.00000000	      0.03519862	      0.00000000	      0.00000000	      0.00000000	     -0.06265016	      0.00000000	     -0.00000000	      0.00000000	      0.00000000	      0.00000000	     -0.00000000	      0.00000000	     -0.00000000	      0.00000000	      0.00000000
     49.00000000	    -10.40404040	      0.00000000	      0.05094941	      0.00000000	      0.05585393	      0.00000000	      0.05521957	      0.00000000	      0.04483813	      0.00000000	      0.06440745	      0.00000000	      0.04737467	      0.00000000	      0.02995553	      0.00000000	     -0.00000000	      0.00000000	      0.00000000	      0.00000000	     -0.00000000	      0.00000000	     -0.00000000	      0.00000000	      0.00000000	      0.00000000	     -0.00009344	      0.00000000	      0.00028328	      0.00000000	     -0.02127741	      0.00000000	     -0.00995110	      0.00000000	      0.05199143	      0.00000000	     -0.05313818	      0.00000000	     -0.04747901	      0.00000000	     -0.03619243	      0.00000000	     -0.05002520	      0.00000000	     -0.04920963	      0.00000000	     -0.04290069	      0.00000000	      0.06311084	      0.00000000	     -0.00654679	      0.00000000	      0.00000000	      0.00000000	      0.00000000	      0.00000000	     -0.02688152	      0.00000000	      0.00341881	      0.00000000	     -0.02090129	      0.00000000	     -0.02742296	      0.00000000	      0.02205776	      0.00000000	      0.03457178	      0.00000000	      0.00000000	      0.00000000	     -0.06198529	      0.00000000	      0.00000000	      0.00000000	      0.00000000	      0.00000000	      0.00000000	      0.00000000	     -0.00000000	      0.00000000	      0.00000000
     50.00000000	     -9.59595958	      0.00000000	      0.05128736	      0.00000000	      0.05607403	      0.00000000	      0.05478549	      0.00000000	      0.04414152	      0.00000000	      0.06443894	      0.00000000	      0.04770408	      0.00000000	      0.02944631	      0.00000000	      0.00000000	      0.00000000	      0.00000000	      0.00000000	     -0.00000000	      0.00000000	      0.00000000	      0.00000000	      0.00000000	      0.00000000	     -0.00009344	      0.00000000	      0.00028328	      0.00000000	     -0.02098811	      0.00000000	     -0.00980150	      0.00000000	      0.05176660	      0.00000000	     -0.05304339	      0.00000000	     -0.04720782	      0.00000000	     -0.03588908	      0.00000000	     -0.04983315	      0.00000000	     -0.04896213	      0.00000000	     -0.04262479	      0.00000000	      0.06254018	      0.00000000	     -0.00643261	      0.00000000	      0.00000000	      0.00000000	      0.00000000	      0.00000000	     -0.02666473	      0.00000000	      0.00350211	      0.00000000	     -0.02042221	      0.00000000	     -0.02666676	      0.00000000	      0.02156829	      0.00000000	      0.03393635	      0.00000000	      0.00000000	      0.00000000	     -0.06131733	      0.00000000	      0.00000000	      0.00000000	     -0.00000000	      0.00000000	     -0.00000000	      0.00000000	      0.00000000	      0.00000000	      0.00000000
     51.00000000	     -8.78787877	      0.00000000	      0.05162006	      0.00000000	      0.05628501	      0.00000000	      0.05433610	      0.00000000	      0.04343185	      0.00000000	      0.06445806	      0.00000000	      0.04802666	      0.00000000	      0.02892967	      0.00000000	      0.00000000	      0.00000000	     -0.00000000	      0.00000000	     -0.00000000	      0.00000000	     -0.00000000	      0.00000000	     -0.00000000	      0.00000000	     -0.00009344	      0.00000000	      0.00028328	      0.00000000	     -0.02069745	      0.00000000	     -0.00965068	      0.00000000	      0.05152624	      0.00000000	     -0.05294003	      0.00000000	     -0.04693165	      0.00000000	     -0.03558298	      0.00000000	     -0.04963680	      0.00000000	     -0.04871175	      0.00000000	     -0.04234649	      0.00000000	      0.06195382	      0.00000000	     -0.00631374	      0.00000000	     -0.00000000	      0.00000000	      0.00000000	      0.00000000	     -0.02644569	      0.00000000	      0.00358335	      0.00000000	     -0.01994008	      0.00000000	     -0.02590726	      0.00000000	      0.02107343	      0.00000000	      0.03329134	      0.00000000	      0.00000000	      0.00000000	     -0.06064629	      0.00000000	     -0.00000000	      0.00000000	     -0.00000000	      0.00000000	      0.00000000	      0.00000000	     -0.00000000	      0.00000000	      0.00000000
     52.00000000	     -7.97979796	      0.00000000	      0.05194741	      0.00000000	      0.05648673	      0.00000000	      0.05387067	      0.00000000	      0.04270916	      0.00000000	      0.06446455	      0.00000000	      0.04834495	      0.00000000	      0.02840569	      0.00000000	      0.00000000	      0.00000000	      0.00000000	      0.00000000	      0.00000000	      0.00000000	      0.00000000	      0.00000000	      0.00000000	      0.00000000	     -0.00009344	      0.00000000	      0.00028328	      0.00000000	     -0.02040543	      0.00000000	     -0.00949869	      0.00000000	      0.05127001	      0.00000000	     -0.05282828	      0.00000000	     -0.04665058	      0.00000000	     -0.03527415	      0.00000000	     -0.04943621	      0.00000000	     -0.04845852	      0.00000000	     -0.04206583	      0.00000000	      0.06135085	      0.00000000	     -0.00619592	      0.00000000	      0.00000000	      0.00000000	      0.00000000	      0.00000000	     -0.02622443	      0.00000000	      0.00366728	      0.00000000	     -0.01945498	      0.00000000	     -0.02514458	      0.00000000	      0.02057330	      0.00000000	      0.03263747	      0.00000000	      0.00000000	      0.00000000	     -0.05997222	      0.00000000	      0.00000000	      0.00000000	      0.00000000	      0.00000000	      0.00000000	      0.00000000	     -0.00000000	      0.00000000	     -0.00000000
     53.00000000	     -7.17171714	      0.00000000	      0.05226931	      0.00000000	      0.05667908	      0.00000000	      0.05339035	      0.00000000	      0.04197344	      0.00000000	      0.06445819	      0.00000000	      0.04865870	      0.00000000	      0.02787450	      0.00000000	      0.00000000	      0.00000000	      0.00000000	      0.00000000	     -0.00000000	      0.00000000	      0.00000000	      0.00000000	     -0.00000000	      0.00000000	     -0.00009344	      0.00000000	      0.00028328	      0.00000000	     -0.02011208	      0.00000000	     -0.00934553	      0.00000000	      0.05099760	      0.00000000	     -0.05270831	      0.00000000	     -0.04636469	      0.00000000	     -0.03496265	      0.00000000	     -0.04923147	      0.00000000	     -0.04820248	      0.00000000	     -0.04178281	      0.00000000	      0.06073175	      0.00000000	     -0.00607393	      0.00000000	      0.00000000	      0.00000000	      0.00000000	      0.00000000	     -0.02600098	      0.00000000	      0.00374416	      0.00000000	     -0.01896700	      0.00000000	     -0.02437882	      0.00000000	      0.02006802	      0.00000000	      0.03197489	      0.00000000	      0.00000000	      0.00000000	     -0.05929516	      0.00000000	      0.00000000	      0.00000000	      0.00000000	      0.00000000	     -0.00000000	      0.00000000	     -0.00000000	      0.00000000	      0.00000000
     54.00000000	     -6.36363633	      0.00000000	      0.05258565	      0.00000000	      0.05686195	      0.00000000	      0.05289475	      0.00000000	      0.04122506	      0.00000000	      0.06443875	      0.00000000	      0.04896814	      0.00000000	      0.02733621	      0.00000000	     -0.00000000	      0.00000000	     -0.00000000	      0.00000000	      0.00000000	      0.00000000	     -0.00000000	      0.00000000	     -0.00000000	      0.00000000	     -0.00009344	      0.00000000	      0.00028328	      0.00000000	     -0.01981744	      0.00000000	     -0.00919123	      0.00000000	      0.05070867	      0.00000000	     -0.05258029	      0.00000000	     -0.04607407	      0.00000000	     -0.03464852	      0.00000000	     -0.04902266	      0.00000000	     -0.04794365	      0.00000000	     -0.04149747	      0.00000000	      0.06009660	      0.00000000	     -0.00596612	      0.00000000	     -0.00000000	      0.00000000	     -0.00000000	      0.00000000	     -0.02577539	      0.00000000	      0.00381889	      0.00000000	     -0.01847621	      0.00000000	     -0.02361007	      0.00000000	      0.01955770	      0.00000000	      0.03130373	      0.00000000	     -0.00000000	      0.00000000	     -0.05861513	      0.00000000	     -0.00000000	      0.00000000	     -0.00000000	      0.00000000	      0.00000000	      0.00000000	      0.00000000	      0.00000000	     -0.00000000
     55.00000000	     -5.55555552	      0.00000000	      0.05289635	      0.00000000	      0.05703521	      0.00000000	      0.05238371	      0.00000000	      0.04046389	      0.00000000	      0.06440599	      0.00000000	      0.04927303	      0.00000000	      0.02679093	      0.00000000	      0.00000000	      0.00000000	     -0.00000000	      0.00000000	     -0.00000000	      0.00000000	     -0.00000000	      0.00000000	     -0.00000000	      0.00000000	     -0.00009344	      0.00000000	      0.00028328	      0.00000000	     -0.01952151	      0.00000000	     -0.00903581	      0.00000000	      0.05040290	      0.00000000	     -0.05244436	      0.00000000	     -0.04577879	      0.00000000	     -0.03433179	      0.00000000	     -0.04880986	      0.00000000	     -0.04768206	      0.00000000	     -0.04120983	      0.00000000	      0.05944546	      0.00000000	     -0.00585374	      0.00000000	     -0.00000000	      0.00000000	     -0.00000000	      0.00000000	     -0.02554767	      0.00000000	      0.00389115	      0.00000000	     -0.01798268	      0.00000000	     -0.02283843	      0.00000000	      0.01904245	      0.00000000	      0.03062414	      0.00000000	     -0.00000000	      0.00000000	     -0.05793216	      0.00000000	     -0.00000000	      0.00000000	     -0.00000000	      0.00000000	     -0.00000000	      0.00000000	      0.00000000	      0.00000000	     -0.00000000
     56.00000000	     -4.74747470	      0.00000000	      0.05320129	      0.00000000	      0.05719868	      0.00000000	      0.05185807	      0.00000000	      0.03969030	      0.00000000	      0.06435967	      0.00000000	      0.04957325	      0.00000000	      0.02623878	      0.00000000	     -0.00000000	      0.00000000	      0.00000000	      0.00000000	     -0.00000000	      0.00000000	     -0.00000000	      0.00000000	     -0.00000000	      0.00000000	     -0.00009344	      0.00000000	      0.00028328	      0.00000000	     -0.01922432	      0.00000000	     -0.00887930	      0.00000000	      0.05007993	      0.00000000	     -0.05230069	      0.00000000	     -0.04547893	      0.00000000	     -0.03401251	      0.00000000	     -0.04859314	      0.00000000	     -0.04741774	      0.00000000	     -0.04091992	      0.00000000	      0.05877840	      0.00000000	     -0.00573757	      0.00000000	     -0.00000000	      0.00000000	      0.00000000	      0.00000000	     -0.02531787	      0.00000000	      0.00396571	      0.00000000	     -0.01748650	      0.00000000	     -0.02206400	      0.00000000	      0.01852239	      0.00000000	      0.02993629	      0.00000000	     -0.00000000	      0.00000000	     -0.05724630	      0.00000000	      0.00000000	      0.00000000	     -0.00000000	      0.00000000	      0.00000000	      0.00000000	      0.00000000	      0.00000000	      0.00000000
     57.00000000	     -3.93939389	      0.00000000	      0.05350037	      0.00000000	      0.05735236	      0.00000000	      0.05131610	      0.00000000	      0.03890444	      0.00000000	      0.06429954	      0.00000000	      0.04986873	      0.00000000	      0.02567988	      0.00000000	     -0.00000000	      0.00000000	      0.00000000	      0.00000000	      0.00000000	      0.00000000	      0.00000000	      0.00000000	      0.00000000	      0.00000000	     -0.00009344	      0.00000000	      0.00028328	      0.00000000	     -0.01892589	      0.00000000	     -0.00872172	      0.00000000	      0.04973944	      0.00000000	     -0.05214942	      0.00000000	     -0.04517457	      0.00000000	     -0.03369071	      0.00000000	     -0.04837256	      0.00000000	     -0.04715072	      0.00000000	     -0.04062774	      0.00000000	      0.05809608	      0.00000000	     -0.00562752	      0.00000000	      0.00000000	      0.00000000	      0.00000000	      0.00000000	     -0.02508602	      0.00000000	      0.00403287	      0.00000000	     -0.01698774	      0.00000000	     -0.02128689	      0.00000000	      0.01799765	      0.00000000	      0.02924032	      0.00000000	      0.00000000	      0.00000000	     -0.05655758	      0.00000000	      0.00000000	      0.00000000	     -0.00000000	      0.00000000	      0.00000000	      0.00000000	     -0.00000000	      0.00000000	     -0.00000000
     58.00000000	     -3.13131308	      0.00000000	      0.05379392	      0.00000000	      0.05749607	      0.00000000	      0.05075864	      0.00000000	      0.03810632	      0.00000000	      0.06422534	      0.00000000	      0.05015935	      0.00000000	      0.02511435	      0.00000000	     -0.00000000	      0.00000000	      0.00000000	      0.00000000	      0.00000000	      0.00000000	      0.00000000	      0.00000000	      0.00000000	      0.00000000	     -0.00009344	      0.00000000	      0.00028328	      0.00000000	     -0.01862625	      0.00000000	     -0.00856310	      0.00000000	      0.04938107	      0.00000000	     -0.05199070	      0.00000000	     -0.04486577	      0.00000000	     -0.03336643	      0.00000000	     -0.04814820	      0.00000000	     -0.04688102	      0.00000000	     -0.04033333	      0.00000000	      0.05739742	      0.00000000	     -0.00551966	      0.00000000	      0.00000000	      0.00000000	     -0.00000000	      0.00000000	     -0.02485215	      0.00000000	      0.00409723	      0.00000000	     -0.01648647	      0.00000000	     -0.02050719	      0.00000000	      0.01746835	      0.00000000	      0.02853640	      0.00000000	      0.00000000	      0.00000000	     -0.05586603	      0.00000000	      0.00000000	      0.00000000	      0.00000000	      0.00000000	     -0.00000000	      0.00000000	      0.00000000	      0.00000000	     -0.00000000
     59.00000000	     -2.32323227	      0.00000000	      0.05408094	      0.00000000	      0.05762968	      0.00000000	      0.05018477	      0.00000000	      0.03729623	      0.00000000	      0.06413682	      0.00000000	      0.05044501	      0.00000000	      0.02454234	      0.00000000	     -0.00000000	      0.00000000	     -0.00000000	      0.00000000	     -0.00000000	      0.00000000	     -0.00000000	      0.00000000	     -0.00000000	      0.00000000	     -0.00009344	      0.00000000	      0.00028328	      0.00000000	     -0.01832542	      0.00000000	     -0.00840344	      0.00000000	      0.04900449	      0.00000000	     -0.05182468	      0.00000000	     -0.04455262	      0.00000000	     -0.03303971	      0.00000000	     -0.04792012	      0.00000000	     -0.04660866	      0.00000000	     -0.04003671	      0.00000000	      0.05668305	      0.00000000	     -0.00541462	      0.00000000	      0.00000000	      0.00000000	      0.00000000	      0.00000000	     -0.02461629	      0.00000000	      0.00416363	      0.00000000	     -0.01598279	      0.00000000	     -0.01972500	      0.00000000	      0.01693462	      0.00000000	      0.02782470	      0.00000000	     -0.00000000	      0.00000000	     -0.05517169	      0.00000000	     -0.00000000	      0.00000000	     -0.00000000	      0.00000000	     -0.00000000	      0.00000000	      0.00000000	      0.00000000	      0.00000000
     60.00000000	     -1.51515145	      0.00000000	      0.05436176	      0.00000000	      0.05775308	      0.00000000	      0.04959665	      0.00000000	      0.03647414	      0.00000000	      0.06403370	      0.00000000	      0.05072560	      0.00000000	      0.02396395	      0.00000000	      0.00000000	      0.00000000	     -0.00000000	      0.00000000	     -0.00000000	      0.00000000	     -0.00000000	      0.00000000	     -0.00000000	      0.00000000	     -0.00009344	      0.00000000	      0.00028328	      0.00000000	     -0.01802342	      0.00000000	     -0.00824278	      0.00000000	      0.04860936	      0.00000000	     -0.05165149	      0.00000000	     -0.04423518	      0.00000000	     -0.03271058	      0.00000000	     -0.04768837	      0.00000000	     -0.04633368	      0.00000000	     -0.03973789	      0.00000000	      0.05595310	      0.00000000	     -0.00532547	      0.00000000	     -0.00000000	      0.00000000	      0.00000000	      0.00000000	     -0.02437847	      0.00000000	      0.00422216	      0.00000000	     -0.01547676	      0.00000000	     -0.01894041	      0.00000000	      0.01639658	      0.00000000	      0.02710539	      0.00000000	      0.00000000	      0.00000000	     -0.05447459	      0.00000000	     -0.00000000	      0.00000000	      0.00000000	      0.00000000	     -0.00000000	      0.00000000	      0.00000000	      0.00000000	      0.00000000
     61.00000000	     -0.70707064	      0.00000000	      0.05463627	      0.00000000	      0.05786614	      0.00000000	      0.04899231	      0.00000000	      0.03564051	      0.00000000	      0.06391542	      0.00000000	      0.05100102	      0.00000000	      0.02337933	      0.00000000	      0.00000000	      0.00000000	      0.00000000	      0.00000000	      0.00000000	      0.00000000	      0.00000000	      0.00000000	      0.00000000	      0.00000000	     -0.00009344	      0.00000000	      0.00028328	      0.00000000	     -0.01772028	      0.00000000	     -0.00808115	      0.00000000	      0.04819532	      0.00000000	     -0.05147127	      0.00000000	     -0.04391353	      0.00000000	     -0.03237909	      0.00000000	     -0.04745303	      0.00000000	     -0.04605610	      0.00000000	     -0.03943691	      0.00000000	      0.05520765	      0.00000000	     -0.00523857	      0.00000000	      0.00000000	      0.00000000	      0.00000000	      0.00000000	     -0.02413873	      0.00000000	      0.00428262	      0.00000000	     -0.01496846	      0.00000000	     -0.01815354	      0.00000000	      0.01585436	      0.00000000	      0.02637863	      0.00000000	      0.00000000	      0.00000000	     -0.05377477	      0.00000000	      0.00000000	      0.00000000	      0.00000000	      0.00000000	      0.00000000	      0.00000000	      0.00000000	      0.00000000	     -0.00000000
     62.00000000	      0.10101017	      0.00000000	      0.05490434	      0.00000000	      0.05796873	      0.00000000	      0.04837267	      0.00000000	      0.03479530	      0.00000000	      0.06378228	      0.00000000	      0.05127360	      0.00000000	      0.02278862	      0.00000000	      0.00000000	      0.00000000	     -0.00000000	      0.00000000	      0.00000000	      0.00000000	      0.00000000	      0.00000000	      0.00000000	      0.00000000	     -0.00009344	      0.00000000	      0.00028328	      0.00000000	     -0.01741600	      0.00000000	     -0.00791855	      0.00000000	      0.04776203	      0.00000000	     -0.05128414	      0.00000000	     -0.04358772	      0.00000000	     -0.03204526	      0.00000000	     -0.04721415	      0.00000000	     -0.04577594	      0.00000000	     -0.03913377	      0.00000000	      0.05444749	      0.00000000	     -0.00515407	      0.00000000	     -0.00000000	      0.00000000	     -0.00000000	      0.00000000	     -0.02389709	      0.00000000	      0.00433455	      0.00000000	     -0.01445797	      0.00000000	     -0.01736447	      0.00000000	      0.01530809	      0.00000000	      0.02564460	      0.00000000	     -0.00000000	      0.00000000	     -0.05307226	      0.00000000	     -0.00000000	      0.00000000	     -0.00000000	      0.00000000	      0.00000000	      0.00000000	     -0.00000000	      0.00000000	     -0.00000000
     63.00000000	      0.90909099	      0.00000000	      0.05516586	      0.00000000	      0.05806073	      0.00000000	      0.04773770	      0.00000000	      0.03393896	      0.00000000	      0.06363374	      0.00000000	      0.05153826	      0.00000000	      0.02219194	      0.00000000	      0.00000000	      0.00000000	      0.00000000	      0.00000000	      0.00000000	      0.00000000	      0.00000000	      0.00000000	      0.00000000	      0.00000000	     -0.00009344	      0.00000000	      0.00028328	      0.00000000	     -0.01711063	      0.00000000	     -0.00775502	      0.00000000	      0.04730916	      0.00000000	     -0.05109024	      0.00000000	     -0.04325784	      0.00000000	     -0.03170914	      0.00000000	     -0.04697178	      0.00000000	     -0.04549323	      0.00000000	     -0.03882851	      0.00000000	      0.05367142	      0.00000000	     -0.00507213	      0.00000000	     -0.00000000	      0.00000000	      0.00000000	      0.00000000	     -0.02365359	      0.00000000	      0.00438439	      0.00000000	     -0.01394537	      0.00000000	     -0.01657330	      0.00000000	      0.01475791	      0.00000000	      0.02490350	      0.00000000	      0.00000000	      0.00000000	     -0.05236710	      0.00000000	      0.00000000	      0.00000000	      0.00000000	      0.00000000	      0.00000000	      0.00000000	     -0.00000000	      0.00000000	     -0.00000000
     64.00000000	      1.71717180	      0.00000000	      0.05542069	      0.00000000	      0.05814202	      0.00000000	      0.04708834	      0.00000000	      0.03307127	      0.00000000	      0.06346950	      0.00000000	      0.05179723	      0.00000000	      0.02158945	      0.00000000	     -0.00000000	      0.00000000	      0.00000000	      0.00000000	      0.00000000	      0.00000000	      0.00000000	      0.00000000	      0.00000000	      0.00000000	     -0.00009344	      0.00000000	      0.00028328	      0.00000000	     -0.01680417	      0.00000000	     -0.00759057	      0.00000000	      0.04683636	      0.00000000	     -0.05088970	      0.00000000	     -0.04292394	      0.00000000	     -0.03137076	      0.00000000	     -0.04672598	      0.00000000	     -0.04520799	      0.00000000	     -0.03852114	      0.00000000	      0.05288018	      0.00000000	     -0.00499291	      0.00000000	      0.00000000	      0.00000000	      0.00000000	      0.00000000	     -0.02340825	      0.00000000	      0.00443420	      0.00000000	     -0.01343073	      0.00000000	     -0.01578014	      0.00000000	      0.01420455	      0.00000000	      0.02415549	      0.00000000	     -0.00000000	      0.00000000	     -0.05165932	      0.00000000	      0.00000000	      0.00000000	      0.00000000	      0.00000000	     -0.00000000	      0.00000000	      0.00000000	      0.00000000	     -0.00000000
     65.00000000	      2.52525261	      0.00000000	      0.05566871	      0.00000000	      0.05821247	      0.00000000	      0.04642171	      0.00000000	      0.03219293	      0.00000000	      0.06328929	      0.00000000	      0.05205069	      0.00000000	      0.02098128	      0.00000000	      0.00000000	      0.00000000	      0.00000000	      0.00000000	      0.00000000	      0.00000000	      0.00000000	      0.00000000	     -0.00000000	      0.00000000	     -0.00009344	      0.00000000	      0.00028328	      0.00000000	     -0.01649665	      0.00000000	     -0.00742523	      0.00000000	      0.04634329	      0.00000000	     -0.05068262	      0.00000000	     -0.04258609	      0.00000000	     -0.03103015	      0.00000000	     -0.04647680	      0.00000000	     -0.04492025	      0.00000000	     -0.03821168	      0.00000000	      0.05207393	      0.00000000	     -0.00491661	      0.00000000	      0.00000000	      0.00000000	      0.00000000	      0.00000000	     -0.02316110	      0.00000000	      0.00447549	      0.00000000	     -0.01291413	      0.00000000	     -0.01498508	      0.00000000	      0.01364698	      0.00000000	      0.02340078	      0.00000000	      0.00000000	      0.00000000	     -0.05094896	      0.00000000	      0.00000000	      0.00000000	      0.00000000	      0.00000000	      0.00000000	      0.00000000	      0.00000000	      0.00000000	      0.00000000
     66.00000000	      3.33333343	      0.00000000	      0.05590978	      0.00000000	      0.05827199	      0.00000000	      0.04574067	      0.00000000	      0.03130374	      0.00000000	      0.06309282	      0.00000000	      0.05229836	      0.00000000	      0.02036758	      0.00000000	     -0.00000000	      0.00000000	      0.00000000	      0.00000000	      0.00000000	      0.00000000	      0.00000000	      0.00000000	      0.00000000	      0.00000000	     -0.00009344	      0.00000000	      0.00028328	      0.00000000	     -0.01618809	      0.00000000	     -0.00725902	      0.00000000	      0.04582963	      0.00000000	     -0.05046914	      0.00000000	     -0.04224435	      0.00000000	     -0.03068736	      0.00000000	     -0.04622430	      0.00000000	     -0.04463003	      0.00000000	     -0.03790016	      0.00000000	      0.05125353	      0.00000000	     -0.00484339	      0.00000000	      0.00000000	      0.00000000	     -0.00000000	      0.00000000	     -0.02291217	      0.00000000	      0.00451775	      0.00000000	     -0.01239565	      0.00000000	     -0.01418821	      0.00000000	      0.01308682	      0.00000000	      0.02263954	      0.00000000	      0.00000000	      0.00000000	     -0.05023606	      0.00000000	      0.00000000	      0.00000000	      0.00000000	      0.00000000	     -0.00000000	      0.00000000	     -0.00000000	      0.00000000	     -0.00000000
     67.00000000	      4.14141424	      0.00000000	      0.05614377	      0.00000000	      0.05832038	      0.00000000	      0.04504581	      0.00000000	      0.03040413	      0.00000000	      0.06287978	      0.00000000	      0.05254010	      0.00000000	      0.01974851	      0.00000000	     -0.00000000	      0.00000000	      0.00000000	      0.00000000	      0.00000000	      0.00000000	     -0.00000000	      0.00000000	     -0.00000000	      0.00000000	     -0.00009344	      0.00000000	      0.00028328	      0.00000000	     -0.01587851	      0.00000000	     -0.00709196	      0.00000000	      0.04529505	      0.00000000	     -0.05024937	      0.00000000	     -0.04189879	      0.00000000	     -0.03034240	      0.00000000	     -0.04596851	      0.00000000	     -0.04433735	      0.00000000	     -0.03758660	      0.00000000	      0.05041770	      0.00000000	     -0.00477344	      0.00000000	      0.00000000	      0.00000000	     -0.00000000	      0.00000000	     -0.02266150	      0.00000000	      0.00455100	      0.00000000	     -0.01187537	      0.00000000	     -0.01338964	      0.00000000	      0.01252244	      0.00000000	      0.02187198	      0.00000000	      0.00000000	      0.00000000	     -0.04952065	      0.00000000	     -0.00000000	      0.00000000	      0.00000000	      0.00000000	     -0.00000000	      0.00000000	      0.00000000	      0.00000000	      0.00000000
     68.00000000	      4.94949505	      0.00000000	      0.05636988	      0.00000000	      0.05835755	      0.00000000	      0.04433369	      0.00000000	      0.02949445	      0.00000000	      0.06264989	      0.00000000	      0.05277577	      0.00000000	      0.01912420	      0.00000000	     -0.00000000	      0.00000000	      0.00000000	      0.00000000	      0.00000000	      0.00000000	     -0.00000000	      0.00000000	     -0.00000000	      0.00000000	     -0.00009344	      0.00000000	      0.00028328	      0.00000000	     -0.01556794	      0.00000000	     -0.00692407	      0.00000000	      0.04473923	      0.00000000	     -0.05002341	      0.00000000	     -0.04154946	      0.00000000	     -0.02999532	      0.00000000	     -0.04570949	      0.00000000	     -0.04404224	      0.00000000	     -0.03727101	      0.00000000	      0.04956727	      0.00000000	     -0.00469334	      0.00000000	      0.00000000	      0.00000000	     -0.00000000	      0.00000000	     -0.02240910	      0.00000000	      0.00458496	      0.00000000	     -0.01135337	      0.00000000	     -0.01258947	      0.00000000	      0.01195534	      0.00000000	      0.02109830	      0.00000000	     -0.00000000	      0.00000000	     -0.04880276	      0.00000000	      0.00000000	      0.00000000	      0.00000000	      0.00000000	      0.00000000	      0.00000000	     -0.00000000	      0.00000000	      0.00000000
     69.00000000	      5.75757586	      0.00000000	      0.05658929	      0.00000000	      0.05838338	      0.00000000	      0.04360779	      0.00000000	      0.02857475	      0.00000000	      0.06240284	      0.00000000	      0.05300521	      0.00000000	      0.01849483	      0.00000000	      0.00000000	      0.00000000	      0.00000000	      0.00000000	      0.00000000	      0.00000000	      0.00000000	      0.00000000	     -0.00000000	      0.00000000	     -0.00009344	      0.00000000	      0.00028328	      0.00000000	     -0.01525639	      0.00000000	     -0.00675538	      0.00000000	      0.04416188	      0.00000000	     -0.04979139	      0.00000000	     -0.04119643	      0.00000000	     -0.02964615	      0.00000000	     -0.04544729	      0.00000000	     -0.04374471	      0.00000000	     -0.03695341	      0.00000000	      0.04870242	      0.00000000	     -0.00461764	      0.00000000	     -0.00000000	      0.00000000	      0.00000000	      0.00000000	     -0.02215501	      0.00000000	      0.00461442	      0.00000000	     -0.01082971	      0.00000000	     -0.01178778	      0.00000000	      0.01138468	      0.00000000	      0.02031946	      0.00000000	      0.00000000	      0.00000000	     -0.04808244	      0.00000000	     -0.00000000	      0.00000000	      0.00000000	      0.00000000	      0.00000000	      0.00000000	     -0.00000000	      0.00000000	      0.00000000
     70.00000000	      6.56565668	      0.00000000	      0.05680118	      0.00000000	      0.05839773	      0.00000000	      0.04286694	      0.00000000	      0.02764526	      0.00000000	      0.06213760	      0.00000000	      0.05323071	      0.00000000	      0.01786053	      0.00000000	      0.00000000	      0.00000000	     -0.00000000	      0.00000000	     -0.00000000	      0.00000000	     -0.00000000	      0.00000000	      0.00000000	      0.00000000	     -0.00009344	      0.00000000	      0.00028328	      0.00000000	     -0.01494389	      0.00000000	     -0.00658590	      0.00000000	      0.04356269	      0.00000000	     -0.04955341	      0.00000000	     -0.04083975	      0.00000000	     -0.02929492	      0.00000000	     -0.04518195	      0.00000000	     -0.04344480	      0.00000000	     -0.03663384	      0.00000000	      0.04782411	      0.00000000	     -0.00454451	      0.00000000	      0.00000000	      0.00000000	     -0.00000000	      0.00000000	     -0.02189925	      0.00000000	      0.00463426	      0.00000000	     -0.01030449	      0.00000000	     -0.01098469	      0.00000000	      0.01081109	      0.00000000	      0.01953552	      0.00000000	     -0.00000000	      0.00000000	     -0.04735971	      0.00000000	      0.00000000	      0.00000000	     -0.00000000	      0.00000000	     -0.00000000	      0.00000000	      0.00000000	      0.00000000	     -0.00000000
     71.00000000	      7.37373749	      0.00000000	      0.05700540	      0.00000000	      0.05840049	      0.00000000	      0.04211034	      0.00000000	      0.02670631	      0.00000000	      0.06185526	      0.00000000	      0.05344717	      0.00000000	      0.01722148	      0.00000000	      0.00000000	      0.00000000	     -0.00000000	      0.00000000	     -0.00000000	      0.00000000	      0.00000000	      0.00000000	      0.00000000	      0.00000000	     -0.00009344	      0.00000000	      0.00028328	      0.00000000	     -0.01463046	      0.00000000	     -0.00641566	      0.00000000	      0.04294137	      0.00000000	     -0.04930956	      0.00000000	     -0.04047949	      0.00000000	     -0.02894166	      0.00000000	     -0.04491351	      0.00000000	     -0.04314252	      0.00000000	     -0.03631230	      0.00000000	      0.04693097	      0.00000000	     -0.00447098	      0.00000000	      0.00000000	      0.00000000	     -0.00000000	      0.00000000	     -0.02164185	      0.00000000	      0.00465329	      0.00000000	     -0.00977777	      0.00000000	     -0.01018028	      0.00000000	      0.01023528	      0.00000000	      0.01874564	      0.00000000	     -0.00000000	      0.00000000	     -0.04663462	      0.00000000	      0.00000000	      0.00000000	     -0.00000000	      0.00000000	     -0.00000000	      0.00000000	      0.00000000	      0.00000000	      0.00000000
     72.00000000	      8.18181830	      0.00000000	      0.05720180	      0.00000000	      0.05839152	      0.00000000	      0.04134002	      0.00000000	      0.02575822	      0.00000000	      0.06155484	      0.00000000	      0.05365678	      0.00000000	      0.01657783	      0.00000000	      0.00000000	      0.00000000	     -0.00000000	      0.00000000	     -0.00000000	      0.00000000	      0.00000000	      0.00000000	      0.00000000	      0.00000000	     -0.00009344	      0.00000000	      0.00028328	      0.00000000	     -0.01431612	      0.00000000	     -0.00624468	      0.00000000	      0.04229767	      0.00000000	     -0.04905996	      0.00000000	     -0.04011570	      0.00000000	     -0.02858641	      0.00000000	     -0.04464202	      0.00000000	     -0.04283789	      0.00000000	     -0.03598882	      0.00000000	      0.04602392	      0.00000000	     -0.00440694	      0.00000000	     -0.00000000	      0.00000000	      0.00000000	      0.00000000	     -0.02138284	      0.00000000	      0.00466761	      0.00000000	     -0.00924964	      0.00000000	     -0.00937465	      0.00000000	      0.00965621	      0.00000000	      0.01795059	      0.00000000	      0.00000000	      0.00000000	     -0.04590720	      0.00000000	      0.00000000	      0.00000000	      0.00000000	      0.00000000	      0.00000000	      0.00000000	      0.00000000	      0.00000000	      0.00000000
     73.00000000	      8.98989912	      0.00000000	      0.05739021	      0.00000000	      0.05837072	      0.00000000	      0.04055454	      0.00000000	      0.02480096	      0.00000000	      0.06123602	      0.00000000	      0.05385967	      0.00000000	      0.01592975	      0.00000000	     -0.00000000	      0.00000000	     -0.00000000	      0.00000000	     -0.00000000	      0.00000000	      0.00000000	      0.00000000	      0.00000000	      0.00000000	     -0.00009344	      0.00000000	      0.00028328	      0.00000000	     -0.01400088	      0.00000000	     -0.00607298	      0.00000000	      0.04163132	      0.00000000	     -0.04880471	      0.00000000	     -0.03974843	      0.00000000	     -0.02822921	      0.00000000	     -0.04436752	      0.00000000	     -0.04253094	      0.00000000	     -0.03566341	      0.00000000	      0.04510400	      0.00000000	     -0.00435357	      0.00000000	      0.00000000	      0.00000000	      0.00000000	      0.00000000	     -0.02112224	      0.00000000	      0.00467694	      0.00000000	     -0.00872017	      0.00000000	     -0.00856790	      0.00000000	      0.00907470	      0.00000000	      0.01714971	      0.00000000	      0.00000000	      0.00000000	     -0.04517748	      0.00000000	      0.00000000	      0.00000000	      0.00000000	      0.00000000	      0.00000000	      0.00000000	      0.00000000	      0.00000000	      0.00000000
     74.00000000	      9.79797993	      0.00000000	      0.05757046	      0.00000000	      0.05833792	      0.00000000	      0.03975611	      0.00000000	      0.02383526	      0.00000000	      0.06089848	      0.00000000	      0.05405550	      0.00000000	      0.01527740	      0.00000000	     -0.00000000	      0.00000000	     -0.00000000	      0.00000000	     -0.00000000	      0.00000000	      0.00000000	      0.00000000	     -0.00000000	      0.00000000	     -0.00009344	      0.00000000	      0.00028328	      0.00000000	     -0.01368478	      0.00000000	     -0.00590059	      0.00000000	      0.04094209	      0.00000000	     -0.04854390	      0.00000000	     -0.03937775	      0.00000000	     -0.02787007	      0.00000000	     -0.04409005	      0.00000000	     -0.04222169	      0.00000000	     -0.03533611	      0.00000000	      0.04416978	      0.00000000	     -0.00429861	      0.00000000	      0.00000000	      0.00000000	      0.00000000	      0.00000000	     -0.02086008	      0.00000000	      0.00468004	      0.00000000	     -0.00818944	      0.00000000	     -0.00776013	      0.00000000	      0.00849143	      0.00000000	      0.01634482	      0.00000000	     -0.00000000	      0.00000000	     -0.04444552	      0.00000000	     -0.00000000	      0.00000000	      0.00000000	      0.00000000	      0.00000000	      0.00000000	     -0.00000000	      0.00000000	      0.00000000
     75.00000000	     10.60606074	      0.00000000	      0.05774240	      0.00000000	      0.05829302	      0.00000000	      0.03894220	      0.00000000	      0.02286109	      0.00000000	      0.06054190	      0.00000000	      0.05424408	      0.00000000	      0.01462095	      0.00000000	     -0.00000000	      0.00000000	      0.00000000	      0.00000000	      0.00000000	      0.00000000	     -0.00000000	      0.00000000	      0.00000000	      0.00000000	     -0.00009344	      0.00000000	      0.00028328	      0.00000000	     -0.01336783	      0.00000000	     -0.00572752	      0.00000000	      0.04022977	      0.00000000	     -0.04827763	      0.00000000	     -0.03900370	      0.00000000	     -0.02750904	      0.00000000	     -0.04380964	      0.00000000	     -0.04191016	      0.00000000	     -0.03500692	      0.00000000	      0.04322225	      0.00000000	     -0.00425214	      0.00000000	     -0.00000000	      0.00000000	     -0.00000000	      0.00000000	     -0.02059639	      0.00000000	      0.00467188	      0.00000000	     -0.00765753	      0.00000000	     -0.00695143	      0.00000000	      0.00790532	      0.00000000	      0.01553590	      0.00000000	     -0.00000000	      0.00000000	     -0.04371133	      0.00000000	     -0.00000000	      0.00000000	     -0.00000000	      0.00000000	     -0.00000000	      0.00000000	     -0.00000000	      0.00000000	     -0.00000000
     76.00000000	     11.41414155	      0.00000000	      0.05790704	      0.00000000	      0.05823588	      0.00000000	      0.03811404	      0.00000000	      0.02187885	      0.00000000	      0.06016595	      0.00000000	      0.05442522	      0.00000000	      0.01396056	      0.00000000	     -0.00000000	      0.00000000	      0.00000000	      0.00000000	     -0.00000000	      0.00000000	      0.00000000	      0.00000000	     -0.00000000	      0.00000000	     -0.00009344	      0.00000000	      0.00028328	      0.00000000	     -0.01305005	      0.00000000	     -0.00555379	      0.00000000	      0.03949416	      0.00000000	     -0.04800599	      0.00000000	     -0.03862635	      0.00000000	     -0.02714614	      0.00000000	     -0.04352635	      0.00000000	     -0.04159637	      0.00000000	     -0.03467587	      0.00000000	      0.04226252	      0.00000000	     -0.00420774	      0.00000000	     -0.00000000	      0.00000000	     -0.00000000	      0.00000000	     -0.02033119	      0.00000000	      0.00466306	      0.00000000	     -0.00712451	      0.00000000	     -0.00614191	      0.00000000	      0.00731722	      0.00000000	      0.01472206	      0.00000000	     -0.00000000	      0.00000000	     -0.04297496	      0.00000000	      0.00000000	      0.00000000	     -0.00000000	      0.00000000	      0.00000000	      0.00000000	     -0.00000000	      0.00000000	      0.00000000
     77.00000000	     12.22222237	      0.00000000	      0.05806176	      0.00000000	      0.05816639	      0.00000000	      0.03727101	      0.00000000	      0.02088885	      0.00000000	      0.05976937	      0.00000000	      0.05460110	      0.00000000	      0.01329642	      0.00000000	     -0.00000000	      0.00000000	     -0.00000000	      0.00000000	      0.00000000	      0.00000000	      0.00000000	      0.00000000	     -0.00000000	      0.00000000	     -0.00009344	      0.00000000	      0.00028328	      0.00000000	     -0.01273147	      0.00000000	     -0.00537943	      0.00000000	      0.03873511	      0.00000000	     -0.04772907	      0.00000000	     -0.03824574	      0.00000000	     -0.02678140	      0.00000000	     -0.04324019	      0.00000000	     -0.04128034	      0.00000000	     -0.03434298	      0.00000000	      0.04128909	      0.00000000	     -0.00417520	      0.00000000	     -0.00000000	      0.00000000	      0.00000000	      0.00000000	     -0.02006451	      0.00000000	      0.00464738	      0.00000000	     -0.00659047	      0.00000000	     -0.00533165	      0.00000000	      0.00672783	      0.00000000	      0.01390404	      0.00000000	      0.00000000	      0.00000000	     -0.04223644	      0.00000000	     -0.00000000	      0.00000000	      0.00000000	      0.00000000	      0.00000000	      0.00000000	      0.00000000	      0.00000000	      0.00000000
     78.00000000	     13.03030318	      0.00000000	      0.05820760	      0.00000000	      0.05808441	      0.00000000	      0.03641570	      0.00000000	      0.01989140	      0.00000000	      0.05935321	      0.00000000	      0.05476664	      0.00000000	      0.01262868	      0.00000000	     -0.00000000	      0.00000000	      0.00000000	      0.00000000	      0.00000000	      0.00000000	     -0.00000000	      0.00000000	     -0.00000000	      0.00000000	     -0.00009344	      0.00000000	      0.00028328	      0.00000000	     -0.01241210	      0.00000000	     -0.00520445	      0.00000000	      0.03795246	      0.00000000	     -0.04744696	      0.00000000	     -0.03786193	      0.00000000	     -0.02641486	      0.00000000	     -0.04295122	      0.00000000	     -0.04096210	      0.00000000	     -0.03400826	      0.00000000	      0.04030303	      0.00000000	     -0.00414301	      0.00000000	      0.00000000	      0.00000000	      0.00000000	      0.00000000	     -0.01979637	      0.00000000	      0.00462601	      0.00000000	     -0.00605547	      0.00000000	     -0.00452076	      0.00000000	      0.00613603	      0.00000000	      0.01308139	      0.00000000	     -0.00000000	      0.00000000	     -0.04149581	      0.00000000	     -0.00000000	      0.00000000	      0.00000000	      0.00000000	     -0.00000000	      0.00000000	     -0.00000000	      0.00000000	      0.00000000
     79.00000000	     13.83838399	      0.00000000	      0.05834439	      0.00000000	      0.05798983	      0.00000000	      0.03554661	      0.00000000	      0.01888683	      0.00000000	      0.05891758	      0.00000000	      0.05492393	      0.00000000	      0.01195754	      0.00000000	     -0.00000000	      0.00000000	     -0.00000000	      0.00000000	     -0.00000000	      0.00000000	      0.00000000	      0.00000000	      0.00000000	      0.00000000	     -0.00009344	      0.00000000	      0.00028328	      0.00000000	     -0.01209197	      0.00000000	     -0.00502889	      0.00000000	      0.03714610	      0.00000000	     -0.04715976	      0.00000000	     -0.03747497	      0.00000000	     -0.02604655	      0.00000000	     -0.04265947	      0.00000000	     -0.04064166	      0.00000000	     -0.03367174	      0.00000000	      0.03930550	      0.00000000	     -0.00412211	      0.00000000	     -0.00000000	      0.00000000	     -0.00000000	      0.00000000	     -0.01952680	      0.00000000	      0.00459789	      0.00000000	     -0.00551961	      0.00000000	     -0.00370933	      0.00000000	      0.00554269	      0.00000000	      0.01225574	      0.00000000	      0.00000000	      0.00000000	     -0.04075312	      0.00000000	      0.00000000	      0.00000000	      0.00000000	      0.00000000	      0.00000000	      0.00000000	      0.00000000	      0.00000000	      0.00000000
     80.00000000	     14.64646481	      0.00000000	      0.05847192	      0.00000000	      0.05788250	      0.00000000	      0.03466317	      0.00000000	      0.01787515	      0.00000000	      0.05846031	      0.00000000	      0.05507305	      0.00000000	      0.01128316	      0.00000000	     -0.00000000	      0.00000000	      0.00000000	      0.00000000	     -0.00000000	      0.00000000	      0.00000000	      0.00000000	     -0.00000000	      0.00000000	     -0.00009344	      0.00000000	      0.00028328	      0.00000000	     -0.01177109	      0.00000000	     -0.00485275	      0.00000000	      0.03631597	      0.00000000	     -0.04686753	      0.00000000	     -0.03708490	      0.00000000	     -0.02567650	      0.00000000	     -0.04236498	      0.00000000	     -0.04031905	      0.00000000	     -0.03333345	      0.00000000	      0.03829492	      0.00000000	     -0.00411067	      0.00000000	      0.00000000	      0.00000000	     -0.00000000	      0.00000000	     -0.01925582	      0.00000000	      0.00455750	      0.00000000	     -0.00498295	      0.00000000	     -0.00289745	      0.00000000	      0.00494853	      0.00000000	      0.01142590	      0.00000000	     -0.00000000	      0.00000000	     -0.04000839	      0.00000000	     -0.00000000	      0.00000000	     -0.00000000	      0.00000000	     -0.00000000	      0.00000000	     -0.00000000	      0.00000000	     -0.00000000
     81.00000000	     15.45454562	      0.00000000	      0.05858998	      0.00000000	      0.05776236	      0.00000000	      0.03376715	      0.00000000	      0.01685706	      0.00000000	      0.05798198	      0.00000000	      0.05521359	      0.00000000	      0.01060572	      0.00000000	     -0.00000000	      0.00000000	     -0.00000000	      0.00000000	     -0.00000000	      0.00000000	      0.00000000	      0.00000000	      0.00000000	      0.00000000	     -0.00009344	      0.00000000	      0.00028328	      0.00000000	     -0.01144949	      0.00000000	     -0.00467606	      0.00000000	      0.03546201	      0.00000000	     -0.04657038	      0.00000000	     -0.03669179	      0.00000000	     -0.02530473	      0.00000000	     -0.04206777	      0.00000000	     -0.03999429	      0.00000000	     -0.03299339	      0.00000000	      0.03727342	      0.00000000	     -0.00410728	      0.00000000	      0.00000000	      0.00000000	      0.00000000	      0.00000000	     -0.01898345	      0.00000000	      0.00450920	      0.00000000	     -0.00444557	      0.00000000	     -0.00208524	      0.00000000	      0.00435248	      0.00000000	      0.01059355	      0.00000000	      0.00000000	      0.00000000	     -0.03926166	      0.00000000	     -0.00000000	      0.00000000	      0.00000000	      0.00000000	     -0.00000000	      0.00000000	     -0.00000000	      0.00000000	      0.00000000
     82.00000000	     16.26262643	      0.00000000	      0.05869836	      0.00000000	      0.05762916	      0.00000000	      0.03285826	      0.00000000	      0.01583286	      0.00000000	      0.05748296	      0.00000000	      0.05534775	      0.00000000	      0.00992540	      0.00000000	      0.00000000	      0.00000000	     -0.00000000	      0.00000000	     -0.00000000	      0.00000000	     -0.00000000	      0.00000000	     -0.00000000	      0.00000000	     -0.00009344	      0.00000000	      0.00028328	      0.00000000	     -0.01112719	      0.00000000	     -0.00449885	      0.00000000	      0.03458421	      0.00000000	     -0.04626837	      0.00000000	     -0.03629567	      0.00000000	     -0.02493128	      0.00000000	     -0.04176789	      0.00000000	     -0.03966739	      0.00000000	     -0.03265158	      0.00000000	      0.03623934	      0.00000000	     -0.00411250	      0.00000000	     -0.00000000	      0.00000000	      0.00000000	      0.00000000	     -0.01870973	      0.00000000	      0.00444743	      0.00000000	     -0.00390755	      0.00000000	     -0.00127277	      0.00000000	      0.00375523	      0.00000000	      0.00975742	      0.00000000	     -0.00000000	      0.00000000	     -0.03851297	      0.00000000	      0.00000000	      0.00000000	     -0.00000000	      0.00000000	      0.00000000	      0.00000000	     -0.00000000	      0.00000000	     -0.00000000
     83.00000000	     17.07070725	      0.00000000	      0.05879685	      0.00000000	      0.05748290	      0.00000000	      0.03193691	      0.00000000	      0.01480265	      0.00000000	      0.05696231	      0.00000000	      0.05547026	      0.00000000	      0.00924239	      0.00000000	     -0.00000000	      0.00000000	     -0.00000000	      0.00000000	     -0.00000000	      0.00000000	     -0.00000000	      0.00000000	     -0.00000000	      0.00000000	     -0.00009344	      0.00000000	      0.00028328	      0.00000000	     -0.01080420	      0.00000000	     -0.00432112	      0.00000000	      0.03368262	      0.00000000	     -0.04596160	      0.00000000	     -0.03589661	      0.00000000	     -0.02455617	      0.00000000	     -0.04146536	      0.00000000	     -0.03933838	      0.00000000	     -0.03230806	      0.00000000	      0.03519541	      0.00000000	     -0.00412492	      0.00000000	      0.00000000	      0.00000000	     -0.00000000	      0.00000000	     -0.01843468	      0.00000000	      0.00437723	      0.00000000	     -0.00336897	      0.00000000	     -0.00046015	      0.00000000	      0.00315707	      0.00000000	      0.00891928	      0.00000000	      0.00000000	      0.00000000	     -0.03776236	      0.00000000	     -0.00000000	      0.00000000	      0.00000000	      0.00000000	     -0.00000000	      0.00000000	      0.00000000	      0.00000000	     -0.00000000
     84.00000000	     17.87878806	      0.00000000	      0.05888522	      0.00000000	      0.05732343	      0.00000000	      0.03100369	      0.00000000	      0.01376709	      0.00000000	      0.05641813	      0.00000000	      0.05558321	      0.00000000	      0.00855687	      0.00000000	      0.00000000	      0.00000000	      0.00000000	      0.00000000	      0.00000000	      0.00000000	     -0.00000000	      0.00000000	     -0.00000000	      0.00000000	     -0.00009344	      0.00000000	      0.00028328	      0.00000000	     -0.01048055	      0.00000000	     -0.00414291	      0.00000000	      0.03275729	      0.00000000	     -0.04565013	      0.00000000	     -0.03549464	      0.00000000	     -0.02417945	      0.00000000	     -0.04116022	      0.00000000	     -0.03900728	      0.00000000	     -0.03196283	      0.00000000	      0.03413970	      0.00000000	     -0.00414922	      0.00000000	     -0.00000000	      0.00000000	     -0.00000000	      0.00000000	     -0.01815832	      0.00000000	      0.00429816	      0.00000000	     -0.00282991	      0.00000000	      0.00035252	      0.00000000	      0.00255870	      0.00000000	      0.00807782	      0.00000000	      0.00000000	      0.00000000	     -0.03700986	      0.00000000	     -0.00000000	      0.00000000	     -0.00000000	      0.00000000	     -0.00000000	      0.00000000	      0.00000000	      0.00000000	     -0.00000000
     85.00000000	     18.68686887	      0.00000000	      0.05896324	      0.00000000	      0.05715061	      0.00000000	      0.03005732	      0.00000000	      0.01272617	      0.00000000	      0.05585320	      0.00000000	      0.05568663	      0.00000000	      0.00786901	      0.00000000	      0.00000000	      0.00000000	      0.00000000	      0.00000000	     -0.00000000	      0.00000000	      0.00000000	      0.00000000	      0.00000000	      0.00000000	     -0.00009344	      0.00000000	      0.00028328	      0.00000000	     -0.01015627	      0.00000000	     -0.00396423	      0.00000000	      0.03180836	      0.00000000	     -0.04533405	      0.00000000	     -0.03508981	      0.00000000	     -0.02380112	      0.00000000	     -0.04085250	      0.00000000	     -0.03867412	      0.00000000	     -0.03161592	      0.00000000	      0.03307240	      0.00000000	     -0.00418414	      0.00000000	      0.00000000	      0.00000000	      0.00000000	      0.00000000	     -0.01788067	      0.00000000	      0.00420976	      0.00000000	     -0.00229044	      0.00000000	      0.00116515	      0.00000000	      0.00195907	      0.00000000	      0.00723482	      0.00000000	      0.00000000	      0.00000000	     -0.03625552	      0.00000000	     -0.00000000	      0.00000000	      0.00000000	      0.00000000	      0.00000000	      0.00000000	     -0.00000000	      0.00000000	      0.00000000
     86.00000000	     19.49494968	      0.00000000	      0.05903066	      0.00000000	      0.05696433	      0.00000000	      0.02909891	      0.00000000	      0.01168045	      0.00000000	      0.05526567	      0.00000000	      0.05578061	      0.00000000	      0.00717901	      0.00000000	      0.00000000	      0.00000000	     -0.00000000	      0.00000000	     -0.00000000	      0.00000000	     -0.00000000	      0.00000000	     -0.00000000	      0.00000000	     -0.00009344	      0.00000000	      0.00028328	      0.00000000	     -0.00983136	      0.00000000	     -0.00378511	      0.00000000	      0.03083597	      0.00000000	     -0.04501343	      0.00000000	     -0.03468218	      0.00000000	     -0.02342124	      0.00000000	     -0.04054224	      0.00000000	     -0.03833890	      0.00000000	     -0.03126735	      0.00000000	      0.03199563	      0.00000000	     -0.00423049	      0.00000000	      0.00000000	      0.00000000	      0.00000000	      0.00000000	     -0.01760176	      0.00000000	      0.00411152	      0.00000000	     -0.00175064	      0.00000000	      0.00197764	      0.00000000	      0.00135885	      0.00000000	      0.00638901	      0.00000000	     -0.00000000	      0.00000000	     -0.03549937	      0.00000000	     -0.00000000	      0.00000000	      0.00000000	      0.00000000	     -0.00000000	      0.00000000	      0.00000000	      0.00000000	      0.00000000
     87.00000000	     20.30303050	      0.00000000	      0.05908725	      0.00000000	      0.05676448	      0.00000000	      0.02812902	      0.00000000	      0.01063026	      0.00000000	      0.05465523	      0.00000000	      0.05586473	      0.00000000	      0.00648706	      0.00000000	     -0.00000000	      0.00000000	      0.00000000	      0.00000000	      0.00000000	      0.00000000	     -0.00000000	      0.00000000	     -0.00000000	      0.00000000	     -0.00009344	      0.00000000	      0.00028328	      0.00000000	     -0.00950585	      0.00000000	     -0.00360556	      0.00000000	      0.02984036	      0.00000000	     -0.04468834	      0.00000000	     -0.03427178	      0.00000000	     -0.02303982	      0.00000000	     -0.04022946	      0.00000000	     -0.03800165	      0.00000000	     -0.03091713	      0.00000000	      0.03090769	      0.00000000	     -0.00429371	      0.00000000	     -0.00000000	      0.00000000	     -0.00000000	      0.00000000	     -0.01732161	      0.00000000	      0.00400289	      0.00000000	     -0.00121059	      0.00000000	      0.00278989	      0.00000000	      0.00075834	      0.00000000	      0.00554212	      0.00000000	      0.00000000	      0.00000000	     -0.03474144	      0.00000000	     -0.00000000	      0.00000000	     -0.00000000	      0.00000000	      0.00000000	      0.00000000	     -0.00000000	      0.00000000	     -0.00000000
     88.00000000	     21.11111131	      0.00000000	      0.05913255	      0.00000000	      0.05655110	      0.00000000	      0.02714861	      0.00000000	      0.00957598	      0.00000000	      0.05402075	      0.00000000	      0.05593701	      0.00000000	      0.00579333	      0.00000000	      0.00000000	      0.00000000	      0.00000000	      0.00000000	      0.00000000	      0.00000000	     -0.00000000	      0.00000000	      0.00000000	      0.00000000	     -0.00009344	      0.00000000	      0.00028328	      0.00000000	     -0.00917976	      0.00000000	     -0.00362479	      0.00000000	      0.02882178	      0.00000000	     -0.04435886	      0.00000000	     -0.03385867	      0.00000000	     -0.02265689	      0.00000000	     -0.03991420	      0.00000000	     -0.03766240	      0.00000000	     -0.03056529	      0.00000000	      0.02981049	      0.00000000	     -0.00436664	      0.00000000	      0.00000000	      0.00000000	      0.00000000	      0.00000000	     -0.01704025	      0.00000000	      0.00388327	      0.00000000	     -0.00067037	      0.00000000	      0.00360182	      0.00000000	      0.00015826	      0.00000000	      0.00469289	      0.00000000	      0.00000000	      0.00000000	     -0.03398178	      0.00000000	      0.00000000	      0.00000000	     -0.00000000	      0.00000000	      0.00000000	      0.00000000	     -0.00000000	      0.00000000	     -0.00000000
     89.00000000	     21.91919212	      0.00000000	      0.05916670	      0.00000000	      0.05632377	      0.00000000	      0.02615530	      0.00000000	      0.00851787	      0.00000000	      0.05336202	      0.00000000	      0.05599822	      0.00000000	      0.00509802	      0.00000000	      0.00000000	      0.00000000	      0.00000000	      0.00000000	     -0.00000000	      0.00000000	      0.00000000	      0.00000000	     -0.00000000	      0.00000000	     -0.00009344	      0.00000000	      0.00028328	      0.00000000	     -0.00885312	      0.00000000	     -0.00382382	      0.00000000	      0.02778055	      0.00000000	     -0.04402506	      0.00000000	     -0.03344290	      0.00000000	     -0.02227248	      0.00000000	     -0.03959649	      0.00000000	     -0.03732115	      0.00000000	     -0.03021185	      0.00000000	      0.02870389	      0.00000000	     -0.00445258	      0.00000000	      0.00000000	      0.00000000	     -0.00000000	      0.00000000	     -0.01675769	      0.00000000	      0.00375202	      0.00000000	     -0.00013005	      0.00000000	      0.00441331	      0.00000000	     -0.00044247	      0.00000000	      0.00384308	      0.00000000	     -0.00000000	      0.00000000	     -0.03322043	      0.00000000	      0.00000000	      0.00000000	     -0.00000000	      0.00000000	      0.00000000	      0.00000000	      0.00000000	      0.00000000	     -0.00000000
     90.00000000	     22.72727294	      0.00000000	      0.05919018	      0.00000000	      0.05608242	      0.00000000	      0.02515391	      0.00000000	      0.00745639	      0.00000000	      0.05268071	      0.00000000	      0.05605001	      0.00000000	      0.00440132	      0.00000000	     -0.00000000	      0.00000000	     -0.00000000	      0.00000000	     -0.00000000	      0.00000000	     -0.00000000	      0.00000000	     -0.00000000	      0.00000000	     -0.00009344	      0.00000000	      0.00028328	      0.00000000	     -0.00870992	      0.00000000	     -0.00405189	      0.00000000	      0.02671705	      0.00000000	     -0.04368701	      0.00000000	     -0.03302449	      0.00000000	     -0.02188662	      0.00000000	     -0.03927635	      0.00000000	     -0.03697794	      0.00000000	     -0.02985683	      0.00000000	      0.02758799	      0.00000000	     -0.00455863	      0.00000000	      0.00000000	      0.00000000	      0.00000000	      0.00000000	     -0.01647397	      0.00000000	      0.00360844	      0.00000000	      0.00041029	      0.00000000	      0.00522428	      0.00000000	     -0.00104316	      0.00000000	      0.00299142	      0.00000000	      0.00000000	      0.00000000	     -0.03245742	      0.00000000	      0.00000000	      0.00000000	     -0.00000000	      0.00000000	      0.00000000	      0.00000000	      0.00000000	      0.00000000	      0.00000000
     91.00000000	     23.53535375	      0.00000000	      0.05920075	      0.00000000	      0.05582725	      0.00000000	      0.02414047	      0.00000000	      0.00639195	      0.00000000	      0.05197533	      0.00000000	      0.05608782	      0.00000000	      0.00370342	      0.00000000	     -0.00000000	      0.00000000	     -0.00000000	      0.00000000	     -0.00000000	      0.00000000	      0.00000000	      0.00000000	      0.00000000	      0.00000000	     -0.00009344	      0.00000000	      0.00028328	      0.00000000	     -0.00860276	      0.00000000	     -0.00431227	      0.00000000	      0.02563169	      0.00000000	     -0.04334478	      0.00000000	     -0.03260351	      0.00000000	     -0.02149934	      0.00000000	     -0.03895382	      0.00000000	     -0.03663278	      0.00000000	     -0.02950024	      0.00000000	      0.02646310	      0.00000000	     -0.00468485	      0.00000000	      0.00000000	      0.00000000	      0.00000000	      0.00000000	     -0.01618911	      0.00000000	      0.00345177	      0.00000000	      0.00095057	      0.00000000	      0.00603463	      0.00000000	     -0.00164350	      0.00000000	      0.00213887	      0.00000000	     -0.00000000	      0.00000000	     -0.03169279	      0.00000000	      0.00000000	      0.00000000	     -0.00000000	      0.00000000	     -0.00000000	      0.00000000	      0.00000000	      0.00000000	      0.00000000
     92.00000000	     24.34343456	      0.00000000	      0.05919912	      0.00000000	      0.05555778	      0.00000000	      0.02311769	      0.00000000	      0.00532496	      0.00000000	      0.05124364	      0.00000000	      0.05611332	      0.00000000	      0.00300450	      0.00000000	      0.00000000	      0.00000000	     -0.00000000	      0.00000000	     -0.00000000	      0.00000000	     -0.00000000	      0.00000000	     -0.00000000	      0.00000000	     -0.00009344	      0.00000000	      0.00028328	      0.00000000	     -0.00850863	      0.00000000	     -0.00465918	      0.00000000	      0.02452498	      0.00000000	     -0.04299843	      0.00000000	     -0.03218000	      0.00000000	     -0.02111067	      0.00000000	     -0.03862893	      0.00000000	     -0.03628570	      0.00000000	     -0.02914211	      0.00000000	      0.02533026	      0.00000000	     -0.00482040	      0.00000000	     -0.00000000	      0.00000000	     -0.00000000	      0.00000000	     -0.01590312	      0.00000000	      0.00328731	      0.00000000	      0.00149071	      0.00000000	      0.00684426	      0.00000000	     -0.00224341	      0.00000000	      0.00128651	      0.00000000	     -0.00000000	      0.00000000	     -0.03092657	      0.00000000	     -0.00000000	      0.00000000	     -0.00000000	      0.00000000	     -0.00000000	      0.00000000	      0.00000000	      0.00000000	      0.00000000
     93.00000000	     25.15151537	      0.00000000	      0.05918500	      0.00000000	      0.05527407	      0.00000000	      0.02208498	      0.00000000	      0.00425567	      0.00000000	      0.05048940	      0.00000000	      0.05612827	      0.00000000	      0.00230476	      0.00000000	      0.00000000	      0.00000000	      0.00000000	      0.00000000	     -0.00000000	      0.00000000	      0.00000000	      0.00000000	      0.00000000	      0.00000000	     -0.00009344	      0.00000000	      0.00028328	      0.00000000	     -0.00842925	      0.00000000	     -0.00504361	      0.00000000	      0.02339745	      0.00000000	     -0.04264803	      0.00000000	     -0.03175399	      0.00000000	     -0.02072064	      0.00000000	     -0.03830170	      0.00000000	     -0.03593671	      0.00000000	     -0.02878246	      0.00000000	      0.02418830	      0.00000000	     -0.00498122	      0.00000000	     -0.00000000	      0.00000000	     -0.00000000	      0.00000000	     -0.01561603	      0.00000000	      0.00310816	      0.00000000	      0.00203064	      0.00000000	      0.00765307	      0.00000000	     -0.00284212	      0.00000000	      0.00043302	      0.00000000	     -0.00000000	      0.00000000	     -0.03015882	      0.00000000	     -0.00000000	      0.00000000	     -0.00000000	      0.00000000	      0.00000000	      0.00000000	      0.00000000	      0.00000000	     -0.00000000
     94.00000000	     25.95959619	      0.00000000	      0.05915806	      0.00000000	      0.05497603	      0.00000000	      0.02104248	      0.00000000	      0.00318441	      0.00000000	      0.04970950	      0.00000000	      0.05612762	      0.00000000	      0.00160439	      0.00000000	     -0.00000000	      0.00000000	      0.00000000	      0.00000000	     -0.00000000	      0.00000000	     -0.00000000	      0.00000000	     -0.00000000	      0.00000000	     -0.00009344	      0.00000000	      0.00028328	      0.00000000	     -0.00836669	      0.00000000	     -0.00546652	      0.00000000	      0.02224971	      0.00000000	     -0.04229365	      0.00000000	     -0.03132554	      0.00000000	     -0.02032927	      0.00000000	     -0.03797216	      0.00000000	     -0.03558583	      0.00000000	     -0.02842130	      0.00000000	      0.02304012	      0.00000000	     -0.00516634	      0.00000000	     -0.00000000	      0.00000000	     -0.00000000	      0.00000000	     -0.01532786	      0.00000000	      0.00290731	      0.00000000	      0.00257028	      0.00000000	      0.00846097	      0.00000000	     -0.00344069	      0.00000000	     -0.00041984	      0.00000000	     -0.00000000	      0.00000000	     -0.02938956	      0.00000000	     -0.00000000	      0.00000000	      0.00000000	      0.00000000	      0.00000000	      0.00000000	     -0.00000000	      0.00000000	      0.00000000
     95.00000000	     26.76767700	      0.00000000	      0.05911800	      0.00000000	      0.05466358	      0.00000000	      0.01999143	      0.00000000	      0.00211173	      0.00000000	      0.04890333	      0.00000000	      0.05611330	      0.00000000	      0.00090358	      0.00000000	     -0.00000000	      0.00000000	      0.00000000	      0.00000000	      0.00000000	      0.00000000	     -0.00000000	      0.00000000	      0.00000000	      0.00000000	     -0.00009344	      0.00000000	      0.00028328	      0.00000000	     -0.00856687	      0.00000000	     -0.00596094	      0.00000000	      0.02108243	      0.00000000	     -0.04193535	      0.00000000	     -0.03089468	      0.00000000	     -0.01993659	      0.00000000	     -0.03764035	      0.00000000	     -0.03523309	      0.00000000	     -0.02805866	      0.00000000	      0.02188272	      0.00000000	     -0.00537108	      0.00000000	      0.00000000	      0.00000000	      0.00000000	      0.00000000	     -0.01503865	      0.00000000	      0.00269470	      0.00000000	      0.00310954	      0.00000000	      0.00926786	      0.00000000	     -0.00403843	      0.00000000	     -0.00127333	      0.00000000	     -0.00000000	      0.00000000	     -0.02861883	      0.00000000	      0.00000000	      0.00000000	     -0.00000000	      0.00000000	     -0.00000000	      0.00000000	     -0.00000000	      0.00000000	      0.00000000
     96.00000000	     27.57575781	      0.00000000	      0.05906448	      0.00000000	      0.05433660	      0.00000000	      0.01893177	      0.00000000	      0.00103802	      0.00000000	      0.04807200	      0.00000000	      0.05608696	      0.00000000	      0.00020252	      0.00000000	     -0.00000000	      0.00000000	      0.00000000	      0.00000000	     -0.00000000	      0.00000000	     -0.00000000	      0.00000000	      0.00000000	      0.00000000	     -0.00009344	      0.00000000	      0.00028328	      0.00000000	     -0.00862155	      0.00000000	     -0.00653172	      0.00000000	      0.01989632	      0.00000000	     -0.04157320	      0.00000000	     -0.03046147	      0.00000000	     -0.01954263	      0.00000000	     -0.03730628	      0.00000000	     -0.03487850	      0.00000000	     -0.02769456	      0.00000000	      0.02071808	      0.00000000	     -0.00560689	      0.00000000	      0.00000000	      0.00000000	      0.00000000	      0.00000000	     -0.01474840	      0.00000000	      0.00245886	      0.00000000	      0.00364837	      0.00000000	      0.01007364	      0.00000000	     -0.00463506	      0.00000000	     -0.00212644	      0.00000000	      0.00000000	      0.00000000	     -0.02784667	      0.00000000	      0.00000000	      0.00000000	     -0.00000000	      0.00000000	     -0.00000000	      0.00000000	      0.00000000	      0.00000000	      0.00000000
     97.00000000	     28.38383863	      0.00000000	      0.05899717	      0.00000000	      0.05399500	      0.00000000	      0.01786344	      0.00000000	     -0.00003644	      0.00000000	      0.04721479	      0.00000000	      0.05604338	      0.00000000	     -0.00049860	      0.00000000	      0.00000000	      0.00000000	     -0.00000000	      0.00000000	      0.00000000	      0.00000000	      0.00000000	      0.00000000	     -0.00000000	      0.00000000	     -0.00009344	      0.00000000	      0.00028328	      0.00000000	     -0.00871976	      0.00000000	     -0.00719624	      0.00000000	      0.01869219	      0.00000000	     -0.04120724	      0.00000000	     -0.03002593	      0.00000000	     -0.01914742	      0.00000000	     -0.03696999	      0.00000000	     -0.03452209	      0.00000000	     -0.02732901	      0.00000000	      0.01954443	      0.00000000	     -0.00586486	      0.00000000	      0.00000000	      0.00000000	     -0.00000000	      0.00000000	     -0.01445714	      0.00000000	      0.00220290	      0.00000000	      0.00418666	      0.00000000	      0.01087822	      0.00000000	     -0.00523047	      0.00000000	     -0.00297895	      0.00000000	     -0.00000000	      0.00000000	     -0.02707313	      0.00000000	      0.00000000	      0.00000000	      0.00000000	      0.00000000	     -0.00000000	      0.00000000	      0.00000000	      0.00000000	     -0.00000000
     98.00000000	     29.19191944	      0.00000000	      0.05891570	      0.00000000	      0.05363907	      0.00000000	      0.01678527	      0.00000000	     -0.00111123	      0.00000000	      0.04633319	      0.00000000	      0.05598428	      0.00000000	     -0.00119957	      0.00000000	     -0.00000000	      0.00000000	      0.00000000	      0.00000000	      0.00000000	      0.00000000	      0.00000000	      0.00000000	      0.00000000	      0.00000000	     -0.00009344	      0.00000000	      0.00028328	      0.00000000	     -0.00885625	      0.00000000	     -0.00796013	      0.00000000	      0.01747087	      0.00000000	     -0.04083756	      0.00000000	     -0.02958812	      0.00000000	     -0.01875099	      0.00000000	     -0.03663151	      0.00000000	     -0.03416387	      0.00000000	     -0.02696204	      0.00000000	      0.01836431	      0.00000000	     -0.00616385	      0.00000000	      0.00000000	      0.00000000	      0.00000000	      0.00000000	     -0.01416489	      0.00000000	      0.00192454	      0.00000000	      0.00472436	      0.00000000	      0.01168149	      0.00000000	     -0.00582391	      0.00000000	     -0.00382980	      0.00000000	      0.00000000	      0.00000000	     -0.02629823	      0.00000000	      0.00000000	      0.00000000	      0.00000000	      0.00000000	     -0.00000000	      0.00000000	      0.00000000	      0.00000000	      0.00000000
     99.00000000	     30.00000025	      0.00000000	      0.05881979	      0.00000000	      0.05326823	      0.00000000	      0.01570303	      0.00000000	     -0.00218523	      0.00000000	      0.04542269	      0.00000000	      0.05590921	      0.00000000	     -0.00189975	      0.00000000	      0.00000000	      0.00000000	     -0.00000000	      0.00000000	      0.00000000	      0.00000000	     -0.00000000	      0.00000000	      0.00000000	      0.00000000	     -0.00009344	      0.00000000	      0.00028328	      0.00000000	     -0.00904575	      0.00000000	     -0.00884949	      0.00000000	      0.01623411	      0.00000000	     -0.04046445	      0.00000000	     -0.02914837	      0.00000000	     -0.01835362	      0.00000000	     -0.03629109	      0.00000000	     -0.03380411	      0.00000000	     -0.02659392	      0.00000000	      0.01717888	      0.00000000	     -0.00649182	      0.00000000	     -0.00000000	      0.00000000	      0.00000000	      0.00000000	     -0.01387188	      0.00000000	      0.00162534	      0.00000000	      0.00526101	      0.00000000	      0.01248283	      0.00000000	     -0.00641603	      0.00000000	     -0.00467974	      0.00000000	      0.00000000	      0.00000000	     -0.02552255	      0.00000000	      0.00000000	      0.00000000	      0.00000000	      0.00000000	      0.00000000	      0.00000000	      0.00000000	      0.00000000	      0.00000000
