UNKNOWN
version=1
nRows=100
nColumns=82
inDegrees=no
endheader
time	/jointset/walker_knee_r/knee_angle_r/value	addbrev_l	addbrev_r	addlong_l	addlong_r	addmagDist_l	addmagDist_r	addmagIsch_l	addmagIsch_r	addmagMid_l	addmagMid_r	addmagProx_l	addmagProx_r	bflh_l	bflh_r	bfsh_l	bfsh_r	edl_l	edl_r	ehl_l	ehl_r	fdl_l	fdl_r	fhl_l	fhl_r	gaslat_l	gaslat_r	gasmed_l	gasmed_r	glmax1_l	glmax1_r	glmax2_l	glmax2_r	glmax3_l	glmax3_r	glmed1_l	glmed1_r	glmed2_l	glmed2_r	glmed3_l	glmed3_r	glmin1_l	glmin1_r	glmin2_l	glmin2_r	glmin3_l	glmin3_r	grac_l	grac_r	iliacus_l	iliacus_r	perbrev_l	perbrev_r	perlong_l	perlong_r	piri_l	piri_r	psoas_l	psoas_r	recfem_l	recfem_r	sart_l	sart_r	semimem_l	semimem_r	semiten_l	semiten_r	soleus_l	soleus_r	tfl_l	tfl_r	tibant_l	tibant_r	tibpost_l	tibpost_r	vasint_l	vasint_r	vaslat_l	vaslat_r	vasmed_l	vasmed_r
      0.00000000	      0.00000000	      0.00000000	      0.00000000	      0.00000000	      0.00000000	      0.00000000	      0.00000000	      0.00000000	      0.00000000	      0.00000000	      0.00000000	      0.00000000	      0.00000000	      0.00000000	      0.02895123	      0.00000000	      0.02133692	      0.00000000	     -0.00000000	      0.00000000	     -0.00000000	      0.00000000	     -0.00000000	      0.00000000	     -0.00000000	      0.00000000	      0.02304430	      0.00000000	      0.01761484	      0.00000000	      0.00000000	      0.00000000	      0.00000000	      0.00000000	      0.00000000	      0.00000000	      0.00000000	      0.00000000	      0.00000000	      0.00000000	      0.00000000	      0.00000000	      0.00000000	      0.00000000	      0.00000000	      0.00000000	      0.00000000	      0.00000000	      0.02199025	      0.00000000	      0.00000000	      0.00000000	     -0.00000000	      0.00000000	     -0.00000000	      0.00000000	      0.00000000	      0.00000000	      0.00000000	      0.00000000	     -0.04733144	      0.00000000	      0.01110630	      0.00000000	      0.03180819	      0.00000000	      0.03801065	      0.00000000	      0.00000000	      0.00000000	     -0.01647670	      0.00000000	     -0.00000000	      0.00000000	      0.00000000	      0.00000000	     -0.04590346	      0.00000000	     -0.04030720	      0.00000000	     -0.04413277
      1.00000000	      1.21212405	      0.00000000	      0.00000000	      0.00000000	      0.00000000	      0.00000000	      0.00000000	      0.00000000	      0.00000000	      0.00000000	      0.00000000	      0.00000000	      0.00000000	      0.00000000	      0.02912930	      0.00000000	      0.02156516	      0.00000000	      0.00000000	      0.00000000	      0.00000000	      0.00000000	     -0.00000000	      0.00000000	     -0.00000000	      0.00000000	      0.02290232	      0.00000000	      0.01772947	      0.00000000	      0.00000000	      0.00000000	      0.00000000	      0.00000000	      0.00000000	      0.00000000	      0.00000000	      0.00000000	      0.00000000	      0.00000000	      0.00000000	      0.00000000	      0.00000000	      0.00000000	      0.00000000	      0.00000000	      0.00000000	      0.00000000	      0.02275208	      0.00000000	      0.00000000	      0.00000000	      0.00000000	      0.00000000	     -0.00000000	      0.00000000	      0.00000000	      0.00000000	      0.00000000	      0.00000000	     -0.04760619	      0.00000000	      0.01189417	      0.00000000	      0.03226433	      0.00000000	      0.03853823	      0.00000000	     -0.00000000	      0.00000000	     -0.01650077	      0.00000000	     -0.00000000	      0.00000000	     -0.00000000	      0.00000000	     -0.04604693	      0.00000000	     -0.04124460	      0.00000000	     -0.04450810
      2.00000000	      2.42424809	      0.00000000	      0.00000000	      0.00000000	      0.00000000	      0.00000000	      0.00000000	      0.00000000	      0.00000000	      0.00000000	      0.00000000	      0.00000000	      0.00000000	      0.00000000	      0.02930843	      0.00000000	      0.02180023	      0.00000000	     -0.00000000	      0.00000000	      0.00000000	      0.00000000	      0.00000000	      0.00000000	     -0.00000000	      0.00000000	      0.02277165	      0.00000000	      0.01784526	      0.00000000	      0.00000000	      0.00000000	      0.00000000	      0.00000000	      0.00000000	      0.00000000	      0.00000000	      0.00000000	      0.00000000	      0.00000000	      0.00000000	      0.00000000	      0.00000000	      0.00000000	      0.00000000	      0.00000000	      0.00000000	      0.00000000	      0.02349411	      0.00000000	      0.00000000	      0.00000000	     -0.00000000	      0.00000000	     -0.00000000	      0.00000000	      0.00000000	      0.00000000	      0.00000000	      0.00000000	     -0.04776969	      0.00000000	      0.01266849	      0.00000000	      0.03271211	      0.00000000	      0.03905286	      0.00000000	     -0.00000000	      0.00000000	     -0.01651319	      0.00000000	     -0.00000000	      0.00000000	     -0.00000000	      0.00000000	     -0.04606381	      0.00000000	     -0.04202532	      0.00000000	     -0.04473129
      3.00000000	      3.63637214	      0.00000000	      0.00000000	      0.00000000	      0.00000000	      0.00000000	      0.00000000	      0.00000000	      0.00000000	      0.00000000	      0.00000000	      0.00000000	      0.00000000	      0.00000000	      0.02948881	      0.00000000	      0.02204233	      0.00000000	     -0.00000000	      0.00000000	     -0.00000000	      0.00000000	     -0.00000000	      0.00000000	     -0.00000000	      0.00000000	      0.02264935	      0.00000000	      0.01796410	      0.00000000	      0.00000000	      0.00000000	      0.00000000	      0.00000000	      0.00000000	      0.00000000	      0.00000000	      0.00000000	      0.00000000	      0.00000000	      0.00000000	      0.00000000	      0.00000000	      0.00000000	      0.00000000	      0.00000000	      0.00000000	      0.00000000	      0.02421511	      0.00000000	      0.00000000	      0.00000000	      0.00000000	      0.00000000	     -0.00000000	      0.00000000	      0.00000000	      0.00000000	      0.00000000	      0.00000000	     -0.04784844	      0.00000000	      0.01342903	      0.00000000	      0.03315167	      0.00000000	      0.03955490	      0.00000000	      0.00000000	      0.00000000	     -0.01651430	      0.00000000	      0.00000000	      0.00000000	     -0.00000000	      0.00000000	     -0.04598394	      0.00000000	     -0.04267394	      0.00000000	     -0.04483339
      4.00000000	      4.84849619	      0.00000000	      0.00000000	      0.00000000	      0.00000000	      0.00000000	      0.00000000	      0.00000000	      0.00000000	      0.00000000	      0.00000000	      0.00000000	      0.00000000	      0.00000000	      0.02967064	      0.00000000	      0.02229170	      0.00000000	     -0.00000000	      0.00000000	     -0.00000000	      0.00000000	     -0.00000000	      0.00000000	      0.00000000	      0.00000000	      0.02253414	      0.00000000	      0.01808397	      0.00000000	      0.00000000	      0.00000000	      0.00000000	      0.00000000	      0.00000000	      0.00000000	      0.00000000	      0.00000000	      0.00000000	      0.00000000	      0.00000000	      0.00000000	      0.00000000	      0.00000000	      0.00000000	      0.00000000	      0.00000000	      0.00000000	      0.02491550	      0.00000000	      0.00000000	      0.00000000	     -0.00000000	      0.00000000	      0.00000000	      0.00000000	      0.00000000	      0.00000000	      0.00000000	      0.00000000	     -0.04786561	      0.00000000	      0.01417594	      0.00000000	      0.03358332	      0.00000000	      0.04004492	      0.00000000	     -0.00000000	      0.00000000	     -0.01650443	      0.00000000	      0.00000000	      0.00000000	      0.00000000	      0.00000000	     -0.04583349	      0.00000000	     -0.04321274	      0.00000000	     -0.04484189
      5.00000000	      6.06062023	      0.00000000	      0.00000000	      0.00000000	      0.00000000	      0.00000000	      0.00000000	      0.00000000	      0.00000000	      0.00000000	      0.00000000	      0.00000000	      0.00000000	      0.00000000	      0.02985413	      0.00000000	      0.02254856	      0.00000000	      0.00000000	      0.00000000	     -0.00000000	      0.00000000	     -0.00000000	      0.00000000	     -0.00000000	      0.00000000	      0.02242293	      0.00000000	      0.01820694	      0.00000000	      0.00000000	      0.00000000	      0.00000000	      0.00000000	      0.00000000	      0.00000000	      0.00000000	      0.00000000	      0.00000000	      0.00000000	      0.00000000	      0.00000000	      0.00000000	      0.00000000	      0.00000000	      0.00000000	      0.00000000	      0.00000000	      0.02559788	      0.00000000	      0.00000000	      0.00000000	     -0.00000000	      0.00000000	     -0.00000000	      0.00000000	      0.00000000	      0.00000000	      0.00000000	      0.00000000	     -0.04784100	      0.00000000	      0.01490935	      0.00000000	      0.03400736	      0.00000000	      0.04052348	      0.00000000	      0.00000000	      0.00000000	     -0.01648392	      0.00000000	     -0.00000000	      0.00000000	      0.00000000	      0.00000000	     -0.04563495	      0.00000000	     -0.04366114	      0.00000000	     -0.04478056
      6.00000000	      7.27274428	      0.00000000	      0.00000000	      0.00000000	      0.00000000	      0.00000000	      0.00000000	      0.00000000	      0.00000000	      0.00000000	      0.00000000	      0.00000000	      0.00000000	      0.00000000	      0.03003940	      0.00000000	      0.02281310	      0.00000000	     -0.00000000	      0.00000000	      0.00000000	      0.00000000	      0.00000000	      0.00000000	      0.00000000	      0.00000000	      0.02232127	      0.00000000	      0.01833039	      0.00000000	      0.00000000	      0.00000000	      0.00000000	      0.00000000	      0.00000000	      0.00000000	      0.00000000	      0.00000000	      0.00000000	      0.00000000	      0.00000000	      0.00000000	      0.00000000	      0.00000000	      0.00000000	      0.00000000	      0.00000000	      0.00000000	      0.02625917	      0.00000000	      0.00000000	      0.00000000	      0.00000000	      0.00000000	      0.00000000	      0.00000000	      0.00000000	      0.00000000	      0.00000000	      0.00000000	     -0.04779114	      0.00000000	      0.01562939	      0.00000000	      0.03442407	      0.00000000	      0.04099108	      0.00000000	      0.00000000	      0.00000000	     -0.01645311	      0.00000000	      0.00000000	      0.00000000	      0.00000000	      0.00000000	     -0.04540727	      0.00000000	     -0.04403577	      0.00000000	     -0.04466955
      7.00000000	      8.48486833	      0.00000000	      0.00000000	      0.00000000	      0.00000000	      0.00000000	      0.00000000	      0.00000000	      0.00000000	      0.00000000	      0.00000000	      0.00000000	      0.00000000	      0.00000000	      0.03022659	      0.00000000	      0.02308546	      0.00000000	      0.00000000	      0.00000000	     -0.00000000	      0.00000000	     -0.00000000	      0.00000000	     -0.00000000	      0.00000000	      0.02222901	      0.00000000	      0.01845391	      0.00000000	      0.00000000	      0.00000000	      0.00000000	      0.00000000	      0.00000000	      0.00000000	      0.00000000	      0.00000000	      0.00000000	      0.00000000	      0.00000000	      0.00000000	      0.00000000	      0.00000000	      0.00000000	      0.00000000	      0.00000000	      0.00000000	      0.02690191	      0.00000000	      0.00000000	      0.00000000	      0.00000000	      0.00000000	     -0.00000000	      0.00000000	      0.00000000	      0.00000000	      0.00000000	      0.00000000	     -0.04772945	      0.00000000	      0.01633621	      0.00000000	      0.03483368	      0.00000000	      0.04144820	      0.00000000	     -0.00000000	      0.00000000	     -0.01641230	      0.00000000	     -0.00000000	      0.00000000	      0.00000000	      0.00000000	     -0.04516600	      0.00000000	     -0.04435040	      0.00000000	     -0.04452552
      8.00000000	      9.69699237	      0.00000000	      0.00000000	      0.00000000	      0.00000000	      0.00000000	      0.00000000	      0.00000000	      0.00000000	      0.00000000	      0.00000000	      0.00000000	      0.00000000	      0.00000000	      0.03041577	      0.00000000	      0.02336576	      0.00000000	     -0.00000000	      0.00000000	      0.00000000	      0.00000000	     -0.00000000	      0.00000000	     -0.00000000	      0.00000000	      0.02214240	      0.00000000	      0.01858155	      0.00000000	      0.00000000	      0.00000000	      0.00000000	      0.00000000	      0.00000000	      0.00000000	      0.00000000	      0.00000000	      0.00000000	      0.00000000	      0.00000000	      0.00000000	      0.00000000	      0.00000000	      0.00000000	      0.00000000	      0.00000000	      0.00000000	      0.02752799	      0.00000000	      0.00000000	      0.00000000	      0.00000000	      0.00000000	      0.00000000	      0.00000000	      0.00000000	      0.00000000	      0.00000000	      0.00000000	     -0.04766637	      0.00000000	      0.01702994	      0.00000000	      0.03523642	      0.00000000	      0.04189529	      0.00000000	      0.00000000	      0.00000000	     -0.01636180	      0.00000000	     -0.00000000	      0.00000000	      0.00000000	      0.00000000	     -0.04492347	      0.00000000	     -0.04461614	      0.00000000	     -0.04436181
      9.00000000	     10.90911642	      0.00000000	      0.00000000	      0.00000000	      0.00000000	      0.00000000	      0.00000000	      0.00000000	      0.00000000	      0.00000000	      0.00000000	      0.00000000	      0.00000000	      0.00000000	      0.03060699	      0.00000000	      0.02365413	      0.00000000	     -0.00000000	      0.00000000	     -0.00000000	      0.00000000	     -0.00000000	      0.00000000	      0.00000000	      0.00000000	      0.02206782	      0.00000000	      0.01870953	      0.00000000	      0.00000000	      0.00000000	      0.00000000	      0.00000000	      0.00000000	      0.00000000	      0.00000000	      0.00000000	      0.00000000	      0.00000000	      0.00000000	      0.00000000	      0.00000000	      0.00000000	      0.00000000	      0.00000000	      0.00000000	      0.00000000	      0.02813804	      0.00000000	      0.00000000	      0.00000000	     -0.00000000	      0.00000000	      0.00000000	      0.00000000	      0.00000000	      0.00000000	      0.00000000	      0.00000000	     -0.04760631	      0.00000000	      0.01771066	      0.00000000	      0.03563245	      0.00000000	      0.04233273	      0.00000000	     -0.00000000	      0.00000000	     -0.01630187	      0.00000000	     -0.00000000	      0.00000000	      0.00000000	      0.00000000	     -0.04468568	      0.00000000	     -0.04483774	      0.00000000	     -0.04418512
     10.00000000	     12.12124047	      0.00000000	      0.00000000	      0.00000000	      0.00000000	      0.00000000	      0.00000000	      0.00000000	      0.00000000	      0.00000000	      0.00000000	      0.00000000	      0.00000000	      0.00000000	      0.03080034	      0.00000000	      0.02395069	      0.00000000	     -0.00000000	      0.00000000	      0.00000000	      0.00000000	      0.00000000	      0.00000000	      0.00000000	      0.00000000	      0.02199411	      0.00000000	      0.01883997	      0.00000000	      0.00000000	      0.00000000	      0.00000000	      0.00000000	      0.00000000	      0.00000000	      0.00000000	      0.00000000	      0.00000000	      0.00000000	      0.00000000	      0.00000000	      0.00000000	      0.00000000	      0.00000000	      0.00000000	      0.00000000	      0.00000000	      0.02872825	      0.00000000	      0.00000000	      0.00000000	     -0.00000000	      0.00000000	     -0.00000000	      0.00000000	      0.00000000	      0.00000000	      0.00000000	      0.00000000	     -0.04754561	      0.00000000	      0.01837836	      0.00000000	      0.03602186	      0.00000000	      0.04276080	      0.00000000	      0.00000000	      0.00000000	     -0.01623269	      0.00000000	      0.00000000	      0.00000000	      0.00000000	      0.00000000	     -0.04445023	      0.00000000	     -0.04501139	      0.00000000	     -0.04399327
     11.00000000	     13.33336451	      0.00000000	      0.00000000	      0.00000000	      0.00000000	      0.00000000	      0.00000000	      0.00000000	      0.00000000	      0.00000000	      0.00000000	      0.00000000	      0.00000000	      0.00000000	      0.03099578	      0.00000000	      0.02425549	      0.00000000	      0.00000000	      0.00000000	      0.00000000	      0.00000000	      0.00000000	      0.00000000	     -0.00000000	      0.00000000	      0.02192878	      0.00000000	      0.01897039	      0.00000000	      0.00000000	      0.00000000	      0.00000000	      0.00000000	      0.00000000	      0.00000000	      0.00000000	      0.00000000	      0.00000000	      0.00000000	      0.00000000	      0.00000000	      0.00000000	      0.00000000	      0.00000000	      0.00000000	      0.00000000	      0.00000000	      0.02930508	      0.00000000	      0.00000000	      0.00000000	     -0.00000000	      0.00000000	     -0.00000000	      0.00000000	      0.00000000	      0.00000000	      0.00000000	      0.00000000	     -0.04748457	      0.00000000	      0.01903316	      0.00000000	      0.03640481	      0.00000000	      0.04317987	      0.00000000	     -0.00000000	      0.00000000	     -0.01615454	      0.00000000	     -0.00000000	      0.00000000	      0.00000000	      0.00000000	     -0.04421875	      0.00000000	     -0.04513875	      0.00000000	     -0.04378866
     12.00000000	     14.54548856	      0.00000000	      0.00000000	      0.00000000	      0.00000000	      0.00000000	      0.00000000	      0.00000000	      0.00000000	      0.00000000	      0.00000000	      0.00000000	      0.00000000	      0.00000000	      0.03119327	      0.00000000	      0.02456851	      0.00000000	     -0.00000000	      0.00000000	     -0.00000000	      0.00000000	      0.00000000	      0.00000000	      0.00000000	      0.00000000	      0.02197084	      0.00000000	      0.01910188	      0.00000000	      0.00000000	      0.00000000	      0.00000000	      0.00000000	      0.00000000	      0.00000000	      0.00000000	      0.00000000	      0.00000000	      0.00000000	      0.00000000	      0.00000000	      0.00000000	      0.00000000	      0.00000000	      0.00000000	      0.00000000	      0.00000000	      0.02986193	      0.00000000	      0.00000000	      0.00000000	      0.00000000	      0.00000000	      0.00000000	      0.00000000	      0.00000000	      0.00000000	      0.00000000	      0.00000000	     -0.04742143	      0.00000000	      0.01967521	      0.00000000	      0.03678144	      0.00000000	      0.04359027	      0.00000000	     -0.00000000	      0.00000000	     -0.01606767	      0.00000000	      0.00000000	      0.00000000	      0.00000000	      0.00000000	     -0.04399063	      0.00000000	     -0.04521960	      0.00000000	     -0.04357144
     13.00000000	     15.75761261	      0.00000000	      0.00000000	      0.00000000	      0.00000000	      0.00000000	      0.00000000	      0.00000000	      0.00000000	      0.00000000	      0.00000000	      0.00000000	      0.00000000	      0.00000000	      0.03139271	      0.00000000	      0.02488969	      0.00000000	     -0.00000000	      0.00000000	      0.00000000	      0.00000000	     -0.00000000	      0.00000000	     -0.00000000	      0.00000000	      0.02206734	      0.00000000	      0.01923422	      0.00000000	      0.00000000	      0.00000000	      0.00000000	      0.00000000	      0.00000000	      0.00000000	      0.00000000	      0.00000000	      0.00000000	      0.00000000	      0.00000000	      0.00000000	      0.00000000	      0.00000000	      0.00000000	      0.00000000	      0.00000000	      0.00000000	      0.03040478	      0.00000000	      0.00000000	      0.00000000	     -0.00000000	      0.00000000	      0.00000000	      0.00000000	      0.00000000	      0.00000000	      0.00000000	      0.00000000	     -0.04735221	      0.00000000	      0.02030464	      0.00000000	      0.03715190	      0.00000000	      0.04399234	      0.00000000	      0.00000000	      0.00000000	     -0.01597234	      0.00000000	     -0.00000000	      0.00000000	      0.00000000	      0.00000000	     -0.04376285	      0.00000000	     -0.04525170	      0.00000000	     -0.04333934
     14.00000000	     16.96973665	      0.00000000	      0.00000000	      0.00000000	      0.00000000	      0.00000000	      0.00000000	      0.00000000	      0.00000000	      0.00000000	      0.00000000	      0.00000000	      0.00000000	      0.00000000	      0.03159399	      0.00000000	      0.02521898	      0.00000000	     -0.00000000	      0.00000000	      0.00000000	      0.00000000	     -0.00000000	      0.00000000	      0.00000000	      0.00000000	      0.02217073	      0.00000000	      0.01936757	      0.00000000	      0.00000000	      0.00000000	      0.00000000	      0.00000000	      0.00000000	      0.00000000	      0.00000000	      0.00000000	      0.00000000	      0.00000000	      0.00000000	      0.00000000	      0.00000000	      0.00000000	      0.00000000	      0.00000000	      0.00000000	      0.00000000	      0.03093405	      0.00000000	      0.00000000	      0.00000000	     -0.00000000	      0.00000000	     -0.00000000	      0.00000000	      0.00000000	      0.00000000	      0.00000000	      0.00000000	     -0.04727086	      0.00000000	      0.02092158	      0.00000000	      0.03751630	      0.00000000	      0.04438637	      0.00000000	     -0.00000000	      0.00000000	     -0.01586880	      0.00000000	      0.00000000	      0.00000000	     -0.00000000	      0.00000000	     -0.04353027	      0.00000000	     -0.04523091	      0.00000000	     -0.04308795
     15.00000000	     18.18186070	      0.00000000	      0.00000000	      0.00000000	      0.00000000	      0.00000000	      0.00000000	      0.00000000	      0.00000000	      0.00000000	      0.00000000	      0.00000000	      0.00000000	      0.00000000	      0.03179695	      0.00000000	      0.02555626	      0.00000000	     -0.00000000	      0.00000000	     -0.00000000	      0.00000000	      0.00000000	      0.00000000	     -0.00000000	      0.00000000	      0.02228036	      0.00000000	      0.01950183	      0.00000000	      0.00000000	      0.00000000	      0.00000000	      0.00000000	      0.00000000	      0.00000000	      0.00000000	      0.00000000	      0.00000000	      0.00000000	      0.00000000	      0.00000000	      0.00000000	      0.00000000	      0.00000000	      0.00000000	      0.00000000	      0.00000000	      0.03145017	      0.00000000	      0.00000000	      0.00000000	     -0.00000000	      0.00000000	      0.00000000	      0.00000000	      0.00000000	      0.00000000	      0.00000000	      0.00000000	     -0.04716951	      0.00000000	      0.02152617	      0.00000000	      0.03791148	      0.00000000	      0.04477264	      0.00000000	      0.00000000	      0.00000000	     -0.01575728	      0.00000000	      0.00000000	      0.00000000	      0.00000000	      0.00000000	     -0.04328576	      0.00000000	     -0.04515144	      0.00000000	     -0.04281094
     16.00000000	     19.39398475	      0.00000000	      0.00000000	      0.00000000	      0.00000000	      0.00000000	      0.00000000	      0.00000000	      0.00000000	      0.00000000	      0.00000000	      0.00000000	      0.00000000	      0.00000000	      0.03200141	      0.00000000	      0.02590139	      0.00000000	      0.00000000	      0.00000000	      0.00000000	      0.00000000	     -0.00000000	      0.00000000	     -0.00000000	      0.00000000	      0.02239674	      0.00000000	      0.01963684	      0.00000000	      0.00000000	      0.00000000	      0.00000000	      0.00000000	      0.00000000	      0.00000000	      0.00000000	      0.00000000	      0.00000000	      0.00000000	      0.00000000	      0.00000000	      0.00000000	      0.00000000	      0.00000000	      0.00000000	      0.00000000	      0.00000000	      0.03195354	      0.00000000	      0.00000000	      0.00000000	      0.00000000	      0.00000000	      0.00000000	      0.00000000	      0.00000000	      0.00000000	      0.00000000	      0.00000000	     -0.04703862	      0.00000000	      0.02211854	      0.00000000	      0.03846861	      0.00000000	      0.04515140	      0.00000000	     -0.00000000	      0.00000000	     -0.01563802	      0.00000000	     -0.00000000	      0.00000000	     -0.00000000	      0.00000000	     -0.04302046	      0.00000000	     -0.04500607	      0.00000000	     -0.04250028
     17.00000000	     20.60610879	      0.00000000	      0.00000000	      0.00000000	      0.00000000	      0.00000000	      0.00000000	      0.00000000	      0.00000000	      0.00000000	      0.00000000	      0.00000000	      0.00000000	      0.00000000	      0.03220711	      0.00000000	      0.02625413	      0.00000000	      0.00000000	      0.00000000	      0.00000000	      0.00000000	      0.00000000	      0.00000000	      0.00000000	      0.00000000	      0.02251829	      0.00000000	      0.01977314	      0.00000000	      0.00000000	      0.00000000	      0.00000000	      0.00000000	      0.00000000	      0.00000000	      0.00000000	      0.00000000	      0.00000000	      0.00000000	      0.00000000	      0.00000000	      0.00000000	      0.00000000	      0.00000000	      0.00000000	      0.00000000	      0.00000000	      0.03244469	      0.00000000	      0.00000000	      0.00000000	     -0.00000000	      0.00000000	      0.00000000	      0.00000000	      0.00000000	      0.00000000	      0.00000000	      0.00000000	     -0.04687639	      0.00000000	      0.02269895	      0.00000000	      0.03900604	      0.00000000	      0.04552301	      0.00000000	      0.00000000	      0.00000000	     -0.01551133	      0.00000000	      0.00000000	      0.00000000	      0.00000000	      0.00000000	     -0.04273335	      0.00000000	     -0.04479649	      0.00000000	     -0.04215644
     18.00000000	     21.81823284	      0.00000000	      0.00000000	      0.00000000	      0.00000000	      0.00000000	      0.00000000	      0.00000000	      0.00000000	      0.00000000	      0.00000000	      0.00000000	      0.00000000	      0.00000000	      0.03241351	      0.00000000	      0.02661373	      0.00000000	     -0.00000000	      0.00000000	      0.00000000	      0.00000000	      0.00000000	      0.00000000	     -0.00000000	      0.00000000	      0.02264560	      0.00000000	      0.01990957	      0.00000000	      0.00000000	      0.00000000	      0.00000000	      0.00000000	      0.00000000	      0.00000000	      0.00000000	      0.00000000	      0.00000000	      0.00000000	      0.00000000	      0.00000000	      0.00000000	      0.00000000	      0.00000000	      0.00000000	      0.00000000	      0.00000000	      0.03292479	      0.00000000	      0.00000000	      0.00000000	      0.00000000	      0.00000000	      0.00000000	      0.00000000	      0.00000000	      0.00000000	      0.00000000	      0.00000000	     -0.04672881	      0.00000000	      0.02326831	      0.00000000	      0.03952432	      0.00000000	      0.04588824	      0.00000000	      0.00000000	      0.00000000	     -0.01537800	      0.00000000	      0.00000000	      0.00000000	      0.00000000	      0.00000000	     -0.04247198	      0.00000000	     -0.04457718	      0.00000000	     -0.04183156
     19.00000000	     23.03035689	      0.00000000	      0.00000000	      0.00000000	      0.00000000	      0.00000000	      0.00000000	      0.00000000	      0.00000000	      0.00000000	      0.00000000	      0.00000000	      0.00000000	      0.00000000	      0.03262031	      0.00000000	      0.02697988	      0.00000000	     -0.00000000	      0.00000000	      0.00000000	      0.00000000	      0.00000000	      0.00000000	     -0.00000000	      0.00000000	      0.02277571	      0.00000000	      0.02004703	      0.00000000	      0.00000000	      0.00000000	      0.00000000	      0.00000000	      0.00000000	      0.00000000	      0.00000000	      0.00000000	      0.00000000	      0.00000000	      0.00000000	      0.00000000	      0.00000000	      0.00000000	      0.00000000	      0.00000000	      0.00000000	      0.00000000	      0.03339432	      0.00000000	      0.00000000	      0.00000000	      0.00000000	      0.00000000	     -0.00000000	      0.00000000	      0.00000000	      0.00000000	      0.00000000	      0.00000000	     -0.04660007	      0.00000000	      0.02382686	      0.00000000	      0.04002353	      0.00000000	      0.04624739	      0.00000000	      0.00000000	      0.00000000	     -0.01523835	      0.00000000	      0.00000000	      0.00000000	      0.00000000	      0.00000000	     -0.04224124	      0.00000000	     -0.04435566	      0.00000000	     -0.04153229
     20.00000000	     24.24248093	      0.00000000	      0.00000000	      0.00000000	      0.00000000	      0.00000000	      0.00000000	      0.00000000	      0.00000000	      0.00000000	      0.00000000	      0.00000000	      0.00000000	      0.00000000	      0.03282722	      0.00000000	      0.02735232	      0.00000000	      0.00000000	      0.00000000	     -0.00000000	      0.00000000	     -0.00000000	      0.00000000	     -0.00000000	      0.00000000	      0.02291282	      0.00000000	      0.02018481	      0.00000000	      0.00000000	      0.00000000	      0.00000000	      0.00000000	      0.00000000	      0.00000000	      0.00000000	      0.00000000	      0.00000000	      0.00000000	      0.00000000	      0.00000000	      0.00000000	      0.00000000	      0.00000000	      0.00000000	      0.00000000	      0.00000000	      0.03385363	      0.00000000	      0.00000000	      0.00000000	     -0.00000000	      0.00000000	     -0.00000000	      0.00000000	      0.00000000	      0.00000000	      0.00000000	      0.00000000	     -0.04648463	      0.00000000	      0.02437470	      0.00000000	      0.04050369	      0.00000000	      0.04684350	      0.00000000	     -0.00000000	      0.00000000	     -0.01509260	      0.00000000	     -0.00000000	      0.00000000	      0.00000000	      0.00000000	     -0.04203609	      0.00000000	     -0.04412893	      0.00000000	     -0.04125488
     21.00000000	     25.45460498	      0.00000000	      0.00000000	      0.00000000	      0.00000000	      0.00000000	      0.00000000	      0.00000000	      0.00000000	      0.00000000	      0.00000000	      0.00000000	      0.00000000	      0.00000000	      0.03303394	      0.00000000	      0.02773078	      0.00000000	     -0.00000000	      0.00000000	     -0.00000000	      0.00000000	     -0.00000000	      0.00000000	     -0.00000000	      0.00000000	      0.02305123	      0.00000000	      0.02032598	      0.00000000	      0.00000000	      0.00000000	      0.00000000	      0.00000000	      0.00000000	      0.00000000	      0.00000000	      0.00000000	      0.00000000	      0.00000000	      0.00000000	      0.00000000	      0.00000000	      0.00000000	      0.00000000	      0.00000000	      0.00000000	      0.00000000	      0.03430304	      0.00000000	      0.00000000	      0.00000000	      0.00000000	      0.00000000	      0.00000000	      0.00000000	      0.00000000	      0.00000000	      0.00000000	      0.00000000	     -0.04637622	      0.00000000	      0.02491193	      0.00000000	      0.04096481	      0.00000000	      0.04744703	      0.00000000	     -0.00000000	      0.00000000	     -0.01494096	      0.00000000	     -0.00000000	      0.00000000	     -0.00000000	      0.00000000	     -0.04185075	      0.00000000	     -0.04389341	      0.00000000	     -0.04099486
     22.00000000	     26.66672902	      0.00000000	      0.00000000	      0.00000000	      0.00000000	      0.00000000	      0.00000000	      0.00000000	      0.00000000	      0.00000000	      0.00000000	      0.00000000	      0.00000000	      0.00000000	      0.03324013	      0.00000000	      0.02811498	      0.00000000	     -0.00000000	      0.00000000	     -0.00000000	      0.00000000	      0.00000000	      0.00000000	      0.00000000	      0.00000000	      0.02319567	      0.00000000	      0.02072277	      0.00000000	      0.00000000	      0.00000000	      0.00000000	      0.00000000	      0.00000000	      0.00000000	      0.00000000	      0.00000000	      0.00000000	      0.00000000	      0.00000000	      0.00000000	      0.00000000	      0.00000000	      0.00000000	      0.00000000	      0.00000000	      0.00000000	      0.03474290	      0.00000000	      0.00000000	      0.00000000	     -0.00000000	      0.00000000	     -0.00000000	      0.00000000	      0.00000000	      0.00000000	      0.00000000	      0.00000000	     -0.04626794	      0.00000000	      0.02543867	      0.00000000	      0.04140687	      0.00000000	      0.04802897	      0.00000000	     -0.00000000	      0.00000000	     -0.01478361	      0.00000000	      0.00000000	      0.00000000	      0.00000000	      0.00000000	     -0.04167882	      0.00000000	     -0.04364512	      0.00000000	     -0.04074723
     23.00000000	     27.87885307	      0.00000000	      0.00000000	      0.00000000	      0.00000000	      0.00000000	      0.00000000	      0.00000000	      0.00000000	      0.00000000	      0.00000000	      0.00000000	      0.00000000	      0.00000000	      0.03344546	      0.00000000	      0.02850458	      0.00000000	      0.00000000	      0.00000000	      0.00000000	      0.00000000	      0.00000000	      0.00000000	     -0.00000000	      0.00000000	      0.02334072	      0.00000000	      0.02111355	      0.00000000	      0.00000000	      0.00000000	      0.00000000	      0.00000000	      0.00000000	      0.00000000	      0.00000000	      0.00000000	      0.00000000	      0.00000000	      0.00000000	      0.00000000	      0.00000000	      0.00000000	      0.00000000	      0.00000000	      0.00000000	      0.00000000	      0.03517352	      0.00000000	      0.00000000	      0.00000000	      0.00000000	      0.00000000	      0.00000000	      0.00000000	      0.00000000	      0.00000000	      0.00000000	      0.00000000	     -0.04615254	      0.00000000	      0.02595501	      0.00000000	      0.04182988	      0.00000000	      0.04858931	      0.00000000	     -0.00000000	      0.00000000	     -0.01462078	      0.00000000	      0.00000000	      0.00000000	      0.00000000	      0.00000000	     -0.04151352	      0.00000000	     -0.04337983	      0.00000000	     -0.04050660
     24.00000000	     29.09097712	      0.00000000	      0.00000000	      0.00000000	      0.00000000	      0.00000000	      0.00000000	      0.00000000	      0.00000000	      0.00000000	      0.00000000	      0.00000000	      0.00000000	      0.00000000	      0.03364956	      0.00000000	      0.02889926	      0.00000000	     -0.00000000	      0.00000000	     -0.00000000	      0.00000000	     -0.00000000	      0.00000000	      0.00000000	      0.00000000	      0.02349016	      0.00000000	      0.02149820	      0.00000000	      0.00000000	      0.00000000	      0.00000000	      0.00000000	      0.00000000	      0.00000000	      0.00000000	      0.00000000	      0.00000000	      0.00000000	      0.00000000	      0.00000000	      0.00000000	      0.00000000	      0.00000000	      0.00000000	      0.00000000	      0.00000000	      0.03559519	      0.00000000	      0.00000000	      0.00000000	     -0.00000000	      0.00000000	      0.00000000	      0.00000000	      0.00000000	      0.00000000	      0.00000000	      0.00000000	     -0.04602249	      0.00000000	      0.02646106	      0.00000000	      0.04223385	      0.00000000	      0.04912801	      0.00000000	     -0.00000000	      0.00000000	     -0.01445263	      0.00000000	     -0.00000000	      0.00000000	     -0.00000000	      0.00000000	     -0.04134777	      0.00000000	     -0.04309314	      0.00000000	     -0.04026738
     25.00000000	     30.30310116	      0.00000000	      0.00000000	      0.00000000	      0.00000000	      0.00000000	      0.00000000	      0.00000000	      0.00000000	      0.00000000	      0.00000000	      0.00000000	      0.00000000	      0.00000000	      0.03385200	      0.00000000	      0.02929861	      0.00000000	     -0.00000000	      0.00000000	     -0.00000000	      0.00000000	     -0.00000000	      0.00000000	     -0.00000000	      0.00000000	      0.02364180	      0.00000000	      0.02187655	      0.00000000	      0.00000000	      0.00000000	      0.00000000	      0.00000000	      0.00000000	      0.00000000	      0.00000000	      0.00000000	      0.00000000	      0.00000000	      0.00000000	      0.00000000	      0.00000000	      0.00000000	      0.00000000	      0.00000000	      0.00000000	      0.00000000	      0.03600824	      0.00000000	      0.00000000	      0.00000000	     -0.00000000	      0.00000000	     -0.00000000	      0.00000000	      0.00000000	      0.00000000	      0.00000000	      0.00000000	     -0.04587048	      0.00000000	      0.02695690	      0.00000000	      0.04261874	      0.00000000	      0.04964504	      0.00000000	     -0.00000000	      0.00000000	     -0.01427940	      0.00000000	     -0.00000000	      0.00000000	      0.00000000	      0.00000000	     -0.04117434	      0.00000000	     -0.04278110	      0.00000000	     -0.04002370
     26.00000000	     31.51522521	      0.00000000	      0.00000000	      0.00000000	      0.00000000	      0.00000000	      0.00000000	      0.00000000	      0.00000000	      0.00000000	      0.00000000	      0.00000000	      0.00000000	      0.00000000	      0.03405166	      0.00000000	      0.02970146	      0.00000000	      0.00000000	      0.00000000	     -0.00000000	      0.00000000	      0.00000000	      0.00000000	     -0.00000000	      0.00000000	      0.02379422	      0.00000000	      0.02224884	      0.00000000	      0.00000000	      0.00000000	      0.00000000	      0.00000000	      0.00000000	      0.00000000	      0.00000000	      0.00000000	      0.00000000	      0.00000000	      0.00000000	      0.00000000	      0.00000000	      0.00000000	      0.00000000	      0.00000000	      0.00000000	      0.00000000	      0.03641290	      0.00000000	      0.00000000	      0.00000000	     -0.00000000	      0.00000000	      0.00000000	      0.00000000	      0.00000000	      0.00000000	      0.00000000	      0.00000000	     -0.04569619	      0.00000000	      0.02744282	      0.00000000	      0.04298431	      0.00000000	      0.05014013	      0.00000000	      0.00000000	      0.00000000	     -0.01410202	      0.00000000	      0.00000000	      0.00000000	      0.00000000	      0.00000000	     -0.04098488	      0.00000000	     -0.04244843	      0.00000000	     -0.03976592
     27.00000000	     32.72734926	      0.00000000	      0.00000000	      0.00000000	      0.00000000	      0.00000000	      0.00000000	      0.00000000	      0.00000000	      0.00000000	      0.00000000	      0.00000000	      0.00000000	      0.00000000	      0.03424781	      0.00000000	      0.03010708	      0.00000000	      0.00000000	      0.00000000	      0.00000000	      0.00000000	     -0.00000000	      0.00000000	     -0.00000000	      0.00000000	      0.02394843	      0.00000000	      0.02261469	      0.00000000	      0.00000000	      0.00000000	      0.00000000	      0.00000000	      0.00000000	      0.00000000	      0.00000000	      0.00000000	      0.00000000	      0.00000000	      0.00000000	      0.00000000	      0.00000000	      0.00000000	      0.00000000	      0.00000000	      0.00000000	      0.00000000	      0.03680942	      0.00000000	      0.00000000	      0.00000000	     -0.00000000	      0.00000000	      0.00000000	      0.00000000	      0.00000000	      0.00000000	      0.00000000	      0.00000000	     -0.04549875	      0.00000000	      0.02791900	      0.00000000	      0.04333041	      0.00000000	      0.05061314	      0.00000000	      0.00000000	      0.00000000	     -0.01392096	      0.00000000	      0.00000000	      0.00000000	      0.00000000	      0.00000000	     -0.04077522	      0.00000000	     -0.04209581	      0.00000000	     -0.03948899
     28.00000000	     33.93947330	      0.00000000	      0.00000000	      0.00000000	      0.00000000	      0.00000000	      0.00000000	      0.00000000	      0.00000000	      0.00000000	      0.00000000	      0.00000000	      0.00000000	      0.00000000	      0.03444004	      0.00000000	      0.03051508	      0.00000000	      0.00000000	      0.00000000	      0.00000000	      0.00000000	      0.00000000	      0.00000000	      0.00000000	      0.00000000	      0.02410244	      0.00000000	      0.02297514	      0.00000000	      0.00000000	      0.00000000	      0.00000000	      0.00000000	      0.00000000	      0.00000000	      0.00000000	      0.00000000	      0.00000000	      0.00000000	      0.00000000	      0.00000000	      0.00000000	      0.00000000	      0.00000000	      0.00000000	      0.00000000	      0.00000000	      0.03719807	      0.00000000	      0.00000000	      0.00000000	      0.00000000	      0.00000000	      0.00000000	      0.00000000	      0.00000000	      0.00000000	      0.00000000	      0.00000000	     -0.04527513	      0.00000000	      0.02838555	      0.00000000	      0.04365703	      0.00000000	      0.05106402	      0.00000000	     -0.00000000	      0.00000000	     -0.01373634	      0.00000000	      0.00000000	      0.00000000	     -0.00000000	      0.00000000	     -0.04054241	      0.00000000	     -0.04172041	      0.00000000	     -0.03918987
     29.00000000	     35.15159735	      0.00000000	      0.00000000	      0.00000000	      0.00000000	      0.00000000	      0.00000000	      0.00000000	      0.00000000	      0.00000000	      0.00000000	      0.00000000	      0.00000000	      0.00000000	      0.03462793	      0.00000000	      0.03092504	      0.00000000	     -0.00000000	      0.00000000	      0.00000000	      0.00000000	     -0.00000000	      0.00000000	     -0.00000000	      0.00000000	      0.02425660	      0.00000000	      0.02332934	      0.00000000	      0.00000000	      0.00000000	      0.00000000	      0.00000000	      0.00000000	      0.00000000	      0.00000000	      0.00000000	      0.00000000	      0.00000000	      0.00000000	      0.00000000	      0.00000000	      0.00000000	      0.00000000	      0.00000000	      0.00000000	      0.00000000	      0.03757909	      0.00000000	      0.00000000	      0.00000000	     -0.00000000	      0.00000000	      0.00000000	      0.00000000	      0.00000000	      0.00000000	      0.00000000	      0.00000000	     -0.04502214	      0.00000000	      0.02884257	      0.00000000	      0.04396414	      0.00000000	      0.05149271	      0.00000000	      0.00000000	      0.00000000	     -0.01354829	      0.00000000	     -0.00000000	      0.00000000	     -0.00000000	      0.00000000	     -0.04028337	      0.00000000	     -0.04131923	      0.00000000	     -0.03886537
     30.00000000	     36.36372140	      0.00000000	      0.00000000	      0.00000000	      0.00000000	      0.00000000	      0.00000000	      0.00000000	      0.00000000	      0.00000000	      0.00000000	      0.00000000	      0.00000000	      0.00000000	      0.03481102	      0.00000000	      0.03133651	      0.00000000	     -0.00000000	      0.00000000	      0.00000000	      0.00000000	      0.00000000	      0.00000000	      0.00000000	      0.00000000	      0.02441140	      0.00000000	      0.02367744	      0.00000000	      0.00000000	      0.00000000	      0.00000000	      0.00000000	      0.00000000	      0.00000000	      0.00000000	      0.00000000	      0.00000000	      0.00000000	      0.00000000	      0.00000000	      0.00000000	      0.00000000	      0.00000000	      0.00000000	      0.00000000	      0.00000000	      0.03795272	      0.00000000	      0.00000000	      0.00000000	     -0.00000000	      0.00000000	     -0.00000000	      0.00000000	      0.00000000	      0.00000000	      0.00000000	      0.00000000	     -0.04473647	      0.00000000	      0.02929018	      0.00000000	      0.04425171	      0.00000000	      0.05189912	      0.00000000	     -0.00000000	      0.00000000	     -0.01335694	      0.00000000	      0.00000000	      0.00000000	      0.00000000	      0.00000000	     -0.03999486	      0.00000000	     -0.04088918	      0.00000000	     -0.03851217
     31.00000000	     37.57584544	      0.00000000	      0.00000000	      0.00000000	      0.00000000	      0.00000000	      0.00000000	      0.00000000	      0.00000000	      0.00000000	      0.00000000	      0.00000000	      0.00000000	      0.00000000	      0.03498887	      0.00000000	      0.03174905	      0.00000000	     -0.00000000	      0.00000000	     -0.00000000	      0.00000000	     -0.00000000	      0.00000000	      0.00000000	      0.00000000	      0.02456500	      0.00000000	      0.02401938	      0.00000000	      0.00000000	      0.00000000	      0.00000000	      0.00000000	      0.00000000	      0.00000000	      0.00000000	      0.00000000	      0.00000000	      0.00000000	      0.00000000	      0.00000000	      0.00000000	      0.00000000	      0.00000000	      0.00000000	      0.00000000	      0.00000000	      0.03847225	      0.00000000	      0.00000000	      0.00000000	      0.00000000	      0.00000000	     -0.00000000	      0.00000000	      0.00000000	      0.00000000	      0.00000000	      0.00000000	     -0.04441470	      0.00000000	      0.02972846	      0.00000000	      0.04451970	      0.00000000	      0.05228320	      0.00000000	     -0.00000000	      0.00000000	     -0.01316240	      0.00000000	     -0.00000000	      0.00000000	     -0.00000000	      0.00000000	     -0.03967354	      0.00000000	     -0.04042700	      0.00000000	     -0.03812681
     32.00000000	     38.78796949	      0.00000000	      0.00000000	      0.00000000	      0.00000000	      0.00000000	      0.00000000	      0.00000000	      0.00000000	      0.00000000	      0.00000000	      0.00000000	      0.00000000	      0.00000000	      0.03516101	      0.00000000	      0.03216221	      0.00000000	     -0.00000000	      0.00000000	     -0.00000000	      0.00000000	     -0.00000000	      0.00000000	      0.00000000	      0.00000000	      0.02471845	      0.00000000	      0.02435510	      0.00000000	      0.00000000	      0.00000000	      0.00000000	      0.00000000	      0.00000000	      0.00000000	      0.00000000	      0.00000000	      0.00000000	      0.00000000	      0.00000000	      0.00000000	      0.00000000	      0.00000000	      0.00000000	      0.00000000	      0.00000000	      0.00000000	      0.03902010	      0.00000000	      0.00000000	      0.00000000	      0.00000000	      0.00000000	      0.00000000	      0.00000000	      0.00000000	      0.00000000	      0.00000000	      0.00000000	     -0.04405327	      0.00000000	      0.03015754	      0.00000000	      0.04476810	      0.00000000	      0.05264486	      0.00000000	     -0.00000000	      0.00000000	     -0.01296479	      0.00000000	      0.00000000	      0.00000000	     -0.00000000	      0.00000000	     -0.03931594	      0.00000000	     -0.03992937	      0.00000000	     -0.03770573
     33.00000000	     40.00009354	      0.00000000	      0.00000000	      0.00000000	      0.00000000	      0.00000000	      0.00000000	      0.00000000	      0.00000000	      0.00000000	      0.00000000	      0.00000000	      0.00000000	      0.00000000	      0.03532698	      0.00000000	      0.03257549	      0.00000000	     -0.00000000	      0.00000000	     -0.00000000	      0.00000000	     -0.00000000	      0.00000000	      0.00000000	      0.00000000	      0.02486991	      0.00000000	      0.02468451	      0.00000000	      0.00000000	      0.00000000	      0.00000000	      0.00000000	      0.00000000	      0.00000000	      0.00000000	      0.00000000	      0.00000000	      0.00000000	      0.00000000	      0.00000000	      0.00000000	      0.00000000	      0.00000000	      0.00000000	      0.00000000	      0.00000000	      0.03954892	      0.00000000	      0.00000000	      0.00000000	     -0.00000000	      0.00000000	     -0.00000000	      0.00000000	      0.00000000	      0.00000000	      0.00000000	      0.00000000	     -0.04364855	      0.00000000	      0.03057750	      0.00000000	      0.04499687	      0.00000000	      0.05298404	      0.00000000	      0.00000000	      0.00000000	     -0.01276420	      0.00000000	      0.00000000	      0.00000000	     -0.00000000	      0.00000000	     -0.03891848	      0.00000000	     -0.03939286	      0.00000000	     -0.03724528
     34.00000000	     41.21221758	      0.00000000	      0.00000000	      0.00000000	      0.00000000	      0.00000000	      0.00000000	      0.00000000	      0.00000000	      0.00000000	      0.00000000	      0.00000000	      0.00000000	      0.00000000	      0.03548646	      0.00000000	      0.03298845	      0.00000000	      0.00000000	      0.00000000	     -0.00000000	      0.00000000	     -0.00000000	      0.00000000	     -0.00000000	      0.00000000	      0.02501958	      0.00000000	      0.02500767	      0.00000000	      0.00000000	      0.00000000	      0.00000000	      0.00000000	      0.00000000	      0.00000000	      0.00000000	      0.00000000	      0.00000000	      0.00000000	      0.00000000	      0.00000000	      0.00000000	      0.00000000	      0.00000000	      0.00000000	      0.00000000	      0.00000000	      0.04005939	      0.00000000	      0.00000000	      0.00000000	     -0.00000000	      0.00000000	      0.00000000	      0.00000000	      0.00000000	      0.00000000	      0.00000000	      0.00000000	     -0.04323618	      0.00000000	      0.03098907	      0.00000000	      0.04520650	      0.00000000	      0.05330121	      0.00000000	      0.00000000	      0.00000000	     -0.01256080	      0.00000000	     -0.00000000	      0.00000000	      0.00000000	      0.00000000	     -0.03851648	      0.00000000	     -0.03885345	      0.00000000	     -0.03678253
     35.00000000	     42.42434163	      0.00000000	      0.00000000	      0.00000000	      0.00000000	      0.00000000	      0.00000000	      0.00000000	      0.00000000	      0.00000000	      0.00000000	      0.00000000	      0.00000000	      0.00000000	      0.03563918	      0.00000000	      0.03340063	      0.00000000	      0.00000000	      0.00000000	     -0.00000000	      0.00000000	     -0.00000000	      0.00000000	     -0.00000000	      0.00000000	      0.02516679	      0.00000000	      0.02532458	      0.00000000	      0.00000000	      0.00000000	      0.00000000	      0.00000000	      0.00000000	      0.00000000	      0.00000000	      0.00000000	      0.00000000	      0.00000000	      0.00000000	      0.00000000	      0.00000000	      0.00000000	      0.00000000	      0.00000000	      0.00000000	      0.00000000	      0.04055216	      0.00000000	      0.00000000	      0.00000000	     -0.00000000	      0.00000000	      0.00000000	      0.00000000	      0.00000000	      0.00000000	      0.00000000	      0.00000000	     -0.04285694	      0.00000000	      0.03139296	      0.00000000	      0.04539747	      0.00000000	      0.05359683	      0.00000000	     -0.00000000	      0.00000000	     -0.01235475	      0.00000000	      0.00000000	      0.00000000	     -0.00000000	      0.00000000	     -0.03815033	      0.00000000	     -0.03835205	      0.00000000	     -0.03635975
     36.00000000	     43.63646568	      0.00000000	      0.00000000	      0.00000000	      0.00000000	      0.00000000	      0.00000000	      0.00000000	      0.00000000	      0.00000000	      0.00000000	      0.00000000	      0.00000000	      0.00000000	      0.03578467	      0.00000000	      0.03381152	      0.00000000	      0.00000000	      0.00000000	      0.00000000	      0.00000000	      0.00000000	      0.00000000	      0.00000000	      0.00000000	      0.02531193	      0.00000000	      0.02563509	      0.00000000	      0.00000000	      0.00000000	      0.00000000	      0.00000000	      0.00000000	      0.00000000	      0.00000000	      0.00000000	      0.00000000	      0.00000000	      0.00000000	      0.00000000	      0.00000000	      0.00000000	      0.00000000	      0.00000000	      0.00000000	      0.00000000	      0.04102722	      0.00000000	      0.00000000	      0.00000000	     -0.00000000	      0.00000000	      0.00000000	      0.00000000	      0.00000000	      0.00000000	      0.00000000	      0.00000000	     -0.04251484	      0.00000000	      0.03178923	      0.00000000	      0.04556972	      0.00000000	      0.05387079	      0.00000000	     -0.00000000	      0.00000000	     -0.01214617	      0.00000000	      0.00000000	      0.00000000	      0.00000000	      0.00000000	     -0.03782409	      0.00000000	     -0.03789248	      0.00000000	     -0.03598098
     37.00000000	     44.84858972	      0.00000000	      0.00000000	      0.00000000	      0.00000000	      0.00000000	      0.00000000	      0.00000000	      0.00000000	      0.00000000	      0.00000000	      0.00000000	      0.00000000	      0.00000000	      0.03592245	      0.00000000	      0.03422061	      0.00000000	      0.00000000	      0.00000000	      0.00000000	      0.00000000	      0.00000000	      0.00000000	      0.00000000	      0.00000000	      0.02545316	      0.00000000	      0.02593901	      0.00000000	      0.00000000	      0.00000000	      0.00000000	      0.00000000	      0.00000000	      0.00000000	      0.00000000	      0.00000000	      0.00000000	      0.00000000	      0.00000000	      0.00000000	      0.00000000	      0.00000000	      0.00000000	      0.00000000	      0.00000000	      0.00000000	      0.04148458	      0.00000000	      0.00000000	      0.00000000	      0.00000000	      0.00000000	     -0.00000000	      0.00000000	      0.00000000	      0.00000000	      0.00000000	      0.00000000	     -0.04221388	      0.00000000	      0.03217794	      0.00000000	      0.04572321	      0.00000000	      0.05412299	      0.00000000	     -0.00000000	      0.00000000	     -0.01193519	      0.00000000	     -0.00000000	      0.00000000	     -0.00000000	      0.00000000	     -0.03754172	      0.00000000	     -0.03747852	      0.00000000	     -0.03565018
     38.00000000	     46.06071377	      0.00000000	      0.00000000	      0.00000000	      0.00000000	      0.00000000	      0.00000000	      0.00000000	      0.00000000	      0.00000000	      0.00000000	      0.00000000	      0.00000000	      0.00000000	      0.03605206	      0.00000000	      0.03462740	      0.00000000	     -0.00000000	      0.00000000	      0.00000000	      0.00000000	      0.00000000	      0.00000000	      0.00000000	      0.00000000	      0.02559099	      0.00000000	      0.02623616	      0.00000000	      0.00000000	      0.00000000	      0.00000000	      0.00000000	      0.00000000	      0.00000000	      0.00000000	      0.00000000	      0.00000000	      0.00000000	      0.00000000	      0.00000000	      0.00000000	      0.00000000	      0.00000000	      0.00000000	      0.00000000	      0.00000000	      0.04192423	      0.00000000	      0.00000000	      0.00000000	     -0.00000000	      0.00000000	      0.00000000	      0.00000000	      0.00000000	      0.00000000	      0.00000000	      0.00000000	     -0.04195801	      0.00000000	      0.03255916	      0.00000000	      0.04585788	      0.00000000	      0.05435331	      0.00000000	      0.00000000	      0.00000000	     -0.01172195	      0.00000000	      0.00000000	      0.00000000	      0.00000000	      0.00000000	     -0.03730716	      0.00000000	     -0.03711392	      0.00000000	     -0.03537129
     39.00000000	     47.27283782	      0.00000000	      0.00000000	      0.00000000	      0.00000000	      0.00000000	      0.00000000	      0.00000000	      0.00000000	      0.00000000	      0.00000000	      0.00000000	      0.00000000	      0.00000000	      0.03617302	      0.00000000	      0.03503136	      0.00000000	      0.00000000	      0.00000000	      0.00000000	      0.00000000	      0.00000000	      0.00000000	     -0.00000000	      0.00000000	      0.02572445	      0.00000000	      0.02652632	      0.00000000	      0.00000000	      0.00000000	      0.00000000	      0.00000000	      0.00000000	      0.00000000	      0.00000000	      0.00000000	      0.00000000	      0.00000000	      0.00000000	      0.00000000	      0.00000000	      0.00000000	      0.00000000	      0.00000000	      0.00000000	      0.00000000	      0.04234615	      0.00000000	      0.00000000	      0.00000000	      0.00000000	      0.00000000	      0.00000000	      0.00000000	      0.00000000	      0.00000000	      0.00000000	      0.00000000	     -0.04175115	      0.00000000	      0.03293292	      0.00000000	      0.04597368	      0.00000000	      0.05456164	      0.00000000	      0.00000000	      0.00000000	     -0.01150656	      0.00000000	      0.00000000	      0.00000000	      0.00000000	      0.00000000	     -0.03712434	      0.00000000	     -0.03680239	      0.00000000	     -0.03514815
     40.00000000	     48.48496186	      0.00000000	      0.00000000	      0.00000000	      0.00000000	      0.00000000	      0.00000000	      0.00000000	      0.00000000	      0.00000000	      0.00000000	      0.00000000	      0.00000000	      0.00000000	      0.03628487	      0.00000000	      0.03543194	      0.00000000	     -0.00000000	      0.00000000	     -0.00000000	      0.00000000	      0.00000000	      0.00000000	      0.00000000	      0.00000000	      0.02585415	      0.00000000	      0.02680962	      0.00000000	      0.00000000	      0.00000000	      0.00000000	      0.00000000	      0.00000000	      0.00000000	      0.00000000	      0.00000000	      0.00000000	      0.00000000	      0.00000000	      0.00000000	      0.00000000	      0.00000000	      0.00000000	      0.00000000	      0.00000000	      0.00000000	      0.04275035	      0.00000000	      0.00000000	      0.00000000	      0.00000000	      0.00000000	     -0.00000000	      0.00000000	      0.00000000	      0.00000000	      0.00000000	      0.00000000	     -0.04159723	      0.00000000	      0.03329929	      0.00000000	      0.04607055	      0.00000000	      0.05474787	      0.00000000	     -0.00000000	      0.00000000	     -0.01128915	      0.00000000	     -0.00000000	      0.00000000	      0.00000000	      0.00000000	     -0.03699715	      0.00000000	     -0.03654763	      0.00000000	     -0.03498461
     41.00000000	     49.69708591	      0.00000000	      0.00000000	      0.00000000	      0.00000000	      0.00000000	      0.00000000	      0.00000000	      0.00000000	      0.00000000	      0.00000000	      0.00000000	      0.00000000	      0.00000000	      0.03638713	      0.00000000	      0.03582863	      0.00000000	     -0.00000000	      0.00000000	      0.00000000	      0.00000000	     -0.00000000	      0.00000000	     -0.00000000	      0.00000000	      0.02597832	      0.00000000	      0.02708521	      0.00000000	      0.00000000	      0.00000000	      0.00000000	      0.00000000	      0.00000000	      0.00000000	      0.00000000	      0.00000000	      0.00000000	      0.00000000	      0.00000000	      0.00000000	      0.00000000	      0.00000000	      0.00000000	      0.00000000	      0.00000000	      0.00000000	      0.04313682	      0.00000000	      0.00000000	      0.00000000	      0.00000000	      0.00000000	      0.00000000	      0.00000000	      0.00000000	      0.00000000	      0.00000000	      0.00000000	     -0.04150016	      0.00000000	      0.03365832	      0.00000000	      0.04614845	      0.00000000	      0.05491189	      0.00000000	      0.00000000	      0.00000000	     -0.01106985	      0.00000000	     -0.00000000	      0.00000000	     -0.00000000	      0.00000000	     -0.03692946	      0.00000000	     -0.03635334	      0.00000000	     -0.03488446
     42.00000000	     50.90920996	      0.00000000	      0.00000000	      0.00000000	      0.00000000	      0.00000000	      0.00000000	      0.00000000	      0.00000000	      0.00000000	      0.00000000	      0.00000000	      0.00000000	      0.00000000	      0.03647905	      0.00000000	      0.03622054	      0.00000000	      0.00000000	      0.00000000	     -0.00000000	      0.00000000	     -0.00000000	      0.00000000	     -0.00000000	      0.00000000	      0.02609704	      0.00000000	      0.02735329	      0.00000000	      0.00000000	      0.00000000	      0.00000000	      0.00000000	      0.00000000	      0.00000000	      0.00000000	      0.00000000	      0.00000000	      0.00000000	      0.00000000	      0.00000000	      0.00000000	      0.00000000	      0.00000000	      0.00000000	      0.00000000	      0.00000000	      0.04350551	      0.00000000	      0.00000000	      0.00000000	     -0.00000000	      0.00000000	      0.00000000	      0.00000000	      0.00000000	      0.00000000	      0.00000000	      0.00000000	     -0.04143400	      0.00000000	      0.03401015	      0.00000000	      0.04620721	      0.00000000	      0.05505348	      0.00000000	     -0.00000000	      0.00000000	     -0.01084907	      0.00000000	     -0.00000000	      0.00000000	      0.00000000	      0.00000000	     -0.03689531	      0.00000000	     -0.03619302	      0.00000000	     -0.03482045
     43.00000000	     52.12133400	      0.00000000	      0.00000000	      0.00000000	      0.00000000	      0.00000000	      0.00000000	      0.00000000	      0.00000000	      0.00000000	      0.00000000	      0.00000000	      0.00000000	      0.00000000	      0.03655948	      0.00000000	      0.03660636	      0.00000000	      0.00000000	      0.00000000	      0.00000000	      0.00000000	      0.00000000	      0.00000000	      0.00000000	      0.00000000	      0.02620960	      0.00000000	      0.02761396	      0.00000000	      0.00000000	      0.00000000	      0.00000000	      0.00000000	      0.00000000	      0.00000000	      0.00000000	      0.00000000	      0.00000000	      0.00000000	      0.00000000	      0.00000000	      0.00000000	      0.00000000	      0.00000000	      0.00000000	      0.00000000	      0.00000000	      0.04385633	      0.00000000	      0.00000000	      0.00000000	      0.00000000	      0.00000000	      0.00000000	      0.00000000	      0.00000000	      0.00000000	      0.00000000	      0.00000000	     -0.04132561	      0.00000000	      0.03435513	      0.00000000	      0.04624646	      0.00000000	      0.05517225	      0.00000000	     -0.00000000	      0.00000000	     -0.01062758	      0.00000000	     -0.00000000	      0.00000000	      0.00000000	      0.00000000	     -0.03682162	      0.00000000	     -0.03599285	      0.00000000	     -0.03471650
     44.00000000	     53.33345805	      0.00000000	      0.00000000	      0.00000000	      0.00000000	      0.00000000	      0.00000000	      0.00000000	      0.00000000	      0.00000000	      0.00000000	      0.00000000	      0.00000000	      0.00000000	      0.03662797	      0.00000000	      0.03698552	      0.00000000	      0.00000000	      0.00000000	     -0.00000000	      0.00000000	      0.00000000	      0.00000000	      0.00000000	      0.00000000	      0.02631560	      0.00000000	      0.02786702	      0.00000000	      0.00000000	      0.00000000	      0.00000000	      0.00000000	      0.00000000	      0.00000000	      0.00000000	      0.00000000	      0.00000000	      0.00000000	      0.00000000	      0.00000000	      0.00000000	      0.00000000	      0.00000000	      0.00000000	      0.00000000	      0.00000000	      0.04418923	      0.00000000	      0.00000000	      0.00000000	      0.00000000	      0.00000000	     -0.00000000	      0.00000000	      0.00000000	      0.00000000	      0.00000000	      0.00000000	     -0.04116765	      0.00000000	      0.03469333	      0.00000000	      0.04626613	      0.00000000	      0.05526805	      0.00000000	      0.00000000	      0.00000000	     -0.01040550	      0.00000000	      0.00000000	      0.00000000	      0.00000000	      0.00000000	     -0.03670113	      0.00000000	     -0.03574580	      0.00000000	     -0.03456525
     45.00000000	     54.54558210	      0.00000000	      0.00000000	      0.00000000	      0.00000000	      0.00000000	      0.00000000	      0.00000000	      0.00000000	      0.00000000	      0.00000000	      0.00000000	      0.00000000	      0.00000000	      0.03668410	      0.00000000	      0.03735749	      0.00000000	      0.00000000	      0.00000000	      0.00000000	      0.00000000	      0.00000000	      0.00000000	      0.00000000	      0.00000000	      0.02641469	      0.00000000	      0.02811229	      0.00000000	      0.00000000	      0.00000000	      0.00000000	      0.00000000	      0.00000000	      0.00000000	      0.00000000	      0.00000000	      0.00000000	      0.00000000	      0.00000000	      0.00000000	      0.00000000	      0.00000000	      0.00000000	      0.00000000	      0.00000000	      0.00000000	      0.04450418	      0.00000000	      0.00000000	      0.00000000	      0.00000000	      0.00000000	      0.00000000	      0.00000000	      0.00000000	      0.00000000	      0.00000000	      0.00000000	     -0.04095595	      0.00000000	      0.03502479	      0.00000000	      0.04626615	      0.00000000	      0.05534074	      0.00000000	      0.00000000	      0.00000000	     -0.01018290	      0.00000000	      0.00000000	      0.00000000	     -0.00000000	      0.00000000	     -0.03652972	      0.00000000	     -0.03544806	      0.00000000	     -0.03436260
     46.00000000	     55.75770614	      0.00000000	      0.00000000	      0.00000000	      0.00000000	      0.00000000	      0.00000000	      0.00000000	      0.00000000	      0.00000000	      0.00000000	      0.00000000	      0.00000000	      0.00000000	      0.03672745	      0.00000000	      0.03772175	      0.00000000	     -0.00000000	      0.00000000	     -0.00000000	      0.00000000	     -0.00000000	      0.00000000	     -0.00000000	      0.00000000	      0.02650645	      0.00000000	      0.02834955	      0.00000000	      0.00000000	      0.00000000	      0.00000000	      0.00000000	      0.00000000	      0.00000000	      0.00000000	      0.00000000	      0.00000000	      0.00000000	      0.00000000	      0.00000000	      0.00000000	      0.00000000	      0.00000000	      0.00000000	      0.00000000	      0.00000000	      0.04480114	      0.00000000	      0.00000000	      0.00000000	      0.00000000	      0.00000000	      0.00000000	      0.00000000	      0.00000000	      0.00000000	      0.00000000	      0.00000000	     -0.04068632	      0.00000000	      0.03534958	      0.00000000	      0.04624646	      0.00000000	      0.05539019	      0.00000000	     -0.00000000	      0.00000000	     -0.00995987	      0.00000000	      0.00000000	      0.00000000	      0.00000000	      0.00000000	     -0.03630327	      0.00000000	     -0.03509577	      0.00000000	     -0.03410444
     47.00000000	     56.96983019	      0.00000000	      0.00000000	      0.00000000	      0.00000000	      0.00000000	      0.00000000	      0.00000000	      0.00000000	      0.00000000	      0.00000000	      0.00000000	      0.00000000	      0.00000000	      0.03675762	      0.00000000	      0.03807775	      0.00000000	     -0.00000000	      0.00000000	      0.00000000	      0.00000000	      0.00000000	      0.00000000	      0.00000000	      0.00000000	      0.02659110	      0.00000000	      0.02857858	      0.00000000	      0.00000000	      0.00000000	      0.00000000	      0.00000000	      0.00000000	      0.00000000	      0.00000000	      0.00000000	      0.00000000	      0.00000000	      0.00000000	      0.00000000	      0.00000000	      0.00000000	      0.00000000	      0.00000000	      0.00000000	      0.00000000	      0.04508006	      0.00000000	      0.00000000	      0.00000000	      0.00000000	      0.00000000	      0.00000000	      0.00000000	      0.00000000	      0.00000000	      0.00000000	      0.00000000	     -0.04035453	      0.00000000	      0.03566773	      0.00000000	      0.04620700	      0.00000000	      0.05541626	      0.00000000	      0.00000000	      0.00000000	     -0.00973647	      0.00000000	     -0.00000000	      0.00000000	      0.00000000	      0.00000000	     -0.03601760	      0.00000000	     -0.03468505	      0.00000000	     -0.03378666
     48.00000000	     58.18195424	      0.00000000	      0.00000000	      0.00000000	      0.00000000	      0.00000000	      0.00000000	      0.00000000	      0.00000000	      0.00000000	      0.00000000	      0.00000000	      0.00000000	      0.00000000	      0.03677420	      0.00000000	      0.03842497	      0.00000000	      0.00000000	      0.00000000	     -0.00000000	      0.00000000	     -0.00000000	      0.00000000	      0.00000000	      0.00000000	      0.02666728	      0.00000000	      0.02879916	      0.00000000	      0.00000000	      0.00000000	      0.00000000	      0.00000000	      0.00000000	      0.00000000	      0.00000000	      0.00000000	      0.00000000	      0.00000000	      0.00000000	      0.00000000	      0.00000000	      0.00000000	      0.00000000	      0.00000000	      0.00000000	      0.00000000	      0.04534090	      0.00000000	      0.00000000	      0.00000000	      0.00000000	      0.00000000	     -0.00000000	      0.00000000	      0.00000000	      0.00000000	      0.00000000	      0.00000000	     -0.03995633	      0.00000000	      0.03597930	      0.00000000	      0.04614773	      0.00000000	      0.05541883	      0.00000000	     -0.00000000	      0.00000000	     -0.00951280	      0.00000000	     -0.00000000	      0.00000000	      0.00000000	      0.00000000	     -0.03566854	      0.00000000	     -0.03421201	      0.00000000	     -0.03340516
     49.00000000	     59.39407828	      0.00000000	      0.00000000	      0.00000000	      0.00000000	      0.00000000	      0.00000000	      0.00000000	      0.00000000	      0.00000000	      0.00000000	      0.00000000	      0.00000000	      0.00000000	      0.03677682	      0.00000000	      0.03876286	      0.00000000	      0.00000000	      0.00000000	      0.00000000	      0.00000000	      0.00000000	      0.00000000	     -0.00000000	      0.00000000	      0.02673498	      0.00000000	      0.02901110	      0.00000000	      0.00000000	      0.00000000	      0.00000000	      0.00000000	      0.00000000	      0.00000000	      0.00000000	      0.00000000	      0.00000000	      0.00000000	      0.00000000	      0.00000000	      0.00000000	      0.00000000	      0.00000000	      0.00000000	      0.00000000	      0.00000000	      0.04558362	      0.00000000	      0.00000000	      0.00000000	     -0.00000000	      0.00000000	      0.00000000	      0.00000000	      0.00000000	      0.00000000	      0.00000000	      0.00000000	     -0.03948753	      0.00000000	      0.03628432	      0.00000000	      0.04606860	      0.00000000	      0.05539777	      0.00000000	      0.00000000	      0.00000000	     -0.00928891	      0.00000000	     -0.00000000	      0.00000000	     -0.00000000	      0.00000000	     -0.03525196	      0.00000000	     -0.03367278	      0.00000000	     -0.03295585
     50.00000000	     60.60620233	      0.00000000	      0.00000000	      0.00000000	      0.00000000	      0.00000000	      0.00000000	      0.00000000	      0.00000000	      0.00000000	      0.00000000	      0.00000000	      0.00000000	      0.00000000	      0.03676509	      0.00000000	      0.03909084	      0.00000000	     -0.00000000	      0.00000000	      0.00000000	      0.00000000	      0.00000000	      0.00000000	      0.00000000	      0.00000000	      0.02679395	      0.00000000	      0.02921407	      0.00000000	      0.00000000	      0.00000000	      0.00000000	      0.00000000	      0.00000000	      0.00000000	      0.00000000	      0.00000000	      0.00000000	      0.00000000	      0.00000000	      0.00000000	      0.00000000	      0.00000000	      0.00000000	      0.00000000	      0.00000000	      0.00000000	      0.04580825	      0.00000000	      0.00000000	      0.00000000	     -0.00000000	      0.00000000	     -0.00000000	      0.00000000	      0.00000000	      0.00000000	      0.00000000	      0.00000000	     -0.03895177	      0.00000000	      0.03658292	      0.00000000	      0.04596960	      0.00000000	      0.05535300	      0.00000000	      0.00000000	      0.00000000	     -0.00906499	      0.00000000	      0.00000000	      0.00000000	     -0.00000000	      0.00000000	     -0.03477148	      0.00000000	     -0.03307122	      0.00000000	     -0.03244275
     51.00000000	     61.81832638	      0.00000000	      0.00000000	      0.00000000	      0.00000000	      0.00000000	      0.00000000	      0.00000000	      0.00000000	      0.00000000	      0.00000000	      0.00000000	      0.00000000	      0.00000000	      0.03673861	      0.00000000	      0.03940807	      0.00000000	      0.00000000	      0.00000000	      0.00000000	      0.00000000	     -0.00000000	      0.00000000	     -0.00000000	      0.00000000	      0.02684350	      0.00000000	      0.02940772	      0.00000000	      0.00000000	      0.00000000	      0.00000000	      0.00000000	      0.00000000	      0.00000000	      0.00000000	      0.00000000	      0.00000000	      0.00000000	      0.00000000	      0.00000000	      0.00000000	      0.00000000	      0.00000000	      0.00000000	      0.00000000	      0.00000000	      0.04601517	      0.00000000	      0.00000000	      0.00000000	     -0.00000000	      0.00000000	      0.00000000	      0.00000000	      0.00000000	      0.00000000	      0.00000000	      0.00000000	     -0.03839364	      0.00000000	      0.03687555	      0.00000000	      0.04585099	      0.00000000	      0.05528473	      0.00000000	     -0.00000000	      0.00000000	     -0.00884168	      0.00000000	      0.00000000	      0.00000000	     -0.00000000	      0.00000000	     -0.03427129	      0.00000000	     -0.03245157	      0.00000000	     -0.03191186
     52.00000000	     63.03045042	      0.00000000	      0.00000000	      0.00000000	      0.00000000	      0.00000000	      0.00000000	      0.00000000	      0.00000000	      0.00000000	      0.00000000	      0.00000000	      0.00000000	      0.00000000	      0.03669708	      0.00000000	      0.03971399	      0.00000000	     -0.00000000	      0.00000000	     -0.00000000	      0.00000000	     -0.00000000	      0.00000000	      0.00000000	      0.00000000	      0.02688222	      0.00000000	      0.02959178	      0.00000000	      0.00000000	      0.00000000	      0.00000000	      0.00000000	      0.00000000	      0.00000000	      0.00000000	      0.00000000	      0.00000000	      0.00000000	      0.00000000	      0.00000000	      0.00000000	      0.00000000	      0.00000000	      0.00000000	      0.00000000	      0.00000000	      0.04620438	      0.00000000	      0.00000000	      0.00000000	      0.00000000	      0.00000000	     -0.00000000	      0.00000000	      0.00000000	      0.00000000	      0.00000000	      0.00000000	     -0.03782155	      0.00000000	      0.03716230	      0.00000000	      0.04571276	      0.00000000	      0.05519287	      0.00000000	      0.00000000	      0.00000000	     -0.00861918	      0.00000000	      0.00000000	      0.00000000	      0.00000000	      0.00000000	     -0.03375978	      0.00000000	     -0.03182227	      0.00000000	     -0.03137194
     53.00000000	     64.24257447	      0.00000000	      0.00000000	      0.00000000	      0.00000000	      0.00000000	      0.00000000	      0.00000000	      0.00000000	      0.00000000	      0.00000000	      0.00000000	      0.00000000	      0.00000000	      0.03664018	      0.00000000	      0.04000810	      0.00000000	     -0.00000000	      0.00000000	     -0.00000000	      0.00000000	      0.00000000	      0.00000000	     -0.00000000	      0.00000000	      0.02691016	      0.00000000	      0.02976597	      0.00000000	      0.00000000	      0.00000000	      0.00000000	      0.00000000	      0.00000000	      0.00000000	      0.00000000	      0.00000000	      0.00000000	      0.00000000	      0.00000000	      0.00000000	      0.00000000	      0.00000000	      0.00000000	      0.00000000	      0.00000000	      0.00000000	      0.04637579	      0.00000000	      0.00000000	      0.00000000	     -0.00000000	      0.00000000	      0.00000000	      0.00000000	      0.00000000	      0.00000000	      0.00000000	      0.00000000	     -0.03723633	      0.00000000	      0.03744317	      0.00000000	      0.04555487	      0.00000000	      0.05507728	      0.00000000	      0.00000000	      0.00000000	     -0.00839760	      0.00000000	     -0.00000000	      0.00000000	      0.00000000	      0.00000000	     -0.03323782	      0.00000000	     -0.03118428	      0.00000000	     -0.03082396
     54.00000000	     65.45469852	      0.00000000	      0.00000000	      0.00000000	      0.00000000	      0.00000000	      0.00000000	      0.00000000	      0.00000000	      0.00000000	      0.00000000	      0.00000000	      0.00000000	      0.00000000	      0.03656765	      0.00000000	      0.04028990	      0.00000000	     -0.00000000	      0.00000000	     -0.00000000	      0.00000000	     -0.00000000	      0.00000000	      0.00000000	      0.00000000	      0.02692695	      0.00000000	      0.02993001	      0.00000000	      0.00000000	      0.00000000	      0.00000000	      0.00000000	      0.00000000	      0.00000000	      0.00000000	      0.00000000	      0.00000000	      0.00000000	      0.00000000	      0.00000000	      0.00000000	      0.00000000	      0.00000000	      0.00000000	      0.00000000	      0.00000000	      0.04652931	      0.00000000	      0.00000000	      0.00000000	     -0.00000000	      0.00000000	     -0.00000000	      0.00000000	      0.00000000	      0.00000000	      0.00000000	      0.00000000	     -0.03663884	      0.00000000	      0.03771817	      0.00000000	      0.04537726	      0.00000000	      0.05493782	      0.00000000	     -0.00000000	      0.00000000	     -0.00817703	      0.00000000	      0.00000000	      0.00000000	      0.00000000	      0.00000000	     -0.03270630	      0.00000000	     -0.03053859	      0.00000000	     -0.03026890
     55.00000000	     66.66682256	      0.00000000	      0.00000000	      0.00000000	      0.00000000	      0.00000000	      0.00000000	      0.00000000	      0.00000000	      0.00000000	      0.00000000	      0.00000000	      0.00000000	      0.00000000	      0.03647922	      0.00000000	      0.04055891	      0.00000000	     -0.00000000	      0.00000000	      0.00000000	      0.00000000	      0.00000000	      0.00000000	      0.00000000	      0.00000000	      0.02693191	      0.00000000	      0.03008361	      0.00000000	      0.00000000	      0.00000000	      0.00000000	      0.00000000	      0.00000000	      0.00000000	      0.00000000	      0.00000000	      0.00000000	      0.00000000	      0.00000000	      0.00000000	      0.00000000	      0.00000000	      0.00000000	      0.00000000	      0.00000000	      0.00000000	      0.04666486	      0.00000000	      0.00000000	      0.00000000	     -0.00000000	      0.00000000	     -0.00000000	      0.00000000	      0.00000000	      0.00000000	      0.00000000	      0.00000000	     -0.03602997	      0.00000000	      0.03798728	      0.00000000	      0.04517990	      0.00000000	      0.05477436	      0.00000000	     -0.00000000	      0.00000000	     -0.00795758	      0.00000000	     -0.00000000	      0.00000000	     -0.00000000	      0.00000000	     -0.03216612	      0.00000000	     -0.02988619	      0.00000000	     -0.02970775
     56.00000000	     67.87894661	      0.00000000	      0.00000000	      0.00000000	      0.00000000	      0.00000000	      0.00000000	      0.00000000	      0.00000000	      0.00000000	      0.00000000	      0.00000000	      0.00000000	      0.00000000	      0.03637465	      0.00000000	      0.04081463	      0.00000000	      0.00000000	      0.00000000	     -0.00000000	      0.00000000	     -0.00000000	      0.00000000	     -0.00000000	      0.00000000	      0.02692530	      0.00000000	      0.03022648	      0.00000000	      0.00000000	      0.00000000	      0.00000000	      0.00000000	      0.00000000	      0.00000000	      0.00000000	      0.00000000	      0.00000000	      0.00000000	      0.00000000	      0.00000000	      0.00000000	      0.00000000	      0.00000000	      0.00000000	      0.00000000	      0.00000000	      0.04678235	      0.00000000	      0.00000000	      0.00000000	     -0.00000000	      0.00000000	     -0.00000000	      0.00000000	      0.00000000	      0.00000000	      0.00000000	      0.00000000	     -0.03541061	      0.00000000	      0.03825050	      0.00000000	      0.04496275	      0.00000000	      0.05458678	      0.00000000	     -0.00000000	      0.00000000	     -0.00773936	      0.00000000	     -0.00000000	      0.00000000	     -0.00000000	      0.00000000	     -0.03161823	      0.00000000	     -0.02922809	      0.00000000	     -0.02914152
     57.00000000	     69.09107066	      0.00000000	      0.00000000	      0.00000000	      0.00000000	      0.00000000	      0.00000000	      0.00000000	      0.00000000	      0.00000000	      0.00000000	      0.00000000	      0.00000000	      0.00000000	      0.03625369	      0.00000000	      0.04105659	      0.00000000	      0.00000000	      0.00000000	     -0.00000000	      0.00000000	      0.00000000	      0.00000000	      0.00000000	      0.00000000	      0.02690641	      0.00000000	      0.03035833	      0.00000000	      0.00000000	      0.00000000	      0.00000000	      0.00000000	      0.00000000	      0.00000000	      0.00000000	      0.00000000	      0.00000000	      0.00000000	      0.00000000	      0.00000000	      0.00000000	      0.00000000	      0.00000000	      0.00000000	      0.00000000	      0.00000000	      0.04688167	      0.00000000	      0.00000000	      0.00000000	      0.00000000	      0.00000000	     -0.00000000	      0.00000000	      0.00000000	      0.00000000	      0.00000000	      0.00000000	     -0.03478169	      0.00000000	      0.03850781	      0.00000000	      0.04472579	      0.00000000	      0.05437498	      0.00000000	     -0.00000000	      0.00000000	     -0.00752247	      0.00000000	      0.00000000	      0.00000000	     -0.00000000	      0.00000000	     -0.03106356	      0.00000000	     -0.02856531	      0.00000000	     -0.02857122
     58.00000000	     70.30319470	      0.00000000	      0.00000000	      0.00000000	      0.00000000	      0.00000000	      0.00000000	      0.00000000	      0.00000000	      0.00000000	      0.00000000	      0.00000000	      0.00000000	      0.00000000	      0.03611615	      0.00000000	      0.04128430	      0.00000000	      0.00000000	      0.00000000	      0.00000000	      0.00000000	      0.00000000	      0.00000000	      0.00000000	      0.00000000	      0.02687490	      0.00000000	      0.03047887	      0.00000000	      0.00000000	      0.00000000	      0.00000000	      0.00000000	      0.00000000	      0.00000000	      0.00000000	      0.00000000	      0.00000000	      0.00000000	      0.00000000	      0.00000000	      0.00000000	      0.00000000	      0.00000000	      0.00000000	      0.00000000	      0.00000000	      0.04696276	      0.00000000	      0.00000000	      0.00000000	     -0.00000000	      0.00000000	      0.00000000	      0.00000000	      0.00000000	      0.00000000	      0.00000000	      0.00000000	     -0.03414456	      0.00000000	      0.03875922	      0.00000000	      0.04446901	      0.00000000	      0.05413883	      0.00000000	      0.00000000	      0.00000000	     -0.00730704	      0.00000000	      0.00000000	      0.00000000	     -0.00000000	      0.00000000	     -0.03050351	      0.00000000	     -0.02789937	      0.00000000	     -0.02799828
     59.00000000	     71.51531875	      0.00000000	      0.00000000	      0.00000000	      0.00000000	      0.00000000	      0.00000000	      0.00000000	      0.00000000	      0.00000000	      0.00000000	      0.00000000	      0.00000000	      0.00000000	      0.03596164	      0.00000000	      0.04149700	      0.00000000	     -0.00000000	      0.00000000	      0.00000000	      0.00000000	     -0.00000000	      0.00000000	     -0.00000000	      0.00000000	      0.02683008	      0.00000000	      0.03058816	      0.00000000	      0.00000000	      0.00000000	      0.00000000	      0.00000000	      0.00000000	      0.00000000	      0.00000000	      0.00000000	      0.00000000	      0.00000000	      0.00000000	      0.00000000	      0.00000000	      0.00000000	      0.00000000	      0.00000000	      0.00000000	      0.00000000	      0.04702572	      0.00000000	      0.00000000	      0.00000000	      0.00000000	      0.00000000	     -0.00000000	      0.00000000	      0.00000000	      0.00000000	      0.00000000	      0.00000000	     -0.03350906	      0.00000000	      0.03900526	      0.00000000	      0.04419240	      0.00000000	      0.05387829	      0.00000000	      0.00000000	      0.00000000	     -0.00709351	      0.00000000	     -0.00000000	      0.00000000	      0.00000000	      0.00000000	     -0.02994825	      0.00000000	     -0.02724111	      0.00000000	     -0.02743216
     60.00000000	     72.72744280	      0.00000000	      0.00000000	      0.00000000	      0.00000000	      0.00000000	      0.00000000	      0.00000000	      0.00000000	      0.00000000	      0.00000000	      0.00000000	      0.00000000	      0.00000000	      0.03578996	      0.00000000	      0.04169412	      0.00000000	     -0.00000000	      0.00000000	      0.00000000	      0.00000000	     -0.00000000	      0.00000000	     -0.00000000	      0.00000000	      0.02677153	      0.00000000	      0.03068602	      0.00000000	      0.00000000	      0.00000000	      0.00000000	      0.00000000	      0.00000000	      0.00000000	      0.00000000	      0.00000000	      0.00000000	      0.00000000	      0.00000000	      0.00000000	      0.00000000	      0.00000000	      0.00000000	      0.00000000	      0.00000000	      0.00000000	      0.04707049	      0.00000000	      0.00000000	      0.00000000	      0.00000000	      0.00000000	      0.00000000	      0.00000000	      0.00000000	      0.00000000	      0.00000000	      0.00000000	     -0.03287897	      0.00000000	      0.03924612	      0.00000000	      0.04389596	      0.00000000	      0.05359324	      0.00000000	     -0.00000000	      0.00000000	     -0.00688210	      0.00000000	      0.00000000	      0.00000000	     -0.00000000	      0.00000000	     -0.02940161	      0.00000000	     -0.02659461	      0.00000000	     -0.02687625
     61.00000000	     73.93956684	      0.00000000	      0.00000000	      0.00000000	      0.00000000	      0.00000000	      0.00000000	      0.00000000	      0.00000000	      0.00000000	      0.00000000	      0.00000000	      0.00000000	      0.00000000	      0.03560101	      0.00000000	      0.04174391	      0.00000000	     -0.00000000	      0.00000000	     -0.00000000	      0.00000000	      0.00000000	      0.00000000	      0.00000000	      0.00000000	      0.02669889	      0.00000000	      0.03077215	      0.00000000	      0.00000000	      0.00000000	      0.00000000	      0.00000000	      0.00000000	      0.00000000	      0.00000000	      0.00000000	      0.00000000	      0.00000000	      0.00000000	      0.00000000	      0.00000000	      0.00000000	      0.00000000	      0.00000000	      0.00000000	      0.00000000	      0.04709694	      0.00000000	      0.00000000	      0.00000000	     -0.00000000	      0.00000000	     -0.00000000	      0.00000000	      0.00000000	      0.00000000	      0.00000000	      0.00000000	     -0.03225420	      0.00000000	      0.03948177	      0.00000000	      0.04357966	      0.00000000	      0.05328358	      0.00000000	     -0.00000000	      0.00000000	     -0.00667291	      0.00000000	     -0.00000000	      0.00000000	      0.00000000	      0.00000000	     -0.02886337	      0.00000000	     -0.02595956	      0.00000000	     -0.02633014
     62.00000000	     75.15169089	      0.00000000	      0.00000000	      0.00000000	      0.00000000	      0.00000000	      0.00000000	      0.00000000	      0.00000000	      0.00000000	      0.00000000	      0.00000000	      0.00000000	      0.00000000	      0.03539472	      0.00000000	      0.04156827	      0.00000000	      0.00000000	      0.00000000	      0.00000000	      0.00000000	      0.00000000	      0.00000000	      0.00000000	      0.00000000	      0.02661179	      0.00000000	      0.03084622	      0.00000000	      0.00000000	      0.00000000	      0.00000000	      0.00000000	      0.00000000	      0.00000000	      0.00000000	      0.00000000	      0.00000000	      0.00000000	      0.00000000	      0.00000000	      0.00000000	      0.00000000	      0.00000000	      0.00000000	      0.00000000	      0.00000000	      0.04710494	      0.00000000	      0.00000000	      0.00000000	      0.00000000	      0.00000000	      0.00000000	      0.00000000	      0.00000000	      0.00000000	      0.00000000	      0.00000000	     -0.03163455	      0.00000000	      0.03971214	      0.00000000	      0.04324350	      0.00000000	      0.05294920	      0.00000000	      0.00000000	      0.00000000	     -0.00646603	      0.00000000	      0.00000000	      0.00000000	      0.00000000	      0.00000000	     -0.02833322	      0.00000000	     -0.02533558	      0.00000000	     -0.02579332
     63.00000000	     76.36381494	      0.00000000	      0.00000000	      0.00000000	      0.00000000	      0.00000000	      0.00000000	      0.00000000	      0.00000000	      0.00000000	      0.00000000	      0.00000000	      0.00000000	      0.00000000	      0.03517101	      0.00000000	      0.04135433	      0.00000000	      0.00000000	      0.00000000	      0.00000000	      0.00000000	      0.00000000	      0.00000000	      0.00000000	      0.00000000	      0.02650980	      0.00000000	      0.03090792	      0.00000000	      0.00000000	      0.00000000	      0.00000000	      0.00000000	      0.00000000	      0.00000000	      0.00000000	      0.00000000	      0.00000000	      0.00000000	      0.00000000	      0.00000000	      0.00000000	      0.00000000	      0.00000000	      0.00000000	      0.00000000	      0.00000000	      0.04709435	      0.00000000	      0.00000000	      0.00000000	     -0.00000000	      0.00000000	      0.00000000	      0.00000000	      0.00000000	      0.00000000	      0.00000000	      0.00000000	     -0.03101974	      0.00000000	      0.03993720	      0.00000000	      0.04288747	      0.00000000	      0.05259002	      0.00000000	      0.00000000	      0.00000000	     -0.00626155	      0.00000000	      0.00000000	      0.00000000	      0.00000000	      0.00000000	     -0.02781076	      0.00000000	     -0.02472221	      0.00000000	     -0.02526518
     64.00000000	     77.57593898	      0.00000000	      0.00000000	      0.00000000	      0.00000000	      0.00000000	      0.00000000	      0.00000000	      0.00000000	      0.00000000	      0.00000000	      0.00000000	      0.00000000	      0.00000000	      0.03492987	      0.00000000	      0.04110112	      0.00000000	     -0.00000000	      0.00000000	      0.00000000	      0.00000000	      0.00000000	      0.00000000	     -0.00000000	      0.00000000	      0.02639276	      0.00000000	      0.03095691	      0.00000000	      0.00000000	      0.00000000	      0.00000000	      0.00000000	      0.00000000	      0.00000000	      0.00000000	      0.00000000	      0.00000000	      0.00000000	      0.00000000	      0.00000000	      0.00000000	      0.00000000	      0.00000000	      0.00000000	      0.00000000	      0.00000000	      0.04706504	      0.00000000	      0.00000000	      0.00000000	     -0.00000000	      0.00000000	      0.00000000	      0.00000000	      0.00000000	      0.00000000	      0.00000000	      0.00000000	     -0.03040943	      0.00000000	      0.04015687	      0.00000000	      0.04251160	      0.00000000	      0.05220594	      0.00000000	     -0.00000000	      0.00000000	     -0.00605955	      0.00000000	      0.00000000	      0.00000000	      0.00000000	      0.00000000	     -0.02729548	      0.00000000	     -0.02411888	      0.00000000	     -0.02474503
     65.00000000	     78.78806303	      0.00000000	      0.00000000	      0.00000000	      0.00000000	      0.00000000	      0.00000000	      0.00000000	      0.00000000	      0.00000000	      0.00000000	      0.00000000	      0.00000000	      0.00000000	      0.03467126	      0.00000000	      0.04080763	      0.00000000	      0.00000000	      0.00000000	     -0.00000000	      0.00000000	     -0.00000000	      0.00000000	     -0.00000000	      0.00000000	      0.02626021	      0.00000000	      0.03099290	      0.00000000	      0.00000000	      0.00000000	      0.00000000	      0.00000000	      0.00000000	      0.00000000	      0.00000000	      0.00000000	      0.00000000	      0.00000000	      0.00000000	      0.00000000	      0.00000000	      0.00000000	      0.00000000	      0.00000000	      0.00000000	      0.00000000	      0.04701687	      0.00000000	      0.00000000	      0.00000000	      0.00000000	      0.00000000	     -0.00000000	      0.00000000	      0.00000000	      0.00000000	      0.00000000	      0.00000000	     -0.02980318	      0.00000000	      0.04037109	      0.00000000	      0.04211590	      0.00000000	      0.05179691	      0.00000000	     -0.00000000	      0.00000000	     -0.00586014	      0.00000000	     -0.00000000	      0.00000000	      0.00000000	      0.00000000	     -0.02678681	      0.00000000	     -0.02352493	      0.00000000	     -0.02423207
     66.00000000	     80.00018707	      0.00000000	      0.00000000	      0.00000000	      0.00000000	      0.00000000	      0.00000000	      0.00000000	      0.00000000	      0.00000000	      0.00000000	      0.00000000	      0.00000000	      0.00000000	      0.03439521	      0.00000000	      0.04047290	      0.00000000	      0.00000000	      0.00000000	      0.00000000	      0.00000000	      0.00000000	      0.00000000	      0.00000000	      0.00000000	      0.02611179	      0.00000000	      0.03101548	      0.00000000	      0.00000000	      0.00000000	      0.00000000	      0.00000000	      0.00000000	      0.00000000	      0.00000000	      0.00000000	      0.00000000	      0.00000000	      0.00000000	      0.00000000	      0.00000000	      0.00000000	      0.00000000	      0.00000000	      0.00000000	      0.00000000	      0.04694970	      0.00000000	      0.00000000	      0.00000000	     -0.00000000	      0.00000000	      0.00000000	      0.00000000	      0.00000000	      0.00000000	      0.00000000	      0.00000000	     -0.02920046	      0.00000000	      0.04057976	      0.00000000	      0.04170041	      0.00000000	      0.05136286	      0.00000000	      0.00000000	      0.00000000	     -0.00566341	      0.00000000	      0.00000000	      0.00000000	      0.00000000	      0.00000000	     -0.02628406	      0.00000000	     -0.02293963	      0.00000000	     -0.02372539
     67.00000000	     81.21231112	      0.00000000	      0.00000000	      0.00000000	      0.00000000	      0.00000000	      0.00000000	      0.00000000	      0.00000000	      0.00000000	      0.00000000	      0.00000000	      0.00000000	      0.00000000	      0.03410169	      0.00000000	      0.04011301	      0.00000000	      0.00000000	      0.00000000	     -0.00000000	      0.00000000	      0.00000000	      0.00000000	      0.00000000	      0.00000000	      0.02594683	      0.00000000	      0.03102439	      0.00000000	      0.00000000	      0.00000000	      0.00000000	      0.00000000	      0.00000000	      0.00000000	      0.00000000	      0.00000000	      0.00000000	      0.00000000	      0.00000000	      0.00000000	      0.00000000	      0.00000000	      0.00000000	      0.00000000	      0.00000000	      0.00000000	      0.04686353	      0.00000000	      0.00000000	      0.00000000	     -0.00000000	      0.00000000	     -0.00000000	      0.00000000	      0.00000000	      0.00000000	      0.00000000	      0.00000000	     -0.02858782	      0.00000000	      0.04078309	      0.00000000	      0.04126520	      0.00000000	      0.05090379	      0.00000000	      0.00000000	      0.00000000	     -0.00546982	      0.00000000	      0.00000000	      0.00000000	     -0.00000000	      0.00000000	     -0.02577348	      0.00000000	     -0.02234899	      0.00000000	     -0.02321145
     68.00000000	     82.42443517	      0.00000000	      0.00000000	      0.00000000	      0.00000000	      0.00000000	      0.00000000	      0.00000000	      0.00000000	      0.00000000	      0.00000000	      0.00000000	      0.00000000	      0.00000000	      0.03379073	      0.00000000	      0.03969356	      0.00000000	      0.00000000	      0.00000000	      0.00000000	      0.00000000	      0.00000000	      0.00000000	      0.00000000	      0.00000000	      0.02576461	      0.00000000	      0.03101936	      0.00000000	      0.00000000	      0.00000000	      0.00000000	      0.00000000	      0.00000000	      0.00000000	      0.00000000	      0.00000000	      0.00000000	      0.00000000	      0.00000000	      0.00000000	      0.00000000	      0.00000000	      0.00000000	      0.00000000	      0.00000000	      0.00000000	      0.04675831	      0.00000000	      0.00000000	      0.00000000	      0.00000000	      0.00000000	      0.00000000	      0.00000000	      0.00000000	      0.00000000	      0.00000000	      0.00000000	     -0.02795213	      0.00000000	      0.04098124	      0.00000000	      0.04081034	      0.00000000	      0.05041969	      0.00000000	      0.00000000	      0.00000000	     -0.00527984	      0.00000000	      0.00000000	      0.00000000	      0.00000000	      0.00000000	     -0.02524176	      0.00000000	     -0.02173959	      0.00000000	     -0.02267734
     69.00000000	     83.63655921	      0.00000000	      0.00000000	      0.00000000	      0.00000000	      0.00000000	      0.00000000	      0.00000000	      0.00000000	      0.00000000	      0.00000000	      0.00000000	      0.00000000	      0.00000000	      0.03346247	      0.00000000	      0.03922935	      0.00000000	      0.00000000	      0.00000000	      0.00000000	      0.00000000	      0.00000000	      0.00000000	      0.00000000	      0.00000000	      0.02556479	      0.00000000	      0.03100001	      0.00000000	      0.00000000	      0.00000000	      0.00000000	      0.00000000	      0.00000000	      0.00000000	      0.00000000	      0.00000000	      0.00000000	      0.00000000	      0.00000000	      0.00000000	      0.00000000	      0.00000000	      0.00000000	      0.00000000	      0.00000000	      0.00000000	      0.04663387	      0.00000000	      0.00000000	      0.00000000	      0.00000000	      0.00000000	      0.00000000	      0.00000000	      0.00000000	      0.00000000	      0.00000000	      0.00000000	     -0.02729341	      0.00000000	      0.04117408	      0.00000000	      0.04033587	      0.00000000	      0.04991052	      0.00000000	      0.00000000	      0.00000000	     -0.00509358	      0.00000000	      0.00000000	      0.00000000	      0.00000000	      0.00000000	     -0.02468890	      0.00000000	     -0.02111149	      0.00000000	     -0.02212307
     70.00000000	     84.84868326	      0.00000000	      0.00000000	      0.00000000	      0.00000000	      0.00000000	      0.00000000	      0.00000000	      0.00000000	      0.00000000	      0.00000000	      0.00000000	      0.00000000	      0.00000000	      0.03311708	      0.00000000	      0.03871950	      0.00000000	     -0.00000000	      0.00000000	      0.00000000	      0.00000000	     -0.00000000	      0.00000000	     -0.00000000	      0.00000000	      0.02534715	      0.00000000	      0.03096600	      0.00000000	      0.00000000	      0.00000000	      0.00000000	      0.00000000	      0.00000000	      0.00000000	      0.00000000	      0.00000000	      0.00000000	      0.00000000	      0.00000000	      0.00000000	      0.00000000	      0.00000000	      0.00000000	      0.00000000	      0.00000000	      0.00000000	      0.04649004	      0.00000000	      0.00000000	      0.00000000	     -0.00000000	      0.00000000	      0.00000000	      0.00000000	      0.00000000	      0.00000000	      0.00000000	      0.00000000	     -0.02661165	      0.00000000	      0.04136147	      0.00000000	      0.03984185	      0.00000000	      0.04937625	      0.00000000	     -0.00000000	      0.00000000	     -0.00491112	      0.00000000	     -0.00000000	      0.00000000	     -0.00000000	      0.00000000	     -0.02411489	      0.00000000	     -0.02090918	      0.00000000	     -0.02154870
     71.00000000	     86.06080731	      0.00000000	      0.00000000	      0.00000000	      0.00000000	      0.00000000	      0.00000000	      0.00000000	      0.00000000	      0.00000000	      0.00000000	      0.00000000	      0.00000000	      0.00000000	      0.03275473	      0.00000000	      0.03816281	      0.00000000	      0.00000000	      0.00000000	     -0.00000000	      0.00000000	      0.00000000	      0.00000000	      0.00000000	      0.00000000	      0.02511119	      0.00000000	      0.03091697	      0.00000000	      0.00000000	      0.00000000	      0.00000000	      0.00000000	      0.00000000	      0.00000000	      0.00000000	      0.00000000	      0.00000000	      0.00000000	      0.00000000	      0.00000000	      0.00000000	      0.00000000	      0.00000000	      0.00000000	      0.00000000	      0.00000000	      0.04632665	      0.00000000	      0.00000000	      0.00000000	      0.00000000	      0.00000000	     -0.00000000	      0.00000000	      0.00000000	      0.00000000	      0.00000000	      0.00000000	     -0.02590690	      0.00000000	      0.04154325	      0.00000000	      0.03932835	      0.00000000	      0.04881686	      0.00000000	      0.00000000	      0.00000000	     -0.00473256	      0.00000000	      0.00000000	      0.00000000	     -0.00000000	      0.00000000	     -0.02351977	      0.00000000	     -0.02074070	      0.00000000	     -0.02095428
     72.00000000	     87.27293135	      0.00000000	      0.00000000	      0.00000000	      0.00000000	      0.00000000	      0.00000000	      0.00000000	      0.00000000	      0.00000000	      0.00000000	      0.00000000	      0.00000000	      0.00000000	      0.03237564	      0.00000000	      0.03755826	      0.00000000	      0.00000000	      0.00000000	      0.00000000	      0.00000000	      0.00000000	      0.00000000	      0.00000000	      0.00000000	      0.02485682	      0.00000000	      0.03085253	      0.00000000	      0.00000000	      0.00000000	      0.00000000	      0.00000000	      0.00000000	      0.00000000	      0.00000000	      0.00000000	      0.00000000	      0.00000000	      0.00000000	      0.00000000	      0.00000000	      0.00000000	      0.00000000	      0.00000000	      0.00000000	      0.00000000	      0.04614352	      0.00000000	      0.00000000	      0.00000000	     -0.00000000	      0.00000000	     -0.00000000	      0.00000000	      0.00000000	      0.00000000	      0.00000000	      0.00000000	     -0.02517922	      0.00000000	      0.04171923	      0.00000000	      0.03879544	      0.00000000	      0.04823235	      0.00000000	      0.00000000	      0.00000000	     -0.00455799	      0.00000000	     -0.00000000	      0.00000000	      0.00000000	      0.00000000	     -0.02290358	      0.00000000	     -0.02055400	      0.00000000	     -0.02033990
     73.00000000	     88.48505540	      0.00000000	      0.00000000	      0.00000000	      0.00000000	      0.00000000	      0.00000000	      0.00000000	      0.00000000	      0.00000000	      0.00000000	      0.00000000	      0.00000000	      0.00000000	      0.03198004	      0.00000000	      0.03690548	      0.00000000	      0.00000000	      0.00000000	     -0.00000000	      0.00000000	      0.00000000	      0.00000000	     -0.00000000	      0.00000000	      0.02458345	      0.00000000	      0.03077231	      0.00000000	      0.00000000	      0.00000000	      0.00000000	      0.00000000	      0.00000000	      0.00000000	      0.00000000	      0.00000000	      0.00000000	      0.00000000	      0.00000000	      0.00000000	      0.00000000	      0.00000000	      0.00000000	      0.00000000	      0.00000000	      0.00000000	      0.04594049	      0.00000000	      0.00000000	      0.00000000	     -0.00000000	      0.00000000	     -0.00000000	      0.00000000	      0.00000000	      0.00000000	      0.00000000	      0.00000000	     -0.02442872	      0.00000000	      0.04188922	      0.00000000	      0.03824323	      0.00000000	      0.04762273	      0.00000000	     -0.00000000	      0.00000000	     -0.00438752	      0.00000000	     -0.00000000	      0.00000000	     -0.00000000	      0.00000000	     -0.02226640	      0.00000000	     -0.02035003	      0.00000000	     -0.01970566
     74.00000000	     89.69717945	      0.00000000	      0.00000000	      0.00000000	      0.00000000	      0.00000000	      0.00000000	      0.00000000	      0.00000000	      0.00000000	      0.00000000	      0.00000000	      0.00000000	      0.00000000	      0.03156820	      0.00000000	      0.03620342	      0.00000000	     -0.00000000	      0.00000000	     -0.00000000	      0.00000000	      0.00000000	      0.00000000	      0.00000000	      0.00000000	      0.02429114	      0.00000000	      0.03067594	      0.00000000	      0.00000000	      0.00000000	      0.00000000	      0.00000000	      0.00000000	      0.00000000	      0.00000000	      0.00000000	      0.00000000	      0.00000000	      0.00000000	      0.00000000	      0.00000000	      0.00000000	      0.00000000	      0.00000000	      0.00000000	      0.00000000	      0.04571740	      0.00000000	      0.00000000	      0.00000000	     -0.00000000	      0.00000000	     -0.00000000	      0.00000000	      0.00000000	      0.00000000	      0.00000000	      0.00000000	     -0.02365551	      0.00000000	      0.04205298	      0.00000000	      0.03767183	      0.00000000	      0.04698806	      0.00000000	     -0.00000000	      0.00000000	     -0.00422124	      0.00000000	     -0.00000000	      0.00000000	      0.00000000	      0.00000000	     -0.02160832	      0.00000000	     -0.02012972	      0.00000000	     -0.01905169
     75.00000000	     90.90930349	      0.00000000	      0.00000000	      0.00000000	      0.00000000	      0.00000000	      0.00000000	      0.00000000	      0.00000000	      0.00000000	      0.00000000	      0.00000000	      0.00000000	      0.00000000	      0.03114040	      0.00000000	      0.03545136	      0.00000000	      0.00000000	      0.00000000	      0.00000000	      0.00000000	      0.00000000	      0.00000000	      0.00000000	      0.00000000	      0.02397933	      0.00000000	      0.03056294	      0.00000000	      0.00000000	      0.00000000	      0.00000000	      0.00000000	      0.00000000	      0.00000000	      0.00000000	      0.00000000	      0.00000000	      0.00000000	      0.00000000	      0.00000000	      0.00000000	      0.00000000	      0.00000000	      0.00000000	      0.00000000	      0.00000000	      0.04547413	      0.00000000	      0.00000000	      0.00000000	     -0.00000000	      0.00000000	      0.00000000	      0.00000000	      0.00000000	      0.00000000	      0.00000000	      0.00000000	     -0.02287472	      0.00000000	      0.04221049	      0.00000000	      0.03708134	      0.00000000	      0.04632836	      0.00000000	      0.00000000	      0.00000000	     -0.00405935	      0.00000000	     -0.00000000	      0.00000000	      0.00000000	      0.00000000	     -0.02094430	      0.00000000	     -0.01990819	      0.00000000	     -0.01839312
     76.00000000	     92.12142754	      0.00000000	      0.00000000	      0.00000000	      0.00000000	      0.00000000	      0.00000000	      0.00000000	      0.00000000	      0.00000000	      0.00000000	      0.00000000	      0.00000000	      0.00000000	      0.03069698	      0.00000000	      0.03464851	      0.00000000	     -0.00000000	      0.00000000	     -0.00000000	      0.00000000	     -0.00000000	      0.00000000	     -0.00000000	      0.00000000	      0.02364727	      0.00000000	      0.03043366	      0.00000000	      0.00000000	      0.00000000	      0.00000000	      0.00000000	      0.00000000	      0.00000000	      0.00000000	      0.00000000	      0.00000000	      0.00000000	      0.00000000	      0.00000000	      0.00000000	      0.00000000	      0.00000000	      0.00000000	      0.00000000	      0.00000000	      0.04521058	      0.00000000	      0.00000000	      0.00000000	     -0.00000000	      0.00000000	      0.00000000	      0.00000000	      0.00000000	      0.00000000	      0.00000000	      0.00000000	     -0.02212429	      0.00000000	      0.04236195	      0.00000000	      0.03647185	      0.00000000	      0.04564368	      0.00000000	     -0.00000000	      0.00000000	     -0.00390220	      0.00000000	      0.00000000	      0.00000000	      0.00000000	      0.00000000	     -0.02031180	      0.00000000	     -0.01972138	      0.00000000	     -0.01776775
     77.00000000	     93.33355159	      0.00000000	      0.00000000	      0.00000000	      0.00000000	      0.00000000	      0.00000000	      0.00000000	      0.00000000	      0.00000000	      0.00000000	      0.00000000	      0.00000000	      0.00000000	      0.03023830	      0.00000000	      0.03379429	      0.00000000	     -0.00000000	      0.00000000	     -0.00000000	      0.00000000	      0.00000000	      0.00000000	     -0.00000000	      0.00000000	      0.02329517	      0.00000000	      0.03028750	      0.00000000	      0.00000000	      0.00000000	      0.00000000	      0.00000000	      0.00000000	      0.00000000	      0.00000000	      0.00000000	      0.00000000	      0.00000000	      0.00000000	      0.00000000	      0.00000000	      0.00000000	      0.00000000	      0.00000000	      0.00000000	      0.00000000	      0.04492656	      0.00000000	      0.00000000	      0.00000000	     -0.00000000	      0.00000000	     -0.00000000	      0.00000000	      0.00000000	      0.00000000	      0.00000000	      0.00000000	     -0.02140814	      0.00000000	      0.04250708	      0.00000000	      0.03584348	      0.00000000	      0.04493406	      0.00000000	     -0.00000000	      0.00000000	     -0.00374989	      0.00000000	     -0.00000000	      0.00000000	     -0.00000000	      0.00000000	     -0.01971466	      0.00000000	     -0.01957245	      0.00000000	     -0.01732112
     78.00000000	     94.54567563	      0.00000000	      0.00000000	      0.00000000	      0.00000000	      0.00000000	      0.00000000	      0.00000000	      0.00000000	      0.00000000	      0.00000000	      0.00000000	      0.00000000	      0.00000000	      0.02976479	      0.00000000	      0.03288822	      0.00000000	      0.00000000	      0.00000000	     -0.00000000	      0.00000000	      0.00000000	      0.00000000	     -0.00000000	      0.00000000	      0.02292226	      0.00000000	      0.03012404	      0.00000000	      0.00000000	      0.00000000	      0.00000000	      0.00000000	      0.00000000	      0.00000000	      0.00000000	      0.00000000	      0.00000000	      0.00000000	      0.00000000	      0.00000000	      0.00000000	      0.00000000	      0.00000000	      0.00000000	      0.00000000	      0.00000000	      0.04462188	      0.00000000	      0.00000000	      0.00000000	      0.00000000	      0.00000000	      0.00000000	      0.00000000	      0.00000000	      0.00000000	      0.00000000	      0.00000000	     -0.02072851	      0.00000000	      0.04264551	      0.00000000	      0.03519638	      0.00000000	      0.04419959	      0.00000000	      0.00000000	      0.00000000	     -0.00360251	      0.00000000	     -0.00000000	      0.00000000	     -0.00000000	      0.00000000	     -0.01915502	      0.00000000	     -0.01945672	      0.00000000	     -0.01723688
     79.00000000	     95.75779968	      0.00000000	      0.00000000	      0.00000000	      0.00000000	      0.00000000	      0.00000000	      0.00000000	      0.00000000	      0.00000000	      0.00000000	      0.00000000	      0.00000000	      0.00000000	      0.02927687	      0.00000000	      0.03192990	      0.00000000	      0.00000000	      0.00000000	     -0.00000000	      0.00000000	      0.00000000	      0.00000000	     -0.00000000	      0.00000000	      0.02252888	      0.00000000	      0.02994287	      0.00000000	      0.00000000	      0.00000000	      0.00000000	      0.00000000	      0.00000000	      0.00000000	      0.00000000	      0.00000000	      0.00000000	      0.00000000	      0.00000000	      0.00000000	      0.00000000	      0.00000000	      0.00000000	      0.00000000	      0.00000000	      0.00000000	      0.04429637	      0.00000000	      0.00000000	      0.00000000	      0.00000000	      0.00000000	     -0.00000000	      0.00000000	      0.00000000	      0.00000000	      0.00000000	      0.00000000	     -0.02008760	      0.00000000	      0.04277684	      0.00000000	      0.03453070	      0.00000000	      0.04344038	      0.00000000	     -0.00000000	      0.00000000	     -0.00346012	      0.00000000	      0.00000000	      0.00000000	     -0.00000000	      0.00000000	     -0.01877140	      0.00000000	     -0.01938641	      0.00000000	     -0.01719451
     80.00000000	     96.96992373	      0.00000000	      0.00000000	      0.00000000	      0.00000000	      0.00000000	      0.00000000	      0.00000000	      0.00000000	      0.00000000	      0.00000000	      0.00000000	      0.00000000	      0.00000000	      0.02877499	      0.00000000	      0.03091898	      0.00000000	     -0.00000000	      0.00000000	     -0.00000000	      0.00000000	     -0.00000000	      0.00000000	     -0.00000000	      0.00000000	      0.02211456	      0.00000000	      0.02974356	      0.00000000	      0.00000000	      0.00000000	      0.00000000	      0.00000000	      0.00000000	      0.00000000	      0.00000000	      0.00000000	      0.00000000	      0.00000000	      0.00000000	      0.00000000	      0.00000000	      0.00000000	      0.00000000	      0.00000000	      0.00000000	      0.00000000	      0.04394984	      0.00000000	      0.00000000	      0.00000000	     -0.00000000	      0.00000000	     -0.00000000	      0.00000000	      0.00000000	      0.00000000	      0.00000000	      0.00000000	     -0.01948752	      0.00000000	      0.04290063	      0.00000000	      0.03384661	      0.00000000	      0.04265654	      0.00000000	     -0.00000000	      0.00000000	     -0.00332283	      0.00000000	     -0.00000000	      0.00000000	     -0.00000000	      0.00000000	     -0.01876427	      0.00000000	     -0.01935781	      0.00000000	     -0.01719509
     81.00000000	     98.18204777	      0.00000000	      0.00000000	      0.00000000	      0.00000000	      0.00000000	      0.00000000	      0.00000000	      0.00000000	      0.00000000	      0.00000000	      0.00000000	      0.00000000	      0.00000000	      0.02825961	      0.00000000	      0.02985504	      0.00000000	     -0.00000000	      0.00000000	     -0.00000000	      0.00000000	     -0.00000000	      0.00000000	     -0.00000000	      0.00000000	      0.02167909	      0.00000000	      0.02952590	      0.00000000	      0.00000000	      0.00000000	      0.00000000	      0.00000000	      0.00000000	      0.00000000	      0.00000000	      0.00000000	      0.00000000	      0.00000000	      0.00000000	      0.00000000	      0.00000000	      0.00000000	      0.00000000	      0.00000000	      0.00000000	      0.00000000	      0.04358212	      0.00000000	      0.00000000	      0.00000000	     -0.00000000	      0.00000000	     -0.00000000	      0.00000000	      0.00000000	      0.00000000	      0.00000000	      0.00000000	     -0.01909246	      0.00000000	      0.04301638	      0.00000000	      0.03314431	      0.00000000	      0.04184822	      0.00000000	     -0.00000000	      0.00000000	     -0.00319069	      0.00000000	     -0.00000000	      0.00000000	     -0.00000000	      0.00000000	     -0.01880122	      0.00000000	     -0.01937117	      0.00000000	     -0.01723953
     82.00000000	     99.39417182	      0.00000000	      0.00000000	      0.00000000	      0.00000000	      0.00000000	      0.00000000	      0.00000000	      0.00000000	      0.00000000	      0.00000000	      0.00000000	      0.00000000	      0.00000000	      0.02773124	      0.00000000	      0.02873846	      0.00000000	     -0.00000000	      0.00000000	     -0.00000000	      0.00000000	     -0.00000000	      0.00000000	      0.00000000	      0.00000000	      0.02122202	      0.00000000	      0.02928866	      0.00000000	      0.00000000	      0.00000000	      0.00000000	      0.00000000	      0.00000000	      0.00000000	      0.00000000	      0.00000000	      0.00000000	      0.00000000	      0.00000000	      0.00000000	      0.00000000	      0.00000000	      0.00000000	      0.00000000	      0.00000000	      0.00000000	      0.04319305	      0.00000000	      0.00000000	      0.00000000	     -0.00000000	      0.00000000	     -0.00000000	      0.00000000	      0.00000000	      0.00000000	      0.00000000	      0.00000000	     -0.01917756	      0.00000000	      0.04312350	      0.00000000	      0.03242399	      0.00000000	      0.04101559	      0.00000000	     -0.00000000	      0.00000000	     -0.00306380	      0.00000000	     -0.00000000	      0.00000000	     -0.00000000	      0.00000000	     -0.01888326	      0.00000000	     -0.01942804	      0.00000000	     -0.01732851
     83.00000000	    100.60629587	      0.00000000	      0.00000000	      0.00000000	      0.00000000	      0.00000000	      0.00000000	      0.00000000	      0.00000000	      0.00000000	      0.00000000	      0.00000000	      0.00000000	      0.00000000	      0.02719042	      0.00000000	      0.02756873	      0.00000000	      0.00000000	      0.00000000	     -0.00000000	      0.00000000	      0.00000000	      0.00000000	      0.00000000	      0.00000000	      0.02074356	      0.00000000	      0.02903254	      0.00000000	      0.00000000	      0.00000000	      0.00000000	      0.00000000	      0.00000000	      0.00000000	      0.00000000	      0.00000000	      0.00000000	      0.00000000	      0.00000000	      0.00000000	      0.00000000	      0.00000000	      0.00000000	      0.00000000	      0.00000000	      0.00000000	      0.04278250	      0.00000000	      0.00000000	      0.00000000	      0.00000000	      0.00000000	      0.00000000	      0.00000000	      0.00000000	      0.00000000	      0.00000000	      0.00000000	     -0.01931269	      0.00000000	      0.04322144	      0.00000000	      0.03168588	      0.00000000	      0.04015885	      0.00000000	      0.00000000	      0.00000000	     -0.00294238	      0.00000000	      0.00000000	      0.00000000	      0.00000000	      0.00000000	     -0.01901417	      0.00000000	     -0.01953028	      0.00000000	     -0.01746526
     84.00000000	    101.81841991	      0.00000000	      0.00000000	      0.00000000	      0.00000000	      0.00000000	      0.00000000	      0.00000000	      0.00000000	      0.00000000	      0.00000000	      0.00000000	      0.00000000	      0.00000000	      0.02663787	      0.00000000	      0.02634594	      0.00000000	     -0.00000000	      0.00000000	     -0.00000000	      0.00000000	     -0.00000000	      0.00000000	     -0.00000000	      0.00000000	      0.02024254	      0.00000000	      0.02875633	      0.00000000	      0.00000000	      0.00000000	      0.00000000	      0.00000000	      0.00000000	      0.00000000	      0.00000000	      0.00000000	      0.00000000	      0.00000000	      0.00000000	      0.00000000	      0.00000000	      0.00000000	      0.00000000	      0.00000000	      0.00000000	      0.00000000	      0.04235037	      0.00000000	      0.00000000	      0.00000000	     -0.00000000	      0.00000000	      0.00000000	      0.00000000	      0.00000000	      0.00000000	      0.00000000	      0.00000000	     -0.01951643	      0.00000000	      0.04330987	      0.00000000	      0.03093020	      0.00000000	      0.03927820	      0.00000000	     -0.00000000	      0.00000000	     -0.00282737	      0.00000000	     -0.00000000	      0.00000000	     -0.00000000	      0.00000000	     -0.01921166	      0.00000000	     -0.01969374	      0.00000000	     -0.01766570
     85.00000000	    103.03054396	      0.00000000	      0.00000000	      0.00000000	      0.00000000	      0.00000000	      0.00000000	      0.00000000	      0.00000000	      0.00000000	      0.00000000	      0.00000000	      0.00000000	      0.00000000	      0.02607427	      0.00000000	      0.02507022	      0.00000000	      0.00000000	      0.00000000	     -0.00000000	      0.00000000	     -0.00000000	      0.00000000	      0.00000000	      0.00000000	      0.01971809	      0.00000000	      0.02845962	      0.00000000	      0.00000000	      0.00000000	      0.00000000	      0.00000000	      0.00000000	      0.00000000	      0.00000000	      0.00000000	      0.00000000	      0.00000000	      0.00000000	      0.00000000	      0.00000000	      0.00000000	      0.00000000	      0.00000000	      0.00000000	      0.00000000	      0.04189649	      0.00000000	      0.00000000	      0.00000000	     -0.00000000	      0.00000000	     -0.00000000	      0.00000000	      0.00000000	      0.00000000	      0.00000000	      0.00000000	     -0.01979068	      0.00000000	      0.04338800	      0.00000000	      0.03015719	      0.00000000	      0.03837384	      0.00000000	      0.00000000	      0.00000000	     -0.00271898	      0.00000000	     -0.00000000	      0.00000000	      0.00000000	      0.00000000	     -0.01947749	      0.00000000	     -0.01991941	      0.00000000	     -0.01792704
     86.00000000	    104.24266801	      0.00000000	      0.00000000	      0.00000000	      0.00000000	      0.00000000	      0.00000000	      0.00000000	      0.00000000	      0.00000000	      0.00000000	      0.00000000	      0.00000000	      0.00000000	      0.02550024	      0.00000000	      0.02374242	      0.00000000	      0.00000000	      0.00000000	      0.00000000	      0.00000000	      0.00000000	      0.00000000	      0.00000000	      0.00000000	      0.01917144	      0.00000000	      0.02814247	      0.00000000	      0.00000000	      0.00000000	      0.00000000	      0.00000000	      0.00000000	      0.00000000	      0.00000000	      0.00000000	      0.00000000	      0.00000000	      0.00000000	      0.00000000	      0.00000000	      0.00000000	      0.00000000	      0.00000000	      0.00000000	      0.00000000	      0.04142067	      0.00000000	      0.00000000	      0.00000000	      0.00000000	      0.00000000	      0.00000000	      0.00000000	      0.00000000	      0.00000000	      0.00000000	      0.00000000	     -0.02013395	      0.00000000	      0.04345486	      0.00000000	      0.02936707	      0.00000000	      0.03744600	      0.00000000	      0.00000000	      0.00000000	     -0.00261731	      0.00000000	     -0.00000000	      0.00000000	      0.00000000	      0.00000000	     -0.01981016	      0.00000000	     -0.02020535	      0.00000000	     -0.01825427
     87.00000000	    105.45479205	      0.00000000	      0.00000000	      0.00000000	      0.00000000	      0.00000000	      0.00000000	      0.00000000	      0.00000000	      0.00000000	      0.00000000	      0.00000000	      0.00000000	      0.00000000	      0.02491644	      0.00000000	      0.02236331	      0.00000000	      0.00000000	      0.00000000	      0.00000000	      0.00000000	      0.00000000	      0.00000000	      0.00000000	      0.00000000	      0.01860197	      0.00000000	      0.02780379	      0.00000000	      0.00000000	      0.00000000	      0.00000000	      0.00000000	      0.00000000	      0.00000000	      0.00000000	      0.00000000	      0.00000000	      0.00000000	      0.00000000	      0.00000000	      0.00000000	      0.00000000	      0.00000000	      0.00000000	      0.00000000	      0.00000000	      0.04092273	      0.00000000	      0.00000000	      0.00000000	      0.00000000	      0.00000000	      0.00000000	      0.00000000	      0.00000000	      0.00000000	      0.00000000	      0.00000000	     -0.02054451	      0.00000000	      0.04350935	      0.00000000	      0.02856010	      0.00000000	      0.03649492	      0.00000000	      0.00000000	      0.00000000	     -0.00252243	      0.00000000	     -0.00000000	      0.00000000	      0.00000000	      0.00000000	     -0.02020800	      0.00000000	     -0.02054981	      0.00000000	     -0.01864180
     88.00000000	    106.66691610	      0.00000000	      0.00000000	      0.00000000	      0.00000000	      0.00000000	      0.00000000	      0.00000000	      0.00000000	      0.00000000	      0.00000000	      0.00000000	      0.00000000	      0.00000000	      0.02432353	      0.00000000	      0.02093357	      0.00000000	      0.00000000	      0.00000000	      0.00000000	      0.00000000	      0.00000000	      0.00000000	     -0.00000000	      0.00000000	      0.01801022	      0.00000000	      0.02744356	      0.00000000	      0.00000000	      0.00000000	      0.00000000	      0.00000000	      0.00000000	      0.00000000	      0.00000000	      0.00000000	      0.00000000	      0.00000000	      0.00000000	      0.00000000	      0.00000000	      0.00000000	      0.00000000	      0.00000000	      0.00000000	      0.00000000	      0.04040250	      0.00000000	      0.00000000	      0.00000000	     -0.00000000	      0.00000000	      0.00000000	      0.00000000	      0.00000000	      0.00000000	      0.00000000	      0.00000000	     -0.02102046	      0.00000000	      0.04355017	      0.00000000	      0.02773655	      0.00000000	      0.03552088	      0.00000000	      0.00000000	      0.00000000	     -0.00243442	      0.00000000	      0.00000000	      0.00000000	     -0.00000000	      0.00000000	     -0.02066181	      0.00000000	     -0.02095048	      0.00000000	     -0.01908743
     89.00000000	    107.87904015	      0.00000000	      0.00000000	      0.00000000	      0.00000000	      0.00000000	      0.00000000	      0.00000000	      0.00000000	      0.00000000	      0.00000000	      0.00000000	      0.00000000	      0.00000000	      0.02372220	      0.00000000	      0.01945409	      0.00000000	     -0.00000000	      0.00000000	      0.00000000	      0.00000000	      0.00000000	      0.00000000	      0.00000000	      0.00000000	      0.01739527	      0.00000000	      0.02706108	      0.00000000	      0.00000000	      0.00000000	      0.00000000	      0.00000000	      0.00000000	      0.00000000	      0.00000000	      0.00000000	      0.00000000	      0.00000000	      0.00000000	      0.00000000	      0.00000000	      0.00000000	      0.00000000	      0.00000000	      0.00000000	      0.00000000	      0.03985983	      0.00000000	      0.00000000	      0.00000000	     -0.00000000	      0.00000000	      0.00000000	      0.00000000	      0.00000000	      0.00000000	      0.00000000	      0.00000000	     -0.02155966	      0.00000000	      0.04357587	      0.00000000	      0.02689669	      0.00000000	      0.03452418	      0.00000000	     -0.00000000	      0.00000000	     -0.00235335	      0.00000000	     -0.00000000	      0.00000000	      0.00000000	      0.00000000	     -0.02118309	      0.00000000	     -0.02140565	      0.00000000	     -0.01958915
     90.00000000	    109.09116419	      0.00000000	      0.00000000	      0.00000000	      0.00000000	      0.00000000	      0.00000000	      0.00000000	      0.00000000	      0.00000000	      0.00000000	      0.00000000	      0.00000000	      0.00000000	      0.02311312	      0.00000000	      0.01792599	      0.00000000	      0.00000000	      0.00000000	     -0.00000000	      0.00000000	     -0.00000000	      0.00000000	     -0.00000000	      0.00000000	      0.01675776	      0.00000000	      0.02665608	      0.00000000	      0.00000000	      0.00000000	      0.00000000	      0.00000000	      0.00000000	      0.00000000	      0.00000000	      0.00000000	      0.00000000	      0.00000000	      0.00000000	      0.00000000	      0.00000000	      0.00000000	      0.00000000	      0.00000000	      0.00000000	      0.00000000	      0.03929458	      0.00000000	      0.00000000	      0.00000000	     -0.00000000	      0.00000000	     -0.00000000	      0.00000000	      0.00000000	      0.00000000	      0.00000000	      0.00000000	     -0.02216136	      0.00000000	      0.04358475	      0.00000000	      0.02604085	      0.00000000	      0.03350513	      0.00000000	     -0.00000000	      0.00000000	     -0.00227930	      0.00000000	     -0.00000000	      0.00000000	     -0.00000000	      0.00000000	     -0.02176305	      0.00000000	     -0.02191273	      0.00000000	     -0.02014356
     91.00000000	    110.30328824	      0.00000000	      0.00000000	      0.00000000	      0.00000000	      0.00000000	      0.00000000	      0.00000000	      0.00000000	      0.00000000	      0.00000000	      0.00000000	      0.00000000	      0.00000000	      0.02249698	      0.00000000	      0.01635000	      0.00000000	     -0.00000000	      0.00000000	     -0.00000000	      0.00000000	      0.00000000	      0.00000000	     -0.00000000	      0.00000000	      0.01609788	      0.00000000	      0.02622791	      0.00000000	      0.00000000	      0.00000000	      0.00000000	      0.00000000	      0.00000000	      0.00000000	      0.00000000	      0.00000000	      0.00000000	      0.00000000	      0.00000000	      0.00000000	      0.00000000	      0.00000000	      0.00000000	      0.00000000	      0.00000000	      0.00000000	      0.03870663	      0.00000000	      0.00000000	      0.00000000	     -0.00000000	      0.00000000	     -0.00000000	      0.00000000	      0.00000000	      0.00000000	      0.00000000	      0.00000000	     -0.02282013	      0.00000000	      0.04357482	      0.00000000	      0.02516932	      0.00000000	      0.03246409	      0.00000000	     -0.00000000	      0.00000000	     -0.00221233	      0.00000000	     -0.00000000	      0.00000000	     -0.00000000	      0.00000000	     -0.02239973	      0.00000000	     -0.02246918	      0.00000000	     -0.02074779
     92.00000000	    111.51541229	      0.00000000	      0.00000000	      0.00000000	      0.00000000	      0.00000000	      0.00000000	      0.00000000	      0.00000000	      0.00000000	      0.00000000	      0.00000000	      0.00000000	      0.00000000	      0.02187443	      0.00000000	      0.01472882	      0.00000000	      0.00000000	      0.00000000	      0.00000000	      0.00000000	      0.00000000	      0.00000000	      0.00000000	      0.00000000	      0.01541631	      0.00000000	      0.02577626	      0.00000000	      0.00000000	      0.00000000	      0.00000000	      0.00000000	      0.00000000	      0.00000000	      0.00000000	      0.00000000	      0.00000000	      0.00000000	      0.00000000	      0.00000000	      0.00000000	      0.00000000	      0.00000000	      0.00000000	      0.00000000	      0.00000000	      0.03809585	      0.00000000	      0.00000000	      0.00000000	      0.00000000	      0.00000000	      0.00000000	      0.00000000	      0.00000000	      0.00000000	      0.00000000	      0.00000000	     -0.02353172	      0.00000000	      0.04354372	      0.00000000	      0.02428246	      0.00000000	      0.03140145	      0.00000000	      0.00000000	      0.00000000	     -0.00215234	      0.00000000	      0.00000000	      0.00000000	      0.00000000	      0.00000000	     -0.02308813	      0.00000000	     -0.02306999	      0.00000000	     -0.02139682
     93.00000000	    112.72753633	      0.00000000	      0.00000000	      0.00000000	      0.00000000	      0.00000000	      0.00000000	      0.00000000	      0.00000000	      0.00000000	      0.00000000	      0.00000000	      0.00000000	      0.00000000	      0.02124613	      0.00000000	      0.01306346	      0.00000000	      0.00000000	      0.00000000	      0.00000000	      0.00000000	      0.00000000	      0.00000000	      0.00000000	      0.00000000	      0.01471347	      0.00000000	      0.02530048	      0.00000000	      0.00000000	      0.00000000	      0.00000000	      0.00000000	      0.00000000	      0.00000000	      0.00000000	      0.00000000	      0.00000000	      0.00000000	      0.00000000	      0.00000000	      0.00000000	      0.00000000	      0.00000000	      0.00000000	      0.00000000	      0.00000000	      0.03746216	      0.00000000	      0.00000000	      0.00000000	      0.00000000	      0.00000000	      0.00000000	      0.00000000	      0.00000000	      0.00000000	      0.00000000	      0.00000000	     -0.02429269	      0.00000000	      0.04348872	      0.00000000	      0.02338061	      0.00000000	      0.03031760	      0.00000000	      0.00000000	      0.00000000	     -0.00209933	      0.00000000	      0.00000000	      0.00000000	      0.00000000	      0.00000000	     -0.02382433	      0.00000000	     -0.02371241	      0.00000000	     -0.02208728
     94.00000000	    113.93966038	      0.00000000	      0.00000000	      0.00000000	      0.00000000	      0.00000000	      0.00000000	      0.00000000	      0.00000000	      0.00000000	      0.00000000	      0.00000000	      0.00000000	      0.00000000	      0.02061276	      0.00000000	      0.01135608	      0.00000000	     -0.00000000	      0.00000000	     -0.00000000	      0.00000000	     -0.00000000	      0.00000000	     -0.00000000	      0.00000000	      0.01398867	      0.00000000	      0.02480019	      0.00000000	      0.00000000	      0.00000000	      0.00000000	      0.00000000	      0.00000000	      0.00000000	      0.00000000	      0.00000000	      0.00000000	      0.00000000	      0.00000000	      0.00000000	      0.00000000	      0.00000000	      0.00000000	      0.00000000	      0.00000000	      0.00000000	      0.03680549	      0.00000000	      0.00000000	      0.00000000	     -0.00000000	      0.00000000	     -0.00000000	      0.00000000	      0.00000000	      0.00000000	      0.00000000	      0.00000000	     -0.02510035	      0.00000000	      0.04340664	      0.00000000	      0.02246416	      0.00000000	      0.02921300	      0.00000000	     -0.00000000	      0.00000000	     -0.00205335	      0.00000000	     -0.00000000	      0.00000000	     -0.00000000	      0.00000000	     -0.02460596	      0.00000000	     -0.02439359	      0.00000000	     -0.02281631
     95.00000000	    115.15178443	      0.00000000	      0.00000000	      0.00000000	      0.00000000	      0.00000000	      0.00000000	      0.00000000	      0.00000000	      0.00000000	      0.00000000	      0.00000000	      0.00000000	      0.00000000	      0.01997502	      0.00000000	      0.00960845	      0.00000000	      0.00000000	      0.00000000	     -0.00000000	      0.00000000	      0.00000000	      0.00000000	     -0.00000000	      0.00000000	      0.01324396	      0.00000000	      0.02427489	      0.00000000	      0.00000000	      0.00000000	      0.00000000	      0.00000000	      0.00000000	      0.00000000	      0.00000000	      0.00000000	      0.00000000	      0.00000000	      0.00000000	      0.00000000	      0.00000000	      0.00000000	      0.00000000	      0.00000000	      0.00000000	      0.00000000	      0.03612579	      0.00000000	      0.00000000	      0.00000000	     -0.00000000	      0.00000000	      0.00000000	      0.00000000	      0.00000000	      0.00000000	      0.00000000	      0.00000000	     -0.02595261	      0.00000000	      0.04329371	      0.00000000	      0.02153349	      0.00000000	      0.02808809	      0.00000000	      0.00000000	      0.00000000	     -0.00201447	      0.00000000	      0.00000000	      0.00000000	     -0.00000000	      0.00000000	     -0.02543149	      0.00000000	     -0.02511179	      0.00000000	     -0.02358137
     96.00000000	    116.36390847	      0.00000000	      0.00000000	      0.00000000	      0.00000000	      0.00000000	      0.00000000	      0.00000000	      0.00000000	      0.00000000	      0.00000000	      0.00000000	      0.00000000	      0.00000000	      0.01933360	      0.00000000	      0.00782345	      0.00000000	      0.00000000	      0.00000000	      0.00000000	      0.00000000	      0.00000000	      0.00000000	      0.00000000	      0.00000000	      0.01247768	      0.00000000	      0.02372400	      0.00000000	      0.00000000	      0.00000000	      0.00000000	      0.00000000	      0.00000000	      0.00000000	      0.00000000	      0.00000000	      0.00000000	      0.00000000	      0.00000000	      0.00000000	      0.00000000	      0.00000000	      0.00000000	      0.00000000	      0.00000000	      0.00000000	      0.03542301	      0.00000000	      0.00000000	      0.00000000	     -0.00000000	      0.00000000	     -0.00000000	      0.00000000	      0.00000000	      0.00000000	      0.00000000	      0.00000000	     -0.02684655	      0.00000000	      0.04314545	      0.00000000	      0.02058900	      0.00000000	      0.02694335	      0.00000000	      0.00000000	      0.00000000	     -0.00198272	      0.00000000	      0.00000000	      0.00000000	      0.00000000	      0.00000000	     -0.02629813	      0.00000000	     -0.02586422	      0.00000000	     -0.02437959
     97.00000000	    117.57603252	      0.00000000	      0.00000000	      0.00000000	      0.00000000	      0.00000000	      0.00000000	      0.00000000	      0.00000000	      0.00000000	      0.00000000	      0.00000000	      0.00000000	      0.00000000	      0.01868918	      0.00000000	      0.00600267	      0.00000000	     -0.00000000	      0.00000000	     -0.00000000	      0.00000000	      0.00000000	      0.00000000	     -0.00000000	      0.00000000	      0.01169257	      0.00000000	      0.02314707	      0.00000000	      0.00000000	      0.00000000	      0.00000000	      0.00000000	      0.00000000	      0.00000000	      0.00000000	      0.00000000	      0.00000000	      0.00000000	      0.00000000	      0.00000000	      0.00000000	      0.00000000	      0.00000000	      0.00000000	      0.00000000	      0.00000000	      0.03469715	      0.00000000	      0.00000000	      0.00000000	      0.00000000	      0.00000000	     -0.00000000	      0.00000000	      0.00000000	      0.00000000	      0.00000000	      0.00000000	     -0.02777955	      0.00000000	      0.04295648	      0.00000000	      0.01963110	      0.00000000	      0.02577931	      0.00000000	     -0.00000000	      0.00000000	     -0.00195815	      0.00000000	      0.00000000	      0.00000000	     -0.00000000	      0.00000000	     -0.02720360	      0.00000000	     -0.02664814	      0.00000000	     -0.02520886
     98.00000000	    118.78815657	      0.00000000	      0.00000000	      0.00000000	      0.00000000	      0.00000000	      0.00000000	      0.00000000	      0.00000000	      0.00000000	      0.00000000	      0.00000000	      0.00000000	      0.00000000	      0.01804245	      0.00000000	      0.00414874	      0.00000000	     -0.00000000	      0.00000000	     -0.00000000	      0.00000000	     -0.00000000	      0.00000000	      0.00000000	      0.00000000	      0.01088854	      0.00000000	      0.02254358	      0.00000000	      0.00000000	      0.00000000	      0.00000000	      0.00000000	      0.00000000	      0.00000000	      0.00000000	      0.00000000	      0.00000000	      0.00000000	      0.00000000	      0.00000000	      0.00000000	      0.00000000	      0.00000000	      0.00000000	      0.00000000	      0.00000000	      0.03394819	      0.00000000	      0.00000000	      0.00000000	     -0.00000000	      0.00000000	     -0.00000000	      0.00000000	      0.00000000	      0.00000000	      0.00000000	      0.00000000	     -0.02874895	      0.00000000	      0.04272035	      0.00000000	      0.01866024	      0.00000000	      0.02459648	      0.00000000	     -0.00000000	      0.00000000	     -0.00194081	      0.00000000	     -0.00000000	      0.00000000	     -0.00000000	      0.00000000	     -0.02814522	      0.00000000	     -0.02746189	      0.00000000	     -0.02606622
     99.00000000	    120.00028061	      0.00000000	      0.00000000	      0.00000000	      0.00000000	      0.00000000	      0.00000000	      0.00000000	      0.00000000	      0.00000000	      0.00000000	      0.00000000	      0.00000000	      0.00000000	      0.01739436	      0.00000000	      0.00226803	      0.00000000	     -0.00000000	      0.00000000	     -0.00000000	      0.00000000	     -0.00000000	      0.00000000	      0.00000000	      0.00000000	      0.01006452	      0.00000000	      0.02191327	      0.00000000	      0.00000000	      0.00000000	      0.00000000	      0.00000000	      0.00000000	      0.00000000	      0.00000000	      0.00000000	      0.00000000	      0.00000000	      0.00000000	      0.00000000	      0.00000000	      0.00000000	      0.00000000	      0.00000000	      0.00000000	      0.00000000	      0.03317651	      0.00000000	      0.00000000	      0.00000000	      0.00000000	      0.00000000	     -0.00000000	      0.00000000	      0.00000000	      0.00000000	      0.00000000	      0.00000000	     -0.02975152	      0.00000000	      0.04242940	      0.00000000	      0.01767729	      0.00000000	      0.02339598	      0.00000000	      0.00000000	      0.00000000	     -0.00193074	      0.00000000	     -0.00000000	      0.00000000	     -0.00000000	      0.00000000	     -0.02912078	      0.00000000	     -0.02830188	      0.00000000	     -0.02694857
