UNKNOWN
version=1
nRows=100
nColumns=82
inDegrees=no
endheader
time	/jointset/subtalar_r/subtalar_angle_r/value	addbrev_l	addbrev_r	addlong_l	addlong_r	addmagDist_l	addmagDist_r	addmagIsch_l	addmagIsch_r	addmagMid_l	addmagMid_r	addmagProx_l	addmagProx_r	bflh_l	bflh_r	bfsh_l	bfsh_r	edl_l	edl_r	ehl_l	ehl_r	fdl_l	fdl_r	fhl_l	fhl_r	gaslat_l	gaslat_r	gasmed_l	gasmed_r	glmax1_l	glmax1_r	glmax2_l	glmax2_r	glmax3_l	glmax3_r	glmed1_l	glmed1_r	glmed2_l	glmed2_r	glmed3_l	glmed3_r	glmin1_l	glmin1_r	glmin2_l	glmin2_r	glmin3_l	glmin3_r	grac_l	grac_r	iliacus_l	iliacus_r	perbrev_l	perbrev_r	perlong_l	perlong_r	piri_l	piri_r	psoas_l	psoas_r	recfem_l	recfem_r	sart_l	sart_r	semimem_l	semimem_r	semiten_l	semiten_r	soleus_l	soleus_r	tfl_l	tfl_r	tibant_l	tibant_r	tibpost_l	tibpost_r	vasint_l	vasint_r	vaslat_l	vaslat_r	vasmed_l	vasmed_r
      0.00000000	    -19.99999998	      0.00000000	      0.00000000	      0.00000000	      0.00000000	      0.00000000	      0.00000000	      0.00000000	      0.00000000	      0.00000000	      0.00000000	      0.00000000	      0.00000000	      0.00000000	      0.00000000	      0.00000000	      0.00000000	      0.00000000	     -0.01454402	      0.00000000	      0.00051379	      0.00000000	      0.01694081	      0.00000000	      0.01469252	      0.00000000	      0.00551640	      0.00000000	      0.00229661	      0.00000000	      0.00000000	      0.00000000	      0.00000000	      0.00000000	      0.00000000	      0.00000000	      0.00000000	      0.00000000	      0.00000000	      0.00000000	      0.00000000	      0.00000000	      0.00000000	      0.00000000	      0.00000000	      0.00000000	      0.00000000	      0.00000000	      0.00000000	      0.00000000	      0.00000000	      0.00000000	     -0.02614173	      0.00000000	     -0.02453849	      0.00000000	      0.00000000	      0.00000000	      0.00000000	      0.00000000	      0.00000000	      0.00000000	      0.00000000	      0.00000000	      0.00000000	      0.00000000	      0.00000000	      0.00000000	      0.00416296	      0.00000000	      0.00000000	      0.00000000	      0.00891756	      0.00000000	      0.01729362	      0.00000000	      0.00000000	      0.00000000	      0.00000000	      0.00000000	      0.00000000
      1.00000000	    -19.59595957	      0.00000000	      0.00000000	      0.00000000	      0.00000000	      0.00000000	      0.00000000	      0.00000000	      0.00000000	      0.00000000	      0.00000000	      0.00000000	      0.00000000	      0.00000000	      0.00000000	      0.00000000	      0.00000000	      0.00000000	     -0.01454402	      0.00000000	      0.00051379	      0.00000000	      0.01694081	      0.00000000	      0.01469252	      0.00000000	      0.00551640	      0.00000000	      0.00229661	      0.00000000	      0.00000000	      0.00000000	      0.00000000	      0.00000000	      0.00000000	      0.00000000	      0.00000000	      0.00000000	      0.00000000	      0.00000000	      0.00000000	      0.00000000	      0.00000000	      0.00000000	      0.00000000	      0.00000000	      0.00000000	      0.00000000	      0.00000000	      0.00000000	      0.00000000	      0.00000000	     -0.02614173	      0.00000000	     -0.02453849	      0.00000000	      0.00000000	      0.00000000	      0.00000000	      0.00000000	      0.00000000	      0.00000000	      0.00000000	      0.00000000	      0.00000000	      0.00000000	      0.00000000	      0.00000000	      0.00416296	      0.00000000	      0.00000000	      0.00000000	      0.00891756	      0.00000000	      0.01729362	      0.00000000	      0.00000000	      0.00000000	      0.00000000	      0.00000000	      0.00000000
      2.00000000	    -19.19191917	      0.00000000	      0.00000000	      0.00000000	      0.00000000	      0.00000000	      0.00000000	      0.00000000	      0.00000000	      0.00000000	      0.00000000	      0.00000000	      0.00000000	      0.00000000	      0.00000000	      0.00000000	      0.00000000	      0.00000000	     -0.01454402	      0.00000000	      0.00051379	      0.00000000	      0.01694081	      0.00000000	      0.01469252	      0.00000000	      0.00551640	      0.00000000	      0.00229661	      0.00000000	      0.00000000	      0.00000000	      0.00000000	      0.00000000	      0.00000000	      0.00000000	      0.00000000	      0.00000000	      0.00000000	      0.00000000	      0.00000000	      0.00000000	      0.00000000	      0.00000000	      0.00000000	      0.00000000	      0.00000000	      0.00000000	      0.00000000	      0.00000000	      0.00000000	      0.00000000	     -0.02614173	      0.00000000	     -0.02453849	      0.00000000	      0.00000000	      0.00000000	      0.00000000	      0.00000000	      0.00000000	      0.00000000	      0.00000000	      0.00000000	      0.00000000	      0.00000000	      0.00000000	      0.00000000	      0.00416296	      0.00000000	      0.00000000	      0.00000000	      0.00891756	      0.00000000	      0.01729362	      0.00000000	      0.00000000	      0.00000000	      0.00000000	      0.00000000	      0.00000000
      3.00000000	    -18.78787877	      0.00000000	      0.00000000	      0.00000000	      0.00000000	      0.00000000	      0.00000000	      0.00000000	      0.00000000	      0.00000000	      0.00000000	      0.00000000	      0.00000000	      0.00000000	      0.00000000	      0.00000000	      0.00000000	      0.00000000	     -0.01454402	      0.00000000	      0.00051379	      0.00000000	      0.01694081	      0.00000000	      0.01469252	      0.00000000	      0.00551640	      0.00000000	      0.00229661	      0.00000000	      0.00000000	      0.00000000	      0.00000000	      0.00000000	      0.00000000	      0.00000000	      0.00000000	      0.00000000	      0.00000000	      0.00000000	      0.00000000	      0.00000000	      0.00000000	      0.00000000	      0.00000000	      0.00000000	      0.00000000	      0.00000000	      0.00000000	      0.00000000	      0.00000000	      0.00000000	     -0.02614173	      0.00000000	     -0.02453849	      0.00000000	      0.00000000	      0.00000000	      0.00000000	      0.00000000	      0.00000000	      0.00000000	      0.00000000	      0.00000000	      0.00000000	      0.00000000	      0.00000000	      0.00000000	      0.00416296	      0.00000000	      0.00000000	      0.00000000	      0.00891756	      0.00000000	      0.01729362	      0.00000000	      0.00000000	      0.00000000	      0.00000000	      0.00000000	      0.00000000
      4.00000000	    -18.38383836	      0.00000000	      0.00000000	      0.00000000	      0.00000000	      0.00000000	      0.00000000	      0.00000000	      0.00000000	      0.00000000	      0.00000000	      0.00000000	      0.00000000	      0.00000000	      0.00000000	      0.00000000	      0.00000000	      0.00000000	     -0.01454402	      0.00000000	      0.00051379	      0.00000000	      0.01694081	      0.00000000	      0.01469252	      0.00000000	      0.00551640	      0.00000000	      0.00229661	      0.00000000	      0.00000000	      0.00000000	      0.00000000	      0.00000000	      0.00000000	      0.00000000	      0.00000000	      0.00000000	      0.00000000	      0.00000000	      0.00000000	      0.00000000	      0.00000000	      0.00000000	      0.00000000	      0.00000000	      0.00000000	      0.00000000	      0.00000000	      0.00000000	      0.00000000	      0.00000000	     -0.02614173	      0.00000000	     -0.02453849	      0.00000000	      0.00000000	      0.00000000	      0.00000000	      0.00000000	      0.00000000	      0.00000000	      0.00000000	      0.00000000	      0.00000000	      0.00000000	      0.00000000	      0.00000000	      0.00416296	      0.00000000	      0.00000000	      0.00000000	      0.00891756	      0.00000000	      0.01729362	      0.00000000	      0.00000000	      0.00000000	      0.00000000	      0.00000000	      0.00000000
      5.00000000	    -17.97979796	      0.00000000	      0.00000000	      0.00000000	      0.00000000	      0.00000000	      0.00000000	      0.00000000	      0.00000000	      0.00000000	      0.00000000	      0.00000000	      0.00000000	      0.00000000	      0.00000000	      0.00000000	      0.00000000	      0.00000000	     -0.01454402	      0.00000000	      0.00051379	      0.00000000	      0.01694081	      0.00000000	      0.01469252	      0.00000000	      0.00551640	      0.00000000	      0.00229661	      0.00000000	      0.00000000	      0.00000000	      0.00000000	      0.00000000	      0.00000000	      0.00000000	      0.00000000	      0.00000000	      0.00000000	      0.00000000	      0.00000000	      0.00000000	      0.00000000	      0.00000000	      0.00000000	      0.00000000	      0.00000000	      0.00000000	      0.00000000	      0.00000000	      0.00000000	      0.00000000	     -0.02614173	      0.00000000	     -0.02453849	      0.00000000	      0.00000000	      0.00000000	      0.00000000	      0.00000000	      0.00000000	      0.00000000	      0.00000000	      0.00000000	      0.00000000	      0.00000000	      0.00000000	      0.00000000	      0.00416296	      0.00000000	      0.00000000	      0.00000000	      0.00891756	      0.00000000	      0.01729362	      0.00000000	      0.00000000	      0.00000000	      0.00000000	      0.00000000	      0.00000000
      6.00000000	    -17.57575756	      0.00000000	      0.00000000	      0.00000000	      0.00000000	      0.00000000	      0.00000000	      0.00000000	      0.00000000	      0.00000000	      0.00000000	      0.00000000	      0.00000000	      0.00000000	      0.00000000	      0.00000000	      0.00000000	      0.00000000	     -0.01454402	      0.00000000	      0.00051379	      0.00000000	      0.01694081	      0.00000000	      0.01469252	      0.00000000	      0.00551640	      0.00000000	      0.00229661	      0.00000000	      0.00000000	      0.00000000	      0.00000000	      0.00000000	      0.00000000	      0.00000000	      0.00000000	      0.00000000	      0.00000000	      0.00000000	      0.00000000	      0.00000000	      0.00000000	      0.00000000	      0.00000000	      0.00000000	      0.00000000	      0.00000000	      0.00000000	      0.00000000	      0.00000000	      0.00000000	     -0.02614173	      0.00000000	     -0.02453849	      0.00000000	      0.00000000	      0.00000000	      0.00000000	      0.00000000	      0.00000000	      0.00000000	      0.00000000	      0.00000000	      0.00000000	      0.00000000	      0.00000000	      0.00000000	      0.00416296	      0.00000000	      0.00000000	      0.00000000	      0.00891756	      0.00000000	      0.01729362	      0.00000000	      0.00000000	      0.00000000	      0.00000000	      0.00000000	      0.00000000
      7.00000000	    -17.17171715	      0.00000000	      0.00000000	      0.00000000	      0.00000000	      0.00000000	      0.00000000	      0.00000000	      0.00000000	      0.00000000	      0.00000000	      0.00000000	      0.00000000	      0.00000000	      0.00000000	      0.00000000	      0.00000000	      0.00000000	     -0.01454402	      0.00000000	      0.00051379	      0.00000000	      0.01694081	      0.00000000	      0.01469252	      0.00000000	      0.00551640	      0.00000000	      0.00229661	      0.00000000	      0.00000000	      0.00000000	      0.00000000	      0.00000000	      0.00000000	      0.00000000	      0.00000000	      0.00000000	      0.00000000	      0.00000000	      0.00000000	      0.00000000	      0.00000000	      0.00000000	      0.00000000	      0.00000000	      0.00000000	      0.00000000	      0.00000000	      0.00000000	      0.00000000	      0.00000000	     -0.02614173	      0.00000000	     -0.02453849	      0.00000000	      0.00000000	      0.00000000	      0.00000000	      0.00000000	      0.00000000	      0.00000000	      0.00000000	      0.00000000	      0.00000000	      0.00000000	      0.00000000	      0.00000000	      0.00416296	      0.00000000	      0.00000000	      0.00000000	      0.00891756	      0.00000000	      0.01729362	      0.00000000	      0.00000000	      0.00000000	      0.00000000	      0.00000000	      0.00000000
      8.00000000	    -16.76767675	      0.00000000	      0.00000000	      0.00000000	      0.00000000	      0.00000000	      0.00000000	      0.00000000	      0.00000000	      0.00000000	      0.00000000	      0.00000000	      0.00000000	      0.00000000	      0.00000000	      0.00000000	      0.00000000	      0.00000000	     -0.01454402	      0.00000000	      0.00051379	      0.00000000	      0.01694081	      0.00000000	      0.01469252	      0.00000000	      0.00551640	      0.00000000	      0.00229661	      0.00000000	      0.00000000	      0.00000000	      0.00000000	      0.00000000	      0.00000000	      0.00000000	      0.00000000	      0.00000000	      0.00000000	      0.00000000	      0.00000000	      0.00000000	      0.00000000	      0.00000000	      0.00000000	      0.00000000	      0.00000000	      0.00000000	      0.00000000	      0.00000000	      0.00000000	      0.00000000	     -0.02614173	      0.00000000	     -0.02453849	      0.00000000	      0.00000000	      0.00000000	      0.00000000	      0.00000000	      0.00000000	      0.00000000	      0.00000000	      0.00000000	      0.00000000	      0.00000000	      0.00000000	      0.00000000	      0.00416296	      0.00000000	      0.00000000	      0.00000000	      0.00891756	      0.00000000	      0.01729362	      0.00000000	      0.00000000	      0.00000000	      0.00000000	      0.00000000	      0.00000000
      9.00000000	    -16.36363634	      0.00000000	      0.00000000	      0.00000000	      0.00000000	      0.00000000	      0.00000000	      0.00000000	      0.00000000	      0.00000000	      0.00000000	      0.00000000	      0.00000000	      0.00000000	      0.00000000	      0.00000000	      0.00000000	      0.00000000	     -0.01454402	      0.00000000	      0.00051379	      0.00000000	      0.01694081	      0.00000000	      0.01469252	      0.00000000	      0.00551640	      0.00000000	      0.00229661	      0.00000000	      0.00000000	      0.00000000	      0.00000000	      0.00000000	      0.00000000	      0.00000000	      0.00000000	      0.00000000	      0.00000000	      0.00000000	      0.00000000	      0.00000000	      0.00000000	      0.00000000	      0.00000000	      0.00000000	      0.00000000	      0.00000000	      0.00000000	      0.00000000	      0.00000000	      0.00000000	     -0.02614173	      0.00000000	     -0.02453849	      0.00000000	      0.00000000	      0.00000000	      0.00000000	      0.00000000	      0.00000000	      0.00000000	      0.00000000	      0.00000000	      0.00000000	      0.00000000	      0.00000000	      0.00000000	      0.00416296	      0.00000000	      0.00000000	      0.00000000	      0.00891756	      0.00000000	      0.01729362	      0.00000000	      0.00000000	      0.00000000	      0.00000000	      0.00000000	      0.00000000
     10.00000000	    -15.95959594	      0.00000000	      0.00000000	      0.00000000	      0.00000000	      0.00000000	      0.00000000	      0.00000000	      0.00000000	      0.00000000	      0.00000000	      0.00000000	      0.00000000	      0.00000000	      0.00000000	      0.00000000	      0.00000000	      0.00000000	     -0.01454402	      0.00000000	      0.00051379	      0.00000000	      0.01694081	      0.00000000	      0.01469252	      0.00000000	      0.00551640	      0.00000000	      0.00229661	      0.00000000	      0.00000000	      0.00000000	      0.00000000	      0.00000000	      0.00000000	      0.00000000	      0.00000000	      0.00000000	      0.00000000	      0.00000000	      0.00000000	      0.00000000	      0.00000000	      0.00000000	      0.00000000	      0.00000000	      0.00000000	      0.00000000	      0.00000000	      0.00000000	      0.00000000	      0.00000000	     -0.02614173	      0.00000000	     -0.02453849	      0.00000000	      0.00000000	      0.00000000	      0.00000000	      0.00000000	      0.00000000	      0.00000000	      0.00000000	      0.00000000	      0.00000000	      0.00000000	      0.00000000	      0.00000000	      0.00416296	      0.00000000	      0.00000000	      0.00000000	      0.00891756	      0.00000000	      0.01729362	      0.00000000	      0.00000000	      0.00000000	      0.00000000	      0.00000000	      0.00000000
     11.00000000	    -15.55555554	      0.00000000	      0.00000000	      0.00000000	      0.00000000	      0.00000000	      0.00000000	      0.00000000	      0.00000000	      0.00000000	      0.00000000	      0.00000000	      0.00000000	      0.00000000	      0.00000000	      0.00000000	      0.00000000	      0.00000000	     -0.01454402	      0.00000000	      0.00051379	      0.00000000	      0.01694081	      0.00000000	      0.01469252	      0.00000000	      0.00551640	      0.00000000	      0.00229661	      0.00000000	      0.00000000	      0.00000000	      0.00000000	      0.00000000	      0.00000000	      0.00000000	      0.00000000	      0.00000000	      0.00000000	      0.00000000	      0.00000000	      0.00000000	      0.00000000	      0.00000000	      0.00000000	      0.00000000	      0.00000000	      0.00000000	      0.00000000	      0.00000000	      0.00000000	      0.00000000	     -0.02614173	      0.00000000	     -0.02453849	      0.00000000	      0.00000000	      0.00000000	      0.00000000	      0.00000000	      0.00000000	      0.00000000	      0.00000000	      0.00000000	      0.00000000	      0.00000000	      0.00000000	      0.00000000	      0.00416296	      0.00000000	      0.00000000	      0.00000000	      0.00891756	      0.00000000	      0.01729362	      0.00000000	      0.00000000	      0.00000000	      0.00000000	      0.00000000	      0.00000000
     12.00000000	    -15.15151513	      0.00000000	      0.00000000	      0.00000000	      0.00000000	      0.00000000	      0.00000000	      0.00000000	      0.00000000	      0.00000000	      0.00000000	      0.00000000	      0.00000000	      0.00000000	      0.00000000	      0.00000000	      0.00000000	      0.00000000	     -0.01454402	      0.00000000	      0.00051379	      0.00000000	      0.01694081	      0.00000000	      0.01469252	      0.00000000	      0.00551640	      0.00000000	      0.00229661	      0.00000000	      0.00000000	      0.00000000	      0.00000000	      0.00000000	      0.00000000	      0.00000000	      0.00000000	      0.00000000	      0.00000000	      0.00000000	      0.00000000	      0.00000000	      0.00000000	      0.00000000	      0.00000000	      0.00000000	      0.00000000	      0.00000000	      0.00000000	      0.00000000	      0.00000000	      0.00000000	     -0.02614173	      0.00000000	     -0.02453849	      0.00000000	      0.00000000	      0.00000000	      0.00000000	      0.00000000	      0.00000000	      0.00000000	      0.00000000	      0.00000000	      0.00000000	      0.00000000	      0.00000000	      0.00000000	      0.00416296	      0.00000000	      0.00000000	      0.00000000	      0.00891756	      0.00000000	      0.01729362	      0.00000000	      0.00000000	      0.00000000	      0.00000000	      0.00000000	      0.00000000
     13.00000000	    -14.74747473	      0.00000000	      0.00000000	      0.00000000	      0.00000000	      0.00000000	      0.00000000	      0.00000000	      0.00000000	      0.00000000	      0.00000000	      0.00000000	      0.00000000	      0.00000000	      0.00000000	      0.00000000	      0.00000000	      0.00000000	     -0.01454402	      0.00000000	      0.00051379	      0.00000000	      0.01694081	      0.00000000	      0.01469252	      0.00000000	      0.00551640	      0.00000000	      0.00229661	      0.00000000	      0.00000000	      0.00000000	      0.00000000	      0.00000000	      0.00000000	      0.00000000	      0.00000000	      0.00000000	      0.00000000	      0.00000000	      0.00000000	      0.00000000	      0.00000000	      0.00000000	      0.00000000	      0.00000000	      0.00000000	      0.00000000	      0.00000000	      0.00000000	      0.00000000	      0.00000000	     -0.02614173	      0.00000000	     -0.02453849	      0.00000000	      0.00000000	      0.00000000	      0.00000000	      0.00000000	      0.00000000	      0.00000000	      0.00000000	      0.00000000	      0.00000000	      0.00000000	      0.00000000	      0.00000000	      0.00416296	      0.00000000	      0.00000000	      0.00000000	      0.00891756	      0.00000000	      0.01729362	      0.00000000	      0.00000000	      0.00000000	      0.00000000	      0.00000000	      0.00000000
     14.00000000	    -14.34343433	      0.00000000	      0.00000000	      0.00000000	      0.00000000	      0.00000000	      0.00000000	      0.00000000	      0.00000000	      0.00000000	      0.00000000	      0.00000000	      0.00000000	      0.00000000	      0.00000000	      0.00000000	      0.00000000	      0.00000000	     -0.01454402	      0.00000000	      0.00051379	      0.00000000	      0.01694081	      0.00000000	      0.01469252	      0.00000000	      0.00551640	      0.00000000	      0.00229661	      0.00000000	      0.00000000	      0.00000000	      0.00000000	      0.00000000	      0.00000000	      0.00000000	      0.00000000	      0.00000000	      0.00000000	      0.00000000	      0.00000000	      0.00000000	      0.00000000	      0.00000000	      0.00000000	      0.00000000	      0.00000000	      0.00000000	      0.00000000	      0.00000000	      0.00000000	      0.00000000	     -0.02614173	      0.00000000	     -0.02453849	      0.00000000	      0.00000000	      0.00000000	      0.00000000	      0.00000000	      0.00000000	      0.00000000	      0.00000000	      0.00000000	      0.00000000	      0.00000000	      0.00000000	      0.00000000	      0.00416296	      0.00000000	      0.00000000	      0.00000000	      0.00891756	      0.00000000	      0.01729362	      0.00000000	      0.00000000	      0.00000000	      0.00000000	      0.00000000	      0.00000000
     15.00000000	    -13.93939392	      0.00000000	      0.00000000	      0.00000000	      0.00000000	      0.00000000	      0.00000000	      0.00000000	      0.00000000	      0.00000000	      0.00000000	      0.00000000	      0.00000000	      0.00000000	      0.00000000	      0.00000000	      0.00000000	      0.00000000	     -0.01454402	      0.00000000	      0.00051379	      0.00000000	      0.01694081	      0.00000000	      0.01469252	      0.00000000	      0.00551640	      0.00000000	      0.00229661	      0.00000000	      0.00000000	      0.00000000	      0.00000000	      0.00000000	      0.00000000	      0.00000000	      0.00000000	      0.00000000	      0.00000000	      0.00000000	      0.00000000	      0.00000000	      0.00000000	      0.00000000	      0.00000000	      0.00000000	      0.00000000	      0.00000000	      0.00000000	      0.00000000	      0.00000000	      0.00000000	     -0.02614173	      0.00000000	     -0.02453849	      0.00000000	      0.00000000	      0.00000000	      0.00000000	      0.00000000	      0.00000000	      0.00000000	      0.00000000	      0.00000000	      0.00000000	      0.00000000	      0.00000000	      0.00000000	      0.00416296	      0.00000000	      0.00000000	      0.00000000	      0.00891756	      0.00000000	      0.01729362	      0.00000000	      0.00000000	      0.00000000	      0.00000000	      0.00000000	      0.00000000
     16.00000000	    -13.53535352	      0.00000000	      0.00000000	      0.00000000	      0.00000000	      0.00000000	      0.00000000	      0.00000000	      0.00000000	      0.00000000	      0.00000000	      0.00000000	      0.00000000	      0.00000000	      0.00000000	      0.00000000	      0.00000000	      0.00000000	     -0.01454402	      0.00000000	      0.00051379	      0.00000000	      0.01694081	      0.00000000	      0.01469252	      0.00000000	      0.00551640	      0.00000000	      0.00229661	      0.00000000	      0.00000000	      0.00000000	      0.00000000	      0.00000000	      0.00000000	      0.00000000	      0.00000000	      0.00000000	      0.00000000	      0.00000000	      0.00000000	      0.00000000	      0.00000000	      0.00000000	      0.00000000	      0.00000000	      0.00000000	      0.00000000	      0.00000000	      0.00000000	      0.00000000	      0.00000000	     -0.02614173	      0.00000000	     -0.02453849	      0.00000000	      0.00000000	      0.00000000	      0.00000000	      0.00000000	      0.00000000	      0.00000000	      0.00000000	      0.00000000	      0.00000000	      0.00000000	      0.00000000	      0.00000000	      0.00416296	      0.00000000	      0.00000000	      0.00000000	      0.00891756	      0.00000000	      0.01729362	      0.00000000	      0.00000000	      0.00000000	      0.00000000	      0.00000000	      0.00000000
     17.00000000	    -13.13131312	      0.00000000	      0.00000000	      0.00000000	      0.00000000	      0.00000000	      0.00000000	      0.00000000	      0.00000000	      0.00000000	      0.00000000	      0.00000000	      0.00000000	      0.00000000	      0.00000000	      0.00000000	      0.00000000	      0.00000000	     -0.01454402	      0.00000000	      0.00051379	      0.00000000	      0.01694081	      0.00000000	      0.01469252	      0.00000000	      0.00551640	      0.00000000	      0.00229661	      0.00000000	      0.00000000	      0.00000000	      0.00000000	      0.00000000	      0.00000000	      0.00000000	      0.00000000	      0.00000000	      0.00000000	      0.00000000	      0.00000000	      0.00000000	      0.00000000	      0.00000000	      0.00000000	      0.00000000	      0.00000000	      0.00000000	      0.00000000	      0.00000000	      0.00000000	      0.00000000	     -0.02614173	      0.00000000	     -0.02453849	      0.00000000	      0.00000000	      0.00000000	      0.00000000	      0.00000000	      0.00000000	      0.00000000	      0.00000000	      0.00000000	      0.00000000	      0.00000000	      0.00000000	      0.00000000	      0.00416296	      0.00000000	      0.00000000	      0.00000000	      0.00891756	      0.00000000	      0.01729362	      0.00000000	      0.00000000	      0.00000000	      0.00000000	      0.00000000	      0.00000000
     18.00000000	    -12.72727271	      0.00000000	      0.00000000	      0.00000000	      0.00000000	      0.00000000	      0.00000000	      0.00000000	      0.00000000	      0.00000000	      0.00000000	      0.00000000	      0.00000000	      0.00000000	      0.00000000	      0.00000000	      0.00000000	      0.00000000	     -0.01454402	      0.00000000	      0.00051379	      0.00000000	      0.01694081	      0.00000000	      0.01469252	      0.00000000	      0.00551640	      0.00000000	      0.00229661	      0.00000000	      0.00000000	      0.00000000	      0.00000000	      0.00000000	      0.00000000	      0.00000000	      0.00000000	      0.00000000	      0.00000000	      0.00000000	      0.00000000	      0.00000000	      0.00000000	      0.00000000	      0.00000000	      0.00000000	      0.00000000	      0.00000000	      0.00000000	      0.00000000	      0.00000000	      0.00000000	     -0.02614173	      0.00000000	     -0.02453849	      0.00000000	      0.00000000	      0.00000000	      0.00000000	      0.00000000	      0.00000000	      0.00000000	      0.00000000	      0.00000000	      0.00000000	      0.00000000	      0.00000000	      0.00000000	      0.00416296	      0.00000000	      0.00000000	      0.00000000	      0.00891756	      0.00000000	      0.01729362	      0.00000000	      0.00000000	      0.00000000	      0.00000000	      0.00000000	      0.00000000
     19.00000000	    -12.32323231	      0.00000000	      0.00000000	      0.00000000	      0.00000000	      0.00000000	      0.00000000	      0.00000000	      0.00000000	      0.00000000	      0.00000000	      0.00000000	      0.00000000	      0.00000000	      0.00000000	      0.00000000	      0.00000000	      0.00000000	     -0.01454402	      0.00000000	      0.00051379	      0.00000000	      0.01694081	      0.00000000	      0.01469252	      0.00000000	      0.00551640	      0.00000000	      0.00229661	      0.00000000	      0.00000000	      0.00000000	      0.00000000	      0.00000000	      0.00000000	      0.00000000	      0.00000000	      0.00000000	      0.00000000	      0.00000000	      0.00000000	      0.00000000	      0.00000000	      0.00000000	      0.00000000	      0.00000000	      0.00000000	      0.00000000	      0.00000000	      0.00000000	      0.00000000	      0.00000000	     -0.02614173	      0.00000000	     -0.02453849	      0.00000000	      0.00000000	      0.00000000	      0.00000000	      0.00000000	      0.00000000	      0.00000000	      0.00000000	      0.00000000	      0.00000000	      0.00000000	      0.00000000	      0.00000000	      0.00416296	      0.00000000	      0.00000000	      0.00000000	      0.00891756	      0.00000000	      0.01729362	      0.00000000	      0.00000000	      0.00000000	      0.00000000	      0.00000000	      0.00000000
     20.00000000	    -11.91919191	      0.00000000	      0.00000000	      0.00000000	      0.00000000	      0.00000000	      0.00000000	      0.00000000	      0.00000000	      0.00000000	      0.00000000	      0.00000000	      0.00000000	      0.00000000	      0.00000000	      0.00000000	      0.00000000	      0.00000000	     -0.01454402	      0.00000000	      0.00051379	      0.00000000	      0.01694081	      0.00000000	      0.01469252	      0.00000000	      0.00551640	      0.00000000	      0.00229661	      0.00000000	      0.00000000	      0.00000000	      0.00000000	      0.00000000	      0.00000000	      0.00000000	      0.00000000	      0.00000000	      0.00000000	      0.00000000	      0.00000000	      0.00000000	      0.00000000	      0.00000000	      0.00000000	      0.00000000	      0.00000000	      0.00000000	      0.00000000	      0.00000000	      0.00000000	      0.00000000	     -0.02614173	      0.00000000	     -0.02453849	      0.00000000	      0.00000000	      0.00000000	      0.00000000	      0.00000000	      0.00000000	      0.00000000	      0.00000000	      0.00000000	      0.00000000	      0.00000000	      0.00000000	      0.00000000	      0.00416296	      0.00000000	      0.00000000	      0.00000000	      0.00891756	      0.00000000	      0.01729362	      0.00000000	      0.00000000	      0.00000000	      0.00000000	      0.00000000	      0.00000000
     21.00000000	    -11.51515150	      0.00000000	      0.00000000	      0.00000000	      0.00000000	      0.00000000	      0.00000000	      0.00000000	      0.00000000	      0.00000000	      0.00000000	      0.00000000	      0.00000000	      0.00000000	      0.00000000	      0.00000000	      0.00000000	      0.00000000	     -0.01454402	      0.00000000	      0.00051379	      0.00000000	      0.01694081	      0.00000000	      0.01469252	      0.00000000	      0.00551640	      0.00000000	      0.00229661	      0.00000000	      0.00000000	      0.00000000	      0.00000000	      0.00000000	      0.00000000	      0.00000000	      0.00000000	      0.00000000	      0.00000000	      0.00000000	      0.00000000	      0.00000000	      0.00000000	      0.00000000	      0.00000000	      0.00000000	      0.00000000	      0.00000000	      0.00000000	      0.00000000	      0.00000000	      0.00000000	     -0.02614173	      0.00000000	     -0.02453849	      0.00000000	      0.00000000	      0.00000000	      0.00000000	      0.00000000	      0.00000000	      0.00000000	      0.00000000	      0.00000000	      0.00000000	      0.00000000	      0.00000000	      0.00000000	      0.00416296	      0.00000000	      0.00000000	      0.00000000	      0.00891756	      0.00000000	      0.01729362	      0.00000000	      0.00000000	      0.00000000	      0.00000000	      0.00000000	      0.00000000
     22.00000000	    -11.11111110	      0.00000000	      0.00000000	      0.00000000	      0.00000000	      0.00000000	      0.00000000	      0.00000000	      0.00000000	      0.00000000	      0.00000000	      0.00000000	      0.00000000	      0.00000000	      0.00000000	      0.00000000	      0.00000000	      0.00000000	     -0.01454402	      0.00000000	      0.00051379	      0.00000000	      0.01694081	      0.00000000	      0.01469252	      0.00000000	      0.00551640	      0.00000000	      0.00229661	      0.00000000	      0.00000000	      0.00000000	      0.00000000	      0.00000000	      0.00000000	      0.00000000	      0.00000000	      0.00000000	      0.00000000	      0.00000000	      0.00000000	      0.00000000	      0.00000000	      0.00000000	      0.00000000	      0.00000000	      0.00000000	      0.00000000	      0.00000000	      0.00000000	      0.00000000	      0.00000000	     -0.02614173	      0.00000000	     -0.02453849	      0.00000000	      0.00000000	      0.00000000	      0.00000000	      0.00000000	      0.00000000	      0.00000000	      0.00000000	      0.00000000	      0.00000000	      0.00000000	      0.00000000	      0.00000000	      0.00416296	      0.00000000	      0.00000000	      0.00000000	      0.00891756	      0.00000000	      0.01729362	      0.00000000	      0.00000000	      0.00000000	      0.00000000	      0.00000000	      0.00000000
     23.00000000	    -10.70707069	      0.00000000	      0.00000000	      0.00000000	      0.00000000	      0.00000000	      0.00000000	      0.00000000	      0.00000000	      0.00000000	      0.00000000	      0.00000000	      0.00000000	      0.00000000	      0.00000000	      0.00000000	      0.00000000	      0.00000000	     -0.01454402	      0.00000000	      0.00051379	      0.00000000	      0.01694081	      0.00000000	      0.01469252	      0.00000000	      0.00551640	      0.00000000	      0.00229661	      0.00000000	      0.00000000	      0.00000000	      0.00000000	      0.00000000	      0.00000000	      0.00000000	      0.00000000	      0.00000000	      0.00000000	      0.00000000	      0.00000000	      0.00000000	      0.00000000	      0.00000000	      0.00000000	      0.00000000	      0.00000000	      0.00000000	      0.00000000	      0.00000000	      0.00000000	      0.00000000	     -0.02614173	      0.00000000	     -0.02453849	      0.00000000	      0.00000000	      0.00000000	      0.00000000	      0.00000000	      0.00000000	      0.00000000	      0.00000000	      0.00000000	      0.00000000	      0.00000000	      0.00000000	      0.00000000	      0.00416296	      0.00000000	      0.00000000	      0.00000000	      0.00891756	      0.00000000	      0.01729362	      0.00000000	      0.00000000	      0.00000000	      0.00000000	      0.00000000	      0.00000000
     24.00000000	    -10.30303029	      0.00000000	      0.00000000	      0.00000000	      0.00000000	      0.00000000	      0.00000000	      0.00000000	      0.00000000	      0.00000000	      0.00000000	      0.00000000	      0.00000000	      0.00000000	      0.00000000	      0.00000000	      0.00000000	      0.00000000	     -0.01454402	      0.00000000	      0.00051379	      0.00000000	      0.01694081	      0.00000000	      0.01469252	      0.00000000	      0.00551640	      0.00000000	      0.00229661	      0.00000000	      0.00000000	      0.00000000	      0.00000000	      0.00000000	      0.00000000	      0.00000000	      0.00000000	      0.00000000	      0.00000000	      0.00000000	      0.00000000	      0.00000000	      0.00000000	      0.00000000	      0.00000000	      0.00000000	      0.00000000	      0.00000000	      0.00000000	      0.00000000	      0.00000000	      0.00000000	     -0.02614173	      0.00000000	     -0.02453849	      0.00000000	      0.00000000	      0.00000000	      0.00000000	      0.00000000	      0.00000000	      0.00000000	      0.00000000	      0.00000000	      0.00000000	      0.00000000	      0.00000000	      0.00000000	      0.00416296	      0.00000000	      0.00000000	      0.00000000	      0.00891756	      0.00000000	      0.01729362	      0.00000000	      0.00000000	      0.00000000	      0.00000000	      0.00000000	      0.00000000
     25.00000000	     -9.89898989	      0.00000000	      0.00000000	      0.00000000	      0.00000000	      0.00000000	      0.00000000	      0.00000000	      0.00000000	      0.00000000	      0.00000000	      0.00000000	      0.00000000	      0.00000000	      0.00000000	      0.00000000	      0.00000000	      0.00000000	     -0.01454402	      0.00000000	      0.00051379	      0.00000000	      0.01694081	      0.00000000	      0.01469252	      0.00000000	      0.00551640	      0.00000000	      0.00229661	      0.00000000	      0.00000000	      0.00000000	      0.00000000	      0.00000000	      0.00000000	      0.00000000	      0.00000000	      0.00000000	      0.00000000	      0.00000000	      0.00000000	      0.00000000	      0.00000000	      0.00000000	      0.00000000	      0.00000000	      0.00000000	      0.00000000	      0.00000000	      0.00000000	      0.00000000	      0.00000000	     -0.02614173	      0.00000000	     -0.02453849	      0.00000000	      0.00000000	      0.00000000	      0.00000000	      0.00000000	      0.00000000	      0.00000000	      0.00000000	      0.00000000	      0.00000000	      0.00000000	      0.00000000	      0.00000000	      0.00416296	      0.00000000	      0.00000000	      0.00000000	      0.00891756	      0.00000000	      0.01729362	      0.00000000	      0.00000000	      0.00000000	      0.00000000	      0.00000000	      0.00000000
     26.00000000	     -9.49494948	      0.00000000	      0.00000000	      0.00000000	      0.00000000	      0.00000000	      0.00000000	      0.00000000	      0.00000000	      0.00000000	      0.00000000	      0.00000000	      0.00000000	      0.00000000	      0.00000000	      0.00000000	      0.00000000	      0.00000000	     -0.01454402	      0.00000000	      0.00051379	      0.00000000	      0.01694081	      0.00000000	      0.01469252	      0.00000000	      0.00551640	      0.00000000	      0.00229661	      0.00000000	      0.00000000	      0.00000000	      0.00000000	      0.00000000	      0.00000000	      0.00000000	      0.00000000	      0.00000000	      0.00000000	      0.00000000	      0.00000000	      0.00000000	      0.00000000	      0.00000000	      0.00000000	      0.00000000	      0.00000000	      0.00000000	      0.00000000	      0.00000000	      0.00000000	      0.00000000	     -0.02614173	      0.00000000	     -0.02453849	      0.00000000	      0.00000000	      0.00000000	      0.00000000	      0.00000000	      0.00000000	      0.00000000	      0.00000000	      0.00000000	      0.00000000	      0.00000000	      0.00000000	      0.00000000	      0.00416296	      0.00000000	      0.00000000	      0.00000000	      0.00891756	      0.00000000	      0.01729362	      0.00000000	      0.00000000	      0.00000000	      0.00000000	      0.00000000	      0.00000000
     27.00000000	     -9.09090908	      0.00000000	      0.00000000	      0.00000000	      0.00000000	      0.00000000	      0.00000000	      0.00000000	      0.00000000	      0.00000000	      0.00000000	      0.00000000	      0.00000000	      0.00000000	      0.00000000	      0.00000000	      0.00000000	      0.00000000	     -0.01454402	      0.00000000	      0.00051379	      0.00000000	      0.01694081	      0.00000000	      0.01469252	      0.00000000	      0.00551640	      0.00000000	      0.00229661	      0.00000000	      0.00000000	      0.00000000	      0.00000000	      0.00000000	      0.00000000	      0.00000000	      0.00000000	      0.00000000	      0.00000000	      0.00000000	      0.00000000	      0.00000000	      0.00000000	      0.00000000	      0.00000000	      0.00000000	      0.00000000	      0.00000000	      0.00000000	      0.00000000	      0.00000000	      0.00000000	     -0.02614173	      0.00000000	     -0.02453849	      0.00000000	      0.00000000	      0.00000000	      0.00000000	      0.00000000	      0.00000000	      0.00000000	      0.00000000	      0.00000000	      0.00000000	      0.00000000	      0.00000000	      0.00000000	      0.00416296	      0.00000000	      0.00000000	      0.00000000	      0.00891756	      0.00000000	      0.01729362	      0.00000000	      0.00000000	      0.00000000	      0.00000000	      0.00000000	      0.00000000
     28.00000000	     -8.68686868	      0.00000000	      0.00000000	      0.00000000	      0.00000000	      0.00000000	      0.00000000	      0.00000000	      0.00000000	      0.00000000	      0.00000000	      0.00000000	      0.00000000	      0.00000000	      0.00000000	      0.00000000	      0.00000000	      0.00000000	     -0.01454402	      0.00000000	      0.00051379	      0.00000000	      0.01694081	      0.00000000	      0.01469252	      0.00000000	      0.00551640	      0.00000000	      0.00229661	      0.00000000	      0.00000000	      0.00000000	      0.00000000	      0.00000000	      0.00000000	      0.00000000	      0.00000000	      0.00000000	      0.00000000	      0.00000000	      0.00000000	      0.00000000	      0.00000000	      0.00000000	      0.00000000	      0.00000000	      0.00000000	      0.00000000	      0.00000000	      0.00000000	      0.00000000	      0.00000000	     -0.02614173	      0.00000000	     -0.02453849	      0.00000000	      0.00000000	      0.00000000	      0.00000000	      0.00000000	      0.00000000	      0.00000000	      0.00000000	      0.00000000	      0.00000000	      0.00000000	      0.00000000	      0.00000000	      0.00416296	      0.00000000	      0.00000000	      0.00000000	      0.00891756	      0.00000000	      0.01729362	      0.00000000	      0.00000000	      0.00000000	      0.00000000	      0.00000000	      0.00000000
     29.00000000	     -8.28282827	      0.00000000	      0.00000000	      0.00000000	      0.00000000	      0.00000000	      0.00000000	      0.00000000	      0.00000000	      0.00000000	      0.00000000	      0.00000000	      0.00000000	      0.00000000	      0.00000000	      0.00000000	      0.00000000	      0.00000000	     -0.01454402	      0.00000000	      0.00051379	      0.00000000	      0.01694081	      0.00000000	      0.01469252	      0.00000000	      0.00551640	      0.00000000	      0.00229661	      0.00000000	      0.00000000	      0.00000000	      0.00000000	      0.00000000	      0.00000000	      0.00000000	      0.00000000	      0.00000000	      0.00000000	      0.00000000	      0.00000000	      0.00000000	      0.00000000	      0.00000000	      0.00000000	      0.00000000	      0.00000000	      0.00000000	      0.00000000	      0.00000000	      0.00000000	      0.00000000	     -0.02614173	      0.00000000	     -0.02453849	      0.00000000	      0.00000000	      0.00000000	      0.00000000	      0.00000000	      0.00000000	      0.00000000	      0.00000000	      0.00000000	      0.00000000	      0.00000000	      0.00000000	      0.00000000	      0.00416296	      0.00000000	      0.00000000	      0.00000000	      0.00891756	      0.00000000	      0.01729362	      0.00000000	      0.00000000	      0.00000000	      0.00000000	      0.00000000	      0.00000000
     30.00000000	     -7.87878787	      0.00000000	      0.00000000	      0.00000000	      0.00000000	      0.00000000	      0.00000000	      0.00000000	      0.00000000	      0.00000000	      0.00000000	      0.00000000	      0.00000000	      0.00000000	      0.00000000	      0.00000000	      0.00000000	      0.00000000	     -0.01454402	      0.00000000	      0.00051379	      0.00000000	      0.01694081	      0.00000000	      0.01469252	      0.00000000	      0.00551640	      0.00000000	      0.00229661	      0.00000000	      0.00000000	      0.00000000	      0.00000000	      0.00000000	      0.00000000	      0.00000000	      0.00000000	      0.00000000	      0.00000000	      0.00000000	      0.00000000	      0.00000000	      0.00000000	      0.00000000	      0.00000000	      0.00000000	      0.00000000	      0.00000000	      0.00000000	      0.00000000	      0.00000000	      0.00000000	     -0.02614173	      0.00000000	     -0.02453849	      0.00000000	      0.00000000	      0.00000000	      0.00000000	      0.00000000	      0.00000000	      0.00000000	      0.00000000	      0.00000000	      0.00000000	      0.00000000	      0.00000000	      0.00000000	      0.00416296	      0.00000000	      0.00000000	      0.00000000	      0.00891756	      0.00000000	      0.01729362	      0.00000000	      0.00000000	      0.00000000	      0.00000000	      0.00000000	      0.00000000
     31.00000000	     -7.47474747	      0.00000000	      0.00000000	      0.00000000	      0.00000000	      0.00000000	      0.00000000	      0.00000000	      0.00000000	      0.00000000	      0.00000000	      0.00000000	      0.00000000	      0.00000000	      0.00000000	      0.00000000	      0.00000000	      0.00000000	     -0.01454402	      0.00000000	      0.00051379	      0.00000000	      0.01694081	      0.00000000	      0.01469252	      0.00000000	      0.00551640	      0.00000000	      0.00229661	      0.00000000	      0.00000000	      0.00000000	      0.00000000	      0.00000000	      0.00000000	      0.00000000	      0.00000000	      0.00000000	      0.00000000	      0.00000000	      0.00000000	      0.00000000	      0.00000000	      0.00000000	      0.00000000	      0.00000000	      0.00000000	      0.00000000	      0.00000000	      0.00000000	      0.00000000	      0.00000000	     -0.02614173	      0.00000000	     -0.02453849	      0.00000000	      0.00000000	      0.00000000	      0.00000000	      0.00000000	      0.00000000	      0.00000000	      0.00000000	      0.00000000	      0.00000000	      0.00000000	      0.00000000	      0.00000000	      0.00416296	      0.00000000	      0.00000000	      0.00000000	      0.00891756	      0.00000000	      0.01729362	      0.00000000	      0.00000000	      0.00000000	      0.00000000	      0.00000000	      0.00000000
     32.00000000	     -7.07070706	      0.00000000	      0.00000000	      0.00000000	      0.00000000	      0.00000000	      0.00000000	      0.00000000	      0.00000000	      0.00000000	      0.00000000	      0.00000000	      0.00000000	      0.00000000	      0.00000000	      0.00000000	      0.00000000	      0.00000000	     -0.01454402	      0.00000000	      0.00051379	      0.00000000	      0.01694081	      0.00000000	      0.01469252	      0.00000000	      0.00551640	      0.00000000	      0.00229661	      0.00000000	      0.00000000	      0.00000000	      0.00000000	      0.00000000	      0.00000000	      0.00000000	      0.00000000	      0.00000000	      0.00000000	      0.00000000	      0.00000000	      0.00000000	      0.00000000	      0.00000000	      0.00000000	      0.00000000	      0.00000000	      0.00000000	      0.00000000	      0.00000000	      0.00000000	      0.00000000	     -0.02614173	      0.00000000	     -0.02453849	      0.00000000	      0.00000000	      0.00000000	      0.00000000	      0.00000000	      0.00000000	      0.00000000	      0.00000000	      0.00000000	      0.00000000	      0.00000000	      0.00000000	      0.00000000	      0.00416296	      0.00000000	      0.00000000	      0.00000000	      0.00891756	      0.00000000	      0.01729362	      0.00000000	      0.00000000	      0.00000000	      0.00000000	      0.00000000	      0.00000000
     33.00000000	     -6.66666666	      0.00000000	      0.00000000	      0.00000000	      0.00000000	      0.00000000	      0.00000000	      0.00000000	      0.00000000	      0.00000000	      0.00000000	      0.00000000	      0.00000000	      0.00000000	      0.00000000	      0.00000000	      0.00000000	      0.00000000	     -0.01454402	      0.00000000	      0.00051379	      0.00000000	      0.01694081	      0.00000000	      0.01469252	      0.00000000	      0.00551640	      0.00000000	      0.00229661	      0.00000000	      0.00000000	      0.00000000	      0.00000000	      0.00000000	      0.00000000	      0.00000000	      0.00000000	      0.00000000	      0.00000000	      0.00000000	      0.00000000	      0.00000000	      0.00000000	      0.00000000	      0.00000000	      0.00000000	      0.00000000	      0.00000000	      0.00000000	      0.00000000	      0.00000000	      0.00000000	     -0.02614173	      0.00000000	     -0.02453849	      0.00000000	      0.00000000	      0.00000000	      0.00000000	      0.00000000	      0.00000000	      0.00000000	      0.00000000	      0.00000000	      0.00000000	      0.00000000	      0.00000000	      0.00000000	      0.00416296	      0.00000000	      0.00000000	      0.00000000	      0.00891756	      0.00000000	      0.01729362	      0.00000000	      0.00000000	      0.00000000	      0.00000000	      0.00000000	      0.00000000
     34.00000000	     -6.26262626	      0.00000000	      0.00000000	      0.00000000	      0.00000000	      0.00000000	      0.00000000	      0.00000000	      0.00000000	      0.00000000	      0.00000000	      0.00000000	      0.00000000	      0.00000000	      0.00000000	      0.00000000	      0.00000000	      0.00000000	     -0.01454402	      0.00000000	      0.00051379	      0.00000000	      0.01694081	      0.00000000	      0.01469252	      0.00000000	      0.00551640	      0.00000000	      0.00229661	      0.00000000	      0.00000000	      0.00000000	      0.00000000	      0.00000000	      0.00000000	      0.00000000	      0.00000000	      0.00000000	      0.00000000	      0.00000000	      0.00000000	      0.00000000	      0.00000000	      0.00000000	      0.00000000	      0.00000000	      0.00000000	      0.00000000	      0.00000000	      0.00000000	      0.00000000	      0.00000000	     -0.02614173	      0.00000000	     -0.02453849	      0.00000000	      0.00000000	      0.00000000	      0.00000000	      0.00000000	      0.00000000	      0.00000000	      0.00000000	      0.00000000	      0.00000000	      0.00000000	      0.00000000	      0.00000000	      0.00416296	      0.00000000	      0.00000000	      0.00000000	      0.00891756	      0.00000000	      0.01729362	      0.00000000	      0.00000000	      0.00000000	      0.00000000	      0.00000000	      0.00000000
     35.00000000	     -5.85858585	      0.00000000	      0.00000000	      0.00000000	      0.00000000	      0.00000000	      0.00000000	      0.00000000	      0.00000000	      0.00000000	      0.00000000	      0.00000000	      0.00000000	      0.00000000	      0.00000000	      0.00000000	      0.00000000	      0.00000000	     -0.01454402	      0.00000000	      0.00051379	      0.00000000	      0.01694081	      0.00000000	      0.01469252	      0.00000000	      0.00551640	      0.00000000	      0.00229661	      0.00000000	      0.00000000	      0.00000000	      0.00000000	      0.00000000	      0.00000000	      0.00000000	      0.00000000	      0.00000000	      0.00000000	      0.00000000	      0.00000000	      0.00000000	      0.00000000	      0.00000000	      0.00000000	      0.00000000	      0.00000000	      0.00000000	      0.00000000	      0.00000000	      0.00000000	      0.00000000	     -0.02614173	      0.00000000	     -0.02453849	      0.00000000	      0.00000000	      0.00000000	      0.00000000	      0.00000000	      0.00000000	      0.00000000	      0.00000000	      0.00000000	      0.00000000	      0.00000000	      0.00000000	      0.00000000	      0.00416296	      0.00000000	      0.00000000	      0.00000000	      0.00891756	      0.00000000	      0.01729362	      0.00000000	      0.00000000	      0.00000000	      0.00000000	      0.00000000	      0.00000000
     36.00000000	     -5.45454545	      0.00000000	      0.00000000	      0.00000000	      0.00000000	      0.00000000	      0.00000000	      0.00000000	      0.00000000	      0.00000000	      0.00000000	      0.00000000	      0.00000000	      0.00000000	      0.00000000	      0.00000000	      0.00000000	      0.00000000	     -0.01454402	      0.00000000	      0.00051379	      0.00000000	      0.01694081	      0.00000000	      0.01469252	      0.00000000	      0.00551640	      0.00000000	      0.00229661	      0.00000000	      0.00000000	      0.00000000	      0.00000000	      0.00000000	      0.00000000	      0.00000000	      0.00000000	      0.00000000	      0.00000000	      0.00000000	      0.00000000	      0.00000000	      0.00000000	      0.00000000	      0.00000000	      0.00000000	      0.00000000	      0.00000000	      0.00000000	      0.00000000	      0.00000000	      0.00000000	     -0.02614173	      0.00000000	     -0.02453849	      0.00000000	      0.00000000	      0.00000000	      0.00000000	      0.00000000	      0.00000000	      0.00000000	      0.00000000	      0.00000000	      0.00000000	      0.00000000	      0.00000000	      0.00000000	      0.00416296	      0.00000000	      0.00000000	      0.00000000	      0.00891756	      0.00000000	      0.01729362	      0.00000000	      0.00000000	      0.00000000	      0.00000000	      0.00000000	      0.00000000
     37.00000000	     -5.05050504	      0.00000000	      0.00000000	      0.00000000	      0.00000000	      0.00000000	      0.00000000	      0.00000000	      0.00000000	      0.00000000	      0.00000000	      0.00000000	      0.00000000	      0.00000000	      0.00000000	      0.00000000	      0.00000000	      0.00000000	     -0.01454402	      0.00000000	      0.00051379	      0.00000000	      0.01694081	      0.00000000	      0.01469252	      0.00000000	      0.00551640	      0.00000000	      0.00229661	      0.00000000	      0.00000000	      0.00000000	      0.00000000	      0.00000000	      0.00000000	      0.00000000	      0.00000000	      0.00000000	      0.00000000	      0.00000000	      0.00000000	      0.00000000	      0.00000000	      0.00000000	      0.00000000	      0.00000000	      0.00000000	      0.00000000	      0.00000000	      0.00000000	      0.00000000	      0.00000000	     -0.02614173	      0.00000000	     -0.02453849	      0.00000000	      0.00000000	      0.00000000	      0.00000000	      0.00000000	      0.00000000	      0.00000000	      0.00000000	      0.00000000	      0.00000000	      0.00000000	      0.00000000	      0.00000000	      0.00416296	      0.00000000	      0.00000000	      0.00000000	      0.00891756	      0.00000000	      0.01729362	      0.00000000	      0.00000000	      0.00000000	      0.00000000	      0.00000000	      0.00000000
     38.00000000	     -4.64646464	      0.00000000	      0.00000000	      0.00000000	      0.00000000	      0.00000000	      0.00000000	      0.00000000	      0.00000000	      0.00000000	      0.00000000	      0.00000000	      0.00000000	      0.00000000	      0.00000000	      0.00000000	      0.00000000	      0.00000000	     -0.01454402	      0.00000000	      0.00051379	      0.00000000	      0.01694081	      0.00000000	      0.01469252	      0.00000000	      0.00551640	      0.00000000	      0.00229661	      0.00000000	      0.00000000	      0.00000000	      0.00000000	      0.00000000	      0.00000000	      0.00000000	      0.00000000	      0.00000000	      0.00000000	      0.00000000	      0.00000000	      0.00000000	      0.00000000	      0.00000000	      0.00000000	      0.00000000	      0.00000000	      0.00000000	      0.00000000	      0.00000000	      0.00000000	      0.00000000	     -0.02614173	      0.00000000	     -0.02453849	      0.00000000	      0.00000000	      0.00000000	      0.00000000	      0.00000000	      0.00000000	      0.00000000	      0.00000000	      0.00000000	      0.00000000	      0.00000000	      0.00000000	      0.00000000	      0.00416296	      0.00000000	      0.00000000	      0.00000000	      0.00891756	      0.00000000	      0.01729362	      0.00000000	      0.00000000	      0.00000000	      0.00000000	      0.00000000	      0.00000000
     39.00000000	     -4.24242424	      0.00000000	      0.00000000	      0.00000000	      0.00000000	      0.00000000	      0.00000000	      0.00000000	      0.00000000	      0.00000000	      0.00000000	      0.00000000	      0.00000000	      0.00000000	      0.00000000	      0.00000000	      0.00000000	      0.00000000	     -0.01454402	      0.00000000	      0.00051379	      0.00000000	      0.01694081	      0.00000000	      0.01469252	      0.00000000	      0.00551640	      0.00000000	      0.00229661	      0.00000000	      0.00000000	      0.00000000	      0.00000000	      0.00000000	      0.00000000	      0.00000000	      0.00000000	      0.00000000	      0.00000000	      0.00000000	      0.00000000	      0.00000000	      0.00000000	      0.00000000	      0.00000000	      0.00000000	      0.00000000	      0.00000000	      0.00000000	      0.00000000	      0.00000000	      0.00000000	     -0.02614173	      0.00000000	     -0.02453849	      0.00000000	      0.00000000	      0.00000000	      0.00000000	      0.00000000	      0.00000000	      0.00000000	      0.00000000	      0.00000000	      0.00000000	      0.00000000	      0.00000000	      0.00000000	      0.00416296	      0.00000000	      0.00000000	      0.00000000	      0.00891756	      0.00000000	      0.01729362	      0.00000000	      0.00000000	      0.00000000	      0.00000000	      0.00000000	      0.00000000
     40.00000000	     -3.83838383	      0.00000000	      0.00000000	      0.00000000	      0.00000000	      0.00000000	      0.00000000	      0.00000000	      0.00000000	      0.00000000	      0.00000000	      0.00000000	      0.00000000	      0.00000000	      0.00000000	      0.00000000	      0.00000000	      0.00000000	     -0.01454402	      0.00000000	      0.00051379	      0.00000000	      0.01694081	      0.00000000	      0.01469252	      0.00000000	      0.00551640	      0.00000000	      0.00229661	      0.00000000	      0.00000000	      0.00000000	      0.00000000	      0.00000000	      0.00000000	      0.00000000	      0.00000000	      0.00000000	      0.00000000	      0.00000000	      0.00000000	      0.00000000	      0.00000000	      0.00000000	      0.00000000	      0.00000000	      0.00000000	      0.00000000	      0.00000000	      0.00000000	      0.00000000	      0.00000000	     -0.02614173	      0.00000000	     -0.02453849	      0.00000000	      0.00000000	      0.00000000	      0.00000000	      0.00000000	      0.00000000	      0.00000000	      0.00000000	      0.00000000	      0.00000000	      0.00000000	      0.00000000	      0.00000000	      0.00416296	      0.00000000	      0.00000000	      0.00000000	      0.00891756	      0.00000000	      0.01729362	      0.00000000	      0.00000000	      0.00000000	      0.00000000	      0.00000000	      0.00000000
     41.00000000	     -3.43434343	      0.00000000	      0.00000000	      0.00000000	      0.00000000	      0.00000000	      0.00000000	      0.00000000	      0.00000000	      0.00000000	      0.00000000	      0.00000000	      0.00000000	      0.00000000	      0.00000000	      0.00000000	      0.00000000	      0.00000000	     -0.01454402	      0.00000000	      0.00051379	      0.00000000	      0.01694081	      0.00000000	      0.01469252	      0.00000000	      0.00551640	      0.00000000	      0.00229661	      0.00000000	      0.00000000	      0.00000000	      0.00000000	      0.00000000	      0.00000000	      0.00000000	      0.00000000	      0.00000000	      0.00000000	      0.00000000	      0.00000000	      0.00000000	      0.00000000	      0.00000000	      0.00000000	      0.00000000	      0.00000000	      0.00000000	      0.00000000	      0.00000000	      0.00000000	      0.00000000	     -0.02614173	      0.00000000	     -0.02453849	      0.00000000	      0.00000000	      0.00000000	      0.00000000	      0.00000000	      0.00000000	      0.00000000	      0.00000000	      0.00000000	      0.00000000	      0.00000000	      0.00000000	      0.00000000	      0.00416296	      0.00000000	      0.00000000	      0.00000000	      0.00891756	      0.00000000	      0.01729362	      0.00000000	      0.00000000	      0.00000000	      0.00000000	      0.00000000	      0.00000000
     42.00000000	     -3.03030303	      0.00000000	      0.00000000	      0.00000000	      0.00000000	      0.00000000	      0.00000000	      0.00000000	      0.00000000	      0.00000000	      0.00000000	      0.00000000	      0.00000000	      0.00000000	      0.00000000	      0.00000000	      0.00000000	      0.00000000	     -0.01454402	      0.00000000	      0.00051379	      0.00000000	      0.01694081	      0.00000000	      0.01469252	      0.00000000	      0.00551640	      0.00000000	      0.00229661	      0.00000000	      0.00000000	      0.00000000	      0.00000000	      0.00000000	      0.00000000	      0.00000000	      0.00000000	      0.00000000	      0.00000000	      0.00000000	      0.00000000	      0.00000000	      0.00000000	      0.00000000	      0.00000000	      0.00000000	      0.00000000	      0.00000000	      0.00000000	      0.00000000	      0.00000000	      0.00000000	     -0.02614173	      0.00000000	     -0.02453849	      0.00000000	      0.00000000	      0.00000000	      0.00000000	      0.00000000	      0.00000000	      0.00000000	      0.00000000	      0.00000000	      0.00000000	      0.00000000	      0.00000000	      0.00000000	      0.00416296	      0.00000000	      0.00000000	      0.00000000	      0.00891756	      0.00000000	      0.01729362	      0.00000000	      0.00000000	      0.00000000	      0.00000000	      0.00000000	      0.00000000
     43.00000000	     -2.62626262	      0.00000000	      0.00000000	      0.00000000	      0.00000000	      0.00000000	      0.00000000	      0.00000000	      0.00000000	      0.00000000	      0.00000000	      0.00000000	      0.00000000	      0.00000000	      0.00000000	      0.00000000	      0.00000000	      0.00000000	     -0.01454402	      0.00000000	      0.00051379	      0.00000000	      0.01694081	      0.00000000	      0.01469252	      0.00000000	      0.00551640	      0.00000000	      0.00229661	      0.00000000	      0.00000000	      0.00000000	      0.00000000	      0.00000000	      0.00000000	      0.00000000	      0.00000000	      0.00000000	      0.00000000	      0.00000000	      0.00000000	      0.00000000	      0.00000000	      0.00000000	      0.00000000	      0.00000000	      0.00000000	      0.00000000	      0.00000000	      0.00000000	      0.00000000	      0.00000000	     -0.02614173	      0.00000000	     -0.02453849	      0.00000000	      0.00000000	      0.00000000	      0.00000000	      0.00000000	      0.00000000	      0.00000000	      0.00000000	      0.00000000	      0.00000000	      0.00000000	      0.00000000	      0.00000000	      0.00416296	      0.00000000	      0.00000000	      0.00000000	      0.00891756	      0.00000000	      0.01729362	      0.00000000	      0.00000000	      0.00000000	      0.00000000	      0.00000000	      0.00000000
     44.00000000	     -2.22222222	      0.00000000	      0.00000000	      0.00000000	      0.00000000	      0.00000000	      0.00000000	      0.00000000	      0.00000000	      0.00000000	      0.00000000	      0.00000000	      0.00000000	      0.00000000	      0.00000000	      0.00000000	      0.00000000	      0.00000000	     -0.01454402	      0.00000000	      0.00051379	      0.00000000	      0.01694081	      0.00000000	      0.01469252	      0.00000000	      0.00551640	      0.00000000	      0.00229661	      0.00000000	      0.00000000	      0.00000000	      0.00000000	      0.00000000	      0.00000000	      0.00000000	      0.00000000	      0.00000000	      0.00000000	      0.00000000	      0.00000000	      0.00000000	      0.00000000	      0.00000000	      0.00000000	      0.00000000	      0.00000000	      0.00000000	      0.00000000	      0.00000000	      0.00000000	      0.00000000	     -0.02614173	      0.00000000	     -0.02453849	      0.00000000	      0.00000000	      0.00000000	      0.00000000	      0.00000000	      0.00000000	      0.00000000	      0.00000000	      0.00000000	      0.00000000	      0.00000000	      0.00000000	      0.00000000	      0.00416296	      0.00000000	      0.00000000	      0.00000000	      0.00891756	      0.00000000	      0.01729362	      0.00000000	      0.00000000	      0.00000000	      0.00000000	      0.00000000	      0.00000000
     45.00000000	     -1.81818182	      0.00000000	      0.00000000	      0.00000000	      0.00000000	      0.00000000	      0.00000000	      0.00000000	      0.00000000	      0.00000000	      0.00000000	      0.00000000	      0.00000000	      0.00000000	      0.00000000	      0.00000000	      0.00000000	      0.00000000	     -0.01454402	      0.00000000	      0.00051379	      0.00000000	      0.01694081	      0.00000000	      0.01469252	      0.00000000	      0.00551640	      0.00000000	      0.00229661	      0.00000000	      0.00000000	      0.00000000	      0.00000000	      0.00000000	      0.00000000	      0.00000000	      0.00000000	      0.00000000	      0.00000000	      0.00000000	      0.00000000	      0.00000000	      0.00000000	      0.00000000	      0.00000000	      0.00000000	      0.00000000	      0.00000000	      0.00000000	      0.00000000	      0.00000000	      0.00000000	     -0.02614173	      0.00000000	     -0.02453849	      0.00000000	      0.00000000	      0.00000000	      0.00000000	      0.00000000	      0.00000000	      0.00000000	      0.00000000	      0.00000000	      0.00000000	      0.00000000	      0.00000000	      0.00000000	      0.00416296	      0.00000000	      0.00000000	      0.00000000	      0.00891756	      0.00000000	      0.01729362	      0.00000000	      0.00000000	      0.00000000	      0.00000000	      0.00000000	      0.00000000
     46.00000000	     -1.41414141	      0.00000000	      0.00000000	      0.00000000	      0.00000000	      0.00000000	      0.00000000	      0.00000000	      0.00000000	      0.00000000	      0.00000000	      0.00000000	      0.00000000	      0.00000000	      0.00000000	      0.00000000	      0.00000000	      0.00000000	     -0.01454402	      0.00000000	      0.00051379	      0.00000000	      0.01694081	      0.00000000	      0.01469252	      0.00000000	      0.00551640	      0.00000000	      0.00229661	      0.00000000	      0.00000000	      0.00000000	      0.00000000	      0.00000000	      0.00000000	      0.00000000	      0.00000000	      0.00000000	      0.00000000	      0.00000000	      0.00000000	      0.00000000	      0.00000000	      0.00000000	      0.00000000	      0.00000000	      0.00000000	      0.00000000	      0.00000000	      0.00000000	      0.00000000	      0.00000000	     -0.02614173	      0.00000000	     -0.02453849	      0.00000000	      0.00000000	      0.00000000	      0.00000000	      0.00000000	      0.00000000	      0.00000000	      0.00000000	      0.00000000	      0.00000000	      0.00000000	      0.00000000	      0.00000000	      0.00416296	      0.00000000	      0.00000000	      0.00000000	      0.00891756	      0.00000000	      0.01729362	      0.00000000	      0.00000000	      0.00000000	      0.00000000	      0.00000000	      0.00000000
     47.00000000	     -1.01010101	      0.00000000	      0.00000000	      0.00000000	      0.00000000	      0.00000000	      0.00000000	      0.00000000	      0.00000000	      0.00000000	      0.00000000	      0.00000000	      0.00000000	      0.00000000	      0.00000000	      0.00000000	      0.00000000	      0.00000000	     -0.01454402	      0.00000000	      0.00051379	      0.00000000	      0.01694081	      0.00000000	      0.01469252	      0.00000000	      0.00551640	      0.00000000	      0.00229661	      0.00000000	      0.00000000	      0.00000000	      0.00000000	      0.00000000	      0.00000000	      0.00000000	      0.00000000	      0.00000000	      0.00000000	      0.00000000	      0.00000000	      0.00000000	      0.00000000	      0.00000000	      0.00000000	      0.00000000	      0.00000000	      0.00000000	      0.00000000	      0.00000000	      0.00000000	      0.00000000	     -0.02614173	      0.00000000	     -0.02453849	      0.00000000	      0.00000000	      0.00000000	      0.00000000	      0.00000000	      0.00000000	      0.00000000	      0.00000000	      0.00000000	      0.00000000	      0.00000000	      0.00000000	      0.00000000	      0.00416296	      0.00000000	      0.00000000	      0.00000000	      0.00891756	      0.00000000	      0.01729362	      0.00000000	      0.00000000	      0.00000000	      0.00000000	      0.00000000	      0.00000000
     48.00000000	     -0.60606061	      0.00000000	      0.00000000	      0.00000000	      0.00000000	      0.00000000	      0.00000000	      0.00000000	      0.00000000	      0.00000000	      0.00000000	      0.00000000	      0.00000000	      0.00000000	      0.00000000	      0.00000000	      0.00000000	      0.00000000	     -0.01454402	      0.00000000	      0.00051379	      0.00000000	      0.01694081	      0.00000000	      0.01469252	      0.00000000	      0.00551640	      0.00000000	      0.00229661	      0.00000000	      0.00000000	      0.00000000	      0.00000000	      0.00000000	      0.00000000	      0.00000000	      0.00000000	      0.00000000	      0.00000000	      0.00000000	      0.00000000	      0.00000000	      0.00000000	      0.00000000	      0.00000000	      0.00000000	      0.00000000	      0.00000000	      0.00000000	      0.00000000	      0.00000000	      0.00000000	     -0.02614173	      0.00000000	     -0.02453849	      0.00000000	      0.00000000	      0.00000000	      0.00000000	      0.00000000	      0.00000000	      0.00000000	      0.00000000	      0.00000000	      0.00000000	      0.00000000	      0.00000000	      0.00000000	      0.00416296	      0.00000000	      0.00000000	      0.00000000	      0.00891756	      0.00000000	      0.01729362	      0.00000000	      0.00000000	      0.00000000	      0.00000000	      0.00000000	      0.00000000
     49.00000000	     -0.20202020	      0.00000000	      0.00000000	      0.00000000	      0.00000000	      0.00000000	      0.00000000	      0.00000000	      0.00000000	      0.00000000	      0.00000000	      0.00000000	      0.00000000	      0.00000000	      0.00000000	      0.00000000	      0.00000000	      0.00000000	     -0.01454402	      0.00000000	      0.00051379	      0.00000000	      0.01694081	      0.00000000	      0.01469252	      0.00000000	      0.00551640	      0.00000000	      0.00229661	      0.00000000	      0.00000000	      0.00000000	      0.00000000	      0.00000000	      0.00000000	      0.00000000	      0.00000000	      0.00000000	      0.00000000	      0.00000000	      0.00000000	      0.00000000	      0.00000000	      0.00000000	      0.00000000	      0.00000000	      0.00000000	      0.00000000	      0.00000000	      0.00000000	      0.00000000	      0.00000000	     -0.02614173	      0.00000000	     -0.02453849	      0.00000000	      0.00000000	      0.00000000	      0.00000000	      0.00000000	      0.00000000	      0.00000000	      0.00000000	      0.00000000	      0.00000000	      0.00000000	      0.00000000	      0.00000000	      0.00416296	      0.00000000	      0.00000000	      0.00000000	      0.00891756	      0.00000000	      0.01729362	      0.00000000	      0.00000000	      0.00000000	      0.00000000	      0.00000000	      0.00000000
     50.00000000	      0.20202020	      0.00000000	      0.00000000	      0.00000000	      0.00000000	      0.00000000	      0.00000000	      0.00000000	      0.00000000	      0.00000000	      0.00000000	      0.00000000	      0.00000000	      0.00000000	      0.00000000	      0.00000000	      0.00000000	      0.00000000	     -0.01454402	      0.00000000	      0.00051379	      0.00000000	      0.01694081	      0.00000000	      0.01469252	      0.00000000	      0.00551640	      0.00000000	      0.00229661	      0.00000000	      0.00000000	      0.00000000	      0.00000000	      0.00000000	      0.00000000	      0.00000000	      0.00000000	      0.00000000	      0.00000000	      0.00000000	      0.00000000	      0.00000000	      0.00000000	      0.00000000	      0.00000000	      0.00000000	      0.00000000	      0.00000000	      0.00000000	      0.00000000	      0.00000000	      0.00000000	     -0.02614173	      0.00000000	     -0.02453849	      0.00000000	      0.00000000	      0.00000000	      0.00000000	      0.00000000	      0.00000000	      0.00000000	      0.00000000	      0.00000000	      0.00000000	      0.00000000	      0.00000000	      0.00000000	      0.00416296	      0.00000000	      0.00000000	      0.00000000	      0.00891756	      0.00000000	      0.01729362	      0.00000000	      0.00000000	      0.00000000	      0.00000000	      0.00000000	      0.00000000
     51.00000000	      0.60606061	      0.00000000	      0.00000000	      0.00000000	      0.00000000	      0.00000000	      0.00000000	      0.00000000	      0.00000000	      0.00000000	      0.00000000	      0.00000000	      0.00000000	      0.00000000	      0.00000000	      0.00000000	      0.00000000	      0.00000000	     -0.01454402	      0.00000000	      0.00051379	      0.00000000	      0.01694081	      0.00000000	      0.01469252	      0.00000000	      0.00551640	      0.00000000	      0.00229661	      0.00000000	      0.00000000	      0.00000000	      0.00000000	      0.00000000	      0.00000000	      0.00000000	      0.00000000	      0.00000000	      0.00000000	      0.00000000	      0.00000000	      0.00000000	      0.00000000	      0.00000000	      0.00000000	      0.00000000	      0.00000000	      0.00000000	      0.00000000	      0.00000000	      0.00000000	      0.00000000	     -0.02614173	      0.00000000	     -0.02453849	      0.00000000	      0.00000000	      0.00000000	      0.00000000	      0.00000000	      0.00000000	      0.00000000	      0.00000000	      0.00000000	      0.00000000	      0.00000000	      0.00000000	      0.00000000	      0.00416296	      0.00000000	      0.00000000	      0.00000000	      0.00891756	      0.00000000	      0.01729362	      0.00000000	      0.00000000	      0.00000000	      0.00000000	      0.00000000	      0.00000000
     52.00000000	      1.01010101	      0.00000000	      0.00000000	      0.00000000	      0.00000000	      0.00000000	      0.00000000	      0.00000000	      0.00000000	      0.00000000	      0.00000000	      0.00000000	      0.00000000	      0.00000000	      0.00000000	      0.00000000	      0.00000000	      0.00000000	     -0.01454402	      0.00000000	      0.00051379	      0.00000000	      0.01694081	      0.00000000	      0.01469252	      0.00000000	      0.00551640	      0.00000000	      0.00229661	      0.00000000	      0.00000000	      0.00000000	      0.00000000	      0.00000000	      0.00000000	      0.00000000	      0.00000000	      0.00000000	      0.00000000	      0.00000000	      0.00000000	      0.00000000	      0.00000000	      0.00000000	      0.00000000	      0.00000000	      0.00000000	      0.00000000	      0.00000000	      0.00000000	      0.00000000	      0.00000000	     -0.02614173	      0.00000000	     -0.02453849	      0.00000000	      0.00000000	      0.00000000	      0.00000000	      0.00000000	      0.00000000	      0.00000000	      0.00000000	      0.00000000	      0.00000000	      0.00000000	      0.00000000	      0.00000000	      0.00416296	      0.00000000	      0.00000000	      0.00000000	      0.00891756	      0.00000000	      0.01729362	      0.00000000	      0.00000000	      0.00000000	      0.00000000	      0.00000000	      0.00000000
     53.00000000	      1.41414141	      0.00000000	      0.00000000	      0.00000000	      0.00000000	      0.00000000	      0.00000000	      0.00000000	      0.00000000	      0.00000000	      0.00000000	      0.00000000	      0.00000000	      0.00000000	      0.00000000	      0.00000000	      0.00000000	      0.00000000	     -0.01454402	      0.00000000	      0.00051379	      0.00000000	      0.01694081	      0.00000000	      0.01469252	      0.00000000	      0.00551640	      0.00000000	      0.00229661	      0.00000000	      0.00000000	      0.00000000	      0.00000000	      0.00000000	      0.00000000	      0.00000000	      0.00000000	      0.00000000	      0.00000000	      0.00000000	      0.00000000	      0.00000000	      0.00000000	      0.00000000	      0.00000000	      0.00000000	      0.00000000	      0.00000000	      0.00000000	      0.00000000	      0.00000000	      0.00000000	     -0.02614173	      0.00000000	     -0.02453849	      0.00000000	      0.00000000	      0.00000000	      0.00000000	      0.00000000	      0.00000000	      0.00000000	      0.00000000	      0.00000000	      0.00000000	      0.00000000	      0.00000000	      0.00000000	      0.00416296	      0.00000000	      0.00000000	      0.00000000	      0.00891756	      0.00000000	      0.01729362	      0.00000000	      0.00000000	      0.00000000	      0.00000000	      0.00000000	      0.00000000
     54.00000000	      1.81818182	      0.00000000	      0.00000000	      0.00000000	      0.00000000	      0.00000000	      0.00000000	      0.00000000	      0.00000000	      0.00000000	      0.00000000	      0.00000000	      0.00000000	      0.00000000	      0.00000000	      0.00000000	      0.00000000	      0.00000000	     -0.01454402	      0.00000000	      0.00051379	      0.00000000	      0.01694081	      0.00000000	      0.01469252	      0.00000000	      0.00551640	      0.00000000	      0.00229661	      0.00000000	      0.00000000	      0.00000000	      0.00000000	      0.00000000	      0.00000000	      0.00000000	      0.00000000	      0.00000000	      0.00000000	      0.00000000	      0.00000000	      0.00000000	      0.00000000	      0.00000000	      0.00000000	      0.00000000	      0.00000000	      0.00000000	      0.00000000	      0.00000000	      0.00000000	      0.00000000	     -0.02614173	      0.00000000	     -0.02453849	      0.00000000	      0.00000000	      0.00000000	      0.00000000	      0.00000000	      0.00000000	      0.00000000	      0.00000000	      0.00000000	      0.00000000	      0.00000000	      0.00000000	      0.00000000	      0.00416296	      0.00000000	      0.00000000	      0.00000000	      0.00891756	      0.00000000	      0.01729362	      0.00000000	      0.00000000	      0.00000000	      0.00000000	      0.00000000	      0.00000000
     55.00000000	      2.22222222	      0.00000000	      0.00000000	      0.00000000	      0.00000000	      0.00000000	      0.00000000	      0.00000000	      0.00000000	      0.00000000	      0.00000000	      0.00000000	      0.00000000	      0.00000000	      0.00000000	      0.00000000	      0.00000000	      0.00000000	     -0.01454402	      0.00000000	      0.00051379	      0.00000000	      0.01694081	      0.00000000	      0.01469252	      0.00000000	      0.00551640	      0.00000000	      0.00229661	      0.00000000	      0.00000000	      0.00000000	      0.00000000	      0.00000000	      0.00000000	      0.00000000	      0.00000000	      0.00000000	      0.00000000	      0.00000000	      0.00000000	      0.00000000	      0.00000000	      0.00000000	      0.00000000	      0.00000000	      0.00000000	      0.00000000	      0.00000000	      0.00000000	      0.00000000	      0.00000000	     -0.02614173	      0.00000000	     -0.02453849	      0.00000000	      0.00000000	      0.00000000	      0.00000000	      0.00000000	      0.00000000	      0.00000000	      0.00000000	      0.00000000	      0.00000000	      0.00000000	      0.00000000	      0.00000000	      0.00416296	      0.00000000	      0.00000000	      0.00000000	      0.00891756	      0.00000000	      0.01729362	      0.00000000	      0.00000000	      0.00000000	      0.00000000	      0.00000000	      0.00000000
     56.00000000	      2.62626262	      0.00000000	      0.00000000	      0.00000000	      0.00000000	      0.00000000	      0.00000000	      0.00000000	      0.00000000	      0.00000000	      0.00000000	      0.00000000	      0.00000000	      0.00000000	      0.00000000	      0.00000000	      0.00000000	      0.00000000	     -0.01454402	      0.00000000	      0.00051379	      0.00000000	      0.01694081	      0.00000000	      0.01469252	      0.00000000	      0.00551640	      0.00000000	      0.00229661	      0.00000000	      0.00000000	      0.00000000	      0.00000000	      0.00000000	      0.00000000	      0.00000000	      0.00000000	      0.00000000	      0.00000000	      0.00000000	      0.00000000	      0.00000000	      0.00000000	      0.00000000	      0.00000000	      0.00000000	      0.00000000	      0.00000000	      0.00000000	      0.00000000	      0.00000000	      0.00000000	     -0.02614173	      0.00000000	     -0.02453849	      0.00000000	      0.00000000	      0.00000000	      0.00000000	      0.00000000	      0.00000000	      0.00000000	      0.00000000	      0.00000000	      0.00000000	      0.00000000	      0.00000000	      0.00000000	      0.00416296	      0.00000000	      0.00000000	      0.00000000	      0.00891756	      0.00000000	      0.01729362	      0.00000000	      0.00000000	      0.00000000	      0.00000000	      0.00000000	      0.00000000
     57.00000000	      3.03030303	      0.00000000	      0.00000000	      0.00000000	      0.00000000	      0.00000000	      0.00000000	      0.00000000	      0.00000000	      0.00000000	      0.00000000	      0.00000000	      0.00000000	      0.00000000	      0.00000000	      0.00000000	      0.00000000	      0.00000000	     -0.01454402	      0.00000000	      0.00051379	      0.00000000	      0.01694081	      0.00000000	      0.01469252	      0.00000000	      0.00551640	      0.00000000	      0.00229661	      0.00000000	      0.00000000	      0.00000000	      0.00000000	      0.00000000	      0.00000000	      0.00000000	      0.00000000	      0.00000000	      0.00000000	      0.00000000	      0.00000000	      0.00000000	      0.00000000	      0.00000000	      0.00000000	      0.00000000	      0.00000000	      0.00000000	      0.00000000	      0.00000000	      0.00000000	      0.00000000	     -0.02614173	      0.00000000	     -0.02453849	      0.00000000	      0.00000000	      0.00000000	      0.00000000	      0.00000000	      0.00000000	      0.00000000	      0.00000000	      0.00000000	      0.00000000	      0.00000000	      0.00000000	      0.00000000	      0.00416296	      0.00000000	      0.00000000	      0.00000000	      0.00891756	      0.00000000	      0.01729362	      0.00000000	      0.00000000	      0.00000000	      0.00000000	      0.00000000	      0.00000000
     58.00000000	      3.43434343	      0.00000000	      0.00000000	      0.00000000	      0.00000000	      0.00000000	      0.00000000	      0.00000000	      0.00000000	      0.00000000	      0.00000000	      0.00000000	      0.00000000	      0.00000000	      0.00000000	      0.00000000	      0.00000000	      0.00000000	     -0.01454402	      0.00000000	      0.00051379	      0.00000000	      0.01694081	      0.00000000	      0.01469252	      0.00000000	      0.00551640	      0.00000000	      0.00229661	      0.00000000	      0.00000000	      0.00000000	      0.00000000	      0.00000000	      0.00000000	      0.00000000	      0.00000000	      0.00000000	      0.00000000	      0.00000000	      0.00000000	      0.00000000	      0.00000000	      0.00000000	      0.00000000	      0.00000000	      0.00000000	      0.00000000	      0.00000000	      0.00000000	      0.00000000	      0.00000000	     -0.02614173	      0.00000000	     -0.02453849	      0.00000000	      0.00000000	      0.00000000	      0.00000000	      0.00000000	      0.00000000	      0.00000000	      0.00000000	      0.00000000	      0.00000000	      0.00000000	      0.00000000	      0.00000000	      0.00416296	      0.00000000	      0.00000000	      0.00000000	      0.00891756	      0.00000000	      0.01729362	      0.00000000	      0.00000000	      0.00000000	      0.00000000	      0.00000000	      0.00000000
     59.00000000	      3.83838383	      0.00000000	      0.00000000	      0.00000000	      0.00000000	      0.00000000	      0.00000000	      0.00000000	      0.00000000	      0.00000000	      0.00000000	      0.00000000	      0.00000000	      0.00000000	      0.00000000	      0.00000000	      0.00000000	      0.00000000	     -0.01454402	      0.00000000	      0.00051379	      0.00000000	      0.01694081	      0.00000000	      0.01469252	      0.00000000	      0.00551640	      0.00000000	      0.00229661	      0.00000000	      0.00000000	      0.00000000	      0.00000000	      0.00000000	      0.00000000	      0.00000000	      0.00000000	      0.00000000	      0.00000000	      0.00000000	      0.00000000	      0.00000000	      0.00000000	      0.00000000	      0.00000000	      0.00000000	      0.00000000	      0.00000000	      0.00000000	      0.00000000	      0.00000000	      0.00000000	     -0.02614173	      0.00000000	     -0.02453849	      0.00000000	      0.00000000	      0.00000000	      0.00000000	      0.00000000	      0.00000000	      0.00000000	      0.00000000	      0.00000000	      0.00000000	      0.00000000	      0.00000000	      0.00000000	      0.00416296	      0.00000000	      0.00000000	      0.00000000	      0.00891756	      0.00000000	      0.01729362	      0.00000000	      0.00000000	      0.00000000	      0.00000000	      0.00000000	      0.00000000
     60.00000000	      4.24242424	      0.00000000	      0.00000000	      0.00000000	      0.00000000	      0.00000000	      0.00000000	      0.00000000	      0.00000000	      0.00000000	      0.00000000	      0.00000000	      0.00000000	      0.00000000	      0.00000000	      0.00000000	      0.00000000	      0.00000000	     -0.01454402	      0.00000000	      0.00051379	      0.00000000	      0.01694081	      0.00000000	      0.01469252	      0.00000000	      0.00551640	      0.00000000	      0.00229661	      0.00000000	      0.00000000	      0.00000000	      0.00000000	      0.00000000	      0.00000000	      0.00000000	      0.00000000	      0.00000000	      0.00000000	      0.00000000	      0.00000000	      0.00000000	      0.00000000	      0.00000000	      0.00000000	      0.00000000	      0.00000000	      0.00000000	      0.00000000	      0.00000000	      0.00000000	      0.00000000	     -0.02614173	      0.00000000	     -0.02453849	      0.00000000	      0.00000000	      0.00000000	      0.00000000	      0.00000000	      0.00000000	      0.00000000	      0.00000000	      0.00000000	      0.00000000	      0.00000000	      0.00000000	      0.00000000	      0.00416296	      0.00000000	      0.00000000	      0.00000000	      0.00891756	      0.00000000	      0.01729362	      0.00000000	      0.00000000	      0.00000000	      0.00000000	      0.00000000	      0.00000000
     61.00000000	      4.64646464	      0.00000000	      0.00000000	      0.00000000	      0.00000000	      0.00000000	      0.00000000	      0.00000000	      0.00000000	      0.00000000	      0.00000000	      0.00000000	      0.00000000	      0.00000000	      0.00000000	      0.00000000	      0.00000000	      0.00000000	     -0.01454402	      0.00000000	      0.00051379	      0.00000000	      0.01694081	      0.00000000	      0.01469252	      0.00000000	      0.00551640	      0.00000000	      0.00229661	      0.00000000	      0.00000000	      0.00000000	      0.00000000	      0.00000000	      0.00000000	      0.00000000	      0.00000000	      0.00000000	      0.00000000	      0.00000000	      0.00000000	      0.00000000	      0.00000000	      0.00000000	      0.00000000	      0.00000000	      0.00000000	      0.00000000	      0.00000000	      0.00000000	      0.00000000	      0.00000000	     -0.02614173	      0.00000000	     -0.02453849	      0.00000000	      0.00000000	      0.00000000	      0.00000000	      0.00000000	      0.00000000	      0.00000000	      0.00000000	      0.00000000	      0.00000000	      0.00000000	      0.00000000	      0.00000000	      0.00416296	      0.00000000	      0.00000000	      0.00000000	      0.00891756	      0.00000000	      0.01729362	      0.00000000	      0.00000000	      0.00000000	      0.00000000	      0.00000000	      0.00000000
     62.00000000	      5.05050504	      0.00000000	      0.00000000	      0.00000000	      0.00000000	      0.00000000	      0.00000000	      0.00000000	      0.00000000	      0.00000000	      0.00000000	      0.00000000	      0.00000000	      0.00000000	      0.00000000	      0.00000000	      0.00000000	      0.00000000	     -0.01454402	      0.00000000	      0.00051379	      0.00000000	      0.01694081	      0.00000000	      0.01469252	      0.00000000	      0.00551640	      0.00000000	      0.00229661	      0.00000000	      0.00000000	      0.00000000	      0.00000000	      0.00000000	      0.00000000	      0.00000000	      0.00000000	      0.00000000	      0.00000000	      0.00000000	      0.00000000	      0.00000000	      0.00000000	      0.00000000	      0.00000000	      0.00000000	      0.00000000	      0.00000000	      0.00000000	      0.00000000	      0.00000000	      0.00000000	     -0.02614173	      0.00000000	     -0.02453849	      0.00000000	      0.00000000	      0.00000000	      0.00000000	      0.00000000	      0.00000000	      0.00000000	      0.00000000	      0.00000000	      0.00000000	      0.00000000	      0.00000000	      0.00000000	      0.00416296	      0.00000000	      0.00000000	      0.00000000	      0.00891756	      0.00000000	      0.01729362	      0.00000000	      0.00000000	      0.00000000	      0.00000000	      0.00000000	      0.00000000
     63.00000000	      5.45454545	      0.00000000	      0.00000000	      0.00000000	      0.00000000	      0.00000000	      0.00000000	      0.00000000	      0.00000000	      0.00000000	      0.00000000	      0.00000000	      0.00000000	      0.00000000	      0.00000000	      0.00000000	      0.00000000	      0.00000000	     -0.01454402	      0.00000000	      0.00051379	      0.00000000	      0.01694081	      0.00000000	      0.01469252	      0.00000000	      0.00551640	      0.00000000	      0.00229661	      0.00000000	      0.00000000	      0.00000000	      0.00000000	      0.00000000	      0.00000000	      0.00000000	      0.00000000	      0.00000000	      0.00000000	      0.00000000	      0.00000000	      0.00000000	      0.00000000	      0.00000000	      0.00000000	      0.00000000	      0.00000000	      0.00000000	      0.00000000	      0.00000000	      0.00000000	      0.00000000	     -0.02614173	      0.00000000	     -0.02453849	      0.00000000	      0.00000000	      0.00000000	      0.00000000	      0.00000000	      0.00000000	      0.00000000	      0.00000000	      0.00000000	      0.00000000	      0.00000000	      0.00000000	      0.00000000	      0.00416296	      0.00000000	      0.00000000	      0.00000000	      0.00891756	      0.00000000	      0.01729362	      0.00000000	      0.00000000	      0.00000000	      0.00000000	      0.00000000	      0.00000000
     64.00000000	      5.85858585	      0.00000000	      0.00000000	      0.00000000	      0.00000000	      0.00000000	      0.00000000	      0.00000000	      0.00000000	      0.00000000	      0.00000000	      0.00000000	      0.00000000	      0.00000000	      0.00000000	      0.00000000	      0.00000000	      0.00000000	     -0.01454402	      0.00000000	      0.00051379	      0.00000000	      0.01694081	      0.00000000	      0.01469252	      0.00000000	      0.00551640	      0.00000000	      0.00229661	      0.00000000	      0.00000000	      0.00000000	      0.00000000	      0.00000000	      0.00000000	      0.00000000	      0.00000000	      0.00000000	      0.00000000	      0.00000000	      0.00000000	      0.00000000	      0.00000000	      0.00000000	      0.00000000	      0.00000000	      0.00000000	      0.00000000	      0.00000000	      0.00000000	      0.00000000	      0.00000000	     -0.02614173	      0.00000000	     -0.02453849	      0.00000000	      0.00000000	      0.00000000	      0.00000000	      0.00000000	      0.00000000	      0.00000000	      0.00000000	      0.00000000	      0.00000000	      0.00000000	      0.00000000	      0.00000000	      0.00416296	      0.00000000	      0.00000000	      0.00000000	      0.00891756	      0.00000000	      0.01729362	      0.00000000	      0.00000000	      0.00000000	      0.00000000	      0.00000000	      0.00000000
     65.00000000	      6.26262626	      0.00000000	      0.00000000	      0.00000000	      0.00000000	      0.00000000	      0.00000000	      0.00000000	      0.00000000	      0.00000000	      0.00000000	      0.00000000	      0.00000000	      0.00000000	      0.00000000	      0.00000000	      0.00000000	      0.00000000	     -0.01454402	      0.00000000	      0.00051379	      0.00000000	      0.01694081	      0.00000000	      0.01469252	      0.00000000	      0.00551640	      0.00000000	      0.00229661	      0.00000000	      0.00000000	      0.00000000	      0.00000000	      0.00000000	      0.00000000	      0.00000000	      0.00000000	      0.00000000	      0.00000000	      0.00000000	      0.00000000	      0.00000000	      0.00000000	      0.00000000	      0.00000000	      0.00000000	      0.00000000	      0.00000000	      0.00000000	      0.00000000	      0.00000000	      0.00000000	     -0.02614173	      0.00000000	     -0.02453849	      0.00000000	      0.00000000	      0.00000000	      0.00000000	      0.00000000	      0.00000000	      0.00000000	      0.00000000	      0.00000000	      0.00000000	      0.00000000	      0.00000000	      0.00000000	      0.00416296	      0.00000000	      0.00000000	      0.00000000	      0.00891756	      0.00000000	      0.01729362	      0.00000000	      0.00000000	      0.00000000	      0.00000000	      0.00000000	      0.00000000
     66.00000000	      6.66666666	      0.00000000	      0.00000000	      0.00000000	      0.00000000	      0.00000000	      0.00000000	      0.00000000	      0.00000000	      0.00000000	      0.00000000	      0.00000000	      0.00000000	      0.00000000	      0.00000000	      0.00000000	      0.00000000	      0.00000000	     -0.01454402	      0.00000000	      0.00051379	      0.00000000	      0.01694081	      0.00000000	      0.01469252	      0.00000000	      0.00551640	      0.00000000	      0.00229661	      0.00000000	      0.00000000	      0.00000000	      0.00000000	      0.00000000	      0.00000000	      0.00000000	      0.00000000	      0.00000000	      0.00000000	      0.00000000	      0.00000000	      0.00000000	      0.00000000	      0.00000000	      0.00000000	      0.00000000	      0.00000000	      0.00000000	      0.00000000	      0.00000000	      0.00000000	      0.00000000	     -0.02614173	      0.00000000	     -0.02453849	      0.00000000	      0.00000000	      0.00000000	      0.00000000	      0.00000000	      0.00000000	      0.00000000	      0.00000000	      0.00000000	      0.00000000	      0.00000000	      0.00000000	      0.00000000	      0.00416296	      0.00000000	      0.00000000	      0.00000000	      0.00891756	      0.00000000	      0.01729362	      0.00000000	      0.00000000	      0.00000000	      0.00000000	      0.00000000	      0.00000000
     67.00000000	      7.07070706	      0.00000000	      0.00000000	      0.00000000	      0.00000000	      0.00000000	      0.00000000	      0.00000000	      0.00000000	      0.00000000	      0.00000000	      0.00000000	      0.00000000	      0.00000000	      0.00000000	      0.00000000	      0.00000000	      0.00000000	     -0.01454402	      0.00000000	      0.00051379	      0.00000000	      0.01694081	      0.00000000	      0.01469252	      0.00000000	      0.00551640	      0.00000000	      0.00229661	      0.00000000	      0.00000000	      0.00000000	      0.00000000	      0.00000000	      0.00000000	      0.00000000	      0.00000000	      0.00000000	      0.00000000	      0.00000000	      0.00000000	      0.00000000	      0.00000000	      0.00000000	      0.00000000	      0.00000000	      0.00000000	      0.00000000	      0.00000000	      0.00000000	      0.00000000	      0.00000000	     -0.02614173	      0.00000000	     -0.02453849	      0.00000000	      0.00000000	      0.00000000	      0.00000000	      0.00000000	      0.00000000	      0.00000000	      0.00000000	      0.00000000	      0.00000000	      0.00000000	      0.00000000	      0.00000000	      0.00416296	      0.00000000	      0.00000000	      0.00000000	      0.00891756	      0.00000000	      0.01729362	      0.00000000	      0.00000000	      0.00000000	      0.00000000	      0.00000000	      0.00000000
     68.00000000	      7.47474747	      0.00000000	      0.00000000	      0.00000000	      0.00000000	      0.00000000	      0.00000000	      0.00000000	      0.00000000	      0.00000000	      0.00000000	      0.00000000	      0.00000000	      0.00000000	      0.00000000	      0.00000000	      0.00000000	      0.00000000	     -0.01454402	      0.00000000	      0.00051379	      0.00000000	      0.01694081	      0.00000000	      0.01469252	      0.00000000	      0.00551640	      0.00000000	      0.00229661	      0.00000000	      0.00000000	      0.00000000	      0.00000000	      0.00000000	      0.00000000	      0.00000000	      0.00000000	      0.00000000	      0.00000000	      0.00000000	      0.00000000	      0.00000000	      0.00000000	      0.00000000	      0.00000000	      0.00000000	      0.00000000	      0.00000000	      0.00000000	      0.00000000	      0.00000000	      0.00000000	     -0.02614173	      0.00000000	     -0.02453849	      0.00000000	      0.00000000	      0.00000000	      0.00000000	      0.00000000	      0.00000000	      0.00000000	      0.00000000	      0.00000000	      0.00000000	      0.00000000	      0.00000000	      0.00000000	      0.00416296	      0.00000000	      0.00000000	      0.00000000	      0.00891756	      0.00000000	      0.01729362	      0.00000000	      0.00000000	      0.00000000	      0.00000000	      0.00000000	      0.00000000
     69.00000000	      7.87878787	      0.00000000	      0.00000000	      0.00000000	      0.00000000	      0.00000000	      0.00000000	      0.00000000	      0.00000000	      0.00000000	      0.00000000	      0.00000000	      0.00000000	      0.00000000	      0.00000000	      0.00000000	      0.00000000	      0.00000000	     -0.01454402	      0.00000000	      0.00051379	      0.00000000	      0.01694081	      0.00000000	      0.01469252	      0.00000000	      0.00551640	      0.00000000	      0.00229661	      0.00000000	      0.00000000	      0.00000000	      0.00000000	      0.00000000	      0.00000000	      0.00000000	      0.00000000	      0.00000000	      0.00000000	      0.00000000	      0.00000000	      0.00000000	      0.00000000	      0.00000000	      0.00000000	      0.00000000	      0.00000000	      0.00000000	      0.00000000	      0.00000000	      0.00000000	      0.00000000	     -0.02614173	      0.00000000	     -0.02453849	      0.00000000	      0.00000000	      0.00000000	      0.00000000	      0.00000000	      0.00000000	      0.00000000	      0.00000000	      0.00000000	      0.00000000	      0.00000000	      0.00000000	      0.00000000	      0.00416296	      0.00000000	      0.00000000	      0.00000000	      0.00891756	      0.00000000	      0.01729362	      0.00000000	      0.00000000	      0.00000000	      0.00000000	      0.00000000	      0.00000000
     70.00000000	      8.28282827	      0.00000000	      0.00000000	      0.00000000	      0.00000000	      0.00000000	      0.00000000	      0.00000000	      0.00000000	      0.00000000	      0.00000000	      0.00000000	      0.00000000	      0.00000000	      0.00000000	      0.00000000	      0.00000000	      0.00000000	     -0.01454402	      0.00000000	      0.00051379	      0.00000000	      0.01694081	      0.00000000	      0.01469252	      0.00000000	      0.00551640	      0.00000000	      0.00229661	      0.00000000	      0.00000000	      0.00000000	      0.00000000	      0.00000000	      0.00000000	      0.00000000	      0.00000000	      0.00000000	      0.00000000	      0.00000000	      0.00000000	      0.00000000	      0.00000000	      0.00000000	      0.00000000	      0.00000000	      0.00000000	      0.00000000	      0.00000000	      0.00000000	      0.00000000	      0.00000000	     -0.02614173	      0.00000000	     -0.02453849	      0.00000000	      0.00000000	      0.00000000	      0.00000000	      0.00000000	      0.00000000	      0.00000000	      0.00000000	      0.00000000	      0.00000000	      0.00000000	      0.00000000	      0.00000000	      0.00416296	      0.00000000	      0.00000000	      0.00000000	      0.00891756	      0.00000000	      0.01729362	      0.00000000	      0.00000000	      0.00000000	      0.00000000	      0.00000000	      0.00000000
     71.00000000	      8.68686868	      0.00000000	      0.00000000	      0.00000000	      0.00000000	      0.00000000	      0.00000000	      0.00000000	      0.00000000	      0.00000000	      0.00000000	      0.00000000	      0.00000000	      0.00000000	      0.00000000	      0.00000000	      0.00000000	      0.00000000	     -0.01454402	      0.00000000	      0.00051379	      0.00000000	      0.01694081	      0.00000000	      0.01469252	      0.00000000	      0.00551640	      0.00000000	      0.00229661	      0.00000000	      0.00000000	      0.00000000	      0.00000000	      0.00000000	      0.00000000	      0.00000000	      0.00000000	      0.00000000	      0.00000000	      0.00000000	      0.00000000	      0.00000000	      0.00000000	      0.00000000	      0.00000000	      0.00000000	      0.00000000	      0.00000000	      0.00000000	      0.00000000	      0.00000000	      0.00000000	     -0.02614173	      0.00000000	     -0.02453849	      0.00000000	      0.00000000	      0.00000000	      0.00000000	      0.00000000	      0.00000000	      0.00000000	      0.00000000	      0.00000000	      0.00000000	      0.00000000	      0.00000000	      0.00000000	      0.00416296	      0.00000000	      0.00000000	      0.00000000	      0.00891756	      0.00000000	      0.01729362	      0.00000000	      0.00000000	      0.00000000	      0.00000000	      0.00000000	      0.00000000
     72.00000000	      9.09090908	      0.00000000	      0.00000000	      0.00000000	      0.00000000	      0.00000000	      0.00000000	      0.00000000	      0.00000000	      0.00000000	      0.00000000	      0.00000000	      0.00000000	      0.00000000	      0.00000000	      0.00000000	      0.00000000	      0.00000000	     -0.01454402	      0.00000000	      0.00051379	      0.00000000	      0.01694081	      0.00000000	      0.01469252	      0.00000000	      0.00551640	      0.00000000	      0.00229661	      0.00000000	      0.00000000	      0.00000000	      0.00000000	      0.00000000	      0.00000000	      0.00000000	      0.00000000	      0.00000000	      0.00000000	      0.00000000	      0.00000000	      0.00000000	      0.00000000	      0.00000000	      0.00000000	      0.00000000	      0.00000000	      0.00000000	      0.00000000	      0.00000000	      0.00000000	      0.00000000	     -0.02614173	      0.00000000	     -0.02453849	      0.00000000	      0.00000000	      0.00000000	      0.00000000	      0.00000000	      0.00000000	      0.00000000	      0.00000000	      0.00000000	      0.00000000	      0.00000000	      0.00000000	      0.00000000	      0.00416296	      0.00000000	      0.00000000	      0.00000000	      0.00891756	      0.00000000	      0.01729362	      0.00000000	      0.00000000	      0.00000000	      0.00000000	      0.00000000	      0.00000000
     73.00000000	      9.49494948	      0.00000000	      0.00000000	      0.00000000	      0.00000000	      0.00000000	      0.00000000	      0.00000000	      0.00000000	      0.00000000	      0.00000000	      0.00000000	      0.00000000	      0.00000000	      0.00000000	      0.00000000	      0.00000000	      0.00000000	     -0.01454402	      0.00000000	      0.00051379	      0.00000000	      0.01694081	      0.00000000	      0.01469252	      0.00000000	      0.00551640	      0.00000000	      0.00229661	      0.00000000	      0.00000000	      0.00000000	      0.00000000	      0.00000000	      0.00000000	      0.00000000	      0.00000000	      0.00000000	      0.00000000	      0.00000000	      0.00000000	      0.00000000	      0.00000000	      0.00000000	      0.00000000	      0.00000000	      0.00000000	      0.00000000	      0.00000000	      0.00000000	      0.00000000	      0.00000000	     -0.02614173	      0.00000000	     -0.02453849	      0.00000000	      0.00000000	      0.00000000	      0.00000000	      0.00000000	      0.00000000	      0.00000000	      0.00000000	      0.00000000	      0.00000000	      0.00000000	      0.00000000	      0.00000000	      0.00416296	      0.00000000	      0.00000000	      0.00000000	      0.00891756	      0.00000000	      0.01729362	      0.00000000	      0.00000000	      0.00000000	      0.00000000	      0.00000000	      0.00000000
     74.00000000	      9.89898989	      0.00000000	      0.00000000	      0.00000000	      0.00000000	      0.00000000	      0.00000000	      0.00000000	      0.00000000	      0.00000000	      0.00000000	      0.00000000	      0.00000000	      0.00000000	      0.00000000	      0.00000000	      0.00000000	      0.00000000	     -0.01454402	      0.00000000	      0.00051379	      0.00000000	      0.01694081	      0.00000000	      0.01469252	      0.00000000	      0.00551640	      0.00000000	      0.00229661	      0.00000000	      0.00000000	      0.00000000	      0.00000000	      0.00000000	      0.00000000	      0.00000000	      0.00000000	      0.00000000	      0.00000000	      0.00000000	      0.00000000	      0.00000000	      0.00000000	      0.00000000	      0.00000000	      0.00000000	      0.00000000	      0.00000000	      0.00000000	      0.00000000	      0.00000000	      0.00000000	     -0.02614173	      0.00000000	     -0.02453849	      0.00000000	      0.00000000	      0.00000000	      0.00000000	      0.00000000	      0.00000000	      0.00000000	      0.00000000	      0.00000000	      0.00000000	      0.00000000	      0.00000000	      0.00000000	      0.00416296	      0.00000000	      0.00000000	      0.00000000	      0.00891756	      0.00000000	      0.01729362	      0.00000000	      0.00000000	      0.00000000	      0.00000000	      0.00000000	      0.00000000
     75.00000000	     10.30303029	      0.00000000	      0.00000000	      0.00000000	      0.00000000	      0.00000000	      0.00000000	      0.00000000	      0.00000000	      0.00000000	      0.00000000	      0.00000000	      0.00000000	      0.00000000	      0.00000000	      0.00000000	      0.00000000	      0.00000000	     -0.01454402	      0.00000000	      0.00051379	      0.00000000	      0.01694081	      0.00000000	      0.01469252	      0.00000000	      0.00551640	      0.00000000	      0.00229661	      0.00000000	      0.00000000	      0.00000000	      0.00000000	      0.00000000	      0.00000000	      0.00000000	      0.00000000	      0.00000000	      0.00000000	      0.00000000	      0.00000000	      0.00000000	      0.00000000	      0.00000000	      0.00000000	      0.00000000	      0.00000000	      0.00000000	      0.00000000	      0.00000000	      0.00000000	      0.00000000	     -0.02614173	      0.00000000	     -0.02453849	      0.00000000	      0.00000000	      0.00000000	      0.00000000	      0.00000000	      0.00000000	      0.00000000	      0.00000000	      0.00000000	      0.00000000	      0.00000000	      0.00000000	      0.00000000	      0.00416296	      0.00000000	      0.00000000	      0.00000000	      0.00891756	      0.00000000	      0.01729362	      0.00000000	      0.00000000	      0.00000000	      0.00000000	      0.00000000	      0.00000000
     76.00000000	     10.70707069	      0.00000000	      0.00000000	      0.00000000	      0.00000000	      0.00000000	      0.00000000	      0.00000000	      0.00000000	      0.00000000	      0.00000000	      0.00000000	      0.00000000	      0.00000000	      0.00000000	      0.00000000	      0.00000000	      0.00000000	     -0.01454402	      0.00000000	      0.00051379	      0.00000000	      0.01694081	      0.00000000	      0.01469252	      0.00000000	      0.00551640	      0.00000000	      0.00229661	      0.00000000	      0.00000000	      0.00000000	      0.00000000	      0.00000000	      0.00000000	      0.00000000	      0.00000000	      0.00000000	      0.00000000	      0.00000000	      0.00000000	      0.00000000	      0.00000000	      0.00000000	      0.00000000	      0.00000000	      0.00000000	      0.00000000	      0.00000000	      0.00000000	      0.00000000	      0.00000000	     -0.02614173	      0.00000000	     -0.02453849	      0.00000000	      0.00000000	      0.00000000	      0.00000000	      0.00000000	      0.00000000	      0.00000000	      0.00000000	      0.00000000	      0.00000000	      0.00000000	      0.00000000	      0.00000000	      0.00416296	      0.00000000	      0.00000000	      0.00000000	      0.00891756	      0.00000000	      0.01729362	      0.00000000	      0.00000000	      0.00000000	      0.00000000	      0.00000000	      0.00000000
     77.00000000	     11.11111110	      0.00000000	      0.00000000	      0.00000000	      0.00000000	      0.00000000	      0.00000000	      0.00000000	      0.00000000	      0.00000000	      0.00000000	      0.00000000	      0.00000000	      0.00000000	      0.00000000	      0.00000000	      0.00000000	      0.00000000	     -0.01454402	      0.00000000	      0.00051379	      0.00000000	      0.01694081	      0.00000000	      0.01469252	      0.00000000	      0.00551640	      0.00000000	      0.00229661	      0.00000000	      0.00000000	      0.00000000	      0.00000000	      0.00000000	      0.00000000	      0.00000000	      0.00000000	      0.00000000	      0.00000000	      0.00000000	      0.00000000	      0.00000000	      0.00000000	      0.00000000	      0.00000000	      0.00000000	      0.00000000	      0.00000000	      0.00000000	      0.00000000	      0.00000000	      0.00000000	     -0.02614173	      0.00000000	     -0.02453849	      0.00000000	      0.00000000	      0.00000000	      0.00000000	      0.00000000	      0.00000000	      0.00000000	      0.00000000	      0.00000000	      0.00000000	      0.00000000	      0.00000000	      0.00000000	      0.00416296	      0.00000000	      0.00000000	      0.00000000	      0.00891756	      0.00000000	      0.01729362	      0.00000000	      0.00000000	      0.00000000	      0.00000000	      0.00000000	      0.00000000
     78.00000000	     11.51515150	      0.00000000	      0.00000000	      0.00000000	      0.00000000	      0.00000000	      0.00000000	      0.00000000	      0.00000000	      0.00000000	      0.00000000	      0.00000000	      0.00000000	      0.00000000	      0.00000000	      0.00000000	      0.00000000	      0.00000000	     -0.01454402	      0.00000000	      0.00051379	      0.00000000	      0.01694081	      0.00000000	      0.01469252	      0.00000000	      0.00551640	      0.00000000	      0.00229661	      0.00000000	      0.00000000	      0.00000000	      0.00000000	      0.00000000	      0.00000000	      0.00000000	      0.00000000	      0.00000000	      0.00000000	      0.00000000	      0.00000000	      0.00000000	      0.00000000	      0.00000000	      0.00000000	      0.00000000	      0.00000000	      0.00000000	      0.00000000	      0.00000000	      0.00000000	      0.00000000	     -0.02614173	      0.00000000	     -0.02453849	      0.00000000	      0.00000000	      0.00000000	      0.00000000	      0.00000000	      0.00000000	      0.00000000	      0.00000000	      0.00000000	      0.00000000	      0.00000000	      0.00000000	      0.00000000	      0.00416296	      0.00000000	      0.00000000	      0.00000000	      0.00891756	      0.00000000	      0.01729362	      0.00000000	      0.00000000	      0.00000000	      0.00000000	      0.00000000	      0.00000000
     79.00000000	     11.91919191	      0.00000000	      0.00000000	      0.00000000	      0.00000000	      0.00000000	      0.00000000	      0.00000000	      0.00000000	      0.00000000	      0.00000000	      0.00000000	      0.00000000	      0.00000000	      0.00000000	      0.00000000	      0.00000000	      0.00000000	     -0.01454402	      0.00000000	      0.00051379	      0.00000000	      0.01694081	      0.00000000	      0.01469252	      0.00000000	      0.00551640	      0.00000000	      0.00229661	      0.00000000	      0.00000000	      0.00000000	      0.00000000	      0.00000000	      0.00000000	      0.00000000	      0.00000000	      0.00000000	      0.00000000	      0.00000000	      0.00000000	      0.00000000	      0.00000000	      0.00000000	      0.00000000	      0.00000000	      0.00000000	      0.00000000	      0.00000000	      0.00000000	      0.00000000	      0.00000000	     -0.02614173	      0.00000000	     -0.02453849	      0.00000000	      0.00000000	      0.00000000	      0.00000000	      0.00000000	      0.00000000	      0.00000000	      0.00000000	      0.00000000	      0.00000000	      0.00000000	      0.00000000	      0.00000000	      0.00416296	      0.00000000	      0.00000000	      0.00000000	      0.00891756	      0.00000000	      0.01729362	      0.00000000	      0.00000000	      0.00000000	      0.00000000	      0.00000000	      0.00000000
     80.00000000	     12.32323231	      0.00000000	      0.00000000	      0.00000000	      0.00000000	      0.00000000	      0.00000000	      0.00000000	      0.00000000	      0.00000000	      0.00000000	      0.00000000	      0.00000000	      0.00000000	      0.00000000	      0.00000000	      0.00000000	      0.00000000	     -0.01454402	      0.00000000	      0.00051379	      0.00000000	      0.01694081	      0.00000000	      0.01469252	      0.00000000	      0.00551640	      0.00000000	      0.00229661	      0.00000000	      0.00000000	      0.00000000	      0.00000000	      0.00000000	      0.00000000	      0.00000000	      0.00000000	      0.00000000	      0.00000000	      0.00000000	      0.00000000	      0.00000000	      0.00000000	      0.00000000	      0.00000000	      0.00000000	      0.00000000	      0.00000000	      0.00000000	      0.00000000	      0.00000000	      0.00000000	     -0.02614173	      0.00000000	     -0.02453849	      0.00000000	      0.00000000	      0.00000000	      0.00000000	      0.00000000	      0.00000000	      0.00000000	      0.00000000	      0.00000000	      0.00000000	      0.00000000	      0.00000000	      0.00000000	      0.00416296	      0.00000000	      0.00000000	      0.00000000	      0.00891756	      0.00000000	      0.01729362	      0.00000000	      0.00000000	      0.00000000	      0.00000000	      0.00000000	      0.00000000
     81.00000000	     12.72727271	      0.00000000	      0.00000000	      0.00000000	      0.00000000	      0.00000000	      0.00000000	      0.00000000	      0.00000000	      0.00000000	      0.00000000	      0.00000000	      0.00000000	      0.00000000	      0.00000000	      0.00000000	      0.00000000	      0.00000000	     -0.01454402	      0.00000000	      0.00051379	      0.00000000	      0.01694081	      0.00000000	      0.01469252	      0.00000000	      0.00551640	      0.00000000	      0.00229661	      0.00000000	      0.00000000	      0.00000000	      0.00000000	      0.00000000	      0.00000000	      0.00000000	      0.00000000	      0.00000000	      0.00000000	      0.00000000	      0.00000000	      0.00000000	      0.00000000	      0.00000000	      0.00000000	      0.00000000	      0.00000000	      0.00000000	      0.00000000	      0.00000000	      0.00000000	      0.00000000	     -0.02614173	      0.00000000	     -0.02453849	      0.00000000	      0.00000000	      0.00000000	      0.00000000	      0.00000000	      0.00000000	      0.00000000	      0.00000000	      0.00000000	      0.00000000	      0.00000000	      0.00000000	      0.00000000	      0.00416296	      0.00000000	      0.00000000	      0.00000000	      0.00891756	      0.00000000	      0.01729362	      0.00000000	      0.00000000	      0.00000000	      0.00000000	      0.00000000	      0.00000000
     82.00000000	     13.13131312	      0.00000000	      0.00000000	      0.00000000	      0.00000000	      0.00000000	      0.00000000	      0.00000000	      0.00000000	      0.00000000	      0.00000000	      0.00000000	      0.00000000	      0.00000000	      0.00000000	      0.00000000	      0.00000000	      0.00000000	     -0.01454402	      0.00000000	      0.00051379	      0.00000000	      0.01694081	      0.00000000	      0.01469252	      0.00000000	      0.00551640	      0.00000000	      0.00229661	      0.00000000	      0.00000000	      0.00000000	      0.00000000	      0.00000000	      0.00000000	      0.00000000	      0.00000000	      0.00000000	      0.00000000	      0.00000000	      0.00000000	      0.00000000	      0.00000000	      0.00000000	      0.00000000	      0.00000000	      0.00000000	      0.00000000	      0.00000000	      0.00000000	      0.00000000	      0.00000000	     -0.02614173	      0.00000000	     -0.02453849	      0.00000000	      0.00000000	      0.00000000	      0.00000000	      0.00000000	      0.00000000	      0.00000000	      0.00000000	      0.00000000	      0.00000000	      0.00000000	      0.00000000	      0.00000000	      0.00416296	      0.00000000	      0.00000000	      0.00000000	      0.00891756	      0.00000000	      0.01729362	      0.00000000	      0.00000000	      0.00000000	      0.00000000	      0.00000000	      0.00000000
     83.00000000	     13.53535352	      0.00000000	      0.00000000	      0.00000000	      0.00000000	      0.00000000	      0.00000000	      0.00000000	      0.00000000	      0.00000000	      0.00000000	      0.00000000	      0.00000000	      0.00000000	      0.00000000	      0.00000000	      0.00000000	      0.00000000	     -0.01454402	      0.00000000	      0.00051379	      0.00000000	      0.01694081	      0.00000000	      0.01469252	      0.00000000	      0.00551640	      0.00000000	      0.00229661	      0.00000000	      0.00000000	      0.00000000	      0.00000000	      0.00000000	      0.00000000	      0.00000000	      0.00000000	      0.00000000	      0.00000000	      0.00000000	      0.00000000	      0.00000000	      0.00000000	      0.00000000	      0.00000000	      0.00000000	      0.00000000	      0.00000000	      0.00000000	      0.00000000	      0.00000000	      0.00000000	     -0.02614173	      0.00000000	     -0.02453849	      0.00000000	      0.00000000	      0.00000000	      0.00000000	      0.00000000	      0.00000000	      0.00000000	      0.00000000	      0.00000000	      0.00000000	      0.00000000	      0.00000000	      0.00000000	      0.00416296	      0.00000000	      0.00000000	      0.00000000	      0.00891756	      0.00000000	      0.01729362	      0.00000000	      0.00000000	      0.00000000	      0.00000000	      0.00000000	      0.00000000
     84.00000000	     13.93939392	      0.00000000	      0.00000000	      0.00000000	      0.00000000	      0.00000000	      0.00000000	      0.00000000	      0.00000000	      0.00000000	      0.00000000	      0.00000000	      0.00000000	      0.00000000	      0.00000000	      0.00000000	      0.00000000	      0.00000000	     -0.01454402	      0.00000000	      0.00051379	      0.00000000	      0.01694081	      0.00000000	      0.01469252	      0.00000000	      0.00551640	      0.00000000	      0.00229661	      0.00000000	      0.00000000	      0.00000000	      0.00000000	      0.00000000	      0.00000000	      0.00000000	      0.00000000	      0.00000000	      0.00000000	      0.00000000	      0.00000000	      0.00000000	      0.00000000	      0.00000000	      0.00000000	      0.00000000	      0.00000000	      0.00000000	      0.00000000	      0.00000000	      0.00000000	      0.00000000	     -0.02614173	      0.00000000	     -0.02453849	      0.00000000	      0.00000000	      0.00000000	      0.00000000	      0.00000000	      0.00000000	      0.00000000	      0.00000000	      0.00000000	      0.00000000	      0.00000000	      0.00000000	      0.00000000	      0.00416296	      0.00000000	      0.00000000	      0.00000000	      0.00891756	      0.00000000	      0.01729362	      0.00000000	      0.00000000	      0.00000000	      0.00000000	      0.00000000	      0.00000000
     85.00000000	     14.34343433	      0.00000000	      0.00000000	      0.00000000	      0.00000000	      0.00000000	      0.00000000	      0.00000000	      0.00000000	      0.00000000	      0.00000000	      0.00000000	      0.00000000	      0.00000000	      0.00000000	      0.00000000	      0.00000000	      0.00000000	     -0.01454402	      0.00000000	      0.00051379	      0.00000000	      0.01694081	      0.00000000	      0.01469252	      0.00000000	      0.00551640	      0.00000000	      0.00229661	      0.00000000	      0.00000000	      0.00000000	      0.00000000	      0.00000000	      0.00000000	      0.00000000	      0.00000000	      0.00000000	      0.00000000	      0.00000000	      0.00000000	      0.00000000	      0.00000000	      0.00000000	      0.00000000	      0.00000000	      0.00000000	      0.00000000	      0.00000000	      0.00000000	      0.00000000	      0.00000000	     -0.02614173	      0.00000000	     -0.02453849	      0.00000000	      0.00000000	      0.00000000	      0.00000000	      0.00000000	      0.00000000	      0.00000000	      0.00000000	      0.00000000	      0.00000000	      0.00000000	      0.00000000	      0.00000000	      0.00416296	      0.00000000	      0.00000000	      0.00000000	      0.00891756	      0.00000000	      0.01729362	      0.00000000	      0.00000000	      0.00000000	      0.00000000	      0.00000000	      0.00000000
     86.00000000	     14.74747473	      0.00000000	      0.00000000	      0.00000000	      0.00000000	      0.00000000	      0.00000000	      0.00000000	      0.00000000	      0.00000000	      0.00000000	      0.00000000	      0.00000000	      0.00000000	      0.00000000	      0.00000000	      0.00000000	      0.00000000	     -0.01454402	      0.00000000	      0.00051379	      0.00000000	      0.01694081	      0.00000000	      0.01469252	      0.00000000	      0.00551640	      0.00000000	      0.00229661	      0.00000000	      0.00000000	      0.00000000	      0.00000000	      0.00000000	      0.00000000	      0.00000000	      0.00000000	      0.00000000	      0.00000000	      0.00000000	      0.00000000	      0.00000000	      0.00000000	      0.00000000	      0.00000000	      0.00000000	      0.00000000	      0.00000000	      0.00000000	      0.00000000	      0.00000000	      0.00000000	     -0.02614173	      0.00000000	     -0.02453849	      0.00000000	      0.00000000	      0.00000000	      0.00000000	      0.00000000	      0.00000000	      0.00000000	      0.00000000	      0.00000000	      0.00000000	      0.00000000	      0.00000000	      0.00000000	      0.00416296	      0.00000000	      0.00000000	      0.00000000	      0.00891756	      0.00000000	      0.01729362	      0.00000000	      0.00000000	      0.00000000	      0.00000000	      0.00000000	      0.00000000
     87.00000000	     15.15151513	      0.00000000	      0.00000000	      0.00000000	      0.00000000	      0.00000000	      0.00000000	      0.00000000	      0.00000000	      0.00000000	      0.00000000	      0.00000000	      0.00000000	      0.00000000	      0.00000000	      0.00000000	      0.00000000	      0.00000000	     -0.01454402	      0.00000000	      0.00051379	      0.00000000	      0.01694081	      0.00000000	      0.01469252	      0.00000000	      0.00551640	      0.00000000	      0.00229661	      0.00000000	      0.00000000	      0.00000000	      0.00000000	      0.00000000	      0.00000000	      0.00000000	      0.00000000	      0.00000000	      0.00000000	      0.00000000	      0.00000000	      0.00000000	      0.00000000	      0.00000000	      0.00000000	      0.00000000	      0.00000000	      0.00000000	      0.00000000	      0.00000000	      0.00000000	      0.00000000	     -0.02614173	      0.00000000	     -0.02453849	      0.00000000	      0.00000000	      0.00000000	      0.00000000	      0.00000000	      0.00000000	      0.00000000	      0.00000000	      0.00000000	      0.00000000	      0.00000000	      0.00000000	      0.00000000	      0.00416296	      0.00000000	      0.00000000	      0.00000000	      0.00891756	      0.00000000	      0.01729362	      0.00000000	      0.00000000	      0.00000000	      0.00000000	      0.00000000	      0.00000000
     88.00000000	     15.55555554	      0.00000000	      0.00000000	      0.00000000	      0.00000000	      0.00000000	      0.00000000	      0.00000000	      0.00000000	      0.00000000	      0.00000000	      0.00000000	      0.00000000	      0.00000000	      0.00000000	      0.00000000	      0.00000000	      0.00000000	     -0.01454402	      0.00000000	      0.00051379	      0.00000000	      0.01694081	      0.00000000	      0.01469252	      0.00000000	      0.00551640	      0.00000000	      0.00229661	      0.00000000	      0.00000000	      0.00000000	      0.00000000	      0.00000000	      0.00000000	      0.00000000	      0.00000000	      0.00000000	      0.00000000	      0.00000000	      0.00000000	      0.00000000	      0.00000000	      0.00000000	      0.00000000	      0.00000000	      0.00000000	      0.00000000	      0.00000000	      0.00000000	      0.00000000	      0.00000000	     -0.02614173	      0.00000000	     -0.02453849	      0.00000000	      0.00000000	      0.00000000	      0.00000000	      0.00000000	      0.00000000	      0.00000000	      0.00000000	      0.00000000	      0.00000000	      0.00000000	      0.00000000	      0.00000000	      0.00416296	      0.00000000	      0.00000000	      0.00000000	      0.00891756	      0.00000000	      0.01729362	      0.00000000	      0.00000000	      0.00000000	      0.00000000	      0.00000000	      0.00000000
     89.00000000	     15.95959594	      0.00000000	      0.00000000	      0.00000000	      0.00000000	      0.00000000	      0.00000000	      0.00000000	      0.00000000	      0.00000000	      0.00000000	      0.00000000	      0.00000000	      0.00000000	      0.00000000	      0.00000000	      0.00000000	      0.00000000	     -0.01454402	      0.00000000	      0.00051379	      0.00000000	      0.01694081	      0.00000000	      0.01469252	      0.00000000	      0.00551640	      0.00000000	      0.00229661	      0.00000000	      0.00000000	      0.00000000	      0.00000000	      0.00000000	      0.00000000	      0.00000000	      0.00000000	      0.00000000	      0.00000000	      0.00000000	      0.00000000	      0.00000000	      0.00000000	      0.00000000	      0.00000000	      0.00000000	      0.00000000	      0.00000000	      0.00000000	      0.00000000	      0.00000000	      0.00000000	     -0.02614173	      0.00000000	     -0.02453849	      0.00000000	      0.00000000	      0.00000000	      0.00000000	      0.00000000	      0.00000000	      0.00000000	      0.00000000	      0.00000000	      0.00000000	      0.00000000	      0.00000000	      0.00000000	      0.00416296	      0.00000000	      0.00000000	      0.00000000	      0.00891756	      0.00000000	      0.01729362	      0.00000000	      0.00000000	      0.00000000	      0.00000000	      0.00000000	      0.00000000
     90.00000000	     16.36363634	      0.00000000	      0.00000000	      0.00000000	      0.00000000	      0.00000000	      0.00000000	      0.00000000	      0.00000000	      0.00000000	      0.00000000	      0.00000000	      0.00000000	      0.00000000	      0.00000000	      0.00000000	      0.00000000	      0.00000000	     -0.01454402	      0.00000000	      0.00051379	      0.00000000	      0.01694081	      0.00000000	      0.01469252	      0.00000000	      0.00551640	      0.00000000	      0.00229661	      0.00000000	      0.00000000	      0.00000000	      0.00000000	      0.00000000	      0.00000000	      0.00000000	      0.00000000	      0.00000000	      0.00000000	      0.00000000	      0.00000000	      0.00000000	      0.00000000	      0.00000000	      0.00000000	      0.00000000	      0.00000000	      0.00000000	      0.00000000	      0.00000000	      0.00000000	      0.00000000	     -0.02614173	      0.00000000	     -0.02453849	      0.00000000	      0.00000000	      0.00000000	      0.00000000	      0.00000000	      0.00000000	      0.00000000	      0.00000000	      0.00000000	      0.00000000	      0.00000000	      0.00000000	      0.00000000	      0.00416296	      0.00000000	      0.00000000	      0.00000000	      0.00891756	      0.00000000	      0.01729362	      0.00000000	      0.00000000	      0.00000000	      0.00000000	      0.00000000	      0.00000000
     91.00000000	     16.76767675	      0.00000000	      0.00000000	      0.00000000	      0.00000000	      0.00000000	      0.00000000	      0.00000000	      0.00000000	      0.00000000	      0.00000000	      0.00000000	      0.00000000	      0.00000000	      0.00000000	      0.00000000	      0.00000000	      0.00000000	     -0.01454402	      0.00000000	      0.00051379	      0.00000000	      0.01694081	      0.00000000	      0.01469252	      0.00000000	      0.00551640	      0.00000000	      0.00229661	      0.00000000	      0.00000000	      0.00000000	      0.00000000	      0.00000000	      0.00000000	      0.00000000	      0.00000000	      0.00000000	      0.00000000	      0.00000000	      0.00000000	      0.00000000	      0.00000000	      0.00000000	      0.00000000	      0.00000000	      0.00000000	      0.00000000	      0.00000000	      0.00000000	      0.00000000	      0.00000000	     -0.02614173	      0.00000000	     -0.02453849	      0.00000000	      0.00000000	      0.00000000	      0.00000000	      0.00000000	      0.00000000	      0.00000000	      0.00000000	      0.00000000	      0.00000000	      0.00000000	      0.00000000	      0.00000000	      0.00416296	      0.00000000	      0.00000000	      0.00000000	      0.00891756	      0.00000000	      0.01729362	      0.00000000	      0.00000000	      0.00000000	      0.00000000	      0.00000000	      0.00000000
     92.00000000	     17.17171715	      0.00000000	      0.00000000	      0.00000000	      0.00000000	      0.00000000	      0.00000000	      0.00000000	      0.00000000	      0.00000000	      0.00000000	      0.00000000	      0.00000000	      0.00000000	      0.00000000	      0.00000000	      0.00000000	      0.00000000	     -0.01454402	      0.00000000	      0.00051379	      0.00000000	      0.01694081	      0.00000000	      0.01469252	      0.00000000	      0.00551640	      0.00000000	      0.00229661	      0.00000000	      0.00000000	      0.00000000	      0.00000000	      0.00000000	      0.00000000	      0.00000000	      0.00000000	      0.00000000	      0.00000000	      0.00000000	      0.00000000	      0.00000000	      0.00000000	      0.00000000	      0.00000000	      0.00000000	      0.00000000	      0.00000000	      0.00000000	      0.00000000	      0.00000000	      0.00000000	     -0.02614173	      0.00000000	     -0.02453849	      0.00000000	      0.00000000	      0.00000000	      0.00000000	      0.00000000	      0.00000000	      0.00000000	      0.00000000	      0.00000000	      0.00000000	      0.00000000	      0.00000000	      0.00000000	      0.00416296	      0.00000000	      0.00000000	      0.00000000	      0.00891756	      0.00000000	      0.01729362	      0.00000000	      0.00000000	      0.00000000	      0.00000000	      0.00000000	      0.00000000
     93.00000000	     17.57575756	      0.00000000	      0.00000000	      0.00000000	      0.00000000	      0.00000000	      0.00000000	      0.00000000	      0.00000000	      0.00000000	      0.00000000	      0.00000000	      0.00000000	      0.00000000	      0.00000000	      0.00000000	      0.00000000	      0.00000000	     -0.01454402	      0.00000000	      0.00051379	      0.00000000	      0.01694081	      0.00000000	      0.01469252	      0.00000000	      0.00551640	      0.00000000	      0.00229661	      0.00000000	      0.00000000	      0.00000000	      0.00000000	      0.00000000	      0.00000000	      0.00000000	      0.00000000	      0.00000000	      0.00000000	      0.00000000	      0.00000000	      0.00000000	      0.00000000	      0.00000000	      0.00000000	      0.00000000	      0.00000000	      0.00000000	      0.00000000	      0.00000000	      0.00000000	      0.00000000	     -0.02614173	      0.00000000	     -0.02453849	      0.00000000	      0.00000000	      0.00000000	      0.00000000	      0.00000000	      0.00000000	      0.00000000	      0.00000000	      0.00000000	      0.00000000	      0.00000000	      0.00000000	      0.00000000	      0.00416296	      0.00000000	      0.00000000	      0.00000000	      0.00891756	      0.00000000	      0.01729362	      0.00000000	      0.00000000	      0.00000000	      0.00000000	      0.00000000	      0.00000000
     94.00000000	     17.97979796	      0.00000000	      0.00000000	      0.00000000	      0.00000000	      0.00000000	      0.00000000	      0.00000000	      0.00000000	      0.00000000	      0.00000000	      0.00000000	      0.00000000	      0.00000000	      0.00000000	      0.00000000	      0.00000000	      0.00000000	     -0.01454402	      0.00000000	      0.00051379	      0.00000000	      0.01694081	      0.00000000	      0.01469252	      0.00000000	      0.00551640	      0.00000000	      0.00229661	      0.00000000	      0.00000000	      0.00000000	      0.00000000	      0.00000000	      0.00000000	      0.00000000	      0.00000000	      0.00000000	      0.00000000	      0.00000000	      0.00000000	      0.00000000	      0.00000000	      0.00000000	      0.00000000	      0.00000000	      0.00000000	      0.00000000	      0.00000000	      0.00000000	      0.00000000	      0.00000000	     -0.02614173	      0.00000000	     -0.02453849	      0.00000000	      0.00000000	      0.00000000	      0.00000000	      0.00000000	      0.00000000	      0.00000000	      0.00000000	      0.00000000	      0.00000000	      0.00000000	      0.00000000	      0.00000000	      0.00416296	      0.00000000	      0.00000000	      0.00000000	      0.00891756	      0.00000000	      0.01729362	      0.00000000	      0.00000000	      0.00000000	      0.00000000	      0.00000000	      0.00000000
     95.00000000	     18.38383836	      0.00000000	      0.00000000	      0.00000000	      0.00000000	      0.00000000	      0.00000000	      0.00000000	      0.00000000	      0.00000000	      0.00000000	      0.00000000	      0.00000000	      0.00000000	      0.00000000	      0.00000000	      0.00000000	      0.00000000	     -0.01454402	      0.00000000	      0.00051379	      0.00000000	      0.01694081	      0.00000000	      0.01469252	      0.00000000	      0.00551640	      0.00000000	      0.00229661	      0.00000000	      0.00000000	      0.00000000	      0.00000000	      0.00000000	      0.00000000	      0.00000000	      0.00000000	      0.00000000	      0.00000000	      0.00000000	      0.00000000	      0.00000000	      0.00000000	      0.00000000	      0.00000000	      0.00000000	      0.00000000	      0.00000000	      0.00000000	      0.00000000	      0.00000000	      0.00000000	     -0.02614173	      0.00000000	     -0.02453849	      0.00000000	      0.00000000	      0.00000000	      0.00000000	      0.00000000	      0.00000000	      0.00000000	      0.00000000	      0.00000000	      0.00000000	      0.00000000	      0.00000000	      0.00000000	      0.00416296	      0.00000000	      0.00000000	      0.00000000	      0.00891756	      0.00000000	      0.01729362	      0.00000000	      0.00000000	      0.00000000	      0.00000000	      0.00000000	      0.00000000
     96.00000000	     18.78787877	      0.00000000	      0.00000000	      0.00000000	      0.00000000	      0.00000000	      0.00000000	      0.00000000	      0.00000000	      0.00000000	      0.00000000	      0.00000000	      0.00000000	      0.00000000	      0.00000000	      0.00000000	      0.00000000	      0.00000000	     -0.01454402	      0.00000000	      0.00051379	      0.00000000	      0.01694081	      0.00000000	      0.01469252	      0.00000000	      0.00551640	      0.00000000	      0.00229661	      0.00000000	      0.00000000	      0.00000000	      0.00000000	      0.00000000	      0.00000000	      0.00000000	      0.00000000	      0.00000000	      0.00000000	      0.00000000	      0.00000000	      0.00000000	      0.00000000	      0.00000000	      0.00000000	      0.00000000	      0.00000000	      0.00000000	      0.00000000	      0.00000000	      0.00000000	      0.00000000	     -0.02614173	      0.00000000	     -0.02453849	      0.00000000	      0.00000000	      0.00000000	      0.00000000	      0.00000000	      0.00000000	      0.00000000	      0.00000000	      0.00000000	      0.00000000	      0.00000000	      0.00000000	      0.00000000	      0.00416296	      0.00000000	      0.00000000	      0.00000000	      0.00891756	      0.00000000	      0.01729362	      0.00000000	      0.00000000	      0.00000000	      0.00000000	      0.00000000	      0.00000000
     97.00000000	     19.19191917	      0.00000000	      0.00000000	      0.00000000	      0.00000000	      0.00000000	      0.00000000	      0.00000000	      0.00000000	      0.00000000	      0.00000000	      0.00000000	      0.00000000	      0.00000000	      0.00000000	      0.00000000	      0.00000000	      0.00000000	     -0.01454402	      0.00000000	      0.00051379	      0.00000000	      0.01694081	      0.00000000	      0.01469252	      0.00000000	      0.00551640	      0.00000000	      0.00229661	      0.00000000	      0.00000000	      0.00000000	      0.00000000	      0.00000000	      0.00000000	      0.00000000	      0.00000000	      0.00000000	      0.00000000	      0.00000000	      0.00000000	      0.00000000	      0.00000000	      0.00000000	      0.00000000	      0.00000000	      0.00000000	      0.00000000	      0.00000000	      0.00000000	      0.00000000	      0.00000000	     -0.02614173	      0.00000000	     -0.02453849	      0.00000000	      0.00000000	      0.00000000	      0.00000000	      0.00000000	      0.00000000	      0.00000000	      0.00000000	      0.00000000	      0.00000000	      0.00000000	      0.00000000	      0.00000000	      0.00416296	      0.00000000	      0.00000000	      0.00000000	      0.00891756	      0.00000000	      0.01729362	      0.00000000	      0.00000000	      0.00000000	      0.00000000	      0.00000000	      0.00000000
     98.00000000	     19.59595957	      0.00000000	      0.00000000	      0.00000000	      0.00000000	      0.00000000	      0.00000000	      0.00000000	      0.00000000	      0.00000000	      0.00000000	      0.00000000	      0.00000000	      0.00000000	      0.00000000	      0.00000000	      0.00000000	      0.00000000	     -0.01454402	      0.00000000	      0.00051379	      0.00000000	      0.01694081	      0.00000000	      0.01469252	      0.00000000	      0.00551640	      0.00000000	      0.00229661	      0.00000000	      0.00000000	      0.00000000	      0.00000000	      0.00000000	      0.00000000	      0.00000000	      0.00000000	      0.00000000	      0.00000000	      0.00000000	      0.00000000	      0.00000000	      0.00000000	      0.00000000	      0.00000000	      0.00000000	      0.00000000	      0.00000000	      0.00000000	      0.00000000	      0.00000000	      0.00000000	     -0.02614173	      0.00000000	     -0.02453849	      0.00000000	      0.00000000	      0.00000000	      0.00000000	      0.00000000	      0.00000000	      0.00000000	      0.00000000	      0.00000000	      0.00000000	      0.00000000	      0.00000000	      0.00000000	      0.00416296	      0.00000000	      0.00000000	      0.00000000	      0.00891756	      0.00000000	      0.01729362	      0.00000000	      0.00000000	      0.00000000	      0.00000000	      0.00000000	      0.00000000
     99.00000000	     19.99999998	      0.00000000	      0.00000000	      0.00000000	      0.00000000	      0.00000000	      0.00000000	      0.00000000	      0.00000000	      0.00000000	      0.00000000	      0.00000000	      0.00000000	      0.00000000	      0.00000000	      0.00000000	      0.00000000	      0.00000000	     -0.01454402	      0.00000000	      0.00051379	      0.00000000	      0.01694081	      0.00000000	      0.01469252	      0.00000000	      0.00551640	      0.00000000	      0.00229661	      0.00000000	      0.00000000	      0.00000000	      0.00000000	      0.00000000	      0.00000000	      0.00000000	      0.00000000	      0.00000000	      0.00000000	      0.00000000	      0.00000000	      0.00000000	      0.00000000	      0.00000000	      0.00000000	      0.00000000	      0.00000000	      0.00000000	      0.00000000	      0.00000000	      0.00000000	      0.00000000	     -0.02614173	      0.00000000	     -0.02453849	      0.00000000	      0.00000000	      0.00000000	      0.00000000	      0.00000000	      0.00000000	      0.00000000	      0.00000000	      0.00000000	      0.00000000	      0.00000000	      0.00000000	      0.00000000	      0.00416296	      0.00000000	      0.00000000	      0.00000000	      0.00891756	      0.00000000	      0.01729362	      0.00000000	      0.00000000	      0.00000000	      0.00000000	      0.00000000	      0.00000000
