#VRML V2.0 utf8

# Produced by 3D Exploration VRML exporter
# http://www.xdsoft.com/explorer/

DEF object0 Transform {
  children [
    DEF object1 Transform {
      children [
        DEF object2 Transform {
          children [
            Shape {
              appearance Appearance {
                material Material {
                  diffuseColor 0.800000 0.800000 0.800000
                  emissiveColor 0.000000 0.000000 0.000000
                  specularColor 0.400000 0.400000 0.400000
                  ambientIntensity 0.200000
                  shininess 0.250000
                }
              }
              geometry IndexedFaceSet {
                coord Coordinate { point [
                  # points 58
                  -0.011309 -0.00949 0.013242, -0.007978 -0.011558 0.018274, -0.009206 -0.009752 0.019555, -0.011046 -0.0079 0.016037, 
                  -0.001104 -0.008774 0.011892, -0.012205 -0.008676 0.009569, -0.002941 -0.007531 0.008647, -0.006374 -0.006689 0.022715, 
                  -0.00438 -0.010251 0.023521, 0.000553 -0.0115 0.018244, -0.010327 -0.004271 0.019203, -0.011638 -0.006101 0.015157, 
                  0.00211 -0.007254 0.012075, -0.000679 -0.004965 0.008983, -0.012212 -0.00368 0.009345, -0.003456 0.000824 0.008639, 
                  -0.000477 -0.002037 0.009044, -0.006775 -0.002567 0.022158, 0.000995 -0.009122 0.020174, -0.001957 -0.004243 0.021691, 
                  0.003426 -0.009499 0.014137, -0.009859 -0.00262 0.019549, -0.010879 -0.001449 0.017504, -0.011478 -0.001958 0.014946, 
                  -0.011607 -0.003919 0.014906, 0.005574 -0.00961 0.012787, 0.004815 -0.007582 0.012157, 0.003726 -0.005334 0.012856, 
                  0.003354 -0.003656 0.013105, -0.012709 0.000786 0.010161, -0.002007 0.002916 0.008978, 0.000738 0.000588 0.009779, 
                  0.00368 -0.002174 0.013716, 0.001698 -0.003785 0.020821, 0.004172 -0.0063 0.018117, -0.00976 0.001162 0.019056, 
                  -0.009697 0.006385 0.010149, 0.0069 -0.005779 0.016852, 0.005194 -0.008596 0.012472, 0.010283 -0.006294 0.012912, 
                  0.009802 -0.007055 0.012703, 0.00932 -0.007818 0.012494, 0.008539 -0.008341 0.011282, 0.008674 -0.007663 0.010899, 
                  0.008807 -0.006982 0.010514, -0.001292 0.007319 0.012559, 0.00094 0.002778 0.012852, 0.005105 -0.001617 0.014736, 
                  0.009273 -0.006103 0.010317, 0.000491 0.000302 0.017143, 0.004029 -0.002295 0.018412, 0.007727 -0.002205 0.016455, 
                  0.010342 -0.003738 0.01323, 0.009483 -0.006225 0.011684, 0.001604 0.000245 0.016204, 0.005217 -0.001124 0.016397, 
                  0.009641 -0.004627 0.010654, 0.010153 -0.003629 0.011836]
                }
                creaseAngle 0.610865
                normal Normal { vector [
                  # normals 58
                  -0.522786 -0.850115 -0.063243, -0.336565 -0.917493 0.211968, -0.744683 -0.417926 0.52037, -0.93494 -0.209361 0.286452, 
                  0.249768 -0.823002 -0.51018, -0.798514 -0.380159 -0.466749, 0.194007 -0.489953 -0.849887, -0.531549 -0.189611 0.825532, 
                  0.058525 -0.327819 0.942926, 0.302021 -0.952153 -0.046775, -0.868917 -0.014985 0.49473, -0.975548 -0.054698 0.212872, 
                  0.119314 -0.522348 -0.844344, 0.56299 -0.199476 -0.80203, -0.794408 0.077186 -0.60246, 0.047938 0.06618 -0.996656, 
                  0.485059 0.014008 -0.874369, -0.294866 0.367299 0.882126, 0.627717 -0.343347 0.698631, 0.236235 0.369033 0.898892, 
                  0.332164 -0.942727 0.030548, -0.654486 0.358113 0.665885, -0.934949 0.157394 0.317957, -0.943698 0.16074 0.28913, 
                  -0.976515 0.011959 0.215119, 0.490775 -0.871256 0.007314, 0.237067 -0.259105 -0.936303, 0.067069 0.0517 -0.996408, 
                  0.216107 0.098411 -0.971397, -0.800895 0.28573 -0.526238, 0.208632 0.39103 -0.89642, 0.612318 0.141172 -0.777906, 
                  0.335281 0.179145 -0.924929, 0.41027 0.300063 0.861186, 0.588737 -0.424203 0.688071, -0.330398 0.55341 0.764574, 
                  -0.711429 0.61985 0.331141, 0.588927 -0.305338 0.748287, 0.699712 -0.462427 -0.544576, 0.865857 -0.420974 0.270321, 
                  0.770716 -0.633336 -0.069873, 0.606676 -0.772484 -0.18765, 0.354529 -0.596307 -0.720227, 0.118905 -0.384764 -0.915324, 
                  0.167685 -0.219264 -0.961148, 0.642225 0.738726 -0.204524, 0.761151 0.621806 -0.184407, 0.452265 0.597845 -0.661844, 
                  0.340868 0.154683 -0.927298, 0.228314 0.709923 0.666245, 0.482279 0.402752 0.777944, 0.530142 0.475094 0.702307, 
                  0.979677 0.121976 0.159231, 0.896401 -0.286149 -0.338502, 0.453813 0.593892 0.664339, 0.363155 0.930356 0.05055, 
                  0.521314 0.513831 -0.681329, 0.750774 0.591984 -0.293076]
                }
                coordIndex [
                  0, 1, 2, -1,3, 0, 2, -1,0, 4, 1, -1,5, 0, 3, -1,6, 4, 0, -1,5, 6, 0, -1,2, 1, 7, -1,
                  1, 8, 7, -1,4, 9, 1, -1,1, 9, 8, -1,10, 3, 2, -1,10, 2, 7, -1,11, 5, 3, -1,10, 11, 
                  3, -1,4, 12, 9, -1,13, 12, 4, -1,6, 13, 4, -1,14, 5, 11, -1,15, 6, 5, -1,14, 15, 
                  5, -1,16, 13, 6, -1,15, 16, 6, -1,7, 8, 17, -1,10, 7, 17, -1,9, 18, 8, -1,8, 19, 
                  17, -1,8, 18, 19, -1,12, 20, 9, -1,9, 20, 18, -1,10, 17, 21, -1,10, 21, 22, -1,10, 
                  22, 23, -1,10, 23, 24, -1,10, 24, 11, -1,24, 14, 11, -1,20, 12, 25, -1,12, 26, 25, -1,
                  27, 26, 12, -1,13, 27, 12, -1,28, 27, 13, -1,16, 28, 13, -1,29, 14, 24, -1,30, 15, 
                  14, -1,29, 30, 14, -1,31, 16, 15, -1,30, 31, 15, -1,32, 28, 16, -1,31, 32, 16, -1,
                  17, 19, 21, -1,18, 33, 19, -1,20, 34, 18, -1,18, 34, 33, -1,19, 35, 21, -1,19, 33, 
                  35, -1,20, 25, 34, -1,21, 35, 22, -1,35, 36, 22, -1,22, 36, 23, -1,36, 29, 23, -1,
                  23, 29, 24, -1,25, 37, 34, -1,26, 38, 25, -1,25, 39, 37, -1,40, 39, 25, -1,38, 40, 
                  25, -1,26, 41, 38, -1,42, 41, 26, -1,27, 42, 26, -1,43, 42, 27, -1,28, 43, 27, -1,
                  44, 43, 28, -1,32, 44, 28, -1,36, 45, 29, -1,45, 30, 29, -1,46, 31, 30, -1,45, 46, 
                  30, -1,47, 32, 31, -1,46, 47, 31, -1,48, 44, 32, -1,47, 48, 32, -1,33, 49, 35, -1,
                  34, 50, 33, -1,33, 50, 49, -1,34, 37, 50, -1,35, 49, 36, -1,49, 45, 36, -1,37, 51, 
                  50, -1,39, 52, 37, -1,37, 52, 51, -1,41, 40, 38, -1,52, 39, 53, -1,39, 40, 53, -1,
                  40, 41, 53, -1,41, 42, 53, -1,42, 43, 53, -1,43, 44, 53, -1,44, 48, 53, -1,49, 54, 
                  45, -1,54, 46, 45, -1,55, 47, 46, -1,54, 55, 46, -1,56, 48, 47, -1,55, 56, 47, -1,
                  48, 56, 53, -1,50, 54, 49, -1,50, 51, 54, -1,51, 55, 54, -1,52, 57, 51, -1,51, 57, 
                  55, -1,57, 52, 53, -1,56, 57, 53, -1,57, 56, 55, -1
                ]
                normalPerVertex TRUE
                normalIndex [
                  0, 1, 2, -1,3, 0, 2, -1,0, 4, 1, -1,5, 0, 3, -1,6, 4, 0, -1,5, 6, 0, -1,2, 1, 7, -1,
                  1, 8, 7, -1,4, 9, 1, -1,1, 9, 8, -1,10, 3, 2, -1,10, 2, 7, -1,11, 5, 3, -1,10, 11, 
                  3, -1,4, 12, 9, -1,13, 12, 4, -1,6, 13, 4, -1,14, 5, 11, -1,15, 6, 5, -1,14, 15, 
                  5, -1,16, 13, 6, -1,15, 16, 6, -1,7, 8, 17, -1,10, 7, 17, -1,9, 18, 8, -1,8, 19, 
                  17, -1,8, 18, 19, -1,12, 20, 9, -1,9, 20, 18, -1,10, 17, 21, -1,10, 21, 22, -1,10, 
                  22, 23, -1,10, 23, 24, -1,10, 24, 11, -1,24, 14, 11, -1,20, 12, 25, -1,12, 26, 25, -1,
                  27, 26, 12, -1,13, 27, 12, -1,28, 27, 13, -1,16, 28, 13, -1,29, 14, 24, -1,30, 15, 
                  14, -1,29, 30, 14, -1,31, 16, 15, -1,30, 31, 15, -1,32, 28, 16, -1,31, 32, 16, -1,
                  17, 19, 21, -1,18, 33, 19, -1,20, 34, 18, -1,18, 34, 33, -1,19, 35, 21, -1,19, 33, 
                  35, -1,20, 25, 34, -1,21, 35, 22, -1,35, 36, 22, -1,22, 36, 23, -1,36, 29, 23, -1,
                  23, 29, 24, -1,25, 37, 34, -1,26, 38, 25, -1,25, 39, 37, -1,40, 39, 25, -1,38, 40, 
                  25, -1,26, 41, 38, -1,42, 41, 26, -1,27, 42, 26, -1,43, 42, 27, -1,28, 43, 27, -1,
                  44, 43, 28, -1,32, 44, 28, -1,36, 45, 29, -1,45, 30, 29, -1,46, 31, 30, -1,45, 46, 
                  30, -1,47, 32, 31, -1,46, 47, 31, -1,48, 44, 32, -1,47, 48, 32, -1,33, 49, 35, -1,
                  34, 50, 33, -1,33, 50, 49, -1,34, 37, 50, -1,35, 49, 36, -1,49, 45, 36, -1,37, 51, 
                  50, -1,39, 52, 37, -1,37, 52, 51, -1,41, 40, 38, -1,52, 39, 53, -1,39, 40, 53, -1,
                  40, 41, 53, -1,41, 42, 53, -1,42, 43, 53, -1,43, 44, 53, -1,44, 48, 53, -1,49, 54, 
                  45, -1,54, 46, 45, -1,55, 47, 46, -1,54, 55, 46, -1,56, 48, 47, -1,55, 56, 47, -1,
                  48, 56, 53, -1,50, 54, 49, -1,50, 51, 54, -1,51, 55, 54, -1,52, 57, 51, -1,51, 57, 
                  55, -1,57, 52, 53, -1,56, 57, 53, -1,57, 56, 55, -1
                ]
              }
            }
          ]
        }
      ]
    }
  ]
}
DEF object11 Transform {
  children [
    DEF object3 Transform {
      children [
        DEF object5 Transform {
          children [
            Shape {
              appearance Appearance {
                material Material {
                  diffuseColor 0.800000 0.800000 0.800000
                  emissiveColor 0.000000 0.000000 0.000000
                  specularColor 0.400000 0.400000 0.400000
                  ambientIntensity 0.200000
                  shininess 0.250000
                }
              }
              geometry IndexedFaceSet {
                coord Coordinate { point [
                  # points 56
                  -0.000814 0.00634 -0.005295, -0.000748 -0.000247 -0.005918, -0.001492 0.000146 -0.006483, -0.002626 0.012072 -0.005469, 
                  -0.000276 0.002722 -0.004211, 0.000205 0.002926 -0.002616, -4.7e-005 0.006862 -0.002673, -0.004225 -0.009111 -0.004203, 
                  -0.001291 -0.008902 -0.005352, 0.000268 -0.000349 -0.004592, -0.010114 0.000468 -0.00514, -0.015149 -0.00815 -0.001522, 
                  -0.007997 0.008535 -0.005065, -0.000926 0.012192 -0.000881, 0.000173 -0.001557 -0.002192, 0.001051 0.002488 0.000152, 
                  0.000759 0.005559 0.001892, -0.014459 -0.010307 0.004654, -0.001389 -0.009861 -0.000511, -0.000358 -0.00667 -0.004114, 
                  -0.000392 -0.009216 -0.001784, -0.01021 0.000594 -0.003223, -0.014962 -0.007756 0.002016, -0.014491 -0.008602 0.004044, 
                  -0.009653 0.010516 -0.000411, -0.010073 0.004784 -0.003887, 0.001207 0.010482 0.006364, -0.000749 -0.007452 -0.002035, 
                  -5e-005 -0.005411 -0.001025, -4.2e-005 -0.002601 -0.00064, 0.001508 0.000337 -0.000649, 0.000509 0.000572 0.002406, 
                  -0.014504 -0.007593 0.00626, -0.011304 -0.010506 0.008681, -0.005034 -0.008889 0.006183, -0.000609 -0.007369 0.000967, 
                  -0.010824 0.000786 -0.000175, -0.014224 -0.004029 0.002433, -0.013176 -0.003147 0.003238, -0.013045 -0.002892 0.004397, 
                  -0.010399 0.006982 -0.000349, -0.006982 0.007725 0.008731, -0.010782 0.002548 -0.000183, -0.000228 0.001604 0.004506, 
                  -0.000407 -0.003306 0.001977, -0.012074 -0.001566 0.004632, -0.011688 -0.001995 0.006096, -0.010266 -0.002356 0.008543, 
                  -0.001768 -0.00297 0.005322, -0.011804 4.7e-005 0.002675, -0.009601 0.005368 0.004808, -0.010946 0.003641 0.001588, 
                  -0.009066 0.00235 0.00827, -0.010347 0.000864 0.003787, -0.010311 0.001119 0.00579, -0.010331 0.003539 0.002659]
                }
                creaseAngle 0.610865
                normal Normal { vector [
                  # normals 56
                  0.853612 0.110264 -0.509106, 0.622705 -0.025553 -0.782039, 0.17922 -0.097408 -0.978975, 0.372361 0.398545 -0.838158, 
                  0.954551 0.089047 -0.284434, 0.956697 0.019833 -0.290409, 0.953485 0.171093 -0.248181, -0.074335 -0.710148 -0.700118, 
                  0.592808 -0.543451 -0.594339, 0.94489 0.012781 -0.327138, -0.69469 0.225697 -0.682983, -0.821172 -0.291951 -0.490349, 
                  -0.641483 0.480562 -0.597963, 0.504039 0.844443 -0.181276, 0.980387 -0.048513 -0.191017, 0.878619 0.199862 -0.433686, 
                  0.983131 0.136154 -0.122126, -0.666683 -0.744575 0.033796, 0.286417 -0.957273 0.039927, 0.994253 -0.082259 -0.068513, 
                  0.938066 -0.31735 0.138999, -0.902091 0.239272 -0.359139, -0.967229 0.220657 0.125609, -0.993833 0.076592 0.080182, 
                  -0.687807 0.725255 -0.030435, -0.918494 0.08896 -0.385298, 0.78461 0.412774 0.462606, 0.999159 -0.040547 -0.00607, 
                  0.992381 -0.12234 0.014565, 0.965264 -0.244179 0.092966, 0.974073 -0.043722 -0.221971, 0.943002 -0.211053 0.257301, 
                  -0.889762 0.188257 0.415791, -0.331893 -0.488306 0.807096, 0.621171 -0.400621 0.673535, 0.939553 -0.223115 0.259732, 
                  -0.951848 0.21606 -0.217492, -0.914283 0.388075 0.116119, -0.887225 0.288428 0.360057, -0.907722 0.384487 0.167962, 
                  -0.971866 0.227695 0.060267, -0.523203 0.350505 0.776792, -0.977895 0.075331 -0.195054, 0.671725 -0.205963 0.711593, 
                  0.949053 -0.165215 0.268333, -0.748027 0.529681 0.399867, -0.799756 0.391503 0.455099, -0.327057 0.142716 0.934166, 
                  0.659068 -0.139525 0.739028, -0.891931 0.397971 0.214659, -0.920778 0.219154 0.322707, -0.97237 0.142916 0.184584, 
                  -0.376783 0.13415 0.916536, -0.853085 0.41909 0.31082, -0.939933 0.255109 0.226814, -0.913077 0.133383 0.385356]
                }
                coordIndex [
                  0, 1, 2, -1,3, 0, 2, -1,0, 4, 1, -1,5, 4, 0, -1,6, 5, 0, -1,6, 0, 3, -1,2, 1, 7, -1,
                  1, 8, 7, -1,4, 9, 1, -1,1, 9, 8, -1,3, 2, 10, -1,2, 7, 11, -1,10, 2, 11, -1,12, 3, 
                  10, -1,13, 6, 3, -1,13, 3, 12, -1,9, 4, 14, -1,4, 5, 14, -1,15, 5, 6, -1,5, 15, 14, -1,
                  16, 15, 6, -1,16, 6, 13, -1,11, 7, 17, -1,7, 18, 17, -1,7, 8, 18, -1,9, 19, 8, -1,
                  8, 20, 18, -1,8, 19, 20, -1,19, 9, 14, -1,12, 10, 21, -1,10, 11, 22, -1,21, 10, 22, -1,
                  11, 17, 23, -1,22, 11, 23, -1,24, 13, 12, -1,25, 12, 21, -1,24, 12, 25, -1,26, 16, 
                  13, -1,26, 13, 24, -1,27, 19, 14, -1,28, 27, 14, -1,29, 28, 14, -1,30, 29, 14, -1,
                  15, 30, 14, -1,30, 15, 16, -1,31, 30, 16, -1,31, 16, 26, -1,23, 17, 32, -1,17, 33, 
                  32, -1,17, 18, 33, -1,18, 34, 33, -1,18, 20, 34, -1,19, 27, 20, -1,20, 35, 34, -1,
                  20, 27, 35, -1,25, 21, 36, -1,21, 22, 37, -1,36, 21, 37, -1,22, 23, 38, -1,37, 22, 
                  38, -1,23, 32, 39, -1,38, 23, 39, -1,40, 24, 25, -1,41, 26, 24, -1,41, 24, 40, -1,
                  42, 25, 36, -1,40, 25, 42, -1,43, 31, 26, -1,43, 26, 41, -1,27, 28, 35, -1,35, 28, 
                  44, -1,28, 29, 44, -1,29, 30, 31, -1,44, 29, 31, -1,44, 31, 43, -1,39, 32, 45, -1,
                  32, 46, 45, -1,32, 33, 46, -1,33, 47, 46, -1,33, 34, 47, -1,34, 48, 47, -1,34, 35, 
                  48, -1,35, 44, 48, -1,49, 42, 36, -1,49, 36, 37, -1,49, 37, 38, -1,49, 38, 39, -1,
                  49, 39, 45, -1,50, 41, 40, -1,51, 40, 42, -1,50, 40, 51, -1,52, 43, 41, -1,52, 41, 
                  50, -1,49, 51, 42, -1,48, 44, 43, -1,48, 43, 52, -1,49, 45, 53, -1,45, 46, 53, -1,
                  46, 47, 54, -1,46, 54, 53, -1,47, 48, 52, -1,47, 52, 54, -1,49, 55, 51, -1,49, 53, 
                  55, -1,55, 50, 51, -1,54, 52, 50, -1,54, 50, 55, -1,53, 54, 55, -1
                ]
                normalPerVertex TRUE
                normalIndex [
                  0, 1, 2, -1,3, 0, 2, -1,0, 4, 1, -1,5, 4, 0, -1,6, 5, 0, -1,6, 0, 3, -1,2, 1, 7, -1,
                  1, 8, 7, -1,4, 9, 1, -1,1, 9, 8, -1,3, 2, 10, -1,2, 7, 11, -1,10, 2, 11, -1,12, 3, 
                  10, -1,13, 6, 3, -1,13, 3, 12, -1,9, 4, 14, -1,4, 5, 14, -1,15, 5, 6, -1,5, 15, 14, -1,
                  16, 15, 6, -1,16, 6, 13, -1,11, 7, 17, -1,7, 18, 17, -1,7, 8, 18, -1,9, 19, 8, -1,
                  8, 20, 18, -1,8, 19, 20, -1,19, 9, 14, -1,12, 10, 21, -1,10, 11, 22, -1,21, 10, 22, -1,
                  11, 17, 23, -1,22, 11, 23, -1,24, 13, 12, -1,25, 12, 21, -1,24, 12, 25, -1,26, 16, 
                  13, -1,26, 13, 24, -1,27, 19, 14, -1,28, 27, 14, -1,29, 28, 14, -1,30, 29, 14, -1,
                  15, 30, 14, -1,30, 15, 16, -1,31, 30, 16, -1,31, 16, 26, -1,23, 17, 32, -1,17, 33, 
                  32, -1,17, 18, 33, -1,18, 34, 33, -1,18, 20, 34, -1,19, 27, 20, -1,20, 35, 34, -1,
                  20, 27, 35, -1,25, 21, 36, -1,21, 22, 37, -1,36, 21, 37, -1,22, 23, 38, -1,37, 22, 
                  38, -1,23, 32, 39, -1,38, 23, 39, -1,40, 24, 25, -1,41, 26, 24, -1,41, 24, 40, -1,
                  42, 25, 36, -1,40, 25, 42, -1,43, 31, 26, -1,43, 26, 41, -1,27, 28, 35, -1,35, 28, 
                  44, -1,28, 29, 44, -1,29, 30, 31, -1,44, 29, 31, -1,44, 31, 43, -1,39, 32, 45, -1,
                  32, 46, 45, -1,32, 33, 46, -1,33, 47, 46, -1,33, 34, 47, -1,34, 48, 47, -1,34, 35, 
                  48, -1,35, 44, 48, -1,49, 42, 36, -1,49, 36, 37, -1,49, 37, 38, -1,49, 38, 39, -1,
                  49, 39, 45, -1,50, 41, 40, -1,51, 40, 42, -1,50, 40, 51, -1,52, 43, 41, -1,52, 41, 
                  50, -1,49, 51, 42, -1,48, 44, 43, -1,48, 43, 52, -1,49, 45, 53, -1,45, 46, 53, -1,
                  46, 47, 54, -1,46, 54, 53, -1,47, 48, 52, -1,47, 52, 54, -1,49, 55, 51, -1,49, 53, 
                  55, -1,55, 50, 51, -1,54, 52, 50, -1,54, 50, 55, -1,53, 54, 55, -1
                ]
              }
            }
          ]
        }
      ]
    }
  ]
}
DEF object21 Transform {
  children [
    DEF object51 Transform {
      children [
        DEF object8 Transform {
          children [
            Shape {
              appearance Appearance {
                material Material {
                  diffuseColor 0.800000 0.800000 0.800000
                  emissiveColor 0.000000 0.000000 0.000000
                  specularColor 0.400000 0.400000 0.400000
                  ambientIntensity 0.200000
                  shininess 0.250000
                }
              }
              geometry IndexedFaceSet {
                coord Coordinate { point [
                  # points 34
                  0.003007 0.000471 -0.007115, 0.002 -0.002054 -0.006929, 0.002869 -0.003194 -0.009323, 0.003297 -0.00231 -0.009568, 
                  -0.003988 0.002213 -0.007834, 0.003648 -0.000546 -0.010134, -0.005764 0.002535 -0.011056, 0.002307 -0.004833 -0.009648, 
                  0.001063 -0.007144 -0.008105, -0.008883 -0.00109 -0.006264, 0.002549 -0.004326 -0.010817, 0.003131 -0.002449 -0.010663, 
                  -0.010397 -0.000854 -0.00963, -0.009193 0.000105 -0.012535, 0.004098 -0.001648 -0.013628, -0.0076 0.001595 -0.016504, 
                  -0.008843 0.000258 -0.014418, 0.002358 -0.005802 -0.011012, -0.011355 -0.00741 -0.006465, 0.001211 -0.0081 -0.010823, 
                  -0.011142 -0.002261 -0.009408, 0.002035 -0.005716 -0.011847, 0.002535 -0.004451 -0.011806, 0.00186 -0.005851 -0.012673, 
                  -0.010877 -0.002469 -0.012014, -0.001369 -0.006993 -0.015889, -0.008805 -0.00303 -0.017973, -0.01056 -0.003069 -0.015365, 
                  -0.012819 -0.008144 -0.011194, -0.012044 -0.004417 -0.009479, -5.3e-005 -0.008332 -0.013627, -0.012928 -0.005354 -0.011451, 
                  -0.011904 -0.004161 -0.01383, -0.01193 -0.007091 -0.014933]
                }
                creaseAngle 0.610865
                normal Normal { vector [
                  # normals 34
                  0.814935 0.330942 0.475771, 0.521878 -0.146017 0.84043, 0.885588 -0.347159 0.308567, 0.954789 -0.273635 0.1162, 
                  -0.273067 0.782424 0.559684, 0.873723 0.477245 -0.094049, -0.189538 0.981765 -0.014611, 0.922374 -0.286963 0.258608, 
                  0.607593 -0.465288 0.64369, -0.387391 0.344315 0.855205, 0.958082 -0.284483 -0.033875, 0.951545 -0.304587 0.042287, 
                  -0.732906 0.67321 0.098169, -0.700519 0.712514 0.039961, 0.862891 -0.020245 -0.504985, -0.306406 0.829111 -0.467644, 
                  -0.771031 0.630972 -0.08594, 0.954991 -0.295315 -0.027935, -0.617686 -0.340794 0.708748, 0.524624 -0.851236 0.012963, 
                  -0.883107 0.406598 0.234095, 0.89215 -0.363223 -0.268584, 0.917609 -0.358432 -0.171816, 0.885286 -0.323439 -0.33415, 
                  -0.843644 0.525287 -0.11108, 0.462523 -0.428277 -0.776306, -0.394115 0.117446 -0.911526, -0.826174 0.45773 -0.328511, 
                  -0.70055 -0.707151 0.095751, -0.926353 0.287649 0.243162, 0.447311 -0.826677 -0.341347, -0.962922 0.267569 -0.034457, 
                  -0.858101 0.375896 -0.349806, -0.64181 -0.467686 -0.607741]
                }
                coordIndex [
                  0, 1, 2, -1,3, 0, 2, -1,0, 4, 1, -1,5, 0, 3, -1,6, 4, 0, -1,5, 6, 0, -1,2, 1, 7, -1,
                  1, 8, 7, -1,1, 9, 8, -1,4, 9, 1, -1,2, 7, 10, -1,3, 2, 10, -1,11, 5, 3, -1,11, 3, 
                  10, -1,4, 12, 9, -1,13, 12, 4, -1,6, 13, 4, -1,14, 5, 11, -1,15, 6, 5, -1,14, 15, 
                  5, -1,16, 13, 6, -1,15, 16, 6, -1,7, 8, 17, -1,7, 17, 10, -1,9, 18, 8, -1,8, 19, 
                  17, -1,8, 18, 19, -1,9, 20, 18, -1,12, 20, 9, -1,17, 21, 10, -1,22, 11, 10, -1,23, 
                  22, 10, -1,21, 23, 10, -1,22, 14, 11, -1,24, 20, 12, -1,24, 12, 13, -1,24, 13, 16, -1,
                  25, 14, 22, -1,26, 15, 14, -1,25, 26, 14, -1,27, 16, 15, -1,26, 27, 15, -1,24, 16, 
                  27, -1,17, 19, 21, -1,18, 28, 19, -1,18, 29, 28, -1,20, 29, 18, -1,19, 30, 21, -1,
                  19, 28, 30, -1,24, 29, 20, -1,21, 30, 23, -1,23, 25, 22, -1,30, 25, 23, -1,24, 31, 
                  29, -1,24, 32, 31, -1,24, 27, 32, -1,30, 33, 25, -1,33, 26, 25, -1,32, 27, 26, -1,
                  33, 32, 26, -1,28, 33, 30, -1,29, 31, 28, -1,28, 31, 33, -1,31, 32, 33, -1
                ]
                normalPerVertex TRUE
                normalIndex [
                  0, 1, 2, -1,3, 0, 2, -1,0, 4, 1, -1,5, 0, 3, -1,6, 4, 0, -1,5, 6, 0, -1,2, 1, 7, -1,
                  1, 8, 7, -1,1, 9, 8, -1,4, 9, 1, -1,2, 7, 10, -1,3, 2, 10, -1,11, 5, 3, -1,11, 3, 
                  10, -1,4, 12, 9, -1,13, 12, 4, -1,6, 13, 4, -1,14, 5, 11, -1,15, 6, 5, -1,14, 15, 
                  5, -1,16, 13, 6, -1,15, 16, 6, -1,7, 8, 17, -1,7, 17, 10, -1,9, 18, 8, -1,8, 19, 
                  17, -1,8, 18, 19, -1,9, 20, 18, -1,12, 20, 9, -1,17, 21, 10, -1,22, 11, 10, -1,23, 
                  22, 10, -1,21, 23, 10, -1,22, 14, 11, -1,24, 20, 12, -1,24, 12, 13, -1,24, 13, 16, -1,
                  25, 14, 22, -1,26, 15, 14, -1,25, 26, 14, -1,27, 16, 15, -1,26, 27, 15, -1,24, 16, 
                  27, -1,17, 19, 21, -1,18, 28, 19, -1,18, 29, 28, -1,20, 29, 18, -1,19, 30, 21, -1,
                  19, 28, 30, -1,24, 29, 20, -1,21, 30, 23, -1,23, 25, 22, -1,30, 25, 23, -1,24, 31, 
                  29, -1,24, 32, 31, -1,24, 27, 32, -1,30, 33, 25, -1,33, 26, 25, -1,32, 27, 26, -1,
                  33, 32, 26, -1,28, 33, 30, -1,29, 31, 28, -1,28, 31, 33, -1,31, 32, 33, -1
                ]
              }
            }
          ]
        }
      ]
    }
  ]
}
DEF object31 Transform {
  children [
    DEF object7 Transform {
      children [
        DEF object111 Transform {
          children [
            Shape {
              appearance Appearance {
                material Material {
                  diffuseColor 0.800000 0.800000 0.800000
                  emissiveColor 0.000000 0.000000 0.000000
                  specularColor 0.400000 0.400000 0.400000
                  ambientIntensity 0.200000
                  shininess 0.250000
                }
              }
              geometry IndexedFaceSet {
                coord Coordinate { point [
                  # points 47
                  0.004714 -0.002639 -0.013221, 0.003194 -0.004816 -0.014902, 0.008651 -0.003654 -0.013486, 0.008519 -0.002234 -0.012494, 
                  0.001598 -0.005798 -0.013862, 0.005228 0.000989 -0.012478, 0.002565 0.000164 -0.009697, 0.007812 -0.004233 -0.013966, 
                  0.003378 -0.005259 -0.015955, -0.001586 -0.010303 -0.018955, 0.009526 -0.000886 -0.01309, 0.008777 0.00067 -0.011485, 
                  -0.008734 -0.003699 -0.019655, -0.004564 0.002543 -0.016396, 0.007573 0.004745 -0.01152, 0.007175 0.006446 -0.012876, 
                  0.001211 0.006414 -0.017896, 0.009424 -0.004055 -0.01438, -0.000443 -0.010596 -0.021722, 0.007036 -0.005017 -0.015536, 
                  -0.007378 -0.007607 -0.022133, 0.010129 0.003693 -0.011317, 0.011108 0.004234 -0.012773, 0.010921 0.000117 -0.013682, 
                  0.010394 -0.00251 -0.014217, -0.006303 -0.000753 -0.021163, -0.004049 0.001432 -0.019848, -0.001079 0.003642 -0.020304, 
                  0.010631 0.005947 -0.013874, 0.008431 0.006728 -0.016217, 0.002958 0.007761 -0.020606, -1.4e-005 0.005553 -0.02014, 
                  0.005947 -0.006116 -0.016316, -0.003445 -0.008625 -0.023809, 0.009455 -0.002457 -0.0173, -0.00605 -0.002591 -0.022948, 
                  0.010505 0.001622 -0.015874, -0.002407 0.001262 -0.021798, 0.009778 0.002816 -0.017275, 0.002356 0.006147 -0.023485, 
                  0.000284 0.003298 -0.022451, 0.009301 -0.00021 -0.022569, 0.001263 -0.003095 -0.023733, -0.004316 -0.001649 -0.023102, 
                  -0.001496 0.000393 -0.022467, 0.001367 0.002032 -0.023759, 0.005603 0.003526 -0.024965]
                }
                creaseAngle 0.610865
                normal Normal { vector [
                  # normals 47
                  0.272832 -0.52959 0.803179, 0.298793 -0.774541 0.557502, 0.316139 -0.651947 0.689218, 0.221933 -0.381047 0.897524, 
                  -0.004247 -0.637336 0.770574, 0.002384 -0.143363 0.989667, 0.098744 0.009279 0.99507, 0.264364 -0.86244 0.431636, 
                  0.215297 -0.857637 0.467018, 0.050278 -0.882167 0.468246, 0.699084 -0.327982 0.635382, 0.179538 -0.231876 0.956033, 
                  -0.940557 0.092249 0.326869, -0.788778 0.554499 0.265255, -0.026188 0.505273 0.862562, 0.040032 0.770068 0.636704, 
                  -0.562875 0.781711 0.268515, 0.381921 -0.775465 0.502783, -0.109733 -0.981016 0.159892, 0.33463 -0.896154 0.291429, 
                  -0.782748 -0.470625 -0.407207, 0.550916 0.147954 0.821341, 0.936894 0.034749 0.347882, 0.9588 -0.185569 0.215099, 
                  0.866847 -0.491218 0.08533, -0.71393 0.537057 -0.449303, -0.632447 0.71115 -0.307043, -0.735957 0.651285 -0.184921, 
                  0.762863 0.637971 0.105042, 0.575101 0.800502 -0.168687, -0.324078 0.930462 -0.170923, -0.749135 0.629894 -0.205013, 
                  0.614424 -0.645876 -0.45313, 0.050079 -0.247647 -0.967555, 0.858823 -0.463438 -0.218286, -0.500727 0.312119 -0.807375, 
                  0.968648 0.026566 -0.247013, -0.520263 0.551404 -0.652135, 0.797359 0.443456 -0.409348, -0.005681 0.664527 -0.747243, 
                  -0.638235 0.475724 -0.605262, 0.816441 -0.251649 -0.519709, 0.147637 -0.224111 -0.963316, -0.161778 0.32273 -0.932563, 
                  -0.227845 0.094733 -0.969078, -0.426438 0.063732 -0.902269, 0.205404 0.136835 -0.969064]
                }
                coordIndex [
                  0, 1, 2, -1,3, 0, 2, -1,0, 4, 1, -1,5, 0, 3, -1,6, 4, 0, -1,5, 6, 0, -1,2, 1, 7, -1,
                  1, 8, 7, -1,4, 9, 1, -1,1, 9, 8, -1,3, 2, 10, -1,2, 7, 10, -1,11, 5, 3, -1,11, 3, 
                  10, -1,4, 12, 9, -1,13, 12, 4, -1,6, 13, 4, -1,14, 5, 11, -1,15, 6, 5, -1,14, 15, 
                  5, -1,16, 13, 6, -1,15, 16, 6, -1,7, 8, 17, -1,7, 17, 10, -1,9, 18, 8, -1,8, 19, 
                  17, -1,8, 18, 19, -1,12, 20, 9, -1,9, 20, 18, -1,21, 11, 10, -1,22, 21, 10, -1,23, 
                  22, 10, -1,24, 23, 10, -1,17, 24, 10, -1,21, 14, 11, -1,12, 25, 20, -1,26, 25, 12, -1,
                  13, 26, 12, -1,27, 26, 13, -1,16, 27, 13, -1,28, 14, 21, -1,29, 15, 14, -1,28, 29, 
                  14, -1,30, 16, 15, -1,29, 30, 15, -1,31, 27, 16, -1,30, 31, 16, -1,17, 19, 24, -1,
                  18, 32, 19, -1,20, 33, 18, -1,18, 33, 32, -1,19, 34, 24, -1,19, 32, 34, -1,25, 35, 
                  20, -1,20, 35, 33, -1,22, 28, 21, -1,36, 28, 22, -1,23, 36, 22, -1,34, 36, 23, -1,
                  24, 34, 23, -1,37, 35, 25, -1,37, 25, 26, -1,37, 26, 27, -1,37, 27, 31, -1,38, 29, 
                  28, -1,36, 38, 28, -1,39, 30, 29, -1,38, 39, 29, -1,40, 31, 30, -1,39, 40, 30, -1,
                  37, 31, 40, -1,32, 41, 34, -1,33, 42, 32, -1,32, 42, 41, -1,35, 43, 33, -1,33, 43, 
                  42, -1,34, 41, 36, -1,37, 43, 35, -1,41, 38, 36, -1,37, 44, 43, -1,37, 45, 44, -1,
                  37, 40, 45, -1,46, 39, 38, -1,41, 46, 38, -1,45, 40, 39, -1,46, 45, 39, -1,42, 46, 
                  41, -1,43, 44, 42, -1,42, 44, 46, -1,44, 45, 46, -1
                ]
                normalPerVertex TRUE
                normalIndex [
                  0, 1, 2, -1,3, 0, 2, -1,0, 4, 1, -1,5, 0, 3, -1,6, 4, 0, -1,5, 6, 0, -1,2, 1, 7, -1,
                  1, 8, 7, -1,4, 9, 1, -1,1, 9, 8, -1,3, 2, 10, -1,2, 7, 10, -1,11, 5, 3, -1,11, 3, 
                  10, -1,4, 12, 9, -1,13, 12, 4, -1,6, 13, 4, -1,14, 5, 11, -1,15, 6, 5, -1,14, 15, 
                  5, -1,16, 13, 6, -1,15, 16, 6, -1,7, 8, 17, -1,7, 17, 10, -1,9, 18, 8, -1,8, 19, 
                  17, -1,8, 18, 19, -1,12, 20, 9, -1,9, 20, 18, -1,21, 11, 10, -1,22, 21, 10, -1,23, 
                  22, 10, -1,24, 23, 10, -1,17, 24, 10, -1,21, 14, 11, -1,12, 25, 20, -1,26, 25, 12, -1,
                  13, 26, 12, -1,27, 26, 13, -1,16, 27, 13, -1,28, 14, 21, -1,29, 15, 14, -1,28, 29, 
                  14, -1,30, 16, 15, -1,29, 30, 15, -1,31, 27, 16, -1,30, 31, 16, -1,17, 19, 24, -1,
                  18, 32, 19, -1,20, 33, 18, -1,18, 33, 32, -1,19, 34, 24, -1,19, 32, 34, -1,25, 35, 
                  20, -1,20, 35, 33, -1,22, 28, 21, -1,36, 28, 22, -1,23, 36, 22, -1,34, 36, 23, -1,
                  24, 34, 23, -1,37, 35, 25, -1,37, 25, 26, -1,37, 26, 27, -1,37, 27, 31, -1,38, 29, 
                  28, -1,36, 38, 28, -1,39, 30, 29, -1,38, 39, 29, -1,40, 31, 30, -1,39, 40, 30, -1,
                  37, 31, 40, -1,32, 41, 34, -1,33, 42, 32, -1,32, 42, 41, -1,35, 43, 33, -1,33, 43, 
                  42, -1,34, 41, 36, -1,37, 43, 35, -1,41, 38, 36, -1,37, 44, 43, -1,37, 45, 44, -1,
                  37, 40, 45, -1,46, 39, 38, -1,41, 46, 38, -1,45, 40, 39, -1,46, 45, 39, -1,42, 46, 
                  41, -1,43, 44, 42, -1,42, 44, 46, -1,44, 45, 46, -1
                ]
              }
            }
          ]
        }
      ]
    }
  ]
}
DEF object81 Transform {
  children [
    DEF object13 Transform {
      children [
        Shape {
          appearance Appearance {
            material Material {
              diffuseColor 0.800000 0.800000 0.800000
              emissiveColor 0.000000 0.000000 0.000000
              specularColor 0.400000 0.400000 0.400000
              ambientIntensity 0.200000
              shininess 0.250000
            }
          }
          geometry IndexedFaceSet {
            coord Coordinate { point [
              # points 201
              -0.001725 -0.080059 -0.027998, -0.004778 -0.079089 -0.029859, -0.000693 -0.075655 -0.027565, -0.000622 -0.081865 -0.028348, 
              -0.000808 -0.083629 -0.026219, -0.002724 -0.074218 -0.028574, -0.00296 -0.081249 -0.024878, -0.0047 -0.07881 -0.020119, 
              -0.004689 -0.072691 -0.029727, -0.005262 -0.075917 -0.024478, 0.00201 -0.079453 -0.027018, 0.006449 -0.07761 -0.027252, 
              -0.000738 -0.069438 -0.027147, 0.002966 -0.073438 -0.027022, 0.002905 -0.082682 -0.024907, 0.000715 -0.083104 -0.023226, 
              -0.001556 -0.083467 -0.023322, -0.002449 -0.081137 -0.020493, -0.001747 -0.078703 -0.017111, -0.006882 -0.073074 -0.018206, 
              -0.00379 -0.075805 -0.017612, -0.003368 -0.068056 -0.027492, -0.006089 -0.066659 -0.027224, -0.006301 -0.069777 -0.02321, 
              0.004593 -0.080736 -0.025161, 0.006739 -0.079148 -0.02451, 0.006717 -0.075257 -0.02507, 0.006848 -0.071049 -0.026121, 
              -0.001954 -0.063436 -0.025868, 0.001977 -0.067334 -0.025747, 0.002282 -0.083504 -0.023977, 0.001915 -0.083221 -0.019277, 
              0.001834 -0.082504 -0.017587, -0.001792 -0.083567 -0.021416, 0.000783 -0.080784 -0.017414, 0.004839 -0.078368 -0.013542, 
              -0.001832 -0.072637 -0.015009, 0.001417 -0.075405 -0.014681, -0.007545 -0.066688 -0.017684, -0.004945 -0.069674 -0.016431, 
              -0.004557 -0.061975 -0.025684, -0.006934 -0.060376 -0.025195, -0.007119 -0.063473 -0.021937, 0.006193 -0.078662 -0.01746, 
              0.006669 -0.07595 -0.020247, 0.006829 -0.073218 -0.022394, 0.005395 -0.069122 -0.023534, 0.00375 -0.065416 -0.023851, 
              -0.003251 -0.057428 -0.024448, -0.00018 -0.061434 -0.024167, 0.003695 -0.080689 -0.016967, 0.005588 -0.075429 -0.015173, 
              0.004405 -0.071911 -0.013061, -0.003521 -0.066299 -0.014821, -0.000175 -0.069739 -0.014754, -0.007908 -0.06017 -0.017641, 
              -0.006207 -0.063349 -0.016193, -0.005494 -0.055789 -0.024073, -0.007978 -0.054072 -0.023289, -0.007874 -0.057093 -0.020894, 
              0.006916 -0.072772 -0.016629, 0.005339 -0.069959 -0.019653, 0.004152 -0.066803 -0.02177, 0.002668 -0.063095 -0.022272, 
              0.000732 -0.059455 -0.022503, -0.003808 -0.051284 -0.023359, -0.00175 -0.055259 -0.02304, 0.003757 -0.06996 -0.015907, 
              0.000246 -0.06811 -0.016122, -0.005849 -0.060235 -0.014628, -0.002673 -0.064021 -0.015349, -0.008673 -0.053759 -0.017454, 
              -0.007517 -0.057048 -0.016228, -0.005959 -0.049529 -0.022656, -0.008304 -0.04762 -0.021797, -0.008549 -0.050703 -0.019869, 
              0.003459 -0.067045 -0.01782, 0.002445 -0.064051 -0.019387, 0.002037 -0.060708 -0.020965, 0.000692 -0.056895 -0.021099, 
              -0.000672 -0.052871 -0.021851, -0.003741 -0.04514 -0.022178, -0.00225 -0.048908 -0.021889, 0.000567 -0.064562 -0.01669, 
              -0.001568 -0.061442 -0.015825, -0.007638 -0.054027 -0.015187, -0.004475 -0.05763 -0.01507, -0.009242 -0.047359 -0.016936, 
              -0.008469 -0.05068 -0.016246, -0.005809 -0.043208 -0.021387, -0.007841 -0.041053 -0.020669, -0.008682 -0.044244 -0.018887, 
              0.00013 -0.061649 -0.016992, 0.000421 -0.058104 -0.018201, 0.000673 -0.054543 -0.019079, -0.000204 -0.05047 -0.019679, 
              -0.000776 -0.046337 -0.020167, -0.00335 -0.039021 -0.020906, -0.002035 -0.042555 -0.020539, -0.00136 -0.058356 -0.015806, 
              -0.002846 -0.054817 -0.014639, -0.008326 -0.04758 -0.015407, -0.005669 -0.051241 -0.014683, -0.009343 -0.040942 -0.016142, 
              -0.008797 -0.044238 -0.015821, -0.005364 -0.036855 -0.020311, -0.007206 -0.034511 -0.019634, -0.008362 -0.037762 -0.017933, 
              -0.001156 -0.055515 -0.015768, -0.000504 -0.051796 -0.016779, -4.1e-005 -0.048128 -0.017615, -0.000297 -0.043929 -0.018438, 
              -0.000272 -0.039722 -0.018907, -0.00306 -0.032833 -0.020031, -0.001659 -0.036141 -0.019716, -0.002339 -0.051968 -0.01464, 
              -0.003864 -0.048543 -0.013498, -0.00828 -0.041074 -0.0148, -0.006158 -0.044807 -0.014046, -0.009055 -0.034543 -0.01529, 
              -0.008649 -0.037806 -0.014992, -0.004932 -0.030466 -0.01951, -0.006629 -0.027936 -0.018731, -0.007901 -0.031281 -0.017056, 
              -0.001491 -0.048996 -0.014652, -0.000853 -0.045273 -0.015825, -0.000102 -0.041529 -0.017063, 5.9e-005 -0.037303 -0.017879, 
              4.9e-005 -0.032989 -0.01902, -0.002831 -0.026584 -0.019643, -0.00154 -0.02968 -0.019543, -0.002823 -0.045502 -0.013649, 
              -0.004158 -0.04203 -0.012479, -0.007918 -0.034665 -0.013737, -0.006012 -0.0383 -0.013115, -0.008713 -0.028136 -0.014569, 
              -0.008305 -0.031404 -0.014046, -0.004636 -0.024054 -0.018959, -0.006685 -0.021358 -0.017862, -0.007668 -0.024781 -0.016308, 
              -0.001778 -0.042438 -0.013969, -0.000742 -0.038746 -0.015203, 0.000561 -0.034975 -0.016524, 0.000399 -0.030694 -0.017596, 
              -0.000321 -0.026315 -0.019478, -0.002398 -0.020336 -0.019598, -0.001369 -0.023146 -0.019498, -0.002818 -0.038986 -0.012787, 
              -0.003692 -0.035433 -0.011441, -0.007532 -0.028274 -0.01259, -0.005466 -0.03183 -0.01198, -0.008642 -0.021696 -0.014071, 
              -0.008075 -0.025005 -0.01311, -0.004712 -0.017631 -0.01832, -0.007289 -0.01475 -0.016405, -0.007933 -0.018284 -0.015351, 
              -0.001645 -0.036043 -0.013256, -5.2e-005 -0.03234 -0.014224, 0.001305 -0.028497 -0.015364, 0.000841 -0.024059 -0.017086, 
              7.3e-005 -0.019349 -0.019273, -0.002478 -0.014081 -0.019418, -0.000301 -0.016905 -0.019357, -0.002121 -0.032568 -0.01165, 
              -0.002721 -0.02895 -0.010153, -0.007414 -0.021918 -0.011211, -0.005063 -0.025466 -0.01053, -0.009116 -0.015334 -0.013067, 
              -0.0083 -0.018673 -0.011901, -0.003815 -0.011055 -0.018426, -0.004183 -0.007043 -0.017873, -0.007254 -0.011592 -0.014861, 
              -0.000427 -0.029844 -0.011752, 0.000917 -0.02602 -0.012842, 0.002307 -0.022076 -0.014228, 0.00276 -0.01784 -0.016773, 
              0.003601 -0.013853 -0.019138, -0.001312 -0.008346 -0.020005, 0.001373 -0.011572 -0.019093, -0.001313 -0.026296 -0.010024, 
              -0.002586 -0.022724 -0.008164, -0.00803 -0.015742 -0.009257, -0.005371 -0.019179 -0.008809, -0.008428 -0.00924 -0.012103, 
              -0.008445 -0.01243 -0.011056, -0.002248 -0.008198 -0.013684, 0.000483 -0.023664 -0.010026, 0.002376 -0.01988 -0.01162, 
              0.005063 -0.016082 -0.014452, 0.005013 -0.012442 -0.016482, 0.005683 -0.010007 -0.017812, -0.000976 -0.020104 -0.00814, 
              -0.003455 -0.01633 -0.006603, -0.008209 -0.009406 -0.009802, -0.006056 -0.012588 -0.008194, 0.005703 -0.009825 -0.014523, 
              0.001988 -0.008205 -0.005941, -0.004468 -0.007585 -0.007344, 0.001655 -0.017694 -0.007769, 0.003582 -0.01373 -0.010977, 
              -0.002165 -0.013487 -0.00636]
            }
            creaseAngle 0.610865
            normal Normal { vector [
              # normals 201
              -0.250766 -0.035337 -0.967403, -0.580652 -0.280139 -0.764438, -0.014967 0.218473 -0.975728, -0.018858 -0.297439 -0.954555, 
              -0.340434 -0.800201 -0.493744, 0.254467 0.203586 -0.94541, -0.775717 -0.628973 0.051533, -0.700704 -0.588328 0.403589, 
              -0.71251 0.203073 -0.671633, -0.97403 -0.182178 0.13445, 0.058559 -0.045375 -0.997252, 0.368869 -0.116867 -0.922105, 
              0.04016 0.356105 -0.933583, -0.142436 0.284279 -0.948102, 0.188152 -0.58923 -0.785752, -0.055124 -0.951644 -0.302217, 
              -0.561841 -0.826793 0.027339, -0.682464 -0.592267 0.428326, -0.335513 -0.566098 0.75297, -0.758436 -0.359743 0.54347, 
              -0.352929 -0.504684 0.787867, -0.060465 0.48843 -0.870506, -0.807306 0.248145 -0.535427, -0.988704 -0.134704 0.065728, 
              0.570674 -0.573527 -0.587706, 0.859462 -0.334341 -0.386705, 0.948513 0.031668 -0.315151, 0.597401 0.431249 -0.676118, 
              0.016799 0.464448 -0.885441, 0.073042 0.535559 -0.841333, 0.267516 -0.820872 -0.504583, 0.385579 -0.922142 -0.03136, 
              0.042273 -0.927576 0.371236, -0.403886 -0.846447 0.346992, -0.270968 -0.634402 0.723955, 0.453589 -0.61193 0.647919, 
              -0.152891 -0.34821 0.924864, -0.122256 -0.368658 0.92149, -0.791919 -0.217868 0.570437, -0.308427 -0.307267 0.900255, 
              -0.211414 0.434696 -0.87541, -0.842809 0.202073 -0.498838, -0.990059 -0.090921 0.107315, 0.918177 -0.391465 -0.060877, 
              0.972334 -0.038691 -0.230368, 0.960063 0.219197 -0.17387, 0.917314 0.398163 -0.000471, 0.627243 0.583444 -0.515906, 
              0.017083 0.420469 -0.907146, 0.25866 0.509775 -0.820503, 0.67857 -0.734536 -0.000319, 0.972694 -0.109177 0.204811, 
              0.526696 0.167304 0.833427, 0.082308 -0.189486 0.978428, 0.278984 0.159707 0.946922, -0.866434 -0.197942 0.458378, 
              -0.485394 -0.308489 0.818063, -0.325018 0.378827 -0.866518, -0.873929 0.173544 -0.454016, -0.982535 -0.143655 0.118276, 
              0.971314 0.225283 0.076131, 0.874079 0.476497 -0.09453, 0.916523 0.395502 -0.059706, 0.835539 0.46531 -0.292167, 
              0.547732 0.467152 -0.694088, -0.050471 0.366271 -0.929138, 0.270623 0.353756 -0.895332, 0.623357 0.568004 0.537399, 
              0.573352 0.240582 0.783191, -0.076287 -0.251548 0.964834, 0.554095 -0.076435 0.828937, -0.904855 -0.182347 0.384692, 
              -0.705801 -0.277526 0.651786, -0.414422 0.352003 -0.839255, -0.856854 0.220304 -0.466119, -0.992811 -0.063782 0.101285, 
              0.833914 0.366716 0.41244, 0.92588 0.342131 0.160289, 0.937561 0.314201 -0.149188, 0.758468 0.366261 -0.539054, 
              0.573964 0.335403 -0.747041, -0.038128 0.353798 -0.934544, 0.323329 0.342931 -0.881962, 0.7004 0.008461 0.713701, 
              0.618238 -0.120825 0.776648, -0.3412 -0.247044 0.906947, 0.326073 -0.192371 0.925565, -0.908614 -0.123982 0.398809, 
              -0.741726 -0.211064 0.636627, -0.407562 0.34616 -0.845024, -0.809307 0.26218 -0.525627, -0.99793 0.062386 0.015613, 
              0.878617 0.074594 0.471665, 0.971283 0.030111 0.236016, 0.97674 0.15835 -0.144586, 0.844174 0.217798 -0.489832, 
              0.649389 0.235716 -0.723002, -0.048427 0.314532 -0.948011, 0.345813 0.280505 -0.895394, 0.748465 -0.160565 0.643444, 
              0.454739 -0.261424 0.851393, -0.44036 -0.23282 0.867109, -0.016714 -0.276972 0.960733, -0.91052 -0.066002 0.408162, 
              -0.65151 -0.194703 0.733229, -0.387704 0.312096 -0.867342, -0.792804 0.256652 -0.552804, -0.988096 0.132779 -0.077692, 
              0.87849 -0.111797 0.464496, 0.977006 -0.055971 0.205732, 0.988826 0.056649 -0.137891, 0.895502 0.072424 -0.439125, 
              0.657755 0.138222 -0.740441, -0.175402 0.256213 -0.950573, 0.18961 0.203505 -0.960538, 0.679337 -0.229446 0.697034, 
              0.282058 -0.30457 0.909769, -0.443361 -0.235496 0.864854, -0.217029 -0.285041 0.933622, -0.930049 -0.025179 0.366571, 
              -0.613901 -0.185697 0.767231, -0.448159 0.262666 -0.854494, -0.81366 0.208895 -0.542513, -0.979219 0.142766 -0.14404, 
              0.864455 -0.149431 0.479988, 0.97798 -0.054735 0.201394, 0.99315 -0.036513 -0.110994, 0.88953 0.014077 -0.45666, 
              0.535579 0.125641 -0.835086, -0.332038 0.207523 -0.920155, -0.063498 0.171173 -0.983193, 0.681337 -0.218096 0.698723, 
              0.267497 -0.30662 0.913471, -0.452278 -0.23641 0.859974, -0.258515 -0.272417 0.9268, -0.955426 -0.026323 0.294054, 
              -0.665142 -0.161551 0.729031, -0.560099 0.217773 -0.79929, -0.848985 0.166057 -0.501646, -0.977808 0.082979 -0.19237, 
              0.878279 -0.158543 0.451098, 0.962026 -0.143292 0.232323, 0.984377 -0.090448 -0.151066, 0.842383 0.084222 -0.532257, 
              0.380692 0.147501 -0.912862, -0.398499 0.190848 -0.897093, -0.16586 0.183541 -0.968919, 0.762895 -0.242762 0.599215, 
              0.309794 -0.342704 0.886895, -0.489339 -0.259293 0.832655, -0.233666 -0.280797 0.930889, -0.975343 -0.070826 0.209022, 
              -0.747418 -0.166453 0.643163, -0.681315 0.210253 -0.701144, -0.875504 0.189055 -0.444691, -0.974742 0.053651 -0.216792, 
              0.879843 -0.26264 0.396103, 0.957142 -0.2533 0.140425, 0.956223 -0.087848 -0.279143, 0.772597 0.056969 -0.632336, 
              0.294723 0.030075 -0.955109, -0.476712 0.170353 -0.862395, -0.180376 0.172487 -0.968356, 0.725351 -0.374792 0.577406, 
              0.255426 -0.411671 0.874806, -0.571343 -0.325781 0.753282, -0.273643 -0.372949 0.886582, -0.988253 0.009936 0.152503, 
              -0.82316 -0.248079 0.510749, -0.750868 0.161511 -0.6404, -0.712644 0.643383 -0.279637, -0.943255 0.254236 -0.213622, 
              0.865922 -0.343336 0.363729, 0.972503 -0.22761 0.049308, 0.899383 -0.219765 -0.377908, 0.603593 -0.294451 -0.740928, 
              0.311901 -0.012959 -0.950026, -0.230826 0.596901 -0.768393, -0.080501 0.203009 -0.975862, 0.651379 -0.408112 0.639648, 
              0.175845 -0.449531 0.875785, -0.619505 -0.245169 0.745725, -0.302075 -0.439646 0.84585, -0.834287 0.497717 0.237155, 
              -0.894153 -0.044605 0.445534, 0.077603 0.984752 0.155697, 0.842442 -0.387873 0.37396, 0.935453 -0.353093 0.015925, 
              0.928597 -0.230303 -0.290979, 0.85954 -0.158755 -0.485786, 0.546684 0.512142 -0.662455, 0.503103 -0.425329 0.752318, 
              0.025531 -0.319824 0.947133, -0.655468 0.341938 0.673379, -0.290218 -0.134149 0.947511, 0.938611 0.336293 -0.07692, 
              0.718046 0.341976 0.606187, -0.19313 0.328555 0.924528, 0.775673 -0.360822 0.517822, 0.979254 -0.127866 0.157198, 
              0.216959 -0.226216 0.949608]
            }
            coordIndex [
              0, 1, 2, -1,0, 2, 3, -1,0, 4, 1, -1,0, 3, 4, -1,5, 2, 1, -1,6, 7, 1, -1,5, 1, 8, -1,
              6, 1, 4, -1,9, 1, 7, -1,9, 8, 1, -1,10, 2, 11, -1,5, 12, 2, -1,10, 3, 2, -1,13, 2, 
              12, -1,13, 11, 2, -1,10, 14, 3, -1,15, 4, 3, -1,15, 3, 14, -1,6, 4, 16, -1,15, 16, 
              4, -1,5, 8, 12, -1,6, 16, 7, -1,17, 18, 7, -1,9, 7, 19, -1,17, 7, 16, -1,20, 7, 18, -1,
              20, 19, 7, -1,21, 12, 8, -1,9, 19, 8, -1,21, 8, 22, -1,23, 8, 19, -1,23, 22, 8, -1,
              10, 11, 14, -1,24, 11, 25, -1,24, 14, 11, -1,26, 11, 27, -1,26, 25, 11, -1,13, 27, 
              11, -1,13, 12, 27, -1,21, 28, 12, -1,29, 12, 28, -1,29, 27, 12, -1,24, 30, 14, -1,
              15, 14, 30, -1,15, 30, 31, -1,15, 31, 32, -1,15, 32, 33, -1,15, 33, 16, -1,17, 16, 
              33, -1,17, 33, 18, -1,34, 35, 18, -1,20, 18, 36, -1,34, 18, 33, -1,37, 18, 35, -1,
              37, 36, 18, -1,20, 36, 19, -1,23, 19, 38, -1,39, 19, 36, -1,39, 38, 19, -1,21, 22, 
              28, -1,40, 28, 22, -1,23, 38, 22, -1,40, 22, 41, -1,42, 22, 38, -1,42, 41, 22, -1,
              24, 25, 30, -1,31, 25, 43, -1,25, 31, 30, -1,44, 25, 45, -1,44, 43, 25, -1,26, 45, 
              25, -1,26, 27, 45, -1,46, 27, 47, -1,46, 45, 27, -1,29, 47, 27, -1,29, 28, 47, -1,
              40, 48, 28, -1,49, 28, 48, -1,49, 47, 28, -1,50, 31, 43, -1,50, 32, 31, -1,34, 32, 
              35, -1,34, 33, 32, -1,50, 35, 32, -1,50, 43, 35, -1,51, 35, 43, -1,37, 35, 52, -1,
              51, 52, 35, -1,37, 52, 36, -1,39, 36, 53, -1,54, 36, 52, -1,54, 53, 36, -1,39, 53, 
              38, -1,42, 38, 55, -1,56, 38, 53, -1,56, 55, 38, -1,40, 41, 48, -1,57, 48, 41, -1,
              42, 55, 41, -1,57, 41, 58, -1,59, 41, 55, -1,59, 58, 41, -1,51, 43, 60, -1,44, 60, 
              43, -1,44, 45, 60, -1,61, 45, 62, -1,61, 60, 45, -1,46, 62, 45, -1,46, 47, 62, -1,
              63, 47, 64, -1,63, 62, 47, -1,49, 64, 47, -1,49, 48, 64, -1,57, 65, 48, -1,66, 48, 
              65, -1,66, 64, 48, -1,51, 60, 52, -1,67, 52, 60, -1,54, 52, 68, -1,67, 68, 52, -1,
              54, 68, 53, -1,56, 53, 69, -1,70, 53, 68, -1,70, 69, 53, -1,56, 69, 55, -1,59, 55, 
              71, -1,72, 55, 69, -1,72, 71, 55, -1,57, 58, 65, -1,73, 65, 58, -1,59, 71, 58, -1,
              73, 58, 74, -1,75, 58, 71, -1,75, 74, 58, -1,67, 60, 76, -1,61, 76, 60, -1,61, 62, 
              76, -1,77, 62, 78, -1,77, 76, 62, -1,63, 78, 62, -1,63, 64, 78, -1,79, 64, 80, -1,
              79, 78, 64, -1,66, 80, 64, -1,66, 65, 80, -1,73, 81, 65, -1,82, 65, 81, -1,82, 80, 
              65, -1,67, 76, 68, -1,83, 68, 76, -1,70, 68, 84, -1,83, 84, 68, -1,70, 84, 69, -1,
              72, 69, 85, -1,86, 69, 84, -1,86, 85, 69, -1,72, 85, 71, -1,75, 71, 87, -1,88, 71, 
              85, -1,88, 87, 71, -1,73, 74, 81, -1,89, 81, 74, -1,75, 87, 74, -1,89, 74, 90, -1,
              91, 74, 87, -1,91, 90, 74, -1,83, 76, 92, -1,77, 92, 76, -1,77, 78, 92, -1,93, 78, 
              94, -1,93, 92, 78, -1,79, 94, 78, -1,79, 80, 94, -1,95, 80, 96, -1,95, 94, 80, -1,
              82, 96, 80, -1,82, 81, 96, -1,89, 97, 81, -1,98, 81, 97, -1,98, 96, 81, -1,83, 92, 
              84, -1,99, 84, 92, -1,86, 84, 100, -1,99, 100, 84, -1,86, 100, 85, -1,88, 85, 101, -1,
              102, 85, 100, -1,102, 101, 85, -1,88, 101, 87, -1,91, 87, 103, -1,104, 87, 101, -1,
              104, 103, 87, -1,89, 90, 97, -1,105, 97, 90, -1,91, 103, 90, -1,105, 90, 106, -1,
              107, 90, 103, -1,107, 106, 90, -1,99, 92, 108, -1,93, 108, 92, -1,93, 94, 108, -1,
              109, 94, 110, -1,109, 108, 94, -1,95, 110, 94, -1,95, 96, 110, -1,111, 96, 112, -1,
              111, 110, 96, -1,98, 112, 96, -1,98, 97, 112, -1,105, 113, 97, -1,114, 97, 113, -1,
              114, 112, 97, -1,99, 108, 100, -1,115, 100, 108, -1,102, 100, 116, -1,115, 116, 100, -1,
              102, 116, 101, -1,104, 101, 117, -1,118, 101, 116, -1,118, 117, 101, -1,104, 117, 
              103, -1,107, 103, 119, -1,120, 103, 117, -1,120, 119, 103, -1,105, 106, 113, -1,121, 
              113, 106, -1,107, 119, 106, -1,121, 106, 122, -1,123, 106, 119, -1,123, 122, 106, -1,
              115, 108, 124, -1,109, 124, 108, -1,109, 110, 124, -1,125, 110, 126, -1,125, 124, 
              110, -1,111, 126, 110, -1,111, 112, 126, -1,127, 112, 128, -1,127, 126, 112, -1,114, 
              128, 112, -1,114, 113, 128, -1,121, 129, 113, -1,130, 113, 129, -1,130, 128, 113, -1,
              115, 124, 116, -1,131, 116, 124, -1,118, 116, 132, -1,131, 132, 116, -1,118, 132, 
              117, -1,120, 117, 133, -1,134, 117, 132, -1,134, 133, 117, -1,120, 133, 119, -1,123, 
              119, 135, -1,136, 119, 133, -1,136, 135, 119, -1,121, 122, 129, -1,137, 129, 122, -1,
              123, 135, 122, -1,137, 122, 138, -1,139, 122, 135, -1,139, 138, 122, -1,131, 124, 
              140, -1,125, 140, 124, -1,125, 126, 140, -1,141, 126, 142, -1,141, 140, 126, -1,127, 
              142, 126, -1,127, 128, 142, -1,143, 128, 144, -1,143, 142, 128, -1,130, 144, 128, -1,
              130, 129, 144, -1,137, 145, 129, -1,146, 129, 145, -1,146, 144, 129, -1,131, 140, 
              132, -1,147, 132, 140, -1,134, 132, 148, -1,147, 148, 132, -1,134, 148, 133, -1,136, 
              133, 149, -1,150, 133, 148, -1,150, 149, 133, -1,136, 149, 135, -1,139, 135, 151, -1,
              152, 135, 149, -1,152, 151, 135, -1,137, 138, 145, -1,153, 145, 138, -1,139, 151, 
              138, -1,153, 138, 154, -1,155, 138, 151, -1,155, 154, 138, -1,147, 140, 156, -1,141, 
              156, 140, -1,141, 142, 156, -1,157, 142, 158, -1,157, 156, 142, -1,143, 158, 142, -1,
              143, 144, 158, -1,159, 144, 160, -1,159, 158, 144, -1,146, 160, 144, -1,146, 145, 
              160, -1,153, 161, 145, -1,162, 145, 161, -1,162, 160, 145, -1,147, 156, 148, -1,163, 
              148, 156, -1,150, 148, 164, -1,163, 164, 148, -1,150, 164, 149, -1,152, 149, 165, -1,
              166, 149, 164, -1,166, 165, 149, -1,152, 165, 151, -1,155, 151, 167, -1,168, 151, 
              165, -1,168, 167, 151, -1,153, 154, 161, -1,169, 161, 154, -1,155, 167, 154, -1,169, 
              154, 170, -1,171, 154, 167, -1,171, 170, 154, -1,163, 156, 172, -1,157, 172, 156, -1,
              157, 158, 172, -1,173, 158, 174, -1,173, 172, 158, -1,159, 174, 158, -1,159, 160, 
              174, -1,175, 160, 176, -1,175, 174, 160, -1,162, 176, 160, -1,162, 161, 176, -1,169, 
              177, 161, -1,178, 161, 177, -1,178, 176, 161, -1,163, 172, 164, -1,179, 164, 172, -1,
              166, 164, 180, -1,179, 180, 164, -1,166, 180, 165, -1,168, 165, 181, -1,182, 165, 
              180, -1,182, 181, 165, -1,168, 181, 167, -1,171, 167, 183, -1,184, 167, 181, -1,184, 
              183, 167, -1,169, 170, 177, -1,177, 170, 185, -1,171, 183, 170, -1,170, 183, 185, -1,
              179, 172, 186, -1,173, 186, 172, -1,173, 174, 186, -1,187, 174, 188, -1,187, 186, 
              174, -1,175, 188, 174, -1,175, 176, 188, -1,189, 176, 190, -1,189, 188, 176, -1,178, 
              190, 176, -1,178, 177, 190, -1,190, 177, 185, -1,179, 186, 180, -1,191, 180, 186, -1,
              182, 180, 192, -1,191, 192, 180, -1,182, 192, 181, -1,184, 181, 193, -1,194, 181, 
              192, -1,194, 193, 181, -1,183, 193, 185, -1,184, 193, 183, -1,195, 190, 185, -1,196, 
              195, 185, -1,197, 196, 185, -1,193, 197, 185, -1,191, 186, 198, -1,187, 198, 186, -1,
              187, 188, 198, -1,199, 188, 195, -1,199, 198, 188, -1,189, 195, 188, -1,189, 190, 
              195, -1,191, 198, 192, -1,200, 192, 198, -1,194, 192, 197, -1,200, 197, 192, -1,194, 
              197, 193, -1,199, 195, 196, -1,200, 198, 196, -1,199, 196, 198, -1,200, 196, 197, -1
            ]
            normalPerVertex TRUE
            normalIndex [
              0, 1, 2, -1,0, 2, 3, -1,0, 4, 1, -1,0, 3, 4, -1,5, 2, 1, -1,6, 7, 1, -1,5, 1, 8, -1,
              6, 1, 4, -1,9, 1, 7, -1,9, 8, 1, -1,10, 2, 11, -1,5, 12, 2, -1,10, 3, 2, -1,13, 2, 
              12, -1,13, 11, 2, -1,10, 14, 3, -1,15, 4, 3, -1,15, 3, 14, -1,6, 4, 16, -1,15, 16, 
              4, -1,5, 8, 12, -1,6, 16, 7, -1,17, 18, 7, -1,9, 7, 19, -1,17, 7, 16, -1,20, 7, 18, -1,
              20, 19, 7, -1,21, 12, 8, -1,9, 19, 8, -1,21, 8, 22, -1,23, 8, 19, -1,23, 22, 8, -1,
              10, 11, 14, -1,24, 11, 25, -1,24, 14, 11, -1,26, 11, 27, -1,26, 25, 11, -1,13, 27, 
              11, -1,13, 12, 27, -1,21, 28, 12, -1,29, 12, 28, -1,29, 27, 12, -1,24, 30, 14, -1,
              15, 14, 30, -1,15, 30, 31, -1,15, 31, 32, -1,15, 32, 33, -1,15, 33, 16, -1,17, 16, 
              33, -1,17, 33, 18, -1,34, 35, 18, -1,20, 18, 36, -1,34, 18, 33, -1,37, 18, 35, -1,
              37, 36, 18, -1,20, 36, 19, -1,23, 19, 38, -1,39, 19, 36, -1,39, 38, 19, -1,21, 22, 
              28, -1,40, 28, 22, -1,23, 38, 22, -1,40, 22, 41, -1,42, 22, 38, -1,42, 41, 22, -1,
              24, 25, 30, -1,31, 25, 43, -1,25, 31, 30, -1,44, 25, 45, -1,44, 43, 25, -1,26, 45, 
              25, -1,26, 27, 45, -1,46, 27, 47, -1,46, 45, 27, -1,29, 47, 27, -1,29, 28, 47, -1,
              40, 48, 28, -1,49, 28, 48, -1,49, 47, 28, -1,50, 31, 43, -1,50, 32, 31, -1,34, 32, 
              35, -1,34, 33, 32, -1,50, 35, 32, -1,50, 43, 35, -1,51, 35, 43, -1,37, 35, 52, -1,
              51, 52, 35, -1,37, 52, 36, -1,39, 36, 53, -1,54, 36, 52, -1,54, 53, 36, -1,39, 53, 
              38, -1,42, 38, 55, -1,56, 38, 53, -1,56, 55, 38, -1,40, 41, 48, -1,57, 48, 41, -1,
              42, 55, 41, -1,57, 41, 58, -1,59, 41, 55, -1,59, 58, 41, -1,51, 43, 60, -1,44, 60, 
              43, -1,44, 45, 60, -1,61, 45, 62, -1,61, 60, 45, -1,46, 62, 45, -1,46, 47, 62, -1,
              63, 47, 64, -1,63, 62, 47, -1,49, 64, 47, -1,49, 48, 64, -1,57, 65, 48, -1,66, 48, 
              65, -1,66, 64, 48, -1,51, 60, 52, -1,67, 52, 60, -1,54, 52, 68, -1,67, 68, 52, -1,
              54, 68, 53, -1,56, 53, 69, -1,70, 53, 68, -1,70, 69, 53, -1,56, 69, 55, -1,59, 55, 
              71, -1,72, 55, 69, -1,72, 71, 55, -1,57, 58, 65, -1,73, 65, 58, -1,59, 71, 58, -1,
              73, 58, 74, -1,75, 58, 71, -1,75, 74, 58, -1,67, 60, 76, -1,61, 76, 60, -1,61, 62, 
              76, -1,77, 62, 78, -1,77, 76, 62, -1,63, 78, 62, -1,63, 64, 78, -1,79, 64, 80, -1,
              79, 78, 64, -1,66, 80, 64, -1,66, 65, 80, -1,73, 81, 65, -1,82, 65, 81, -1,82, 80, 
              65, -1,67, 76, 68, -1,83, 68, 76, -1,70, 68, 84, -1,83, 84, 68, -1,70, 84, 69, -1,
              72, 69, 85, -1,86, 69, 84, -1,86, 85, 69, -1,72, 85, 71, -1,75, 71, 87, -1,88, 71, 
              85, -1,88, 87, 71, -1,73, 74, 81, -1,89, 81, 74, -1,75, 87, 74, -1,89, 74, 90, -1,
              91, 74, 87, -1,91, 90, 74, -1,83, 76, 92, -1,77, 92, 76, -1,77, 78, 92, -1,93, 78, 
              94, -1,93, 92, 78, -1,79, 94, 78, -1,79, 80, 94, -1,95, 80, 96, -1,95, 94, 80, -1,
              82, 96, 80, -1,82, 81, 96, -1,89, 97, 81, -1,98, 81, 97, -1,98, 96, 81, -1,83, 92, 
              84, -1,99, 84, 92, -1,86, 84, 100, -1,99, 100, 84, -1,86, 100, 85, -1,88, 85, 101, -1,
              102, 85, 100, -1,102, 101, 85, -1,88, 101, 87, -1,91, 87, 103, -1,104, 87, 101, -1,
              104, 103, 87, -1,89, 90, 97, -1,105, 97, 90, -1,91, 103, 90, -1,105, 90, 106, -1,
              107, 90, 103, -1,107, 106, 90, -1,99, 92, 108, -1,93, 108, 92, -1,93, 94, 108, -1,
              109, 94, 110, -1,109, 108, 94, -1,95, 110, 94, -1,95, 96, 110, -1,111, 96, 112, -1,
              111, 110, 96, -1,98, 112, 96, -1,98, 97, 112, -1,105, 113, 97, -1,114, 97, 113, -1,
              114, 112, 97, -1,99, 108, 100, -1,115, 100, 108, -1,102, 100, 116, -1,115, 116, 100, -1,
              102, 116, 101, -1,104, 101, 117, -1,118, 101, 116, -1,118, 117, 101, -1,104, 117, 
              103, -1,107, 103, 119, -1,120, 103, 117, -1,120, 119, 103, -1,105, 106, 113, -1,121, 
              113, 106, -1,107, 119, 106, -1,121, 106, 122, -1,123, 106, 119, -1,123, 122, 106, -1,
              115, 108, 124, -1,109, 124, 108, -1,109, 110, 124, -1,125, 110, 126, -1,125, 124, 
              110, -1,111, 126, 110, -1,111, 112, 126, -1,127, 112, 128, -1,127, 126, 112, -1,114, 
              128, 112, -1,114, 113, 128, -1,121, 129, 113, -1,130, 113, 129, -1,130, 128, 113, -1,
              115, 124, 116, -1,131, 116, 124, -1,118, 116, 132, -1,131, 132, 116, -1,118, 132, 
              117, -1,120, 117, 133, -1,134, 117, 132, -1,134, 133, 117, -1,120, 133, 119, -1,123, 
              119, 135, -1,136, 119, 133, -1,136, 135, 119, -1,121, 122, 129, -1,137, 129, 122, -1,
              123, 135, 122, -1,137, 122, 138, -1,139, 122, 135, -1,139, 138, 122, -1,131, 124, 
              140, -1,125, 140, 124, -1,125, 126, 140, -1,141, 126, 142, -1,141, 140, 126, -1,127, 
              142, 126, -1,127, 128, 142, -1,143, 128, 144, -1,143, 142, 128, -1,130, 144, 128, -1,
              130, 129, 144, -1,137, 145, 129, -1,146, 129, 145, -1,146, 144, 129, -1,131, 140, 
              132, -1,147, 132, 140, -1,134, 132, 148, -1,147, 148, 132, -1,134, 148, 133, -1,136, 
              133, 149, -1,150, 133, 148, -1,150, 149, 133, -1,136, 149, 135, -1,139, 135, 151, -1,
              152, 135, 149, -1,152, 151, 135, -1,137, 138, 145, -1,153, 145, 138, -1,139, 151, 
              138, -1,153, 138, 154, -1,155, 138, 151, -1,155, 154, 138, -1,147, 140, 156, -1,141, 
              156, 140, -1,141, 142, 156, -1,157, 142, 158, -1,157, 156, 142, -1,143, 158, 142, -1,
              143, 144, 158, -1,159, 144, 160, -1,159, 158, 144, -1,146, 160, 144, -1,146, 145, 
              160, -1,153, 161, 145, -1,162, 145, 161, -1,162, 160, 145, -1,147, 156, 148, -1,163, 
              148, 156, -1,150, 148, 164, -1,163, 164, 148, -1,150, 164, 149, -1,152, 149, 165, -1,
              166, 149, 164, -1,166, 165, 149, -1,152, 165, 151, -1,155, 151, 167, -1,168, 151, 
              165, -1,168, 167, 151, -1,153, 154, 161, -1,169, 161, 154, -1,155, 167, 154, -1,169, 
              154, 170, -1,171, 154, 167, -1,171, 170, 154, -1,163, 156, 172, -1,157, 172, 156, -1,
              157, 158, 172, -1,173, 158, 174, -1,173, 172, 158, -1,159, 174, 158, -1,159, 160, 
              174, -1,175, 160, 176, -1,175, 174, 160, -1,162, 176, 160, -1,162, 161, 176, -1,169, 
              177, 161, -1,178, 161, 177, -1,178, 176, 161, -1,163, 172, 164, -1,179, 164, 172, -1,
              166, 164, 180, -1,179, 180, 164, -1,166, 180, 165, -1,168, 165, 181, -1,182, 165, 
              180, -1,182, 181, 165, -1,168, 181, 167, -1,171, 167, 183, -1,184, 167, 181, -1,184, 
              183, 167, -1,169, 170, 177, -1,177, 170, 185, -1,171, 183, 170, -1,170, 183, 185, -1,
              179, 172, 186, -1,173, 186, 172, -1,173, 174, 186, -1,187, 174, 188, -1,187, 186, 
              174, -1,175, 188, 174, -1,175, 176, 188, -1,189, 176, 190, -1,189, 188, 176, -1,178, 
              190, 176, -1,178, 177, 190, -1,190, 177, 185, -1,179, 186, 180, -1,191, 180, 186, -1,
              182, 180, 192, -1,191, 192, 180, -1,182, 192, 181, -1,184, 181, 193, -1,194, 181, 
              192, -1,194, 193, 181, -1,183, 193, 185, -1,184, 193, 183, -1,195, 190, 185, -1,196, 
              195, 185, -1,197, 196, 185, -1,193, 197, 185, -1,191, 186, 198, -1,187, 198, 186, -1,
              187, 188, 198, -1,199, 188, 195, -1,199, 198, 188, -1,189, 195, 188, -1,189, 190, 
              195, -1,191, 198, 192, -1,200, 192, 198, -1,194, 192, 197, -1,200, 197, 192, -1,194, 
              197, 193, -1,199, 195, 196, -1,200, 198, 196, -1,199, 196, 198, -1,200, 196, 197, -1
            ]
          }
        }
      ]
    }
  ]
}
DEF object9 Transform {
  children [
    DEF object15 Transform {
      children [
        Shape {
          appearance Appearance {
            material Material {
              diffuseColor 0.800000 0.800000 0.800000
              emissiveColor 0.000000 0.000000 0.000000
              specularColor 0.400000 0.400000 0.400000
              ambientIntensity 0.200000
              shininess 0.250000
            }
          }
          geometry IndexedFaceSet {
            coord Coordinate { point [
              # points 106
              -0.008213 -0.085416 -0.006492, -0.012019 -0.081127 -0.010583, -0.007807 -0.077629 -0.008641, -0.007966 -0.083886 -0.008789, 
              -0.00895 -0.084933 -0.003628, -0.006666 -0.084647 -0.003565, -0.007622 -0.071404 -0.008856, -0.011694 -0.074755 -0.011101, 
              -0.011916 -0.079862 -0.000921, -0.000741 -0.079804 -0.008115, -9.9e-005 -0.073181 -0.007655, -0.004465 -0.084478 -0.005276, 
              -0.009186 -0.08483 -0.001724, -0.005117 -0.085176 -0.004268, -0.005465 -0.084405 0.000378, -0.005517 -0.083518 0.001987, 
              -0.008614 -0.065262 -0.008195, -0.002983 -0.067237 -0.005975, -0.01388 -0.073886 0.000395, -0.012867 -0.068453 -0.009226, 
              -0.008955 -0.079558 0.002067, -0.000502 -0.081065 -0.005231, -0.00019 -0.074959 -0.003726, -0.00263 -0.068419 -0.003763, 
              -0.00102 -0.079846 0.001732, -0.002357 -0.079106 0.005596, -0.009688 -0.059099 -0.007395, -0.005778 -0.061062 -0.005247, 
              -0.004518 -0.0622 -0.003586, -0.014309 -0.067461 0.000263, -0.008814 -0.073312 0.003541, -0.013477 -0.061969 -0.007848, 
              -7.9e-005 -0.073932 0.001962, -0.003326 -0.068233 0.00019, -0.006452 -0.062662 0.000458, -0.002551 -0.072623 0.005419, 
              -0.010016 -0.052859 -0.006936, -0.006937 -0.054399 -0.005268, -0.005651 -0.055829 -0.002339, -0.00751 -0.056393 0.001051, 
              -0.010269 -0.06693 0.003082, -0.014432 -0.060962 -0.000355, -0.014286 -0.05547 -0.006594, -0.006572 -0.069001 0.001979, 
              -0.00814 -0.062275 0.001595, -0.009172 -0.055522 0.002098, -0.009722 -0.046633 -0.006385, -0.006799 -0.047728 -0.004257, 
              -0.006125 -0.049278 -0.001533, -0.007603 -0.049786 0.001497, -0.009956 -0.049131 0.002594, -0.012372 -0.060796 0.002653, 
              -0.014959 -0.054541 -0.000821, -0.014371 -0.048893 -0.005765, -0.013931 -0.054616 0.001462, -0.014382 -0.048203 0.000588, 
              -0.009104 -0.040436 -0.005741, -0.006049 -0.041043 -0.003674, -0.005944 -0.042659 -0.001655, -0.007647 -0.043187 0.001512, 
              -0.010008 -0.042542 0.002947, -0.014096 -0.041675 0.000532, -0.01529 -0.048105 -0.000958, -0.013664 -0.042267 -0.005308, 
              -0.015155 -0.041641 -0.000819, -0.008585 -0.034205 -0.005498, -0.005481 -0.034372 -0.004469, -0.00504 -0.036113 -0.001783, 
              -0.007278 -0.036761 0.001573, -0.009298 -0.035896 0.003311, -0.013497 -0.03521 0.000938, -0.014631 -0.035204 -0.00062, 
              -0.012789 -0.03568 -0.00494, -0.008124 -0.027962 -0.005744, -0.005607 -0.027771 -0.005602, -0.004055 -0.029581 -0.001285, 
              -0.00583 -0.030491 0.002442, -0.008088 -0.029355 0.003936, -0.012874 -0.028752 0.001434, -0.014052 -0.028773 -0.000553, 
              -0.011969 -0.029073 -0.00471, -0.007462 -0.021763 -0.006334, -0.004957 -0.020839 -0.006104, -0.002816 -0.023119 -0.000804, 
              -0.00469 -0.024205 0.003533, -0.007721 -0.02297 0.005284, -0.012521 -0.0223 0.002161, -0.013743 -0.022324 -0.000709, 
              -0.011782 -0.022445 -0.004512, -0.007312 -0.015522 -0.00679, -0.000533 -0.01564 -0.006371, 0.000157 -0.017286 -0.00163, 
              -0.00319 -0.018109 0.004903, -0.008499 -0.013849 0.006597, -0.012904 -0.015938 0.003475, -0.013982 -0.015878 -0.000359, 
              -0.012844 -0.015771 -0.004434, -0.006494 -0.00981 -0.005987, 0.002686 -0.009966 -0.005048, 0.000996 -0.010845 -0.001736, 
              -0.003488 -0.0115 0.005605, -0.009693 -0.011515 0.006883, -0.011735 -0.008692 0.000796, -0.010924 -0.008222 -0.001872, 
              -0.013141 -0.0094 -0.004906, -0.007988 -0.009107 0.0001]
            }
            creaseAngle 0.610865
            normal Normal { vector [
              # normals 106
              -0.185025 -0.884212 -0.428877, -0.517796 -0.440717 -0.73325, -0.188636 0.03945 -0.981254, -0.082699 -0.660932 -0.745875, 
              -0.484394 -0.869 0.100997, -0.064248 -0.991639 -0.111915, 0.114719 0.172898 -0.978236, -0.746146 0.057043 -0.663334, 
              -0.816738 -0.409577 0.406431, 0.500895 -0.238805 -0.831911, 0.573134 0.309536 -0.758752, 0.155341 -0.813025 -0.561124, 
              -0.314371 -0.864457 0.392282, 0.139065 -0.948623 -0.284211, 0.371286 -0.916779 0.147186, -0.090973 -0.82032 0.564622, 
              0.076086 0.298236 -0.951455, 0.561807 0.441849 -0.699387, -0.777309 -0.256376 0.57451, -0.817298 0.135184 -0.560133, 
              -0.31658 -0.420755 0.850143, 0.838129 -0.464836 -0.285425, 0.955998 0.190584 -0.223038, 0.929862 0.364893 -0.047015, 
              0.92499 -0.373635 0.069207, 0.435005 -0.517755 0.736682, 0.041673 0.224908 -0.973488, 0.531638 0.317613 -0.785164, 
              0.95591 0.263219 -0.130199, -0.774979 -0.090748 0.625438, -0.19566 -0.160696 0.967416, -0.848965 0.100634 -0.518778, 
              0.960948 0.263151 0.085624, 0.865495 0.386834 0.318241, 0.896091 0.171432 0.409429, 0.717866 0.305351 0.625643, 
              -0.015462 0.189743 -0.981712, 0.592045 0.172658 -0.787192, 0.971446 0.123065 -0.20285, 0.872904 -0.024542 0.487274, 
              -0.035401 0.083155 0.995908, -0.843519 -0.122443 0.522957, -0.88089 0.080978 -0.466343, 0.657727 0.420131 0.625207, 
              0.582257 0.059554 0.81082, 0.421836 -0.089347 0.902259, -0.03493 0.160923 -0.986349, 0.661556 0.074174 -0.746218, 
              0.985355 0.031796 -0.167526, 0.864789 -0.061894 0.498306, 0.258345 -0.130358 0.957217, -0.083803 -0.05242 0.995103, 
              -0.905129 -0.098925 0.413467, -0.864238 0.122331 -0.487984, -0.290992 -0.061955 0.954717, -0.390827 -0.064976 0.918168, 
              -0.086401 0.11247 -0.989892, 0.668215 -0.018224 -0.743745, 0.992297 -0.070292 -0.10201, 0.892227 -0.075015 0.445313, 
              0.242085 -0.121958 0.96256, -0.43189 -0.063042 0.89972, -0.92442 -0.021153 0.380788, -0.819168 0.146623 -0.554495, 
              -0.921504 0.032124 0.387039, -0.211275 0.069049 -0.974985, 0.549737 -0.032981 -0.834686, 0.980076 -0.15099 -0.129047, 
              0.875217 -0.189258 0.445171, 0.311859 -0.150008 0.938212, -0.466364 -0.055382 0.882857, -0.929719 0.055192 0.36411, 
              -0.807342 0.139611 -0.57333, -0.321279 0.038955 -0.946183, 0.385233 -0.031203 -0.922292, 0.958677 -0.141583 -0.246765, 
              0.848814 -0.271644 0.453568, 0.260915 -0.243551 0.934134, -0.50222 -0.073262 0.861631, -0.950847 0.034494 0.307733, 
              -0.827543 0.101256 -0.552195, -0.367244 0.003576 -0.930118, 0.294254 -0.217914 -0.930553, 0.911708 -0.262844 -0.315757, 
              0.839124 -0.277345 0.467922, 0.202738 -0.280885 0.938084, -0.58268 -0.171743 0.794348, -0.960102 -0.046383 0.275776, 
              -0.84663 0.022245 -0.531717, -0.410948 0.133544 -0.901825, 0.419648 -0.227014 -0.87884, 0.930555 -0.301293 -0.20806, 
              0.798867 -0.229043 0.556193, 0.01233 -0.204618 0.978764, -0.71076 0.001714 0.703433, -0.913634 0.064776 0.401345, 
              -0.862803 0.012262 -0.505391, -0.30583 0.643846 -0.701377, 0.32902 0.7188 -0.612432, 0.945397 0.301294 0.124283, 
              0.748589 0.400785 0.528191, 0.201572 0.370066 0.906874, -0.602752 0.554424 0.57385, -0.61198 0.757337 0.227863, 
              -0.617131 0.694017 -0.370796, 0.222709 0.967318 0.121229]
            }
            coordIndex [
              0, 1, 2, -1,3, 0, 2, -1,0, 4, 1, -1,5, 4, 0, -1,5, 0, 3, -1,2, 1, 6, -1,1, 7, 6, -1,
              4, 8, 1, -1,1, 8, 7, -1,3, 2, 9, -1,2, 6, 10, -1,9, 2, 10, -1,11, 3, 9, -1,5, 3, 
              11, -1,4, 12, 8, -1,5, 12, 4, -1,5, 11, 13, -1,5, 13, 14, -1,5, 14, 15, -1,5, 15, 
              12, -1,6, 7, 16, -1,6, 16, 17, -1,10, 6, 17, -1,8, 18, 7, -1,7, 19, 16, -1,7, 18, 
              19, -1,12, 20, 8, -1,8, 20, 18, -1,11, 9, 21, -1,9, 10, 22, -1,21, 9, 22, -1,10, 
              17, 23, -1,22, 10, 23, -1,13, 11, 21, -1,12, 15, 20, -1,21, 14, 13, -1,14, 21, 24, -1,
              14, 24, 25, -1,15, 14, 25, -1,15, 25, 20, -1,16, 19, 26, -1,16, 26, 27, -1,17, 16, 
              27, -1,17, 27, 28, -1,23, 17, 28, -1,18, 29, 19, -1,20, 30, 18, -1,18, 30, 29, -1,
              19, 31, 26, -1,19, 29, 31, -1,20, 25, 30, -1,21, 22, 32, -1,24, 21, 32, -1,22, 23, 
              33, -1,32, 22, 33, -1,23, 28, 34, -1,33, 23, 34, -1,24, 32, 35, -1,25, 24, 35, -1,
              25, 35, 30, -1,26, 31, 36, -1,26, 36, 37, -1,27, 26, 37, -1,27, 37, 38, -1,28, 27, 
              38, -1,28, 38, 39, -1,34, 28, 39, -1,30, 40, 29, -1,29, 41, 31, -1,29, 40, 41, -1,
              30, 35, 40, -1,31, 42, 36, -1,31, 41, 42, -1,32, 33, 43, -1,35, 32, 43, -1,33, 34, 
              44, -1,43, 33, 44, -1,34, 39, 45, -1,44, 34, 45, -1,35, 43, 40, -1,36, 42, 46, -1,
              36, 46, 47, -1,37, 36, 47, -1,37, 47, 48, -1,38, 37, 48, -1,38, 48, 49, -1,39, 38, 
              49, -1,39, 49, 50, -1,45, 39, 50, -1,40, 43, 51, -1,40, 51, 41, -1,41, 52, 42, -1,
              41, 51, 52, -1,42, 53, 46, -1,42, 52, 53, -1,43, 44, 51, -1,44, 45, 54, -1,51, 44, 
              54, -1,45, 50, 55, -1,54, 45, 55, -1,46, 53, 56, -1,46, 56, 57, -1,47, 46, 57, -1,
              47, 57, 58, -1,48, 47, 58, -1,48, 58, 59, -1,49, 48, 59, -1,49, 59, 60, -1,50, 49, 
              60, -1,50, 60, 61, -1,55, 50, 61, -1,51, 54, 52, -1,52, 54, 62, -1,52, 62, 53, -1,
              53, 63, 56, -1,53, 62, 63, -1,54, 55, 62, -1,55, 61, 64, -1,62, 55, 64, -1,56, 63, 
              65, -1,56, 65, 66, -1,57, 56, 66, -1,57, 66, 67, -1,58, 57, 67, -1,58, 67, 68, -1,
              59, 58, 68, -1,59, 68, 69, -1,60, 59, 69, -1,60, 69, 70, -1,61, 60, 70, -1,61, 70, 
              71, -1,64, 61, 71, -1,62, 64, 63, -1,63, 64, 72, -1,63, 72, 65, -1,64, 71, 72, -1,
              65, 72, 73, -1,65, 73, 74, -1,66, 65, 74, -1,66, 74, 75, -1,67, 66, 75, -1,67, 75, 
              76, -1,68, 67, 76, -1,68, 76, 77, -1,69, 68, 77, -1,69, 77, 78, -1,70, 69, 78, -1,
              70, 78, 79, -1,71, 70, 79, -1,71, 79, 80, -1,72, 71, 80, -1,72, 80, 73, -1,73, 80, 
              81, -1,73, 81, 82, -1,74, 73, 82, -1,74, 82, 83, -1,75, 74, 83, -1,75, 83, 84, -1,
              76, 75, 84, -1,76, 84, 85, -1,77, 76, 85, -1,77, 85, 86, -1,78, 77, 86, -1,78, 86, 
              87, -1,79, 78, 87, -1,79, 87, 88, -1,80, 79, 88, -1,80, 88, 81, -1,81, 88, 89, -1,
              81, 89, 90, -1,82, 81, 90, -1,82, 90, 91, -1,83, 82, 91, -1,83, 91, 92, -1,84, 83, 
              92, -1,84, 92, 93, -1,85, 84, 93, -1,85, 93, 94, -1,86, 85, 94, -1,86, 94, 95, -1,
              87, 86, 95, -1,87, 95, 96, -1,88, 87, 96, -1,88, 96, 89, -1,89, 96, 97, -1,89, 97, 
              98, -1,90, 89, 98, -1,90, 98, 99, -1,91, 90, 99, -1,91, 99, 100, -1,92, 91, 100, -1,
              92, 100, 101, -1,93, 92, 101, -1,93, 101, 102, -1,94, 93, 102, -1,94, 102, 103, -1,
              95, 94, 103, -1,95, 103, 104, -1,96, 95, 104, -1,96, 104, 97, -1,97, 104, 105, -1,
              98, 97, 105, -1,99, 98, 105, -1,100, 99, 105, -1,101, 100, 105, -1,102, 101, 105, -1,
              103, 102, 105, -1,104, 103, 105, -1
            ]
            normalPerVertex TRUE
            normalIndex [
              0, 1, 2, -1,3, 0, 2, -1,0, 4, 1, -1,5, 4, 0, -1,5, 0, 3, -1,2, 1, 6, -1,1, 7, 6, -1,
              4, 8, 1, -1,1, 8, 7, -1,3, 2, 9, -1,2, 6, 10, -1,9, 2, 10, -1,11, 3, 9, -1,5, 3, 
              11, -1,4, 12, 8, -1,5, 12, 4, -1,5, 11, 13, -1,5, 13, 14, -1,5, 14, 15, -1,5, 15, 
              12, -1,6, 7, 16, -1,6, 16, 17, -1,10, 6, 17, -1,8, 18, 7, -1,7, 19, 16, -1,7, 18, 
              19, -1,12, 20, 8, -1,8, 20, 18, -1,11, 9, 21, -1,9, 10, 22, -1,21, 9, 22, -1,10, 
              17, 23, -1,22, 10, 23, -1,13, 11, 21, -1,12, 15, 20, -1,21, 14, 13, -1,14, 21, 24, -1,
              14, 24, 25, -1,15, 14, 25, -1,15, 25, 20, -1,16, 19, 26, -1,16, 26, 27, -1,17, 16, 
              27, -1,17, 27, 28, -1,23, 17, 28, -1,18, 29, 19, -1,20, 30, 18, -1,18, 30, 29, -1,
              19, 31, 26, -1,19, 29, 31, -1,20, 25, 30, -1,21, 22, 32, -1,24, 21, 32, -1,22, 23, 
              33, -1,32, 22, 33, -1,23, 28, 34, -1,33, 23, 34, -1,24, 32, 35, -1,25, 24, 35, -1,
              25, 35, 30, -1,26, 31, 36, -1,26, 36, 37, -1,27, 26, 37, -1,27, 37, 38, -1,28, 27, 
              38, -1,28, 38, 39, -1,34, 28, 39, -1,30, 40, 29, -1,29, 41, 31, -1,29, 40, 41, -1,
              30, 35, 40, -1,31, 42, 36, -1,31, 41, 42, -1,32, 33, 43, -1,35, 32, 43, -1,33, 34, 
              44, -1,43, 33, 44, -1,34, 39, 45, -1,44, 34, 45, -1,35, 43, 40, -1,36, 42, 46, -1,
              36, 46, 47, -1,37, 36, 47, -1,37, 47, 48, -1,38, 37, 48, -1,38, 48, 49, -1,39, 38, 
              49, -1,39, 49, 50, -1,45, 39, 50, -1,40, 43, 51, -1,40, 51, 41, -1,41, 52, 42, -1,
              41, 51, 52, -1,42, 53, 46, -1,42, 52, 53, -1,43, 44, 51, -1,44, 45, 54, -1,51, 44, 
              54, -1,45, 50, 55, -1,54, 45, 55, -1,46, 53, 56, -1,46, 56, 57, -1,47, 46, 57, -1,
              47, 57, 58, -1,48, 47, 58, -1,48, 58, 59, -1,49, 48, 59, -1,49, 59, 60, -1,50, 49, 
              60, -1,50, 60, 61, -1,55, 50, 61, -1,51, 54, 52, -1,52, 54, 62, -1,52, 62, 53, -1,
              53, 63, 56, -1,53, 62, 63, -1,54, 55, 62, -1,55, 61, 64, -1,62, 55, 64, -1,56, 63, 
              65, -1,56, 65, 66, -1,57, 56, 66, -1,57, 66, 67, -1,58, 57, 67, -1,58, 67, 68, -1,
              59, 58, 68, -1,59, 68, 69, -1,60, 59, 69, -1,60, 69, 70, -1,61, 60, 70, -1,61, 70, 
              71, -1,64, 61, 71, -1,62, 64, 63, -1,63, 64, 72, -1,63, 72, 65, -1,64, 71, 72, -1,
              65, 72, 73, -1,65, 73, 74, -1,66, 65, 74, -1,66, 74, 75, -1,67, 66, 75, -1,67, 75, 
              76, -1,68, 67, 76, -1,68, 76, 77, -1,69, 68, 77, -1,69, 77, 78, -1,70, 69, 78, -1,
              70, 78, 79, -1,71, 70, 79, -1,71, 79, 80, -1,72, 71, 80, -1,72, 80, 73, -1,73, 80, 
              81, -1,73, 81, 82, -1,74, 73, 82, -1,74, 82, 83, -1,75, 74, 83, -1,75, 83, 84, -1,
              76, 75, 84, -1,76, 84, 85, -1,77, 76, 85, -1,77, 85, 86, -1,78, 77, 86, -1,78, 86, 
              87, -1,79, 78, 87, -1,79, 87, 88, -1,80, 79, 88, -1,80, 88, 81, -1,81, 88, 89, -1,
              81, 89, 90, -1,82, 81, 90, -1,82, 90, 91, -1,83, 82, 91, -1,83, 91, 92, -1,84, 83, 
              92, -1,84, 92, 93, -1,85, 84, 93, -1,85, 93, 94, -1,86, 85, 94, -1,86, 94, 95, -1,
              87, 86, 95, -1,87, 95, 96, -1,88, 87, 96, -1,88, 96, 89, -1,89, 96, 97, -1,89, 97, 
              98, -1,90, 89, 98, -1,90, 98, 99, -1,91, 90, 99, -1,91, 99, 100, -1,92, 91, 100, -1,
              92, 100, 101, -1,93, 92, 101, -1,93, 101, 102, -1,94, 93, 102, -1,94, 102, 103, -1,
              95, 94, 103, -1,95, 103, 104, -1,96, 95, 104, -1,96, 104, 97, -1,97, 104, 105, -1,
              98, 97, 105, -1,99, 98, 105, -1,100, 99, 105, -1,101, 100, 105, -1,102, 101, 105, -1,
              103, 102, 105, -1,104, 103, 105, -1
            ]
          }
        }
      ]
    }
  ]
}
DEF object10 Transform {
  children [
    DEF object17 Transform {
      children [
        Shape {
          appearance Appearance {
            material Material {
              diffuseColor 0.800000 0.800000 0.800000
              emissiveColor 0.000000 0.000000 0.000000
              specularColor 0.400000 0.400000 0.400000
              ambientIntensity 0.200000
              shininess 0.250000
            }
          }
          geometry IndexedFaceSet {
            coord Coordinate { point [
              # points 106
              -0.012641 -0.068971 0.031764, -0.015557 -0.066549 0.027524, -0.011899 -0.063703 0.028244, -0.01238 -0.06841 0.029609, 
              -0.013185 -0.067856 0.03388, -0.011303 -0.067763 0.033879, -0.011402 -0.059111 0.026602, -0.014941 -0.061931 0.025613, 
              -0.015296 -0.063216 0.03477, -0.006239 -0.065621 0.029222, -0.00534 -0.060591 0.028017, -0.009513 -0.068191 0.03252, 
              -0.013352 -0.067294 0.03534, -0.010073 -0.068425 0.033467, -0.010264 -0.066677 0.036909, -0.010239 -0.065611 0.037955, 
              -0.011862 -0.054294 0.025656, -0.007347 -0.055556 0.027899, -0.016554 -0.058302 0.034367, -0.015528 -0.056683 0.025575, 
              -0.012828 -0.062425 0.037055, -0.006084 -0.065863 0.031776, -0.005472 -0.060941 0.031507, -0.0071 -0.055915 0.02991, 
              -0.006363 -0.063196 0.03692, -0.007372 -0.061605 0.039753, -0.012388 -0.049422 0.024813, -0.009279 -0.050591 0.026985, 
              -0.008294 -0.051106 0.028562, -0.016547 -0.053502 0.03274, -0.012347 -0.057396 0.036727, -0.015649 -0.051455 0.025111, 
              -0.005261 -0.058772 0.035706, -0.007616 -0.054753 0.032947, -0.009856 -0.050335 0.031813, -0.007169 -0.056788 0.038077, 
              -0.012303 -0.044622 0.02369, -0.009854 -0.045543 0.025381, -0.008851 -0.045964 0.028017, -0.010364 -0.045435 0.030783, 
              -0.013185 -0.052649 0.034845, -0.016291 -0.048788 0.030716, -0.015935 -0.046235 0.024545, -0.010291 -0.054691 0.034502, 
              -0.011201 -0.049662 0.032597, -0.011662 -0.044425 0.031383, -0.011708 -0.039846 0.022649, -0.009358 -0.040312 0.024592, 
              -0.008864 -0.040836 0.02709, -0.010066 -0.040376 0.029568, -0.01194 -0.039474 0.03025, -0.014566 -0.048042 0.033041, 
              -0.016369 -0.04407 0.028826, -0.015626 -0.041104 0.023634, -0.015507 -0.043621 0.030636, -0.015528 -0.039014 0.028432, 
              -0.01085 -0.035087 0.021689, -0.008365 -0.035211 0.023469, -0.008348 -0.035926 0.025429, -0.009734 -0.035434 0.028015, 
              -0.011612 -0.034456 0.028965, -0.014929 -0.034162 0.026843, -0.016281 -0.039269 0.027194, -0.014675 -0.036076 0.022426, 
              -0.015808 -0.034408 0.025773, -0.010075 -0.030398 0.020407, -0.007537 -0.030452 0.021271, -0.007245 -0.031116 0.023784, 
              -0.009072 -0.030635 0.026544, -0.010656 -0.029436 0.027681, -0.014074 -0.02926 0.025634, -0.01502 -0.029575 0.024407, 
              -0.013587 -0.031112 0.021159, -0.009353 -0.025816 0.018737, -0.007283 -0.025788 0.018822, -0.006069 -0.026164 0.022635, 
              -0.007768 -0.025798 0.025477, -0.009268 -0.024525 0.026274, -0.013199 -0.024346 0.024495, -0.014186 -0.024783 0.02294, 
              -0.012545 -0.026161 0.019782, -0.008471 -0.021364 0.016814, -0.006677 -0.020426 0.017226, -0.004691 -0.021285 0.021488, 
              -0.006713 -0.020835 0.024468, -0.008726 -0.019425 0.024975, -0.012543 -0.019359 0.023536, -0.013574 -0.020016 0.021292, 
              -0.012021 -0.021165 0.018366, -0.007944 -0.016643 0.015391, -0.003142 -0.017291 0.017094, -0.002633 -0.01695 0.019241, 
              -0.004922 -0.016045 0.023028, -0.008373 -0.01437 0.024315, -0.011911 -0.014384 0.022643, -0.012688 -0.015154 0.020048, 
              -0.012515 -0.016089 0.016839, -0.006298 -0.013419 0.014489, -0.002063 -0.014002 0.016591, -0.000895 -0.0129 0.017474, 
              -0.004447 -0.01198 0.023127, -0.00719 -0.010815 0.023429, -0.011519 -0.010122 0.021794, -0.012314 -0.010478 0.01886, 
              -0.011366 -0.012387 0.014342, -0.007024 -0.012303 0.018715]
            }
            creaseAngle 0.610865
            normal Normal { vector [
              # normals 106
              -0.174842 -0.976326 -0.127353, -0.504328 -0.661667 -0.554842, -0.189104 -0.269488 -0.944254, -0.080323 -0.866266 -0.493084, 
              -0.468614 -0.804927 0.363997, -0.05507 -0.978036 0.201032, 0.113222 -0.133945 -0.9845, -0.746687 -0.157765 -0.646196, 
              -0.808392 -0.283551 0.51585, 0.501806 -0.487383 -0.714597, 0.567941 0.073284 -0.8198, 0.157263 -0.950732 -0.267165, 
              -0.303972 -0.710343 0.634833, 0.14177 -0.989474 0.02902, 0.367562 -0.830332 0.418863, -0.085097 -0.617055 0.782305, 
              0.073288 -0.001395 -0.99731, 0.553667 0.222399 -0.802491, -0.773522 -0.081 0.628572, -0.818746 -0.048575 -0.572097, 
              -0.310904 -0.152742 0.938088, 0.83637 -0.533814 -0.124611, 0.953053 0.126653 -0.275045, 0.921301 0.353048 -0.162978, 
              0.924578 -0.33522 0.18106, 0.433667 -0.272045 0.859025, 0.039643 -0.08117 -0.995912, 0.526886 0.073414 -0.84676, 
              0.950923 0.227913 -0.209288, -0.773951 0.098847 0.625483, -0.194047 0.141679 0.970707, -0.850042 -0.070117 -0.522027, 
              0.95659 0.291396 -0.004851, 0.855628 0.486903 0.175574, 0.892797 0.304999 0.331495, 0.710607 0.496443 0.49858, 
              -0.017187 -0.119112 -0.992732, 0.590146 -0.069847 -0.804269, 0.969773 0.067134 -0.23459, 0.873085 0.135833 0.468264, 
              -0.03932 0.388911 0.920436, -0.842083 0.034766 0.538226, -0.881732 -0.073399 -0.466006, 0.647484 0.608939 0.458212, 
              0.581398 0.317629 0.749058, 0.422971 0.197432 0.884373, -0.036422 -0.149205 -0.988135, 0.660989 -0.153962 -0.734432, 
              0.984969 -0.012013 -0.172311, 0.865354 0.102308 0.490607, 0.259468 0.172463 0.950228, -0.083507 0.258589 0.962371, 
              -0.903953 0.023253 0.426998, -0.865149 -0.039171 -0.499982, -0.290809 0.234429 0.927617, -0.390171 0.219273 0.894252, 
              -0.087438 -0.198955 -0.9761, 0.668202 -0.244686 -0.702591, 0.992697 -0.09275 -0.07714, 0.892843 0.072878 0.444432, 
              0.24299 0.182403 0.952725, -0.431048 0.215062 0.876325, -0.924159 0.089766 0.371312, -0.820068 -0.035541 -0.571162, 
              -0.921504 0.144692 0.360409, -0.211905 -0.238528 -0.947734, 0.549788 -0.288847 -0.783773, 0.984297 -0.165882 -0.060357, 
              0.883713 -0.011589 0.467885, 0.329598 0.165633 0.929479, -0.465597 0.21714 0.857945, -0.929856 0.160301 0.331167, 
              -0.808208 -0.048141 -0.586927, -0.274802 -0.251736 -0.927962, 0.37322 -0.281638 -0.883961, 0.974569 -0.184839 -0.126687, 
              0.846538 -0.034292 0.531223, 0.356047 0.127992 0.925661, -0.478814 0.202431 0.854259, -0.950955 0.12199 0.284258, 
              -0.82833 -0.079686 -0.554545, -0.22803 -0.289505 -0.929618, 0.394772 -0.448143 -0.802074, 0.945358 -0.269598 -0.183343, 
              0.801364 -0.044428 0.596525, 0.270218 0.097222 0.957878, -0.506798 0.165511 0.846027, -0.948653 0.086307 0.304316, 
              -0.840286 -0.136675 -0.524633, -0.265231 -0.200872 -0.943029, 0.437929 -0.416758 -0.796574, 0.916341 -0.391048 -0.08603, 
              0.788503 -0.084815 0.609155, 0.24876 0.098042 0.96359, -0.561887 0.115801 0.819069, -0.933131 0.134972 0.333241, 
              -0.874294 -0.117171 -0.471042, -0.127328 0.347248 -0.929089, 0.17702 0.256462 -0.950206, 0.761315 0.328335 -0.559103, 
              0.796387 0.475251 0.374037, 0.416913 0.621749 0.663032, -0.208915 0.747391 0.630683, -0.723921 0.667731 0.173417, 
              -0.691821 0.600638 -0.400771, 0.126955 0.956066 -0.264235]
            }
            coordIndex [
              0, 1, 2, -1,3, 0, 2, -1,0, 4, 1, -1,5, 4, 0, -1,5, 0, 3, -1,2, 1, 6, -1,1, 7, 6, -1,
              4, 8, 1, -1,1, 8, 7, -1,3, 2, 9, -1,2, 6, 10, -1,9, 2, 10, -1,11, 3, 9, -1,5, 3, 
              11, -1,4, 12, 8, -1,5, 12, 4, -1,5, 11, 13, -1,5, 13, 14, -1,5, 14, 15, -1,5, 15, 
              12, -1,6, 7, 16, -1,6, 16, 17, -1,10, 6, 17, -1,8, 18, 7, -1,7, 19, 16, -1,7, 18, 
              19, -1,12, 20, 8, -1,8, 20, 18, -1,11, 9, 21, -1,9, 10, 22, -1,21, 9, 22, -1,10, 
              17, 23, -1,22, 10, 23, -1,13, 11, 21, -1,12, 15, 20, -1,21, 14, 13, -1,14, 21, 24, -1,
              14, 24, 25, -1,15, 14, 25, -1,15, 25, 20, -1,16, 19, 26, -1,16, 26, 27, -1,17, 16, 
              27, -1,17, 27, 28, -1,23, 17, 28, -1,18, 29, 19, -1,20, 30, 18, -1,18, 30, 29, -1,
              19, 31, 26, -1,19, 29, 31, -1,20, 25, 30, -1,21, 22, 32, -1,24, 21, 32, -1,22, 23, 
              33, -1,32, 22, 33, -1,23, 28, 34, -1,33, 23, 34, -1,24, 32, 35, -1,25, 24, 35, -1,
              25, 35, 30, -1,26, 31, 36, -1,26, 36, 37, -1,27, 26, 37, -1,27, 37, 38, -1,28, 27, 
              38, -1,28, 38, 39, -1,34, 28, 39, -1,30, 40, 29, -1,29, 41, 31, -1,29, 40, 41, -1,
              30, 35, 40, -1,31, 42, 36, -1,31, 41, 42, -1,32, 33, 43, -1,35, 32, 43, -1,33, 34, 
              44, -1,43, 33, 44, -1,34, 39, 45, -1,44, 34, 45, -1,35, 43, 40, -1,36, 42, 46, -1,
              36, 46, 47, -1,37, 36, 47, -1,37, 47, 48, -1,38, 37, 48, -1,38, 48, 49, -1,39, 38, 
              49, -1,39, 49, 50, -1,45, 39, 50, -1,40, 43, 51, -1,40, 51, 41, -1,41, 52, 42, -1,
              41, 51, 52, -1,42, 53, 46, -1,42, 52, 53, -1,43, 44, 51, -1,44, 45, 54, -1,51, 44, 
              54, -1,45, 50, 55, -1,54, 45, 55, -1,46, 53, 56, -1,46, 56, 57, -1,47, 46, 57, -1,
              47, 57, 58, -1,48, 47, 58, -1,48, 58, 59, -1,49, 48, 59, -1,49, 59, 60, -1,50, 49, 
              60, -1,50, 60, 61, -1,55, 50, 61, -1,51, 54, 52, -1,52, 54, 62, -1,52, 62, 53, -1,
              53, 63, 56, -1,53, 62, 63, -1,54, 55, 62, -1,55, 61, 64, -1,62, 55, 64, -1,56, 63, 
              65, -1,56, 65, 66, -1,57, 56, 66, -1,57, 66, 67, -1,58, 57, 67, -1,58, 67, 68, -1,
              59, 58, 68, -1,59, 68, 69, -1,60, 59, 69, -1,60, 69, 70, -1,61, 60, 70, -1,61, 70, 
              71, -1,64, 61, 71, -1,62, 64, 63, -1,63, 64, 72, -1,63, 72, 65, -1,64, 71, 72, -1,
              65, 72, 73, -1,65, 73, 74, -1,66, 65, 74, -1,66, 74, 75, -1,67, 66, 75, -1,67, 75, 
              76, -1,68, 67, 76, -1,68, 76, 77, -1,69, 68, 77, -1,69, 77, 78, -1,70, 69, 78, -1,
              70, 78, 79, -1,71, 70, 79, -1,71, 79, 80, -1,72, 71, 80, -1,72, 80, 73, -1,73, 80, 
              81, -1,73, 81, 82, -1,74, 73, 82, -1,74, 82, 83, -1,75, 74, 83, -1,75, 83, 84, -1,
              76, 75, 84, -1,76, 84, 85, -1,77, 76, 85, -1,77, 85, 86, -1,78, 77, 86, -1,78, 86, 
              87, -1,79, 78, 87, -1,79, 87, 88, -1,80, 79, 88, -1,80, 88, 81, -1,81, 88, 89, -1,
              81, 89, 90, -1,82, 81, 90, -1,82, 90, 91, -1,83, 82, 91, -1,83, 91, 92, -1,84, 83, 
              92, -1,84, 92, 93, -1,85, 84, 93, -1,85, 93, 94, -1,86, 85, 94, -1,86, 94, 95, -1,
              87, 86, 95, -1,87, 95, 96, -1,88, 87, 96, -1,88, 96, 89, -1,89, 96, 97, -1,89, 97, 
              98, -1,90, 89, 98, -1,90, 98, 99, -1,91, 90, 99, -1,91, 99, 100, -1,92, 91, 100, -1,
              92, 100, 101, -1,93, 92, 101, -1,93, 101, 102, -1,94, 93, 102, -1,94, 102, 103, -1,
              95, 94, 103, -1,95, 103, 104, -1,96, 95, 104, -1,96, 104, 97, -1,97, 104, 105, -1,
              98, 97, 105, -1,99, 98, 105, -1,100, 99, 105, -1,101, 100, 105, -1,102, 101, 105, -1,
              103, 102, 105, -1,104, 103, 105, -1
            ]
            normalPerVertex TRUE
            normalIndex [
              0, 1, 2, -1,3, 0, 2, -1,0, 4, 1, -1,5, 4, 0, -1,5, 0, 3, -1,2, 1, 6, -1,1, 7, 6, -1,
              4, 8, 1, -1,1, 8, 7, -1,3, 2, 9, -1,2, 6, 10, -1,9, 2, 10, -1,11, 3, 9, -1,5, 3, 
              11, -1,4, 12, 8, -1,5, 12, 4, -1,5, 11, 13, -1,5, 13, 14, -1,5, 14, 15, -1,5, 15, 
              12, -1,6, 7, 16, -1,6, 16, 17, -1,10, 6, 17, -1,8, 18, 7, -1,7, 19, 16, -1,7, 18, 
              19, -1,12, 20, 8, -1,8, 20, 18, -1,11, 9, 21, -1,9, 10, 22, -1,21, 9, 22, -1,10, 
              17, 23, -1,22, 10, 23, -1,13, 11, 21, -1,12, 15, 20, -1,21, 14, 13, -1,14, 21, 24, -1,
              14, 24, 25, -1,15, 14, 25, -1,15, 25, 20, -1,16, 19, 26, -1,16, 26, 27, -1,17, 16, 
              27, -1,17, 27, 28, -1,23, 17, 28, -1,18, 29, 19, -1,20, 30, 18, -1,18, 30, 29, -1,
              19, 31, 26, -1,19, 29, 31, -1,20, 25, 30, -1,21, 22, 32, -1,24, 21, 32, -1,22, 23, 
              33, -1,32, 22, 33, -1,23, 28, 34, -1,33, 23, 34, -1,24, 32, 35, -1,25, 24, 35, -1,
              25, 35, 30, -1,26, 31, 36, -1,26, 36, 37, -1,27, 26, 37, -1,27, 37, 38, -1,28, 27, 
              38, -1,28, 38, 39, -1,34, 28, 39, -1,30, 40, 29, -1,29, 41, 31, -1,29, 40, 41, -1,
              30, 35, 40, -1,31, 42, 36, -1,31, 41, 42, -1,32, 33, 43, -1,35, 32, 43, -1,33, 34, 
              44, -1,43, 33, 44, -1,34, 39, 45, -1,44, 34, 45, -1,35, 43, 40, -1,36, 42, 46, -1,
              36, 46, 47, -1,37, 36, 47, -1,37, 47, 48, -1,38, 37, 48, -1,38, 48, 49, -1,39, 38, 
              49, -1,39, 49, 50, -1,45, 39, 50, -1,40, 43, 51, -1,40, 51, 41, -1,41, 52, 42, -1,
              41, 51, 52, -1,42, 53, 46, -1,42, 52, 53, -1,43, 44, 51, -1,44, 45, 54, -1,51, 44, 
              54, -1,45, 50, 55, -1,54, 45, 55, -1,46, 53, 56, -1,46, 56, 57, -1,47, 46, 57, -1,
              47, 57, 58, -1,48, 47, 58, -1,48, 58, 59, -1,49, 48, 59, -1,49, 59, 60, -1,50, 49, 
              60, -1,50, 60, 61, -1,55, 50, 61, -1,51, 54, 52, -1,52, 54, 62, -1,52, 62, 53, -1,
              53, 63, 56, -1,53, 62, 63, -1,54, 55, 62, -1,55, 61, 64, -1,62, 55, 64, -1,56, 63, 
              65, -1,56, 65, 66, -1,57, 56, 66, -1,57, 66, 67, -1,58, 57, 67, -1,58, 67, 68, -1,
              59, 58, 68, -1,59, 68, 69, -1,60, 59, 69, -1,60, 69, 70, -1,61, 60, 70, -1,61, 70, 
              71, -1,64, 61, 71, -1,62, 64, 63, -1,63, 64, 72, -1,63, 72, 65, -1,64, 71, 72, -1,
              65, 72, 73, -1,65, 73, 74, -1,66, 65, 74, -1,66, 74, 75, -1,67, 66, 75, -1,67, 75, 
              76, -1,68, 67, 76, -1,68, 76, 77, -1,69, 68, 77, -1,69, 77, 78, -1,70, 69, 78, -1,
              70, 78, 79, -1,71, 70, 79, -1,71, 79, 80, -1,72, 71, 80, -1,72, 80, 73, -1,73, 80, 
              81, -1,73, 81, 82, -1,74, 73, 82, -1,74, 82, 83, -1,75, 74, 83, -1,75, 83, 84, -1,
              76, 75, 84, -1,76, 84, 85, -1,77, 76, 85, -1,77, 85, 86, -1,78, 77, 86, -1,78, 86, 
              87, -1,79, 78, 87, -1,79, 87, 88, -1,80, 79, 88, -1,80, 88, 81, -1,81, 88, 89, -1,
              81, 89, 90, -1,82, 81, 90, -1,82, 90, 91, -1,83, 82, 91, -1,83, 91, 92, -1,84, 83, 
              92, -1,84, 92, 93, -1,85, 84, 93, -1,85, 93, 94, -1,86, 85, 94, -1,86, 94, 95, -1,
              87, 86, 95, -1,87, 95, 96, -1,88, 87, 96, -1,88, 96, 89, -1,89, 96, 97, -1,89, 97, 
              98, -1,90, 89, 98, -1,90, 98, 99, -1,91, 90, 99, -1,91, 99, 100, -1,92, 91, 100, -1,
              92, 100, 101, -1,93, 92, 101, -1,93, 101, 102, -1,94, 93, 102, -1,94, 102, 103, -1,
              95, 94, 103, -1,95, 103, 104, -1,96, 95, 104, -1,96, 104, 97, -1,97, 104, 105, -1,
              98, 97, 105, -1,99, 98, 105, -1,100, 99, 105, -1,101, 100, 105, -1,102, 101, 105, -1,
              103, 102, 105, -1,104, 103, 105, -1
            ]
          }
        }
      ]
    }
  ]
}
DEF object18 Transform {
  children [
    Shape {
      appearance Appearance {
        material Material {
          diffuseColor 0.800000 0.800000 0.800000
          emissiveColor 0.000000 0.000000 0.000000
          specularColor 0.400000 0.400000 0.400000
          ambientIntensity 0.200000
          shininess 0.250000
        }
      }
      geometry IndexedFaceSet {
        coord Coordinate { point [
          # points 106
          -0.009107 -0.083265 0.012653, -0.01283 -0.079589 0.008093, -0.008539 -0.07612 0.009613, -0.008835 -0.082094 0.010195, 
          -0.009826 -0.082434 0.015439, -0.007537 -0.082209 0.015469, -0.008218 -0.070222 0.008673, -0.012368 -0.073592 0.006835, 
          -0.012673 -0.077199 0.017534, -0.00152 -0.078298 0.010389, -0.000733 -0.071947 0.010073, -0.005338 -0.082311 0.013753, 
          -0.010055 -0.082097 0.017316, -0.006001 -0.082837 0.014833, -0.00632 -0.081523 0.019353, -0.006348 -0.080478 0.020846, 
          -0.009073 -0.064266 0.008612, -0.003482 -0.066009 0.011046, -0.014503 -0.071297 0.018141, -0.013398 -0.067329 0.00796, 
          -0.009697 -0.076614 0.020465, -0.001302 -0.079151 0.0134, -0.000852 -0.073155 0.01418, -0.003147 -0.066871 0.01338, 
          -0.001772 -0.077121 0.020167, -0.003082 -0.075908 0.023916, -0.01001 -0.05827 0.008688, -0.006139 -0.05997 0.01105, 
          -0.004899 -0.060879 0.01283, -0.01479 -0.065182 0.017263, -0.009416 -0.070485 0.021198, -0.013862 -0.060968 0.008573, 
          -0.000701 -0.071481 0.019706, -0.003828 -0.066191 0.017281, -0.00683 -0.060777 0.016897, -0.003134 -0.069749 0.022982, 
          -0.010201 -0.052261 0.008414, -0.007152 -0.053598 0.01025, -0.00589 -0.05463 0.013325, -0.00775 -0.054706 0.016753, 
          -0.010733 -0.064428 0.019998, -0.014772 -0.059065 0.015891, -0.014526 -0.054604 0.009059, -0.007086 -0.066625 0.019146, 
          -0.008506 -0.060227 0.01798, -0.009389 -0.053707 0.017692, -0.009768 -0.046269 0.008236, -0.006865 -0.047122 0.010476, 
          -0.006218 -0.048279 0.013359, -0.007696 -0.048354 0.016427, -0.010031 -0.04754 0.017438, -0.012702 -0.058587 0.018856, 
          -0.015162 -0.052992 0.014677, -0.014464 -0.048234 0.009116, -0.014129 -0.052807 0.016955, -0.014443 -0.046795 0.015339, 
          -0.009013 -0.040302 0.008152, -0.005968 -0.040698 0.010274, -0.005892 -0.041992 0.012466, -0.007598 -0.042065 0.015671, 
          -0.009939 -0.041218 0.01702, -0.014014 -0.040591 0.014521, -0.015352 -0.04687 0.013792, -0.013612 -0.041882 0.008795, 
          -0.015075 -0.040699 0.013177, -0.008357 -0.03435 0.007667, -0.005256 -0.034456 0.008708, -0.004845 -0.035794 0.011576, 
          -0.007087 -0.035947 0.014981, -0.009083 -0.034859 0.016606, -0.013272 -0.034395 0.014172, -0.014411 -0.034555 0.012623, 
          -0.012591 -0.035584 0.008392, -0.007762 -0.028443 0.006694, -0.00524 -0.028305 0.006813, -0.003717 -0.029534 0.01131, 
          -0.0055 -0.0299 0.015113, -0.00773 -0.028579 0.016463, -0.012507 -0.028199 0.013909, -0.013691 -0.028435 0.01194, 
          -0.011626 -0.029282 0.007851, -0.006966 -0.022625 0.005387, -0.004441 -0.021777 0.005506, -0.002335 -0.023349 0.011033, 
          -0.00422 -0.023807 0.015464, -0.009137 -0.022189 0.015877, -0.012012 -0.021971 0.013878, -0.013241 -0.022317 0.011031, 
          -0.011295 -0.022946 0.007273, -0.006848 -0.01654 0.005563, 0.000562 -0.016975 0.00506, 0.000761 -0.017966 0.009533, 
          -0.001113 -0.017955 0.015045, -0.008882 -0.015933 0.015534, -0.012252 -0.01574 0.014441, -0.013338 -0.016129 0.010629, 
          -0.011782 -0.016564 0.007037, -0.006178 -0.012089 0.005923, 0.002411 -0.012435 0.005115, 0.001767 -0.012175 0.008112, 
          -0.002062 -0.011734 0.015593, -0.006754 -0.01189 0.01573, -0.012066 -0.009932 0.012536, -0.01229 -0.010268 0.010253, 
          -0.010308 -0.011481 0.006974, -0.005369 -0.008921 0.008769]
        }
        creaseAngle 0.610865
        normal Normal { vector [
          # normals 106
          -0.17462 -0.93443 -0.310402, -0.504221 -0.544462 -0.670315, -0.189133 -0.085463 -0.978225, -0.080275 -0.757007 -0.648457, 
          -0.468366 -0.859474 0.204789, -0.055016 -0.998416 0.011782, 0.113312 0.055179 -0.992026, -0.746629 -0.032389 -0.664451, 
          -0.808313 -0.3763 0.452801, 0.501677 -0.342884 -0.794198, 0.567756 0.227433 -0.791156, 0.15699 -0.882657 -0.443024, 
          -0.303705 -0.817893 0.488687, 0.141239 -0.977014 -0.159674, 0.367308 -0.894786 0.253857, -0.085211 -0.754247 0.651038, 
          0.07333 0.187844 -0.979458, 0.553436 0.370591 -0.745903, -0.773458 -0.198742 0.601884, -0.818752 0.060857 -0.570913, 
          -0.310839 -0.327833 0.892135, 0.836295 -0.500461 -0.22394, 0.952997 0.176603 -0.246188, 0.921256 0.377607 -0.093279, 
          0.924621 -0.36335 0.114249, 0.433455 -0.429966 0.791989, 0.039645 0.10925 -0.993223, 0.526845 0.232745 -0.817474, 
          0.95084 0.263612 -0.162516, -0.773942 -0.021681 0.632885, -0.194066 -0.045058 0.979953, -0.850035 0.030151 -0.525863, 
          0.956524 0.287247 0.050514, 0.855584 0.444753 0.264899, 0.892765 0.236654 0.38336, 0.710511 0.393037 0.583692, 
          -0.017114 0.071361 -0.997304, 0.590125 0.084025 -0.802927, 0.969775 0.110441 -0.217576, 0.873165 0.044658 0.485374, 
          -0.039365 0.207204 0.977506, -0.842061 -0.068034 0.535075, -0.881676 0.016198 -0.471576, 0.647396 0.511061 0.565416, 
          0.581274 0.169672 0.795822, 0.423079 0.02619 0.905714, -0.036265 0.04086 -0.998507, 0.660943 -0.011794 -0.750343, 
          0.984974 0.020938 -0.171431, 0.865412 0.007409 0.501006, 0.259567 -0.010907 0.965664, -0.083536 0.07123 0.993956, 
          -0.903978 -0.058342 0.423581, -0.865159 0.056283 -0.498329, -0.290871 0.054126 0.95523, -0.390349 0.045685 0.919533, 
          -0.087326 -0.010212 -0.996127, 0.668239 -0.106917 -0.736223, 0.992705 -0.0763 -0.093356, 0.892969 -0.01257 0.449943, 
          0.243251 -0.001642 0.969962, -0.431287 0.044882 0.901098, -0.924239 0.017636 0.381407, -0.820106 0.073463 -0.567477, 
          -0.921612 0.073646 0.381061, -0.211991 -0.054287 -0.975763, 0.549947 -0.134805 -0.824249, 0.980454 -0.163026 -0.110146, 
          0.876094 -0.130774 0.464066, 0.31315 -0.033021 0.94913, -0.465836 0.050374 0.883436, -0.929999 0.094444 0.355221, 
          -0.808202 0.064016 -0.585416, -0.322009 -0.082665 -0.943121, 0.385368 -0.145643 -0.911197, 0.958995 -0.168462 -0.227923, 
          0.842737 -0.15269 0.516217, 0.284216 -0.070785 0.956144, -0.501532 0.028894 0.864657, -0.95105 0.065748 0.301962, 
          -0.828257 0.026839 -0.559705, -0.39848 -0.027585 -0.916762, 0.289121 -0.329116 -0.898939, 0.891298 -0.331906 -0.30891, 
          0.759644 -0.214766 0.613854, 0.131807 -0.067881 0.988949, -0.587134 -0.08472 0.805044, -0.966658 -0.00455 0.25603, 
          -0.839616 0.017348 -0.542904, -0.447344 0.121388 -0.886086, 0.398763 -0.263743 -0.878309, 0.926526 -0.314881 -0.205913, 
          0.760082 -0.227084 0.608858, 0.118873 0.013421 0.992819, -0.584584 0.017277 0.811149, -0.979563 0.067246 0.189565, 
          -0.820847 0.094633 -0.563254, -0.391006 0.416151 -0.820934, 0.143583 0.517623 -0.843475, 0.949751 0.312274 -0.021412, 
          0.751013 0.44497 0.487833, 0.158566 0.376079 0.912919, -0.327608 0.590328 0.737689, -0.839043 0.540106 0.06552, 
          -0.698244 0.494186 -0.517915, 0.001263 0.996963 -0.077867]
        }
        coordIndex [
          0, 1, 2, -1,3, 0, 2, -1,0, 4, 1, -1,5, 4, 0, -1,5, 0, 3, -1,2, 1, 6, -1,1, 7, 6, -1,
          4, 8, 1, -1,1, 8, 7, -1,3, 2, 9, -1,2, 6, 10, -1,9, 2, 10, -1,11, 3, 9, -1,5, 3, 
          11, -1,4, 12, 8, -1,5, 12, 4, -1,5, 11, 13, -1,5, 13, 14, -1,5, 14, 15, -1,5, 15, 
          12, -1,6, 7, 16, -1,6, 16, 17, -1,10, 6, 17, -1,8, 18, 7, -1,7, 19, 16, -1,7, 18, 
          19, -1,12, 20, 8, -1,8, 20, 18, -1,11, 9, 21, -1,9, 10, 22, -1,21, 9, 22, -1,10, 
          17, 23, -1,22, 10, 23, -1,13, 11, 21, -1,12, 15, 20, -1,21, 14, 13, -1,14, 21, 24, -1,
          14, 24, 25, -1,15, 14, 25, -1,15, 25, 20, -1,16, 19, 26, -1,16, 26, 27, -1,17, 16, 
          27, -1,17, 27, 28, -1,23, 17, 28, -1,18, 29, 19, -1,20, 30, 18, -1,18, 30, 29, -1,
          19, 31, 26, -1,19, 29, 31, -1,20, 25, 30, -1,21, 22, 32, -1,24, 21, 32, -1,22, 23, 
          33, -1,32, 22, 33, -1,23, 28, 34, -1,33, 23, 34, -1,24, 32, 35, -1,25, 24, 35, -1,
          25, 35, 30, -1,26, 31, 36, -1,26, 36, 37, -1,27, 26, 37, -1,27, 37, 38, -1,28, 27, 
          38, -1,28, 38, 39, -1,34, 28, 39, -1,30, 40, 29, -1,29, 41, 31, -1,29, 40, 41, -1,
          30, 35, 40, -1,31, 42, 36, -1,31, 41, 42, -1,32, 33, 43, -1,35, 32, 43, -1,33, 34, 
          44, -1,43, 33, 44, -1,34, 39, 45, -1,44, 34, 45, -1,35, 43, 40, -1,36, 42, 46, -1,
          36, 46, 47, -1,37, 36, 47, -1,37, 47, 48, -1,38, 37, 48, -1,38, 48, 49, -1,39, 38, 
          49, -1,39, 49, 50, -1,45, 39, 50, -1,40, 43, 51, -1,40, 51, 41, -1,41, 52, 42, -1,
          41, 51, 52, -1,42, 53, 46, -1,42, 52, 53, -1,43, 44, 51, -1,44, 45, 54, -1,51, 44, 
          54, -1,45, 50, 55, -1,54, 45, 55, -1,46, 53, 56, -1,46, 56, 57, -1,47, 46, 57, -1,
          47, 57, 58, -1,48, 47, 58, -1,48, 58, 59, -1,49, 48, 59, -1,49, 59, 60, -1,50, 49, 
          60, -1,50, 60, 61, -1,55, 50, 61, -1,51, 54, 52, -1,52, 54, 62, -1,52, 62, 53, -1,
          53, 63, 56, -1,53, 62, 63, -1,54, 55, 62, -1,55, 61, 64, -1,62, 55, 64, -1,56, 63, 
          65, -1,56, 65, 66, -1,57, 56, 66, -1,57, 66, 67, -1,58, 57, 67, -1,58, 67, 68, -1,
          59, 58, 68, -1,59, 68, 69, -1,60, 59, 69, -1,60, 69, 70, -1,61, 60, 70, -1,61, 70, 
          71, -1,64, 61, 71, -1,62, 64, 63, -1,63, 64, 72, -1,63, 72, 65, -1,64, 71, 72, -1,
          65, 72, 73, -1,65, 73, 74, -1,66, 65, 74, -1,66, 74, 75, -1,67, 66, 75, -1,67, 75, 
          76, -1,68, 67, 76, -1,68, 76, 77, -1,69, 68, 77, -1,69, 77, 78, -1,70, 69, 78, -1,
          70, 78, 79, -1,71, 70, 79, -1,71, 79, 80, -1,72, 71, 80, -1,72, 80, 73, -1,73, 80, 
          81, -1,73, 81, 82, -1,74, 73, 82, -1,74, 82, 83, -1,75, 74, 83, -1,75, 83, 84, -1,
          76, 75, 84, -1,76, 84, 85, -1,77, 76, 85, -1,77, 85, 86, -1,78, 77, 86, -1,78, 86, 
          87, -1,79, 78, 87, -1,79, 87, 88, -1,80, 79, 88, -1,80, 88, 81, -1,81, 88, 89, -1,
          81, 89, 90, -1,82, 81, 90, -1,82, 90, 91, -1,83, 82, 91, -1,83, 91, 92, -1,84, 83, 
          92, -1,84, 92, 93, -1,85, 84, 93, -1,85, 93, 94, -1,86, 85, 94, -1,86, 94, 95, -1,
          87, 86, 95, -1,87, 95, 96, -1,88, 87, 96, -1,88, 96, 89, -1,89, 96, 97, -1,89, 97, 
          98, -1,90, 89, 98, -1,90, 98, 99, -1,91, 90, 99, -1,91, 99, 100, -1,92, 91, 100, -1,
          92, 100, 101, -1,93, 92, 101, -1,93, 101, 102, -1,94, 93, 102, -1,94, 102, 103, -1,
          95, 94, 103, -1,95, 103, 104, -1,96, 95, 104, -1,96, 104, 97, -1,97, 104, 105, -1,
          98, 97, 105, -1,99, 98, 105, -1,100, 99, 105, -1,101, 100, 105, -1,102, 101, 105, -1,
          103, 102, 105, -1,104, 103, 105, -1
        ]
        normalPerVertex TRUE
        normalIndex [
          0, 1, 2, -1,3, 0, 2, -1,0, 4, 1, -1,5, 4, 0, -1,5, 0, 3, -1,2, 1, 6, -1,1, 7, 6, -1,
          4, 8, 1, -1,1, 8, 7, -1,3, 2, 9, -1,2, 6, 10, -1,9, 2, 10, -1,11, 3, 9, -1,5, 3, 
          11, -1,4, 12, 8, -1,5, 12, 4, -1,5, 11, 13, -1,5, 13, 14, -1,5, 14, 15, -1,5, 15, 
          12, -1,6, 7, 16, -1,6, 16, 17, -1,10, 6, 17, -1,8, 18, 7, -1,7, 19, 16, -1,7, 18, 
          19, -1,12, 20, 8, -1,8, 20, 18, -1,11, 9, 21, -1,9, 10, 22, -1,21, 9, 22, -1,10, 
          17, 23, -1,22, 10, 23, -1,13, 11, 21, -1,12, 15, 20, -1,21, 14, 13, -1,14, 21, 24, -1,
          14, 24, 25, -1,15, 14, 25, -1,15, 25, 20, -1,16, 19, 26, -1,16, 26, 27, -1,17, 16, 
          27, -1,17, 27, 28, -1,23, 17, 28, -1,18, 29, 19, -1,20, 30, 18, -1,18, 30, 29, -1,
          19, 31, 26, -1,19, 29, 31, -1,20, 25, 30, -1,21, 22, 32, -1,24, 21, 32, -1,22, 23, 
          33, -1,32, 22, 33, -1,23, 28, 34, -1,33, 23, 34, -1,24, 32, 35, -1,25, 24, 35, -1,
          25, 35, 30, -1,26, 31, 36, -1,26, 36, 37, -1,27, 26, 37, -1,27, 37, 38, -1,28, 27, 
          38, -1,28, 38, 39, -1,34, 28, 39, -1,30, 40, 29, -1,29, 41, 31, -1,29, 40, 41, -1,
          30, 35, 40, -1,31, 42, 36, -1,31, 41, 42, -1,32, 33, 43, -1,35, 32, 43, -1,33, 34, 
          44, -1,43, 33, 44, -1,34, 39, 45, -1,44, 34, 45, -1,35, 43, 40, -1,36, 42, 46, -1,
          36, 46, 47, -1,37, 36, 47, -1,37, 47, 48, -1,38, 37, 48, -1,38, 48, 49, -1,39, 38, 
          49, -1,39, 49, 50, -1,45, 39, 50, -1,40, 43, 51, -1,40, 51, 41, -1,41, 52, 42, -1,
          41, 51, 52, -1,42, 53, 46, -1,42, 52, 53, -1,43, 44, 51, -1,44, 45, 54, -1,51, 44, 
          54, -1,45, 50, 55, -1,54, 45, 55, -1,46, 53, 56, -1,46, 56, 57, -1,47, 46, 57, -1,
          47, 57, 58, -1,48, 47, 58, -1,48, 58, 59, -1,49, 48, 59, -1,49, 59, 60, -1,50, 49, 
          60, -1,50, 60, 61, -1,55, 50, 61, -1,51, 54, 52, -1,52, 54, 62, -1,52, 62, 53, -1,
          53, 63, 56, -1,53, 62, 63, -1,54, 55, 62, -1,55, 61, 64, -1,62, 55, 64, -1,56, 63, 
          65, -1,56, 65, 66, -1,57, 56, 66, -1,57, 66, 67, -1,58, 57, 67, -1,58, 67, 68, -1,
          59, 58, 68, -1,59, 68, 69, -1,60, 59, 69, -1,60, 69, 70, -1,61, 60, 70, -1,61, 70, 
          71, -1,64, 61, 71, -1,62, 64, 63, -1,63, 64, 72, -1,63, 72, 65, -1,64, 71, 72, -1,
          65, 72, 73, -1,65, 73, 74, -1,66, 65, 74, -1,66, 74, 75, -1,67, 66, 75, -1,67, 75, 
          76, -1,68, 67, 76, -1,68, 76, 77, -1,69, 68, 77, -1,69, 77, 78, -1,70, 69, 78, -1,
          70, 78, 79, -1,71, 70, 79, -1,71, 79, 80, -1,72, 71, 80, -1,72, 80, 73, -1,73, 80, 
          81, -1,73, 81, 82, -1,74, 73, 82, -1,74, 82, 83, -1,75, 74, 83, -1,75, 83, 84, -1,
          76, 75, 84, -1,76, 84, 85, -1,77, 76, 85, -1,77, 85, 86, -1,78, 77, 86, -1,78, 86, 
          87, -1,79, 78, 87, -1,79, 87, 88, -1,80, 79, 88, -1,80, 88, 81, -1,81, 88, 89, -1,
          81, 89, 90, -1,82, 81, 90, -1,82, 90, 91, -1,83, 82, 91, -1,83, 91, 92, -1,84, 83, 
          92, -1,84, 92, 93, -1,85, 84, 93, -1,85, 93, 94, -1,86, 85, 94, -1,86, 94, 95, -1,
          87, 86, 95, -1,87, 95, 96, -1,88, 87, 96, -1,88, 96, 89, -1,89, 96, 97, -1,89, 97, 
          98, -1,90, 89, 98, -1,90, 98, 99, -1,91, 90, 99, -1,91, 99, 100, -1,92, 91, 100, -1,
          92, 100, 101, -1,93, 92, 101, -1,93, 101, 102, -1,94, 93, 102, -1,94, 102, 103, -1,
          95, 94, 103, -1,95, 103, 104, -1,96, 95, 104, -1,96, 104, 97, -1,97, 104, 105, -1,
          98, 97, 105, -1,99, 98, 105, -1,100, 99, 105, -1,101, 100, 105, -1,102, 101, 105, -1,
          103, 102, 105, -1,104, 103, 105, -1
        ]
      }
    }
  ]
}
