#VRML V2.0 utf8

# Produced by 3D Exploration VRML exporter
# http://www.xdsoft.com/explorer/

DEF object0 Transform {
  children [
    DEF object1 Transform {
      children [
        Shape {
          appearance Appearance {
            material Material {
              diffuseColor 0.800000 0.800000 0.800000
              emissiveColor 0.000000 0.000000 0.000000
              specularColor 0.400000 0.400000 0.400000
              ambientIntensity 0.200000
              shininess 0.250000
            }
          }
          geometry IndexedFaceSet {
            coord Coordinate { point [
              # points 58
              -0.009206 -0.009752 -0.019555, -0.007978 -0.011558 -0.018274, -0.011309 -0.00949 -0.013242, -0.011046 -0.0079 -0.016037, 
              -0.006374 -0.006689 -0.022715, -0.010327 -0.004271 -0.019203, -0.00438 -0.010251 -0.023521, 0.000553 -0.0115 -0.018244, 
              -0.001104 -0.008774 -0.011892, -0.012205 -0.008676 -0.009569, -0.002941 -0.007531 -0.008647, -0.011638 -0.006101 -0.015157, 
              -0.006775 -0.002567 -0.022158, -0.009859 -0.00262 -0.019549, -0.010879 -0.001449 -0.017504, -0.011478 -0.001958 -0.014946, 
              -0.011607 -0.003919 -0.014906, 0.000995 -0.009122 -0.020174, -0.001957 -0.004243 -0.021691, 0.003426 -0.009499 -0.014137, 
              0.00211 -0.007254 -0.012075, -0.000679 -0.004965 -0.008983, -0.012212 -0.00368 -0.009345, -0.003456 0.000824 -0.008639, 
              -0.000477 -0.002037 -0.009044, -0.00976 0.001162 -0.019056, -0.009697 0.006385 -0.010149, -0.012709 0.000786 -0.010161, 
              0.001698 -0.003785 -0.020821, 0.004172 -0.0063 -0.018117, 0.005574 -0.00961 -0.012787, 0.004815 -0.007582 -0.012157, 
              0.003726 -0.005334 -0.012856, 0.003354 -0.003656 -0.013105, -0.002007 0.002916 -0.008978, 0.000738 0.000588 -0.009779, 
              0.00368 -0.002174 -0.013716, 0.000491 0.000302 -0.017143, -0.001292 0.007319 -0.012559, 0.004029 -0.002295 -0.018412, 
              0.0069 -0.005779 -0.016852, 0.005194 -0.008596 -0.012472, 0.010283 -0.006294 -0.012912, 0.009802 -0.007055 -0.012703, 
              0.00932 -0.007818 -0.012494, 0.008539 -0.008341 -0.011282, 0.008674 -0.007663 -0.010899, 0.008807 -0.006982 -0.010514, 
              0.00094 0.002778 -0.012852, 0.005105 -0.001617 -0.014736, 0.009273 -0.006103 -0.010317, 0.001604 0.000245 -0.016204, 
              0.007727 -0.002205 -0.016455, 0.010342 -0.003738 -0.01323, 0.009483 -0.006225 -0.011684, 0.005217 -0.001124 -0.016397, 
              0.009641 -0.004627 -0.010654, 0.010153 -0.003629 -0.011836]
            }
            creaseAngle 0.610865
            normal Normal { vector [
              # normals 58
              -0.744683 -0.417926 -0.52037, -0.336565 -0.917493 -0.211968, -0.522786 -0.850115 0.063243, -0.93494 -0.209361 -0.286452, 
              -0.531549 -0.189611 -0.825532, -0.868917 -0.014985 -0.49473, 0.058525 -0.327819 -0.942926, 0.302021 -0.952153 0.046775, 
              0.249768 -0.823002 0.51018, -0.798514 -0.380159 0.466749, 0.194007 -0.489953 0.849887, -0.975548 -0.054698 -0.212872, 
              -0.294866 0.367299 -0.882126, -0.654486 0.358113 -0.665885, -0.934949 0.157394 -0.317957, -0.943698 0.16074 -0.28913, 
              -0.976515 0.011959 -0.215119, 0.627717 -0.343347 -0.698631, 0.236235 0.369033 -0.898892, 0.332164 -0.942727 -0.030548, 
              0.119314 -0.522348 0.844344, 0.56299 -0.199476 0.80203, -0.794408 0.077186 0.60246, 0.047938 0.06618 0.996656, 
              0.485059 0.014008 0.874369, -0.330398 0.55341 -0.764574, -0.711429 0.61985 -0.331141, -0.800895 0.28573 0.526238, 
              0.41027 0.300063 -0.861186, 0.588737 -0.424203 -0.688071, 0.490775 -0.871256 -0.007314, 0.237067 -0.259105 0.936303, 
              0.067069 0.0517 0.996408, 0.216107 0.098411 0.971397, 0.208632 0.39103 0.89642, 0.612318 0.141172 0.777906, 
              0.335281 0.179145 0.924929, 0.228314 0.709923 -0.666245, 0.642225 0.738726 0.204524, 0.482279 0.402752 -0.777944, 
              0.588927 -0.305338 -0.748287, 0.699712 -0.462427 0.544576, 0.865857 -0.420974 -0.270321, 0.770716 -0.633336 0.069873, 
              0.606676 -0.772484 0.18765, 0.354529 -0.596307 0.720227, 0.118905 -0.384764 0.915324, 0.167685 -0.219264 0.961148, 
              0.761151 0.621806 0.184407, 0.452265 0.597845 0.661844, 0.340868 0.154683 0.927298, 0.453813 0.593892 -0.664339, 
              0.530142 0.475094 -0.702307, 0.979677 0.121976 -0.159231, 0.896401 -0.286149 0.338502, 0.363155 0.930356 -0.05055, 
              0.521314 0.513831 0.681329, 0.750774 0.591984 0.293076]
            }
            coordIndex [
              0, 1, 2, -1,0, 2, 3, -1,4, 1, 0, -1,0, 3, 5, -1,4, 0, 5, -1,4, 6, 1, -1,1, 7, 8, -1,
              1, 8, 2, -1,6, 7, 1, -1,3, 2, 9, -1,2, 8, 10, -1,2, 10, 9, -1,3, 9, 11, -1,3, 11, 
              5, -1,12, 6, 4, -1,12, 4, 5, -1,13, 12, 5, -1,14, 13, 5, -1,15, 14, 5, -1,16, 15, 
              5, -1,11, 16, 5, -1,6, 17, 7, -1,12, 18, 6, -1,18, 17, 6, -1,7, 19, 20, -1,7, 20, 
              8, -1,17, 19, 7, -1,8, 20, 21, -1,8, 21, 10, -1,11, 9, 22, -1,9, 10, 23, -1,9, 23, 
              22, -1,10, 21, 24, -1,10, 24, 23, -1,11, 22, 16, -1,13, 18, 12, -1,13, 25, 18, -1,
              14, 25, 13, -1,14, 26, 25, -1,15, 26, 14, -1,15, 27, 26, -1,16, 27, 15, -1,16, 22, 
              27, -1,18, 28, 17, -1,17, 29, 19, -1,28, 29, 17, -1,25, 28, 18, -1,29, 30, 19, -1,
              30, 20, 19, -1,30, 31, 20, -1,20, 31, 32, -1,20, 32, 21, -1,21, 32, 33, -1,21, 33, 
              24, -1,22, 23, 34, -1,22, 34, 27, -1,23, 24, 35, -1,23, 35, 34, -1,24, 33, 36, -1,
              24, 36, 35, -1,25, 37, 28, -1,26, 37, 25, -1,26, 38, 37, -1,27, 38, 26, -1,27, 34, 
              38, -1,28, 39, 29, -1,37, 39, 28, -1,29, 40, 30, -1,39, 40, 29, -1,30, 41, 31, -1,
              40, 42, 30, -1,30, 42, 43, -1,30, 43, 41, -1,41, 44, 31, -1,31, 44, 45, -1,31, 45, 
              32, -1,32, 45, 46, -1,32, 46, 33, -1,33, 46, 47, -1,33, 47, 36, -1,34, 35, 48, -1,
              34, 48, 38, -1,35, 36, 49, -1,35, 49, 48, -1,36, 47, 50, -1,36, 50, 49, -1,37, 51, 
              39, -1,38, 51, 37, -1,38, 48, 51, -1,39, 52, 40, -1,51, 52, 39, -1,40, 53, 42, -1,
              52, 53, 40, -1,41, 43, 44, -1,54, 42, 53, -1,54, 43, 42, -1,54, 44, 43, -1,54, 45, 
              44, -1,54, 46, 45, -1,54, 47, 46, -1,54, 50, 47, -1,48, 49, 55, -1,48, 55, 51, -1,
              49, 50, 56, -1,49, 56, 55, -1,54, 56, 50, -1,51, 55, 52, -1,52, 57, 53, -1,55, 57, 
              52, -1,54, 53, 57, -1,54, 57, 56, -1,55, 56, 57, -1
            ]
            normalPerVertex TRUE
            normalIndex [
              0, 1, 2, -1,0, 2, 3, -1,4, 1, 0, -1,0, 3, 5, -1,4, 0, 5, -1,4, 6, 1, -1,1, 7, 8, -1,
              1, 8, 2, -1,6, 7, 1, -1,3, 2, 9, -1,2, 8, 10, -1,2, 10, 9, -1,3, 9, 11, -1,3, 11, 
              5, -1,12, 6, 4, -1,12, 4, 5, -1,13, 12, 5, -1,14, 13, 5, -1,15, 14, 5, -1,16, 15, 
              5, -1,11, 16, 5, -1,6, 17, 7, -1,12, 18, 6, -1,18, 17, 6, -1,7, 19, 20, -1,7, 20, 
              8, -1,17, 19, 7, -1,8, 20, 21, -1,8, 21, 10, -1,11, 9, 22, -1,9, 10, 23, -1,9, 23, 
              22, -1,10, 21, 24, -1,10, 24, 23, -1,11, 22, 16, -1,13, 18, 12, -1,13, 25, 18, -1,
              14, 25, 13, -1,14, 26, 25, -1,15, 26, 14, -1,15, 27, 26, -1,16, 27, 15, -1,16, 22, 
              27, -1,18, 28, 17, -1,17, 29, 19, -1,28, 29, 17, -1,25, 28, 18, -1,29, 30, 19, -1,
              30, 20, 19, -1,30, 31, 20, -1,20, 31, 32, -1,20, 32, 21, -1,21, 32, 33, -1,21, 33, 
              24, -1,22, 23, 34, -1,22, 34, 27, -1,23, 24, 35, -1,23, 35, 34, -1,24, 33, 36, -1,
              24, 36, 35, -1,25, 37, 28, -1,26, 37, 25, -1,26, 38, 37, -1,27, 38, 26, -1,27, 34, 
              38, -1,28, 39, 29, -1,37, 39, 28, -1,29, 40, 30, -1,39, 40, 29, -1,30, 41, 31, -1,
              40, 42, 30, -1,30, 42, 43, -1,30, 43, 41, -1,41, 44, 31, -1,31, 44, 45, -1,31, 45, 
              32, -1,32, 45, 46, -1,32, 46, 33, -1,33, 46, 47, -1,33, 47, 36, -1,34, 35, 48, -1,
              34, 48, 38, -1,35, 36, 49, -1,35, 49, 48, -1,36, 47, 50, -1,36, 50, 49, -1,37, 51, 
              39, -1,38, 51, 37, -1,38, 48, 51, -1,39, 52, 40, -1,51, 52, 39, -1,40, 53, 42, -1,
              52, 53, 40, -1,41, 43, 44, -1,54, 42, 53, -1,54, 43, 42, -1,54, 44, 43, -1,54, 45, 
              44, -1,54, 46, 45, -1,54, 47, 46, -1,54, 50, 47, -1,48, 49, 55, -1,48, 55, 51, -1,
              49, 50, 56, -1,49, 56, 55, -1,54, 56, 50, -1,51, 55, 52, -1,52, 57, 53, -1,55, 57, 
              52, -1,54, 53, 57, -1,54, 57, 56, -1,55, 56, 57, -1
            ]
          }
        }
      ]
    }
  ]
}
DEF object11 Transform {
  children [
    DEF object3 Transform {
      children [
        Shape {
          appearance Appearance {
            material Material {
              diffuseColor 0.800000 0.800000 0.800000
              emissiveColor 0.000000 0.000000 0.000000
              specularColor 0.400000 0.400000 0.400000
              ambientIntensity 0.200000
              shininess 0.250000
            }
          }
          geometry IndexedFaceSet {
            coord Coordinate { point [
              # points 56
              -0.001492 0.000146 0.006483, -0.000748 -0.000247 0.005918, -0.000814 0.00634 0.005295, -0.002626 0.012072 0.005469, 
              -0.010114 0.000468 0.00514, -0.015149 -0.00815 0.001522, -0.004225 -0.009111 0.004203, -0.001291 -0.008902 0.005352, 
              0.000268 -0.000349 0.004592, -0.000276 0.002722 0.004211, 0.000205 0.002926 0.002616, -4.7e-005 0.006862 0.002673, 
              -0.007997 0.008535 0.005065, -0.000926 0.012192 0.000881, -0.01021 0.000594 0.003223, -0.014962 -0.007756 -0.002016, 
              -0.014491 -0.008602 -0.004044, -0.014459 -0.010307 -0.004654, -0.001389 -0.009861 0.000511, -0.000358 -0.00667 0.004114, 
              -0.000392 -0.009216 0.001784, 0.000173 -0.001557 0.002192, 0.001051 0.002488 -0.000152, 0.000759 0.005559 -0.001892, 
              -0.009653 0.010516 0.000411, -0.010073 0.004784 0.003887, 0.001207 0.010482 -0.006364, -0.010824 0.000786 0.000175, 
              -0.014224 -0.004029 -0.002433, -0.013176 -0.003147 -0.003238, -0.013045 -0.002892 -0.004397, -0.014504 -0.007593 -0.00626, 
              -0.011304 -0.010506 -0.008681, -0.005034 -0.008889 -0.006183, -0.000749 -0.007452 0.002035, -0.000609 -0.007369 -0.000967, 
              -5e-005 -0.005411 0.001025, -4.2e-005 -0.002601 0.00064, 0.001508 0.000337 0.000649, 0.000509 0.000572 -0.002406, 
              -0.010399 0.006982 0.000349, -0.006982 0.007725 -0.008731, -0.010782 0.002548 0.000183, -0.000228 0.001604 -0.004506, 
              -0.011804 4.7e-005 -0.002675, -0.012074 -0.001566 -0.004632, -0.011688 -0.001995 -0.006096, -0.010266 -0.002356 -0.008543, 
              -0.001768 -0.00297 -0.005322, -0.000407 -0.003306 -0.001977, -0.009601 0.005368 -0.004808, -0.010946 0.003641 -0.001588, 
              -0.009066 0.00235 -0.00827, -0.010331 0.003539 -0.002659, -0.010347 0.000864 -0.003787, -0.010311 0.001119 -0.00579]
            }
            creaseAngle 0.610865
            normal Normal { vector [
              # normals 56
              0.17922 -0.097408 0.978975, 0.622705 -0.025553 0.782039, 0.853612 0.110264 0.509106, 0.372361 0.398545 0.838158, 
              -0.69469 0.225697 0.682983, -0.821172 -0.291951 0.490349, -0.074335 -0.710148 0.700118, 0.592808 -0.543451 0.594339, 
              0.94489 0.012781 0.327138, 0.954551 0.089047 0.284434, 0.956697 0.019833 0.290409, 0.953485 0.171093 0.248181, 
              -0.641483 0.480562 0.597963, 0.504039 0.844443 0.181276, -0.902091 0.239272 0.359139, -0.967229 0.220657 -0.125609, 
              -0.993833 0.076592 -0.080182, -0.666683 -0.744575 -0.033796, 0.286417 -0.957273 -0.039927, 0.994253 -0.082259 0.068513, 
              0.938066 -0.31735 -0.138999, 0.980387 -0.048513 0.191017, 0.878619 0.199862 0.433686, 0.983131 0.136154 0.122126, 
              -0.687807 0.725255 0.030435, -0.918494 0.08896 0.385298, 0.78461 0.412774 -0.462606, -0.951848 0.21606 0.217492, 
              -0.914283 0.388075 -0.116119, -0.887225 0.288428 -0.360057, -0.907722 0.384487 -0.167962, -0.889762 0.188257 -0.415791, 
              -0.331893 -0.488306 -0.807096, 0.621171 -0.400621 -0.673535, 0.999159 -0.040547 0.00607, 0.939553 -0.223115 -0.259732, 
              0.992381 -0.12234 -0.014565, 0.965264 -0.244179 -0.092966, 0.974073 -0.043722 0.221971, 0.943002 -0.211053 -0.257301, 
              -0.971866 0.227695 -0.060267, -0.523203 0.350505 -0.776792, -0.977895 0.075331 0.195054, 0.671725 -0.205963 -0.711593, 
              -0.891931 0.397971 -0.214659, -0.748027 0.529681 -0.399867, -0.799756 0.391503 -0.455099, -0.327057 0.142716 -0.934166, 
              0.659068 -0.139525 -0.739028, 0.949053 -0.165215 -0.268333, -0.920778 0.219154 -0.322707, -0.97237 0.142916 -0.184584, 
              -0.376783 0.13415 -0.916536, -0.913077 0.133383 -0.385356, -0.853085 0.41909 -0.31082, -0.939933 0.255109 -0.226814]
            }
            coordIndex [
              0, 1, 2, -1,0, 2, 3, -1,4, 0, 3, -1,5, 6, 0, -1,5, 0, 4, -1,6, 1, 0, -1,6, 7, 1, -1,
              1, 8, 9, -1,1, 9, 2, -1,7, 8, 1, -1,2, 9, 10, -1,2, 10, 11, -1,3, 2, 11, -1,4, 3, 
              12, -1,3, 11, 13, -1,12, 3, 13, -1,14, 4, 12, -1,15, 5, 4, -1,15, 4, 14, -1,16, 17, 
              5, -1,16, 5, 15, -1,17, 6, 5, -1,17, 18, 6, -1,18, 7, 6, -1,7, 19, 8, -1,18, 20, 
              7, -1,20, 19, 7, -1,21, 9, 8, -1,21, 8, 19, -1,21, 10, 9, -1,11, 10, 22, -1,21, 22, 
              10, -1,11, 22, 23, -1,13, 11, 23, -1,12, 13, 24, -1,14, 12, 25, -1,25, 12, 24, -1,
              13, 23, 26, -1,24, 13, 26, -1,27, 14, 25, -1,28, 15, 14, -1,28, 14, 27, -1,29, 16, 
              15, -1,29, 15, 28, -1,30, 31, 16, -1,30, 16, 29, -1,31, 17, 16, -1,31, 32, 17, -1,
              32, 18, 17, -1,32, 33, 18, -1,33, 20, 18, -1,20, 34, 19, -1,21, 19, 34, -1,33, 35, 
              20, -1,35, 34, 20, -1,21, 34, 36, -1,21, 36, 37, -1,21, 37, 38, -1,21, 38, 22, -1,
              23, 22, 38, -1,23, 38, 39, -1,26, 23, 39, -1,25, 24, 40, -1,24, 26, 41, -1,40, 24, 
              41, -1,27, 25, 42, -1,42, 25, 40, -1,26, 39, 43, -1,41, 26, 43, -1,27, 42, 44, -1,
              28, 27, 44, -1,29, 28, 44, -1,30, 29, 44, -1,45, 31, 30, -1,45, 30, 44, -1,45, 46, 
              31, -1,46, 32, 31, -1,46, 47, 32, -1,47, 33, 32, -1,47, 48, 33, -1,48, 35, 33, -1,
              35, 36, 34, -1,48, 49, 35, -1,49, 36, 35, -1,49, 37, 36, -1,39, 38, 37, -1,39, 37, 
              49, -1,43, 39, 49, -1,40, 41, 50, -1,42, 40, 51, -1,51, 40, 50, -1,41, 43, 52, -1,
              50, 41, 52, -1,42, 51, 44, -1,43, 49, 48, -1,52, 43, 48, -1,51, 53, 44, -1,53, 54, 
              44, -1,54, 45, 44, -1,54, 46, 45, -1,55, 47, 46, -1,54, 55, 46, -1,52, 48, 47, -1,
              55, 52, 47, -1,51, 50, 53, -1,50, 52, 55, -1,53, 50, 55, -1,53, 55, 54, -1
            ]
            normalPerVertex TRUE
            normalIndex [
              0, 1, 2, -1,0, 2, 3, -1,4, 0, 3, -1,5, 6, 0, -1,5, 0, 4, -1,6, 1, 0, -1,6, 7, 1, -1,
              1, 8, 9, -1,1, 9, 2, -1,7, 8, 1, -1,2, 9, 10, -1,2, 10, 11, -1,3, 2, 11, -1,4, 3, 
              12, -1,3, 11, 13, -1,12, 3, 13, -1,14, 4, 12, -1,15, 5, 4, -1,15, 4, 14, -1,16, 17, 
              5, -1,16, 5, 15, -1,17, 6, 5, -1,17, 18, 6, -1,18, 7, 6, -1,7, 19, 8, -1,18, 20, 
              7, -1,20, 19, 7, -1,21, 9, 8, -1,21, 8, 19, -1,21, 10, 9, -1,11, 10, 22, -1,21, 22, 
              10, -1,11, 22, 23, -1,13, 11, 23, -1,12, 13, 24, -1,14, 12, 25, -1,25, 12, 24, -1,
              13, 23, 26, -1,24, 13, 26, -1,27, 14, 25, -1,28, 15, 14, -1,28, 14, 27, -1,29, 16, 
              15, -1,29, 15, 28, -1,30, 31, 16, -1,30, 16, 29, -1,31, 17, 16, -1,31, 32, 17, -1,
              32, 18, 17, -1,32, 33, 18, -1,33, 20, 18, -1,20, 34, 19, -1,21, 19, 34, -1,33, 35, 
              20, -1,35, 34, 20, -1,21, 34, 36, -1,21, 36, 37, -1,21, 37, 38, -1,21, 38, 22, -1,
              23, 22, 38, -1,23, 38, 39, -1,26, 23, 39, -1,25, 24, 40, -1,24, 26, 41, -1,40, 24, 
              41, -1,27, 25, 42, -1,42, 25, 40, -1,26, 39, 43, -1,41, 26, 43, -1,27, 42, 44, -1,
              28, 27, 44, -1,29, 28, 44, -1,30, 29, 44, -1,45, 31, 30, -1,45, 30, 44, -1,45, 46, 
              31, -1,46, 32, 31, -1,46, 47, 32, -1,47, 33, 32, -1,47, 48, 33, -1,48, 35, 33, -1,
              35, 36, 34, -1,48, 49, 35, -1,49, 36, 35, -1,49, 37, 36, -1,39, 38, 37, -1,39, 37, 
              49, -1,43, 39, 49, -1,40, 41, 50, -1,42, 40, 51, -1,51, 40, 50, -1,41, 43, 52, -1,
              50, 41, 52, -1,42, 51, 44, -1,43, 49, 48, -1,52, 43, 48, -1,51, 53, 44, -1,53, 54, 
              44, -1,54, 45, 44, -1,54, 46, 45, -1,55, 47, 46, -1,54, 55, 46, -1,52, 48, 47, -1,
              55, 52, 47, -1,51, 50, 53, -1,50, 52, 55, -1,53, 50, 55, -1,53, 55, 54, -1
            ]
          }
        }
      ]
    }
  ]
}
DEF object2 Transform {
  children [
    DEF object5 Transform {
      children [
        Shape {
          appearance Appearance {
            material Material {
              diffuseColor 0.800000 0.800000 0.800000
              emissiveColor 0.000000 0.000000 0.000000
              specularColor 0.400000 0.400000 0.400000
              ambientIntensity 0.200000
              shininess 0.250000
            }
          }
          geometry IndexedFaceSet {
            coord Coordinate { point [
              # points 34
              0.002869 -0.003194 0.009323, 0.002 -0.002054 0.006929, 0.003007 0.000471 0.007115, 0.003297 -0.00231 0.009568, 
              0.002307 -0.004833 0.009648, 0.002549 -0.004326 0.010817, 0.001063 -0.007144 0.008105, -0.008883 -0.00109 0.006264, 
              -0.003988 0.002213 0.007834, 0.003648 -0.000546 0.010134, -0.005764 0.002535 0.011056, 0.003131 -0.002449 0.010663, 
              0.002358 -0.005802 0.011012, 0.002035 -0.005716 0.011847, 0.002535 -0.004451 0.011806, 0.00186 -0.005851 0.012673, 
              -0.011355 -0.00741 0.006465, 0.001211 -0.0081 0.010823, -0.011142 -0.002261 0.009408, -0.010397 -0.000854 0.00963, 
              -0.009193 0.000105 0.012535, 0.004098 -0.001648 0.013628, -0.0076 0.001595 0.016504, -0.008843 0.000258 0.014418, 
              -5.3e-005 -0.008332 0.013627, -0.001369 -0.006993 0.015889, -0.012819 -0.008144 0.011194, -0.012044 -0.004417 0.009479, 
              -0.010877 -0.002469 0.012014, -0.008805 -0.00303 0.017973, -0.01056 -0.003069 0.015365, -0.01193 -0.007091 0.014933, 
              -0.012928 -0.005354 0.011451, -0.011904 -0.004161 0.01383]
            }
            creaseAngle 0.610865
            normal Normal { vector [
              # normals 34
              0.885588 -0.347159 -0.308567, 0.521878 -0.146017 -0.84043, 0.814935 0.330942 -0.475771, 0.954789 -0.273635 -0.1162, 
              0.922374 -0.286963 -0.258608, 0.958082 -0.284483 0.033875, 0.607593 -0.465288 -0.64369, -0.387391 0.344315 -0.855205, 
              -0.273067 0.782424 -0.559684, 0.873723 0.477245 0.094049, -0.189538 0.981765 0.014611, 0.951545 -0.304587 -0.042287, 
              0.954991 -0.295315 0.027935, 0.89215 -0.363223 0.268584, 0.917609 -0.358432 0.171816, 0.885286 -0.323439 0.33415, 
              -0.617686 -0.340794 -0.708748, 0.524624 -0.851236 -0.012963, -0.883107 0.406598 -0.234095, -0.732906 0.67321 -0.098169, 
              -0.700519 0.712514 -0.039961, 0.862891 -0.020245 0.504985, -0.306406 0.829111 0.467644, -0.771031 0.630972 0.08594, 
              0.447311 -0.826677 0.341347, 0.462523 -0.428277 0.776306, -0.70055 -0.707151 -0.095751, -0.926353 0.287649 -0.243162, 
              -0.843644 0.525287 0.11108, -0.394115 0.117446 0.911526, -0.826174 0.45773 0.328511, -0.64181 -0.467686 0.607741, 
              -0.962922 0.267569 0.034457, -0.858101 0.375896 0.349806]
            }
            coordIndex [
              0, 1, 2, -1,0, 2, 3, -1,4, 1, 0, -1,5, 4, 0, -1,5, 0, 3, -1,4, 6, 1, -1,6, 7, 1, -1,
              1, 7, 8, -1,1, 8, 2, -1,3, 2, 9, -1,2, 8, 10, -1,2, 10, 9, -1,3, 9, 11, -1,5, 3, 
              11, -1,12, 6, 4, -1,5, 12, 4, -1,5, 13, 12, -1,5, 11, 14, -1,5, 14, 15, -1,5, 15, 
              13, -1,6, 16, 7, -1,12, 17, 6, -1,17, 16, 6, -1,16, 18, 7, -1,7, 18, 19, -1,7, 19, 
              8, -1,8, 19, 20, -1,8, 20, 10, -1,11, 9, 21, -1,9, 10, 22, -1,9, 22, 21, -1,10, 20, 
              23, -1,10, 23, 22, -1,11, 21, 14, -1,13, 17, 12, -1,13, 24, 17, -1,15, 24, 13, -1,
              14, 21, 25, -1,14, 25, 15, -1,15, 25, 24, -1,17, 26, 16, -1,26, 27, 16, -1,16, 27, 
              18, -1,24, 26, 17, -1,18, 27, 28, -1,19, 18, 28, -1,20, 19, 28, -1,23, 20, 28, -1,
              21, 22, 29, -1,21, 29, 25, -1,22, 23, 30, -1,22, 30, 29, -1,30, 23, 28, -1,24, 31, 
              26, -1,25, 31, 24, -1,25, 29, 31, -1,26, 32, 27, -1,31, 32, 26, -1,27, 32, 28, -1,
              32, 33, 28, -1,33, 30, 28, -1,29, 30, 33, -1,29, 33, 31, -1,31, 33, 32, -1
            ]
            normalPerVertex TRUE
            normalIndex [
              0, 1, 2, -1,0, 2, 3, -1,4, 1, 0, -1,5, 4, 0, -1,5, 0, 3, -1,4, 6, 1, -1,6, 7, 1, -1,
              1, 7, 8, -1,1, 8, 2, -1,3, 2, 9, -1,2, 8, 10, -1,2, 10, 9, -1,3, 9, 11, -1,5, 3, 
              11, -1,12, 6, 4, -1,5, 12, 4, -1,5, 13, 12, -1,5, 11, 14, -1,5, 14, 15, -1,5, 15, 
              13, -1,6, 16, 7, -1,12, 17, 6, -1,17, 16, 6, -1,16, 18, 7, -1,7, 18, 19, -1,7, 19, 
              8, -1,8, 19, 20, -1,8, 20, 10, -1,11, 9, 21, -1,9, 10, 22, -1,9, 22, 21, -1,10, 20, 
              23, -1,10, 23, 22, -1,11, 21, 14, -1,13, 17, 12, -1,13, 24, 17, -1,15, 24, 13, -1,
              14, 21, 25, -1,14, 25, 15, -1,15, 25, 24, -1,17, 26, 16, -1,26, 27, 16, -1,16, 27, 
              18, -1,24, 26, 17, -1,18, 27, 28, -1,19, 18, 28, -1,20, 19, 28, -1,23, 20, 28, -1,
              21, 22, 29, -1,21, 29, 25, -1,22, 23, 30, -1,22, 30, 29, -1,30, 23, 28, -1,24, 31, 
              26, -1,25, 31, 24, -1,25, 29, 31, -1,26, 32, 27, -1,31, 32, 26, -1,27, 32, 28, -1,
              32, 33, 28, -1,33, 30, 28, -1,29, 30, 33, -1,29, 33, 31, -1,31, 33, 32, -1
            ]
          }
        }
      ]
    }
  ]
}
DEF object31 Transform {
  children [
    DEF object7 Transform {
      children [
        Shape {
          appearance Appearance {
            material Material {
              diffuseColor 0.800000 0.800000 0.800000
              emissiveColor 0.000000 0.000000 0.000000
              specularColor 0.400000 0.400000 0.400000
              ambientIntensity 0.200000
              shininess 0.250000
            }
          }
          geometry IndexedFaceSet {
            coord Coordinate { point [
              # points 47
              0.008651 -0.003654 0.013486, 0.003194 -0.004816 0.014902, 0.004714 -0.002639 0.013221, 0.008519 -0.002234 0.012494, 
              0.007812 -0.004233 0.013966, 0.009526 -0.000886 0.01309, 0.003378 -0.005259 0.015955, -0.001586 -0.010303 0.018955, 
              0.001598 -0.005798 0.013862, 0.005228 0.000989 0.012478, 0.002565 0.000164 0.009697, 0.008777 0.00067 0.011485, 
              0.009424 -0.004055 0.01438, 0.010129 0.003693 0.011317, 0.011108 0.004234 0.012773, 0.010921 0.000117 0.013682, 
              0.010394 -0.00251 0.014217, -0.000443 -0.010596 0.021722, 0.007036 -0.005017 0.015536, -0.007378 -0.007607 0.022133, 
              -0.008734 -0.003699 0.019655, -0.004564 0.002543 0.016396, 0.007573 0.004745 0.01152, 0.007175 0.006446 0.012876, 
              0.001211 0.006414 0.017896, 0.010631 0.005947 0.013874, 0.010505 0.001622 0.015874, 0.009455 -0.002457 0.0173, 
              0.005947 -0.006116 0.016316, -0.003445 -0.008625 0.023809, -0.00605 -0.002591 0.022948, -0.006303 -0.000753 0.021163, 
              -0.004049 0.001432 0.019848, -0.001079 0.003642 0.020304, 0.008431 0.006728 0.016217, 0.002958 0.007761 0.020606, 
              -1.4e-005 0.005553 0.02014, 0.009778 0.002816 0.017275, 0.009301 -0.00021 0.022569, 0.001263 -0.003095 0.023733, 
              -0.004316 -0.001649 0.023102, -0.002407 0.001262 0.021798, 0.002356 0.006147 0.023485, 0.000284 0.003298 0.022451, 
              0.005603 0.003526 0.024965, -0.001496 0.000393 0.022467, 0.001367 0.002032 0.023759]
            }
            creaseAngle 0.610865
            normal Normal { vector [
              # normals 47
              0.316139 -0.651947 -0.689218, 0.298793 -0.774541 -0.557502, 0.272832 -0.52959 -0.803179, 0.221933 -0.381047 -0.897524, 
              0.264364 -0.86244 -0.431636, 0.699084 -0.327982 -0.635382, 0.215297 -0.857637 -0.467018, 0.050278 -0.882167 -0.468246, 
              -0.004247 -0.637336 -0.770574, 0.002384 -0.143363 -0.989667, 0.098744 0.009279 -0.99507, 0.179538 -0.231876 -0.956033, 
              0.381921 -0.775465 -0.502783, 0.550916 0.147954 -0.821341, 0.936894 0.034749 -0.347882, 0.9588 -0.185569 -0.215099, 
              0.866847 -0.491218 -0.08533, -0.109733 -0.981016 -0.159892, 0.33463 -0.896154 -0.291429, -0.782748 -0.470625 0.407207, 
              -0.940557 0.092249 -0.326869, -0.788778 0.554499 -0.265255, -0.026188 0.505273 -0.862562, 0.040032 0.770068 -0.636704, 
              -0.562875 0.781711 -0.268515, 0.762863 0.637971 -0.105042, 0.968648 0.026566 0.247013, 0.858823 -0.463438 0.218286, 
              0.614424 -0.645876 0.45313, 0.050079 -0.247647 0.967555, -0.500727 0.312119 0.807375, -0.71393 0.537057 0.449303, 
              -0.632447 0.71115 0.307043, -0.735957 0.651285 0.184921, 0.575101 0.800502 0.168687, -0.324078 0.930462 0.170923, 
              -0.749135 0.629894 0.205013, 0.797359 0.443456 0.409348, 0.816441 -0.251649 0.519709, 0.147637 -0.224111 0.963316, 
              -0.161778 0.32273 0.932563, -0.520263 0.551404 0.652135, -0.005681 0.664527 0.747243, -0.638235 0.475724 0.605262, 
              0.205404 0.136835 0.969064, -0.227845 0.094733 0.969078, -0.426438 0.063732 0.902269]
            }
            coordIndex [
              0, 1, 2, -1,0, 2, 3, -1,4, 1, 0, -1,5, 0, 3, -1,5, 4, 0, -1,4, 6, 1, -1,1, 7, 8, -1,
              1, 8, 2, -1,6, 7, 1, -1,3, 2, 9, -1,2, 8, 10, -1,2, 10, 9, -1,3, 9, 11, -1,5, 3, 
              11, -1,12, 6, 4, -1,5, 12, 4, -1,5, 11, 13, -1,5, 13, 14, -1,5, 14, 15, -1,5, 15, 
              16, -1,5, 16, 12, -1,6, 17, 7, -1,12, 18, 6, -1,18, 17, 6, -1,7, 19, 20, -1,7, 20, 
              8, -1,17, 19, 7, -1,8, 20, 21, -1,8, 21, 10, -1,11, 9, 22, -1,9, 10, 23, -1,9, 23, 
              22, -1,10, 21, 24, -1,10, 24, 23, -1,11, 22, 13, -1,16, 18, 12, -1,13, 22, 25, -1,
              13, 25, 14, -1,14, 25, 26, -1,14, 26, 15, -1,15, 26, 27, -1,15, 27, 16, -1,16, 27, 
              18, -1,18, 28, 17, -1,17, 29, 19, -1,28, 29, 17, -1,27, 28, 18, -1,19, 30, 31, -1,
              19, 31, 20, -1,29, 30, 19, -1,20, 31, 32, -1,20, 32, 21, -1,21, 32, 33, -1,21, 33, 
              24, -1,22, 23, 34, -1,22, 34, 25, -1,23, 24, 35, -1,23, 35, 34, -1,24, 33, 36, -1,
              24, 36, 35, -1,25, 34, 37, -1,25, 37, 26, -1,26, 37, 38, -1,26, 38, 27, -1,27, 38, 
              28, -1,28, 39, 29, -1,38, 39, 28, -1,29, 40, 30, -1,39, 40, 29, -1,31, 30, 41, -1,
              30, 40, 41, -1,32, 31, 41, -1,33, 32, 41, -1,36, 33, 41, -1,34, 35, 42, -1,34, 42, 
              37, -1,35, 36, 43, -1,35, 43, 42, -1,43, 36, 41, -1,37, 42, 44, -1,37, 44, 38, -1,
              38, 44, 39, -1,39, 45, 40, -1,44, 45, 39, -1,40, 45, 41, -1,45, 46, 41, -1,46, 43, 
              41, -1,42, 43, 46, -1,42, 46, 44, -1,44, 46, 45, -1
            ]
            normalPerVertex TRUE
            normalIndex [
              0, 1, 2, -1,0, 2, 3, -1,4, 1, 0, -1,5, 0, 3, -1,5, 4, 0, -1,4, 6, 1, -1,1, 7, 8, -1,
              1, 8, 2, -1,6, 7, 1, -1,3, 2, 9, -1,2, 8, 10, -1,2, 10, 9, -1,3, 9, 11, -1,5, 3, 
              11, -1,12, 6, 4, -1,5, 12, 4, -1,5, 11, 13, -1,5, 13, 14, -1,5, 14, 15, -1,5, 15, 
              16, -1,5, 16, 12, -1,6, 17, 7, -1,12, 18, 6, -1,18, 17, 6, -1,7, 19, 20, -1,7, 20, 
              8, -1,17, 19, 7, -1,8, 20, 21, -1,8, 21, 10, -1,11, 9, 22, -1,9, 10, 23, -1,9, 23, 
              22, -1,10, 21, 24, -1,10, 24, 23, -1,11, 22, 13, -1,16, 18, 12, -1,13, 22, 25, -1,
              13, 25, 14, -1,14, 25, 26, -1,14, 26, 15, -1,15, 26, 27, -1,15, 27, 16, -1,16, 27, 
              18, -1,18, 28, 17, -1,17, 29, 19, -1,28, 29, 17, -1,27, 28, 18, -1,19, 30, 31, -1,
              19, 31, 20, -1,29, 30, 19, -1,20, 31, 32, -1,20, 32, 21, -1,21, 32, 33, -1,21, 33, 
              24, -1,22, 23, 34, -1,22, 34, 25, -1,23, 24, 35, -1,23, 35, 34, -1,24, 33, 36, -1,
              24, 36, 35, -1,25, 34, 37, -1,25, 37, 26, -1,26, 37, 38, -1,26, 38, 27, -1,27, 38, 
              28, -1,28, 39, 29, -1,38, 39, 28, -1,29, 40, 30, -1,39, 40, 29, -1,31, 30, 41, -1,
              30, 40, 41, -1,32, 31, 41, -1,33, 32, 41, -1,36, 33, 41, -1,34, 35, 42, -1,34, 42, 
              37, -1,35, 36, 43, -1,35, 43, 42, -1,43, 36, 41, -1,37, 42, 44, -1,37, 44, 38, -1,
              38, 44, 39, -1,39, 45, 40, -1,44, 45, 39, -1,40, 45, 41, -1,45, 46, 41, -1,46, 43, 
              41, -1,42, 43, 46, -1,42, 46, 44, -1,44, 46, 45, -1
            ]
          }
        }
      ]
    }
  ]
}
DEF object8 Transform {
  children [
    Shape {
      appearance Appearance {
        material Material {
          diffuseColor 0.800000 0.800000 0.800000
          emissiveColor 0.000000 0.000000 0.000000
          specularColor 0.400000 0.400000 0.400000
          ambientIntensity 0.200000
          shininess 0.250000
        }
      }
      geometry IndexedFaceSet {
        coord Coordinate { point [
          # points 201
          0.002197 -0.075619 0.027188, -0.001738 -0.079247 0.029445, 0.001362 -0.080068 0.027591, 0.009421 -0.07725 0.026892, 
          0.005071 -0.079289 0.026629, 0.002544 -0.081824 0.027934, 0.0001 -0.074281 0.028197, 0.001875 -0.069409 0.026805, 
          0.005755 -0.073238 0.026672, -0.001636 -0.078906 0.019707, 0.000194 -0.081294 0.024459, 0.002446 -0.083583 0.025795, 
          -0.001936 -0.072851 0.02935, -0.002344 -0.076068 0.02408, 0.009791 -0.078757 0.024142, 0.007716 -0.080444 0.024775, 
          0.006118 -0.082462 0.024503, 0.009529 -0.070671 0.025801, 0.009592 -0.074874 0.024725, 0.003956 -0.082972 0.022811, 
          -0.000816 -0.068148 0.027148, 0.000396 -0.06346 0.025557, 0.004498 -0.067177 0.025429, 0.001321 -0.078649 0.016711, 
          0.000717 -0.081132 0.020076, 0.001702 -0.083437 0.022895, -0.004065 -0.073263 0.017819, -0.000852 -0.075849 0.017221, 
          -0.003596 -0.066874 0.026877, -0.003652 -0.069973 0.022844, 0.00925 -0.078254 0.017093, 0.005175 -0.083011 0.018867, 
          0.005536 -0.083305 0.023566, 0.009622 -0.072817 0.022061, 0.009594 -0.075539 0.019898, 0.00619 -0.065169 0.023551, 
          0.008001 -0.068796 0.02322, 0.005068 -0.082288 0.01718, 0.001478 -0.083536 0.020989, -0.00227 -0.062116 0.02537, 
          -0.001166 -0.057508 0.024167, 0.002083 -0.06137 0.023875, 0.007899 -0.077997 0.013172, 0.003941 -0.080617 0.017013, 
          0.000972 -0.07258 0.014645, 0.004343 -0.075197 0.014313, -0.005013 -0.066911 0.017331, -0.002277 -0.069769 0.016071, 
          -0.004715 -0.060622 0.024882, -0.004748 -0.063705 0.021604, 0.006848 -0.080388 0.016578, 0.009711 -0.072332 0.0163, 
          0.008509 -0.075037 0.014823, 0.006661 -0.066524 0.021464, 0.007998 -0.069611 0.019333, 0.002912 -0.059342 0.022226, 
          0.005011 -0.06289 0.021982, -0.003478 -0.055969 0.023792, -0.001994 -0.051388 0.023111, 0.000243 -0.055265 0.022778, 
          0.007178 -0.071564 0.012727, -0.001 -0.066324 0.014487, 0.002498 -0.06961 0.014413, -0.005668 -0.060415 0.017325, 
          -0.00382 -0.063505 0.015865, -0.006034 -0.054361 0.023008, -0.005785 -0.057359 0.020596, 0.005995 -0.066773 0.01751, 
          0.006431 -0.069661 0.015581, 0.004278 -0.060526 0.020686, 0.004842 -0.063837 0.01909, 0.001217 -0.052824 0.021607, 
          0.002763 -0.056777 0.020837, -0.004218 -0.049727 0.022409, -0.002198 -0.04524 0.021966, -0.000538 -0.048936 0.021661, 
          0.00284 -0.067972 0.015793, -0.003598 -0.060369 0.01432, -0.000256 -0.064013 0.015032, -0.00672 -0.054044 0.017172, 
          -0.005413 -0.05727 0.015931, -0.006643 -0.047921 0.021552, -0.006743 -0.051 0.019605, 0.00243 -0.061528 0.0167, 
          0.002999 -0.064416 0.016383, 0.002645 -0.054417 0.018831, 0.002557 -0.05798 0.017931, 0.000825 -0.046291 0.019961, 
          0.001584 -0.050392 0.019451, -0.004348 -0.043398 0.021178, -0.002078 -0.039103 0.020732, -0.000604 -0.042572 0.020349, 
          0.000729 -0.06139 0.015527, -0.005665 -0.054251 0.014908, -0.002344 -0.057708 0.014782, -0.007574 -0.047673 0.016689, 
          -0.00665 -0.050952 0.015983, -0.006472 -0.041333 0.020464, -0.007162 -0.044548 0.01866, 0.000874 -0.055451 0.015507, 
          0.000799 -0.058297 0.015527, 0.00165 -0.048032 0.0174, 0.001355 -0.051712 0.016542, 0.001036 -0.039652 0.018741, 
          0.001202 -0.043853 0.018248, -0.004185 -0.037025 0.02014, -0.002063 -0.032903 0.019894, -0.000513 -0.036142 0.019565, 
          -0.000841 -0.054823 0.014375, -0.006644 -0.047843 0.015162, -0.003822 -0.051377 0.014428, -0.00796 -0.041262 0.015932, 
          -0.007266 -0.044529 0.015594, -0.006128 -0.034763 0.01947, -0.00713 -0.038052 0.017746, 0.000252 -0.048946 0.014427, 
          -0.000462 -0.051953 0.014394, 0.001294 -0.04144 0.016887, 0.000716 -0.045205 0.015625, 0.001054 -0.032913 0.018895, 
          0.001262 -0.037215 0.017728, -0.004037 -0.030619 0.019379, -0.002113 -0.026648 0.019543, -0.000685 -0.029682 0.019431, 
          -0.002136 -0.048593 0.013266, -0.006887 -0.041339 0.014594, -0.004596 -0.044968 0.013827, -0.007957 -0.034852 0.015118, 
          -0.007403 -0.038092 0.014803, -0.005844 -0.028164 0.018607, -0.006957 -0.031552 0.016908, -0.000328 -0.042404 0.013781, 
          -0.001232 -0.04551 0.013439, 0.001664 -0.034859 0.016389, 0.000537 -0.038677 0.015041, 0.000382 -0.026265 0.019389, 
          0.001305 -0.030596 0.017485, -0.004028 -0.024197 0.018866, -0.001961 -0.020387 0.019536, -0.000807 -0.023146 0.019424, 
          -0.002718 -0.042094 0.012283, -0.00681 -0.034913 0.01357, -0.00474 -0.038456 0.012934, -0.007901 -0.028431 0.014437, 
          -0.007344 -0.031675 0.013896, -0.006192 -0.021589 0.017777, -0.007014 -0.025044 0.016199, -0.00048 -0.036005 0.013106, 
          -0.001517 -0.038995 0.012614, 0.00212 -0.028347 0.01527, 0.000942 -0.03224 0.014102, 0.000463 -0.019287 0.019227, 
          0.00145 -0.023945 0.017015, -0.00439 -0.01778 0.018265, -0.002322 -0.01414 0.019392, -2e-005 -0.016863 0.019323, 
          -0.002545 -0.035477 0.011286, -0.006707 -0.028504 0.012461, -0.004481 -0.031961 0.011839, -0.008117 -0.021993 0.013976, 
          -0.007399 -0.025266 0.012998, -0.007086 -0.015007 0.016356, -0.007567 -0.01856 0.015279, 0.000464 -0.029749 0.011643, 
          -0.001105 -0.032545 0.011518, 0.002837 -0.02188 0.014175, 0.001631 -0.025874 0.012761, 0.003742 -0.013638 0.019139, 
          0.00309 -0.017645 0.016747, -0.00379 -0.011172 0.018412, -0.001417 -0.008363 0.020018, 0.001414 -0.011459 0.019098, 
          -0.001861 -0.028949 0.01004, -0.00687 -0.022142 0.01112, -0.004359 -0.025577 0.010427, -0.008873 -0.015652 0.013007, 
          -0.007903 -0.018944 0.011825, -0.004336 -0.007177 0.017882, -0.007188 -0.011841 0.014831, 0.001103 -0.023524 0.009957, 
          -0.000573 -0.026234 0.009932, 0.00532 -0.015771 0.014446, 0.002817 -0.019668 0.01158, 0.005653 -0.009694 0.017843, 
          0.005098 -0.012149 0.016497, -0.002335 -0.008218 0.013694, -0.001999 -0.022712 0.008088, -0.007755 -0.015988 0.0092, 
          -0.004943 -0.019299 0.008742, -0.008456 -0.009527 0.012081, -0.008326 -0.012708 0.011016, 0.002013 -0.017494 0.00774, 
          -0.000508 -0.020022 0.008086, 0.005678 -0.009491 0.014556, 0.003748 -0.013466 0.010978, 0.001927 -0.007989 0.005968, 
          -0.004556 -0.007668 0.007348, -0.008221 -0.00967 0.00978, -0.003148 -0.016354 0.00656, -0.005921 -0.012743 0.008163, 
          -0.001986 -0.013455 0.006339]
        }
        creaseAngle 0.610865
        normal Normal { vector [
          # normals 201
          -0.014967 0.218473 0.975728, -0.580652 -0.280139 0.764438, -0.250766 -0.035337 0.967403, 0.368869 -0.116867 0.922105, 
          0.058559 -0.045375 0.997252, -0.018858 -0.297439 0.954555, 0.254467 0.203586 0.94541, 0.04016 0.356105 0.933583, 
          -0.142436 0.284279 0.948102, -0.700704 -0.588328 -0.403589, -0.775717 -0.628973 -0.051533, -0.340434 -0.800201 0.493744, 
          -0.71251 0.203073 0.671633, -0.97403 -0.182178 -0.13445, 0.859462 -0.334341 0.386705, 0.570674 -0.573527 0.587706, 
          0.188152 -0.58923 0.785752, 0.597401 0.431249 0.676118, 0.948513 0.031668 0.315151, -0.055124 -0.951644 0.302217, 
          -0.060465 0.48843 0.870506, 0.016799 0.464448 0.885441, 0.073042 0.535559 0.841333, -0.335513 -0.566098 -0.75297, 
          -0.682464 -0.592267 -0.428326, -0.561841 -0.826793 -0.027339, -0.758436 -0.359743 -0.54347, -0.352929 -0.504684 -0.787867, 
          -0.807306 0.248145 0.535427, -0.988704 -0.134704 -0.065728, 0.918177 -0.391465 0.060877, 0.385579 -0.922142 0.03136, 
          0.267516 -0.820872 0.504583, 0.960063 0.219197 0.17387, 0.972334 -0.038691 0.230368, 0.627243 0.583444 0.515906, 
          0.917314 0.398163 0.000471, 0.042273 -0.927576 -0.371236, -0.403886 -0.846447 -0.346992, -0.211414 0.434696 0.87541, 
          0.017083 0.420469 0.907146, 0.25866 0.509775 0.820503, 0.453589 -0.61193 -0.647919, -0.270968 -0.634402 -0.723955, 
          -0.152891 -0.34821 -0.924864, -0.122256 -0.368658 -0.92149, -0.791919 -0.217868 -0.570437, -0.308427 -0.307267 -0.900255, 
          -0.842809 0.202073 0.498838, -0.990059 -0.090921 -0.107315, 0.67857 -0.734536 0.000319, 0.971314 0.225283 -0.076131, 
          0.972694 -0.109177 -0.204811, 0.916523 0.395502 0.059706, 0.874079 0.476497 0.09453, 0.547732 0.467152 0.694088, 
          0.835539 0.46531 0.292167, -0.325018 0.378827 0.866518, -0.050471 0.366271 0.929138, 0.270623 0.353756 0.895332, 
          0.526696 0.167304 -0.833427, 0.082308 -0.189486 -0.978428, 0.278984 0.159707 -0.946922, -0.866434 -0.197942 -0.458378, 
          -0.485394 -0.308489 -0.818063, -0.873929 0.173544 0.454016, -0.982535 -0.143655 -0.118276, 0.833914 0.366716 -0.41244, 
          0.623357 0.568004 -0.537399, 0.937561 0.314201 0.149188, 0.92588 0.342131 -0.160289, 0.573964 0.335403 0.747041, 
          0.758468 0.366261 0.539054, -0.414422 0.352003 0.839255, -0.038128 0.353798 0.934544, 0.323329 0.342931 0.881962, 
          0.573352 0.240582 -0.783191, -0.076287 -0.251548 -0.964834, 0.554095 -0.076435 -0.828937, -0.904855 -0.182347 -0.384692, 
          -0.705801 -0.277526 -0.651786, -0.856854 0.220304 0.466119, -0.992811 -0.063782 -0.101285, 0.878617 0.074594 -0.471665, 
          0.7004 0.008461 -0.713701, 0.97674 0.15835 0.144586, 0.971283 0.030111 -0.236016, 0.649389 0.235716 0.723002, 
          0.844174 0.217798 0.489832, -0.407562 0.34616 0.845024, -0.048427 0.314532 0.948011, 0.345813 0.280505 0.895394, 
          0.618238 -0.120825 -0.776648, -0.3412 -0.247044 -0.906947, 0.326073 -0.192371 -0.925565, -0.908614 -0.123982 -0.398809, 
          -0.741726 -0.211064 -0.636627, -0.809307 0.26218 0.525627, -0.99793 0.062386 -0.015613, 0.87849 -0.111797 -0.464496, 
          0.748465 -0.160565 -0.643444, 0.988826 0.056649 0.137891, 0.977006 -0.055971 -0.205732, 0.657755 0.138222 0.740441, 
          0.895502 0.072424 0.439125, -0.387704 0.312096 0.867342, -0.175402 0.256213 0.950573, 0.18961 0.203505 0.960538, 
          0.454739 -0.261424 -0.851393, -0.44036 -0.23282 -0.867109, -0.016714 -0.276972 -0.960733, -0.91052 -0.066002 -0.408162, 
          -0.65151 -0.194703 -0.733229, -0.792804 0.256652 0.552804, -0.988096 0.132779 0.077692, 0.864455 -0.149431 -0.479988, 
          0.679337 -0.229446 -0.697034, 0.99315 -0.036513 0.110994, 0.97798 -0.054735 -0.201394, 0.535579 0.125641 0.835086, 
          0.88953 0.014077 0.45666, -0.448159 0.262666 0.854494, -0.332038 0.207523 0.920155, -0.063498 0.171173 0.983193, 
          0.282058 -0.30457 -0.909769, -0.443361 -0.235496 -0.864854, -0.217029 -0.285041 -0.933622, -0.930049 -0.025179 -0.366571, 
          -0.613901 -0.185697 -0.767231, -0.81366 0.208895 0.542513, -0.979219 0.142766 0.14404, 0.878279 -0.158543 -0.451098, 
          0.681337 -0.218096 -0.698723, 0.984377 -0.090448 0.151066, 0.962026 -0.143292 -0.232323, 0.380692 0.147501 0.912862, 
          0.842383 0.084222 0.532257, -0.560099 0.217773 0.79929, -0.398499 0.190848 0.897093, -0.16586 0.183541 0.968919, 
          0.267497 -0.30662 -0.913471, -0.452278 -0.23641 -0.859974, -0.258515 -0.272417 -0.9268, -0.955426 -0.026323 -0.294054, 
          -0.665142 -0.161551 -0.729031, -0.848985 0.166057 0.501646, -0.977808 0.082979 0.19237, 0.879843 -0.26264 -0.396103, 
          0.762895 -0.242762 -0.599215, 0.956223 -0.087848 0.279143, 0.957142 -0.2533 -0.140425, 0.294723 0.030075 0.955109, 
          0.772597 0.056969 0.632336, -0.681315 0.210253 0.701144, -0.476712 0.170353 0.862395, -0.180376 0.172487 0.968356, 
          0.309794 -0.342704 -0.886895, -0.489339 -0.259293 -0.832655, -0.233666 -0.280797 -0.930889, -0.975343 -0.070826 -0.209022, 
          -0.747418 -0.166453 -0.643163, -0.875504 0.189055 0.444691, -0.974742 0.053651 0.216792, 0.865922 -0.343336 -0.363729, 
          0.725351 -0.374792 -0.577406, 0.899383 -0.219765 0.377908, 0.972503 -0.22761 -0.049308, 0.311901 -0.012959 0.950026, 
          0.603593 -0.294451 0.740928, -0.750868 0.161511 0.6404, -0.230826 0.596901 0.768393, -0.080501 0.203009 0.975862, 
          0.255426 -0.411671 -0.874806, -0.571343 -0.325781 -0.753282, -0.273643 -0.372949 -0.886582, -0.988253 0.009936 -0.152503, 
          -0.82316 -0.248079 -0.510749, -0.712644 0.643383 0.279637, -0.943255 0.254236 0.213622, 0.842442 -0.387873 -0.37396, 
          0.651379 -0.408112 -0.639648, 0.928597 -0.230303 0.290979, 0.935453 -0.353093 -0.015925, 0.546684 0.512142 0.662455, 
          0.85954 -0.158755 0.485786, 0.077603 0.984752 -0.155697, 0.175845 -0.449531 -0.875785, -0.619505 -0.245169 -0.745725, 
          -0.302075 -0.439646 -0.84585, -0.834287 0.497717 -0.237155, -0.894153 -0.044605 -0.445534, 0.775673 -0.360822 -0.517822, 
          0.503103 -0.425329 -0.752318, 0.938611 0.336293 0.07692, 0.979254 -0.127866 -0.157198, 0.718046 0.341976 -0.606187, 
          -0.19313 0.328555 -0.924528, -0.655468 0.341938 -0.673379, 0.025531 -0.319824 -0.947133, -0.290218 -0.134149 -0.947511, 
          0.216959 -0.226216 -0.949608]
        }
        coordIndex [
          0, 1, 2, -1,3, 0, 4, -1,5, 0, 2, -1,1, 0, 6, -1,0, 7, 6, -1,0, 5, 4, -1,7, 0, 8, -1,
          0, 3, 8, -1,1, 9, 10, -1,1, 11, 2, -1,12, 1, 6, -1,11, 1, 10, -1,9, 1, 13, -1,1, 
          12, 13, -1,11, 5, 2, -1,14, 3, 15, -1,3, 16, 15, -1,17, 3, 18, -1,3, 14, 18, -1,16, 
          3, 4, -1,3, 17, 8, -1,5, 16, 4, -1,5, 11, 19, -1,16, 5, 19, -1,7, 12, 6, -1,17, 7, 
          8, -1,12, 7, 20, -1,7, 21, 20, -1,21, 7, 22, -1,7, 17, 22, -1,9, 23, 24, -1,9, 25, 
          10, -1,26, 9, 13, -1,25, 9, 24, -1,23, 9, 27, -1,9, 26, 27, -1,25, 11, 10, -1,11, 
          25, 19, -1,12, 26, 13, -1,28, 12, 20, -1,26, 12, 29, -1,12, 28, 29, -1,30, 14, 31, -1,
          32, 31, 14, -1,33, 14, 34, -1,14, 30, 34, -1,32, 14, 15, -1,14, 33, 18, -1,16, 32, 
          15, -1,32, 16, 19, -1,33, 17, 18, -1,35, 17, 36, -1,17, 33, 36, -1,17, 35, 22, -1,
          31, 32, 19, -1,37, 31, 19, -1,38, 37, 19, -1,25, 38, 19, -1,21, 28, 20, -1,35, 21, 
          22, -1,28, 21, 39, -1,21, 40, 39, -1,40, 21, 41, -1,21, 35, 41, -1,23, 42, 43, -1,
          23, 38, 24, -1,44, 23, 27, -1,38, 23, 43, -1,42, 23, 45, -1,23, 44, 45, -1,38, 25, 
          24, -1,26, 44, 27, -1,46, 26, 29, -1,44, 26, 47, -1,26, 46, 47, -1,28, 46, 29, -1,
          48, 28, 39, -1,46, 28, 49, -1,28, 48, 49, -1,42, 30, 50, -1,30, 31, 50, -1,51, 30, 
          52, -1,30, 42, 52, -1,30, 51, 34, -1,31, 37, 50, -1,51, 33, 34, -1,53, 33, 54, -1,
          33, 51, 54, -1,33, 53, 36, -1,53, 35, 36, -1,55, 35, 56, -1,35, 53, 56, -1,35, 55, 
          41, -1,42, 37, 43, -1,37, 38, 43, -1,37, 42, 50, -1,40, 48, 39, -1,55, 40, 41, -1,
          48, 40, 57, -1,40, 58, 57, -1,58, 40, 59, -1,40, 55, 59, -1,60, 42, 45, -1,42, 60, 
          52, -1,44, 60, 45, -1,61, 44, 47, -1,60, 44, 62, -1,44, 61, 62, -1,46, 61, 47, -1,
          63, 46, 49, -1,61, 46, 64, -1,46, 63, 64, -1,48, 63, 49, -1,65, 48, 57, -1,63, 48, 
          66, -1,48, 65, 66, -1,60, 51, 52, -1,67, 51, 68, -1,51, 60, 68, -1,51, 67, 54, -1,
          67, 53, 54, -1,69, 53, 70, -1,53, 67, 70, -1,53, 69, 56, -1,69, 55, 56, -1,71, 55, 
          72, -1,55, 69, 72, -1,55, 71, 59, -1,58, 65, 57, -1,71, 58, 59, -1,65, 58, 73, -1,
          58, 74, 73, -1,74, 58, 75, -1,58, 71, 75, -1,76, 60, 62, -1,60, 76, 68, -1,61, 76, 
          62, -1,77, 61, 64, -1,76, 61, 78, -1,61, 77, 78, -1,63, 77, 64, -1,79, 63, 66, -1,
          77, 63, 80, -1,63, 79, 80, -1,65, 79, 66, -1,81, 65, 73, -1,79, 65, 82, -1,65, 81, 
          82, -1,76, 67, 68, -1,83, 67, 84, -1,67, 76, 84, -1,67, 83, 70, -1,83, 69, 70, -1,
          85, 69, 86, -1,69, 83, 86, -1,69, 85, 72, -1,85, 71, 72, -1,87, 71, 88, -1,71, 85, 
          88, -1,71, 87, 75, -1,74, 81, 73, -1,87, 74, 75, -1,81, 74, 89, -1,74, 90, 89, -1,
          90, 74, 91, -1,74, 87, 91, -1,92, 76, 78, -1,76, 92, 84, -1,77, 92, 78, -1,93, 77, 
          80, -1,92, 77, 94, -1,77, 93, 94, -1,79, 93, 80, -1,95, 79, 82, -1,93, 79, 96, -1,
          79, 95, 96, -1,81, 95, 82, -1,97, 81, 89, -1,95, 81, 98, -1,81, 97, 98, -1,92, 83, 
          84, -1,99, 83, 100, -1,83, 92, 100, -1,83, 99, 86, -1,99, 85, 86, -1,101, 85, 102, -1,
          85, 99, 102, -1,85, 101, 88, -1,101, 87, 88, -1,103, 87, 104, -1,87, 101, 104, -1,
          87, 103, 91, -1,90, 97, 89, -1,103, 90, 91, -1,97, 90, 105, -1,90, 106, 105, -1,106, 
          90, 107, -1,90, 103, 107, -1,108, 92, 94, -1,92, 108, 100, -1,93, 108, 94, -1,109, 
          93, 96, -1,108, 93, 110, -1,93, 109, 110, -1,95, 109, 96, -1,111, 95, 98, -1,109, 
          95, 112, -1,95, 111, 112, -1,97, 111, 98, -1,113, 97, 105, -1,111, 97, 114, -1,97, 
          113, 114, -1,108, 99, 100, -1,115, 99, 116, -1,99, 108, 116, -1,99, 115, 102, -1,
          115, 101, 102, -1,117, 101, 118, -1,101, 115, 118, -1,101, 117, 104, -1,117, 103, 
          104, -1,119, 103, 120, -1,103, 117, 120, -1,103, 119, 107, -1,106, 113, 105, -1,119, 
          106, 107, -1,113, 106, 121, -1,106, 122, 121, -1,122, 106, 123, -1,106, 119, 123, -1,
          124, 108, 110, -1,108, 124, 116, -1,109, 124, 110, -1,125, 109, 112, -1,124, 109, 
          126, -1,109, 125, 126, -1,111, 125, 112, -1,127, 111, 114, -1,125, 111, 128, -1,111, 
          127, 128, -1,113, 127, 114, -1,129, 113, 121, -1,127, 113, 130, -1,113, 129, 130, -1,
          124, 115, 116, -1,131, 115, 132, -1,115, 124, 132, -1,115, 131, 118, -1,131, 117, 
          118, -1,133, 117, 134, -1,117, 131, 134, -1,117, 133, 120, -1,133, 119, 120, -1,135, 
          119, 136, -1,119, 133, 136, -1,119, 135, 123, -1,122, 129, 121, -1,135, 122, 123, -1,
          129, 122, 137, -1,122, 138, 137, -1,138, 122, 139, -1,122, 135, 139, -1,140, 124, 
          126, -1,124, 140, 132, -1,125, 140, 126, -1,141, 125, 128, -1,140, 125, 142, -1,125, 
          141, 142, -1,127, 141, 128, -1,143, 127, 130, -1,141, 127, 144, -1,127, 143, 144, -1,
          129, 143, 130, -1,145, 129, 137, -1,143, 129, 146, -1,129, 145, 146, -1,140, 131, 
          132, -1,147, 131, 148, -1,131, 140, 148, -1,131, 147, 134, -1,147, 133, 134, -1,149, 
          133, 150, -1,133, 147, 150, -1,133, 149, 136, -1,149, 135, 136, -1,151, 135, 152, -1,
          135, 149, 152, -1,135, 151, 139, -1,138, 145, 137, -1,151, 138, 139, -1,145, 138, 
          153, -1,138, 154, 153, -1,154, 138, 155, -1,138, 151, 155, -1,156, 140, 142, -1,140, 
          156, 148, -1,141, 156, 142, -1,157, 141, 144, -1,156, 141, 158, -1,141, 157, 158, -1,
          143, 157, 144, -1,159, 143, 146, -1,157, 143, 160, -1,143, 159, 160, -1,145, 159, 
          146, -1,161, 145, 153, -1,159, 145, 162, -1,145, 161, 162, -1,156, 147, 148, -1,163, 
          147, 164, -1,147, 156, 164, -1,147, 163, 150, -1,163, 149, 150, -1,165, 149, 166, -1,
          149, 163, 166, -1,149, 165, 152, -1,165, 151, 152, -1,167, 151, 168, -1,151, 165, 
          168, -1,151, 167, 155, -1,154, 161, 153, -1,167, 154, 155, -1,161, 154, 169, -1,154, 
          170, 169, -1,170, 154, 171, -1,154, 167, 171, -1,172, 156, 158, -1,156, 172, 164, -1,
          157, 172, 158, -1,173, 157, 160, -1,172, 157, 174, -1,157, 173, 174, -1,159, 173, 
          160, -1,175, 159, 162, -1,173, 159, 176, -1,159, 175, 176, -1,161, 175, 162, -1,177, 
          161, 169, -1,175, 161, 178, -1,161, 177, 178, -1,172, 163, 164, -1,179, 163, 180, -1,
          163, 172, 180, -1,163, 179, 166, -1,179, 165, 166, -1,181, 165, 182, -1,165, 179, 
          182, -1,165, 181, 168, -1,181, 167, 168, -1,183, 167, 184, -1,167, 181, 184, -1,167, 
          183, 171, -1,170, 177, 169, -1,183, 170, 171, -1,185, 177, 170, -1,185, 170, 183, -1,
          186, 172, 174, -1,172, 186, 180, -1,173, 186, 174, -1,187, 173, 176, -1,186, 173, 
          188, -1,173, 187, 188, -1,175, 187, 176, -1,189, 175, 178, -1,187, 175, 190, -1,175, 
          189, 190, -1,177, 189, 178, -1,185, 189, 177, -1,186, 179, 180, -1,191, 179, 192, -1,
          179, 186, 192, -1,179, 191, 182, -1,191, 181, 182, -1,193, 181, 194, -1,181, 191, 
          194, -1,181, 193, 184, -1,193, 183, 184, -1,185, 183, 193, -1,185, 193, 195, -1,185, 
          195, 196, -1,185, 196, 197, -1,185, 197, 189, -1,198, 186, 188, -1,186, 198, 192, -1,
          187, 198, 188, -1,197, 187, 190, -1,198, 187, 199, -1,187, 197, 199, -1,189, 197, 
          190, -1,198, 191, 192, -1,195, 191, 200, -1,191, 198, 200, -1,191, 195, 194, -1,195, 
          193, 194, -1,196, 195, 200, -1,197, 196, 199, -1,196, 198, 199, -1,198, 196, 200, -1
        ]
        normalPerVertex TRUE
        normalIndex [
          0, 1, 2, -1,3, 0, 4, -1,5, 0, 2, -1,1, 0, 6, -1,0, 7, 6, -1,0, 5, 4, -1,7, 0, 8, -1,
          0, 3, 8, -1,1, 9, 10, -1,1, 11, 2, -1,12, 1, 6, -1,11, 1, 10, -1,9, 1, 13, -1,1, 
          12, 13, -1,11, 5, 2, -1,14, 3, 15, -1,3, 16, 15, -1,17, 3, 18, -1,3, 14, 18, -1,16, 
          3, 4, -1,3, 17, 8, -1,5, 16, 4, -1,5, 11, 19, -1,16, 5, 19, -1,7, 12, 6, -1,17, 7, 
          8, -1,12, 7, 20, -1,7, 21, 20, -1,21, 7, 22, -1,7, 17, 22, -1,9, 23, 24, -1,9, 25, 
          10, -1,26, 9, 13, -1,25, 9, 24, -1,23, 9, 27, -1,9, 26, 27, -1,25, 11, 10, -1,11, 
          25, 19, -1,12, 26, 13, -1,28, 12, 20, -1,26, 12, 29, -1,12, 28, 29, -1,30, 14, 31, -1,
          32, 31, 14, -1,33, 14, 34, -1,14, 30, 34, -1,32, 14, 15, -1,14, 33, 18, -1,16, 32, 
          15, -1,32, 16, 19, -1,33, 17, 18, -1,35, 17, 36, -1,17, 33, 36, -1,17, 35, 22, -1,
          31, 32, 19, -1,37, 31, 19, -1,38, 37, 19, -1,25, 38, 19, -1,21, 28, 20, -1,35, 21, 
          22, -1,28, 21, 39, -1,21, 40, 39, -1,40, 21, 41, -1,21, 35, 41, -1,23, 42, 43, -1,
          23, 38, 24, -1,44, 23, 27, -1,38, 23, 43, -1,42, 23, 45, -1,23, 44, 45, -1,38, 25, 
          24, -1,26, 44, 27, -1,46, 26, 29, -1,44, 26, 47, -1,26, 46, 47, -1,28, 46, 29, -1,
          48, 28, 39, -1,46, 28, 49, -1,28, 48, 49, -1,42, 30, 50, -1,30, 31, 50, -1,51, 30, 
          52, -1,30, 42, 52, -1,30, 51, 34, -1,31, 37, 50, -1,51, 33, 34, -1,53, 33, 54, -1,
          33, 51, 54, -1,33, 53, 36, -1,53, 35, 36, -1,55, 35, 56, -1,35, 53, 56, -1,35, 55, 
          41, -1,42, 37, 43, -1,37, 38, 43, -1,37, 42, 50, -1,40, 48, 39, -1,55, 40, 41, -1,
          48, 40, 57, -1,40, 58, 57, -1,58, 40, 59, -1,40, 55, 59, -1,60, 42, 45, -1,42, 60, 
          52, -1,44, 60, 45, -1,61, 44, 47, -1,60, 44, 62, -1,44, 61, 62, -1,46, 61, 47, -1,
          63, 46, 49, -1,61, 46, 64, -1,46, 63, 64, -1,48, 63, 49, -1,65, 48, 57, -1,63, 48, 
          66, -1,48, 65, 66, -1,60, 51, 52, -1,67, 51, 68, -1,51, 60, 68, -1,51, 67, 54, -1,
          67, 53, 54, -1,69, 53, 70, -1,53, 67, 70, -1,53, 69, 56, -1,69, 55, 56, -1,71, 55, 
          72, -1,55, 69, 72, -1,55, 71, 59, -1,58, 65, 57, -1,71, 58, 59, -1,65, 58, 73, -1,
          58, 74, 73, -1,74, 58, 75, -1,58, 71, 75, -1,76, 60, 62, -1,60, 76, 68, -1,61, 76, 
          62, -1,77, 61, 64, -1,76, 61, 78, -1,61, 77, 78, -1,63, 77, 64, -1,79, 63, 66, -1,
          77, 63, 80, -1,63, 79, 80, -1,65, 79, 66, -1,81, 65, 73, -1,79, 65, 82, -1,65, 81, 
          82, -1,76, 67, 68, -1,83, 67, 84, -1,67, 76, 84, -1,67, 83, 70, -1,83, 69, 70, -1,
          85, 69, 86, -1,69, 83, 86, -1,69, 85, 72, -1,85, 71, 72, -1,87, 71, 88, -1,71, 85, 
          88, -1,71, 87, 75, -1,74, 81, 73, -1,87, 74, 75, -1,81, 74, 89, -1,74, 90, 89, -1,
          90, 74, 91, -1,74, 87, 91, -1,92, 76, 78, -1,76, 92, 84, -1,77, 92, 78, -1,93, 77, 
          80, -1,92, 77, 94, -1,77, 93, 94, -1,79, 93, 80, -1,95, 79, 82, -1,93, 79, 96, -1,
          79, 95, 96, -1,81, 95, 82, -1,97, 81, 89, -1,95, 81, 98, -1,81, 97, 98, -1,92, 83, 
          84, -1,99, 83, 100, -1,83, 92, 100, -1,83, 99, 86, -1,99, 85, 86, -1,101, 85, 102, -1,
          85, 99, 102, -1,85, 101, 88, -1,101, 87, 88, -1,103, 87, 104, -1,87, 101, 104, -1,
          87, 103, 91, -1,90, 97, 89, -1,103, 90, 91, -1,97, 90, 105, -1,90, 106, 105, -1,106, 
          90, 107, -1,90, 103, 107, -1,108, 92, 94, -1,92, 108, 100, -1,93, 108, 94, -1,109, 
          93, 96, -1,108, 93, 110, -1,93, 109, 110, -1,95, 109, 96, -1,111, 95, 98, -1,109, 
          95, 112, -1,95, 111, 112, -1,97, 111, 98, -1,113, 97, 105, -1,111, 97, 114, -1,97, 
          113, 114, -1,108, 99, 100, -1,115, 99, 116, -1,99, 108, 116, -1,99, 115, 102, -1,
          115, 101, 102, -1,117, 101, 118, -1,101, 115, 118, -1,101, 117, 104, -1,117, 103, 
          104, -1,119, 103, 120, -1,103, 117, 120, -1,103, 119, 107, -1,106, 113, 105, -1,119, 
          106, 107, -1,113, 106, 121, -1,106, 122, 121, -1,122, 106, 123, -1,106, 119, 123, -1,
          124, 108, 110, -1,108, 124, 116, -1,109, 124, 110, -1,125, 109, 112, -1,124, 109, 
          126, -1,109, 125, 126, -1,111, 125, 112, -1,127, 111, 114, -1,125, 111, 128, -1,111, 
          127, 128, -1,113, 127, 114, -1,129, 113, 121, -1,127, 113, 130, -1,113, 129, 130, -1,
          124, 115, 116, -1,131, 115, 132, -1,115, 124, 132, -1,115, 131, 118, -1,131, 117, 
          118, -1,133, 117, 134, -1,117, 131, 134, -1,117, 133, 120, -1,133, 119, 120, -1,135, 
          119, 136, -1,119, 133, 136, -1,119, 135, 123, -1,122, 129, 121, -1,135, 122, 123, -1,
          129, 122, 137, -1,122, 138, 137, -1,138, 122, 139, -1,122, 135, 139, -1,140, 124, 
          126, -1,124, 140, 132, -1,125, 140, 126, -1,141, 125, 128, -1,140, 125, 142, -1,125, 
          141, 142, -1,127, 141, 128, -1,143, 127, 130, -1,141, 127, 144, -1,127, 143, 144, -1,
          129, 143, 130, -1,145, 129, 137, -1,143, 129, 146, -1,129, 145, 146, -1,140, 131, 
          132, -1,147, 131, 148, -1,131, 140, 148, -1,131, 147, 134, -1,147, 133, 134, -1,149, 
          133, 150, -1,133, 147, 150, -1,133, 149, 136, -1,149, 135, 136, -1,151, 135, 152, -1,
          135, 149, 152, -1,135, 151, 139, -1,138, 145, 137, -1,151, 138, 139, -1,145, 138, 
          153, -1,138, 154, 153, -1,154, 138, 155, -1,138, 151, 155, -1,156, 140, 142, -1,140, 
          156, 148, -1,141, 156, 142, -1,157, 141, 144, -1,156, 141, 158, -1,141, 157, 158, -1,
          143, 157, 144, -1,159, 143, 146, -1,157, 143, 160, -1,143, 159, 160, -1,145, 159, 
          146, -1,161, 145, 153, -1,159, 145, 162, -1,145, 161, 162, -1,156, 147, 148, -1,163, 
          147, 164, -1,147, 156, 164, -1,147, 163, 150, -1,163, 149, 150, -1,165, 149, 166, -1,
          149, 163, 166, -1,149, 165, 152, -1,165, 151, 152, -1,167, 151, 168, -1,151, 165, 
          168, -1,151, 167, 155, -1,154, 161, 153, -1,167, 154, 155, -1,161, 154, 169, -1,154, 
          170, 169, -1,170, 154, 171, -1,154, 167, 171, -1,172, 156, 158, -1,156, 172, 164, -1,
          157, 172, 158, -1,173, 157, 160, -1,172, 157, 174, -1,157, 173, 174, -1,159, 173, 
          160, -1,175, 159, 162, -1,173, 159, 176, -1,159, 175, 176, -1,161, 175, 162, -1,177, 
          161, 169, -1,175, 161, 178, -1,161, 177, 178, -1,172, 163, 164, -1,179, 163, 180, -1,
          163, 172, 180, -1,163, 179, 166, -1,179, 165, 166, -1,181, 165, 182, -1,165, 179, 
          182, -1,165, 181, 168, -1,181, 167, 168, -1,183, 167, 184, -1,167, 181, 184, -1,167, 
          183, 171, -1,170, 177, 169, -1,183, 170, 171, -1,185, 177, 170, -1,185, 170, 183, -1,
          186, 172, 174, -1,172, 186, 180, -1,173, 186, 174, -1,187, 173, 176, -1,186, 173, 
          188, -1,173, 187, 188, -1,175, 187, 176, -1,189, 175, 178, -1,187, 175, 190, -1,175, 
          189, 190, -1,177, 189, 178, -1,185, 189, 177, -1,186, 179, 180, -1,191, 179, 192, -1,
          179, 186, 192, -1,179, 191, 182, -1,191, 181, 182, -1,193, 181, 194, -1,181, 191, 
          194, -1,181, 193, 184, -1,193, 183, 184, -1,185, 183, 193, -1,185, 193, 195, -1,185, 
          195, 196, -1,185, 196, 197, -1,185, 197, 189, -1,198, 186, 188, -1,186, 198, 192, -1,
          187, 198, 188, -1,197, 187, 190, -1,198, 187, 199, -1,187, 197, 199, -1,189, 197, 
          190, -1,198, 191, 192, -1,195, 191, 200, -1,191, 198, 200, -1,191, 195, 194, -1,195, 
          193, 194, -1,196, 195, 200, -1,197, 196, 199, -1,196, 198, 199, -1,198, 196, 200, -1
        ]
      }
    }
  ]
}
DEF object9 Transform {
  children [
    Shape {
      appearance Appearance {
        material Material {
          diffuseColor 0.800000 0.800000 0.800000
          emissiveColor 0.000000 0.000000 0.000000
          specularColor 0.400000 0.400000 0.400000
          ambientIntensity 0.200000
          shininess 0.250000
        }
      }
      geometry IndexedFaceSet {
        coord Coordinate { point [
          # points 106
          0.003962 -0.077673 0.00609, 0.000301 -0.081968 0.00747, 0.00522 -0.085291 0.003678, 0.004952 -0.083855 0.006033, 
          0.002967 -0.071537 0.006509, 0.011325 -0.078502 0.006248, 0.010769 -0.071858 0.006057, -0.000613 -0.075676 0.00821, 
          0.001117 -0.080235 -0.002085, 0.004691 -0.08481 0.000768, 0.006878 -0.084112 0.000955, 0.00883 -0.08363 0.002893, 
          0.000923 -0.065652 0.005931, 0.007012 -0.066461 0.00426, 0.012076 -0.079556 0.003369, 0.011396 -0.073429 0.002088, 
          0.007794 -0.06745 0.002064, -0.001783 -0.074658 -0.003421, -0.002745 -0.069608 0.006411, 0.004249 -0.079253 -0.004733, 
          0.004629 -0.084658 -0.001147, 0.008421 -0.084385 0.001801, 0.008395 -0.083464 -0.00283, 0.008337 -0.082523 -0.004408, 
          -0.001193 -0.059754 0.005207, 0.003206 -0.060868 0.003426, 0.004812 -0.061676 0.001874, 0.012028 -0.078113 -0.003571, 
          0.011874 -0.072123 -0.003523, 0.007468 -0.0672 -0.001933, 0.003405 -0.062283 -0.002364, -0.003406 -0.068431 -0.003143, 
          0.003374 -0.073021 -0.005996, -0.004409 -0.063282 0.005171, 0.010964 -0.07744 -0.00753, -0.002626 -0.053663 0.004903, 
          0.000835 -0.054535 0.003524, 0.002645 -0.055563 0.000705, 0.001265 -0.056288 -0.002877, 0.009554 -0.071116 -0.007181, 
          0.004612 -0.068456 -0.004078, 0.001794 -0.062154 -0.00366, -0.000418 -0.055683 -0.004068, 0.000722 -0.067039 -0.005502, 
          -0.004793 -0.062101 -0.002347, -0.006283 -0.056985 0.004034, -0.003439 -0.047467 0.004573, -0.000169 -0.047908 0.002733, 
          0.001046 -0.049175 5.1e-005, -7e-006 -0.049794 -0.003133, -0.002321 -0.049524 -0.004452, -0.002514 -0.061417 -0.005114, 
          -0.005302 -0.055688 -0.003911, -0.007019 -0.049513 -0.002898, -0.006545 -0.055913 -0.001747, -0.007504 -0.0505 0.003397, 
          -0.00392 -0.041237 0.004183, -0.000618 -0.041178 0.002433, -1.7e-005 -0.042647 0.000389, -0.001273 -0.04332 -0.002955, 
          -0.00356 -0.043045 -0.004611, -0.007955 -0.043053 -0.002616, -0.008076 -0.049658 -0.001454, -0.009129 -0.043277 -0.001384, 
          -0.007997 -0.043841 0.003216, -0.004545 -0.035011 0.004183, -0.001378 -0.034561 0.003483, -0.00036 -0.03606 0.000808, 
          -0.002098 -0.036939 -0.002784, -0.004062 -0.036371 -0.004699, -0.008528 -0.036574 -0.002763, -0.009792 -0.036851 -0.001335, 
          -0.008327 -0.037195 0.00314, -0.005277 -0.028807 0.004663, -0.002838 -0.028156 0.004793, -0.000559 -0.029442 0.000612, 
          -0.00176 -0.030475 -0.003306, -0.004032 -0.029696 -0.004996, -0.009068 -0.030095 -0.002997, -0.010412 -0.030426 -0.001147, 
          -0.008728 -0.030546 0.003196, -0.005837 -0.022627 0.005505, -0.003537 -0.021254 0.005569, -0.0005 -0.022846 0.000459, 
          -0.001704 -0.024041 -0.004083, -0.004724 -0.023292 -0.006106, -0.009849 -0.023657 -0.003489, -0.011321 -0.024043 -0.000766, 
          -0.009755 -0.023992 0.003217, -0.006893 -0.016492 0.00616, -0.000203 -0.015358 0.006457, 0.001244 -0.016618 0.001768, 
          -0.001233 -0.017715 -0.005104, -0.007048 -0.01441 -0.00722, -0.011274 -0.017414 -0.004646, -0.012716 -0.017738 -0.000947, 
          -0.012024 -0.017625 0.003227, -0.007074 -0.010695 0.00562, 0.002023 -0.009136 0.005652, 0.000859 -0.010145 0.002155, 
          -0.002681 -0.011243 -0.005635, -0.00862 -0.012321 -0.007562, -0.011739 -0.010217 -0.001642, -0.011295 -0.009737 0.001109, 
          -0.013543 -0.011445 0.003856, -0.008067 -0.009978 -0.000567]
        }
        creaseAngle 0.610865
        normal Normal { vector [
          # normals 106
          -0.188636 0.03945 0.981254, -0.517796 -0.440717 0.73325, -0.185025 -0.884212 0.428877, -0.082699 -0.660932 0.745875, 
          0.114719 0.172898 0.978236, 0.500895 -0.238805 0.831911, 0.573134 0.309536 0.758752, -0.746146 0.057043 0.663334, 
          -0.816738 -0.409577 -0.406431, -0.484394 -0.869 -0.100997, -0.064248 -0.991639 0.111915, 0.155341 -0.813025 0.561124, 
          0.076086 0.298236 0.951455, 0.561807 0.441849 0.699387, 0.838129 -0.464836 0.285425, 0.955998 0.190584 0.223038, 
          0.929862 0.364893 0.047015, -0.777309 -0.256376 -0.57451, -0.817298 0.135184 0.560133, -0.31658 -0.420755 -0.850143, 
          -0.314371 -0.864457 -0.392282, 0.139065 -0.948623 0.284211, 0.371286 -0.916779 -0.147186, -0.090973 -0.82032 -0.564622, 
          0.041673 0.224908 0.973488, 0.531638 0.317613 0.785164, 0.95591 0.263219 0.130199, 0.92499 -0.373635 -0.069207, 
          0.960948 0.263151 -0.085624, 0.865495 0.386834 -0.318241, 0.896091 0.171432 -0.409429, -0.774979 -0.090748 -0.625438, 
          -0.19566 -0.160696 -0.967416, -0.848965 0.100634 0.518778, 0.435005 -0.517755 -0.736682, -0.015462 0.189743 0.981712, 
          0.592045 0.172658 0.787192, 0.971446 0.123065 0.20285, 0.872904 -0.024542 -0.487274, 0.717866 0.305351 -0.625643, 
          0.657727 0.420131 -0.625207, 0.582257 0.059554 -0.81082, 0.421836 -0.089347 -0.902259, -0.035401 0.083155 -0.995908, 
          -0.843519 -0.122443 -0.522957, -0.88089 0.080978 0.466343, -0.03493 0.160923 0.986349, 0.661556 0.074174 0.746218, 
          0.985355 0.031796 0.167526, 0.864789 -0.061894 -0.498306, 0.258345 -0.130358 -0.957217, -0.083803 -0.05242 -0.995103, 
          -0.290992 -0.061955 -0.954717, -0.390827 -0.064976 -0.918168, -0.905129 -0.098925 -0.413467, -0.864238 0.122331 0.487984, 
          -0.086401 0.11247 0.989892, 0.668215 -0.018224 0.743745, 0.992297 -0.070292 0.10201, 0.892227 -0.075015 -0.445313, 
          0.242085 -0.121958 -0.96256, -0.43189 -0.063042 -0.89972, -0.92442 -0.021153 -0.380788, -0.921504 0.032124 -0.387039, 
          -0.819168 0.146623 0.554495, -0.211275 0.069049 0.974985, 0.549737 -0.032981 0.834686, 0.980076 -0.15099 0.129047, 
          0.875217 -0.189258 -0.445171, 0.311859 -0.150008 -0.938212, -0.466364 -0.055382 -0.882857, -0.929719 0.055192 -0.36411, 
          -0.807342 0.139611 0.57333, -0.321279 0.038955 0.946183, 0.385233 -0.031203 0.922292, 0.958677 -0.141583 0.246765, 
          0.848814 -0.271644 -0.453568, 0.260915 -0.243551 -0.934134, -0.50222 -0.073262 -0.861631, -0.950847 0.034494 -0.307733, 
          -0.827543 0.101256 0.552195, -0.367244 0.003576 0.930118, 0.294254 -0.217914 0.930553, 0.911708 -0.262844 0.315757, 
          0.839124 -0.277345 -0.467922, 0.202738 -0.280885 -0.938084, -0.58268 -0.171743 -0.794348, -0.960102 -0.046383 -0.275776, 
          -0.84663 0.022245 0.531717, -0.410948 0.133544 0.901825, 0.419648 -0.227014 0.87884, 0.930555 -0.301293 0.20806, 
          0.798867 -0.229043 -0.556193, 0.01233 -0.204618 -0.978764, -0.71076 0.001714 -0.703433, -0.913634 0.064776 -0.401345, 
          -0.862803 0.012262 0.505391, -0.30583 0.643846 0.701377, 0.32902 0.7188 0.612432, 0.945397 0.301294 -0.124283, 
          0.748589 0.400785 -0.528191, 0.201572 0.370066 -0.906874, -0.602752 0.554424 -0.57385, -0.61198 0.757337 -0.227863, 
          -0.617131 0.694017 0.370796, 0.222709 0.967318 -0.121229]
        }
        coordIndex [
          0, 1, 2, -1,0, 2, 3, -1,4, 1, 0, -1,5, 0, 3, -1,6, 4, 0, -1,6, 0, 5, -1,4, 7, 1, -1,
          1, 8, 9, -1,1, 9, 2, -1,7, 8, 1, -1,2, 9, 10, -1,3, 2, 10, -1,5, 3, 11, -1,11, 3, 
          10, -1,12, 7, 4, -1,13, 12, 4, -1,13, 4, 6, -1,14, 5, 11, -1,15, 6, 5, -1,15, 5, 
          14, -1,16, 13, 6, -1,16, 6, 15, -1,7, 17, 8, -1,12, 18, 7, -1,18, 17, 7, -1,8, 19, 
          20, -1,8, 20, 9, -1,17, 19, 8, -1,9, 20, 10, -1,21, 11, 10, -1,22, 21, 10, -1,23, 
          22, 10, -1,20, 23, 10, -1,14, 11, 21, -1,24, 18, 12, -1,25, 24, 12, -1,25, 12, 13, -1,
          26, 25, 13, -1,26, 13, 16, -1,27, 14, 22, -1,28, 15, 14, -1,28, 14, 27, -1,21, 22, 
          14, -1,29, 16, 15, -1,29, 15, 28, -1,30, 26, 16, -1,30, 16, 29, -1,18, 31, 17, -1,
          17, 32, 19, -1,31, 32, 17, -1,24, 33, 18, -1,33, 31, 18, -1,19, 34, 23, -1,19, 23, 
          20, -1,32, 34, 19, -1,34, 27, 22, -1,34, 22, 23, -1,35, 33, 24, -1,36, 35, 24, -1,
          36, 24, 25, -1,37, 36, 25, -1,37, 25, 26, -1,38, 37, 26, -1,38, 26, 30, -1,39, 28, 
          27, -1,39, 27, 34, -1,40, 29, 28, -1,40, 28, 39, -1,41, 30, 29, -1,41, 29, 40, -1,
          42, 38, 30, -1,42, 30, 41, -1,31, 43, 32, -1,33, 44, 31, -1,44, 43, 31, -1,32, 39, 
          34, -1,43, 39, 32, -1,35, 45, 33, -1,45, 44, 33, -1,46, 45, 35, -1,47, 46, 35, -1,
          47, 35, 36, -1,48, 47, 36, -1,48, 36, 37, -1,49, 48, 37, -1,49, 37, 38, -1,50, 49, 
          38, -1,50, 38, 42, -1,43, 40, 39, -1,51, 41, 40, -1,51, 40, 43, -1,52, 42, 41, -1,
          52, 41, 51, -1,53, 50, 42, -1,53, 42, 52, -1,44, 51, 43, -1,45, 54, 44, -1,54, 51, 
          44, -1,46, 55, 45, -1,55, 54, 45, -1,56, 55, 46, -1,57, 56, 46, -1,57, 46, 47, -1,
          58, 57, 47, -1,58, 47, 48, -1,59, 58, 48, -1,59, 48, 49, -1,60, 59, 49, -1,60, 49, 
          50, -1,61, 60, 50, -1,61, 50, 53, -1,54, 52, 51, -1,62, 53, 52, -1,62, 52, 54, -1,
          63, 61, 53, -1,63, 53, 62, -1,55, 62, 54, -1,56, 64, 55, -1,64, 62, 55, -1,65, 64, 
          56, -1,66, 65, 56, -1,66, 56, 57, -1,67, 66, 57, -1,67, 57, 58, -1,68, 67, 58, -1,
          68, 58, 59, -1,69, 68, 59, -1,69, 59, 60, -1,70, 69, 60, -1,70, 60, 61, -1,71, 70, 
          61, -1,71, 61, 63, -1,64, 63, 62, -1,72, 71, 63, -1,72, 63, 64, -1,65, 72, 64, -1,
          73, 72, 65, -1,74, 73, 65, -1,74, 65, 66, -1,75, 74, 66, -1,75, 66, 67, -1,76, 75, 
          67, -1,76, 67, 68, -1,77, 76, 68, -1,77, 68, 69, -1,78, 77, 69, -1,78, 69, 70, -1,
          79, 78, 70, -1,79, 70, 71, -1,80, 79, 71, -1,80, 71, 72, -1,73, 80, 72, -1,81, 80, 
          73, -1,82, 81, 73, -1,82, 73, 74, -1,83, 82, 74, -1,83, 74, 75, -1,84, 83, 75, -1,
          84, 75, 76, -1,85, 84, 76, -1,85, 76, 77, -1,86, 85, 77, -1,86, 77, 78, -1,87, 86, 
          78, -1,87, 78, 79, -1,88, 87, 79, -1,88, 79, 80, -1,81, 88, 80, -1,89, 88, 81, -1,
          90, 89, 81, -1,90, 81, 82, -1,91, 90, 82, -1,91, 82, 83, -1,92, 91, 83, -1,92, 83, 
          84, -1,93, 92, 84, -1,93, 84, 85, -1,94, 93, 85, -1,94, 85, 86, -1,95, 94, 86, -1,
          95, 86, 87, -1,96, 95, 87, -1,96, 87, 88, -1,89, 96, 88, -1,97, 96, 89, -1,98, 97, 
          89, -1,98, 89, 90, -1,99, 98, 90, -1,99, 90, 91, -1,100, 99, 91, -1,100, 91, 92, -1,
          101, 100, 92, -1,101, 92, 93, -1,102, 101, 93, -1,102, 93, 94, -1,103, 102, 94, -1,
          103, 94, 95, -1,104, 103, 95, -1,104, 95, 96, -1,97, 104, 96, -1,105, 104, 97, -1,
          105, 97, 98, -1,105, 98, 99, -1,105, 99, 100, -1,105, 100, 101, -1,105, 101, 102, -1,
          105, 102, 103, -1,105, 103, 104, -1
        ]
        normalPerVertex TRUE
        normalIndex [
          0, 1, 2, -1,0, 2, 3, -1,4, 1, 0, -1,5, 0, 3, -1,6, 4, 0, -1,6, 0, 5, -1,4, 7, 1, -1,
          1, 8, 9, -1,1, 9, 2, -1,7, 8, 1, -1,2, 9, 10, -1,3, 2, 10, -1,5, 3, 11, -1,11, 3, 
          10, -1,12, 7, 4, -1,13, 12, 4, -1,13, 4, 6, -1,14, 5, 11, -1,15, 6, 5, -1,15, 5, 
          14, -1,16, 13, 6, -1,16, 6, 15, -1,7, 17, 8, -1,12, 18, 7, -1,18, 17, 7, -1,8, 19, 
          20, -1,8, 20, 9, -1,17, 19, 8, -1,9, 20, 10, -1,21, 11, 10, -1,22, 21, 10, -1,23, 
          22, 10, -1,20, 23, 10, -1,14, 11, 21, -1,24, 18, 12, -1,25, 24, 12, -1,25, 12, 13, -1,
          26, 25, 13, -1,26, 13, 16, -1,27, 14, 22, -1,28, 15, 14, -1,28, 14, 27, -1,21, 22, 
          14, -1,29, 16, 15, -1,29, 15, 28, -1,30, 26, 16, -1,30, 16, 29, -1,18, 31, 17, -1,
          17, 32, 19, -1,31, 32, 17, -1,24, 33, 18, -1,33, 31, 18, -1,19, 34, 23, -1,19, 23, 
          20, -1,32, 34, 19, -1,34, 27, 22, -1,34, 22, 23, -1,35, 33, 24, -1,36, 35, 24, -1,
          36, 24, 25, -1,37, 36, 25, -1,37, 25, 26, -1,38, 37, 26, -1,38, 26, 30, -1,39, 28, 
          27, -1,39, 27, 34, -1,40, 29, 28, -1,40, 28, 39, -1,41, 30, 29, -1,41, 29, 40, -1,
          42, 38, 30, -1,42, 30, 41, -1,31, 43, 32, -1,33, 44, 31, -1,44, 43, 31, -1,32, 39, 
          34, -1,43, 39, 32, -1,35, 45, 33, -1,45, 44, 33, -1,46, 45, 35, -1,47, 46, 35, -1,
          47, 35, 36, -1,48, 47, 36, -1,48, 36, 37, -1,49, 48, 37, -1,49, 37, 38, -1,50, 49, 
          38, -1,50, 38, 42, -1,43, 40, 39, -1,51, 41, 40, -1,51, 40, 43, -1,52, 42, 41, -1,
          52, 41, 51, -1,53, 50, 42, -1,53, 42, 52, -1,44, 51, 43, -1,45, 54, 44, -1,54, 51, 
          44, -1,46, 55, 45, -1,55, 54, 45, -1,56, 55, 46, -1,57, 56, 46, -1,57, 46, 47, -1,
          58, 57, 47, -1,58, 47, 48, -1,59, 58, 48, -1,59, 48, 49, -1,60, 59, 49, -1,60, 49, 
          50, -1,61, 60, 50, -1,61, 50, 53, -1,54, 52, 51, -1,62, 53, 52, -1,62, 52, 54, -1,
          63, 61, 53, -1,63, 53, 62, -1,55, 62, 54, -1,56, 64, 55, -1,64, 62, 55, -1,65, 64, 
          56, -1,66, 65, 56, -1,66, 56, 57, -1,67, 66, 57, -1,67, 57, 58, -1,68, 67, 58, -1,
          68, 58, 59, -1,69, 68, 59, -1,69, 59, 60, -1,70, 69, 60, -1,70, 60, 61, -1,71, 70, 
          61, -1,71, 61, 63, -1,64, 63, 62, -1,72, 71, 63, -1,72, 63, 64, -1,65, 72, 64, -1,
          73, 72, 65, -1,74, 73, 65, -1,74, 65, 66, -1,75, 74, 66, -1,75, 66, 67, -1,76, 75, 
          67, -1,76, 67, 68, -1,77, 76, 68, -1,77, 68, 69, -1,78, 77, 69, -1,78, 69, 70, -1,
          79, 78, 70, -1,79, 70, 71, -1,80, 79, 71, -1,80, 71, 72, -1,73, 80, 72, -1,81, 80, 
          73, -1,82, 81, 73, -1,82, 73, 74, -1,83, 82, 74, -1,83, 74, 75, -1,84, 83, 75, -1,
          84, 75, 76, -1,85, 84, 76, -1,85, 76, 77, -1,86, 85, 77, -1,86, 77, 78, -1,87, 86, 
          78, -1,87, 78, 79, -1,88, 87, 79, -1,88, 79, 80, -1,81, 88, 80, -1,89, 88, 81, -1,
          90, 89, 81, -1,90, 81, 82, -1,91, 90, 82, -1,91, 82, 83, -1,92, 91, 83, -1,92, 83, 
          84, -1,93, 92, 84, -1,93, 84, 85, -1,94, 93, 85, -1,94, 85, 86, -1,95, 94, 86, -1,
          95, 86, 87, -1,96, 95, 87, -1,96, 87, 88, -1,89, 96, 88, -1,97, 96, 89, -1,98, 97, 
          89, -1,98, 89, 90, -1,99, 98, 90, -1,99, 90, 91, -1,100, 99, 91, -1,100, 91, 92, -1,
          101, 100, 92, -1,101, 92, 93, -1,102, 101, 93, -1,102, 93, 94, -1,103, 102, 94, -1,
          103, 94, 95, -1,104, 103, 95, -1,104, 95, 96, -1,97, 104, 96, -1,105, 104, 97, -1,
          105, 97, 98, -1,105, 98, 99, -1,105, 99, 100, -1,105, 100, 101, -1,105, 101, 102, -1,
          105, 102, 103, -1,105, 103, 104, -1
        ]
      }
    }
  ]
}
DEF object10 Transform {
  children [
    Shape {
      appearance Appearance {
        material Material {
          diffuseColor 0.800000 0.800000 0.800000
          emissiveColor 0.000000 0.000000 0.000000
          specularColor 0.400000 0.400000 0.400000
          ambientIntensity 0.200000
          shininess 0.250000
        }
      }
      geometry IndexedFaceSet {
        coord Coordinate { point [
          # points 106
          0.004994 -0.07535 -0.012091, 0.001293 -0.07961 -0.011137, 0.006063 -0.082322 -0.015386, 0.00587 -0.081243 -0.012879, 
          0.004122 -0.069544 -0.010945, 0.012337 -0.076178 -0.012186, 0.011897 -0.069813 -0.011598, 0.000509 -0.073697 -0.009658, 
          0.001931 -0.076773 -0.020432, 0.00548 -0.081501 -0.018206, 0.00768 -0.080862 -0.017987, 0.00968 -0.080648 -0.016052, 
          0.002175 -0.063853 -0.010797, 0.008204 -0.064431 -0.012678, 0.013005 -0.076829 -0.01518, 0.012409 -0.07082 -0.01573, 
          0.008921 -0.065103 -0.014988, -0.000893 -0.071278 -0.021053, -0.001549 -0.067678 -0.010698, 0.005021 -0.075515 -0.023014, 
          0.005379 -0.081119 -0.020086, 0.009235 -0.081232 -0.017212, 0.009124 -0.079778 -0.021699, 0.009049 -0.078684 -0.023155, 
          0.000154 -0.058129 -0.010792, 0.004486 -0.058981 -0.012782, 0.006043 -0.059563 -0.014448, 0.012834 -0.074589 -0.021896, 
          0.012789 -0.068879 -0.021156, 0.008512 -0.064368 -0.018918, 0.004535 -0.059614 -0.018691, -0.002394 -0.065367 -0.020027, 
          0.00423 -0.069409 -0.023529, -0.003123 -0.061484 -0.011166, 0.011697 -0.073453 -0.025724, -0.001174 -0.052276 -0.010361, 
          0.002236 -0.052946 -0.011903, 0.003964 -0.053581 -0.014857, 0.002495 -0.053825 -0.018463, 0.010411 -0.067459 -0.024618, 
          0.005591 -0.065294 -0.021129, 0.002901 -0.059325 -0.019927, 0.0008 -0.053096 -0.01954, 0.001702 -0.063756 -0.022294, 
          -0.003646 -0.059423 -0.018478, -0.004905 -0.05533 -0.011528, -0.001879 -0.046321 -0.009958, 0.001337 -0.046522 -0.011904, 
          0.002468 -0.0474 -0.014735, 0.001338 -0.047592 -0.017943, -0.000997 -0.047167 -0.019171, -0.00142 -0.058433 -0.021193, 
          -0.004073 -0.053107 -0.01928, -0.005655 -0.047339 -0.017527, -0.005273 -0.053588 -0.017132, -0.00602 -0.04906 -0.011387, 
          -0.002257 -0.040327 -0.009617, 0.001003 -0.04006 -0.011416, 0.001532 -0.04121 -0.013626, 0.000193 -0.041435 -0.016993, 
          -0.00212 -0.040961 -0.018556, -0.006466 -0.041207 -0.016483, -0.006682 -0.047653 -0.016089, -0.007616 -0.041571 -0.015263, 
          -0.006397 -0.042682 -0.010788, -0.002767 -0.034386 -0.008887, 0.000387 -0.033876 -0.009597, 0.001318 -0.034976 -0.012445, 
          -0.00051 -0.035366 -0.016071, -0.002503 -0.03458 -0.017864, -0.006925 -0.035004 -0.015873, -0.008161 -0.035443 -0.014459, 
          -0.006607 -0.036331 -0.010091, -0.003377 -0.028523 -0.007681, -0.000925 -0.027925 -0.007528, 0.001234 -0.028636 -0.011873, 
          -6.7e-005 -0.029133 -0.015853, -0.002359 -0.028174 -0.017391, -0.007352 -0.028793 -0.015346, -0.008659 -0.029335 -0.013521, 
          -0.006885 -0.029992 -0.009263, -0.003806 -0.022729 -0.006123, -0.001483 -0.021432 -0.005949, 0.001411 -0.022324 -0.011268, 
          8.8e-005 -0.022899 -0.015884, -0.004978 -0.022181 -0.016766, -0.008026 -0.022587 -0.015076, -0.009444 -0.023289 -0.012387, 
          -0.007793 -0.023737 -0.008465, -0.004802 -0.016722 -0.006103, 0.002474 -0.01583 -0.004833, 0.003293 -0.016548 -0.009288, 
          0.002 -0.016608 -0.014964, -0.005924 -0.016007 -0.016211, -0.009362 -0.016483 -0.015475, -0.010725 -0.017248 -0.011812, 
          -0.009477 -0.017569 -0.00809, -0.004937 -0.012211 -0.006258, 0.003445 -0.011032 -0.004557, 0.003061 -0.010748 -0.007596, 
          -2.8e-005 -0.010643 -0.015423, -0.004574 -0.011641 -0.016059, -0.010444 -0.010838 -0.013388, -0.010825 -0.01132 -0.011152, 
          -0.008985 -0.012312 -0.00772, -0.004454 -0.008813 -0.008906]
        }
        creaseAngle 0.610865
        normal Normal { vector [
          # normals 106
          -0.189133 -0.085463 0.978225, -0.504221 -0.544462 0.670315, -0.17462 -0.93443 0.310402, -0.080275 -0.757007 0.648457, 
          0.113312 0.055179 0.992026, 0.501677 -0.342884 0.794198, 0.567756 0.227433 0.791156, -0.746629 -0.032389 0.664451, 
          -0.808313 -0.3763 -0.452801, -0.468366 -0.859474 -0.204789, -0.055016 -0.998416 -0.011782, 0.15699 -0.882657 0.443024, 
          0.07333 0.187844 0.979458, 0.553436 0.370591 0.745903, 0.836295 -0.500461 0.22394, 0.952997 0.176603 0.246188, 
          0.921256 0.377607 0.093279, -0.773458 -0.198742 -0.601884, -0.818752 0.060857 0.570913, -0.310839 -0.327833 -0.892135, 
          -0.303705 -0.817893 -0.488687, 0.141239 -0.977014 0.159674, 0.367308 -0.894786 -0.253857, -0.085211 -0.754247 -0.651038, 
          0.039645 0.10925 0.993223, 0.526845 0.232745 0.817474, 0.95084 0.263612 0.162516, 0.924621 -0.36335 -0.114249, 
          0.956524 0.287247 -0.050514, 0.855584 0.444753 -0.264899, 0.892765 0.236654 -0.38336, -0.773942 -0.021681 -0.632885, 
          -0.194066 -0.045058 -0.979953, -0.850035 0.030151 0.525863, 0.433455 -0.429966 -0.791989, -0.017114 0.071361 0.997304, 
          0.590125 0.084025 0.802927, 0.969775 0.110441 0.217576, 0.873165 0.044658 -0.485374, 0.710511 0.393037 -0.583692, 
          0.647396 0.511061 -0.565416, 0.581274 0.169672 -0.795822, 0.423079 0.02619 -0.905714, -0.039365 0.207204 -0.977506, 
          -0.842061 -0.068034 -0.535075, -0.881676 0.016198 0.471576, -0.036265 0.04086 0.998507, 0.660943 -0.011794 0.750343, 
          0.984974 0.020938 0.171431, 0.865412 0.007409 -0.501006, 0.259567 -0.010907 -0.965664, -0.083536 0.07123 -0.993956, 
          -0.290871 0.054126 -0.95523, -0.390349 0.045685 -0.919533, -0.903978 -0.058342 -0.423581, -0.865159 0.056283 0.498329, 
          -0.087326 -0.010212 0.996127, 0.668239 -0.106917 0.736223, 0.992705 -0.0763 0.093356, 0.892969 -0.01257 -0.449943, 
          0.243251 -0.001642 -0.969962, -0.431287 0.044882 -0.901098, -0.924239 0.017636 -0.381407, -0.921612 0.073646 -0.381061, 
          -0.820106 0.073463 0.567477, -0.211991 -0.054287 0.975763, 0.549947 -0.134805 0.824249, 0.980454 -0.163026 0.110146, 
          0.876094 -0.130774 -0.464066, 0.31315 -0.033021 -0.94913, -0.465836 0.050374 -0.883436, -0.929999 0.094444 -0.355221, 
          -0.808202 0.064016 0.585416, -0.322009 -0.082665 0.943121, 0.385368 -0.145643 0.911197, 0.958995 -0.168462 0.227923, 
          0.842737 -0.15269 -0.516217, 0.284216 -0.070785 -0.956144, -0.501532 0.028894 -0.864657, -0.95105 0.065748 -0.301962, 
          -0.828257 0.026839 0.559705, -0.39848 -0.027585 0.916762, 0.289121 -0.329116 0.898939, 0.891298 -0.331906 0.30891, 
          0.759644 -0.214766 -0.613854, 0.131807 -0.067881 -0.988949, -0.587134 -0.08472 -0.805044, -0.966658 -0.00455 -0.25603, 
          -0.839616 0.017348 0.542904, -0.447344 0.121388 0.886086, 0.398763 -0.263743 0.878309, 0.926526 -0.314881 0.205913, 
          0.760082 -0.227084 -0.608858, 0.118873 0.013421 -0.992819, -0.584584 0.017277 -0.811149, -0.979563 0.067246 -0.189565, 
          -0.820847 0.094633 0.563254, -0.391006 0.416151 0.820934, 0.143583 0.517623 0.843475, 0.949751 0.312274 0.021412, 
          0.751013 0.44497 -0.487833, 0.158566 0.376079 -0.912919, -0.327608 0.590328 -0.737689, -0.839043 0.540106 -0.06552, 
          -0.698244 0.494186 0.517915, 0.001263 0.996963 0.077867]
        }
        coordIndex [
          0, 1, 2, -1,0, 2, 3, -1,4, 1, 0, -1,5, 0, 3, -1,6, 4, 0, -1,6, 0, 5, -1,4, 7, 1, -1,
          1, 8, 9, -1,1, 9, 2, -1,7, 8, 1, -1,2, 9, 10, -1,3, 2, 10, -1,5, 3, 11, -1,11, 3, 
          10, -1,12, 7, 4, -1,13, 12, 4, -1,13, 4, 6, -1,14, 5, 11, -1,15, 6, 5, -1,15, 5, 
          14, -1,16, 13, 6, -1,16, 6, 15, -1,7, 17, 8, -1,12, 18, 7, -1,18, 17, 7, -1,8, 19, 
          20, -1,8, 20, 9, -1,17, 19, 8, -1,9, 20, 10, -1,21, 11, 10, -1,22, 21, 10, -1,23, 
          22, 10, -1,20, 23, 10, -1,14, 11, 21, -1,24, 18, 12, -1,25, 24, 12, -1,25, 12, 13, -1,
          26, 25, 13, -1,26, 13, 16, -1,27, 14, 22, -1,28, 15, 14, -1,28, 14, 27, -1,21, 22, 
          14, -1,29, 16, 15, -1,29, 15, 28, -1,30, 26, 16, -1,30, 16, 29, -1,18, 31, 17, -1,
          17, 32, 19, -1,31, 32, 17, -1,24, 33, 18, -1,33, 31, 18, -1,19, 34, 23, -1,19, 23, 
          20, -1,32, 34, 19, -1,34, 27, 22, -1,34, 22, 23, -1,35, 33, 24, -1,36, 35, 24, -1,
          36, 24, 25, -1,37, 36, 25, -1,37, 25, 26, -1,38, 37, 26, -1,38, 26, 30, -1,39, 28, 
          27, -1,39, 27, 34, -1,40, 29, 28, -1,40, 28, 39, -1,41, 30, 29, -1,41, 29, 40, -1,
          42, 38, 30, -1,42, 30, 41, -1,31, 43, 32, -1,33, 44, 31, -1,44, 43, 31, -1,32, 39, 
          34, -1,43, 39, 32, -1,35, 45, 33, -1,45, 44, 33, -1,46, 45, 35, -1,47, 46, 35, -1,
          47, 35, 36, -1,48, 47, 36, -1,48, 36, 37, -1,49, 48, 37, -1,49, 37, 38, -1,50, 49, 
          38, -1,50, 38, 42, -1,43, 40, 39, -1,51, 41, 40, -1,51, 40, 43, -1,52, 42, 41, -1,
          52, 41, 51, -1,53, 50, 42, -1,53, 42, 52, -1,44, 51, 43, -1,45, 54, 44, -1,54, 51, 
          44, -1,46, 55, 45, -1,55, 54, 45, -1,56, 55, 46, -1,57, 56, 46, -1,57, 46, 47, -1,
          58, 57, 47, -1,58, 47, 48, -1,59, 58, 48, -1,59, 48, 49, -1,60, 59, 49, -1,60, 49, 
          50, -1,61, 60, 50, -1,61, 50, 53, -1,54, 52, 51, -1,62, 53, 52, -1,62, 52, 54, -1,
          63, 61, 53, -1,63, 53, 62, -1,55, 62, 54, -1,56, 64, 55, -1,64, 62, 55, -1,65, 64, 
          56, -1,66, 65, 56, -1,66, 56, 57, -1,67, 66, 57, -1,67, 57, 58, -1,68, 67, 58, -1,
          68, 58, 59, -1,69, 68, 59, -1,69, 59, 60, -1,70, 69, 60, -1,70, 60, 61, -1,71, 70, 
          61, -1,71, 61, 63, -1,64, 63, 62, -1,72, 71, 63, -1,72, 63, 64, -1,65, 72, 64, -1,
          73, 72, 65, -1,74, 73, 65, -1,74, 65, 66, -1,75, 74, 66, -1,75, 66, 67, -1,76, 75, 
          67, -1,76, 67, 68, -1,77, 76, 68, -1,77, 68, 69, -1,78, 77, 69, -1,78, 69, 70, -1,
          79, 78, 70, -1,79, 70, 71, -1,80, 79, 71, -1,80, 71, 72, -1,73, 80, 72, -1,81, 80, 
          73, -1,82, 81, 73, -1,82, 73, 74, -1,83, 82, 74, -1,83, 74, 75, -1,84, 83, 75, -1,
          84, 75, 76, -1,85, 84, 76, -1,85, 76, 77, -1,86, 85, 77, -1,86, 77, 78, -1,87, 86, 
          78, -1,87, 78, 79, -1,88, 87, 79, -1,88, 79, 80, -1,81, 88, 80, -1,89, 88, 81, -1,
          90, 89, 81, -1,90, 81, 82, -1,91, 90, 82, -1,91, 82, 83, -1,92, 91, 83, -1,92, 83, 
          84, -1,93, 92, 84, -1,93, 84, 85, -1,94, 93, 85, -1,94, 85, 86, -1,95, 94, 86, -1,
          95, 86, 87, -1,96, 95, 87, -1,96, 87, 88, -1,89, 96, 88, -1,97, 96, 89, -1,98, 97, 
          89, -1,98, 89, 90, -1,99, 98, 90, -1,99, 90, 91, -1,100, 99, 91, -1,100, 91, 92, -1,
          101, 100, 92, -1,101, 92, 93, -1,102, 101, 93, -1,102, 93, 94, -1,103, 102, 94, -1,
          103, 94, 95, -1,104, 103, 95, -1,104, 95, 96, -1,97, 104, 96, -1,105, 104, 97, -1,
          105, 97, 98, -1,105, 98, 99, -1,105, 99, 100, -1,105, 100, 101, -1,105, 101, 102, -1,
          105, 102, 103, -1,105, 103, 104, -1
        ]
        normalPerVertex TRUE
        normalIndex [
          0, 1, 2, -1,0, 2, 3, -1,4, 1, 0, -1,5, 0, 3, -1,6, 4, 0, -1,6, 0, 5, -1,4, 7, 1, -1,
          1, 8, 9, -1,1, 9, 2, -1,7, 8, 1, -1,2, 9, 10, -1,3, 2, 10, -1,5, 3, 11, -1,11, 3, 
          10, -1,12, 7, 4, -1,13, 12, 4, -1,13, 4, 6, -1,14, 5, 11, -1,15, 6, 5, -1,15, 5, 
          14, -1,16, 13, 6, -1,16, 6, 15, -1,7, 17, 8, -1,12, 18, 7, -1,18, 17, 7, -1,8, 19, 
          20, -1,8, 20, 9, -1,17, 19, 8, -1,9, 20, 10, -1,21, 11, 10, -1,22, 21, 10, -1,23, 
          22, 10, -1,20, 23, 10, -1,14, 11, 21, -1,24, 18, 12, -1,25, 24, 12, -1,25, 12, 13, -1,
          26, 25, 13, -1,26, 13, 16, -1,27, 14, 22, -1,28, 15, 14, -1,28, 14, 27, -1,21, 22, 
          14, -1,29, 16, 15, -1,29, 15, 28, -1,30, 26, 16, -1,30, 16, 29, -1,18, 31, 17, -1,
          17, 32, 19, -1,31, 32, 17, -1,24, 33, 18, -1,33, 31, 18, -1,19, 34, 23, -1,19, 23, 
          20, -1,32, 34, 19, -1,34, 27, 22, -1,34, 22, 23, -1,35, 33, 24, -1,36, 35, 24, -1,
          36, 24, 25, -1,37, 36, 25, -1,37, 25, 26, -1,38, 37, 26, -1,38, 26, 30, -1,39, 28, 
          27, -1,39, 27, 34, -1,40, 29, 28, -1,40, 28, 39, -1,41, 30, 29, -1,41, 29, 40, -1,
          42, 38, 30, -1,42, 30, 41, -1,31, 43, 32, -1,33, 44, 31, -1,44, 43, 31, -1,32, 39, 
          34, -1,43, 39, 32, -1,35, 45, 33, -1,45, 44, 33, -1,46, 45, 35, -1,47, 46, 35, -1,
          47, 35, 36, -1,48, 47, 36, -1,48, 36, 37, -1,49, 48, 37, -1,49, 37, 38, -1,50, 49, 
          38, -1,50, 38, 42, -1,43, 40, 39, -1,51, 41, 40, -1,51, 40, 43, -1,52, 42, 41, -1,
          52, 41, 51, -1,53, 50, 42, -1,53, 42, 52, -1,44, 51, 43, -1,45, 54, 44, -1,54, 51, 
          44, -1,46, 55, 45, -1,55, 54, 45, -1,56, 55, 46, -1,57, 56, 46, -1,57, 46, 47, -1,
          58, 57, 47, -1,58, 47, 48, -1,59, 58, 48, -1,59, 48, 49, -1,60, 59, 49, -1,60, 49, 
          50, -1,61, 60, 50, -1,61, 50, 53, -1,54, 52, 51, -1,62, 53, 52, -1,62, 52, 54, -1,
          63, 61, 53, -1,63, 53, 62, -1,55, 62, 54, -1,56, 64, 55, -1,64, 62, 55, -1,65, 64, 
          56, -1,66, 65, 56, -1,66, 56, 57, -1,67, 66, 57, -1,67, 57, 58, -1,68, 67, 58, -1,
          68, 58, 59, -1,69, 68, 59, -1,69, 59, 60, -1,70, 69, 60, -1,70, 60, 61, -1,71, 70, 
          61, -1,71, 61, 63, -1,64, 63, 62, -1,72, 71, 63, -1,72, 63, 64, -1,65, 72, 64, -1,
          73, 72, 65, -1,74, 73, 65, -1,74, 65, 66, -1,75, 74, 66, -1,75, 66, 67, -1,76, 75, 
          67, -1,76, 67, 68, -1,77, 76, 68, -1,77, 68, 69, -1,78, 77, 69, -1,78, 69, 70, -1,
          79, 78, 70, -1,79, 70, 71, -1,80, 79, 71, -1,80, 71, 72, -1,73, 80, 72, -1,81, 80, 
          73, -1,82, 81, 73, -1,82, 73, 74, -1,83, 82, 74, -1,83, 74, 75, -1,84, 83, 75, -1,
          84, 75, 76, -1,85, 84, 76, -1,85, 76, 77, -1,86, 85, 77, -1,86, 77, 78, -1,87, 86, 
          78, -1,87, 78, 79, -1,88, 87, 79, -1,88, 79, 80, -1,81, 88, 80, -1,89, 88, 81, -1,
          90, 89, 81, -1,90, 81, 82, -1,91, 90, 82, -1,91, 82, 83, -1,92, 91, 83, -1,92, 83, 
          84, -1,93, 92, 84, -1,93, 84, 85, -1,94, 93, 85, -1,94, 85, 86, -1,95, 94, 86, -1,
          95, 86, 87, -1,96, 95, 87, -1,96, 87, 88, -1,89, 96, 88, -1,97, 96, 89, -1,98, 97, 
          89, -1,98, 89, 90, -1,99, 98, 90, -1,99, 90, 91, -1,100, 99, 91, -1,100, 91, 92, -1,
          101, 100, 92, -1,101, 92, 93, -1,102, 101, 93, -1,102, 93, 94, -1,103, 102, 94, -1,
          103, 94, 95, -1,104, 103, 95, -1,104, 95, 96, -1,97, 104, 96, -1,105, 104, 97, -1,
          105, 97, 98, -1,105, 98, 99, -1,105, 99, 100, -1,105, 100, 101, -1,105, 101, 102, -1,
          105, 102, 103, -1,105, 103, 104, -1
        ]
      }
    }
  ]
}
DEF object111 Transform {
  children [
    Shape {
      appearance Appearance {
        material Material {
          diffuseColor 0.800000 0.800000 0.800000
          emissiveColor 0.000000 0.000000 0.000000
          specularColor 0.400000 0.400000 0.400000
          ambientIntensity 0.200000
          shininess 0.250000
        }
      }
      geometry IndexedFaceSet {
        coord Coordinate { point [
          # points 106
          0.001559 -0.063028 -0.030758, -0.001559 -0.066522 -0.030514, 0.002158 -0.068165 -0.034492, 0.002097 -0.067671 -0.032306, 
          0.001033 -0.058507 -0.028936, 0.007546 -0.063836 -0.03119, 0.007373 -0.058792 -0.029747, -0.002002 -0.061967 -0.028411, 
          -0.001211 -0.062846 -0.037589, 0.001627 -0.067064 -0.03662, 0.00345 -0.066631 -0.036418, 0.005146 -0.066794 -0.03489, 
          -0.000404 -0.053906 -0.0279, 0.004465 -0.054217 -0.029691, 0.007993 -0.063922 -0.033719, 0.007652 -0.058989 -0.033239, 
          0.004971 -0.054426 -0.031674, -0.003391 -0.058268 -0.037174, -0.003553 -0.056921 -0.028278, 0.001281 -0.06151 -0.039575, 
          0.001503 -0.066471 -0.038072, 0.004734 -0.067079 -0.035898, 0.004562 -0.065229 -0.039287, 0.004491 -0.064125 -0.040292, 
          -0.001905 -0.049257 -0.026972, 0.001565 -0.049735 -0.028837, 0.002779 -0.049985 -0.030316, 0.007731 -0.061101 -0.038781, 
          0.007869 -0.056615 -0.037327, 0.00455 -0.05323 -0.034712, 0.001429 -0.049352 -0.03369, -0.004434 -0.053632 -0.035413, 
          0.000786 -0.0565 -0.039048, -0.004687 -0.051831 -0.027674, 0.006728 -0.059583 -0.041656, -0.002822 -0.044582 -0.025703, 
          -9.1e-005 -0.04496 -0.027153, 0.001227 -0.045062 -0.02968, -7.9e-005 -0.044682 -0.032573, 0.005868 -0.054897 -0.039825, 
          0.002075 -0.053578 -0.036539, 6.5e-005 -0.048897 -0.034591, -0.001476 -0.043896 -0.033276, -0.001099 -0.052081 -0.037124, 
          -0.005258 -0.049055 -0.033233, -0.00599 -0.046784 -0.026985, -0.003229 -0.039834 -0.024462, -0.000653 -0.03977 -0.026159, 
          0.000172 -0.040073 -0.028606, -0.000845 -0.039718 -0.031182, -0.002778 -0.03914 -0.032032, -0.003481 -0.047895 -0.035339, 
          -0.005458 -0.043841 -0.032915, -0.006549 -0.039427 -0.030589, -0.006395 -0.044526 -0.031221, -0.00673 -0.041733 -0.025894, 
          -0.003367 -0.035051 -0.023275, -0.00074 -0.034635 -0.024785, -0.000398 -0.035238 -0.026754, -0.00159 -0.03488 -0.029455, 
          -0.003514 -0.034214 -0.030569, -0.00702 -0.03463 -0.028802, -0.00736 -0.039875 -0.029446, -0.007939 -0.035084 -0.027838, 
          -0.006851 -0.036681 -0.024441, -0.003605 -0.030367 -0.021779, -0.001029 -0.029918 -0.022372, -0.000373 -0.030394 -0.024859, 
          -0.001977 -0.030118 -0.02778, -0.003637 -0.029173 -0.029041, -0.007212 -0.02972 -0.027362, -0.008199 -0.030261 -0.026253, 
          -0.006833 -0.031669 -0.022918, -0.003914 -0.025818 -0.019906, -0.001886 -0.025411 -0.019771, -0.000255 -0.025374 -0.023443, 
          -0.001704 -0.025183 -0.026437, -0.003329 -0.024166 -0.02735, -0.007381 -0.02479 -0.025991, -0.008417 -0.025475 -0.024563, 
          -0.006868 -0.026685 -0.021292, -0.004066 -0.021379 -0.017768, -0.002445 -0.020112 -0.01796, 7.4e-005 -0.020387 -0.022012, 
          -0.001692 -0.020166 -0.025175, -0.003873 -0.019122 -0.025849, -0.007758 -0.01982 -0.02482, -0.008865 -0.020762 -0.022718, 
          -0.007421 -0.021752 -0.01968, -0.004567 -0.016715 -0.016156, 0.000416 -0.016398 -0.017361, 0.001062 -0.015866 -0.019432, 
          -0.000972 -0.015207 -0.023411, -0.004531 -0.014125 -0.025004, -0.008151 -0.014863 -0.023716, -0.009023 -0.015886 -0.021242, 
          -0.008995 -0.016931 -0.018062, -0.003643 -0.013295 -0.01499, 0.000811 -0.012996 -0.016649, 0.001836 -0.011659 -0.01737, 
          -0.001252 -0.011124 -0.023337, -0.00412 -0.010462 -0.023892, -0.008642 -0.010647 -0.022703, -0.009641 -0.011284 -0.019882, 
          -0.008805 -0.013207 -0.015348, -0.004145 -0.012124 -0.019234]
        }
        creaseAngle 0.610865
        normal Normal { vector [
          # normals 106
          -0.189104 -0.269488 0.944254, -0.504328 -0.661667 0.554842, -0.174842 -0.976326 0.127353, -0.080323 -0.866266 0.493084, 
          0.113222 -0.133945 0.9845, 0.501806 -0.487383 0.714597, 0.567941 0.073284 0.8198, -0.746687 -0.157765 0.646196, 
          -0.808392 -0.283551 -0.51585, -0.468614 -0.804927 -0.363997, -0.05507 -0.978036 -0.201032, 0.157263 -0.950732 0.267165, 
          0.073288 -0.001395 0.99731, 0.553667 0.222399 0.802491, 0.83637 -0.533814 0.124611, 0.953053 0.126653 0.275045, 
          0.921301 0.353048 0.162978, -0.773522 -0.081 -0.628572, -0.818746 -0.048575 0.572097, -0.310904 -0.152742 -0.938088, 
          -0.303972 -0.710343 -0.634833, 0.14177 -0.989474 -0.02902, 0.367562 -0.830332 -0.418863, -0.085097 -0.617055 -0.782305, 
          0.039643 -0.08117 0.995912, 0.526886 0.073414 0.84676, 0.950923 0.227913 0.209288, 0.924578 -0.33522 -0.18106, 
          0.95659 0.291396 0.004851, 0.855628 0.486903 -0.175574, 0.892797 0.304999 -0.331495, -0.773951 0.098847 -0.625483, 
          -0.194047 0.141679 -0.970707, -0.850042 -0.070117 0.522027, 0.433667 -0.272045 -0.859025, -0.017187 -0.119112 0.992732, 
          0.590146 -0.069847 0.804269, 0.969773 0.067134 0.23459, 0.873085 0.135833 -0.468264, 0.710607 0.496443 -0.49858, 
          0.647484 0.608939 -0.458212, 0.581398 0.317629 -0.749058, 0.422971 0.197432 -0.884373, -0.03932 0.388911 -0.920436, 
          -0.842083 0.034766 -0.538226, -0.881732 -0.073399 0.466006, -0.036422 -0.149205 0.988135, 0.660989 -0.153962 0.734432, 
          0.984969 -0.012013 0.172311, 0.865354 0.102308 -0.490607, 0.259468 0.172463 -0.950228, -0.083507 0.258589 -0.962371, 
          -0.290809 0.234429 -0.927617, -0.390171 0.219273 -0.894252, -0.903953 0.023253 -0.426998, -0.865149 -0.039171 0.499982, 
          -0.087438 -0.198955 0.9761, 0.668202 -0.244686 0.702591, 0.992697 -0.09275 0.07714, 0.892843 0.072878 -0.444432, 
          0.24299 0.182403 -0.952725, -0.431048 0.215062 -0.876325, -0.924159 0.089766 -0.371312, -0.921504 0.144692 -0.360409, 
          -0.820068 -0.035541 0.571162, -0.211905 -0.238528 0.947734, 0.549788 -0.288847 0.783773, 0.984297 -0.165882 0.060357, 
          0.883713 -0.011589 -0.467885, 0.329598 0.165633 -0.929479, -0.465597 0.21714 -0.857945, -0.929856 0.160301 -0.331167, 
          -0.808208 -0.048141 0.586927, -0.274802 -0.251736 0.927962, 0.37322 -0.281638 0.883961, 0.974569 -0.184839 0.126687, 
          0.846538 -0.034292 -0.531223, 0.356047 0.127992 -0.925661, -0.478814 0.202431 -0.854259, -0.950955 0.12199 -0.284258, 
          -0.82833 -0.079686 0.554545, -0.22803 -0.289505 0.929618, 0.394772 -0.448143 0.802074, 0.945358 -0.269598 0.183343, 
          0.801364 -0.044428 -0.596525, 0.270218 0.097222 -0.957878, -0.506798 0.165511 -0.846027, -0.948653 0.086307 -0.304316, 
          -0.840286 -0.136675 0.524633, -0.265231 -0.200872 0.943029, 0.437929 -0.416758 0.796574, 0.916341 -0.391048 0.08603, 
          0.788503 -0.084815 -0.609155, 0.24876 0.098042 -0.96359, -0.561887 0.115801 -0.819069, -0.933131 0.134972 -0.333241, 
          -0.874294 -0.117171 0.471042, -0.127328 0.347248 0.929089, 0.17702 0.256462 0.950206, 0.761315 0.328335 0.559103, 
          0.796387 0.475251 -0.374037, 0.416913 0.621749 -0.663032, -0.208915 0.747391 -0.630683, -0.723921 0.667731 -0.173417, 
          -0.691821 0.600638 0.400771, 0.126955 0.956066 0.264235]
        }
        coordIndex [
          0, 1, 2, -1,0, 2, 3, -1,4, 1, 0, -1,5, 0, 3, -1,6, 4, 0, -1,6, 0, 5, -1,4, 7, 1, -1,
          1, 8, 9, -1,1, 9, 2, -1,7, 8, 1, -1,2, 9, 10, -1,3, 2, 10, -1,5, 3, 11, -1,11, 3, 
          10, -1,12, 7, 4, -1,13, 12, 4, -1,13, 4, 6, -1,14, 5, 11, -1,15, 6, 5, -1,15, 5, 
          14, -1,16, 13, 6, -1,16, 6, 15, -1,7, 17, 8, -1,12, 18, 7, -1,18, 17, 7, -1,8, 19, 
          20, -1,8, 20, 9, -1,17, 19, 8, -1,9, 20, 10, -1,21, 11, 10, -1,22, 21, 10, -1,23, 
          22, 10, -1,20, 23, 10, -1,14, 11, 21, -1,24, 18, 12, -1,25, 24, 12, -1,25, 12, 13, -1,
          26, 25, 13, -1,26, 13, 16, -1,27, 14, 22, -1,28, 15, 14, -1,28, 14, 27, -1,21, 22, 
          14, -1,29, 16, 15, -1,29, 15, 28, -1,30, 26, 16, -1,30, 16, 29, -1,18, 31, 17, -1,
          17, 32, 19, -1,31, 32, 17, -1,24, 33, 18, -1,33, 31, 18, -1,19, 34, 23, -1,19, 23, 
          20, -1,32, 34, 19, -1,34, 27, 22, -1,34, 22, 23, -1,35, 33, 24, -1,36, 35, 24, -1,
          36, 24, 25, -1,37, 36, 25, -1,37, 25, 26, -1,38, 37, 26, -1,38, 26, 30, -1,39, 28, 
          27, -1,39, 27, 34, -1,40, 29, 28, -1,40, 28, 39, -1,41, 30, 29, -1,41, 29, 40, -1,
          42, 38, 30, -1,42, 30, 41, -1,31, 43, 32, -1,33, 44, 31, -1,44, 43, 31, -1,32, 39, 
          34, -1,43, 39, 32, -1,35, 45, 33, -1,45, 44, 33, -1,46, 45, 35, -1,47, 46, 35, -1,
          47, 35, 36, -1,48, 47, 36, -1,48, 36, 37, -1,49, 48, 37, -1,49, 37, 38, -1,50, 49, 
          38, -1,50, 38, 42, -1,43, 40, 39, -1,51, 41, 40, -1,51, 40, 43, -1,52, 42, 41, -1,
          52, 41, 51, -1,53, 50, 42, -1,53, 42, 52, -1,44, 51, 43, -1,45, 54, 44, -1,54, 51, 
          44, -1,46, 55, 45, -1,55, 54, 45, -1,56, 55, 46, -1,57, 56, 46, -1,57, 46, 47, -1,
          58, 57, 47, -1,58, 47, 48, -1,59, 58, 48, -1,59, 48, 49, -1,60, 59, 49, -1,60, 49, 
          50, -1,61, 60, 50, -1,61, 50, 53, -1,54, 52, 51, -1,62, 53, 52, -1,62, 52, 54, -1,
          63, 61, 53, -1,63, 53, 62, -1,55, 62, 54, -1,56, 64, 55, -1,64, 62, 55, -1,65, 64, 
          56, -1,66, 65, 56, -1,66, 56, 57, -1,67, 66, 57, -1,67, 57, 58, -1,68, 67, 58, -1,
          68, 58, 59, -1,69, 68, 59, -1,69, 59, 60, -1,70, 69, 60, -1,70, 60, 61, -1,71, 70, 
          61, -1,71, 61, 63, -1,64, 63, 62, -1,72, 71, 63, -1,72, 63, 64, -1,65, 72, 64, -1,
          73, 72, 65, -1,74, 73, 65, -1,74, 65, 66, -1,75, 74, 66, -1,75, 66, 67, -1,76, 75, 
          67, -1,76, 67, 68, -1,77, 76, 68, -1,77, 68, 69, -1,78, 77, 69, -1,78, 69, 70, -1,
          79, 78, 70, -1,79, 70, 71, -1,80, 79, 71, -1,80, 71, 72, -1,73, 80, 72, -1,81, 80, 
          73, -1,82, 81, 73, -1,82, 73, 74, -1,83, 82, 74, -1,83, 74, 75, -1,84, 83, 75, -1,
          84, 75, 76, -1,85, 84, 76, -1,85, 76, 77, -1,86, 85, 77, -1,86, 77, 78, -1,87, 86, 
          78, -1,87, 78, 79, -1,88, 87, 79, -1,88, 79, 80, -1,81, 88, 80, -1,89, 88, 81, -1,
          90, 89, 81, -1,90, 81, 82, -1,91, 90, 82, -1,91, 82, 83, -1,92, 91, 83, -1,92, 83, 
          84, -1,93, 92, 84, -1,93, 84, 85, -1,94, 93, 85, -1,94, 85, 86, -1,95, 94, 86, -1,
          95, 86, 87, -1,96, 95, 87, -1,96, 87, 88, -1,89, 96, 88, -1,97, 96, 89, -1,98, 97, 
          89, -1,98, 89, 90, -1,99, 98, 90, -1,99, 90, 91, -1,100, 99, 91, -1,100, 91, 92, -1,
          101, 100, 92, -1,101, 92, 93, -1,102, 101, 93, -1,102, 93, 94, -1,103, 102, 94, -1,
          103, 94, 95, -1,104, 103, 95, -1,104, 95, 96, -1,97, 104, 96, -1,105, 104, 97, -1,
          105, 97, 98, -1,105, 98, 99, -1,105, 99, 100, -1,105, 100, 101, -1,105, 101, 102, -1,
          105, 102, 103, -1,105, 103, 104, -1
        ]
        normalPerVertex TRUE
        normalIndex [
          0, 1, 2, -1,0, 2, 3, -1,4, 1, 0, -1,5, 0, 3, -1,6, 4, 0, -1,6, 0, 5, -1,4, 7, 1, -1,
          1, 8, 9, -1,1, 9, 2, -1,7, 8, 1, -1,2, 9, 10, -1,3, 2, 10, -1,5, 3, 11, -1,11, 3, 
          10, -1,12, 7, 4, -1,13, 12, 4, -1,13, 4, 6, -1,14, 5, 11, -1,15, 6, 5, -1,15, 5, 
          14, -1,16, 13, 6, -1,16, 6, 15, -1,7, 17, 8, -1,12, 18, 7, -1,18, 17, 7, -1,8, 19, 
          20, -1,8, 20, 9, -1,17, 19, 8, -1,9, 20, 10, -1,21, 11, 10, -1,22, 21, 10, -1,23, 
          22, 10, -1,20, 23, 10, -1,14, 11, 21, -1,24, 18, 12, -1,25, 24, 12, -1,25, 12, 13, -1,
          26, 25, 13, -1,26, 13, 16, -1,27, 14, 22, -1,28, 15, 14, -1,28, 14, 27, -1,21, 22, 
          14, -1,29, 16, 15, -1,29, 15, 28, -1,30, 26, 16, -1,30, 16, 29, -1,18, 31, 17, -1,
          17, 32, 19, -1,31, 32, 17, -1,24, 33, 18, -1,33, 31, 18, -1,19, 34, 23, -1,19, 23, 
          20, -1,32, 34, 19, -1,34, 27, 22, -1,34, 22, 23, -1,35, 33, 24, -1,36, 35, 24, -1,
          36, 24, 25, -1,37, 36, 25, -1,37, 25, 26, -1,38, 37, 26, -1,38, 26, 30, -1,39, 28, 
          27, -1,39, 27, 34, -1,40, 29, 28, -1,40, 28, 39, -1,41, 30, 29, -1,41, 29, 40, -1,
          42, 38, 30, -1,42, 30, 41, -1,31, 43, 32, -1,33, 44, 31, -1,44, 43, 31, -1,32, 39, 
          34, -1,43, 39, 32, -1,35, 45, 33, -1,45, 44, 33, -1,46, 45, 35, -1,47, 46, 35, -1,
          47, 35, 36, -1,48, 47, 36, -1,48, 36, 37, -1,49, 48, 37, -1,49, 37, 38, -1,50, 49, 
          38, -1,50, 38, 42, -1,43, 40, 39, -1,51, 41, 40, -1,51, 40, 43, -1,52, 42, 41, -1,
          52, 41, 51, -1,53, 50, 42, -1,53, 42, 52, -1,44, 51, 43, -1,45, 54, 44, -1,54, 51, 
          44, -1,46, 55, 45, -1,55, 54, 45, -1,56, 55, 46, -1,57, 56, 46, -1,57, 46, 47, -1,
          58, 57, 47, -1,58, 47, 48, -1,59, 58, 48, -1,59, 48, 49, -1,60, 59, 49, -1,60, 49, 
          50, -1,61, 60, 50, -1,61, 50, 53, -1,54, 52, 51, -1,62, 53, 52, -1,62, 52, 54, -1,
          63, 61, 53, -1,63, 53, 62, -1,55, 62, 54, -1,56, 64, 55, -1,64, 62, 55, -1,65, 64, 
          56, -1,66, 65, 56, -1,66, 56, 57, -1,67, 66, 57, -1,67, 57, 58, -1,68, 67, 58, -1,
          68, 58, 59, -1,69, 68, 59, -1,69, 59, 60, -1,70, 69, 60, -1,70, 60, 61, -1,71, 70, 
          61, -1,71, 61, 63, -1,64, 63, 62, -1,72, 71, 63, -1,72, 63, 64, -1,65, 72, 64, -1,
          73, 72, 65, -1,74, 73, 65, -1,74, 65, 66, -1,75, 74, 66, -1,75, 66, 67, -1,76, 75, 
          67, -1,76, 67, 68, -1,77, 76, 68, -1,77, 68, 69, -1,78, 77, 69, -1,78, 69, 70, -1,
          79, 78, 70, -1,79, 70, 71, -1,80, 79, 71, -1,80, 71, 72, -1,73, 80, 72, -1,81, 80, 
          73, -1,82, 81, 73, -1,82, 73, 74, -1,83, 82, 74, -1,83, 74, 75, -1,84, 83, 75, -1,
          84, 75, 76, -1,85, 84, 76, -1,85, 76, 77, -1,86, 85, 77, -1,86, 77, 78, -1,87, 86, 
          78, -1,87, 78, 79, -1,88, 87, 79, -1,88, 79, 80, -1,81, 88, 80, -1,89, 88, 81, -1,
          90, 89, 81, -1,90, 81, 82, -1,91, 90, 82, -1,91, 82, 83, -1,92, 91, 83, -1,92, 83, 
          84, -1,93, 92, 84, -1,93, 84, 85, -1,94, 93, 85, -1,94, 85, 86, -1,95, 94, 86, -1,
          95, 86, 87, -1,96, 95, 87, -1,96, 87, 88, -1,89, 96, 88, -1,97, 96, 89, -1,98, 97, 
          89, -1,98, 89, 90, -1,99, 98, 90, -1,99, 90, 91, -1,100, 99, 91, -1,100, 91, 92, -1,
          101, 100, 92, -1,101, 92, 93, -1,102, 101, 93, -1,102, 93, 94, -1,103, 102, 94, -1,
          103, 94, 95, -1,104, 103, 95, -1,104, 95, 96, -1,97, 104, 96, -1,105, 104, 97, -1,
          105, 97, 98, -1,105, 98, 99, -1,105, 99, 100, -1,105, 100, 101, -1,105, 101, 102, -1,
          105, 102, 103, -1,105, 103, 104, -1
        ]
      }
    }
  ]
}
