#VRML V2.0 utf8

# Produced by 3D Exploration VRML exporter
# http://www.xdsoft.com/explorer/

DEF object0 Transform {
  children [
    Shape {
      appearance Appearance {
        material Material {
          diffuseColor 0.800000 0.800000 0.800000
          emissiveColor 0.000000 0.000000 0.000000
          specularColor 0.400000 0.400000 0.400000
          ambientIntensity 0.200000
          shininess 0.250000
        }
      }
      geometry IndexedFaceSet {
        coord Coordinate { point [
          # points 1000
          0.133687 -0.041244 -0.062569, 0.134969 -0.042318 -0.07095, 0.134007 -0.038139 -0.068653, 0.132927 -0.035493 -0.065086, 
          0.131082 -0.044981 -0.067026, 0.132309 -0.034884 -0.061475, 0.132033 -0.03689 -0.059019, 0.132121 -0.039864 -0.058357, 
          0.130947 -0.042401 -0.058335, 0.129482 -0.044481 -0.059995, 0.12935 -0.045173 -0.063077, 0.130824 -0.041078 -0.07483, 
          0.126867 -0.04522 -0.069793, 0.130112 -0.03484 -0.070796, 0.128782 -0.031193 -0.065845, 0.124311 -0.046339 -0.064279, 
          0.128028 -0.030655 -0.060729, 0.128833 -0.03414 -0.056831, 0.129485 -0.039023 -0.055425, 0.126734 -0.042816 -0.056047, 
          0.124141 -0.045473 -0.059303, 0.125468 -0.038427 -0.073867, 0.121485 -0.044321 -0.070686, 0.120612 -0.045738 -0.064909, 
          0.126547 -0.032619 -0.071072, 0.1267 -0.030567 -0.066001, 0.119005 -0.045846 -0.058983, 0.125885 -0.029883 -0.059795, 
          0.125756 -0.032079 -0.055118, 0.12635 -0.038066 -0.054208, 0.123037 -0.042286 -0.055365, 0.121631 -0.037292 -0.07125, 
          0.119219 -0.04123 -0.069144, 0.117479 -0.043036 -0.06489, 0.11739 -0.042884 -0.060036, 0.124131 -0.033003 -0.069929, 
          0.124786 -0.030277 -0.065559, 0.119789 -0.040886 -0.056059, 0.124138 -0.029733 -0.060623, 0.124335 -0.032303 -0.056022, 
          0.123082 -0.037061 -0.054366, 0.114519 -0.034861 -0.07055, 0.111366 -0.037502 -0.068329, 0.108931 -0.038126 -0.064812, 
          0.109283 -0.038111 -0.061159, 0.113836 -0.038494 -0.056626, 0.116745 -0.031201 -0.069222, 0.117561 -0.028838 -0.065501, 
          0.117956 -0.03534 -0.054863, 0.117454 -0.028527 -0.06109, 0.118168 -0.030874 -0.056845, 0.099775 -0.030252 -0.073003, 
          0.097959 -0.034132 -0.069966, 0.096682 -0.035343 -0.065357, 0.0969 -0.034595 -0.06131, 0.103872 -0.033948 -0.05864, 
          0.106601 -0.031331 -0.057999, 0.102133 -0.025783 -0.071315, 0.103422 -0.023383 -0.066845, 0.107353 -0.027802 -0.058624, 
          0.103623 -0.023286 -0.062049, 0.084316 -0.025437 -0.079459, 0.082278 -0.032365 -0.074783, 0.081268 -0.034989 -0.0671, 
          0.081129 -0.033475 -0.060363, 0.081774 -0.027784 -0.057193, 0.087751 -0.024594 -0.05935, 0.0883 -0.020195 -0.059444, 
          0.087234 -0.018499 -0.075682, 0.08872 -0.016094 -0.06852, 0.088616 -0.016087 -0.06257, 0.078632 -0.023293 -0.080319, 
          0.075585 -0.031083 -0.07654, 0.073414 -0.03489 -0.06828, 0.073232 -0.033354 -0.059939, 0.076888 -0.027133 -0.056878, 
          0.080438 -0.022149 -0.058564, 0.080909 -0.017258 -0.059381, 0.081052 -0.01302 -0.062774, 0.081065 -0.015931 -0.076155, 
          0.081571 -0.013065 -0.068872, 0.07508 -0.021461 -0.080592, 0.071117 -0.029871 -0.077553, 0.06748 -0.034817 -0.069332, 
          0.06613 -0.033682 -0.059035, 0.072527 -0.026345 -0.056555, 0.077913 -0.021023 -0.057596, 0.076973 -0.015552 -0.058469, 
          0.076211 -0.011187 -0.062655, 0.07724 -0.012775 -0.06837, 0.077097 -0.014086 -0.075604, 0.075805 -0.021538 -0.07658, 
          0.071732 -0.027186 -0.074601, 0.067969 -0.03036 -0.068568, 0.067114 -0.029576 -0.061429, 0.070221 -0.024745 -0.058148, 
          0.074 -0.020385 -0.059112, 0.073986 -0.01656 -0.060988, 0.073668 -0.015295 -0.063614, 0.073101 -0.015281 -0.066821, 
          0.076008 -0.016437 -0.072301, 0.075337 -0.020752 -0.071909, 0.072828 -0.024124 -0.071204, 0.07006 -0.026178 -0.067772, 
          0.069127 -0.02594 -0.063342, 0.07012 -0.023114 -0.060802, 0.071861 -0.020005 -0.060836, 0.073028 -0.018019 -0.062291, 
          0.07358 -0.017489 -0.064476, 0.073632 -0.017364 -0.065883, 0.074972 -0.017889 -0.069016, 0.072288 -0.020255 -0.065437, 
          0.128603 -0.042208 -0.091821, 0.126946 -0.041756 -0.097377, 0.129867 -0.039669 -0.095979, 0.132074 -0.039259 -0.093412, 
          0.124796 -0.044275 -0.095026, 0.132276 -0.039136 -0.090749, 0.1312 -0.040508 -0.088783, 0.129827 -0.042344 -0.088289, 
          0.127551 -0.044101 -0.087851, 0.125055 -0.045104 -0.089389, 0.124257 -0.045411 -0.092086, 0.122071 -0.039711 -0.097167, 
          0.12054 -0.043087 -0.095864, 0.125332 -0.037436 -0.096058, 0.128153 -0.036771 -0.093352, 0.119921 -0.045296 -0.092398, 
          0.128688 -0.036915 -0.090334, 0.128034 -0.038732 -0.088333, 0.126788 -0.041006 -0.087703, 0.12376 -0.043188 -0.086249, 
          0.119993 -0.046038 -0.088074, 0.118028 -0.037644 -0.096387, 0.116854 -0.040919 -0.095239, 0.116441 -0.04306 -0.092137, 
          0.121529 -0.035746 -0.095297, 0.125672 -0.035571 -0.09302, 0.116021 -0.043486 -0.087919, 0.125887 -0.035696 -0.090123, 
          0.12533 -0.037622 -0.088314, 0.124096 -0.039791 -0.087691, 0.120658 -0.041555 -0.08688, 0.11086 -0.034057 -0.09352, 
          0.112694 -0.037696 -0.093472, 0.114295 -0.040164 -0.091569, 0.115018 -0.040445 -0.088856, 0.11713 -0.033917 -0.09445, 
          0.123577 -0.033664 -0.093125, 0.117795 -0.039759 -0.087131, 0.123468 -0.034177 -0.089752, 0.122739 -0.036049 -0.087601, 
          0.121098 -0.038323 -0.086877, 0.07824 -0.018791 -0.089987, 0.094304 -0.028255 -0.090725, 0.107932 -0.035408 -0.090501, 
          0.110075 -0.036354 -0.088957, 0.113296 -0.036663 -0.087867, 0.0992 -0.025971 -0.092082, 0.12021 -0.033252 -0.092408, 
          0.116782 -0.03629 -0.087525, 0.120372 -0.033337 -0.089643, 0.11904 -0.034802 -0.087799, 0.069294 -0.014872 -0.092312, 
          0.08354 -0.023996 -0.090531, 0.0956 -0.029213 -0.089127, 0.098803 -0.030456 -0.087897, 0.104924 -0.03221 -0.087531, 
          0.109185 -0.03263 -0.087154, 0.094049 -0.022441 -0.093186, 0.11816 -0.031598 -0.092441, 0.114621 -0.032764 -0.087161, 
          0.117256 -0.0318 -0.089311, 0.065334 -0.013012 -0.091811, 0.073821 -0.020119 -0.090424, 0.082198 -0.024921 -0.088154, 
          0.084727 -0.025482 -0.085829, 0.08815 -0.025397 -0.084424, 0.092553 -0.024785 -0.084648, 0.102587 -0.027142 -0.085984, 
          0.089167 -0.020623 -0.092047, 0.112103 -0.030278 -0.091344, 0.105982 -0.027267 -0.088359, 0.060742 -0.010987 -0.092847, 
          0.066086 -0.018494 -0.091259, 0.072914 -0.024075 -0.088251, 0.073704 -0.023538 -0.083606, 0.074408 -0.020134 -0.081425, 
          0.077186 -0.017603 -0.082273, 0.078898 -0.015533 -0.083354, 0.080062 -0.014327 -0.085693, 0.072479 -0.012721 -0.091151, 
          0.07955 -0.01431 -0.088646, 0.058628 -0.010395 -0.091775, 0.059928 -0.017258 -0.092021, 0.062787 -0.025923 -0.088976, 
          0.064993 -0.023894 -0.081508, 0.068172 -0.018988 -0.078601, 0.070462 -0.014549 -0.079746, 0.071381 -0.011317 -0.081612, 
          0.071535 -0.009486 -0.084524, 0.070466 -0.009231 -0.087882, 0.064602 -0.008768 -0.090452, 0.053854 -0.007604 -0.090117, 
          0.056292 -0.014953 -0.091975, 0.058869 -0.021509 -0.087707, 0.060243 -0.02162 -0.081359, 0.063307 -0.017379 -0.077688, 
          0.066474 -0.01279 -0.077806, 0.067336 -0.009046 -0.080459, 0.066689 -0.007401 -0.084008, 0.065799 -0.007138 -0.087322, 
          0.060062 -0.006763 -0.08958, 0.056852 -0.00881 -0.08801, 0.057196 -0.01267 -0.089048, 0.058026 -0.017224 -0.08715, 
          0.05876 -0.017766 -0.082701, 0.059527 -0.014652 -0.079437, 0.059437 -0.009165 -0.07775, 0.062152 -0.006269 -0.07982, 
          0.063957 -0.00515 -0.083528, 0.063663 -0.005328 -0.087385, 0.060109 -0.007246 -0.088923, 0.058775 -0.00943 -0.084769, 
          0.117511 -0.0448 -0.106413, 0.117685 -0.044779 -0.109442, 0.117802 -0.043465 -0.108744, 0.118155 -0.042624 -0.107506, 
          0.114563 -0.046039 -0.108864, 0.118347 -0.042445 -0.105984, 0.118306 -0.043103 -0.10473, 0.118453 -0.044713 -0.10426, 
          0.115991 -0.045428 -0.103403, 0.113578 -0.046656 -0.104219, 0.112899 -0.046918 -0.106719, 0.114694 -0.043668 -0.109935, 
          0.111791 -0.045458 -0.110396, 0.11612 -0.041876 -0.109461, 0.116973 -0.040544 -0.107729, 0.10848 -0.047219 -0.107549, 
          0.117207 -0.040402 -0.105292, 0.116981 -0.041726 -0.103454, 0.115995 -0.043479 -0.102634, 0.112919 -0.044902 -0.101996, 
          0.109758 -0.046341 -0.103573, 0.111956 -0.042277 -0.109706, 0.10916 -0.043724 -0.109506, 0.10696 -0.044691 -0.10689, 
          0.11353 -0.04051 -0.109457, 0.114684 -0.039042 -0.107639, 0.107236 -0.044609 -0.103651, 0.114964 -0.038929 -0.104907, 
          0.114212 -0.040183 -0.102794, 0.112739 -0.041952 -0.10186, 0.109958 -0.043437 -0.101789, 0.109298 -0.041084 -0.111364, 
          0.106852 -0.042538 -0.109145, 0.105204 -0.042355 -0.10623, 0.105033 -0.041948 -0.104003, 0.110948 -0.038768 -0.110071, 
          0.112119 -0.037195 -0.107597, 0.107038 -0.041602 -0.102155, 0.112302 -0.037083 -0.104376, 0.111458 -0.038585 -0.102051, 
          0.109628 -0.040439 -0.10136, 0.106847 -0.039911 -0.110782, 0.100285 -0.038443 -0.107719, 0.096454 -0.036846 -0.105168, 
          0.097004 -0.036962 -0.103624, 0.102625 -0.038868 -0.102619, 0.107869 -0.037342 -0.10969, 0.105592 -0.034634 -0.10677, 
          0.104093 -0.037838 -0.101704, 0.10453 -0.03391 -0.103833, 0.104379 -0.035612 -0.101877, 0.104141 -0.03849 -0.108574, 
          0.090997 -0.033976 -0.106146, 0.078323 -0.028508 -0.103216, 0.080468 -0.029572 -0.101661, 0.085665 -0.030859 -0.100762, 
          0.090765 -0.03148 -0.100669, 0.093061 -0.030625 -0.107912, 0.086362 -0.025164 -0.105003, 0.087882 -0.027865 -0.100001, 
          0.08644 -0.024939 -0.101963, 0.077765 -0.026328 -0.106222, 0.072095 -0.025868 -0.105204, 0.067269 -0.026248 -0.103004, 
          0.068782 -0.026272 -0.099533, 0.06987 -0.024911 -0.097199, 0.07246 -0.022978 -0.096679, 0.076347 -0.021646 -0.097833, 
          0.077649 -0.023454 -0.106249, 0.078164 -0.021088 -0.104397, 0.078318 -0.020903 -0.101071, 0.064442 -0.02052 -0.107707, 
          0.062916 -0.024078 -0.106562, 0.0615 -0.026217 -0.10271, 0.061872 -0.025672 -0.097896, 0.064042 -0.023077 -0.09506, 
          0.065941 -0.019784 -0.09461, 0.066949 -0.016614 -0.096275, 0.06732 -0.014963 -0.09974, 0.065755 -0.017153 -0.106579, 
          0.067006 -0.015272 -0.10361, 0.057357 -0.017153 -0.106976, 0.05614 -0.021601 -0.106744, 0.055401 -0.025346 -0.102749, 
          0.056319 -0.024986 -0.09683, 0.059583 -0.021754 -0.093903, 0.062315 -0.018212 -0.094155, 0.062372 -0.014149 -0.095434, 
          0.061615 -0.011268 -0.098848, 0.060956 -0.011401 -0.103309, 0.059193 -0.013749 -0.106255, 0.053765 -0.015246 -0.10655, 
          0.05087 -0.01902 -0.106976, 0.048554 -0.022561 -0.10269, 0.049065 -0.022249 -0.095959, 0.054648 -0.019413 -0.093977, 
          0.058118 -0.01645 -0.094139, 0.058669 -0.012838 -0.095339, 0.058239 -0.010096 -0.098454, 0.057569 -0.010001 -0.10272, 
          0.055785 -0.012077 -0.105838, 0.050328 -0.013518 -0.105371, 0.05028 -0.016543 -0.104157, 0.050778 -0.018298 -0.101866, 
          0.050973 -0.018603 -0.098595, 0.052794 -0.017571 -0.096086, 0.05513 -0.015495 -0.095246, 0.055659 -0.012856 -0.096156, 
          0.055228 -0.010886 -0.098424, 0.054693 -0.010555 -0.101438, 0.052466 -0.011289 -0.104556, 0.052844 -0.014404 -0.100104, 
          0.10506 -0.040996 -0.120896, 0.102437 -0.040811 -0.124188, 0.103677 -0.038625 -0.124102, 0.106379 -0.036927 -0.122565, 
          0.102758 -0.042878 -0.123043, 0.106891 -0.036927 -0.119662, 0.105355 -0.03836 -0.118127, 0.104379 -0.040283 -0.117643, 
          0.104992 -0.042942 -0.118256, 0.104946 -0.044176 -0.119851, 0.104616 -0.044176 -0.12172, 0.098868 -0.039372 -0.124922, 
          0.098776 -0.042528 -0.123806, 0.100624 -0.036468 -0.124413, 0.102493 -0.034722 -0.122063, 0.099548 -0.044471 -0.121244, 
          0.102966 -0.034754 -0.118833, 0.102095 -0.036716 -0.116568, 0.101066 -0.039335 -0.116, 0.100749 -0.042139 -0.116485, 
          0.100328 -0.044236 -0.118386, 0.096576 -0.038279 -0.123569, 0.09603 -0.041207 -0.123183, 0.096123 -0.043618 -0.120935, 
          0.097773 -0.035766 -0.123161, 0.098979 -0.033907 -0.121186, 0.096715 -0.044856 -0.117224, 0.099399 -0.033946 -0.118289, 
          0.099042 -0.036038 -0.116427, 0.098406 -0.038568 -0.116071, 0.097809 -0.041303 -0.116103, 0.093527 -0.036894 -0.12206, 
          0.092948 -0.038762 -0.121392, 0.092825 -0.04006 -0.11986, 0.093182 -0.040305 -0.117862, 0.094259 -0.034576 -0.122666, 
          0.095103 -0.032766 -0.120397, 0.093836 -0.038994 -0.116603, 0.095653 -0.032865 -0.117733, 0.095461 -0.03513 -0.116382, 
          0.094875 -0.037307 -0.116595, 0.086995 -0.034344 -0.119385, 0.086673 -0.035385 -0.118987, 0.086487 -0.036031 -0.118177, 
          0.086611 -0.03616 -0.117062, 0.086683 -0.035578 -0.115841, 0.087578 -0.032796 -0.119899, 0.091798 -0.031989 -0.119851, 
          0.087146 -0.034233 -0.115242, 0.088099 -0.030611 -0.116712, 0.090606 -0.033678 -0.115673, 0.071291 -0.028817 -0.117101, 
          0.071866 -0.03058 -0.116746, 0.072509 -0.031762 -0.115693, 0.072883 -0.031713 -0.114191, 0.073579 -0.0313 -0.112763, 
          0.073694 -0.029104 -0.111758, 0.069532 -0.025846 -0.117366, 0.068136 -0.022657 -0.115844, 0.071506 -0.025685 -0.11159, 
          0.068638 -0.022616 -0.113048, 0.058671 -0.024489 -0.117223, 0.058476 -0.027574 -0.116373, 0.058582 -0.029514 -0.113892, 
          0.05933 -0.029244 -0.11093, 0.058755 -0.026831 -0.108703, 0.061176 -0.024551 -0.109137, 0.060067 -0.021184 -0.109207, 
          0.058074 -0.020855 -0.116644, 0.057794 -0.018173 -0.11422, 0.058509 -0.018255 -0.111027, 0.051207 -0.021876 -0.116633, 
          0.051302 -0.026113 -0.11638, 0.051767 -0.029516 -0.113402, 0.052729 -0.029192 -0.109111, 0.053963 -0.02582 -0.106964, 
          0.054487 -0.022214 -0.107098, 0.052907 -0.018426 -0.107669, 0.050703 -0.015524 -0.109653, 0.050607 -0.018035 -0.115568, 
          0.050099 -0.015443 -0.112874, 0.045952 -0.020055 -0.116599, 0.045946 -0.025028 -0.116384, 0.046306 -0.029015 -0.112877, 
          0.04739 -0.028701 -0.107808, 0.048809 -0.024602 -0.105382, 0.049373 -0.020427 -0.105802, 0.047665 -0.016505 -0.106592, 
          0.04528 -0.013621 -0.108661, 0.044346 -0.013422 -0.1118, 0.045071 -0.015816 -0.11488, 0.039205 -0.017417 -0.11439, 
          0.039294 -0.022565 -0.116147, 0.041224 -0.029543 -0.113216, 0.042467 -0.029543 -0.106162, 0.044213 -0.023535 -0.104344, 
          0.044607 -0.018941 -0.104835, 0.043728 -0.015429 -0.105998, 0.042153 -0.013204 -0.10815, 0.041161 -0.012913 -0.110887, 
          0.039854 -0.014302 -0.113125, 0.035633 -0.015735 -0.112056, 0.037771 -0.020579 -0.114153, 0.039926 -0.024958 -0.112078, 
          0.041011 -0.025564 -0.107852, 0.041703 -0.022066 -0.1056, 0.041654 -0.018319 -0.106022, 0.041115 -0.015838 -0.106823, 
          0.040163 -0.014311 -0.108145, 0.039425 -0.013956 -0.109886, 0.037397 -0.014311 -0.111565, 0.039348 -0.017683 -0.109313, 
          0.093561 -0.040135 -0.133332, 0.09068 -0.039534 -0.136768, 0.09171 -0.038495 -0.135336, 0.092706 -0.038384 -0.133962, 
          0.089914 -0.041159 -0.134886, 0.093114 -0.038382 -0.132888, 0.093501 -0.038803 -0.131839, 0.094061 -0.040158 -0.130991, 
          0.092199 -0.040878 -0.131033, 0.090546 -0.041481 -0.131734, 0.08986 -0.041608 -0.133081, 0.08836 -0.038934 -0.137031, 
          0.087043 -0.041066 -0.135355, 0.090092 -0.037524 -0.135457, 0.091333 -0.037088 -0.133823, 0.086475 -0.042193 -0.132965, 
          0.091805 -0.037097 -0.132214, 0.092242 -0.037931 -0.130699, 0.092505 -0.03967 -0.129345, 0.089874 -0.041435 -0.129225, 
          0.087407 -0.042109 -0.130726, 0.086466 -0.038445 -0.135706, 0.084312 -0.040288 -0.134784, 0.082903 -0.04156 -0.132436, 
          0.087897 -0.036406 -0.135272, 0.088914 -0.035707 -0.133445, 0.082735 -0.042083 -0.129486, 0.089493 -0.035706 -0.131477, 
          0.090167 -0.037181 -0.130044, 0.090157 -0.039119 -0.129468, 0.087225 -0.040603 -0.129069, 0.084749 -0.037884 -0.134949, 
          0.08249 -0.039427 -0.133977, 0.08065 -0.040374 -0.131825, 0.081138 -0.040396 -0.129544, 0.085407 -0.035821 -0.134612, 
          0.086088 -0.034392 -0.132911, 0.085354 -0.039804 -0.128834, 0.086683 -0.034537 -0.130669, 0.08836 -0.036299 -0.129129, 
          0.089385 -0.038851 -0.129437, 0.082162 -0.03722 -0.135342, 0.08131 -0.038955 -0.133534, 0.080961 -0.039078 -0.131443, 
          0.08127 -0.039092 -0.129995, 0.084899 -0.039705 -0.1287, 0.082139 -0.034908 -0.13394, 0.081582 -0.033808 -0.131789, 
          0.088894 -0.038647 -0.127828, 0.08205 -0.033774 -0.129862, 0.085851 -0.035611 -0.128598, 0.079408 -0.036392 -0.13316, 
          0.073118 -0.036088 -0.130997, 0.067046 -0.035257 -0.128467, 0.068828 -0.035631 -0.12724, 0.076345 -0.037469 -0.126739, 
          0.085853 -0.03778 -0.126432, 0.076493 -0.033415 -0.13267, 0.072112 -0.030638 -0.129893, 0.080483 -0.033457 -0.126581, 
          0.072993 -0.030708 -0.127673, 0.052769 -0.02952 -0.128632, 0.05146 -0.03189 -0.127802, 0.049845 -0.033253 -0.125187, 
          0.052798 -0.033369 -0.123059, 0.066137 -0.03478 -0.124428, 0.082388 -0.036919 -0.12758, 0.068618 -0.031133 -0.125257, 
          0.053599 -0.027271 -0.128084, 0.055607 -0.026253 -0.126616, 0.054445 -0.026023 -0.123949, 0.032578 -0.024387 -0.12839, 
          0.032463 -0.029999 -0.127585, 0.033392 -0.034249 -0.123275, 0.03181 -0.0352 -0.116475, 0.05183 -0.032911 -0.118451, 
          0.065324 -0.032404 -0.124224, 0.060509 -0.028585 -0.123121, 0.050818 -0.023097 -0.122554, 0.039969 -0.021318 -0.127967, 
          0.048417 -0.023064 -0.125569, 0.018869 -0.02007 -0.125711, 0.021944 -0.027412 -0.127024, 0.026659 -0.0332 -0.122558, 
          0.027767 -0.034986 -0.115335, 0.040929 -0.030893 -0.116155, 0.051378 -0.028639 -0.120073, 0.051017 -0.025535 -0.120935, 
          0.047377 -0.022407 -0.122095, 0.043983 -0.021501 -0.124586, 0.032906 -0.0197 -0.126017, 0.020984 -0.020557 -0.124183, 
          0.021767 -0.025755 -0.124919, 0.023338 -0.031127 -0.121786, 0.024658 -0.031187 -0.11561, 0.034995 -0.029116 -0.114945, 
          0.042992 -0.026342 -0.116731, 0.04336 -0.022832 -0.118199, 0.041292 -0.020167 -0.120538, 0.039372 -0.01905 -0.123845, 
          0.03012 -0.019199 -0.12505, 0.026202 -0.021668 -0.124066, 0.025034 -0.0252 -0.123966, 0.025736 -0.028884 -0.121687, 
          0.027376 -0.029563 -0.117615, 0.033851 -0.028037 -0.115531, 0.038383 -0.025554 -0.116422, 0.039158 -0.022564 -0.117612, 
          0.037815 -0.020351 -0.119647, 0.036389 -0.019755 -0.122301, 0.031513 -0.020071 -0.123945, 0.031824 -0.023656 -0.120191, 
          0.067579 -0.005764 -0.073229, 0.068013 -0.008889 -0.071464, 0.067768 -0.009452 -0.073821, 0.067919 -0.00889 -0.074876, 
          0.063001 -0.009443 -0.069686, 0.058962 -0.008874 -0.069171, 0.062501 -0.009443 -0.072879, 0.067918 -0.013263 -0.068719, 
          0.061633 -0.013991 -0.066393, 0.06716 -0.013264 -0.076264, 0.061918 -0.013406 -0.0742, 0.056407 -0.013457 -0.065398, 
          0.052104 -0.013238 -0.06555, 0.056855 -0.013744 -0.070212, 0.069567 -0.017892 -0.071707, 0.067487 -0.019382 -0.068155, 
          0.064352 -0.018992 -0.065182, 0.063617 -0.018545 -0.063365, 0.060928 -0.019103 -0.063319, 0.056727 -0.018603 -0.062519, 
          0.067401 -0.018264 -0.074847, 0.060064 -0.018514 -0.072323, 0.05062 -0.01849 -0.062157, 0.047838 -0.018231 -0.063782, 
          0.055007 -0.018243 -0.068473, 0.068031 -0.024498 -0.071972, 0.067853 -0.024815 -0.063629, 0.064116 -0.024571 -0.062303, 
          0.059209 -0.02457 -0.061693, 0.052544 -0.024544 -0.059395, 0.069239 -0.024517 -0.075171, 0.058004 -0.02452 -0.070179, 
          0.047205 -0.024479 -0.059038, 0.047561 -0.025104 -0.061544, 0.046032 -0.024479 -0.065686, 0.047452 -0.02448 -0.066634, 
          0.051522 -0.025114 -0.06698, 0.063277 -0.031164 -0.075026, 0.066417 -0.030611 -0.067433, 0.064938 -0.030568 -0.062646, 
          0.060343 -0.031155 -0.058197, 0.055246 -0.03023 -0.057226, 0.048625 -0.03073 -0.055607, 0.058037 -0.030749 -0.072054, 
          0.053677 -0.030741 -0.067985, 0.046408 -0.030726 -0.056295, 0.047121 -0.029854 -0.06114, 0.044711 -0.030726 -0.065199, 
          0.044691 -0.030727 -0.06748, 0.047074 -0.030731 -0.068725, 0.049085 -0.030734 -0.067747, 0.060606 -0.033758 -0.066016, 
          0.059151 -0.033353 -0.065602, 0.061143 -0.033646 -0.062923, 0.056739 -0.033478 -0.059369, 0.053689 -0.033863 -0.056373, 
          0.049688 -0.033857 -0.057825, 0.053485 -0.03317 -0.065081, 0.049771 -0.032958 -0.063464, 0.05671 -0.034452 -0.061274, 
          0.056947 -0.025621 -0.081103, 0.057144 -0.020121 -0.07995, 0.057411 -0.015958 -0.078392, 0.057365 -0.025759 -0.078663, 
          0.05182 -0.018683 -0.080491, 0.051818 -0.022595 -0.080502, 0.05647 -0.014002 -0.083881, 0.051369 -0.012593 -0.083121, 
          0.056262 -0.010977 -0.085101, 0.056025 -0.008944 -0.082662, 0.056154 -0.008749 -0.079241, 0.056668 -0.009855 -0.074557, 
          0.058526 -0.014895 -0.071887, 0.058027 -0.021015 -0.074801, 0.052351 -0.021755 -0.077139, 0.046678 -0.021152 -0.079971, 
          0.046565 -0.015552 -0.080628, 0.050853 -0.009052 -0.086126, 0.046132 -0.010737 -0.083152, 0.051051 -0.004102 -0.084975, 
          0.052059 -0.005868 -0.077876, 0.053293 -0.006165 -0.071896, 0.053295 -0.010047 -0.07121, 0.053688 -0.013108 -0.069593, 
          0.05237 -0.017804 -0.074229, 0.047224 -0.019858 -0.076506, 0.041421 -0.023971 -0.080115, 0.041247 -0.021289 -0.081132, 
          0.04112 -0.014483 -0.081877, 0.046371 -0.007763 -0.084814, 0.040643 -0.010083 -0.084656, 0.045876 -0.004583 -0.084646, 
          0.04645 -0.004977 -0.081197, 0.047712 -0.004992 -0.076854, 0.04786 -0.006906 -0.073261, 0.048543 -0.010209 -0.072094, 
          0.047712 -0.015108 -0.073929, 0.042048 -0.020671 -0.076456, 0.041688 -0.01421 -0.079054, 0.040597 -0.007058 -0.084926, 
          0.043326 -0.00729 -0.076883, 0.04263 -0.010496 -0.073068, 0.048528 -0.010127 -0.09957, 0.045922 -0.010127 -0.100317, 
          0.040127 -0.008855 -0.092027, 0.048579 -0.010127 -0.095327, 0.049719 -0.015752 -0.099654, 0.049264 -0.01544 -0.095117, 
          0.038739 -0.010127 -0.096067, 0.044163 -0.015856 -0.098029, 0.032192 -0.010127 -0.096118, 0.029408 -0.010127 -0.091757, 
          0.028263 -0.010127 -0.085652, 0.033121 -0.010127 -0.084733, 0.036205 -0.010127 -0.086673, 0.043338 -0.010127 -0.085454, 
          0.048654 -0.010127 -0.086265, 0.050591 -0.010127 -0.090033, 0.04791 -0.022674 -0.097736, 0.045251 -0.022011 -0.097939, 
          0.049015 -0.015789 -0.090145, 0.048427 -0.022002 -0.09403, 0.040352 -0.015752 -0.093751, 0.035823 -0.015252 -0.095287, 
          0.04019 -0.022002 -0.094674, 0.032717 -0.015814 -0.0941, 0.031085 -0.015861 -0.090601, 0.029747 -0.015752 -0.08731, 
          0.032365 -0.015856 -0.086714, 0.03634 -0.015865 -0.086502, 0.04171 -0.015866 -0.087901, 0.046953 -0.015263 -0.08818, 
          0.044513 -0.028252 -0.094991, 0.039976 -0.02682 -0.094473, 0.045975 -0.020934 -0.090756, 0.041955 -0.026732 -0.091153, 
          0.044856 -0.028252 -0.092322, 0.03734 -0.022002 -0.096075, 0.033891 -0.022016 -0.09308, 0.031436 -0.021389 -0.090461, 
          0.030957 -0.022002 -0.087652, 0.035375 -0.02202 -0.087765, 0.040531 -0.022022 -0.089548, 0.03977 -0.029815 -0.092377, 
          0.036554 -0.027017 -0.093892, 0.038921 -0.028252 -0.088548, 0.03293 -0.028252 -0.089776, 0.035591 -0.028252 -0.087643, 
          0.015679 -0.021029 -0.113898, 0.015325 -0.024231 -0.115909, 0.014178 -0.023374 -0.113508, 0.016492 -0.024737 -0.108435, 
          0.020969 -0.015661 -0.110621, 0.0222 -0.019645 -0.100976, 0.021634 -0.016279 -0.10654, 0.014949 -0.026261 -0.118042, 
          0.017729 -0.022282 -0.113623, 0.014165 -0.02653 -0.112644, 0.014596 -0.028932 -0.107102, 0.019736 -0.025848 -0.095132, 
          0.024365 -0.013714 -0.108237, 0.022833 -0.012992 -0.113207, 0.023036 -0.01812 -0.114521, 0.026178 -0.02132 -0.095886, 
          0.026698 -0.017562 -0.096994, 0.024853 -0.012586 -0.101751, 0.011793 -0.030629 -0.11346, 0.017402 -0.026065 -0.115787, 
          0.015815 -0.029546 -0.117373, 0.016437 -0.030932 -0.11431, 0.022614 -0.02421 -0.115862, 0.018641 -0.032072 -0.101348, 
          0.0195 -0.031982 -0.096473, 0.025876 -0.028252 -0.096084, 0.02993 -0.015932 -0.108896, 0.030849 -0.015428 -0.103374, 
          0.028581 -0.018147 -0.11295, 0.028818 -0.023144 -0.114943, 0.032024 -0.027001 -0.096858, 0.032097 -0.02085 -0.096924, 
          0.031798 -0.017618 -0.09852, 0.017828 -0.031142 -0.110456, 0.017695 -0.029908 -0.10671, 0.022349 -0.02914 -0.115949, 
          0.022591 -0.031322 -0.112387, 0.028714 -0.027835 -0.115604, 0.024211 -0.031821 -0.105537, 0.025532 -0.033337 -0.097909, 
          0.026131 -0.032072 -0.0945, 0.032146 -0.032309 -0.096047, 0.036503 -0.01624 -0.106946, 0.034369 -0.020114 -0.110195, 
          0.037277 -0.01642 -0.102559, 0.036481 -0.016195 -0.107069, 0.034127 -0.025153 -0.11278, 0.038018 -0.029411 -0.098355, 
          0.037663 -0.024314 -0.100366, 0.037684 -0.017864 -0.100245, 0.028571 -0.032025 -0.114537, 0.029446 -0.032553 -0.111162, 
          0.034938 -0.027894 -0.114545, 0.03112 -0.032384 -0.105395, 0.031522 -0.03345 -0.099872, 0.032181 -0.035095 -0.095818, 
          0.037781 -0.032343 -0.099696, 0.037349 -0.02463 -0.105713, 0.034688 -0.031822 -0.114407, 0.036244 -0.031396 -0.10841, 
          0.03718 -0.032343 -0.103108, 0.045658 -0.013635 -0.057944, 0.042298 -0.008302 -0.056379, 0.03923 -0.015569 -0.053999, 
          0.041613 -0.01981 -0.057216, 0.042535 -0.009129 -0.062495, 0.043267 -0.013836 -0.063499, 0.041207 -0.020071 -0.062524, 
          0.035113 -0.010631 -0.053028, 0.040081 -0.004798 -0.062482, 0.037234 -0.005492 -0.059472, 0.034727 -0.014176 -0.052847, 
          0.033263 -0.017105 -0.052165, 0.035288 -0.020675 -0.054152, 0.039334 -0.02174 -0.056143, 0.038218 -0.025224 -0.060795, 
          0.042698 -0.009739 -0.069948, 0.042804 -0.002828 -0.069889, 0.042435 -0.015327 -0.069164, 0.037581 -0.024314 -0.067587, 
          0.039985 -0.020224 -0.069388, 0.034348 -0.006185 -0.059763, 0.031794 -0.008834 -0.05717, 0.033451 -0.01264 -0.058258, 
          0.038575 -0.002951 -0.06882, 0.035094 -0.003659 -0.066003, 0.033029 -0.019086 -0.058581, 0.031844 -0.024021 -0.057192, 
          0.035177 -0.02622 -0.059245, 0.034191 -0.026831 -0.065982, 0.039912 -0.013348 -0.075611, 0.039669 -0.007042 -0.075978, 
          0.037636 -0.003679 -0.075065, 0.033279 -0.02338 -0.073034, 0.035363 -0.019201 -0.074578, 0.031422 -0.003707 -0.064582, 
          0.031089 -0.005903 -0.064426, 0.031826 -0.013414 -0.064866, 0.033904 -0.005483 -0.073375, 0.030281 -0.006459 -0.071634, 
          0.030811 -0.019182 -0.065149, 0.028434 -0.025992 -0.063188, 0.031116 -0.026393 -0.06448, 0.030901 -0.022975 -0.071181, 
          0.035194 -0.013757 -0.081513, 0.035992 -0.00966 -0.081838, 0.034341 -0.005987 -0.081113, 0.028288 -0.01817 -0.076966, 
          0.030362 -0.019499 -0.079259, 0.031772 -0.017198 -0.080733, 0.026836 -0.00945 -0.070028, 0.028021 -0.014879 -0.069917, 
          0.029277 -0.007302 -0.077999, 0.025343 -0.009076 -0.076855, 0.027374 -0.018505 -0.070279, 0.030457 -0.012874 -0.085557, 
          0.029326 -0.014706 -0.084983, 0.0296 -0.011134 -0.085024, 0.026388 -0.010415 -0.083063, 0.022865 -0.013166 -0.075762, 
          0.026135 -0.014862 -0.082707, 0.022234 -0.010412 -0.075469, 0.021032 -0.011981 -0.082494, 0.026427 -0.013425 -0.086907, 
          -0.05857 -0.035503 -0.085066, -0.055245 -0.032064 -0.083276, -0.056698 -0.030861 -0.088934, -0.05752 -0.033905 -0.089629, 
          -0.054323 -0.038369 -0.078389, -0.053324 -0.040221 -0.075581, -0.052773 -0.040969 -0.08228, -0.054691 -0.037226 -0.088093, 
          -0.05246 -0.021855 -0.088364, -0.049542 -0.023869 -0.078987, -0.048146 -0.030839 -0.07459, -0.053627 -0.023398 -0.093027, 
          -0.053297 -0.025831 -0.095311, -0.051701 -0.030322 -0.096538, -0.04415 -0.038757 -0.070335, -0.043374 -0.047076 -0.068705, 
          -0.042715 -0.050724 -0.070599, -0.044013 -0.048333 -0.077155, -0.04434 -0.047106 -0.084935, -0.046714 -0.043573 -0.089864, 
          -0.048349 -0.037901 -0.094459, -0.047826 -0.016168 -0.095434, -0.0464 -0.012699 -0.090407, -0.046129 -0.014168 -0.082693, 
          -0.043598 -0.014944 -0.078384, -0.042327 -0.020478 -0.075439, -0.040439 -0.028598 -0.071882, -0.046316 -0.022978 -0.100734, 
          -0.044023 -0.030523 -0.100324, -0.045225 -0.027116 -0.101432, -0.036508 -0.034692 -0.068461, -0.035076 -0.041894 -0.066942, 
          -0.033299 -0.047988 -0.068746, -0.034048 -0.050819 -0.074113, -0.035263 -0.050055 -0.080447, -0.036506 -0.048479 -0.085369, 
          -0.038169 -0.045689 -0.090659, -0.039603 -0.04377 -0.095336, -0.040952 -0.041663 -0.098581, -0.041527 -0.035507 -0.098863, 
          -0.039362 -0.009744 -0.095504, -0.038844 -0.017106 -0.100784, -0.038618 -0.009432 -0.083348, -0.035695 -0.011595 -0.07761, 
          -0.032791 -0.023783 -0.073477, -0.038711 -0.024173 -0.102458, -0.035809 -0.029237 -0.102173, -0.027964 -0.036232 -0.068831, 
          -0.02679 -0.042382 -0.066686, -0.024457 -0.047628 -0.066202, -0.024517 -0.050731 -0.071332, -0.026262 -0.04816 -0.077402, 
          -0.030009 -0.046094 -0.087034, -0.031095 -0.043395 -0.096824, -0.032278 -0.044395 -0.103149, -0.032996 -0.040931 -0.104299, 
          -0.034011 -0.035744 -0.102387, -0.03173 -0.0069 -0.092031, -0.031111 -0.007174 -0.097075, -0.031914 -0.011281 -0.099863, 
          -0.030381 -0.018528 -0.10223, -0.030489 -0.007536 -0.081608, -0.027571 -0.008423 -0.077137, -0.025935 -0.013781 -0.075116, 
          -0.021266 -0.026675 -0.073328, -0.026654 -0.027799 -0.103258, -0.019605 -0.036581 -0.069976, -0.018279 -0.039057 -0.069894, 
          -0.01929 -0.041573 -0.075815, -0.021625 -0.041068 -0.091207, -0.021969 -0.040885 -0.098716, -0.023666 -0.040406 -0.102713, 
          -0.025065 -0.037641 -0.106204, -0.025857 -0.036205 -0.106058, -0.024298 -0.007307 -0.097684, -0.023357 -0.007107 -0.09383, 
          -0.023287 -0.009462 -0.085711, -0.023296 -0.011171 -0.101718, -0.020344 -0.019326 -0.10533, -0.02178 -0.010066 -0.079393, 
          -0.017706 -0.012585 -0.071257, -0.012291 -0.018395 -0.072174, -0.008968 -0.028297 -0.074694, -0.011966 -0.031034 -0.073493, 
          -0.017129 -0.031737 -0.104049, -0.017776 -0.024472 -0.106799, -0.011118 -0.034405 -0.074076, -0.010879 -0.03516 -0.077623, 
          -0.011317 -0.036218 -0.086533, -0.011746 -0.036852 -0.091933, -0.013202 -0.03794 -0.096375, -0.014436 -0.036283 -0.100436, 
          -0.013598 -0.012283 -0.096491, -0.015429 -0.013292 -0.100557, -0.015325 -0.011376 -0.090899, -0.011135 -0.014891 -0.079841, 
          -0.010725 -0.017961 -0.104882, -0.008202 -0.020652 -0.111024, -0.008345 -0.012975 -0.071787, -0.002302 -0.013656 -0.066185, 
          -0.003087 -0.015317 -0.067432, 0.00022 -0.019218 -0.067877, 0.000176 -0.024113 -0.070757, 0.000342 -0.028973 -0.073343, 
          0.001139 -0.031135 -0.077349, -0.00516 -0.028832 -0.102989, -0.006734 -0.023871 -0.108617, -0.001468 -0.031061 -0.081004, 
          -0.001102 -0.03082 -0.084077, -0.000623 -0.033055 -0.089063, -0.002003 -0.034195 -0.094431, -0.003402 -0.032583 -0.098747, 
          -0.00257 -0.015414 -0.097267, -0.003178 -0.01428 -0.102907, -0.003472 -0.016876 -0.090882, -0.000498 -0.017334 -0.085075, 
          0.001496 -0.013944 -0.078497, 0.005096 -0.009164 -0.069266, -0.001463 -0.016071 -0.105578, -0.000111 -0.017308 -0.111942, 
          0.006992 -0.010082 -0.066963, 0.010457 -0.01096 -0.067071, 0.013897 -0.013674 -0.067345, 0.010051 -0.021672 -0.065453, 
          0.010157 -0.023677 -0.067796, 0.00871 -0.024537 -0.072024, 0.007418 -0.026447 -0.078135, 0.009263 -0.029475 -0.080686, 
          0.003935 -0.025855 -0.102184, 0.002298 -0.02294 -0.106766, 0.001096 -0.020578 -0.110234, 0.007941 -0.030106 -0.087047, 
          0.007359 -0.0313 -0.091475, 0.005905 -0.030763 -0.098128, 0.004252 -0.013314 -0.095449, 0.007004 -0.012513 -0.101699, 
          0.006461 -0.01316 -0.104359, 0.005934 -0.015242 -0.10574, 0.007068 -0.011321 -0.090994, 0.011637 -0.013047 -0.084098, 
          0.012527 -0.014708 -0.073205, 0.010458 -0.01908 -0.106698, 0.007794 -0.018388 -0.108606, 0.014761 -0.017921 -0.070983, 
          0.019637 -0.019829 -0.074338, 0.019225 -0.020319 -0.077439, 0.014939 -0.023435 -0.081369, 0.016917 -0.029449 -0.089206, 
          0.013823 -0.030187 -0.104753, 0.013081 -0.028444 -0.106273, 0.012103 -0.023708 -0.104512, 0.014681 -0.030187 -0.09989, 
          0.01108 -0.012224 -0.095638, 0.012184 -0.0135 -0.101906, 0.011853 -0.011957 -0.089848, 0.015139 -0.015922 -0.080993, 
          0.016607 -0.015805 -0.103113, 0.015592 -0.015245 -0.105088, 0.014152 -0.014632 -0.105484, 0.019138 -0.014576 -0.084394, 
          0.020586 -0.019857 -0.084332, 0.018964 -0.018872 -0.087717, 0.017758 -0.017974 -0.089551, 0.017069 -0.01664 -0.092109, 
          0.016872 -0.016643 -0.097757, 0.014852 -0.010666 -0.09215, 0.017784 -0.010613 -0.101416, 0.018015 -0.009376 -0.089687]
        }
        creaseAngle 0.610865
        normal Normal { vector [
          # normals 1000
          0.92877 -0.273444 0.250229, 0.800892 -0.513119 -0.308675, 0.874695 0.417438 -0.246281, 0.863378 0.501522 -0.055264, 
          0.412863 -0.91079 0.002569, 0.848042 0.490952 0.199479, 0.825679 0.330578 0.457135, 0.811527 -0.0262 0.583727, 
          0.629814 -0.532735 0.565268, 0.447777 -0.82284 0.349901, 0.391458 -0.904856 0.167321, 0.324503 -0.097418 -0.940855, 
          0.066929 -0.928413 -0.365471, 0.541389 0.60905 -0.579617, 0.560969 0.805913 -0.189254, 0.06093 -0.998113 -0.007632, 
          0.564874 0.790887 0.235405, 0.673523 0.46917 0.57118, 0.563298 -0.062428 0.823892, 0.25165 -0.607801 0.75316, 
          0.135542 -0.906256 0.400411, -0.274232 0.183159 -0.94406, -0.474039 -0.598973 -0.645382, -0.442304 -0.877007 -0.187686, 
          -0.010139 0.73234 -0.680863, 0.126541 0.95892 -0.253889, -0.405688 -0.819029 0.40572, 0.284845 0.940091 0.187331, 
          0.121826 0.615299 0.778823, 0.032496 -0.054755 0.997971, -0.092632 -0.474327 0.875462, -0.349087 0.069491 -0.93451, 
          -0.558798 -0.424337 -0.712519, -0.619728 -0.757539 -0.205113, -0.661722 -0.704499 0.256526, -0.105995 0.667306 -0.737203, 
          0.131678 0.936543 -0.324883, -0.37869 -0.368736 0.848898, 0.016196 0.979867 0.198992, -0.130001 0.615192 0.777585, 
          -0.089663 0.075482 0.993108, -0.022847 -0.149467 -0.988503, -0.243978 -0.723616 -0.645643, -0.358269 -0.918369 -0.168053, 
          -0.424014 -0.860599 0.282102, -0.369429 -0.498503 0.78423, 0.197498 0.568139 -0.798882, 0.278091 0.906645 -0.317269, 
          -0.151378 0.063184 0.986455, 0.253466 0.94435 0.20966, 0.08004 0.619651 0.780786, 0.205979 -0.234082 -0.950146, 
          -0.026954 -0.825459 -0.563818, -0.124425 -0.991184 -0.045522, -0.164224 -0.868429 0.467826, -0.19231 -0.401636 0.89538, 
          -0.144542 0.022943 0.989233, 0.396736 0.51196 -0.761904, 0.422053 0.867597 -0.262957, 0.066165 0.476347 0.876764, 
          0.34259 0.886383 0.311381, 0.244488 -0.147657 -0.958344, 0.06564 -0.800896 -0.595195, -0.009389 -0.998808 -0.047895, 
          -0.010818 -0.801628 0.597726, 0.053579 -0.163318 0.985118, 0.058387 0.116786 0.991439, 0.111915 0.347307 0.931049, 
          0.39562 0.610561 -0.686075, 0.419922 0.887561 -0.189473, 0.352862 0.844678 0.402502, 0.139355 -0.000584 -0.990242, 
          0.00918 -0.718335 -0.695637, 0.0061 -0.992855 -0.119175, 0.035025 -0.792799 0.608476, 0.103147 -0.172983 0.979509, 
          0.257519 0.180616 0.949243, 0.241358 0.381476 0.892313, 0.280781 0.871337 0.402411, 0.310928 0.692721 -0.65074, 
          0.275155 0.94963 -0.149973, -0.609676 0.459365 -0.645971, -0.661069 -0.136828 -0.737744, -0.737904 -0.572038 -0.358147, 
          -0.617515 -0.488474 0.616497, -0.152913 0.047471 0.987099, -0.051112 0.226407 0.972691, -0.184212 0.44258 0.877604, 
          -0.278914 0.89 0.360704, -0.318802 0.91899 -0.231999, -0.56795 0.746265 -0.347162, -0.923899 0.377651 -0.061557, 
          -0.839222 0.51567 -0.172601, -0.904537 0.359945 -0.228588, -0.946282 0.323342 -0.000816, -0.688761 0.423601 0.588362, 
          -0.445265 0.478741 0.756668, -0.797346 0.366307 0.479644, -0.935288 0.258897 0.241267, -0.947252 0.22175 -0.231388, 
          -0.941497 0.216508 -0.258277, -0.898108 0.33777 -0.281627, -0.800657 0.524919 -0.288806, -0.8351 0.479453 -0.269689, 
          -0.885127 0.434064 -0.167747, -0.891535 0.450897 0.043088, -0.753452 0.578356 0.312753, -0.839693 0.516869 0.16662, 
          -0.94995 0.311887 -0.017925, -0.990244 0.057892 -0.126749, -0.92506 0.026287 -0.37891, -0.871577 0.43134 -0.233021, 
          0.610384 -0.765216 -0.204638, 0.306472 -0.521384 -0.796388, 0.535782 -0.015622 -0.844212, 0.833497 0.249944 -0.492758, 
          0.2268 -0.860874 -0.455476, 0.954827 0.26973 0.124703, 0.794648 -0.016987 0.606833, 0.585027 -0.353989 0.729681, 
          0.474878 -0.687189 0.549783, 0.347888 -0.920514 0.177842, 0.287861 -0.944366 -0.159089, -0.078067 0.060358 -0.995119, 
          -0.282015 -0.599169 -0.749309, 0.228011 0.604592 -0.763203, 0.428721 0.844944 -0.319794, -0.299127 -0.89537 -0.329903, 
          0.462331 0.813144 0.353619, 0.271916 0.4035 0.873641, 0.203209 0.167888 0.964634, 0.12177 -0.202516 0.971679, 
          -0.104434 -0.868504 0.484555, -0.222864 0.150585 -0.963149, -0.535162 -0.436071 -0.723494, -0.708051 -0.645149 -0.287136, 
          0.113812 0.633111 -0.765648, 0.422551 0.814149 -0.398261, -0.65089 -0.526674 0.546769, 0.479827 0.774606 0.412008, 
          0.302694 0.390069 0.86961, 0.195905 0.190584 0.961925, -0.068667 -0.035768 0.996998, -0.232026 -0.038396 -0.971951, 
          -0.540829 -0.521539 -0.659925, -0.698611 -0.706196 -0.115022, -0.712338 -0.474783 0.516871, 0.053817 0.33788 -0.939649, 
          0.437321 0.882344 -0.173837, -0.243987 -0.047777 0.968601, 0.383719 0.820119 0.424457, 0.279356 0.423273 0.861858, 
          0.061134 0.110611 0.991982, -0.064905 -0.099233 -0.992945, -0.362127 -0.637729 -0.679828, -0.504457 -0.863379 -0.009985, 
          -0.45047 -0.725073 0.520909, -0.229963 -0.319017 0.919427, -0.116515 -0.163604 -0.979621, 0.349737 0.891064 -0.289291, 
          -0.032084 0.005036 0.999472, 0.381283 0.827378 0.412394, 0.189033 0.413417 0.890704, -0.122628 -0.332821 -0.934983, 
          -0.160182 -0.517467 -0.840577, -0.373159 -0.920995 -0.111894, -0.336133 -0.870877 0.358592, -0.163688 -0.539199 0.826118, 
          -0.033631 -0.245581 0.968792, 0.105037 0.32883 -0.93853, 0.420342 0.907366 -0.000653, 0.230172 0.309879 0.922494, 
          0.380173 0.830235 0.40765, 0.011514 -0.042115 -0.999046, -0.147825 -0.509667 -0.847577, -0.226088 -0.923753 -0.309136, 
          -0.208625 -0.914845 0.345736, -0.054066 -0.539068 0.840525, 0.097571 -0.115744 0.988475, 0.284622 0.377006 0.881395, 
          0.341095 0.862706 -0.373354, 0.365974 0.927838 -0.071974, 0.424306 0.864794 0.268508, -0.021061 0.080816 -0.996507, 
          0.092628 -0.243591 -0.965445, 0.046556 -0.883416 -0.466271, 0.061713 -0.872573 0.48457, 0.204366 -0.347947 0.914969, 
          0.290613 0.112954 0.95015, 0.3801 0.473471 0.794575, 0.476826 0.839685 0.259934, 0.26971 0.747736 -0.606751, 
          0.415299 0.856476 -0.306555, -0.072985 0.389518 -0.918122, -0.250486 -0.275254 -0.928166, -0.341336 -0.843261 -0.415212, 
          -0.036085 -0.818392 0.573526, 0.258786 -0.302255 0.917427, 0.446891 0.182975 0.875676, 0.470131 0.565559 0.677584, 
          0.462298 0.853032 0.242109, 0.390485 0.858624 -0.332094, 0.19507 0.640047 -0.74316, -0.759196 0.555141 -0.339765, 
          -0.867216 -0.277315 -0.413561, -0.880426 -0.461616 -0.108444, -0.691114 -0.524403 0.497356, -0.209319 -0.291965 0.933243, 
          0.302866 0.217317 0.927925, 0.521633 0.62183 0.584146, 0.555262 0.820867 0.133647, 0.365857 0.902294 -0.228067, 
          0.005393 0.99957 -0.028808, -0.536141 0.480623 0.693941, -0.846527 -0.185352 0.499036, -0.965008 -0.088897 0.246694, 
          -0.967345 -0.124141 0.22098, -0.858547 -0.157054 0.48809, -0.567388 0.234243 0.789431, -0.077864 0.828103 0.555142, 
          0.12039 0.983026 0.138445, 0.098684 0.964109 -0.246485, -0.265462 0.93664 0.228552, -0.875603 0.432238 0.215614, 
          0.757418 -0.648034 -0.079809, 0.589175 -0.402925 -0.700374, 0.812189 0.111024 -0.572733, 0.933513 0.151247 -0.32508, 
          0.245592 -0.923047 -0.296088, 0.984298 0.167992 -0.054188, 0.97518 0.161173 0.151816, 0.819606 -0.290207 0.49399, 
          0.368462 -0.75854 0.537451, 0.216281 -0.928445 0.302013, 0.19169 -0.981433 -0.006711, 0.120975 0.169704 -0.978042, 
          -0.164259 -0.394726 -0.903997, 0.39908 0.322491 -0.858333, 0.66281 0.614439 -0.427958, -0.374557 -0.90669 -0.19396, 
          0.740094 0.653954 0.15686, 0.626289 0.398444 0.670077, 0.378812 -0.035307 0.9248, 0.111908 -0.440718 0.890642, 
          -0.195457 -0.819976 0.537993, 0.055233 -0.122276 -0.990958, -0.39073 -0.242529 -0.887981, -0.785115 -0.508684 -0.353321, 
          0.368452 0.325689 -0.870729, 0.525847 0.744094 -0.412079, -0.627362 -0.583669 0.515507, 0.573706 0.779364 0.251898, 
          0.449763 0.440894 0.77674, 0.213381 0.057538 0.975273, -0.172017 -0.302123 0.93762, -0.018761 -0.29026 -0.956764, 
          -0.407584 -0.687705 -0.60078, -0.627048 -0.763769 -0.15319, -0.621413 -0.664714 0.41473, 0.290619 0.514827 -0.806532, 
          0.431949 0.832417 -0.347133, -0.365533 -0.381781 0.848899, 0.481413 0.832171 0.275197, 0.330249 0.462014 0.823091, 
          0.002878 -0.015222 0.99988, -0.211032 0.226035 -0.950986, -0.472335 -0.709166 -0.523435, -0.483304 -0.871044 -0.0877439, 
          -0.419849 -0.840075 0.343513, -0.294117 -0.568542 0.768281, 0.052497 0.567227 -0.821887, 0.346222 0.876553 -0.334342, 
          -0.096916 -0.200065 0.974978, 0.410732 0.864616 0.289375, 0.237026 0.428041 0.872124, -0.225047 0.012681 -0.974265, 
          -0.39635 -0.727592 -0.559926, -0.349716 -0.936722 -0.015817, -0.319203 -0.924248 0.209465, -0.17813 -0.686367 0.705103, 
          0.012665 -0.273103 0.961901, 0.067703 0.352045 -0.933531, 0.367293 0.826968 -0.425699, 0.287264 0.341772 0.894802, 
          0.447603 0.837737 0.312808, -0.09032 -0.291841 -0.952193, -0.195691 -0.788663 -0.582851, -0.134996 -0.990846 -0.000914, 
          -0.125059 -0.950504 0.284432, -0.009199 -0.655643 0.755015, 0.180497 -0.134932 0.974276, 0.389707 0.459139 0.798323, 
          0.162767 0.354981 -0.920595, 0.39609 0.811596 -0.429446, 0.476234 0.846978 0.236281, 0.018062 -0.007192 -0.999811, 
          -0.120728 -0.697653 -0.706191, -0.081007 -0.983951 -0.158994, -0.01401 -0.913443 0.406726, 0.0905471 -0.516956 0.851209, 
          0.25096 0.022108 0.967745, 0.446512 0.5392 0.714066, 0.521823 0.836576 0.166859, 0.217298 0.477283 -0.851459, 
          0.434675 0.814961 -0.38327, -0.00853 0.127872 -0.991754, -0.172905 -0.420594 -0.89062, -0.269659 -0.916846 -0.294411, 
          -0.157579 -0.847859 0.506264, 0.003527 -0.347164 0.937798, 0.135866 0.113286 0.984229, 0.315245 0.550219 0.773227, 
          0.451306 0.864539 0.221123, 0.395817 0.822686 -0.408065, 0.173356 0.463762 -0.868834, -0.2288 0.197105 -0.95331, 
          -0.63675 0.042667 -0.769889, -0.921274 -0.217408 -0.322472, -0.778109 -0.225619 0.58621, -0.293892 0.022732 0.955568, 
          -0.092872 0.24093 0.966089, -0.0145 0.549618 0.83529, 0.059942 0.928889 0.365474, 0.088725 0.968372 -0.233204, 
          0.011158 0.58371 -0.811886, -0.752835 0.380585 -0.537023, -0.98318 0.111533 -0.144626, -0.950087 0.291459 0.111292, 
          -0.848623 0.496772 0.181817, -0.67269 0.494564 0.550359, -0.53414 0.404165 0.742526, -0.500617 0.453525 0.737359, 
          -0.50991 0.717553 0.474457, -0.49172 0.855164 0.164029, -0.489845 0.857921 -0.154995, -0.822218 0.423251 0.380547, 
          0.940294 -0.239449 -0.241891, 0.394722 -0.315949 -0.862769, 0.437972 -0.111976 -0.891988, 0.702622 0.270386 -0.65819, 
          0.348739 -0.475332 -0.807738, 0.888227 0.386463 0.248392, 0.718708 0.019528 0.695038, 0.708295 -0.063699 0.703036, 
          0.716823 -0.239874 0.654695, 0.635119 -0.708364 0.307968, 0.469591 -0.764041 -0.442409, -0.145305 -0.050044 -0.98812, 
          -0.142999 -0.587466 -0.796514, 0.006473 0.455692 -0.890114, 0.253392 0.887928 -0.383897, -0.04199 -0.932887 -0.357714, 
          0.40174 0.831678 0.383297, 0.349926 0.359564 0.865023, 0.212677 -0.02395 0.976829, 0.113593 -0.451498 0.885012, 
          0.138417 -0.881804 0.450846, -0.426176 0.130668 -0.895154, -0.566372 -0.347284 -0.747407, -0.565279 -0.743811 -0.356658, 
          -0.137757 0.481469 -0.86557, 0.167735 0.910147 -0.378812, -0.31505 -0.804777 0.503068, 0.272346 0.88152 0.385681, 
          0.128171 0.37821 0.916804, -0.033995 0.005368 0.999408, -0.019804 -0.215873 0.976221, -0.389724 -0.090759 -0.916449, 
          -0.56344 -0.362439 -0.74241, -0.656954 -0.70208 -0.274766, -0.607366 -0.721083 0.333386, -0.164154 0.348792 -0.922712, 
          0.142477 0.898145 -0.415975, -0.196123 -0.287993 0.937334, 0.277136 0.854459 0.439426, 0.114016 0.250486 0.961383, 
          -0.003032 -0.047746 0.998855, -0.325909 -0.206359 -0.922605, -0.401179 -0.465983 -0.788616, -0.455897 -0.829513 -0.322592, 
          -0.389889 -0.901495 0.187866, -0.140381 -0.625498 0.767493, -0.181417 0.153243 -0.971393, 0.160343 0.797599 -0.581487, 
          0.121005 -0.169551 0.978065, 0.362232 0.826843 0.430254, 0.261912 0.247977 0.932689, -0.141839 -0.216592 -0.965904, 
          -0.219798 -0.520111 -0.825332, -0.260711 -0.919292 -0.294842, -0.192399 -0.942502 0.273264, -0.042271 -0.676132 0.735567, 
          0.168314 -0.158349 0.972932, -0.016951 0.176184 -0.984211, 0.278525 0.823721 -0.49387, 0.342737 0.374965 0.861355, 
          0.423232 0.848897 0.31662, -0.04674 -0.063675 -0.996876, -0.101192 -0.519802 -0.848272, -0.101046 -0.95159 -0.290287, 
          0.020395 -0.885115 0.464926, 0.158386 -0.452141 0.877771, 0.239698 -0.016762 0.970703, 0.326674 0.398038 0.857234, 
          0.073107 0.413843 -0.907408, 0.279109 0.866801 -0.413224, 0.39379 0.856433 0.333845, -0.01807 0.089338 -0.995837, 
          -0.0986031 -0.415026 -0.90445, -0.084011 -0.937057 -0.338918, 0.080387 -0.864358 0.496411, 0.238587 -0.310368 0.920189, 
          0.310827 0.129132 0.941654, 0.357335 0.486037 0.797546, 0.371204 0.870392 0.323458, 0.101139 0.525146 -0.844981, 
          0.263684 0.895658 -0.358144, -0.050378 0.209521 -0.976506, -0.050681 -0.330265 -0.942527, 0.009214 -0.917616 -0.39736, 
          0.114186 -0.844187 0.523746, 0.19384 -0.251075 0.94836, 0.273087 0.185139 0.944006, 0.299018 0.525963 0.79621, 
          0.280971 0.895794 0.344397, 0.174787 0.934228 -0.310914, 0.015502 0.599337 -0.800347, -0.344616 0.318122 -0.883198, 
          -0.607061 -0.143418 -0.781606, -0.658976 -0.687065 -0.306093, -0.415212 -0.701685 0.578997, -0.10728 -0.127374 0.986036, 
          -0.042637 0.192194 0.98043, -0.026915 0.478601 0.87762, -0.093538 0.861162 0.499651, -0.133455 0.989106 -0.062128, 
          -0.204922 0.706098 -0.677814, -0.861444 0.374808 -0.342686, -0.94949 -0.230379 -0.21306, -0.94312 -0.302245 0.138467, 
          -0.932745 -0.198311 0.301098, -0.729714 -0.040785 0.682535, -0.564159 0.107867 0.81859, -0.554696 0.200659 0.807495, 
          -0.625265 0.428852 0.652019, -0.627724 0.631191 0.455588, -0.579572 0.781425 0.231239, -0.826054 -0.048912 0.561465, 
          0.813131 -0.434858 -0.386931, 0.38598 -0.352824 -0.85237, 0.570194 0.473874 -0.67106, 0.704549 0.545106 -0.454389, 
          0.21505 -0.886778 -0.409119, 0.791779 0.576547 -0.201691, 0.843804 0.535136 0.040305, 0.929059 -0.125725 0.347913, 
          0.385153 -0.904145 0.184877, 0.291882 -0.956453 -0.001497, 0.248536 -0.961345 -0.118516, -0.099587 0.241942 -0.965167, 
          -0.13924 -0.74917 -0.647578, 0.285736 0.665383 -0.689652, 0.517431 0.774578 -0.363724, -0.008298 -0.975075 -0.221722, 
          0.601378 0.798944 0.005719, 0.603849 0.662072 0.443877, 0.426163 -0.011012 0.90458, 0.195155 -0.688129 0.698851, 
          0.101398 -0.96322 0.24885, -0.312136 0.28813 -0.905291, -0.464892 -0.375227 -0.801923, -0.424689 -0.838121 -0.342334, 
          0.071835 0.611785 -0.787756, 0.350546 0.871801 -0.34217, -0.196244 -0.834948 0.514149, 0.471412 0.862878 0.182243, 
          0.426419 0.594794 0.68146, 0.117229 0.122839 0.985479, 0.0529 -0.272892 0.960589, -0.206609 -0.007079 -0.978398, 
          -0.565578 -0.213 -0.796713, -0.913144 -0.288066 -0.288421, -0.610489 -0.473805 0.634675, 0.05836 0.57693 -0.814706, 
          0.210446 0.916575 -0.340004, 0.056382 -0.535853 0.842426, 0.332437 0.910926 0.244335, 0.355152 0.491722 0.795032, 
          0.301549 -0.053968 0.951922, -0.200683 0.148168 -0.968387, -0.36699 -0.673 -0.642176, -0.665522 -0.740265 -0.0953261, 
          -0.727034 -0.553142 0.406761, -0.078836 -0.708064 0.701734, -0.09553 0.637794 -0.76426, 0.153629 0.951287 -0.267305, 
          0.565356 -0.138957 0.813058, 0.288316 0.943281 0.164604, 0.461192 0.778521 0.425683, -0.29247 0.050637 -0.954933, 
          -0.348113 -0.613135 -0.709143, -0.233966 -0.962592 -0.136661, -0.206353 -0.975743 0.073097, -0.145275 -0.763961 0.628696, 
          0.0836 -0.202497 0.975708, -0.027494 0.50749 -0.861219, 0.201907 0.909235 -0.36404, 0.360799 0.657883 0.66107, 
          0.30334 0.951185 0.056843, -0.093798 -0.029139 -0.995165, -0.143501 -0.655005 -0.741873, -0.059177 -0.97988 -0.190615, 
          -0.044067 -0.997652 0.05243, 0.070014 -0.696058 0.714564, 0.127407 0.047769 0.9907, 0.260073 0.373055 0.890613, 
          0.063476 0.476598 -0.876827, 0.277322 0.904941 -0.322761, 0.371918 0.9272 0.044464, -0.051528 0.076841 -0.995711, 
          -0.113443 -0.477726 -0.871154, -0.084445 -0.9115 -0.402539, 0.09154 -0.95159 0.293424, 0.272241 -0.360516 0.89214, 
          0.285098 0.106891 0.95252, 0.299062 0.356512 0.885133, 0.37574 0.923522 0.07699, 0.128237 0.66331 -0.737275, 
          0.327177 0.911136 -0.250572, -0.671335 0.55893 -0.48673, -0.640729 -0.474286 -0.603754, -0.433724 -0.834115 -0.340787, 
          -0.185946 -0.794981 0.577433, 0.225802 -0.126547 0.965919, 0.362451 0.265431 0.893407, 0.38756 0.477488 0.788544, 
          0.371946 0.832967 0.409661, 0.247925 0.914727 -0.319074, 0.067587 0.945706 -0.317919, -0.271846 0.409947 0.870657, 
          -0.67226 -0.035597 0.739459, -0.951146 0.029815 0.307297, -0.669667 0.201445 0.714819, 0.033488 0.155336 0.987294, 
          0.234401 0.219746 0.946978, 0.297094 0.549416 0.780946, 0.229511 0.876312 0.423559, 0.125601 0.991296 0.039458, 
          -0.040964 0.981825 0.185313, -0.193711 0.394554 0.898222, -0.337708 0.185956 0.922699, -0.526055 0.529579 0.665441, 
          -0.505364 0.770027 0.389442, -0.229749 0.619326 0.750767, -0.082659 0.441107 0.89364, -0.061562 0.492396 0.868192, 
          -0.114689 0.791132 0.600796, -0.188672 0.903162 0.385617, -0.192425 0.761757 0.618626, -0.408719 0.577231 0.706933, 
          0.571515 0.81513 0.094524, 0.702364 0.398353 0.589915, 0.998413 -0.052018 -0.021578, 0.334423 0.341402 -0.878411, 
          0.209405 0.535249 0.818327, -0.3903 0.910663 0.135497, -0.49665 0.434827 -0.751175, 0.86631 0.191269 0.461435, 
          0.283313 0.519134 0.806371, 0.772965 0.014811 -0.634276, -0.450939 0.078394 -0.889106, 0.111883 0.544584 0.83121, 
          -0.523999 0.792418 0.312248, -0.624837 0.182304 -0.759173, 0.997544 -0.031505 -0.062559, 0.87047 0.085329 0.484768, 
          0.668229 0.35908 0.65156, 0.516793 0.418428 0.746889, 0.088418 0.335041 0.938046, 0.18128 0.398565 0.899046, 
          0.402504 -0.148985 -0.903213, -0.483518 -0.110578 -0.868322, -0.094646 0.522212 0.847548, -0.908173 0.397555 -0.131042, 
          -0.494547 0.062056 -0.866933, 0.974547 -0.221549 0.034271, 0.835662 0.07799 0.543679, 0.390985 0.236371 0.889528, 
          0.217554 0.362634 0.906183, 0.165207 0.41958 0.892558, 0.025774 0.005521 -0.999653, -0.501962 0.040591 -0.863937, 
          -0.562751 0.447935 0.694742, -0.994601 0.08362 0.061452, -0.923883 0.284523 -0.255904, -0.36893 0.242573 -0.897245, 
          -0.22651 0.036969 -0.973307, 0.249277 -0.870116 -0.425158, 0.756646 -0.653825 -0.00042, 0.646446 -0.491363 0.583669, 
          0.391733 -0.087521 0.915907, 0.316986 0.154118 0.935824, -0.058554 0.045483 0.997248, -0.503951 -0.350079 -0.789606, 
          -0.400096 -0.241572 -0.884062, -0.924555 -0.205119 0.32113, -0.971996 -0.076862 0.222072, -0.951559 -0.307439 0.00405, 
          -0.766316 -0.45328 -0.455298, 0.017429 -0.435814 -0.899868, 0.057767 -0.399279 -0.915008, 0.087947 -0.975178 -0.203207, 
          -0.216118 -0.911849 -0.349035, 0.42966 -0.867397 0.251029, 0.4413 -0.673928 0.592516, 0.282558 -0.612623 0.738143, 
          -0.455667 -0.846829 0.274315, -0.182777 -0.885983 -0.426178, -0.181382 -0.950204 -0.253402, 0.031241 -0.999364 -0.017213, 
          0.537778 -0.236703 -0.809176, 0.509212 -0.204971 -0.835877, 0.987558 0.07445 -0.138516, 0.27717 -0.911017 0.305327, 
          -0.058244 -0.122509 -0.990757, -0.455145 -0.783057 -0.42387, 0.417923 -0.444831 -0.792128, -0.197265 -0.523671 -0.828767, 
          0.762247 0.143761 -0.631119, 0.896425 0.418682 -0.145355, 0.828806 0.559427 0.011054, 0.85021 0.486569 0.200983, 
          0.852998 0.208173 0.4786, 0.375524 -0.577666 0.724765, -0.291807 -0.764664 0.574575, 0.046968 -0.734017 -0.677505, 
          0.018333 -0.284003 -0.958648, -0.146168 -0.306625 -0.94054, -0.05034 -0.514949 -0.855741, 0.341716 0.791723 -0.506364, 
          0.399739 0.914883 0.056549, 0.299201 0.77718 0.553598, 0.217008 0.377 0.900432, -0.110284 -0.207595 0.971978, 
          -0.235287 -0.576559 0.782444, 0.010071 -0.724173 0.689545, -0.520265 -0.841837 0.143648, -0.467848 -0.187208 -0.863754, 
          -0.50296 -0.357672 -0.786831, -0.109918 -0.12906 -0.985526, -0.413431 -0.270199 -0.869521, -0.159386 0.565362 -0.809297, 
          -0.207057 0.968607 0.137582, -0.156345 0.964106 0.214606, -0.313366 0.562337 0.765231, -0.254336 0.103424 0.96157, 
          -0.208631 -0.413363 0.886343, -0.511419 -0.412336 0.753943, -0.982915 0.049306 0.177336, -0.827232 0.560114 -0.04427, 
          -0.681595 0.669619 0.295023, -0.627347 0.133914 0.767139, 0.683298 0.671797 -0.285995, -0.170877 0.440253 -0.881464, 
          0.021422 0.999689 0.012761, 0.698771 0.70301 -0.13227, 0.418651 -0.140115 -0.897273, 0.998453 -0.046316 -0.030757, 
          -0.252358 0.20346 -0.946002, -0.521307 -0.167299 -0.836809, -0.369901 0.364286 -0.854675, -0.869444 0.331706 -0.366112, 
          -0.816315 0.309358 0.487778, 0.146978 0.364055 0.919707, 0.220982 0.419442 0.880475, 0.02128 0.251792 0.967547, 
          0.566976 0.30003 0.76715, 0.884799 0.464479 0.037274, 0.746868 -0.427447 -0.509389, -0.280055 -0.219683 -0.93451, 
          0.818662 -0.349328 0.455809, 0.874491 -0.361833 0.32302, -0.091651 -0.078347 -0.992704, -0.004862 -0.124653 -0.992189, 
          -0.222835 0.014597 -0.974747, -0.679008 -0.24537 -0.691911, -0.891638 -0.193635 -0.409252, -0.934708 -0.230615 0.27044, 
          -0.118237 -0.234708 0.964848, 0.213544 -0.167669 0.962438, 0.134881 -0.29735 0.945193, 0.299971 -0.430956 0.851055, 
          0.319843 -0.731376 -0.602321, -0.148806 -0.348951 -0.925251, 0.422493 -0.398962 0.813836, 0.488132 -0.324781 0.810089, 
          0.550841 -0.625515 0.552544, -0.091675 -0.092979 -0.991439, -0.727411 -0.208917 -0.653626, -0.887973 -0.156427 -0.432476, 
          -0.613611 -0.243928 0.750987, 0.153572 -0.080212 0.984877, 0.352794 -0.179867 0.918251, 0.050486 -0.997033 -0.058102, 
          -0.413079 -0.457901 -0.787206, 0.473647 -0.350873 0.807804, -0.748545 -0.611376 -0.256709, -0.081203 -0.567294 0.819502, 
          -0.800049 0.599748 0.014984, -0.144771 0.564865 -0.812385, -0.919503 0.388582 -0.059322, -0.836206 0.425326 0.346205, 
          -0.574357 0.700487 -0.423593, -0.762553 0.453363 0.461491, -0.771091 0.600335 0.212171, -0.502215 0.302967 -0.809933, 
          0.06546 0.457209 -0.886947, -0.935378 0.319088 0.152481, -0.941394 0.069128 0.330149, -0.601565 0.304122 0.738667, 
          -0.163029 0.986268 0.026396, -0.083496 0.841731 -0.533401, -0.208056 0.322686 -0.923356, -0.102738 0.225281 0.968862, 
          -0.183663 0.470903 0.862855, -0.282058 0.883875 0.373105, -0.686154 -0.723998 -0.070857, 0.276791 0.270382 -0.922107, 
          0.043218 -0.537871 -0.841918, -0.288976 -0.916661 -0.27609, -0.044715 0.188916 -0.980975, -0.318802 -0.946228 -0.054935, 
          -0.49655 -0.572823 0.652159, 0.071537 0.105403 0.991853, 0.383935 0.842407 -0.378081, 0.252744 0.967531 -0.001875, 
          0.433616 0.471202 -0.768079, 0.317507 0.265045 -0.910462, 0.269524 0.109912 0.956701, 0.326848 0.198119 0.924077, 
          0.259947 0.737585 0.623214, -0.14851 -0.984417 0.094175, -0.060347 -0.99732 -0.041365, 0.040143 -0.299896 -0.953127, 
          -0.069962 -0.966282 -0.247799, 0.173827 0.058957 -0.98301, -0.138496 -0.987122 -0.080051, -0.170259 -0.985292 0.014543, 
          -0.064391 -0.264135 0.962334, 0.335197 0.0789 0.938839, -0.069691 0.319087 -0.94516, 0.612538 0.37685 -0.694824, 
          0.63013 0.759734 0.160437, -0.48721 0.226215 -0.843477, 0.584938 0.373812 -0.7198, 0.794132 0.034438 0.606769, 
          0.808556 0.093233 0.580986, 0.774327 0.349994 0.527183, -0.02158 -0.670466 -0.741627, -0.006865 -0.999102 -0.041808, 
          0.51382 0.171762 -0.840528, 0.035588 -0.993476 -0.108347, 0.023413 -0.973704 -0.226612, 0.164536 -0.858266 0.486115, 
          0.804155 -0.553893 0.215724, 0.969298 0.04063 -0.24251, 0.6255 -0.622246 -0.470701, 0.59829 -0.785865 -0.156417, 
          0.582369 -0.78875 -0.196772, 0.981562 -0.073829 0.176312, 0.584081 0.587982 0.559578, 0.419096 -0.104976 0.901853, 
          0.776146 -0.492676 0.393533, 0.946196 0.32357 -0.003939, 0.978292 -0.073998 -0.193567, 0.873601 -0.467954 -0.133568, 
          -0.308881 0.429646 0.848526, 0.372866 0.878443 0.298844, -0.038468 0.890371 0.453607, -0.687006 0.210292 0.695558, 
          -0.492236 -0.038773 0.869598, 0.148434 -0.519244 0.841637, 0.487796 -0.559518 0.670071, 0.66046 -0.746556 0.0802841, 
          0.971621 -0.004665 -0.236496, 0.740167 0.662555 -0.114775, 0.933737 -0.268095 -0.237193, 0.653361 -0.665506 -0.360862, 
          0.754707 -0.51916 -0.40111, -0.342207 0.793873 0.502653, -0.851988 0.265648 0.451162, -0.964165 -0.12683 0.233025, 
          -0.160033 0.986003 0.046774, -0.129906 0.987841 0.085407, -0.951826 0.235985 0.195802, -0.555301 -0.585347 0.59077, 
          0.096055 -0.896072 0.433392, 0.077373 -0.970239 -0.229457, 0.810929 -0.269005 -0.519644, 0.784794 0.256711 -0.564091, 
          0.056944 0.93527 -0.349323, 0.014718 -0.852611 -0.522339, 0.581266 -0.586425 -0.564123, -0.61885 0.745611 0.247161, 
          -0.924842 0.213716 0.314631, -0.89169 -0.010304 0.452529, -0.362758 0.925901 -0.105422, -0.534459 0.843318 -0.056297, 
          -0.852255 0.235758 0.466991, -0.942002 -0.161559 0.294163, -0.372572 -0.921378 -0.11069, -0.575707 -0.747133 -0.332195, 
          0.609296 -0.474253 -0.635486, 0.64081 0.142191 -0.754417, 0.046106 0.830166 -0.555606, -0.665347 -0.719483 -0.199142, 
          -0.031371 -0.814775 -0.578928, 0.293077 -0.726272 -0.6218, -0.805129 0.317842 0.500743, -0.786658 -0.007853 0.617339, 
          -0.379269 0.912155 -0.155332, -0.435081 0.89799 -0.065717, -0.923494 -0.366277 0.114018, 0.44846 -0.079334 -0.890275, 
          0.194158 -0.752063 -0.629845, 0.10437 0.559754 -0.82206, -0.320844 0.831457 -0.453585, -0.827925 -0.469569 0.306668, 
          -0.412233 -0.846118 -0.337858, -0.836778 0.460014 0.296969, -0.919257 0.199082 -0.339607, -0.156941 -0.081683 -0.984224, 
          -0.986146 -0.069031 0.150835, -0.796345 0.386896 0.464915, -0.92655 0.376171 0.000259, -0.84995 -0.19461 -0.489605, 
          -0.548837 0.442906 0.708952, -0.83498 -0.331132 0.439499, -0.636324 -0.758278 -0.141799, -0.58881 -0.660359 -0.466077, 
          -0.857251 0.489605 0.159396, -0.728508 0.372429 0.574955, -0.590381 0.272545 0.759717, -0.876884 0.431899 -0.21104, 
          -0.79887 0.207025 -0.564755, -0.568174 -0.299759 -0.76637, -0.436595 0.176548 0.882165, -0.291971 -0.017357 0.95627, 
          -0.342839 -0.865663 0.364814, -0.436175 -0.890804 -0.127356, -0.357703 -0.890705 -0.280523, -0.484586 -0.776338 -0.403083, 
          -0.543158 -0.44358 -0.712893, -0.667372 0.561917 -0.488738, -0.654462 0.755313 -0.034367, -0.69563 0.638208 0.329834, 
          -0.497417 0.575357 0.649262, -0.318729 0.350513 0.880655, -0.261279 0.33822 0.904069, -0.463076 0.205845 -0.862084, 
          -0.264353 -0.351448 -0.89811, -0.32125 -0.166763 -0.932196, -0.116397 0.298299 0.947349, -0.104324 0.044868 0.993531, 
          -0.071837 -0.577569 0.813175, 0.012109 -0.999878 -0.009886, 0.026006 -0.974218 -0.224105, 0.016297 -0.920222 -0.391057, 
          -0.077601 -0.914226 -0.397704, -0.170534 -0.897122 -0.407541, -0.485731 -0.540502 -0.686966, -0.38785 -0.210998 -0.897247, 
          -0.416411 0.803962 -0.424555, -0.267032 0.390023 -0.881236, -0.385701 0.891091 0.239149, -0.264699 0.57432 0.774656, 
          -0.028976 0.333962 0.942141, -0.113788 0.009332 -0.993461, -0.164549 -0.096982 -0.98159, 0.091365 0.334002 0.938134, 
          0.015822 0.116149 0.993106, 0.431548 -0.328704 0.840071, 0.369147 -0.924847 0.091592, 0.416475 -0.854508 -0.310426, 
          0.258574 -0.902515 -0.344394, 0.140569 -0.971699 -0.189844, -0.068667 -0.730137 -0.679842, -0.405971 -0.068213 -0.911337, 
          -0.396043 0.088495 -0.913958, -0.076727 0.996653 0.028205, -0.184949 0.832569 -0.522133, -0.237212 0.454388 -0.85864, 
          -0.156786 0.160362 -0.974527, -0.012555 0.983511 0.180412, -0.092188 0.805796 0.584974, -0.223844 0.095894 0.969896, 
          0.066888 0.192781 0.978959, -0.219758 0.048662 -0.97434, 0.266706 0.233716 0.93501, 0.689629 -0.416707 0.592256, 
          0.714145 -0.699916 -0.010663, 0.41854 -0.903228 -0.09489, 0.334804 -0.919119 -0.207669, 0.428757 -0.777122 -0.460705, 
          0.206297 -0.315223 -0.926324, -0.162495 0.105982 -0.981001, 0.19942 0.91492 -0.350932, 0.284772 0.956202 0.06769, 
          0.295963 0.946943 0.125322, -0.018864 0.571991 -0.820043, -0.268566 0.309092 -0.912324, 0.292408 0.956166 0.015613, 
          -0.219507 0.4044 0.88785, -0.238557 -0.319535 0.917054, -0.007096 -0.283842 0.958845, 0.270033 0.118105 0.95558, 
          0.168265 -0.332472 -0.927981, -0.264778 -0.258232 -0.92909, 0.494302 -0.391072 0.776356, 0.494657 -0.864099 0.092994, 
          0.437355 -0.894882 0.088915, 0.336193 -0.936025 0.104076, 0.363796 -0.911001 -0.194243, 0.363169 -0.704638 -0.609585, 
          0.359401 0.929981 -0.077242, 0.195072 0.818916 -0.539744, 0.376816 0.918992 0.116029, 0.174404 0.971656 -0.159586, 
          -0.058959 0.752721 -0.655694, -0.265286 0.367917 -0.891213, -0.069917 0.985359 0.155498, -0.089289 0.198668 0.975991, 
          -0.17937 -0.410779 0.893917, -0.235107 -0.241834 0.941404, -0.168921 -0.599191 0.782583, 0.182278 -0.749917 0.635924, 
          0.3451 -0.758699 0.552523, 0.258269 -0.668192 -0.697722, 0.082503 -0.611868 -0.786645, 0.30549 -0.949461 -0.072105, 
          0.248336 -0.948808 0.195175, 0.256999 -0.944234 0.205849, 0.297271 -0.949686 -0.098624, 0.283821 -0.756748 -0.588879, 
          -0.028865 0.97728 0.209977, -0.11608 0.929412 -0.350313, 0.039039 0.991355 0.125266, -0.051 0.9984 -0.024438, 
          -0.150194 0.898608 -0.412244, 0.060323 0.994482 -0.085834, -0.203893 0.791353 -0.576358, 0.118636 0.17057 -0.978178, 
          0.052031 0.922857 0.381612, 0.394822 0.738018 0.547215, 0.516909 0.108559 0.849129, 0.345979 -0.460564 0.817423, 
          0.258167 -0.886491 0.384035, 0.323843 -0.895571 0.305089, 0.556644 -0.644903 0.523686, 0.311243 -0.900905 0.302485, 
          -0.06854 -0.639472 -0.765753, 0.221628 -0.707431 -0.671136, 0.243248 -0.58923 -0.770479, 0.20478 -0.968326 0.142866, 
          0.206238 -0.976286 0.065819, 0.066892 -0.926122 -0.371245, -0.303331 0.950805 0.062926, -0.026055 0.993723 -0.108794, 
          0.059604 0.81444 -0.577179, 0.041705 0.658166 -0.751717, -0.187221 0.980654 0.057154, 0.153372 0.98755 0.034949, 
          0.629491 0.766805 -0.125505, 0.426604 -0.353788 -0.832372, 0.037471 0.358708 -0.932697, 0.833664 0.45762 0.309173, 
          0.823971 0.327247 0.462581, 0.676169 -0.734477 0.057785, 0.635319 -0.656345 0.406917, 0.829745 -0.553027 0.075393, 
          0.290476 -0.778958 -0.555741, -0.057142 -0.076641 -0.99542, 0.058882 -0.194126 -0.979208, 0.682013 -0.723326 -0.107973, 
          -0.096631 0.987844 -0.121768, -0.050484 0.900427 -0.432067, 0.0655 0.985393 0.157198, 0.293665 0.890826 0.346685, 
          0.832816 -0.172685 -0.525925, 0.625241 -0.054975 -0.778493, 0.137076 0.478322 -0.867421, 0.863763 0.335662 0.375826, 
          0.983743 -0.065256 0.167304, 0.860182 -0.054485 -0.507068, 0.899958 -0.056293 -0.432327, 0.984765 -0.062872 -0.162129, 
          0.989422 -0.127051 -0.070014, -0.345512 0.936525 0.059519, 0.53345 0.673291 -0.511967, 0.906827 0.416791 -0.062853]
        }
        coordIndex [
          0, 1, 2, -1,0, 2, 3, -1,0, 4, 1, -1,0, 3, 5, -1,0, 5, 6, -1,0, 6, 7, -1,0, 7, 8, -1,
          0, 8, 9, -1,0, 9, 10, -1,0, 10, 4, -1,1, 11, 2, -1,12, 11, 1, -1,4, 12, 1, -1,11, 
          13, 2, -1,2, 13, 3, -1,13, 14, 3, -1,3, 14, 5, -1,15, 12, 4, -1,10, 15, 4, -1,14, 
          16, 5, -1,5, 16, 6, -1,16, 17, 6, -1,6, 17, 7, -1,17, 18, 7, -1,7, 18, 8, -1,18, 
          19, 8, -1,8, 19, 9, -1,19, 20, 9, -1,9, 20, 10, -1,20, 15, 10, -1,11, 21, 13, -1,
          22, 21, 11, -1,12, 22, 11, -1,23, 22, 12, -1,15, 23, 12, -1,21, 24, 13, -1,13, 24, 
          14, -1,24, 25, 14, -1,14, 25, 16, -1,26, 23, 15, -1,20, 26, 15, -1,25, 27, 16, -1,
          16, 27, 17, -1,27, 28, 17, -1,17, 28, 18, -1,28, 29, 18, -1,18, 29, 19, -1,29, 30, 
          19, -1,19, 30, 20, -1,30, 26, 20, -1,21, 31, 24, -1,32, 31, 21, -1,22, 32, 21, -1,
          33, 32, 22, -1,23, 33, 22, -1,34, 33, 23, -1,26, 34, 23, -1,31, 35, 24, -1,24, 35, 
          25, -1,35, 36, 25, -1,27, 25, 36, -1,37, 34, 26, -1,30, 37, 26, -1,27, 36, 38, -1,
          27, 38, 28, -1,38, 39, 28, -1,28, 39, 29, -1,39, 40, 29, -1,29, 40, 30, -1,40, 37, 
          30, -1,31, 41, 35, -1,42, 41, 31, -1,32, 42, 31, -1,43, 42, 32, -1,33, 43, 32, -1,
          44, 43, 33, -1,34, 44, 33, -1,45, 44, 34, -1,37, 45, 34, -1,41, 46, 35, -1,35, 46, 
          36, -1,46, 47, 36, -1,36, 47, 38, -1,48, 45, 37, -1,40, 48, 37, -1,47, 49, 38, -1,
          38, 49, 39, -1,49, 50, 39, -1,39, 50, 40, -1,50, 48, 40, -1,41, 51, 46, -1,52, 51, 
          41, -1,42, 52, 41, -1,53, 52, 42, -1,43, 53, 42, -1,54, 53, 43, -1,44, 54, 43, -1,
          55, 54, 44, -1,45, 55, 44, -1,56, 55, 45, -1,48, 56, 45, -1,51, 57, 46, -1,46, 57, 
          47, -1,57, 58, 47, -1,47, 58, 49, -1,59, 56, 48, -1,50, 59, 48, -1,58, 60, 49, -1,
          49, 60, 50, -1,60, 59, 50, -1,51, 61, 57, -1,62, 61, 51, -1,52, 62, 51, -1,63, 62, 
          52, -1,53, 63, 52, -1,64, 63, 53, -1,54, 64, 53, -1,65, 64, 54, -1,55, 65, 54, -1,
          66, 65, 55, -1,56, 66, 55, -1,67, 66, 56, -1,59, 67, 56, -1,61, 68, 57, -1,57, 68, 
          58, -1,68, 69, 58, -1,58, 69, 60, -1,70, 67, 59, -1,60, 70, 59, -1,69, 70, 60, -1,
          61, 71, 68, -1,72, 71, 61, -1,62, 72, 61, -1,73, 72, 62, -1,63, 73, 62, -1,74, 73, 
          63, -1,64, 74, 63, -1,75, 74, 64, -1,65, 75, 64, -1,76, 75, 65, -1,66, 76, 65, -1,
          77, 76, 66, -1,67, 77, 66, -1,78, 77, 67, -1,70, 78, 67, -1,71, 79, 68, -1,68, 79, 
          69, -1,79, 80, 69, -1,69, 80, 70, -1,80, 78, 70, -1,71, 81, 79, -1,82, 81, 71, -1,
          72, 82, 71, -1,83, 82, 72, -1,73, 83, 72, -1,84, 83, 73, -1,74, 84, 73, -1,85, 84, 
          74, -1,75, 85, 74, -1,86, 85, 75, -1,76, 86, 75, -1,87, 86, 76, -1,77, 87, 76, -1,
          88, 87, 77, -1,78, 88, 77, -1,89, 88, 78, -1,80, 89, 78, -1,81, 90, 79, -1,79, 90, 
          80, -1,90, 89, 80, -1,81, 91, 90, -1,92, 91, 81, -1,82, 92, 81, -1,93, 92, 82, -1,
          83, 93, 82, -1,94, 93, 83, -1,84, 94, 83, -1,95, 94, 84, -1,85, 95, 84, -1,96, 95, 
          85, -1,86, 96, 85, -1,97, 96, 86, -1,87, 97, 86, -1,98, 97, 87, -1,88, 98, 87, -1,
          99, 98, 88, -1,89, 99, 88, -1,90, 100, 89, -1,100, 99, 89, -1,91, 100, 90, -1,91, 
          101, 100, -1,102, 101, 91, -1,92, 102, 91, -1,103, 102, 92, -1,93, 103, 92, -1,104, 
          103, 93, -1,94, 104, 93, -1,105, 104, 94, -1,95, 105, 94, -1,106, 105, 95, -1,96, 
          106, 95, -1,107, 106, 96, -1,97, 107, 96, -1,108, 107, 97, -1,98, 108, 97, -1,109, 
          108, 98, -1,99, 109, 98, -1,100, 110, 99, -1,110, 109, 99, -1,101, 110, 100, -1,101, 
          111, 110, -1,102, 111, 101, -1,103, 111, 102, -1,104, 111, 103, -1,105, 111, 104, -1,
          106, 111, 105, -1,107, 111, 106, -1,108, 111, 107, -1,109, 111, 108, -1,110, 111, 
          109, -1,112, 113, 114, -1,112, 114, 115, -1,112, 116, 113, -1,112, 115, 117, -1,112, 
          117, 118, -1,112, 118, 119, -1,112, 119, 120, -1,112, 120, 121, -1,112, 121, 122, -1,
          112, 122, 116, -1,113, 123, 114, -1,124, 123, 113, -1,116, 124, 113, -1,123, 125, 
          114, -1,114, 125, 115, -1,125, 126, 115, -1,115, 126, 117, -1,127, 124, 116, -1,122, 
          127, 116, -1,126, 128, 117, -1,117, 128, 118, -1,128, 129, 118, -1,118, 129, 119, -1,
          129, 130, 119, -1,119, 130, 120, -1,130, 131, 120, -1,120, 131, 121, -1,131, 132, 
          121, -1,121, 132, 122, -1,132, 127, 122, -1,123, 133, 125, -1,134, 133, 123, -1,124, 
          134, 123, -1,135, 134, 124, -1,127, 135, 124, -1,133, 136, 125, -1,125, 136, 126, -1,
          136, 137, 126, -1,126, 137, 128, -1,138, 135, 127, -1,132, 138, 127, -1,137, 139, 
          128, -1,128, 139, 129, -1,139, 140, 129, -1,129, 140, 130, -1,140, 141, 130, -1,130, 
          141, 131, -1,141, 142, 131, -1,131, 142, 132, -1,142, 138, 132, -1,133, 143, 136, -1,
          144, 143, 133, -1,134, 144, 133, -1,145, 144, 134, -1,135, 145, 134, -1,146, 145, 
          135, -1,138, 146, 135, -1,143, 147, 136, -1,136, 147, 137, -1,147, 148, 137, -1,137, 
          148, 139, -1,149, 146, 138, -1,142, 149, 138, -1,148, 150, 139, -1,139, 150, 140, -1,
          150, 151, 140, -1,140, 151, 141, -1,151, 152, 141, -1,141, 152, 142, -1,152, 149, 
          142, -1,143, 153, 147, -1,154, 153, 143, -1,144, 154, 143, -1,155, 154, 144, -1,145, 
          155, 144, -1,156, 155, 145, -1,146, 156, 145, -1,157, 156, 146, -1,149, 157, 146, -1,
          153, 158, 147, -1,147, 158, 148, -1,158, 159, 148, -1,148, 159, 150, -1,160, 157, 
          149, -1,152, 160, 149, -1,159, 161, 150, -1,150, 161, 151, -1,161, 162, 151, -1,151, 
          162, 152, -1,162, 160, 152, -1,153, 163, 158, -1,164, 163, 153, -1,154, 164, 153, -1,
          165, 164, 154, -1,155, 165, 154, -1,166, 165, 155, -1,156, 166, 155, -1,167, 166, 
          156, -1,157, 167, 156, -1,168, 167, 157, -1,160, 168, 157, -1,163, 169, 158, -1,158, 
          169, 159, -1,169, 170, 159, -1,159, 170, 161, -1,171, 168, 160, -1,162, 171, 160, -1,
          170, 172, 161, -1,161, 172, 162, -1,172, 171, 162, -1,163, 173, 169, -1,174, 173, 
          163, -1,164, 174, 163, -1,175, 174, 164, -1,165, 175, 164, -1,176, 175, 165, -1,166, 
          176, 165, -1,177, 176, 166, -1,167, 177, 166, -1,178, 177, 167, -1,168, 178, 167, -1,
          179, 178, 168, -1,171, 179, 168, -1,173, 180, 169, -1,169, 180, 170, -1,180, 181, 
          170, -1,170, 181, 172, -1,182, 179, 171, -1,172, 182, 171, -1,181, 182, 172, -1,173, 
          183, 180, -1,184, 183, 173, -1,174, 184, 173, -1,185, 184, 174, -1,175, 185, 174, -1,
          186, 185, 175, -1,176, 186, 175, -1,187, 186, 176, -1,177, 187, 176, -1,188, 187, 
          177, -1,178, 188, 177, -1,189, 188, 178, -1,179, 189, 178, -1,190, 189, 179, -1,182, 
          190, 179, -1,183, 191, 180, -1,180, 191, 181, -1,191, 192, 181, -1,181, 192, 182, -1,
          192, 190, 182, -1,183, 193, 191, -1,194, 193, 183, -1,184, 194, 183, -1,195, 194, 
          184, -1,185, 195, 184, -1,196, 195, 185, -1,186, 196, 185, -1,197, 196, 186, -1,187, 
          197, 186, -1,198, 197, 187, -1,188, 198, 187, -1,199, 198, 188, -1,189, 199, 188, -1,
          200, 199, 189, -1,190, 200, 189, -1,201, 200, 190, -1,192, 201, 190, -1,193, 202, 
          191, -1,191, 202, 192, -1,202, 201, 192, -1,193, 203, 202, -1,204, 203, 193, -1,194, 
          204, 193, -1,205, 204, 194, -1,195, 205, 194, -1,206, 205, 195, -1,196, 206, 195, -1,
          207, 206, 196, -1,197, 207, 196, -1,208, 207, 197, -1,198, 208, 197, -1,209, 208, 
          198, -1,199, 209, 198, -1,210, 209, 199, -1,200, 210, 199, -1,211, 210, 200, -1,201, 
          211, 200, -1,202, 212, 201, -1,212, 211, 201, -1,203, 212, 202, -1,203, 213, 212, -1,
          214, 213, 203, -1,204, 214, 203, -1,215, 214, 204, -1,205, 215, 204, -1,216, 215, 
          205, -1,206, 216, 205, -1,217, 216, 206, -1,207, 217, 206, -1,218, 217, 207, -1,208, 
          218, 207, -1,219, 218, 208, -1,209, 219, 208, -1,220, 219, 209, -1,210, 220, 209, -1,
          221, 220, 210, -1,211, 221, 210, -1,212, 222, 211, -1,222, 221, 211, -1,213, 222, 
          212, -1,213, 223, 222, -1,214, 223, 213, -1,215, 223, 214, -1,216, 223, 215, -1,217, 
          223, 216, -1,218, 223, 217, -1,219, 223, 218, -1,220, 223, 219, -1,221, 223, 220, -1,
          222, 223, 221, -1,224, 225, 226, -1,224, 226, 227, -1,224, 228, 225, -1,224, 227, 
          229, -1,224, 229, 230, -1,224, 230, 231, -1,224, 231, 232, -1,224, 232, 233, -1,224, 
          233, 234, -1,224, 234, 228, -1,225, 235, 226, -1,236, 235, 225, -1,228, 236, 225, -1,
          235, 237, 226, -1,226, 237, 227, -1,237, 238, 227, -1,227, 238, 229, -1,239, 236, 
          228, -1,234, 239, 228, -1,238, 240, 229, -1,229, 240, 230, -1,240, 241, 230, -1,230, 
          241, 231, -1,241, 242, 231, -1,231, 242, 232, -1,242, 243, 232, -1,232, 243, 233, -1,
          243, 244, 233, -1,233, 244, 234, -1,244, 239, 234, -1,235, 245, 237, -1,246, 245, 
          235, -1,236, 246, 235, -1,247, 246, 236, -1,239, 247, 236, -1,245, 248, 237, -1,237, 
          248, 238, -1,248, 249, 238, -1,238, 249, 240, -1,250, 247, 239, -1,244, 250, 239, -1,
          249, 251, 240, -1,240, 251, 241, -1,251, 252, 241, -1,241, 252, 242, -1,252, 253, 
          242, -1,242, 253, 243, -1,253, 254, 243, -1,243, 254, 244, -1,254, 250, 244, -1,245, 
          255, 248, -1,256, 255, 245, -1,246, 256, 245, -1,257, 256, 246, -1,247, 257, 246, -1,
          258, 257, 247, -1,250, 258, 247, -1,255, 259, 248, -1,248, 259, 249, -1,259, 260, 
          249, -1,249, 260, 251, -1,261, 258, 250, -1,254, 261, 250, -1,260, 262, 251, -1,251, 
          262, 252, -1,262, 263, 252, -1,252, 263, 253, -1,263, 264, 253, -1,253, 264, 254, -1,
          264, 261, 254, -1,255, 265, 259, -1,266, 265, 255, -1,256, 266, 255, -1,267, 266, 
          256, -1,257, 267, 256, -1,268, 267, 257, -1,258, 268, 257, -1,269, 268, 258, -1,261, 
          269, 258, -1,265, 270, 259, -1,259, 270, 260, -1,270, 271, 260, -1,260, 271, 262, -1,
          272, 269, 261, -1,264, 272, 261, -1,271, 273, 262, -1,262, 273, 263, -1,273, 274, 
          263, -1,263, 274, 264, -1,274, 272, 264, -1,265, 275, 270, -1,276, 275, 265, -1,266, 
          276, 265, -1,277, 276, 266, -1,267, 277, 266, -1,278, 277, 267, -1,268, 278, 267, -1,
          279, 278, 268, -1,269, 279, 268, -1,280, 279, 269, -1,272, 280, 269, -1,275, 281, 
          270, -1,270, 281, 271, -1,281, 282, 271, -1,271, 282, 273, -1,283, 280, 272, -1,274, 
          283, 272, -1,282, 284, 273, -1,273, 284, 274, -1,284, 283, 274, -1,275, 285, 281, -1,
          286, 285, 275, -1,276, 286, 275, -1,287, 286, 276, -1,277, 287, 276, -1,288, 287, 
          277, -1,278, 288, 277, -1,289, 288, 278, -1,279, 289, 278, -1,290, 289, 279, -1,280, 
          290, 279, -1,291, 290, 280, -1,283, 291, 280, -1,285, 292, 281, -1,281, 292, 282, -1,
          292, 293, 282, -1,282, 293, 284, -1,294, 291, 283, -1,284, 294, 283, -1,293, 294, 
          284, -1,285, 295, 292, -1,296, 295, 285, -1,286, 296, 285, -1,297, 296, 286, -1,287, 
          297, 286, -1,298, 297, 287, -1,288, 298, 287, -1,299, 298, 288, -1,289, 299, 288, -1,
          300, 299, 289, -1,290, 300, 289, -1,301, 300, 290, -1,291, 301, 290, -1,302, 301, 
          291, -1,294, 302, 291, -1,295, 303, 292, -1,292, 303, 293, -1,303, 304, 293, -1,293, 
          304, 294, -1,304, 302, 294, -1,295, 305, 303, -1,306, 305, 295, -1,296, 306, 295, -1,
          307, 306, 296, -1,297, 307, 296, -1,308, 307, 297, -1,298, 308, 297, -1,309, 308, 
          298, -1,299, 309, 298, -1,310, 309, 299, -1,300, 310, 299, -1,311, 310, 300, -1,301, 
          311, 300, -1,312, 311, 301, -1,302, 312, 301, -1,313, 312, 302, -1,304, 313, 302, -1,
          305, 314, 303, -1,303, 314, 304, -1,314, 313, 304, -1,305, 315, 314, -1,316, 315, 
          305, -1,306, 316, 305, -1,317, 316, 306, -1,307, 317, 306, -1,318, 317, 307, -1,308, 
          318, 307, -1,319, 318, 308, -1,309, 319, 308, -1,320, 319, 309, -1,310, 320, 309, -1,
          321, 320, 310, -1,311, 321, 310, -1,322, 321, 311, -1,312, 322, 311, -1,323, 322, 
          312, -1,313, 323, 312, -1,314, 324, 313, -1,324, 323, 313, -1,315, 324, 314, -1,315, 
          325, 324, -1,326, 325, 315, -1,316, 326, 315, -1,327, 326, 316, -1,317, 327, 316, -1,
          328, 327, 317, -1,318, 328, 317, -1,329, 328, 318, -1,319, 329, 318, -1,330, 329, 
          319, -1,320, 330, 319, -1,331, 330, 320, -1,321, 331, 320, -1,332, 331, 321, -1,322, 
          332, 321, -1,333, 332, 322, -1,323, 333, 322, -1,324, 334, 323, -1,334, 333, 323, -1,
          325, 334, 324, -1,325, 335, 334, -1,326, 335, 325, -1,327, 335, 326, -1,328, 335, 
          327, -1,329, 335, 328, -1,330, 335, 329, -1,331, 335, 330, -1,332, 335, 331, -1,333, 
          335, 332, -1,334, 335, 333, -1,336, 337, 338, -1,336, 338, 339, -1,336, 340, 337, -1,
          336, 339, 341, -1,336, 341, 342, -1,336, 342, 343, -1,336, 343, 344, -1,336, 344, 
          345, -1,336, 345, 346, -1,336, 346, 340, -1,337, 347, 338, -1,348, 347, 337, -1,340, 
          348, 337, -1,347, 349, 338, -1,338, 349, 339, -1,349, 350, 339, -1,339, 350, 341, -1,
          351, 348, 340, -1,346, 351, 340, -1,350, 352, 341, -1,341, 352, 342, -1,352, 353, 
          342, -1,342, 353, 343, -1,353, 354, 343, -1,343, 354, 344, -1,354, 355, 344, -1,344, 
          355, 345, -1,355, 356, 345, -1,345, 356, 346, -1,356, 351, 346, -1,347, 357, 349, -1,
          358, 357, 347, -1,348, 358, 347, -1,359, 358, 348, -1,351, 359, 348, -1,357, 360, 
          349, -1,349, 360, 350, -1,360, 361, 350, -1,350, 361, 352, -1,362, 359, 351, -1,356, 
          362, 351, -1,361, 363, 352, -1,352, 363, 353, -1,363, 364, 353, -1,353, 364, 354, -1,
          364, 365, 354, -1,354, 365, 355, -1,365, 366, 355, -1,355, 366, 356, -1,366, 362, 
          356, -1,357, 367, 360, -1,368, 367, 357, -1,358, 368, 357, -1,369, 368, 358, -1,359, 
          369, 358, -1,370, 369, 359, -1,362, 370, 359, -1,367, 371, 360, -1,360, 371, 361, -1,
          371, 372, 361, -1,361, 372, 363, -1,373, 370, 362, -1,366, 373, 362, -1,372, 374, 
          363, -1,363, 374, 364, -1,374, 375, 364, -1,364, 375, 365, -1,375, 376, 365, -1,365, 
          376, 366, -1,376, 373, 366, -1,367, 377, 371, -1,378, 377, 367, -1,368, 378, 367, -1,
          379, 378, 368, -1,369, 379, 368, -1,380, 379, 369, -1,370, 380, 369, -1,381, 380, 
          370, -1,373, 381, 370, -1,377, 382, 371, -1,371, 382, 372, -1,382, 383, 372, -1,372, 
          383, 374, -1,384, 381, 373, -1,376, 384, 373, -1,383, 385, 374, -1,374, 385, 375, -1,
          385, 386, 375, -1,375, 386, 376, -1,386, 384, 376, -1,377, 387, 382, -1,388, 387, 
          377, -1,378, 388, 377, -1,389, 388, 378, -1,379, 389, 378, -1,390, 389, 379, -1,380, 
          390, 379, -1,391, 390, 380, -1,381, 391, 380, -1,392, 391, 381, -1,384, 392, 381, -1,
          387, 393, 382, -1,382, 393, 383, -1,393, 394, 383, -1,383, 394, 385, -1,395, 392, 
          384, -1,386, 395, 384, -1,394, 396, 385, -1,385, 396, 386, -1,396, 395, 386, -1,387, 
          397, 393, -1,398, 397, 387, -1,388, 398, 387, -1,399, 398, 388, -1,389, 399, 388, -1,
          400, 399, 389, -1,390, 400, 389, -1,401, 400, 390, -1,391, 401, 390, -1,402, 401, 
          391, -1,392, 402, 391, -1,403, 402, 392, -1,395, 403, 392, -1,397, 404, 393, -1,393, 
          404, 394, -1,404, 405, 394, -1,394, 405, 396, -1,406, 403, 395, -1,396, 406, 395, -1,
          405, 406, 396, -1,397, 407, 404, -1,408, 407, 397, -1,398, 408, 397, -1,409, 408, 
          398, -1,399, 409, 398, -1,410, 409, 399, -1,400, 410, 399, -1,411, 410, 400, -1,401, 
          411, 400, -1,412, 411, 401, -1,402, 412, 401, -1,413, 412, 402, -1,403, 413, 402, -1,
          414, 413, 403, -1,406, 414, 403, -1,407, 415, 404, -1,404, 415, 405, -1,415, 416, 
          405, -1,405, 416, 406, -1,416, 414, 406, -1,407, 417, 415, -1,418, 417, 407, -1,408, 
          418, 407, -1,419, 418, 408, -1,409, 419, 408, -1,420, 419, 409, -1,410, 420, 409, -1,
          421, 420, 410, -1,411, 421, 410, -1,422, 421, 411, -1,412, 422, 411, -1,423, 422, 
          412, -1,413, 423, 412, -1,424, 423, 413, -1,414, 424, 413, -1,425, 424, 414, -1,416, 
          425, 414, -1,417, 426, 415, -1,415, 426, 416, -1,426, 425, 416, -1,417, 427, 426, -1,
          428, 427, 417, -1,418, 428, 417, -1,429, 428, 418, -1,419, 429, 418, -1,430, 429, 
          419, -1,420, 430, 419, -1,431, 430, 420, -1,421, 431, 420, -1,432, 431, 421, -1,422, 
          432, 421, -1,433, 432, 422, -1,423, 433, 422, -1,434, 433, 423, -1,424, 434, 423, -1,
          435, 434, 424, -1,425, 435, 424, -1,426, 436, 425, -1,436, 435, 425, -1,427, 436, 
          426, -1,427, 437, 436, -1,438, 437, 427, -1,428, 438, 427, -1,439, 438, 428, -1,429, 
          439, 428, -1,440, 439, 429, -1,430, 440, 429, -1,441, 440, 430, -1,431, 441, 430, -1,
          442, 441, 431, -1,432, 442, 431, -1,443, 442, 432, -1,433, 443, 432, -1,444, 443, 
          433, -1,434, 444, 433, -1,445, 444, 434, -1,435, 445, 434, -1,436, 446, 435, -1,446, 
          445, 435, -1,437, 446, 436, -1,437, 447, 446, -1,438, 447, 437, -1,439, 447, 438, -1,
          440, 447, 439, -1,441, 447, 440, -1,442, 447, 441, -1,443, 447, 442, -1,444, 447, 
          443, -1,445, 447, 444, -1,446, 447, 445, -1,448, 449, 450, -1,448, 450, 451, -1,448, 
          452, 449, -1,448, 451, 453, -1,448, 453, 454, -1,448, 454, 455, -1,448, 455, 456, -1,
          448, 456, 457, -1,448, 457, 458, -1,448, 458, 452, -1,449, 459, 450, -1,460, 459, 
          449, -1,452, 460, 449, -1,459, 461, 450, -1,450, 461, 451, -1,461, 462, 451, -1,451, 
          462, 453, -1,463, 460, 452, -1,458, 463, 452, -1,462, 464, 453, -1,453, 464, 454, -1,
          464, 465, 454, -1,454, 465, 455, -1,465, 466, 455, -1,455, 466, 456, -1,466, 467, 
          456, -1,456, 467, 457, -1,467, 468, 457, -1,457, 468, 458, -1,468, 463, 458, -1,459, 
          469, 461, -1,470, 469, 459, -1,460, 470, 459, -1,471, 470, 460, -1,463, 471, 460, -1,
          469, 472, 461, -1,461, 472, 462, -1,472, 473, 462, -1,462, 473, 464, -1,474, 471, 
          463, -1,468, 474, 463, -1,473, 475, 464, -1,464, 475, 465, -1,475, 476, 465, -1,465, 
          476, 466, -1,476, 477, 466, -1,466, 477, 467, -1,477, 478, 467, -1,467, 478, 468, -1,
          478, 474, 468, -1,469, 479, 472, -1,480, 479, 469, -1,470, 480, 469, -1,481, 480, 
          470, -1,471, 481, 470, -1,482, 481, 471, -1,474, 482, 471, -1,479, 483, 472, -1,472, 
          483, 473, -1,483, 484, 473, -1,473, 484, 475, -1,485, 482, 474, -1,478, 485, 474, -1,
          484, 486, 475, -1,475, 486, 476, -1,486, 487, 476, -1,476, 487, 477, -1,487, 488, 
          477, -1,477, 488, 478, -1,488, 485, 478, -1,479, 489, 483, -1,490, 489, 479, -1,480, 
          490, 479, -1,491, 490, 480, -1,481, 491, 480, -1,492, 491, 481, -1,482, 492, 481, -1,
          493, 492, 482, -1,485, 493, 482, -1,489, 494, 483, -1,483, 494, 484, -1,494, 495, 
          484, -1,484, 495, 486, -1,496, 493, 485, -1,488, 496, 485, -1,495, 497, 486, -1,486, 
          497, 487, -1,497, 498, 487, -1,487, 498, 488, -1,498, 496, 488, -1,489, 499, 494, -1,
          500, 499, 489, -1,490, 500, 489, -1,501, 500, 490, -1,491, 501, 490, -1,502, 501, 
          491, -1,492, 502, 491, -1,503, 502, 492, -1,493, 503, 492, -1,504, 503, 493, -1,496, 
          504, 493, -1,499, 505, 494, -1,494, 505, 495, -1,505, 506, 495, -1,495, 506, 497, -1,
          507, 504, 496, -1,498, 507, 496, -1,506, 508, 497, -1,497, 508, 498, -1,508, 507, 
          498, -1,499, 509, 505, -1,510, 509, 499, -1,500, 510, 499, -1,511, 510, 500, -1,501, 
          511, 500, -1,512, 511, 501, -1,502, 512, 501, -1,513, 512, 502, -1,503, 513, 502, -1,
          514, 513, 503, -1,504, 514, 503, -1,515, 514, 504, -1,507, 515, 504, -1,509, 516, 
          505, -1,505, 516, 506, -1,516, 517, 506, -1,506, 517, 508, -1,518, 515, 507, -1,508, 
          518, 507, -1,517, 518, 508, -1,509, 519, 516, -1,520, 519, 509, -1,510, 520, 509, -1,
          521, 520, 510, -1,511, 521, 510, -1,522, 521, 511, -1,512, 522, 511, -1,523, 522, 
          512, -1,513, 523, 512, -1,524, 523, 513, -1,514, 524, 513, -1,525, 524, 514, -1,515, 
          525, 514, -1,526, 525, 515, -1,518, 526, 515, -1,519, 527, 516, -1,516, 527, 517, -1,
          527, 528, 517, -1,517, 528, 518, -1,528, 526, 518, -1,519, 529, 527, -1,530, 529, 
          519, -1,520, 530, 519, -1,531, 530, 520, -1,521, 531, 520, -1,532, 531, 521, -1,522, 
          532, 521, -1,533, 532, 522, -1,523, 533, 522, -1,534, 533, 523, -1,524, 534, 523, -1,
          535, 534, 524, -1,525, 535, 524, -1,536, 535, 525, -1,526, 536, 525, -1,537, 536, 
          526, -1,528, 537, 526, -1,529, 538, 527, -1,527, 538, 528, -1,538, 537, 528, -1,529, 
          539, 538, -1,540, 539, 529, -1,530, 540, 529, -1,541, 540, 530, -1,531, 541, 530, -1,
          542, 541, 531, -1,532, 542, 531, -1,543, 542, 532, -1,533, 543, 532, -1,544, 543, 
          533, -1,534, 544, 533, -1,545, 544, 534, -1,535, 545, 534, -1,546, 545, 535, -1,536, 
          546, 535, -1,547, 546, 536, -1,537, 547, 536, -1,538, 548, 537, -1,548, 547, 537, -1,
          539, 548, 538, -1,539, 549, 548, -1,550, 549, 539, -1,540, 550, 539, -1,551, 550, 
          540, -1,541, 551, 540, -1,552, 551, 541, -1,542, 552, 541, -1,553, 552, 542, -1,543, 
          553, 542, -1,554, 553, 543, -1,544, 554, 543, -1,555, 554, 544, -1,545, 555, 544, -1,
          556, 555, 545, -1,546, 556, 545, -1,557, 556, 546, -1,547, 557, 546, -1,548, 558, 
          547, -1,558, 557, 547, -1,549, 558, 548, -1,549, 559, 558, -1,550, 559, 549, -1,551, 
          559, 550, -1,552, 559, 551, -1,553, 559, 552, -1,554, 559, 553, -1,555, 559, 554, -1,
          556, 559, 555, -1,557, 559, 556, -1,558, 559, 557, -1,560, 561, 562, -1,560, 562, 
          563, -1,560, 564, 561, -1,560, 565, 564, -1,560, 566, 565, -1,560, 563, 566, -1,562, 
          561, 567, -1,561, 568, 567, -1,561, 564, 568, -1,562, 567, 569, -1,563, 562, 569, -1,
          566, 563, 570, -1,563, 569, 570, -1,564, 571, 568, -1,564, 565, 571, -1,565, 572, 
          571, -1,565, 573, 572, -1,565, 566, 573, -1,566, 570, 573, -1,569, 567, 574, -1,567, 
          575, 574, -1,567, 576, 575, -1,567, 568, 576, -1,568, 577, 576, -1,568, 578, 577, -1,
          568, 579, 578, -1,568, 571, 579, -1,569, 574, 580, -1,570, 569, 580, -1,573, 570, 
          581, -1,570, 580, 581, -1,571, 582, 579, -1,571, 572, 582, -1,572, 583, 582, -1,572, 
          573, 583, -1,573, 584, 583, -1,573, 581, 584, -1,580, 574, 585, -1,574, 575, 585, -1,
          575, 586, 585, -1,575, 576, 586, -1,576, 587, 586, -1,576, 577, 587, -1,577, 578, 
          587, -1,578, 588, 587, -1,578, 579, 588, -1,579, 589, 588, -1,579, 582, 589, -1,580, 
          585, 590, -1,581, 580, 590, -1,584, 581, 591, -1,581, 590, 591, -1,582, 592, 589, -1,
          582, 583, 592, -1,583, 593, 592, -1,583, 594, 593, -1,583, 584, 594, -1,584, 595, 
          594, -1,584, 596, 595, -1,584, 591, 596, -1,590, 585, 597, -1,585, 598, 597, -1,585, 
          586, 598, -1,586, 599, 598, -1,586, 587, 599, -1,587, 600, 599, -1,587, 588, 600, -1,
          588, 601, 600, -1,588, 589, 601, -1,589, 602, 601, -1,589, 592, 602, -1,591, 590, 
          603, -1,590, 597, 603, -1,596, 591, 604, -1,591, 603, 604, -1,592, 605, 602, -1,592, 
          593, 605, -1,593, 606, 605, -1,593, 594, 606, -1,594, 607, 606, -1,594, 595, 607, -1,
          595, 608, 607, -1,595, 609, 608, -1,595, 610, 609, -1,595, 596, 610, -1,596, 604, 
          610, -1,597, 598, 611, -1,603, 597, 612, -1,597, 611, 612, -1,598, 613, 611, -1,598, 
          599, 613, -1,599, 614, 613, -1,599, 600, 614, -1,600, 601, 614, -1,601, 615, 614, -1,
          601, 602, 615, -1,602, 616, 615, -1,602, 605, 616, -1,604, 603, 617, -1,603, 612, 
          617, -1,610, 604, 617, -1,605, 606, 616, -1,606, 607, 616, -1,607, 618, 616, -1,607, 
          608, 618, -1,608, 609, 618, -1,609, 610, 618, -1,610, 617, 618, -1,611, 613, 619, -1,
          612, 611, 619, -1,617, 612, 619, -1,613, 614, 619, -1,614, 615, 619, -1,615, 616, 
          619, -1,616, 618, 619, -1,618, 617, 619, -1,620, 621, 622, -1,623, 620, 622, -1,624, 
          621, 620, -1,625, 624, 620, -1,625, 620, 623, -1,621, 626, 622, -1,624, 627, 621, -1,
          627, 626, 621, -1,626, 628, 622, -1,628, 629, 622, -1,629, 630, 622, -1,630, 631, 
          622, -1,631, 632, 622, -1,632, 633, 622, -1,633, 623, 622, -1,634, 623, 633, -1,634, 
          625, 623, -1,635, 624, 625, -1,635, 636, 624, -1,636, 627, 624, -1,635, 625, 634, -1,
          627, 637, 626, -1,637, 628, 626, -1,636, 638, 627, -1,638, 637, 627, -1,637, 639, 
          628, -1,639, 629, 628, -1,639, 630, 629, -1,639, 640, 630, -1,640, 631, 630, -1,640, 
          641, 631, -1,641, 642, 631, -1,642, 632, 631, -1,642, 643, 632, -1,643, 633, 632, -1,
          643, 644, 633, -1,644, 634, 633, -1,645, 634, 644, -1,645, 635, 634, -1,646, 647, 
          635, -1,647, 636, 635, -1,646, 635, 645, -1,647, 648, 636, -1,648, 638, 636, -1,638, 
          649, 637, -1,649, 639, 637, -1,648, 650, 638, -1,650, 649, 638, -1,649, 651, 639, -1,
          651, 652, 639, -1,652, 640, 639, -1,652, 653, 640, -1,653, 641, 640, -1,653, 654, 
          641, -1,654, 642, 641, -1,654, 655, 642, -1,655, 643, 642, -1,655, 656, 643, -1,656, 
          644, 643, -1,656, 645, 644, -1,657, 645, 656, -1,657, 646, 645, -1,658, 647, 646, -1,
          658, 646, 657, -1,658, 648, 647, -1,658, 650, 648, -1,650, 651, 649, -1,650, 659, 
          651, -1,658, 659, 650, -1,659, 652, 651, -1,659, 660, 652, -1,660, 653, 652, -1,660, 
          654, 653, -1,660, 661, 654, -1,661, 655, 654, -1,661, 656, 655, -1,661, 657, 656, -1,
          658, 657, 661, -1,658, 660, 659, -1,658, 661, 660, -1,662, 663, 664, -1,665, 662, 
          664, -1,666, 663, 662, -1,667, 662, 665, -1,667, 666, 662, -1,663, 668, 664, -1,666, 
          669, 663, -1,669, 668, 663, -1,668, 670, 664, -1,670, 671, 664, -1,671, 672, 664, -1,
          672, 673, 664, -1,673, 674, 664, -1,674, 675, 664, -1,675, 676, 664, -1,676, 677, 
          664, -1,677, 665, 664, -1,667, 665, 677, -1,678, 679, 666, -1,679, 669, 666, -1,678, 
          666, 667, -1,680, 667, 677, -1,681, 667, 680, -1,681, 678, 667, -1,669, 682, 668, -1,
          682, 683, 668, -1,683, 670, 668, -1,679, 684, 669, -1,684, 682, 669, -1,683, 685, 
          670, -1,685, 671, 670, -1,685, 686, 671, -1,686, 672, 671, -1,686, 687, 672, -1,687, 
          688, 672, -1,688, 673, 672, -1,688, 689, 673, -1,689, 674, 673, -1,689, 690, 674, -1,
          690, 675, 674, -1,690, 691, 675, -1,691, 676, 675, -1,691, 680, 676, -1,680, 677, 
          676, -1,692, 679, 678, -1,692, 678, 681, -1,692, 693, 679, -1,693, 684, 679, -1,694, 
          680, 691, -1,694, 681, 680, -1,695, 681, 694, -1,695, 696, 681, -1,696, 692, 681, -1,
          684, 697, 682, -1,697, 683, 682, -1,697, 685, 683, -1,693, 697, 684, -1,697, 698, 
          685, -1,698, 686, 685, -1,698, 699, 686, -1,699, 687, 686, -1,699, 700, 687, -1,700, 
          688, 687, -1,700, 701, 688, -1,701, 689, 688, -1,701, 702, 689, -1,702, 690, 689, -1,
          702, 694, 690, -1,694, 691, 690, -1,703, 693, 692, -1,703, 692, 696, -1,693, 704, 
          697, -1,703, 704, 693, -1,695, 694, 702, -1,705, 695, 702, -1,703, 695, 705, -1,703, 
          696, 695, -1,704, 698, 697, -1,704, 706, 698, -1,706, 699, 698, -1,706, 700, 699, -1,
          706, 707, 700, -1,707, 701, 700, -1,707, 705, 701, -1,705, 702, 701, -1,703, 706, 
          704, -1,703, 707, 706, -1,703, 705, 707, -1,708, 709, 710, -1,711, 708, 710, -1,712, 
          709, 708, -1,713, 708, 711, -1,713, 714, 708, -1,714, 712, 708, -1,709, 715, 710, -1,
          712, 716, 709, -1,716, 715, 709, -1,715, 717, 710, -1,711, 710, 717, -1,718, 711, 
          717, -1,719, 711, 718, -1,719, 713, 711, -1,720, 721, 712, -1,721, 722, 712, -1,722, 
          716, 712, -1,720, 712, 714, -1,723, 713, 719, -1,723, 724, 713, -1,724, 725, 713, -1,
          725, 714, 713, -1,725, 720, 714, -1,715, 726, 717, -1,716, 727, 715, -1,727, 728, 
          715, -1,728, 729, 715, -1,729, 726, 715, -1,722, 730, 716, -1,730, 727, 716, -1,726, 
          718, 717, -1,731, 718, 726, -1,731, 732, 718, -1,732, 719, 718, -1,733, 719, 732, -1,
          733, 723, 719, -1,734, 721, 720, -1,735, 720, 725, -1,735, 734, 720, -1,734, 736, 
          721, -1,736, 722, 721, -1,736, 737, 722, -1,737, 730, 722, -1,738, 723, 733, -1,738, 
          739, 723, -1,739, 724, 723, -1,739, 740, 724, -1,740, 725, 724, -1,740, 735, 725, -1,
          729, 741, 726, -1,741, 742, 726, -1,742, 731, 726, -1,730, 743, 727, -1,743, 728, 
          727, -1,743, 744, 728, -1,744, 729, 728, -1,744, 741, 729, -1,737, 745, 730, -1,745, 
          743, 730, -1,746, 731, 742, -1,746, 747, 731, -1,747, 732, 731, -1,747, 748, 732, -1,
          748, 733, 732, -1,749, 733, 748, -1,749, 738, 733, -1,750, 751, 734, -1,751, 736, 
          734, -1,750, 734, 735, -1,752, 735, 740, -1,752, 753, 735, -1,753, 750, 735, -1,751, 
          737, 736, -1,751, 754, 737, -1,754, 745, 737, -1,755, 738, 749, -1,755, 756, 738, -1,
          756, 739, 738, -1,756, 757, 739, -1,757, 740, 739, -1,757, 752, 740, -1,744, 746, 
          741, -1,746, 742, 741, -1,745, 758, 743, -1,758, 744, 743, -1,758, 759, 744, -1,759, 
          746, 744, -1,754, 760, 745, -1,760, 758, 745, -1,759, 761, 746, -1,761, 762, 746, -1,
          762, 747, 746, -1,762, 763, 747, -1,763, 748, 747, -1,763, 749, 748, -1,764, 749, 
          763, -1,764, 755, 749, -1,765, 751, 750, -1,765, 750, 753, -1,765, 754, 751, -1,765, 
          752, 757, -1,765, 753, 752, -1,765, 760, 754, -1,765, 755, 764, -1,765, 756, 755, -1,
          765, 757, 756, -1,760, 766, 758, -1,766, 759, 758, -1,766, 767, 759, -1,767, 761, 
          759, -1,765, 766, 760, -1,767, 768, 761, -1,768, 762, 761, -1,768, 764, 762, -1,764, 
          763, 762, -1,765, 764, 768, -1,765, 767, 766, -1,765, 768, 767, -1,769, 770, 771, -1,
          772, 769, 771, -1,773, 770, 769, -1,774, 773, 769, -1,775, 769, 772, -1,775, 774, 
          769, -1,770, 776, 771, -1,773, 777, 770, -1,777, 778, 770, -1,778, 776, 770, -1,776, 
          779, 771, -1,779, 780, 771, -1,780, 781, 771, -1,781, 782, 771, -1,782, 772, 771, -1,
          783, 772, 782, -1,783, 775, 772, -1,784, 773, 774, -1,784, 785, 773, -1,785, 777, 
          773, -1,786, 784, 774, -1,786, 774, 775, -1,787, 775, 783, -1,787, 788, 775, -1,788, 
          786, 775, -1,778, 789, 776, -1,789, 790, 776, -1,790, 791, 776, -1,791, 779, 776, -1,
          785, 792, 777, -1,792, 793, 777, -1,793, 778, 777, -1,793, 789, 778, -1,791, 794, 
          779, -1,794, 780, 779, -1,794, 795, 780, -1,795, 781, 780, -1,795, 796, 781, -1,796, 
          782, 781, -1,796, 783, 782, -1,797, 783, 796, -1,797, 787, 783, -1,798, 784, 786, -1,
          798, 799, 784, -1,799, 785, 784, -1,799, 800, 785, -1,800, 792, 785, -1,798, 786, 
          788, -1,801, 787, 797, -1,801, 802, 787, -1,802, 788, 787, -1,802, 798, 788, -1,793, 
          803, 789, -1,803, 804, 789, -1,804, 790, 789, -1,804, 791, 790, -1,804, 805, 791, -1,
          805, 794, 791, -1,800, 806, 792, -1,806, 793, 792, -1,806, 807, 793, -1,807, 803, 
          793, -1,805, 808, 794, -1,808, 809, 794, -1,809, 795, 794, -1,809, 810, 795, -1,810, 
          796, 795, -1,810, 797, 796, -1,811, 797, 810, -1,811, 801, 797, -1,812, 813, 798, -1,
          813, 799, 798, -1,812, 798, 802, -1,813, 814, 799, -1,814, 800, 799, -1,814, 806, 
          800, -1,815, 801, 811, -1,815, 816, 801, -1,816, 802, 801, -1,816, 817, 802, -1,817, 
          812, 802, -1,807, 804, 803, -1,807, 818, 804, -1,818, 805, 804, -1,818, 819, 805, -1,
          819, 808, 805, -1,814, 820, 806, -1,820, 807, 806, -1,820, 821, 807, -1,821, 818, 
          807, -1,819, 822, 808, -1,822, 809, 808, -1,822, 810, 809, -1,822, 811, 810, -1,815, 
          811, 822, -1,823, 813, 812, -1,824, 812, 817, -1,824, 823, 812, -1,823, 825, 813, -1,
          825, 814, 813, -1,825, 826, 814, -1,826, 820, 814, -1,827, 815, 822, -1,828, 815, 
          827, -1,828, 816, 815, -1,828, 817, 816, -1,828, 824, 817, -1,821, 829, 818, -1,829, 
          827, 818, -1,827, 819, 818, -1,827, 822, 819, -1,826, 821, 820, -1,826, 830, 821, -1,
          830, 829, 821, -1,831, 825, 823, -1,831, 823, 824, -1,831, 824, 828, -1,831, 826, 
          825, -1,831, 830, 826, -1,830, 827, 829, -1,830, 828, 827, -1,831, 828, 830, -1,832, 
          833, 834, -1,832, 834, 835, -1,832, 836, 833, -1,832, 837, 836, -1,832, 838, 837, -1,
          832, 839, 838, -1,832, 835, 839, -1,834, 833, 840, -1,833, 841, 840, -1,833, 842, 
          841, -1,833, 836, 842, -1,834, 840, 843, -1,835, 834, 844, -1,834, 843, 844, -1,839, 
          835, 845, -1,835, 844, 845, -1,836, 846, 842, -1,836, 847, 846, -1,836, 837, 847, -1,
          837, 848, 847, -1,837, 849, 848, -1,837, 838, 849, -1,838, 850, 849, -1,838, 851, 
          850, -1,838, 839, 851, -1,839, 852, 851, -1,839, 845, 852, -1,843, 840, 853, -1,840, 
          854, 853, -1,840, 855, 854, -1,840, 841, 855, -1,841, 856, 855, -1,841, 857, 856, -1,
          841, 842, 857, -1,842, 858, 857, -1,842, 846, 858, -1,844, 843, 853, -1,845, 844, 
          859, -1,844, 853, 859, -1,852, 845, 860, -1,845, 861, 860, -1,845, 859, 861, -1,846, 
          862, 858, -1,846, 863, 862, -1,846, 847, 863, -1,847, 864, 863, -1,847, 848, 864, -1,
          848, 865, 864, -1,848, 849, 865, -1,849, 866, 865, -1,849, 850, 866, -1,850, 867, 
          866, -1,850, 868, 867, -1,850, 851, 868, -1,851, 869, 868, -1,851, 870, 869, -1,851, 
          852, 870, -1,852, 871, 870, -1,852, 860, 871, -1,853, 854, 872, -1,859, 853, 873, -1,
          853, 872, 873, -1,854, 874, 872, -1,854, 855, 874, -1,855, 856, 874, -1,856, 875, 
          874, -1,856, 857, 875, -1,857, 876, 875, -1,857, 858, 876, -1,858, 862, 876, -1,861, 
          859, 877, -1,859, 873, 877, -1,871, 860, 878, -1,860, 877, 878, -1,860, 861, 877, -1,
          862, 879, 876, -1,862, 863, 879, -1,863, 880, 879, -1,863, 864, 880, -1,864, 881, 
          880, -1,864, 882, 881, -1,864, 865, 882, -1,865, 883, 882, -1,865, 866, 883, -1,866, 
          884, 883, -1,866, 867, 884, -1,867, 868, 884, -1,868, 885, 884, -1,868, 869, 885, -1,
          869, 870, 885, -1,870, 886, 885, -1,870, 887, 886, -1,870, 888, 887, -1,870, 871, 
          888, -1,871, 878, 888, -1,872, 889, 890, -1,872, 874, 889, -1,873, 872, 891, -1,872, 
          890, 891, -1,877, 873, 892, -1,873, 891, 892, -1,874, 893, 889, -1,874, 875, 893, -1,
          875, 894, 893, -1,875, 895, 894, -1,875, 876, 895, -1,876, 896, 895, -1,876, 879, 
          896, -1,878, 877, 892, -1,888, 878, 897, -1,878, 892, 897, -1,879, 898, 896, -1,879, 
          880, 898, -1,880, 881, 898, -1,881, 899, 898, -1,881, 900, 899, -1,881, 882, 900, -1,
          882, 883, 900, -1,883, 901, 900, -1,883, 884, 901, -1,884, 885, 901, -1,885, 902, 
          901, -1,885, 903, 902, -1,885, 886, 903, -1,886, 904, 903, -1,886, 905, 904, -1,886, 
          887, 905, -1,887, 888, 905, -1,888, 897, 905, -1,890, 889, 906, -1,889, 907, 906, -1,
          889, 908, 907, -1,889, 893, 908, -1,891, 890, 909, -1,890, 906, 909, -1,892, 891, 
          909, -1,897, 892, 910, -1,892, 909, 910, -1,893, 911, 908, -1,893, 894, 911, -1,894, 
          912, 911, -1,894, 895, 912, -1,895, 913, 912, -1,895, 896, 913, -1,896, 914, 913, -1,
          896, 915, 914, -1,896, 898, 915, -1,905, 897, 916, -1,897, 917, 916, -1,897, 910, 
          917, -1,898, 918, 915, -1,898, 899, 918, -1,899, 919, 918, -1,899, 900, 919, -1,900, 
          920, 919, -1,900, 901, 920, -1,901, 921, 920, -1,901, 922, 921, -1,901, 902, 922, -1,
          902, 923, 922, -1,902, 903, 923, -1,903, 916, 923, -1,903, 904, 916, -1,904, 905, 
          916, -1,906, 907, 924, -1,909, 906, 925, -1,906, 924, 925, -1,907, 926, 924, -1,907, 
          908, 926, -1,908, 927, 926, -1,908, 911, 927, -1,910, 909, 928, -1,909, 925, 928, -1,
          917, 910, 929, -1,910, 928, 929, -1,911, 930, 927, -1,911, 912, 930, -1,912, 931, 
          930, -1,912, 932, 931, -1,912, 913, 932, -1,913, 933, 932, -1,913, 934, 933, -1,913, 
          914, 934, -1,914, 935, 934, -1,914, 936, 935, -1,914, 915, 936, -1,915, 918, 936, -1,
          923, 916, 937, -1,916, 938, 937, -1,916, 917, 938, -1,917, 929, 938, -1,918, 919, 
          936, -1,919, 939, 936, -1,919, 920, 939, -1,920, 940, 939, -1,920, 941, 940, -1,920, 
          921, 941, -1,921, 942, 941, -1,921, 922, 942, -1,922, 943, 942, -1,922, 923, 943, -1,
          923, 937, 943, -1,924, 944, 945, -1,924, 946, 944, -1,924, 947, 946, -1,924, 926, 
          947, -1,925, 924, 945, -1,928, 925, 945, -1,926, 927, 947, -1,927, 948, 947, -1,927, 
          949, 948, -1,927, 930, 949, -1,929, 928, 950, -1,928, 945, 950, -1,938, 929, 951, -1,
          929, 950, 951, -1,930, 952, 949, -1,930, 931, 952, -1,952, 931, 953, -1,931, 954, 
          953, -1,931, 932, 954, -1,932, 933, 954, -1,933, 955, 954, -1,933, 934, 955, -1,934, 
          956, 955, -1,934, 957, 956, -1,934, 935, 957, -1,935, 958, 957, -1,935, 936, 958, -1,
          936, 959, 958, -1,936, 939, 959, -1,943, 937, 960, -1,937, 961, 960, -1,937, 938, 
          961, -1,938, 962, 961, -1,938, 951, 962, -1,939, 940, 959, -1,940, 941, 959, -1,941, 
          963, 959, -1,941, 964, 963, -1,941, 942, 964, -1,942, 965, 964, -1,942, 943, 965, -1,
          943, 960, 965, -1,945, 944, 966, -1,944, 946, 966, -1,945, 967, 968, -1,945, 966, 
          967, -1,950, 945, 969, -1,945, 968, 969, -1,946, 947, 966, -1,947, 970, 966, -1,947, 
          971, 970, -1,947, 948, 971, -1,948, 949, 971, -1,949, 972, 971, -1,949, 952, 972, -1,
          951, 950, 973, -1,950, 974, 973, -1,950, 969, 974, -1,962, 951, 973, -1,952, 953, 
          972, -1,953, 954, 972, -1,954, 975, 972, -1,954, 955, 975, -1,955, 976, 975, -1,955, 
          977, 976, -1,955, 956, 977, -1,956, 957, 977, -1,957, 978, 977, -1,957, 958, 978, -1,
          958, 979, 978, -1,958, 959, 979, -1,959, 963, 979, -1,965, 960, 980, -1,960, 981, 
          980, -1,960, 982, 981, -1,960, 961, 982, -1,961, 973, 982, -1,961, 962, 973, -1,963, 
          964, 979, -1,964, 983, 979, -1,964, 965, 983, -1,965, 980, 983, -1,967, 966, 984, -1,
          966, 970, 984, -1,968, 967, 985, -1,967, 984, 985, -1,969, 968, 985, -1,974, 969, 
          985, -1,970, 986, 984, -1,970, 971, 986, -1,971, 987, 986, -1,971, 972, 987, -1,972, 
          975, 987, -1,982, 973, 988, -1,973, 989, 988, -1,973, 990, 989, -1,973, 974, 990, -1,
          974, 985, 990, -1,975, 976, 987, -1,976, 991, 987, -1,976, 977, 991, -1,977, 978, 
          991, -1,978, 992, 991, -1,978, 979, 992, -1,992, 979, 993, -1,979, 994, 993, -1,979, 
          995, 994, -1,979, 996, 995, -1,979, 983, 996, -1,983, 980, 988, -1,980, 981, 988, -1,
          981, 982, 988, -1,983, 988, 996, -1,985, 984, 997, -1,984, 986, 997, -1,985, 997, 
          998, -1,998, 990, 985, -1,986, 987, 997, -1,987, 999, 997, -1,987, 991, 999, -1,996, 
          988, 998, -1,988, 989, 998, -1,989, 990, 998, -1,991, 992, 999, -1,992, 993, 999, -1,
          993, 994, 999, -1,994, 995, 999, -1,995, 996, 999, -1,996, 998, 999, -1,998, 997, 
          999, -1
        ]
        normalPerVertex TRUE
        normalIndex [
          0, 1, 2, -1,0, 2, 3, -1,0, 4, 1, -1,0, 3, 5, -1,0, 5, 6, -1,0, 6, 7, -1,0, 7, 8, -1,
          0, 8, 9, -1,0, 9, 10, -1,0, 10, 4, -1,1, 11, 2, -1,12, 11, 1, -1,4, 12, 1, -1,11, 
          13, 2, -1,2, 13, 3, -1,13, 14, 3, -1,3, 14, 5, -1,15, 12, 4, -1,10, 15, 4, -1,14, 
          16, 5, -1,5, 16, 6, -1,16, 17, 6, -1,6, 17, 7, -1,17, 18, 7, -1,7, 18, 8, -1,18, 
          19, 8, -1,8, 19, 9, -1,19, 20, 9, -1,9, 20, 10, -1,20, 15, 10, -1,11, 21, 13, -1,
          22, 21, 11, -1,12, 22, 11, -1,23, 22, 12, -1,15, 23, 12, -1,21, 24, 13, -1,13, 24, 
          14, -1,24, 25, 14, -1,14, 25, 16, -1,26, 23, 15, -1,20, 26, 15, -1,25, 27, 16, -1,
          16, 27, 17, -1,27, 28, 17, -1,17, 28, 18, -1,28, 29, 18, -1,18, 29, 19, -1,29, 30, 
          19, -1,19, 30, 20, -1,30, 26, 20, -1,21, 31, 24, -1,32, 31, 21, -1,22, 32, 21, -1,
          33, 32, 22, -1,23, 33, 22, -1,34, 33, 23, -1,26, 34, 23, -1,31, 35, 24, -1,24, 35, 
          25, -1,35, 36, 25, -1,27, 25, 36, -1,37, 34, 26, -1,30, 37, 26, -1,27, 36, 38, -1,
          27, 38, 28, -1,38, 39, 28, -1,28, 39, 29, -1,39, 40, 29, -1,29, 40, 30, -1,40, 37, 
          30, -1,31, 41, 35, -1,42, 41, 31, -1,32, 42, 31, -1,43, 42, 32, -1,33, 43, 32, -1,
          44, 43, 33, -1,34, 44, 33, -1,45, 44, 34, -1,37, 45, 34, -1,41, 46, 35, -1,35, 46, 
          36, -1,46, 47, 36, -1,36, 47, 38, -1,48, 45, 37, -1,40, 48, 37, -1,47, 49, 38, -1,
          38, 49, 39, -1,49, 50, 39, -1,39, 50, 40, -1,50, 48, 40, -1,41, 51, 46, -1,52, 51, 
          41, -1,42, 52, 41, -1,53, 52, 42, -1,43, 53, 42, -1,54, 53, 43, -1,44, 54, 43, -1,
          55, 54, 44, -1,45, 55, 44, -1,56, 55, 45, -1,48, 56, 45, -1,51, 57, 46, -1,46, 57, 
          47, -1,57, 58, 47, -1,47, 58, 49, -1,59, 56, 48, -1,50, 59, 48, -1,58, 60, 49, -1,
          49, 60, 50, -1,60, 59, 50, -1,51, 61, 57, -1,62, 61, 51, -1,52, 62, 51, -1,63, 62, 
          52, -1,53, 63, 52, -1,64, 63, 53, -1,54, 64, 53, -1,65, 64, 54, -1,55, 65, 54, -1,
          66, 65, 55, -1,56, 66, 55, -1,67, 66, 56, -1,59, 67, 56, -1,61, 68, 57, -1,57, 68, 
          58, -1,68, 69, 58, -1,58, 69, 60, -1,70, 67, 59, -1,60, 70, 59, -1,69, 70, 60, -1,
          61, 71, 68, -1,72, 71, 61, -1,62, 72, 61, -1,73, 72, 62, -1,63, 73, 62, -1,74, 73, 
          63, -1,64, 74, 63, -1,75, 74, 64, -1,65, 75, 64, -1,76, 75, 65, -1,66, 76, 65, -1,
          77, 76, 66, -1,67, 77, 66, -1,78, 77, 67, -1,70, 78, 67, -1,71, 79, 68, -1,68, 79, 
          69, -1,79, 80, 69, -1,69, 80, 70, -1,80, 78, 70, -1,71, 81, 79, -1,82, 81, 71, -1,
          72, 82, 71, -1,83, 82, 72, -1,73, 83, 72, -1,84, 83, 73, -1,74, 84, 73, -1,85, 84, 
          74, -1,75, 85, 74, -1,86, 85, 75, -1,76, 86, 75, -1,87, 86, 76, -1,77, 87, 76, -1,
          88, 87, 77, -1,78, 88, 77, -1,89, 88, 78, -1,80, 89, 78, -1,81, 90, 79, -1,79, 90, 
          80, -1,90, 89, 80, -1,81, 91, 90, -1,92, 91, 81, -1,82, 92, 81, -1,93, 92, 82, -1,
          83, 93, 82, -1,94, 93, 83, -1,84, 94, 83, -1,95, 94, 84, -1,85, 95, 84, -1,96, 95, 
          85, -1,86, 96, 85, -1,97, 96, 86, -1,87, 97, 86, -1,98, 97, 87, -1,88, 98, 87, -1,
          99, 98, 88, -1,89, 99, 88, -1,90, 100, 89, -1,100, 99, 89, -1,91, 100, 90, -1,91, 
          101, 100, -1,102, 101, 91, -1,92, 102, 91, -1,103, 102, 92, -1,93, 103, 92, -1,104, 
          103, 93, -1,94, 104, 93, -1,105, 104, 94, -1,95, 105, 94, -1,106, 105, 95, -1,96, 
          106, 95, -1,107, 106, 96, -1,97, 107, 96, -1,108, 107, 97, -1,98, 108, 97, -1,109, 
          108, 98, -1,99, 109, 98, -1,100, 110, 99, -1,110, 109, 99, -1,101, 110, 100, -1,101, 
          111, 110, -1,102, 111, 101, -1,103, 111, 102, -1,104, 111, 103, -1,105, 111, 104, -1,
          106, 111, 105, -1,107, 111, 106, -1,108, 111, 107, -1,109, 111, 108, -1,110, 111, 
          109, -1,112, 113, 114, -1,112, 114, 115, -1,112, 116, 113, -1,112, 115, 117, -1,112, 
          117, 118, -1,112, 118, 119, -1,112, 119, 120, -1,112, 120, 121, -1,112, 121, 122, -1,
          112, 122, 116, -1,113, 123, 114, -1,124, 123, 113, -1,116, 124, 113, -1,123, 125, 
          114, -1,114, 125, 115, -1,125, 126, 115, -1,115, 126, 117, -1,127, 124, 116, -1,122, 
          127, 116, -1,126, 128, 117, -1,117, 128, 118, -1,128, 129, 118, -1,118, 129, 119, -1,
          129, 130, 119, -1,119, 130, 120, -1,130, 131, 120, -1,120, 131, 121, -1,131, 132, 
          121, -1,121, 132, 122, -1,132, 127, 122, -1,123, 133, 125, -1,134, 133, 123, -1,124, 
          134, 123, -1,135, 134, 124, -1,127, 135, 124, -1,133, 136, 125, -1,125, 136, 126, -1,
          136, 137, 126, -1,126, 137, 128, -1,138, 135, 127, -1,132, 138, 127, -1,137, 139, 
          128, -1,128, 139, 129, -1,139, 140, 129, -1,129, 140, 130, -1,140, 141, 130, -1,130, 
          141, 131, -1,141, 142, 131, -1,131, 142, 132, -1,142, 138, 132, -1,133, 143, 136, -1,
          144, 143, 133, -1,134, 144, 133, -1,145, 144, 134, -1,135, 145, 134, -1,146, 145, 
          135, -1,138, 146, 135, -1,143, 147, 136, -1,136, 147, 137, -1,147, 148, 137, -1,137, 
          148, 139, -1,149, 146, 138, -1,142, 149, 138, -1,148, 150, 139, -1,139, 150, 140, -1,
          150, 151, 140, -1,140, 151, 141, -1,151, 152, 141, -1,141, 152, 142, -1,152, 149, 
          142, -1,143, 153, 147, -1,154, 153, 143, -1,144, 154, 143, -1,155, 154, 144, -1,145, 
          155, 144, -1,156, 155, 145, -1,146, 156, 145, -1,157, 156, 146, -1,149, 157, 146, -1,
          153, 158, 147, -1,147, 158, 148, -1,158, 159, 148, -1,148, 159, 150, -1,160, 157, 
          149, -1,152, 160, 149, -1,159, 161, 150, -1,150, 161, 151, -1,161, 162, 151, -1,151, 
          162, 152, -1,162, 160, 152, -1,153, 163, 158, -1,164, 163, 153, -1,154, 164, 153, -1,
          165, 164, 154, -1,155, 165, 154, -1,166, 165, 155, -1,156, 166, 155, -1,167, 166, 
          156, -1,157, 167, 156, -1,168, 167, 157, -1,160, 168, 157, -1,163, 169, 158, -1,158, 
          169, 159, -1,169, 170, 159, -1,159, 170, 161, -1,171, 168, 160, -1,162, 171, 160, -1,
          170, 172, 161, -1,161, 172, 162, -1,172, 171, 162, -1,163, 173, 169, -1,174, 173, 
          163, -1,164, 174, 163, -1,175, 174, 164, -1,165, 175, 164, -1,176, 175, 165, -1,166, 
          176, 165, -1,177, 176, 166, -1,167, 177, 166, -1,178, 177, 167, -1,168, 178, 167, -1,
          179, 178, 168, -1,171, 179, 168, -1,173, 180, 169, -1,169, 180, 170, -1,180, 181, 
          170, -1,170, 181, 172, -1,182, 179, 171, -1,172, 182, 171, -1,181, 182, 172, -1,173, 
          183, 180, -1,184, 183, 173, -1,174, 184, 173, -1,185, 184, 174, -1,175, 185, 174, -1,
          186, 185, 175, -1,176, 186, 175, -1,187, 186, 176, -1,177, 187, 176, -1,188, 187, 
          177, -1,178, 188, 177, -1,189, 188, 178, -1,179, 189, 178, -1,190, 189, 179, -1,182, 
          190, 179, -1,183, 191, 180, -1,180, 191, 181, -1,191, 192, 181, -1,181, 192, 182, -1,
          192, 190, 182, -1,183, 193, 191, -1,194, 193, 183, -1,184, 194, 183, -1,195, 194, 
          184, -1,185, 195, 184, -1,196, 195, 185, -1,186, 196, 185, -1,197, 196, 186, -1,187, 
          197, 186, -1,198, 197, 187, -1,188, 198, 187, -1,199, 198, 188, -1,189, 199, 188, -1,
          200, 199, 189, -1,190, 200, 189, -1,201, 200, 190, -1,192, 201, 190, -1,193, 202, 
          191, -1,191, 202, 192, -1,202, 201, 192, -1,193, 203, 202, -1,204, 203, 193, -1,194, 
          204, 193, -1,205, 204, 194, -1,195, 205, 194, -1,206, 205, 195, -1,196, 206, 195, -1,
          207, 206, 196, -1,197, 207, 196, -1,208, 207, 197, -1,198, 208, 197, -1,209, 208, 
          198, -1,199, 209, 198, -1,210, 209, 199, -1,200, 210, 199, -1,211, 210, 200, -1,201, 
          211, 200, -1,202, 212, 201, -1,212, 211, 201, -1,203, 212, 202, -1,203, 213, 212, -1,
          214, 213, 203, -1,204, 214, 203, -1,215, 214, 204, -1,205, 215, 204, -1,216, 215, 
          205, -1,206, 216, 205, -1,217, 216, 206, -1,207, 217, 206, -1,218, 217, 207, -1,208, 
          218, 207, -1,219, 218, 208, -1,209, 219, 208, -1,220, 219, 209, -1,210, 220, 209, -1,
          221, 220, 210, -1,211, 221, 210, -1,212, 222, 211, -1,222, 221, 211, -1,213, 222, 
          212, -1,213, 223, 222, -1,214, 223, 213, -1,215, 223, 214, -1,216, 223, 215, -1,217, 
          223, 216, -1,218, 223, 217, -1,219, 223, 218, -1,220, 223, 219, -1,221, 223, 220, -1,
          222, 223, 221, -1,224, 225, 226, -1,224, 226, 227, -1,224, 228, 225, -1,224, 227, 
          229, -1,224, 229, 230, -1,224, 230, 231, -1,224, 231, 232, -1,224, 232, 233, -1,224, 
          233, 234, -1,224, 234, 228, -1,225, 235, 226, -1,236, 235, 225, -1,228, 236, 225, -1,
          235, 237, 226, -1,226, 237, 227, -1,237, 238, 227, -1,227, 238, 229, -1,239, 236, 
          228, -1,234, 239, 228, -1,238, 240, 229, -1,229, 240, 230, -1,240, 241, 230, -1,230, 
          241, 231, -1,241, 242, 231, -1,231, 242, 232, -1,242, 243, 232, -1,232, 243, 233, -1,
          243, 244, 233, -1,233, 244, 234, -1,244, 239, 234, -1,235, 245, 237, -1,246, 245, 
          235, -1,236, 246, 235, -1,247, 246, 236, -1,239, 247, 236, -1,245, 248, 237, -1,237, 
          248, 238, -1,248, 249, 238, -1,238, 249, 240, -1,250, 247, 239, -1,244, 250, 239, -1,
          249, 251, 240, -1,240, 251, 241, -1,251, 252, 241, -1,241, 252, 242, -1,252, 253, 
          242, -1,242, 253, 243, -1,253, 254, 243, -1,243, 254, 244, -1,254, 250, 244, -1,245, 
          255, 248, -1,256, 255, 245, -1,246, 256, 245, -1,257, 256, 246, -1,247, 257, 246, -1,
          258, 257, 247, -1,250, 258, 247, -1,255, 259, 248, -1,248, 259, 249, -1,259, 260, 
          249, -1,249, 260, 251, -1,261, 258, 250, -1,254, 261, 250, -1,260, 262, 251, -1,251, 
          262, 252, -1,262, 263, 252, -1,252, 263, 253, -1,263, 264, 253, -1,253, 264, 254, -1,
          264, 261, 254, -1,255, 265, 259, -1,266, 265, 255, -1,256, 266, 255, -1,267, 266, 
          256, -1,257, 267, 256, -1,268, 267, 257, -1,258, 268, 257, -1,269, 268, 258, -1,261, 
          269, 258, -1,265, 270, 259, -1,259, 270, 260, -1,270, 271, 260, -1,260, 271, 262, -1,
          272, 269, 261, -1,264, 272, 261, -1,271, 273, 262, -1,262, 273, 263, -1,273, 274, 
          263, -1,263, 274, 264, -1,274, 272, 264, -1,265, 275, 270, -1,276, 275, 265, -1,266, 
          276, 265, -1,277, 276, 266, -1,267, 277, 266, -1,278, 277, 267, -1,268, 278, 267, -1,
          279, 278, 268, -1,269, 279, 268, -1,280, 279, 269, -1,272, 280, 269, -1,275, 281, 
          270, -1,270, 281, 271, -1,281, 282, 271, -1,271, 282, 273, -1,283, 280, 272, -1,274, 
          283, 272, -1,282, 284, 273, -1,273, 284, 274, -1,284, 283, 274, -1,275, 285, 281, -1,
          286, 285, 275, -1,276, 286, 275, -1,287, 286, 276, -1,277, 287, 276, -1,288, 287, 
          277, -1,278, 288, 277, -1,289, 288, 278, -1,279, 289, 278, -1,290, 289, 279, -1,280, 
          290, 279, -1,291, 290, 280, -1,283, 291, 280, -1,285, 292, 281, -1,281, 292, 282, -1,
          292, 293, 282, -1,282, 293, 284, -1,294, 291, 283, -1,284, 294, 283, -1,293, 294, 
          284, -1,285, 295, 292, -1,296, 295, 285, -1,286, 296, 285, -1,297, 296, 286, -1,287, 
          297, 286, -1,298, 297, 287, -1,288, 298, 287, -1,299, 298, 288, -1,289, 299, 288, -1,
          300, 299, 289, -1,290, 300, 289, -1,301, 300, 290, -1,291, 301, 290, -1,302, 301, 
          291, -1,294, 302, 291, -1,295, 303, 292, -1,292, 303, 293, -1,303, 304, 293, -1,293, 
          304, 294, -1,304, 302, 294, -1,295, 305, 303, -1,306, 305, 295, -1,296, 306, 295, -1,
          307, 306, 296, -1,297, 307, 296, -1,308, 307, 297, -1,298, 308, 297, -1,309, 308, 
          298, -1,299, 309, 298, -1,310, 309, 299, -1,300, 310, 299, -1,311, 310, 300, -1,301, 
          311, 300, -1,312, 311, 301, -1,302, 312, 301, -1,313, 312, 302, -1,304, 313, 302, -1,
          305, 314, 303, -1,303, 314, 304, -1,314, 313, 304, -1,305, 315, 314, -1,316, 315, 
          305, -1,306, 316, 305, -1,317, 316, 306, -1,307, 317, 306, -1,318, 317, 307, -1,308, 
          318, 307, -1,319, 318, 308, -1,309, 319, 308, -1,320, 319, 309, -1,310, 320, 309, -1,
          321, 320, 310, -1,311, 321, 310, -1,322, 321, 311, -1,312, 322, 311, -1,323, 322, 
          312, -1,313, 323, 312, -1,314, 324, 313, -1,324, 323, 313, -1,315, 324, 314, -1,315, 
          325, 324, -1,326, 325, 315, -1,316, 326, 315, -1,327, 326, 316, -1,317, 327, 316, -1,
          328, 327, 317, -1,318, 328, 317, -1,329, 328, 318, -1,319, 329, 318, -1,330, 329, 
          319, -1,320, 330, 319, -1,331, 330, 320, -1,321, 331, 320, -1,332, 331, 321, -1,322, 
          332, 321, -1,333, 332, 322, -1,323, 333, 322, -1,324, 334, 323, -1,334, 333, 323, -1,
          325, 334, 324, -1,325, 335, 334, -1,326, 335, 325, -1,327, 335, 326, -1,328, 335, 
          327, -1,329, 335, 328, -1,330, 335, 329, -1,331, 335, 330, -1,332, 335, 331, -1,333, 
          335, 332, -1,334, 335, 333, -1,336, 337, 338, -1,336, 338, 339, -1,336, 340, 337, -1,
          336, 339, 341, -1,336, 341, 342, -1,336, 342, 343, -1,336, 343, 344, -1,336, 344, 
          345, -1,336, 345, 346, -1,336, 346, 340, -1,337, 347, 338, -1,348, 347, 337, -1,340, 
          348, 337, -1,347, 349, 338, -1,338, 349, 339, -1,349, 350, 339, -1,339, 350, 341, -1,
          351, 348, 340, -1,346, 351, 340, -1,350, 352, 341, -1,341, 352, 342, -1,352, 353, 
          342, -1,342, 353, 343, -1,353, 354, 343, -1,343, 354, 344, -1,354, 355, 344, -1,344, 
          355, 345, -1,355, 356, 345, -1,345, 356, 346, -1,356, 351, 346, -1,347, 357, 349, -1,
          358, 357, 347, -1,348, 358, 347, -1,359, 358, 348, -1,351, 359, 348, -1,357, 360, 
          349, -1,349, 360, 350, -1,360, 361, 350, -1,350, 361, 352, -1,362, 359, 351, -1,356, 
          362, 351, -1,361, 363, 352, -1,352, 363, 353, -1,363, 364, 353, -1,353, 364, 354, -1,
          364, 365, 354, -1,354, 365, 355, -1,365, 366, 355, -1,355, 366, 356, -1,366, 362, 
          356, -1,357, 367, 360, -1,368, 367, 357, -1,358, 368, 357, -1,369, 368, 358, -1,359, 
          369, 358, -1,370, 369, 359, -1,362, 370, 359, -1,367, 371, 360, -1,360, 371, 361, -1,
          371, 372, 361, -1,361, 372, 363, -1,373, 370, 362, -1,366, 373, 362, -1,372, 374, 
          363, -1,363, 374, 364, -1,374, 375, 364, -1,364, 375, 365, -1,375, 376, 365, -1,365, 
          376, 366, -1,376, 373, 366, -1,367, 377, 371, -1,378, 377, 367, -1,368, 378, 367, -1,
          379, 378, 368, -1,369, 379, 368, -1,380, 379, 369, -1,370, 380, 369, -1,381, 380, 
          370, -1,373, 381, 370, -1,377, 382, 371, -1,371, 382, 372, -1,382, 383, 372, -1,372, 
          383, 374, -1,384, 381, 373, -1,376, 384, 373, -1,383, 385, 374, -1,374, 385, 375, -1,
          385, 386, 375, -1,375, 386, 376, -1,386, 384, 376, -1,377, 387, 382, -1,388, 387, 
          377, -1,378, 388, 377, -1,389, 388, 378, -1,379, 389, 378, -1,390, 389, 379, -1,380, 
          390, 379, -1,391, 390, 380, -1,381, 391, 380, -1,392, 391, 381, -1,384, 392, 381, -1,
          387, 393, 382, -1,382, 393, 383, -1,393, 394, 383, -1,383, 394, 385, -1,395, 392, 
          384, -1,386, 395, 384, -1,394, 396, 385, -1,385, 396, 386, -1,396, 395, 386, -1,387, 
          397, 393, -1,398, 397, 387, -1,388, 398, 387, -1,399, 398, 388, -1,389, 399, 388, -1,
          400, 399, 389, -1,390, 400, 389, -1,401, 400, 390, -1,391, 401, 390, -1,402, 401, 
          391, -1,392, 402, 391, -1,403, 402, 392, -1,395, 403, 392, -1,397, 404, 393, -1,393, 
          404, 394, -1,404, 405, 394, -1,394, 405, 396, -1,406, 403, 395, -1,396, 406, 395, -1,
          405, 406, 396, -1,397, 407, 404, -1,408, 407, 397, -1,398, 408, 397, -1,409, 408, 
          398, -1,399, 409, 398, -1,410, 409, 399, -1,400, 410, 399, -1,411, 410, 400, -1,401, 
          411, 400, -1,412, 411, 401, -1,402, 412, 401, -1,413, 412, 402, -1,403, 413, 402, -1,
          414, 413, 403, -1,406, 414, 403, -1,407, 415, 404, -1,404, 415, 405, -1,415, 416, 
          405, -1,405, 416, 406, -1,416, 414, 406, -1,407, 417, 415, -1,418, 417, 407, -1,408, 
          418, 407, -1,419, 418, 408, -1,409, 419, 408, -1,420, 419, 409, -1,410, 420, 409, -1,
          421, 420, 410, -1,411, 421, 410, -1,422, 421, 411, -1,412, 422, 411, -1,423, 422, 
          412, -1,413, 423, 412, -1,424, 423, 413, -1,414, 424, 413, -1,425, 424, 414, -1,416, 
          425, 414, -1,417, 426, 415, -1,415, 426, 416, -1,426, 425, 416, -1,417, 427, 426, -1,
          428, 427, 417, -1,418, 428, 417, -1,429, 428, 418, -1,419, 429, 418, -1,430, 429, 
          419, -1,420, 430, 419, -1,431, 430, 420, -1,421, 431, 420, -1,432, 431, 421, -1,422, 
          432, 421, -1,433, 432, 422, -1,423, 433, 422, -1,434, 433, 423, -1,424, 434, 423, -1,
          435, 434, 424, -1,425, 435, 424, -1,426, 436, 425, -1,436, 435, 425, -1,427, 436, 
          426, -1,427, 437, 436, -1,438, 437, 427, -1,428, 438, 427, -1,439, 438, 428, -1,429, 
          439, 428, -1,440, 439, 429, -1,430, 440, 429, -1,441, 440, 430, -1,431, 441, 430, -1,
          442, 441, 431, -1,432, 442, 431, -1,443, 442, 432, -1,433, 443, 432, -1,444, 443, 
          433, -1,434, 444, 433, -1,445, 444, 434, -1,435, 445, 434, -1,436, 446, 435, -1,446, 
          445, 435, -1,437, 446, 436, -1,437, 447, 446, -1,438, 447, 437, -1,439, 447, 438, -1,
          440, 447, 439, -1,441, 447, 440, -1,442, 447, 441, -1,443, 447, 442, -1,444, 447, 
          443, -1,445, 447, 444, -1,446, 447, 445, -1,448, 449, 450, -1,448, 450, 451, -1,448, 
          452, 449, -1,448, 451, 453, -1,448, 453, 454, -1,448, 454, 455, -1,448, 455, 456, -1,
          448, 456, 457, -1,448, 457, 458, -1,448, 458, 452, -1,449, 459, 450, -1,460, 459, 
          449, -1,452, 460, 449, -1,459, 461, 450, -1,450, 461, 451, -1,461, 462, 451, -1,451, 
          462, 453, -1,463, 460, 452, -1,458, 463, 452, -1,462, 464, 453, -1,453, 464, 454, -1,
          464, 465, 454, -1,454, 465, 455, -1,465, 466, 455, -1,455, 466, 456, -1,466, 467, 
          456, -1,456, 467, 457, -1,467, 468, 457, -1,457, 468, 458, -1,468, 463, 458, -1,459, 
          469, 461, -1,470, 469, 459, -1,460, 470, 459, -1,471, 470, 460, -1,463, 471, 460, -1,
          469, 472, 461, -1,461, 472, 462, -1,472, 473, 462, -1,462, 473, 464, -1,474, 471, 
          463, -1,468, 474, 463, -1,473, 475, 464, -1,464, 475, 465, -1,475, 476, 465, -1,465, 
          476, 466, -1,476, 477, 466, -1,466, 477, 467, -1,477, 478, 467, -1,467, 478, 468, -1,
          478, 474, 468, -1,469, 479, 472, -1,480, 479, 469, -1,470, 480, 469, -1,481, 480, 
          470, -1,471, 481, 470, -1,482, 481, 471, -1,474, 482, 471, -1,479, 483, 472, -1,472, 
          483, 473, -1,483, 484, 473, -1,473, 484, 475, -1,485, 482, 474, -1,478, 485, 474, -1,
          484, 486, 475, -1,475, 486, 476, -1,486, 487, 476, -1,476, 487, 477, -1,487, 488, 
          477, -1,477, 488, 478, -1,488, 485, 478, -1,479, 489, 483, -1,490, 489, 479, -1,480, 
          490, 479, -1,491, 490, 480, -1,481, 491, 480, -1,492, 491, 481, -1,482, 492, 481, -1,
          493, 492, 482, -1,485, 493, 482, -1,489, 494, 483, -1,483, 494, 484, -1,494, 495, 
          484, -1,484, 495, 486, -1,496, 493, 485, -1,488, 496, 485, -1,495, 497, 486, -1,486, 
          497, 487, -1,497, 498, 487, -1,487, 498, 488, -1,498, 496, 488, -1,489, 499, 494, -1,
          500, 499, 489, -1,490, 500, 489, -1,501, 500, 490, -1,491, 501, 490, -1,502, 501, 
          491, -1,492, 502, 491, -1,503, 502, 492, -1,493, 503, 492, -1,504, 503, 493, -1,496, 
          504, 493, -1,499, 505, 494, -1,494, 505, 495, -1,505, 506, 495, -1,495, 506, 497, -1,
          507, 504, 496, -1,498, 507, 496, -1,506, 508, 497, -1,497, 508, 498, -1,508, 507, 
          498, -1,499, 509, 505, -1,510, 509, 499, -1,500, 510, 499, -1,511, 510, 500, -1,501, 
          511, 500, -1,512, 511, 501, -1,502, 512, 501, -1,513, 512, 502, -1,503, 513, 502, -1,
          514, 513, 503, -1,504, 514, 503, -1,515, 514, 504, -1,507, 515, 504, -1,509, 516, 
          505, -1,505, 516, 506, -1,516, 517, 506, -1,506, 517, 508, -1,518, 515, 507, -1,508, 
          518, 507, -1,517, 518, 508, -1,509, 519, 516, -1,520, 519, 509, -1,510, 520, 509, -1,
          521, 520, 510, -1,511, 521, 510, -1,522, 521, 511, -1,512, 522, 511, -1,523, 522, 
          512, -1,513, 523, 512, -1,524, 523, 513, -1,514, 524, 513, -1,525, 524, 514, -1,515, 
          525, 514, -1,526, 525, 515, -1,518, 526, 515, -1,519, 527, 516, -1,516, 527, 517, -1,
          527, 528, 517, -1,517, 528, 518, -1,528, 526, 518, -1,519, 529, 527, -1,530, 529, 
          519, -1,520, 530, 519, -1,531, 530, 520, -1,521, 531, 520, -1,532, 531, 521, -1,522, 
          532, 521, -1,533, 532, 522, -1,523, 533, 522, -1,534, 533, 523, -1,524, 534, 523, -1,
          535, 534, 524, -1,525, 535, 524, -1,536, 535, 525, -1,526, 536, 525, -1,537, 536, 
          526, -1,528, 537, 526, -1,529, 538, 527, -1,527, 538, 528, -1,538, 537, 528, -1,529, 
          539, 538, -1,540, 539, 529, -1,530, 540, 529, -1,541, 540, 530, -1,531, 541, 530, -1,
          542, 541, 531, -1,532, 542, 531, -1,543, 542, 532, -1,533, 543, 532, -1,544, 543, 
          533, -1,534, 544, 533, -1,545, 544, 534, -1,535, 545, 534, -1,546, 545, 535, -1,536, 
          546, 535, -1,547, 546, 536, -1,537, 547, 536, -1,538, 548, 537, -1,548, 547, 537, -1,
          539, 548, 538, -1,539, 549, 548, -1,550, 549, 539, -1,540, 550, 539, -1,551, 550, 
          540, -1,541, 551, 540, -1,552, 551, 541, -1,542, 552, 541, -1,553, 552, 542, -1,543, 
          553, 542, -1,554, 553, 543, -1,544, 554, 543, -1,555, 554, 544, -1,545, 555, 544, -1,
          556, 555, 545, -1,546, 556, 545, -1,557, 556, 546, -1,547, 557, 546, -1,548, 558, 
          547, -1,558, 557, 547, -1,549, 558, 548, -1,549, 559, 558, -1,550, 559, 549, -1,551, 
          559, 550, -1,552, 559, 551, -1,553, 559, 552, -1,554, 559, 553, -1,555, 559, 554, -1,
          556, 559, 555, -1,557, 559, 556, -1,558, 559, 557, -1,560, 561, 562, -1,560, 562, 
          563, -1,560, 564, 561, -1,560, 565, 564, -1,560, 566, 565, -1,560, 563, 566, -1,562, 
          561, 567, -1,561, 568, 567, -1,561, 564, 568, -1,562, 567, 569, -1,563, 562, 569, -1,
          566, 563, 570, -1,563, 569, 570, -1,564, 571, 568, -1,564, 565, 571, -1,565, 572, 
          571, -1,565, 573, 572, -1,565, 566, 573, -1,566, 570, 573, -1,569, 567, 574, -1,567, 
          575, 574, -1,567, 576, 575, -1,567, 568, 576, -1,568, 577, 576, -1,568, 578, 577, -1,
          568, 579, 578, -1,568, 571, 579, -1,569, 574, 580, -1,570, 569, 580, -1,573, 570, 
          581, -1,570, 580, 581, -1,571, 582, 579, -1,571, 572, 582, -1,572, 583, 582, -1,572, 
          573, 583, -1,573, 584, 583, -1,573, 581, 584, -1,580, 574, 585, -1,574, 575, 585, -1,
          575, 586, 585, -1,575, 576, 586, -1,576, 587, 586, -1,576, 577, 587, -1,577, 578, 
          587, -1,578, 588, 587, -1,578, 579, 588, -1,579, 589, 588, -1,579, 582, 589, -1,580, 
          585, 590, -1,581, 580, 590, -1,584, 581, 591, -1,581, 590, 591, -1,582, 592, 589, -1,
          582, 583, 592, -1,583, 593, 592, -1,583, 594, 593, -1,583, 584, 594, -1,584, 595, 
          594, -1,584, 596, 595, -1,584, 591, 596, -1,590, 585, 597, -1,585, 598, 597, -1,585, 
          586, 598, -1,586, 599, 598, -1,586, 587, 599, -1,587, 600, 599, -1,587, 588, 600, -1,
          588, 601, 600, -1,588, 589, 601, -1,589, 602, 601, -1,589, 592, 602, -1,591, 590, 
          603, -1,590, 597, 603, -1,596, 591, 604, -1,591, 603, 604, -1,592, 605, 602, -1,592, 
          593, 605, -1,593, 606, 605, -1,593, 594, 606, -1,594, 607, 606, -1,594, 595, 607, -1,
          595, 608, 607, -1,595, 609, 608, -1,595, 610, 609, -1,595, 596, 610, -1,596, 604, 
          610, -1,597, 598, 611, -1,603, 597, 612, -1,597, 611, 612, -1,598, 613, 611, -1,598, 
          599, 613, -1,599, 614, 613, -1,599, 600, 614, -1,600, 601, 614, -1,601, 615, 614, -1,
          601, 602, 615, -1,602, 616, 615, -1,602, 605, 616, -1,604, 603, 617, -1,603, 612, 
          617, -1,610, 604, 617, -1,605, 606, 616, -1,606, 607, 616, -1,607, 618, 616, -1,607, 
          608, 618, -1,608, 609, 618, -1,609, 610, 618, -1,610, 617, 618, -1,611, 613, 619, -1,
          612, 611, 619, -1,617, 612, 619, -1,613, 614, 619, -1,614, 615, 619, -1,615, 616, 
          619, -1,616, 618, 619, -1,618, 617, 619, -1,620, 621, 622, -1,623, 620, 622, -1,624, 
          621, 620, -1,625, 624, 620, -1,625, 620, 623, -1,621, 626, 622, -1,624, 627, 621, -1,
          627, 626, 621, -1,626, 628, 622, -1,628, 629, 622, -1,629, 630, 622, -1,630, 631, 
          622, -1,631, 632, 622, -1,632, 633, 622, -1,633, 623, 622, -1,634, 623, 633, -1,634, 
          625, 623, -1,635, 624, 625, -1,635, 636, 624, -1,636, 627, 624, -1,635, 625, 634, -1,
          627, 637, 626, -1,637, 628, 626, -1,636, 638, 627, -1,638, 637, 627, -1,637, 639, 
          628, -1,639, 629, 628, -1,639, 630, 629, -1,639, 640, 630, -1,640, 631, 630, -1,640, 
          641, 631, -1,641, 642, 631, -1,642, 632, 631, -1,642, 643, 632, -1,643, 633, 632, -1,
          643, 644, 633, -1,644, 634, 633, -1,645, 634, 644, -1,645, 635, 634, -1,646, 647, 
          635, -1,647, 636, 635, -1,646, 635, 645, -1,647, 648, 636, -1,648, 638, 636, -1,638, 
          649, 637, -1,649, 639, 637, -1,648, 650, 638, -1,650, 649, 638, -1,649, 651, 639, -1,
          651, 652, 639, -1,652, 640, 639, -1,652, 653, 640, -1,653, 641, 640, -1,653, 654, 
          641, -1,654, 642, 641, -1,654, 655, 642, -1,655, 643, 642, -1,655, 656, 643, -1,656, 
          644, 643, -1,656, 645, 644, -1,657, 645, 656, -1,657, 646, 645, -1,658, 647, 646, -1,
          658, 646, 657, -1,658, 648, 647, -1,658, 650, 648, -1,650, 651, 649, -1,650, 659, 
          651, -1,658, 659, 650, -1,659, 652, 651, -1,659, 660, 652, -1,660, 653, 652, -1,660, 
          654, 653, -1,660, 661, 654, -1,661, 655, 654, -1,661, 656, 655, -1,661, 657, 656, -1,
          658, 657, 661, -1,658, 660, 659, -1,658, 661, 660, -1,662, 663, 664, -1,665, 662, 
          664, -1,666, 663, 662, -1,667, 662, 665, -1,667, 666, 662, -1,663, 668, 664, -1,666, 
          669, 663, -1,669, 668, 663, -1,668, 670, 664, -1,670, 671, 664, -1,671, 672, 664, -1,
          672, 673, 664, -1,673, 674, 664, -1,674, 675, 664, -1,675, 676, 664, -1,676, 677, 
          664, -1,677, 665, 664, -1,667, 665, 677, -1,678, 679, 666, -1,679, 669, 666, -1,678, 
          666, 667, -1,680, 667, 677, -1,681, 667, 680, -1,681, 678, 667, -1,669, 682, 668, -1,
          682, 683, 668, -1,683, 670, 668, -1,679, 684, 669, -1,684, 682, 669, -1,683, 685, 
          670, -1,685, 671, 670, -1,685, 686, 671, -1,686, 672, 671, -1,686, 687, 672, -1,687, 
          688, 672, -1,688, 673, 672, -1,688, 689, 673, -1,689, 674, 673, -1,689, 690, 674, -1,
          690, 675, 674, -1,690, 691, 675, -1,691, 676, 675, -1,691, 680, 676, -1,680, 677, 
          676, -1,692, 679, 678, -1,692, 678, 681, -1,692, 693, 679, -1,693, 684, 679, -1,694, 
          680, 691, -1,694, 681, 680, -1,695, 681, 694, -1,695, 696, 681, -1,696, 692, 681, -1,
          684, 697, 682, -1,697, 683, 682, -1,697, 685, 683, -1,693, 697, 684, -1,697, 698, 
          685, -1,698, 686, 685, -1,698, 699, 686, -1,699, 687, 686, -1,699, 700, 687, -1,700, 
          688, 687, -1,700, 701, 688, -1,701, 689, 688, -1,701, 702, 689, -1,702, 690, 689, -1,
          702, 694, 690, -1,694, 691, 690, -1,703, 693, 692, -1,703, 692, 696, -1,693, 704, 
          697, -1,703, 704, 693, -1,695, 694, 702, -1,705, 695, 702, -1,703, 695, 705, -1,703, 
          696, 695, -1,704, 698, 697, -1,704, 706, 698, -1,706, 699, 698, -1,706, 700, 699, -1,
          706, 707, 700, -1,707, 701, 700, -1,707, 705, 701, -1,705, 702, 701, -1,703, 706, 
          704, -1,703, 707, 706, -1,703, 705, 707, -1,708, 709, 710, -1,711, 708, 710, -1,712, 
          709, 708, -1,713, 708, 711, -1,713, 714, 708, -1,714, 712, 708, -1,709, 715, 710, -1,
          712, 716, 709, -1,716, 715, 709, -1,715, 717, 710, -1,711, 710, 717, -1,718, 711, 
          717, -1,719, 711, 718, -1,719, 713, 711, -1,720, 721, 712, -1,721, 722, 712, -1,722, 
          716, 712, -1,720, 712, 714, -1,723, 713, 719, -1,723, 724, 713, -1,724, 725, 713, -1,
          725, 714, 713, -1,725, 720, 714, -1,715, 726, 717, -1,716, 727, 715, -1,727, 728, 
          715, -1,728, 729, 715, -1,729, 726, 715, -1,722, 730, 716, -1,730, 727, 716, -1,726, 
          718, 717, -1,731, 718, 726, -1,731, 732, 718, -1,732, 719, 718, -1,733, 719, 732, -1,
          733, 723, 719, -1,734, 721, 720, -1,735, 720, 725, -1,735, 734, 720, -1,734, 736, 
          721, -1,736, 722, 721, -1,736, 737, 722, -1,737, 730, 722, -1,738, 723, 733, -1,738, 
          739, 723, -1,739, 724, 723, -1,739, 740, 724, -1,740, 725, 724, -1,740, 735, 725, -1,
          729, 741, 726, -1,741, 742, 726, -1,742, 731, 726, -1,730, 743, 727, -1,743, 728, 
          727, -1,743, 744, 728, -1,744, 729, 728, -1,744, 741, 729, -1,737, 745, 730, -1,745, 
          743, 730, -1,746, 731, 742, -1,746, 747, 731, -1,747, 732, 731, -1,747, 748, 732, -1,
          748, 733, 732, -1,749, 733, 748, -1,749, 738, 733, -1,750, 751, 734, -1,751, 736, 
          734, -1,750, 734, 735, -1,752, 735, 740, -1,752, 753, 735, -1,753, 750, 735, -1,751, 
          737, 736, -1,751, 754, 737, -1,754, 745, 737, -1,755, 738, 749, -1,755, 756, 738, -1,
          756, 739, 738, -1,756, 757, 739, -1,757, 740, 739, -1,757, 752, 740, -1,744, 746, 
          741, -1,746, 742, 741, -1,745, 758, 743, -1,758, 744, 743, -1,758, 759, 744, -1,759, 
          746, 744, -1,754, 760, 745, -1,760, 758, 745, -1,759, 761, 746, -1,761, 762, 746, -1,
          762, 747, 746, -1,762, 763, 747, -1,763, 748, 747, -1,763, 749, 748, -1,764, 749, 
          763, -1,764, 755, 749, -1,765, 751, 750, -1,765, 750, 753, -1,765, 754, 751, -1,765, 
          752, 757, -1,765, 753, 752, -1,765, 760, 754, -1,765, 755, 764, -1,765, 756, 755, -1,
          765, 757, 756, -1,760, 766, 758, -1,766, 759, 758, -1,766, 767, 759, -1,767, 761, 
          759, -1,765, 766, 760, -1,767, 768, 761, -1,768, 762, 761, -1,768, 764, 762, -1,764, 
          763, 762, -1,765, 764, 768, -1,765, 767, 766, -1,765, 768, 767, -1,769, 770, 771, -1,
          772, 769, 771, -1,773, 770, 769, -1,774, 773, 769, -1,775, 769, 772, -1,775, 774, 
          769, -1,770, 776, 771, -1,773, 777, 770, -1,777, 778, 770, -1,778, 776, 770, -1,776, 
          779, 771, -1,779, 780, 771, -1,780, 781, 771, -1,781, 782, 771, -1,782, 772, 771, -1,
          783, 772, 782, -1,783, 775, 772, -1,784, 773, 774, -1,784, 785, 773, -1,785, 777, 
          773, -1,786, 784, 774, -1,786, 774, 775, -1,787, 775, 783, -1,787, 788, 775, -1,788, 
          786, 775, -1,778, 789, 776, -1,789, 790, 776, -1,790, 791, 776, -1,791, 779, 776, -1,
          785, 792, 777, -1,792, 793, 777, -1,793, 778, 777, -1,793, 789, 778, -1,791, 794, 
          779, -1,794, 780, 779, -1,794, 795, 780, -1,795, 781, 780, -1,795, 796, 781, -1,796, 
          782, 781, -1,796, 783, 782, -1,797, 783, 796, -1,797, 787, 783, -1,798, 784, 786, -1,
          798, 799, 784, -1,799, 785, 784, -1,799, 800, 785, -1,800, 792, 785, -1,798, 786, 
          788, -1,801, 787, 797, -1,801, 802, 787, -1,802, 788, 787, -1,802, 798, 788, -1,793, 
          803, 789, -1,803, 804, 789, -1,804, 790, 789, -1,804, 791, 790, -1,804, 805, 791, -1,
          805, 794, 791, -1,800, 806, 792, -1,806, 793, 792, -1,806, 807, 793, -1,807, 803, 
          793, -1,805, 808, 794, -1,808, 809, 794, -1,809, 795, 794, -1,809, 810, 795, -1,810, 
          796, 795, -1,810, 797, 796, -1,811, 797, 810, -1,811, 801, 797, -1,812, 813, 798, -1,
          813, 799, 798, -1,812, 798, 802, -1,813, 814, 799, -1,814, 800, 799, -1,814, 806, 
          800, -1,815, 801, 811, -1,815, 816, 801, -1,816, 802, 801, -1,816, 817, 802, -1,817, 
          812, 802, -1,807, 804, 803, -1,807, 818, 804, -1,818, 805, 804, -1,818, 819, 805, -1,
          819, 808, 805, -1,814, 820, 806, -1,820, 807, 806, -1,820, 821, 807, -1,821, 818, 
          807, -1,819, 822, 808, -1,822, 809, 808, -1,822, 810, 809, -1,822, 811, 810, -1,815, 
          811, 822, -1,823, 813, 812, -1,824, 812, 817, -1,824, 823, 812, -1,823, 825, 813, -1,
          825, 814, 813, -1,825, 826, 814, -1,826, 820, 814, -1,827, 815, 822, -1,828, 815, 
          827, -1,828, 816, 815, -1,828, 817, 816, -1,828, 824, 817, -1,821, 829, 818, -1,829, 
          827, 818, -1,827, 819, 818, -1,827, 822, 819, -1,826, 821, 820, -1,826, 830, 821, -1,
          830, 829, 821, -1,831, 825, 823, -1,831, 823, 824, -1,831, 824, 828, -1,831, 826, 
          825, -1,831, 830, 826, -1,830, 827, 829, -1,830, 828, 827, -1,831, 828, 830, -1,832, 
          833, 834, -1,832, 834, 835, -1,832, 836, 833, -1,832, 837, 836, -1,832, 838, 837, -1,
          832, 839, 838, -1,832, 835, 839, -1,834, 833, 840, -1,833, 841, 840, -1,833, 842, 
          841, -1,833, 836, 842, -1,834, 840, 843, -1,835, 834, 844, -1,834, 843, 844, -1,839, 
          835, 845, -1,835, 844, 845, -1,836, 846, 842, -1,836, 847, 846, -1,836, 837, 847, -1,
          837, 848, 847, -1,837, 849, 848, -1,837, 838, 849, -1,838, 850, 849, -1,838, 851, 
          850, -1,838, 839, 851, -1,839, 852, 851, -1,839, 845, 852, -1,843, 840, 853, -1,840, 
          854, 853, -1,840, 855, 854, -1,840, 841, 855, -1,841, 856, 855, -1,841, 857, 856, -1,
          841, 842, 857, -1,842, 858, 857, -1,842, 846, 858, -1,844, 843, 853, -1,845, 844, 
          859, -1,844, 853, 859, -1,852, 845, 860, -1,845, 861, 860, -1,845, 859, 861, -1,846, 
          862, 858, -1,846, 863, 862, -1,846, 847, 863, -1,847, 864, 863, -1,847, 848, 864, -1,
          848, 865, 864, -1,848, 849, 865, -1,849, 866, 865, -1,849, 850, 866, -1,850, 867, 
          866, -1,850, 868, 867, -1,850, 851, 868, -1,851, 869, 868, -1,851, 870, 869, -1,851, 
          852, 870, -1,852, 871, 870, -1,852, 860, 871, -1,853, 854, 872, -1,859, 853, 873, -1,
          853, 872, 873, -1,854, 874, 872, -1,854, 855, 874, -1,855, 856, 874, -1,856, 875, 
          874, -1,856, 857, 875, -1,857, 876, 875, -1,857, 858, 876, -1,858, 862, 876, -1,861, 
          859, 877, -1,859, 873, 877, -1,871, 860, 878, -1,860, 877, 878, -1,860, 861, 877, -1,
          862, 879, 876, -1,862, 863, 879, -1,863, 880, 879, -1,863, 864, 880, -1,864, 881, 
          880, -1,864, 882, 881, -1,864, 865, 882, -1,865, 883, 882, -1,865, 866, 883, -1,866, 
          884, 883, -1,866, 867, 884, -1,867, 868, 884, -1,868, 885, 884, -1,868, 869, 885, -1,
          869, 870, 885, -1,870, 886, 885, -1,870, 887, 886, -1,870, 888, 887, -1,870, 871, 
          888, -1,871, 878, 888, -1,872, 889, 890, -1,872, 874, 889, -1,873, 872, 891, -1,872, 
          890, 891, -1,877, 873, 892, -1,873, 891, 892, -1,874, 893, 889, -1,874, 875, 893, -1,
          875, 894, 893, -1,875, 895, 894, -1,875, 876, 895, -1,876, 896, 895, -1,876, 879, 
          896, -1,878, 877, 892, -1,888, 878, 897, -1,878, 892, 897, -1,879, 898, 896, -1,879, 
          880, 898, -1,880, 881, 898, -1,881, 899, 898, -1,881, 900, 899, -1,881, 882, 900, -1,
          882, 883, 900, -1,883, 901, 900, -1,883, 884, 901, -1,884, 885, 901, -1,885, 902, 
          901, -1,885, 903, 902, -1,885, 886, 903, -1,886, 904, 903, -1,886, 905, 904, -1,886, 
          887, 905, -1,887, 888, 905, -1,888, 897, 905, -1,890, 889, 906, -1,889, 907, 906, -1,
          889, 908, 907, -1,889, 893, 908, -1,891, 890, 909, -1,890, 906, 909, -1,892, 891, 
          909, -1,897, 892, 910, -1,892, 909, 910, -1,893, 911, 908, -1,893, 894, 911, -1,894, 
          912, 911, -1,894, 895, 912, -1,895, 913, 912, -1,895, 896, 913, -1,896, 914, 913, -1,
          896, 915, 914, -1,896, 898, 915, -1,905, 897, 916, -1,897, 917, 916, -1,897, 910, 
          917, -1,898, 918, 915, -1,898, 899, 918, -1,899, 919, 918, -1,899, 900, 919, -1,900, 
          920, 919, -1,900, 901, 920, -1,901, 921, 920, -1,901, 922, 921, -1,901, 902, 922, -1,
          902, 923, 922, -1,902, 903, 923, -1,903, 916, 923, -1,903, 904, 916, -1,904, 905, 
          916, -1,906, 907, 924, -1,909, 906, 925, -1,906, 924, 925, -1,907, 926, 924, -1,907, 
          908, 926, -1,908, 927, 926, -1,908, 911, 927, -1,910, 909, 928, -1,909, 925, 928, -1,
          917, 910, 929, -1,910, 928, 929, -1,911, 930, 927, -1,911, 912, 930, -1,912, 931, 
          930, -1,912, 932, 931, -1,912, 913, 932, -1,913, 933, 932, -1,913, 934, 933, -1,913, 
          914, 934, -1,914, 935, 934, -1,914, 936, 935, -1,914, 915, 936, -1,915, 918, 936, -1,
          923, 916, 937, -1,916, 938, 937, -1,916, 917, 938, -1,917, 929, 938, -1,918, 919, 
          936, -1,919, 939, 936, -1,919, 920, 939, -1,920, 940, 939, -1,920, 941, 940, -1,920, 
          921, 941, -1,921, 942, 941, -1,921, 922, 942, -1,922, 943, 942, -1,922, 923, 943, -1,
          923, 937, 943, -1,924, 944, 945, -1,924, 946, 944, -1,924, 947, 946, -1,924, 926, 
          947, -1,925, 924, 945, -1,928, 925, 945, -1,926, 927, 947, -1,927, 948, 947, -1,927, 
          949, 948, -1,927, 930, 949, -1,929, 928, 950, -1,928, 945, 950, -1,938, 929, 951, -1,
          929, 950, 951, -1,930, 952, 949, -1,930, 931, 952, -1,952, 931, 953, -1,931, 954, 
          953, -1,931, 932, 954, -1,932, 933, 954, -1,933, 955, 954, -1,933, 934, 955, -1,934, 
          956, 955, -1,934, 957, 956, -1,934, 935, 957, -1,935, 958, 957, -1,935, 936, 958, -1,
          936, 959, 958, -1,936, 939, 959, -1,943, 937, 960, -1,937, 961, 960, -1,937, 938, 
          961, -1,938, 962, 961, -1,938, 951, 962, -1,939, 940, 959, -1,940, 941, 959, -1,941, 
          963, 959, -1,941, 964, 963, -1,941, 942, 964, -1,942, 965, 964, -1,942, 943, 965, -1,
          943, 960, 965, -1,945, 944, 966, -1,944, 946, 966, -1,945, 967, 968, -1,945, 966, 
          967, -1,950, 945, 969, -1,945, 968, 969, -1,946, 947, 966, -1,947, 970, 966, -1,947, 
          971, 970, -1,947, 948, 971, -1,948, 949, 971, -1,949, 972, 971, -1,949, 952, 972, -1,
          951, 950, 973, -1,950, 974, 973, -1,950, 969, 974, -1,962, 951, 973, -1,952, 953, 
          972, -1,953, 954, 972, -1,954, 975, 972, -1,954, 955, 975, -1,955, 976, 975, -1,955, 
          977, 976, -1,955, 956, 977, -1,956, 957, 977, -1,957, 978, 977, -1,957, 958, 978, -1,
          958, 979, 978, -1,958, 959, 979, -1,959, 963, 979, -1,965, 960, 980, -1,960, 981, 
          980, -1,960, 982, 981, -1,960, 961, 982, -1,961, 973, 982, -1,961, 962, 973, -1,963, 
          964, 979, -1,964, 983, 979, -1,964, 965, 983, -1,965, 980, 983, -1,967, 966, 984, -1,
          966, 970, 984, -1,968, 967, 985, -1,967, 984, 985, -1,969, 968, 985, -1,974, 969, 
          985, -1,970, 986, 984, -1,970, 971, 986, -1,971, 987, 986, -1,971, 972, 987, -1,972, 
          975, 987, -1,982, 973, 988, -1,973, 989, 988, -1,973, 990, 989, -1,973, 974, 990, -1,
          974, 985, 990, -1,975, 976, 987, -1,976, 991, 987, -1,976, 977, 991, -1,977, 978, 
          991, -1,978, 992, 991, -1,978, 979, 992, -1,992, 979, 993, -1,979, 994, 993, -1,979, 
          995, 994, -1,979, 996, 995, -1,979, 983, 996, -1,983, 980, 988, -1,980, 981, 988, -1,
          981, 982, 988, -1,983, 988, 996, -1,985, 984, 997, -1,984, 986, 997, -1,985, 997, 
          998, -1,998, 990, 985, -1,986, 987, 997, -1,987, 999, 997, -1,987, 991, 999, -1,996, 
          988, 998, -1,988, 989, 998, -1,989, 990, 998, -1,991, 992, 999, -1,992, 993, 999, -1,
          993, 994, 999, -1,994, 995, 999, -1,995, 996, 999, -1,996, 998, 999, -1,998, 997, 
          999, -1
        ]
      }
    }
  ]
}
DEF object1 Transform {
  children [
    Shape {
      appearance Appearance {
        material Material {
          diffuseColor 0.800000 0.800000 0.800000
          emissiveColor 0.000000 0.000000 0.000000
          specularColor 0.400000 0.400000 0.400000
          ambientIntensity 0.200000
          shininess 0.250000
        }
      }
      geometry IndexedFaceSet {
        coord Coordinate { point [
          # points 1065
          0.206918 -0.047002 -0.077005, 0.203107 -0.047002 -0.081664, 0.204192 -0.045559 -0.080222, 0.205429 -0.045057 -0.07792, 
          0.203334 -0.048565 -0.080378, 0.205831 -0.045057 -0.075637, 0.205967 -0.045679 -0.073449, 0.205927 -0.047002 -0.072261, 
          0.205214 -0.048444 -0.073008, 0.20426 -0.049337 -0.075124, 0.203777 -0.049337 -0.077863, 0.195321 -0.047002 -0.084353, 
          0.195478 -0.050128 -0.082998, 0.196554 -0.044677 -0.081134, 0.197935 -0.044279 -0.077068, 0.196216 -0.05232 -0.078335, 
          0.198498 -0.044279 -0.073873, 0.200689 -0.045039 -0.070876, 0.202656 -0.047002 -0.069146, 0.200314 -0.049767 -0.068755, 
          0.197316 -0.05232 -0.072095, 0.194845 -0.047002 -0.080461, 0.19543 -0.048766 -0.079497, 0.19631 -0.049856 -0.076861, 
          0.192511 -0.045198 -0.079086, 0.190495 -0.044019 -0.075913, 0.1969 -0.049856 -0.073514, 0.191112 -0.044019 -0.072414, 
          0.195955 -0.047002 -0.07228, 0.19662 -0.048325 -0.071801, 0.189415 -0.047002 -0.082042, 0.189894 -0.049447 -0.080268, 
          0.190738 -0.050763 -0.076427, 0.191516 -0.050763 -0.072014, 0.187195 -0.043916 -0.081435, 0.185688 -0.041166 -0.076791, 
          0.191506 -0.048605 -0.07018, 0.186895 -0.041166 -0.069945, 0.187338 -0.043171 -0.066069, 0.190958 -0.047002 -0.071399, 
          0.183303 -0.047002 -0.08655, 0.184055 -0.05137 -0.084167, 0.185553 -0.054135 -0.077553, 0.187029 -0.054135 -0.069184, 
          0.187497 -0.050488 -0.064647, 0.182375 -0.043396 -0.08192, 0.181152 -0.043916 -0.080369, 0.181927 -0.042204 -0.075502, 
          0.18292 -0.042204 -0.069872, 0.187036 -0.047002 -0.065376, 0.183432 -0.044517 -0.066497, 0.180849 -0.047002 -0.082564, 
          0.181135 -0.050128 -0.080469, 0.181914 -0.05193 -0.075578, 0.182934 -0.05193 -0.069795, 0.18345 -0.049527 -0.066398, 
          0.183349 -0.047002 -0.066503, 0.182747 -0.047002 -0.072743, 0.143429 -0.045591 -0.140884, 0.143802 -0.046262 -0.14063, 
          0.14414 -0.045734 -0.141427, 0.142985 -0.045077 -0.141218, 0.142731 -0.04575 -0.14083, 0.145243 -0.046552 -0.141628, 
          0.142409 -0.046103 -0.139977, 0.144905 -0.046513 -0.141411, 0.144327 -0.047002 -0.141697, 0.144377 -0.046017 -0.142033, 
          0.144825 -0.046238 -0.141804, 0.142587 -0.045077 -0.143477, 0.141616 -0.045461 -0.14121, 0.142128 -0.045068 -0.1421, 
          0.147537 -0.046354 -0.141525, 0.145945 -0.046217 -0.141755, 0.146727 -0.046953 -0.141137, 0.145975 -0.047002 -0.141988, 
          0.142741 -0.046515 -0.139796, 0.141674 -0.045419 -0.141194, 0.142124 -0.046122 -0.140007, 0.145158 -0.046933 -0.141914, 
          0.143032 -0.047002 -0.13971, 0.143831 -0.047214 -0.140404, 0.145243 -0.047261 -0.141869, 0.144507 -0.047531 -0.141295, 
          0.144173 -0.046017 -0.143188, 0.146814 -0.046103 -0.142515, 0.143659 -0.04595 -0.144128, 0.141933 -0.045166 -0.143259, 
          0.142023 -0.045306 -0.144374, 0.142862 -0.045448 -0.144278, 0.141297 -0.045461 -0.143017, 0.141346 -0.045419 -0.143051, 
          0.141454 -0.045356 -0.142104, 0.14718 -0.046164 -0.141993, 0.148458 -0.04636 -0.141894, 0.148457 -0.046584 -0.141682, 
          0.148186 -0.047002 -0.140955, 0.147097 -0.047149 -0.141368, 0.146747 -0.047444 -0.141508, 0.146195 -0.047439 -0.141831, 
          0.141843 -0.046182 -0.14008, 0.142385 -0.046576 -0.139784, 0.141729 -0.045749 -0.140568, 0.141616 -0.047002 -0.142142, 
          0.143153 -0.04757 -0.139524, 0.142439 -0.047581 -0.13965, 0.142378 -0.046991 -0.139787, 0.145316 -0.04743 -0.141749, 
          0.144548 -0.047932 -0.141563, 0.143921 -0.048255 -0.140626, 0.143184 -0.048153 -0.139469, 0.145374 -0.047741 -0.141872, 
          0.146628 -0.046103 -0.143569, 0.145728 -0.04625 -0.14389, 0.144507 -0.046172 -0.143731, 0.14797 -0.04608 -0.143336, 
          0.148059 -0.046117 -0.142796, 0.148111 -0.046176 -0.142392, 0.144839 -0.046406 -0.144235, 0.143084 -0.045984 -0.14501, 
          0.142285 -0.045764 -0.145168, 0.141494 -0.045812 -0.145169, 0.141351 -0.045543 -0.144121, 0.14109 -0.045984 -0.144658, 
          0.141244 -0.046459 -0.14339, 0.149266 -0.047002 -0.141982, 0.149305 -0.046764 -0.142158, 0.149279 -0.046566 -0.142375, 
          0.148764 -0.04691 -0.141391, 0.148652 -0.047293 -0.141552, 0.147758 -0.047408 -0.140785, 0.147414 -0.047915 -0.140826, 
          0.146424 -0.048757 -0.141928, 0.14622 -0.047701 -0.142098, 0.146955 -0.0484 -0.141362, 0.141815 -0.047002 -0.140082, 
          0.141571 -0.046992 -0.141038, 0.141143 -0.046984 -0.14377, 0.141207 -0.047562 -0.143412, 0.14136 -0.04786 -0.142584, 
          0.141596 -0.047458 -0.141047, 0.141525 -0.047861 -0.141644, 0.141801 -0.047424 -0.140043, 0.141848 -0.047835 -0.140048, 
          0.14245 -0.048045 -0.139651, 0.14451 -0.048243 -0.141901, 0.143183 -0.048857 -0.140149, 0.14303 -0.049356 -0.140967, 
          0.142341 -0.048679 -0.140437, 0.146287 -0.047944 -0.142395, 0.147896 -0.046101 -0.143738, 0.147671 -0.046099 -0.144437, 
          0.146173 -0.046235 -0.144911, 0.145526 -0.046385 -0.144504, 0.149234 -0.04636 -0.143097, 0.149101 -0.04636 -0.143849, 
          0.149272 -0.046438 -0.142731, 0.143499 -0.046444 -0.14519, 0.144347 -0.0467 -0.14475, 0.144689 -0.04707 -0.144822, 
          0.14522 -0.046704 -0.14447, 0.142458 -0.046405 -0.145927, 0.14099 -0.047002 -0.145383, 0.141564 -0.04635 -0.146005, 
          0.149581 -0.04701 -0.142739, 0.149169 -0.047254 -0.142097, 0.149493 -0.046625 -0.143335, 0.149546 -0.046726 -0.142956, 
          0.149031 -0.047478 -0.142229, 0.148716 -0.047773 -0.142928, 0.148896 -0.047654 -0.142572, 0.146061 -0.048757 -0.143987, 
          0.148556 -0.047773 -0.143831, 0.140977 -0.047523 -0.145048, 0.141084 -0.048033 -0.144691, 0.141341 -0.048628 -0.143078, 
          0.141678 -0.048628 -0.141169, 0.141711 -0.048261 -0.140582, 0.144426 -0.048329 -0.142628, 0.145296 -0.048105 -0.142708, 
          0.144253 -0.048243 -0.143358, 0.142809 -0.049469 -0.142353, 0.1423 -0.04905 -0.141044, 0.146092 -0.047944 -0.1435, 
          0.148916 -0.046413 -0.144248, 0.148693 -0.046526 -0.14461, 0.147464 -0.046205 -0.144881, 0.147276 -0.046692 -0.145386, 
          0.145811 -0.046544 -0.144856, 0.145918 -0.04658 -0.14546, 0.145609 -0.047002 -0.144688, 0.149264 -0.046748 -0.144157, 
          0.149428 -0.046631 -0.143727, 0.1418 -0.047002 -0.146698, 0.143817 -0.047002 -0.14521, 0.143975 -0.047808 -0.144625, 
          0.143934 -0.047432 -0.144974, 0.144784 -0.047383 -0.144616, 0.141335 -0.047547 -0.145737, 0.14134 -0.046996 -0.146063, 
          0.149439 -0.047301 -0.142878, 0.149593 -0.047002 -0.143549, 0.149222 -0.047453 -0.143246, 0.149133 -0.047446 -0.143709, 
          0.148502 -0.047676 -0.14426, 0.14841 -0.047518 -0.144661, 0.14598 -0.048479 -0.144812, 0.142002 -0.047746 -0.146396, 
          0.14158 -0.048655 -0.144529, 0.141481 -0.048305 -0.145339, 0.141999 -0.049183 -0.142434, 0.141857 -0.049128 -0.143413, 
          0.142543 -0.049356 -0.143728, 0.145023 -0.047922 -0.143881, 0.143274 -0.048604 -0.14419, 0.144145 -0.048084 -0.144025, 
          0.145802 -0.047584 -0.144371, 0.145817 -0.048033 -0.145525, 0.149107 -0.047036 -0.144418, 0.148545 -0.046754 -0.144888, 
          0.148335 -0.047002 -0.145086, 0.14709 -0.047013 -0.145611, 0.145766 -0.047002 -0.145973, 0.145747 -0.047009 -0.145314, 
          0.145663 -0.0473 -0.144547, 0.142966 -0.047729 -0.145619, 0.142048 -0.048443 -0.145912, 0.149084 -0.047321 -0.144152, 
          0.148401 -0.047283 -0.144909, 0.147126 -0.047549 -0.14541, 0.142306 -0.049014 -0.144871, 0.201325 -0.047002 -0.105706, 
          0.200067 -0.047002 -0.107244, 0.200425 -0.046526 -0.106768, 0.200833 -0.04636 -0.106007, 0.200142 -0.047518 -0.10682, 
          0.200966 -0.04636 -0.105255, 0.201011 -0.046566 -0.104533, 0.200998 -0.047002 -0.104142, 0.200763 -0.047478 -0.104387, 
          0.200448 -0.047773 -0.105085, 0.200288 -0.047773 -0.105989, 0.197498 -0.047002 -0.108131, 0.19755 -0.048033 -0.107684, 
          0.197905 -0.046235 -0.107069, 0.198361 -0.046103 -0.105727, 0.197793 -0.048757 -0.106146, 0.198546 -0.046103 -0.104673, 
          0.199269 -0.046354 -0.103683, 0.199918 -0.047002 -0.103113, 0.199146 -0.047915 -0.102983, 0.198156 -0.048757 -0.104086, 
          0.197341 -0.047002 -0.106847, 0.197534 -0.047584 -0.106529, 0.197824 -0.047944 -0.105659, 0.196571 -0.046406 -0.106393, 
          0.195905 -0.046017 -0.105347, 0.198019 -0.047944 -0.104555, 0.196109 -0.046017 -0.104191, 0.196975 -0.046552 -0.103788, 
          0.197707 -0.047002 -0.104147, 0.197927 -0.047439 -0.103989, 0.195549 -0.047002 -0.107368, 0.195707 -0.047808 -0.106783, 
          0.195985 -0.048243 -0.105516, 0.196242 -0.048243 -0.104059, 0.194816 -0.045984 -0.107168, 0.194319 -0.045077 -0.105635, 
          0.196239 -0.047531 -0.103454, 0.194717 -0.045077 -0.103376, 0.195534 -0.046262 -0.102788, 0.196058 -0.047002 -0.103856, 
          0.193532 -0.047002 -0.108856, 0.19378 -0.048443 -0.10807, 0.194275 -0.049356 -0.105888, 0.194762 -0.049356 -0.103125, 
          0.194916 -0.048153 -0.101627, 0.193226 -0.045812 -0.107327, 0.193029 -0.045461 -0.105176, 0.194764 -0.047002 -0.101869, 
          0.193348 -0.045461 -0.103367, 0.194141 -0.046103 -0.102135, 0.192722 -0.047002 -0.107541, 0.192817 -0.048033 -0.106849, 
          0.193074 -0.048628 -0.105235, 0.19341 -0.048628 -0.103327, 0.19358 -0.047835 -0.102206, 0.193547 -0.047002 -0.10224, 
          0.192822 -0.045984 -0.106817, 0.193078 -0.045419 -0.10521, 0.193575 -0.046182 -0.102239, 0.193406 -0.045419 -0.103352, 
          0.193348 -0.047002 -0.1043, 0.180654 -0.047002 -0.118562, 0.179396 -0.047002 -0.1201, 0.179754 -0.046526 -0.119623, 
          0.180162 -0.04636 -0.118864, 0.179471 -0.047518 -0.119675, 0.180295 -0.04636 -0.118111, 0.18034 -0.046566 -0.117389, 
          0.180327 -0.047002 -0.116996, 0.180091 -0.047478 -0.117243, 0.179776 -0.047773 -0.117941, 0.179617 -0.047773 -0.118845, 
          0.176827 -0.047002 -0.120987, 0.176878 -0.048033 -0.120539, 0.177233 -0.046235 -0.119925, 0.177689 -0.046103 -0.118583, 
          0.177122 -0.048757 -0.119, 0.177875 -0.046103 -0.117529, 0.178598 -0.046354 -0.116539, 0.179247 -0.047002 -0.115968, 
          0.178474 -0.047915 -0.11584, 0.177485 -0.048757 -0.116942, 0.176669 -0.047002 -0.119702, 0.176862 -0.047584 -0.119384, 
          0.177153 -0.047944 -0.118514, 0.175899 -0.046406 -0.119249, 0.175234 -0.046017 -0.118202, 0.177348 -0.047944 -0.11741, 
          0.175438 -0.046017 -0.117047, 0.176304 -0.046552 -0.116642, 0.177036 -0.047002 -0.117003, 0.177255 -0.047439 -0.116845, 
          0.174877 -0.047002 -0.120224, 0.175036 -0.047808 -0.119639, 0.175314 -0.048243 -0.118372, 0.175571 -0.048243 -0.116915, 
          0.174145 -0.045984 -0.120024, 0.173647 -0.045077 -0.118492, 0.175568 -0.047531 -0.11631, 0.174046 -0.045077 -0.116232, 
          0.174863 -0.046262 -0.115643, 0.175387 -0.047002 -0.116712, 0.17286 -0.047002 -0.121712, 0.173109 -0.048443 -0.120926, 
          0.173603 -0.049356 -0.118742, 0.17409 -0.049356 -0.115981, 0.174245 -0.048153 -0.114484, 0.172554 -0.045812 -0.120184, 
          0.172358 -0.045461 -0.118031, 0.174093 -0.047002 -0.114724, 0.172677 -0.045461 -0.116223, 0.17347 -0.046103 -0.114991, 
          0.172051 -0.047002 -0.120396, 0.172145 -0.048033 -0.119705, 0.172402 -0.048628 -0.118091, 0.172739 -0.048628 -0.116182, 
          0.172909 -0.047835 -0.115062, 0.172875 -0.047002 -0.115097, 0.172151 -0.045984 -0.119672, 0.172407 -0.045419 -0.118066, 
          0.172903 -0.046182 -0.115094, 0.172734 -0.045419 -0.116208, 0.172677 -0.047002 -0.117155, 0.164291 -0.047002 -0.132177, 
          0.163033 -0.047002 -0.133715, 0.163391 -0.046526 -0.133238, 0.163799 -0.04636 -0.132479, 0.163108 -0.047518 -0.133291, 
          0.163932 -0.04636 -0.131726, 0.163977 -0.046566 -0.131004, 0.163964 -0.047002 -0.130612, 0.163728 -0.047478 -0.130859, 
          0.163413 -0.047773 -0.131557, 0.163254 -0.047773 -0.132461, 0.160464 -0.047002 -0.134602, 0.160515 -0.048033 -0.134155, 
          0.16087 -0.046235 -0.13354, 0.161326 -0.046103 -0.132198, 0.160759 -0.048757 -0.132616, 0.161512 -0.046103 -0.131144, 
          0.162235 -0.046354 -0.130155, 0.162884 -0.047002 -0.129584, 0.162111 -0.047915 -0.129456, 0.161122 -0.048757 -0.130558, 
          0.160306 -0.047002 -0.133318, 0.160499 -0.047584 -0.133, 0.16079 -0.047944 -0.132131, 0.159536 -0.046406 -0.132864, 
          0.158871 -0.046017 -0.131818, 0.160985 -0.047944 -0.131026, 0.159075 -0.046017 -0.130663, 0.159941 -0.046552 -0.130259, 
          0.160673 -0.047002 -0.130618, 0.160893 -0.047439 -0.13046, 0.158515 -0.047002 -0.13384, 0.158673 -0.047808 -0.133254, 
          0.158951 -0.048243 -0.131987, 0.159208 -0.048243 -0.130531, 0.157782 -0.045984 -0.133639, 0.157285 -0.045077 -0.132107, 
          0.159205 -0.047531 -0.129926, 0.157683 -0.045077 -0.129848, 0.1585 -0.046262 -0.129259, 0.159024 -0.047002 -0.130328, 
          0.156498 -0.047002 -0.135327, 0.156746 -0.048443 -0.134541, 0.157241 -0.049356 -0.132358, 0.157727 -0.049356 -0.129596, 
          0.157882 -0.048153 -0.128098, 0.156191 -0.045812 -0.1338, 0.155995 -0.045461 -0.131648, 0.15773 -0.047002 -0.12834, 
          0.156314 -0.045461 -0.12984, 0.157107 -0.046103 -0.128607, 0.155688 -0.047002 -0.134011, 0.155782 -0.048033 -0.13332, 
          0.156039 -0.048628 -0.131706, 0.156376 -0.048628 -0.129798, 0.156546 -0.047835 -0.128677, 0.156513 -0.047002 -0.128712, 
          0.155788 -0.045984 -0.133288, 0.156044 -0.045419 -0.131682, 0.15654 -0.046182 -0.12871, 0.156371 -0.045419 -0.129823, 
          0.156314 -0.047002 -0.130771, 0.191408 -0.047002 -0.1034, 0.190635 -0.047002 -0.10685, 0.19108 -0.045391 -0.105969, 
          0.191655 -0.044668 -0.104343, 0.190499 -0.048686 -0.105984, 0.191963 -0.044668 -0.102599, 0.192137 -0.045679 -0.101372, 
          0.192142 -0.047002 -0.101107, 0.191597 -0.048396 -0.10116, 0.190857 -0.04957 -0.102316, 0.190519 -0.04957 -0.104232, 
          0.18903 -0.047002 -0.107536, 0.188884 -0.04931 -0.106719, 0.189584 -0.04491 -0.10649, 0.190323 -0.043889 -0.104407, 
          0.188997 -0.050814 -0.104443, 0.190732 -0.043889 -0.102084, 0.190864 -0.045222 -0.100404, 0.190772 -0.047002 -0.099993, 
          0.190284 -0.048998 -0.099948, 0.189499 -0.050814 -0.101596, 0.185801 -0.047002 -0.106192, 0.185711 -0.048781 -0.105298, 
          0.185788 -0.049726 -0.103458, 0.185983 -0.04491 -0.105855, 0.186442 -0.043267 -0.103962, 0.186146 -0.049726 -0.101424, 
          0.186934 -0.043267 -0.101174, 0.187669 -0.045776 -0.100741, 0.188017 -0.047002 -0.102512, 0.187222 -0.047916 -0.101172, 
          0.181657 -0.047002 -0.105365, 0.18173 -0.04871 -0.104478, 0.181957 -0.04957 -0.102723, 0.182295 -0.04957 -0.100806, 
          0.182029 -0.044934 -0.105119, 0.182681 -0.043267 -0.103299, 0.182569 -0.047868 -0.10043, 0.183173 -0.043267 -0.100511, 
          0.183069 -0.045776 -0.09993, 0.182577 -0.047002 -0.101552, 0.177636 -0.047002 -0.105237, 0.177749 -0.04907 -0.104364, 
          0.17807 -0.05027 -0.102306, 0.178501 -0.05027 -0.099866, 0.178821 -0.048493 -0.098751, 0.177922 -0.044693 -0.104786, 
          0.1785 -0.042956 -0.102683, 0.178857 -0.047002 -0.099249, 0.179032 -0.042956 -0.09966, 0.179128 -0.045271 -0.098413, 
          0.174876 -0.047002 -0.105914, 0.175061 -0.049671 -0.10487, 0.175523 -0.051282 -0.102247, 0.176086 -0.051282 -0.099051, 
          0.176628 -0.049238 -0.097149, 0.176835 -0.047002 -0.097148, 0.175648 -0.044429 -0.104817, 0.176664 -0.043034 -0.102328, 
          0.177162 -0.044862 -0.097399, 0.177187 -0.043034 -0.099365, 0.173541 -0.047002 -0.104128, 0.173749 -0.048926 -0.103424, 
          0.17416 -0.050115 -0.101557, 0.17457 -0.050115 -0.099234, 0.174728 -0.048589 -0.097872, 0.174635 -0.047002 -0.097923, 
          0.174901 -0.045367 -0.097824, 0.173895 -0.045031 -0.103528, 0.17447 -0.043734 -0.101671, 0.1749 -0.043734 -0.099231, 
          0.174285 -0.047002 -0.100381, 0.170929 -0.047002 -0.116814, 0.170302 -0.047002 -0.119608, 0.170662 -0.045697 -0.118895, 
          0.171128 -0.045111 -0.117577, 0.170192 -0.048365 -0.118906, 0.171377 -0.045111 -0.116166, 0.171519 -0.045931 -0.115171, 
          0.171523 -0.047002 -0.114956, 0.171081 -0.048132 -0.114999, 0.170483 -0.049082 -0.115935, 0.170209 -0.049082 -0.117487, 
          0.169001 -0.047002 -0.120164, 0.168884 -0.048872 -0.119502, 0.169452 -0.045307 -0.119316, 0.17005 -0.044481 -0.117629, 
          0.168975 -0.050091 -0.117658, 0.170382 -0.044481 -0.115746, 0.170487 -0.045561 -0.114386, 0.170413 -0.047002 -0.114053, 
          0.170018 -0.048619 -0.114017, 0.169382 -0.050091 -0.115353, 0.166386 -0.047002 -0.119074, 0.166314 -0.048443 -0.11835, 
          0.166375 -0.049208 -0.116861, 0.166535 -0.045307 -0.118802, 0.166905 -0.043977 -0.117269, 0.166666 -0.049208 -0.115213, 
          0.167304 -0.043977 -0.115011, 0.1679 -0.046009 -0.11466, 0.168182 -0.047002 -0.116094, 0.167538 -0.047742 -0.115009, 
          0.16303 -0.047002 -0.118404, 0.163089 -0.048385 -0.117687, 0.163274 -0.049082 -0.116264, 0.163547 -0.049082 -0.114712, 
          0.163333 -0.045327 -0.118206, 0.16386 -0.043977 -0.116732, 0.163768 -0.047703 -0.114408, 0.164258 -0.043977 -0.114474, 
          0.164173 -0.046009 -0.114003, 0.163774 -0.047002 -0.115316, 0.159773 -0.047002 -0.118301, 0.159864 -0.048677 -0.117594, 
          0.160125 -0.049649 -0.115928, 0.160474 -0.049649 -0.113952, 0.160733 -0.04821 -0.113047, 0.160005 -0.045132 -0.117937, 
          0.160473 -0.043724 -0.116232, 0.160762 -0.047002 -0.11345, 0.160904 -0.043724 -0.113785, 0.160982 -0.045599 -0.112773, 
          0.157539 -0.047002 -0.118849, 0.157688 -0.049164 -0.118004, 0.158062 -0.050469 -0.115879, 0.158519 -0.050469 -0.113291, 
          0.158957 -0.048813 -0.11175, 0.159124 -0.047002 -0.111749, 0.158162 -0.044918 -0.117961, 0.158986 -0.043787 -0.115945, 
          0.159389 -0.045268 -0.111953, 0.159409 -0.043787 -0.113546, 0.156457 -0.047002 -0.117402, 0.156624 -0.04856 -0.116832, 
          0.156958 -0.049523 -0.115321, 0.15729 -0.049523 -0.113438, 0.157417 -0.048287 -0.112335, 0.157343 -0.047002 -0.112377, 
          0.157558 -0.045677 -0.112297, 0.156743 -0.045405 -0.116917, 0.157208 -0.044354 -0.115414, 0.157557 -0.044354 -0.113437, 
          0.157059 -0.047002 -0.114368, 0.154118 -0.047002 -0.13052, 0.153566 -0.047002 -0.133037, 0.15387 -0.045828 -0.132391, 
          0.154269 -0.045301 -0.131202, 0.153487 -0.048229 -0.13241, 0.154493 -0.045301 -0.129931, 0.154623 -0.046038 -0.129038, 
          0.15463 -0.047002 -0.128844, 0.15427 -0.048018 -0.128889, 0.153769 -0.048874 -0.129738, 0.153522 -0.048874 -0.131136, 
          0.1525 -0.047002 -0.133556, 0.152415 -0.048684 -0.132963, 0.152879 -0.045477 -0.132789, 0.153392 -0.044733 -0.131265, 
          0.152517 -0.049782 -0.131308, 0.15369 -0.044733 -0.129571, 0.153796 -0.045705 -0.128349, 0.153741 -0.047002 -0.128051, 
          0.153422 -0.048457 -0.128025, 0.152883 -0.049782 -0.129232, 0.150392 -0.047002 -0.13262, 0.150344 -0.048299 -0.131969, 
          0.150418 -0.048988 -0.130632, 0.150517 -0.045477 -0.132372, 0.150842 -0.044279 -0.130991, 0.150679 -0.048988 -0.129149, 
          0.1512 -0.044279 -0.128957, 0.15169 -0.046108 -0.128634, 0.151896 -0.047002 -0.129916, 0.15139 -0.047668 -0.128952, 
          0.147674 -0.047002 -0.132069, 0.147734 -0.048247 -0.131423, 0.147905 -0.048874 -0.130145, 0.148151 -0.048874 -0.128748, 
          0.147923 -0.045495 -0.131886, 0.148374 -0.044279 -0.130556, 0.148335 -0.047633 -0.128472, 0.148732 -0.044279 -0.128522, 
          0.148671 -0.046108 -0.128102, 0.148327 -0.047002 -0.129286, 0.14503 -0.047002 -0.132026, 0.145114 -0.04851 -0.13139, 
          0.145351 -0.049385 -0.129892, 0.145665 -0.049385 -0.128112, 0.14589 -0.048088 -0.127297, 0.145223 -0.045319 -0.131695, 
          0.145629 -0.044052 -0.130159, 0.145907 -0.047002 -0.127659, 0.146017 -0.044052 -0.127956, 0.146096 -0.04574 -0.127048, 
          0.143205 -0.047002 -0.132552, 0.143339 -0.048947 -0.131792, 0.143676 -0.050122 -0.12988, 0.144086 -0.050122 -0.127551, 
          0.144467 -0.048633 -0.12616, 0.144602 -0.047002 -0.126157, 0.143725 -0.045126 -0.131746, 0.144425 -0.044109 -0.129925, 
          0.144814 -0.045442 -0.126336, 0.144806 -0.044109 -0.127765, 0.142348 -0.047002 -0.131271, 0.142493 -0.048404 -0.130757, 
          0.142786 -0.049271 -0.129395, 0.143085 -0.049271 -0.127701, 0.143206 -0.048158 -0.12671, 0.143146 -0.047002 -0.126748, 
          0.143321 -0.04581 -0.126672, 0.142588 -0.045565 -0.13083, 0.14299 -0.04462 -0.129475, 0.143303 -0.04462 -0.127696, 
          0.142884 -0.047002 -0.128539, 0.139906 -0.047002 -0.141976, 0.139374 -0.047002 -0.144497, 0.139643 -0.045945 -0.143844, 
          0.140007 -0.045471 -0.14265, 0.13933 -0.048107 -0.143876, 0.140231 -0.045471 -0.141378, 0.140367 -0.046134 -0.140486, 
          0.140379 -0.047002 -0.140292, 0.140083 -0.047917 -0.14035, 0.139647 -0.048687 -0.14121, 0.139401 -0.048687 -0.142608, 
          0.138488 -0.047002 -0.145047, 0.138437 -0.048517 -0.144462, 0.138822 -0.045629 -0.144271, 0.139289 -0.04496 -0.142741, 
          0.138575 -0.049503 -0.142811, 0.139588 -0.04496 -0.141046, 0.139715 -0.045834 -0.139827, 0.139679 -0.047002 -0.139534, 
          0.139418 -0.048311 -0.139518, 0.138941 -0.049503 -0.140735, 0.136798 -0.047002 -0.144185, 0.13678 -0.048169 -0.14354, 
          0.136884 -0.048789 -0.142208, 0.136908 -0.045629 -0.143934, 0.137219 -0.044551 -0.14255, 0.137145 -0.048789 -0.140724, 
          0.137577 -0.044551 -0.140518, 0.137987 -0.046197 -0.14018, 0.138113 -0.047002 -0.141448, 0.137732 -0.047602 -0.140506, 
          0.134599 -0.047002 -0.143725, 0.134669 -0.048122 -0.143081, 0.13485 -0.048687 -0.141805, 0.135096 -0.048687 -0.140408, 
          0.134808 -0.045645 -0.143535, 0.135219 -0.044551 -0.142197, 0.135255 -0.047569 -0.140127, 0.135578 -0.044551 -0.140166, 
          0.135541 -0.046197 -0.139749, 0.135222 -0.047002 -0.140938, 0.132443 -0.047002 -0.143769, 0.132533 -0.048359 -0.143134, 
          0.132775 -0.049146 -0.141635, 0.133088 -0.049146 -0.139857, 0.1333 -0.047981 -0.139039, 0.132612 -0.045488 -0.143434, 
          0.132993 -0.044348 -0.141893, 0.133302 -0.047002 -0.139399, 0.133382 -0.044348 -0.13969, 0.133476 -0.045867 -0.138784, 
          0.130937 -0.047002 -0.144352, 0.131071 -0.048753 -0.143591, 0.131409 -0.04981 -0.141679, 0.131819 -0.04981 -0.13935, 
          0.132175 -0.04847 -0.137954, 0.132286 -0.047002 -0.137947, 0.131389 -0.045314 -0.143534, 0.132019 -0.044398 -0.141699, 
          0.132453 -0.045598 -0.138118, 0.1324 -0.044398 -0.139538, 0.130281 -0.047002 -0.143106, 0.130415 -0.048264 -0.14259, 
          0.130699 -0.049044 -0.141227, 0.130998 -0.049044 -0.139532, 0.131129 -0.048044 -0.138543, 0.131078 -0.047002 -0.138582, 
          0.131223 -0.04593 -0.138501, 0.13049 -0.045708 -0.142659, 0.130861 -0.044857 -0.141298, 0.131175 -0.044857 -0.139519, 
          0.130806 -0.047002 -0.140371, 0.177797 -0.048823 -0.070537, 0.174341 -0.048467 -0.078535, 0.175759 -0.045364 -0.076036, 
          0.17702 -0.044443 -0.072215, 0.172584 -0.051318 -0.075434, 0.17764 -0.044443 -0.068696, 0.17659 -0.045444 -0.064959, 
          0.174995 -0.048094 -0.062652, 0.173495 -0.050866 -0.064455, 0.172034 -0.051959 -0.067738, 0.171424 -0.051959 -0.071198, 
          0.167773 -0.047313 -0.078086, 0.167434 -0.05071 -0.075058, 0.169792 -0.044188 -0.075188, 0.17155 -0.04361 -0.071188, 
          0.167747 -0.05175 -0.070736, 0.172149 -0.04361 -0.06779, 0.171146 -0.044445 -0.063959, 0.169591 -0.047118 -0.061395, 
          0.16901 -0.050257 -0.063295, 0.168421 -0.05175 -0.066914, 0.161891 -0.046248 -0.076643, 0.16372 -0.049152 -0.072888, 
          0.166054 -0.048971 -0.069406, 0.161268 -0.042704 -0.073603, 0.160455 -0.041477 -0.069294, 0.166375 -0.048971 -0.067585, 
          0.161076 -0.041477 -0.065775, 0.163187 -0.043624 -0.06358, 0.164858 -0.046355 -0.063294, 0.165548 -0.048339 -0.065142, 
          0.154947 -0.045004 -0.075419, 0.155514 -0.047513 -0.071155, 0.156558 -0.046746 -0.067512, 0.156804 -0.046746 -0.066116, 
          0.153915 -0.040609 -0.073781, 0.153173 -0.037541 -0.069137, 0.153949 -0.046305 -0.063015, 0.154179 -0.037541 -0.063432, 
          0.153113 -0.040733 -0.059959, 0.151424 -0.043922 -0.060015, 0.143196 -0.043087 -0.079422, 0.144273 -0.048108 -0.073596, 
          0.146278 -0.048507 -0.067202, 0.147038 -0.048507 -0.062892, 0.147292 -0.046736 -0.058769, 0.145292 -0.038092 -0.074104, 
          0.146818 -0.0375 -0.067546, 0.147528 -0.04314 -0.056593, 0.147663 -0.0375 -0.062752, 0.147936 -0.039517 -0.058555, 
          0.138349 -0.042164 -0.076746, 0.14007 -0.047549 -0.073183, 0.14274 -0.049825 -0.067392, 0.143779 -0.049825 -0.061505, 
          0.143434 -0.046803 -0.056655, 0.142824 -0.042269 -0.054853, 0.139626 -0.037336 -0.072614, 0.140611 -0.03595 -0.066641, 
          0.142545 -0.03819 -0.05699, 0.141521 -0.03595 -0.061482, 0.137857 -0.041932 -0.072001, 0.13761 -0.04508 -0.069309, 
          0.137963 -0.046118 -0.06536, 0.138594 -0.046118 -0.061779, 0.139228 -0.044405 -0.059027, 0.139686 -0.041826 -0.058148, 
          0.139356 -0.038753 -0.058354, 0.137716 -0.038185 -0.070023, 0.137671 -0.036081 -0.065841, 0.138484 -0.036081 -0.061227, 
          0.141097 -0.042252 -0.064066, 0.168761 -0.049388 -0.099407, 0.167833 -0.049332 -0.10283, 0.168855 -0.047667 -0.10205, 
          0.16984 -0.046975 -0.100497, 0.167106 -0.051075 -0.10186, 0.170147 -0.046975 -0.098752, 0.17009 -0.048068 -0.097484, 
          0.169807 -0.049501 -0.097168, 0.168491 -0.050843 -0.097086, 0.167025 -0.051944 -0.098114, 0.166687 -0.051944 -0.10003, 
          0.164831 -0.048823 -0.103269, 0.163976 -0.051251 -0.102327, 0.166133 -0.046661 -0.102355, 0.167414 -0.045671 -0.100367, 
          0.163531 -0.052798 -0.099953, 0.167824 -0.045671 -0.098044, 0.167547 -0.047074 -0.096293, 0.166961 -0.048965 -0.095794, 
          0.165629 -0.05098 -0.095601, 0.164033 -0.052798 -0.097106, 0.158345 -0.047638 -0.10135, 0.157683 -0.049501 -0.100356, 
          0.157348 -0.050449 -0.098443, 0.159041 -0.045391 -0.101105, 0.159927 -0.043636 -0.099287, 0.157707 -0.050449 -0.09641, 
          0.160419 -0.043636 -0.096499, 0.1613 -0.046607 -0.096092, 0.162035 -0.048175 -0.09793, 0.160097 -0.048822 -0.096389, 
          0.150166 -0.046171 -0.099812, 0.149837 -0.048011 -0.098854, 0.149823 -0.048924 -0.097056, 0.150161 -0.048924 -0.09514, 
          0.151242 -0.044021 -0.09969, 0.15252 -0.042309 -0.097981, 0.150951 -0.047132 -0.094855, 0.153012 -0.042309 -0.095193, 
          0.152238 -0.044985 -0.094494, 0.151318 -0.046256 -0.096041, 0.142344 -0.044788 -0.099015, 0.142024 -0.047037 -0.098065, 
          0.14208 -0.048336 -0.09596, 0.14251 -0.048336 -0.09352, 0.143284 -0.046434 -0.092485, 0.143262 -0.042334 -0.098675, 
          0.144363 -0.040502 -0.096663, 0.143719 -0.044845 -0.093053, 0.144896 -0.040502 -0.093641, 0.144436 -0.042993 -0.092296, 
          0.137102 -0.043886 -0.099253, 0.136779 -0.046806 -0.09812, 0.136935 -0.048568 -0.095443, 0.137499 -0.048568 -0.092247, 
          0.138622 -0.046403 -0.090447, 0.139448 -0.044027 -0.090555, 0.138904 -0.041268 -0.098338, 0.140729 -0.039938 -0.095992, 
          0.140531 -0.041812 -0.09094, 0.141251 -0.039938 -0.093029, 0.134215 -0.043321 -0.097193, 0.134134 -0.045454 -0.096439, 
          0.134396 -0.046783 -0.094546, 0.134806 -0.046783 -0.092222, 0.135177 -0.045086 -0.090898, 0.135309 -0.043321 -0.090989, 
          0.136117 -0.041617 -0.090985, 0.135175 -0.041248 -0.0967, 0.136229 -0.039914 -0.094929, 0.136659 -0.039914 -0.092488, 
          0.135036 -0.04335 -0.09346, 0.151696 -0.048087 -0.112899, 0.150799 -0.048037 -0.116328, 0.151766 -0.046363 -0.115539, 
          0.152696 -0.04566 -0.113973, 0.150127 -0.04979 -0.115367, 0.153003 -0.04566 -0.112231, 0.152955 -0.046754 -0.110965, 
          0.152678 -0.048189 -0.110649, 0.151466 -0.04955 -0.110584, 0.150102 -0.05067 -0.111629, 0.149763 -0.05067 -0.113547, 
          0.148081 -0.04758 -0.116817, 0.147281 -0.050016 -0.115884, 0.149313 -0.045405 -0.11589, 0.150523 -0.044403 -0.11389, 
          0.146892 -0.051574 -0.11352, 0.150933 -0.044403 -0.111566, 0.150687 -0.04581 -0.109819, 0.150133 -0.047707 -0.109328, 
          0.148896 -0.049738 -0.109151, 0.147394 -0.051574 -0.110672, 0.142257 -0.046513 -0.115014, 0.141643 -0.048384 -0.114028, 
          0.141355 -0.049341 -0.112124, 0.142929 -0.044263 -0.114764, 0.143792 -0.042502 -0.112942, 0.141713 -0.049341 -0.11009, 
          0.144283 -0.042502 -0.110155, 0.145037 -0.045451 -0.109725, 0.145647 -0.046995 -0.111541, 0.143906 -0.047679 -0.110035, 
          0.134897 -0.045193 -0.11362, 0.134585 -0.047036 -0.112666, 0.134586 -0.047952 -0.11087, 0.134924 -0.047952 -0.108953, 
          0.13591 -0.043032 -0.113487, 0.137125 -0.041308 -0.111767, 0.135675 -0.046153 -0.108663, 0.137617 -0.041308 -0.108979, 
          0.136882 -0.04399 -0.108287, 0.136002 -0.045268 -0.109841, 0.127848 -0.043948 -0.112959, 0.127537 -0.046198 -0.112011, 
          0.127598 -0.047499 -0.109908, 0.128029 -0.047499 -0.107468, 0.12878 -0.045592 -0.106428, 0.128726 -0.041486 -0.112612, 
          0.129788 -0.039648 -0.110593, 0.129192 -0.043999 -0.106992, 0.13032 -0.039648 -0.107573, 0.129885 -0.042143 -0.10623, 
          0.12311 -0.043135 -0.113286, 0.122786 -0.046056 -0.112154, 0.122943 -0.047819 -0.109476, 0.123506 -0.047819 -0.106281, 
          0.124591 -0.045646 -0.104474, 0.125377 -0.043262 -0.104575, 0.124803 -0.040498 -0.112352, 0.126516 -0.039148 -0.109987, 
          0.126389 -0.041035 -0.104947, 0.127039 -0.039148 -0.107023, 0.120538 -0.042628 -0.111282, 0.120441 -0.044758 -0.110524, 
          0.120689 -0.046085 -0.108629, 0.121098 -0.046085 -0.106305, 0.121484 -0.04439 -0.104984, 0.121632 -0.042628 -0.105078, 
          0.122393 -0.040914 -0.105066, 0.121451 -0.040546 -0.110781, 0.122458 -0.039204 -0.109002, 0.122888 -0.039204 -0.106562, 
          0.121342 -0.042653 -0.107547, 0.137358 -0.047276 -0.126871, 0.13646 -0.047225 -0.130299, 0.137427 -0.045551 -0.12951, 
          0.138358 -0.044848 -0.127947, 0.135789 -0.048978 -0.129339, 0.138665 -0.044848 -0.126204, 0.138616 -0.045942 -0.124937, 
          0.13834 -0.047378 -0.124621, 0.137128 -0.048738 -0.124557, 0.135762 -0.049857 -0.125603, 0.135424 -0.049857 -0.127519, 
          0.133742 -0.046768 -0.130789, 0.132943 -0.049205 -0.129857, 0.134974 -0.044593 -0.129862, 0.136184 -0.043591 -0.127863, 
          0.132552 -0.050763 -0.127492, 0.136594 -0.043591 -0.125539, 0.136349 -0.044999 -0.123792, 0.135794 -0.046894 -0.1233, 
          0.134556 -0.048927 -0.123123, 0.133054 -0.050763 -0.124645, 0.127917 -0.045701 -0.128987, 0.127304 -0.047572 -0.128, 
          0.127016 -0.048529 -0.126095, 0.128591 -0.043451 -0.128737, 0.129453 -0.041691 -0.126915, 0.127374 -0.048529 -0.124063, 
          0.129944 -0.041691 -0.124126, 0.130699 -0.044639 -0.123697, 0.131308 -0.046184 -0.125514, 0.129567 -0.046866 -0.124008, 
          0.120559 -0.044381 -0.127593, 0.120246 -0.046224 -0.126638, 0.120247 -0.04714 -0.124843, 0.120585 -0.04714 -0.122926, 
          0.121572 -0.042219 -0.12746, 0.122787 -0.040496 -0.12574, 0.121335 -0.045341 -0.122635, 0.123279 -0.040496 -0.122951, 
          0.122543 -0.043179 -0.122259, 0.121664 -0.044457 -0.123813, 0.113509 -0.043136 -0.12693, 0.113197 -0.045387 -0.125983, 
          0.11326 -0.046686 -0.12388, 0.11369 -0.046686 -0.121439, 0.114442 -0.04478 -0.120399, 0.114388 -0.040673 -0.126585, 
          0.11545 -0.038835 -0.124566, 0.114853 -0.043187 -0.120965, 0.115982 -0.038835 -0.121544, 0.115546 -0.04133 -0.120202, 
          0.108772 -0.042323 -0.127259, 0.108447 -0.045244 -0.126125, 0.108605 -0.047007 -0.123449, 0.109168 -0.047007 -0.120253, 
          0.110252 -0.044834 -0.118446, 0.111038 -0.042451 -0.118547, 0.110464 -0.039686 -0.126324, 0.112177 -0.038337 -0.123958, 
          0.11205 -0.040223 -0.118919, 0.1127 -0.038337 -0.120996, 0.1062 -0.041816 -0.125255, 0.106102 -0.043946 -0.124496, 
          0.106349 -0.045272 -0.122602, 0.106759 -0.045272 -0.120278, 0.107146 -0.043577 -0.118956, 0.107294 -0.041816 -0.11905, 
          0.108055 -0.040103 -0.119039, 0.107112 -0.039734 -0.124754, 0.108119 -0.038392 -0.122973, 0.108549 -0.038392 -0.120533, 
          0.107004 -0.041841 -0.121519, 0.125272 -0.04679 -0.138703, 0.124375 -0.046738 -0.142131, 0.125341 -0.045064 -0.141341, 
          0.126272 -0.044361 -0.139777, 0.123703 -0.048491 -0.141171, 0.126579 -0.044361 -0.138034, 0.12653 -0.045457 -0.136768, 
          0.126254 -0.046891 -0.136453, 0.125042 -0.048251 -0.136388, 0.123676 -0.049371 -0.137433, 0.123338 -0.049371 -0.13935, 
          0.121656 -0.046281 -0.142621, 0.120856 -0.048719 -0.141689, 0.122888 -0.044106 -0.141692, 0.124098 -0.043104 -0.139693, 
          0.120466 -0.050276 -0.139323, 0.124508 -0.043104 -0.13737, 0.124263 -0.044512 -0.135623, 0.123707 -0.046409 -0.135131, 
          0.122471 -0.04844 -0.134954, 0.120968 -0.050276 -0.136476, 0.115831 -0.045214 -0.140819, 0.115217 -0.047086 -0.139831, 
          0.11493 -0.048043 -0.137927, 0.116504 -0.042964 -0.140567, 0.117366 -0.041204 -0.138746, 0.115288 -0.048043 -0.135894, 
          0.117858 -0.041204 -0.135957, 0.118613 -0.044152 -0.135528, 0.119222 -0.045697 -0.137345, 0.117481 -0.04638 -0.13584, 
          0.108472 -0.043894 -0.139423, 0.10816 -0.045737 -0.138469, 0.108161 -0.046653 -0.136674, 0.108499 -0.046653 -0.134756, 
          0.109486 -0.041733 -0.139291, 0.110701 -0.04001 -0.137571, 0.10925 -0.044854 -0.134465, 0.111193 -0.04001 -0.134782, 
          0.110457 -0.042692 -0.13409, 0.109577 -0.04397 -0.135644, 0.101422 -0.042649 -0.138762, 0.101111 -0.0449 -0.137814, 
          0.101174 -0.046201 -0.135711, 0.101605 -0.046201 -0.133271, 0.102355 -0.044294 -0.13223, 0.102302 -0.040188 -0.138417, 
          0.103363 -0.038349 -0.136398, 0.102768 -0.042701 -0.132795, 0.103896 -0.038349 -0.133376, 0.10346 -0.040844 -0.132033, 
          0.096685 -0.041837 -0.13909, 0.096361 -0.044757 -0.137956, 0.096519 -0.04652 -0.13528, 0.097082 -0.04652 -0.132084, 
          0.098166 -0.044348 -0.130277, 0.098953 -0.041964 -0.130378, 0.098377 -0.0392 -0.138155, 0.100092 -0.03785 -0.13579, 
          0.099964 -0.039736 -0.130751, 0.100615 -0.03785 -0.132827, 0.094114 -0.041329 -0.137085, 0.094016 -0.043459 -0.136328, 
          0.094263 -0.044786 -0.134433, 0.094673 -0.044786 -0.132109, 0.095059 -0.043091 -0.130787, 0.095207 -0.041329 -0.130881, 
          0.095968 -0.039616 -0.130869, 0.095027 -0.039248 -0.136584, 0.096034 -0.037905 -0.134805, 0.096464 -0.037905 -0.132364, 
          0.094918 -0.041354 -0.133351]
        }
        creaseAngle 0.610865
        normal Normal { vector [
          # normals 1062
          0.954408 -0.193036 -0.22769, 0.549441 -0.154671 -0.821091, 0.479443 0.608725 -0.63213, 0.435383 0.867233 -0.241556, 
          0.49672 -0.70287 -0.509159, 0.465045 0.884626 0.034207, 0.607689 0.730259 0.312148, 0.830832 0.120811 0.543252, 
          0.659827 -0.673876 0.332446, 0.514065 -0.856033 0.054263, 0.475938 -0.86024 -0.18295, -0.592232 0.334317 -0.73314, 
          -0.55509 -0.651388 -0.517271, -0.209533 0.883622 -0.418698, 0.025441 0.994953 -0.097059, -0.558024 -0.823177 -0.104823, 
          0.097772 0.991004 0.091383, 0.103972 0.726454 0.679305, 0.246023 0.157154 0.956439, -0.043461 -0.51263 0.857509, 
          -0.400013 -0.873109 0.278693, -0.420983 0.014483 -0.906953, -0.56592 -0.728904 -0.385271, -0.5866 -0.809865 -0.004329, 
          0.059995 0.822167 -0.566075, 0.241127 0.957115 -0.160586, -0.583171 -0.679988 0.44444, 0.446399 0.771789 0.452846, 
          -0.232717 0.219174 0.947526, -0.406473 -0.012067 0.913583, 0.500876 0.091441 -0.860675, 0.400609 -0.665597 -0.629677, 
          0.365725 -0.900245 -0.236228, 0.502898 -0.821859 0.26766, 0.364551 0.770409 -0.523042, 0.054906 0.984316 -0.167652, 
          0.632732 -0.054835 0.772427, 0.088644 0.951506 0.294583, 0.483045 0.491207 0.724833, 0.536907 0.384336 0.75101, 
          -0.301242 0.162061 -0.939675, -0.059598 -0.77593 -0.627997, 0.019769 -0.981842 -0.188666, 0.096037 -0.947506 0.304974, 
          0.268815 -0.291083 0.918155, -0.401365 0.778591 -0.482392, -0.856633 0.504565 -0.107674, -0.826301 0.561578 0.043083, 
          -0.691734 0.67807 0.248445, 0.311789 0.244087 0.918264, -0.631649 0.382801 0.674154, -0.966628 0.097015 -0.237103, 
          -0.925804 -0.333224 -0.178462, -0.841803 -0.539688 0.010228, -0.799669 -0.549551 0.241918, -0.77391 -0.322023 0.545311, 
          -0.700616 0.04409 0.712175, -0.988259 -0.00096 0.152788, 0.273328 0.576782 0.769814, 0.450779 0.073785 0.889581, 
          0.572384 0.787048 0.230068, 0.174175 0.918735 0.354385, 0.043154 0.666862 0.743931, 0.275114 0.330256 0.902908, 
          0.408344 0.589128 0.697269, 0.332743 -0.52597 0.782712, 0.592611 0.185846 0.783756, 0.32386 0.944356 0.057497, 
          0.310117 0.840383 0.444505, 0.26332 0.952553 -0.152662, 0.769053 0.602963 0.212115, -0.272221 0.960456 0.058483, 
          0.071505 0.757745 0.648621, -0.014804 0.813324 0.581622, -0.280169 -0.422421 0.862013, -0.155755 -0.263038 0.95213, 
          0.175499 0.446139 0.877588, -0.794892 0.335538 0.505531, -0.136691 0.612138 0.778847, 0.162004 -0.31531 0.935059, 
          0.246405 0.388148 0.888046, 0.721863 0.452205 0.523855, 0.185206 0.445324 0.876005, 0.697261 0.098727 0.709986, 
          0.209218 0.965525 -0.154883, 0.039689 0.994073 0.101212, 0.434865 0.871272 -0.227547, -0.307821 0.94738 -0.087847, 
          -0.099562 0.940611 -0.32456, 0.381238 0.84458 -0.375954, -0.427159 0.901539 -0.069007, -0.48073 -0.822155 0.304893, 
          -0.551548 -0.833834 0.022695, 0.072042 0.97734 0.199041, 0.31834 0.832613 0.453228, 0.392199 0.729408 0.560486, 
          0.26645 0.2402 0.933439, -0.504961 -0.071811 0.86015, -0.501703 0.248335 0.828628, -0.400088 -0.010323 0.916419, 
          -0.704217 0.284468 0.650505, -0.233409 0.152335 0.960372, -0.730377 0.499738 0.46563, -0.987559 0.045855 0.150414, 
          0.440326 0.185143 0.878541, -0.352515 0.093156 0.931158, -0.294459 0.093339 0.951095, 0.281609 0.186178 0.941294, 
          0.637704 -0.501207 0.584915, 0.781986 -0.459456 0.421186, 0.238708 -0.344445 0.907952, 0.309713 -0.554171 0.77264, 
          -0.032744 0.996482 -0.077142, -0.089433 0.968153 -0.233839, 0.168214 0.953966 -0.2483, 0.106563 0.994218 -0.013204, 
          0.127465 0.987997 0.087265, 0.196581 0.959145 0.203462, 0.20369 0.775493 -0.597596, 0.378326 0.784406 -0.491504, 
          0.138139 0.828173 -0.543182, -0.421816 0.767746 -0.482325, -0.57472 0.797032 -0.185572, -0.965911 0.250263 -0.066215, 
          -0.976346 0.029153 0.21424, 0.779298 0.094314 0.619516, 0.732653 0.445249 0.514754, 0.671785 0.685847 0.279856, 
          0.669789 0.215423 0.710617, 0.616946 -0.506167 0.602638, 0.121617 0.041754 0.991699, 0.054691 -0.491559 0.869125, 
          -0.571792 -0.790018 0.221192, -0.56259 -0.658253 0.500195, -0.128399 -0.729039 0.672322, -0.753549 0.045881 0.655788, 
          -0.991701 0.073022 0.105814, -0.985623 0.016453 0.168158, -0.983159 0.00596 0.182654, -0.982879 0.022842 0.182832, 
          -0.988762 -0.026663 0.147104, -0.98956 0.037643 0.13912, -0.818511 -0.010501 0.574395, -0.757541 -0.252855 0.601827, 
          -0.44625 -0.368341 0.815589, 0.49796 -0.801468 0.331186, 0.215762 -0.773115 0.596439, 0.288402 -0.929602 0.229487, 
          -0.453279 -0.694242 0.559076, -0.46676 -0.803883 0.368656, 0.099668 0.993769 -0.0499, 0.143787 0.968029 -0.205534, 
          -0.219903 0.911941 -0.346418, -0.462934 0.584928 -0.665997, 0.402839 0.914417 0.039531, 0.468656 0.861238 -0.196545, 
          0.572271 0.797664 0.190365, 0.509469 0.465264 -0.723858, 0.462907 0.452208 -0.762381, 0.321139 0.059545 -0.945158, 
          -0.153499 0.464531 -0.872152, 0.256003 0.71258 -0.653217, -0.947384 0.117137 -0.297897, -0.523811 0.616523 -0.587811, 
          0.953882 -0.145671 0.262469, 0.706205 -0.567895 0.422811, 0.80627 0.591262 -0.018371, 0.914235 0.393287 0.097465, 
          0.63944 -0.688017 0.343146, 0.474852 -0.879092 0.04138, 0.489069 -0.860268 0.144048, -0.377717 -0.913326 -0.152203, 
          0.42904 -0.891592 -0.144875, -0.969488 -0.19031 -0.154518, -0.916416 -0.363963 -0.166468, -0.88777 -0.455919 0.063269, 
          -0.823801 -0.509262 0.249007, -0.841263 -0.373075 0.39127, 0.385745 -0.920163 -0.067085, 0.196207 -0.979999 -0.033245, 
          0.391545 -0.894596 -0.215386, -0.085673 -0.995088 0.049594, -0.488499 -0.82189 0.293029, -0.598295 -0.799044 -0.059759, 
          0.491849 0.75734 -0.429558, 0.484179 0.620136 -0.617254, 0.16007 0.838001 -0.521662, 0.226732 0.616107 -0.754324, 
          -0.771407 0.452709 -0.447198, -0.652431 0.667243 -0.359333, -0.603169 0.070876 -0.794458, 0.768877 0.379432 -0.514645, 
          0.820378 0.495017 -0.286249, -0.092599 0.18171 -0.978983, 0.546724 0.012626 -0.837218, 0.353785 -0.638987 -0.683031, 
          0.514734 -0.451623 -0.728756, 0.157416 -0.391716 -0.90652, -0.780479 -0.396137 -0.483662, -0.852028 0.018544 -0.523168, 
          0.701728 -0.709112 0.06883, 0.947756 -0.222126 -0.228951, 0.621488 -0.777846 -0.093314, 0.580115 -0.782897 -0.224809, 
          0.461175 -0.822184 -0.333663, 0.454133 -0.746129 -0.486882, -0.557205 -0.780082 -0.284596, -0.220246 -0.490379 -0.84322, 
          -0.605393 -0.768671 -0.206504, -0.740806 -0.533686 -0.407904, -0.489576 -0.866714 0.095514, -0.548796 -0.831777 -0.083481, 
          0.021416 -0.976819 -0.212993, 0.172975 -0.908775 -0.379747, 0.555419 -0.730716 -0.396943, 0.381602 -0.84479 -0.375114, 
          -0.636212 -0.679109 -0.366122, -0.552399 -0.687622 -0.471202, 0.736458 -0.175544 -0.653309, 0.524846 0.367026 -0.768003, 
          0.491928 -0.038072 -0.869803, 0.327058 0.059908 -0.943103, -0.525205 0.169304 -0.833964, -0.984076 -0.066838 -0.164706, 
          -0.335196 -0.463783 -0.820091, 0.589236 -0.370741 -0.717881, 0.181276 -0.751381 -0.634481, 0.655246 -0.64497 -0.393278, 
          0.510496 -0.500491 -0.699216, 0.337668 -0.490763 -0.803201, 0.043038 -0.918998 -0.391906, 0.954526 -0.192524 -0.22763, 
          0.549402 -0.154296 -0.821188, 0.479306 0.60916 -0.631815, 0.435157 0.867347 -0.241552, 0.496747 -0.702743 -0.509308, 
          0.465051 0.884618 0.034334, 0.607837 0.730029 0.312397, 0.830799 0.121211 0.543214, 0.660429 -0.673103 0.332815, 
          0.514099 -0.856024 0.054092, 0.475887 -0.860267 -0.182954, -0.59226 0.334403 -0.733078, -0.555176 -0.651052 -0.517602, 
          -0.2094 0.883593 -0.418825, 0.025618 0.994927 -0.097279, -0.558087 -0.823131 -0.104856, 0.097948 0.990977 0.09149, 
          0.163651 0.812475 0.559555, 0.235804 -0.004257 0.971791, -0.043559 -0.512642 0.857497, -0.400351 -0.872988 0.278588, 
          -0.421135 0.014414 -0.906884, -0.566067 -0.728699 -0.385443, -0.586705 -0.809789 -0.004436, 0.059863 0.821996 -0.566339, 
          0.240852 0.957168 -0.160683, -0.583228 -0.680004 0.444342, 0.300478 0.941481 0.152727, 0.290428 0.507592 0.811173, 
          -0.097933 -0.104222 0.989721, -0.406754 -0.012518 0.913452, 0.500734 0.091339 -0.860769, 0.400534 -0.665477 -0.629852, 
          0.365788 -0.90017 -0.236418, 0.50299 -0.821845 0.267528, 0.364217 0.770551 -0.523065, 0.20069 0.959291 -0.198706, 
          0.632852 -0.054934 0.772321, 0.19013 0.937604 0.291116, 0.378051 0.182189 0.907681, 0.470198 0.153866 0.869045, 
          -0.301177 0.162211 -0.93967, -0.059735 -0.775832 -0.628105, 0.019891 -0.981802 -0.188861, 0.096063 -0.947561 0.304795, 
          0.268883 -0.290942 0.91818, -0.409987 0.79462 -0.447761, -0.068496 0.991521 -0.11043, 0.27232 0.351668 0.89564, 
          0.963763 0.083661 0.253301, 0.444452 0.405357 0.798842, -0.96654 0.097049 -0.237448, -0.925736 -0.333446 -0.1784, 
          -0.841858 -0.539605 0.010115, -0.799677 -0.549611 0.241755, -0.774094 -0.322102 0.545003, -0.700464 0.044836 0.712278, 
          -0.986383 0.153947 -0.057869, -0.025526 -0.993216 0.113445, -0.683074 0.239279 0.69004, -0.843726 -0.526274 0.105649, 
          -0.988259 -0.000872 0.152786, 0.954434 -0.19285 -0.22774, 0.549457 -0.154482 -0.821117, 0.479174 0.60921 -0.631867, 
          0.435262 0.867183 -0.241951, 0.496491 -0.703019 -0.509177, 0.465061 0.884612 0.034361, 0.607569 0.730451 0.311931, 
          0.830926 0.120994 0.543068, 0.659526 -0.674223 0.332339, 0.514081 -0.856014 0.05442, 0.475883 -0.860281 -0.182899, 
          -0.59222 0.334487 -0.733071, -0.555034 -0.651626 -0.51703, -0.2094 0.883421 -0.419189, 0.025575 0.994932 -0.097245, 
          -0.558146 -0.823103 -0.104758, 0.0979459 0.990979 0.0914679, 0.163625 0.813166 0.558558, 0.235522 -0.005425 0.971854, 
          -0.043491 -0.512682 0.857476, -0.400051 -0.87316 0.27848, -0.420615 0.013997 -0.907131, -0.56574 -0.728837 -0.38566, 
          -0.586477 -0.809955 -0.004257, 0.060033 0.821851 -0.56653, 0.240838 0.957181 -0.160628, -0.583239 -0.67998 0.444363, 
          0.300402 0.941572 0.152316, 0.290842 0.507391 0.811151, -0.0977211 -0.105337 0.989624, -0.406346 -0.012106 0.913639, 
          0.500849 0.091357 -0.8607, 0.400644 -0.665423 -0.629838, 0.365668 -0.900214 -0.236436, 0.502804 -0.821943 0.267577, 
          0.364408 0.770406 -0.523145, 0.200609 0.959316 -0.19867, 0.632784 -0.05499 0.772373, 0.189985 0.937655 0.291049, 
          0.377741 0.180976 0.908052, 0.47021 0.153699 0.869068, -0.301433 0.162067 -0.939613, -0.059548 -0.775841 -0.628113, 
          0.019669 -0.981836 -0.188707, 0.095932 -0.947514 0.304982, 0.26869 -0.291386 0.918096, -0.410887 0.794321 -0.447467, 
          -0.069331 0.991485 -0.110234, 0.272305 0.351262 0.895804, 0.963837 0.08952 0.251005, 0.446162 0.407542 0.796774, 
          -0.966722 0.096976 -0.236737, -0.925874 -0.333081 -0.178368, -0.841851 -0.539613 0.010223, -0.799694 -0.549466 0.242028, 
          -0.773907 -0.322129 0.545253, -0.700828 0.043703 0.71199, -0.986469 0.153643 -0.057201, -0.022763 -0.993334 0.113006, 
          -0.682995 0.239417 0.690071, -0.844879 -0.524508 0.105217, -0.988273 -0.000898 0.152693, 0.954458 -0.192741 -0.22773, 
          0.549456 -0.153859 -0.821234, 0.496677 -0.702697 -0.50944, 0.607634 0.730273 0.312222, 0.830825 0.120667 0.543294, 
          0.659511 -0.674227 0.33236, 0.514094 -0.856006 0.054419, 0.475942 -0.860248 -0.182901, -0.592086 0.334667 -0.733098, 
          -0.555091 -0.651303 -0.517377, -0.209356 0.883486 -0.419074, 0.025594 0.994927 -0.097287, -0.558212 -0.823054 -0.104794, 
          0.097939 0.990975 0.091525, 0.163516 0.812855 0.559044, 0.235336 -0.005307 0.9719, -0.043482 -0.513075 0.857242, 
          -0.400096 -0.87303 0.278822, -0.420855 0.014208 -0.907017, -0.565858 -0.728755 -0.385643, -0.586589 -0.809874 -0.004328, 
          0.060007 0.822121 -0.566141, 0.240923 0.957141 -0.160741, -0.583371 -0.679882 0.444341, 0.300467 0.941511 0.152567, 
          0.290539 0.508203 0.810751, -0.0980711 -0.104501 0.989678, -0.406763 -0.012615 0.913447, 0.500921 0.091377 -0.860656, 
          0.400571 -0.665666 -0.629628, 0.365665 -0.900205 -0.236473, 0.502868 -0.821936 0.26748, 0.36439 0.770527 -0.522979, 
          0.200827 0.959262 -0.198709, 0.632784 -0.05498 0.772374, 0.189954 0.937663 0.291042, 0.377706 0.182169 0.907828, 
          0.469943 0.153706 0.869211, -0.301373 0.162021 -0.93964, -0.059557 -0.775948 -0.627979, 0.019934 -0.981817 -0.188779, 
          0.095844 -0.947587 0.304785, 0.268859 -0.290782 0.918238, -0.41073 0.794273 -0.447696, -0.069177 0.991503 -0.110169, 
          0.272452 0.351887 0.895514, 0.96375 0.098115 0.248112, 0.448732 0.410693 0.793707, -0.966682 0.096815 -0.236964, 
          -0.925868 -0.33303 -0.178492, -0.841785 -0.539716 0.010259, -0.799701 -0.549519 0.241884, -0.774167 -0.321766 0.545098, 
          -0.700654 0.04442 0.712117, -0.986576 0.153028 -0.057011, -0.021825 -0.993348 0.113065, -0.68284 0.239238 0.690286, 
          -0.847014 -0.52075 0.106707, -0.988258 -0.000874 0.152789, 0.950051 -0.211869 -0.22916, 0.726628 -0.166724 -0.666494, 
          0.731825 0.261644 -0.629265, 0.797275 0.4798 -0.366258, 0.759045 -0.494651 -0.423286, 0.8642 0.501854 -0.036075, 
          0.910851 0.30792 0.274837, 0.907109 -0.08884 0.411413, 0.867249 -0.412778 0.278376, 0.822127 -0.568933 0.020532, 
          0.792572 -0.579834 -0.188739, 0.00429 0.03263 -0.999458, 0.040053 -0.654138 -0.755314, 0.129488 0.635436 -0.761218, 
          0.282353 0.904287 -0.320222, 0.144834 -0.953255 -0.265194, 0.408437 0.879251 0.245148, 0.347499 0.391202 0.852177, 
          0.16033 -0.146471 0.976136, 0.268294 -0.263066 0.926723, 0.285396 -0.853618 0.435759, -0.255039 -0.083891 -0.963285, 
          -0.272382 -0.668189 -0.692338, -0.21734 -0.949825 -0.224933, -0.126725 0.528713 -0.839287, 0.020986 0.934224 -0.356068, 
          -0.075363 -0.754129 0.652387, 0.096086 0.849564 0.51866, -0.049564 -0.160206 0.985838, -0.196928 -0.169432 0.965667, 
          -0.009606 0.325634 0.945447, -0.10394 -0.151716 -0.982944, -0.048651 -0.703679 -0.70885, 0.033395 -0.970801 -0.237551, 
          0.197713 -0.823996 0.530981, -0.09397 0.484454 -0.869755, -0.015738 0.936749 -0.349648, 0.294825 0.210054 0.932178, 
          0.148812 0.778253 0.610063, 0.22182 -0.319129 0.921386, 0.32118 0.065649 0.94474, 0.101567 -0.107558 -0.988997, 
          0.15545 -0.64408 -0.748997, 0.239599 -0.929056 -0.281863, 0.389836 -0.854433 0.343472, 0.537278 -0.153851 0.829254, 
          0.048235 0.528701 -0.847437, 0.007175 0.951708 -0.306921, 0.551802 0.059147 0.831875, 0.139646 0.834673 0.532747, 
          0.385304 -0.025876 0.922427, -0.363884 0.014749 -0.931328, -0.290664 -0.638183 -0.712907, -0.196325 -0.951563 -0.236612, 
          -0.075397 -0.912198 0.402753, 0.112174 -0.348752 0.930478, 0.222472 0.057765 0.973226, -0.335773 0.674594 -0.657404, 
          -0.238071 0.952498 -0.189919, 0.17084 0.342267 0.923941, -0.043998 0.902336 0.428781, -0.935902 0.128956 -0.327809, 
          -0.929607 -0.290068 -0.227358, -0.87733 -0.479568 -0.017524, -0.83021 -0.486501 0.272155, -0.754559 -0.267406 0.599278, 
          -0.693024 0.031125 0.720243, -0.666441 0.25194 0.7017, -0.816094 0.525338 -0.240854, -0.6996 0.714481 0.008791, 
          -0.656025 0.620429 0.429767, -0.983849 0.047624 0.172547, 0.950092 -0.211634 -0.229209, 0.726671 -0.166737 -0.666445, 
          0.731766 0.261683 -0.629317, 0.797183 0.48008 -0.366091, 0.759163 -0.494428 -0.423335, 0.86413 0.501955 -0.036337, 
          0.910947 0.307785 0.274672, 0.907116 -0.088803 0.411406, 0.867242 -0.41273 0.278471, 0.822202 -0.56882 0.020686, 
          0.792626 -0.579641 -0.189103, 0.00407 0.032646 -0.999459, 0.040184 -0.654118 -0.755325, 0.129541 0.635541 -0.761122, 
          0.282313 0.904361 -0.320047, 0.144844 -0.953213 -0.265339, 0.408654 0.879131 0.245217, 0.347326 0.391121 0.852285, 
          0.160293 -0.146509 0.976136, 0.268239 -0.263147 0.926715, 0.285346 -0.853612 0.435803, -0.255139 -0.083852 -0.963262, 
          -0.272566 -0.668161 -0.692292, -0.217551 -0.949757 -0.22502, -0.126717 0.528614 -0.839351, 0.020981 0.93424 -0.356028, 
          -0.075481 -0.753988 0.652537, 0.095919 0.849523 0.518758, -0.049767 -0.160077 0.985849, -0.197005 -0.169414 0.965654, 
          -0.009622 0.325643 0.945444, -0.10393 -0.151757 -0.982939, -0.04861 -0.70352 -0.709011, 0.033426 -0.970805 -0.237529, 
          0.197832 -0.823981 0.53096, -0.093929 0.484189 -0.869907, -0.015662 0.936751 -0.349647, 0.295004 0.210183 0.932092, 
          0.148929 0.778296 0.609979, 0.221959 -0.318898 0.921433, 0.32131 0.065735 0.94469, 0.101705 -0.10786 -0.98895, 
          0.155485 -0.643902 -0.749142, 0.239656 -0.929002 -0.281995, 0.38983 -0.854511 0.343284, 0.53728 -0.154039 0.829218, 
          0.048146 0.528556 -0.847532, 0.007285 0.95169 -0.306975, 0.551746 0.059182 0.83191, 0.139816 0.83484 0.532441, 
          0.385273 -0.025425 0.922452, -0.363905 0.014699 -0.93132, -0.290526 -0.638143 -0.713, -0.196407 -0.951529 -0.236679, 
          -0.075027 -0.912242 0.402722, 0.112382 -0.348723 0.930464, 0.222259 0.057873 0.973269, -0.335974 0.674309 -0.657593, 
          -0.237942 0.952481 -0.190169, 0.170567 0.342458 0.923921, -0.044073 0.902392 0.428657, -0.935849 0.128864 -0.327995, 
          -0.929661 -0.289852 -0.227412, -0.877312 -0.479604 -0.01741, -0.830192 -0.486596 0.272039, -0.754458 -0.267261 0.59947, 
          -0.692922 0.031468 0.720325, -0.666459 0.25191 0.701693, -0.816197 0.525017 -0.241203, -0.699646 0.714437 0.008668, 
          -0.656 0.620381 0.429874, -0.983845 0.047619 0.172574, 0.955445 -0.191912 -0.224264, 0.748863 -0.153352 -0.644738, 
          0.752042 0.255096 -0.607749, 0.812321 0.461739 -0.356275, 0.782972 -0.464981 -0.413217, 0.875433 0.481465 -0.042529, 
          0.920244 0.296173 0.255797, 0.91844 -0.078594 0.387674, 0.885667 -0.385339 0.25905, 0.844589 -0.535324 0.009915, 
          0.816487 -0.544986 -0.190629, 0.017657 0.030783 -0.99937, 0.050355 -0.653102 -0.755594, 0.151494 0.630468 -0.761289, 
          0.311428 0.893535 -0.32343, 0.1543 -0.951464 -0.266284, 0.438726 0.867534 0.234317, 0.363844 0.390392 0.845702, 
          0.163885 -0.147092 0.975452, 0.284648 -0.254442 0.924248, 0.29842 -0.848848 0.436351, -0.263968 -0.084251 -0.960845, 
          -0.287291 -0.667228 -0.687219, -0.235094 -0.946584 -0.220701, -0.124651 0.528689 -0.839613, 0.029887 0.933352 -0.357716, 
          -0.094654 -0.749443 0.655268, 0.096918 0.850097 0.517631, -0.070577 -0.156974 0.985078, -0.220796 -0.167544 0.960822, 
          -0.024389 0.330096 0.943632, -0.096721 -0.151513 -0.983712, -0.040529 -0.70323 -0.709806, 0.041332 -0.970131 -0.239036, 
          0.208256 -0.823365 0.52792, -0.087687 0.484074 -0.870622, -0.010848 0.936471 -0.350578, 0.307767 0.209739 0.928056, 
          0.153231 0.777877 0.609449, 0.227852 -0.319743 0.9197, 0.33591 0.065728 0.939598, 0.12887 -0.106039 -0.985976, 
          0.183595 -0.637804 -0.747996, 0.267416 -0.920414 -0.285178, 0.41866 -0.845283 0.331995, 0.567805 -0.151557 0.809091, 
          0.068517 0.527071 -0.847055, 0.013735 0.951372 -0.307738, 0.582319 0.05828 0.810869, 0.144125 0.834754 0.531427, 
          0.405982 -0.026552 0.913495, -0.373228 0.017058 -0.927583, -0.297488 -0.636339 -0.711739, -0.203302 -0.950175 -0.236297, 
          -0.08277 -0.911853 0.402085, 0.10911 -0.349086 0.930717, 0.224689 0.057959 0.972705, -0.352235 0.6727 -0.650696, 
          -0.257732 0.948389 -0.184748, 0.169192 0.342787 0.924051, -0.057251 0.900767 0.430512, -0.945817 0.121931 -0.300937, 
          -0.940461 -0.272316 -0.203414, -0.891685 -0.452617 -0.005987, -0.846535 -0.45945 0.268857, -0.773702 -0.251907 0.581316, 
          -0.713541 0.028239 0.700044, -0.686588 0.238715 0.68674, -0.832444 0.50562 -0.226682, -0.716987 0.696963 0.013129, 
          -0.674709 0.602643 0.426132, -0.984034 0.043151 0.17267, 0.961088 -0.17347 -0.214982, 0.790865 -0.142096 -0.595265, 
          0.788553 0.256316 -0.559005, 0.832101 0.446168 -0.329459, 0.813552 -0.438795 -0.381566, 0.885037 0.461937 -0.057655, 
          0.933704 0.291035 0.208558, 0.939248 -0.068661 0.336303, 0.906746 -0.363066 0.214463, 0.863818 -0.503622 -0.013563, 
          0.839143 -0.510473 -0.187768, 0.044827 0.03041 -0.998532, 0.072786 -0.683667 -0.726155, 0.187347 0.650868 -0.735712, 
          0.345901 0.886937 -0.306097, 0.165983 -0.95476 -0.246746, 0.470013 0.860155 0.198045, 0.390077 0.417127 0.820881, 
          0.179535 -0.155263 0.971422, 0.312307 -0.263643 0.912665, 0.299948 -0.856212 0.420634, -0.283301 -0.092239 -0.954585, 
          -0.309951 -0.693067 -0.650837, -0.252211 -0.948021 -0.194027, -0.118412 0.555943 -0.822743, 0.044327 0.941076 -0.335279, 
          -0.120172 -0.750837 0.649463, 0.0898611 0.860268 0.501861, -0.113738 -0.14809 0.982412, -0.27943 -0.174988 0.944086, 
          -0.058199 0.352626 0.933953, -0.07964 -0.163892 -0.983258, -0.023266 -0.731744 -0.681183, 0.053122 -0.973801 -0.221108, 
          0.223429 -0.832647 0.506733, -0.070709 0.513949 -0.854902, -0.000139 0.944886 -0.327401, 0.335564 0.216867 0.916714, 
          0.157055 0.785003 0.599253, 0.241889 -0.331256 0.912008, 0.372765 0.070634 0.925234, 0.189314 -0.11174 -0.975538, 
          0.234774 -0.656607 -0.716763, 0.302208 -0.914605 -0.268642, 0.451186 -0.842489 0.294352, 0.629725 -0.160506 0.760056, 
          0.112898 0.555986 -0.823488, 0.026734 0.957781 -0.286255, 0.646276 0.057597 0.760927, 0.151083 0.845309 0.512471, 
          0.453162 -0.026985 0.89102, -0.388434 0.023848 -0.921168, -0.295798 -0.668332 -0.682522, -0.203037 -0.955577 -0.213656, 
          -0.098409 -0.92176 0.375065, 0.098144 -0.377642 0.920736, 0.227886 0.064215 0.971568, -0.371215 0.700429 -0.60959, 
          -0.275689 0.947828 -0.160053, 0.166119 0.367255 0.915166, -0.072952 0.909421 0.409429, -0.962627 0.119258 -0.243162, 
          -0.953892 -0.258959 -0.15176, -0.903822 -0.427443 0.019943, -0.864193 -0.432961 0.256349, -0.808177 -0.241779 0.537022, 
          -0.754735 0.025518 0.655533, -0.725714 0.231966 0.647712, -0.84994 0.492816 -0.186373, -0.732102 0.680685 0.026355, 
          -0.699123 0.591235 0.40208, -0.984192 0.038507 0.172866, 0.869246 -0.493035 -0.036443, 0.363129 -0.431443 -0.82583, 
          0.529757 0.55357 -0.642586, 0.586263 0.770992 -0.24873, 0.160615 -0.936126 -0.312842, 0.633343 0.769008 0.086621, 
          0.660522 0.548925 0.512243, 0.59336 -0.07956 0.800996, 0.31816 -0.786955 0.528656, 0.185529 -0.971414 0.148104, 
          0.145335 -0.988095 -0.050456, -0.233039 0.00067 -0.972467, -0.40987 -0.814239 -0.411122, 0.059758 0.860624 -0.505722, 
          0.144368 0.982177 -0.120355, -0.515587 -0.856353 -0.028791, 0.194688 0.972879 0.124914, 0.207255 0.768119 0.605837, 
          -0.034377 -0.089592 0.995385, -0.267876 -0.763086 0.588168, -0.42367 -0.892952 0.152118, -0.227054 -0.129833 -0.965189, 
          -0.318839 -0.929676 -0.18451, -0.461177 -0.88148 0.101534, 0.113676 0.820264 -0.560576, 0.284453 0.941408 -0.181214, 
          -0.541924 -0.838174 0.061508, 0.353222 0.920095 0.169289, 0.227713 0.577422 0.784048, -0.140408 -0.328412 0.93404, 
          -0.38884 -0.816168 0.427403, 0.113158 -0.235236 -0.965329, -0.044342 -0.976499 -0.210913, -0.007612 -0.995479 0.094682, 
          0.015831 -0.991212 0.131331, 0.292047 0.705359 -0.645893, 0.281243 0.936059 -0.211416, 0.194467 -0.841 0.504878, 
          0.279325 0.917589 0.282857, 0.308808 0.4227 0.852034, 0.325263 -0.328291 0.886808, -0.039117 -0.066508 -0.997019, 
          0.063881 -0.909264 -0.411289, 0.247021 -0.968093 -0.042151, 0.291738 -0.937329 0.190536, 0.353424 -0.691541 0.62997, 
          0.045841 0.868167 -0.49415, 0.090005 0.992445 -0.083374, 0.501501 -0.025526 0.86478, 0.20485 0.94762 0.245058, 
          0.409191 0.599881 0.687535, -0.807929 0.162406 -0.566458, -0.55299 -0.753213 -0.356191, -0.230731 -0.970861 -0.064754, 
          -0.101014 -0.955206 0.278167, -0.145299 -0.654233 0.742204, -0.168402 -0.067128 0.98343, -0.42422 0.822862 -0.378069, 
          -0.009605 0.987805 -0.155398, 0.04237 0.676231 0.735471, 0.133555 0.969789 0.20414, -0.98704 0.160446 -0.003177, 
          -0.999076 -0.03124 0.029504, -0.954921 -0.282114 0.092397, -0.919321 -0.330668 0.213326, -0.908902 -0.208288 0.361266, 
          -0.91555 -0.099096 0.389805, -0.867958 0.12325 0.481101, -0.918743 0.368248 -0.142494, -0.707146 0.706658 -0.024064, 
          -0.732755 0.549114 0.401925, -0.992634 0.079038 0.091815, 0.818028 -0.512712 -0.260686, 0.519789 -0.365378 -0.772216, 
          0.629817 0.111553 -0.768691, 0.7942 0.389908 -0.466066, 0.476384 -0.747803 -0.462439, 0.902675 0.429947 -0.017999, 
          0.909481 0.194645 0.367366, 0.792075 -0.29359 0.535184, 0.625755 -0.67314 0.394098, 0.534808 -0.838133 0.107298, 
          0.492806 -0.856899 -0.151217, -0.06916 0.017535 -0.997452, -0.140646 -0.635028 -0.759578, 0.119909 0.588823 -0.799318, 
          0.301572 0.885955 -0.352332, -0.086218 -0.964488 -0.249657, 0.422719 0.859374 0.287723, 0.327671 0.343671 0.880069, 
          0.12427 -0.129273 0.983791, 0.163936 -0.267425 0.949531, 0.071412 -0.872726 0.48296, -0.227373 -0.067522 -0.971464, 
          -0.318061 -0.619009 -0.718098, -0.30796 -0.921693 -0.235888, -0.053558 0.491656 -0.869141, 0.138558 0.905115 -0.401957, 
          -0.121607 -0.732202 0.670143, 0.242201 0.825293 0.510127, 0.02443 -0.15084 0.988256, -0.069721 -0.12149 0.990141, 
          0.122135 0.30643 0.944025, -0.162175 -0.143998 -0.976199, -0.204087 -0.67148 -0.712364, -0.168361 -0.960119 -0.223219, 
          0.013316 -0.813098 0.581975, -0.048032 0.442528 -0.895468, 0.117905 0.909498 -0.398637, 0.268514 0.188645 0.944623, 
          0.263933 0.756693 0.598127, 0.141618 -0.305724 0.941529, 0.25815 0.047131 0.964955, -0.050645 -0.126477 -0.990676, 
          -0.089521 -0.650169 -0.754498, -0.049783 -0.964743 -0.258444, 0.108205 -0.892836 0.437191, 0.346096 -0.181304 0.920514, 
          0.035177 0.475088 -0.879235, 0.136996 0.924797 -0.354941, 0.39103 0.022476 0.920104, 0.261948 0.80779 0.52807, 
          0.278108 -0.043441 0.959567, -0.291087 0.026694 -0.956324, -0.347338 -0.585403 -0.73257, -0.314434 -0.91921 -0.237033, 
          -0.172256 -0.874954 0.452529, 0.080321 -0.313649 0.946136, 0.212784 0.046127 0.97601, -0.140922 0.661265 -0.736797, 
          0.008699 0.965413 -0.260581, 0.226028 0.311439 0.922994, 0.164792 0.894156 0.416328, -0.823176 0.291047 -0.487517, 
          -0.903997 -0.226998 -0.362299, -0.882962 -0.463118 -0.076811, -0.825488 -0.472618 0.308547, -0.68266 -0.197685 0.703489, 
          -0.557386 0.174844 0.811634, -0.485409 0.436086 0.757764, -0.610089 0.716781 -0.337663, -0.467036 0.883306 -0.040596, 
          -0.428932 0.794349 0.430148, -0.952305 0.255964 0.166127, 0.836849 -0.484951 -0.25398, 0.546009 -0.352834 -0.759857, 
          0.650761 0.114867 -0.750543, 0.805516 0.382368 -0.452701, 0.509343 -0.727517 -0.459662, 0.90781 0.418857 -0.020965, 
          0.914787 0.188884 0.357054, 0.806741 -0.279564 0.520588, 0.657075 -0.648854 0.38372, 0.569529 -0.815893 0.099776, 
          0.528303 -0.834493 -0.156584, -0.059536 0.015199 -0.998111, -0.131057 -0.636099 -0.760396, 0.134531 0.58447 -0.800185, 
          0.32046 0.878241 -0.354963, -0.075354 -0.964968 -0.251312, 0.442559 0.851386 0.281573, 0.338432 0.34121 0.876949, 
          0.123667 -0.130227 0.983742, 0.170632 -0.266273 0.948675, 0.084055 -0.872163 0.48194, -0.231922 -0.066588 -0.970453, 
          -0.326148 -0.617201 -0.716024, -0.318014 -0.91879 -0.233861, -0.052414 0.49139 -0.869361, 0.143455 0.903901 -0.402968, 
          -0.132319 -0.728565 0.672075, 0.242679 0.825499 0.509566, 0.01221 -0.147662 0.988963, -0.08921 -0.118664 0.988919, 
          0.112747 0.309574 0.944167, -0.158442 -0.144384 -0.976755, -0.199712 -0.67196 -0.713151, -0.163856 -0.960702 -0.224059, 
          0.019138 -0.813863 0.580742, -0.044828 0.441766 -0.89601, 0.120527 0.908964 -0.39907, 0.275436 0.187214 0.942913, 
          0.266272 0.756222 0.597686, 0.144693 -0.306457 0.940823, 0.26606 0.045029 0.962904, -0.035394 -0.128598 -0.991065, 
          -0.07283 -0.650932 -0.755635, -0.032269 -0.964796 -0.261014, 0.127175 -0.893107 0.431492, 0.366251 -0.184484 0.912045, 
          0.04611 0.472818 -0.879953, 0.14064 0.924073 -0.355401, 0.411553 0.017926 0.91121, 0.264622 0.807481 0.527209, 
          0.289816 -0.045729 0.955989, -0.301311 0.029611 -0.953066, -0.356289 -0.582415 -0.730651, -0.323025 -0.916506 -0.235949, 
          -0.180019 -0.873005 0.453272, 0.077801 -0.313046 0.946546, 0.215437 0.045586 0.975453, -0.152817 0.662707 -0.733121, 
          -0.003253 0.96617 -0.257884, 0.226102 0.311585 0.922926, 0.157521 0.894963 0.417407, -0.835459 0.286654 -0.468869, 
          -0.914576 -0.210515 -0.345304, -0.895161 -0.440457 -0.068444, -0.838795 -0.449613 0.307037, -0.696559 -0.182978 0.693776, 
          -0.572948 0.172508 0.801231, -0.504058 0.423181 0.75289, -0.628806 0.703359 -0.331495, -0.484909 0.873716 -0.038523, 
          -0.447068 0.783332 0.431881, -0.954276 0.248138 0.166691, 0.836759 -0.485076 -0.254037, 0.54616 -0.352468 -0.759918, 
          0.650556 0.114526 -0.750773, 0.805325 0.3822 -0.453183, 0.509566 -0.727502 -0.459439, 0.907783 0.41893 -0.020693, 
          0.914658 0.189134 0.357252, 0.806735 -0.279398 0.520687, 0.656765 -0.649329 0.383447, 0.569375 -0.816046 0.099402, 
          0.528388 -0.834497 -0.156269, -0.059301 0.01514 -0.998125, -0.130915 -0.636018 -0.760488, 0.134573 0.584239 -0.800347, 
          0.3203 0.878305 -0.354949, -0.075198 -0.965023 -0.25115, 0.442425 0.851432 0.281644, 0.338433 0.341358 0.876891, 
          0.123593 -0.130106 0.983767, 0.17074 -0.266523 0.948585, 0.084299 -0.872209 0.481814, -0.231888 -0.066801 -0.970446, 
          -0.32613 -0.617341 -0.715911, -0.318083 -0.918787 -0.233781, -0.052356 0.491466 -0.869322, 0.143485 0.903955 -0.402837, 
          -0.132381 -0.728575 0.672052, 0.242764 0.825425 0.509646, 0.012306 -0.147602 0.98897, -0.0891079 -0.118452 0.988953, 
          0.112807 0.309823 0.944079, -0.158522 -0.144363 -0.976745, -0.199731 -0.672147 -0.71297, -0.163924 -0.960684 -0.224088, 
          0.019136 -0.813974 0.580587, -0.04484 0.441757 -0.896013, 0.120661 0.908973 -0.399009, 0.275515 0.187312 0.942871, 
          0.266367 0.756142 0.597744, 0.144697 -0.306551 0.940792, 0.266014 0.045166 0.96291, -0.03544 -0.128784 -0.991039, 
          -0.072856 -0.650976 -0.755594, -0.032164 -0.96485 -0.260825, 0.127132 -0.893148 0.431421, 0.36634 -0.18427 0.912053, 
          0.046061 0.472697 -0.88002, 0.140413 0.924172 -0.355233, 0.411656 0.01829 0.911156, 0.264292 0.80746 0.527407, 
          0.289562 -0.045813 0.956062, -0.301242 0.02935 -0.953096, -0.356233 -0.582405 -0.730686, -0.322923 -0.916558 -0.235885, 
          -0.180067 -0.873013 0.453238, 0.077662 -0.313068 0.94655, 0.215427 0.045916 0.97544, -0.152951 0.662897 -0.732921, 
          -0.003447 0.966247 -0.257595, 0.226084 0.311567 0.922937, 0.15739 0.895024 0.417324, -0.835431 0.286643 -0.468925, 
          -0.914575 -0.21035 -0.345407, -0.895212 -0.440359 -0.068401, -0.83883 -0.449446 0.307184, -0.696654 -0.182853 0.693713, 
          -0.5729 0.172743 0.801215, -0.504079 0.423023 0.752965, -0.628815 0.703368 -0.33146, -0.484843 0.873755 -0.038468, 
          -0.447103 0.783172 0.432135, -0.954241 0.248209 0.166782, 0.836812 -0.484999 -0.25401, 0.546273 -0.352334 -0.759899, 
          0.650622 0.115182 -0.750616, 0.805286 0.382404 -0.453081, 0.509488 -0.727586 -0.459393, 0.907763 0.418979 -0.020573, 
          0.914651 0.188907 0.357389, 0.806678 -0.27956 0.520689, 0.65689 -0.649107 0.383609, 0.569321 -0.816055 0.099643, 
          0.528222 -0.834587 -0.156355, -0.059312 0.015561 -0.998118, -0.130876 -0.636133 -0.760399, 0.134575 0.584605 -0.800079, 
          0.320303 0.878283 -0.354999, -0.075192 -0.965055 -0.251028, 0.44247 0.851362 0.281785, 0.338512 0.341149 0.876942, 
          0.123651 -0.13015 0.983754, 0.170643 -0.266398 0.948638, 0.084169 -0.872177 0.481895, -0.23191 -0.066402 -0.970468, 
          -0.326235 -0.617285 -0.715912, -0.318111 -0.918794 -0.233717, -0.05234 0.491566 -0.869266, 0.143429 0.90392 -0.402935, 
          -0.132251 -0.728552 0.672102, 0.242704 0.825449 0.509635, 0.012234 -0.147632 0.988967, -0.089276 -0.1186 0.988921, 
          0.112846 0.309868 0.944059, -0.158486 -0.144327 -0.976756, -0.199758 -0.671988 -0.713112, -0.163871 -0.960686 -0.224117, 
          0.019103 -0.813987 0.580569, -0.044804 0.441624 -0.896081, 0.120598 0.908967 -0.399043, 0.275583 0.187397 0.942834, 
          0.266301 0.756177 0.59773, 0.144701 -0.306482 0.940814, 0.266195 0.045394 0.96285, -0.035412 -0.128976 -0.991015, 
          -0.072892 -0.65086 -0.755691, -0.032302 -0.964792 -0.261023, 0.12712 -0.893151 0.431418, 0.366207 -0.184583 0.912042, 
          0.046013 0.472681 -0.880031, 0.140491 0.924086 -0.355425, 0.41159 0.018361 0.911184, 0.264478 0.807494 0.527261, 
          0.289693 -0.045597 0.956033, -0.301409 0.029463 -0.95304, -0.356162 -0.582512 -0.730636, -0.32295 -0.916521 -0.235993, 
          -0.180184 -0.873037 0.453145, 0.077685 -0.313133 0.946527, 0.215479 0.04575 0.975436, -0.153089 0.662859 -0.732927, 
          -0.00338 0.966173 -0.257873, 0.226176 0.311706 0.922867, 0.157542 0.894975 0.417374, -0.835459 0.286988 -0.468664, 
          -0.914599 -0.210266 -0.345394, -0.895167 -0.44044 -0.068475, -0.83878 -0.449634 0.307047, -0.696764 -0.18304 0.693554, 
          -0.57302 0.172597 0.801161, -0.504035 0.423227 0.75288, -0.628804 0.703355 -0.331509, -0.484851 0.873741 -0.03868, 
          -0.446978 0.783353 0.431936, -0.954252 0.248312 0.166564]
        }
        coordIndex [
          0, 1, 2, -1,0, 2, 3, -1,0, 4, 1, -1,0, 3, 5, -1,0, 5, 6, -1,0, 6, 7, -1,0, 7, 8, -1,
          0, 8, 9, -1,0, 9, 10, -1,0, 10, 4, -1,1, 11, 2, -1,12, 11, 1, -1,4, 12, 1, -1,11, 
          13, 2, -1,2, 13, 3, -1,13, 14, 3, -1,3, 14, 5, -1,15, 12, 4, -1,10, 15, 4, -1,14, 
          16, 5, -1,5, 16, 6, -1,16, 17, 6, -1,6, 17, 7, -1,17, 18, 7, -1,7, 18, 8, -1,18, 
          19, 8, -1,8, 19, 9, -1,19, 20, 9, -1,9, 20, 10, -1,20, 15, 10, -1,11, 21, 13, -1,
          22, 21, 11, -1,12, 22, 11, -1,23, 22, 12, -1,15, 23, 12, -1,21, 24, 13, -1,13, 24, 
          14, -1,24, 25, 14, -1,14, 25, 16, -1,26, 23, 15, -1,20, 26, 15, -1,25, 27, 16, -1,
          16, 27, 17, -1,28, 17, 27, -1,18, 17, 28, -1,18, 28, 19, -1,28, 29, 19, -1,19, 29, 
          20, -1,29, 26, 20, -1,21, 30, 24, -1,31, 30, 21, -1,22, 31, 21, -1,32, 31, 22, -1,
          23, 32, 22, -1,33, 32, 23, -1,26, 33, 23, -1,30, 34, 24, -1,24, 34, 25, -1,34, 35, 
          25, -1,25, 35, 27, -1,36, 33, 26, -1,29, 36, 26, -1,35, 37, 27, -1,27, 38, 39, -1,
          27, 37, 38, -1,28, 27, 39, -1,28, 39, 29, -1,39, 36, 29, -1,30, 40, 34, -1,41, 40, 
          30, -1,31, 41, 30, -1,42, 41, 31, -1,32, 42, 31, -1,43, 42, 32, -1,33, 43, 32, -1,
          44, 43, 33, -1,36, 44, 33, -1,40, 45, 34, -1,34, 45, 35, -1,35, 45, 46, -1,47, 48, 
          35, -1,35, 46, 47, -1,48, 37, 35, -1,49, 44, 36, -1,39, 49, 36, -1,50, 38, 37, -1,
          50, 37, 48, -1,38, 49, 39, -1,38, 50, 49, -1,40, 51, 45, -1,52, 51, 40, -1,41, 52, 
          40, -1,53, 52, 41, -1,42, 53, 41, -1,54, 53, 42, -1,43, 54, 42, -1,55, 54, 43, -1,
          44, 55, 43, -1,56, 55, 44, -1,49, 56, 44, -1,51, 46, 45, -1,51, 57, 46, -1,46, 57, 
          47, -1,47, 57, 48, -1,48, 57, 50, -1,50, 56, 49, -1,50, 57, 56, -1,52, 57, 51, -1,
          53, 57, 52, -1,54, 57, 53, -1,55, 57, 54, -1,56, 57, 55, -1,58, 59, 60, -1,60, 61, 
          58, -1,62, 59, 58, -1,58, 61, 62, -1,59, 63, 60, -1,64, 59, 62, -1,63, 59, 65, -1,
          59, 64, 66, -1,65, 59, 66, -1,67, 61, 60, -1,60, 63, 68, -1,68, 67, 60, -1,69, 61, 
          67, -1,70, 61, 71, -1,61, 70, 62, -1,71, 61, 69, -1,62, 70, 64, -1,63, 72, 73, -1,
          72, 63, 74, -1,74, 63, 75, -1,65, 75, 63, -1,68, 63, 73, -1,66, 64, 76, -1,70, 77, 
          64, -1,76, 64, 78, -1,78, 64, 77, -1,65, 66, 79, -1,79, 75, 65, -1,66, 80, 81, -1,
          82, 66, 83, -1,79, 66, 82, -1,76, 80, 66, -1,81, 83, 66, -1,84, 67, 85, -1,84, 69, 
          67, -1,85, 67, 73, -1,73, 67, 68, -1,69, 84, 86, -1,71, 69, 87, -1,88, 69, 89, -1,
          87, 69, 88, -1,89, 69, 86, -1,71, 90, 70, -1,70, 91, 92, -1,90, 91, 70, -1,92, 77, 
          70, -1,87, 90, 71, -1,73, 72, 93, -1,94, 72, 95, -1,93, 72, 94, -1,95, 72, 96, -1,
          74, 96, 72, -1,93, 85, 73, -1,74, 75, 97, -1,97, 96, 74, -1,82, 75, 79, -1,97, 75, 
          98, -1,98, 75, 99, -1,82, 99, 75, -1,76, 100, 101, -1,78, 100, 76, -1,101, 80, 76, -1,
          78, 77, 102, -1,103, 77, 92, -1,102, 77, 103, -1,102, 100, 78, -1,81, 80, 104, -1,
          105, 80, 106, -1,106, 80, 101, -1,104, 80, 105, -1,104, 83, 81, -1,82, 83, 107, -1,
          107, 99, 82, -1,108, 83, 109, -1,83, 110, 109, -1,111, 83, 108, -1,107, 83, 111, -1,
          104, 110, 83, -1,112, 84, 85, -1,84, 112, 113, -1,86, 84, 114, -1,114, 84, 113, -1,
          115, 85, 116, -1,94, 85, 93, -1,115, 112, 85, -1,117, 85, 94, -1,116, 85, 117, -1,
          118, 119, 86, -1,86, 119, 89, -1,114, 118, 86, -1,88, 90, 87, -1,89, 119, 88, -1,
          88, 119, 120, -1,88, 121, 122, -1,120, 121, 88, -1,122, 90, 88, -1,123, 91, 90, -1,
          123, 90, 122, -1,92, 91, 103, -1,91, 123, 124, -1,124, 103, 91, -1,95, 125, 94, -1,
          94, 125, 126, -1,94, 127, 117, -1,126, 127, 94, -1,95, 96, 128, -1,128, 125, 95, -1,
          129, 96, 130, -1,128, 96, 129, -1,130, 96, 97, -1,97, 131, 130, -1,98, 131, 97, -1,
          99, 131, 98, -1,132, 99, 133, -1,99, 132, 134, -1,111, 99, 107, -1,134, 131, 99, -1,
          133, 99, 111, -1,101, 100, 135, -1,103, 100, 102, -1,100, 103, 136, -1,136, 135, 
          100, -1,101, 135, 106, -1,137, 103, 124, -1,138, 103, 137, -1,139, 103, 138, -1,140, 
          103, 141, -1,141, 103, 139, -1,136, 103, 140, -1,105, 110, 104, -1,106, 135, 105, -1,
          142, 143, 105, -1,105, 143, 144, -1,105, 135, 142, -1,144, 110, 105, -1,109, 145, 
          108, -1,108, 145, 111, -1,146, 147, 109, -1,147, 145, 109, -1,109, 110, 146, -1,146, 
          110, 148, -1,148, 110, 144, -1,145, 149, 111, -1,111, 149, 133, -1,150, 112, 115, -1,
          151, 112, 150, -1,151, 152, 112, -1,113, 112, 152, -1,113, 152, 153, -1,113, 118, 
          114, -1,153, 118, 113, -1,116, 154, 115, -1,115, 155, 150, -1,115, 154, 155, -1,117, 
          154, 116, -1,117, 127, 156, -1,156, 154, 117, -1,157, 119, 118, -1,157, 118, 158, -1,
          159, 118, 160, -1,160, 118, 153, -1,158, 118, 159, -1,161, 119, 157, -1,120, 119, 
          161, -1,161, 121, 120, -1,122, 121, 123, -1,162, 123, 121, -1,162, 121, 163, -1,163, 
          121, 161, -1,123, 162, 137, -1,124, 123, 137, -1,129, 125, 128, -1,164, 125, 165, -1,
          126, 125, 164, -1,165, 125, 129, -1,164, 127, 126, -1,166, 127, 167, -1,167, 127, 
          164, -1,156, 127, 166, -1,130, 131, 129, -1,131, 168, 129, -1,129, 168, 165, -1,169, 
          131, 134, -1,131, 169, 170, -1,170, 168, 131, -1,133, 149, 132, -1,132, 171, 172, -1,
          169, 132, 172, -1,132, 149, 171, -1,134, 132, 169, -1,142, 135, 140, -1,140, 135, 
          136, -1,173, 174, 137, -1,137, 174, 138, -1,137, 162, 173, -1,138, 175, 139, -1,138, 
          174, 175, -1,139, 176, 141, -1,139, 175, 176, -1,141, 176, 140, -1,140, 176, 177, -1,
          140, 143, 142, -1,177, 143, 140, -1,148, 143, 177, -1,144, 143, 148, -1,178, 145, 
          147, -1,149, 145, 179, -1,179, 145, 178, -1,148, 147, 146, -1,180, 147, 181, -1,147, 
          180, 178, -1,181, 147, 182, -1,182, 147, 148, -1,148, 176, 182, -1,177, 176, 148, -1,
          149, 183, 171, -1,179, 183, 149, -1,150, 155, 151, -1,151, 155, 184, -1,151, 185, 
          186, -1,186, 152, 151, -1,184, 185, 151, -1,187, 152, 186, -1,153, 152, 188, -1,189, 
          152, 187, -1,188, 152, 189, -1,153, 190, 160, -1,188, 190, 153, -1,155, 154, 166, -1,
          166, 154, 156, -1,191, 155, 192, -1,192, 155, 166, -1,184, 155, 191, -1,157, 193, 
          161, -1,157, 194, 193, -1,158, 194, 157, -1,159, 194, 158, -1,160, 190, 159, -1,159, 
          195, 196, -1,159, 190, 197, -1,196, 194, 159, -1,197, 195, 159, -1,161, 193, 163, -1,
          173, 162, 198, -1,198, 162, 199, -1,199, 162, 163, -1,163, 193, 199, -1,165, 168, 
          164, -1,164, 168, 200, -1,164, 201, 167, -1,200, 201, 164, -1,167, 201, 166, -1,166, 
          201, 192, -1,200, 168, 170, -1,200, 169, 202, -1,169, 172, 203, -1,202, 169, 203, -1,
          170, 169, 200, -1,204, 172, 171, -1,205, 171, 206, -1,171, 205, 204, -1,206, 171, 
          183, -1,203, 172, 204, -1,198, 174, 173, -1,207, 174, 198, -1,208, 174, 209, -1,208, 
          175, 174, -1,209, 174, 207, -1,210, 175, 211, -1,210, 176, 175, -1,211, 175, 208, -1,
          181, 176, 210, -1,182, 176, 181, -1,178, 180, 179, -1,180, 183, 179, -1,181, 212, 
          180, -1,183, 180, 213, -1,180, 212, 214, -1,213, 180, 215, -1,215, 180, 214, -1,210, 
          212, 181, -1,183, 216, 217, -1,183, 217, 206, -1,213, 216, 183, -1,191, 185, 184, -1,
          218, 185, 191, -1,186, 185, 187, -1,187, 185, 219, -1,219, 185, 218, -1,187, 220, 
          221, -1,187, 222, 189, -1,221, 222, 187, -1,219, 220, 187, -1,189, 190, 188, -1,189, 
          222, 223, -1,223, 190, 189, -1,224, 190, 223, -1,197, 190, 224, -1,192, 201, 191, -1,
          191, 201, 218, -1,207, 193, 194, -1,198, 193, 207, -1,199, 193, 198, -1,207, 194, 
          225, -1,225, 194, 196, -1,196, 195, 226, -1,224, 195, 197, -1,195, 216, 213, -1,226, 
          195, 214, -1,224, 216, 195, -1,214, 195, 215, -1,215, 195, 213, -1,196, 226, 225, -1,
          202, 201, 200, -1,218, 201, 227, -1,203, 201, 202, -1,227, 201, 203, -1,203, 205, 
          227, -1,204, 205, 203, -1,206, 217, 205, -1,218, 205, 228, -1,205, 217, 229, -1,228, 
          205, 229, -1,227, 205, 218, -1,207, 226, 209, -1,225, 226, 207, -1,209, 226, 208, -1,
          230, 212, 208, -1,208, 212, 211, -1,208, 226, 230, -1,211, 212, 210, -1,214, 212, 
          230, -1,230, 226, 214, -1,217, 216, 222, -1,223, 222, 216, -1,223, 216, 224, -1,229, 
          217, 222, -1,218, 220, 219, -1,228, 220, 218, -1,221, 220, 229, -1,229, 220, 228, -1,
          229, 222, 221, -1,231, 232, 233, -1,231, 233, 234, -1,231, 235, 232, -1,231, 234, 
          236, -1,231, 236, 237, -1,231, 237, 238, -1,231, 238, 239, -1,231, 239, 240, -1,231, 
          240, 241, -1,231, 241, 235, -1,232, 242, 233, -1,243, 242, 232, -1,235, 243, 232, -1,
          242, 244, 233, -1,233, 244, 234, -1,244, 245, 234, -1,234, 245, 236, -1,246, 243, 
          235, -1,241, 246, 235, -1,245, 247, 236, -1,236, 247, 237, -1,247, 248, 237, -1,237, 
          248, 238, -1,248, 249, 238, -1,238, 249, 239, -1,249, 250, 239, -1,239, 250, 240, -1,
          250, 251, 240, -1,240, 251, 241, -1,251, 246, 241, -1,242, 252, 244, -1,253, 252, 
          242, -1,243, 253, 242, -1,254, 253, 243, -1,246, 254, 243, -1,252, 255, 244, -1,244, 
          255, 245, -1,255, 256, 245, -1,245, 256, 247, -1,257, 254, 246, -1,251, 257, 246, -1,
          256, 258, 247, -1,247, 258, 248, -1,258, 259, 248, -1,248, 259, 249, -1,259, 260, 
          249, -1,249, 260, 250, -1,260, 261, 250, -1,250, 261, 251, -1,261, 257, 251, -1,252, 
          262, 255, -1,263, 262, 252, -1,253, 263, 252, -1,264, 263, 253, -1,254, 264, 253, -1,
          265, 264, 254, -1,257, 265, 254, -1,262, 266, 255, -1,255, 266, 256, -1,266, 267, 
          256, -1,256, 267, 258, -1,268, 265, 257, -1,261, 268, 257, -1,267, 269, 258, -1,258, 
          269, 259, -1,269, 270, 259, -1,259, 270, 260, -1,270, 271, 260, -1,260, 271, 261, -1,
          271, 268, 261, -1,262, 272, 266, -1,273, 272, 262, -1,263, 273, 262, -1,274, 273, 
          263, -1,264, 274, 263, -1,275, 274, 264, -1,265, 275, 264, -1,276, 275, 265, -1,268, 
          276, 265, -1,272, 277, 266, -1,266, 277, 267, -1,277, 278, 267, -1,267, 278, 269, -1,
          279, 276, 268, -1,271, 279, 268, -1,278, 280, 269, -1,269, 280, 270, -1,280, 281, 
          270, -1,270, 281, 271, -1,281, 279, 271, -1,272, 282, 277, -1,283, 282, 272, -1,273, 
          283, 272, -1,284, 283, 273, -1,274, 284, 273, -1,285, 284, 274, -1,275, 285, 274, -1,
          286, 285, 275, -1,276, 286, 275, -1,287, 286, 276, -1,279, 287, 276, -1,282, 288, 
          277, -1,277, 288, 278, -1,288, 289, 278, -1,278, 289, 280, -1,290, 287, 279, -1,281, 
          290, 279, -1,289, 291, 280, -1,280, 291, 281, -1,291, 290, 281, -1,282, 292, 288, -1,
          283, 292, 282, -1,284, 292, 283, -1,285, 292, 284, -1,286, 292, 285, -1,287, 292, 
          286, -1,290, 292, 287, -1,288, 292, 289, -1,289, 292, 291, -1,291, 292, 290, -1,293, 
          294, 295, -1,293, 295, 296, -1,293, 297, 294, -1,293, 296, 298, -1,293, 298, 299, -1,
          293, 299, 300, -1,293, 300, 301, -1,293, 301, 302, -1,293, 302, 303, -1,293, 303, 
          297, -1,294, 304, 295, -1,305, 304, 294, -1,297, 305, 294, -1,304, 306, 295, -1,295, 
          306, 296, -1,306, 307, 296, -1,296, 307, 298, -1,308, 305, 297, -1,303, 308, 297, -1,
          307, 309, 298, -1,298, 309, 299, -1,309, 310, 299, -1,299, 310, 300, -1,310, 311, 
          300, -1,300, 311, 301, -1,311, 312, 301, -1,301, 312, 302, -1,312, 313, 302, -1,302, 
          313, 303, -1,313, 308, 303, -1,304, 314, 306, -1,315, 314, 304, -1,305, 315, 304, -1,
          316, 315, 305, -1,308, 316, 305, -1,314, 317, 306, -1,306, 317, 307, -1,317, 318, 
          307, -1,307, 318, 309, -1,319, 316, 308, -1,313, 319, 308, -1,318, 320, 309, -1,309, 
          320, 310, -1,320, 321, 310, -1,310, 321, 311, -1,321, 322, 311, -1,311, 322, 312, -1,
          322, 323, 312, -1,312, 323, 313, -1,323, 319, 313, -1,314, 324, 317, -1,325, 324, 
          314, -1,315, 325, 314, -1,326, 325, 315, -1,316, 326, 315, -1,327, 326, 316, -1,319, 
          327, 316, -1,324, 328, 317, -1,317, 328, 318, -1,328, 329, 318, -1,318, 329, 320, -1,
          330, 327, 319, -1,323, 330, 319, -1,329, 331, 320, -1,320, 331, 321, -1,331, 332, 
          321, -1,321, 332, 322, -1,332, 333, 322, -1,322, 333, 323, -1,333, 330, 323, -1,324, 
          334, 328, -1,335, 334, 324, -1,325, 335, 324, -1,336, 335, 325, -1,326, 336, 325, -1,
          337, 336, 326, -1,327, 337, 326, -1,338, 337, 327, -1,330, 338, 327, -1,334, 339, 
          328, -1,328, 339, 329, -1,339, 340, 329, -1,329, 340, 331, -1,341, 338, 330, -1,333, 
          341, 330, -1,340, 342, 331, -1,331, 342, 332, -1,342, 343, 332, -1,332, 343, 333, -1,
          343, 341, 333, -1,334, 344, 339, -1,345, 344, 334, -1,335, 345, 334, -1,346, 345, 
          335, -1,336, 346, 335, -1,347, 346, 336, -1,337, 347, 336, -1,348, 347, 337, -1,338, 
          348, 337, -1,349, 348, 338, -1,341, 349, 338, -1,344, 350, 339, -1,339, 350, 340, -1,
          350, 351, 340, -1,340, 351, 342, -1,352, 349, 341, -1,343, 352, 341, -1,351, 353, 
          342, -1,342, 353, 343, -1,353, 352, 343, -1,344, 354, 350, -1,345, 354, 344, -1,346, 
          354, 345, -1,347, 354, 346, -1,348, 354, 347, -1,349, 354, 348, -1,352, 354, 349, -1,
          350, 354, 351, -1,351, 354, 353, -1,353, 354, 352, -1,355, 356, 357, -1,355, 357, 
          358, -1,355, 359, 356, -1,355, 358, 360, -1,355, 360, 361, -1,355, 361, 362, -1,355, 
          362, 363, -1,355, 363, 364, -1,355, 364, 365, -1,355, 365, 359, -1,356, 366, 357, -1,
          367, 366, 356, -1,359, 367, 356, -1,366, 368, 357, -1,357, 368, 358, -1,368, 369, 
          358, -1,358, 369, 360, -1,370, 367, 359, -1,365, 370, 359, -1,369, 371, 360, -1,360, 
          371, 361, -1,371, 372, 361, -1,361, 372, 362, -1,372, 373, 362, -1,362, 373, 363, -1,
          373, 374, 363, -1,363, 374, 364, -1,374, 375, 364, -1,364, 375, 365, -1,375, 370, 
          365, -1,366, 376, 368, -1,377, 376, 366, -1,367, 377, 366, -1,378, 377, 367, -1,370, 
          378, 367, -1,376, 379, 368, -1,368, 379, 369, -1,379, 380, 369, -1,369, 380, 371, -1,
          381, 378, 370, -1,375, 381, 370, -1,380, 382, 371, -1,371, 382, 372, -1,382, 383, 
          372, -1,372, 383, 373, -1,383, 384, 373, -1,373, 384, 374, -1,384, 385, 374, -1,374, 
          385, 375, -1,385, 381, 375, -1,376, 386, 379, -1,387, 386, 376, -1,377, 387, 376, -1,
          388, 387, 377, -1,378, 388, 377, -1,389, 388, 378, -1,381, 389, 378, -1,386, 390, 
          379, -1,379, 390, 380, -1,390, 391, 380, -1,380, 391, 382, -1,392, 389, 381, -1,385, 
          392, 381, -1,391, 393, 382, -1,382, 393, 383, -1,393, 394, 383, -1,383, 394, 384, -1,
          394, 395, 384, -1,384, 395, 385, -1,395, 392, 385, -1,386, 396, 390, -1,397, 396, 
          386, -1,387, 397, 386, -1,398, 397, 387, -1,388, 398, 387, -1,399, 398, 388, -1,389, 
          399, 388, -1,400, 399, 389, -1,392, 400, 389, -1,396, 401, 390, -1,390, 401, 391, -1,
          401, 402, 391, -1,391, 402, 393, -1,403, 400, 392, -1,395, 403, 392, -1,402, 404, 
          393, -1,393, 404, 394, -1,404, 405, 394, -1,394, 405, 395, -1,405, 403, 395, -1,396, 
          406, 401, -1,407, 406, 396, -1,397, 407, 396, -1,408, 407, 397, -1,398, 408, 397, -1,
          409, 408, 398, -1,399, 409, 398, -1,410, 409, 399, -1,400, 410, 399, -1,411, 410, 
          400, -1,403, 411, 400, -1,406, 412, 401, -1,401, 412, 402, -1,412, 413, 402, -1,402, 
          413, 404, -1,414, 411, 403, -1,405, 414, 403, -1,413, 415, 404, -1,404, 415, 405, -1,
          415, 414, 405, -1,406, 416, 412, -1,407, 416, 406, -1,408, 416, 407, -1,409, 416, 
          408, -1,410, 416, 409, -1,411, 416, 410, -1,414, 416, 411, -1,412, 416, 413, -1,413, 
          416, 415, -1,415, 416, 414, -1,417, 418, 419, -1,417, 419, 420, -1,417, 421, 418, -1,
          417, 420, 422, -1,417, 422, 423, -1,417, 423, 424, -1,417, 424, 425, -1,417, 425, 
          426, -1,417, 426, 427, -1,417, 427, 421, -1,418, 428, 419, -1,429, 428, 418, -1,421, 
          429, 418, -1,428, 430, 419, -1,419, 430, 420, -1,430, 431, 420, -1,420, 431, 422, -1,
          432, 429, 421, -1,427, 432, 421, -1,431, 433, 422, -1,422, 433, 423, -1,433, 434, 
          423, -1,423, 434, 424, -1,434, 435, 424, -1,424, 435, 425, -1,435, 436, 425, -1,425, 
          436, 426, -1,436, 437, 426, -1,426, 437, 427, -1,437, 432, 427, -1,428, 438, 430, -1,
          439, 438, 428, -1,429, 439, 428, -1,440, 439, 429, -1,432, 440, 429, -1,438, 441, 
          430, -1,430, 441, 431, -1,441, 442, 431, -1,431, 442, 433, -1,443, 440, 432, -1,437, 
          443, 432, -1,442, 444, 433, -1,433, 444, 434, -1,444, 445, 434, -1,434, 445, 435, -1,
          445, 446, 435, -1,435, 446, 436, -1,446, 447, 436, -1,436, 447, 437, -1,447, 443, 
          437, -1,438, 448, 441, -1,449, 448, 438, -1,439, 449, 438, -1,450, 449, 439, -1,440, 
          450, 439, -1,451, 450, 440, -1,443, 451, 440, -1,448, 452, 441, -1,441, 452, 442, -1,
          452, 453, 442, -1,442, 453, 444, -1,454, 451, 443, -1,447, 454, 443, -1,453, 455, 
          444, -1,444, 455, 445, -1,455, 456, 445, -1,445, 456, 446, -1,456, 457, 446, -1,446, 
          457, 447, -1,457, 454, 447, -1,448, 458, 452, -1,459, 458, 448, -1,449, 459, 448, -1,
          460, 459, 449, -1,450, 460, 449, -1,461, 460, 450, -1,451, 461, 450, -1,462, 461, 
          451, -1,454, 462, 451, -1,458, 463, 452, -1,452, 463, 453, -1,463, 464, 453, -1,453, 
          464, 455, -1,465, 462, 454, -1,457, 465, 454, -1,464, 466, 455, -1,455, 466, 456, -1,
          466, 467, 456, -1,456, 467, 457, -1,467, 465, 457, -1,458, 468, 463, -1,469, 468, 
          458, -1,459, 469, 458, -1,470, 469, 459, -1,460, 470, 459, -1,471, 470, 460, -1,461, 
          471, 460, -1,472, 471, 461, -1,462, 472, 461, -1,473, 472, 462, -1,465, 473, 462, -1,
          468, 474, 463, -1,463, 474, 464, -1,474, 475, 464, -1,464, 475, 466, -1,476, 473, 
          465, -1,467, 476, 465, -1,475, 477, 466, -1,466, 477, 467, -1,477, 476, 467, -1,468, 
          478, 474, -1,479, 478, 468, -1,469, 479, 468, -1,480, 479, 469, -1,470, 480, 469, -1,
          481, 480, 470, -1,471, 481, 470, -1,482, 481, 471, -1,472, 482, 471, -1,483, 482, 
          472, -1,473, 483, 472, -1,484, 483, 473, -1,476, 484, 473, -1,478, 485, 474, -1,474, 
          485, 475, -1,485, 486, 475, -1,475, 486, 477, -1,487, 484, 476, -1,477, 487, 476, -1,
          486, 487, 477, -1,478, 488, 485, -1,479, 488, 478, -1,480, 488, 479, -1,481, 488, 
          480, -1,482, 488, 481, -1,483, 488, 482, -1,484, 488, 483, -1,487, 488, 484, -1,485, 
          488, 486, -1,486, 488, 487, -1,489, 490, 491, -1,489, 491, 492, -1,489, 493, 490, -1,
          489, 492, 494, -1,489, 494, 495, -1,489, 495, 496, -1,489, 496, 497, -1,489, 497, 
          498, -1,489, 498, 499, -1,489, 499, 493, -1,490, 500, 491, -1,501, 500, 490, -1,493, 
          501, 490, -1,500, 502, 491, -1,491, 502, 492, -1,502, 503, 492, -1,492, 503, 494, -1,
          504, 501, 493, -1,499, 504, 493, -1,503, 505, 494, -1,494, 505, 495, -1,505, 506, 
          495, -1,495, 506, 496, -1,506, 507, 496, -1,496, 507, 497, -1,507, 508, 497, -1,497, 
          508, 498, -1,508, 509, 498, -1,498, 509, 499, -1,509, 504, 499, -1,500, 510, 502, -1,
          511, 510, 500, -1,501, 511, 500, -1,512, 511, 501, -1,504, 512, 501, -1,510, 513, 
          502, -1,502, 513, 503, -1,513, 514, 503, -1,503, 514, 505, -1,515, 512, 504, -1,509, 
          515, 504, -1,514, 516, 505, -1,505, 516, 506, -1,516, 517, 506, -1,506, 517, 507, -1,
          517, 518, 507, -1,507, 518, 508, -1,518, 519, 508, -1,508, 519, 509, -1,519, 515, 
          509, -1,510, 520, 513, -1,521, 520, 510, -1,511, 521, 510, -1,522, 521, 511, -1,512, 
          522, 511, -1,523, 522, 512, -1,515, 523, 512, -1,520, 524, 513, -1,513, 524, 514, -1,
          524, 525, 514, -1,514, 525, 516, -1,526, 523, 515, -1,519, 526, 515, -1,525, 527, 
          516, -1,516, 527, 517, -1,527, 528, 517, -1,517, 528, 518, -1,528, 529, 518, -1,518, 
          529, 519, -1,529, 526, 519, -1,520, 530, 524, -1,531, 530, 520, -1,521, 531, 520, -1,
          532, 531, 521, -1,522, 532, 521, -1,533, 532, 522, -1,523, 533, 522, -1,534, 533, 
          523, -1,526, 534, 523, -1,530, 535, 524, -1,524, 535, 525, -1,535, 536, 525, -1,525, 
          536, 527, -1,537, 534, 526, -1,529, 537, 526, -1,536, 538, 527, -1,527, 538, 528, -1,
          538, 539, 528, -1,528, 539, 529, -1,539, 537, 529, -1,530, 540, 535, -1,541, 540, 
          530, -1,531, 541, 530, -1,542, 541, 531, -1,532, 542, 531, -1,543, 542, 532, -1,533, 
          543, 532, -1,544, 543, 533, -1,534, 544, 533, -1,545, 544, 534, -1,537, 545, 534, -1,
          540, 546, 535, -1,535, 546, 536, -1,546, 547, 536, -1,536, 547, 538, -1,548, 545, 
          537, -1,539, 548, 537, -1,547, 549, 538, -1,538, 549, 539, -1,549, 548, 539, -1,540, 
          550, 546, -1,551, 550, 540, -1,541, 551, 540, -1,552, 551, 541, -1,542, 552, 541, -1,
          553, 552, 542, -1,543, 553, 542, -1,554, 553, 543, -1,544, 554, 543, -1,555, 554, 
          544, -1,545, 555, 544, -1,556, 555, 545, -1,548, 556, 545, -1,550, 557, 546, -1,546, 
          557, 547, -1,557, 558, 547, -1,547, 558, 549, -1,559, 556, 548, -1,549, 559, 548, -1,
          558, 559, 549, -1,550, 560, 557, -1,551, 560, 550, -1,552, 560, 551, -1,553, 560, 
          552, -1,554, 560, 553, -1,555, 560, 554, -1,556, 560, 555, -1,559, 560, 556, -1,557, 
          560, 558, -1,558, 560, 559, -1,561, 562, 563, -1,561, 563, 564, -1,561, 565, 562, -1,
          561, 564, 566, -1,561, 566, 567, -1,561, 567, 568, -1,561, 568, 569, -1,561, 569, 
          570, -1,561, 570, 571, -1,561, 571, 565, -1,562, 572, 563, -1,573, 572, 562, -1,565, 
          573, 562, -1,572, 574, 563, -1,563, 574, 564, -1,574, 575, 564, -1,564, 575, 566, -1,
          576, 573, 565, -1,571, 576, 565, -1,575, 577, 566, -1,566, 577, 567, -1,577, 578, 
          567, -1,567, 578, 568, -1,578, 579, 568, -1,568, 579, 569, -1,579, 580, 569, -1,569, 
          580, 570, -1,580, 581, 570, -1,570, 581, 571, -1,581, 576, 571, -1,572, 582, 574, -1,
          583, 582, 572, -1,573, 583, 572, -1,584, 583, 573, -1,576, 584, 573, -1,582, 585, 
          574, -1,574, 585, 575, -1,585, 586, 575, -1,575, 586, 577, -1,587, 584, 576, -1,581, 
          587, 576, -1,586, 588, 577, -1,577, 588, 578, -1,588, 589, 578, -1,578, 589, 579, -1,
          589, 590, 579, -1,579, 590, 580, -1,590, 591, 580, -1,580, 591, 581, -1,591, 587, 
          581, -1,582, 592, 585, -1,593, 592, 582, -1,583, 593, 582, -1,594, 593, 583, -1,584, 
          594, 583, -1,595, 594, 584, -1,587, 595, 584, -1,592, 596, 585, -1,585, 596, 586, -1,
          596, 597, 586, -1,586, 597, 588, -1,598, 595, 587, -1,591, 598, 587, -1,597, 599, 
          588, -1,588, 599, 589, -1,599, 600, 589, -1,589, 600, 590, -1,600, 601, 590, -1,590, 
          601, 591, -1,601, 598, 591, -1,592, 602, 596, -1,603, 602, 592, -1,593, 603, 592, -1,
          604, 603, 593, -1,594, 604, 593, -1,605, 604, 594, -1,595, 605, 594, -1,606, 605, 
          595, -1,598, 606, 595, -1,602, 607, 596, -1,596, 607, 597, -1,607, 608, 597, -1,597, 
          608, 599, -1,609, 606, 598, -1,601, 609, 598, -1,608, 610, 599, -1,599, 610, 600, -1,
          610, 611, 600, -1,600, 611, 601, -1,611, 609, 601, -1,602, 612, 607, -1,613, 612, 
          602, -1,603, 613, 602, -1,614, 613, 603, -1,604, 614, 603, -1,615, 614, 604, -1,605, 
          615, 604, -1,616, 615, 605, -1,606, 616, 605, -1,617, 616, 606, -1,609, 617, 606, -1,
          612, 618, 607, -1,607, 618, 608, -1,618, 619, 608, -1,608, 619, 610, -1,620, 617, 
          609, -1,611, 620, 609, -1,619, 621, 610, -1,610, 621, 611, -1,621, 620, 611, -1,612, 
          622, 618, -1,623, 622, 612, -1,613, 623, 612, -1,624, 623, 613, -1,614, 624, 613, -1,
          625, 624, 614, -1,615, 625, 614, -1,626, 625, 615, -1,616, 626, 615, -1,627, 626, 
          616, -1,617, 627, 616, -1,628, 627, 617, -1,620, 628, 617, -1,622, 629, 618, -1,618, 
          629, 619, -1,629, 630, 619, -1,619, 630, 621, -1,631, 628, 620, -1,621, 631, 620, -1,
          630, 631, 621, -1,622, 632, 629, -1,623, 632, 622, -1,624, 632, 623, -1,625, 632, 
          624, -1,626, 632, 625, -1,627, 632, 626, -1,628, 632, 627, -1,631, 632, 628, -1,629, 
          632, 630, -1,630, 632, 631, -1,633, 634, 635, -1,633, 635, 636, -1,633, 637, 634, -1,
          633, 636, 638, -1,633, 638, 639, -1,633, 639, 640, -1,633, 640, 641, -1,633, 641, 
          642, -1,633, 642, 643, -1,633, 643, 637, -1,634, 644, 635, -1,645, 644, 634, -1,637, 
          645, 634, -1,644, 646, 635, -1,635, 646, 636, -1,646, 647, 636, -1,636, 647, 638, -1,
          648, 645, 637, -1,643, 648, 637, -1,647, 649, 638, -1,638, 649, 639, -1,649, 650, 
          639, -1,639, 650, 640, -1,650, 651, 640, -1,640, 651, 641, -1,651, 652, 641, -1,641, 
          652, 642, -1,652, 653, 642, -1,642, 653, 643, -1,653, 648, 643, -1,644, 654, 646, -1,
          655, 654, 644, -1,645, 655, 644, -1,656, 655, 645, -1,648, 656, 645, -1,654, 657, 
          646, -1,646, 657, 647, -1,657, 658, 647, -1,647, 658, 649, -1,659, 656, 648, -1,653, 
          659, 648, -1,658, 660, 649, -1,649, 660, 650, -1,660, 661, 650, -1,650, 661, 651, -1,
          661, 662, 651, -1,651, 662, 652, -1,662, 663, 652, -1,652, 663, 653, -1,663, 659, 
          653, -1,654, 664, 657, -1,665, 664, 654, -1,655, 665, 654, -1,666, 665, 655, -1,656, 
          666, 655, -1,667, 666, 656, -1,659, 667, 656, -1,664, 668, 657, -1,657, 668, 658, -1,
          668, 669, 658, -1,658, 669, 660, -1,670, 667, 659, -1,663, 670, 659, -1,669, 671, 
          660, -1,660, 671, 661, -1,671, 672, 661, -1,661, 672, 662, -1,672, 673, 662, -1,662, 
          673, 663, -1,673, 670, 663, -1,664, 674, 668, -1,675, 674, 664, -1,665, 675, 664, -1,
          676, 675, 665, -1,666, 676, 665, -1,677, 676, 666, -1,667, 677, 666, -1,678, 677, 
          667, -1,670, 678, 667, -1,674, 679, 668, -1,668, 679, 669, -1,679, 680, 669, -1,669, 
          680, 671, -1,681, 678, 670, -1,673, 681, 670, -1,680, 682, 671, -1,671, 682, 672, -1,
          682, 683, 672, -1,672, 683, 673, -1,683, 681, 673, -1,674, 684, 679, -1,685, 684, 
          674, -1,675, 685, 674, -1,686, 685, 675, -1,676, 686, 675, -1,687, 686, 676, -1,677, 
          687, 676, -1,688, 687, 677, -1,678, 688, 677, -1,689, 688, 678, -1,681, 689, 678, -1,
          684, 690, 679, -1,679, 690, 680, -1,690, 691, 680, -1,680, 691, 682, -1,692, 689, 
          681, -1,683, 692, 681, -1,691, 693, 682, -1,682, 693, 683, -1,693, 692, 683, -1,684, 
          694, 690, -1,695, 694, 684, -1,685, 695, 684, -1,696, 695, 685, -1,686, 696, 685, -1,
          697, 696, 686, -1,687, 697, 686, -1,698, 697, 687, -1,688, 698, 687, -1,699, 698, 
          688, -1,689, 699, 688, -1,700, 699, 689, -1,692, 700, 689, -1,694, 701, 690, -1,690, 
          701, 691, -1,701, 702, 691, -1,691, 702, 693, -1,703, 700, 692, -1,693, 703, 692, -1,
          702, 703, 693, -1,694, 704, 701, -1,695, 704, 694, -1,696, 704, 695, -1,697, 704, 
          696, -1,698, 704, 697, -1,699, 704, 698, -1,700, 704, 699, -1,703, 704, 700, -1,701, 
          704, 702, -1,702, 704, 703, -1,705, 706, 707, -1,705, 707, 708, -1,705, 709, 706, -1,
          705, 708, 710, -1,705, 710, 711, -1,705, 711, 712, -1,705, 712, 713, -1,705, 713, 
          714, -1,705, 714, 715, -1,705, 715, 709, -1,706, 716, 707, -1,717, 716, 706, -1,709, 
          717, 706, -1,716, 718, 707, -1,707, 718, 708, -1,718, 719, 708, -1,708, 719, 710, -1,
          720, 717, 709, -1,715, 720, 709, -1,719, 721, 710, -1,710, 721, 711, -1,721, 722, 
          711, -1,711, 722, 712, -1,722, 723, 712, -1,712, 723, 713, -1,723, 724, 713, -1,713, 
          724, 714, -1,724, 725, 714, -1,714, 725, 715, -1,725, 720, 715, -1,716, 726, 718, -1,
          727, 726, 716, -1,717, 727, 716, -1,728, 727, 717, -1,720, 728, 717, -1,726, 729, 
          718, -1,718, 729, 719, -1,729, 730, 719, -1,719, 730, 721, -1,731, 728, 720, -1,725, 
          731, 720, -1,730, 732, 721, -1,721, 732, 722, -1,732, 733, 722, -1,722, 733, 723, -1,
          733, 734, 723, -1,723, 734, 724, -1,734, 735, 724, -1,724, 735, 725, -1,735, 731, 
          725, -1,726, 736, 729, -1,737, 736, 726, -1,727, 737, 726, -1,738, 737, 727, -1,728, 
          738, 727, -1,739, 738, 728, -1,731, 739, 728, -1,736, 740, 729, -1,729, 740, 730, -1,
          740, 741, 730, -1,730, 741, 732, -1,742, 739, 731, -1,735, 742, 731, -1,741, 743, 
          732, -1,732, 743, 733, -1,743, 744, 733, -1,733, 744, 734, -1,744, 745, 734, -1,734, 
          745, 735, -1,745, 742, 735, -1,736, 746, 740, -1,747, 746, 736, -1,737, 747, 736, -1,
          748, 747, 737, -1,738, 748, 737, -1,749, 748, 738, -1,739, 749, 738, -1,750, 749, 
          739, -1,742, 750, 739, -1,746, 751, 740, -1,740, 751, 741, -1,751, 752, 741, -1,741, 
          752, 743, -1,753, 750, 742, -1,745, 753, 742, -1,752, 754, 743, -1,743, 754, 744, -1,
          754, 755, 744, -1,744, 755, 745, -1,755, 753, 745, -1,746, 756, 751, -1,757, 756, 
          746, -1,747, 757, 746, -1,758, 757, 747, -1,748, 758, 747, -1,759, 758, 748, -1,749, 
          759, 748, -1,760, 759, 749, -1,750, 760, 749, -1,761, 760, 750, -1,753, 761, 750, -1,
          756, 762, 751, -1,751, 762, 752, -1,762, 763, 752, -1,752, 763, 754, -1,764, 761, 
          753, -1,755, 764, 753, -1,763, 765, 754, -1,754, 765, 755, -1,765, 764, 755, -1,756, 
          766, 762, -1,767, 766, 756, -1,757, 767, 756, -1,768, 767, 757, -1,758, 768, 757, -1,
          769, 768, 758, -1,759, 769, 758, -1,770, 769, 759, -1,760, 770, 759, -1,771, 770, 
          760, -1,761, 771, 760, -1,772, 771, 761, -1,764, 772, 761, -1,766, 773, 762, -1,762, 
          773, 763, -1,773, 774, 763, -1,763, 774, 765, -1,775, 772, 764, -1,765, 775, 764, -1,
          774, 775, 765, -1,766, 776, 773, -1,767, 776, 766, -1,768, 776, 767, -1,769, 776, 
          768, -1,770, 776, 769, -1,771, 776, 770, -1,772, 776, 771, -1,775, 776, 772, -1,773, 
          776, 774, -1,774, 776, 775, -1,777, 778, 779, -1,777, 779, 780, -1,777, 781, 778, -1,
          777, 780, 782, -1,777, 782, 783, -1,777, 783, 784, -1,777, 784, 785, -1,777, 785, 
          786, -1,777, 786, 787, -1,777, 787, 781, -1,778, 788, 779, -1,789, 788, 778, -1,781, 
          789, 778, -1,788, 790, 779, -1,779, 790, 780, -1,790, 791, 780, -1,780, 791, 782, -1,
          792, 789, 781, -1,787, 792, 781, -1,791, 793, 782, -1,782, 793, 783, -1,793, 794, 
          783, -1,783, 794, 784, -1,794, 795, 784, -1,784, 795, 785, -1,795, 796, 785, -1,785, 
          796, 786, -1,796, 797, 786, -1,786, 797, 787, -1,797, 792, 787, -1,788, 798, 790, -1,
          799, 798, 788, -1,789, 799, 788, -1,800, 799, 789, -1,792, 800, 789, -1,798, 801, 
          790, -1,790, 801, 791, -1,801, 802, 791, -1,791, 802, 793, -1,803, 800, 792, -1,797, 
          803, 792, -1,802, 804, 793, -1,793, 804, 794, -1,804, 805, 794, -1,794, 805, 795, -1,
          805, 806, 795, -1,795, 806, 796, -1,806, 807, 796, -1,796, 807, 797, -1,807, 803, 
          797, -1,798, 808, 801, -1,809, 808, 798, -1,799, 809, 798, -1,810, 809, 799, -1,800, 
          810, 799, -1,811, 810, 800, -1,803, 811, 800, -1,808, 812, 801, -1,801, 812, 802, -1,
          812, 813, 802, -1,802, 813, 804, -1,814, 811, 803, -1,807, 814, 803, -1,813, 815, 
          804, -1,804, 815, 805, -1,815, 816, 805, -1,805, 816, 806, -1,816, 817, 806, -1,806, 
          817, 807, -1,817, 814, 807, -1,808, 818, 812, -1,819, 818, 808, -1,809, 819, 808, -1,
          820, 819, 809, -1,810, 820, 809, -1,821, 820, 810, -1,811, 821, 810, -1,822, 821, 
          811, -1,814, 822, 811, -1,818, 823, 812, -1,812, 823, 813, -1,823, 824, 813, -1,813, 
          824, 815, -1,825, 822, 814, -1,817, 825, 814, -1,824, 826, 815, -1,815, 826, 816, -1,
          826, 827, 816, -1,816, 827, 817, -1,827, 825, 817, -1,818, 828, 823, -1,829, 828, 
          818, -1,819, 829, 818, -1,830, 829, 819, -1,820, 830, 819, -1,831, 830, 820, -1,821, 
          831, 820, -1,832, 831, 821, -1,822, 832, 821, -1,833, 832, 822, -1,825, 833, 822, -1,
          828, 834, 823, -1,823, 834, 824, -1,834, 835, 824, -1,824, 835, 826, -1,836, 833, 
          825, -1,827, 836, 825, -1,835, 837, 826, -1,826, 837, 827, -1,837, 836, 827, -1,828, 
          838, 834, -1,839, 838, 828, -1,829, 839, 828, -1,840, 839, 829, -1,830, 840, 829, -1,
          841, 840, 830, -1,831, 841, 830, -1,842, 841, 831, -1,832, 842, 831, -1,843, 842, 
          832, -1,833, 843, 832, -1,844, 843, 833, -1,836, 844, 833, -1,838, 845, 834, -1,834, 
          845, 835, -1,845, 846, 835, -1,835, 846, 837, -1,847, 844, 836, -1,837, 847, 836, -1,
          846, 847, 837, -1,838, 848, 845, -1,839, 848, 838, -1,840, 848, 839, -1,841, 848, 
          840, -1,842, 848, 841, -1,843, 848, 842, -1,844, 848, 843, -1,847, 848, 844, -1,845, 
          848, 846, -1,846, 848, 847, -1,849, 850, 851, -1,849, 851, 852, -1,849, 853, 850, -1,
          849, 852, 854, -1,849, 854, 855, -1,849, 855, 856, -1,849, 856, 857, -1,849, 857, 
          858, -1,849, 858, 859, -1,849, 859, 853, -1,850, 860, 851, -1,861, 860, 850, -1,853, 
          861, 850, -1,860, 862, 851, -1,851, 862, 852, -1,862, 863, 852, -1,852, 863, 854, -1,
          864, 861, 853, -1,859, 864, 853, -1,863, 865, 854, -1,854, 865, 855, -1,865, 866, 
          855, -1,855, 866, 856, -1,866, 867, 856, -1,856, 867, 857, -1,867, 868, 857, -1,857, 
          868, 858, -1,868, 869, 858, -1,858, 869, 859, -1,869, 864, 859, -1,860, 870, 862, -1,
          871, 870, 860, -1,861, 871, 860, -1,872, 871, 861, -1,864, 872, 861, -1,870, 873, 
          862, -1,862, 873, 863, -1,873, 874, 863, -1,863, 874, 865, -1,875, 872, 864, -1,869, 
          875, 864, -1,874, 876, 865, -1,865, 876, 866, -1,876, 877, 866, -1,866, 877, 867, -1,
          877, 878, 867, -1,867, 878, 868, -1,878, 879, 868, -1,868, 879, 869, -1,879, 875, 
          869, -1,870, 880, 873, -1,881, 880, 870, -1,871, 881, 870, -1,882, 881, 871, -1,872, 
          882, 871, -1,883, 882, 872, -1,875, 883, 872, -1,880, 884, 873, -1,873, 884, 874, -1,
          884, 885, 874, -1,874, 885, 876, -1,886, 883, 875, -1,879, 886, 875, -1,885, 887, 
          876, -1,876, 887, 877, -1,887, 888, 877, -1,877, 888, 878, -1,888, 889, 878, -1,878, 
          889, 879, -1,889, 886, 879, -1,880, 890, 884, -1,891, 890, 880, -1,881, 891, 880, -1,
          892, 891, 881, -1,882, 892, 881, -1,893, 892, 882, -1,883, 893, 882, -1,894, 893, 
          883, -1,886, 894, 883, -1,890, 895, 884, -1,884, 895, 885, -1,895, 896, 885, -1,885, 
          896, 887, -1,897, 894, 886, -1,889, 897, 886, -1,896, 898, 887, -1,887, 898, 888, -1,
          898, 899, 888, -1,888, 899, 889, -1,899, 897, 889, -1,890, 900, 895, -1,901, 900, 
          890, -1,891, 901, 890, -1,902, 901, 891, -1,892, 902, 891, -1,903, 902, 892, -1,893, 
          903, 892, -1,904, 903, 893, -1,894, 904, 893, -1,905, 904, 894, -1,897, 905, 894, -1,
          900, 906, 895, -1,895, 906, 896, -1,906, 907, 896, -1,896, 907, 898, -1,908, 905, 
          897, -1,899, 908, 897, -1,907, 909, 898, -1,898, 909, 899, -1,909, 908, 899, -1,900, 
          910, 906, -1,911, 910, 900, -1,901, 911, 900, -1,912, 911, 901, -1,902, 912, 901, -1,
          913, 912, 902, -1,903, 913, 902, -1,914, 913, 903, -1,904, 914, 903, -1,915, 914, 
          904, -1,905, 915, 904, -1,916, 915, 905, -1,908, 916, 905, -1,910, 917, 906, -1,906, 
          917, 907, -1,917, 918, 907, -1,907, 918, 909, -1,919, 916, 908, -1,909, 919, 908, -1,
          918, 919, 909, -1,910, 920, 917, -1,911, 920, 910, -1,912, 920, 911, -1,913, 920, 
          912, -1,914, 920, 913, -1,915, 920, 914, -1,916, 920, 915, -1,919, 920, 916, -1,917, 
          920, 918, -1,918, 920, 919, -1,921, 922, 923, -1,921, 923, 924, -1,921, 925, 922, -1,
          921, 924, 926, -1,921, 926, 927, -1,921, 927, 928, -1,921, 928, 929, -1,921, 929, 
          930, -1,921, 930, 931, -1,921, 931, 925, -1,922, 932, 923, -1,933, 932, 922, -1,925, 
          933, 922, -1,932, 934, 923, -1,923, 934, 924, -1,934, 935, 924, -1,924, 935, 926, -1,
          936, 933, 925, -1,931, 936, 925, -1,935, 937, 926, -1,926, 937, 927, -1,937, 938, 
          927, -1,927, 938, 928, -1,938, 939, 928, -1,928, 939, 929, -1,939, 940, 929, -1,929, 
          940, 930, -1,940, 941, 930, -1,930, 941, 931, -1,941, 936, 931, -1,932, 942, 934, -1,
          943, 942, 932, -1,933, 943, 932, -1,944, 943, 933, -1,936, 944, 933, -1,942, 945, 
          934, -1,934, 945, 935, -1,945, 946, 935, -1,935, 946, 937, -1,947, 944, 936, -1,941, 
          947, 936, -1,946, 948, 937, -1,937, 948, 938, -1,948, 949, 938, -1,938, 949, 939, -1,
          949, 950, 939, -1,939, 950, 940, -1,950, 951, 940, -1,940, 951, 941, -1,951, 947, 
          941, -1,942, 952, 945, -1,953, 952, 942, -1,943, 953, 942, -1,954, 953, 943, -1,944, 
          954, 943, -1,955, 954, 944, -1,947, 955, 944, -1,952, 956, 945, -1,945, 956, 946, -1,
          956, 957, 946, -1,946, 957, 948, -1,958, 955, 947, -1,951, 958, 947, -1,957, 959, 
          948, -1,948, 959, 949, -1,959, 960, 949, -1,949, 960, 950, -1,960, 961, 950, -1,950, 
          961, 951, -1,961, 958, 951, -1,952, 962, 956, -1,963, 962, 952, -1,953, 963, 952, -1,
          964, 963, 953, -1,954, 964, 953, -1,965, 964, 954, -1,955, 965, 954, -1,966, 965, 
          955, -1,958, 966, 955, -1,962, 967, 956, -1,956, 967, 957, -1,967, 968, 957, -1,957, 
          968, 959, -1,969, 966, 958, -1,961, 969, 958, -1,968, 970, 959, -1,959, 970, 960, -1,
          970, 971, 960, -1,960, 971, 961, -1,971, 969, 961, -1,962, 972, 967, -1,973, 972, 
          962, -1,963, 973, 962, -1,974, 973, 963, -1,964, 974, 963, -1,975, 974, 964, -1,965, 
          975, 964, -1,976, 975, 965, -1,966, 976, 965, -1,977, 976, 966, -1,969, 977, 966, -1,
          972, 978, 967, -1,967, 978, 968, -1,978, 979, 968, -1,968, 979, 970, -1,980, 977, 
          969, -1,971, 980, 969, -1,979, 981, 970, -1,970, 981, 971, -1,981, 980, 971, -1,972, 
          982, 978, -1,983, 982, 972, -1,973, 983, 972, -1,984, 983, 973, -1,974, 984, 973, -1,
          985, 984, 974, -1,975, 985, 974, -1,986, 985, 975, -1,976, 986, 975, -1,987, 986, 
          976, -1,977, 987, 976, -1,988, 987, 977, -1,980, 988, 977, -1,982, 989, 978, -1,978, 
          989, 979, -1,989, 990, 979, -1,979, 990, 981, -1,991, 988, 980, -1,981, 991, 980, -1,
          990, 991, 981, -1,982, 992, 989, -1,983, 992, 982, -1,984, 992, 983, -1,985, 992, 
          984, -1,986, 992, 985, -1,987, 992, 986, -1,988, 992, 987, -1,991, 992, 988, -1,989, 
          992, 990, -1,990, 992, 991, -1,993, 994, 995, -1,993, 995, 996, -1,993, 997, 994, -1,
          993, 996, 998, -1,993, 998, 999, -1,993, 999, 1000, -1,993, 1000, 1001, -1,993, 1001, 
          1002, -1,993, 1002, 1003, -1,993, 1003, 997, -1,994, 1004, 995, -1,1005, 1004, 994, -1,
          997, 1005, 994, -1,1004, 1006, 995, -1,995, 1006, 996, -1,1006, 1007, 996, -1,996, 
          1007, 998, -1,1008, 1005, 997, -1,1003, 1008, 997, -1,1007, 1009, 998, -1,998, 1009, 
          999, -1,1009, 1010, 999, -1,999, 1010, 1000, -1,1010, 1011, 1000, -1,1000, 1011, 
          1001, -1,1011, 1012, 1001, -1,1001, 1012, 1002, -1,1012, 1013, 1002, -1,1002, 1013, 
          1003, -1,1013, 1008, 1003, -1,1004, 1014, 1006, -1,1015, 1014, 1004, -1,1005, 1015, 
          1004, -1,1016, 1015, 1005, -1,1008, 1016, 1005, -1,1014, 1017, 1006, -1,1006, 1017, 
          1007, -1,1017, 1018, 1007, -1,1007, 1018, 1009, -1,1019, 1016, 1008, -1,1013, 1019, 
          1008, -1,1018, 1020, 1009, -1,1009, 1020, 1010, -1,1020, 1021, 1010, -1,1010, 1021, 
          1011, -1,1021, 1022, 1011, -1,1011, 1022, 1012, -1,1022, 1023, 1012, -1,1012, 1023, 
          1013, -1,1023, 1019, 1013, -1,1014, 1024, 1017, -1,1025, 1024, 1014, -1,1015, 1025, 
          1014, -1,1026, 1025, 1015, -1,1016, 1026, 1015, -1,1027, 1026, 1016, -1,1019, 1027, 
          1016, -1,1024, 1028, 1017, -1,1017, 1028, 1018, -1,1028, 1029, 1018, -1,1018, 1029, 
          1020, -1,1030, 1027, 1019, -1,1023, 1030, 1019, -1,1029, 1031, 1020, -1,1020, 1031, 
          1021, -1,1031, 1032, 1021, -1,1021, 1032, 1022, -1,1032, 1033, 1022, -1,1022, 1033, 
          1023, -1,1033, 1030, 1023, -1,1024, 1034, 1028, -1,1035, 1034, 1024, -1,1025, 1035, 
          1024, -1,1036, 1035, 1025, -1,1026, 1036, 1025, -1,1037, 1036, 1026, -1,1027, 1037, 
          1026, -1,1038, 1037, 1027, -1,1030, 1038, 1027, -1,1034, 1039, 1028, -1,1028, 1039, 
          1029, -1,1039, 1040, 1029, -1,1029, 1040, 1031, -1,1041, 1038, 1030, -1,1033, 1041, 
          1030, -1,1040, 1042, 1031, -1,1031, 1042, 1032, -1,1042, 1043, 1032, -1,1032, 1043, 
          1033, -1,1043, 1041, 1033, -1,1034, 1044, 1039, -1,1045, 1044, 1034, -1,1035, 1045, 
          1034, -1,1046, 1045, 1035, -1,1036, 1046, 1035, -1,1047, 1046, 1036, -1,1037, 1047, 
          1036, -1,1048, 1047, 1037, -1,1038, 1048, 1037, -1,1049, 1048, 1038, -1,1041, 1049, 
          1038, -1,1044, 1050, 1039, -1,1039, 1050, 1040, -1,1050, 1051, 1040, -1,1040, 1051, 
          1042, -1,1052, 1049, 1041, -1,1043, 1052, 1041, -1,1051, 1053, 1042, -1,1042, 1053, 
          1043, -1,1053, 1052, 1043, -1,1044, 1054, 1050, -1,1055, 1054, 1044, -1,1045, 1055, 
          1044, -1,1056, 1055, 1045, -1,1046, 1056, 1045, -1,1057, 1056, 1046, -1,1047, 1057, 
          1046, -1,1058, 1057, 1047, -1,1048, 1058, 1047, -1,1059, 1058, 1048, -1,1049, 1059, 
          1048, -1,1060, 1059, 1049, -1,1052, 1060, 1049, -1,1054, 1061, 1050, -1,1050, 1061, 
          1051, -1,1061, 1062, 1051, -1,1051, 1062, 1053, -1,1063, 1060, 1052, -1,1053, 1063, 
          1052, -1,1062, 1063, 1053, -1,1054, 1064, 1061, -1,1055, 1064, 1054, -1,1056, 1064, 
          1055, -1,1057, 1064, 1056, -1,1058, 1064, 1057, -1,1059, 1064, 1058, -1,1060, 1064, 
          1059, -1,1063, 1064, 1060, -1,1061, 1064, 1062, -1,1062, 1064, 1063, -1
        ]
        normalPerVertex TRUE
        normalIndex [
          0, 1, 2, -1,0, 2, 3, -1,0, 4, 1, -1,0, 3, 5, -1,0, 5, 6, -1,0, 6, 7, -1,0, 7, 8, -1,
          0, 8, 9, -1,0, 9, 10, -1,0, 10, 4, -1,1, 11, 2, -1,12, 11, 1, -1,4, 12, 1, -1,11, 
          13, 2, -1,2, 13, 3, -1,13, 14, 3, -1,3, 14, 5, -1,15, 12, 4, -1,10, 15, 4, -1,14, 
          16, 5, -1,5, 16, 6, -1,16, 17, 6, -1,6, 17, 7, -1,17, 18, 7, -1,7, 18, 8, -1,18, 
          19, 8, -1,8, 19, 9, -1,19, 20, 9, -1,9, 20, 10, -1,20, 15, 10, -1,11, 21, 13, -1,
          22, 21, 11, -1,12, 22, 11, -1,23, 22, 12, -1,15, 23, 12, -1,21, 24, 13, -1,13, 24, 
          14, -1,24, 25, 14, -1,14, 25, 16, -1,26, 23, 15, -1,20, 26, 15, -1,25, 27, 16, -1,
          16, 27, 17, -1,28, 17, 27, -1,18, 17, 28, -1,18, 28, 19, -1,28, 29, 19, -1,19, 29, 
          20, -1,29, 26, 20, -1,21, 30, 24, -1,31, 30, 21, -1,22, 31, 21, -1,32, 31, 22, -1,
          23, 32, 22, -1,33, 32, 23, -1,26, 33, 23, -1,30, 34, 24, -1,24, 34, 25, -1,34, 35, 
          25, -1,25, 35, 27, -1,36, 33, 26, -1,29, 36, 26, -1,35, 37, 27, -1,27, 38, 39, -1,
          27, 37, 38, -1,28, 27, 39, -1,28, 39, 29, -1,39, 36, 29, -1,30, 40, 34, -1,41, 40, 
          30, -1,31, 41, 30, -1,42, 41, 31, -1,32, 42, 31, -1,43, 42, 32, -1,33, 43, 32, -1,
          44, 43, 33, -1,36, 44, 33, -1,40, 45, 34, -1,34, 45, 35, -1,35, 45, 46, -1,47, 48, 
          35, -1,35, 46, 47, -1,48, 37, 35, -1,49, 44, 36, -1,39, 49, 36, -1,50, 38, 37, -1,
          50, 37, 48, -1,38, 49, 39, -1,38, 50, 49, -1,40, 51, 45, -1,52, 51, 40, -1,41, 52, 
          40, -1,53, 52, 41, -1,42, 53, 41, -1,54, 53, 42, -1,43, 54, 42, -1,55, 54, 43, -1,
          44, 55, 43, -1,56, 55, 44, -1,49, 56, 44, -1,51, 46, 45, -1,51, 57, 46, -1,46, 57, 
          47, -1,47, 57, 48, -1,48, 57, 50, -1,50, 56, 49, -1,50, 57, 56, -1,52, 57, 51, -1,
          53, 57, 52, -1,54, 57, 53, -1,55, 57, 54, -1,56, 57, 55, -1,58, 59, 60, -1,60, 61, 
          58, -1,62, 59, 58, -1,58, 61, 62, -1,59, 63, 60, -1,64, 59, 62, -1,63, 59, 65, -1,
          59, 64, 66, -1,65, 59, 66, -1,67, 61, 60, -1,60, 63, 68, -1,68, 67, 60, -1,69, 61, 
          67, -1,70, 61, 71, -1,61, 70, 62, -1,71, 61, 69, -1,62, 70, 64, -1,63, 72, 73, -1,
          72, 63, 74, -1,74, 63, 75, -1,65, 75, 63, -1,68, 63, 73, -1,66, 64, 76, -1,70, 77, 
          64, -1,76, 64, 78, -1,78, 64, 77, -1,65, 66, 79, -1,79, 75, 65, -1,66, 80, 81, -1,
          82, 66, 83, -1,79, 66, 82, -1,76, 80, 66, -1,81, 83, 66, -1,84, 67, 85, -1,84, 69, 
          67, -1,85, 67, 73, -1,73, 67, 68, -1,69, 84, 86, -1,71, 69, 87, -1,88, 69, 89, -1,
          87, 69, 88, -1,89, 69, 86, -1,71, 90, 70, -1,70, 91, 92, -1,90, 91, 70, -1,92, 77, 
          70, -1,87, 90, 71, -1,73, 72, 93, -1,94, 72, 95, -1,93, 72, 94, -1,95, 72, 96, -1,
          74, 96, 72, -1,93, 85, 73, -1,74, 75, 97, -1,97, 96, 74, -1,82, 75, 79, -1,97, 75, 
          98, -1,98, 75, 99, -1,82, 99, 75, -1,76, 100, 101, -1,78, 100, 76, -1,101, 80, 76, -1,
          78, 77, 102, -1,103, 77, 92, -1,102, 77, 103, -1,102, 100, 78, -1,81, 80, 104, -1,
          105, 80, 106, -1,106, 80, 101, -1,104, 80, 105, -1,104, 83, 81, -1,82, 83, 107, -1,
          107, 99, 82, -1,108, 83, 109, -1,83, 110, 109, -1,111, 83, 108, -1,107, 83, 111, -1,
          104, 110, 83, -1,112, 84, 85, -1,84, 112, 113, -1,86, 84, 114, -1,114, 84, 113, -1,
          115, 85, 116, -1,94, 85, 93, -1,115, 112, 85, -1,117, 85, 94, -1,116, 85, 117, -1,
          118, 119, 86, -1,86, 119, 89, -1,114, 118, 86, -1,88, 90, 87, -1,89, 119, 88, -1,
          88, 119, 120, -1,88, 121, 122, -1,120, 121, 88, -1,122, 90, 88, -1,123, 91, 90, -1,
          123, 90, 122, -1,92, 91, 103, -1,91, 123, 124, -1,124, 103, 91, -1,95, 125, 94, -1,
          94, 125, 126, -1,94, 127, 117, -1,126, 127, 94, -1,95, 96, 128, -1,128, 125, 95, -1,
          129, 96, 130, -1,128, 96, 129, -1,130, 96, 97, -1,97, 131, 130, -1,98, 131, 97, -1,
          99, 131, 98, -1,132, 99, 133, -1,99, 132, 134, -1,111, 99, 107, -1,134, 131, 99, -1,
          133, 99, 111, -1,101, 100, 135, -1,103, 100, 102, -1,100, 103, 136, -1,136, 135, 
          100, -1,101, 135, 106, -1,137, 103, 124, -1,138, 103, 137, -1,139, 103, 138, -1,140, 
          103, 141, -1,141, 103, 139, -1,136, 103, 140, -1,105, 110, 104, -1,106, 135, 105, -1,
          142, 143, 105, -1,105, 143, 144, -1,105, 135, 142, -1,144, 110, 105, -1,109, 145, 
          108, -1,108, 145, 111, -1,146, 147, 109, -1,147, 145, 109, -1,109, 110, 146, -1,146, 
          110, 148, -1,148, 110, 144, -1,145, 149, 111, -1,111, 149, 133, -1,150, 112, 115, -1,
          151, 112, 150, -1,151, 152, 112, -1,113, 112, 152, -1,113, 152, 153, -1,113, 118, 
          114, -1,153, 118, 113, -1,116, 154, 115, -1,115, 155, 150, -1,115, 154, 155, -1,117, 
          154, 116, -1,117, 127, 156, -1,156, 154, 117, -1,157, 119, 118, -1,157, 118, 158, -1,
          159, 118, 160, -1,160, 118, 153, -1,158, 118, 159, -1,161, 119, 157, -1,120, 119, 
          161, -1,161, 121, 120, -1,122, 121, 123, -1,162, 123, 121, -1,162, 121, 163, -1,163, 
          121, 161, -1,123, 162, 137, -1,124, 123, 137, -1,129, 125, 128, -1,164, 125, 165, -1,
          126, 125, 164, -1,165, 125, 129, -1,164, 127, 126, -1,166, 127, 167, -1,167, 127, 
          164, -1,156, 127, 166, -1,130, 131, 129, -1,131, 168, 129, -1,129, 168, 165, -1,169, 
          131, 134, -1,131, 169, 170, -1,170, 168, 131, -1,133, 149, 132, -1,132, 171, 172, -1,
          169, 132, 172, -1,132, 149, 171, -1,134, 132, 169, -1,142, 135, 140, -1,140, 135, 
          136, -1,173, 174, 137, -1,137, 174, 138, -1,137, 162, 173, -1,138, 175, 139, -1,138, 
          174, 175, -1,139, 176, 141, -1,139, 175, 176, -1,141, 176, 140, -1,140, 176, 177, -1,
          140, 143, 142, -1,177, 143, 140, -1,148, 143, 177, -1,144, 143, 148, -1,178, 145, 
          147, -1,149, 145, 179, -1,179, 145, 178, -1,148, 147, 146, -1,180, 147, 181, -1,147, 
          180, 178, -1,181, 147, 182, -1,182, 147, 148, -1,148, 176, 182, -1,177, 176, 148, -1,
          149, 183, 171, -1,179, 183, 149, -1,150, 155, 151, -1,151, 155, 184, -1,151, 185, 
          186, -1,186, 152, 151, -1,184, 185, 151, -1,187, 152, 186, -1,153, 152, 188, -1,189, 
          152, 187, -1,188, 152, 189, -1,153, 190, 160, -1,188, 190, 153, -1,155, 154, 166, -1,
          166, 154, 156, -1,191, 155, 192, -1,192, 155, 166, -1,184, 155, 191, -1,157, 193, 
          161, -1,157, 194, 193, -1,158, 194, 157, -1,159, 194, 158, -1,160, 190, 159, -1,159, 
          195, 196, -1,159, 190, 197, -1,196, 194, 159, -1,197, 195, 159, -1,161, 193, 163, -1,
          173, 162, 198, -1,198, 162, 199, -1,199, 162, 163, -1,163, 193, 199, -1,165, 168, 
          164, -1,164, 168, 200, -1,164, 201, 167, -1,200, 201, 164, -1,167, 201, 166, -1,166, 
          201, 192, -1,200, 168, 170, -1,200, 169, 202, -1,169, 172, 203, -1,202, 169, 203, -1,
          170, 169, 200, -1,204, 172, 171, -1,205, 171, 206, -1,171, 205, 204, -1,206, 171, 
          183, -1,203, 172, 204, -1,198, 174, 173, -1,207, 174, 198, -1,208, 174, 209, -1,208, 
          175, 174, -1,209, 174, 207, -1,210, 175, 211, -1,210, 176, 175, -1,211, 175, 208, -1,
          181, 176, 210, -1,182, 176, 181, -1,178, 180, 179, -1,180, 183, 179, -1,181, 212, 
          180, -1,183, 180, 213, -1,180, 212, 214, -1,213, 180, 215, -1,215, 180, 214, -1,210, 
          212, 181, -1,183, 216, 217, -1,183, 217, 206, -1,213, 216, 183, -1,191, 185, 184, -1,
          218, 185, 191, -1,186, 185, 187, -1,187, 185, 219, -1,219, 185, 218, -1,187, 220, 
          221, -1,187, 222, 189, -1,221, 222, 187, -1,219, 220, 187, -1,189, 190, 188, -1,189, 
          222, 223, -1,223, 190, 189, -1,224, 190, 223, -1,197, 190, 224, -1,192, 201, 191, -1,
          191, 201, 218, -1,207, 193, 194, -1,198, 193, 207, -1,199, 193, 198, -1,207, 194, 
          225, -1,225, 194, 196, -1,196, 195, 226, -1,224, 195, 197, -1,195, 216, 213, -1,226, 
          195, 214, -1,224, 216, 195, -1,214, 195, 215, -1,215, 195, 213, -1,196, 226, 225, -1,
          202, 201, 200, -1,218, 201, 227, -1,203, 201, 202, -1,227, 201, 203, -1,203, 205, 
          227, -1,204, 205, 203, -1,206, 217, 205, -1,218, 205, 228, -1,205, 217, 229, -1,228, 
          205, 229, -1,227, 205, 218, -1,207, 226, 209, -1,225, 226, 207, -1,209, 226, 208, -1,
          230, 212, 208, -1,208, 212, 211, -1,208, 226, 230, -1,211, 212, 210, -1,214, 212, 
          230, -1,230, 226, 214, -1,217, 216, 222, -1,223, 222, 216, -1,223, 216, 224, -1,229, 
          217, 222, -1,218, 220, 219, -1,228, 220, 218, -1,221, 220, 229, -1,229, 220, 228, -1,
          229, 222, 221, -1,231, 232, 233, -1,231, 233, 234, -1,231, 235, 232, -1,231, 234, 
          236, -1,231, 236, 237, -1,231, 237, 238, -1,231, 238, 239, -1,231, 239, 240, -1,231, 
          240, 241, -1,231, 241, 235, -1,232, 242, 233, -1,243, 242, 232, -1,235, 243, 232, -1,
          242, 244, 233, -1,233, 244, 234, -1,244, 245, 234, -1,234, 245, 236, -1,246, 243, 
          235, -1,241, 246, 235, -1,245, 247, 236, -1,236, 247, 237, -1,247, 248, 237, -1,237, 
          248, 238, -1,248, 249, 238, -1,238, 249, 239, -1,249, 250, 239, -1,239, 250, 240, -1,
          250, 251, 240, -1,240, 251, 241, -1,251, 246, 241, -1,242, 252, 244, -1,253, 252, 
          242, -1,243, 253, 242, -1,254, 253, 243, -1,246, 254, 243, -1,252, 255, 244, -1,244, 
          255, 245, -1,255, 256, 245, -1,245, 256, 247, -1,257, 254, 246, -1,251, 257, 246, -1,
          256, 258, 247, -1,247, 258, 248, -1,258, 259, 248, -1,248, 259, 249, -1,259, 260, 
          249, -1,249, 260, 250, -1,260, 261, 250, -1,250, 261, 251, -1,261, 257, 251, -1,252, 
          262, 255, -1,263, 262, 252, -1,253, 263, 252, -1,264, 263, 253, -1,254, 264, 253, -1,
          265, 264, 254, -1,257, 265, 254, -1,262, 266, 255, -1,255, 266, 256, -1,266, 267, 
          256, -1,256, 267, 258, -1,268, 265, 257, -1,261, 268, 257, -1,267, 269, 258, -1,258, 
          269, 259, -1,269, 270, 259, -1,259, 270, 260, -1,270, 271, 260, -1,260, 271, 261, -1,
          271, 268, 261, -1,262, 272, 266, -1,273, 272, 262, -1,263, 273, 262, -1,274, 273, 
          263, -1,264, 274, 263, -1,275, 274, 264, -1,265, 275, 264, -1,276, 275, 265, -1,268, 
          276, 265, -1,272, 277, 266, -1,266, 277, 267, -1,277, 278, 267, -1,267, 278, 269, -1,
          279, 276, 268, -1,271, 279, 268, -1,278, 280, 269, -1,269, 280, 270, -1,280, 281, 
          270, -1,270, 281, 271, -1,281, 279, 271, -1,272, 282, 277, -1,283, 282, 272, -1,273, 
          283, 272, -1,284, 283, 273, -1,274, 284, 273, -1,285, 284, 274, -1,275, 285, 274, -1,
          286, 285, 275, -1,276, 286, 275, -1,287, 286, 276, -1,279, 287, 276, -1,282, 288, 
          277, -1,277, 288, 278, -1,288, 289, 278, -1,278, 289, 280, -1,290, 287, 279, -1,281, 
          290, 279, -1,289, 291, 280, -1,280, 291, 281, -1,291, 290, 281, -1,282, 292, 288, -1,
          283, 292, 282, -1,284, 292, 283, -1,285, 292, 284, -1,286, 292, 285, -1,287, 292, 
          286, -1,290, 292, 287, -1,288, 292, 289, -1,289, 292, 291, -1,291, 292, 290, -1,293, 
          294, 295, -1,293, 295, 296, -1,293, 297, 294, -1,293, 296, 298, -1,293, 298, 299, -1,
          293, 299, 300, -1,293, 300, 301, -1,293, 301, 302, -1,293, 302, 303, -1,293, 303, 
          297, -1,294, 304, 295, -1,305, 304, 294, -1,297, 305, 294, -1,304, 306, 295, -1,295, 
          306, 296, -1,306, 307, 296, -1,296, 307, 298, -1,308, 305, 297, -1,303, 308, 297, -1,
          307, 309, 298, -1,298, 309, 299, -1,309, 310, 299, -1,299, 310, 300, -1,310, 311, 
          300, -1,300, 311, 301, -1,311, 312, 301, -1,301, 312, 302, -1,312, 313, 302, -1,302, 
          313, 303, -1,313, 308, 303, -1,304, 314, 306, -1,315, 314, 304, -1,305, 315, 304, -1,
          316, 315, 305, -1,308, 316, 305, -1,314, 317, 306, -1,306, 317, 307, -1,317, 318, 
          307, -1,307, 318, 309, -1,319, 316, 308, -1,313, 319, 308, -1,318, 320, 309, -1,309, 
          320, 310, -1,320, 321, 310, -1,310, 321, 311, -1,321, 322, 311, -1,311, 322, 312, -1,
          322, 323, 312, -1,312, 323, 313, -1,323, 319, 313, -1,314, 324, 317, -1,325, 324, 
          314, -1,315, 325, 314, -1,326, 325, 315, -1,316, 326, 315, -1,327, 326, 316, -1,319, 
          327, 316, -1,324, 328, 317, -1,317, 328, 318, -1,328, 329, 318, -1,318, 329, 320, -1,
          330, 327, 319, -1,323, 330, 319, -1,329, 331, 320, -1,320, 331, 321, -1,331, 332, 
          321, -1,321, 332, 322, -1,332, 333, 322, -1,322, 333, 323, -1,333, 330, 323, -1,324, 
          334, 328, -1,335, 334, 324, -1,325, 335, 324, -1,336, 335, 325, -1,326, 336, 325, -1,
          337, 336, 326, -1,327, 337, 326, -1,338, 337, 327, -1,330, 338, 327, -1,334, 339, 
          328, -1,328, 339, 329, -1,339, 340, 329, -1,329, 340, 331, -1,341, 338, 330, -1,333, 
          341, 330, -1,340, 342, 331, -1,331, 342, 332, -1,342, 343, 332, -1,332, 343, 333, -1,
          343, 341, 333, -1,334, 344, 339, -1,345, 344, 334, -1,335, 345, 334, -1,346, 345, 
          335, -1,336, 346, 335, -1,347, 346, 336, -1,337, 347, 336, -1,348, 347, 337, -1,338, 
          348, 337, -1,349, 348, 338, -1,341, 349, 338, -1,344, 350, 339, -1,339, 350, 340, -1,
          350, 351, 340, -1,340, 351, 342, -1,352, 349, 341, -1,343, 352, 341, -1,351, 353, 
          342, -1,342, 353, 343, -1,353, 352, 343, -1,344, 354, 350, -1,345, 354, 344, -1,346, 
          354, 345, -1,347, 354, 346, -1,348, 354, 347, -1,349, 354, 348, -1,352, 354, 349, -1,
          350, 354, 351, -1,351, 354, 353, -1,353, 354, 352, -1,355, 356, 295, -1,355, 295, 
          296, -1,355, 357, 356, -1,355, 296, 298, -1,355, 298, 358, -1,355, 358, 359, -1,355, 
          359, 360, -1,355, 360, 361, -1,355, 361, 362, -1,355, 362, 357, -1,356, 363, 295, -1,
          364, 363, 356, -1,357, 364, 356, -1,363, 365, 295, -1,295, 365, 296, -1,365, 366, 
          296, -1,296, 366, 298, -1,367, 364, 357, -1,362, 367, 357, -1,366, 368, 298, -1,298, 
          368, 358, -1,368, 369, 358, -1,358, 369, 359, -1,369, 370, 359, -1,359, 370, 360, -1,
          370, 371, 360, -1,360, 371, 361, -1,371, 372, 361, -1,361, 372, 362, -1,372, 367, 
          362, -1,363, 373, 365, -1,374, 373, 363, -1,364, 374, 363, -1,375, 374, 364, -1,367, 
          375, 364, -1,373, 376, 365, -1,365, 376, 366, -1,376, 377, 366, -1,366, 377, 368, -1,
          378, 375, 367, -1,372, 378, 367, -1,377, 379, 368, -1,368, 379, 369, -1,379, 380, 
          369, -1,369, 380, 370, -1,380, 381, 370, -1,370, 381, 371, -1,381, 382, 371, -1,371, 
          382, 372, -1,382, 378, 372, -1,373, 383, 376, -1,384, 383, 373, -1,374, 384, 373, -1,
          385, 384, 374, -1,375, 385, 374, -1,386, 385, 375, -1,378, 386, 375, -1,383, 387, 
          376, -1,376, 387, 377, -1,387, 388, 377, -1,377, 388, 379, -1,389, 386, 378, -1,382, 
          389, 378, -1,388, 390, 379, -1,379, 390, 380, -1,390, 391, 380, -1,380, 391, 381, -1,
          391, 392, 381, -1,381, 392, 382, -1,392, 389, 382, -1,383, 393, 387, -1,394, 393, 
          383, -1,384, 394, 383, -1,395, 394, 384, -1,385, 395, 384, -1,396, 395, 385, -1,386, 
          396, 385, -1,397, 396, 386, -1,389, 397, 386, -1,393, 398, 387, -1,387, 398, 388, -1,
          398, 399, 388, -1,388, 399, 390, -1,400, 397, 389, -1,392, 400, 389, -1,399, 401, 
          390, -1,390, 401, 391, -1,401, 402, 391, -1,391, 402, 392, -1,402, 400, 392, -1,393, 
          403, 398, -1,404, 403, 393, -1,394, 404, 393, -1,405, 404, 394, -1,395, 405, 394, -1,
          406, 405, 395, -1,396, 406, 395, -1,407, 406, 396, -1,397, 407, 396, -1,408, 407, 
          397, -1,400, 408, 397, -1,403, 409, 398, -1,398, 409, 399, -1,409, 410, 399, -1,399, 
          410, 401, -1,411, 408, 400, -1,402, 411, 400, -1,410, 412, 401, -1,401, 412, 402, -1,
          412, 411, 402, -1,403, 413, 409, -1,404, 413, 403, -1,405, 413, 404, -1,406, 413, 
          405, -1,407, 413, 406, -1,408, 413, 407, -1,411, 413, 408, -1,409, 413, 410, -1,410, 
          413, 412, -1,412, 413, 411, -1,414, 415, 416, -1,414, 416, 417, -1,414, 418, 415, -1,
          414, 417, 419, -1,414, 419, 420, -1,414, 420, 421, -1,414, 421, 422, -1,414, 422, 
          423, -1,414, 423, 424, -1,414, 424, 418, -1,415, 425, 416, -1,426, 425, 415, -1,418, 
          426, 415, -1,425, 427, 416, -1,416, 427, 417, -1,427, 428, 417, -1,417, 428, 419, -1,
          429, 426, 418, -1,424, 429, 418, -1,428, 430, 419, -1,419, 430, 420, -1,430, 431, 
          420, -1,420, 431, 421, -1,431, 432, 421, -1,421, 432, 422, -1,432, 433, 422, -1,422, 
          433, 423, -1,433, 434, 423, -1,423, 434, 424, -1,434, 429, 424, -1,425, 435, 427, -1,
          436, 435, 425, -1,426, 436, 425, -1,437, 436, 426, -1,429, 437, 426, -1,435, 438, 
          427, -1,427, 438, 428, -1,438, 439, 428, -1,428, 439, 430, -1,440, 437, 429, -1,434, 
          440, 429, -1,439, 441, 430, -1,430, 441, 431, -1,441, 442, 431, -1,431, 442, 432, -1,
          442, 443, 432, -1,432, 443, 433, -1,443, 444, 433, -1,433, 444, 434, -1,444, 440, 
          434, -1,435, 445, 438, -1,446, 445, 435, -1,436, 446, 435, -1,447, 446, 436, -1,437, 
          447, 436, -1,448, 447, 437, -1,440, 448, 437, -1,445, 449, 438, -1,438, 449, 439, -1,
          449, 450, 439, -1,439, 450, 441, -1,451, 448, 440, -1,444, 451, 440, -1,450, 452, 
          441, -1,441, 452, 442, -1,452, 453, 442, -1,442, 453, 443, -1,453, 454, 443, -1,443, 
          454, 444, -1,454, 451, 444, -1,445, 455, 449, -1,456, 455, 445, -1,446, 456, 445, -1,
          457, 456, 446, -1,447, 457, 446, -1,458, 457, 447, -1,448, 458, 447, -1,459, 458, 
          448, -1,451, 459, 448, -1,455, 460, 449, -1,449, 460, 450, -1,460, 461, 450, -1,450, 
          461, 452, -1,462, 459, 451, -1,454, 462, 451, -1,461, 463, 452, -1,452, 463, 453, -1,
          463, 464, 453, -1,453, 464, 454, -1,464, 462, 454, -1,455, 465, 460, -1,466, 465, 
          455, -1,456, 466, 455, -1,467, 466, 456, -1,457, 467, 456, -1,468, 467, 457, -1,458, 
          468, 457, -1,469, 468, 458, -1,459, 469, 458, -1,470, 469, 459, -1,462, 470, 459, -1,
          465, 471, 460, -1,460, 471, 461, -1,471, 472, 461, -1,461, 472, 463, -1,473, 470, 
          462, -1,464, 473, 462, -1,472, 474, 463, -1,463, 474, 464, -1,474, 473, 464, -1,465, 
          475, 471, -1,476, 475, 465, -1,466, 476, 465, -1,477, 476, 466, -1,467, 477, 466, -1,
          478, 477, 467, -1,468, 478, 467, -1,479, 478, 468, -1,469, 479, 468, -1,480, 479, 
          469, -1,470, 480, 469, -1,481, 480, 470, -1,473, 481, 470, -1,475, 482, 471, -1,471, 
          482, 472, -1,482, 483, 472, -1,472, 483, 474, -1,484, 481, 473, -1,474, 484, 473, -1,
          483, 484, 474, -1,475, 485, 482, -1,476, 485, 475, -1,477, 485, 476, -1,478, 485, 
          477, -1,479, 485, 478, -1,480, 485, 479, -1,481, 485, 480, -1,484, 485, 481, -1,482, 
          485, 483, -1,483, 485, 484, -1,486, 487, 488, -1,486, 488, 489, -1,486, 490, 487, -1,
          486, 489, 491, -1,486, 491, 492, -1,486, 492, 493, -1,486, 493, 494, -1,486, 494, 
          495, -1,486, 495, 496, -1,486, 496, 490, -1,487, 497, 488, -1,498, 497, 487, -1,490, 
          498, 487, -1,497, 499, 488, -1,488, 499, 489, -1,499, 500, 489, -1,489, 500, 491, -1,
          501, 498, 490, -1,496, 501, 490, -1,500, 502, 491, -1,491, 502, 492, -1,502, 503, 
          492, -1,492, 503, 493, -1,503, 504, 493, -1,493, 504, 494, -1,504, 505, 494, -1,494, 
          505, 495, -1,505, 506, 495, -1,495, 506, 496, -1,506, 501, 496, -1,497, 507, 499, -1,
          508, 507, 497, -1,498, 508, 497, -1,509, 508, 498, -1,501, 509, 498, -1,507, 510, 
          499, -1,499, 510, 500, -1,510, 511, 500, -1,500, 511, 502, -1,512, 509, 501, -1,506, 
          512, 501, -1,511, 513, 502, -1,502, 513, 503, -1,513, 514, 503, -1,503, 514, 504, -1,
          514, 515, 504, -1,504, 515, 505, -1,515, 516, 505, -1,505, 516, 506, -1,516, 512, 
          506, -1,507, 517, 510, -1,518, 517, 507, -1,508, 518, 507, -1,519, 518, 508, -1,509, 
          519, 508, -1,520, 519, 509, -1,512, 520, 509, -1,517, 521, 510, -1,510, 521, 511, -1,
          521, 522, 511, -1,511, 522, 513, -1,523, 520, 512, -1,516, 523, 512, -1,522, 524, 
          513, -1,513, 524, 514, -1,524, 525, 514, -1,514, 525, 515, -1,525, 526, 515, -1,515, 
          526, 516, -1,526, 523, 516, -1,517, 527, 521, -1,528, 527, 517, -1,518, 528, 517, -1,
          529, 528, 518, -1,519, 529, 518, -1,530, 529, 519, -1,520, 530, 519, -1,531, 530, 
          520, -1,523, 531, 520, -1,527, 532, 521, -1,521, 532, 522, -1,532, 533, 522, -1,522, 
          533, 524, -1,534, 531, 523, -1,526, 534, 523, -1,533, 535, 524, -1,524, 535, 525, -1,
          535, 536, 525, -1,525, 536, 526, -1,536, 534, 526, -1,527, 537, 532, -1,538, 537, 
          527, -1,528, 538, 527, -1,539, 538, 528, -1,529, 539, 528, -1,540, 539, 529, -1,530, 
          540, 529, -1,541, 540, 530, -1,531, 541, 530, -1,542, 541, 531, -1,534, 542, 531, -1,
          537, 543, 532, -1,532, 543, 533, -1,543, 544, 533, -1,533, 544, 535, -1,545, 542, 
          534, -1,536, 545, 534, -1,544, 546, 535, -1,535, 546, 536, -1,546, 545, 536, -1,537, 
          547, 543, -1,548, 547, 537, -1,538, 548, 537, -1,549, 548, 538, -1,539, 549, 538, -1,
          550, 549, 539, -1,540, 550, 539, -1,551, 550, 540, -1,541, 551, 540, -1,552, 551, 
          541, -1,542, 552, 541, -1,553, 552, 542, -1,545, 553, 542, -1,547, 554, 543, -1,543, 
          554, 544, -1,554, 555, 544, -1,544, 555, 546, -1,556, 553, 545, -1,546, 556, 545, -1,
          555, 556, 546, -1,547, 557, 554, -1,548, 557, 547, -1,549, 557, 548, -1,550, 557, 
          549, -1,551, 557, 550, -1,552, 557, 551, -1,553, 557, 552, -1,556, 557, 553, -1,554, 
          557, 555, -1,555, 557, 556, -1,558, 559, 560, -1,558, 560, 561, -1,558, 562, 559, -1,
          558, 561, 563, -1,558, 563, 564, -1,558, 564, 565, -1,558, 565, 566, -1,558, 566, 
          567, -1,558, 567, 568, -1,558, 568, 562, -1,559, 569, 560, -1,570, 569, 559, -1,562, 
          570, 559, -1,569, 571, 560, -1,560, 571, 561, -1,571, 572, 561, -1,561, 572, 563, -1,
          573, 570, 562, -1,568, 573, 562, -1,572, 574, 563, -1,563, 574, 564, -1,574, 575, 
          564, -1,564, 575, 565, -1,575, 576, 565, -1,565, 576, 566, -1,576, 577, 566, -1,566, 
          577, 567, -1,577, 578, 567, -1,567, 578, 568, -1,578, 573, 568, -1,569, 579, 571, -1,
          580, 579, 569, -1,570, 580, 569, -1,581, 580, 570, -1,573, 581, 570, -1,579, 582, 
          571, -1,571, 582, 572, -1,582, 583, 572, -1,572, 583, 574, -1,584, 581, 573, -1,578, 
          584, 573, -1,583, 585, 574, -1,574, 585, 575, -1,585, 586, 575, -1,575, 586, 576, -1,
          586, 587, 576, -1,576, 587, 577, -1,587, 588, 577, -1,577, 588, 578, -1,588, 584, 
          578, -1,579, 589, 582, -1,590, 589, 579, -1,580, 590, 579, -1,591, 590, 580, -1,581, 
          591, 580, -1,592, 591, 581, -1,584, 592, 581, -1,589, 593, 582, -1,582, 593, 583, -1,
          593, 594, 583, -1,583, 594, 585, -1,595, 592, 584, -1,588, 595, 584, -1,594, 596, 
          585, -1,585, 596, 586, -1,596, 597, 586, -1,586, 597, 587, -1,597, 598, 587, -1,587, 
          598, 588, -1,598, 595, 588, -1,589, 599, 593, -1,600, 599, 589, -1,590, 600, 589, -1,
          601, 600, 590, -1,591, 601, 590, -1,602, 601, 591, -1,592, 602, 591, -1,603, 602, 
          592, -1,595, 603, 592, -1,599, 604, 593, -1,593, 604, 594, -1,604, 605, 594, -1,594, 
          605, 596, -1,606, 603, 595, -1,598, 606, 595, -1,605, 607, 596, -1,596, 607, 597, -1,
          607, 608, 597, -1,597, 608, 598, -1,608, 606, 598, -1,599, 609, 604, -1,610, 609, 
          599, -1,600, 610, 599, -1,611, 610, 600, -1,601, 611, 600, -1,612, 611, 601, -1,602, 
          612, 601, -1,613, 612, 602, -1,603, 613, 602, -1,614, 613, 603, -1,606, 614, 603, -1,
          609, 615, 604, -1,604, 615, 605, -1,615, 616, 605, -1,605, 616, 607, -1,617, 614, 
          606, -1,608, 617, 606, -1,616, 618, 607, -1,607, 618, 608, -1,618, 617, 608, -1,609, 
          619, 615, -1,620, 619, 609, -1,610, 620, 609, -1,621, 620, 610, -1,611, 621, 610, -1,
          622, 621, 611, -1,612, 622, 611, -1,623, 622, 612, -1,613, 623, 612, -1,624, 623, 
          613, -1,614, 624, 613, -1,625, 624, 614, -1,617, 625, 614, -1,619, 626, 615, -1,615, 
          626, 616, -1,626, 627, 616, -1,616, 627, 618, -1,628, 625, 617, -1,618, 628, 617, -1,
          627, 628, 618, -1,619, 629, 626, -1,620, 629, 619, -1,621, 629, 620, -1,622, 629, 
          621, -1,623, 629, 622, -1,624, 629, 623, -1,625, 629, 624, -1,628, 629, 625, -1,626, 
          629, 627, -1,627, 629, 628, -1,630, 631, 632, -1,630, 632, 633, -1,630, 634, 631, -1,
          630, 633, 635, -1,630, 635, 636, -1,630, 636, 637, -1,630, 637, 638, -1,630, 638, 
          639, -1,630, 639, 640, -1,630, 640, 634, -1,631, 641, 632, -1,642, 641, 631, -1,634, 
          642, 631, -1,641, 643, 632, -1,632, 643, 633, -1,643, 644, 633, -1,633, 644, 635, -1,
          645, 642, 634, -1,640, 645, 634, -1,644, 646, 635, -1,635, 646, 636, -1,646, 647, 
          636, -1,636, 647, 637, -1,647, 648, 637, -1,637, 648, 638, -1,648, 649, 638, -1,638, 
          649, 639, -1,649, 650, 639, -1,639, 650, 640, -1,650, 645, 640, -1,641, 651, 643, -1,
          652, 651, 641, -1,642, 652, 641, -1,653, 652, 642, -1,645, 653, 642, -1,651, 654, 
          643, -1,643, 654, 644, -1,654, 655, 644, -1,644, 655, 646, -1,656, 653, 645, -1,650, 
          656, 645, -1,655, 657, 646, -1,646, 657, 647, -1,657, 658, 647, -1,647, 658, 648, -1,
          658, 659, 648, -1,648, 659, 649, -1,659, 660, 649, -1,649, 660, 650, -1,660, 656, 
          650, -1,651, 661, 654, -1,662, 661, 651, -1,652, 662, 651, -1,663, 662, 652, -1,653, 
          663, 652, -1,664, 663, 653, -1,656, 664, 653, -1,661, 665, 654, -1,654, 665, 655, -1,
          665, 666, 655, -1,655, 666, 657, -1,667, 664, 656, -1,660, 667, 656, -1,666, 668, 
          657, -1,657, 668, 658, -1,668, 669, 658, -1,658, 669, 659, -1,669, 670, 659, -1,659, 
          670, 660, -1,670, 667, 660, -1,661, 671, 665, -1,672, 671, 661, -1,662, 672, 661, -1,
          673, 672, 662, -1,663, 673, 662, -1,674, 673, 663, -1,664, 674, 663, -1,675, 674, 
          664, -1,667, 675, 664, -1,671, 676, 665, -1,665, 676, 666, -1,676, 677, 666, -1,666, 
          677, 668, -1,678, 675, 667, -1,670, 678, 667, -1,677, 679, 668, -1,668, 679, 669, -1,
          679, 680, 669, -1,669, 680, 670, -1,680, 678, 670, -1,671, 681, 676, -1,682, 681, 
          671, -1,672, 682, 671, -1,683, 682, 672, -1,673, 683, 672, -1,684, 683, 673, -1,674, 
          684, 673, -1,685, 684, 674, -1,675, 685, 674, -1,686, 685, 675, -1,678, 686, 675, -1,
          681, 687, 676, -1,676, 687, 677, -1,687, 688, 677, -1,677, 688, 679, -1,689, 686, 
          678, -1,680, 689, 678, -1,688, 690, 679, -1,679, 690, 680, -1,690, 689, 680, -1,681, 
          691, 687, -1,692, 691, 681, -1,682, 692, 681, -1,693, 692, 682, -1,683, 693, 682, -1,
          694, 693, 683, -1,684, 694, 683, -1,695, 694, 684, -1,685, 695, 684, -1,696, 695, 
          685, -1,686, 696, 685, -1,697, 696, 686, -1,689, 697, 686, -1,691, 698, 687, -1,687, 
          698, 688, -1,698, 699, 688, -1,688, 699, 690, -1,700, 697, 689, -1,690, 700, 689, -1,
          699, 700, 690, -1,691, 701, 698, -1,692, 701, 691, -1,693, 701, 692, -1,694, 701, 
          693, -1,695, 701, 694, -1,696, 701, 695, -1,697, 701, 696, -1,700, 701, 697, -1,698, 
          701, 699, -1,699, 701, 700, -1,702, 703, 704, -1,702, 704, 705, -1,702, 706, 703, -1,
          702, 705, 707, -1,702, 707, 708, -1,702, 708, 709, -1,702, 709, 710, -1,702, 710, 
          711, -1,702, 711, 712, -1,702, 712, 706, -1,703, 713, 704, -1,714, 713, 703, -1,706, 
          714, 703, -1,713, 715, 704, -1,704, 715, 705, -1,715, 716, 705, -1,705, 716, 707, -1,
          717, 714, 706, -1,712, 717, 706, -1,716, 718, 707, -1,707, 718, 708, -1,718, 719, 
          708, -1,708, 719, 709, -1,719, 720, 709, -1,709, 720, 710, -1,720, 721, 710, -1,710, 
          721, 711, -1,721, 722, 711, -1,711, 722, 712, -1,722, 717, 712, -1,713, 723, 715, -1,
          724, 723, 713, -1,714, 724, 713, -1,725, 724, 714, -1,717, 725, 714, -1,723, 726, 
          715, -1,715, 726, 716, -1,726, 727, 716, -1,716, 727, 718, -1,728, 725, 717, -1,722, 
          728, 717, -1,727, 729, 718, -1,718, 729, 719, -1,729, 730, 719, -1,719, 730, 720, -1,
          730, 731, 720, -1,720, 731, 721, -1,731, 732, 721, -1,721, 732, 722, -1,732, 728, 
          722, -1,723, 733, 726, -1,734, 733, 723, -1,724, 734, 723, -1,735, 734, 724, -1,725, 
          735, 724, -1,736, 735, 725, -1,728, 736, 725, -1,733, 737, 726, -1,726, 737, 727, -1,
          737, 738, 727, -1,727, 738, 729, -1,739, 736, 728, -1,732, 739, 728, -1,738, 740, 
          729, -1,729, 740, 730, -1,740, 741, 730, -1,730, 741, 731, -1,741, 742, 731, -1,731, 
          742, 732, -1,742, 739, 732, -1,733, 743, 737, -1,744, 743, 733, -1,734, 744, 733, -1,
          745, 744, 734, -1,735, 745, 734, -1,746, 745, 735, -1,736, 746, 735, -1,747, 746, 
          736, -1,739, 747, 736, -1,743, 748, 737, -1,737, 748, 738, -1,748, 749, 738, -1,738, 
          749, 740, -1,750, 747, 739, -1,742, 750, 739, -1,749, 751, 740, -1,740, 751, 741, -1,
          751, 752, 741, -1,741, 752, 742, -1,752, 750, 742, -1,743, 753, 748, -1,754, 753, 
          743, -1,744, 754, 743, -1,755, 754, 744, -1,745, 755, 744, -1,756, 755, 745, -1,746, 
          756, 745, -1,757, 756, 746, -1,747, 757, 746, -1,758, 757, 747, -1,750, 758, 747, -1,
          753, 759, 748, -1,748, 759, 749, -1,759, 760, 749, -1,749, 760, 751, -1,761, 758, 
          750, -1,752, 761, 750, -1,760, 762, 751, -1,751, 762, 752, -1,762, 761, 752, -1,753, 
          763, 759, -1,764, 763, 753, -1,754, 764, 753, -1,765, 764, 754, -1,755, 765, 754, -1,
          766, 765, 755, -1,756, 766, 755, -1,767, 766, 756, -1,757, 767, 756, -1,768, 767, 
          757, -1,758, 768, 757, -1,769, 768, 758, -1,761, 769, 758, -1,763, 770, 759, -1,759, 
          770, 760, -1,770, 771, 760, -1,760, 771, 762, -1,772, 769, 761, -1,762, 772, 761, -1,
          771, 772, 762, -1,763, 773, 770, -1,764, 773, 763, -1,765, 773, 764, -1,766, 773, 
          765, -1,767, 773, 766, -1,768, 773, 767, -1,769, 773, 768, -1,772, 773, 769, -1,770, 
          773, 771, -1,771, 773, 772, -1,774, 775, 776, -1,774, 776, 777, -1,774, 778, 775, -1,
          774, 777, 779, -1,774, 779, 780, -1,774, 780, 781, -1,774, 781, 782, -1,774, 782, 
          783, -1,774, 783, 784, -1,774, 784, 778, -1,775, 785, 776, -1,786, 785, 775, -1,778, 
          786, 775, -1,785, 787, 776, -1,776, 787, 777, -1,787, 788, 777, -1,777, 788, 779, -1,
          789, 786, 778, -1,784, 789, 778, -1,788, 790, 779, -1,779, 790, 780, -1,790, 791, 
          780, -1,780, 791, 781, -1,791, 792, 781, -1,781, 792, 782, -1,792, 793, 782, -1,782, 
          793, 783, -1,793, 794, 783, -1,783, 794, 784, -1,794, 789, 784, -1,785, 795, 787, -1,
          796, 795, 785, -1,786, 796, 785, -1,797, 796, 786, -1,789, 797, 786, -1,795, 798, 
          787, -1,787, 798, 788, -1,798, 799, 788, -1,788, 799, 790, -1,800, 797, 789, -1,794, 
          800, 789, -1,799, 801, 790, -1,790, 801, 791, -1,801, 802, 791, -1,791, 802, 792, -1,
          802, 803, 792, -1,792, 803, 793, -1,803, 804, 793, -1,793, 804, 794, -1,804, 800, 
          794, -1,795, 805, 798, -1,806, 805, 795, -1,796, 806, 795, -1,807, 806, 796, -1,797, 
          807, 796, -1,808, 807, 797, -1,800, 808, 797, -1,805, 809, 798, -1,798, 809, 799, -1,
          809, 810, 799, -1,799, 810, 801, -1,811, 808, 800, -1,804, 811, 800, -1,810, 812, 
          801, -1,801, 812, 802, -1,812, 813, 802, -1,802, 813, 803, -1,813, 814, 803, -1,803, 
          814, 804, -1,814, 811, 804, -1,805, 815, 809, -1,816, 815, 805, -1,806, 816, 805, -1,
          817, 816, 806, -1,807, 817, 806, -1,818, 817, 807, -1,808, 818, 807, -1,819, 818, 
          808, -1,811, 819, 808, -1,815, 820, 809, -1,809, 820, 810, -1,820, 821, 810, -1,810, 
          821, 812, -1,822, 819, 811, -1,814, 822, 811, -1,821, 823, 812, -1,812, 823, 813, -1,
          823, 824, 813, -1,813, 824, 814, -1,824, 822, 814, -1,815, 825, 820, -1,826, 825, 
          815, -1,816, 826, 815, -1,827, 826, 816, -1,817, 827, 816, -1,828, 827, 817, -1,818, 
          828, 817, -1,829, 828, 818, -1,819, 829, 818, -1,830, 829, 819, -1,822, 830, 819, -1,
          825, 831, 820, -1,820, 831, 821, -1,831, 832, 821, -1,821, 832, 823, -1,833, 830, 
          822, -1,824, 833, 822, -1,832, 834, 823, -1,823, 834, 824, -1,834, 833, 824, -1,825, 
          835, 831, -1,836, 835, 825, -1,826, 836, 825, -1,837, 836, 826, -1,827, 837, 826, -1,
          838, 837, 827, -1,828, 838, 827, -1,839, 838, 828, -1,829, 839, 828, -1,840, 839, 
          829, -1,830, 840, 829, -1,841, 840, 830, -1,833, 841, 830, -1,835, 842, 831, -1,831, 
          842, 832, -1,842, 843, 832, -1,832, 843, 834, -1,844, 841, 833, -1,834, 844, 833, -1,
          843, 844, 834, -1,835, 845, 842, -1,836, 845, 835, -1,837, 845, 836, -1,838, 845, 
          837, -1,839, 845, 838, -1,840, 845, 839, -1,841, 845, 840, -1,844, 845, 841, -1,842, 
          845, 843, -1,843, 845, 844, -1,846, 847, 848, -1,846, 848, 849, -1,846, 850, 847, -1,
          846, 849, 851, -1,846, 851, 852, -1,846, 852, 853, -1,846, 853, 854, -1,846, 854, 
          855, -1,846, 855, 856, -1,846, 856, 850, -1,847, 857, 848, -1,858, 857, 847, -1,850, 
          858, 847, -1,857, 859, 848, -1,848, 859, 849, -1,859, 860, 849, -1,849, 860, 851, -1,
          861, 858, 850, -1,856, 861, 850, -1,860, 862, 851, -1,851, 862, 852, -1,862, 863, 
          852, -1,852, 863, 853, -1,863, 864, 853, -1,853, 864, 854, -1,864, 865, 854, -1,854, 
          865, 855, -1,865, 866, 855, -1,855, 866, 856, -1,866, 861, 856, -1,857, 867, 859, -1,
          868, 867, 857, -1,858, 868, 857, -1,869, 868, 858, -1,861, 869, 858, -1,867, 870, 
          859, -1,859, 870, 860, -1,870, 871, 860, -1,860, 871, 862, -1,872, 869, 861, -1,866, 
          872, 861, -1,871, 873, 862, -1,862, 873, 863, -1,873, 874, 863, -1,863, 874, 864, -1,
          874, 875, 864, -1,864, 875, 865, -1,875, 876, 865, -1,865, 876, 866, -1,876, 872, 
          866, -1,867, 877, 870, -1,878, 877, 867, -1,868, 878, 867, -1,879, 878, 868, -1,869, 
          879, 868, -1,880, 879, 869, -1,872, 880, 869, -1,877, 881, 870, -1,870, 881, 871, -1,
          881, 882, 871, -1,871, 882, 873, -1,883, 880, 872, -1,876, 883, 872, -1,882, 884, 
          873, -1,873, 884, 874, -1,884, 885, 874, -1,874, 885, 875, -1,885, 886, 875, -1,875, 
          886, 876, -1,886, 883, 876, -1,877, 887, 881, -1,888, 887, 877, -1,878, 888, 877, -1,
          889, 888, 878, -1,879, 889, 878, -1,890, 889, 879, -1,880, 890, 879, -1,891, 890, 
          880, -1,883, 891, 880, -1,887, 892, 881, -1,881, 892, 882, -1,892, 893, 882, -1,882, 
          893, 884, -1,894, 891, 883, -1,886, 894, 883, -1,893, 895, 884, -1,884, 895, 885, -1,
          895, 896, 885, -1,885, 896, 886, -1,896, 894, 886, -1,887, 897, 892, -1,898, 897, 
          887, -1,888, 898, 887, -1,899, 898, 888, -1,889, 899, 888, -1,900, 899, 889, -1,890, 
          900, 889, -1,901, 900, 890, -1,891, 901, 890, -1,902, 901, 891, -1,894, 902, 891, -1,
          897, 903, 892, -1,892, 903, 893, -1,903, 904, 893, -1,893, 904, 895, -1,905, 902, 
          894, -1,896, 905, 894, -1,904, 906, 895, -1,895, 906, 896, -1,906, 905, 896, -1,897, 
          907, 903, -1,908, 907, 897, -1,898, 908, 897, -1,909, 908, 898, -1,899, 909, 898, -1,
          910, 909, 899, -1,900, 910, 899, -1,911, 910, 900, -1,901, 911, 900, -1,912, 911, 
          901, -1,902, 912, 901, -1,913, 912, 902, -1,905, 913, 902, -1,907, 914, 903, -1,903, 
          914, 904, -1,914, 915, 904, -1,904, 915, 906, -1,916, 913, 905, -1,906, 916, 905, -1,
          915, 916, 906, -1,907, 917, 914, -1,908, 917, 907, -1,909, 917, 908, -1,910, 917, 
          909, -1,911, 917, 910, -1,912, 917, 911, -1,913, 917, 912, -1,916, 917, 913, -1,914, 
          917, 915, -1,915, 917, 916, -1,918, 919, 920, -1,918, 920, 921, -1,918, 922, 919, -1,
          918, 921, 923, -1,918, 923, 924, -1,918, 924, 925, -1,918, 925, 926, -1,918, 926, 
          927, -1,918, 927, 928, -1,918, 928, 922, -1,919, 929, 920, -1,930, 929, 919, -1,922, 
          930, 919, -1,929, 931, 920, -1,920, 931, 921, -1,931, 932, 921, -1,921, 932, 923, -1,
          933, 930, 922, -1,928, 933, 922, -1,932, 934, 923, -1,923, 934, 924, -1,934, 935, 
          924, -1,924, 935, 925, -1,935, 936, 925, -1,925, 936, 926, -1,936, 937, 926, -1,926, 
          937, 927, -1,937, 938, 927, -1,927, 938, 928, -1,938, 933, 928, -1,929, 939, 931, -1,
          940, 939, 929, -1,930, 940, 929, -1,941, 940, 930, -1,933, 941, 930, -1,939, 942, 
          931, -1,931, 942, 932, -1,942, 943, 932, -1,932, 943, 934, -1,944, 941, 933, -1,938, 
          944, 933, -1,943, 945, 934, -1,934, 945, 935, -1,945, 946, 935, -1,935, 946, 936, -1,
          946, 947, 936, -1,936, 947, 937, -1,947, 948, 937, -1,937, 948, 938, -1,948, 944, 
          938, -1,939, 949, 942, -1,950, 949, 939, -1,940, 950, 939, -1,951, 950, 940, -1,941, 
          951, 940, -1,952, 951, 941, -1,944, 952, 941, -1,949, 953, 942, -1,942, 953, 943, -1,
          953, 954, 943, -1,943, 954, 945, -1,955, 952, 944, -1,948, 955, 944, -1,954, 956, 
          945, -1,945, 956, 946, -1,956, 957, 946, -1,946, 957, 947, -1,957, 958, 947, -1,947, 
          958, 948, -1,958, 955, 948, -1,949, 959, 953, -1,960, 959, 949, -1,950, 960, 949, -1,
          961, 960, 950, -1,951, 961, 950, -1,962, 961, 951, -1,952, 962, 951, -1,963, 962, 
          952, -1,955, 963, 952, -1,959, 964, 953, -1,953, 964, 954, -1,964, 965, 954, -1,954, 
          965, 956, -1,966, 963, 955, -1,958, 966, 955, -1,965, 967, 956, -1,956, 967, 957, -1,
          967, 968, 957, -1,957, 968, 958, -1,968, 966, 958, -1,959, 969, 964, -1,970, 969, 
          959, -1,960, 970, 959, -1,971, 970, 960, -1,961, 971, 960, -1,972, 971, 961, -1,962, 
          972, 961, -1,973, 972, 962, -1,963, 973, 962, -1,974, 973, 963, -1,966, 974, 963, -1,
          969, 975, 964, -1,964, 975, 965, -1,975, 976, 965, -1,965, 976, 967, -1,977, 974, 
          966, -1,968, 977, 966, -1,976, 978, 967, -1,967, 978, 968, -1,978, 977, 968, -1,969, 
          979, 975, -1,980, 979, 969, -1,970, 980, 969, -1,981, 980, 970, -1,971, 981, 970, -1,
          982, 981, 971, -1,972, 982, 971, -1,983, 982, 972, -1,973, 983, 972, -1,984, 983, 
          973, -1,974, 984, 973, -1,985, 984, 974, -1,977, 985, 974, -1,979, 986, 975, -1,975, 
          986, 976, -1,986, 987, 976, -1,976, 987, 978, -1,988, 985, 977, -1,978, 988, 977, -1,
          987, 988, 978, -1,979, 989, 986, -1,980, 989, 979, -1,981, 989, 980, -1,982, 989, 
          981, -1,983, 989, 982, -1,984, 989, 983, -1,985, 989, 984, -1,988, 989, 985, -1,986, 
          989, 987, -1,987, 989, 988, -1,990, 991, 992, -1,990, 992, 993, -1,990, 994, 991, -1,
          990, 993, 995, -1,990, 995, 996, -1,990, 996, 997, -1,990, 997, 998, -1,990, 998, 
          999, -1,990, 999, 1000, -1,990, 1000, 994, -1,991, 1001, 992, -1,1002, 1001, 991, -1,
          994, 1002, 991, -1,1001, 1003, 992, -1,992, 1003, 993, -1,1003, 1004, 993, -1,993, 
          1004, 995, -1,1005, 1002, 994, -1,1000, 1005, 994, -1,1004, 1006, 995, -1,995, 1006, 
          996, -1,1006, 1007, 996, -1,996, 1007, 997, -1,1007, 1008, 997, -1,997, 1008, 998, -1,
          1008, 1009, 998, -1,998, 1009, 999, -1,1009, 1010, 999, -1,999, 1010, 1000, -1,1010, 
          1005, 1000, -1,1001, 1011, 1003, -1,1012, 1011, 1001, -1,1002, 1012, 1001, -1,1013, 
          1012, 1002, -1,1005, 1013, 1002, -1,1011, 1014, 1003, -1,1003, 1014, 1004, -1,1014, 
          1015, 1004, -1,1004, 1015, 1006, -1,1016, 1013, 1005, -1,1010, 1016, 1005, -1,1015, 
          1017, 1006, -1,1006, 1017, 1007, -1,1017, 1018, 1007, -1,1007, 1018, 1008, -1,1018, 
          1019, 1008, -1,1008, 1019, 1009, -1,1019, 1020, 1009, -1,1009, 1020, 1010, -1,1020, 
          1016, 1010, -1,1011, 1021, 1014, -1,1022, 1021, 1011, -1,1012, 1022, 1011, -1,1023, 
          1022, 1012, -1,1013, 1023, 1012, -1,1024, 1023, 1013, -1,1016, 1024, 1013, -1,1021, 
          1025, 1014, -1,1014, 1025, 1015, -1,1025, 1026, 1015, -1,1015, 1026, 1017, -1,1027, 
          1024, 1016, -1,1020, 1027, 1016, -1,1026, 1028, 1017, -1,1017, 1028, 1018, -1,1028, 
          1029, 1018, -1,1018, 1029, 1019, -1,1029, 1030, 1019, -1,1019, 1030, 1020, -1,1030, 
          1027, 1020, -1,1021, 1031, 1025, -1,1032, 1031, 1021, -1,1022, 1032, 1021, -1,1033, 
          1032, 1022, -1,1023, 1033, 1022, -1,1034, 1033, 1023, -1,1024, 1034, 1023, -1,1035, 
          1034, 1024, -1,1027, 1035, 1024, -1,1031, 1036, 1025, -1,1025, 1036, 1026, -1,1036, 
          1037, 1026, -1,1026, 1037, 1028, -1,1038, 1035, 1027, -1,1030, 1038, 1027, -1,1037, 
          1039, 1028, -1,1028, 1039, 1029, -1,1039, 1040, 1029, -1,1029, 1040, 1030, -1,1040, 
          1038, 1030, -1,1031, 1041, 1036, -1,1042, 1041, 1031, -1,1032, 1042, 1031, -1,1043, 
          1042, 1032, -1,1033, 1043, 1032, -1,1044, 1043, 1033, -1,1034, 1044, 1033, -1,1045, 
          1044, 1034, -1,1035, 1045, 1034, -1,1046, 1045, 1035, -1,1038, 1046, 1035, -1,1041, 
          1047, 1036, -1,1036, 1047, 1037, -1,1047, 1048, 1037, -1,1037, 1048, 1039, -1,1049, 
          1046, 1038, -1,1040, 1049, 1038, -1,1048, 1050, 1039, -1,1039, 1050, 1040, -1,1050, 
          1049, 1040, -1,1041, 1051, 1047, -1,1052, 1051, 1041, -1,1042, 1052, 1041, -1,1053, 
          1052, 1042, -1,1043, 1053, 1042, -1,1054, 1053, 1043, -1,1044, 1054, 1043, -1,1055, 
          1054, 1044, -1,1045, 1055, 1044, -1,1056, 1055, 1045, -1,1046, 1056, 1045, -1,1057, 
          1056, 1046, -1,1049, 1057, 1046, -1,1051, 1058, 1047, -1,1047, 1058, 1048, -1,1058, 
          1059, 1048, -1,1048, 1059, 1050, -1,1060, 1057, 1049, -1,1050, 1060, 1049, -1,1059, 
          1060, 1050, -1,1051, 1061, 1058, -1,1052, 1061, 1051, -1,1053, 1061, 1052, -1,1054, 
          1061, 1053, -1,1055, 1061, 1054, -1,1056, 1061, 1055, -1,1057, 1061, 1056, -1,1060, 
          1061, 1057, -1,1058, 1061, 1059, -1,1059, 1061, 1060, -1
        ]
      }
    }
  ]
}
DEF object2 Transform {
  children [
    Shape {
      appearance Appearance {
        material Material {
          diffuseColor 0.800000 0.800000 0.800000
          emissiveColor 0.000000 0.000000 0.000000
          specularColor 0.400000 0.400000 0.400000
          ambientIntensity 0.200000
          shininess 0.250000
        }
      }
      geometry IndexedFaceSet {
        coord Coordinate { point [
          # points 99
          -0.017534 -0.005246 -0.081828, -0.014889 -0.003873 -0.075823, -0.015336 -0.001551 -0.07848, -0.016408 -0.00083 -0.08464, 
          -0.015134 -0.008536 -0.077031, -0.016145 -0.010144 -0.08275, -0.016894 -0.007941 -0.087132, -0.017213 -0.003912 -0.089121, 
          -0.008588 0.000332 -0.067168, -0.008109 -0.002159 -0.064324, -0.009812 0.007641 -0.074466, -0.011834 0.005902 -0.085972, 
          -0.008156 -0.009375 -0.06429, -0.009509 -0.01258 -0.071909, -0.011753 -0.010061 -0.08485, -0.01279 -0.004056 -0.091035, 
          -0.0132 0.000823 -0.093583, -0.001819 0.005419 -0.064942, -0.001849 0.000647 -0.06492, -0.002403 0.00825 -0.068402, 
          -0.00404 0.007768 -0.077759, -0.006053 0.005974 -0.089203, -0.001458 -0.007187 -0.062359, -0.002952 -0.008916 -0.070847, 
          -0.003984 -0.008991 -0.076757, -0.005343 -0.005775 -0.084653, -0.006902 -0.002506 -0.093719, -0.007451 -0.00081 -0.096929, 
          -0.007312 0.002544 -0.096266, 0.004224 0.009586 -0.066837, 0.004404 0.007373 -0.065719, 0.004365 0.001236 -0.06569, 
          0.004701 -0.003588 -0.063575, 0.002786 0.008425 -0.07502, 0.001097 0.00851 -0.084686, -0.001113 0.005804 -0.097234, 
          -0.000964 0.010692 -0.09658, -0.000284 0.011101 -0.092703, 0.004377 -0.007229 -0.065281, 0.00249 -0.006067 -0.076123, 
          0.001319 -0.004212 -0.082904, 2e-005 -0.007415 -0.090216, -0.001083 -0.008286 -0.096491, -0.00132 -0.006472 -0.097916, 
          -0.000879 -0.001465 -0.0956, 0.011067 0.007573 -0.063903, 0.010816 0.012 -0.065523, 0.009372 0.011465 -0.073771, 
          0.01082 0.000922 -0.065041, 0.009053 -0.001794 -0.069414, 0.008875 -0.005986 -0.075907, 0.007844 0.009961 -0.082446, 
          0.006297 0.011924 -0.091381, 0.004587 -0.001967 -0.100612, 0.004393 0.00479 -0.101999, 0.004559 0.012634 -0.10136, 
          0.008122 -0.007476 -0.080148, 0.006425 -0.008924 -0.089807, 0.006094 -0.010033 -0.096727, 0.005313 -0.007488 -0.101294, 
          0.005255 -0.006007 -0.101806, 0.016815 0.009007 -0.067385, 0.017353 0.005721 -0.064169, 0.017451 -0.000811 -0.063338, 
          0.016136 -0.006458 -0.070639, 0.01356 0.00969 -0.086043, 0.011494 0.011417 -0.097934, 0.011431 -0.001992 -0.097749, 
          0.011223 0.000789 -0.099054, 0.010979 0.006466 -0.100682, 0.011171 0.011412 -0.099781, 0.01559 -0.009308 -0.073642, 
          0.014124 -0.006605 -0.08215, 0.012082 -0.006072 -0.093852, 0.011014 -0.007055 -0.099941, 0.011147 -0.004553 -0.099275, 
          0.022744 0.005558 -0.069615, 0.020859 0.006719 -0.080456, 0.022406 0.006518 -0.071589, 0.023483 -0.001929 -0.065086, 
          0.023415 -0.005737 -0.065314, 0.02278 -0.007622 -0.068876, 0.022242 -0.007858 -0.071953, 0.018882 0.006971 -0.091785, 
          0.018275 0.006335 -0.09523, 0.017952 -0.004124 -0.096659, 0.018189 -0.002245 -0.095376, 0.018252 0.002869 -0.095215, 
          0.021713 -0.009799 -0.0749, 0.020847 -0.008734 -0.079892, 0.018541 -0.005932 -0.093204, 0.01814 -0.006563 -0.095479, 
          0.028566 0.003528 -0.072528, 0.026307 0.005194 -0.085526, 0.027208 -0.00388 -0.080004, 0.025728 0.002231 -0.088714, 
          0.024665 -0.000969 -0.094672, 0.028607 -0.002131 -0.081144, 0.027173 -0.000849 -0.089399]
        }
        creaseAngle 0.610865
        normal Normal { vector [
          # normals 99
          -0.984265 0.011936 0.176293, -0.884378 0.155129 0.440239, -0.881134 0.337451 0.331255, -0.898502 0.435855 0.052204, 
          -0.869961 -0.282957 0.40386, -0.679513 -0.733648 -0.004715, -0.622549 -0.607217 -0.493681, -0.899095 0.059706 -0.433663, 
          -0.658053 0.399097 0.638504, -0.642919 0.229425 0.730766, -0.624447 0.726816 0.286013, -0.545305 0.812575 -0.205826, 
          -0.451074 -0.320908 0.832797, 0.00186 -0.994146 0.108034, 0.161968 -0.875632 -0.45501, -0.238574 -0.634941 -0.734801, 
          -0.609178 0.316905 -0.726962, -0.300423 0.4212 0.855767, -0.066092 0.22686 0.971682, -0.246636 0.942233 0.226643, 
          -0.11655 0.990628 -0.071219, -0.490913 0.844728 -0.213165, 0.191785 -0.608722 0.769854, 0.368169 -0.929754 -0.003059, 
          0.426912 -0.868884 -0.250574, 0.223523 -0.947137 -0.23015, -0.282551 -0.79361 -0.538839, -0.210187 -0.403423 -0.890545, 
          -0.44274 0.573721 -0.689076, -0.301471 0.794507 0.527138, -0.067669 0.126459 0.989661, 0.185939 -0.236174 0.953755, 
          0.574257 0.059589 0.816503, -0.235551 0.971189 -0.036159, -0.268194 0.951036 0.153633, -0.559984 0.111464 -0.820971, 
          -0.744623 0.466683 -0.477225, -0.380108 0.91116 0.159076, 0.423532 -0.866679 0.263605, 0.145938 -0.985449 -0.087131, 
          -0.046851 -0.998635 0.02308, -0.30016 -0.932608 0.200366, -0.503841 -0.818145 -0.277096, -0.555042 -0.126821 -0.822098, 
          -0.402041 -0.070554 -0.912899, -0.027108 0.2658 0.963647, 0.066705 0.837196 0.542819, -0.059167 0.992021 -0.111326, 
          -0.187314 -0.322444 0.92787, -0.209881 -0.803791 0.55666, 0.113172 -0.867602 0.484209, -0.036964 0.998731 0.034212, 
          -0.011992 0.984959 0.172373, -0.197653 -0.097234 -0.975438, -0.236761 -0.06435 -0.969435, -0.079123 0.847 -0.525672, 
          -0.252674 -0.951218 0.177033, 0.020684 -0.985686 0.167317, 0.100825 -0.99129 -0.084725, -0.060611 -0.526594 -0.847953, 
          -0.114802 0.144096 -0.982882, 0.43496 0.868448 0.237924, 0.285738 0.346577 0.893442, -0.189359 -0.453221 0.871053, 
          -0.343368 -0.785723 0.514527, 0.296184 0.954067 0.045069, 0.400338 0.915672 -0.035695, 0.336647 0.183101 -0.923657, 
          0.370229 -0.236454 -0.898343, 0.41258 -0.02039 -0.910693, 0.51388 0.628708 -0.583656, -0.175726 -0.962266 0.207763, 
          0.017787 -0.993046 -0.116377, 0.171084 -0.984368 0.041834, 0.417308 -0.665306 -0.619049, 0.364284 0.127392 -0.922534, 
          0.564402 0.648555 0.510713, 0.33887 0.940167 -0.035414, 0.4248 0.897499 0.118491, 0.550944 0.20055 0.810087, 
          0.492145 -0.57083 0.657226, 0.277121 -0.938083 0.207857, 0.278494 -0.894529 0.349657, 0.529929 0.825351 -0.194864, 
          0.703943 0.441703 -0.556204, 0.303156 0.177885 -0.936191, 0.308717 0.314791 -0.897552, 0.584963 -0.038911 -0.810126, 
          0.384346 -0.918649 0.091442, 0.178094 -0.958369 -0.223184, 0.336884 -0.941086 -0.029443, 0.441195 -0.766797 -0.46623, 
          0.918489 0.274843 0.284321, 0.607451 0.756845 -0.241223, 0.758284 -0.651892 0.006469, 0.631597 0.491223 -0.59982, 
          0.700681 -0.402369 -0.589191, 0.852495 -0.515648 -0.085786, 0.932887 0.121457 -0.339072]
        }
        coordIndex [
          0, 1, 2, -1,0, 2, 3, -1,0, 4, 1, -1,0, 5, 4, -1,0, 6, 5, -1,0, 7, 6, -1,0, 3, 7, -1,
          2, 1, 8, -1,1, 9, 8, -1,1, 4, 9, -1,2, 8, 10, -1,3, 2, 10, -1,7, 3, 11, -1,3, 10, 
          11, -1,4, 12, 9, -1,4, 13, 12, -1,4, 5, 13, -1,5, 14, 13, -1,5, 6, 14, -1,6, 15, 
          14, -1,6, 7, 15, -1,7, 16, 15, -1,7, 11, 16, -1,10, 8, 17, -1,8, 18, 17, -1,8, 9, 
          18, -1,9, 12, 18, -1,10, 17, 19, -1,11, 10, 20, -1,10, 19, 20, -1,16, 11, 21, -1,
          11, 20, 21, -1,12, 22, 18, -1,12, 13, 22, -1,13, 23, 22, -1,13, 24, 23, -1,13, 14, 
          24, -1,14, 25, 24, -1,14, 26, 25, -1,14, 15, 26, -1,15, 27, 26, -1,15, 16, 27, -1,
          16, 28, 27, -1,16, 21, 28, -1,19, 17, 29, -1,17, 30, 29, -1,17, 18, 30, -1,18, 31, 
          30, -1,18, 32, 31, -1,18, 22, 32, -1,20, 19, 33, -1,19, 29, 33, -1,21, 20, 34, -1,
          20, 33, 34, -1,28, 21, 35, -1,21, 36, 35, -1,21, 37, 36, -1,21, 34, 37, -1,22, 38, 
          32, -1,22, 23, 38, -1,23, 39, 38, -1,23, 24, 39, -1,24, 40, 39, -1,24, 25, 40, -1,
          25, 41, 40, -1,25, 26, 41, -1,26, 42, 41, -1,26, 43, 42, -1,26, 44, 43, -1,26, 27, 
          44, -1,27, 35, 44, -1,27, 28, 35, -1,29, 45, 46, -1,29, 30, 45, -1,33, 29, 47, -1,
          29, 46, 47, -1,30, 48, 45, -1,30, 31, 48, -1,31, 49, 48, -1,31, 50, 49, -1,31, 32, 
          50, -1,32, 38, 50, -1,34, 33, 51, -1,33, 47, 51, -1,37, 34, 52, -1,34, 51, 52, -1,
          44, 35, 53, -1,35, 54, 53, -1,35, 36, 54, -1,36, 55, 54, -1,36, 37, 55, -1,37, 52, 
          55, -1,38, 39, 50, -1,39, 56, 50, -1,39, 40, 56, -1,40, 57, 56, -1,40, 41, 57, -1,
          41, 58, 57, -1,41, 42, 58, -1,42, 59, 58, -1,42, 43, 59, -1,43, 60, 59, -1,43, 44, 
          60, -1,44, 53, 60, -1,46, 45, 61, -1,45, 62, 61, -1,45, 48, 62, -1,47, 46, 61, -1,
          51, 47, 61, -1,48, 63, 62, -1,48, 49, 63, -1,49, 50, 63, -1,50, 64, 63, -1,50, 56, 
          64, -1,52, 51, 65, -1,51, 61, 65, -1,55, 52, 66, -1,52, 65, 66, -1,60, 53, 67, -1,
          53, 68, 67, -1,53, 54, 68, -1,54, 69, 68, -1,54, 55, 69, -1,55, 70, 69, -1,55, 66, 
          70, -1,56, 71, 64, -1,56, 72, 71, -1,56, 57, 72, -1,57, 73, 72, -1,57, 58, 73, -1,
          58, 74, 73, -1,58, 59, 74, -1,59, 75, 74, -1,59, 60, 75, -1,60, 67, 75, -1,61, 62, 
          76, -1,65, 61, 77, -1,61, 78, 77, -1,61, 76, 78, -1,62, 79, 76, -1,62, 63, 79, -1,
          63, 80, 79, -1,63, 64, 80, -1,64, 81, 80, -1,64, 82, 81, -1,64, 71, 82, -1,66, 65, 
          83, -1,65, 77, 83, -1,70, 66, 84, -1,66, 83, 84, -1,75, 67, 85, -1,67, 86, 85, -1,
          67, 68, 86, -1,68, 87, 86, -1,68, 69, 87, -1,69, 84, 87, -1,69, 70, 84, -1,71, 88, 
          82, -1,71, 89, 88, -1,71, 72, 89, -1,72, 73, 89, -1,73, 90, 89, -1,73, 91, 90, -1,
          73, 74, 91, -1,74, 75, 91, -1,75, 85, 91, -1,76, 79, 92, -1,78, 76, 92, -1,83, 77, 
          93, -1,77, 78, 93, -1,78, 92, 93, -1,79, 80, 92, -1,80, 94, 92, -1,80, 81, 94, -1,
          81, 82, 94, -1,82, 88, 94, -1,84, 83, 95, -1,83, 93, 95, -1,87, 84, 95, -1,91, 85, 
          96, -1,85, 86, 96, -1,86, 95, 96, -1,86, 87, 95, -1,88, 89, 94, -1,89, 96, 94, -1,
          89, 90, 96, -1,90, 91, 96, -1,92, 94, 97, -1,93, 92, 98, -1,92, 97, 98, -1,95, 93, 
          98, -1,94, 96, 97, -1,96, 95, 98, -1,96, 98, 97, -1
        ]
        normalPerVertex TRUE
        normalIndex [
          0, 1, 2, -1,0, 2, 3, -1,0, 4, 1, -1,0, 5, 4, -1,0, 6, 5, -1,0, 7, 6, -1,0, 3, 7, -1,
          2, 1, 8, -1,1, 9, 8, -1,1, 4, 9, -1,2, 8, 10, -1,3, 2, 10, -1,7, 3, 11, -1,3, 10, 
          11, -1,4, 12, 9, -1,4, 13, 12, -1,4, 5, 13, -1,5, 14, 13, -1,5, 6, 14, -1,6, 15, 
          14, -1,6, 7, 15, -1,7, 16, 15, -1,7, 11, 16, -1,10, 8, 17, -1,8, 18, 17, -1,8, 9, 
          18, -1,9, 12, 18, -1,10, 17, 19, -1,11, 10, 20, -1,10, 19, 20, -1,16, 11, 21, -1,
          11, 20, 21, -1,12, 22, 18, -1,12, 13, 22, -1,13, 23, 22, -1,13, 24, 23, -1,13, 14, 
          24, -1,14, 25, 24, -1,14, 26, 25, -1,14, 15, 26, -1,15, 27, 26, -1,15, 16, 27, -1,
          16, 28, 27, -1,16, 21, 28, -1,19, 17, 29, -1,17, 30, 29, -1,17, 18, 30, -1,18, 31, 
          30, -1,18, 32, 31, -1,18, 22, 32, -1,20, 19, 33, -1,19, 29, 33, -1,21, 20, 34, -1,
          20, 33, 34, -1,28, 21, 35, -1,21, 36, 35, -1,21, 37, 36, -1,21, 34, 37, -1,22, 38, 
          32, -1,22, 23, 38, -1,23, 39, 38, -1,23, 24, 39, -1,24, 40, 39, -1,24, 25, 40, -1,
          25, 41, 40, -1,25, 26, 41, -1,26, 42, 41, -1,26, 43, 42, -1,26, 44, 43, -1,26, 27, 
          44, -1,27, 35, 44, -1,27, 28, 35, -1,29, 45, 46, -1,29, 30, 45, -1,33, 29, 47, -1,
          29, 46, 47, -1,30, 48, 45, -1,30, 31, 48, -1,31, 49, 48, -1,31, 50, 49, -1,31, 32, 
          50, -1,32, 38, 50, -1,34, 33, 51, -1,33, 47, 51, -1,37, 34, 52, -1,34, 51, 52, -1,
          44, 35, 53, -1,35, 54, 53, -1,35, 36, 54, -1,36, 55, 54, -1,36, 37, 55, -1,37, 52, 
          55, -1,38, 39, 50, -1,39, 56, 50, -1,39, 40, 56, -1,40, 57, 56, -1,40, 41, 57, -1,
          41, 58, 57, -1,41, 42, 58, -1,42, 59, 58, -1,42, 43, 59, -1,43, 60, 59, -1,43, 44, 
          60, -1,44, 53, 60, -1,46, 45, 61, -1,45, 62, 61, -1,45, 48, 62, -1,47, 46, 61, -1,
          51, 47, 61, -1,48, 63, 62, -1,48, 49, 63, -1,49, 50, 63, -1,50, 64, 63, -1,50, 56, 
          64, -1,52, 51, 65, -1,51, 61, 65, -1,55, 52, 66, -1,52, 65, 66, -1,60, 53, 67, -1,
          53, 68, 67, -1,53, 54, 68, -1,54, 69, 68, -1,54, 55, 69, -1,55, 70, 69, -1,55, 66, 
          70, -1,56, 71, 64, -1,56, 72, 71, -1,56, 57, 72, -1,57, 73, 72, -1,57, 58, 73, -1,
          58, 74, 73, -1,58, 59, 74, -1,59, 75, 74, -1,59, 60, 75, -1,60, 67, 75, -1,61, 62, 
          76, -1,65, 61, 77, -1,61, 78, 77, -1,61, 76, 78, -1,62, 79, 76, -1,62, 63, 79, -1,
          63, 80, 79, -1,63, 64, 80, -1,64, 81, 80, -1,64, 82, 81, -1,64, 71, 82, -1,66, 65, 
          83, -1,65, 77, 83, -1,70, 66, 84, -1,66, 83, 84, -1,75, 67, 85, -1,67, 86, 85, -1,
          67, 68, 86, -1,68, 87, 86, -1,68, 69, 87, -1,69, 84, 87, -1,69, 70, 84, -1,71, 88, 
          82, -1,71, 89, 88, -1,71, 72, 89, -1,72, 73, 89, -1,73, 90, 89, -1,73, 91, 90, -1,
          73, 74, 91, -1,74, 75, 91, -1,75, 85, 91, -1,76, 79, 92, -1,78, 76, 92, -1,83, 77, 
          93, -1,77, 78, 93, -1,78, 92, 93, -1,79, 80, 92, -1,80, 94, 92, -1,80, 81, 94, -1,
          81, 82, 94, -1,82, 88, 94, -1,84, 83, 95, -1,83, 93, 95, -1,87, 84, 95, -1,91, 85, 
          96, -1,85, 86, 96, -1,86, 95, 96, -1,86, 87, 95, -1,88, 89, 94, -1,89, 96, 94, -1,
          89, 90, 96, -1,90, 91, 96, -1,92, 94, 97, -1,93, 92, 98, -1,92, 97, 98, -1,95, 93, 
          98, -1,94, 96, 97, -1,96, 95, 98, -1,96, 98, 97, -1
        ]
      }
    }
  ]
}
DEF object3 Transform {
  children [
    Shape {
      appearance Appearance {
        material Material {
          diffuseColor 0.800000 0.800000 0.800000
          emissiveColor 0.000000 0.000000 0.000000
          specularColor 0.400000 0.400000 0.400000
          ambientIntensity 0.200000
          shininess 0.250000
        }
      }
      geometry IndexedFaceSet {
        coord Coordinate { point [
          # points 1000
          0.134007 -0.038139 0.068653, 0.134969 -0.042318 0.07095, 0.133687 -0.041244 0.062569, 0.130112 -0.03484 0.070796, 
          0.130824 -0.041078 0.07483, 0.132927 -0.035493 0.065086, 0.131082 -0.044981 0.067026, 0.126867 -0.04522 0.069793, 
          0.132309 -0.034884 0.061475, 0.132033 -0.03689 0.059019, 0.132121 -0.039864 0.058357, 0.130947 -0.042401 0.058335, 
          0.129482 -0.044481 0.059995, 0.12935 -0.045173 0.063077, 0.128782 -0.031193 0.065845, 0.126547 -0.032619 0.071072, 
          0.125468 -0.038427 0.073867, 0.121485 -0.044321 0.070686, 0.124311 -0.046339 0.064279, 0.120612 -0.045738 0.064909, 
          0.128028 -0.030655 0.060729, 0.128833 -0.03414 0.056831, 0.129485 -0.039023 0.055425, 0.126734 -0.042816 0.056047, 
          0.124141 -0.045473 0.059303, 0.1267 -0.030567 0.066001, 0.124131 -0.033003 0.069929, 0.121631 -0.037292 0.07125, 
          0.119219 -0.04123 0.069144, 0.117479 -0.043036 0.06489, 0.119005 -0.045846 0.058983, 0.11739 -0.042884 0.060036, 
          0.125885 -0.029883 0.059795, 0.125756 -0.032079 0.055118, 0.12635 -0.038066 0.054208, 0.123037 -0.042286 0.055365, 
          0.124786 -0.030277 0.065559, 0.116745 -0.031201 0.069222, 0.114519 -0.034861 0.07055, 0.111366 -0.037502 0.068329, 
          0.108931 -0.038126 0.064812, 0.109283 -0.038111 0.061159, 0.119789 -0.040886 0.056059, 0.113836 -0.038494 0.056626, 
          0.124138 -0.029733 0.060623, 0.124335 -0.032303 0.056022, 0.123082 -0.037061 0.054366, 0.117561 -0.028838 0.065501, 
          0.102133 -0.025783 0.071315, 0.099775 -0.030252 0.073003, 0.097959 -0.034132 0.069966, 0.096682 -0.035343 0.065357, 
          0.0969 -0.034595 0.06131, 0.103872 -0.033948 0.05864, 0.117956 -0.03534 0.054863, 0.106601 -0.031331 0.057999, 
          0.117454 -0.028527 0.06109, 0.118168 -0.030874 0.056845, 0.103422 -0.023383 0.066845, 0.087234 -0.018499 0.075682, 
          0.084316 -0.025437 0.079459, 0.082278 -0.032365 0.074783, 0.081268 -0.034989 0.0671, 0.081129 -0.033475 0.060363, 
          0.081774 -0.027784 0.057193, 0.087751 -0.024594 0.05935, 0.107353 -0.027802 0.058624, 0.0883 -0.020195 0.059444, 
          0.103623 -0.023286 0.062049, 0.08872 -0.016094 0.06852, 0.081065 -0.015931 0.076155, 0.078632 -0.023293 0.080319, 
          0.075585 -0.031083 0.07654, 0.073414 -0.03489 0.06828, 0.073232 -0.033354 0.059939, 0.076888 -0.027133 0.056878, 
          0.080438 -0.022149 0.058564, 0.080909 -0.017258 0.059381, 0.088616 -0.016087 0.06257, 0.081052 -0.01302 0.062774, 
          0.081571 -0.013065 0.068872, 0.077097 -0.014086 0.075604, 0.07508 -0.021461 0.080592, 0.071117 -0.029871 0.077553, 
          0.06748 -0.034817 0.069332, 0.06613 -0.033682 0.059035, 0.072527 -0.026345 0.056555, 0.077913 -0.021023 0.057596, 
          0.076973 -0.015552 0.058469, 0.076211 -0.011187 0.062655, 0.07724 -0.012775 0.06837, 0.076008 -0.016437 0.072301, 
          0.075805 -0.021538 0.07658, 0.071732 -0.027186 0.074601, 0.067969 -0.03036 0.068568, 0.067114 -0.029576 0.061429, 
          0.070221 -0.024745 0.058148, 0.074 -0.020385 0.059112, 0.073986 -0.01656 0.060988, 0.073668 -0.015295 0.063614, 
          0.073101 -0.015281 0.066821, 0.074972 -0.017889 0.069016, 0.075337 -0.020752 0.071909, 0.072828 -0.024124 0.071204, 
          0.07006 -0.026178 0.067772, 0.069127 -0.02594 0.063342, 0.07012 -0.023114 0.060802, 0.071861 -0.020005 0.060836, 
          0.073028 -0.018019 0.062291, 0.07358 -0.017489 0.064476, 0.073632 -0.017364 0.065883, 0.072288 -0.020255 0.065437, 
          0.129867 -0.039669 0.095979, 0.126946 -0.041756 0.097377, 0.128603 -0.042208 0.091821, 0.125332 -0.037436 0.096058, 
          0.122071 -0.039711 0.097167, 0.132074 -0.039259 0.093412, 0.124796 -0.044275 0.095026, 0.12054 -0.043087 0.095864, 
          0.132276 -0.039136 0.090749, 0.1312 -0.040508 0.088783, 0.129827 -0.042344 0.088289, 0.127551 -0.044101 0.087851, 
          0.125055 -0.045104 0.089389, 0.124257 -0.045411 0.092086, 0.128153 -0.036771 0.093352, 0.121529 -0.035746 0.095297, 
          0.118028 -0.037644 0.096387, 0.116854 -0.040919 0.095239, 0.119921 -0.045296 0.092398, 0.116441 -0.04306 0.092137, 
          0.128688 -0.036915 0.090334, 0.128034 -0.038732 0.088333, 0.126788 -0.041006 0.087703, 0.12376 -0.043188 0.086249, 
          0.119993 -0.046038 0.088074, 0.125672 -0.035571 0.09302, 0.11713 -0.033917 0.09445, 0.11086 -0.034057 0.09352, 
          0.112694 -0.037696 0.093472, 0.114295 -0.040164 0.091569, 0.116021 -0.043486 0.087919, 0.115018 -0.040445 0.088856, 
          0.125887 -0.035696 0.090123, 0.12533 -0.037622 0.088314, 0.124096 -0.039791 0.087691, 0.120658 -0.041555 0.08688, 
          0.123577 -0.033664 0.093125, 0.0992 -0.025971 0.092082, 0.07824 -0.018791 0.089987, 0.094304 -0.028255 0.090725, 
          0.107932 -0.035408 0.090501, 0.110075 -0.036354 0.088957, 0.117795 -0.039759 0.087131, 0.113296 -0.036663 0.087867, 
          0.123468 -0.034177 0.089752, 0.122739 -0.036049 0.087601, 0.121098 -0.038323 0.086877, 0.12021 -0.033252 0.092408, 
          0.094049 -0.022441 0.093186, 0.069294 -0.014872 0.092312, 0.08354 -0.023996 0.090531, 0.0956 -0.029213 0.089127, 
          0.098803 -0.030456 0.087897, 0.104924 -0.03221 0.087531, 0.116782 -0.03629 0.087525, 0.109185 -0.03263 0.087154, 
          0.120372 -0.033337 0.089643, 0.11904 -0.034802 0.087799, 0.11816 -0.031598 0.092441, 0.089167 -0.020623 0.092047, 
          0.065334 -0.013012 0.091811, 0.073821 -0.020119 0.090424, 0.082198 -0.024921 0.088154, 0.084727 -0.025482 0.085829, 
          0.08815 -0.025397 0.084424, 0.092553 -0.024785 0.084648, 0.114621 -0.032764 0.087161, 0.102587 -0.027142 0.085984, 
          0.117256 -0.0318 0.089311, 0.112103 -0.030278 0.091344, 0.072479 -0.012721 0.091151, 0.060742 -0.010987 0.092847, 
          0.066086 -0.018494 0.091259, 0.072914 -0.024075 0.088251, 0.073704 -0.023538 0.083606, 0.074408 -0.020134 0.081425, 
          0.077186 -0.017603 0.082273, 0.078898 -0.015533 0.083354, 0.105982 -0.027267 0.088359, 0.080062 -0.014327 0.085693, 
          0.07955 -0.01431 0.088646, 0.064602 -0.008768 0.090452, 0.058628 -0.010395 0.091775, 0.059928 -0.017258 0.092021, 
          0.062787 -0.025923 0.088976, 0.064993 -0.023894 0.081508, 0.068172 -0.018988 0.078601, 0.070462 -0.014549 0.079746, 
          0.071381 -0.011317 0.081612, 0.071535 -0.009486 0.084524, 0.070466 -0.009231 0.087882, 0.060062 -0.006763 0.08958, 
          0.053854 -0.007604 0.090117, 0.056292 -0.014953 0.091975, 0.058869 -0.021509 0.087707, 0.060243 -0.02162 0.081359, 
          0.063307 -0.017379 0.077688, 0.066474 -0.01279 0.077806, 0.067336 -0.009046 0.080459, 0.066689 -0.007401 0.084008, 
          0.065799 -0.007138 0.087322, 0.060109 -0.007246 0.088923, 0.056852 -0.00881 0.08801, 0.057196 -0.01267 0.089048, 
          0.058026 -0.017224 0.08715, 0.05876 -0.017766 0.082701, 0.059527 -0.014652 0.079437, 0.059437 -0.009165 0.07775, 
          0.062152 -0.006269 0.07982, 0.063957 -0.00515 0.083528, 0.063663 -0.005328 0.087385, 0.058775 -0.00943 0.084769, 
          0.117802 -0.043465 0.108744, 0.117685 -0.044779 0.109442, 0.117511 -0.0448 0.106413, 0.11612 -0.041876 0.109461, 
          0.114694 -0.043668 0.109935, 0.118155 -0.042624 0.107506, 0.114563 -0.046039 0.108864, 0.111791 -0.045458 0.110396, 
          0.118347 -0.042445 0.105984, 0.118306 -0.043103 0.10473, 0.118453 -0.044713 0.10426, 0.115991 -0.045428 0.103403, 
          0.113578 -0.046656 0.104219, 0.112899 -0.046918 0.106719, 0.116973 -0.040544 0.107729, 0.11353 -0.04051 0.109457, 
          0.111956 -0.042277 0.109706, 0.10916 -0.043724 0.109506, 0.10848 -0.047219 0.107549, 0.10696 -0.044691 0.10689, 
          0.117207 -0.040402 0.105292, 0.116981 -0.041726 0.103454, 0.115995 -0.043479 0.102634, 0.112919 -0.044902 0.101996, 
          0.109758 -0.046341 0.103573, 0.114684 -0.039042 0.107639, 0.110948 -0.038768 0.110071, 0.109298 -0.041084 0.111364, 
          0.106852 -0.042538 0.109145, 0.105204 -0.042355 0.10623, 0.107236 -0.044609 0.103651, 0.105033 -0.041948 0.104003, 
          0.114964 -0.038929 0.104907, 0.114212 -0.040183 0.102794, 0.112739 -0.041952 0.10186, 0.109958 -0.043437 0.101789, 
          0.112119 -0.037195 0.107597, 0.107869 -0.037342 0.10969, 0.106847 -0.039911 0.110782, 0.100285 -0.038443 0.107719, 
          0.096454 -0.036846 0.105168, 0.097004 -0.036962 0.103624, 0.107038 -0.041602 0.102155, 0.102625 -0.038868 0.102619, 
          0.112302 -0.037083 0.104376, 0.111458 -0.038585 0.102051, 0.109628 -0.040439 0.10136, 0.105592 -0.034634 0.10677, 
          0.093061 -0.030625 0.107912, 0.104141 -0.03849 0.108574, 0.090997 -0.033976 0.106146, 0.078323 -0.028508 0.103216, 
          0.080468 -0.029572 0.101661, 0.085665 -0.030859 0.100762, 0.104093 -0.037838 0.101704, 0.090765 -0.03148 0.100669, 
          0.10453 -0.03391 0.103833, 0.104379 -0.035612 0.101877, 0.086362 -0.025164 0.105003, 0.077649 -0.023454 0.106249, 
          0.077765 -0.026328 0.106222, 0.072095 -0.025868 0.105204, 0.067269 -0.026248 0.103004, 0.068782 -0.026272 0.099533, 
          0.06987 -0.024911 0.097199, 0.07246 -0.022978 0.096679, 0.087882 -0.027865 0.100001, 0.076347 -0.021646 0.097833, 
          0.08644 -0.024939 0.101963, 0.078164 -0.021088 0.104397, 0.065755 -0.017153 0.106579, 0.064442 -0.02052 0.107707, 
          0.062916 -0.024078 0.106562, 0.0615 -0.026217 0.10271, 0.061872 -0.025672 0.097896, 0.064042 -0.023077 0.09506, 
          0.065941 -0.019784 0.09461, 0.066949 -0.016614 0.096275, 0.078318 -0.020903 0.101071, 0.06732 -0.014963 0.09974, 
          0.067006 -0.015272 0.10361, 0.059193 -0.013749 0.106255, 0.057357 -0.017153 0.106976, 0.05614 -0.021601 0.106744, 
          0.055401 -0.025346 0.102749, 0.056319 -0.024986 0.09683, 0.059583 -0.021754 0.093903, 0.062315 -0.018212 0.094155, 
          0.062372 -0.014149 0.095434, 0.061615 -0.011268 0.098848, 0.060956 -0.011401 0.103309, 0.055785 -0.012077 0.105838, 
          0.053765 -0.015246 0.10655, 0.05087 -0.01902 0.106976, 0.048554 -0.022561 0.10269, 0.049065 -0.022249 0.095959, 
          0.054648 -0.019413 0.093977, 0.058118 -0.01645 0.094139, 0.058669 -0.012838 0.095339, 0.058239 -0.010096 0.098454, 
          0.057569 -0.010001 0.10272, 0.052466 -0.011289 0.104556, 0.050328 -0.013518 0.105371, 0.05028 -0.016543 0.104157, 
          0.050778 -0.018298 0.101866, 0.050973 -0.018603 0.098595, 0.052794 -0.017571 0.096086, 0.05513 -0.015495 0.095246, 
          0.055659 -0.012856 0.096156, 0.055228 -0.010886 0.098424, 0.054693 -0.010555 0.101438, 0.052844 -0.014404 0.100104, 
          0.103677 -0.038625 0.124102, 0.102437 -0.040811 0.124188, 0.10506 -0.040996 0.120896, 0.100624 -0.036468 0.124413, 
          0.098868 -0.039372 0.124922, 0.106379 -0.036927 0.122565, 0.102758 -0.042878 0.123043, 0.098776 -0.042528 0.123806, 
          0.106891 -0.036927 0.119662, 0.105355 -0.03836 0.118127, 0.104379 -0.040283 0.117643, 0.104992 -0.042942 0.118256, 
          0.104946 -0.044176 0.119851, 0.104616 -0.044176 0.12172, 0.102493 -0.034722 0.122063, 0.097773 -0.035766 0.123161, 
          0.096576 -0.038279 0.123569, 0.09603 -0.041207 0.123183, 0.099548 -0.044471 0.121244, 0.096123 -0.043618 0.120935, 
          0.102966 -0.034754 0.118833, 0.102095 -0.036716 0.116568, 0.101066 -0.039335 0.116, 0.100749 -0.042139 0.116485, 
          0.100328 -0.044236 0.118386, 0.098979 -0.033907 0.121186, 0.094259 -0.034576 0.122666, 0.093527 -0.036894 0.12206, 
          0.092948 -0.038762 0.121392, 0.092825 -0.04006 0.11986, 0.096715 -0.044856 0.117224, 0.093182 -0.040305 0.117862, 
          0.099399 -0.033946 0.118289, 0.099042 -0.036038 0.116427, 0.098406 -0.038568 0.116071, 0.097809 -0.041303 0.116103, 
          0.095103 -0.032766 0.120397, 0.087578 -0.032796 0.119899, 0.086995 -0.034344 0.119385, 0.086673 -0.035385 0.118987, 
          0.086487 -0.036031 0.118177, 0.086611 -0.03616 0.117062, 0.093836 -0.038994 0.116603, 0.086683 -0.035578 0.115841, 
          0.095653 -0.032865 0.117733, 0.095461 -0.03513 0.116382, 0.094875 -0.037307 0.116595, 0.091798 -0.031989 0.119851, 
          0.069532 -0.025846 0.117366, 0.071291 -0.028817 0.117101, 0.071866 -0.03058 0.116746, 0.072509 -0.031762 0.115693, 
          0.072883 -0.031713 0.114191, 0.073579 -0.0313 0.112763, 0.087146 -0.034233 0.115242, 0.073694 -0.029104 0.111758, 
          0.088099 -0.030611 0.116712, 0.090606 -0.033678 0.115673, 0.068136 -0.022657 0.115844, 0.058074 -0.020855 0.116644, 
          0.058671 -0.024489 0.117223, 0.058476 -0.027574 0.116373, 0.058582 -0.029514 0.113892, 0.05933 -0.029244 0.11093, 
          0.058755 -0.026831 0.108703, 0.061176 -0.024551 0.109137, 0.071506 -0.025685 0.11159, 0.060067 -0.021184 0.109207, 
          0.068638 -0.022616 0.113048, 0.057794 -0.018173 0.11422, 0.050607 -0.018035 0.115568, 0.051207 -0.021876 0.116633, 
          0.051302 -0.026113 0.11638, 0.051767 -0.029516 0.113402, 0.052729 -0.029192 0.109111, 0.053963 -0.02582 0.106964, 
          0.054487 -0.022214 0.107098, 0.052907 -0.018426 0.107669, 0.058509 -0.018255 0.111027, 0.050703 -0.015524 0.109653, 
          0.050099 -0.015443 0.112874, 0.045071 -0.015816 0.11488, 0.045952 -0.020055 0.116599, 0.045946 -0.025028 0.116384, 
          0.046306 -0.029015 0.112877, 0.04739 -0.028701 0.107808, 0.048809 -0.024602 0.105382, 0.049373 -0.020427 0.105802, 
          0.047665 -0.016505 0.106592, 0.04528 -0.013621 0.108661, 0.044346 -0.013422 0.1118, 0.039854 -0.014302 0.113125, 
          0.039205 -0.017417 0.11439, 0.039294 -0.022565 0.116147, 0.041224 -0.029543 0.113216, 0.042467 -0.029543 0.106162, 
          0.044213 -0.023535 0.104344, 0.044607 -0.018941 0.104835, 0.043728 -0.015429 0.105998, 0.042153 -0.013204 0.10815, 
          0.041161 -0.012913 0.110887, 0.037397 -0.014311 0.111565, 0.035633 -0.015735 0.112056, 0.037771 -0.020579 0.114153, 
          0.039926 -0.024958 0.112078, 0.041011 -0.025564 0.107852, 0.041703 -0.022066 0.1056, 0.041654 -0.018319 0.106022, 
          0.041115 -0.015838 0.106823, 0.040163 -0.014311 0.108145, 0.039425 -0.013956 0.109886, 0.039348 -0.017683 0.109313, 
          0.09171 -0.038495 0.135336, 0.09068 -0.039534 0.136768, 0.093561 -0.040135 0.133332, 0.090092 -0.037524 0.135457, 
          0.08836 -0.038934 0.137031, 0.092706 -0.038384 0.133962, 0.089914 -0.041159 0.134886, 0.087043 -0.041066 0.135355, 
          0.093114 -0.038382 0.132888, 0.093501 -0.038803 0.131839, 0.094061 -0.040158 0.130991, 0.092199 -0.040878 0.131033, 
          0.090546 -0.041481 0.131734, 0.08986 -0.041608 0.133081, 0.091333 -0.037088 0.133823, 0.087897 -0.036406 0.135272, 
          0.086466 -0.038445 0.135706, 0.084312 -0.040288 0.134784, 0.086475 -0.042193 0.132965, 0.082903 -0.04156 0.132436, 
          0.091805 -0.037097 0.132214, 0.092242 -0.037931 0.130699, 0.092505 -0.03967 0.129345, 0.089874 -0.041435 0.129225, 
          0.087407 -0.042109 0.130726, 0.088914 -0.035707 0.133445, 0.085407 -0.035821 0.134612, 0.084749 -0.037884 0.134949, 
          0.08249 -0.039427 0.133977, 0.08065 -0.040374 0.131825, 0.082735 -0.042083 0.129486, 0.081138 -0.040396 0.129544, 
          0.089493 -0.035706 0.131477, 0.090167 -0.037181 0.130044, 0.090157 -0.039119 0.129468, 0.087225 -0.040603 0.129069, 
          0.086088 -0.034392 0.132911, 0.082139 -0.034908 0.13394, 0.082162 -0.03722 0.135342, 0.08131 -0.038955 0.133534, 
          0.080961 -0.039078 0.131443, 0.08127 -0.039092 0.129995, 0.085354 -0.039804 0.128834, 0.084899 -0.039705 0.1287, 
          0.086683 -0.034537 0.130669, 0.08836 -0.036299 0.129129, 0.089385 -0.038851 0.129437, 0.081582 -0.033808 0.131789, 
          0.076493 -0.033415 0.13267, 0.079408 -0.036392 0.13316, 0.073118 -0.036088 0.130997, 0.067046 -0.035257 0.128467, 
          0.068828 -0.035631 0.12724, 0.076345 -0.037469 0.126739, 0.088894 -0.038647 0.127828, 0.085853 -0.03778 0.126432, 
          0.08205 -0.033774 0.129862, 0.085851 -0.035611 0.128598, 0.072112 -0.030638 0.129893, 0.053599 -0.027271 0.128084, 
          0.052769 -0.02952 0.128632, 0.05146 -0.03189 0.127802, 0.049845 -0.033253 0.125187, 0.052798 -0.033369 0.123059, 
          0.066137 -0.03478 0.124428, 0.082388 -0.036919 0.12758, 0.080483 -0.033457 0.126581, 0.068618 -0.031133 0.125257, 
          0.072993 -0.030708 0.127673, 0.055607 -0.026253 0.126616, 0.039969 -0.021318 0.127967, 0.032578 -0.024387 0.12839, 
          0.032463 -0.029999 0.127585, 0.033392 -0.034249 0.123275, 0.03181 -0.0352 0.116475, 0.05183 -0.032911 0.118451, 
          0.065324 -0.032404 0.124224, 0.060509 -0.028585 0.123121, 0.054445 -0.026023 0.123949, 0.050818 -0.023097 0.122554, 
          0.048417 -0.023064 0.125569, 0.032906 -0.0197 0.126017, 0.018869 -0.02007 0.125711, 0.021944 -0.027412 0.127024, 
          0.026659 -0.0332 0.122558, 0.027767 -0.034986 0.115335, 0.040929 -0.030893 0.116155, 0.051378 -0.028639 0.120073, 
          0.051017 -0.025535 0.120935, 0.047377 -0.022407 0.122095, 0.043983 -0.021501 0.124586, 0.03012 -0.019199 0.12505, 
          0.020984 -0.020557 0.124183, 0.021767 -0.025755 0.124919, 0.023338 -0.031127 0.121786, 0.024658 -0.031187 0.11561, 
          0.034995 -0.029116 0.114945, 0.042992 -0.026342 0.116731, 0.04336 -0.022832 0.118199, 0.041292 -0.020167 0.120538, 
          0.039372 -0.01905 0.123845, 0.031513 -0.020071 0.123945, 0.026202 -0.021668 0.124066, 0.025034 -0.0252 0.123966, 
          0.025736 -0.028884 0.121687, 0.027376 -0.029563 0.117615, 0.033851 -0.028037 0.115531, 0.038383 -0.025554 0.116422, 
          0.039158 -0.022564 0.117612, 0.037815 -0.020351 0.119647, 0.036389 -0.019755 0.122301, 0.031824 -0.023656 0.120191, 
          0.067768 -0.009452 0.073821, 0.068013 -0.008889 0.071464, 0.067579 -0.005764 0.073229, 0.067919 -0.00889 0.074876, 
          0.06716 -0.013264 0.076264, 0.067918 -0.013263 0.068719, 0.063001 -0.009443 0.069686, 0.061633 -0.013991 0.066393, 
          0.058962 -0.008874 0.069171, 0.062501 -0.009443 0.072879, 0.061918 -0.013406 0.0742, 0.067401 -0.018264 0.074847, 
          0.069567 -0.017892 0.071707, 0.067487 -0.019382 0.068155, 0.064352 -0.018992 0.065182, 0.056407 -0.013457 0.065398, 
          0.063617 -0.018545 0.063365, 0.060928 -0.019103 0.063319, 0.056727 -0.018603 0.062519, 0.052104 -0.013238 0.06555, 
          0.056855 -0.013744 0.070212, 0.060064 -0.018514 0.072323, 0.069239 -0.024517 0.075171, 0.068031 -0.024498 0.071972, 
          0.067853 -0.024815 0.063629, 0.064116 -0.024571 0.062303, 0.05062 -0.01849 0.062157, 0.059209 -0.02457 0.061693, 
          0.052544 -0.024544 0.059395, 0.047838 -0.018231 0.063782, 0.055007 -0.018243 0.068473, 0.058004 -0.02452 0.070179, 
          0.063277 -0.031164 0.075026, 0.058037 -0.030749 0.072054, 0.066417 -0.030611 0.067433, 0.064938 -0.030568 0.062646, 
          0.060343 -0.031155 0.058197, 0.047205 -0.024479 0.059038, 0.055246 -0.03023 0.057226, 0.048625 -0.03073 0.055607, 
          0.047561 -0.025104 0.061544, 0.046032 -0.024479 0.065686, 0.047452 -0.02448 0.066634, 0.051522 -0.025114 0.06698, 
          0.053677 -0.030741 0.067985, 0.060606 -0.033758 0.066016, 0.059151 -0.033353 0.065602, 0.053485 -0.03317 0.065081, 
          0.061143 -0.033646 0.062923, 0.056739 -0.033478 0.059369, 0.046408 -0.030726 0.056295, 0.053689 -0.033863 0.056373, 
          0.049688 -0.033857 0.057825, 0.047121 -0.029854 0.06114, 0.044711 -0.030726 0.065199, 0.044691 -0.030727 0.06748, 
          0.047074 -0.030731 0.068725, 0.049085 -0.030734 0.067747, 0.05671 -0.034452 0.061274, 0.049771 -0.032958 0.063464, 
          0.057411 -0.015958 0.078392, 0.057144 -0.020121 0.07995, 0.056947 -0.025621 0.081103, 0.05647 -0.014002 0.083881, 
          0.056262 -0.010977 0.085101, 0.056025 -0.008944 0.082662, 0.056154 -0.008749 0.079241, 0.056668 -0.009855 0.074557, 
          0.058526 -0.014895 0.071887, 0.058027 -0.021015 0.074801, 0.057365 -0.025759 0.078663, 0.05182 -0.018683 0.080491, 
          0.051369 -0.012593 0.083121, 0.051818 -0.022595 0.080502, 0.050853 -0.009052 0.086126, 0.051051 -0.004102 0.084975, 
          0.052059 -0.005868 0.077876, 0.053293 -0.006165 0.071896, 0.053295 -0.010047 0.07121, 0.053688 -0.013108 0.069593, 
          0.05237 -0.017804 0.074229, 0.052351 -0.021755 0.077139, 0.046678 -0.021152 0.079971, 0.046565 -0.015552 0.080628, 
          0.046132 -0.010737 0.083152, 0.046371 -0.007763 0.084814, 0.045876 -0.004583 0.084646, 0.04645 -0.004977 0.081197, 
          0.047712 -0.004992 0.076854, 0.04786 -0.006906 0.073261, 0.048543 -0.010209 0.072094, 0.047712 -0.015108 0.073929, 
          0.047224 -0.019858 0.076506, 0.041247 -0.021289 0.081132, 0.041421 -0.023971 0.080115, 0.04112 -0.014483 0.081877, 
          0.040643 -0.010083 0.084656, 0.040597 -0.007058 0.084926, 0.043326 -0.00729 0.076883, 0.04263 -0.010496 0.073068, 
          0.042048 -0.020671 0.076456, 0.041688 -0.01421 0.079054, 0.040127 -0.008855 0.092027, 0.045922 -0.010127 0.100317, 
          0.048528 -0.010127 0.09957, 0.038739 -0.010127 0.096067, 0.032192 -0.010127 0.096118, 0.029408 -0.010127 0.091757, 
          0.028263 -0.010127 0.085652, 0.033121 -0.010127 0.084733, 0.036205 -0.010127 0.086673, 0.043338 -0.010127 0.085454, 
          0.048654 -0.010127 0.086265, 0.050591 -0.010127 0.090033, 0.048579 -0.010127 0.095327, 0.049719 -0.015752 0.099654, 
          0.044163 -0.015856 0.098029, 0.049264 -0.01544 0.095117, 0.040352 -0.015752 0.093751, 0.035823 -0.015252 0.095287, 
          0.032717 -0.015814 0.0941, 0.031085 -0.015861 0.090601, 0.029747 -0.015752 0.08731, 0.032365 -0.015856 0.086714, 
          0.03634 -0.015865 0.086502, 0.04171 -0.015866 0.087901, 0.046953 -0.015263 0.08818, 0.049015 -0.015789 0.090145, 
          0.045251 -0.022011 0.097939, 0.04791 -0.022674 0.097736, 0.04019 -0.022002 0.094674, 0.048427 -0.022002 0.09403, 
          0.03734 -0.022002 0.096075, 0.033891 -0.022016 0.09308, 0.031436 -0.021389 0.090461, 0.030957 -0.022002 0.087652, 
          0.035375 -0.02202 0.087765, 0.040531 -0.022022 0.089548, 0.045975 -0.020934 0.090756, 0.044513 -0.028252 0.094991, 
          0.039976 -0.02682 0.094473, 0.041955 -0.026732 0.091153, 0.044856 -0.028252 0.092322, 0.036554 -0.027017 0.093892, 
          0.03293 -0.028252 0.089776, 0.035591 -0.028252 0.087643, 0.038921 -0.028252 0.088548, 0.03977 -0.029815 0.092377, 
          0.014178 -0.023374 0.113508, 0.015325 -0.024231 0.115909, 0.015679 -0.021029 0.113898, 0.014949 -0.026261 0.118042, 
          0.014165 -0.02653 0.112644, 0.016492 -0.024737 0.108435, 0.020969 -0.015661 0.110621, 0.017729 -0.022282 0.113623, 
          0.0222 -0.019645 0.100976, 0.021634 -0.016279 0.10654, 0.011793 -0.030629 0.11346, 0.017402 -0.026065 0.115787, 
          0.015815 -0.029546 0.117373, 0.016437 -0.030932 0.11431, 0.014596 -0.028932 0.107102, 0.019736 -0.025848 0.095132, 
          0.022833 -0.012992 0.113207, 0.024365 -0.013714 0.108237, 0.023036 -0.01812 0.114521, 0.022614 -0.02421 0.115862, 
          0.026178 -0.02132 0.095886, 0.026698 -0.017562 0.096994, 0.024853 -0.012586 0.101751, 0.017828 -0.031142 0.110456, 
          0.017695 -0.029908 0.10671, 0.018641 -0.032072 0.101348, 0.022349 -0.02914 0.115949, 0.022591 -0.031322 0.112387, 
          0.0195 -0.031982 0.096473, 0.025876 -0.028252 0.096084, 0.02993 -0.015932 0.108896, 0.028581 -0.018147 0.11295, 
          0.030849 -0.015428 0.103374, 0.028818 -0.023144 0.114943, 0.028714 -0.027835 0.115604, 0.032024 -0.027001 0.096858, 
          0.032097 -0.02085 0.096924, 0.031798 -0.017618 0.09852, 0.024211 -0.031821 0.105537, 0.025532 -0.033337 0.097909, 
          0.028571 -0.032025 0.114537, 0.029446 -0.032553 0.111162, 0.026131 -0.032072 0.0945, 0.032146 -0.032309 0.096047, 
          0.034369 -0.020114 0.110195, 0.036503 -0.01624 0.106946, 0.037277 -0.01642 0.102559, 0.036481 -0.016195 0.107069, 
          0.034127 -0.025153 0.11278, 0.034938 -0.027894 0.114545, 0.038018 -0.029411 0.098355, 0.037663 -0.024314 0.100366, 
          0.037684 -0.017864 0.100245, 0.03112 -0.032384 0.105395, 0.031522 -0.03345 0.099872, 0.032181 -0.035095 0.095818, 
          0.034688 -0.031822 0.114407, 0.036244 -0.031396 0.10841, 0.037781 -0.032343 0.099696, 0.037349 -0.02463 0.105713, 
          0.03718 -0.032343 0.103108, 0.03923 -0.015569 0.053999, 0.042298 -0.008302 0.056379, 0.045658 -0.013635 0.057944, 
          0.035113 -0.010631 0.053028, 0.034727 -0.014176 0.052847, 0.033263 -0.017105 0.052165, 0.035288 -0.020675 0.054152, 
          0.039334 -0.02174 0.056143, 0.041613 -0.01981 0.057216, 0.042535 -0.009129 0.062495, 0.040081 -0.004798 0.062482, 
          0.037234 -0.005492 0.059472, 0.043267 -0.013836 0.063499, 0.041207 -0.020071 0.062524, 0.034348 -0.006185 0.059763, 
          0.031794 -0.008834 0.05717, 0.033451 -0.01264 0.058258, 0.033029 -0.019086 0.058581, 0.031844 -0.024021 0.057192, 
          0.035177 -0.02622 0.059245, 0.038218 -0.025224 0.060795, 0.042698 -0.009739 0.069948, 0.042804 -0.002828 0.069889, 
          0.038575 -0.002951 0.06882, 0.035094 -0.003659 0.066003, 0.042435 -0.015327 0.069164, 0.037581 -0.024314 0.067587, 
          0.039985 -0.020224 0.069388, 0.031422 -0.003707 0.064582, 0.031089 -0.005903 0.064426, 0.031826 -0.013414 0.064866, 
          0.030811 -0.019182 0.065149, 0.028434 -0.025992 0.063188, 0.031116 -0.026393 0.06448, 0.034191 -0.026831 0.065982, 
          0.039912 -0.013348 0.075611, 0.039669 -0.007042 0.075978, 0.037636 -0.003679 0.075065, 0.033904 -0.005483 0.073375, 
          0.030281 -0.006459 0.071634, 0.033279 -0.02338 0.073034, 0.035363 -0.019201 0.074578, 0.026836 -0.00945 0.070028, 
          0.028021 -0.014879 0.069917, 0.027374 -0.018505 0.070279, 0.030901 -0.022975 0.071181, 0.035992 -0.00966 0.081838, 
          0.035194 -0.013757 0.081513, 0.034341 -0.005987 0.081113, 0.029277 -0.007302 0.077999, 0.025343 -0.009076 0.076855, 
          0.028288 -0.01817 0.076966, 0.030362 -0.019499 0.079259, 0.031772 -0.017198 0.080733, 0.022234 -0.010412 0.075469, 
          0.022865 -0.013166 0.075762, 0.030457 -0.012874 0.085557, 0.0296 -0.011134 0.085024, 0.029326 -0.014706 0.084983, 
          0.026388 -0.010415 0.083063, 0.021032 -0.011981 0.082494, 0.026135 -0.014862 0.082707, 0.026427 -0.013425 0.086907, 
          -0.056698 -0.030861 0.088934, -0.055245 -0.032064 0.083276, -0.05857 -0.035503 0.085066, -0.05752 -0.033905 0.089629, 
          -0.053627 -0.023398 0.093027, -0.05246 -0.021855 0.088364, -0.053297 -0.025831 0.095311, -0.054323 -0.038369 0.078389, 
          -0.049542 -0.023869 0.078987, -0.048146 -0.030839 0.07459, -0.053324 -0.040221 0.075581, -0.052773 -0.040969 0.08228, 
          -0.054691 -0.037226 0.088093, -0.051701 -0.030322 0.096538, -0.047826 -0.016168 0.095434, -0.0464 -0.012699 0.090407, 
          -0.046129 -0.014168 0.082693, -0.046316 -0.022978 0.100734, -0.04415 -0.038757 0.070335, -0.043374 -0.047076 0.068705, 
          -0.043598 -0.014944 0.078384, -0.042327 -0.020478 0.075439, -0.040439 -0.028598 0.071882, -0.042715 -0.050724 0.070599, 
          -0.044013 -0.048333 0.077155, -0.04434 -0.047106 0.084935, -0.046714 -0.043573 0.089864, -0.048349 -0.037901 0.094459, 
          -0.044023 -0.030523 0.100324, -0.045225 -0.027116 0.101432, -0.039362 -0.009744 0.095504, -0.038844 -0.017106 0.100784, 
          -0.038618 -0.009432 0.083348, -0.038711 -0.024173 0.102458, -0.036508 -0.034692 0.068461, -0.035076 -0.041894 0.066942, 
          -0.033299 -0.047988 0.068746, -0.035695 -0.011595 0.07761, -0.032791 -0.023783 0.073477, -0.034048 -0.050819 0.074113, 
          -0.035263 -0.050055 0.080447, -0.036506 -0.048479 0.085369, -0.038169 -0.045689 0.090659, -0.039603 -0.04377 0.095336, 
          -0.040952 -0.041663 0.098581, -0.041527 -0.035507 0.098863, -0.035809 -0.029237 0.102173, -0.031111 -0.007174 0.097075, 
          -0.03173 -0.0069 0.092031, -0.031914 -0.011281 0.099863, -0.030381 -0.018528 0.10223, -0.030489 -0.007536 0.081608, 
          -0.027964 -0.036232 0.068831, -0.02679 -0.042382 0.066686, -0.024457 -0.047628 0.066202, -0.024517 -0.050731 0.071332, 
          -0.027571 -0.008423 0.077137, -0.025935 -0.013781 0.075116, -0.021266 -0.026675 0.073328, -0.026262 -0.04816 0.077402, 
          -0.030009 -0.046094 0.087034, -0.031095 -0.043395 0.096824, -0.032278 -0.044395 0.103149, -0.032996 -0.040931 0.104299, 
          -0.034011 -0.035744 0.102387, -0.026654 -0.027799 0.103258, -0.024298 -0.007307 0.097684, -0.023296 -0.011171 0.101718, 
          -0.023357 -0.007107 0.09383, -0.023287 -0.009462 0.085711, -0.020344 -0.019326 0.10533, -0.02178 -0.010066 0.079393, 
          -0.019605 -0.036581 0.069976, -0.018279 -0.039057 0.069894, -0.01929 -0.041573 0.075815, -0.017706 -0.012585 0.071257, 
          -0.012291 -0.018395 0.072174, -0.008968 -0.028297 0.074694, -0.011966 -0.031034 0.073493, -0.021625 -0.041068 0.091207, 
          -0.021969 -0.040885 0.098716, -0.023666 -0.040406 0.102713, -0.025065 -0.037641 0.106204, -0.025857 -0.036205 0.106058, 
          -0.017129 -0.031737 0.104049, -0.017776 -0.024472 0.106799, -0.013598 -0.012283 0.096491, -0.015429 -0.013292 0.100557, 
          -0.010725 -0.017961 0.104882, -0.015325 -0.011376 0.090899, -0.011135 -0.014891 0.079841, -0.008202 -0.020652 0.111024, 
          -0.008345 -0.012975 0.071787, -0.011118 -0.034405 0.074076, -0.010879 -0.03516 0.077623, -0.011317 -0.036218 0.086533, 
          -0.002302 -0.013656 0.066185, -0.003087 -0.015317 0.067432, 0.00022 -0.019218 0.067877, 0.000176 -0.024113 0.070757, 
          0.000342 -0.028973 0.073343, 0.001139 -0.031135 0.077349, -0.011746 -0.036852 0.091933, -0.013202 -0.03794 0.096375, 
          -0.014436 -0.036283 0.100436, -0.00516 -0.028832 0.102989, -0.006734 -0.023871 0.108617, -0.003178 -0.01428 0.102907, 
          -0.00257 -0.015414 0.097267, -0.003472 -0.016876 0.090882, -0.000498 -0.017334 0.085075, -0.001463 -0.016071 0.105578, 
          0.001496 -0.013944 0.078497, 0.005096 -0.009164 0.069266, -0.000111 -0.017308 0.111942, 0.006992 -0.010082 0.066963, 
          -0.001468 -0.031061 0.081004, -0.001102 -0.03082 0.084077, -0.000623 -0.033055 0.089063, 0.010457 -0.01096 0.067071, 
          0.013897 -0.013674 0.067345, 0.010051 -0.021672 0.065453, 0.010157 -0.023677 0.067796, 0.00871 -0.024537 0.072024, 
          0.007418 -0.026447 0.078135, 0.009263 -0.029475 0.080686, -0.002003 -0.034195 0.094431, -0.003402 -0.032583 0.098747, 
          0.003935 -0.025855 0.102184, 0.002298 -0.02294 0.106766, 0.001096 -0.020578 0.110234, 0.006461 -0.01316 0.104359, 
          0.007004 -0.012513 0.101699, 0.004252 -0.013314 0.095449, 0.005934 -0.015242 0.10574, 0.007068 -0.011321 0.090994, 
          0.011637 -0.013047 0.084098, 0.010458 -0.01908 0.106698, 0.007794 -0.018388 0.108606, 0.012527 -0.014708 0.073205, 
          0.007941 -0.030106 0.087047, 0.007359 -0.0313 0.091475, 0.014761 -0.017921 0.070983, 0.019637 -0.019829 0.074338, 
          0.019225 -0.020319 0.077439, 0.014939 -0.023435 0.081369, 0.016917 -0.029449 0.089206, 0.005905 -0.030763 0.098128, 
          0.013823 -0.030187 0.104753, 0.013081 -0.028444 0.106273, 0.012103 -0.023708 0.104512, 0.012184 -0.0135 0.101906, 
          0.01108 -0.012224 0.095638, 0.011853 -0.011957 0.089848, 0.015139 -0.015922 0.080993, 0.016607 -0.015805 0.103113, 
          0.015592 -0.015245 0.105088, 0.014152 -0.014632 0.105484, 0.014681 -0.030187 0.09989, 0.019138 -0.014576 0.084394, 
          0.020586 -0.019857 0.084332, 0.018964 -0.018872 0.087717, 0.017758 -0.017974 0.089551, 0.017069 -0.01664 0.092109, 
          0.016872 -0.016643 0.097757, 0.017784 -0.010613 0.101416, 0.014852 -0.010666 0.09215, 0.018015 -0.009376 0.089687]
        }
        creaseAngle 0.610865
        normal Normal { vector [
          # normals 1000
          0.874695 0.417438 0.246281, 0.800892 -0.513119 0.308675, 0.92877 -0.273444 -0.250229, 0.541389 0.60905 0.579617, 
          0.324503 -0.097418 0.940855, 0.863378 0.501522 0.055264, 0.412863 -0.91079 -0.002569, 0.066929 -0.928413 0.365471, 
          0.848042 0.490952 -0.199479, 0.825679 0.330578 -0.457135, 0.811527 -0.0262 -0.583727, 0.629814 -0.532735 -0.565268, 
          0.447777 -0.82284 -0.349901, 0.391458 -0.904856 -0.167321, 0.560969 0.805913 0.189254, -0.010139 0.73234 0.680863, 
          -0.274232 0.183159 0.94406, -0.474039 -0.598973 0.645382, 0.06093 -0.998113 0.007632, -0.442304 -0.877007 0.187686, 
          0.564874 0.790887 -0.235405, 0.673523 0.46917 -0.57118, 0.563298 -0.062428 -0.823892, 0.25165 -0.607801 -0.75316, 
          0.135542 -0.906256 -0.400411, 0.126541 0.95892 0.253889, -0.105995 0.667306 0.737203, -0.349087 0.069491 0.93451, 
          -0.558798 -0.424337 0.712519, -0.619728 -0.757539 0.205113, -0.405688 -0.819029 -0.40572, -0.661722 -0.704499 -0.256526, 
          0.284845 0.940091 -0.187331, 0.121826 0.615299 -0.778823, 0.032496 -0.054755 -0.997971, -0.092632 -0.474327 -0.875462, 
          0.131678 0.936543 0.324883, 0.197498 0.568139 0.798882, -0.022847 -0.149467 0.988503, -0.243978 -0.723616 0.645643, 
          -0.358269 -0.918369 0.168053, -0.424014 -0.860599 -0.282102, -0.37869 -0.368736 -0.848898, -0.369429 -0.498503 -0.78423, 
          0.016196 0.979867 -0.198992, -0.130001 0.615192 -0.777585, -0.089663 0.075482 -0.993108, 0.278091 0.906645 0.317269, 
          0.396736 0.51196 0.761904, 0.205979 -0.234082 0.950146, -0.026954 -0.825459 0.563818, -0.124425 -0.991184 0.045522, 
          -0.164224 -0.868429 -0.467826, -0.19231 -0.401636 -0.89538, -0.151378 0.063184 -0.986455, -0.144542 0.022943 -0.989233, 
          0.253466 0.94435 -0.20966, 0.08004 0.619651 -0.780786, 0.422053 0.867597 0.262957, 0.39562 0.610561 0.686075, 
          0.244488 -0.147657 0.958344, 0.06564 -0.800896 0.595195, -0.009389 -0.998808 0.047895, -0.010818 -0.801628 -0.597726, 
          0.053579 -0.163318 -0.985118, 0.058387 0.116786 -0.991439, 0.066165 0.476347 -0.876764, 0.111915 0.347307 -0.931049, 
          0.34259 0.886383 -0.311381, 0.419922 0.887561 0.189473, 0.310928 0.692721 0.65074, 0.139355 -0.000584 0.990242, 
          0.00918 -0.718335 0.695637, 0.0061 -0.992855 0.119175, 0.035025 -0.792799 -0.608476, 0.103147 -0.172983 -0.979509, 
          0.257519 0.180616 -0.949243, 0.241358 0.381476 -0.892313, 0.352862 0.844678 -0.402502, 0.280781 0.871337 -0.402411, 
          0.275155 0.94963 0.149973, -0.56795 0.746265 0.347162, -0.609676 0.459365 0.645971, -0.661069 -0.136828 0.737744, 
          -0.737904 -0.572038 0.358147, -0.617515 -0.488474 -0.616497, -0.152913 0.047471 -0.987099, -0.051112 0.226407 -0.972691, 
          -0.184212 0.44258 -0.877604, -0.278914 0.89 -0.360704, -0.318802 0.91899 0.231999, -0.941497 0.216508 0.258277, 
          -0.923899 0.377651 0.061557, -0.839222 0.51567 0.172601, -0.904537 0.359945 0.228588, -0.946282 0.323342 0.000816, 
          -0.688761 0.423601 -0.588362, -0.445265 0.478741 -0.756668, -0.797346 0.366307 -0.479644, -0.935288 0.258897 -0.241267, 
          -0.947252 0.22175 0.231388, -0.92506 0.026287 0.37891, -0.898108 0.33777 0.281627, -0.800657 0.524919 0.288806, 
          -0.8351 0.479453 0.269689, -0.885127 0.434064 0.167747, -0.891535 0.450897 -0.043088, -0.753452 0.578356 -0.312753, 
          -0.839693 0.516869 -0.16662, -0.94995 0.311887 0.017925, -0.990244 0.057892 0.126749, -0.871577 0.43134 0.233021, 
          0.535782 -0.015622 0.844212, 0.306472 -0.521384 0.796388, 0.610384 -0.765216 0.204638, 0.228011 0.604592 0.763203, 
          -0.078067 0.060358 0.995119, 0.833497 0.249944 0.492758, 0.2268 -0.860874 0.455476, -0.282015 -0.599169 0.749309, 
          0.954827 0.26973 -0.124703, 0.794648 -0.016987 -0.606833, 0.585027 -0.353989 -0.729681, 0.474878 -0.687189 -0.549783, 
          0.347888 -0.920514 -0.177842, 0.287861 -0.944366 0.159089, 0.428721 0.844944 0.319794, 0.113812 0.633111 0.765648, 
          -0.222864 0.150585 0.963149, -0.535162 -0.436071 0.723494, -0.299127 -0.89537 0.329903, -0.708051 -0.645149 0.287136, 
          0.462331 0.813144 -0.353619, 0.271916 0.4035 -0.873641, 0.203209 0.167888 -0.964634, 0.12177 -0.202516 -0.971679, 
          -0.104434 -0.868504 -0.484555, 0.422551 0.814149 0.398261, 0.053817 0.33788 0.939649, -0.232026 -0.038396 0.971951, 
          -0.540829 -0.521539 0.659925, -0.698611 -0.706196 0.115022, -0.65089 -0.526674 -0.546769, -0.712338 -0.474783 -0.516871, 
          0.479827 0.774606 -0.412008, 0.302694 0.390069 -0.86961, 0.195905 0.190584 -0.961925, -0.068667 -0.035768 -0.996998, 
          0.437321 0.882344 0.173837, -0.116515 -0.163604 0.979621, -0.064905 -0.099233 0.992945, -0.362127 -0.637729 0.679828, 
          -0.504457 -0.863379 0.009985, -0.45047 -0.725073 -0.520909, -0.243987 -0.047777 -0.968601, -0.229963 -0.319017 -0.919427, 
          0.383719 0.820119 -0.424457, 0.279356 0.423273 -0.861858, 0.061134 0.110611 -0.991982, 0.349737 0.891064 0.289291, 
          0.105037 0.32883 0.93853, -0.122628 -0.332821 0.934983, -0.160182 -0.517467 0.840577, -0.373159 -0.920995 0.111894, 
          -0.336133 -0.870877 -0.358592, -0.163688 -0.539199 -0.826118, -0.032084 0.005036 -0.999472, -0.033631 -0.245581 -0.968792, 
          0.381283 0.827378 -0.412394, 0.189033 0.413417 -0.890704, 0.420342 0.907366 0.000653, 0.341095 0.862706 0.373354, 
          0.011514 -0.042115 0.999046, -0.147825 -0.509667 0.847577, -0.226088 -0.923753 0.309136, -0.208625 -0.914845 -0.345736, 
          -0.054066 -0.539068 -0.840525, 0.097571 -0.115744 -0.988475, 0.230172 0.309879 -0.922494, 0.284622 0.377006 -0.881395, 
          0.380173 0.830235 -0.40765, 0.365974 0.927838 0.071974, 0.26971 0.747736 0.606751, -0.021061 0.080816 0.996507, 
          0.092628 -0.243591 0.965445, 0.046556 -0.883416 0.466271, 0.061713 -0.872573 -0.48457, 0.204366 -0.347947 -0.914969, 
          0.290613 0.112954 -0.95015, 0.3801 0.473471 -0.794575, 0.424306 0.864794 -0.268508, 0.476826 0.839685 -0.259934, 
          0.415299 0.856476 0.306555, 0.19507 0.640047 0.74316, -0.072985 0.389518 0.918122, -0.250486 -0.275254 0.928166, 
          -0.341336 -0.843261 0.415212, -0.036085 -0.818392 -0.573526, 0.258786 -0.302255 -0.917427, 0.446891 0.182975 -0.875676, 
          0.470131 0.565559 -0.677584, 0.462298 0.853032 -0.242109, 0.390485 0.858624 0.332094, 0.005393 0.99957 0.028808, 
          -0.759196 0.555141 0.339765, -0.867216 -0.277315 0.413561, -0.880426 -0.461616 0.108444, -0.691114 -0.524403 -0.497356, 
          -0.209319 -0.291965 -0.933243, 0.302866 0.217317 -0.927925, 0.521633 0.62183 -0.584146, 0.555262 0.820867 -0.133647, 
          0.365857 0.902294 0.228067, -0.265462 0.93664 -0.228552, -0.536141 0.480623 -0.693941, -0.846527 -0.185352 -0.499036, 
          -0.965008 -0.088897 -0.246694, -0.967345 -0.124141 -0.22098, -0.858547 -0.157054 -0.48809, -0.567388 0.234243 -0.789431, 
          -0.077864 0.828103 -0.555142, 0.12039 0.983026 -0.138445, 0.098684 0.964109 0.246485, -0.875603 0.432238 -0.215614, 
          0.812189 0.111024 0.572733, 0.589175 -0.402925 0.700374, 0.757418 -0.648034 0.079809, 0.39908 0.322491 0.858333, 
          0.120975 0.169704 0.978042, 0.933513 0.151247 0.32508, 0.245592 -0.923047 0.296088, -0.164259 -0.394726 0.903997, 
          0.984298 0.167992 0.054188, 0.97518 0.161173 -0.151816, 0.819606 -0.290207 -0.49399, 0.368462 -0.75854 -0.537451, 
          0.216281 -0.928445 -0.302013, 0.19169 -0.981433 0.006711, 0.66281 0.614439 0.427958, 0.368452 0.325689 0.870729, 
          0.055233 -0.122276 0.990958, -0.39073 -0.242529 0.887981, -0.374557 -0.90669 0.19396, -0.785115 -0.508684 0.353321, 
          0.740094 0.653954 -0.15686, 0.626289 0.398444 -0.670077, 0.378812 -0.035307 -0.9248, 0.111908 -0.440718 -0.890642, 
          -0.195457 -0.819976 -0.537993, 0.525847 0.744094 0.412079, 0.290619 0.514827 0.806532, -0.018761 -0.29026 0.956764, 
          -0.407584 -0.687705 0.60078, -0.627048 -0.763769 0.15319, -0.627362 -0.583669 -0.515507, -0.621413 -0.664714 -0.41473, 
          0.573706 0.779364 -0.251898, 0.449763 0.440894 -0.77674, 0.213381 0.057538 -0.975273, -0.172017 -0.302123 -0.93762, 
          0.431949 0.832417 0.347133, 0.052497 0.567227 0.821887, -0.211032 0.226035 0.950986, -0.472335 -0.709166 0.523435, 
          -0.483304 -0.871044 0.0877439, -0.419849 -0.840075 -0.343513, -0.365533 -0.381781 -0.848899, -0.294117 -0.568542 -0.768281, 
          0.481413 0.832171 -0.275197, 0.330249 0.462014 -0.823091, 0.002878 -0.015222 -0.99988, 0.346222 0.876553 0.334342, 
          0.067703 0.352045 0.933531, -0.225047 0.012681 0.974265, -0.39635 -0.727592 0.559926, -0.349716 -0.936722 0.015817, 
          -0.319203 -0.924248 -0.209465, -0.17813 -0.686367 -0.705103, -0.096916 -0.200065 -0.974978, 0.012665 -0.273103 -0.961901, 
          0.410732 0.864616 -0.289375, 0.237026 0.428041 -0.872124, 0.367293 0.826968 0.425699, 0.162767 0.354981 0.920595, 
          -0.09032 -0.291841 0.952193, -0.195691 -0.788663 0.582851, -0.134996 -0.990846 0.000914, -0.125059 -0.950504 -0.284432, 
          -0.009199 -0.655643 -0.755015, 0.180497 -0.134932 -0.974276, 0.287264 0.341772 -0.894802, 0.389707 0.459139 -0.798323, 
          0.447603 0.837737 -0.312808, 0.39609 0.811596 0.429446, 0.217298 0.477283 0.851459, 0.018062 -0.007192 0.999811, 
          -0.120728 -0.697653 0.706191, -0.081007 -0.983951 0.158994, -0.01401 -0.913443 -0.406726, 0.0905471 -0.516956 -0.851209, 
          0.25096 0.022108 -0.967745, 0.446512 0.5392 -0.714066, 0.476234 0.846978 -0.236281, 0.521823 0.836576 -0.166859, 
          0.434675 0.814961 0.38327, 0.173356 0.463762 0.868834, -0.00853 0.127872 0.991754, -0.172905 -0.420594 0.89062, 
          -0.269659 -0.916846 0.294411, -0.157579 -0.847859 -0.506264, 0.003527 -0.347164 -0.937798, 0.135866 0.113286 -0.984229, 
          0.315245 0.550219 -0.773227, 0.451306 0.864539 -0.221123, 0.395817 0.822686 0.408065, 0.011158 0.58371 0.811886, 
          -0.2288 0.197105 0.95331, -0.63675 0.042667 0.769889, -0.921274 -0.217408 0.322472, -0.778109 -0.225619 -0.58621, 
          -0.293892 0.022732 -0.955568, -0.092872 0.24093 -0.966089, -0.0145 0.549618 -0.83529, 0.059942 0.928889 -0.365474, 
          0.088725 0.968372 0.233204, -0.489845 0.857921 0.154995, -0.752835 0.380585 0.537023, -0.98318 0.111533 0.144626, 
          -0.950087 0.291459 -0.111292, -0.848623 0.496772 -0.181817, -0.67269 0.494564 -0.550359, -0.53414 0.404165 -0.742526, 
          -0.500617 0.453525 -0.737359, -0.50991 0.717553 -0.474457, -0.49172 0.855164 -0.164029, -0.822218 0.423251 -0.380547, 
          0.437972 -0.111976 0.891988, 0.394722 -0.315949 0.862769, 0.940294 -0.239449 0.241891, 0.006473 0.455692 0.890114, 
          -0.145305 -0.050044 0.98812, 0.702622 0.270386 0.65819, 0.348739 -0.475332 0.807738, -0.142999 -0.587466 0.796514, 
          0.888227 0.386463 -0.248392, 0.718708 0.019528 -0.695038, 0.708295 -0.063699 -0.703036, 0.716823 -0.239874 -0.654695, 
          0.635119 -0.708364 -0.307968, 0.469591 -0.764041 0.442409, 0.253392 0.887928 0.383897, -0.137757 0.481469 0.86557, 
          -0.426176 0.130668 0.895154, -0.566372 -0.347284 0.747407, -0.04199 -0.932887 0.357714, -0.565279 -0.743811 0.356658, 
          0.40174 0.831678 -0.383297, 0.349926 0.359564 -0.865023, 0.212677 -0.02395 -0.976829, 0.113593 -0.451498 -0.885012, 
          0.138417 -0.881804 -0.450846, 0.167735 0.910147 0.378812, -0.164154 0.348792 0.922712, -0.389724 -0.090759 0.916449, 
          -0.56344 -0.362439 0.74241, -0.656954 -0.70208 0.274766, -0.31505 -0.804777 -0.503068, -0.607366 -0.721083 -0.333386, 
          0.272346 0.88152 -0.385681, 0.128171 0.37821 -0.916804, -0.033995 0.005368 -0.999408, -0.019804 -0.215873 -0.976221, 
          0.142477 0.898145 0.415975, -0.181417 0.153243 0.971393, -0.325909 -0.206359 0.922605, -0.401179 -0.465983 0.788616, 
          -0.455897 -0.829513 0.322592, -0.389889 -0.901495 -0.187866, -0.196123 -0.287993 -0.937334, -0.140381 -0.625498 -0.767493, 
          0.277136 0.854459 -0.439426, 0.114016 0.250486 -0.961383, -0.003032 -0.047746 -0.998855, 0.160343 0.797599 0.581487, 
          -0.016951 0.176184 0.984211, -0.141839 -0.216592 0.965904, -0.219798 -0.520111 0.825332, -0.260711 -0.919292 0.294842, 
          -0.192399 -0.942502 -0.273264, -0.042271 -0.676132 -0.735567, 0.121005 -0.169551 -0.978065, 0.168314 -0.158349 -0.972932, 
          0.362232 0.826843 -0.430254, 0.261912 0.247977 -0.932689, 0.278525 0.823721 0.49387, 0.073107 0.413843 0.907408, 
          -0.04674 -0.063675 0.996876, -0.101192 -0.519802 0.848272, -0.101046 -0.95159 0.290287, 0.020395 -0.885115 -0.464926, 
          0.158386 -0.452141 -0.877771, 0.239698 -0.016762 -0.970703, 0.342737 0.374965 -0.861355, 0.326674 0.398038 -0.857234, 
          0.423232 0.848897 -0.31662, 0.279109 0.866801 0.413224, 0.101139 0.525146 0.844981, -0.01807 0.089338 0.995837, 
          -0.0986031 -0.415026 0.90445, -0.084011 -0.937057 0.338918, 0.080387 -0.864358 -0.496411, 0.238587 -0.310368 -0.920189, 
          0.310827 0.129132 -0.941654, 0.357335 0.486037 -0.797546, 0.39379 0.856433 -0.333845, 0.371204 0.870392 -0.323458, 
          0.263684 0.895658 0.358144, 0.015502 0.599337 0.800347, -0.050378 0.209521 0.976506, -0.050681 -0.330265 0.942527, 
          0.009214 -0.917616 0.39736, 0.114186 -0.844187 -0.523746, 0.19384 -0.251075 -0.94836, 0.273087 0.185139 -0.944006, 
          0.299018 0.525963 -0.79621, 0.280971 0.895794 -0.344397, 0.174787 0.934228 0.310914, -0.204922 0.706098 0.677814, 
          -0.344616 0.318122 0.883198, -0.607061 -0.143418 0.781606, -0.658976 -0.687065 0.306093, -0.415212 -0.701685 -0.578997, 
          -0.10728 -0.127374 -0.986036, -0.042637 0.192194 -0.98043, -0.026915 0.478601 -0.87762, -0.093538 0.861162 -0.499651, 
          -0.133455 0.989106 0.062128, -0.579572 0.781425 -0.231239, -0.861444 0.374808 0.342686, -0.94949 -0.230379 0.21306, 
          -0.94312 -0.302245 -0.138467, -0.932745 -0.198311 -0.301098, -0.729714 -0.040785 -0.682535, -0.564159 0.107867 -0.81859, 
          -0.554696 0.200659 -0.807495, -0.625265 0.428852 -0.652019, -0.627724 0.631191 -0.455588, -0.826054 -0.048912 -0.561465, 
          0.570194 0.473874 0.67106, 0.38598 -0.352824 0.85237, 0.813131 -0.434858 0.386931, 0.285736 0.665383 0.689652, 
          -0.099587 0.241942 0.965167, 0.704549 0.545106 0.454389, 0.21505 -0.886778 0.409119, -0.13924 -0.74917 0.647578, 
          0.791779 0.576547 0.201691, 0.843804 0.535136 -0.040305, 0.929059 -0.125725 -0.347913, 0.385153 -0.904145 -0.184877, 
          0.291882 -0.956453 0.001497, 0.248536 -0.961345 0.118516, 0.517431 0.774578 0.363724, 0.071835 0.611785 0.787756, 
          -0.312136 0.28813 0.905291, -0.464892 -0.375227 0.801923, -0.008298 -0.975075 0.221722, -0.424689 -0.838121 0.342334, 
          0.601378 0.798944 -0.005719, 0.603849 0.662072 -0.443877, 0.426163 -0.011012 -0.90458, 0.195155 -0.688129 -0.698851, 
          0.101398 -0.96322 -0.24885, 0.350546 0.871801 0.34217, 0.05836 0.57693 0.814706, -0.206609 -0.007079 0.978398, 
          -0.565578 -0.213 0.796713, -0.913144 -0.288066 0.288421, -0.196244 -0.834948 -0.514149, -0.610489 -0.473805 -0.634675, 
          0.471412 0.862878 -0.182243, 0.426419 0.594794 -0.68146, 0.117229 0.122839 -0.985479, 0.0529 -0.272892 -0.960589, 
          0.210446 0.916575 0.340004, -0.09553 0.637794 0.76426, -0.200683 0.148168 0.968387, -0.36699 -0.673 0.642176, 
          -0.665522 -0.740265 0.0953261, -0.727034 -0.553142 -0.406761, 0.056382 -0.535853 -0.842426, -0.078836 -0.708064 -0.701734, 
          0.332437 0.910926 -0.244335, 0.355152 0.491722 -0.795032, 0.301549 -0.053968 -0.951922, 0.153629 0.951287 0.267305, 
          -0.027494 0.50749 0.861219, -0.29247 0.050637 0.954933, -0.348113 -0.613135 0.709143, -0.233966 -0.962592 0.136661, 
          -0.206353 -0.975743 -0.073097, -0.145275 -0.763961 -0.628696, 0.565356 -0.138957 -0.813058, 0.0836 -0.202497 -0.975708, 
          0.288316 0.943281 -0.164604, 0.461192 0.778521 -0.425683, 0.201907 0.909235 0.36404, 0.063476 0.476598 0.876827, 
          -0.093798 -0.029139 0.995165, -0.143501 -0.655005 0.741873, -0.059177 -0.97988 0.190615, -0.044067 -0.997652 -0.05243, 
          0.070014 -0.696058 -0.714564, 0.127407 0.047769 -0.9907, 0.360799 0.657883 -0.66107, 0.260073 0.373055 -0.890613, 
          0.30334 0.951185 -0.056843, 0.277322 0.904941 0.322761, 0.128237 0.66331 0.737275, -0.051528 0.076841 0.995711, 
          -0.113443 -0.477726 0.871154, -0.084445 -0.9115 0.402539, 0.09154 -0.95159 -0.293424, 0.272241 -0.360516 -0.89214, 
          0.285098 0.106891 -0.95252, 0.299062 0.356512 -0.885133, 0.371918 0.9272 -0.044464, 0.37574 0.923522 -0.07699, 
          0.327177 0.911136 0.250572, 0.067587 0.945706 0.317919, -0.671335 0.55893 0.48673, -0.640729 -0.474286 0.603754, 
          -0.433724 -0.834115 0.340787, -0.185946 -0.794981 -0.577433, 0.225802 -0.126547 -0.965919, 0.362451 0.265431 -0.893407, 
          0.38756 0.477488 -0.788544, 0.371946 0.832967 -0.409661, 0.247925 0.914727 0.319074, -0.040964 0.981825 -0.185313, 
          -0.271846 0.409947 -0.870657, -0.67226 -0.035597 -0.739459, -0.951146 0.029815 -0.307297, -0.669667 0.201445 -0.714819, 
          0.033488 0.155336 -0.987294, 0.234401 0.219746 -0.946978, 0.297094 0.549416 -0.780946, 0.229511 0.876312 -0.423559, 
          0.125601 0.991296 -0.039458, -0.192425 0.761757 -0.618626, -0.193711 0.394554 -0.898222, -0.337708 0.185956 -0.922699, 
          -0.526055 0.529579 -0.665441, -0.505364 0.770027 -0.389442, -0.229749 0.619326 -0.750767, -0.082659 0.441107 -0.89364, 
          -0.061562 0.492396 -0.868192, -0.114689 0.791132 -0.600796, -0.188672 0.903162 -0.385617, -0.408719 0.577231 -0.706933, 
          0.998413 -0.052018 0.021578, 0.702364 0.398353 -0.589915, 0.571515 0.81513 -0.094524, 0.334423 0.341402 0.878411, 
          0.772965 0.014811 0.634276, 0.86631 0.191269 -0.461435, 0.209405 0.535249 -0.818327, 0.283313 0.519134 -0.806371, 
          -0.3903 0.910663 -0.135497, -0.49665 0.434827 0.751175, -0.450939 0.078394 0.889106, 0.402504 -0.148985 0.903213, 
          0.997544 -0.031505 0.062559, 0.87047 0.085329 -0.484768, 0.668229 0.35908 -0.65156, 0.111883 0.544584 -0.83121, 
          0.516793 0.418428 -0.746889, 0.088418 0.335041 -0.938046, 0.18128 0.398565 -0.899046, -0.523999 0.792418 -0.312248, 
          -0.624837 0.182304 0.759173, -0.483518 -0.110578 0.868322, 0.025774 0.005521 0.999653, 0.974547 -0.221549 -0.034271, 
          0.835662 0.07799 -0.543679, 0.390985 0.236371 -0.889528, -0.094646 0.522212 -0.847548, 0.217554 0.362634 -0.906183, 
          0.165207 0.41958 -0.892558, -0.908173 0.397555 0.131042, -0.494547 0.062056 0.866933, -0.501962 0.040591 0.863937, 
          0.249277 -0.870116 0.425158, -0.503951 -0.350079 0.789606, 0.756646 -0.653825 0.00042, 0.646446 -0.491363 -0.583669, 
          0.391733 -0.087521 -0.915907, -0.562751 0.447935 -0.694742, 0.316986 0.154118 -0.935824, -0.058554 0.045483 -0.997248, 
          -0.994601 0.08362 -0.061452, -0.923883 0.284523 0.255904, -0.36893 0.242573 0.897245, -0.22651 0.036969 0.973307, 
          -0.400096 -0.241572 0.884062, 0.087947 -0.975178 0.203207, -0.216118 -0.911849 0.349035, -0.182777 -0.885983 0.426178, 
          0.42966 -0.867397 -0.251029, 0.4413 -0.673928 -0.592516, -0.924555 -0.205119 -0.32113, 0.282558 -0.612623 -0.738143, 
          -0.455667 -0.846829 -0.274315, -0.971996 -0.076862 -0.222072, -0.951559 -0.307439 -0.00405, -0.766316 -0.45328 0.455298, 
          0.017429 -0.435814 0.899868, 0.057767 -0.399279 0.915008, 0.031241 -0.999364 0.017213, -0.181382 -0.950204 0.253402, 
          0.987558 0.07445 0.138516, 0.509212 -0.204971 0.835877, 0.537778 -0.236703 0.809176, 0.417923 -0.444831 0.792128, 
          0.762247 0.143761 0.631119, 0.896425 0.418682 0.145355, 0.828806 0.559427 -0.011054, 0.85021 0.486569 -0.200983, 
          0.852998 0.208173 -0.4786, 0.375524 -0.577666 -0.724765, 0.27717 -0.911017 -0.305327, -0.058244 -0.122509 0.990757, 
          -0.197265 -0.523671 0.828767, -0.455145 -0.783057 0.42387, -0.146168 -0.306625 0.94054, 0.341716 0.791723 0.506364, 
          0.399739 0.914883 -0.056549, 0.299201 0.77718 -0.553598, 0.217008 0.377 -0.900432, -0.110284 -0.207595 -0.971978, 
          -0.235287 -0.576559 -0.782444, -0.291807 -0.764664 -0.574575, 0.046968 -0.734017 0.677505, 0.018333 -0.284003 0.958648, 
          -0.05034 -0.514949 0.855741, -0.109918 -0.12906 0.985526, -0.159386 0.565362 0.809297, -0.207057 0.968607 -0.137582, 
          -0.156345 0.964106 -0.214606, -0.313366 0.562337 -0.765231, -0.254336 0.103424 -0.96157, -0.208631 -0.413363 -0.886343, 
          0.010071 -0.724173 -0.689545, -0.467848 -0.187208 0.863754, -0.520265 -0.841837 -0.143648, -0.50296 -0.357672 0.786831, 
          -0.413431 -0.270199 0.869521, -0.827232 0.560114 0.04427, -0.681595 0.669619 -0.295023, -0.627347 0.133914 -0.767139, 
          -0.511419 -0.412336 -0.753943, -0.982915 0.049306 -0.177336, 0.021422 0.999689 -0.012761, -0.170877 0.440253 0.881464, 
          0.683298 0.671797 0.285995, -0.252358 0.20346 0.946002, -0.369901 0.364286 0.854675, -0.869444 0.331706 0.366112, 
          -0.816315 0.309358 -0.487778, 0.146978 0.364055 -0.919707, 0.220982 0.419442 -0.880475, 0.02128 0.251792 -0.967547, 
          0.566976 0.30003 -0.76715, 0.884799 0.464479 -0.037274, 0.698771 0.70301 0.13227, 0.418651 -0.140115 0.897273, 
          -0.521307 -0.167299 0.836809, 0.998453 -0.046316 0.030757, -0.091651 -0.078347 0.992704, -0.004862 -0.124653 0.992189, 
          -0.679008 -0.24537 0.691911, -0.891638 -0.193635 0.409252, -0.934708 -0.230615 -0.27044, -0.118237 -0.234708 -0.964848, 
          0.213544 -0.167669 -0.962438, 0.134881 -0.29735 -0.945193, 0.299971 -0.430956 -0.851055, 0.818662 -0.349328 -0.455809, 
          -0.280055 -0.219683 0.93451, 0.746868 -0.427447 0.509389, -0.222835 0.014597 0.974747, 0.874491 -0.361833 -0.32302, 
          -0.091675 -0.092979 0.991439, -0.727411 -0.208917 0.653626, -0.887973 -0.156427 0.432476, -0.613611 -0.243928 -0.750987, 
          0.153572 -0.080212 -0.984877, 0.352794 -0.179867 -0.918251, 0.422493 -0.398962 -0.813836, 0.319843 -0.731376 0.602321, 
          -0.148806 -0.348951 0.925251, 0.488132 -0.324781 -0.810089, 0.550841 -0.625515 -0.552544, -0.413079 -0.457901 0.787206, 
          -0.748545 -0.611376 0.256709, -0.081203 -0.567294 -0.819502, 0.473647 -0.350873 -0.807804, 0.050486 -0.997033 0.058102, 
          -0.919503 0.388582 0.059322, -0.144771 0.564865 0.812385, -0.800049 0.599748 -0.014984, -0.502215 0.302967 0.809933, 
          -0.935378 0.319088 -0.152481, -0.836206 0.425326 -0.346205, -0.574357 0.700487 0.423593, 0.06546 0.457209 0.886947, 
          -0.762553 0.453363 -0.461491, -0.771091 0.600335 -0.212171, -0.686154 -0.723998 0.070857, 0.276791 0.270382 0.922107, 
          0.043218 -0.537871 0.841918, -0.288976 -0.916661 0.27609, -0.941394 0.069128 -0.330149, -0.601565 0.304122 -0.738667, 
          -0.083496 0.841731 0.533401, -0.163029 0.986268 -0.026396, -0.208056 0.322686 0.923356, -0.044715 0.188916 0.980975, 
          -0.102738 0.225281 -0.968862, -0.183663 0.470903 -0.862855, -0.282058 0.883875 -0.373105, -0.14851 -0.984417 -0.094175, 
          -0.060347 -0.99732 0.041365, -0.318802 -0.946228 0.054935, 0.040143 -0.299896 0.953127, -0.069962 -0.966282 0.247799, 
          -0.49655 -0.572823 -0.652159, 0.071537 0.105403 -0.991853, 0.383935 0.842407 0.378081, 0.433616 0.471202 0.768079, 
          0.252744 0.967531 0.001875, 0.317507 0.265045 0.910462, 0.173827 0.058957 0.98301, 0.269524 0.109912 -0.956701, 
          0.326848 0.198119 -0.924077, 0.259947 0.737585 -0.623214, -0.138496 -0.987122 0.080051, -0.170259 -0.985292 -0.014543, 
          -0.02158 -0.670466 0.741627, -0.006865 -0.999102 0.041808, -0.064391 -0.264135 -0.962334, 0.335197 0.0789 -0.938839, 
          0.612538 0.37685 0.694824, -0.069691 0.319087 0.94516, 0.63013 0.759734 -0.160437, -0.48721 0.226215 0.843477, 
          0.584938 0.373812 0.7198, 0.51382 0.171762 0.840528, 0.794132 0.034438 -0.606769, 0.808556 0.093233 -0.580986, 
          0.774327 0.349994 -0.527183, 0.035588 -0.993476 0.108347, 0.023413 -0.973704 0.226612, 0.164536 -0.858266 -0.486115, 
          0.6255 -0.622246 0.470701, 0.59829 -0.785865 0.156417, 0.804155 -0.553893 -0.215724, 0.969298 0.04063 0.24251, 
          0.582369 -0.78875 0.196772, 0.419096 -0.104976 -0.901853, 0.584081 0.587982 -0.559578, 0.981562 -0.073829 -0.176312, 
          -0.308881 0.429646 -0.848526, -0.687006 0.210292 -0.695558, -0.492236 -0.038773 -0.869598, 0.148434 -0.519244 -0.841637, 
          0.487796 -0.559518 -0.670071, 0.776146 -0.492676 -0.393533, 0.946196 0.32357 0.003939, 0.372866 0.878443 -0.298844, 
          -0.038468 0.890371 -0.453607, 0.978292 -0.073998 0.193567, 0.873601 -0.467954 0.133568, -0.342207 0.793873 -0.502653, 
          -0.851988 0.265648 -0.451162, -0.964165 -0.12683 -0.233025, -0.951826 0.235985 -0.195802, -0.555301 -0.585347 -0.59077, 
          0.096055 -0.896072 -0.433392, 0.66046 -0.746556 -0.0802841, 0.971621 -0.004665 0.236496, 0.740167 0.662555 0.114775, 
          -0.160033 0.986003 -0.046774, -0.129906 0.987841 -0.085407, 0.933737 -0.268095 0.237193, 0.653361 -0.665506 0.360862, 
          0.754707 -0.51916 0.40111, -0.61885 0.745611 -0.247161, -0.924842 0.213716 -0.314631, -0.89169 -0.010304 -0.452529, 
          -0.852255 0.235758 -0.466991, -0.942002 -0.161559 -0.294163, -0.372572 -0.921378 0.11069, 0.077373 -0.970239 0.229457, 
          0.810929 -0.269005 0.519644, 0.784794 0.256711 0.564091, 0.056944 0.93527 0.349323, -0.362758 0.925901 0.105422, 
          -0.534459 0.843318 0.056297, 0.014718 -0.852611 0.522339, 0.581266 -0.586425 0.564123, -0.805129 0.317842 -0.500743, 
          -0.786658 -0.007853 -0.617339, -0.923494 -0.366277 -0.114018, -0.575707 -0.747133 0.332195, 0.64081 0.142191 0.754417, 
          0.609296 -0.474253 0.635486, 0.046106 0.830166 0.555606, -0.379269 0.912155 0.155332, -0.435081 0.89799 0.065717, 
          -0.665347 -0.719483 0.199142, -0.031371 -0.814775 0.578928, 0.293077 -0.726272 0.6218, -0.836778 0.460014 -0.296969, 
          -0.827925 -0.469569 -0.306668, 0.44846 -0.079334 0.890275, 0.10437 0.559754 0.82206, 0.194158 -0.752063 0.629845, 
          -0.320844 0.831457 0.453585, -0.919257 0.199082 0.339607, -0.412233 -0.846118 0.337858, -0.156941 -0.081683 0.984224, 
          -0.92655 0.376171 -0.000259, -0.796345 0.386896 -0.464915, -0.986146 -0.069031 -0.150835, -0.84995 -0.19461 0.489605, 
          -0.876884 0.431899 0.21104, -0.857251 0.489605 -0.159396, -0.79887 0.207025 0.564755, -0.548837 0.442906 -0.708952, 
          -0.728508 0.372429 -0.574955, -0.590381 0.272545 -0.759717, -0.83498 -0.331132 -0.439499, -0.636324 -0.758278 0.141799, 
          -0.58881 -0.660359 0.466077, -0.568174 -0.299759 0.76637, -0.667372 0.561917 0.488738, -0.654462 0.755313 0.034367, 
          -0.69563 0.638208 -0.329834, -0.463076 0.205845 0.862084, -0.436595 0.176548 -0.882165, -0.291971 -0.017357 -0.95627, 
          -0.497417 0.575357 -0.649262, -0.318729 0.350513 -0.880655, -0.261279 0.33822 -0.904069, -0.342839 -0.865663 -0.364814, 
          -0.436175 -0.890804 0.127356, -0.357703 -0.890705 0.280523, -0.484586 -0.776338 0.403083, -0.543158 -0.44358 0.712893, 
          -0.264353 -0.351448 0.89811, -0.32125 -0.166763 0.932196, -0.416411 0.803962 0.424555, -0.267032 0.390023 0.881236, 
          -0.385701 0.891091 -0.239149, -0.113788 0.009332 0.993461, -0.116397 0.298299 -0.947349, -0.104324 0.044868 -0.993531, 
          -0.071837 -0.577569 -0.813175, -0.264699 0.57432 -0.774656, -0.028976 0.333962 -0.942141, 0.012109 -0.999878 0.009886, 
          0.026006 -0.974218 0.224105, 0.016297 -0.920222 0.391057, -0.077601 -0.914226 0.397704, -0.170534 -0.897122 0.407541, 
          -0.485731 -0.540502 0.686966, -0.38785 -0.210998 0.897247, -0.164549 -0.096982 0.98159, -0.184949 0.832569 0.522133, 
          -0.076727 0.996653 -0.028205, -0.237212 0.454388 0.85864, -0.156786 0.160362 0.974527, -0.012555 0.983511 -0.180412, 
          0.091365 0.334002 -0.938134, 0.015822 0.116149 -0.993106, 0.431548 -0.328704 -0.840071, 0.369147 -0.924847 -0.091592, 
          -0.092188 0.805796 -0.584974, -0.223844 0.095894 -0.969896, 0.066888 0.192781 -0.978959, 0.416475 -0.854508 0.310426, 
          0.258574 -0.902515 0.344394, 0.140569 -0.971699 0.189844, -0.068667 -0.730137 0.679842, -0.405971 -0.068213 0.911337, 
          -0.396043 0.088495 0.913958, -0.219758 0.048662 0.97434, 0.19942 0.91492 0.350932, -0.018864 0.571991 0.820043, 
          0.284772 0.956202 -0.06769, 0.295963 0.946943 -0.125322, -0.268566 0.309092 0.912324, 0.292408 0.956166 -0.015613, 
          0.266706 0.233716 -0.93501, 0.689629 -0.416707 -0.592256, 0.714145 -0.699916 0.010663, -0.219507 0.4044 -0.88785, 
          -0.238557 -0.319535 -0.917054, -0.007096 -0.283842 -0.958845, 0.270033 0.118105 -0.95558, 0.41854 -0.903228 0.09489, 
          0.334804 -0.919119 0.207669, 0.428757 -0.777122 0.460705, 0.206297 -0.315223 0.926324, -0.162495 0.105982 0.981001, 
          0.168265 -0.332472 0.927981, -0.264778 -0.258232 0.92909, 0.359401 0.929981 0.077242, 0.195072 0.818916 0.539744, 
          -0.058959 0.752721 0.655694, 0.376816 0.918992 -0.116029, 0.174404 0.971656 0.159586, -0.265286 0.367917 0.891213, 
          -0.069917 0.985359 -0.155498, 0.494302 -0.391072 -0.776356, 0.494657 -0.864099 -0.092994, 0.437355 -0.894882 -0.088915, 
          -0.089289 0.198668 -0.975991, -0.17937 -0.410779 -0.893917, -0.235107 -0.241834 -0.941404, -0.168921 -0.599191 -0.782583, 
          0.182278 -0.749917 -0.635924, 0.3451 -0.758699 -0.552523, 0.336193 -0.936025 -0.104076, 0.363796 -0.911001 0.194243, 
          0.363169 -0.704638 0.609585, 0.258269 -0.668192 0.697722, 0.082503 -0.611868 0.786645, -0.11608 0.929412 0.350313, 
          -0.028865 0.97728 -0.209977, 0.039039 0.991355 -0.125266, -0.051 0.9984 0.024438, -0.203893 0.791353 0.576358, 
          -0.150194 0.898608 0.412244, 0.060323 0.994482 0.085834, 0.118636 0.17057 0.978178, 0.052031 0.922857 -0.381612, 
          0.30549 -0.949461 0.072105, 0.248336 -0.948808 -0.195175, 0.256999 -0.944234 -0.205849, 0.394822 0.738018 -0.547215, 
          0.516909 0.108559 -0.849129, 0.345979 -0.460564 -0.817423, 0.258167 -0.886491 -0.384035, 0.323843 -0.895571 -0.305089, 
          0.556644 -0.644903 -0.523686, 0.311243 -0.900905 -0.302485, 0.297271 -0.949686 0.098624, 0.283821 -0.756748 0.588879, 
          -0.06854 -0.639472 0.765753, 0.221628 -0.707431 0.671136, 0.243248 -0.58923 0.770479, 0.059604 0.81444 0.577179, 
          -0.026055 0.993723 0.108794, -0.303331 0.950805 -0.062926, 0.041705 0.658166 0.751717, -0.187221 0.980654 -0.057154, 
          0.153372 0.98755 -0.034949, 0.426604 -0.353788 0.832372, 0.037471 0.358708 0.932697, 0.629491 0.766805 0.125505, 
          0.20478 -0.968326 -0.142866, 0.206238 -0.976286 -0.065819, 0.833664 0.45762 -0.309173, 0.823971 0.327247 -0.462581, 
          0.676169 -0.734477 -0.057785, 0.635319 -0.656345 -0.406917, 0.829745 -0.553027 -0.075393, 0.066892 -0.926122 0.371245, 
          0.290476 -0.778958 0.555741, -0.057142 -0.076641 0.99542, 0.058882 -0.194126 0.979208, -0.050484 0.900427 0.432067, 
          -0.096631 0.987844 0.121768, 0.0655 0.985393 -0.157198, 0.293665 0.890826 -0.346685, 0.832816 -0.172685 0.525925, 
          0.625241 -0.054975 0.778493, 0.137076 0.478322 0.867421, 0.682013 -0.723326 0.107973, 0.863763 0.335662 -0.375826, 
          0.983743 -0.065256 -0.167304, 0.860182 -0.054485 0.507068, 0.899958 -0.056293 0.432327, 0.984765 -0.062872 0.162129, 
          0.989422 -0.127051 0.070014, 0.53345 0.673291 0.511967, -0.345512 0.936525 -0.059519, 0.906827 0.416791 0.062853]
        }
        coordIndex [
          0, 1, 2, -1,0, 3, 4, -1,0, 4, 1, -1,5, 0, 2, -1,5, 3, 0, -1,1, 6, 2, -1,1, 4, 7, -1,
          1, 7, 6, -1,8, 5, 2, -1,9, 8, 2, -1,10, 9, 2, -1,11, 10, 2, -1,12, 11, 2, -1,13, 
          12, 2, -1,6, 13, 2, -1,5, 14, 3, -1,3, 15, 16, -1,3, 16, 4, -1,14, 15, 3, -1,4, 16, 
          17, -1,4, 17, 7, -1,8, 14, 5, -1,6, 7, 18, -1,6, 18, 13, -1,7, 17, 19, -1,7, 19, 
          18, -1,8, 20, 14, -1,9, 20, 8, -1,9, 21, 20, -1,10, 21, 9, -1,10, 22, 21, -1,11, 
          22, 10, -1,11, 23, 22, -1,12, 23, 11, -1,12, 24, 23, -1,13, 24, 12, -1,13, 18, 24, -1,
          14, 25, 15, -1,20, 25, 14, -1,15, 26, 27, -1,15, 27, 16, -1,25, 26, 15, -1,16, 27, 
          28, -1,16, 28, 17, -1,17, 28, 29, -1,17, 29, 19, -1,18, 19, 30, -1,18, 30, 24, -1,
          19, 29, 31, -1,19, 31, 30, -1,20, 32, 25, -1,21, 32, 20, -1,21, 33, 32, -1,22, 33, 
          21, -1,22, 34, 33, -1,23, 34, 22, -1,23, 35, 34, -1,24, 35, 23, -1,24, 30, 35, -1,
          25, 36, 26, -1,36, 25, 32, -1,26, 37, 38, -1,26, 38, 27, -1,36, 37, 26, -1,27, 38, 
          39, -1,27, 39, 28, -1,28, 39, 40, -1,28, 40, 29, -1,29, 40, 41, -1,29, 41, 31, -1,
          30, 31, 42, -1,30, 42, 35, -1,31, 41, 43, -1,31, 43, 42, -1,44, 36, 32, -1,33, 44, 
          32, -1,33, 45, 44, -1,34, 45, 33, -1,34, 46, 45, -1,35, 46, 34, -1,35, 42, 46, -1,
          36, 47, 37, -1,44, 47, 36, -1,37, 48, 49, -1,37, 49, 38, -1,47, 48, 37, -1,38, 49, 
          50, -1,38, 50, 39, -1,39, 50, 51, -1,39, 51, 40, -1,40, 51, 52, -1,40, 52, 41, -1,
          41, 52, 53, -1,41, 53, 43, -1,42, 43, 54, -1,42, 54, 46, -1,43, 53, 55, -1,43, 55, 
          54, -1,44, 56, 47, -1,45, 56, 44, -1,45, 57, 56, -1,46, 57, 45, -1,46, 54, 57, -1,
          47, 58, 48, -1,56, 58, 47, -1,48, 59, 60, -1,48, 60, 49, -1,58, 59, 48, -1,49, 60, 
          61, -1,49, 61, 50, -1,50, 61, 62, -1,50, 62, 51, -1,51, 62, 63, -1,51, 63, 52, -1,
          52, 63, 64, -1,52, 64, 53, -1,53, 64, 65, -1,53, 65, 55, -1,54, 55, 66, -1,54, 66, 
          57, -1,55, 65, 67, -1,55, 67, 66, -1,56, 68, 58, -1,57, 68, 56, -1,57, 66, 68, -1,
          58, 69, 59, -1,68, 69, 58, -1,59, 70, 71, -1,59, 71, 60, -1,69, 70, 59, -1,60, 71, 
          72, -1,60, 72, 61, -1,61, 72, 73, -1,61, 73, 62, -1,62, 73, 74, -1,62, 74, 63, -1,
          63, 74, 75, -1,63, 75, 64, -1,64, 75, 76, -1,64, 76, 65, -1,65, 76, 77, -1,65, 77, 
          67, -1,66, 67, 78, -1,66, 78, 68, -1,67, 77, 79, -1,67, 79, 78, -1,68, 78, 69, -1,
          69, 80, 70, -1,78, 80, 69, -1,70, 81, 82, -1,70, 82, 71, -1,80, 81, 70, -1,71, 82, 
          83, -1,71, 83, 72, -1,72, 83, 84, -1,72, 84, 73, -1,73, 84, 85, -1,73, 85, 74, -1,
          74, 85, 86, -1,74, 86, 75, -1,75, 86, 87, -1,75, 87, 76, -1,76, 87, 88, -1,76, 88, 
          77, -1,77, 88, 89, -1,77, 89, 79, -1,78, 79, 80, -1,79, 89, 90, -1,79, 90, 80, -1,
          80, 90, 81, -1,81, 91, 92, -1,81, 92, 82, -1,90, 91, 81, -1,82, 92, 93, -1,82, 93, 
          83, -1,83, 93, 94, -1,83, 94, 84, -1,84, 94, 95, -1,84, 95, 85, -1,85, 95, 96, -1,
          85, 96, 86, -1,86, 96, 97, -1,86, 97, 87, -1,87, 97, 98, -1,87, 98, 88, -1,88, 98, 
          99, -1,88, 99, 89, -1,89, 99, 100, -1,89, 100, 90, -1,90, 100, 91, -1,91, 101, 102, -1,
          91, 102, 92, -1,100, 101, 91, -1,92, 102, 103, -1,92, 103, 93, -1,93, 103, 104, -1,
          93, 104, 94, -1,94, 104, 105, -1,94, 105, 95, -1,95, 105, 106, -1,95, 106, 96, -1,
          96, 106, 107, -1,96, 107, 97, -1,97, 107, 108, -1,97, 108, 98, -1,98, 108, 109, -1,
          98, 109, 99, -1,99, 109, 110, -1,99, 110, 100, -1,100, 110, 101, -1,101, 111, 102, -1,
          110, 111, 101, -1,102, 111, 103, -1,103, 111, 104, -1,104, 111, 105, -1,105, 111, 
          106, -1,106, 111, 107, -1,107, 111, 108, -1,108, 111, 109, -1,109, 111, 110, -1,112, 
          113, 114, -1,112, 115, 116, -1,112, 116, 113, -1,117, 112, 114, -1,117, 115, 112, -1,
          113, 118, 114, -1,113, 116, 119, -1,113, 119, 118, -1,120, 117, 114, -1,121, 120, 
          114, -1,122, 121, 114, -1,123, 122, 114, -1,124, 123, 114, -1,125, 124, 114, -1,118, 
          125, 114, -1,117, 126, 115, -1,115, 127, 128, -1,115, 128, 116, -1,126, 127, 115, -1,
          116, 128, 129, -1,116, 129, 119, -1,120, 126, 117, -1,118, 119, 130, -1,118, 130, 
          125, -1,119, 129, 131, -1,119, 131, 130, -1,120, 132, 126, -1,121, 132, 120, -1,121, 
          133, 132, -1,122, 133, 121, -1,122, 134, 133, -1,123, 134, 122, -1,123, 135, 134, -1,
          124, 135, 123, -1,124, 136, 135, -1,125, 136, 124, -1,125, 130, 136, -1,126, 137, 
          127, -1,132, 137, 126, -1,127, 138, 139, -1,127, 139, 128, -1,137, 138, 127, -1,128, 
          139, 140, -1,128, 140, 129, -1,129, 140, 141, -1,129, 141, 131, -1,130, 131, 142, -1,
          130, 142, 136, -1,131, 141, 143, -1,131, 143, 142, -1,132, 144, 137, -1,133, 144, 
          132, -1,133, 145, 144, -1,134, 145, 133, -1,134, 146, 145, -1,135, 146, 134, -1,135, 
          147, 146, -1,136, 147, 135, -1,136, 142, 147, -1,137, 148, 138, -1,144, 148, 137, -1,
          138, 149, 150, -1,138, 150, 139, -1,148, 149, 138, -1,139, 150, 151, -1,139, 151, 
          140, -1,140, 151, 152, -1,140, 152, 141, -1,141, 152, 153, -1,141, 153, 143, -1,142, 
          143, 154, -1,142, 154, 147, -1,143, 153, 155, -1,143, 155, 154, -1,144, 156, 148, -1,
          145, 156, 144, -1,145, 157, 156, -1,146, 157, 145, -1,146, 158, 157, -1,147, 158, 
          146, -1,147, 154, 158, -1,148, 159, 149, -1,156, 159, 148, -1,149, 160, 161, -1,149, 
          161, 150, -1,159, 160, 149, -1,150, 161, 162, -1,150, 162, 151, -1,151, 162, 163, -1,
          151, 163, 152, -1,152, 163, 164, -1,152, 164, 153, -1,153, 164, 165, -1,153, 165, 
          155, -1,154, 155, 166, -1,154, 166, 158, -1,155, 165, 167, -1,155, 167, 166, -1,156, 
          168, 159, -1,157, 168, 156, -1,157, 169, 168, -1,158, 169, 157, -1,158, 166, 169, -1,
          159, 170, 160, -1,168, 170, 159, -1,160, 171, 172, -1,160, 172, 161, -1,170, 171, 
          160, -1,161, 172, 173, -1,161, 173, 162, -1,162, 173, 174, -1,162, 174, 163, -1,163, 
          174, 175, -1,163, 175, 164, -1,164, 175, 176, -1,164, 176, 165, -1,165, 176, 177, -1,
          165, 177, 167, -1,166, 167, 178, -1,166, 178, 169, -1,167, 177, 179, -1,167, 179, 
          178, -1,168, 180, 170, -1,169, 180, 168, -1,169, 178, 180, -1,170, 181, 171, -1,180, 
          181, 170, -1,171, 182, 183, -1,171, 183, 172, -1,181, 182, 171, -1,172, 183, 184, -1,
          172, 184, 173, -1,173, 184, 185, -1,173, 185, 174, -1,174, 185, 186, -1,174, 186, 
          175, -1,175, 186, 187, -1,175, 187, 176, -1,176, 187, 188, -1,176, 188, 177, -1,177, 
          188, 189, -1,177, 189, 179, -1,178, 179, 190, -1,178, 190, 180, -1,179, 189, 191, -1,
          179, 191, 190, -1,180, 190, 181, -1,181, 192, 182, -1,190, 192, 181, -1,182, 193, 
          194, -1,182, 194, 183, -1,192, 193, 182, -1,183, 194, 195, -1,183, 195, 184, -1,184, 
          195, 196, -1,184, 196, 185, -1,185, 196, 197, -1,185, 197, 186, -1,186, 197, 198, -1,
          186, 198, 187, -1,187, 198, 199, -1,187, 199, 188, -1,188, 199, 200, -1,188, 200, 
          189, -1,189, 200, 201, -1,189, 201, 191, -1,190, 191, 192, -1,191, 201, 202, -1,191, 
          202, 192, -1,192, 202, 193, -1,193, 203, 204, -1,193, 204, 194, -1,202, 203, 193, -1,
          194, 204, 205, -1,194, 205, 195, -1,195, 205, 206, -1,195, 206, 196, -1,196, 206, 
          207, -1,196, 207, 197, -1,197, 207, 208, -1,197, 208, 198, -1,198, 208, 209, -1,198, 
          209, 199, -1,199, 209, 210, -1,199, 210, 200, -1,200, 210, 211, -1,200, 211, 201, -1,
          201, 211, 212, -1,201, 212, 202, -1,202, 212, 203, -1,203, 213, 214, -1,203, 214, 
          204, -1,212, 213, 203, -1,204, 214, 215, -1,204, 215, 205, -1,205, 215, 216, -1,205, 
          216, 206, -1,206, 216, 217, -1,206, 217, 207, -1,207, 217, 218, -1,207, 218, 208, -1,
          208, 218, 219, -1,208, 219, 209, -1,209, 219, 220, -1,209, 220, 210, -1,210, 220, 
          221, -1,210, 221, 211, -1,211, 221, 222, -1,211, 222, 212, -1,212, 222, 213, -1,213, 
          223, 214, -1,222, 223, 213, -1,214, 223, 215, -1,215, 223, 216, -1,216, 223, 217, -1,
          217, 223, 218, -1,218, 223, 219, -1,219, 223, 220, -1,220, 223, 221, -1,221, 223, 
          222, -1,224, 225, 226, -1,224, 227, 228, -1,224, 228, 225, -1,229, 224, 226, -1,229, 
          227, 224, -1,225, 230, 226, -1,225, 228, 231, -1,225, 231, 230, -1,232, 229, 226, -1,
          233, 232, 226, -1,234, 233, 226, -1,235, 234, 226, -1,236, 235, 226, -1,237, 236, 
          226, -1,230, 237, 226, -1,229, 238, 227, -1,227, 239, 240, -1,227, 240, 228, -1,238, 
          239, 227, -1,228, 240, 241, -1,228, 241, 231, -1,232, 238, 229, -1,230, 231, 242, -1,
          230, 242, 237, -1,231, 241, 243, -1,231, 243, 242, -1,232, 244, 238, -1,233, 244, 
          232, -1,233, 245, 244, -1,234, 245, 233, -1,234, 246, 245, -1,235, 246, 234, -1,235, 
          247, 246, -1,236, 247, 235, -1,236, 248, 247, -1,237, 248, 236, -1,237, 242, 248, -1,
          238, 249, 239, -1,244, 249, 238, -1,239, 250, 251, -1,239, 251, 240, -1,249, 250, 
          239, -1,240, 251, 252, -1,240, 252, 241, -1,241, 252, 253, -1,241, 253, 243, -1,242, 
          243, 254, -1,242, 254, 248, -1,243, 253, 255, -1,243, 255, 254, -1,244, 256, 249, -1,
          245, 256, 244, -1,245, 257, 256, -1,246, 257, 245, -1,246, 258, 257, -1,247, 258, 
          246, -1,247, 259, 258, -1,248, 259, 247, -1,248, 254, 259, -1,249, 260, 250, -1,256, 
          260, 249, -1,250, 261, 262, -1,250, 262, 251, -1,260, 261, 250, -1,251, 262, 263, -1,
          251, 263, 252, -1,252, 263, 264, -1,252, 264, 253, -1,253, 264, 265, -1,253, 265, 
          255, -1,254, 255, 266, -1,254, 266, 259, -1,255, 265, 267, -1,255, 267, 266, -1,256, 
          268, 260, -1,257, 268, 256, -1,257, 269, 268, -1,258, 269, 257, -1,258, 270, 269, -1,
          259, 270, 258, -1,259, 266, 270, -1,260, 271, 261, -1,268, 271, 260, -1,261, 272, 
          273, -1,261, 273, 262, -1,271, 272, 261, -1,262, 273, 274, -1,262, 274, 263, -1,263, 
          274, 275, -1,263, 275, 264, -1,264, 275, 276, -1,264, 276, 265, -1,265, 276, 277, -1,
          265, 277, 267, -1,266, 267, 278, -1,266, 278, 270, -1,267, 277, 279, -1,267, 279, 
          278, -1,268, 280, 271, -1,269, 280, 268, -1,269, 281, 280, -1,270, 281, 269, -1,270, 
          278, 281, -1,271, 282, 272, -1,280, 282, 271, -1,272, 283, 284, -1,272, 284, 273, -1,
          282, 283, 272, -1,273, 284, 285, -1,273, 285, 274, -1,274, 285, 286, -1,274, 286, 
          275, -1,275, 286, 287, -1,275, 287, 276, -1,276, 287, 288, -1,276, 288, 277, -1,277, 
          288, 289, -1,277, 289, 279, -1,278, 279, 290, -1,278, 290, 281, -1,279, 289, 291, -1,
          279, 291, 290, -1,280, 292, 282, -1,281, 292, 280, -1,281, 290, 292, -1,282, 293, 
          283, -1,292, 293, 282, -1,283, 294, 295, -1,283, 295, 284, -1,293, 294, 283, -1,284, 
          295, 296, -1,284, 296, 285, -1,285, 296, 297, -1,285, 297, 286, -1,286, 297, 298, -1,
          286, 298, 287, -1,287, 298, 299, -1,287, 299, 288, -1,288, 299, 300, -1,288, 300, 
          289, -1,289, 300, 301, -1,289, 301, 291, -1,290, 291, 302, -1,290, 302, 292, -1,291, 
          301, 303, -1,291, 303, 302, -1,292, 302, 293, -1,293, 304, 294, -1,302, 304, 293, -1,
          294, 305, 306, -1,294, 306, 295, -1,304, 305, 294, -1,295, 306, 307, -1,295, 307, 
          296, -1,296, 307, 308, -1,296, 308, 297, -1,297, 308, 309, -1,297, 309, 298, -1,298, 
          309, 310, -1,298, 310, 299, -1,299, 310, 311, -1,299, 311, 300, -1,300, 311, 312, -1,
          300, 312, 301, -1,301, 312, 313, -1,301, 313, 303, -1,302, 303, 304, -1,303, 313, 
          314, -1,303, 314, 304, -1,304, 314, 305, -1,305, 315, 316, -1,305, 316, 306, -1,314, 
          315, 305, -1,306, 316, 317, -1,306, 317, 307, -1,307, 317, 318, -1,307, 318, 308, -1,
          308, 318, 319, -1,308, 319, 309, -1,309, 319, 320, -1,309, 320, 310, -1,310, 320, 
          321, -1,310, 321, 311, -1,311, 321, 322, -1,311, 322, 312, -1,312, 322, 323, -1,312, 
          323, 313, -1,313, 323, 324, -1,313, 324, 314, -1,314, 324, 315, -1,315, 325, 326, -1,
          315, 326, 316, -1,324, 325, 315, -1,316, 326, 327, -1,316, 327, 317, -1,317, 327, 
          328, -1,317, 328, 318, -1,318, 328, 329, -1,318, 329, 319, -1,319, 329, 330, -1,319, 
          330, 320, -1,320, 330, 331, -1,320, 331, 321, -1,321, 331, 332, -1,321, 332, 322, -1,
          322, 332, 333, -1,322, 333, 323, -1,323, 333, 334, -1,323, 334, 324, -1,324, 334, 
          325, -1,325, 335, 326, -1,334, 335, 325, -1,326, 335, 327, -1,327, 335, 328, -1,328, 
          335, 329, -1,329, 335, 330, -1,330, 335, 331, -1,331, 335, 332, -1,332, 335, 333, -1,
          333, 335, 334, -1,336, 337, 338, -1,336, 339, 340, -1,336, 340, 337, -1,341, 336, 
          338, -1,341, 339, 336, -1,337, 342, 338, -1,337, 340, 343, -1,337, 343, 342, -1,344, 
          341, 338, -1,345, 344, 338, -1,346, 345, 338, -1,347, 346, 338, -1,348, 347, 338, -1,
          349, 348, 338, -1,342, 349, 338, -1,341, 350, 339, -1,339, 351, 352, -1,339, 352, 
          340, -1,350, 351, 339, -1,340, 352, 353, -1,340, 353, 343, -1,344, 350, 341, -1,342, 
          343, 354, -1,342, 354, 349, -1,343, 353, 355, -1,343, 355, 354, -1,344, 356, 350, -1,
          345, 356, 344, -1,345, 357, 356, -1,346, 357, 345, -1,346, 358, 357, -1,347, 358, 
          346, -1,347, 359, 358, -1,348, 359, 347, -1,348, 360, 359, -1,349, 360, 348, -1,349, 
          354, 360, -1,350, 361, 351, -1,356, 361, 350, -1,351, 362, 363, -1,351, 363, 352, -1,
          361, 362, 351, -1,352, 363, 364, -1,352, 364, 353, -1,353, 364, 365, -1,353, 365, 
          355, -1,354, 355, 366, -1,354, 366, 360, -1,355, 365, 367, -1,355, 367, 366, -1,356, 
          368, 361, -1,357, 368, 356, -1,357, 369, 368, -1,358, 369, 357, -1,358, 370, 369, -1,
          359, 370, 358, -1,359, 371, 370, -1,360, 371, 359, -1,360, 366, 371, -1,361, 372, 
          362, -1,368, 372, 361, -1,362, 373, 374, -1,362, 374, 363, -1,372, 373, 362, -1,363, 
          374, 375, -1,363, 375, 364, -1,364, 375, 376, -1,364, 376, 365, -1,365, 376, 377, -1,
          365, 377, 367, -1,366, 367, 378, -1,366, 378, 371, -1,367, 377, 379, -1,367, 379, 
          378, -1,368, 380, 372, -1,369, 380, 368, -1,369, 381, 380, -1,370, 381, 369, -1,370, 
          382, 381, -1,371, 382, 370, -1,371, 378, 382, -1,372, 383, 373, -1,380, 383, 372, -1,
          373, 384, 385, -1,373, 385, 374, -1,383, 384, 373, -1,374, 385, 386, -1,374, 386, 
          375, -1,375, 386, 387, -1,375, 387, 376, -1,376, 387, 388, -1,376, 388, 377, -1,377, 
          388, 389, -1,377, 389, 379, -1,378, 379, 390, -1,378, 390, 382, -1,379, 389, 391, -1,
          379, 391, 390, -1,380, 392, 383, -1,381, 392, 380, -1,381, 393, 392, -1,382, 393, 
          381, -1,382, 390, 393, -1,383, 394, 384, -1,392, 394, 383, -1,384, 395, 396, -1,384, 
          396, 385, -1,394, 395, 384, -1,385, 396, 397, -1,385, 397, 386, -1,386, 397, 398, -1,
          386, 398, 387, -1,387, 398, 399, -1,387, 399, 388, -1,388, 399, 400, -1,388, 400, 
          389, -1,389, 400, 401, -1,389, 401, 391, -1,390, 391, 402, -1,390, 402, 393, -1,391, 
          401, 403, -1,391, 403, 402, -1,392, 404, 394, -1,393, 404, 392, -1,393, 402, 404, -1,
          394, 405, 395, -1,404, 405, 394, -1,395, 406, 407, -1,395, 407, 396, -1,405, 406, 
          395, -1,396, 407, 408, -1,396, 408, 397, -1,397, 408, 409, -1,397, 409, 398, -1,398, 
          409, 410, -1,398, 410, 399, -1,399, 410, 411, -1,399, 411, 400, -1,400, 411, 412, -1,
          400, 412, 401, -1,401, 412, 413, -1,401, 413, 403, -1,402, 403, 414, -1,402, 414, 
          404, -1,403, 413, 415, -1,403, 415, 414, -1,404, 414, 405, -1,405, 416, 406, -1,414, 
          416, 405, -1,406, 417, 418, -1,406, 418, 407, -1,416, 417, 406, -1,407, 418, 419, -1,
          407, 419, 408, -1,408, 419, 420, -1,408, 420, 409, -1,409, 420, 421, -1,409, 421, 
          410, -1,410, 421, 422, -1,410, 422, 411, -1,411, 422, 423, -1,411, 423, 412, -1,412, 
          423, 424, -1,412, 424, 413, -1,413, 424, 425, -1,413, 425, 415, -1,414, 415, 416, -1,
          415, 425, 426, -1,415, 426, 416, -1,416, 426, 417, -1,417, 427, 428, -1,417, 428, 
          418, -1,426, 427, 417, -1,418, 428, 429, -1,418, 429, 419, -1,419, 429, 430, -1,419, 
          430, 420, -1,420, 430, 431, -1,420, 431, 421, -1,421, 431, 432, -1,421, 432, 422, -1,
          422, 432, 433, -1,422, 433, 423, -1,423, 433, 434, -1,423, 434, 424, -1,424, 434, 
          435, -1,424, 435, 425, -1,425, 435, 436, -1,425, 436, 426, -1,426, 436, 427, -1,427, 
          437, 438, -1,427, 438, 428, -1,436, 437, 427, -1,428, 438, 439, -1,428, 439, 429, -1,
          429, 439, 440, -1,429, 440, 430, -1,430, 440, 441, -1,430, 441, 431, -1,431, 441, 
          442, -1,431, 442, 432, -1,432, 442, 443, -1,432, 443, 433, -1,433, 443, 444, -1,433, 
          444, 434, -1,434, 444, 445, -1,434, 445, 435, -1,435, 445, 446, -1,435, 446, 436, -1,
          436, 446, 437, -1,437, 447, 438, -1,446, 447, 437, -1,438, 447, 439, -1,439, 447, 
          440, -1,440, 447, 441, -1,441, 447, 442, -1,442, 447, 443, -1,443, 447, 444, -1,444, 
          447, 445, -1,445, 447, 446, -1,448, 449, 450, -1,448, 451, 452, -1,448, 452, 449, -1,
          453, 448, 450, -1,453, 451, 448, -1,449, 454, 450, -1,449, 452, 455, -1,449, 455, 
          454, -1,456, 453, 450, -1,457, 456, 450, -1,458, 457, 450, -1,459, 458, 450, -1,460, 
          459, 450, -1,461, 460, 450, -1,454, 461, 450, -1,453, 462, 451, -1,451, 463, 464, -1,
          451, 464, 452, -1,462, 463, 451, -1,452, 464, 465, -1,452, 465, 455, -1,456, 462, 
          453, -1,454, 455, 466, -1,454, 466, 461, -1,455, 465, 467, -1,455, 467, 466, -1,456, 
          468, 462, -1,457, 468, 456, -1,457, 469, 468, -1,458, 469, 457, -1,458, 470, 469, -1,
          459, 470, 458, -1,459, 471, 470, -1,460, 471, 459, -1,460, 472, 471, -1,461, 472, 
          460, -1,461, 466, 472, -1,462, 473, 463, -1,468, 473, 462, -1,463, 474, 475, -1,463, 
          475, 464, -1,473, 474, 463, -1,464, 475, 476, -1,464, 476, 465, -1,465, 476, 477, -1,
          465, 477, 467, -1,466, 467, 478, -1,466, 478, 472, -1,467, 477, 479, -1,467, 479, 
          478, -1,468, 480, 473, -1,469, 480, 468, -1,469, 481, 480, -1,470, 481, 469, -1,470, 
          482, 481, -1,471, 482, 470, -1,471, 483, 482, -1,472, 483, 471, -1,472, 478, 483, -1,
          473, 484, 474, -1,480, 484, 473, -1,474, 485, 486, -1,474, 486, 475, -1,484, 485, 
          474, -1,475, 486, 487, -1,475, 487, 476, -1,476, 487, 488, -1,476, 488, 477, -1,477, 
          488, 489, -1,477, 489, 479, -1,478, 479, 490, -1,478, 490, 483, -1,479, 489, 491, -1,
          479, 491, 490, -1,480, 492, 484, -1,481, 492, 480, -1,481, 493, 492, -1,482, 493, 
          481, -1,482, 494, 493, -1,483, 494, 482, -1,483, 490, 494, -1,484, 495, 485, -1,492, 
          495, 484, -1,485, 496, 497, -1,485, 497, 486, -1,495, 496, 485, -1,486, 497, 498, -1,
          486, 498, 487, -1,487, 498, 499, -1,487, 499, 488, -1,488, 499, 500, -1,488, 500, 
          489, -1,489, 500, 501, -1,489, 501, 491, -1,490, 491, 502, -1,490, 502, 494, -1,491, 
          501, 503, -1,491, 503, 502, -1,492, 504, 495, -1,493, 504, 492, -1,493, 505, 504, -1,
          494, 505, 493, -1,494, 502, 505, -1,495, 506, 496, -1,504, 506, 495, -1,496, 507, 
          508, -1,496, 508, 497, -1,506, 507, 496, -1,497, 508, 509, -1,497, 509, 498, -1,498, 
          509, 510, -1,498, 510, 499, -1,499, 510, 511, -1,499, 511, 500, -1,500, 511, 512, -1,
          500, 512, 501, -1,501, 512, 513, -1,501, 513, 503, -1,502, 503, 514, -1,502, 514, 
          505, -1,503, 513, 515, -1,503, 515, 514, -1,504, 516, 506, -1,505, 516, 504, -1,505, 
          514, 516, -1,506, 517, 507, -1,516, 517, 506, -1,507, 518, 519, -1,507, 519, 508, -1,
          517, 518, 507, -1,508, 519, 520, -1,508, 520, 509, -1,509, 520, 521, -1,509, 521, 
          510, -1,510, 521, 522, -1,510, 522, 511, -1,511, 522, 523, -1,511, 523, 512, -1,512, 
          523, 524, -1,512, 524, 513, -1,513, 524, 525, -1,513, 525, 515, -1,514, 515, 526, -1,
          514, 526, 516, -1,515, 525, 527, -1,515, 527, 526, -1,516, 526, 517, -1,517, 528, 
          518, -1,526, 528, 517, -1,518, 529, 530, -1,518, 530, 519, -1,528, 529, 518, -1,519, 
          530, 531, -1,519, 531, 520, -1,520, 531, 532, -1,520, 532, 521, -1,521, 532, 533, -1,
          521, 533, 522, -1,522, 533, 534, -1,522, 534, 523, -1,523, 534, 535, -1,523, 535, 
          524, -1,524, 535, 536, -1,524, 536, 525, -1,525, 536, 537, -1,525, 537, 527, -1,526, 
          527, 528, -1,527, 537, 538, -1,527, 538, 528, -1,528, 538, 529, -1,529, 539, 540, -1,
          529, 540, 530, -1,538, 539, 529, -1,530, 540, 541, -1,530, 541, 531, -1,531, 541, 
          542, -1,531, 542, 532, -1,532, 542, 543, -1,532, 543, 533, -1,533, 543, 544, -1,533, 
          544, 534, -1,534, 544, 545, -1,534, 545, 535, -1,535, 545, 546, -1,535, 546, 536, -1,
          536, 546, 547, -1,536, 547, 537, -1,537, 547, 548, -1,537, 548, 538, -1,538, 548, 
          539, -1,539, 549, 550, -1,539, 550, 540, -1,548, 549, 539, -1,540, 550, 551, -1,540, 
          551, 541, -1,541, 551, 552, -1,541, 552, 542, -1,542, 552, 553, -1,542, 553, 543, -1,
          543, 553, 554, -1,543, 554, 544, -1,544, 554, 555, -1,544, 555, 545, -1,545, 555, 
          556, -1,545, 556, 546, -1,546, 556, 557, -1,546, 557, 547, -1,547, 557, 558, -1,547, 
          558, 548, -1,548, 558, 549, -1,549, 559, 550, -1,558, 559, 549, -1,550, 559, 551, -1,
          551, 559, 552, -1,552, 559, 553, -1,553, 559, 554, -1,554, 559, 555, -1,555, 559, 
          556, -1,556, 559, 557, -1,557, 559, 558, -1,560, 561, 562, -1,563, 560, 562, -1,564, 
          565, 560, -1,565, 561, 560, -1,564, 560, 563, -1,561, 566, 562, -1,565, 567, 561, -1,
          567, 566, 561, -1,566, 568, 562, -1,568, 569, 562, -1,569, 563, 562, -1,570, 563, 
          569, -1,570, 564, 563, -1,571, 572, 564, -1,572, 565, 564, -1,571, 564, 570, -1,572, 
          573, 565, -1,573, 574, 565, -1,574, 567, 565, -1,567, 575, 566, -1,575, 568, 566, -1,
          574, 576, 567, -1,576, 577, 567, -1,577, 578, 567, -1,578, 575, 567, -1,575, 579, 
          568, -1,579, 580, 568, -1,580, 569, 568, -1,580, 570, 569, -1,581, 570, 580, -1,581, 
          571, 570, -1,582, 583, 571, -1,583, 572, 571, -1,582, 571, 581, -1,583, 573, 572, -1,
          583, 584, 573, -1,584, 574, 573, -1,584, 585, 574, -1,585, 576, 574, -1,578, 586, 
          575, -1,586, 579, 575, -1,585, 577, 576, -1,585, 587, 577, -1,587, 578, 577, -1,587, 
          588, 578, -1,588, 586, 578, -1,586, 589, 579, -1,589, 580, 579, -1,589, 590, 580, -1,
          590, 581, 580, -1,591, 581, 590, -1,591, 582, 581, -1,592, 583, 582, -1,593, 582, 
          591, -1,593, 592, 582, -1,592, 594, 583, -1,594, 584, 583, -1,594, 595, 584, -1,595, 
          585, 584, -1,595, 596, 585, -1,596, 587, 585, -1,588, 597, 586, -1,597, 589, 586, -1,
          596, 598, 587, -1,598, 588, 587, -1,598, 599, 588, -1,599, 597, 588, -1,597, 600, 
          589, -1,600, 601, 589, -1,601, 590, 589, -1,601, 602, 590, -1,602, 603, 590, -1,603, 
          591, 590, -1,604, 591, 603, -1,604, 593, 591, -1,605, 594, 592, -1,606, 592, 593, -1,
          606, 605, 592, -1,607, 593, 604, -1,607, 606, 593, -1,605, 608, 594, -1,608, 595, 
          594, -1,608, 609, 595, -1,609, 596, 595, -1,609, 598, 596, -1,599, 610, 597, -1,610, 
          600, 597, -1,609, 611, 598, -1,611, 599, 598, -1,611, 612, 599, -1,612, 610, 599, -1,
          610, 613, 600, -1,613, 601, 600, -1,613, 614, 601, -1,614, 602, 601, -1,614, 615, 
          602, -1,615, 616, 602, -1,616, 617, 602, -1,617, 603, 602, -1,617, 604, 603, -1,607, 
          604, 617, -1,618, 608, 605, -1,618, 605, 606, -1,618, 606, 607, -1,619, 607, 617, -1,
          618, 607, 619, -1,618, 609, 608, -1,618, 611, 609, -1,612, 613, 610, -1,618, 612, 
          611, -1,612, 614, 613, -1,612, 619, 614, -1,618, 619, 612, -1,619, 615, 614, -1,619, 
          616, 615, -1,619, 617, 616, -1,620, 621, 622, -1,620, 623, 621, -1,620, 624, 623, -1,
          620, 625, 624, -1,620, 626, 625, -1,620, 627, 626, -1,620, 628, 627, -1,620, 629, 
          628, -1,620, 630, 629, -1,620, 622, 630, -1,622, 621, 631, -1,621, 632, 631, -1,621, 
          623, 632, -1,622, 631, 633, -1,630, 622, 633, -1,623, 634, 632, -1,623, 624, 634, -1,
          624, 635, 634, -1,624, 625, 635, -1,625, 626, 635, -1,626, 636, 635, -1,626, 627, 
          636, -1,627, 637, 636, -1,627, 638, 637, -1,627, 628, 638, -1,628, 639, 638, -1,628, 
          629, 639, -1,629, 640, 639, -1,629, 641, 640, -1,629, 630, 641, -1,630, 633, 641, -1,
          633, 631, 642, -1,631, 643, 642, -1,631, 632, 643, -1,632, 644, 643, -1,632, 634, 
          644, -1,641, 633, 642, -1,634, 645, 644, -1,634, 635, 645, -1,635, 646, 645, -1,635, 
          647, 646, -1,635, 636, 647, -1,636, 648, 647, -1,636, 637, 648, -1,637, 649, 648, -1,
          637, 638, 649, -1,638, 650, 649, -1,638, 639, 650, -1,639, 651, 650, -1,639, 640, 
          651, -1,640, 652, 651, -1,640, 641, 652, -1,641, 642, 652, -1,642, 653, 654, -1,642, 
          643, 653, -1,652, 642, 654, -1,643, 655, 653, -1,643, 644, 655, -1,644, 656, 655, -1,
          644, 645, 656, -1,645, 646, 656, -1,646, 657, 656, -1,646, 647, 657, -1,647, 658, 
          657, -1,647, 648, 658, -1,648, 649, 658, -1,649, 659, 658, -1,649, 650, 659, -1,650, 
          651, 659, -1,651, 660, 659, -1,651, 652, 660, -1,652, 654, 660, -1,654, 653, 661, -1,
          653, 655, 661, -1,660, 654, 661, -1,655, 656, 661, -1,656, 657, 661, -1,657, 658, 
          661, -1,658, 659, 661, -1,659, 660, 661, -1,662, 663, 664, -1,662, 665, 663, -1,662, 
          666, 665, -1,662, 667, 666, -1,662, 668, 667, -1,662, 669, 668, -1,662, 670, 669, -1,
          662, 671, 670, -1,662, 672, 671, -1,662, 673, 672, -1,662, 674, 673, -1,662, 664, 
          674, -1,664, 663, 675, -1,663, 676, 675, -1,663, 665, 676, -1,674, 664, 677, -1,664, 
          675, 677, -1,665, 678, 676, -1,665, 679, 678, -1,665, 666, 679, -1,666, 680, 679, -1,
          666, 667, 680, -1,667, 681, 680, -1,667, 668, 681, -1,668, 682, 681, -1,668, 683, 
          682, -1,668, 669, 683, -1,669, 684, 683, -1,669, 670, 684, -1,670, 685, 684, -1,670, 
          671, 685, -1,671, 686, 685, -1,671, 672, 686, -1,672, 687, 686, -1,672, 673, 687, -1,
          673, 677, 687, -1,673, 674, 677, -1,675, 688, 689, -1,675, 676, 688, -1,677, 675, 
          689, -1,676, 690, 688, -1,676, 678, 690, -1,687, 677, 691, -1,677, 689, 691, -1,678, 
          692, 690, -1,678, 679, 692, -1,679, 680, 692, -1,680, 693, 692, -1,680, 681, 693, -1,
          681, 694, 693, -1,681, 682, 694, -1,682, 695, 694, -1,682, 683, 695, -1,683, 696, 
          695, -1,683, 684, 696, -1,684, 697, 696, -1,684, 685, 697, -1,685, 698, 697, -1,685, 
          686, 698, -1,686, 687, 698, -1,687, 691, 698, -1,689, 688, 699, -1,688, 700, 699, -1,
          688, 690, 700, -1,691, 689, 699, -1,690, 692, 700, -1,698, 691, 701, -1,691, 702, 
          701, -1,691, 699, 702, -1,692, 703, 700, -1,692, 693, 703, -1,693, 704, 703, -1,693, 
          694, 704, -1,694, 695, 704, -1,695, 705, 704, -1,695, 696, 705, -1,696, 706, 705, -1,
          696, 697, 706, -1,697, 701, 706, -1,697, 698, 701, -1,699, 700, 707, -1,702, 699, 
          707, -1,700, 703, 707, -1,706, 701, 707, -1,701, 702, 707, -1,703, 704, 707, -1,704, 
          705, 707, -1,705, 706, 707, -1,708, 709, 710, -1,708, 711, 709, -1,708, 712, 711, -1,
          712, 708, 713, -1,708, 710, 713, -1,710, 709, 714, -1,709, 715, 714, -1,709, 711, 
          715, -1,713, 710, 716, -1,710, 717, 716, -1,710, 714, 717, -1,712, 718, 711, -1,711, 
          719, 715, -1,711, 720, 719, -1,711, 721, 720, -1,711, 718, 721, -1,712, 722, 718, -1,
          712, 713, 722, -1,722, 713, 723, -1,713, 716, 723, -1,714, 724, 725, -1,714, 726, 
          724, -1,714, 715, 726, -1,717, 714, 725, -1,715, 727, 726, -1,715, 719, 727, -1,723, 
          716, 728, -1,716, 729, 728, -1,716, 730, 729, -1,716, 717, 730, -1,717, 725, 730, -1,
          718, 731, 721, -1,718, 732, 731, -1,718, 733, 732, -1,718, 722, 733, -1,719, 734, 
          727, -1,719, 720, 734, -1,720, 735, 734, -1,720, 721, 735, -1,721, 731, 735, -1,722, 
          736, 733, -1,722, 723, 736, -1,736, 723, 737, -1,723, 728, 737, -1,725, 724, 738, -1,
          724, 739, 738, -1,724, 726, 739, -1,730, 725, 740, -1,725, 738, 740, -1,726, 741, 
          739, -1,726, 727, 741, -1,727, 742, 741, -1,727, 734, 742, -1,737, 728, 743, -1,728, 
          744, 743, -1,728, 729, 744, -1,729, 745, 744, -1,729, 730, 745, -1,730, 740, 745, -1,
          731, 746, 735, -1,731, 732, 746, -1,732, 733, 746, -1,733, 747, 746, -1,733, 736, 
          747, -1,734, 748, 742, -1,734, 735, 748, -1,735, 749, 748, -1,735, 746, 749, -1,736, 
          750, 747, -1,736, 737, 750, -1,750, 737, 751, -1,737, 743, 751, -1,738, 752, 753, -1,
          738, 739, 752, -1,740, 738, 753, -1,739, 741, 752, -1,745, 740, 754, -1,740, 755, 
          754, -1,740, 753, 755, -1,741, 756, 752, -1,741, 742, 756, -1,742, 757, 756, -1,742, 
          748, 757, -1,751, 743, 758, -1,743, 759, 758, -1,743, 744, 759, -1,744, 760, 759, -1,
          744, 745, 760, -1,745, 754, 760, -1,746, 761, 749, -1,746, 762, 761, -1,746, 747, 
          762, -1,747, 763, 762, -1,747, 750, 763, -1,748, 764, 757, -1,748, 749, 764, -1,749, 
          765, 764, -1,749, 761, 765, -1,750, 751, 763, -1,763, 751, 766, -1,751, 758, 766, -1,
          753, 752, 767, -1,752, 756, 767, -1,755, 753, 767, -1,760, 754, 767, -1,754, 755, 
          767, -1,756, 757, 767, -1,757, 764, 767, -1,766, 758, 767, -1,758, 759, 767, -1,759, 
          760, 767, -1,761, 768, 765, -1,761, 762, 768, -1,762, 766, 768, -1,762, 763, 766, -1,
          764, 765, 767, -1,765, 768, 767, -1,768, 766, 767, -1,769, 770, 771, -1,769, 772, 
          770, -1,769, 773, 772, -1,769, 774, 773, -1,769, 775, 774, -1,769, 776, 775, -1,769, 
          777, 776, -1,769, 771, 777, -1,771, 770, 778, -1,770, 779, 778, -1,770, 780, 779, -1,
          770, 772, 780, -1,771, 778, 781, -1,777, 771, 782, -1,771, 781, 782, -1,772, 783, 
          780, -1,772, 784, 783, -1,772, 785, 784, -1,772, 773, 785, -1,773, 786, 785, -1,773, 
          774, 786, -1,774, 787, 786, -1,774, 775, 787, -1,775, 788, 787, -1,775, 776, 788, -1,
          776, 789, 788, -1,776, 777, 789, -1,777, 782, 789, -1,781, 778, 790, -1,778, 791, 
          790, -1,778, 779, 791, -1,779, 792, 791, -1,779, 793, 792, -1,779, 780, 793, -1,780, 
          783, 793, -1,781, 790, 794, -1,782, 781, 794, -1,789, 782, 795, -1,782, 796, 795, -1,
          782, 794, 796, -1,783, 797, 793, -1,783, 798, 797, -1,783, 784, 798, -1,784, 785, 
          798, -1,785, 799, 798, -1,785, 786, 799, -1,786, 800, 799, -1,786, 801, 800, -1,786, 
          787, 801, -1,787, 802, 801, -1,787, 788, 802, -1,788, 803, 802, -1,788, 789, 803, -1,
          789, 795, 803, -1,794, 790, 804, -1,790, 805, 804, -1,790, 791, 805, -1,791, 806, 
          805, -1,791, 792, 806, -1,792, 807, 806, -1,792, 793, 807, -1,793, 808, 807, -1,793, 
          797, 808, -1,796, 794, 804, -1,803, 795, 809, -1,795, 810, 809, -1,795, 796, 810, -1,
          796, 804, 810, -1,797, 798, 808, -1,798, 811, 808, -1,798, 799, 811, -1,799, 812, 
          811, -1,799, 800, 812, -1,800, 813, 812, -1,800, 801, 813, -1,801, 802, 813, -1,802, 
          814, 813, -1,802, 803, 814, -1,803, 809, 814, -1,804, 815, 816, -1,804, 805, 815, -1,
          810, 804, 816, -1,805, 817, 815, -1,805, 806, 817, -1,806, 807, 817, -1,807, 818, 
          817, -1,807, 808, 818, -1,808, 819, 818, -1,808, 811, 819, -1,814, 809, 820, -1,809, 
          821, 820, -1,809, 810, 821, -1,810, 822, 821, -1,810, 816, 822, -1,811, 823, 819, -1,
          811, 824, 823, -1,811, 812, 824, -1,812, 813, 824, -1,813, 820, 824, -1,813, 814, 
          820, -1,816, 815, 825, -1,815, 826, 825, -1,815, 817, 826, -1,822, 816, 827, -1,816, 
          825, 827, -1,817, 828, 826, -1,817, 818, 828, -1,818, 819, 828, -1,819, 829, 828, -1,
          819, 823, 829, -1,824, 820, 830, -1,820, 821, 830, -1,821, 822, 830, -1,822, 827, 
          830, -1,823, 824, 829, -1,824, 830, 829, -1,825, 826, 831, -1,827, 825, 831, -1,826, 
          828, 831, -1,830, 827, 831, -1,828, 829, 831, -1,829, 830, 831, -1,832, 833, 834, -1,
          835, 832, 834, -1,836, 837, 832, -1,837, 833, 832, -1,838, 832, 835, -1,838, 836, 
          832, -1,833, 839, 834, -1,837, 840, 833, -1,840, 841, 833, -1,841, 839, 833, -1,839, 
          842, 834, -1,842, 843, 834, -1,843, 844, 834, -1,844, 835, 834, -1,845, 835, 844, -1,
          845, 838, 835, -1,846, 837, 836, -1,846, 836, 838, -1,846, 847, 837, -1,847, 848, 
          837, -1,848, 840, 837, -1,849, 838, 845, -1,849, 846, 838, -1,841, 850, 839, -1,850, 
          851, 839, -1,851, 842, 839, -1,848, 852, 840, -1,852, 853, 840, -1,853, 841, 840, -1,
          853, 854, 841, -1,854, 850, 841, -1,851, 855, 842, -1,855, 856, 842, -1,856, 843, 
          842, -1,856, 857, 843, -1,857, 858, 843, -1,858, 844, 843, -1,858, 859, 844, -1,859, 
          845, 844, -1,860, 845, 859, -1,860, 861, 845, -1,861, 849, 845, -1,862, 847, 846, -1,
          863, 846, 849, -1,863, 862, 846, -1,862, 864, 847, -1,864, 848, 847, -1,864, 852, 
          848, -1,865, 849, 861, -1,865, 863, 849, -1,854, 866, 850, -1,866, 867, 850, -1,867, 
          851, 850, -1,867, 868, 851, -1,868, 855, 851, -1,864, 869, 852, -1,869, 853, 852, -1,
          869, 870, 853, -1,870, 854, 853, -1,870, 866, 854, -1,868, 871, 855, -1,871, 856, 
          855, -1,871, 872, 856, -1,872, 857, 856, -1,872, 873, 857, -1,873, 874, 857, -1,874, 
          858, 857, -1,874, 875, 858, -1,875, 876, 858, -1,876, 859, 858, -1,876, 877, 859, -1,
          877, 860, 859, -1,878, 860, 877, -1,878, 865, 860, -1,865, 861, 860, -1,879, 880, 
          862, -1,880, 864, 862, -1,881, 862, 863, -1,881, 879, 862, -1,882, 863, 865, -1,882, 
          881, 863, -1,880, 883, 864, -1,883, 869, 864, -1,882, 865, 878, -1,870, 884, 866, -1,
          884, 867, 866, -1,884, 885, 867, -1,885, 868, 867, -1,885, 886, 868, -1,886, 887, 
          868, -1,887, 871, 868, -1,883, 888, 869, -1,888, 889, 869, -1,889, 870, 869, -1,889, 
          890, 870, -1,890, 884, 870, -1,887, 891, 871, -1,891, 872, 871, -1,891, 892, 872, -1,
          892, 873, 872, -1,892, 874, 873, -1,892, 893, 874, -1,893, 875, 874, -1,893, 876, 
          875, -1,893, 894, 876, -1,894, 895, 876, -1,895, 896, 876, -1,896, 877, 876, -1,896, 
          878, 877, -1,897, 878, 896, -1,897, 882, 878, -1,898, 880, 879, -1,899, 879, 881, -1,
          899, 898, 879, -1,898, 900, 880, -1,900, 901, 880, -1,901, 883, 880, -1,899, 881, 
          882, -1,902, 882, 897, -1,902, 899, 882, -1,901, 903, 883, -1,903, 888, 883, -1,890, 
          904, 884, -1,904, 885, 884, -1,904, 886, 885, -1,904, 905, 886, -1,905, 906, 886, -1,
          906, 887, 886, -1,906, 891, 887, -1,903, 907, 888, -1,907, 889, 888, -1,907, 908, 
          889, -1,908, 890, 889, -1,908, 909, 890, -1,909, 910, 890, -1,910, 904, 890, -1,906, 
          911, 891, -1,911, 892, 891, -1,911, 893, 892, -1,911, 912, 893, -1,912, 913, 893, -1,
          913, 894, 893, -1,913, 914, 894, -1,914, 915, 894, -1,915, 895, 894, -1,915, 896, 
          895, -1,915, 897, 896, -1,916, 897, 915, -1,916, 917, 897, -1,917, 902, 897, -1,918, 
          900, 898, -1,919, 898, 899, -1,919, 918, 898, -1,920, 899, 902, -1,920, 919, 899, -1,
          918, 921, 900, -1,921, 901, 900, -1,921, 922, 901, -1,922, 903, 901, -1,923, 902, 
          917, -1,923, 920, 902, -1,922, 924, 903, -1,924, 907, 903, -1,910, 925, 904, -1,925, 
          905, 904, -1,925, 926, 905, -1,926, 906, 905, -1,926, 927, 906, -1,927, 911, 906, -1,
          924, 928, 907, -1,928, 929, 907, -1,929, 908, 907, -1,929, 930, 908, -1,930, 931, 
          908, -1,931, 909, 908, -1,931, 932, 909, -1,932, 933, 909, -1,933, 910, 909, -1,933, 
          925, 910, -1,927, 934, 911, -1,934, 935, 911, -1,935, 912, 911, -1,935, 936, 912, -1,
          936, 913, 912, -1,936, 916, 913, -1,916, 914, 913, -1,916, 915, 914, -1,937, 916, 
          936, -1,937, 938, 916, -1,938, 917, 916, -1,938, 923, 917, -1,939, 940, 918, -1,940, 
          941, 918, -1,941, 942, 918, -1,942, 921, 918, -1,939, 918, 919, -1,939, 919, 920, -1,
          943, 920, 923, -1,943, 939, 920, -1,942, 922, 921, -1,942, 944, 922, -1,944, 945, 
          922, -1,945, 924, 922, -1,946, 923, 938, -1,946, 943, 923, -1,945, 947, 924, -1,947, 
          928, 924, -1,933, 926, 925, -1,933, 948, 926, -1,948, 927, 926, -1,948, 949, 927, -1,
          949, 950, 927, -1,950, 934, 927, -1,951, 928, 947, -1,951, 952, 928, -1,952, 929, 
          928, -1,952, 930, 929, -1,952, 953, 930, -1,953, 931, 930, -1,953, 954, 931, -1,954, 
          955, 931, -1,955, 932, 931, -1,955, 956, 932, -1,956, 933, 932, -1,956, 957, 933, -1,
          957, 948, 933, -1,950, 958, 934, -1,958, 935, 934, -1,958, 959, 935, -1,959, 936, 
          935, -1,959, 937, 936, -1,960, 937, 959, -1,960, 961, 937, -1,961, 938, 937, -1,961, 
          962, 938, -1,962, 946, 938, -1,963, 964, 939, -1,964, 965, 939, -1,965, 940, 939, -1,
          966, 939, 943, -1,966, 963, 939, -1,965, 941, 940, -1,965, 942, 941, -1,965, 967, 
          942, -1,967, 968, 942, -1,968, 944, 942, -1,969, 943, 946, -1,969, 970, 943, -1,970, 
          966, 943, -1,968, 945, 944, -1,968, 971, 945, -1,971, 947, 945, -1,969, 946, 962, -1,
          971, 951, 947, -1,957, 949, 948, -1,957, 950, 949, -1,957, 972, 950, -1,972, 973, 
          950, -1,973, 958, 950, -1,971, 952, 951, -1,971, 974, 952, -1,974, 953, 952, -1,974, 
          975, 953, -1,975, 976, 953, -1,976, 954, 953, -1,976, 955, 954, -1,976, 977, 955, -1,
          977, 956, 955, -1,977, 978, 956, -1,978, 957, 956, -1,978, 972, 957, -1,973, 979, 
          958, -1,979, 959, 958, -1,979, 960, 959, -1,980, 960, 979, -1,980, 981, 960, -1,981, 
          982, 960, -1,982, 961, 960, -1,982, 969, 961, -1,969, 962, 961, -1,983, 964, 963, -1,
          983, 963, 966, -1,983, 984, 964, -1,984, 965, 964, -1,984, 967, 965, -1,983, 966, 
          970, -1,984, 985, 967, -1,985, 968, 967, -1,985, 986, 968, -1,986, 971, 968, -1,987, 
          969, 982, -1,987, 988, 969, -1,988, 989, 969, -1,989, 970, 969, -1,989, 983, 970, -1,
          986, 974, 971, -1,978, 973, 972, -1,978, 990, 973, -1,990, 979, 973, -1,986, 975, 
          974, -1,986, 991, 975, -1,991, 976, 975, -1,991, 977, 976, -1,991, 992, 977, -1,992, 
          978, 977, -1,993, 978, 992, -1,993, 994, 978, -1,994, 995, 978, -1,995, 996, 978, -1,
          996, 990, 978, -1,990, 980, 979, -1,987, 980, 990, -1,987, 981, 980, -1,987, 982, 
          981, -1,997, 998, 983, -1,998, 984, 983, -1,983, 989, 997, -1,998, 985, 984, -1,998, 
          986, 985, -1,998, 999, 986, -1,999, 991, 986, -1,996, 987, 990, -1,997, 987, 996, -1,
          997, 988, 987, -1,997, 989, 988, -1,999, 992, 991, -1,999, 993, 992, -1,999, 994, 
          993, -1,999, 995, 994, -1,999, 996, 995, -1,999, 997, 996, -1,999, 998, 997, -1
        ]
        normalPerVertex TRUE
        normalIndex [
          0, 1, 2, -1,0, 3, 4, -1,0, 4, 1, -1,5, 0, 2, -1,5, 3, 0, -1,1, 6, 2, -1,1, 4, 7, -1,
          1, 7, 6, -1,8, 5, 2, -1,9, 8, 2, -1,10, 9, 2, -1,11, 10, 2, -1,12, 11, 2, -1,13, 
          12, 2, -1,6, 13, 2, -1,5, 14, 3, -1,3, 15, 16, -1,3, 16, 4, -1,14, 15, 3, -1,4, 16, 
          17, -1,4, 17, 7, -1,8, 14, 5, -1,6, 7, 18, -1,6, 18, 13, -1,7, 17, 19, -1,7, 19, 
          18, -1,8, 20, 14, -1,9, 20, 8, -1,9, 21, 20, -1,10, 21, 9, -1,10, 22, 21, -1,11, 
          22, 10, -1,11, 23, 22, -1,12, 23, 11, -1,12, 24, 23, -1,13, 24, 12, -1,13, 18, 24, -1,
          14, 25, 15, -1,20, 25, 14, -1,15, 26, 27, -1,15, 27, 16, -1,25, 26, 15, -1,16, 27, 
          28, -1,16, 28, 17, -1,17, 28, 29, -1,17, 29, 19, -1,18, 19, 30, -1,18, 30, 24, -1,
          19, 29, 31, -1,19, 31, 30, -1,20, 32, 25, -1,21, 32, 20, -1,21, 33, 32, -1,22, 33, 
          21, -1,22, 34, 33, -1,23, 34, 22, -1,23, 35, 34, -1,24, 35, 23, -1,24, 30, 35, -1,
          25, 36, 26, -1,36, 25, 32, -1,26, 37, 38, -1,26, 38, 27, -1,36, 37, 26, -1,27, 38, 
          39, -1,27, 39, 28, -1,28, 39, 40, -1,28, 40, 29, -1,29, 40, 41, -1,29, 41, 31, -1,
          30, 31, 42, -1,30, 42, 35, -1,31, 41, 43, -1,31, 43, 42, -1,44, 36, 32, -1,33, 44, 
          32, -1,33, 45, 44, -1,34, 45, 33, -1,34, 46, 45, -1,35, 46, 34, -1,35, 42, 46, -1,
          36, 47, 37, -1,44, 47, 36, -1,37, 48, 49, -1,37, 49, 38, -1,47, 48, 37, -1,38, 49, 
          50, -1,38, 50, 39, -1,39, 50, 51, -1,39, 51, 40, -1,40, 51, 52, -1,40, 52, 41, -1,
          41, 52, 53, -1,41, 53, 43, -1,42, 43, 54, -1,42, 54, 46, -1,43, 53, 55, -1,43, 55, 
          54, -1,44, 56, 47, -1,45, 56, 44, -1,45, 57, 56, -1,46, 57, 45, -1,46, 54, 57, -1,
          47, 58, 48, -1,56, 58, 47, -1,48, 59, 60, -1,48, 60, 49, -1,58, 59, 48, -1,49, 60, 
          61, -1,49, 61, 50, -1,50, 61, 62, -1,50, 62, 51, -1,51, 62, 63, -1,51, 63, 52, -1,
          52, 63, 64, -1,52, 64, 53, -1,53, 64, 65, -1,53, 65, 55, -1,54, 55, 66, -1,54, 66, 
          57, -1,55, 65, 67, -1,55, 67, 66, -1,56, 68, 58, -1,57, 68, 56, -1,57, 66, 68, -1,
          58, 69, 59, -1,68, 69, 58, -1,59, 70, 71, -1,59, 71, 60, -1,69, 70, 59, -1,60, 71, 
          72, -1,60, 72, 61, -1,61, 72, 73, -1,61, 73, 62, -1,62, 73, 74, -1,62, 74, 63, -1,
          63, 74, 75, -1,63, 75, 64, -1,64, 75, 76, -1,64, 76, 65, -1,65, 76, 77, -1,65, 77, 
          67, -1,66, 67, 78, -1,66, 78, 68, -1,67, 77, 79, -1,67, 79, 78, -1,68, 78, 69, -1,
          69, 80, 70, -1,78, 80, 69, -1,70, 81, 82, -1,70, 82, 71, -1,80, 81, 70, -1,71, 82, 
          83, -1,71, 83, 72, -1,72, 83, 84, -1,72, 84, 73, -1,73, 84, 85, -1,73, 85, 74, -1,
          74, 85, 86, -1,74, 86, 75, -1,75, 86, 87, -1,75, 87, 76, -1,76, 87, 88, -1,76, 88, 
          77, -1,77, 88, 89, -1,77, 89, 79, -1,78, 79, 80, -1,79, 89, 90, -1,79, 90, 80, -1,
          80, 90, 81, -1,81, 91, 92, -1,81, 92, 82, -1,90, 91, 81, -1,82, 92, 93, -1,82, 93, 
          83, -1,83, 93, 94, -1,83, 94, 84, -1,84, 94, 95, -1,84, 95, 85, -1,85, 95, 96, -1,
          85, 96, 86, -1,86, 96, 97, -1,86, 97, 87, -1,87, 97, 98, -1,87, 98, 88, -1,88, 98, 
          99, -1,88, 99, 89, -1,89, 99, 100, -1,89, 100, 90, -1,90, 100, 91, -1,91, 101, 102, -1,
          91, 102, 92, -1,100, 101, 91, -1,92, 102, 103, -1,92, 103, 93, -1,93, 103, 104, -1,
          93, 104, 94, -1,94, 104, 105, -1,94, 105, 95, -1,95, 105, 106, -1,95, 106, 96, -1,
          96, 106, 107, -1,96, 107, 97, -1,97, 107, 108, -1,97, 108, 98, -1,98, 108, 109, -1,
          98, 109, 99, -1,99, 109, 110, -1,99, 110, 100, -1,100, 110, 101, -1,101, 111, 102, -1,
          110, 111, 101, -1,102, 111, 103, -1,103, 111, 104, -1,104, 111, 105, -1,105, 111, 
          106, -1,106, 111, 107, -1,107, 111, 108, -1,108, 111, 109, -1,109, 111, 110, -1,112, 
          113, 114, -1,112, 115, 116, -1,112, 116, 113, -1,117, 112, 114, -1,117, 115, 112, -1,
          113, 118, 114, -1,113, 116, 119, -1,113, 119, 118, -1,120, 117, 114, -1,121, 120, 
          114, -1,122, 121, 114, -1,123, 122, 114, -1,124, 123, 114, -1,125, 124, 114, -1,118, 
          125, 114, -1,117, 126, 115, -1,115, 127, 128, -1,115, 128, 116, -1,126, 127, 115, -1,
          116, 128, 129, -1,116, 129, 119, -1,120, 126, 117, -1,118, 119, 130, -1,118, 130, 
          125, -1,119, 129, 131, -1,119, 131, 130, -1,120, 132, 126, -1,121, 132, 120, -1,121, 
          133, 132, -1,122, 133, 121, -1,122, 134, 133, -1,123, 134, 122, -1,123, 135, 134, -1,
          124, 135, 123, -1,124, 136, 135, -1,125, 136, 124, -1,125, 130, 136, -1,126, 137, 
          127, -1,132, 137, 126, -1,127, 138, 139, -1,127, 139, 128, -1,137, 138, 127, -1,128, 
          139, 140, -1,128, 140, 129, -1,129, 140, 141, -1,129, 141, 131, -1,130, 131, 142, -1,
          130, 142, 136, -1,131, 141, 143, -1,131, 143, 142, -1,132, 144, 137, -1,133, 144, 
          132, -1,133, 145, 144, -1,134, 145, 133, -1,134, 146, 145, -1,135, 146, 134, -1,135, 
          147, 146, -1,136, 147, 135, -1,136, 142, 147, -1,137, 148, 138, -1,144, 148, 137, -1,
          138, 149, 150, -1,138, 150, 139, -1,148, 149, 138, -1,139, 150, 151, -1,139, 151, 
          140, -1,140, 151, 152, -1,140, 152, 141, -1,141, 152, 153, -1,141, 153, 143, -1,142, 
          143, 154, -1,142, 154, 147, -1,143, 153, 155, -1,143, 155, 154, -1,144, 156, 148, -1,
          145, 156, 144, -1,145, 157, 156, -1,146, 157, 145, -1,146, 158, 157, -1,147, 158, 
          146, -1,147, 154, 158, -1,148, 159, 149, -1,156, 159, 148, -1,149, 160, 161, -1,149, 
          161, 150, -1,159, 160, 149, -1,150, 161, 162, -1,150, 162, 151, -1,151, 162, 163, -1,
          151, 163, 152, -1,152, 163, 164, -1,152, 164, 153, -1,153, 164, 165, -1,153, 165, 
          155, -1,154, 155, 166, -1,154, 166, 158, -1,155, 165, 167, -1,155, 167, 166, -1,156, 
          168, 159, -1,157, 168, 156, -1,157, 169, 168, -1,158, 169, 157, -1,158, 166, 169, -1,
          159, 170, 160, -1,168, 170, 159, -1,160, 171, 172, -1,160, 172, 161, -1,170, 171, 
          160, -1,161, 172, 173, -1,161, 173, 162, -1,162, 173, 174, -1,162, 174, 163, -1,163, 
          174, 175, -1,163, 175, 164, -1,164, 175, 176, -1,164, 176, 165, -1,165, 176, 177, -1,
          165, 177, 167, -1,166, 167, 178, -1,166, 178, 169, -1,167, 177, 179, -1,167, 179, 
          178, -1,168, 180, 170, -1,169, 180, 168, -1,169, 178, 180, -1,170, 181, 171, -1,180, 
          181, 170, -1,171, 182, 183, -1,171, 183, 172, -1,181, 182, 171, -1,172, 183, 184, -1,
          172, 184, 173, -1,173, 184, 185, -1,173, 185, 174, -1,174, 185, 186, -1,174, 186, 
          175, -1,175, 186, 187, -1,175, 187, 176, -1,176, 187, 188, -1,176, 188, 177, -1,177, 
          188, 189, -1,177, 189, 179, -1,178, 179, 190, -1,178, 190, 180, -1,179, 189, 191, -1,
          179, 191, 190, -1,180, 190, 181, -1,181, 192, 182, -1,190, 192, 181, -1,182, 193, 
          194, -1,182, 194, 183, -1,192, 193, 182, -1,183, 194, 195, -1,183, 195, 184, -1,184, 
          195, 196, -1,184, 196, 185, -1,185, 196, 197, -1,185, 197, 186, -1,186, 197, 198, -1,
          186, 198, 187, -1,187, 198, 199, -1,187, 199, 188, -1,188, 199, 200, -1,188, 200, 
          189, -1,189, 200, 201, -1,189, 201, 191, -1,190, 191, 192, -1,191, 201, 202, -1,191, 
          202, 192, -1,192, 202, 193, -1,193, 203, 204, -1,193, 204, 194, -1,202, 203, 193, -1,
          194, 204, 205, -1,194, 205, 195, -1,195, 205, 206, -1,195, 206, 196, -1,196, 206, 
          207, -1,196, 207, 197, -1,197, 207, 208, -1,197, 208, 198, -1,198, 208, 209, -1,198, 
          209, 199, -1,199, 209, 210, -1,199, 210, 200, -1,200, 210, 211, -1,200, 211, 201, -1,
          201, 211, 212, -1,201, 212, 202, -1,202, 212, 203, -1,203, 213, 214, -1,203, 214, 
          204, -1,212, 213, 203, -1,204, 214, 215, -1,204, 215, 205, -1,205, 215, 216, -1,205, 
          216, 206, -1,206, 216, 217, -1,206, 217, 207, -1,207, 217, 218, -1,207, 218, 208, -1,
          208, 218, 219, -1,208, 219, 209, -1,209, 219, 220, -1,209, 220, 210, -1,210, 220, 
          221, -1,210, 221, 211, -1,211, 221, 222, -1,211, 222, 212, -1,212, 222, 213, -1,213, 
          223, 214, -1,222, 223, 213, -1,214, 223, 215, -1,215, 223, 216, -1,216, 223, 217, -1,
          217, 223, 218, -1,218, 223, 219, -1,219, 223, 220, -1,220, 223, 221, -1,221, 223, 
          222, -1,224, 225, 226, -1,224, 227, 228, -1,224, 228, 225, -1,229, 224, 226, -1,229, 
          227, 224, -1,225, 230, 226, -1,225, 228, 231, -1,225, 231, 230, -1,232, 229, 226, -1,
          233, 232, 226, -1,234, 233, 226, -1,235, 234, 226, -1,236, 235, 226, -1,237, 236, 
          226, -1,230, 237, 226, -1,229, 238, 227, -1,227, 239, 240, -1,227, 240, 228, -1,238, 
          239, 227, -1,228, 240, 241, -1,228, 241, 231, -1,232, 238, 229, -1,230, 231, 242, -1,
          230, 242, 237, -1,231, 241, 243, -1,231, 243, 242, -1,232, 244, 238, -1,233, 244, 
          232, -1,233, 245, 244, -1,234, 245, 233, -1,234, 246, 245, -1,235, 246, 234, -1,235, 
          247, 246, -1,236, 247, 235, -1,236, 248, 247, -1,237, 248, 236, -1,237, 242, 248, -1,
          238, 249, 239, -1,244, 249, 238, -1,239, 250, 251, -1,239, 251, 240, -1,249, 250, 
          239, -1,240, 251, 252, -1,240, 252, 241, -1,241, 252, 253, -1,241, 253, 243, -1,242, 
          243, 254, -1,242, 254, 248, -1,243, 253, 255, -1,243, 255, 254, -1,244, 256, 249, -1,
          245, 256, 244, -1,245, 257, 256, -1,246, 257, 245, -1,246, 258, 257, -1,247, 258, 
          246, -1,247, 259, 258, -1,248, 259, 247, -1,248, 254, 259, -1,249, 260, 250, -1,256, 
          260, 249, -1,250, 261, 262, -1,250, 262, 251, -1,260, 261, 250, -1,251, 262, 263, -1,
          251, 263, 252, -1,252, 263, 264, -1,252, 264, 253, -1,253, 264, 265, -1,253, 265, 
          255, -1,254, 255, 266, -1,254, 266, 259, -1,255, 265, 267, -1,255, 267, 266, -1,256, 
          268, 260, -1,257, 268, 256, -1,257, 269, 268, -1,258, 269, 257, -1,258, 270, 269, -1,
          259, 270, 258, -1,259, 266, 270, -1,260, 271, 261, -1,268, 271, 260, -1,261, 272, 
          273, -1,261, 273, 262, -1,271, 272, 261, -1,262, 273, 274, -1,262, 274, 263, -1,263, 
          274, 275, -1,263, 275, 264, -1,264, 275, 276, -1,264, 276, 265, -1,265, 276, 277, -1,
          265, 277, 267, -1,266, 267, 278, -1,266, 278, 270, -1,267, 277, 279, -1,267, 279, 
          278, -1,268, 280, 271, -1,269, 280, 268, -1,269, 281, 280, -1,270, 281, 269, -1,270, 
          278, 281, -1,271, 282, 272, -1,280, 282, 271, -1,272, 283, 284, -1,272, 284, 273, -1,
          282, 283, 272, -1,273, 284, 285, -1,273, 285, 274, -1,274, 285, 286, -1,274, 286, 
          275, -1,275, 286, 287, -1,275, 287, 276, -1,276, 287, 288, -1,276, 288, 277, -1,277, 
          288, 289, -1,277, 289, 279, -1,278, 279, 290, -1,278, 290, 281, -1,279, 289, 291, -1,
          279, 291, 290, -1,280, 292, 282, -1,281, 292, 280, -1,281, 290, 292, -1,282, 293, 
          283, -1,292, 293, 282, -1,283, 294, 295, -1,283, 295, 284, -1,293, 294, 283, -1,284, 
          295, 296, -1,284, 296, 285, -1,285, 296, 297, -1,285, 297, 286, -1,286, 297, 298, -1,
          286, 298, 287, -1,287, 298, 299, -1,287, 299, 288, -1,288, 299, 300, -1,288, 300, 
          289, -1,289, 300, 301, -1,289, 301, 291, -1,290, 291, 302, -1,290, 302, 292, -1,291, 
          301, 303, -1,291, 303, 302, -1,292, 302, 293, -1,293, 304, 294, -1,302, 304, 293, -1,
          294, 305, 306, -1,294, 306, 295, -1,304, 305, 294, -1,295, 306, 307, -1,295, 307, 
          296, -1,296, 307, 308, -1,296, 308, 297, -1,297, 308, 309, -1,297, 309, 298, -1,298, 
          309, 310, -1,298, 310, 299, -1,299, 310, 311, -1,299, 311, 300, -1,300, 311, 312, -1,
          300, 312, 301, -1,301, 312, 313, -1,301, 313, 303, -1,302, 303, 304, -1,303, 313, 
          314, -1,303, 314, 304, -1,304, 314, 305, -1,305, 315, 316, -1,305, 316, 306, -1,314, 
          315, 305, -1,306, 316, 317, -1,306, 317, 307, -1,307, 317, 318, -1,307, 318, 308, -1,
          308, 318, 319, -1,308, 319, 309, -1,309, 319, 320, -1,309, 320, 310, -1,310, 320, 
          321, -1,310, 321, 311, -1,311, 321, 322, -1,311, 322, 312, -1,312, 322, 323, -1,312, 
          323, 313, -1,313, 323, 324, -1,313, 324, 314, -1,314, 324, 315, -1,315, 325, 326, -1,
          315, 326, 316, -1,324, 325, 315, -1,316, 326, 327, -1,316, 327, 317, -1,317, 327, 
          328, -1,317, 328, 318, -1,318, 328, 329, -1,318, 329, 319, -1,319, 329, 330, -1,319, 
          330, 320, -1,320, 330, 331, -1,320, 331, 321, -1,321, 331, 332, -1,321, 332, 322, -1,
          322, 332, 333, -1,322, 333, 323, -1,323, 333, 334, -1,323, 334, 324, -1,324, 334, 
          325, -1,325, 335, 326, -1,334, 335, 325, -1,326, 335, 327, -1,327, 335, 328, -1,328, 
          335, 329, -1,329, 335, 330, -1,330, 335, 331, -1,331, 335, 332, -1,332, 335, 333, -1,
          333, 335, 334, -1,336, 337, 338, -1,336, 339, 340, -1,336, 340, 337, -1,341, 336, 
          338, -1,341, 339, 336, -1,337, 342, 338, -1,337, 340, 343, -1,337, 343, 342, -1,344, 
          341, 338, -1,345, 344, 338, -1,346, 345, 338, -1,347, 346, 338, -1,348, 347, 338, -1,
          349, 348, 338, -1,342, 349, 338, -1,341, 350, 339, -1,339, 351, 352, -1,339, 352, 
          340, -1,350, 351, 339, -1,340, 352, 353, -1,340, 353, 343, -1,344, 350, 341, -1,342, 
          343, 354, -1,342, 354, 349, -1,343, 353, 355, -1,343, 355, 354, -1,344, 356, 350, -1,
          345, 356, 344, -1,345, 357, 356, -1,346, 357, 345, -1,346, 358, 357, -1,347, 358, 
          346, -1,347, 359, 358, -1,348, 359, 347, -1,348, 360, 359, -1,349, 360, 348, -1,349, 
          354, 360, -1,350, 361, 351, -1,356, 361, 350, -1,351, 362, 363, -1,351, 363, 352, -1,
          361, 362, 351, -1,352, 363, 364, -1,352, 364, 353, -1,353, 364, 365, -1,353, 365, 
          355, -1,354, 355, 366, -1,354, 366, 360, -1,355, 365, 367, -1,355, 367, 366, -1,356, 
          368, 361, -1,357, 368, 356, -1,357, 369, 368, -1,358, 369, 357, -1,358, 370, 369, -1,
          359, 370, 358, -1,359, 371, 370, -1,360, 371, 359, -1,360, 366, 371, -1,361, 372, 
          362, -1,368, 372, 361, -1,362, 373, 374, -1,362, 374, 363, -1,372, 373, 362, -1,363, 
          374, 375, -1,363, 375, 364, -1,364, 375, 376, -1,364, 376, 365, -1,365, 376, 377, -1,
          365, 377, 367, -1,366, 367, 378, -1,366, 378, 371, -1,367, 377, 379, -1,367, 379, 
          378, -1,368, 380, 372, -1,369, 380, 368, -1,369, 381, 380, -1,370, 381, 369, -1,370, 
          382, 381, -1,371, 382, 370, -1,371, 378, 382, -1,372, 383, 373, -1,380, 383, 372, -1,
          373, 384, 385, -1,373, 385, 374, -1,383, 384, 373, -1,374, 385, 386, -1,374, 386, 
          375, -1,375, 386, 387, -1,375, 387, 376, -1,376, 387, 388, -1,376, 388, 377, -1,377, 
          388, 389, -1,377, 389, 379, -1,378, 379, 390, -1,378, 390, 382, -1,379, 389, 391, -1,
          379, 391, 390, -1,380, 392, 383, -1,381, 392, 380, -1,381, 393, 392, -1,382, 393, 
          381, -1,382, 390, 393, -1,383, 394, 384, -1,392, 394, 383, -1,384, 395, 396, -1,384, 
          396, 385, -1,394, 395, 384, -1,385, 396, 397, -1,385, 397, 386, -1,386, 397, 398, -1,
          386, 398, 387, -1,387, 398, 399, -1,387, 399, 388, -1,388, 399, 400, -1,388, 400, 
          389, -1,389, 400, 401, -1,389, 401, 391, -1,390, 391, 402, -1,390, 402, 393, -1,391, 
          401, 403, -1,391, 403, 402, -1,392, 404, 394, -1,393, 404, 392, -1,393, 402, 404, -1,
          394, 405, 395, -1,404, 405, 394, -1,395, 406, 407, -1,395, 407, 396, -1,405, 406, 
          395, -1,396, 407, 408, -1,396, 408, 397, -1,397, 408, 409, -1,397, 409, 398, -1,398, 
          409, 410, -1,398, 410, 399, -1,399, 410, 411, -1,399, 411, 400, -1,400, 411, 412, -1,
          400, 412, 401, -1,401, 412, 413, -1,401, 413, 403, -1,402, 403, 414, -1,402, 414, 
          404, -1,403, 413, 415, -1,403, 415, 414, -1,404, 414, 405, -1,405, 416, 406, -1,414, 
          416, 405, -1,406, 417, 418, -1,406, 418, 407, -1,416, 417, 406, -1,407, 418, 419, -1,
          407, 419, 408, -1,408, 419, 420, -1,408, 420, 409, -1,409, 420, 421, -1,409, 421, 
          410, -1,410, 421, 422, -1,410, 422, 411, -1,411, 422, 423, -1,411, 423, 412, -1,412, 
          423, 424, -1,412, 424, 413, -1,413, 424, 425, -1,413, 425, 415, -1,414, 415, 416, -1,
          415, 425, 426, -1,415, 426, 416, -1,416, 426, 417, -1,417, 427, 428, -1,417, 428, 
          418, -1,426, 427, 417, -1,418, 428, 429, -1,418, 429, 419, -1,419, 429, 430, -1,419, 
          430, 420, -1,420, 430, 431, -1,420, 431, 421, -1,421, 431, 432, -1,421, 432, 422, -1,
          422, 432, 433, -1,422, 433, 423, -1,423, 433, 434, -1,423, 434, 424, -1,424, 434, 
          435, -1,424, 435, 425, -1,425, 435, 436, -1,425, 436, 426, -1,426, 436, 427, -1,427, 
          437, 438, -1,427, 438, 428, -1,436, 437, 427, -1,428, 438, 439, -1,428, 439, 429, -1,
          429, 439, 440, -1,429, 440, 430, -1,430, 440, 441, -1,430, 441, 431, -1,431, 441, 
          442, -1,431, 442, 432, -1,432, 442, 443, -1,432, 443, 433, -1,433, 443, 444, -1,433, 
          444, 434, -1,434, 444, 445, -1,434, 445, 435, -1,435, 445, 446, -1,435, 446, 436, -1,
          436, 446, 437, -1,437, 447, 438, -1,446, 447, 437, -1,438, 447, 439, -1,439, 447, 
          440, -1,440, 447, 441, -1,441, 447, 442, -1,442, 447, 443, -1,443, 447, 444, -1,444, 
          447, 445, -1,445, 447, 446, -1,448, 449, 450, -1,448, 451, 452, -1,448, 452, 449, -1,
          453, 448, 450, -1,453, 451, 448, -1,449, 454, 450, -1,449, 452, 455, -1,449, 455, 
          454, -1,456, 453, 450, -1,457, 456, 450, -1,458, 457, 450, -1,459, 458, 450, -1,460, 
          459, 450, -1,461, 460, 450, -1,454, 461, 450, -1,453, 462, 451, -1,451, 463, 464, -1,
          451, 464, 452, -1,462, 463, 451, -1,452, 464, 465, -1,452, 465, 455, -1,456, 462, 
          453, -1,454, 455, 466, -1,454, 466, 461, -1,455, 465, 467, -1,455, 467, 466, -1,456, 
          468, 462, -1,457, 468, 456, -1,457, 469, 468, -1,458, 469, 457, -1,458, 470, 469, -1,
          459, 470, 458, -1,459, 471, 470, -1,460, 471, 459, -1,460, 472, 471, -1,461, 472, 
          460, -1,461, 466, 472, -1,462, 473, 463, -1,468, 473, 462, -1,463, 474, 475, -1,463, 
          475, 464, -1,473, 474, 463, -1,464, 475, 476, -1,464, 476, 465, -1,465, 476, 477, -1,
          465, 477, 467, -1,466, 467, 478, -1,466, 478, 472, -1,467, 477, 479, -1,467, 479, 
          478, -1,468, 480, 473, -1,469, 480, 468, -1,469, 481, 480, -1,470, 481, 469, -1,470, 
          482, 481, -1,471, 482, 470, -1,471, 483, 482, -1,472, 483, 471, -1,472, 478, 483, -1,
          473, 484, 474, -1,480, 484, 473, -1,474, 485, 486, -1,474, 486, 475, -1,484, 485, 
          474, -1,475, 486, 487, -1,475, 487, 476, -1,476, 487, 488, -1,476, 488, 477, -1,477, 
          488, 489, -1,477, 489, 479, -1,478, 479, 490, -1,478, 490, 483, -1,479, 489, 491, -1,
          479, 491, 490, -1,480, 492, 484, -1,481, 492, 480, -1,481, 493, 492, -1,482, 493, 
          481, -1,482, 494, 493, -1,483, 494, 482, -1,483, 490, 494, -1,484, 495, 485, -1,492, 
          495, 484, -1,485, 496, 497, -1,485, 497, 486, -1,495, 496, 485, -1,486, 497, 498, -1,
          486, 498, 487, -1,487, 498, 499, -1,487, 499, 488, -1,488, 499, 500, -1,488, 500, 
          489, -1,489, 500, 501, -1,489, 501, 491, -1,490, 491, 502, -1,490, 502, 494, -1,491, 
          501, 503, -1,491, 503, 502, -1,492, 504, 495, -1,493, 504, 492, -1,493, 505, 504, -1,
          494, 505, 493, -1,494, 502, 505, -1,495, 506, 496, -1,504, 506, 495, -1,496, 507, 
          508, -1,496, 508, 497, -1,506, 507, 496, -1,497, 508, 509, -1,497, 509, 498, -1,498, 
          509, 510, -1,498, 510, 499, -1,499, 510, 511, -1,499, 511, 500, -1,500, 511, 512, -1,
          500, 512, 501, -1,501, 512, 513, -1,501, 513, 503, -1,502, 503, 514, -1,502, 514, 
          505, -1,503, 513, 515, -1,503, 515, 514, -1,504, 516, 506, -1,505, 516, 504, -1,505, 
          514, 516, -1,506, 517, 507, -1,516, 517, 506, -1,507, 518, 519, -1,507, 519, 508, -1,
          517, 518, 507, -1,508, 519, 520, -1,508, 520, 509, -1,509, 520, 521, -1,509, 521, 
          510, -1,510, 521, 522, -1,510, 522, 511, -1,511, 522, 523, -1,511, 523, 512, -1,512, 
          523, 524, -1,512, 524, 513, -1,513, 524, 525, -1,513, 525, 515, -1,514, 515, 526, -1,
          514, 526, 516, -1,515, 525, 527, -1,515, 527, 526, -1,516, 526, 517, -1,517, 528, 
          518, -1,526, 528, 517, -1,518, 529, 530, -1,518, 530, 519, -1,528, 529, 518, -1,519, 
          530, 531, -1,519, 531, 520, -1,520, 531, 532, -1,520, 532, 521, -1,521, 532, 533, -1,
          521, 533, 522, -1,522, 533, 534, -1,522, 534, 523, -1,523, 534, 535, -1,523, 535, 
          524, -1,524, 535, 536, -1,524, 536, 525, -1,525, 536, 537, -1,525, 537, 527, -1,526, 
          527, 528, -1,527, 537, 538, -1,527, 538, 528, -1,528, 538, 529, -1,529, 539, 540, -1,
          529, 540, 530, -1,538, 539, 529, -1,530, 540, 541, -1,530, 541, 531, -1,531, 541, 
          542, -1,531, 542, 532, -1,532, 542, 543, -1,532, 543, 533, -1,533, 543, 544, -1,533, 
          544, 534, -1,534, 544, 545, -1,534, 545, 535, -1,535, 545, 546, -1,535, 546, 536, -1,
          536, 546, 547, -1,536, 547, 537, -1,537, 547, 548, -1,537, 548, 538, -1,538, 548, 
          539, -1,539, 549, 550, -1,539, 550, 540, -1,548, 549, 539, -1,540, 550, 551, -1,540, 
          551, 541, -1,541, 551, 552, -1,541, 552, 542, -1,542, 552, 553, -1,542, 553, 543, -1,
          543, 553, 554, -1,543, 554, 544, -1,544, 554, 555, -1,544, 555, 545, -1,545, 555, 
          556, -1,545, 556, 546, -1,546, 556, 557, -1,546, 557, 547, -1,547, 557, 558, -1,547, 
          558, 548, -1,548, 558, 549, -1,549, 559, 550, -1,558, 559, 549, -1,550, 559, 551, -1,
          551, 559, 552, -1,552, 559, 553, -1,553, 559, 554, -1,554, 559, 555, -1,555, 559, 
          556, -1,556, 559, 557, -1,557, 559, 558, -1,560, 561, 562, -1,563, 560, 562, -1,564, 
          565, 560, -1,565, 561, 560, -1,564, 560, 563, -1,561, 566, 562, -1,565, 567, 561, -1,
          567, 566, 561, -1,566, 568, 562, -1,568, 569, 562, -1,569, 563, 562, -1,570, 563, 
          569, -1,570, 564, 563, -1,571, 572, 564, -1,572, 565, 564, -1,571, 564, 570, -1,572, 
          573, 565, -1,573, 574, 565, -1,574, 567, 565, -1,567, 575, 566, -1,575, 568, 566, -1,
          574, 576, 567, -1,576, 577, 567, -1,577, 578, 567, -1,578, 575, 567, -1,575, 579, 
          568, -1,579, 580, 568, -1,580, 569, 568, -1,580, 570, 569, -1,581, 570, 580, -1,581, 
          571, 570, -1,582, 583, 571, -1,583, 572, 571, -1,582, 571, 581, -1,583, 573, 572, -1,
          583, 584, 573, -1,584, 574, 573, -1,584, 585, 574, -1,585, 576, 574, -1,578, 586, 
          575, -1,586, 579, 575, -1,585, 577, 576, -1,585, 587, 577, -1,587, 578, 577, -1,587, 
          588, 578, -1,588, 586, 578, -1,586, 589, 579, -1,589, 580, 579, -1,589, 590, 580, -1,
          590, 581, 580, -1,591, 581, 590, -1,591, 582, 581, -1,592, 583, 582, -1,593, 582, 
          591, -1,593, 592, 582, -1,592, 594, 583, -1,594, 584, 583, -1,594, 595, 584, -1,595, 
          585, 584, -1,595, 596, 585, -1,596, 587, 585, -1,588, 597, 586, -1,597, 589, 586, -1,
          596, 598, 587, -1,598, 588, 587, -1,598, 599, 588, -1,599, 597, 588, -1,597, 600, 
          589, -1,600, 601, 589, -1,601, 590, 589, -1,601, 602, 590, -1,602, 603, 590, -1,603, 
          591, 590, -1,604, 591, 603, -1,604, 593, 591, -1,605, 594, 592, -1,606, 592, 593, -1,
          606, 605, 592, -1,607, 593, 604, -1,607, 606, 593, -1,605, 608, 594, -1,608, 595, 
          594, -1,608, 609, 595, -1,609, 596, 595, -1,609, 598, 596, -1,599, 610, 597, -1,610, 
          600, 597, -1,609, 611, 598, -1,611, 599, 598, -1,611, 612, 599, -1,612, 610, 599, -1,
          610, 613, 600, -1,613, 601, 600, -1,613, 614, 601, -1,614, 602, 601, -1,614, 615, 
          602, -1,615, 616, 602, -1,616, 617, 602, -1,617, 603, 602, -1,617, 604, 603, -1,607, 
          604, 617, -1,618, 608, 605, -1,618, 605, 606, -1,618, 606, 607, -1,619, 607, 617, -1,
          618, 607, 619, -1,618, 609, 608, -1,618, 611, 609, -1,612, 613, 610, -1,618, 612, 
          611, -1,612, 614, 613, -1,612, 619, 614, -1,618, 619, 612, -1,619, 615, 614, -1,619, 
          616, 615, -1,619, 617, 616, -1,620, 621, 622, -1,620, 623, 621, -1,620, 624, 623, -1,
          620, 625, 624, -1,620, 626, 625, -1,620, 627, 626, -1,620, 628, 627, -1,620, 629, 
          628, -1,620, 630, 629, -1,620, 622, 630, -1,622, 621, 631, -1,621, 632, 631, -1,621, 
          623, 632, -1,622, 631, 633, -1,630, 622, 633, -1,623, 634, 632, -1,623, 624, 634, -1,
          624, 635, 634, -1,624, 625, 635, -1,625, 626, 635, -1,626, 636, 635, -1,626, 627, 
          636, -1,627, 637, 636, -1,627, 638, 637, -1,627, 628, 638, -1,628, 639, 638, -1,628, 
          629, 639, -1,629, 640, 639, -1,629, 641, 640, -1,629, 630, 641, -1,630, 633, 641, -1,
          633, 631, 642, -1,631, 643, 642, -1,631, 632, 643, -1,632, 644, 643, -1,632, 634, 
          644, -1,641, 633, 642, -1,634, 645, 644, -1,634, 635, 645, -1,635, 646, 645, -1,635, 
          647, 646, -1,635, 636, 647, -1,636, 648, 647, -1,636, 637, 648, -1,637, 649, 648, -1,
          637, 638, 649, -1,638, 650, 649, -1,638, 639, 650, -1,639, 651, 650, -1,639, 640, 
          651, -1,640, 652, 651, -1,640, 641, 652, -1,641, 642, 652, -1,642, 653, 654, -1,642, 
          643, 653, -1,652, 642, 654, -1,643, 655, 653, -1,643, 644, 655, -1,644, 656, 655, -1,
          644, 645, 656, -1,645, 646, 656, -1,646, 657, 656, -1,646, 647, 657, -1,647, 658, 
          657, -1,647, 648, 658, -1,648, 649, 658, -1,649, 659, 658, -1,649, 650, 659, -1,650, 
          651, 659, -1,651, 660, 659, -1,651, 652, 660, -1,652, 654, 660, -1,654, 653, 661, -1,
          653, 655, 661, -1,660, 654, 661, -1,655, 656, 661, -1,656, 657, 661, -1,657, 658, 
          661, -1,658, 659, 661, -1,659, 660, 661, -1,662, 663, 664, -1,662, 665, 663, -1,662, 
          666, 665, -1,662, 667, 666, -1,662, 668, 667, -1,662, 669, 668, -1,662, 670, 669, -1,
          662, 671, 670, -1,662, 672, 671, -1,662, 673, 672, -1,662, 674, 673, -1,662, 664, 
          674, -1,664, 663, 675, -1,663, 676, 675, -1,663, 665, 676, -1,674, 664, 677, -1,664, 
          675, 677, -1,665, 678, 676, -1,665, 679, 678, -1,665, 666, 679, -1,666, 680, 679, -1,
          666, 667, 680, -1,667, 681, 680, -1,667, 668, 681, -1,668, 682, 681, -1,668, 683, 
          682, -1,668, 669, 683, -1,669, 684, 683, -1,669, 670, 684, -1,670, 685, 684, -1,670, 
          671, 685, -1,671, 686, 685, -1,671, 672, 686, -1,672, 687, 686, -1,672, 673, 687, -1,
          673, 677, 687, -1,673, 674, 677, -1,675, 688, 689, -1,675, 676, 688, -1,677, 675, 
          689, -1,676, 690, 688, -1,676, 678, 690, -1,687, 677, 691, -1,677, 689, 691, -1,678, 
          692, 690, -1,678, 679, 692, -1,679, 680, 692, -1,680, 693, 692, -1,680, 681, 693, -1,
          681, 694, 693, -1,681, 682, 694, -1,682, 695, 694, -1,682, 683, 695, -1,683, 696, 
          695, -1,683, 684, 696, -1,684, 697, 696, -1,684, 685, 697, -1,685, 698, 697, -1,685, 
          686, 698, -1,686, 687, 698, -1,687, 691, 698, -1,689, 688, 699, -1,688, 700, 699, -1,
          688, 690, 700, -1,691, 689, 699, -1,690, 692, 700, -1,698, 691, 701, -1,691, 702, 
          701, -1,691, 699, 702, -1,692, 703, 700, -1,692, 693, 703, -1,693, 704, 703, -1,693, 
          694, 704, -1,694, 695, 704, -1,695, 705, 704, -1,695, 696, 705, -1,696, 706, 705, -1,
          696, 697, 706, -1,697, 701, 706, -1,697, 698, 701, -1,699, 700, 707, -1,702, 699, 
          707, -1,700, 703, 707, -1,706, 701, 707, -1,701, 702, 707, -1,703, 704, 707, -1,704, 
          705, 707, -1,705, 706, 707, -1,708, 709, 710, -1,708, 711, 709, -1,708, 712, 711, -1,
          712, 708, 713, -1,708, 710, 713, -1,710, 709, 714, -1,709, 715, 714, -1,709, 711, 
          715, -1,713, 710, 716, -1,710, 717, 716, -1,710, 714, 717, -1,712, 718, 711, -1,711, 
          719, 715, -1,711, 720, 719, -1,711, 721, 720, -1,711, 718, 721, -1,712, 722, 718, -1,
          712, 713, 722, -1,722, 713, 723, -1,713, 716, 723, -1,714, 724, 725, -1,714, 726, 
          724, -1,714, 715, 726, -1,717, 714, 725, -1,715, 727, 726, -1,715, 719, 727, -1,723, 
          716, 728, -1,716, 729, 728, -1,716, 730, 729, -1,716, 717, 730, -1,717, 725, 730, -1,
          718, 731, 721, -1,718, 732, 731, -1,718, 733, 732, -1,718, 722, 733, -1,719, 734, 
          727, -1,719, 720, 734, -1,720, 735, 734, -1,720, 721, 735, -1,721, 731, 735, -1,722, 
          736, 733, -1,722, 723, 736, -1,736, 723, 737, -1,723, 728, 737, -1,725, 724, 738, -1,
          724, 739, 738, -1,724, 726, 739, -1,730, 725, 740, -1,725, 738, 740, -1,726, 741, 
          739, -1,726, 727, 741, -1,727, 742, 741, -1,727, 734, 742, -1,737, 728, 743, -1,728, 
          744, 743, -1,728, 729, 744, -1,729, 745, 744, -1,729, 730, 745, -1,730, 740, 745, -1,
          731, 746, 735, -1,731, 732, 746, -1,732, 733, 746, -1,733, 747, 746, -1,733, 736, 
          747, -1,734, 748, 742, -1,734, 735, 748, -1,735, 749, 748, -1,735, 746, 749, -1,736, 
          750, 747, -1,736, 737, 750, -1,750, 737, 751, -1,737, 743, 751, -1,738, 752, 753, -1,
          738, 739, 752, -1,740, 738, 753, -1,739, 741, 752, -1,745, 740, 754, -1,740, 755, 
          754, -1,740, 753, 755, -1,741, 756, 752, -1,741, 742, 756, -1,742, 757, 756, -1,742, 
          748, 757, -1,751, 743, 758, -1,743, 759, 758, -1,743, 744, 759, -1,744, 760, 759, -1,
          744, 745, 760, -1,745, 754, 760, -1,746, 761, 749, -1,746, 762, 761, -1,746, 747, 
          762, -1,747, 763, 762, -1,747, 750, 763, -1,748, 764, 757, -1,748, 749, 764, -1,749, 
          765, 764, -1,749, 761, 765, -1,750, 751, 763, -1,763, 751, 766, -1,751, 758, 766, -1,
          753, 752, 767, -1,752, 756, 767, -1,755, 753, 767, -1,760, 754, 767, -1,754, 755, 
          767, -1,756, 757, 767, -1,757, 764, 767, -1,766, 758, 767, -1,758, 759, 767, -1,759, 
          760, 767, -1,761, 768, 765, -1,761, 762, 768, -1,762, 766, 768, -1,762, 763, 766, -1,
          764, 765, 767, -1,765, 768, 767, -1,768, 766, 767, -1,769, 770, 771, -1,769, 772, 
          770, -1,769, 773, 772, -1,769, 774, 773, -1,769, 775, 774, -1,769, 776, 775, -1,769, 
          777, 776, -1,769, 771, 777, -1,771, 770, 778, -1,770, 779, 778, -1,770, 780, 779, -1,
          770, 772, 780, -1,771, 778, 781, -1,777, 771, 782, -1,771, 781, 782, -1,772, 783, 
          780, -1,772, 784, 783, -1,772, 785, 784, -1,772, 773, 785, -1,773, 786, 785, -1,773, 
          774, 786, -1,774, 787, 786, -1,774, 775, 787, -1,775, 788, 787, -1,775, 776, 788, -1,
          776, 789, 788, -1,776, 777, 789, -1,777, 782, 789, -1,781, 778, 790, -1,778, 791, 
          790, -1,778, 779, 791, -1,779, 792, 791, -1,779, 793, 792, -1,779, 780, 793, -1,780, 
          783, 793, -1,781, 790, 794, -1,782, 781, 794, -1,789, 782, 795, -1,782, 796, 795, -1,
          782, 794, 796, -1,783, 797, 793, -1,783, 798, 797, -1,783, 784, 798, -1,784, 785, 
          798, -1,785, 799, 798, -1,785, 786, 799, -1,786, 800, 799, -1,786, 801, 800, -1,786, 
          787, 801, -1,787, 802, 801, -1,787, 788, 802, -1,788, 803, 802, -1,788, 789, 803, -1,
          789, 795, 803, -1,794, 790, 804, -1,790, 805, 804, -1,790, 791, 805, -1,791, 806, 
          805, -1,791, 792, 806, -1,792, 807, 806, -1,792, 793, 807, -1,793, 808, 807, -1,793, 
          797, 808, -1,796, 794, 804, -1,803, 795, 809, -1,795, 810, 809, -1,795, 796, 810, -1,
          796, 804, 810, -1,797, 798, 808, -1,798, 811, 808, -1,798, 799, 811, -1,799, 812, 
          811, -1,799, 800, 812, -1,800, 813, 812, -1,800, 801, 813, -1,801, 802, 813, -1,802, 
          814, 813, -1,802, 803, 814, -1,803, 809, 814, -1,804, 815, 816, -1,804, 805, 815, -1,
          810, 804, 816, -1,805, 817, 815, -1,805, 806, 817, -1,806, 807, 817, -1,807, 818, 
          817, -1,807, 808, 818, -1,808, 819, 818, -1,808, 811, 819, -1,814, 809, 820, -1,809, 
          821, 820, -1,809, 810, 821, -1,810, 822, 821, -1,810, 816, 822, -1,811, 823, 819, -1,
          811, 824, 823, -1,811, 812, 824, -1,812, 813, 824, -1,813, 820, 824, -1,813, 814, 
          820, -1,816, 815, 825, -1,815, 826, 825, -1,815, 817, 826, -1,822, 816, 827, -1,816, 
          825, 827, -1,817, 828, 826, -1,817, 818, 828, -1,818, 819, 828, -1,819, 829, 828, -1,
          819, 823, 829, -1,824, 820, 830, -1,820, 821, 830, -1,821, 822, 830, -1,822, 827, 
          830, -1,823, 824, 829, -1,824, 830, 829, -1,825, 826, 831, -1,827, 825, 831, -1,826, 
          828, 831, -1,830, 827, 831, -1,828, 829, 831, -1,829, 830, 831, -1,832, 833, 834, -1,
          835, 832, 834, -1,836, 837, 832, -1,837, 833, 832, -1,838, 832, 835, -1,838, 836, 
          832, -1,833, 839, 834, -1,837, 840, 833, -1,840, 841, 833, -1,841, 839, 833, -1,839, 
          842, 834, -1,842, 843, 834, -1,843, 844, 834, -1,844, 835, 834, -1,845, 835, 844, -1,
          845, 838, 835, -1,846, 837, 836, -1,846, 836, 838, -1,846, 847, 837, -1,847, 848, 
          837, -1,848, 840, 837, -1,849, 838, 845, -1,849, 846, 838, -1,841, 850, 839, -1,850, 
          851, 839, -1,851, 842, 839, -1,848, 852, 840, -1,852, 853, 840, -1,853, 841, 840, -1,
          853, 854, 841, -1,854, 850, 841, -1,851, 855, 842, -1,855, 856, 842, -1,856, 843, 
          842, -1,856, 857, 843, -1,857, 858, 843, -1,858, 844, 843, -1,858, 859, 844, -1,859, 
          845, 844, -1,860, 845, 859, -1,860, 861, 845, -1,861, 849, 845, -1,862, 847, 846, -1,
          863, 846, 849, -1,863, 862, 846, -1,862, 864, 847, -1,864, 848, 847, -1,864, 852, 
          848, -1,865, 849, 861, -1,865, 863, 849, -1,854, 866, 850, -1,866, 867, 850, -1,867, 
          851, 850, -1,867, 868, 851, -1,868, 855, 851, -1,864, 869, 852, -1,869, 853, 852, -1,
          869, 870, 853, -1,870, 854, 853, -1,870, 866, 854, -1,868, 871, 855, -1,871, 856, 
          855, -1,871, 872, 856, -1,872, 857, 856, -1,872, 873, 857, -1,873, 874, 857, -1,874, 
          858, 857, -1,874, 875, 858, -1,875, 876, 858, -1,876, 859, 858, -1,876, 877, 859, -1,
          877, 860, 859, -1,878, 860, 877, -1,878, 865, 860, -1,865, 861, 860, -1,879, 880, 
          862, -1,880, 864, 862, -1,881, 862, 863, -1,881, 879, 862, -1,882, 863, 865, -1,882, 
          881, 863, -1,880, 883, 864, -1,883, 869, 864, -1,882, 865, 878, -1,870, 884, 866, -1,
          884, 867, 866, -1,884, 885, 867, -1,885, 868, 867, -1,885, 886, 868, -1,886, 887, 
          868, -1,887, 871, 868, -1,883, 888, 869, -1,888, 889, 869, -1,889, 870, 869, -1,889, 
          890, 870, -1,890, 884, 870, -1,887, 891, 871, -1,891, 872, 871, -1,891, 892, 872, -1,
          892, 873, 872, -1,892, 874, 873, -1,892, 893, 874, -1,893, 875, 874, -1,893, 876, 
          875, -1,893, 894, 876, -1,894, 895, 876, -1,895, 896, 876, -1,896, 877, 876, -1,896, 
          878, 877, -1,897, 878, 896, -1,897, 882, 878, -1,898, 880, 879, -1,899, 879, 881, -1,
          899, 898, 879, -1,898, 900, 880, -1,900, 901, 880, -1,901, 883, 880, -1,899, 881, 
          882, -1,902, 882, 897, -1,902, 899, 882, -1,901, 903, 883, -1,903, 888, 883, -1,890, 
          904, 884, -1,904, 885, 884, -1,904, 886, 885, -1,904, 905, 886, -1,905, 906, 886, -1,
          906, 887, 886, -1,906, 891, 887, -1,903, 907, 888, -1,907, 889, 888, -1,907, 908, 
          889, -1,908, 890, 889, -1,908, 909, 890, -1,909, 910, 890, -1,910, 904, 890, -1,906, 
          911, 891, -1,911, 892, 891, -1,911, 893, 892, -1,911, 912, 893, -1,912, 913, 893, -1,
          913, 894, 893, -1,913, 914, 894, -1,914, 915, 894, -1,915, 895, 894, -1,915, 896, 
          895, -1,915, 897, 896, -1,916, 897, 915, -1,916, 917, 897, -1,917, 902, 897, -1,918, 
          900, 898, -1,919, 898, 899, -1,919, 918, 898, -1,920, 899, 902, -1,920, 919, 899, -1,
          918, 921, 900, -1,921, 901, 900, -1,921, 922, 901, -1,922, 903, 901, -1,923, 902, 
          917, -1,923, 920, 902, -1,922, 924, 903, -1,924, 907, 903, -1,910, 925, 904, -1,925, 
          905, 904, -1,925, 926, 905, -1,926, 906, 905, -1,926, 927, 906, -1,927, 911, 906, -1,
          924, 928, 907, -1,928, 929, 907, -1,929, 908, 907, -1,929, 930, 908, -1,930, 931, 
          908, -1,931, 909, 908, -1,931, 932, 909, -1,932, 933, 909, -1,933, 910, 909, -1,933, 
          925, 910, -1,927, 934, 911, -1,934, 935, 911, -1,935, 912, 911, -1,935, 936, 912, -1,
          936, 913, 912, -1,936, 916, 913, -1,916, 914, 913, -1,916, 915, 914, -1,937, 916, 
          936, -1,937, 938, 916, -1,938, 917, 916, -1,938, 923, 917, -1,939, 940, 918, -1,940, 
          941, 918, -1,941, 942, 918, -1,942, 921, 918, -1,939, 918, 919, -1,939, 919, 920, -1,
          943, 920, 923, -1,943, 939, 920, -1,942, 922, 921, -1,942, 944, 922, -1,944, 945, 
          922, -1,945, 924, 922, -1,946, 923, 938, -1,946, 943, 923, -1,945, 947, 924, -1,947, 
          928, 924, -1,933, 926, 925, -1,933, 948, 926, -1,948, 927, 926, -1,948, 949, 927, -1,
          949, 950, 927, -1,950, 934, 927, -1,951, 928, 947, -1,951, 952, 928, -1,952, 929, 
          928, -1,952, 930, 929, -1,952, 953, 930, -1,953, 931, 930, -1,953, 954, 931, -1,954, 
          955, 931, -1,955, 932, 931, -1,955, 956, 932, -1,956, 933, 932, -1,956, 957, 933, -1,
          957, 948, 933, -1,950, 958, 934, -1,958, 935, 934, -1,958, 959, 935, -1,959, 936, 
          935, -1,959, 937, 936, -1,960, 937, 959, -1,960, 961, 937, -1,961, 938, 937, -1,961, 
          962, 938, -1,962, 946, 938, -1,963, 964, 939, -1,964, 965, 939, -1,965, 940, 939, -1,
          966, 939, 943, -1,966, 963, 939, -1,965, 941, 940, -1,965, 942, 941, -1,965, 967, 
          942, -1,967, 968, 942, -1,968, 944, 942, -1,969, 943, 946, -1,969, 970, 943, -1,970, 
          966, 943, -1,968, 945, 944, -1,968, 971, 945, -1,971, 947, 945, -1,969, 946, 962, -1,
          971, 951, 947, -1,957, 949, 948, -1,957, 950, 949, -1,957, 972, 950, -1,972, 973, 
          950, -1,973, 958, 950, -1,971, 952, 951, -1,971, 974, 952, -1,974, 953, 952, -1,974, 
          975, 953, -1,975, 976, 953, -1,976, 954, 953, -1,976, 955, 954, -1,976, 977, 955, -1,
          977, 956, 955, -1,977, 978, 956, -1,978, 957, 956, -1,978, 972, 957, -1,973, 979, 
          958, -1,979, 959, 958, -1,979, 960, 959, -1,980, 960, 979, -1,980, 981, 960, -1,981, 
          982, 960, -1,982, 961, 960, -1,982, 969, 961, -1,969, 962, 961, -1,983, 964, 963, -1,
          983, 963, 966, -1,983, 984, 964, -1,984, 965, 964, -1,984, 967, 965, -1,983, 966, 
          970, -1,984, 985, 967, -1,985, 968, 967, -1,985, 986, 968, -1,986, 971, 968, -1,987, 
          969, 982, -1,987, 988, 969, -1,988, 989, 969, -1,989, 970, 969, -1,989, 983, 970, -1,
          986, 974, 971, -1,978, 973, 972, -1,978, 990, 973, -1,990, 979, 973, -1,986, 975, 
          974, -1,986, 991, 975, -1,991, 976, 975, -1,991, 977, 976, -1,991, 992, 977, -1,992, 
          978, 977, -1,993, 978, 992, -1,993, 994, 978, -1,994, 995, 978, -1,995, 996, 978, -1,
          996, 990, 978, -1,990, 980, 979, -1,987, 980, 990, -1,987, 981, 980, -1,987, 982, 
          981, -1,997, 998, 983, -1,998, 984, 983, -1,983, 989, 997, -1,998, 985, 984, -1,998, 
          986, 985, -1,998, 999, 986, -1,999, 991, 986, -1,996, 987, 990, -1,997, 987, 996, -1,
          997, 988, 987, -1,997, 989, 988, -1,999, 992, 991, -1,999, 993, 992, -1,999, 994, 
          993, -1,999, 995, 994, -1,999, 996, 995, -1,999, 997, 996, -1,999, 998, 997, -1
        ]
      }
    }
  ]
}
DEF object4 Transform {
  children [
    Shape {
      appearance Appearance {
        material Material {
          diffuseColor 0.800000 0.800000 0.800000
          emissiveColor 0.000000 0.000000 0.000000
          specularColor 0.400000 0.400000 0.400000
          ambientIntensity 0.200000
          shininess 0.250000
        }
      }
      geometry IndexedFaceSet {
        coord Coordinate { point [
          # points 1065
          0.204192 -0.045559 0.080222, 0.203107 -0.047002 0.081664, 0.206918 -0.047002 0.077005, 0.196554 -0.044677 0.081134, 
          0.195321 -0.047002 0.084353, 0.205429 -0.045057 0.07792, 0.203334 -0.048565 0.080378, 0.195478 -0.050128 0.082998, 
          0.205831 -0.045057 0.075637, 0.205967 -0.045679 0.073449, 0.205927 -0.047002 0.072261, 0.205214 -0.048444 0.073008, 
          0.20426 -0.049337 0.075124, 0.203777 -0.049337 0.077863, 0.197935 -0.044279 0.077068, 0.192511 -0.045198 0.079086, 
          0.194845 -0.047002 0.080461, 0.19543 -0.048766 0.079497, 0.196216 -0.05232 0.078335, 0.19631 -0.049856 0.076861, 
          0.198498 -0.044279 0.073873, 0.200689 -0.045039 0.070876, 0.202656 -0.047002 0.069146, 0.200314 -0.049767 0.068755, 
          0.197316 -0.05232 0.072095, 0.190495 -0.044019 0.075913, 0.187195 -0.043916 0.081435, 0.189415 -0.047002 0.082042, 
          0.189894 -0.049447 0.080268, 0.190738 -0.050763 0.076427, 0.1969 -0.049856 0.073514, 0.191516 -0.050763 0.072014, 
          0.191112 -0.044019 0.072414, 0.195955 -0.047002 0.07228, 0.19662 -0.048325 0.071801, 0.185688 -0.041166 0.076791, 
          0.182375 -0.043396 0.08192, 0.183303 -0.047002 0.08655, 0.184055 -0.05137 0.084167, 0.185553 -0.054135 0.077553, 
          0.187029 -0.054135 0.069184, 0.191506 -0.048605 0.07018, 0.187497 -0.050488 0.064647, 0.186895 -0.041166 0.069945, 
          0.190958 -0.047002 0.071399, 0.187338 -0.043171 0.066069, 0.181152 -0.043916 0.080369, 0.18292 -0.042204 0.069872, 
          0.181927 -0.042204 0.075502, 0.180849 -0.047002 0.082564, 0.181135 -0.050128 0.080469, 0.181914 -0.05193 0.075578, 
          0.182934 -0.05193 0.069795, 0.18345 -0.049527 0.066398, 0.187036 -0.047002 0.065376, 0.183349 -0.047002 0.066503, 
          0.183432 -0.044517 0.066497, 0.182747 -0.047002 0.072743, 0.14414 -0.045734 0.141427, 0.143802 -0.046262 0.14063, 
          0.143429 -0.045591 0.140884, 0.145243 -0.046552 0.141628, 0.142985 -0.045077 0.141218, 0.144377 -0.046017 0.142033, 
          0.144825 -0.046238 0.141804, 0.142731 -0.04575 0.14083, 0.142409 -0.046103 0.139977, 0.144905 -0.046513 0.141411, 
          0.144327 -0.047002 0.141697, 0.145945 -0.046217 0.141755, 0.147537 -0.046354 0.141525, 0.146727 -0.046953 0.141137, 
          0.145975 -0.047002 0.141988, 0.142587 -0.045077 0.143477, 0.142128 -0.045068 0.1421, 0.141616 -0.045461 0.14121, 
          0.146814 -0.046103 0.142515, 0.144173 -0.046017 0.143188, 0.142741 -0.046515 0.139796, 0.141674 -0.045419 0.141194, 
          0.142124 -0.046122 0.140007, 0.145158 -0.046933 0.141914, 0.143831 -0.047214 0.140404, 0.143032 -0.047002 0.13971, 
          0.144507 -0.047531 0.141295, 0.145243 -0.047261 0.141869, 0.14718 -0.046164 0.141993, 0.148457 -0.046584 0.141682, 
          0.148458 -0.04636 0.141894, 0.148186 -0.047002 0.140955, 0.147097 -0.047149 0.141368, 0.146747 -0.047444 0.141508, 
          0.146195 -0.047439 0.141831, 0.143659 -0.04595 0.144128, 0.141933 -0.045166 0.143259, 0.142862 -0.045448 0.144278, 
          0.142023 -0.045306 0.144374, 0.141297 -0.045461 0.143017, 0.141454 -0.045356 0.142104, 0.141346 -0.045419 0.143051, 
          0.148059 -0.046117 0.142796, 0.14797 -0.04608 0.143336, 0.146628 -0.046103 0.143569, 0.148111 -0.046176 0.142392, 
          0.145728 -0.04625 0.14389, 0.144507 -0.046172 0.143731, 0.142385 -0.046576 0.139784, 0.141843 -0.046182 0.14008, 
          0.141729 -0.045749 0.140568, 0.141616 -0.047002 0.142142, 0.143153 -0.04757 0.139524, 0.142378 -0.046991 0.139787, 
          0.142439 -0.047581 0.13965, 0.143921 -0.048255 0.140626, 0.144548 -0.047932 0.141563, 0.143184 -0.048153 0.139469, 
          0.145316 -0.04743 0.141749, 0.145374 -0.047741 0.141872, 0.148764 -0.04691 0.141391, 0.149266 -0.047002 0.141982, 
          0.149305 -0.046764 0.142158, 0.149279 -0.046566 0.142375, 0.147758 -0.047408 0.140785, 0.148652 -0.047293 0.141552, 
          0.147414 -0.047915 0.140826, 0.14622 -0.047701 0.142098, 0.146424 -0.048757 0.141928, 0.146955 -0.0484 0.141362, 
          0.143084 -0.045984 0.14501, 0.144839 -0.046406 0.144235, 0.142285 -0.045764 0.145168, 0.141351 -0.045543 0.144121, 
          0.141494 -0.045812 0.145169, 0.14109 -0.045984 0.144658, 0.141244 -0.046459 0.14339, 0.149234 -0.04636 0.143097, 
          0.147896 -0.046101 0.143738, 0.149101 -0.04636 0.143849, 0.147671 -0.046099 0.144437, 0.146173 -0.046235 0.144911, 
          0.149272 -0.046438 0.142731, 0.145526 -0.046385 0.144504, 0.141815 -0.047002 0.140082, 0.141571 -0.046992 0.141038, 
          0.141143 -0.046984 0.14377, 0.141207 -0.047562 0.143412, 0.14136 -0.04786 0.142584, 0.141525 -0.047861 0.141644, 
          0.141596 -0.047458 0.141047, 0.141848 -0.047835 0.140048, 0.141801 -0.047424 0.140043, 0.14245 -0.048045 0.139651, 
          0.14303 -0.049356 0.140967, 0.143183 -0.048857 0.140149, 0.14451 -0.048243 0.141901, 0.142341 -0.048679 0.140437, 
          0.146287 -0.047944 0.142395, 0.149169 -0.047254 0.142097, 0.149581 -0.04701 0.142739, 0.149546 -0.046726 0.142956, 
          0.149493 -0.046625 0.143335, 0.149031 -0.047478 0.142229, 0.148716 -0.047773 0.142928, 0.148896 -0.047654 0.142572, 
          0.148556 -0.047773 0.143831, 0.146061 -0.048757 0.143987, 0.143499 -0.046444 0.14519, 0.142458 -0.046405 0.145927, 
          0.144347 -0.0467 0.14475, 0.14522 -0.046704 0.14447, 0.144689 -0.04707 0.144822, 0.14099 -0.047002 0.145383, 
          0.141564 -0.04635 0.146005, 0.149428 -0.046631 0.143727, 0.149264 -0.046748 0.144157, 0.148916 -0.046413 0.144248, 
          0.147464 -0.046205 0.144881, 0.148693 -0.046526 0.14461, 0.147276 -0.046692 0.145386, 0.145811 -0.046544 0.144856, 
          0.145918 -0.04658 0.14546, 0.145609 -0.047002 0.144688, 0.141084 -0.048033 0.144691, 0.140977 -0.047523 0.145048, 
          0.141341 -0.048628 0.143078, 0.141678 -0.048628 0.141169, 0.141711 -0.048261 0.140582, 0.142809 -0.049469 0.142353, 
          0.144253 -0.048243 0.143358, 0.144426 -0.048329 0.142628, 0.1423 -0.04905 0.141044, 0.145296 -0.048105 0.142708, 
          0.146092 -0.047944 0.1435, 0.149439 -0.047301 0.142878, 0.149593 -0.047002 0.143549, 0.149222 -0.047453 0.143246, 
          0.149133 -0.047446 0.143709, 0.148502 -0.047676 0.14426, 0.14598 -0.048479 0.144812, 0.14841 -0.047518 0.144661, 
          0.1418 -0.047002 0.146698, 0.143817 -0.047002 0.14521, 0.143934 -0.047432 0.144974, 0.143975 -0.047808 0.144625, 
          0.144784 -0.047383 0.144616, 0.141335 -0.047547 0.145737, 0.14134 -0.046996 0.146063, 0.149107 -0.047036 0.144418, 
          0.148545 -0.046754 0.144888, 0.14709 -0.047013 0.145611, 0.148335 -0.047002 0.145086, 0.145766 -0.047002 0.145973, 
          0.145747 -0.047009 0.145314, 0.145663 -0.0473 0.144547, 0.142002 -0.047746 0.146396, 0.141481 -0.048305 0.145339, 
          0.14158 -0.048655 0.144529, 0.141857 -0.049128 0.143413, 0.141999 -0.049183 0.142434, 0.142543 -0.049356 0.143728, 
          0.145023 -0.047922 0.143881, 0.143274 -0.048604 0.14419, 0.144145 -0.048084 0.144025, 0.145817 -0.048033 0.145525, 
          0.145802 -0.047584 0.144371, 0.149084 -0.047321 0.144152, 0.148401 -0.047283 0.144909, 0.147126 -0.047549 0.14541, 
          0.142966 -0.047729 0.145619, 0.142048 -0.048443 0.145912, 0.142306 -0.049014 0.144871, 0.200425 -0.046526 0.106768, 
          0.200067 -0.047002 0.107244, 0.201325 -0.047002 0.105706, 0.197905 -0.046235 0.107069, 0.197498 -0.047002 0.108131, 
          0.200833 -0.04636 0.106007, 0.200142 -0.047518 0.10682, 0.19755 -0.048033 0.107684, 0.200966 -0.04636 0.105255, 
          0.201011 -0.046566 0.104533, 0.200998 -0.047002 0.104142, 0.200763 -0.047478 0.104387, 0.200448 -0.047773 0.105085, 
          0.200288 -0.047773 0.105989, 0.198361 -0.046103 0.105727, 0.196571 -0.046406 0.106393, 0.197341 -0.047002 0.106847, 
          0.197534 -0.047584 0.106529, 0.197793 -0.048757 0.106146, 0.197824 -0.047944 0.105659, 0.198546 -0.046103 0.104673, 
          0.199269 -0.046354 0.103683, 0.199918 -0.047002 0.103113, 0.199146 -0.047915 0.102983, 0.198156 -0.048757 0.104086, 
          0.195905 -0.046017 0.105347, 0.194816 -0.045984 0.107168, 0.195549 -0.047002 0.107368, 0.195707 -0.047808 0.106783, 
          0.195985 -0.048243 0.105516, 0.198019 -0.047944 0.104555, 0.196242 -0.048243 0.104059, 0.196109 -0.046017 0.104191, 
          0.196975 -0.046552 0.103788, 0.197707 -0.047002 0.104147, 0.197927 -0.047439 0.103989, 0.194319 -0.045077 0.105635, 
          0.193226 -0.045812 0.107327, 0.193532 -0.047002 0.108856, 0.19378 -0.048443 0.10807, 0.194275 -0.049356 0.105888, 
          0.194762 -0.049356 0.103125, 0.196239 -0.047531 0.103454, 0.194916 -0.048153 0.101627, 0.194717 -0.045077 0.103376, 
          0.195534 -0.046262 0.102788, 0.196058 -0.047002 0.103856, 0.193029 -0.045461 0.105176, 0.192822 -0.045984 0.106817, 
          0.192722 -0.047002 0.107541, 0.192817 -0.048033 0.106849, 0.193074 -0.048628 0.105235, 0.19341 -0.048628 0.103327, 
          0.19358 -0.047835 0.102206, 0.194764 -0.047002 0.101869, 0.193547 -0.047002 0.10224, 0.193348 -0.045461 0.103367, 
          0.194141 -0.046103 0.102135, 0.193078 -0.045419 0.10521, 0.193348 -0.047002 0.1043, 0.193575 -0.046182 0.102239, 
          0.193406 -0.045419 0.103352, 0.179754 -0.046526 0.119623, 0.179396 -0.047002 0.1201, 0.180654 -0.047002 0.118562, 
          0.177233 -0.046235 0.119925, 0.176827 -0.047002 0.120987, 0.180162 -0.04636 0.118864, 0.179471 -0.047518 0.119675, 
          0.176878 -0.048033 0.120539, 0.180295 -0.04636 0.118111, 0.18034 -0.046566 0.117389, 0.180327 -0.047002 0.116996, 
          0.180091 -0.047478 0.117243, 0.179776 -0.047773 0.117941, 0.179617 -0.047773 0.118845, 0.177689 -0.046103 0.118583, 
          0.175899 -0.046406 0.119249, 0.176669 -0.047002 0.119702, 0.176862 -0.047584 0.119384, 0.177122 -0.048757 0.119, 
          0.177153 -0.047944 0.118514, 0.177875 -0.046103 0.117529, 0.178598 -0.046354 0.116539, 0.179247 -0.047002 0.115968, 
          0.178474 -0.047915 0.11584, 0.177485 -0.048757 0.116942, 0.175234 -0.046017 0.118202, 0.174145 -0.045984 0.120024, 
          0.174877 -0.047002 0.120224, 0.175036 -0.047808 0.119639, 0.175314 -0.048243 0.118372, 0.177348 -0.047944 0.11741, 
          0.175571 -0.048243 0.116915, 0.175438 -0.046017 0.117047, 0.176304 -0.046552 0.116642, 0.177036 -0.047002 0.117003, 
          0.177255 -0.047439 0.116845, 0.173647 -0.045077 0.118492, 0.172554 -0.045812 0.120184, 0.17286 -0.047002 0.121712, 
          0.173109 -0.048443 0.120926, 0.173603 -0.049356 0.118742, 0.17409 -0.049356 0.115981, 0.175568 -0.047531 0.11631, 
          0.174245 -0.048153 0.114484, 0.174046 -0.045077 0.116232, 0.174863 -0.046262 0.115643, 0.175387 -0.047002 0.116712, 
          0.172358 -0.045461 0.118031, 0.172151 -0.045984 0.119672, 0.172051 -0.047002 0.120396, 0.172145 -0.048033 0.119705, 
          0.172402 -0.048628 0.118091, 0.172739 -0.048628 0.116182, 0.172909 -0.047835 0.115062, 0.174093 -0.047002 0.114724, 
          0.172875 -0.047002 0.115097, 0.172677 -0.045461 0.116223, 0.17347 -0.046103 0.114991, 0.172407 -0.045419 0.118066, 
          0.172677 -0.047002 0.117155, 0.172903 -0.046182 0.115094, 0.172734 -0.045419 0.116208, 0.163391 -0.046526 0.133238, 
          0.163033 -0.047002 0.133715, 0.164291 -0.047002 0.132177, 0.16087 -0.046235 0.13354, 0.160464 -0.047002 0.134602, 
          0.163799 -0.04636 0.132479, 0.163108 -0.047518 0.133291, 0.160515 -0.048033 0.134155, 0.163932 -0.04636 0.131726, 
          0.163977 -0.046566 0.131004, 0.163964 -0.047002 0.130612, 0.163728 -0.047478 0.130859, 0.163413 -0.047773 0.131557, 
          0.163254 -0.047773 0.132461, 0.161326 -0.046103 0.132198, 0.159536 -0.046406 0.132864, 0.160306 -0.047002 0.133318, 
          0.160499 -0.047584 0.133, 0.160759 -0.048757 0.132616, 0.16079 -0.047944 0.132131, 0.161512 -0.046103 0.131144, 
          0.162235 -0.046354 0.130155, 0.162884 -0.047002 0.129584, 0.162111 -0.047915 0.129456, 0.161122 -0.048757 0.130558, 
          0.158871 -0.046017 0.131818, 0.157782 -0.045984 0.133639, 0.158515 -0.047002 0.13384, 0.158673 -0.047808 0.133254, 
          0.158951 -0.048243 0.131987, 0.160985 -0.047944 0.131026, 0.159208 -0.048243 0.130531, 0.159075 -0.046017 0.130663, 
          0.159941 -0.046552 0.130259, 0.160673 -0.047002 0.130618, 0.160893 -0.047439 0.13046, 0.157285 -0.045077 0.132107, 
          0.156191 -0.045812 0.1338, 0.156498 -0.047002 0.135327, 0.156746 -0.048443 0.134541, 0.157241 -0.049356 0.132358, 
          0.157727 -0.049356 0.129596, 0.159205 -0.047531 0.129926, 0.157882 -0.048153 0.128098, 0.157683 -0.045077 0.129848, 
          0.1585 -0.046262 0.129259, 0.159024 -0.047002 0.130328, 0.155995 -0.045461 0.131648, 0.155788 -0.045984 0.133288, 
          0.155688 -0.047002 0.134011, 0.155782 -0.048033 0.13332, 0.156039 -0.048628 0.131706, 0.156376 -0.048628 0.129798, 
          0.156546 -0.047835 0.128677, 0.15773 -0.047002 0.12834, 0.156513 -0.047002 0.128712, 0.156314 -0.045461 0.12984, 
          0.157107 -0.046103 0.128607, 0.156044 -0.045419 0.131682, 0.156314 -0.047002 0.130771, 0.15654 -0.046182 0.12871, 
          0.156371 -0.045419 0.129823, 0.19108 -0.045391 0.105969, 0.190635 -0.047002 0.10685, 0.191408 -0.047002 0.1034, 
          0.189584 -0.04491 0.10649, 0.18903 -0.047002 0.107536, 0.191655 -0.044668 0.104343, 0.190499 -0.048686 0.105984, 
          0.188884 -0.04931 0.106719, 0.191963 -0.044668 0.102599, 0.192137 -0.045679 0.101372, 0.192142 -0.047002 0.101107, 
          0.191597 -0.048396 0.10116, 0.190857 -0.04957 0.102316, 0.190519 -0.04957 0.104232, 0.190323 -0.043889 0.104407, 
          0.185983 -0.04491 0.105855, 0.185801 -0.047002 0.106192, 0.185711 -0.048781 0.105298, 0.188997 -0.050814 0.104443, 
          0.185788 -0.049726 0.103458, 0.190732 -0.043889 0.102084, 0.190864 -0.045222 0.100404, 0.190772 -0.047002 0.099993, 
          0.190284 -0.048998 0.099948, 0.189499 -0.050814 0.101596, 0.186442 -0.043267 0.103962, 0.182029 -0.044934 0.105119, 
          0.181657 -0.047002 0.105365, 0.18173 -0.04871 0.104478, 0.181957 -0.04957 0.102723, 0.186146 -0.049726 0.101424, 
          0.182295 -0.04957 0.100806, 0.186934 -0.043267 0.101174, 0.187669 -0.045776 0.100741, 0.188017 -0.047002 0.102512, 
          0.187222 -0.047916 0.101172, 0.182681 -0.043267 0.103299, 0.177922 -0.044693 0.104786, 0.177636 -0.047002 0.105237, 
          0.177749 -0.04907 0.104364, 0.17807 -0.05027 0.102306, 0.178501 -0.05027 0.099866, 0.182569 -0.047868 0.10043, 
          0.178821 -0.048493 0.098751, 0.183173 -0.043267 0.100511, 0.183069 -0.045776 0.09993, 0.182577 -0.047002 0.101552, 
          0.1785 -0.042956 0.102683, 0.175648 -0.044429 0.104817, 0.174876 -0.047002 0.105914, 0.175061 -0.049671 0.10487, 
          0.175523 -0.051282 0.102247, 0.176086 -0.051282 0.099051, 0.176628 -0.049238 0.097149, 0.178857 -0.047002 0.099249, 
          0.176835 -0.047002 0.097148, 0.179032 -0.042956 0.09966, 0.179128 -0.045271 0.098413, 0.176664 -0.043034 0.102328, 
          0.173895 -0.045031 0.103528, 0.173541 -0.047002 0.104128, 0.173749 -0.048926 0.103424, 0.17416 -0.050115 0.101557, 
          0.17457 -0.050115 0.099234, 0.174728 -0.048589 0.097872, 0.174635 -0.047002 0.097923, 0.177162 -0.044862 0.097399, 
          0.174901 -0.045367 0.097824, 0.177187 -0.043034 0.099365, 0.17447 -0.043734 0.101671, 0.174285 -0.047002 0.100381, 
          0.1749 -0.043734 0.099231, 0.170662 -0.045697 0.118895, 0.170302 -0.047002 0.119608, 0.170929 -0.047002 0.116814, 
          0.169452 -0.045307 0.119316, 0.169001 -0.047002 0.120164, 0.171128 -0.045111 0.117577, 0.170192 -0.048365 0.118906, 
          0.168884 -0.048872 0.119502, 0.171377 -0.045111 0.116166, 0.171519 -0.045931 0.115171, 0.171523 -0.047002 0.114956, 
          0.171081 -0.048132 0.114999, 0.170483 -0.049082 0.115935, 0.170209 -0.049082 0.117487, 0.17005 -0.044481 0.117629, 
          0.166535 -0.045307 0.118802, 0.166386 -0.047002 0.119074, 0.166314 -0.048443 0.11835, 0.168975 -0.050091 0.117658, 
          0.166375 -0.049208 0.116861, 0.170382 -0.044481 0.115746, 0.170487 -0.045561 0.114386, 0.170413 -0.047002 0.114053, 
          0.170018 -0.048619 0.114017, 0.169382 -0.050091 0.115353, 0.166905 -0.043977 0.117269, 0.163333 -0.045327 0.118206, 
          0.16303 -0.047002 0.118404, 0.163089 -0.048385 0.117687, 0.163274 -0.049082 0.116264, 0.166666 -0.049208 0.115213, 
          0.163547 -0.049082 0.114712, 0.167304 -0.043977 0.115011, 0.1679 -0.046009 0.11466, 0.168182 -0.047002 0.116094, 
          0.167538 -0.047742 0.115009, 0.16386 -0.043977 0.116732, 0.160005 -0.045132 0.117937, 0.159773 -0.047002 0.118301, 
          0.159864 -0.048677 0.117594, 0.160125 -0.049649 0.115928, 0.160474 -0.049649 0.113952, 0.163768 -0.047703 0.114408, 
          0.160733 -0.04821 0.113047, 0.164258 -0.043977 0.114474, 0.164173 -0.046009 0.114003, 0.163774 -0.047002 0.115316, 
          0.160473 -0.043724 0.116232, 0.158162 -0.044918 0.117961, 0.157539 -0.047002 0.118849, 0.157688 -0.049164 0.118004, 
          0.158062 -0.050469 0.115879, 0.158519 -0.050469 0.113291, 0.158957 -0.048813 0.11175, 0.160762 -0.047002 0.11345, 
          0.159124 -0.047002 0.111749, 0.160904 -0.043724 0.113785, 0.160982 -0.045599 0.112773, 0.158986 -0.043787 0.115945, 
          0.156743 -0.045405 0.116917, 0.156457 -0.047002 0.117402, 0.156624 -0.04856 0.116832, 0.156958 -0.049523 0.115321, 
          0.15729 -0.049523 0.113438, 0.157417 -0.048287 0.112335, 0.157343 -0.047002 0.112377, 0.159389 -0.045268 0.111953, 
          0.157558 -0.045677 0.112297, 0.159409 -0.043787 0.113546, 0.157208 -0.044354 0.115414, 0.157059 -0.047002 0.114368, 
          0.157557 -0.044354 0.113437, 0.15387 -0.045828 0.132391, 0.153566 -0.047002 0.133037, 0.154118 -0.047002 0.13052, 
          0.152879 -0.045477 0.132789, 0.1525 -0.047002 0.133556, 0.154269 -0.045301 0.131202, 0.153487 -0.048229 0.13241, 
          0.152415 -0.048684 0.132963, 0.154493 -0.045301 0.129931, 0.154623 -0.046038 0.129038, 0.15463 -0.047002 0.128844, 
          0.15427 -0.048018 0.128889, 0.153769 -0.048874 0.129738, 0.153522 -0.048874 0.131136, 0.153392 -0.044733 0.131265, 
          0.150517 -0.045477 0.132372, 0.150392 -0.047002 0.13262, 0.150344 -0.048299 0.131969, 0.152517 -0.049782 0.131308, 
          0.150418 -0.048988 0.130632, 0.15369 -0.044733 0.129571, 0.153796 -0.045705 0.128349, 0.153741 -0.047002 0.128051, 
          0.153422 -0.048457 0.128025, 0.152883 -0.049782 0.129232, 0.150842 -0.044279 0.130991, 0.147923 -0.045495 0.131886, 
          0.147674 -0.047002 0.132069, 0.147734 -0.048247 0.131423, 0.147905 -0.048874 0.130145, 0.150679 -0.048988 0.129149, 
          0.148151 -0.048874 0.128748, 0.1512 -0.044279 0.128957, 0.15169 -0.046108 0.128634, 0.151896 -0.047002 0.129916, 
          0.15139 -0.047668 0.128952, 0.148374 -0.044279 0.130556, 0.145223 -0.045319 0.131695, 0.14503 -0.047002 0.132026, 
          0.145114 -0.04851 0.13139, 0.145351 -0.049385 0.129892, 0.145665 -0.049385 0.128112, 0.148335 -0.047633 0.128472, 
          0.14589 -0.048088 0.127297, 0.148732 -0.044279 0.128522, 0.148671 -0.046108 0.128102, 0.148327 -0.047002 0.129286, 
          0.145629 -0.044052 0.130159, 0.143725 -0.045126 0.131746, 0.143205 -0.047002 0.132552, 0.143339 -0.048947 0.131792, 
          0.143676 -0.050122 0.12988, 0.144086 -0.050122 0.127551, 0.144467 -0.048633 0.12616, 0.145907 -0.047002 0.127659, 
          0.144602 -0.047002 0.126157, 0.146017 -0.044052 0.127956, 0.146096 -0.04574 0.127048, 0.144425 -0.044109 0.129925, 
          0.142588 -0.045565 0.13083, 0.142348 -0.047002 0.131271, 0.142493 -0.048404 0.130757, 0.142786 -0.049271 0.129395, 
          0.143085 -0.049271 0.127701, 0.143206 -0.048158 0.12671, 0.143146 -0.047002 0.126748, 0.144814 -0.045442 0.126336, 
          0.143321 -0.04581 0.126672, 0.144806 -0.044109 0.127765, 0.14299 -0.04462 0.129475, 0.142884 -0.047002 0.128539, 
          0.143303 -0.04462 0.127696, 0.139643 -0.045945 0.143844, 0.139374 -0.047002 0.144497, 0.139906 -0.047002 0.141976, 
          0.138822 -0.045629 0.144271, 0.138488 -0.047002 0.145047, 0.140007 -0.045471 0.14265, 0.13933 -0.048107 0.143876, 
          0.138437 -0.048517 0.144462, 0.140231 -0.045471 0.141378, 0.140367 -0.046134 0.140486, 0.140379 -0.047002 0.140292, 
          0.140083 -0.047917 0.14035, 0.139647 -0.048687 0.14121, 0.139401 -0.048687 0.142608, 0.139289 -0.04496 0.142741, 
          0.136908 -0.045629 0.143934, 0.136798 -0.047002 0.144185, 0.13678 -0.048169 0.14354, 0.138575 -0.049503 0.142811, 
          0.136884 -0.048789 0.142208, 0.139588 -0.04496 0.141046, 0.139715 -0.045834 0.139827, 0.139679 -0.047002 0.139534, 
          0.139418 -0.048311 0.139518, 0.138941 -0.049503 0.140735, 0.137219 -0.044551 0.14255, 0.134808 -0.045645 0.143535, 
          0.134599 -0.047002 0.143725, 0.134669 -0.048122 0.143081, 0.13485 -0.048687 0.141805, 0.137145 -0.048789 0.140724, 
          0.135096 -0.048687 0.140408, 0.137577 -0.044551 0.140518, 0.137987 -0.046197 0.14018, 0.138113 -0.047002 0.141448, 
          0.137732 -0.047602 0.140506, 0.135219 -0.044551 0.142197, 0.132612 -0.045488 0.143434, 0.132443 -0.047002 0.143769, 
          0.132533 -0.048359 0.143134, 0.132775 -0.049146 0.141635, 0.133088 -0.049146 0.139857, 0.135255 -0.047569 0.140127, 
          0.1333 -0.047981 0.139039, 0.135578 -0.044551 0.140166, 0.135541 -0.046197 0.139749, 0.135222 -0.047002 0.140938, 
          0.132993 -0.044348 0.141893, 0.131389 -0.045314 0.143534, 0.130937 -0.047002 0.144352, 0.131071 -0.048753 0.143591, 
          0.131409 -0.04981 0.141679, 0.131819 -0.04981 0.13935, 0.132175 -0.04847 0.137954, 0.133302 -0.047002 0.139399, 
          0.132286 -0.047002 0.137947, 0.133382 -0.044348 0.13969, 0.133476 -0.045867 0.138784, 0.132019 -0.044398 0.141699, 
          0.13049 -0.045708 0.142659, 0.130281 -0.047002 0.143106, 0.130415 -0.048264 0.14259, 0.130699 -0.049044 0.141227, 
          0.130998 -0.049044 0.139532, 0.131129 -0.048044 0.138543, 0.131078 -0.047002 0.138582, 0.132453 -0.045598 0.138118, 
          0.131223 -0.04593 0.138501, 0.1324 -0.044398 0.139538, 0.130861 -0.044857 0.141298, 0.130806 -0.047002 0.140371, 
          0.131175 -0.044857 0.139519, 0.175759 -0.045364 0.076036, 0.174341 -0.048467 0.078535, 0.177797 -0.048823 0.070537, 
          0.169792 -0.044188 0.075188, 0.167773 -0.047313 0.078086, 0.17702 -0.044443 0.072215, 0.172584 -0.051318 0.075434, 
          0.167434 -0.05071 0.075058, 0.17764 -0.044443 0.068696, 0.17659 -0.045444 0.064959, 0.174995 -0.048094 0.062652, 
          0.173495 -0.050866 0.064455, 0.172034 -0.051959 0.067738, 0.171424 -0.051959 0.071198, 0.17155 -0.04361 0.071188, 
          0.161268 -0.042704 0.073603, 0.161891 -0.046248 0.076643, 0.16372 -0.049152 0.072888, 0.167747 -0.05175 0.070736, 
          0.166054 -0.048971 0.069406, 0.172149 -0.04361 0.06779, 0.171146 -0.044445 0.063959, 0.169591 -0.047118 0.061395, 
          0.16901 -0.050257 0.063295, 0.168421 -0.05175 0.066914, 0.160455 -0.041477 0.069294, 0.153915 -0.040609 0.073781, 
          0.154947 -0.045004 0.075419, 0.155514 -0.047513 0.071155, 0.156558 -0.046746 0.067512, 0.166375 -0.048971 0.067585, 
          0.156804 -0.046746 0.066116, 0.161076 -0.041477 0.065775, 0.163187 -0.043624 0.06358, 0.164858 -0.046355 0.063294, 
          0.165548 -0.048339 0.065142, 0.153173 -0.037541 0.069137, 0.145292 -0.038092 0.074104, 0.143196 -0.043087 0.079422, 
          0.144273 -0.048108 0.073596, 0.146278 -0.048507 0.067202, 0.147038 -0.048507 0.062892, 0.153949 -0.046305 0.063015, 
          0.147292 -0.046736 0.058769, 0.154179 -0.037541 0.063432, 0.153113 -0.040733 0.059959, 0.151424 -0.043922 0.060015, 
          0.146818 -0.0375 0.067546, 0.139626 -0.037336 0.072614, 0.138349 -0.042164 0.076746, 0.14007 -0.047549 0.073183, 
          0.14274 -0.049825 0.067392, 0.143779 -0.049825 0.061505, 0.143434 -0.046803 0.056655, 0.147528 -0.04314 0.056593, 
          0.142824 -0.042269 0.054853, 0.147663 -0.0375 0.062752, 0.147936 -0.039517 0.058555, 0.140611 -0.03595 0.066641, 
          0.137716 -0.038185 0.070023, 0.137857 -0.041932 0.072001, 0.13761 -0.04508 0.069309, 0.137963 -0.046118 0.06536, 
          0.138594 -0.046118 0.061779, 0.139228 -0.044405 0.059027, 0.139686 -0.041826 0.058148, 0.142545 -0.03819 0.05699, 
          0.139356 -0.038753 0.058354, 0.141521 -0.03595 0.061482, 0.137671 -0.036081 0.065841, 0.141097 -0.042252 0.064066, 
          0.138484 -0.036081 0.061227, 0.168855 -0.047667 0.10205, 0.167833 -0.049332 0.10283, 0.168761 -0.049388 0.099407, 
          0.166133 -0.046661 0.102355, 0.164831 -0.048823 0.103269, 0.16984 -0.046975 0.100497, 0.167106 -0.051075 0.10186, 
          0.163976 -0.051251 0.102327, 0.170147 -0.046975 0.098752, 0.17009 -0.048068 0.097484, 0.169807 -0.049501 0.097168, 
          0.168491 -0.050843 0.097086, 0.167025 -0.051944 0.098114, 0.166687 -0.051944 0.10003, 0.167414 -0.045671 0.100367, 
          0.159041 -0.045391 0.101105, 0.158345 -0.047638 0.10135, 0.157683 -0.049501 0.100356, 0.163531 -0.052798 0.099953, 
          0.157348 -0.050449 0.098443, 0.167824 -0.045671 0.098044, 0.167547 -0.047074 0.096293, 0.166961 -0.048965 0.095794, 
          0.165629 -0.05098 0.095601, 0.164033 -0.052798 0.097106, 0.159927 -0.043636 0.099287, 0.151242 -0.044021 0.09969, 
          0.150166 -0.046171 0.099812, 0.149837 -0.048011 0.098854, 0.149823 -0.048924 0.097056, 0.157707 -0.050449 0.09641, 
          0.150161 -0.048924 0.09514, 0.160419 -0.043636 0.096499, 0.1613 -0.046607 0.096092, 0.162035 -0.048175 0.09793, 
          0.160097 -0.048822 0.096389, 0.15252 -0.042309 0.097981, 0.143262 -0.042334 0.098675, 0.142344 -0.044788 0.099015, 
          0.142024 -0.047037 0.098065, 0.14208 -0.048336 0.09596, 0.14251 -0.048336 0.09352, 0.150951 -0.047132 0.094855, 
          0.143284 -0.046434 0.092485, 0.153012 -0.042309 0.095193, 0.152238 -0.044985 0.094494, 0.151318 -0.046256 0.096041, 
          0.144363 -0.040502 0.096663, 0.138904 -0.041268 0.098338, 0.137102 -0.043886 0.099253, 0.136779 -0.046806 0.09812, 
          0.136935 -0.048568 0.095443, 0.137499 -0.048568 0.092247, 0.138622 -0.046403 0.090447, 0.143719 -0.044845 0.093053, 
          0.139448 -0.044027 0.090555, 0.144896 -0.040502 0.093641, 0.144436 -0.042993 0.092296, 0.140729 -0.039938 0.095992, 
          0.135175 -0.041248 0.0967, 0.134215 -0.043321 0.097193, 0.134134 -0.045454 0.096439, 0.134396 -0.046783 0.094546, 
          0.134806 -0.046783 0.092222, 0.135177 -0.045086 0.090898, 0.135309 -0.043321 0.090989, 0.140531 -0.041812 0.09094, 
          0.136117 -0.041617 0.090985, 0.141251 -0.039938 0.093029, 0.136229 -0.039914 0.094929, 0.135036 -0.04335 0.09346, 
          0.136659 -0.039914 0.092488, 0.151766 -0.046363 0.115539, 0.150799 -0.048037 0.116328, 0.151696 -0.048087 0.112899, 
          0.149313 -0.045405 0.11589, 0.148081 -0.04758 0.116817, 0.152696 -0.04566 0.113973, 0.150127 -0.04979 0.115367, 
          0.147281 -0.050016 0.115884, 0.153003 -0.04566 0.112231, 0.152955 -0.046754 0.110965, 0.152678 -0.048189 0.110649, 
          0.151466 -0.04955 0.110584, 0.150102 -0.05067 0.111629, 0.149763 -0.05067 0.113547, 0.150523 -0.044403 0.11389, 
          0.142929 -0.044263 0.114764, 0.142257 -0.046513 0.115014, 0.141643 -0.048384 0.114028, 0.146892 -0.051574 0.11352, 
          0.141355 -0.049341 0.112124, 0.150933 -0.044403 0.111566, 0.150687 -0.04581 0.109819, 0.150133 -0.047707 0.109328, 
          0.148896 -0.049738 0.109151, 0.147394 -0.051574 0.110672, 0.143792 -0.042502 0.112942, 0.13591 -0.043032 0.113487, 
          0.134897 -0.045193 0.11362, 0.134585 -0.047036 0.112666, 0.134586 -0.047952 0.11087, 0.141713 -0.049341 0.11009, 
          0.134924 -0.047952 0.108953, 0.144283 -0.042502 0.110155, 0.145037 -0.045451 0.109725, 0.145647 -0.046995 0.111541, 
          0.143906 -0.047679 0.110035, 0.137125 -0.041308 0.111767, 0.128726 -0.041486 0.112612, 0.127848 -0.043948 0.112959, 
          0.127537 -0.046198 0.112011, 0.127598 -0.047499 0.109908, 0.128029 -0.047499 0.107468, 0.135675 -0.046153 0.108663, 
          0.12878 -0.045592 0.106428, 0.137617 -0.041308 0.108979, 0.136882 -0.04399 0.108287, 0.136002 -0.045268 0.109841, 
          0.129788 -0.039648 0.110593, 0.124803 -0.040498 0.112352, 0.12311 -0.043135 0.113286, 0.122786 -0.046056 0.112154, 
          0.122943 -0.047819 0.109476, 0.123506 -0.047819 0.106281, 0.124591 -0.045646 0.104474, 0.129192 -0.043999 0.106992, 
          0.125377 -0.043262 0.104575, 0.13032 -0.039648 0.107573, 0.129885 -0.042143 0.10623, 0.126516 -0.039148 0.109987, 
          0.121451 -0.040546 0.110781, 0.120538 -0.042628 0.111282, 0.120441 -0.044758 0.110524, 0.120689 -0.046085 0.108629, 
          0.121098 -0.046085 0.106305, 0.121484 -0.04439 0.104984, 0.121632 -0.042628 0.105078, 0.126389 -0.041035 0.104947, 
          0.122393 -0.040914 0.105066, 0.127039 -0.039148 0.107023, 0.122458 -0.039204 0.109002, 0.121342 -0.042653 0.107547, 
          0.122888 -0.039204 0.106562, 0.137427 -0.045551 0.12951, 0.13646 -0.047225 0.130299, 0.137358 -0.047276 0.126871, 
          0.134974 -0.044593 0.129862, 0.133742 -0.046768 0.130789, 0.138358 -0.044848 0.127947, 0.135789 -0.048978 0.129339, 
          0.132943 -0.049205 0.129857, 0.138665 -0.044848 0.126204, 0.138616 -0.045942 0.124937, 0.13834 -0.047378 0.124621, 
          0.137128 -0.048738 0.124557, 0.135762 -0.049857 0.125603, 0.135424 -0.049857 0.127519, 0.136184 -0.043591 0.127863, 
          0.128591 -0.043451 0.128737, 0.127917 -0.045701 0.128987, 0.127304 -0.047572 0.128, 0.132552 -0.050763 0.127492, 
          0.127016 -0.048529 0.126095, 0.136594 -0.043591 0.125539, 0.136349 -0.044999 0.123792, 0.135794 -0.046894 0.1233, 
          0.134556 -0.048927 0.123123, 0.133054 -0.050763 0.124645, 0.129453 -0.041691 0.126915, 0.121572 -0.042219 0.12746, 
          0.120559 -0.044381 0.127593, 0.120246 -0.046224 0.126638, 0.120247 -0.04714 0.124843, 0.127374 -0.048529 0.124063, 
          0.120585 -0.04714 0.122926, 0.129944 -0.041691 0.124126, 0.130699 -0.044639 0.123697, 0.131308 -0.046184 0.125514, 
          0.129567 -0.046866 0.124008, 0.122787 -0.040496 0.12574, 0.114388 -0.040673 0.126585, 0.113509 -0.043136 0.12693, 
          0.113197 -0.045387 0.125983, 0.11326 -0.046686 0.12388, 0.11369 -0.046686 0.121439, 0.121335 -0.045341 0.122635, 
          0.114442 -0.04478 0.120399, 0.123279 -0.040496 0.122951, 0.122543 -0.043179 0.122259, 0.121664 -0.044457 0.123813, 
          0.11545 -0.038835 0.124566, 0.110464 -0.039686 0.126324, 0.108772 -0.042323 0.127259, 0.108447 -0.045244 0.126125, 
          0.108605 -0.047007 0.123449, 0.109168 -0.047007 0.120253, 0.110252 -0.044834 0.118446, 0.114853 -0.043187 0.120965, 
          0.111038 -0.042451 0.118547, 0.115982 -0.038835 0.121544, 0.115546 -0.04133 0.120202, 0.112177 -0.038337 0.123958, 
          0.107112 -0.039734 0.124754, 0.1062 -0.041816 0.125255, 0.106102 -0.043946 0.124496, 0.106349 -0.045272 0.122602, 
          0.106759 -0.045272 0.120278, 0.107146 -0.043577 0.118956, 0.107294 -0.041816 0.11905, 0.11205 -0.040223 0.118919, 
          0.108055 -0.040103 0.119039, 0.1127 -0.038337 0.120996, 0.108119 -0.038392 0.122973, 0.107004 -0.041841 0.121519, 
          0.108549 -0.038392 0.120533, 0.125341 -0.045064 0.141341, 0.124375 -0.046738 0.142131, 0.125272 -0.04679 0.138703, 
          0.122888 -0.044106 0.141692, 0.121656 -0.046281 0.142621, 0.126272 -0.044361 0.139777, 0.123703 -0.048491 0.141171, 
          0.120856 -0.048719 0.141689, 0.126579 -0.044361 0.138034, 0.12653 -0.045457 0.136768, 0.126254 -0.046891 0.136453, 
          0.125042 -0.048251 0.136388, 0.123676 -0.049371 0.137433, 0.123338 -0.049371 0.13935, 0.124098 -0.043104 0.139693, 
          0.116504 -0.042964 0.140567, 0.115831 -0.045214 0.140819, 0.115217 -0.047086 0.139831, 0.120466 -0.050276 0.139323, 
          0.11493 -0.048043 0.137927, 0.124508 -0.043104 0.13737, 0.124263 -0.044512 0.135623, 0.123707 -0.046409 0.135131, 
          0.122471 -0.04844 0.134954, 0.120968 -0.050276 0.136476, 0.117366 -0.041204 0.138746, 0.109486 -0.041733 0.139291, 
          0.108472 -0.043894 0.139423, 0.10816 -0.045737 0.138469, 0.108161 -0.046653 0.136674, 0.115288 -0.048043 0.135894, 
          0.108499 -0.046653 0.134756, 0.117858 -0.041204 0.135957, 0.118613 -0.044152 0.135528, 0.119222 -0.045697 0.137345, 
          0.117481 -0.04638 0.13584, 0.110701 -0.04001 0.137571, 0.102302 -0.040188 0.138417, 0.101422 -0.042649 0.138762, 
          0.101111 -0.0449 0.137814, 0.101174 -0.046201 0.135711, 0.101605 -0.046201 0.133271, 0.10925 -0.044854 0.134465, 
          0.102355 -0.044294 0.13223, 0.111193 -0.04001 0.134782, 0.110457 -0.042692 0.13409, 0.109577 -0.04397 0.135644, 
          0.103363 -0.038349 0.136398, 0.098377 -0.0392 0.138155, 0.096685 -0.041837 0.13909, 0.096361 -0.044757 0.137956, 
          0.096519 -0.04652 0.13528, 0.097082 -0.04652 0.132084, 0.098166 -0.044348 0.130277, 0.102768 -0.042701 0.132795, 
          0.098953 -0.041964 0.130378, 0.103896 -0.038349 0.133376, 0.10346 -0.040844 0.132033, 0.100092 -0.03785 0.13579, 
          0.095027 -0.039248 0.136584, 0.094114 -0.041329 0.137085, 0.094016 -0.043459 0.136328, 0.094263 -0.044786 0.134433, 
          0.094673 -0.044786 0.132109, 0.095059 -0.043091 0.130787, 0.095207 -0.041329 0.130881, 0.099964 -0.039736 0.130751, 
          0.095968 -0.039616 0.130869, 0.100615 -0.03785 0.132827, 0.096034 -0.037905 0.134805, 0.094918 -0.041354 0.133351, 
          0.096464 -0.037905 0.132364]
        }
        creaseAngle 0.610865
        normal Normal { vector [
          # normals 1062
          0.479443 0.608725 0.63213, 0.549441 -0.154671 0.821091, 0.954408 -0.193036 0.22769, -0.209533 0.883622 0.418698, 
          -0.592232 0.334317 0.73314, 0.435383 0.867233 0.241556, 0.49672 -0.70287 0.509159, -0.55509 -0.651388 0.517271, 
          0.465045 0.884626 -0.034207, 0.607689 0.730259 -0.312148, 0.830832 0.120811 -0.543252, 0.659827 -0.673876 -0.332446, 
          0.514065 -0.856033 -0.054263, 0.475938 -0.86024 0.18295, 0.025441 0.994953 0.097059, 0.059995 0.822167 0.566075, 
          -0.420983 0.014483 0.906953, -0.56592 -0.728904 0.385271, -0.558024 -0.823177 0.104823, -0.5866 -0.809865 0.004329, 
          0.097772 0.991004 -0.091383, 0.103972 0.726454 -0.679305, 0.246023 0.157154 -0.956439, -0.043461 -0.51263 -0.857509, 
          -0.400013 -0.873109 -0.278693, 0.241127 0.957115 0.160586, 0.364551 0.770409 0.523042, 0.500876 0.091441 0.860675, 
          0.400609 -0.665597 0.629677, 0.365725 -0.900245 0.236228, -0.583171 -0.679988 -0.44444, 0.502898 -0.821859 -0.26766, 
          0.446399 0.771789 -0.452846, -0.232717 0.219174 -0.947526, -0.406473 -0.012067 -0.913583, 0.054906 0.984316 0.167652, 
          -0.401365 0.778591 0.482392, -0.301242 0.162061 0.939675, -0.059598 -0.77593 0.627997, 0.019769 -0.981842 0.188666, 
          0.096037 -0.947506 -0.304974, 0.632732 -0.054835 -0.772427, 0.268815 -0.291083 -0.918155, 0.088644 0.951506 -0.294583, 
          0.536907 0.384336 -0.75101, 0.483045 0.491207 -0.724833, -0.856633 0.504565 0.107674, -0.691734 0.67807 -0.248445, 
          -0.826301 0.561578 -0.043083, -0.966628 0.097015 0.237103, -0.925804 -0.333224 0.178462, -0.841803 -0.539688 -0.010228, 
          -0.799669 -0.549551 -0.241918, -0.77391 -0.322023 -0.545311, 0.311789 0.244087 -0.918264, -0.700616 0.04409 -0.712175, 
          -0.631649 0.382801 -0.674154, -0.988259 -0.00096 -0.152788, 0.572384 0.787048 -0.230068, 0.450779 0.073785 -0.889581, 
          0.273328 0.576782 -0.769814, 0.275114 0.330256 -0.902908, 0.174175 0.918735 -0.354385, 0.32386 0.944356 -0.057497, 
          0.310117 0.840383 -0.444505, 0.043154 0.666862 -0.743931, 0.408344 0.589128 -0.697269, 0.332743 -0.52597 -0.782712, 
          0.592611 0.185846 -0.783756, -0.014804 0.813324 -0.581622, 0.071505 0.757745 -0.648621, -0.280169 -0.422421 -0.862013, 
          -0.155755 -0.263038 -0.95213, 0.26332 0.952553 0.152662, -0.272221 0.960456 -0.058483, 0.769053 0.602963 -0.212115, 
          0.039689 0.994073 -0.101212, 0.209218 0.965525 0.154883, 0.175499 0.446139 -0.877588, -0.794892 0.335538 -0.505531, 
          -0.136691 0.612138 -0.778847, 0.162004 -0.31531 -0.935059, 0.721863 0.452205 -0.523855, 0.246405 0.388148 -0.888046, 
          0.697261 0.098727 -0.709986, 0.185206 0.445324 -0.876005, 0.072042 0.97734 -0.199041, 0.392199 0.729408 -0.560486, 
          0.31834 0.832613 -0.453228, 0.26645 0.2402 -0.933439, -0.504961 -0.071811 -0.86015, -0.501703 0.248335 -0.828628, 
          -0.400088 -0.010323 -0.916419, 0.434865 0.871272 0.227547, -0.307821 0.94738 0.087847, 0.381238 0.84458 0.375954, 
          -0.099562 0.940611 0.32456, -0.427159 0.901539 0.069007, -0.551548 -0.833834 -0.022695, -0.48073 -0.822155 -0.304893, 
          0.127465 0.987997 -0.087265, 0.106563 0.994218 0.013204, -0.032744 0.996482 0.077142, 0.196581 0.959145 -0.203462, 
          -0.089433 0.968153 0.233839, 0.168214 0.953966 0.2483, -0.233409 0.152335 -0.960372, -0.704217 0.284468 -0.650505, 
          -0.730377 0.499738 -0.46563, -0.987559 0.045855 -0.150414, 0.440326 0.185143 -0.878541, -0.294459 0.093339 -0.951095, 
          -0.352515 0.093156 -0.931158, 0.781986 -0.459456 -0.421186, 0.637704 -0.501207 -0.584915, 0.238708 -0.344445 -0.907952, 
          0.281609 0.186178 -0.941294, 0.309713 -0.554171 -0.77264, 0.669789 0.215423 -0.710617, 0.779298 0.094314 -0.619516, 
          0.732653 0.445249 -0.514754, 0.671785 0.685847 -0.279856, 0.121617 0.041754 -0.991699, 0.616946 -0.506167 -0.602638, 
          0.054691 -0.491559 -0.869125, -0.56259 -0.658253 -0.500195, -0.571792 -0.790018 -0.221192, -0.128399 -0.729039 -0.672322, 
          0.378326 0.784406 0.491504, 0.20369 0.775493 0.597596, 0.138139 0.828173 0.543182, -0.57472 0.797032 0.185572, 
          -0.421816 0.767746 0.482325, -0.965911 0.250263 0.066215, -0.976346 0.029153 -0.21424, 0.402839 0.914417 -0.039531, 
          0.099668 0.993769 0.0499, 0.468656 0.861238 0.196545, 0.143787 0.968029 0.205534, -0.219903 0.911941 0.346418, 
          0.572271 0.797664 -0.190365, -0.462934 0.584928 0.665997, -0.753549 0.045881 -0.655788, -0.991701 0.073022 -0.105814, 
          -0.985623 0.016453 -0.168158, -0.983159 0.00596 -0.182654, -0.982879 0.022842 -0.182832, -0.98956 0.037643 -0.13912, 
          -0.988762 -0.026663 -0.147104, -0.757541 -0.252855 -0.601827, -0.818511 -0.010501 -0.574395, -0.44625 -0.368341 -0.815589, 
          0.288402 -0.929602 -0.229487, 0.215762 -0.773115 -0.596439, 0.49796 -0.801468 -0.331186, -0.453279 -0.694242 -0.559076, 
          -0.46676 -0.803883 -0.368656, 0.706205 -0.567895 -0.422811, 0.953882 -0.145671 -0.262469, 0.914235 0.393287 -0.097465, 
          0.80627 0.591262 0.018371, 0.63944 -0.688017 -0.343146, 0.474852 -0.879092 -0.04138, 0.489069 -0.860268 -0.144048, 
          0.42904 -0.891592 0.144875, -0.377717 -0.913326 0.152203, 0.509469 0.465264 0.723858, 0.256003 0.71258 0.653217, 
          0.462907 0.452208 0.762381, -0.153499 0.464531 0.872152, 0.321139 0.059545 0.945158, -0.947384 0.117137 0.297897, 
          -0.523811 0.616523 0.587811, 0.820378 0.495017 0.286249, 0.768877 0.379432 0.514645, 0.491849 0.75734 0.429558, 
          0.16007 0.838001 0.521662, 0.484179 0.620136 0.617254, 0.226732 0.616107 0.754324, -0.771407 0.452709 0.447198, 
          -0.652431 0.667243 0.359333, -0.603169 0.070876 0.794458, -0.916416 -0.363963 0.166468, -0.969488 -0.19031 0.154518, 
          -0.88777 -0.455919 -0.063269, -0.823801 -0.509262 -0.249007, -0.841263 -0.373075 -0.39127, -0.085673 -0.995088 -0.049594, 
          0.391545 -0.894596 0.215386, 0.385745 -0.920163 0.067085, -0.488499 -0.82189 -0.293029, 0.196207 -0.979999 0.033245, 
          -0.598295 -0.799044 0.059759, 0.701728 -0.709112 -0.06883, 0.947756 -0.222126 0.228951, 0.621488 -0.777846 0.093314, 
          0.580115 -0.782897 0.224809, 0.461175 -0.822184 0.333663, -0.557205 -0.780082 0.284596, 0.454133 -0.746129 0.486882, 
          -0.092599 0.18171 0.978983, 0.546724 0.012626 0.837218, 0.514734 -0.451623 0.728756, 0.353785 -0.638987 0.683031, 
          0.157416 -0.391716 0.90652, -0.780479 -0.396137 0.483662, -0.852028 0.018544 0.523168, 0.736458 -0.175544 0.653309, 
          0.524846 0.367026 0.768003, 0.327058 0.059908 0.943103, 0.491928 -0.038072 0.869803, -0.525205 0.169304 0.833964, 
          -0.984076 -0.066838 0.164706, -0.335196 -0.463783 0.820091, -0.220246 -0.490379 0.84322, -0.740806 -0.533686 0.407904, 
          -0.605393 -0.768671 0.206504, -0.548796 -0.831777 0.083481, -0.489576 -0.866714 -0.095514, 0.021416 -0.976819 0.212993, 
          0.172975 -0.908775 0.379747, 0.555419 -0.730716 0.396943, 0.381602 -0.84479 0.375114, -0.552399 -0.687622 0.471202, 
          -0.636212 -0.679109 0.366122, 0.655246 -0.64497 0.393278, 0.510496 -0.500491 0.699216, 0.337668 -0.490763 0.803201, 
          0.589236 -0.370741 0.717881, 0.181276 -0.751381 0.634481, 0.043038 -0.918998 0.391906, 0.479306 0.60916 0.631815, 
          0.549402 -0.154296 0.821188, 0.954526 -0.192524 0.22763, -0.2094 0.883593 0.418825, -0.59226 0.334403 0.733078, 
          0.435157 0.867347 0.241552, 0.496747 -0.702743 0.509308, -0.555176 -0.651052 0.517602, 0.465051 0.884618 -0.034334, 
          0.607837 0.730029 -0.312397, 0.830799 0.121211 -0.543214, 0.660429 -0.673103 -0.332815, 0.514099 -0.856024 -0.054092, 
          0.475887 -0.860267 0.182954, 0.025618 0.994927 0.097279, 0.059863 0.821996 0.566339, -0.421135 0.014414 0.906884, 
          -0.566067 -0.728699 0.385443, -0.558087 -0.823131 0.104856, -0.586705 -0.809789 0.004436, 0.097948 0.990977 -0.09149, 
          0.163651 0.812475 -0.559555, 0.235804 -0.004257 -0.971791, -0.043559 -0.512642 -0.857497, -0.400351 -0.872988 -0.278588, 
          0.240852 0.957168 0.160683, 0.364217 0.770551 0.523065, 0.500734 0.091339 0.860769, 0.400534 -0.665477 0.629852, 
          0.365788 -0.90017 0.236418, -0.583228 -0.680004 -0.444342, 0.50299 -0.821845 -0.267528, 0.300478 0.941481 -0.152727, 
          0.290428 0.507592 -0.811173, -0.097933 -0.104222 -0.989721, -0.406754 -0.012518 -0.913452, 0.20069 0.959291 0.198706, 
          -0.409987 0.79462 0.447761, -0.301177 0.162211 0.93967, -0.059735 -0.775832 0.628105, 0.019891 -0.981802 0.188861, 
          0.096063 -0.947561 -0.304795, 0.632852 -0.054934 -0.772321, 0.268883 -0.290942 -0.91818, 0.19013 0.937604 -0.291116, 
          0.378051 0.182189 -0.907681, 0.470198 0.153866 -0.869045, -0.068496 0.991521 0.11043, -0.986383 0.153947 0.057869, 
          -0.96654 0.097049 0.237448, -0.925736 -0.333446 0.1784, -0.841858 -0.539605 -0.010115, -0.799677 -0.549611 -0.241755, 
          -0.774094 -0.322102 -0.545003, 0.27232 0.351668 -0.89564, -0.700464 0.044836 -0.712278, 0.963763 0.083661 -0.253301, 
          0.444452 0.405357 -0.798842, -0.025526 -0.993216 -0.113445, -0.988259 -0.000872 -0.152786, -0.683074 0.239279 -0.69004, 
          -0.843726 -0.526274 -0.105649, 0.479174 0.60921 0.631867, 0.549457 -0.154482 0.821117, 0.954434 -0.19285 0.22774, 
          -0.2094 0.883421 0.419189, -0.59222 0.334487 0.733071, 0.435262 0.867183 0.241951, 0.496491 -0.703019 0.509177, 
          -0.555034 -0.651626 0.51703, 0.465061 0.884612 -0.034361, 0.607569 0.730451 -0.311931, 0.830926 0.120994 -0.543068, 
          0.659526 -0.674223 -0.332339, 0.514081 -0.856014 -0.05442, 0.475883 -0.860281 0.182899, 0.025575 0.994932 0.097245, 
          0.060033 0.821851 0.56653, -0.420615 0.013997 0.907131, -0.56574 -0.728837 0.38566, -0.558146 -0.823103 0.104758, 
          -0.586477 -0.809955 0.004257, 0.0979459 0.990979 -0.0914679, 0.163625 0.813166 -0.558558, 0.235522 -0.005425 -0.971854, 
          -0.043491 -0.512682 -0.857476, -0.400051 -0.87316 -0.27848, 0.240838 0.957181 0.160628, 0.364408 0.770406 0.523145, 
          0.500849 0.091357 0.8607, 0.400644 -0.665423 0.629838, 0.365668 -0.900214 0.236436, -0.583239 -0.67998 -0.444363, 
          0.502804 -0.821943 -0.267577, 0.300402 0.941572 -0.152316, 0.290842 0.507391 -0.811151, -0.0977211 -0.105337 -0.989624, 
          -0.406346 -0.012106 -0.913639, 0.200609 0.959316 0.19867, -0.410887 0.794321 0.447467, -0.301433 0.162067 0.939613, 
          -0.059548 -0.775841 0.628113, 0.019669 -0.981836 0.188707, 0.095932 -0.947514 -0.304982, 0.632784 -0.05499 -0.772373, 
          0.26869 -0.291386 -0.918096, 0.189985 0.937655 -0.291049, 0.377741 0.180976 -0.908052, 0.47021 0.153699 -0.869068, 
          -0.069331 0.991485 0.110234, -0.986469 0.153643 0.057201, -0.966722 0.096976 0.236737, -0.925874 -0.333081 0.178368, 
          -0.841851 -0.539613 -0.010223, -0.799694 -0.549466 -0.242028, -0.773907 -0.322129 -0.545253, 0.272305 0.351262 -0.895804, 
          -0.700828 0.043703 -0.71199, 0.963837 0.08952 -0.251005, 0.446162 0.407542 -0.796774, -0.022763 -0.993334 -0.113006, 
          -0.988273 -0.000898 -0.152693, -0.682995 0.239417 -0.690071, -0.844879 -0.524508 -0.105217, 0.549456 -0.153859 0.821234, 
          0.954458 -0.192741 0.22773, -0.209356 0.883486 0.419074, -0.592086 0.334667 0.733098, 0.496677 -0.702697 0.50944, 
          -0.555091 -0.651303 0.517377, 0.607634 0.730273 -0.312222, 0.830825 0.120667 -0.543294, 0.659511 -0.674227 -0.33236, 
          0.514094 -0.856006 -0.054419, 0.475942 -0.860248 0.182901, 0.025594 0.994927 0.097287, 0.060007 0.822121 0.566141, 
          -0.420855 0.014208 0.907017, -0.565858 -0.728755 0.385643, -0.558212 -0.823054 0.104794, -0.586589 -0.809874 0.004328, 
          0.097939 0.990975 -0.091525, 0.163516 0.812855 -0.559044, 0.235336 -0.005307 -0.9719, -0.043482 -0.513075 -0.857242, 
          -0.400096 -0.87303 -0.278822, 0.240923 0.957141 0.160741, 0.36439 0.770527 0.522979, 0.500921 0.091377 0.860656, 
          0.400571 -0.665666 0.629628, 0.365665 -0.900205 0.236473, -0.583371 -0.679882 -0.444341, 0.502868 -0.821936 -0.26748, 
          0.300467 0.941511 -0.152567, 0.290539 0.508203 -0.810751, -0.0980711 -0.104501 -0.989678, -0.406763 -0.012615 -0.913447, 
          0.200827 0.959262 0.198709, -0.41073 0.794273 0.447696, -0.301373 0.162021 0.93964, -0.059557 -0.775948 0.627979, 
          0.019934 -0.981817 0.188779, 0.095844 -0.947587 -0.304785, 0.632784 -0.05498 -0.772374, 0.268859 -0.290782 -0.918238, 
          0.189954 0.937663 -0.291042, 0.377706 0.182169 -0.907828, 0.469943 0.153706 -0.869211, -0.069177 0.991503 0.110169, 
          -0.986576 0.153028 0.057011, -0.966682 0.096815 0.236964, -0.925868 -0.33303 0.178492, -0.841785 -0.539716 -0.010259, 
          -0.799701 -0.549519 -0.241884, -0.774167 -0.321766 -0.545098, 0.272452 0.351887 -0.895514, -0.700654 0.04442 -0.712117, 
          0.96375 0.098115 -0.248112, 0.448732 0.410693 -0.793707, -0.021825 -0.993348 -0.113065, -0.988258 -0.000874 -0.152789, 
          -0.68284 0.239238 -0.690286, -0.847014 -0.52075 -0.106707, 0.731825 0.261644 0.629265, 0.726628 -0.166724 0.666494, 
          0.950051 -0.211869 0.22916, 0.129488 0.635436 0.761218, 0.00429 0.03263 0.999458, 0.797275 0.4798 0.366258, 
          0.759045 -0.494651 0.423286, 0.040053 -0.654138 0.755314, 0.8642 0.501854 0.036075, 0.910851 0.30792 -0.274837, 
          0.907109 -0.08884 -0.411413, 0.867249 -0.412778 -0.278376, 0.822127 -0.568933 -0.020532, 0.792572 -0.579834 0.188739, 
          0.282353 0.904287 0.320222, -0.126725 0.528713 0.839287, -0.255039 -0.083891 0.963285, -0.272382 -0.668189 0.692338, 
          0.144834 -0.953255 0.265194, -0.21734 -0.949825 0.224933, 0.408437 0.879251 -0.245148, 0.347499 0.391202 -0.852177, 
          0.16033 -0.146471 -0.976136, 0.268294 -0.263066 -0.926723, 0.285396 -0.853618 -0.435759, 0.020986 0.934224 0.356068, 
          -0.09397 0.484454 0.869755, -0.10394 -0.151716 0.982944, -0.048651 -0.703679 0.70885, 0.033395 -0.970801 0.237551, 
          -0.075363 -0.754129 -0.652387, 0.197713 -0.823996 -0.530981, 0.096086 0.849564 -0.51866, -0.049564 -0.160206 -0.985838, 
          -0.196928 -0.169432 -0.965667, -0.009606 0.325634 -0.945447, -0.015738 0.936749 0.349648, 0.048235 0.528701 0.847437, 
          0.101567 -0.107558 0.988997, 0.15545 -0.64408 0.748997, 0.239599 -0.929056 0.281863, 0.389836 -0.854433 -0.343472, 
          0.294825 0.210054 -0.932178, 0.537278 -0.153851 -0.829254, 0.148812 0.778253 -0.610063, 0.22182 -0.319129 -0.921386, 
          0.32118 0.065649 -0.94474, 0.007175 0.951708 0.306921, -0.335773 0.674594 0.657404, -0.363884 0.014749 0.931328, 
          -0.290664 -0.638183 0.712907, -0.196325 -0.951563 0.236612, -0.075397 -0.912198 -0.402753, 0.112174 -0.348752 -0.930478, 
          0.551802 0.059147 -0.831875, 0.222472 0.057765 -0.973226, 0.139646 0.834673 -0.532747, 0.385304 -0.025876 -0.922427, 
          -0.238071 0.952498 0.189919, -0.816094 0.525338 0.240854, -0.935902 0.128956 0.327809, -0.929607 -0.290068 0.227358, 
          -0.87733 -0.479568 0.017524, -0.83021 -0.486501 -0.272155, -0.754559 -0.267406 -0.599278, -0.693024 0.031125 -0.720243, 
          0.17084 0.342267 -0.923941, -0.666441 0.25194 -0.7017, -0.043998 0.902336 -0.428781, -0.6996 0.714481 -0.008791, 
          -0.983849 0.047624 -0.172547, -0.656025 0.620429 -0.429767, 0.731766 0.261683 0.629317, 0.726671 -0.166737 0.666445, 
          0.950092 -0.211634 0.229209, 0.129541 0.635541 0.761122, 0.00407 0.032646 0.999459, 0.797183 0.48008 0.366091, 
          0.759163 -0.494428 0.423335, 0.040184 -0.654118 0.755325, 0.86413 0.501955 0.036337, 0.910947 0.307785 -0.274672, 
          0.907116 -0.088803 -0.411406, 0.867242 -0.41273 -0.278471, 0.822202 -0.56882 -0.020686, 0.792626 -0.579641 0.189103, 
          0.282313 0.904361 0.320047, -0.126717 0.528614 0.839351, -0.255139 -0.083852 0.963262, -0.272566 -0.668161 0.692292, 
          0.144844 -0.953213 0.265339, -0.217551 -0.949757 0.22502, 0.408654 0.879131 -0.245217, 0.347326 0.391121 -0.852285, 
          0.160293 -0.146509 -0.976136, 0.268239 -0.263147 -0.926715, 0.285346 -0.853612 -0.435803, 0.020981 0.93424 0.356028, 
          -0.093929 0.484189 0.869907, -0.10393 -0.151757 0.982939, -0.04861 -0.70352 0.709011, 0.033426 -0.970805 0.237529, 
          -0.075481 -0.753988 -0.652537, 0.197832 -0.823981 -0.53096, 0.095919 0.849523 -0.518758, -0.049767 -0.160077 -0.985849, 
          -0.197005 -0.169414 -0.965654, -0.009622 0.325643 -0.945444, -0.015662 0.936751 0.349647, 0.048146 0.528556 0.847532, 
          0.101705 -0.10786 0.98895, 0.155485 -0.643902 0.749142, 0.239656 -0.929002 0.281995, 0.38983 -0.854511 -0.343284, 
          0.295004 0.210183 -0.932092, 0.53728 -0.154039 -0.829218, 0.148929 0.778296 -0.609979, 0.221959 -0.318898 -0.921433, 
          0.32131 0.065735 -0.94469, 0.007285 0.95169 0.306975, -0.335974 0.674309 0.657593, -0.363905 0.014699 0.93132, 
          -0.290526 -0.638143 0.713, -0.196407 -0.951529 0.236679, -0.075027 -0.912242 -0.402722, 0.112382 -0.348723 -0.930464, 
          0.551746 0.059182 -0.83191, 0.222259 0.057873 -0.973269, 0.139816 0.83484 -0.532441, 0.385273 -0.025425 -0.922452, 
          -0.237942 0.952481 0.190169, -0.816197 0.525017 0.241203, -0.935849 0.128864 0.327995, -0.929661 -0.289852 0.227412, 
          -0.877312 -0.479604 0.01741, -0.830192 -0.486596 -0.272039, -0.754458 -0.267261 -0.59947, -0.692922 0.031468 -0.720325, 
          0.170567 0.342458 -0.923921, -0.666459 0.25191 -0.701693, -0.044073 0.902392 -0.428657, -0.699646 0.714437 -0.008668, 
          -0.983845 0.047619 -0.172574, -0.656 0.620381 -0.429874, 0.752042 0.255096 0.607749, 0.748863 -0.153352 0.644738, 
          0.955445 -0.191912 0.224264, 0.151494 0.630468 0.761289, 0.017657 0.030783 0.99937, 0.812321 0.461739 0.356275, 
          0.782972 -0.464981 0.413217, 0.050355 -0.653102 0.755594, 0.875433 0.481465 0.042529, 0.920244 0.296173 -0.255797, 
          0.91844 -0.078594 -0.387674, 0.885667 -0.385339 -0.25905, 0.844589 -0.535324 -0.009915, 0.816487 -0.544986 0.190629, 
          0.311428 0.893535 0.32343, -0.124651 0.528689 0.839613, -0.263968 -0.084251 0.960845, -0.287291 -0.667228 0.687219, 
          0.1543 -0.951464 0.266284, -0.235094 -0.946584 0.220701, 0.438726 0.867534 -0.234317, 0.363844 0.390392 -0.845702, 
          0.163885 -0.147092 -0.975452, 0.284648 -0.254442 -0.924248, 0.29842 -0.848848 -0.436351, 0.029887 0.933352 0.357716, 
          -0.087687 0.484074 0.870622, -0.096721 -0.151513 0.983712, -0.040529 -0.70323 0.709806, 0.041332 -0.970131 0.239036, 
          -0.094654 -0.749443 -0.655268, 0.208256 -0.823365 -0.52792, 0.096918 0.850097 -0.517631, -0.070577 -0.156974 -0.985078, 
          -0.220796 -0.167544 -0.960822, -0.024389 0.330096 -0.943632, -0.010848 0.936471 0.350578, 0.068517 0.527071 0.847055, 
          0.12887 -0.106039 0.985976, 0.183595 -0.637804 0.747996, 0.267416 -0.920414 0.285178, 0.41866 -0.845283 -0.331995, 
          0.307767 0.209739 -0.928056, 0.567805 -0.151557 -0.809091, 0.153231 0.777877 -0.609449, 0.227852 -0.319743 -0.9197, 
          0.33591 0.065728 -0.939598, 0.013735 0.951372 0.307738, -0.352235 0.6727 0.650696, -0.373228 0.017058 0.927583, 
          -0.297488 -0.636339 0.711739, -0.203302 -0.950175 0.236297, -0.08277 -0.911853 -0.402085, 0.10911 -0.349086 -0.930717, 
          0.582319 0.05828 -0.810869, 0.224689 0.057959 -0.972705, 0.144125 0.834754 -0.531427, 0.405982 -0.026552 -0.913495, 
          -0.257732 0.948389 0.184748, -0.832444 0.50562 0.226682, -0.945817 0.121931 0.300937, -0.940461 -0.272316 0.203414, 
          -0.891685 -0.452617 0.005987, -0.846535 -0.45945 -0.268857, -0.773702 -0.251907 -0.581316, -0.713541 0.028239 -0.700044, 
          0.169192 0.342787 -0.924051, -0.686588 0.238715 -0.68674, -0.057251 0.900767 -0.430512, -0.716987 0.696963 -0.013129, 
          -0.984034 0.043151 -0.17267, -0.674709 0.602643 -0.426132, 0.788553 0.256316 0.559005, 0.790865 -0.142096 0.595265, 
          0.961088 -0.17347 0.214982, 0.187347 0.650868 0.735712, 0.044827 0.03041 0.998532, 0.832101 0.446168 0.329459, 
          0.813552 -0.438795 0.381566, 0.072786 -0.683667 0.726155, 0.885037 0.461937 0.057655, 0.933704 0.291035 -0.208558, 
          0.939248 -0.068661 -0.336303, 0.906746 -0.363066 -0.214463, 0.863818 -0.503622 0.013563, 0.839143 -0.510473 0.187768, 
          0.345901 0.886937 0.306097, -0.118412 0.555943 0.822743, -0.283301 -0.092239 0.954585, -0.309951 -0.693067 0.650837, 
          0.165983 -0.95476 0.246746, -0.252211 -0.948021 0.194027, 0.470013 0.860155 -0.198045, 0.390077 0.417127 -0.820881, 
          0.179535 -0.155263 -0.971422, 0.312307 -0.263643 -0.912665, 0.299948 -0.856212 -0.420634, 0.044327 0.941076 0.335279, 
          -0.070709 0.513949 0.854902, -0.07964 -0.163892 0.983258, -0.023266 -0.731744 0.681183, 0.053122 -0.973801 0.221108, 
          -0.120172 -0.750837 -0.649463, 0.223429 -0.832647 -0.506733, 0.0898611 0.860268 -0.501861, -0.113738 -0.14809 -0.982412, 
          -0.27943 -0.174988 -0.944086, -0.058199 0.352626 -0.933953, -0.000139 0.944886 0.327401, 0.112898 0.555986 0.823488, 
          0.189314 -0.11174 0.975538, 0.234774 -0.656607 0.716763, 0.302208 -0.914605 0.268642, 0.451186 -0.842489 -0.294352, 
          0.335564 0.216867 -0.916714, 0.629725 -0.160506 -0.760056, 0.157055 0.785003 -0.599253, 0.241889 -0.331256 -0.912008, 
          0.372765 0.070634 -0.925234, 0.026734 0.957781 0.286255, -0.371215 0.700429 0.60959, -0.388434 0.023848 0.921168, 
          -0.295798 -0.668332 0.682522, -0.203037 -0.955577 0.213656, -0.098409 -0.92176 -0.375065, 0.098144 -0.377642 -0.920736, 
          0.646276 0.057597 -0.760927, 0.227886 0.064215 -0.971568, 0.151083 0.845309 -0.512471, 0.453162 -0.026985 -0.89102, 
          -0.275689 0.947828 0.160053, -0.84994 0.492816 0.186373, -0.962627 0.119258 0.243162, -0.953892 -0.258959 0.15176, 
          -0.903822 -0.427443 -0.019943, -0.864193 -0.432961 -0.256349, -0.808177 -0.241779 -0.537022, -0.754735 0.025518 -0.655533, 
          0.166119 0.367255 -0.915166, -0.725714 0.231966 -0.647712, -0.072952 0.909421 -0.409429, -0.732102 0.680685 -0.026355, 
          -0.984192 0.038507 -0.172866, -0.699123 0.591235 -0.40208, 0.529757 0.55357 0.642586, 0.363129 -0.431443 0.82583, 
          0.869246 -0.493035 0.036443, 0.059758 0.860624 0.505722, -0.233039 0.00067 0.972467, 0.586263 0.770992 0.24873, 
          0.160615 -0.936126 0.312842, -0.40987 -0.814239 0.411122, 0.633343 0.769008 -0.086621, 0.660522 0.548925 -0.512243, 
          0.59336 -0.07956 -0.800996, 0.31816 -0.786955 -0.528656, 0.185529 -0.971414 -0.148104, 0.145335 -0.988095 0.050456, 
          0.144368 0.982177 0.120355, 0.113676 0.820264 0.560576, -0.227054 -0.129833 0.965189, -0.318839 -0.929676 0.18451, 
          -0.515587 -0.856353 0.028791, -0.461177 -0.88148 -0.101534, 0.194688 0.972879 -0.124914, 0.207255 0.768119 -0.605837, 
          -0.034377 -0.089592 -0.995385, -0.267876 -0.763086 -0.588168, -0.42367 -0.892952 -0.152118, 0.284453 0.941408 0.181214, 
          0.292047 0.705359 0.645893, 0.113158 -0.235236 0.965329, -0.044342 -0.976499 0.210913, -0.007612 -0.995479 -0.094682, 
          -0.541924 -0.838174 -0.061508, 0.015831 -0.991212 -0.131331, 0.353222 0.920095 -0.169289, 0.227713 0.577422 -0.784048, 
          -0.140408 -0.328412 -0.93404, -0.38884 -0.816168 -0.427403, 0.281243 0.936059 0.211416, 0.045841 0.868167 0.49415, 
          -0.039117 -0.066508 0.997019, 0.063881 -0.909264 0.411289, 0.247021 -0.968093 0.042151, 0.291738 -0.937329 -0.190536, 
          0.194467 -0.841 -0.504878, 0.353424 -0.691541 -0.62997, 0.279325 0.917589 -0.282857, 0.308808 0.4227 -0.852034, 
          0.325263 -0.328291 -0.886808, 0.090005 0.992445 0.083374, -0.42422 0.822862 0.378069, -0.807929 0.162406 0.566458, 
          -0.55299 -0.753213 0.356191, -0.230731 -0.970861 0.064754, -0.101014 -0.955206 -0.278167, -0.145299 -0.654233 -0.742204, 
          0.501501 -0.025526 -0.86478, -0.168402 -0.067128 -0.98343, 0.20485 0.94762 -0.245058, 0.409191 0.599881 -0.687535, 
          -0.009605 0.987805 0.155398, -0.918743 0.368248 0.142494, -0.98704 0.160446 0.003177, -0.999076 -0.03124 -0.029504, 
          -0.954921 -0.282114 -0.092397, -0.919321 -0.330668 -0.213326, -0.908902 -0.208288 -0.361266, -0.91555 -0.099096 -0.389805, 
          0.04237 0.676231 -0.735471, -0.867958 0.12325 -0.481101, 0.133555 0.969789 -0.20414, -0.707146 0.706658 0.024064, 
          -0.992634 0.079038 -0.091815, -0.732755 0.549114 -0.401925, 0.629817 0.111553 0.768691, 0.519789 -0.365378 0.772216, 
          0.818028 -0.512712 0.260686, 0.119909 0.588823 0.799318, -0.06916 0.017535 0.997452, 0.7942 0.389908 0.466066, 
          0.476384 -0.747803 0.462439, -0.140646 -0.635028 0.759578, 0.902675 0.429947 0.017999, 0.909481 0.194645 -0.367366, 
          0.792075 -0.29359 -0.535184, 0.625755 -0.67314 -0.394098, 0.534808 -0.838133 -0.107298, 0.492806 -0.856899 0.151217, 
          0.301572 0.885955 0.352332, -0.053558 0.491656 0.869141, -0.227373 -0.067522 0.971464, -0.318061 -0.619009 0.718098, 
          -0.086218 -0.964488 0.249657, -0.30796 -0.921693 0.235888, 0.422719 0.859374 -0.287723, 0.327671 0.343671 -0.880069, 
          0.12427 -0.129273 -0.983791, 0.163936 -0.267425 -0.949531, 0.071412 -0.872726 -0.48296, 0.138558 0.905115 0.401957, 
          -0.048032 0.442528 0.895468, -0.162175 -0.143998 0.976199, -0.204087 -0.67148 0.712364, -0.168361 -0.960119 0.223219, 
          -0.121607 -0.732202 -0.670143, 0.013316 -0.813098 -0.581975, 0.242201 0.825293 -0.510127, 0.02443 -0.15084 -0.988256, 
          -0.069721 -0.12149 -0.990141, 0.122135 0.30643 -0.944025, 0.117905 0.909498 0.398637, 0.035177 0.475088 0.879235, 
          -0.050645 -0.126477 0.990676, -0.089521 -0.650169 0.754498, -0.049783 -0.964743 0.258444, 0.108205 -0.892836 -0.437191, 
          0.268514 0.188645 -0.944623, 0.346096 -0.181304 -0.920514, 0.263933 0.756693 -0.598127, 0.141618 -0.305724 -0.941529, 
          0.25815 0.047131 -0.964955, 0.136996 0.924797 0.354941, -0.140922 0.661265 0.736797, -0.291087 0.026694 0.956324, 
          -0.347338 -0.585403 0.73257, -0.314434 -0.91921 0.237033, -0.172256 -0.874954 -0.452529, 0.080321 -0.313649 -0.946136, 
          0.39103 0.022476 -0.920104, 0.212784 0.046127 -0.97601, 0.261948 0.80779 -0.52807, 0.278108 -0.043441 -0.959567, 
          0.008699 0.965413 0.260581, -0.610089 0.716781 0.337663, -0.823176 0.291047 0.487517, -0.903997 -0.226998 0.362299, 
          -0.882962 -0.463118 0.076811, -0.825488 -0.472618 -0.308547, -0.68266 -0.197685 -0.703489, -0.557386 0.174844 -0.811634, 
          0.226028 0.311439 -0.922994, -0.485409 0.436086 -0.757764, 0.164792 0.894156 -0.416328, -0.467036 0.883306 0.040596, 
          -0.952305 0.255964 -0.166127, -0.428932 0.794349 -0.430148, 0.650761 0.114867 0.750543, 0.546009 -0.352834 0.759857, 
          0.836849 -0.484951 0.25398, 0.134531 0.58447 0.800185, -0.059536 0.015199 0.998111, 0.805516 0.382368 0.452701, 
          0.509343 -0.727517 0.459662, -0.131057 -0.636099 0.760396, 0.90781 0.418857 0.020965, 0.914787 0.188884 -0.357054, 
          0.806741 -0.279564 -0.520588, 0.657075 -0.648854 -0.38372, 0.569529 -0.815893 -0.099776, 0.528303 -0.834493 0.156584, 
          0.32046 0.878241 0.354963, -0.052414 0.49139 0.869361, -0.231922 -0.066588 0.970453, -0.326148 -0.617201 0.716024, 
          -0.075354 -0.964968 0.251312, -0.318014 -0.91879 0.233861, 0.442559 0.851386 -0.281573, 0.338432 0.34121 -0.876949, 
          0.123667 -0.130227 -0.983742, 0.170632 -0.266273 -0.948675, 0.084055 -0.872163 -0.48194, 0.143455 0.903901 0.402968, 
          -0.044828 0.441766 0.89601, -0.158442 -0.144384 0.976755, -0.199712 -0.67196 0.713151, -0.163856 -0.960702 0.224059, 
          -0.132319 -0.728565 -0.672075, 0.019138 -0.813863 -0.580742, 0.242679 0.825499 -0.509566, 0.01221 -0.147662 -0.988963, 
          -0.08921 -0.118664 -0.988919, 0.112747 0.309574 -0.944167, 0.120527 0.908964 0.39907, 0.04611 0.472818 0.879953, 
          -0.035394 -0.128598 0.991065, -0.07283 -0.650932 0.755635, -0.032269 -0.964796 0.261014, 0.127175 -0.893107 -0.431492, 
          0.275436 0.187214 -0.942913, 0.366251 -0.184484 -0.912045, 0.266272 0.756222 -0.597686, 0.144693 -0.306457 -0.940823, 
          0.26606 0.045029 -0.962904, 0.14064 0.924073 0.355401, -0.152817 0.662707 0.733121, -0.301311 0.029611 0.953066, 
          -0.356289 -0.582415 0.730651, -0.323025 -0.916506 0.235949, -0.180019 -0.873005 -0.453272, 0.077801 -0.313046 -0.946546, 
          0.411553 0.017926 -0.91121, 0.215437 0.045586 -0.975453, 0.264622 0.807481 -0.527209, 0.289816 -0.045729 -0.955989, 
          -0.003253 0.96617 0.257884, -0.628806 0.703359 0.331495, -0.835459 0.286654 0.468869, -0.914576 -0.210515 0.345304, 
          -0.895161 -0.440457 0.068444, -0.838795 -0.449613 -0.307037, -0.696559 -0.182978 -0.693776, -0.572948 0.172508 -0.801231, 
          0.226102 0.311585 -0.922926, -0.504058 0.423181 -0.75289, 0.157521 0.894963 -0.417407, -0.484909 0.873716 0.038523, 
          -0.954276 0.248138 -0.166691, -0.447068 0.783332 -0.431881, 0.650556 0.114526 0.750773, 0.54616 -0.352468 0.759918, 
          0.836759 -0.485076 0.254037, 0.134573 0.584239 0.800347, -0.059301 0.01514 0.998125, 0.805325 0.3822 0.453183, 
          0.509566 -0.727502 0.459439, -0.130915 -0.636018 0.760488, 0.907783 0.41893 0.020693, 0.914658 0.189134 -0.357252, 
          0.806735 -0.279398 -0.520687, 0.656765 -0.649329 -0.383447, 0.569375 -0.816046 -0.099402, 0.528388 -0.834497 0.156269, 
          0.3203 0.878305 0.354949, -0.052356 0.491466 0.869322, -0.231888 -0.066801 0.970446, -0.32613 -0.617341 0.715911, 
          -0.075198 -0.965023 0.25115, -0.318083 -0.918787 0.233781, 0.442425 0.851432 -0.281644, 0.338433 0.341358 -0.876891, 
          0.123593 -0.130106 -0.983767, 0.17074 -0.266523 -0.948585, 0.084299 -0.872209 -0.481814, 0.143485 0.903955 0.402837, 
          -0.04484 0.441757 0.896013, -0.158522 -0.144363 0.976745, -0.199731 -0.672147 0.71297, -0.163924 -0.960684 0.224088, 
          -0.132381 -0.728575 -0.672052, 0.019136 -0.813974 -0.580587, 0.242764 0.825425 -0.509646, 0.012306 -0.147602 -0.98897, 
          -0.0891079 -0.118452 -0.988953, 0.112807 0.309823 -0.944079, 0.120661 0.908973 0.399009, 0.046061 0.472697 0.88002, 
          -0.03544 -0.128784 0.991039, -0.072856 -0.650976 0.755594, -0.032164 -0.96485 0.260825, 0.127132 -0.893148 -0.431421, 
          0.275515 0.187312 -0.942871, 0.36634 -0.18427 -0.912053, 0.266367 0.756142 -0.597744, 0.144697 -0.306551 -0.940792, 
          0.266014 0.045166 -0.96291, 0.140413 0.924172 0.355233, -0.152951 0.662897 0.732921, -0.301242 0.02935 0.953096, 
          -0.356233 -0.582405 0.730686, -0.322923 -0.916558 0.235885, -0.180067 -0.873013 -0.453238, 0.077662 -0.313068 -0.94655, 
          0.411656 0.01829 -0.911156, 0.215427 0.045916 -0.97544, 0.264292 0.80746 -0.527407, 0.289562 -0.045813 -0.956062, 
          -0.003447 0.966247 0.257595, -0.628815 0.703368 0.33146, -0.835431 0.286643 0.468925, -0.914575 -0.21035 0.345407, 
          -0.895212 -0.440359 0.068401, -0.83883 -0.449446 -0.307184, -0.696654 -0.182853 -0.693713, -0.5729 0.172743 -0.801215, 
          0.226084 0.311567 -0.922937, -0.504079 0.423023 -0.752965, 0.15739 0.895024 -0.417324, -0.484843 0.873755 0.038468, 
          -0.954241 0.248209 -0.166782, -0.447103 0.783172 -0.432135, 0.650622 0.115182 0.750616, 0.546273 -0.352334 0.759899, 
          0.836812 -0.484999 0.25401, 0.134575 0.584605 0.800079, -0.059312 0.015561 0.998118, 0.805286 0.382404 0.453081, 
          0.509488 -0.727586 0.459393, -0.130876 -0.636133 0.760399, 0.907763 0.418979 0.020573, 0.914651 0.188907 -0.357389, 
          0.806678 -0.27956 -0.520689, 0.65689 -0.649107 -0.383609, 0.569321 -0.816055 -0.099643, 0.528222 -0.834587 0.156355, 
          0.320303 0.878283 0.354999, -0.05234 0.491566 0.869266, -0.23191 -0.066402 0.970468, -0.326235 -0.617285 0.715912, 
          -0.075192 -0.965055 0.251028, -0.318111 -0.918794 0.233717, 0.44247 0.851362 -0.281785, 0.338512 0.341149 -0.876942, 
          0.123651 -0.13015 -0.983754, 0.170643 -0.266398 -0.948638, 0.084169 -0.872177 -0.481895, 0.143429 0.90392 0.402935, 
          -0.044804 0.441624 0.896081, -0.158486 -0.144327 0.976756, -0.199758 -0.671988 0.713112, -0.163871 -0.960686 0.224117, 
          -0.132251 -0.728552 -0.672102, 0.019103 -0.813987 -0.580569, 0.242704 0.825449 -0.509635, 0.012234 -0.147632 -0.988967, 
          -0.089276 -0.1186 -0.988921, 0.112846 0.309868 -0.944059, 0.120598 0.908967 0.399043, 0.046013 0.472681 0.880031, 
          -0.035412 -0.128976 0.991015, -0.072892 -0.65086 0.755691, -0.032302 -0.964792 0.261023, 0.12712 -0.893151 -0.431418, 
          0.275583 0.187397 -0.942834, 0.366207 -0.184583 -0.912042, 0.266301 0.756177 -0.59773, 0.144701 -0.306482 -0.940814, 
          0.266195 0.045394 -0.96285, 0.140491 0.924086 0.355425, -0.153089 0.662859 0.732927, -0.301409 0.029463 0.95304, 
          -0.356162 -0.582512 0.730636, -0.32295 -0.916521 0.235993, -0.180184 -0.873037 -0.453145, 0.077685 -0.313133 -0.946527, 
          0.41159 0.018361 -0.911184, 0.215479 0.04575 -0.975436, 0.264478 0.807494 -0.527261, 0.289693 -0.045597 -0.956033, 
          -0.00338 0.966173 0.257873, -0.628804 0.703355 0.331509, -0.835459 0.286988 0.468664, -0.914599 -0.210266 0.345394, 
          -0.895167 -0.44044 0.068475, -0.83878 -0.449634 -0.307047, -0.696764 -0.18304 -0.693554, -0.57302 0.172597 -0.801161, 
          0.226176 0.311706 -0.922867, -0.504035 0.423227 -0.75288, 0.157542 0.894975 -0.417374, -0.484851 0.873741 0.03868, 
          -0.954252 0.248312 -0.166564, -0.446978 0.783353 -0.431936]
        }
        coordIndex [
          0, 1, 2, -1,0, 3, 4, -1,0, 4, 1, -1,5, 0, 2, -1,5, 3, 0, -1,1, 6, 2, -1,1, 4, 7, -1,
          1, 7, 6, -1,8, 5, 2, -1,9, 8, 2, -1,10, 9, 2, -1,11, 10, 2, -1,12, 11, 2, -1,13, 
          12, 2, -1,6, 13, 2, -1,5, 14, 3, -1,3, 15, 16, -1,3, 16, 4, -1,14, 15, 3, -1,4, 16, 
          17, -1,4, 17, 7, -1,8, 14, 5, -1,6, 7, 18, -1,6, 18, 13, -1,7, 17, 19, -1,7, 19, 
          18, -1,8, 20, 14, -1,9, 20, 8, -1,9, 21, 20, -1,10, 21, 9, -1,10, 22, 21, -1,11, 
          22, 10, -1,11, 23, 22, -1,12, 23, 11, -1,12, 24, 23, -1,13, 24, 12, -1,13, 18, 24, -1,
          14, 25, 15, -1,20, 25, 14, -1,15, 26, 27, -1,15, 27, 16, -1,25, 26, 15, -1,16, 27, 
          28, -1,16, 28, 17, -1,17, 28, 29, -1,17, 29, 19, -1,18, 19, 30, -1,18, 30, 24, -1,
          19, 29, 31, -1,19, 31, 30, -1,20, 32, 25, -1,21, 32, 20, -1,32, 21, 33, -1,33, 21, 
          22, -1,23, 33, 22, -1,23, 34, 33, -1,24, 34, 23, -1,24, 30, 34, -1,25, 35, 26, -1,
          32, 35, 25, -1,26, 36, 37, -1,26, 37, 27, -1,35, 36, 26, -1,27, 37, 38, -1,27, 38, 
          28, -1,28, 38, 39, -1,28, 39, 29, -1,29, 39, 40, -1,29, 40, 31, -1,30, 31, 41, -1,
          30, 41, 34, -1,31, 40, 42, -1,31, 42, 41, -1,32, 43, 35, -1,44, 45, 32, -1,45, 43, 
          32, -1,44, 32, 33, -1,34, 44, 33, -1,34, 41, 44, -1,46, 36, 35, -1,35, 47, 48, -1,
          48, 46, 35, -1,35, 43, 47, -1,36, 46, 49, -1,36, 49, 37, -1,37, 49, 50, -1,37, 50, 
          38, -1,38, 50, 51, -1,38, 51, 39, -1,39, 51, 52, -1,39, 52, 40, -1,40, 52, 53, -1,
          40, 53, 42, -1,41, 42, 54, -1,41, 54, 44, -1,42, 53, 55, -1,42, 55, 54, -1,43, 45, 
          56, -1,47, 43, 56, -1,44, 54, 45, -1,54, 56, 45, -1,46, 57, 49, -1,48, 57, 46, -1,
          47, 57, 48, -1,56, 57, 47, -1,49, 57, 50, -1,50, 57, 51, -1,51, 57, 52, -1,52, 57, 
          53, -1,53, 57, 55, -1,54, 55, 56, -1,55, 57, 56, -1,58, 59, 60, -1,58, 61, 59, -1,
          58, 62, 63, -1,60, 62, 58, -1,64, 61, 58, -1,58, 63, 64, -1,65, 59, 66, -1,67, 59, 
          61, -1,68, 66, 59, -1,60, 59, 65, -1,68, 59, 67, -1,65, 62, 60, -1,69, 70, 61, -1,
          71, 61, 70, -1,72, 61, 71, -1,61, 72, 67, -1,69, 61, 64, -1,63, 62, 73, -1,74, 62, 
          75, -1,65, 75, 62, -1,73, 62, 74, -1,76, 63, 77, -1,63, 73, 77, -1,69, 63, 76, -1,
          64, 63, 69, -1,66, 75, 65, -1,78, 66, 68, -1,66, 79, 75, -1,80, 66, 78, -1,79, 66, 
          80, -1,81, 68, 67, -1,67, 72, 81, -1,82, 83, 68, -1,84, 68, 85, -1,85, 68, 81, -1,
          68, 83, 78, -1,68, 84, 82, -1,86, 70, 69, -1,69, 76, 86, -1,87, 70, 88, -1,88, 70, 
          86, -1,89, 70, 87, -1,70, 89, 71, -1,90, 72, 71, -1,71, 89, 90, -1,81, 72, 85, -1,
          91, 72, 90, -1,92, 72, 91, -1,72, 92, 85, -1,93, 77, 73, -1,94, 73, 74, -1,95, 73, 
          96, -1,96, 73, 94, -1,93, 73, 95, -1,75, 97, 74, -1,74, 97, 94, -1,98, 99, 75, -1,
          75, 99, 97, -1,75, 79, 98, -1,100, 76, 101, -1,76, 77, 102, -1,86, 76, 88, -1,76, 
          102, 101, -1,88, 76, 103, -1,103, 76, 100, -1,104, 102, 77, -1,105, 77, 93, -1,104, 
          77, 105, -1,106, 107, 78, -1,78, 107, 80, -1,78, 83, 106, -1,108, 79, 80, -1,98, 
          79, 109, -1,109, 79, 108, -1,80, 107, 108, -1,82, 84, 110, -1,110, 83, 82, -1,111, 
          83, 112, -1,106, 83, 111, -1,112, 83, 110, -1,113, 84, 114, -1,113, 115, 84, -1,116, 
          84, 85, -1,114, 84, 117, -1,117, 84, 116, -1,84, 115, 110, -1,85, 92, 116, -1,118, 
          89, 87, -1,88, 119, 87, -1,87, 119, 118, -1,120, 119, 88, -1,103, 121, 88, -1,88, 
          121, 120, -1,122, 89, 123, -1,123, 89, 118, -1,90, 89, 122, -1,122, 124, 90, -1,90, 
          124, 91, -1,91, 124, 92, -1,125, 92, 126, -1,127, 126, 92, -1,116, 92, 117, -1,92, 
          124, 127, -1,117, 92, 125, -1,93, 128, 129, -1,95, 128, 93, -1,93, 129, 105, -1,94, 
          97, 96, -1,96, 128, 95, -1,130, 128, 96, -1,131, 132, 96, -1,96, 132, 130, -1,96, 
          97, 131, -1,97, 99, 133, -1,131, 97, 133, -1,109, 99, 98, -1,134, 133, 99, -1,99, 
          109, 134, -1,100, 135, 103, -1,101, 135, 100, -1,136, 137, 101, -1,137, 135, 101, -1,
          101, 102, 136, -1,136, 102, 138, -1,102, 139, 138, -1,139, 102, 104, -1,140, 121, 
          103, -1,103, 135, 140, -1,141, 139, 104, -1,105, 129, 104, -1,104, 129, 141, -1,111, 
          142, 106, -1,142, 107, 106, -1,108, 107, 109, -1,143, 109, 107, -1,107, 142, 143, -1,
          134, 109, 144, -1,144, 109, 145, -1,145, 109, 146, -1,147, 109, 148, -1,146, 109, 
          147, -1,148, 109, 143, -1,110, 115, 112, -1,112, 142, 111, -1,112, 149, 150, -1,151, 
          149, 112, -1,150, 142, 112, -1,112, 115, 151, -1,113, 152, 153, -1,113, 154, 152, -1,
          153, 115, 113, -1,114, 154, 113, -1,117, 154, 114, -1,155, 115, 153, -1,151, 115, 
          155, -1,117, 156, 154, -1,125, 156, 117, -1,118, 119, 123, -1,157, 119, 158, -1,158, 
          119, 120, -1,123, 119, 157, -1,120, 121, 158, -1,159, 121, 160, -1,158, 121, 159, -1,
          160, 121, 140, -1,123, 124, 122, -1,123, 161, 124, -1,157, 161, 123, -1,127, 124, 
          162, -1,163, 162, 124, -1,124, 161, 163, -1,126, 156, 125, -1,164, 165, 126, -1,164, 
          126, 162, -1,165, 156, 126, -1,162, 126, 127, -1,129, 128, 166, -1,166, 128, 167, -1,
          167, 128, 130, -1,168, 129, 166, -1,169, 129, 170, -1,141, 129, 169, -1,170, 129, 
          168, -1,130, 132, 167, -1,133, 132, 131, -1,132, 133, 171, -1,172, 132, 171, -1,167, 
          132, 172, -1,144, 171, 133, -1,144, 133, 134, -1,160, 135, 137, -1,140, 135, 160, -1,
          138, 137, 136, -1,173, 137, 174, -1,175, 137, 138, -1,160, 137, 173, -1,174, 137, 
          175, -1,176, 177, 138, -1,138, 139, 176, -1,138, 177, 175, -1,176, 139, 178, -1,179, 
          139, 141, -1,178, 139, 180, -1,180, 139, 179, -1,169, 181, 141, -1,141, 181, 179, -1,
          148, 142, 150, -1,143, 142, 148, -1,144, 182, 183, -1,145, 182, 144, -1,183, 171, 
          144, -1,146, 184, 145, -1,184, 182, 145, -1,147, 185, 146, -1,185, 184, 146, -1,148, 
          185, 147, -1,186, 185, 148, -1,150, 149, 148, -1,148, 149, 186, -1,186, 149, 155, -1,
          155, 149, 151, -1,187, 152, 188, -1,189, 188, 152, -1,190, 152, 187, -1,152, 154, 
          189, -1,153, 152, 155, -1,155, 152, 190, -1,191, 154, 156, -1,189, 154, 191, -1,190, 
          185, 155, -1,155, 185, 186, -1,165, 192, 156, -1,156, 192, 191, -1,158, 161, 157, -1,
          193, 161, 158, -1,159, 194, 158, -1,158, 194, 193, -1,160, 194, 159, -1,173, 194, 
          160, -1,163, 161, 193, -1,195, 162, 193, -1,196, 164, 162, -1,196, 162, 195, -1,193, 
          162, 163, -1,197, 164, 196, -1,165, 164, 197, -1,198, 165, 199, -1,197, 199, 165, -1,
          192, 165, 198, -1,167, 200, 166, -1,200, 201, 166, -1,166, 201, 168, -1,172, 200, 
          167, -1,168, 201, 170, -1,170, 181, 169, -1,202, 203, 170, -1,204, 181, 170, -1,170, 
          201, 202, -1,170, 203, 204, -1,205, 171, 183, -1,206, 171, 205, -1,172, 171, 206, -1,
          206, 200, 172, -1,174, 194, 173, -1,174, 177, 207, -1,207, 194, 174, -1,175, 177, 
          174, -1,178, 177, 176, -1,208, 177, 178, -1,207, 177, 208, -1,209, 210, 178, -1,180, 
          211, 178, -1,178, 211, 209, -1,178, 210, 208, -1,179, 181, 180, -1,212, 211, 180, -1,
          180, 181, 212, -1,212, 181, 213, -1,213, 181, 204, -1,205, 182, 214, -1,215, 182, 
          216, -1,183, 182, 205, -1,182, 184, 216, -1,214, 182, 215, -1,217, 184, 218, -1,184, 
          185, 218, -1,216, 184, 217, -1,218, 185, 187, -1,187, 185, 190, -1,188, 219, 187, -1,
          187, 219, 218, -1,220, 188, 192, -1,191, 192, 188, -1,221, 219, 188, -1,222, 188, 
          220, -1,191, 188, 189, -1,221, 188, 222, -1,223, 224, 192, -1,198, 223, 192, -1,192, 
          224, 220, -1,193, 194, 195, -1,225, 194, 207, -1,195, 194, 196, -1,196, 194, 225, -1,
          225, 199, 196, -1,196, 199, 197, -1,199, 223, 198, -1,226, 199, 207, -1,227, 223, 
          199, -1,227, 199, 226, -1,207, 199, 225, -1,201, 200, 214, -1,214, 200, 205, -1,205, 
          200, 206, -1,228, 201, 214, -1,202, 201, 228, -1,228, 229, 202, -1,229, 203, 202, -1,
          204, 203, 213, -1,220, 224, 203, -1,221, 203, 229, -1,203, 224, 213, -1,222, 203, 
          221, -1,220, 203, 222, -1,208, 210, 207, -1,207, 210, 226, -1,209, 211, 227, -1,227, 
          210, 209, -1,226, 210, 227, -1,211, 224, 223, -1,211, 223, 227, -1,224, 211, 212, -1,
          213, 224, 212, -1,215, 229, 214, -1,214, 229, 228, -1,216, 229, 215, -1,216, 219, 
          230, -1,217, 219, 216, -1,230, 229, 216, -1,218, 219, 217, -1,230, 219, 221, -1,221, 
          229, 230, -1,231, 232, 233, -1,231, 234, 235, -1,231, 235, 232, -1,236, 231, 233, -1,
          236, 234, 231, -1,232, 237, 233, -1,232, 235, 238, -1,232, 238, 237, -1,239, 236, 
          233, -1,240, 239, 233, -1,241, 240, 233, -1,242, 241, 233, -1,243, 242, 233, -1,244, 
          243, 233, -1,237, 244, 233, -1,236, 245, 234, -1,234, 246, 247, -1,234, 247, 235, -1,
          245, 246, 234, -1,235, 247, 248, -1,235, 248, 238, -1,239, 245, 236, -1,237, 238, 
          249, -1,237, 249, 244, -1,238, 248, 250, -1,238, 250, 249, -1,239, 251, 245, -1,240, 
          251, 239, -1,240, 252, 251, -1,241, 252, 240, -1,241, 253, 252, -1,242, 253, 241, -1,
          242, 254, 253, -1,243, 254, 242, -1,243, 255, 254, -1,244, 255, 243, -1,244, 249, 
          255, -1,245, 256, 246, -1,251, 256, 245, -1,246, 257, 258, -1,246, 258, 247, -1,256, 
          257, 246, -1,247, 258, 259, -1,247, 259, 248, -1,248, 259, 260, -1,248, 260, 250, -1,
          249, 250, 261, -1,249, 261, 255, -1,250, 260, 262, -1,250, 262, 261, -1,251, 263, 
          256, -1,252, 263, 251, -1,252, 264, 263, -1,253, 264, 252, -1,253, 265, 264, -1,254, 
          265, 253, -1,254, 266, 265, -1,255, 266, 254, -1,255, 261, 266, -1,256, 267, 257, -1,
          263, 267, 256, -1,257, 268, 269, -1,257, 269, 258, -1,267, 268, 257, -1,258, 269, 
          270, -1,258, 270, 259, -1,259, 270, 271, -1,259, 271, 260, -1,260, 271, 272, -1,260, 
          272, 262, -1,261, 262, 273, -1,261, 273, 266, -1,262, 272, 274, -1,262, 274, 273, -1,
          263, 275, 267, -1,264, 275, 263, -1,264, 276, 275, -1,265, 276, 264, -1,265, 277, 
          276, -1,266, 277, 265, -1,266, 273, 277, -1,267, 278, 268, -1,275, 278, 267, -1,268, 
          279, 280, -1,268, 280, 269, -1,278, 279, 268, -1,269, 280, 281, -1,269, 281, 270, -1,
          270, 281, 282, -1,270, 282, 271, -1,271, 282, 283, -1,271, 283, 272, -1,272, 283, 
          284, -1,272, 284, 274, -1,273, 274, 285, -1,273, 285, 277, -1,274, 284, 286, -1,274, 
          286, 285, -1,275, 287, 278, -1,276, 287, 275, -1,276, 288, 287, -1,277, 288, 276, -1,
          277, 285, 288, -1,278, 289, 279, -1,287, 289, 278, -1,279, 290, 280, -1,289, 290, 
          279, -1,280, 290, 281, -1,281, 290, 282, -1,282, 290, 283, -1,283, 290, 284, -1,284, 
          290, 286, -1,285, 286, 291, -1,285, 291, 288, -1,286, 290, 291, -1,287, 292, 289, -1,
          288, 292, 287, -1,288, 291, 292, -1,292, 290, 289, -1,291, 290, 292, -1,293, 294, 
          295, -1,293, 296, 297, -1,293, 297, 294, -1,298, 293, 295, -1,298, 296, 293, -1,294, 
          299, 295, -1,294, 297, 300, -1,294, 300, 299, -1,301, 298, 295, -1,302, 301, 295, -1,
          303, 302, 295, -1,304, 303, 295, -1,305, 304, 295, -1,306, 305, 295, -1,299, 306, 
          295, -1,298, 307, 296, -1,296, 308, 309, -1,296, 309, 297, -1,307, 308, 296, -1,297, 
          309, 310, -1,297, 310, 300, -1,301, 307, 298, -1,299, 300, 311, -1,299, 311, 306, -1,
          300, 310, 312, -1,300, 312, 311, -1,301, 313, 307, -1,302, 313, 301, -1,302, 314, 
          313, -1,303, 314, 302, -1,303, 315, 314, -1,304, 315, 303, -1,304, 316, 315, -1,305, 
          316, 304, -1,305, 317, 316, -1,306, 317, 305, -1,306, 311, 317, -1,307, 318, 308, -1,
          313, 318, 307, -1,308, 319, 320, -1,308, 320, 309, -1,318, 319, 308, -1,309, 320, 
          321, -1,309, 321, 310, -1,310, 321, 322, -1,310, 322, 312, -1,311, 312, 323, -1,311, 
          323, 317, -1,312, 322, 324, -1,312, 324, 323, -1,313, 325, 318, -1,314, 325, 313, -1,
          314, 326, 325, -1,315, 326, 314, -1,315, 327, 326, -1,316, 327, 315, -1,316, 328, 
          327, -1,317, 328, 316, -1,317, 323, 328, -1,318, 329, 319, -1,325, 329, 318, -1,319, 
          330, 331, -1,319, 331, 320, -1,329, 330, 319, -1,320, 331, 332, -1,320, 332, 321, -1,
          321, 332, 333, -1,321, 333, 322, -1,322, 333, 334, -1,322, 334, 324, -1,323, 324, 
          335, -1,323, 335, 328, -1,324, 334, 336, -1,324, 336, 335, -1,325, 337, 329, -1,326, 
          337, 325, -1,326, 338, 337, -1,327, 338, 326, -1,327, 339, 338, -1,328, 339, 327, -1,
          328, 335, 339, -1,329, 340, 330, -1,337, 340, 329, -1,330, 341, 342, -1,330, 342, 
          331, -1,340, 341, 330, -1,331, 342, 343, -1,331, 343, 332, -1,332, 343, 344, -1,332, 
          344, 333, -1,333, 344, 345, -1,333, 345, 334, -1,334, 345, 346, -1,334, 346, 336, -1,
          335, 336, 347, -1,335, 347, 339, -1,336, 346, 348, -1,336, 348, 347, -1,337, 349, 
          340, -1,338, 349, 337, -1,338, 350, 349, -1,339, 350, 338, -1,339, 347, 350, -1,340, 
          351, 341, -1,349, 351, 340, -1,341, 352, 342, -1,351, 352, 341, -1,342, 352, 343, -1,
          343, 352, 344, -1,344, 352, 345, -1,345, 352, 346, -1,346, 352, 348, -1,347, 348, 
          353, -1,347, 353, 350, -1,348, 352, 353, -1,349, 354, 351, -1,350, 354, 349, -1,350, 
          353, 354, -1,354, 352, 351, -1,353, 352, 354, -1,355, 356, 357, -1,355, 358, 359, -1,
          355, 359, 356, -1,360, 355, 357, -1,360, 358, 355, -1,356, 361, 357, -1,356, 359, 
          362, -1,356, 362, 361, -1,363, 360, 357, -1,364, 363, 357, -1,365, 364, 357, -1,366, 
          365, 357, -1,367, 366, 357, -1,368, 367, 357, -1,361, 368, 357, -1,360, 369, 358, -1,
          358, 370, 371, -1,358, 371, 359, -1,369, 370, 358, -1,359, 371, 372, -1,359, 372, 
          362, -1,363, 369, 360, -1,361, 362, 373, -1,361, 373, 368, -1,362, 372, 374, -1,362, 
          374, 373, -1,363, 375, 369, -1,364, 375, 363, -1,364, 376, 375, -1,365, 376, 364, -1,
          365, 377, 376, -1,366, 377, 365, -1,366, 378, 377, -1,367, 378, 366, -1,367, 379, 
          378, -1,368, 379, 367, -1,368, 373, 379, -1,369, 380, 370, -1,375, 380, 369, -1,370, 
          381, 382, -1,370, 382, 371, -1,380, 381, 370, -1,371, 382, 383, -1,371, 383, 372, -1,
          372, 383, 384, -1,372, 384, 374, -1,373, 374, 385, -1,373, 385, 379, -1,374, 384, 
          386, -1,374, 386, 385, -1,375, 387, 380, -1,376, 387, 375, -1,376, 388, 387, -1,377, 
          388, 376, -1,377, 389, 388, -1,378, 389, 377, -1,378, 390, 389, -1,379, 390, 378, -1,
          379, 385, 390, -1,380, 391, 381, -1,387, 391, 380, -1,381, 392, 393, -1,381, 393, 
          382, -1,391, 392, 381, -1,382, 393, 394, -1,382, 394, 383, -1,383, 394, 395, -1,383, 
          395, 384, -1,384, 395, 396, -1,384, 396, 386, -1,385, 386, 397, -1,385, 397, 390, -1,
          386, 396, 398, -1,386, 398, 397, -1,387, 399, 391, -1,388, 399, 387, -1,388, 400, 
          399, -1,389, 400, 388, -1,389, 401, 400, -1,390, 401, 389, -1,390, 397, 401, -1,391, 
          402, 392, -1,399, 402, 391, -1,392, 403, 404, -1,392, 404, 393, -1,402, 403, 392, -1,
          393, 404, 405, -1,393, 405, 394, -1,394, 405, 406, -1,394, 406, 395, -1,395, 406, 
          407, -1,395, 407, 396, -1,396, 407, 408, -1,396, 408, 398, -1,397, 398, 409, -1,397, 
          409, 401, -1,398, 408, 410, -1,398, 410, 409, -1,399, 411, 402, -1,400, 411, 399, -1,
          400, 412, 411, -1,401, 412, 400, -1,401, 409, 412, -1,402, 413, 403, -1,411, 413, 
          402, -1,403, 414, 404, -1,413, 414, 403, -1,404, 414, 405, -1,405, 414, 406, -1,406, 
          414, 407, -1,407, 414, 408, -1,408, 414, 410, -1,409, 410, 415, -1,409, 415, 412, -1,
          410, 414, 415, -1,411, 416, 413, -1,412, 416, 411, -1,412, 415, 416, -1,416, 414, 
          413, -1,415, 414, 416, -1,417, 418, 419, -1,417, 420, 421, -1,417, 421, 418, -1,422, 
          417, 419, -1,422, 420, 417, -1,418, 423, 419, -1,418, 421, 424, -1,418, 424, 423, -1,
          425, 422, 419, -1,426, 425, 419, -1,427, 426, 419, -1,428, 427, 419, -1,429, 428, 
          419, -1,430, 429, 419, -1,423, 430, 419, -1,422, 431, 420, -1,420, 432, 433, -1,420, 
          433, 421, -1,431, 432, 420, -1,421, 433, 434, -1,421, 434, 424, -1,425, 431, 422, -1,
          423, 424, 435, -1,423, 435, 430, -1,424, 434, 436, -1,424, 436, 435, -1,425, 437, 
          431, -1,426, 437, 425, -1,426, 438, 437, -1,427, 438, 426, -1,427, 439, 438, -1,428, 
          439, 427, -1,428, 440, 439, -1,429, 440, 428, -1,429, 441, 440, -1,430, 441, 429, -1,
          430, 435, 441, -1,431, 442, 432, -1,437, 442, 431, -1,432, 443, 444, -1,432, 444, 
          433, -1,442, 443, 432, -1,433, 444, 445, -1,433, 445, 434, -1,434, 445, 446, -1,434, 
          446, 436, -1,435, 436, 447, -1,435, 447, 441, -1,436, 446, 448, -1,436, 448, 447, -1,
          437, 449, 442, -1,438, 449, 437, -1,438, 450, 449, -1,439, 450, 438, -1,439, 451, 
          450, -1,440, 451, 439, -1,440, 452, 451, -1,441, 452, 440, -1,441, 447, 452, -1,442, 
          453, 443, -1,449, 453, 442, -1,443, 454, 455, -1,443, 455, 444, -1,453, 454, 443, -1,
          444, 455, 456, -1,444, 456, 445, -1,445, 456, 457, -1,445, 457, 446, -1,446, 457, 
          458, -1,446, 458, 448, -1,447, 448, 459, -1,447, 459, 452, -1,448, 458, 460, -1,448, 
          460, 459, -1,449, 461, 453, -1,450, 461, 449, -1,450, 462, 461, -1,451, 462, 450, -1,
          451, 463, 462, -1,452, 463, 451, -1,452, 459, 463, -1,453, 464, 454, -1,461, 464, 
          453, -1,454, 465, 466, -1,454, 466, 455, -1,464, 465, 454, -1,455, 466, 467, -1,455, 
          467, 456, -1,456, 467, 468, -1,456, 468, 457, -1,457, 468, 469, -1,457, 469, 458, -1,
          458, 469, 470, -1,458, 470, 460, -1,459, 460, 471, -1,459, 471, 463, -1,460, 470, 
          472, -1,460, 472, 471, -1,461, 473, 464, -1,462, 473, 461, -1,462, 474, 473, -1,463, 
          474, 462, -1,463, 471, 474, -1,464, 475, 465, -1,473, 475, 464, -1,465, 476, 477, -1,
          465, 477, 466, -1,475, 476, 465, -1,466, 477, 478, -1,466, 478, 467, -1,467, 478, 
          479, -1,467, 479, 468, -1,468, 479, 480, -1,468, 480, 469, -1,469, 480, 481, -1,469, 
          481, 470, -1,470, 481, 482, -1,470, 482, 472, -1,471, 472, 483, -1,471, 483, 474, -1,
          472, 482, 484, -1,472, 484, 483, -1,473, 485, 475, -1,474, 485, 473, -1,474, 483, 
          485, -1,475, 486, 476, -1,485, 486, 475, -1,476, 487, 477, -1,486, 487, 476, -1,477, 
          487, 478, -1,478, 487, 479, -1,479, 487, 480, -1,480, 487, 481, -1,481, 487, 482, -1,
          482, 487, 484, -1,483, 484, 488, -1,483, 488, 485, -1,484, 487, 488, -1,485, 488, 
          486, -1,488, 487, 486, -1,489, 490, 491, -1,489, 492, 493, -1,489, 493, 490, -1,494, 
          489, 491, -1,494, 492, 489, -1,490, 495, 491, -1,490, 493, 496, -1,490, 496, 495, -1,
          497, 494, 491, -1,498, 497, 491, -1,499, 498, 491, -1,500, 499, 491, -1,501, 500, 
          491, -1,502, 501, 491, -1,495, 502, 491, -1,494, 503, 492, -1,492, 504, 505, -1,492, 
          505, 493, -1,503, 504, 492, -1,493, 505, 506, -1,493, 506, 496, -1,497, 503, 494, -1,
          495, 496, 507, -1,495, 507, 502, -1,496, 506, 508, -1,496, 508, 507, -1,497, 509, 
          503, -1,498, 509, 497, -1,498, 510, 509, -1,499, 510, 498, -1,499, 511, 510, -1,500, 
          511, 499, -1,500, 512, 511, -1,501, 512, 500, -1,501, 513, 512, -1,502, 513, 501, -1,
          502, 507, 513, -1,503, 514, 504, -1,509, 514, 503, -1,504, 515, 516, -1,504, 516, 
          505, -1,514, 515, 504, -1,505, 516, 517, -1,505, 517, 506, -1,506, 517, 518, -1,506, 
          518, 508, -1,507, 508, 519, -1,507, 519, 513, -1,508, 518, 520, -1,508, 520, 519, -1,
          509, 521, 514, -1,510, 521, 509, -1,510, 522, 521, -1,511, 522, 510, -1,511, 523, 
          522, -1,512, 523, 511, -1,512, 524, 523, -1,513, 524, 512, -1,513, 519, 524, -1,514, 
          525, 515, -1,521, 525, 514, -1,515, 526, 527, -1,515, 527, 516, -1,525, 526, 515, -1,
          516, 527, 528, -1,516, 528, 517, -1,517, 528, 529, -1,517, 529, 518, -1,518, 529, 
          530, -1,518, 530, 520, -1,519, 520, 531, -1,519, 531, 524, -1,520, 530, 532, -1,520, 
          532, 531, -1,521, 533, 525, -1,522, 533, 521, -1,522, 534, 533, -1,523, 534, 522, -1,
          523, 535, 534, -1,524, 535, 523, -1,524, 531, 535, -1,525, 536, 526, -1,533, 536, 
          525, -1,526, 537, 538, -1,526, 538, 527, -1,536, 537, 526, -1,527, 538, 539, -1,527, 
          539, 528, -1,528, 539, 540, -1,528, 540, 529, -1,529, 540, 541, -1,529, 541, 530, -1,
          530, 541, 542, -1,530, 542, 532, -1,531, 532, 543, -1,531, 543, 535, -1,532, 542, 
          544, -1,532, 544, 543, -1,533, 545, 536, -1,534, 545, 533, -1,534, 546, 545, -1,535, 
          546, 534, -1,535, 543, 546, -1,536, 547, 537, -1,545, 547, 536, -1,537, 548, 549, -1,
          537, 549, 538, -1,547, 548, 537, -1,538, 549, 550, -1,538, 550, 539, -1,539, 550, 
          551, -1,539, 551, 540, -1,540, 551, 552, -1,540, 552, 541, -1,541, 552, 553, -1,541, 
          553, 542, -1,542, 553, 554, -1,542, 554, 544, -1,543, 544, 555, -1,543, 555, 546, -1,
          544, 554, 556, -1,544, 556, 555, -1,545, 557, 547, -1,546, 557, 545, -1,546, 555, 
          557, -1,547, 558, 548, -1,557, 558, 547, -1,548, 559, 549, -1,558, 559, 548, -1,549, 
          559, 550, -1,550, 559, 551, -1,551, 559, 552, -1,552, 559, 553, -1,553, 559, 554, -1,
          554, 559, 556, -1,555, 556, 560, -1,555, 560, 557, -1,556, 559, 560, -1,557, 560, 
          558, -1,560, 559, 558, -1,561, 562, 563, -1,561, 564, 565, -1,561, 565, 562, -1,566, 
          561, 563, -1,566, 564, 561, -1,562, 567, 563, -1,562, 565, 568, -1,562, 568, 567, -1,
          569, 566, 563, -1,570, 569, 563, -1,571, 570, 563, -1,572, 571, 563, -1,573, 572, 
          563, -1,574, 573, 563, -1,567, 574, 563, -1,566, 575, 564, -1,564, 576, 577, -1,564, 
          577, 565, -1,575, 576, 564, -1,565, 577, 578, -1,565, 578, 568, -1,569, 575, 566, -1,
          567, 568, 579, -1,567, 579, 574, -1,568, 578, 580, -1,568, 580, 579, -1,569, 581, 
          575, -1,570, 581, 569, -1,570, 582, 581, -1,571, 582, 570, -1,571, 583, 582, -1,572, 
          583, 571, -1,572, 584, 583, -1,573, 584, 572, -1,573, 585, 584, -1,574, 585, 573, -1,
          574, 579, 585, -1,575, 586, 576, -1,581, 586, 575, -1,576, 587, 588, -1,576, 588, 
          577, -1,586, 587, 576, -1,577, 588, 589, -1,577, 589, 578, -1,578, 589, 590, -1,578, 
          590, 580, -1,579, 580, 591, -1,579, 591, 585, -1,580, 590, 592, -1,580, 592, 591, -1,
          581, 593, 586, -1,582, 593, 581, -1,582, 594, 593, -1,583, 594, 582, -1,583, 595, 
          594, -1,584, 595, 583, -1,584, 596, 595, -1,585, 596, 584, -1,585, 591, 596, -1,586, 
          597, 587, -1,593, 597, 586, -1,587, 598, 599, -1,587, 599, 588, -1,597, 598, 587, -1,
          588, 599, 600, -1,588, 600, 589, -1,589, 600, 601, -1,589, 601, 590, -1,590, 601, 
          602, -1,590, 602, 592, -1,591, 592, 603, -1,591, 603, 596, -1,592, 602, 604, -1,592, 
          604, 603, -1,593, 605, 597, -1,594, 605, 593, -1,594, 606, 605, -1,595, 606, 594, -1,
          595, 607, 606, -1,596, 607, 595, -1,596, 603, 607, -1,597, 608, 598, -1,605, 608, 
          597, -1,598, 609, 610, -1,598, 610, 599, -1,608, 609, 598, -1,599, 610, 611, -1,599, 
          611, 600, -1,600, 611, 612, -1,600, 612, 601, -1,601, 612, 613, -1,601, 613, 602, -1,
          602, 613, 614, -1,602, 614, 604, -1,603, 604, 615, -1,603, 615, 607, -1,604, 614, 
          616, -1,604, 616, 615, -1,605, 617, 608, -1,606, 617, 605, -1,606, 618, 617, -1,607, 
          618, 606, -1,607, 615, 618, -1,608, 619, 609, -1,617, 619, 608, -1,609, 620, 621, -1,
          609, 621, 610, -1,619, 620, 609, -1,610, 621, 622, -1,610, 622, 611, -1,611, 622, 
          623, -1,611, 623, 612, -1,612, 623, 624, -1,612, 624, 613, -1,613, 624, 625, -1,613, 
          625, 614, -1,614, 625, 626, -1,614, 626, 616, -1,615, 616, 627, -1,615, 627, 618, -1,
          616, 626, 628, -1,616, 628, 627, -1,617, 629, 619, -1,618, 629, 617, -1,618, 627, 
          629, -1,619, 630, 620, -1,629, 630, 619, -1,620, 631, 621, -1,630, 631, 620, -1,621, 
          631, 622, -1,622, 631, 623, -1,623, 631, 624, -1,624, 631, 625, -1,625, 631, 626, -1,
          626, 631, 628, -1,627, 628, 632, -1,627, 632, 629, -1,628, 631, 632, -1,629, 632, 
          630, -1,632, 631, 630, -1,633, 634, 635, -1,633, 636, 637, -1,633, 637, 634, -1,638, 
          633, 635, -1,638, 636, 633, -1,634, 639, 635, -1,634, 637, 640, -1,634, 640, 639, -1,
          641, 638, 635, -1,642, 641, 635, -1,643, 642, 635, -1,644, 643, 635, -1,645, 644, 
          635, -1,646, 645, 635, -1,639, 646, 635, -1,638, 647, 636, -1,636, 648, 649, -1,636, 
          649, 637, -1,647, 648, 636, -1,637, 649, 650, -1,637, 650, 640, -1,641, 647, 638, -1,
          639, 640, 651, -1,639, 651, 646, -1,640, 650, 652, -1,640, 652, 651, -1,641, 653, 
          647, -1,642, 653, 641, -1,642, 654, 653, -1,643, 654, 642, -1,643, 655, 654, -1,644, 
          655, 643, -1,644, 656, 655, -1,645, 656, 644, -1,645, 657, 656, -1,646, 657, 645, -1,
          646, 651, 657, -1,647, 658, 648, -1,653, 658, 647, -1,648, 659, 660, -1,648, 660, 
          649, -1,658, 659, 648, -1,649, 660, 661, -1,649, 661, 650, -1,650, 661, 662, -1,650, 
          662, 652, -1,651, 652, 663, -1,651, 663, 657, -1,652, 662, 664, -1,652, 664, 663, -1,
          653, 665, 658, -1,654, 665, 653, -1,654, 666, 665, -1,655, 666, 654, -1,655, 667, 
          666, -1,656, 667, 655, -1,656, 668, 667, -1,657, 668, 656, -1,657, 663, 668, -1,658, 
          669, 659, -1,665, 669, 658, -1,659, 670, 671, -1,659, 671, 660, -1,669, 670, 659, -1,
          660, 671, 672, -1,660, 672, 661, -1,661, 672, 673, -1,661, 673, 662, -1,662, 673, 
          674, -1,662, 674, 664, -1,663, 664, 675, -1,663, 675, 668, -1,664, 674, 676, -1,664, 
          676, 675, -1,665, 677, 669, -1,666, 677, 665, -1,666, 678, 677, -1,667, 678, 666, -1,
          667, 679, 678, -1,668, 679, 667, -1,668, 675, 679, -1,669, 680, 670, -1,677, 680, 
          669, -1,670, 681, 682, -1,670, 682, 671, -1,680, 681, 670, -1,671, 682, 683, -1,671, 
          683, 672, -1,672, 683, 684, -1,672, 684, 673, -1,673, 684, 685, -1,673, 685, 674, -1,
          674, 685, 686, -1,674, 686, 676, -1,675, 676, 687, -1,675, 687, 679, -1,676, 686, 
          688, -1,676, 688, 687, -1,677, 689, 680, -1,678, 689, 677, -1,678, 690, 689, -1,679, 
          690, 678, -1,679, 687, 690, -1,680, 691, 681, -1,689, 691, 680, -1,681, 692, 693, -1,
          681, 693, 682, -1,691, 692, 681, -1,682, 693, 694, -1,682, 694, 683, -1,683, 694, 
          695, -1,683, 695, 684, -1,684, 695, 696, -1,684, 696, 685, -1,685, 696, 697, -1,685, 
          697, 686, -1,686, 697, 698, -1,686, 698, 688, -1,687, 688, 699, -1,687, 699, 690, -1,
          688, 698, 700, -1,688, 700, 699, -1,689, 701, 691, -1,690, 701, 689, -1,690, 699, 
          701, -1,691, 702, 692, -1,701, 702, 691, -1,692, 703, 693, -1,702, 703, 692, -1,693, 
          703, 694, -1,694, 703, 695, -1,695, 703, 696, -1,696, 703, 697, -1,697, 703, 698, -1,
          698, 703, 700, -1,699, 700, 704, -1,699, 704, 701, -1,700, 703, 704, -1,701, 704, 
          702, -1,704, 703, 702, -1,705, 706, 707, -1,705, 708, 709, -1,705, 709, 706, -1,710, 
          705, 707, -1,710, 708, 705, -1,706, 711, 707, -1,706, 709, 712, -1,706, 712, 711, -1,
          713, 710, 707, -1,714, 713, 707, -1,715, 714, 707, -1,716, 715, 707, -1,717, 716, 
          707, -1,718, 717, 707, -1,711, 718, 707, -1,710, 719, 708, -1,708, 720, 721, -1,708, 
          721, 709, -1,719, 720, 708, -1,709, 721, 722, -1,709, 722, 712, -1,713, 719, 710, -1,
          711, 712, 723, -1,711, 723, 718, -1,712, 722, 724, -1,712, 724, 723, -1,713, 725, 
          719, -1,714, 725, 713, -1,714, 726, 725, -1,715, 726, 714, -1,715, 727, 726, -1,716, 
          727, 715, -1,716, 728, 727, -1,717, 728, 716, -1,717, 729, 728, -1,718, 729, 717, -1,
          718, 723, 729, -1,719, 730, 720, -1,725, 730, 719, -1,720, 731, 732, -1,720, 732, 
          721, -1,730, 731, 720, -1,721, 732, 733, -1,721, 733, 722, -1,722, 733, 734, -1,722, 
          734, 724, -1,723, 724, 735, -1,723, 735, 729, -1,724, 734, 736, -1,724, 736, 735, -1,
          725, 737, 730, -1,726, 737, 725, -1,726, 738, 737, -1,727, 738, 726, -1,727, 739, 
          738, -1,728, 739, 727, -1,728, 740, 739, -1,729, 740, 728, -1,729, 735, 740, -1,730, 
          741, 731, -1,737, 741, 730, -1,731, 742, 743, -1,731, 743, 732, -1,741, 742, 731, -1,
          732, 743, 744, -1,732, 744, 733, -1,733, 744, 745, -1,733, 745, 734, -1,734, 745, 
          746, -1,734, 746, 736, -1,735, 736, 747, -1,735, 747, 740, -1,736, 746, 748, -1,736, 
          748, 747, -1,737, 749, 741, -1,738, 749, 737, -1,738, 750, 749, -1,739, 750, 738, -1,
          739, 751, 750, -1,740, 751, 739, -1,740, 747, 751, -1,741, 752, 742, -1,749, 752, 
          741, -1,742, 753, 754, -1,742, 754, 743, -1,752, 753, 742, -1,743, 754, 755, -1,743, 
          755, 744, -1,744, 755, 756, -1,744, 756, 745, -1,745, 756, 757, -1,745, 757, 746, -1,
          746, 757, 758, -1,746, 758, 748, -1,747, 748, 759, -1,747, 759, 751, -1,748, 758, 
          760, -1,748, 760, 759, -1,749, 761, 752, -1,750, 761, 749, -1,750, 762, 761, -1,751, 
          762, 750, -1,751, 759, 762, -1,752, 763, 753, -1,761, 763, 752, -1,753, 764, 765, -1,
          753, 765, 754, -1,763, 764, 753, -1,754, 765, 766, -1,754, 766, 755, -1,755, 766, 
          767, -1,755, 767, 756, -1,756, 767, 768, -1,756, 768, 757, -1,757, 768, 769, -1,757, 
          769, 758, -1,758, 769, 770, -1,758, 770, 760, -1,759, 760, 771, -1,759, 771, 762, -1,
          760, 770, 772, -1,760, 772, 771, -1,761, 773, 763, -1,762, 773, 761, -1,762, 771, 
          773, -1,763, 774, 764, -1,773, 774, 763, -1,764, 775, 765, -1,774, 775, 764, -1,765, 
          775, 766, -1,766, 775, 767, -1,767, 775, 768, -1,768, 775, 769, -1,769, 775, 770, -1,
          770, 775, 772, -1,771, 772, 776, -1,771, 776, 773, -1,772, 775, 776, -1,773, 776, 
          774, -1,776, 775, 774, -1,777, 778, 779, -1,777, 780, 781, -1,777, 781, 778, -1,782, 
          777, 779, -1,782, 780, 777, -1,778, 783, 779, -1,778, 781, 784, -1,778, 784, 783, -1,
          785, 782, 779, -1,786, 785, 779, -1,787, 786, 779, -1,788, 787, 779, -1,789, 788, 
          779, -1,790, 789, 779, -1,783, 790, 779, -1,782, 791, 780, -1,780, 792, 793, -1,780, 
          793, 781, -1,791, 792, 780, -1,781, 793, 794, -1,781, 794, 784, -1,785, 791, 782, -1,
          783, 784, 795, -1,783, 795, 790, -1,784, 794, 796, -1,784, 796, 795, -1,785, 797, 
          791, -1,786, 797, 785, -1,786, 798, 797, -1,787, 798, 786, -1,787, 799, 798, -1,788, 
          799, 787, -1,788, 800, 799, -1,789, 800, 788, -1,789, 801, 800, -1,790, 801, 789, -1,
          790, 795, 801, -1,791, 802, 792, -1,797, 802, 791, -1,792, 803, 804, -1,792, 804, 
          793, -1,802, 803, 792, -1,793, 804, 805, -1,793, 805, 794, -1,794, 805, 806, -1,794, 
          806, 796, -1,795, 796, 807, -1,795, 807, 801, -1,796, 806, 808, -1,796, 808, 807, -1,
          797, 809, 802, -1,798, 809, 797, -1,798, 810, 809, -1,799, 810, 798, -1,799, 811, 
          810, -1,800, 811, 799, -1,800, 812, 811, -1,801, 812, 800, -1,801, 807, 812, -1,802, 
          813, 803, -1,809, 813, 802, -1,803, 814, 815, -1,803, 815, 804, -1,813, 814, 803, -1,
          804, 815, 816, -1,804, 816, 805, -1,805, 816, 817, -1,805, 817, 806, -1,806, 817, 
          818, -1,806, 818, 808, -1,807, 808, 819, -1,807, 819, 812, -1,808, 818, 820, -1,808, 
          820, 819, -1,809, 821, 813, -1,810, 821, 809, -1,810, 822, 821, -1,811, 822, 810, -1,
          811, 823, 822, -1,812, 823, 811, -1,812, 819, 823, -1,813, 824, 814, -1,821, 824, 
          813, -1,814, 825, 826, -1,814, 826, 815, -1,824, 825, 814, -1,815, 826, 827, -1,815, 
          827, 816, -1,816, 827, 828, -1,816, 828, 817, -1,817, 828, 829, -1,817, 829, 818, -1,
          818, 829, 830, -1,818, 830, 820, -1,819, 820, 831, -1,819, 831, 823, -1,820, 830, 
          832, -1,820, 832, 831, -1,821, 833, 824, -1,822, 833, 821, -1,822, 834, 833, -1,823, 
          834, 822, -1,823, 831, 834, -1,824, 835, 825, -1,833, 835, 824, -1,825, 836, 837, -1,
          825, 837, 826, -1,835, 836, 825, -1,826, 837, 838, -1,826, 838, 827, -1,827, 838, 
          839, -1,827, 839, 828, -1,828, 839, 840, -1,828, 840, 829, -1,829, 840, 841, -1,829, 
          841, 830, -1,830, 841, 842, -1,830, 842, 832, -1,831, 832, 843, -1,831, 843, 834, -1,
          832, 842, 844, -1,832, 844, 843, -1,833, 845, 835, -1,834, 845, 833, -1,834, 843, 
          845, -1,835, 846, 836, -1,845, 846, 835, -1,836, 847, 837, -1,846, 847, 836, -1,837, 
          847, 838, -1,838, 847, 839, -1,839, 847, 840, -1,840, 847, 841, -1,841, 847, 842, -1,
          842, 847, 844, -1,843, 844, 848, -1,843, 848, 845, -1,844, 847, 848, -1,845, 848, 
          846, -1,848, 847, 846, -1,849, 850, 851, -1,849, 852, 853, -1,849, 853, 850, -1,854, 
          849, 851, -1,854, 852, 849, -1,850, 855, 851, -1,850, 853, 856, -1,850, 856, 855, -1,
          857, 854, 851, -1,858, 857, 851, -1,859, 858, 851, -1,860, 859, 851, -1,861, 860, 
          851, -1,862, 861, 851, -1,855, 862, 851, -1,854, 863, 852, -1,852, 864, 865, -1,852, 
          865, 853, -1,863, 864, 852, -1,853, 865, 866, -1,853, 866, 856, -1,857, 863, 854, -1,
          855, 856, 867, -1,855, 867, 862, -1,856, 866, 868, -1,856, 868, 867, -1,857, 869, 
          863, -1,858, 869, 857, -1,858, 870, 869, -1,859, 870, 858, -1,859, 871, 870, -1,860, 
          871, 859, -1,860, 872, 871, -1,861, 872, 860, -1,861, 873, 872, -1,862, 873, 861, -1,
          862, 867, 873, -1,863, 874, 864, -1,869, 874, 863, -1,864, 875, 876, -1,864, 876, 
          865, -1,874, 875, 864, -1,865, 876, 877, -1,865, 877, 866, -1,866, 877, 878, -1,866, 
          878, 868, -1,867, 868, 879, -1,867, 879, 873, -1,868, 878, 880, -1,868, 880, 879, -1,
          869, 881, 874, -1,870, 881, 869, -1,870, 882, 881, -1,871, 882, 870, -1,871, 883, 
          882, -1,872, 883, 871, -1,872, 884, 883, -1,873, 884, 872, -1,873, 879, 884, -1,874, 
          885, 875, -1,881, 885, 874, -1,875, 886, 887, -1,875, 887, 876, -1,885, 886, 875, -1,
          876, 887, 888, -1,876, 888, 877, -1,877, 888, 889, -1,877, 889, 878, -1,878, 889, 
          890, -1,878, 890, 880, -1,879, 880, 891, -1,879, 891, 884, -1,880, 890, 892, -1,880, 
          892, 891, -1,881, 893, 885, -1,882, 893, 881, -1,882, 894, 893, -1,883, 894, 882, -1,
          883, 895, 894, -1,884, 895, 883, -1,884, 891, 895, -1,885, 896, 886, -1,893, 896, 
          885, -1,886, 897, 898, -1,886, 898, 887, -1,896, 897, 886, -1,887, 898, 899, -1,887, 
          899, 888, -1,888, 899, 900, -1,888, 900, 889, -1,889, 900, 901, -1,889, 901, 890, -1,
          890, 901, 902, -1,890, 902, 892, -1,891, 892, 903, -1,891, 903, 895, -1,892, 902, 
          904, -1,892, 904, 903, -1,893, 905, 896, -1,894, 905, 893, -1,894, 906, 905, -1,895, 
          906, 894, -1,895, 903, 906, -1,896, 907, 897, -1,905, 907, 896, -1,897, 908, 909, -1,
          897, 909, 898, -1,907, 908, 897, -1,898, 909, 910, -1,898, 910, 899, -1,899, 910, 
          911, -1,899, 911, 900, -1,900, 911, 912, -1,900, 912, 901, -1,901, 912, 913, -1,901, 
          913, 902, -1,902, 913, 914, -1,902, 914, 904, -1,903, 904, 915, -1,903, 915, 906, -1,
          904, 914, 916, -1,904, 916, 915, -1,905, 917, 907, -1,906, 917, 905, -1,906, 915, 
          917, -1,907, 918, 908, -1,917, 918, 907, -1,908, 919, 909, -1,918, 919, 908, -1,909, 
          919, 910, -1,910, 919, 911, -1,911, 919, 912, -1,912, 919, 913, -1,913, 919, 914, -1,
          914, 919, 916, -1,915, 916, 920, -1,915, 920, 917, -1,916, 919, 920, -1,917, 920, 
          918, -1,920, 919, 918, -1,921, 922, 923, -1,921, 924, 925, -1,921, 925, 922, -1,926, 
          921, 923, -1,926, 924, 921, -1,922, 927, 923, -1,922, 925, 928, -1,922, 928, 927, -1,
          929, 926, 923, -1,930, 929, 923, -1,931, 930, 923, -1,932, 931, 923, -1,933, 932, 
          923, -1,934, 933, 923, -1,927, 934, 923, -1,926, 935, 924, -1,924, 936, 937, -1,924, 
          937, 925, -1,935, 936, 924, -1,925, 937, 938, -1,925, 938, 928, -1,929, 935, 926, -1,
          927, 928, 939, -1,927, 939, 934, -1,928, 938, 940, -1,928, 940, 939, -1,929, 941, 
          935, -1,930, 941, 929, -1,930, 942, 941, -1,931, 942, 930, -1,931, 943, 942, -1,932, 
          943, 931, -1,932, 944, 943, -1,933, 944, 932, -1,933, 945, 944, -1,934, 945, 933, -1,
          934, 939, 945, -1,935, 946, 936, -1,941, 946, 935, -1,936, 947, 948, -1,936, 948, 
          937, -1,946, 947, 936, -1,937, 948, 949, -1,937, 949, 938, -1,938, 949, 950, -1,938, 
          950, 940, -1,939, 940, 951, -1,939, 951, 945, -1,940, 950, 952, -1,940, 952, 951, -1,
          941, 953, 946, -1,942, 953, 941, -1,942, 954, 953, -1,943, 954, 942, -1,943, 955, 
          954, -1,944, 955, 943, -1,944, 956, 955, -1,945, 956, 944, -1,945, 951, 956, -1,946, 
          957, 947, -1,953, 957, 946, -1,947, 958, 959, -1,947, 959, 948, -1,957, 958, 947, -1,
          948, 959, 960, -1,948, 960, 949, -1,949, 960, 961, -1,949, 961, 950, -1,950, 961, 
          962, -1,950, 962, 952, -1,951, 952, 963, -1,951, 963, 956, -1,952, 962, 964, -1,952, 
          964, 963, -1,953, 965, 957, -1,954, 965, 953, -1,954, 966, 965, -1,955, 966, 954, -1,
          955, 967, 966, -1,956, 967, 955, -1,956, 963, 967, -1,957, 968, 958, -1,965, 968, 
          957, -1,958, 969, 970, -1,958, 970, 959, -1,968, 969, 958, -1,959, 970, 971, -1,959, 
          971, 960, -1,960, 971, 972, -1,960, 972, 961, -1,961, 972, 973, -1,961, 973, 962, -1,
          962, 973, 974, -1,962, 974, 964, -1,963, 964, 975, -1,963, 975, 967, -1,964, 974, 
          976, -1,964, 976, 975, -1,965, 977, 968, -1,966, 977, 965, -1,966, 978, 977, -1,967, 
          978, 966, -1,967, 975, 978, -1,968, 979, 969, -1,977, 979, 968, -1,969, 980, 981, -1,
          969, 981, 970, -1,979, 980, 969, -1,970, 981, 982, -1,970, 982, 971, -1,971, 982, 
          983, -1,971, 983, 972, -1,972, 983, 984, -1,972, 984, 973, -1,973, 984, 985, -1,973, 
          985, 974, -1,974, 985, 986, -1,974, 986, 976, -1,975, 976, 987, -1,975, 987, 978, -1,
          976, 986, 988, -1,976, 988, 987, -1,977, 989, 979, -1,978, 989, 977, -1,978, 987, 
          989, -1,979, 990, 980, -1,989, 990, 979, -1,980, 991, 981, -1,990, 991, 980, -1,981, 
          991, 982, -1,982, 991, 983, -1,983, 991, 984, -1,984, 991, 985, -1,985, 991, 986, -1,
          986, 991, 988, -1,987, 988, 992, -1,987, 992, 989, -1,988, 991, 992, -1,989, 992, 
          990, -1,992, 991, 990, -1,993, 994, 995, -1,993, 996, 997, -1,993, 997, 994, -1,998, 
          993, 995, -1,998, 996, 993, -1,994, 999, 995, -1,994, 997, 1000, -1,994, 1000, 999, -1,
          1001, 998, 995, -1,1002, 1001, 995, -1,1003, 1002, 995, -1,1004, 1003, 995, -1,1005, 
          1004, 995, -1,1006, 1005, 995, -1,999, 1006, 995, -1,998, 1007, 996, -1,996, 1008, 
          1009, -1,996, 1009, 997, -1,1007, 1008, 996, -1,997, 1009, 1010, -1,997, 1010, 1000, -1,
          1001, 1007, 998, -1,999, 1000, 1011, -1,999, 1011, 1006, -1,1000, 1010, 1012, -1,
          1000, 1012, 1011, -1,1001, 1013, 1007, -1,1002, 1013, 1001, -1,1002, 1014, 1013, -1,
          1003, 1014, 1002, -1,1003, 1015, 1014, -1,1004, 1015, 1003, -1,1004, 1016, 1015, -1,
          1005, 1016, 1004, -1,1005, 1017, 1016, -1,1006, 1017, 1005, -1,1006, 1011, 1017, -1,
          1007, 1018, 1008, -1,1013, 1018, 1007, -1,1008, 1019, 1020, -1,1008, 1020, 1009, -1,
          1018, 1019, 1008, -1,1009, 1020, 1021, -1,1009, 1021, 1010, -1,1010, 1021, 1022, -1,
          1010, 1022, 1012, -1,1011, 1012, 1023, -1,1011, 1023, 1017, -1,1012, 1022, 1024, -1,
          1012, 1024, 1023, -1,1013, 1025, 1018, -1,1014, 1025, 1013, -1,1014, 1026, 1025, -1,
          1015, 1026, 1014, -1,1015, 1027, 1026, -1,1016, 1027, 1015, -1,1016, 1028, 1027, -1,
          1017, 1028, 1016, -1,1017, 1023, 1028, -1,1018, 1029, 1019, -1,1025, 1029, 1018, -1,
          1019, 1030, 1031, -1,1019, 1031, 1020, -1,1029, 1030, 1019, -1,1020, 1031, 1032, -1,
          1020, 1032, 1021, -1,1021, 1032, 1033, -1,1021, 1033, 1022, -1,1022, 1033, 1034, -1,
          1022, 1034, 1024, -1,1023, 1024, 1035, -1,1023, 1035, 1028, -1,1024, 1034, 1036, -1,
          1024, 1036, 1035, -1,1025, 1037, 1029, -1,1026, 1037, 1025, -1,1026, 1038, 1037, -1,
          1027, 1038, 1026, -1,1027, 1039, 1038, -1,1028, 1039, 1027, -1,1028, 1035, 1039, -1,
          1029, 1040, 1030, -1,1037, 1040, 1029, -1,1030, 1041, 1042, -1,1030, 1042, 1031, -1,
          1040, 1041, 1030, -1,1031, 1042, 1043, -1,1031, 1043, 1032, -1,1032, 1043, 1044, -1,
          1032, 1044, 1033, -1,1033, 1044, 1045, -1,1033, 1045, 1034, -1,1034, 1045, 1046, -1,
          1034, 1046, 1036, -1,1035, 1036, 1047, -1,1035, 1047, 1039, -1,1036, 1046, 1048, -1,
          1036, 1048, 1047, -1,1037, 1049, 1040, -1,1038, 1049, 1037, -1,1038, 1050, 1049, -1,
          1039, 1050, 1038, -1,1039, 1047, 1050, -1,1040, 1051, 1041, -1,1049, 1051, 1040, -1,
          1041, 1052, 1053, -1,1041, 1053, 1042, -1,1051, 1052, 1041, -1,1042, 1053, 1054, -1,
          1042, 1054, 1043, -1,1043, 1054, 1055, -1,1043, 1055, 1044, -1,1044, 1055, 1056, -1,
          1044, 1056, 1045, -1,1045, 1056, 1057, -1,1045, 1057, 1046, -1,1046, 1057, 1058, -1,
          1046, 1058, 1048, -1,1047, 1048, 1059, -1,1047, 1059, 1050, -1,1048, 1058, 1060, -1,
          1048, 1060, 1059, -1,1049, 1061, 1051, -1,1050, 1061, 1049, -1,1050, 1059, 1061, -1,
          1051, 1062, 1052, -1,1061, 1062, 1051, -1,1052, 1063, 1053, -1,1062, 1063, 1052, -1,
          1053, 1063, 1054, -1,1054, 1063, 1055, -1,1055, 1063, 1056, -1,1056, 1063, 1057, -1,
          1057, 1063, 1058, -1,1058, 1063, 1060, -1,1059, 1060, 1064, -1,1059, 1064, 1061, -1,
          1060, 1063, 1064, -1,1061, 1064, 1062, -1,1064, 1063, 1062, -1
        ]
        normalPerVertex TRUE
        normalIndex [
          0, 1, 2, -1,0, 3, 4, -1,0, 4, 1, -1,5, 0, 2, -1,5, 3, 0, -1,1, 6, 2, -1,1, 4, 7, -1,
          1, 7, 6, -1,8, 5, 2, -1,9, 8, 2, -1,10, 9, 2, -1,11, 10, 2, -1,12, 11, 2, -1,13, 
          12, 2, -1,6, 13, 2, -1,5, 14, 3, -1,3, 15, 16, -1,3, 16, 4, -1,14, 15, 3, -1,4, 16, 
          17, -1,4, 17, 7, -1,8, 14, 5, -1,6, 7, 18, -1,6, 18, 13, -1,7, 17, 19, -1,7, 19, 
          18, -1,8, 20, 14, -1,9, 20, 8, -1,9, 21, 20, -1,10, 21, 9, -1,10, 22, 21, -1,11, 
          22, 10, -1,11, 23, 22, -1,12, 23, 11, -1,12, 24, 23, -1,13, 24, 12, -1,13, 18, 24, -1,
          14, 25, 15, -1,20, 25, 14, -1,15, 26, 27, -1,15, 27, 16, -1,25, 26, 15, -1,16, 27, 
          28, -1,16, 28, 17, -1,17, 28, 29, -1,17, 29, 19, -1,18, 19, 30, -1,18, 30, 24, -1,
          19, 29, 31, -1,19, 31, 30, -1,20, 32, 25, -1,21, 32, 20, -1,32, 21, 33, -1,33, 21, 
          22, -1,23, 33, 22, -1,23, 34, 33, -1,24, 34, 23, -1,24, 30, 34, -1,25, 35, 26, -1,
          32, 35, 25, -1,26, 36, 37, -1,26, 37, 27, -1,35, 36, 26, -1,27, 37, 38, -1,27, 38, 
          28, -1,28, 38, 39, -1,28, 39, 29, -1,29, 39, 40, -1,29, 40, 31, -1,30, 31, 41, -1,
          30, 41, 34, -1,31, 40, 42, -1,31, 42, 41, -1,32, 43, 35, -1,44, 45, 32, -1,45, 43, 
          32, -1,44, 32, 33, -1,34, 44, 33, -1,34, 41, 44, -1,46, 36, 35, -1,35, 47, 48, -1,
          48, 46, 35, -1,35, 43, 47, -1,36, 46, 49, -1,36, 49, 37, -1,37, 49, 50, -1,37, 50, 
          38, -1,38, 50, 51, -1,38, 51, 39, -1,39, 51, 52, -1,39, 52, 40, -1,40, 52, 53, -1,
          40, 53, 42, -1,41, 42, 54, -1,41, 54, 44, -1,42, 53, 55, -1,42, 55, 54, -1,43, 45, 
          56, -1,47, 43, 56, -1,44, 54, 45, -1,54, 56, 45, -1,46, 57, 49, -1,48, 57, 46, -1,
          47, 57, 48, -1,56, 57, 47, -1,49, 57, 50, -1,50, 57, 51, -1,51, 57, 52, -1,52, 57, 
          53, -1,53, 57, 55, -1,54, 55, 56, -1,55, 57, 56, -1,58, 59, 60, -1,58, 61, 59, -1,
          58, 62, 63, -1,60, 62, 58, -1,64, 61, 58, -1,58, 63, 64, -1,65, 59, 66, -1,67, 59, 
          61, -1,68, 66, 59, -1,60, 59, 65, -1,68, 59, 67, -1,65, 62, 60, -1,69, 70, 61, -1,
          71, 61, 70, -1,72, 61, 71, -1,61, 72, 67, -1,69, 61, 64, -1,63, 62, 73, -1,74, 62, 
          75, -1,65, 75, 62, -1,73, 62, 74, -1,76, 63, 77, -1,63, 73, 77, -1,69, 63, 76, -1,
          64, 63, 69, -1,66, 75, 65, -1,78, 66, 68, -1,66, 79, 75, -1,80, 66, 78, -1,79, 66, 
          80, -1,81, 68, 67, -1,67, 72, 81, -1,82, 83, 68, -1,84, 68, 85, -1,85, 68, 81, -1,
          68, 83, 78, -1,68, 84, 82, -1,86, 70, 69, -1,69, 76, 86, -1,87, 70, 88, -1,88, 70, 
          86, -1,89, 70, 87, -1,70, 89, 71, -1,90, 72, 71, -1,71, 89, 90, -1,81, 72, 85, -1,
          91, 72, 90, -1,92, 72, 91, -1,72, 92, 85, -1,93, 77, 73, -1,94, 73, 74, -1,95, 73, 
          96, -1,96, 73, 94, -1,93, 73, 95, -1,75, 97, 74, -1,74, 97, 94, -1,98, 99, 75, -1,
          75, 99, 97, -1,75, 79, 98, -1,100, 76, 101, -1,76, 77, 102, -1,86, 76, 88, -1,76, 
          102, 101, -1,88, 76, 103, -1,103, 76, 100, -1,104, 102, 77, -1,105, 77, 93, -1,104, 
          77, 105, -1,106, 107, 78, -1,78, 107, 80, -1,78, 83, 106, -1,108, 79, 80, -1,98, 
          79, 109, -1,109, 79, 108, -1,80, 107, 108, -1,82, 84, 110, -1,110, 83, 82, -1,111, 
          83, 112, -1,106, 83, 111, -1,112, 83, 110, -1,113, 84, 114, -1,113, 115, 84, -1,116, 
          84, 85, -1,114, 84, 117, -1,117, 84, 116, -1,84, 115, 110, -1,85, 92, 116, -1,118, 
          89, 87, -1,88, 119, 87, -1,87, 119, 118, -1,120, 119, 88, -1,103, 121, 88, -1,88, 
          121, 120, -1,122, 89, 123, -1,123, 89, 118, -1,90, 89, 122, -1,122, 124, 90, -1,90, 
          124, 91, -1,91, 124, 92, -1,125, 92, 126, -1,127, 126, 92, -1,116, 92, 117, -1,92, 
          124, 127, -1,117, 92, 125, -1,93, 128, 129, -1,95, 128, 93, -1,93, 129, 105, -1,94, 
          97, 96, -1,96, 128, 95, -1,130, 128, 96, -1,131, 132, 96, -1,96, 132, 130, -1,96, 
          97, 131, -1,97, 99, 133, -1,131, 97, 133, -1,109, 99, 98, -1,134, 133, 99, -1,99, 
          109, 134, -1,100, 135, 103, -1,101, 135, 100, -1,136, 137, 101, -1,137, 135, 101, -1,
          101, 102, 136, -1,136, 102, 138, -1,102, 139, 138, -1,139, 102, 104, -1,140, 121, 
          103, -1,103, 135, 140, -1,141, 139, 104, -1,105, 129, 104, -1,104, 129, 141, -1,111, 
          142, 106, -1,142, 107, 106, -1,108, 107, 109, -1,143, 109, 107, -1,107, 142, 143, -1,
          134, 109, 144, -1,144, 109, 145, -1,145, 109, 146, -1,147, 109, 148, -1,146, 109, 
          147, -1,148, 109, 143, -1,110, 115, 112, -1,112, 142, 111, -1,112, 149, 150, -1,151, 
          149, 112, -1,150, 142, 112, -1,112, 115, 151, -1,113, 152, 153, -1,113, 154, 152, -1,
          153, 115, 113, -1,114, 154, 113, -1,117, 154, 114, -1,155, 115, 153, -1,151, 115, 
          155, -1,117, 156, 154, -1,125, 156, 117, -1,118, 119, 123, -1,157, 119, 158, -1,158, 
          119, 120, -1,123, 119, 157, -1,120, 121, 158, -1,159, 121, 160, -1,158, 121, 159, -1,
          160, 121, 140, -1,123, 124, 122, -1,123, 161, 124, -1,157, 161, 123, -1,127, 124, 
          162, -1,163, 162, 124, -1,124, 161, 163, -1,126, 156, 125, -1,164, 165, 126, -1,164, 
          126, 162, -1,165, 156, 126, -1,162, 126, 127, -1,129, 128, 166, -1,166, 128, 167, -1,
          167, 128, 130, -1,168, 129, 166, -1,169, 129, 170, -1,141, 129, 169, -1,170, 129, 
          168, -1,130, 132, 167, -1,133, 132, 131, -1,132, 133, 171, -1,172, 132, 171, -1,167, 
          132, 172, -1,144, 171, 133, -1,144, 133, 134, -1,160, 135, 137, -1,140, 135, 160, -1,
          138, 137, 136, -1,173, 137, 174, -1,175, 137, 138, -1,160, 137, 173, -1,174, 137, 
          175, -1,176, 177, 138, -1,138, 139, 176, -1,138, 177, 175, -1,176, 139, 178, -1,179, 
          139, 141, -1,178, 139, 180, -1,180, 139, 179, -1,169, 181, 141, -1,141, 181, 179, -1,
          148, 142, 150, -1,143, 142, 148, -1,144, 182, 183, -1,145, 182, 144, -1,183, 171, 
          144, -1,146, 184, 145, -1,184, 182, 145, -1,147, 185, 146, -1,185, 184, 146, -1,148, 
          185, 147, -1,186, 185, 148, -1,150, 149, 148, -1,148, 149, 186, -1,186, 149, 155, -1,
          155, 149, 151, -1,187, 152, 188, -1,189, 188, 152, -1,190, 152, 187, -1,152, 154, 
          189, -1,153, 152, 155, -1,155, 152, 190, -1,191, 154, 156, -1,189, 154, 191, -1,190, 
          185, 155, -1,155, 185, 186, -1,165, 192, 156, -1,156, 192, 191, -1,158, 161, 157, -1,
          193, 161, 158, -1,159, 194, 158, -1,158, 194, 193, -1,160, 194, 159, -1,173, 194, 
          160, -1,163, 161, 193, -1,195, 162, 193, -1,196, 164, 162, -1,196, 162, 195, -1,193, 
          162, 163, -1,197, 164, 196, -1,165, 164, 197, -1,198, 165, 199, -1,197, 199, 165, -1,
          192, 165, 198, -1,167, 200, 166, -1,200, 201, 166, -1,166, 201, 168, -1,172, 200, 
          167, -1,168, 201, 170, -1,170, 181, 169, -1,202, 203, 170, -1,204, 181, 170, -1,170, 
          201, 202, -1,170, 203, 204, -1,205, 171, 183, -1,206, 171, 205, -1,172, 171, 206, -1,
          206, 200, 172, -1,174, 194, 173, -1,174, 177, 207, -1,207, 194, 174, -1,175, 177, 
          174, -1,178, 177, 176, -1,208, 177, 178, -1,207, 177, 208, -1,209, 210, 178, -1,180, 
          211, 178, -1,178, 211, 209, -1,178, 210, 208, -1,179, 181, 180, -1,212, 211, 180, -1,
          180, 181, 212, -1,212, 181, 213, -1,213, 181, 204, -1,205, 182, 214, -1,215, 182, 
          216, -1,183, 182, 205, -1,182, 184, 216, -1,214, 182, 215, -1,217, 184, 218, -1,184, 
          185, 218, -1,216, 184, 217, -1,218, 185, 187, -1,187, 185, 190, -1,188, 219, 187, -1,
          187, 219, 218, -1,220, 188, 192, -1,191, 192, 188, -1,221, 219, 188, -1,222, 188, 
          220, -1,191, 188, 189, -1,221, 188, 222, -1,223, 224, 192, -1,198, 223, 192, -1,192, 
          224, 220, -1,193, 194, 195, -1,225, 194, 207, -1,195, 194, 196, -1,196, 194, 225, -1,
          225, 199, 196, -1,196, 199, 197, -1,199, 223, 198, -1,226, 199, 207, -1,227, 223, 
          199, -1,227, 199, 226, -1,207, 199, 225, -1,201, 200, 214, -1,214, 200, 205, -1,205, 
          200, 206, -1,228, 201, 214, -1,202, 201, 228, -1,228, 229, 202, -1,229, 203, 202, -1,
          204, 203, 213, -1,220, 224, 203, -1,221, 203, 229, -1,203, 224, 213, -1,222, 203, 
          221, -1,220, 203, 222, -1,208, 210, 207, -1,207, 210, 226, -1,209, 211, 227, -1,227, 
          210, 209, -1,226, 210, 227, -1,211, 224, 223, -1,211, 223, 227, -1,224, 211, 212, -1,
          213, 224, 212, -1,215, 229, 214, -1,214, 229, 228, -1,216, 229, 215, -1,216, 219, 
          230, -1,217, 219, 216, -1,230, 229, 216, -1,218, 219, 217, -1,230, 219, 221, -1,221, 
          229, 230, -1,231, 232, 233, -1,231, 234, 235, -1,231, 235, 232, -1,236, 231, 233, -1,
          236, 234, 231, -1,232, 237, 233, -1,232, 235, 238, -1,232, 238, 237, -1,239, 236, 
          233, -1,240, 239, 233, -1,241, 240, 233, -1,242, 241, 233, -1,243, 242, 233, -1,244, 
          243, 233, -1,237, 244, 233, -1,236, 245, 234, -1,234, 246, 247, -1,234, 247, 235, -1,
          245, 246, 234, -1,235, 247, 248, -1,235, 248, 238, -1,239, 245, 236, -1,237, 238, 
          249, -1,237, 249, 244, -1,238, 248, 250, -1,238, 250, 249, -1,239, 251, 245, -1,240, 
          251, 239, -1,240, 252, 251, -1,241, 252, 240, -1,241, 253, 252, -1,242, 253, 241, -1,
          242, 254, 253, -1,243, 254, 242, -1,243, 255, 254, -1,244, 255, 243, -1,244, 249, 
          255, -1,245, 256, 246, -1,251, 256, 245, -1,246, 257, 258, -1,246, 258, 247, -1,256, 
          257, 246, -1,247, 258, 259, -1,247, 259, 248, -1,248, 259, 260, -1,248, 260, 250, -1,
          249, 250, 261, -1,249, 261, 255, -1,250, 260, 262, -1,250, 262, 261, -1,251, 263, 
          256, -1,252, 263, 251, -1,252, 264, 263, -1,253, 264, 252, -1,253, 265, 264, -1,254, 
          265, 253, -1,254, 266, 265, -1,255, 266, 254, -1,255, 261, 266, -1,256, 267, 257, -1,
          263, 267, 256, -1,257, 268, 269, -1,257, 269, 258, -1,267, 268, 257, -1,258, 269, 
          270, -1,258, 270, 259, -1,259, 270, 271, -1,259, 271, 260, -1,260, 271, 272, -1,260, 
          272, 262, -1,261, 262, 273, -1,261, 273, 266, -1,262, 272, 274, -1,262, 274, 273, -1,
          263, 275, 267, -1,264, 275, 263, -1,264, 276, 275, -1,265, 276, 264, -1,265, 277, 
          276, -1,266, 277, 265, -1,266, 273, 277, -1,267, 278, 268, -1,275, 278, 267, -1,268, 
          279, 280, -1,268, 280, 269, -1,278, 279, 268, -1,269, 280, 281, -1,269, 281, 270, -1,
          270, 281, 282, -1,270, 282, 271, -1,271, 282, 283, -1,271, 283, 272, -1,272, 283, 
          284, -1,272, 284, 274, -1,273, 274, 285, -1,273, 285, 277, -1,274, 284, 286, -1,274, 
          286, 285, -1,275, 287, 278, -1,276, 287, 275, -1,276, 288, 287, -1,277, 288, 276, -1,
          277, 285, 288, -1,278, 289, 279, -1,287, 289, 278, -1,279, 290, 280, -1,289, 290, 
          279, -1,280, 290, 281, -1,281, 290, 282, -1,282, 290, 283, -1,283, 290, 284, -1,284, 
          290, 286, -1,285, 286, 291, -1,285, 291, 288, -1,286, 290, 291, -1,287, 292, 289, -1,
          288, 292, 287, -1,288, 291, 292, -1,292, 290, 289, -1,291, 290, 292, -1,293, 294, 
          295, -1,293, 296, 297, -1,293, 297, 294, -1,298, 293, 295, -1,298, 296, 293, -1,294, 
          299, 295, -1,294, 297, 300, -1,294, 300, 299, -1,301, 298, 295, -1,302, 301, 295, -1,
          303, 302, 295, -1,304, 303, 295, -1,305, 304, 295, -1,306, 305, 295, -1,299, 306, 
          295, -1,298, 307, 296, -1,296, 308, 309, -1,296, 309, 297, -1,307, 308, 296, -1,297, 
          309, 310, -1,297, 310, 300, -1,301, 307, 298, -1,299, 300, 311, -1,299, 311, 306, -1,
          300, 310, 312, -1,300, 312, 311, -1,301, 313, 307, -1,302, 313, 301, -1,302, 314, 
          313, -1,303, 314, 302, -1,303, 315, 314, -1,304, 315, 303, -1,304, 316, 315, -1,305, 
          316, 304, -1,305, 317, 316, -1,306, 317, 305, -1,306, 311, 317, -1,307, 318, 308, -1,
          313, 318, 307, -1,308, 319, 320, -1,308, 320, 309, -1,318, 319, 308, -1,309, 320, 
          321, -1,309, 321, 310, -1,310, 321, 322, -1,310, 322, 312, -1,311, 312, 323, -1,311, 
          323, 317, -1,312, 322, 324, -1,312, 324, 323, -1,313, 325, 318, -1,314, 325, 313, -1,
          314, 326, 325, -1,315, 326, 314, -1,315, 327, 326, -1,316, 327, 315, -1,316, 328, 
          327, -1,317, 328, 316, -1,317, 323, 328, -1,318, 329, 319, -1,325, 329, 318, -1,319, 
          330, 331, -1,319, 331, 320, -1,329, 330, 319, -1,320, 331, 332, -1,320, 332, 321, -1,
          321, 332, 333, -1,321, 333, 322, -1,322, 333, 334, -1,322, 334, 324, -1,323, 324, 
          335, -1,323, 335, 328, -1,324, 334, 336, -1,324, 336, 335, -1,325, 337, 329, -1,326, 
          337, 325, -1,326, 338, 337, -1,327, 338, 326, -1,327, 339, 338, -1,328, 339, 327, -1,
          328, 335, 339, -1,329, 340, 330, -1,337, 340, 329, -1,330, 341, 342, -1,330, 342, 
          331, -1,340, 341, 330, -1,331, 342, 343, -1,331, 343, 332, -1,332, 343, 344, -1,332, 
          344, 333, -1,333, 344, 345, -1,333, 345, 334, -1,334, 345, 346, -1,334, 346, 336, -1,
          335, 336, 347, -1,335, 347, 339, -1,336, 346, 348, -1,336, 348, 347, -1,337, 349, 
          340, -1,338, 349, 337, -1,338, 350, 349, -1,339, 350, 338, -1,339, 347, 350, -1,340, 
          351, 341, -1,349, 351, 340, -1,341, 352, 342, -1,351, 352, 341, -1,342, 352, 343, -1,
          343, 352, 344, -1,344, 352, 345, -1,345, 352, 346, -1,346, 352, 348, -1,347, 348, 
          353, -1,347, 353, 350, -1,348, 352, 353, -1,349, 354, 351, -1,350, 354, 349, -1,350, 
          353, 354, -1,354, 352, 351, -1,353, 352, 354, -1,293, 355, 356, -1,293, 357, 358, -1,
          293, 358, 355, -1,298, 293, 356, -1,298, 357, 293, -1,355, 359, 356, -1,355, 358, 
          360, -1,355, 360, 359, -1,301, 298, 356, -1,361, 301, 356, -1,362, 361, 356, -1,363, 
          362, 356, -1,364, 363, 356, -1,365, 364, 356, -1,359, 365, 356, -1,298, 366, 357, -1,
          357, 367, 368, -1,357, 368, 358, -1,366, 367, 357, -1,358, 368, 369, -1,358, 369, 
          360, -1,301, 366, 298, -1,359, 360, 370, -1,359, 370, 365, -1,360, 369, 371, -1,360, 
          371, 370, -1,301, 372, 366, -1,361, 372, 301, -1,361, 373, 372, -1,362, 373, 361, -1,
          362, 374, 373, -1,363, 374, 362, -1,363, 375, 374, -1,364, 375, 363, -1,364, 376, 
          375, -1,365, 376, 364, -1,365, 370, 376, -1,366, 377, 367, -1,372, 377, 366, -1,367, 
          378, 379, -1,367, 379, 368, -1,377, 378, 367, -1,368, 379, 380, -1,368, 380, 369, -1,
          369, 380, 381, -1,369, 381, 371, -1,370, 371, 382, -1,370, 382, 376, -1,371, 381, 
          383, -1,371, 383, 382, -1,372, 384, 377, -1,373, 384, 372, -1,373, 385, 384, -1,374, 
          385, 373, -1,374, 386, 385, -1,375, 386, 374, -1,375, 387, 386, -1,376, 387, 375, -1,
          376, 382, 387, -1,377, 388, 378, -1,384, 388, 377, -1,378, 389, 390, -1,378, 390, 
          379, -1,388, 389, 378, -1,379, 390, 391, -1,379, 391, 380, -1,380, 391, 392, -1,380, 
          392, 381, -1,381, 392, 393, -1,381, 393, 383, -1,382, 383, 394, -1,382, 394, 387, -1,
          383, 393, 395, -1,383, 395, 394, -1,384, 396, 388, -1,385, 396, 384, -1,385, 397, 
          396, -1,386, 397, 385, -1,386, 398, 397, -1,387, 398, 386, -1,387, 394, 398, -1,388, 
          399, 389, -1,396, 399, 388, -1,389, 400, 401, -1,389, 401, 390, -1,399, 400, 389, -1,
          390, 401, 402, -1,390, 402, 391, -1,391, 402, 403, -1,391, 403, 392, -1,392, 403, 
          404, -1,392, 404, 393, -1,393, 404, 405, -1,393, 405, 395, -1,394, 395, 406, -1,394, 
          406, 398, -1,395, 405, 407, -1,395, 407, 406, -1,396, 408, 399, -1,397, 408, 396, -1,
          397, 409, 408, -1,398, 409, 397, -1,398, 406, 409, -1,399, 410, 400, -1,408, 410, 
          399, -1,400, 411, 401, -1,410, 411, 400, -1,401, 411, 402, -1,402, 411, 403, -1,403, 
          411, 404, -1,404, 411, 405, -1,405, 411, 407, -1,406, 407, 412, -1,406, 412, 409, -1,
          407, 411, 412, -1,408, 413, 410, -1,409, 413, 408, -1,409, 412, 413, -1,413, 411, 
          410, -1,412, 411, 413, -1,414, 415, 416, -1,414, 417, 418, -1,414, 418, 415, -1,419, 
          414, 416, -1,419, 417, 414, -1,415, 420, 416, -1,415, 418, 421, -1,415, 421, 420, -1,
          422, 419, 416, -1,423, 422, 416, -1,424, 423, 416, -1,425, 424, 416, -1,426, 425, 
          416, -1,427, 426, 416, -1,420, 427, 416, -1,419, 428, 417, -1,417, 429, 430, -1,417, 
          430, 418, -1,428, 429, 417, -1,418, 430, 431, -1,418, 431, 421, -1,422, 428, 419, -1,
          420, 421, 432, -1,420, 432, 427, -1,421, 431, 433, -1,421, 433, 432, -1,422, 434, 
          428, -1,423, 434, 422, -1,423, 435, 434, -1,424, 435, 423, -1,424, 436, 435, -1,425, 
          436, 424, -1,425, 437, 436, -1,426, 437, 425, -1,426, 438, 437, -1,427, 438, 426, -1,
          427, 432, 438, -1,428, 439, 429, -1,434, 439, 428, -1,429, 440, 441, -1,429, 441, 
          430, -1,439, 440, 429, -1,430, 441, 442, -1,430, 442, 431, -1,431, 442, 443, -1,431, 
          443, 433, -1,432, 433, 444, -1,432, 444, 438, -1,433, 443, 445, -1,433, 445, 444, -1,
          434, 446, 439, -1,435, 446, 434, -1,435, 447, 446, -1,436, 447, 435, -1,436, 448, 
          447, -1,437, 448, 436, -1,437, 449, 448, -1,438, 449, 437, -1,438, 444, 449, -1,439, 
          450, 440, -1,446, 450, 439, -1,440, 451, 452, -1,440, 452, 441, -1,450, 451, 440, -1,
          441, 452, 453, -1,441, 453, 442, -1,442, 453, 454, -1,442, 454, 443, -1,443, 454, 
          455, -1,443, 455, 445, -1,444, 445, 456, -1,444, 456, 449, -1,445, 455, 457, -1,445, 
          457, 456, -1,446, 458, 450, -1,447, 458, 446, -1,447, 459, 458, -1,448, 459, 447, -1,
          448, 460, 459, -1,449, 460, 448, -1,449, 456, 460, -1,450, 461, 451, -1,458, 461, 
          450, -1,451, 462, 463, -1,451, 463, 452, -1,461, 462, 451, -1,452, 463, 464, -1,452, 
          464, 453, -1,453, 464, 465, -1,453, 465, 454, -1,454, 465, 466, -1,454, 466, 455, -1,
          455, 466, 467, -1,455, 467, 457, -1,456, 457, 468, -1,456, 468, 460, -1,457, 467, 
          469, -1,457, 469, 468, -1,458, 470, 461, -1,459, 470, 458, -1,459, 471, 470, -1,460, 
          471, 459, -1,460, 468, 471, -1,461, 472, 462, -1,470, 472, 461, -1,462, 473, 474, -1,
          462, 474, 463, -1,472, 473, 462, -1,463, 474, 475, -1,463, 475, 464, -1,464, 475, 
          476, -1,464, 476, 465, -1,465, 476, 477, -1,465, 477, 466, -1,466, 477, 478, -1,466, 
          478, 467, -1,467, 478, 479, -1,467, 479, 469, -1,468, 469, 480, -1,468, 480, 471, -1,
          469, 479, 481, -1,469, 481, 480, -1,470, 482, 472, -1,471, 482, 470, -1,471, 480, 
          482, -1,472, 483, 473, -1,482, 483, 472, -1,473, 484, 474, -1,483, 484, 473, -1,474, 
          484, 475, -1,475, 484, 476, -1,476, 484, 477, -1,477, 484, 478, -1,478, 484, 479, -1,
          479, 484, 481, -1,480, 481, 485, -1,480, 485, 482, -1,481, 484, 485, -1,482, 485, 
          483, -1,485, 484, 483, -1,486, 487, 488, -1,486, 489, 490, -1,486, 490, 487, -1,491, 
          486, 488, -1,491, 489, 486, -1,487, 492, 488, -1,487, 490, 493, -1,487, 493, 492, -1,
          494, 491, 488, -1,495, 494, 488, -1,496, 495, 488, -1,497, 496, 488, -1,498, 497, 
          488, -1,499, 498, 488, -1,492, 499, 488, -1,491, 500, 489, -1,489, 501, 502, -1,489, 
          502, 490, -1,500, 501, 489, -1,490, 502, 503, -1,490, 503, 493, -1,494, 500, 491, -1,
          492, 493, 504, -1,492, 504, 499, -1,493, 503, 505, -1,493, 505, 504, -1,494, 506, 
          500, -1,495, 506, 494, -1,495, 507, 506, -1,496, 507, 495, -1,496, 508, 507, -1,497, 
          508, 496, -1,497, 509, 508, -1,498, 509, 497, -1,498, 510, 509, -1,499, 510, 498, -1,
          499, 504, 510, -1,500, 511, 501, -1,506, 511, 500, -1,501, 512, 513, -1,501, 513, 
          502, -1,511, 512, 501, -1,502, 513, 514, -1,502, 514, 503, -1,503, 514, 515, -1,503, 
          515, 505, -1,504, 505, 516, -1,504, 516, 510, -1,505, 515, 517, -1,505, 517, 516, -1,
          506, 518, 511, -1,507, 518, 506, -1,507, 519, 518, -1,508, 519, 507, -1,508, 520, 
          519, -1,509, 520, 508, -1,509, 521, 520, -1,510, 521, 509, -1,510, 516, 521, -1,511, 
          522, 512, -1,518, 522, 511, -1,512, 523, 524, -1,512, 524, 513, -1,522, 523, 512, -1,
          513, 524, 525, -1,513, 525, 514, -1,514, 525, 526, -1,514, 526, 515, -1,515, 526, 
          527, -1,515, 527, 517, -1,516, 517, 528, -1,516, 528, 521, -1,517, 527, 529, -1,517, 
          529, 528, -1,518, 530, 522, -1,519, 530, 518, -1,519, 531, 530, -1,520, 531, 519, -1,
          520, 532, 531, -1,521, 532, 520, -1,521, 528, 532, -1,522, 533, 523, -1,530, 533, 
          522, -1,523, 534, 535, -1,523, 535, 524, -1,533, 534, 523, -1,524, 535, 536, -1,524, 
          536, 525, -1,525, 536, 537, -1,525, 537, 526, -1,526, 537, 538, -1,526, 538, 527, -1,
          527, 538, 539, -1,527, 539, 529, -1,528, 529, 540, -1,528, 540, 532, -1,529, 539, 
          541, -1,529, 541, 540, -1,530, 542, 533, -1,531, 542, 530, -1,531, 543, 542, -1,532, 
          543, 531, -1,532, 540, 543, -1,533, 544, 534, -1,542, 544, 533, -1,534, 545, 546, -1,
          534, 546, 535, -1,544, 545, 534, -1,535, 546, 547, -1,535, 547, 536, -1,536, 547, 
          548, -1,536, 548, 537, -1,537, 548, 549, -1,537, 549, 538, -1,538, 549, 550, -1,538, 
          550, 539, -1,539, 550, 551, -1,539, 551, 541, -1,540, 541, 552, -1,540, 552, 543, -1,
          541, 551, 553, -1,541, 553, 552, -1,542, 554, 544, -1,543, 554, 542, -1,543, 552, 
          554, -1,544, 555, 545, -1,554, 555, 544, -1,545, 556, 546, -1,555, 556, 545, -1,546, 
          556, 547, -1,547, 556, 548, -1,548, 556, 549, -1,549, 556, 550, -1,550, 556, 551, -1,
          551, 556, 553, -1,552, 553, 557, -1,552, 557, 554, -1,553, 556, 557, -1,554, 557, 
          555, -1,557, 556, 555, -1,558, 559, 560, -1,558, 561, 562, -1,558, 562, 559, -1,563, 
          558, 560, -1,563, 561, 558, -1,559, 564, 560, -1,559, 562, 565, -1,559, 565, 564, -1,
          566, 563, 560, -1,567, 566, 560, -1,568, 567, 560, -1,569, 568, 560, -1,570, 569, 
          560, -1,571, 570, 560, -1,564, 571, 560, -1,563, 572, 561, -1,561, 573, 574, -1,561, 
          574, 562, -1,572, 573, 561, -1,562, 574, 575, -1,562, 575, 565, -1,566, 572, 563, -1,
          564, 565, 576, -1,564, 576, 571, -1,565, 575, 577, -1,565, 577, 576, -1,566, 578, 
          572, -1,567, 578, 566, -1,567, 579, 578, -1,568, 579, 567, -1,568, 580, 579, -1,569, 
          580, 568, -1,569, 581, 580, -1,570, 581, 569, -1,570, 582, 581, -1,571, 582, 570, -1,
          571, 576, 582, -1,572, 583, 573, -1,578, 583, 572, -1,573, 584, 585, -1,573, 585, 
          574, -1,583, 584, 573, -1,574, 585, 586, -1,574, 586, 575, -1,575, 586, 587, -1,575, 
          587, 577, -1,576, 577, 588, -1,576, 588, 582, -1,577, 587, 589, -1,577, 589, 588, -1,
          578, 590, 583, -1,579, 590, 578, -1,579, 591, 590, -1,580, 591, 579, -1,580, 592, 
          591, -1,581, 592, 580, -1,581, 593, 592, -1,582, 593, 581, -1,582, 588, 593, -1,583, 
          594, 584, -1,590, 594, 583, -1,584, 595, 596, -1,584, 596, 585, -1,594, 595, 584, -1,
          585, 596, 597, -1,585, 597, 586, -1,586, 597, 598, -1,586, 598, 587, -1,587, 598, 
          599, -1,587, 599, 589, -1,588, 589, 600, -1,588, 600, 593, -1,589, 599, 601, -1,589, 
          601, 600, -1,590, 602, 594, -1,591, 602, 590, -1,591, 603, 602, -1,592, 603, 591, -1,
          592, 604, 603, -1,593, 604, 592, -1,593, 600, 604, -1,594, 605, 595, -1,602, 605, 
          594, -1,595, 606, 607, -1,595, 607, 596, -1,605, 606, 595, -1,596, 607, 608, -1,596, 
          608, 597, -1,597, 608, 609, -1,597, 609, 598, -1,598, 609, 610, -1,598, 610, 599, -1,
          599, 610, 611, -1,599, 611, 601, -1,600, 601, 612, -1,600, 612, 604, -1,601, 611, 
          613, -1,601, 613, 612, -1,602, 614, 605, -1,603, 614, 602, -1,603, 615, 614, -1,604, 
          615, 603, -1,604, 612, 615, -1,605, 616, 606, -1,614, 616, 605, -1,606, 617, 618, -1,
          606, 618, 607, -1,616, 617, 606, -1,607, 618, 619, -1,607, 619, 608, -1,608, 619, 
          620, -1,608, 620, 609, -1,609, 620, 621, -1,609, 621, 610, -1,610, 621, 622, -1,610, 
          622, 611, -1,611, 622, 623, -1,611, 623, 613, -1,612, 613, 624, -1,612, 624, 615, -1,
          613, 623, 625, -1,613, 625, 624, -1,614, 626, 616, -1,615, 626, 614, -1,615, 624, 
          626, -1,616, 627, 617, -1,626, 627, 616, -1,617, 628, 618, -1,627, 628, 617, -1,618, 
          628, 619, -1,619, 628, 620, -1,620, 628, 621, -1,621, 628, 622, -1,622, 628, 623, -1,
          623, 628, 625, -1,624, 625, 629, -1,624, 629, 626, -1,625, 628, 629, -1,626, 629, 
          627, -1,629, 628, 627, -1,630, 631, 632, -1,630, 633, 634, -1,630, 634, 631, -1,635, 
          630, 632, -1,635, 633, 630, -1,631, 636, 632, -1,631, 634, 637, -1,631, 637, 636, -1,
          638, 635, 632, -1,639, 638, 632, -1,640, 639, 632, -1,641, 640, 632, -1,642, 641, 
          632, -1,643, 642, 632, -1,636, 643, 632, -1,635, 644, 633, -1,633, 645, 646, -1,633, 
          646, 634, -1,644, 645, 633, -1,634, 646, 647, -1,634, 647, 637, -1,638, 644, 635, -1,
          636, 637, 648, -1,636, 648, 643, -1,637, 647, 649, -1,637, 649, 648, -1,638, 650, 
          644, -1,639, 650, 638, -1,639, 651, 650, -1,640, 651, 639, -1,640, 652, 651, -1,641, 
          652, 640, -1,641, 653, 652, -1,642, 653, 641, -1,642, 654, 653, -1,643, 654, 642, -1,
          643, 648, 654, -1,644, 655, 645, -1,650, 655, 644, -1,645, 656, 657, -1,645, 657, 
          646, -1,655, 656, 645, -1,646, 657, 658, -1,646, 658, 647, -1,647, 658, 659, -1,647, 
          659, 649, -1,648, 649, 660, -1,648, 660, 654, -1,649, 659, 661, -1,649, 661, 660, -1,
          650, 662, 655, -1,651, 662, 650, -1,651, 663, 662, -1,652, 663, 651, -1,652, 664, 
          663, -1,653, 664, 652, -1,653, 665, 664, -1,654, 665, 653, -1,654, 660, 665, -1,655, 
          666, 656, -1,662, 666, 655, -1,656, 667, 668, -1,656, 668, 657, -1,666, 667, 656, -1,
          657, 668, 669, -1,657, 669, 658, -1,658, 669, 670, -1,658, 670, 659, -1,659, 670, 
          671, -1,659, 671, 661, -1,660, 661, 672, -1,660, 672, 665, -1,661, 671, 673, -1,661, 
          673, 672, -1,662, 674, 666, -1,663, 674, 662, -1,663, 675, 674, -1,664, 675, 663, -1,
          664, 676, 675, -1,665, 676, 664, -1,665, 672, 676, -1,666, 677, 667, -1,674, 677, 
          666, -1,667, 678, 679, -1,667, 679, 668, -1,677, 678, 667, -1,668, 679, 680, -1,668, 
          680, 669, -1,669, 680, 681, -1,669, 681, 670, -1,670, 681, 682, -1,670, 682, 671, -1,
          671, 682, 683, -1,671, 683, 673, -1,672, 673, 684, -1,672, 684, 676, -1,673, 683, 
          685, -1,673, 685, 684, -1,674, 686, 677, -1,675, 686, 674, -1,675, 687, 686, -1,676, 
          687, 675, -1,676, 684, 687, -1,677, 688, 678, -1,686, 688, 677, -1,678, 689, 690, -1,
          678, 690, 679, -1,688, 689, 678, -1,679, 690, 691, -1,679, 691, 680, -1,680, 691, 
          692, -1,680, 692, 681, -1,681, 692, 693, -1,681, 693, 682, -1,682, 693, 694, -1,682, 
          694, 683, -1,683, 694, 695, -1,683, 695, 685, -1,684, 685, 696, -1,684, 696, 687, -1,
          685, 695, 697, -1,685, 697, 696, -1,686, 698, 688, -1,687, 698, 686, -1,687, 696, 
          698, -1,688, 699, 689, -1,698, 699, 688, -1,689, 700, 690, -1,699, 700, 689, -1,690, 
          700, 691, -1,691, 700, 692, -1,692, 700, 693, -1,693, 700, 694, -1,694, 700, 695, -1,
          695, 700, 697, -1,696, 697, 701, -1,696, 701, 698, -1,697, 700, 701, -1,698, 701, 
          699, -1,701, 700, 699, -1,702, 703, 704, -1,702, 705, 706, -1,702, 706, 703, -1,707, 
          702, 704, -1,707, 705, 702, -1,703, 708, 704, -1,703, 706, 709, -1,703, 709, 708, -1,
          710, 707, 704, -1,711, 710, 704, -1,712, 711, 704, -1,713, 712, 704, -1,714, 713, 
          704, -1,715, 714, 704, -1,708, 715, 704, -1,707, 716, 705, -1,705, 717, 718, -1,705, 
          718, 706, -1,716, 717, 705, -1,706, 718, 719, -1,706, 719, 709, -1,710, 716, 707, -1,
          708, 709, 720, -1,708, 720, 715, -1,709, 719, 721, -1,709, 721, 720, -1,710, 722, 
          716, -1,711, 722, 710, -1,711, 723, 722, -1,712, 723, 711, -1,712, 724, 723, -1,713, 
          724, 712, -1,713, 725, 724, -1,714, 725, 713, -1,714, 726, 725, -1,715, 726, 714, -1,
          715, 720, 726, -1,716, 727, 717, -1,722, 727, 716, -1,717, 728, 729, -1,717, 729, 
          718, -1,727, 728, 717, -1,718, 729, 730, -1,718, 730, 719, -1,719, 730, 731, -1,719, 
          731, 721, -1,720, 721, 732, -1,720, 732, 726, -1,721, 731, 733, -1,721, 733, 732, -1,
          722, 734, 727, -1,723, 734, 722, -1,723, 735, 734, -1,724, 735, 723, -1,724, 736, 
          735, -1,725, 736, 724, -1,725, 737, 736, -1,726, 737, 725, -1,726, 732, 737, -1,727, 
          738, 728, -1,734, 738, 727, -1,728, 739, 740, -1,728, 740, 729, -1,738, 739, 728, -1,
          729, 740, 741, -1,729, 741, 730, -1,730, 741, 742, -1,730, 742, 731, -1,731, 742, 
          743, -1,731, 743, 733, -1,732, 733, 744, -1,732, 744, 737, -1,733, 743, 745, -1,733, 
          745, 744, -1,734, 746, 738, -1,735, 746, 734, -1,735, 747, 746, -1,736, 747, 735, -1,
          736, 748, 747, -1,737, 748, 736, -1,737, 744, 748, -1,738, 749, 739, -1,746, 749, 
          738, -1,739, 750, 751, -1,739, 751, 740, -1,749, 750, 739, -1,740, 751, 752, -1,740, 
          752, 741, -1,741, 752, 753, -1,741, 753, 742, -1,742, 753, 754, -1,742, 754, 743, -1,
          743, 754, 755, -1,743, 755, 745, -1,744, 745, 756, -1,744, 756, 748, -1,745, 755, 
          757, -1,745, 757, 756, -1,746, 758, 749, -1,747, 758, 746, -1,747, 759, 758, -1,748, 
          759, 747, -1,748, 756, 759, -1,749, 760, 750, -1,758, 760, 749, -1,750, 761, 762, -1,
          750, 762, 751, -1,760, 761, 750, -1,751, 762, 763, -1,751, 763, 752, -1,752, 763, 
          764, -1,752, 764, 753, -1,753, 764, 765, -1,753, 765, 754, -1,754, 765, 766, -1,754, 
          766, 755, -1,755, 766, 767, -1,755, 767, 757, -1,756, 757, 768, -1,756, 768, 759, -1,
          757, 767, 769, -1,757, 769, 768, -1,758, 770, 760, -1,759, 770, 758, -1,759, 768, 
          770, -1,760, 771, 761, -1,770, 771, 760, -1,761, 772, 762, -1,771, 772, 761, -1,762, 
          772, 763, -1,763, 772, 764, -1,764, 772, 765, -1,765, 772, 766, -1,766, 772, 767, -1,
          767, 772, 769, -1,768, 769, 773, -1,768, 773, 770, -1,769, 772, 773, -1,770, 773, 
          771, -1,773, 772, 771, -1,774, 775, 776, -1,774, 777, 778, -1,774, 778, 775, -1,779, 
          774, 776, -1,779, 777, 774, -1,775, 780, 776, -1,775, 778, 781, -1,775, 781, 780, -1,
          782, 779, 776, -1,783, 782, 776, -1,784, 783, 776, -1,785, 784, 776, -1,786, 785, 
          776, -1,787, 786, 776, -1,780, 787, 776, -1,779, 788, 777, -1,777, 789, 790, -1,777, 
          790, 778, -1,788, 789, 777, -1,778, 790, 791, -1,778, 791, 781, -1,782, 788, 779, -1,
          780, 781, 792, -1,780, 792, 787, -1,781, 791, 793, -1,781, 793, 792, -1,782, 794, 
          788, -1,783, 794, 782, -1,783, 795, 794, -1,784, 795, 783, -1,784, 796, 795, -1,785, 
          796, 784, -1,785, 797, 796, -1,786, 797, 785, -1,786, 798, 797, -1,787, 798, 786, -1,
          787, 792, 798, -1,788, 799, 789, -1,794, 799, 788, -1,789, 800, 801, -1,789, 801, 
          790, -1,799, 800, 789, -1,790, 801, 802, -1,790, 802, 791, -1,791, 802, 803, -1,791, 
          803, 793, -1,792, 793, 804, -1,792, 804, 798, -1,793, 803, 805, -1,793, 805, 804, -1,
          794, 806, 799, -1,795, 806, 794, -1,795, 807, 806, -1,796, 807, 795, -1,796, 808, 
          807, -1,797, 808, 796, -1,797, 809, 808, -1,798, 809, 797, -1,798, 804, 809, -1,799, 
          810, 800, -1,806, 810, 799, -1,800, 811, 812, -1,800, 812, 801, -1,810, 811, 800, -1,
          801, 812, 813, -1,801, 813, 802, -1,802, 813, 814, -1,802, 814, 803, -1,803, 814, 
          815, -1,803, 815, 805, -1,804, 805, 816, -1,804, 816, 809, -1,805, 815, 817, -1,805, 
          817, 816, -1,806, 818, 810, -1,807, 818, 806, -1,807, 819, 818, -1,808, 819, 807, -1,
          808, 820, 819, -1,809, 820, 808, -1,809, 816, 820, -1,810, 821, 811, -1,818, 821, 
          810, -1,811, 822, 823, -1,811, 823, 812, -1,821, 822, 811, -1,812, 823, 824, -1,812, 
          824, 813, -1,813, 824, 825, -1,813, 825, 814, -1,814, 825, 826, -1,814, 826, 815, -1,
          815, 826, 827, -1,815, 827, 817, -1,816, 817, 828, -1,816, 828, 820, -1,817, 827, 
          829, -1,817, 829, 828, -1,818, 830, 821, -1,819, 830, 818, -1,819, 831, 830, -1,820, 
          831, 819, -1,820, 828, 831, -1,821, 832, 822, -1,830, 832, 821, -1,822, 833, 834, -1,
          822, 834, 823, -1,832, 833, 822, -1,823, 834, 835, -1,823, 835, 824, -1,824, 835, 
          836, -1,824, 836, 825, -1,825, 836, 837, -1,825, 837, 826, -1,826, 837, 838, -1,826, 
          838, 827, -1,827, 838, 839, -1,827, 839, 829, -1,828, 829, 840, -1,828, 840, 831, -1,
          829, 839, 841, -1,829, 841, 840, -1,830, 842, 832, -1,831, 842, 830, -1,831, 840, 
          842, -1,832, 843, 833, -1,842, 843, 832, -1,833, 844, 834, -1,843, 844, 833, -1,834, 
          844, 835, -1,835, 844, 836, -1,836, 844, 837, -1,837, 844, 838, -1,838, 844, 839, -1,
          839, 844, 841, -1,840, 841, 845, -1,840, 845, 842, -1,841, 844, 845, -1,842, 845, 
          843, -1,845, 844, 843, -1,846, 847, 848, -1,846, 849, 850, -1,846, 850, 847, -1,851, 
          846, 848, -1,851, 849, 846, -1,847, 852, 848, -1,847, 850, 853, -1,847, 853, 852, -1,
          854, 851, 848, -1,855, 854, 848, -1,856, 855, 848, -1,857, 856, 848, -1,858, 857, 
          848, -1,859, 858, 848, -1,852, 859, 848, -1,851, 860, 849, -1,849, 861, 862, -1,849, 
          862, 850, -1,860, 861, 849, -1,850, 862, 863, -1,850, 863, 853, -1,854, 860, 851, -1,
          852, 853, 864, -1,852, 864, 859, -1,853, 863, 865, -1,853, 865, 864, -1,854, 866, 
          860, -1,855, 866, 854, -1,855, 867, 866, -1,856, 867, 855, -1,856, 868, 867, -1,857, 
          868, 856, -1,857, 869, 868, -1,858, 869, 857, -1,858, 870, 869, -1,859, 870, 858, -1,
          859, 864, 870, -1,860, 871, 861, -1,866, 871, 860, -1,861, 872, 873, -1,861, 873, 
          862, -1,871, 872, 861, -1,862, 873, 874, -1,862, 874, 863, -1,863, 874, 875, -1,863, 
          875, 865, -1,864, 865, 876, -1,864, 876, 870, -1,865, 875, 877, -1,865, 877, 876, -1,
          866, 878, 871, -1,867, 878, 866, -1,867, 879, 878, -1,868, 879, 867, -1,868, 880, 
          879, -1,869, 880, 868, -1,869, 881, 880, -1,870, 881, 869, -1,870, 876, 881, -1,871, 
          882, 872, -1,878, 882, 871, -1,872, 883, 884, -1,872, 884, 873, -1,882, 883, 872, -1,
          873, 884, 885, -1,873, 885, 874, -1,874, 885, 886, -1,874, 886, 875, -1,875, 886, 
          887, -1,875, 887, 877, -1,876, 877, 888, -1,876, 888, 881, -1,877, 887, 889, -1,877, 
          889, 888, -1,878, 890, 882, -1,879, 890, 878, -1,879, 891, 890, -1,880, 891, 879, -1,
          880, 892, 891, -1,881, 892, 880, -1,881, 888, 892, -1,882, 893, 883, -1,890, 893, 
          882, -1,883, 894, 895, -1,883, 895, 884, -1,893, 894, 883, -1,884, 895, 896, -1,884, 
          896, 885, -1,885, 896, 897, -1,885, 897, 886, -1,886, 897, 898, -1,886, 898, 887, -1,
          887, 898, 899, -1,887, 899, 889, -1,888, 889, 900, -1,888, 900, 892, -1,889, 899, 
          901, -1,889, 901, 900, -1,890, 902, 893, -1,891, 902, 890, -1,891, 903, 902, -1,892, 
          903, 891, -1,892, 900, 903, -1,893, 904, 894, -1,902, 904, 893, -1,894, 905, 906, -1,
          894, 906, 895, -1,904, 905, 894, -1,895, 906, 907, -1,895, 907, 896, -1,896, 907, 
          908, -1,896, 908, 897, -1,897, 908, 909, -1,897, 909, 898, -1,898, 909, 910, -1,898, 
          910, 899, -1,899, 910, 911, -1,899, 911, 901, -1,900, 901, 912, -1,900, 912, 903, -1,
          901, 911, 913, -1,901, 913, 912, -1,902, 914, 904, -1,903, 914, 902, -1,903, 912, 
          914, -1,904, 915, 905, -1,914, 915, 904, -1,905, 916, 906, -1,915, 916, 905, -1,906, 
          916, 907, -1,907, 916, 908, -1,908, 916, 909, -1,909, 916, 910, -1,910, 916, 911, -1,
          911, 916, 913, -1,912, 913, 917, -1,912, 917, 914, -1,913, 916, 917, -1,914, 917, 
          915, -1,917, 916, 915, -1,918, 919, 920, -1,918, 921, 922, -1,918, 922, 919, -1,923, 
          918, 920, -1,923, 921, 918, -1,919, 924, 920, -1,919, 922, 925, -1,919, 925, 924, -1,
          926, 923, 920, -1,927, 926, 920, -1,928, 927, 920, -1,929, 928, 920, -1,930, 929, 
          920, -1,931, 930, 920, -1,924, 931, 920, -1,923, 932, 921, -1,921, 933, 934, -1,921, 
          934, 922, -1,932, 933, 921, -1,922, 934, 935, -1,922, 935, 925, -1,926, 932, 923, -1,
          924, 925, 936, -1,924, 936, 931, -1,925, 935, 937, -1,925, 937, 936, -1,926, 938, 
          932, -1,927, 938, 926, -1,927, 939, 938, -1,928, 939, 927, -1,928, 940, 939, -1,929, 
          940, 928, -1,929, 941, 940, -1,930, 941, 929, -1,930, 942, 941, -1,931, 942, 930, -1,
          931, 936, 942, -1,932, 943, 933, -1,938, 943, 932, -1,933, 944, 945, -1,933, 945, 
          934, -1,943, 944, 933, -1,934, 945, 946, -1,934, 946, 935, -1,935, 946, 947, -1,935, 
          947, 937, -1,936, 937, 948, -1,936, 948, 942, -1,937, 947, 949, -1,937, 949, 948, -1,
          938, 950, 943, -1,939, 950, 938, -1,939, 951, 950, -1,940, 951, 939, -1,940, 952, 
          951, -1,941, 952, 940, -1,941, 953, 952, -1,942, 953, 941, -1,942, 948, 953, -1,943, 
          954, 944, -1,950, 954, 943, -1,944, 955, 956, -1,944, 956, 945, -1,954, 955, 944, -1,
          945, 956, 957, -1,945, 957, 946, -1,946, 957, 958, -1,946, 958, 947, -1,947, 958, 
          959, -1,947, 959, 949, -1,948, 949, 960, -1,948, 960, 953, -1,949, 959, 961, -1,949, 
          961, 960, -1,950, 962, 954, -1,951, 962, 950, -1,951, 963, 962, -1,952, 963, 951, -1,
          952, 964, 963, -1,953, 964, 952, -1,953, 960, 964, -1,954, 965, 955, -1,962, 965, 
          954, -1,955, 966, 967, -1,955, 967, 956, -1,965, 966, 955, -1,956, 967, 968, -1,956, 
          968, 957, -1,957, 968, 969, -1,957, 969, 958, -1,958, 969, 970, -1,958, 970, 959, -1,
          959, 970, 971, -1,959, 971, 961, -1,960, 961, 972, -1,960, 972, 964, -1,961, 971, 
          973, -1,961, 973, 972, -1,962, 974, 965, -1,963, 974, 962, -1,963, 975, 974, -1,964, 
          975, 963, -1,964, 972, 975, -1,965, 976, 966, -1,974, 976, 965, -1,966, 977, 978, -1,
          966, 978, 967, -1,976, 977, 966, -1,967, 978, 979, -1,967, 979, 968, -1,968, 979, 
          980, -1,968, 980, 969, -1,969, 980, 981, -1,969, 981, 970, -1,970, 981, 982, -1,970, 
          982, 971, -1,971, 982, 983, -1,971, 983, 973, -1,972, 973, 984, -1,972, 984, 975, -1,
          973, 983, 985, -1,973, 985, 984, -1,974, 986, 976, -1,975, 986, 974, -1,975, 984, 
          986, -1,976, 987, 977, -1,986, 987, 976, -1,977, 988, 978, -1,987, 988, 977, -1,978, 
          988, 979, -1,979, 988, 980, -1,980, 988, 981, -1,981, 988, 982, -1,982, 988, 983, -1,
          983, 988, 985, -1,984, 985, 989, -1,984, 989, 986, -1,985, 988, 989, -1,986, 989, 
          987, -1,989, 988, 987, -1,990, 991, 992, -1,990, 993, 994, -1,990, 994, 991, -1,995, 
          990, 992, -1,995, 993, 990, -1,991, 996, 992, -1,991, 994, 997, -1,991, 997, 996, -1,
          998, 995, 992, -1,999, 998, 992, -1,1000, 999, 992, -1,1001, 1000, 992, -1,1002, 
          1001, 992, -1,1003, 1002, 992, -1,996, 1003, 992, -1,995, 1004, 993, -1,993, 1005, 
          1006, -1,993, 1006, 994, -1,1004, 1005, 993, -1,994, 1006, 1007, -1,994, 1007, 997, -1,
          998, 1004, 995, -1,996, 997, 1008, -1,996, 1008, 1003, -1,997, 1007, 1009, -1,997, 
          1009, 1008, -1,998, 1010, 1004, -1,999, 1010, 998, -1,999, 1011, 1010, -1,1000, 1011, 
          999, -1,1000, 1012, 1011, -1,1001, 1012, 1000, -1,1001, 1013, 1012, -1,1002, 1013, 
          1001, -1,1002, 1014, 1013, -1,1003, 1014, 1002, -1,1003, 1008, 1014, -1,1004, 1015, 
          1005, -1,1010, 1015, 1004, -1,1005, 1016, 1017, -1,1005, 1017, 1006, -1,1015, 1016, 
          1005, -1,1006, 1017, 1018, -1,1006, 1018, 1007, -1,1007, 1018, 1019, -1,1007, 1019, 
          1009, -1,1008, 1009, 1020, -1,1008, 1020, 1014, -1,1009, 1019, 1021, -1,1009, 1021, 
          1020, -1,1010, 1022, 1015, -1,1011, 1022, 1010, -1,1011, 1023, 1022, -1,1012, 1023, 
          1011, -1,1012, 1024, 1023, -1,1013, 1024, 1012, -1,1013, 1025, 1024, -1,1014, 1025, 
          1013, -1,1014, 1020, 1025, -1,1015, 1026, 1016, -1,1022, 1026, 1015, -1,1016, 1027, 
          1028, -1,1016, 1028, 1017, -1,1026, 1027, 1016, -1,1017, 1028, 1029, -1,1017, 1029, 
          1018, -1,1018, 1029, 1030, -1,1018, 1030, 1019, -1,1019, 1030, 1031, -1,1019, 1031, 
          1021, -1,1020, 1021, 1032, -1,1020, 1032, 1025, -1,1021, 1031, 1033, -1,1021, 1033, 
          1032, -1,1022, 1034, 1026, -1,1023, 1034, 1022, -1,1023, 1035, 1034, -1,1024, 1035, 
          1023, -1,1024, 1036, 1035, -1,1025, 1036, 1024, -1,1025, 1032, 1036, -1,1026, 1037, 
          1027, -1,1034, 1037, 1026, -1,1027, 1038, 1039, -1,1027, 1039, 1028, -1,1037, 1038, 
          1027, -1,1028, 1039, 1040, -1,1028, 1040, 1029, -1,1029, 1040, 1041, -1,1029, 1041, 
          1030, -1,1030, 1041, 1042, -1,1030, 1042, 1031, -1,1031, 1042, 1043, -1,1031, 1043, 
          1033, -1,1032, 1033, 1044, -1,1032, 1044, 1036, -1,1033, 1043, 1045, -1,1033, 1045, 
          1044, -1,1034, 1046, 1037, -1,1035, 1046, 1034, -1,1035, 1047, 1046, -1,1036, 1047, 
          1035, -1,1036, 1044, 1047, -1,1037, 1048, 1038, -1,1046, 1048, 1037, -1,1038, 1049, 
          1050, -1,1038, 1050, 1039, -1,1048, 1049, 1038, -1,1039, 1050, 1051, -1,1039, 1051, 
          1040, -1,1040, 1051, 1052, -1,1040, 1052, 1041, -1,1041, 1052, 1053, -1,1041, 1053, 
          1042, -1,1042, 1053, 1054, -1,1042, 1054, 1043, -1,1043, 1054, 1055, -1,1043, 1055, 
          1045, -1,1044, 1045, 1056, -1,1044, 1056, 1047, -1,1045, 1055, 1057, -1,1045, 1057, 
          1056, -1,1046, 1058, 1048, -1,1047, 1058, 1046, -1,1047, 1056, 1058, -1,1048, 1059, 
          1049, -1,1058, 1059, 1048, -1,1049, 1060, 1050, -1,1059, 1060, 1049, -1,1050, 1060, 
          1051, -1,1051, 1060, 1052, -1,1052, 1060, 1053, -1,1053, 1060, 1054, -1,1054, 1060, 
          1055, -1,1055, 1060, 1057, -1,1056, 1057, 1061, -1,1056, 1061, 1058, -1,1057, 1060, 
          1061, -1,1058, 1061, 1059, -1,1061, 1060, 1059, -1
        ]
      }
    }
  ]
}
DEF object5 Transform {
  children [
    Shape {
      appearance Appearance {
        material Material {
          diffuseColor 0.800000 0.800000 0.800000
          emissiveColor 0.000000 0.000000 0.000000
          specularColor 0.400000 0.400000 0.400000
          ambientIntensity 0.200000
          shininess 0.250000
        }
      }
      geometry IndexedFaceSet {
        coord Coordinate { point [
          # points 99
          -0.015336 -0.001551 0.07848, -0.014889 -0.003873 0.075823, -0.017534 -0.005246 0.081828, -0.016408 -0.00083 0.08464, 
          -0.009812 0.007641 0.074466, -0.008588 0.000332 0.067168, -0.015134 -0.008536 0.077031, -0.008109 -0.002159 0.064324, 
          -0.016145 -0.010144 0.08275, -0.016894 -0.007941 0.087132, -0.017213 -0.003912 0.089121, -0.011834 0.005902 0.085972, 
          -0.002403 0.00825 0.068402, -0.001819 0.005419 0.064942, -0.00404 0.007768 0.077759, -0.001849 0.000647 0.06492, 
          -0.008156 -0.009375 0.06429, -0.009509 -0.01258 0.071909, -0.011753 -0.010061 0.08485, -0.01279 -0.004056 0.091035, 
          -0.0132 0.000823 0.093583, -0.006053 0.005974 0.089203, 0.004224 0.009586 0.066837, 0.002786 0.008425 0.07502, 
          0.004404 0.007373 0.065719, 0.001097 0.00851 0.084686, -0.001458 -0.007187 0.062359, 0.004365 0.001236 0.06569, 
          0.004701 -0.003588 0.063575, -0.002952 -0.008916 0.070847, -0.003984 -0.008991 0.076757, -0.005343 -0.005775 0.084653, 
          -0.006902 -0.002506 0.093719, -0.007451 -0.00081 0.096929, -0.007312 0.002544 0.096266, -0.001113 0.005804 0.097234, 
          -0.000964 0.010692 0.09658, -0.000284 0.011101 0.092703, 0.010816 0.012 0.065523, 0.011067 0.007573 0.063903, 
          0.009372 0.011465 0.073771, 0.007844 0.009961 0.082446, 0.01082 0.000922 0.065041, 0.006297 0.011924 0.091381, 
          0.004377 -0.007229 0.065281, 0.009053 -0.001794 0.069414, 0.008875 -0.005986 0.075907, 0.00249 -0.006067 0.076123, 
          0.001319 -0.004212 0.082904, 2e-005 -0.007415 0.090216, -0.001083 -0.008286 0.096491, -0.00132 -0.006472 0.097916, 
          -0.000879 -0.001465 0.0956, 0.004587 -0.001967 0.100612, 0.004393 0.00479 0.101999, 0.004559 0.012634 0.10136, 
          0.016815 0.009007 0.067385, 0.017353 0.005721 0.064169, 0.01356 0.00969 0.086043, 0.017451 -0.000811 0.063338, 
          0.011494 0.011417 0.097934, 0.008122 -0.007476 0.080148, 0.016136 -0.006458 0.070639, 0.006425 -0.008924 0.089807, 
          0.006094 -0.010033 0.096727, 0.005313 -0.007488 0.101294, 0.005255 -0.006007 0.101806, 0.011431 -0.001992 0.097749, 
          0.011223 0.000789 0.099054, 0.010979 0.006466 0.100682, 0.011171 0.011412 0.099781, 0.022744 0.005558 0.069615, 
          0.020859 0.006719 0.080456, 0.022406 0.006518 0.071589, 0.023483 -0.001929 0.065086, 0.018882 0.006971 0.091785, 
          0.023415 -0.005737 0.065314, 0.018275 0.006335 0.09523, 0.01559 -0.009308 0.073642, 0.014124 -0.006605 0.08215, 
          0.02278 -0.007622 0.068876, 0.022242 -0.007858 0.071953, 0.012082 -0.006072 0.093852, 0.011014 -0.007055 0.099941, 
          0.011147 -0.004553 0.099275, 0.017952 -0.004124 0.096659, 0.018189 -0.002245 0.095376, 0.018252 0.002869 0.095215, 
          0.028566 0.003528 0.072528, 0.026307 0.005194 0.085526, 0.025728 0.002231 0.088714, 0.027208 -0.00388 0.080004, 
          0.021713 -0.009799 0.0749, 0.020847 -0.008734 0.079892, 0.018541 -0.005932 0.093204, 0.01814 -0.006563 0.095479, 
          0.024665 -0.000969 0.094672, 0.028607 -0.002131 0.081144, 0.027173 -0.000849 0.089399]
        }
        creaseAngle 0.610865
        normal Normal { vector [
          # normals 99
          -0.881134 0.337451 -0.331255, -0.884378 0.155129 -0.440239, -0.984265 0.011936 -0.176293, -0.898502 0.435855 -0.052204, 
          -0.624447 0.726816 -0.286013, -0.658053 0.399097 -0.638504, -0.869961 -0.282957 -0.40386, -0.642919 0.229425 -0.730766, 
          -0.679513 -0.733648 0.004715, -0.622549 -0.607217 0.493681, -0.899095 0.059706 0.433663, -0.545305 0.812575 0.205826, 
          -0.246636 0.942233 -0.226643, -0.300423 0.4212 -0.855767, -0.11655 0.990628 0.071219, -0.066092 0.22686 -0.971682, 
          -0.451074 -0.320908 -0.832797, 0.00186 -0.994146 -0.108034, 0.161968 -0.875632 0.45501, -0.238574 -0.634941 0.734801, 
          -0.609178 0.316905 0.726962, -0.490913 0.844728 0.213165, -0.301471 0.794507 -0.527138, -0.235551 0.971189 0.036159, 
          -0.067669 0.126459 -0.989661, -0.268194 0.951036 -0.153633, 0.191785 -0.608722 -0.769854, 0.185939 -0.236174 -0.953755, 
          0.574257 0.059589 -0.816503, 0.368169 -0.929754 0.003059, 0.426912 -0.868884 0.250574, 0.223523 -0.947137 0.23015, 
          -0.282551 -0.79361 0.538839, -0.210187 -0.403423 0.890545, -0.44274 0.573721 0.689076, -0.559984 0.111464 0.820971, 
          -0.744623 0.466683 0.477225, -0.380108 0.91116 -0.159076, 0.066705 0.837196 -0.542819, -0.027108 0.2658 -0.963647, 
          -0.059167 0.992021 0.111326, -0.036964 0.998731 -0.034212, -0.187314 -0.322444 -0.92787, -0.011992 0.984959 -0.172373, 
          0.423532 -0.866679 -0.263605, -0.209881 -0.803791 -0.55666, 0.113172 -0.867602 -0.484209, 0.145938 -0.985449 0.087131, 
          -0.046851 -0.998635 -0.02308, -0.30016 -0.932608 -0.200366, -0.503841 -0.818145 0.277096, -0.555042 -0.126821 0.822098, 
          -0.402041 -0.070554 0.912899, -0.197653 -0.097234 0.975438, -0.236761 -0.06435 0.969435, -0.079123 0.847 0.525672, 
          0.43496 0.868448 -0.237924, 0.285738 0.346577 -0.893442, 0.296184 0.954067 -0.045069, -0.189359 -0.453221 -0.871053, 
          0.400338 0.915672 0.035695, -0.252674 -0.951218 -0.177033, -0.343368 -0.785723 -0.514527, 0.020684 -0.985686 -0.167317, 
          0.100825 -0.99129 0.084725, -0.060611 -0.526594 0.847953, -0.114802 0.144096 0.982882, 0.336647 0.183101 0.923657, 
          0.370229 -0.236454 0.898343, 0.41258 -0.02039 0.910693, 0.51388 0.628708 0.583656, 0.564402 0.648555 -0.510713, 
          0.33887 0.940167 0.035414, 0.4248 0.897499 -0.118491, 0.550944 0.20055 -0.810087, 0.529929 0.825351 0.194864, 
          0.492145 -0.57083 -0.657226, 0.703943 0.441703 0.556204, -0.175726 -0.962266 -0.207763, 0.017787 -0.993046 0.116377, 
          0.277121 -0.938083 -0.207857, 0.278494 -0.894529 -0.349657, 0.171084 -0.984368 -0.041834, 0.417308 -0.665306 0.619049, 
          0.364284 0.127392 0.922534, 0.303156 0.177885 0.936191, 0.308717 0.314791 0.897552, 0.584963 -0.038911 0.810126, 
          0.918489 0.274843 -0.284321, 0.607451 0.756845 0.241223, 0.631597 0.491223 0.59982, 0.758284 -0.651892 -0.006469, 
          0.384346 -0.918649 -0.091442, 0.178094 -0.958369 0.223184, 0.336884 -0.941086 0.029443, 0.441195 -0.766797 0.46623, 
          0.700681 -0.402369 0.589191, 0.852495 -0.515648 0.085786, 0.932887 0.121457 0.339072]
        }
        coordIndex [
          0, 1, 2, -1,3, 0, 2, -1,4, 5, 0, -1,5, 1, 0, -1,4, 0, 3, -1,1, 6, 2, -1,5, 7, 1, -1,
          7, 6, 1, -1,6, 8, 2, -1,8, 9, 2, -1,9, 10, 2, -1,10, 3, 2, -1,11, 3, 10, -1,11, 4, 
          3, -1,12, 13, 4, -1,13, 5, 4, -1,14, 4, 11, -1,14, 12, 4, -1,13, 15, 5, -1,15, 7, 
          5, -1,7, 16, 6, -1,16, 17, 6, -1,17, 8, 6, -1,15, 16, 7, -1,17, 18, 8, -1,18, 9, 
          8, -1,18, 19, 9, -1,19, 10, 9, -1,19, 20, 10, -1,20, 11, 10, -1,21, 11, 20, -1,21, 
          14, 11, -1,22, 13, 12, -1,23, 12, 14, -1,23, 22, 12, -1,22, 24, 13, -1,24, 15, 13, -1,
          25, 14, 21, -1,25, 23, 14, -1,15, 26, 16, -1,24, 27, 15, -1,27, 28, 15, -1,28, 26, 
          15, -1,26, 17, 16, -1,26, 29, 17, -1,29, 30, 17, -1,30, 18, 17, -1,30, 31, 18, -1,
          31, 32, 18, -1,32, 19, 18, -1,32, 33, 19, -1,33, 20, 19, -1,33, 34, 20, -1,34, 21, 
          20, -1,35, 21, 34, -1,35, 36, 21, -1,36, 37, 21, -1,37, 25, 21, -1,38, 39, 22, -1,
          39, 24, 22, -1,40, 22, 23, -1,40, 38, 22, -1,41, 23, 25, -1,41, 40, 23, -1,39, 42, 
          24, -1,42, 27, 24, -1,43, 25, 37, -1,43, 41, 25, -1,28, 44, 26, -1,44, 29, 26, -1,
          42, 45, 27, -1,45, 46, 27, -1,46, 28, 27, -1,46, 44, 28, -1,44, 47, 29, -1,47, 30, 
          29, -1,47, 48, 30, -1,48, 31, 30, -1,48, 49, 31, -1,49, 32, 31, -1,49, 50, 32, -1,
          50, 51, 32, -1,51, 52, 32, -1,52, 33, 32, -1,52, 35, 33, -1,35, 34, 33, -1,53, 35, 
          52, -1,53, 54, 35, -1,54, 36, 35, -1,54, 55, 36, -1,55, 37, 36, -1,55, 43, 37, -1,
          56, 39, 38, -1,56, 38, 40, -1,56, 57, 39, -1,57, 42, 39, -1,56, 40, 41, -1,58, 41, 
          43, -1,58, 56, 41, -1,57, 59, 42, -1,59, 45, 42, -1,60, 43, 55, -1,60, 58, 43, -1,
          46, 47, 44, -1,59, 46, 45, -1,46, 61, 47, -1,59, 62, 46, -1,62, 61, 46, -1,61, 48, 
          47, -1,61, 63, 48, -1,63, 49, 48, -1,63, 64, 49, -1,64, 50, 49, -1,64, 65, 50, -1,
          65, 51, 50, -1,65, 66, 51, -1,66, 52, 51, -1,66, 53, 52, -1,67, 53, 66, -1,67, 68, 
          53, -1,68, 54, 53, -1,68, 69, 54, -1,69, 55, 54, -1,69, 70, 55, -1,70, 60, 55, -1,
          71, 57, 56, -1,72, 56, 58, -1,72, 73, 56, -1,73, 71, 56, -1,71, 74, 57, -1,74, 59, 
          57, -1,75, 58, 60, -1,75, 72, 58, -1,74, 76, 59, -1,76, 62, 59, -1,77, 60, 70, -1,
          77, 75, 60, -1,62, 78, 61, -1,78, 79, 61, -1,79, 63, 61, -1,76, 80, 62, -1,80, 81, 
          62, -1,81, 78, 62, -1,79, 82, 63, -1,82, 64, 63, -1,82, 83, 64, -1,83, 65, 64, -1,
          83, 84, 65, -1,84, 66, 65, -1,84, 67, 66, -1,85, 67, 84, -1,85, 86, 67, -1,86, 68, 
          67, -1,86, 87, 68, -1,87, 69, 68, -1,87, 77, 69, -1,77, 70, 69, -1,88, 74, 71, -1,
          88, 71, 73, -1,89, 72, 75, -1,89, 73, 72, -1,89, 88, 73, -1,88, 76, 74, -1,90, 75, 
          77, -1,90, 89, 75, -1,88, 91, 76, -1,91, 80, 76, -1,90, 77, 87, -1,81, 92, 78, -1,
          92, 93, 78, -1,93, 79, 78, -1,93, 82, 79, -1,91, 81, 80, -1,91, 92, 81, -1,93, 94, 
          82, -1,94, 95, 82, -1,95, 83, 82, -1,95, 84, 83, -1,95, 85, 84, -1,96, 85, 95, -1,
          96, 86, 85, -1,96, 90, 86, -1,90, 87, 86, -1,97, 91, 88, -1,98, 88, 89, -1,98, 97, 
          88, -1,98, 89, 90, -1,98, 90, 96, -1,91, 93, 92, -1,91, 96, 93, -1,97, 96, 91, -1,
          96, 94, 93, -1,96, 95, 94, -1,97, 98, 96, -1
        ]
        normalPerVertex TRUE
        normalIndex [
          0, 1, 2, -1,3, 0, 2, -1,4, 5, 0, -1,5, 1, 0, -1,4, 0, 3, -1,1, 6, 2, -1,5, 7, 1, -1,
          7, 6, 1, -1,6, 8, 2, -1,8, 9, 2, -1,9, 10, 2, -1,10, 3, 2, -1,11, 3, 10, -1,11, 4, 
          3, -1,12, 13, 4, -1,13, 5, 4, -1,14, 4, 11, -1,14, 12, 4, -1,13, 15, 5, -1,15, 7, 
          5, -1,7, 16, 6, -1,16, 17, 6, -1,17, 8, 6, -1,15, 16, 7, -1,17, 18, 8, -1,18, 9, 
          8, -1,18, 19, 9, -1,19, 10, 9, -1,19, 20, 10, -1,20, 11, 10, -1,21, 11, 20, -1,21, 
          14, 11, -1,22, 13, 12, -1,23, 12, 14, -1,23, 22, 12, -1,22, 24, 13, -1,24, 15, 13, -1,
          25, 14, 21, -1,25, 23, 14, -1,15, 26, 16, -1,24, 27, 15, -1,27, 28, 15, -1,28, 26, 
          15, -1,26, 17, 16, -1,26, 29, 17, -1,29, 30, 17, -1,30, 18, 17, -1,30, 31, 18, -1,
          31, 32, 18, -1,32, 19, 18, -1,32, 33, 19, -1,33, 20, 19, -1,33, 34, 20, -1,34, 21, 
          20, -1,35, 21, 34, -1,35, 36, 21, -1,36, 37, 21, -1,37, 25, 21, -1,38, 39, 22, -1,
          39, 24, 22, -1,40, 22, 23, -1,40, 38, 22, -1,41, 23, 25, -1,41, 40, 23, -1,39, 42, 
          24, -1,42, 27, 24, -1,43, 25, 37, -1,43, 41, 25, -1,28, 44, 26, -1,44, 29, 26, -1,
          42, 45, 27, -1,45, 46, 27, -1,46, 28, 27, -1,46, 44, 28, -1,44, 47, 29, -1,47, 30, 
          29, -1,47, 48, 30, -1,48, 31, 30, -1,48, 49, 31, -1,49, 32, 31, -1,49, 50, 32, -1,
          50, 51, 32, -1,51, 52, 32, -1,52, 33, 32, -1,52, 35, 33, -1,35, 34, 33, -1,53, 35, 
          52, -1,53, 54, 35, -1,54, 36, 35, -1,54, 55, 36, -1,55, 37, 36, -1,55, 43, 37, -1,
          56, 39, 38, -1,56, 38, 40, -1,56, 57, 39, -1,57, 42, 39, -1,56, 40, 41, -1,58, 41, 
          43, -1,58, 56, 41, -1,57, 59, 42, -1,59, 45, 42, -1,60, 43, 55, -1,60, 58, 43, -1,
          46, 47, 44, -1,59, 46, 45, -1,46, 61, 47, -1,59, 62, 46, -1,62, 61, 46, -1,61, 48, 
          47, -1,61, 63, 48, -1,63, 49, 48, -1,63, 64, 49, -1,64, 50, 49, -1,64, 65, 50, -1,
          65, 51, 50, -1,65, 66, 51, -1,66, 52, 51, -1,66, 53, 52, -1,67, 53, 66, -1,67, 68, 
          53, -1,68, 54, 53, -1,68, 69, 54, -1,69, 55, 54, -1,69, 70, 55, -1,70, 60, 55, -1,
          71, 57, 56, -1,72, 56, 58, -1,72, 73, 56, -1,73, 71, 56, -1,71, 74, 57, -1,74, 59, 
          57, -1,75, 58, 60, -1,75, 72, 58, -1,74, 76, 59, -1,76, 62, 59, -1,77, 60, 70, -1,
          77, 75, 60, -1,62, 78, 61, -1,78, 79, 61, -1,79, 63, 61, -1,76, 80, 62, -1,80, 81, 
          62, -1,81, 78, 62, -1,79, 82, 63, -1,82, 64, 63, -1,82, 83, 64, -1,83, 65, 64, -1,
          83, 84, 65, -1,84, 66, 65, -1,84, 67, 66, -1,85, 67, 84, -1,85, 86, 67, -1,86, 68, 
          67, -1,86, 87, 68, -1,87, 69, 68, -1,87, 77, 69, -1,77, 70, 69, -1,88, 74, 71, -1,
          88, 71, 73, -1,89, 72, 75, -1,89, 73, 72, -1,89, 88, 73, -1,88, 76, 74, -1,90, 75, 
          77, -1,90, 89, 75, -1,88, 91, 76, -1,91, 80, 76, -1,90, 77, 87, -1,81, 92, 78, -1,
          92, 93, 78, -1,93, 79, 78, -1,93, 82, 79, -1,91, 81, 80, -1,91, 92, 81, -1,93, 94, 
          82, -1,94, 95, 82, -1,95, 83, 82, -1,95, 84, 83, -1,95, 85, 84, -1,96, 85, 95, -1,
          96, 86, 85, -1,96, 90, 86, -1,90, 87, 86, -1,97, 91, 88, -1,98, 88, 89, -1,98, 97, 
          88, -1,98, 89, 90, -1,98, 90, 96, -1,91, 93, 92, -1,91, 96, 93, -1,97, 96, 91, -1,
          96, 94, 93, -1,96, 95, 94, -1,97, 98, 96, -1
        ]
      }
    }
  ]
}
