#VRML V2.0 utf8 
Transform { 
 children [ 
    Shape { 
appearance Appearance {
              material DEF surface Material {
              diffuseColor 0.8 0.8 0.8
              ambientIntensity 0.2
              specularColor 0.4 0.4 0.4
              emissiveColor 0 0 0
              shininess 0.25
              transparency 0
            }
          }
   geometry IndexedFaceSet { 
   solid FALSE 
    coord DEF bone Coordinate{ 
     point [ 
-0.002485	0.416259	0.067708	,
0.002267	0.407737	0.063177	,
-0.008353	0.413258	0.066091	,
0.005013	0.416179	0.068079	,
-0.001938	0.418885	0.071136	,
0.010107	0.416044	0.071439	,
-0.011733	0.406253	0.064255	,
-0.008749	0.397862	0.06161	,
0.00001	0.393487	0.06095	,
0.008418	0.399196	0.061488	,
0.012835	0.404267	0.065629	,
0.011158	0.412518	0.068159	,
-0.008158	0.416469	0.069818	,
-0.014097	0.410306	0.067965	,
0.016484	0.410525	0.071873	,
-0.002308	0.421305	0.077	,
0.00693	0.419753	0.076502	,
0.01431	0.416141	0.077247	,
-0.0154	0.401654	0.065539	,
-0.01047	0.394523	0.063231	,
-0.000161	0.39051	0.061909	,
0.008717	0.393332	0.062329	,
0.01447	0.397004	0.065432	,
0.017318	0.402055	0.068293	,
-0.009431	0.41915	0.075587	,
-0.015531	0.413876	0.07362	,
-0.018798	0.405641	0.070541	,
0.01975	0.409812	0.078021	,
-0.003142	0.422331	0.082714	,
0.002942	0.422217	0.083867	,
0.009514	0.420136	0.08436	,
0.016752	0.415302	0.084798	,
-0.016558	0.395531	0.067013	,
-0.009495	0.389428	0.064474	,
0.000788	0.387625	0.063321	,
0.009865	0.389534	0.064581	,
0.017219	0.394224	0.068816	,
0.021712	0.401481	0.075089	,
-0.010106	0.420215	0.081327	,
-0.016733	0.415443	0.079459	,
-0.021371	0.406567	0.076281	,
-0.020732	0.397672	0.072299	,
0.023186	0.399693	0.07827	,
0.021279	0.409285	0.083772	,
-0.011544	0.419532	0.08774	,
-0.004899	0.421668	0.08839	,
0.001573	0.421757	0.089911	,
0.00787	0.419973	0.091268	,
0.016054	0.413591	0.092679	,
-0.015423	0.389837	0.06871	,
-0.007474	0.385805	0.066342	,
0.002291	0.383652	0.06643	,
0.013029	0.38719	0.06877	,
0.019412	0.391408	0.073055	,
-0.017672	0.41479	0.085846	,
-0.022373	0.406494	0.082112	,
-0.02246	0.396146	0.077901	,
-0.017314	0.388159	0.072912	,
0.023141	0.395765	0.084517	,
0.021058	0.405807	0.091048	,
-0.013445	0.41671	0.092332	,
-0.019913	0.411076	0.088611	,
-0.005972	0.419438	0.094207	,
0.00198	0.418852	0.096402	,
0.009327	0.415115	0.098314	,
0.014706	0.409681	0.098969	,
-0.008936	0.383962	0.06892	,
0.002108	0.381766	0.068457	,
0.013393	0.384313	0.07247	,
0.020966	0.389888	0.078125	,
-0.023301	0.401183	0.085127	,
-0.021882	0.39207	0.08045	,
-0.015668	0.38549	0.072491	,
-0.006174	0.382087	0.069704	,
0.020997	0.395229	0.092981	,
0.019198	0.401915	0.097145	,
-0.006443	0.416768	0.098319	,
-0.013328	0.414668	0.096141	,
-0.019447	0.408811	0.093083	,
-0.000481	0.415534	0.101241	,
0.004317	0.41349	0.102408	,
0.008703	0.408311	0.10355	,
0.014092	0.399674	0.102532	,
0.005619	0.380734	0.071169	,
0.014739	0.38268	0.079227	,
0.019991	0.387578	0.085754	,
-0.023245	0.400619	0.089496	,
-0.022616	0.393012	0.084882	,
-0.016372	0.385871	0.078816	,
-0.007745	0.38237	0.07464	,
0.017246	0.384537	0.089297	,
0.017002	0.392716	0.09819	,
-0.014142	0.410676	0.099028	,
-0.006853	0.412157	0.102089	,
-0.018719	0.403918	0.095625	,
-0.020368	0.396241	0.093483	,
-0.000651	0.409952	0.10502	,
0.005654	0.405692	0.105554	,
0.008514	0.398261	0.105561	,
0.011673	0.390782	0.101547	,
0.000618	0.380229	0.074776	,
0.006686	0.379548	0.076896	,
0.013604	0.38134	0.082905	,
-0.017821	0.38764	0.085955	,
-0.010661	0.383369	0.081612	,
-0.00324	0.380857	0.080533	,
0.012267	0.38444	0.095792	,
-0.013258	0.398579	0.099967	,
-0.006526	0.403737	0.10161	,
-0.017241	0.390471	0.096778	,
-0.015091	0.383178	0.090896	,
-0.000963	0.40143	0.104486	,
0.005191	0.397935	0.106896	,
0.00821	0.390712	0.10437	,
0.003401	0.380479	0.082453	,
0.009445	0.381199	0.087731	,
-0.009402	0.379278	0.087648	,
-0.000243	0.378203	0.088931	,
0.008817	0.384903	0.099513	,
-0.012344	0.392566	0.108766	,
-0.016792	0.384699	0.104605	,
-0.004982	0.396847	0.111102	,
-0.015739	0.378701	0.098438	,
-0.013535	0.37267	0.095126	,
0.001984	0.393571	0.113573	,
0.005033	0.385933	0.113109	,
0.004745	0.37868	0.110606	,
0.007	0.380527	0.094073	,
-0.008431	0.369849	0.093485	,
-0.001414	0.369151	0.096504	,
0.00359	0.371963	0.105523	,
-0.007116	0.396097	0.117535	,
-0.013007	0.391034	0.11361	,
-0.01695	0.382809	0.109108	,
-0.017874	0.374816	0.105059	,
-0.001184	0.393996	0.1208	,
-0.016132	0.366699	0.098057	,
-0.013513	0.364264	0.095376	,
0.003743	0.389628	0.12172	,
0.006122	0.383503	0.121726	,
0.002471	0.367941	0.114206	,
0.003644	0.377502	0.11909	,
-0.00369	0.360964	0.099154	,
0.002085	0.362031	0.105489	,
-0.007985	0.397382	0.124052	,
-0.002429	0.395999	0.126326	,
-0.015659	0.392826	0.120785	,
-0.017491	0.38477	0.120498	,
-0.019361	0.376236	0.114968	,
-0.020722	0.366816	0.106548	,
0.001913	0.392419	0.128513	,
-0.018872	0.359796	0.101021	,
-0.016848	0.355434	0.096162	,
0.00307	0.38736	0.12943	,
0.000569	0.371501	0.122459	,
0.001374	0.380531	0.127387	,
0.000989	0.354575	0.106572	,
0.001274	0.362422	0.115632	,
-0.007933	0.353805	0.099863	,
-0.011426	0.399277	0.128878	,
-0.005572	0.399025	0.13321	,
-0.0017	0.392794	0.13484	,
-0.023433	0.398142	0.118286	,
-0.024874	0.38891	0.122303	,
-0.025779	0.379504	0.120877	,
-0.027161	0.372434	0.114859	,
-0.025479	0.364696	0.111066	,
-0.001146	0.383328	0.134409	,
-0.022926	0.356725	0.104412	,
-0.021497	0.35235	0.099681	,
-0.019536	0.349493	0.093415	,
-0.001981	0.366743	0.127766	,
-0.002531	0.373919	0.131454	,
0.001424	0.352419	0.116485	,
-0.000447	0.359729	0.12194	,
-0.014325	0.34749	0.098786	,
-0.00344	0.346366	0.104353	,
0.002122	0.348684	0.109969	,
-0.011591	0.400239	0.133471	,
-0.004739	0.390975	0.137984	,
-0.00358	0.380866	0.136867	,
-0.02362	0.401334	0.120381	,
-0.030479	0.397575	0.115172	,
-0.03236	0.383362	0.118391	,
-0.032541	0.372568	0.11574	,
-0.030797	0.362253	0.114035	,
-0.02809	0.354705	0.106959	,
-0.004648	0.363365	0.132422	,
-0.003984	0.371026	0.136873	,
-0.028187	0.349666	0.097086	,
-0.025042	0.34632	0.091829	,
-0.019335	0.344112	0.092901	,
0.002156	0.346123	0.115458	,
-0.00014	0.350028	0.122298	,
-0.002646	0.35657	0.128175	,
0.002109	0.343339	0.109247	,
-0.016134	0.342909	0.099175	,
-0.009042	0.341849	0.10321	,
-0.003205	0.341373	0.104978	,
-0.015167	0.398338	0.137026	,
-0.026389	0.40091	0.126569	,
-0.010708	0.389149	0.140718	,
-0.008875	0.379903	0.142043	,
-0.034061	0.398687	0.119045	,
-0.036018	0.382431	0.120303	,
-0.036939	0.37302	0.120529	,
-0.035567	0.363603	0.120469	,
-0.028678	0.352637	0.114617	,
-0.030119	0.346188	0.100296	,
-0.008726	0.361892	0.13727	,
-0.00736	0.369765	0.141952	,
-0.026958	0.342992	0.093557	,
-0.020557	0.340367	0.093987	,
-0.015958	0.338784	0.101647	,
0.002924	0.340043	0.117368	,
-0.000767	0.345487	0.126245	,
-0.006313	0.351163	0.132447	,
0.003685	0.337235	0.111237	,
-0.008757	0.336178	0.104003	,
-0.000899	0.335582	0.105935	,
-0.018208	0.393825	0.138885	,
-0.031239	0.39611	0.131969	,
-0.035469	0.392513	0.125388	,
-0.013727	0.38174	0.145469	,
-0.036412	0.384411	0.126732	,
-0.036057	0.373543	0.128619	,
-0.033834	0.364882	0.128442	,
-0.02949	0.3481	0.122798	,
-0.025523	0.34105	0.11153	,
-0.024148	0.337959	0.119064	,
-0.029251	0.339387	0.101351	,
-0.013466	0.360411	0.138945	,
-0.011038	0.370458	0.145417	,
-0.025443	0.337783	0.095428	,
-0.016938	0.333835	0.104058	,
0.003558	0.33276	0.121132	,
0.004376	0.330765	0.111184	,
-0.001875	0.334456	0.128741	,
-0.011372	0.352014	0.13654	,
-0.006027	0.335579	0.13325	,
-0.002154	0.329651	0.105714	,
-0.010523	0.331162	0.104705	,
-0.020262	0.380957	0.144248	,
-0.029105	0.382543	0.139937	,
-0.033262	0.380528	0.134711	,
-0.018167	0.367575	0.143816	,
-0.03192	0.371154	0.136085	,
-0.024391	0.336714	0.126606	,
-0.026538	0.344839	0.129597	,
-0.029181	0.35806	0.132875	,
-0.022525	0.333827	0.108592	,
-0.020076	0.326637	0.12052	,
-0.019857	0.356965	0.137356	,
0.007852	0.316575	0.119157	,
0.007774	0.316585	0.11173	,
0.00167	0.315399	0.106675	,
-0.018056	0.346801	0.134992	,
-0.012102	0.334624	0.134944	,
-0.000264	0.31662	0.129236	,
-0.007277	0.314733	0.107471	,
-0.010418	0.323484	0.107452	,
-0.025473	0.368473	0.141272	,
-0.019742	0.335552	0.131786	,
-0.013514	0.31152	0.115102	,
-0.014593	0.313684	0.129968	,
0.010395	0.285249	0.125787	,
0.013557	0.292682	0.11401	,
0.007304	0.287	0.10462	,
-0.008417	0.314536	0.134073	,
-0.001975	0.284461	0.1321	,
-0.005871	0.28519	0.111631	,
-0.007908	0.282949	0.128637	,
0.016288	0.254262	0.125713	,
0.021585	0.256721	0.114489	,
0.013413	0.256519	0.101524	,
0.002221	0.253395	0.108484	,
0.006723	0.25217	0.128437	,
-0.000053	0.25091	0.122702	,
0.022357	0.221663	0.123252	,
0.026764	0.224552	0.112777	,
0.018745	0.224918	0.099561	,
0.007044	0.224851	0.106082	,
0.005728	0.222448	0.117934	,
0.011849	0.223086	0.125437	,
0.025319	0.193711	0.120459	,
0.029398	0.195688	0.106407	,
0.018726	0.195496	0.097552	,
0.010333	0.193225	0.103373	,
0.009502	0.191926	0.115034	,
0.015473	0.192065	0.122152	,
0.028845	0.158362	0.115993	,
0.032097	0.160189	0.103246	,
0.022526	0.161158	0.093751	,
0.012784	0.160678	0.098862	,
0.011708	0.157605	0.110688	,
0.019081	0.157473	0.118215	,
0.031172	0.125493	0.110639	,
0.033931	0.12714	0.099811	,
0.024257	0.129295	0.089713	,
0.013304	0.127574	0.095178	,
0.012871	0.12497	0.10837	,
0.020614	0.123655	0.113849	,
0.020902	0.09299	0.110491	,
0.028519	0.093334	0.108791	,
0.033406	0.094997	0.09448	,
0.026736	0.096361	0.085298	,
0.017225	0.096483	0.087773	,
0.011122	0.095172	0.096367	,
0.013097	0.093126	0.107104	,
0.018972	0.059881	0.107927	,
0.029801	0.059547	0.105458	,
0.033036	0.058874	0.091379	,
0.025037	0.06162	0.079422	,
0.015455	0.063002	0.081997	,
0.010596	0.062249	0.092056	,
0.010032	0.060849	0.103733	,
0.016284	0.032991	0.107752	,
0.030513	0.030148	0.102076	,
0.02998	0.03185	0.085782	,
0.025348	0.034895	0.075281	,
0.014551	0.03767	0.073424	,
0.008473	0.032481	0.089693	,
0.007022	0.03336	0.103988	,
0.002655	0.020019	0.106509	,
0.015523	0.018606	0.109117	,
0.029925	0.013609	0.104285	,
0.029547	0.015234	0.083053	,
0.02203	0.022119	0.069732	,
0.012115	0.024734	0.065304	,
0.008116	0.022116	0.074253	,
0.006616	0.019326	0.086766	,
-0.002897	0.013023	0.112052	,
0.01198	0.005841	0.11492	,
-0.000454	0.013018	0.097988	,
0.022959	0.002747	0.112106	,
0.035306	0.002928	0.104605	,
0.032968	0.004367	0.091948	,
0.031145	0.004254	0.081623	,
0.027072	0.009011	0.070363	,
0.020784	0.012047	0.062811	,
0.006791	0.012098	0.050094	,
0.01116	0.017883	0.060041	,
0.004383	0.013977	0.070031	,
0.003587	0.012151	0.083722	,
-0.009434	0.008327	0.112627	,
-0.009795	0.009827	0.097884	,
0.002353	0.001432	0.119567	,
0.010398	-0.002182	0.117607	,
-0.006731	0.007813	0.092606	,
0.021525	-0.004413	0.112818	,
0.035446	-0.005787	0.104825	,
0.032663	-0.005177	0.092289	,
0.030062	-0.006264	0.083268	,
0.032818	-0.005157	0.075671	,
0.025956	0.000182	0.065499	,
0.019136	0.005376	0.055981	,
0.017446	-0.002156	0.053185	,
0.01173	0.0022	0.046623	,
0.002937	0.006041	0.045974	,
-0.000852	0.008728	0.057505	,
-0.001801	0.007485	0.066929	,
-0.002039	0.00552	0.081562	,
-0.016769	0.002853	0.111177	,
-0.009767	-0.002873	0.118707	,
-0.017997	0.004308	0.105544	,
-0.011068	-0.00073	0.089848	,
-0.016787	0.002434	0.095551	,
-0.002143	-0.006302	0.120533	,
0.007871	-0.008459	0.117621	,
-0.002281	0.000000	0.081945	,
0.017481	-0.011851	0.113177	,
0.024589	-0.013262	0.111214	,
0.031195	-0.014066	0.106021	,
0.029754	-0.013497	0.09417	,
0.02546	-0.012837	0.083533	,
0.029709	-0.013635	0.077392	,
0.033345	-0.014184	0.073273	,
0.029794	-0.010377	0.067184	,
0.02465	-0.007569	0.062125	,
0.01514	-0.009293	0.052581	,
0.00683	-0.002541	0.045202	,
-0.007303	0.002453	0.047446	,
-0.015521	0.005825	0.055559	,
-0.003647	0.006474	0.055075	,
-0.010118	0.007009	0.06456	,
-0.008083	0.001605	0.070484	,
-0.022408	-0.004588	0.106797	,
-0.021165	-0.006397	0.113293	,
-0.012553	-0.01042	0.114097	,
-0.020512	-0.00562	0.097498	,
-0.002882	-0.008422	0.089731	,
-0.016366	-0.008881	0.092287	,
-0.006449	-0.013673	0.11583	,
0.003243	-0.01668	0.115412	,
-0.001044	-0.008861	0.074095	,
0.004058	-0.010535	0.081657	,
0.016771	-0.017675	0.111981	,
0.023161	-0.021217	0.109133	,
0.022884	-0.021138	0.097879	,
0.019261	-0.01779	0.087885	,
0.020794	-0.018748	0.079405	,
0.029071	-0.020928	0.071919	,
0.027465	-0.01705	0.064711	,
0.021598	-0.013145	0.060538	,
0.012713	-0.014202	0.052248	,
0.002472	-0.0118	0.04706	,
-0.007632	-0.009205	0.04677	,
-0.020658	-0.008592	0.049764	,
-0.017667	0.004101	0.062567	,
-0.016816	-0.00342	0.070302	,
-0.02182	-0.010716	0.103155	,
-0.021244	-0.013129	0.11158	,
-0.015779	-0.017373	0.115337	,
-0.014973	-0.01551	0.095963	,
-0.005442	-0.016331	0.091083	,
-0.007523	-0.022437	0.115796	,
0.005837	-0.023079	0.113417	,
-0.018287	-0.009922	0.069097	,
-0.013221	-0.015616	0.069209	,
-0.004487	-0.022012	0.069573	,
0.007255	-0.01632	0.082375	,
0.007211	-0.017681	0.089144	,
0.013777	-0.023537	0.109225	,
0.014433	-0.024549	0.101203	,
0.013143	-0.018346	0.083291	,
0.012486	-0.021127	0.092677	,
0.014155	-0.02152	0.078109	,
0.019347	-0.0255	0.070525	,
0.022154	-0.025019	0.061226	,
0.017173	-0.018753	0.057563	,
0.009566	-0.020713	0.053581	,
0.003233	-0.017783	0.048946	,
-0.007621	-0.01545	0.047408	,
-0.018097	-0.014535	0.049616	,
-0.022322	-0.003616	0.062399	,
-0.009423	-0.019038	0.09634	,
-0.014324	-0.01942	0.102078	,
-0.011563	-0.021864	0.10806	,
0.001318	-0.020799	0.094387	,
-0.000728	-0.024582	0.106807	,
-0.020977	-0.015899	0.060376	,
-0.014416	-0.020856	0.065099	,
-0.00373	-0.026432	0.067353	,
0.006343	-0.021611	0.075894	,
0.00628	-0.024557	0.100671	,
0.004537	-0.029129	0.067693	,
0.009081	-0.030285	0.062188	,
0.0119	-0.027962	0.055315	,
-0.004435	-0.025101	0.049198	,
-0.013769	-0.022733	0.051929	,
-0.015841	-0.022242	0.059101	,
-0.00446	-0.0229	0.100536	,
-0.008972	-0.026934	0.062302	,
-0.001631	-0.029478	0.062575	,
0.001302	-0.02816	0.051823	,
-0.008172	-0.027189	0.056045	,
-0.008353	0.413258	-0.066091	,
0.002267	0.407737	-0.063177	,
-0.002485	0.416259	-0.067708	,
-0.001938	0.418885	-0.071136	,
-0.011733	0.406253	-0.064255	,
-0.008158	0.416469	-0.069818	,
-0.014097	0.410306	-0.067965	,
0.005013	0.416179	-0.068079	,
-0.008749	0.397862	-0.06161	,
0.00001	0.393487	-0.06095	,
0.008418	0.399196	-0.061488	,
0.012835	0.404267	-0.065629	,
0.011158	0.412518	-0.068159	,
0.010107	0.416044	-0.071439	,
-0.002308	0.421305	-0.077	,
0.00693	0.419753	-0.076502	,
-0.0154	0.401654	-0.065539	,
-0.009431	0.41915	-0.075587	,
-0.015531	0.413876	-0.07362	,
-0.018798	0.405641	-0.070541	,
0.016484	0.410525	-0.071873	,
-0.01047	0.394523	-0.063231	,
-0.000161	0.39051	-0.061909	,
0.008717	0.393332	-0.062329	,
0.01447	0.397004	-0.065432	,
0.017318	0.402055	-0.068293	,
0.01431	0.416141	-0.077247	,
-0.003142	0.422331	-0.082714	,
0.002942	0.422217	-0.083867	,
0.009514	0.420136	-0.08436	,
-0.016558	0.395531	-0.067013	,
-0.010106	0.420215	-0.081327	,
-0.016733	0.415443	-0.079459	,
-0.021371	0.406567	-0.076281	,
-0.020732	0.397672	-0.072299	,
0.01975	0.409812	-0.078021	,
-0.009495	0.389428	-0.064474	,
0.000788	0.387625	-0.063321	,
0.009865	0.389534	-0.064581	,
0.017219	0.394224	-0.068816	,
0.021712	0.401481	-0.075089	,
0.016752	0.415302	-0.084798	,
-0.004899	0.421668	-0.08839	,
-0.011544	0.419532	-0.08774	,
0.001573	0.421757	-0.089911	,
0.00787	0.419973	-0.091268	,
-0.015423	0.389837	-0.06871	,
-0.017672	0.41479	-0.085846	,
-0.022373	0.406494	-0.082112	,
-0.02246	0.396146	-0.077901	,
-0.017314	0.388159	-0.072912	,
0.023186	0.399693	-0.07827	,
0.021279	0.409285	-0.083772	,
-0.007474	0.385805	-0.066342	,
0.002291	0.383652	-0.06643	,
0.013029	0.38719	-0.06877	,
0.019412	0.391408	-0.073055	,
0.016054	0.413591	-0.092679	,
-0.013445	0.41671	-0.092332	,
-0.005972	0.419438	-0.094207	,
-0.019913	0.411076	-0.088611	,
0.00198	0.418852	-0.096402	,
0.009327	0.415115	-0.098314	,
-0.008936	0.383962	-0.06892	,
-0.023301	0.401183	-0.085127	,
-0.021882	0.39207	-0.08045	,
-0.015668	0.38549	-0.072491	,
-0.006174	0.382087	-0.069704	,
0.023141	0.395765	-0.084517	,
0.021058	0.405807	-0.091048	,
0.002108	0.381766	-0.068457	,
0.013393	0.384313	-0.07247	,
0.020966	0.389888	-0.078125	,
0.014706	0.409681	-0.098969	,
-0.006443	0.416768	-0.098319	,
-0.013328	0.414668	-0.096141	,
-0.000481	0.415534	-0.101241	,
-0.019447	0.408811	-0.093083	,
0.004317	0.41349	-0.102408	,
0.008703	0.408311	-0.10355	,
0.005619	0.380734	-0.071169	,
-0.023245	0.400619	-0.089496	,
-0.022616	0.393012	-0.084882	,
-0.016372	0.385871	-0.078816	,
-0.007745	0.38237	-0.07464	,
0.020997	0.395229	-0.092981	,
0.019198	0.401915	-0.097145	,
0.014739	0.38268	-0.079227	,
0.019991	0.387578	-0.085754	,
0.014092	0.399674	-0.102532	,
-0.006853	0.412157	-0.102089	,
-0.014142	0.410676	-0.099028	,
-0.018719	0.403918	-0.095625	,
-0.000651	0.409952	-0.10502	,
-0.020368	0.396241	-0.093483	,
0.005654	0.405692	-0.105554	,
0.008514	0.398261	-0.105561	,
0.000618	0.380229	-0.074776	,
0.006686	0.379548	-0.076896	,
-0.017821	0.38764	-0.085955	,
-0.010661	0.383369	-0.081612	,
-0.00324	0.380857	-0.080533	,
0.017246	0.384537	-0.089297	,
0.017002	0.392716	-0.09819	,
0.013604	0.38134	-0.082905	,
0.011673	0.390782	-0.101547	,
-0.013258	0.398579	-0.099967	,
-0.006526	0.403737	-0.10161	,
-0.017241	0.390471	-0.096778	,
-0.000963	0.40143	-0.104486	,
-0.015091	0.383178	-0.090896	,
0.005191	0.397935	-0.106896	,
0.003401	0.380479	-0.082453	,
0.009445	0.381199	-0.087731	,
-0.009402	0.379278	-0.087648	,
-0.000243	0.378203	-0.088931	,
0.012267	0.38444	-0.095792	,
0.00821	0.390712	-0.10437	,
-0.012344	0.392566	-0.108766	,
-0.016792	0.384699	-0.104605	,
-0.004982	0.396847	-0.111102	,
-0.015739	0.378701	-0.098438	,
0.001984	0.393571	-0.113573	,
-0.013535	0.37267	-0.095126	,
0.005033	0.385933	-0.113109	,
0.007	0.380527	-0.094073	,
0.008817	0.384903	-0.099513	,
-0.008431	0.369849	-0.093485	,
-0.001414	0.369151	-0.096504	,
0.004745	0.37868	-0.110606	,
-0.007116	0.396097	-0.117535	,
-0.013007	0.391034	-0.11361	,
-0.01695	0.382809	-0.109108	,
-0.017874	0.374816	-0.105059	,
-0.001184	0.393996	-0.1208	,
-0.016132	0.366699	-0.098057	,
0.003743	0.389628	-0.12172	,
-0.013513	0.364264	-0.095376	,
0.006122	0.383503	-0.121726	,
0.00359	0.371963	-0.105523	,
-0.00369	0.360964	-0.099154	,
0.002085	0.362031	-0.105489	,
0.002471	0.367941	-0.114206	,
0.003644	0.377502	-0.11909	,
-0.007985	0.397382	-0.124052	,
-0.002429	0.395999	-0.126326	,
-0.015659	0.392826	-0.120785	,
-0.017491	0.38477	-0.120498	,
-0.019361	0.376236	-0.114968	,
-0.020722	0.366816	-0.106548	,
0.001913	0.392419	-0.128513	,
-0.018872	0.359796	-0.101021	,
0.00307	0.38736	-0.12943	,
-0.016848	0.355434	-0.096162	,
0.000569	0.371501	-0.122459	,
0.001374	0.380531	-0.127387	,
-0.007933	0.353805	-0.099863	,
0.000989	0.354575	-0.106572	,
0.001274	0.362422	-0.115632	,
-0.011426	0.399277	-0.128878	,
-0.005572	0.399025	-0.13321	,
-0.0017	0.392794	-0.13484	,
-0.023433	0.398142	-0.118286	,
-0.024874	0.38891	-0.122303	,
-0.025779	0.379504	-0.120877	,
-0.027161	0.372434	-0.114859	,
-0.025479	0.364696	-0.111066	,
-0.001146	0.383328	-0.134409	,
-0.022926	0.356725	-0.104412	,
-0.021497	0.35235	-0.099681	,
-0.001981	0.366743	-0.127766	,
-0.002531	0.373919	-0.131454	,
-0.019536	0.349493	-0.093415	,
0.001424	0.352419	-0.116485	,
-0.000447	0.359729	-0.12194	,
-0.014325	0.34749	-0.098786	,
-0.00344	0.346366	-0.104353	,
0.002122	0.348684	-0.109969	,
-0.011591	0.400239	-0.133471	,
-0.004739	0.390975	-0.137984	,
-0.00358	0.380866	-0.136867	,
-0.02362	0.401334	-0.120381	,
-0.030479	0.397575	-0.115172	,
-0.03236	0.383362	-0.118391	,
-0.032541	0.372568	-0.11574	,
-0.030797	0.362253	-0.114035	,
-0.02809	0.354705	-0.106959	,
-0.004648	0.363365	-0.132422	,
-0.003984	0.371026	-0.136873	,
-0.028187	0.349666	-0.097086	,
-0.025042	0.34632	-0.091829	,
0.002156	0.346123	-0.115458	,
-0.00014	0.350028	-0.122298	,
-0.002646	0.35657	-0.128175	,
-0.019335	0.344112	-0.092901	,
0.002109	0.343339	-0.109247	,
-0.016134	0.342909	-0.099175	,
-0.009042	0.341849	-0.10321	,
-0.003205	0.341373	-0.104978	,
-0.015167	0.398338	-0.137026	,
-0.026389	0.40091	-0.126569	,
-0.010708	0.389149	-0.140718	,
-0.008875	0.379903	-0.142043	,
-0.034061	0.398687	-0.119045	,
-0.036018	0.382431	-0.120303	,
-0.036939	0.37302	-0.120529	,
-0.035567	0.363603	-0.120469	,
-0.028678	0.352637	-0.114617	,
-0.030119	0.346188	-0.100296	,
-0.008726	0.361892	-0.13727	,
-0.00736	0.369765	-0.141952	,
-0.026958	0.342992	-0.093557	,
-0.020557	0.340367	-0.093987	,
0.002924	0.340043	-0.117368	,
-0.000767	0.345487	-0.126245	,
-0.006313	0.351163	-0.132447	,
-0.015958	0.338784	-0.101647	,
0.003685	0.337235	-0.111237	,
-0.008757	0.336178	-0.104003	,
-0.000899	0.335582	-0.105935	,
-0.018208	0.393825	-0.138885	,
-0.031239	0.39611	-0.131969	,
-0.035469	0.392513	-0.125388	,
-0.013727	0.38174	-0.145469	,
-0.036412	0.384411	-0.126732	,
-0.036057	0.373543	-0.128619	,
-0.033834	0.364882	-0.128442	,
-0.02949	0.3481	-0.122798	,
-0.024148	0.337959	-0.119064	,
-0.025523	0.34105	-0.11153	,
-0.029251	0.339387	-0.101351	,
-0.013466	0.360411	-0.138945	,
-0.011038	0.370458	-0.145417	,
-0.025443	0.337783	-0.095428	,
-0.016938	0.333835	-0.104058	,
0.003558	0.33276	-0.121132	,
0.004376	0.330765	-0.111184	,
-0.001875	0.334456	-0.128741	,
-0.006027	0.335579	-0.13325	,
-0.011372	0.352014	-0.13654	,
-0.002154	0.329651	-0.105714	,
-0.010523	0.331162	-0.104705	,
-0.020262	0.380957	-0.144248	,
-0.029105	0.382543	-0.139937	,
-0.033262	0.380528	-0.134711	,
-0.018167	0.367575	-0.143816	,
-0.03192	0.371154	-0.136085	,
-0.024391	0.336714	-0.126606	,
-0.026538	0.344839	-0.129597	,
-0.029181	0.35806	-0.132875	,
-0.020076	0.326637	-0.12052	,
-0.022525	0.333827	-0.108592	,
-0.019857	0.356965	-0.137356	,
0.007852	0.316575	-0.119157	,
0.007774	0.316585	-0.11173	,
0.00167	0.315399	-0.106675	,
-0.012102	0.334624	-0.134944	,
-0.000264	0.31662	-0.129236	,
-0.018056	0.346801	-0.134992	,
-0.007277	0.314733	-0.107471	,
-0.010418	0.323484	-0.107452	,
-0.025473	0.368473	-0.141272	,
-0.019742	0.335552	-0.131786	,
-0.013514	0.31152	-0.115102	,
-0.014593	0.313684	-0.129968	,
0.010395	0.285249	-0.125787	,
0.013557	0.292682	-0.11401	,
0.007304	0.287	-0.10462	,
-0.008417	0.314536	-0.134073	,
-0.001975	0.284461	-0.1321	,
-0.005871	0.28519	-0.111631	,
-0.007908	0.282949	-0.128637	,
0.016288	0.254262	-0.125713	,
0.021585	0.256721	-0.114489	,
0.013413	0.256519	-0.101524	,
0.002221	0.253395	-0.108484	,
0.006723	0.25217	-0.128437	,
-0.000053	0.25091	-0.122702	,
0.022357	0.221663	-0.123252	,
0.026764	0.224552	-0.112777	,
0.018745	0.224918	-0.099561	,
0.007044	0.224851	-0.106082	,
0.005728	0.222448	-0.117934	,
0.011849	0.223086	-0.125437	,
0.025319	0.193711	-0.120459	,
0.029398	0.195688	-0.106407	,
0.018726	0.195496	-0.097552	,
0.010333	0.193225	-0.103373	,
0.009502	0.191926	-0.115034	,
0.015473	0.192065	-0.122152	,
0.028845	0.158362	-0.115993	,
0.032097	0.160189	-0.103246	,
0.022526	0.161158	-0.093751	,
0.012784	0.160678	-0.098862	,
0.011708	0.157605	-0.110688	,
0.019081	0.157473	-0.118215	,
0.031172	0.125493	-0.110639	,
0.033931	0.12714	-0.099811	,
0.024257	0.129295	-0.089713	,
0.013304	0.127574	-0.095178	,
0.012871	0.12497	-0.10837	,
0.020614	0.123655	-0.113849	,
0.020902	0.09299	-0.110491	,
0.028519	0.093334	-0.108791	,
0.033406	0.094997	-0.09448	,
0.026736	0.096361	-0.085298	,
0.017225	0.096483	-0.087773	,
0.011122	0.095172	-0.096367	,
0.013097	0.093126	-0.107104	,
0.018972	0.059881	-0.107927	,
0.029801	0.059547	-0.105458	,
0.033036	0.058874	-0.091379	,
0.025037	0.06162	-0.079422	,
0.015455	0.063002	-0.081997	,
0.010596	0.062249	-0.092056	,
0.010032	0.060849	-0.103733	,
0.016284	0.032991	-0.107752	,
0.030513	0.030148	-0.102076	,
0.02998	0.03185	-0.085782	,
0.025348	0.034895	-0.075281	,
0.014551	0.03767	-0.073424	,
0.008473	0.032481	-0.089693	,
0.007022	0.03336	-0.103988	,
0.002655	0.020019	-0.106509	,
0.015523	0.018606	-0.109117	,
0.029925	0.013609	-0.104285	,
0.029547	0.015234	-0.083053	,
0.02203	0.022119	-0.069732	,
0.012115	0.024734	-0.065304	,
0.008116	0.022116	-0.074253	,
0.006616	0.019326	-0.086766	,
0.01198	0.005841	-0.11492	,
-0.002897	0.013023	-0.112052	,
-0.000454	0.013018	-0.097988	,
0.022959	0.002747	-0.112106	,
0.035306	0.002928	-0.104605	,
0.032968	0.004367	-0.091948	,
0.031145	0.004254	-0.081623	,
0.027072	0.009011	-0.070363	,
0.006791	0.012098	-0.050094	,
0.020784	0.012047	-0.062811	,
0.01116	0.017883	-0.060041	,
0.004383	0.013977	-0.070031	,
0.003587	0.012151	-0.083722	,
-0.009434	0.008327	-0.112627	,
0.002353	0.001432	-0.119567	,
0.010398	-0.002182	-0.117607	,
-0.009795	0.009827	-0.097884	,
-0.006731	0.007813	-0.092606	,
0.021525	-0.004413	-0.112818	,
0.035446	-0.005787	-0.104825	,
0.032663	-0.005177	-0.092289	,
0.030062	-0.006264	-0.083268	,
0.032818	-0.005157	-0.075671	,
0.025956	0.000182	-0.065499	,
0.019136	0.005376	-0.055981	,
0.017446	-0.002156	-0.053185	,
0.01173	0.0022	-0.046623	,
0.002937	0.006041	-0.045974	,
-0.000852	0.008728	-0.057505	,
-0.001801	0.007485	-0.066929	,
-0.002039	0.00552	-0.081562	,
-0.009767	-0.002873	-0.118707	,
-0.016769	0.002853	-0.111177	,
-0.017997	0.004308	-0.105544	,
-0.002143	-0.006302	-0.120533	,
0.007871	-0.008459	-0.117621	,
-0.011068	-0.00073	-0.089848	,
-0.016787	0.002434	-0.095551	,
-0.002281	0.000000	-0.081945	,
0.017481	-0.011851	-0.113177	,
0.024589	-0.013262	-0.111214	,
0.031195	-0.014066	-0.106021	,
0.029754	-0.013497	-0.09417	,
0.02546	-0.012837	-0.083533	,
0.029709	-0.013635	-0.077392	,
0.033345	-0.014184	-0.073273	,
0.029794	-0.010377	-0.067184	,
0.02465	-0.007569	-0.062125	,
0.01514	-0.009293	-0.052581	,
0.00683	-0.002541	-0.045202	,
-0.007303	0.002453	-0.047446	,
-0.015521	0.005825	-0.055559	,
-0.003647	0.006474	-0.055075	,
-0.010118	0.007009	-0.06456	,
-0.008083	0.001605	-0.070484	,
-0.021165	-0.006397	-0.113293	,
-0.012553	-0.01042	-0.114097	,
-0.022408	-0.004588	-0.106797	,
-0.020512	-0.00562	-0.097498	,
-0.006449	-0.013673	-0.11583	,
0.003243	-0.01668	-0.115412	,
-0.002882	-0.008422	-0.089731	,
-0.016366	-0.008881	-0.092287	,
0.004058	-0.010535	-0.081657	,
-0.001044	-0.008861	-0.074095	,
0.016771	-0.017675	-0.111981	,
0.023161	-0.021217	-0.109133	,
0.022884	-0.021138	-0.097879	,
0.019261	-0.01779	-0.087885	,
0.020794	-0.018748	-0.079405	,
0.029071	-0.020928	-0.071919	,
0.027465	-0.01705	-0.064711	,
0.021598	-0.013145	-0.060538	,
0.012713	-0.014202	-0.052248	,
0.002472	-0.0118	-0.04706	,
-0.007632	-0.009205	-0.04677	,
-0.020658	-0.008592	-0.049764	,
-0.017667	0.004101	-0.062567	,
-0.016816	-0.00342	-0.070302	,
-0.021244	-0.013129	-0.11158	,
-0.015779	-0.017373	-0.115337	,
-0.02182	-0.010716	-0.103155	,
-0.014973	-0.01551	-0.095963	,
-0.007523	-0.022437	-0.115796	,
0.005837	-0.023079	-0.113417	,
-0.005442	-0.016331	-0.091083	,
-0.013221	-0.015616	-0.069209	,
-0.004487	-0.022012	-0.069573	,
0.007255	-0.01632	-0.082375	,
0.007211	-0.017681	-0.089144	,
-0.018287	-0.009922	-0.069097	,
0.013777	-0.023537	-0.109225	,
0.014433	-0.024549	-0.101203	,
0.013143	-0.018346	-0.083291	,
0.012486	-0.021127	-0.092677	,
0.019347	-0.0255	-0.070525	,
0.014155	-0.02152	-0.078109	,
0.022154	-0.025019	-0.061226	,
0.017173	-0.018753	-0.057563	,
0.009566	-0.020713	-0.053581	,
0.003233	-0.017783	-0.048946	,
-0.007621	-0.01545	-0.047408	,
-0.018097	-0.014535	-0.049616	,
-0.022322	-0.003616	-0.062399	,
-0.014324	-0.01942	-0.102078	,
-0.011563	-0.021864	-0.10806	,
-0.009423	-0.019038	-0.09634	,
-0.000728	-0.024582	-0.106807	,
0.001318	-0.020799	-0.094387	,
-0.014416	-0.020856	-0.065099	,
-0.00373	-0.026432	-0.067353	,
0.006343	-0.021611	-0.075894	,
-0.020977	-0.015899	-0.060376	,
0.00628	-0.024557	-0.100671	,
0.009081	-0.030285	-0.062188	,
0.004537	-0.029129	-0.067693	,
0.0119	-0.027962	-0.055315	,
-0.004435	-0.025101	-0.049198	,
-0.013769	-0.022733	-0.051929	,
-0.015841	-0.022242	-0.059101	,
-0.00446	-0.0229	-0.100536	,
-0.008972	-0.026934	-0.062302	,
-0.001631	-0.029478	-0.062575	,
0.001302	-0.02816	-0.051823	,
-0.008172	-0.027189	-0.056045	,
     ]    } 
    coordIndex [ 
	     0,      1,      2, -1 
	     3,      1,      0, -1 
	     2,      4,      0, -1 
	     0,      5,      3, -1 
	     0,      4,      5, -1 
	     2,      1,      6, -1 
	     6,      1,      7, -1 
	     7,      1,      8, -1 
	     8,      1,      9, -1 
	     9,      1,     10, -1 
	    10,      1,     11, -1 
	    11,      1,      3, -1 
	     2,     12,      4, -1 
	     2,     13,     12, -1 
	     6,     13,      2, -1 
	     3,     14,     11, -1 
	     3,      5,     14, -1 
	    12,     15,      4, -1 
	     4,     16,      5, -1 
	     4,     15,     16, -1 
	     5,     17,     14, -1 
	     5,     16,     17, -1 
	     6,     18,     13, -1 
	     7,     18,      6, -1 
	     7,     19,     18, -1 
	     8,     19,      7, -1 
	     8,     20,     19, -1 
	     9,     20,      8, -1 
	     9,     21,     20, -1 
	    10,     21,      9, -1 
	    10,     22,     21, -1 
	    10,     23,     22, -1 
	    11,     23,     10, -1 
	    11,     14,     23, -1 
	    12,     24,     15, -1 
	    13,     24,     12, -1 
	    13,     25,     24, -1 
	    13,     26,     25, -1 
	    18,     26,     13, -1 
	    14,     27,     23, -1 
	    14,     17,     27, -1 
	    24,     28,     15, -1 
	    15,     29,     16, -1 
	    15,     28,     29, -1 
	    16,     30,     17, -1 
	    16,     29,     30, -1 
	    17,     31,     27, -1 
	    17,     30,     31, -1 
	    18,     32,     26, -1 
	    19,     32,     18, -1 
	    19,     33,     32, -1 
	    20,     33,     19, -1 
	    20,     34,     33, -1 
	    21,     34,     20, -1 
	    21,     35,     34, -1 
	    22,     35,     21, -1 
	    22,     36,     35, -1 
	    23,     36,     22, -1 
	    23,     37,     36, -1 
	    23,     27,     37, -1 
	    24,     38,     28, -1 
	    25,     38,     24, -1 
	    25,     39,     38, -1 
	    26,     39,     25, -1 
	    26,     40,     39, -1 
	    26,     41,     40, -1 
	    32,     41,     26, -1 
	    27,     42,     37, -1 
	    27,     43,     42, -1 
	    27,     31,     43, -1 
	    44,     45,     28, -1 
	    38,     44,     28, -1 
	    28,     45,     29, -1 
	    29,     46,     30, -1 
	    45,     46,     29, -1 
	    30,     47,     31, -1 
	    46,     47,     30, -1 
	    31,     48,     43, -1 
	    47,     48,     31, -1 
	    32,     49,     41, -1 
	    33,     49,     32, -1 
	    33,     50,     49, -1 
	    34,     50,     33, -1 
	    34,     51,     50, -1 
	    35,     51,     34, -1 
	    35,     52,     51, -1 
	    36,     52,     35, -1 
	    36,     53,     52, -1 
	    37,     53,     36, -1 
	    37,     42,     53, -1 
	    54,     44,     38, -1 
	    39,     54,     38, -1 
	    55,     54,     39, -1 
	    40,     55,     39, -1 
	    56,     55,     40, -1 
	    41,     56,     40, -1 
	    57,     56,     41, -1 
	    49,     57,     41, -1 
	    42,     58,     53, -1 
	    59,     58,     42, -1 
	    43,     59,     42, -1 
	    48,     59,     43, -1 
	    44,     60,     45, -1 
	    61,     60,     44, -1 
	    54,     61,     44, -1 
	    60,     62,     45, -1 
	    45,     62,     46, -1 
	    46,     63,     47, -1 
	    62,     63,     46, -1 
	    47,     64,     48, -1 
	    63,     64,     47, -1 
	    48,     65,     59, -1 
	    64,     65,     48, -1 
	    66,     57,     49, -1 
	    50,     66,     49, -1 
	    67,     66,     50, -1 
	    51,     67,     50, -1 
	    68,     67,     51, -1 
	    52,     68,     51, -1 
	    69,     68,     52, -1 
	    53,     69,     52, -1 
	    58,     69,     53, -1 
	    70,     61,     54, -1 
	    55,     70,     54, -1 
	    71,     70,     55, -1 
	    56,     71,     55, -1 
	    72,     71,     56, -1 
	    57,     72,     56, -1 
	    73,     72,     57, -1 
	    66,     73,     57, -1 
	    58,     74,     69, -1 
	    75,     74,     58, -1 
	    59,     75,     58, -1 
	    65,     75,     59, -1 
	    60,     76,     62, -1 
	    60,     77,     76, -1 
	    61,     77,     60, -1 
	    61,     78,     77, -1 
	    70,     78,     61, -1 
	    62,     79,     63, -1 
	    62,     76,     79, -1 
	    63,     80,     64, -1 
	    63,     79,     80, -1 
	    64,     81,     65, -1 
	    64,     80,     81, -1 
	    65,     82,     75, -1 
	    65,     81,     82, -1 
	    83,     73,     66, -1 
	    67,     83,     66, -1 
	    84,     83,     67, -1 
	    68,     84,     67, -1 
	    85,     84,     68, -1 
	    69,     85,     68, -1 
	    74,     85,     69, -1 
	    70,     86,     78, -1 
	    71,     86,     70, -1 
	    71,     87,     86, -1 
	    72,     87,     71, -1 
	    72,     88,     87, -1 
	    73,     88,     72, -1 
	    73,     89,     88, -1 
	    83,     89,     73, -1 
	    74,     90,     85, -1 
	    74,     91,     90, -1 
	    75,     91,     74, -1 
	    75,     82,     91, -1 
	    92,     93,     76, -1 
	    77,     92,     76, -1 
	    76,     93,     79, -1 
	    94,     92,     77, -1 
	    78,     94,     77, -1 
	    95,     94,     78, -1 
	    86,     95,     78, -1 
	    79,     96,     80, -1 
	    93,     96,     79, -1 
	    80,     97,     81, -1 
	    96,     97,     80, -1 
	    81,     98,     82, -1 
	    97,     98,     81, -1 
	    82,     99,     91, -1 
	    98,     99,     82, -1 
	    83,    100,     89, -1 
	    83,    101,    100, -1 
	    84,    101,     83, -1 
	    84,    102,    101, -1 
	    85,    102,     84, -1 
	    85,     90,    102, -1 
	    87,     95,     86, -1 
	   103,     95,     87, -1 
	    88,    103,     87, -1 
	   104,    103,     88, -1 
	    89,    104,     88, -1 
	   105,    104,     89, -1 
	   100,    105,     89, -1 
	    90,    106,    102, -1 
	    99,    106,     90, -1 
	    91,     99,     90, -1 
	    92,    107,     93, -1 
	    94,    107,     92, -1 
	   107,    108,     93, -1 
	    93,    108,     96, -1 
	   109,    107,     94, -1 
	    95,    109,     94, -1 
	   110,    109,     95, -1 
	   103,    110,     95, -1 
	    96,    111,     97, -1 
	   108,    111,     96, -1 
	    97,    112,     98, -1 
	   111,    112,     97, -1 
	    98,    112,     99, -1 
	    99,    113,    106, -1 
	   112,    113,     99, -1 
	   114,    105,    100, -1 
	   101,    114,    100, -1 
	   115,    114,    101, -1 
	   102,    115,    101, -1 
	   106,    115,    102, -1 
	   116,    110,    103, -1 
	   104,    116,    103, -1 
	   117,    116,    104, -1 
	   105,    117,    104, -1 
	   114,    117,    105, -1 
	   106,    118,    115, -1 
	   113,    118,    106, -1 
	   107,    119,    108, -1 
	   120,    119,    107, -1 
	   109,    120,    107, -1 
	   119,    121,    108, -1 
	   108,    121,    111, -1 
	   122,    120,    109, -1 
	   110,    122,    109, -1 
	   123,    122,    110, -1 
	   116,    123,    110, -1 
	   111,    124,    112, -1 
	   121,    124,    111, -1 
	   112,    125,    113, -1 
	   124,    125,    112, -1 
	   113,    126,    118, -1 
	   125,    126,    113, -1 
	   127,    117,    114, -1 
	   115,    127,    114, -1 
	   118,    127,    115, -1 
	   128,    123,    116, -1 
	   117,    128,    116, -1 
	   129,    128,    117, -1 
	   127,    129,    117, -1 
	   118,    130,    127, -1 
	   126,    130,    118, -1 
	   119,    131,    121, -1 
	   119,    132,    131, -1 
	   120,    132,    119, -1 
	   120,    133,    132, -1 
	   120,    134,    133, -1 
	   122,    134,    120, -1 
	   121,    135,    124, -1 
	   121,    131,    135, -1 
	   122,    136,    134, -1 
	   123,    136,    122, -1 
	   123,    137,    136, -1 
	   128,    137,    123, -1 
	   124,    138,    125, -1 
	   124,    135,    138, -1 
	   125,    139,    126, -1 
	   125,    138,    139, -1 
	   126,    140,    130, -1 
	   126,    141,    140, -1 
	   126,    139,    141, -1 
	   130,    129,    127, -1 
	   128,    142,    137, -1 
	   129,    142,    128, -1 
	   129,    143,    142, -1 
	   130,    143,    129, -1 
	   130,    140,    143, -1 
	   132,    144,    131, -1 
	   131,    145,    135, -1 
	   131,    144,    145, -1 
	   132,    146,    144, -1 
	   133,    146,    132, -1 
	   133,    147,    146, -1 
	   134,    147,    133, -1 
	   134,    148,    147, -1 
	   134,    149,    148, -1 
	   136,    149,    134, -1 
	   135,    150,    138, -1 
	   135,    145,    150, -1 
	   136,    151,    149, -1 
	   137,    151,    136, -1 
	   137,    152,    151, -1 
	   142,    152,    137, -1 
	   138,    153,    139, -1 
	   138,    150,    153, -1 
	   139,    154,    141, -1 
	   139,    155,    154, -1 
	   139,    153,    155, -1 
	   140,    156,    143, -1 
	   140,    157,    156, -1 
	   141,    157,    140, -1 
	   141,    154,    157, -1 
	   142,    158,    152, -1 
	   143,    158,    142, -1 
	   143,    156,    158, -1 
	   146,    159,    144, -1 
	   144,    160,    145, -1 
	   144,    159,    160, -1 
	   145,    161,    150, -1 
	   145,    160,    161, -1 
	   146,    162,    159, -1 
	   146,    163,    162, -1 
	   147,    163,    146, -1 
	   147,    164,    163, -1 
	   148,    164,    147, -1 
	   148,    165,    164, -1 
	   149,    165,    148, -1 
	   149,    166,    165, -1 
	   151,    166,    149, -1 
	   150,    167,    153, -1 
	   150,    161,    167, -1 
	   151,    168,    166, -1 
	   151,    169,    168, -1 
	   152,    169,    151, -1 
	   152,    170,    169, -1 
	   158,    170,    152, -1 
	   153,    171,    155, -1 
	   153,    172,    171, -1 
	   167,    172,    153, -1 
	   154,    173,    157, -1 
	   154,    174,    173, -1 
	   155,    174,    154, -1 
	   155,    171,    174, -1 
	   156,    175,    158, -1 
	   156,    176,    175, -1 
	   177,    156,    157, -1 
	   177,    176,    156, -1 
	   157,    173,    177, -1 
	   158,    175,    170, -1 
	   162,    178,    159, -1 
	   159,    178,    160, -1 
	   160,    179,    161, -1 
	   160,    178,    179, -1 
	   161,    180,    167, -1 
	   161,    179,    180, -1 
	   162,    181,    178, -1 
	   163,    182,    162, -1 
	   162,    182,    181, -1 
	   164,    182,    163, -1 
	   164,    183,    182, -1 
	   165,    183,    164, -1 
	   165,    184,    183, -1 
	   165,    185,    184, -1 
	   166,    185,    165, -1 
	   166,    186,    185, -1 
	   168,    186,    166, -1 
	   167,    187,    172, -1 
	   167,    188,    187, -1 
	   167,    180,    188, -1 
	   168,    189,    186, -1 
	   169,    189,    168, -1 
	   169,    190,    189, -1 
	   170,    190,    169, -1 
	   170,    191,    190, -1 
	   175,    191,    170, -1 
	   171,    192,    174, -1 
	   171,    193,    192, -1 
	   171,    194,    193, -1 
	   172,    194,    171, -1 
	   172,    187,    194, -1 
	   173,    195,    177, -1 
	   174,    195,    173, -1 
	   174,    192,    195, -1 
	   175,    196,    191, -1 
	   176,    196,    175, -1 
	   176,    197,    196, -1 
	   198,    197,    176, -1 
	   177,    198,    176, -1 
	   195,    198,    177, -1 
	   178,    199,    179, -1 
	   200,    199,    178, -1 
	   181,    200,    178, -1 
	   179,    201,    180, -1 
	   199,    201,    179, -1 
	   180,    202,    188, -1 
	   201,    202,    180, -1 
	   203,    200,    181, -1 
	   182,    203,    181, -1 
	   204,    203,    182, -1 
	   183,    204,    182, -1 
	   205,    204,    183, -1 
	   184,    205,    183, -1 
	   206,    205,    184, -1 
	   185,    206,    184, -1 
	   207,    206,    185, -1 
	   186,    207,    185, -1 
	   208,    207,    186, -1 
	   189,    208,    186, -1 
	   187,    209,    194, -1 
	   210,    209,    187, -1 
	   188,    210,    187, -1 
	   202,    210,    188, -1 
	   211,    208,    189, -1 
	   190,    211,    189, -1 
	   212,    211,    190, -1 
	   191,    212,    190, -1 
	   213,    212,    191, -1 
	   196,    213,    191, -1 
	   192,    214,    195, -1 
	   215,    214,    192, -1 
	   193,    215,    192, -1 
	   216,    215,    193, -1 
	   194,    216,    193, -1 
	   209,    216,    194, -1 
	   195,    217,    198, -1 
	   214,    217,    195, -1 
	   218,    213,    196, -1 
	   197,    218,    196, -1 
	   219,    218,    197, -1 
	   198,    219,    197, -1 
	   217,    219,    198, -1 
	   199,    220,    201, -1 
	   221,    220,    199, -1 
	   200,    221,    199, -1 
	   222,    221,    200, -1 
	   203,    222,    200, -1 
	   201,    220,    202, -1 
	   202,    223,    210, -1 
	   220,    223,    202, -1 
	   224,    222,    203, -1 
	   204,    224,    203, -1 
	   225,    224,    204, -1 
	   205,    225,    204, -1 
	   226,    225,    205, -1 
	   206,    226,    205, -1 
	   227,    226,    206, -1 
	   207,    227,    206, -1 
	   207,    228,    229, -1 
	   207,    229,    227, -1 
	   228,    207,    208, -1 
	   228,    208,    230, -1 
	   230,    208,    211, -1 
	   209,    231,    216, -1 
	   232,    231,    209, -1 
	   210,    232,    209, -1 
	   223,    232,    210, -1 
	   230,    211,    233, -1 
	   233,    211,    212, -1 
	   233,    212,    234, -1 
	   234,    212,    213, -1 
	   218,    234,    213, -1 
	   215,    235,    214, -1 
	   214,    235,    236, -1 
	   214,    236,    217, -1 
	   216,    237,    215, -1 
	   215,    237,    235, -1 
	   238,    239,    216, -1 
	   216,    239,    237, -1 
	   231,    238,    216, -1 
	   217,    236,    240, -1 
	   217,    240,    219, -1 
	   219,    241,    218, -1 
	   218,    241,    234, -1 
	   219,    240,    241, -1 
	   220,    242,    223, -1 
	   221,    242,    220, -1 
	   243,    242,    221, -1 
	   222,    243,    221, -1 
	   244,    243,    222, -1 
	   224,    244,    222, -1 
	   223,    245,    232, -1 
	   242,    245,    223, -1 
	   225,    244,    224, -1 
	   246,    244,    225, -1 
	   226,    246,    225, -1 
	   227,    246,    226, -1 
	   227,    229,    247, -1 
	   227,    247,    248, -1 
	   249,    246,    227, -1 
	   248,    249,    227, -1 
	   250,    228,    230, -1 
	   250,    251,    228, -1 
	   228,    251,    229, -1 
	   229,    251,    247, -1 
	   250,    230,    233, -1 
	   231,    252,    238, -1 
	   245,    252,    231, -1 
	   232,    245,    231, -1 
	   250,    233,    234, -1 
	   241,    250,    234, -1 
	   237,    253,    235, -1 
	   235,    253,    254, -1 
	   235,    254,    236, -1 
	   236,    254,    255, -1 
	   236,    255,    240, -1 
	   239,    253,    237, -1 
	   256,    257,    238, -1 
	   238,    257,    239, -1 
	   238,    252,    256, -1 
	   257,    258,    239, -1 
	   239,    258,    253, -1 
	   240,    255,    259, -1 
	   240,    259,    241, -1 
	   259,    260,    241, -1 
	   260,    250,    241, -1 
	   242,    261,    245, -1 
	   243,    261,    242, -1 
	   244,    261,    243, -1 
	   246,    261,    244, -1 
	   245,    261,    252, -1 
	   249,    261,    246, -1 
	   248,    247,    262, -1 
	   247,    251,    262, -1 
	   248,    262,    256, -1 
	   256,    249,    248, -1 
	   252,    261,    249, -1 
	   252,    249,    256, -1 
	   260,    251,    250, -1 
	   263,    251,    260, -1 
	   264,    251,    263, -1 
	   262,    251,    264, -1 
	   258,    265,    253, -1 
	   253,    265,    266, -1 
	   253,    266,    254, -1 
	   254,    266,    267, -1 
	   254,    267,    255, -1 
	   255,    267,    259, -1 
	   256,    262,    257, -1 
	   262,    268,    257, -1 
	   257,    268,    258, -1 
	   268,    269,    258, -1 
	   258,    269,    265, -1 
	   259,    267,    270, -1 
	   259,    270,    263, -1 
	   259,    263,    260, -1 
	   262,    264,    268, -1 
	   263,    270,    271, -1 
	   263,    271,    264, -1 
	   264,    271,    269, -1 
	   264,    269,    268, -1 
	   269,    272,    265, -1 
	   265,    272,    273, -1 
	   265,    273,    266, -1 
	   266,    273,    274, -1 
	   266,    274,    267, -1 
	   267,    274,    275, -1 
	   267,    275,    270, -1 
	   271,    276,    269, -1 
	   269,    276,    272, -1 
	   270,    275,    277, -1 
	   270,    277,    271, -1 
	   271,    277,    276, -1 
	   276,    278,    272, -1 
	   272,    278,    279, -1 
	   272,    279,    273, -1 
	   273,    279,    280, -1 
	   273,    280,    274, -1 
	   274,    280,    281, -1 
	   274,    281,    275, -1 
	   275,    281,    282, -1 
	   275,    282,    277, -1 
	   277,    283,    276, -1 
	   276,    283,    278, -1 
	   277,    282,    283, -1 
	   283,    284,    278, -1 
	   278,    284,    285, -1 
	   278,    285,    279, -1 
	   279,    285,    286, -1 
	   279,    286,    280, -1 
	   280,    286,    287, -1 
	   280,    287,    281, -1 
	   281,    287,    288, -1 
	   281,    288,    282, -1 
	   282,    288,    289, -1 
	   282,    289,    283, -1 
	   283,    289,    284, -1 
	   289,    290,    284, -1 
	   284,    290,    291, -1 
	   284,    291,    285, -1 
	   285,    291,    292, -1 
	   285,    292,    286, -1 
	   286,    292,    293, -1 
	   286,    293,    287, -1 
	   287,    293,    294, -1 
	   287,    294,    288, -1 
	   288,    294,    295, -1 
	   288,    295,    289, -1 
	   289,    295,    290, -1 
	   295,    296,    290, -1 
	   290,    296,    297, -1 
	   290,    297,    291, -1 
	   291,    297,    298, -1 
	   291,    298,    292, -1 
	   292,    298,    299, -1 
	   292,    299,    293, -1 
	   293,    299,    300, -1 
	   293,    300,    294, -1 
	   294,    300,    301, -1 
	   294,    301,    295, -1 
	   295,    301,    296, -1 
	   301,    302,    296, -1 
	   302,    303,    296, -1 
	   296,    303,    297, -1 
	   303,    304,    297, -1 
	   304,    305,    297, -1 
	   297,    305,    298, -1 
	   305,    306,    298, -1 
	   298,    306,    299, -1 
	   306,    307,    299, -1 
	   299,    307,    300, -1 
	   300,    308,    301, -1 
	   307,    308,    300, -1 
	   308,    302,    301, -1 
	   308,    309,    302, -1 
	   302,    309,    310, -1 
	   302,    310,    303, -1 
	   303,    310,    311, -1 
	   303,    311,    304, -1 
	   304,    311,    312, -1 
	   304,    312,    305, -1 
	   305,    312,    313, -1 
	   305,    313,    306, -1 
	   306,    313,    314, -1 
	   306,    314,    307, -1 
	   307,    314,    315, -1 
	   307,    315,    308, -1 
	   308,    315,    309, -1 
	   315,    316,    309, -1 
	   309,    316,    317, -1 
	   309,    317,    310, -1 
	   310,    317,    318, -1 
	   310,    318,    311, -1 
	   311,    318,    319, -1 
	   311,    319,    312, -1 
	   312,    319,    320, -1 
	   312,    320,    313, -1 
	   313,    320,    321, -1 
	   313,    321,    314, -1 
	   314,    321,    322, -1 
	   314,    322,    315, -1 
	   315,    322,    316, -1 
	   322,    323,    316, -1 
	   323,    324,    316, -1 
	   316,    324,    317, -1 
	   324,    325,    317, -1 
	   317,    325,    318, -1 
	   325,    326,    318, -1 
	   326,    327,    318, -1 
	   318,    327,    319, -1 
	   327,    328,    319, -1 
	   319,    328,    320, -1 
	   328,    329,    320, -1 
	   320,    329,    321, -1 
	   329,    330,    321, -1 
	   321,    330,    322, -1 
	   330,    323,    322, -1 
	   331,    332,    323, -1 
	   323,    332,    324, -1 
	   330,    333,    323, -1 
	   333,    331,    323, -1 
	   332,    334,    324, -1 
	   324,    334,    325, -1 
	   334,    335,    325, -1 
	   335,    336,    325, -1 
	   325,    336,    326, -1 
	   336,    337,    326, -1 
	   326,    337,    327, -1 
	   337,    338,    327, -1 
	   327,    338,    328, -1 
	   339,    340,    328, -1 
	   338,    339,    328, -1 
	   340,    341,    328, -1 
	   328,    341,    329, -1 
	   341,    342,    329, -1 
	   329,    342,    330, -1 
	   342,    343,    330, -1 
	   343,    333,    330, -1 
	   331,    344,    332, -1 
	   333,    345,    331, -1 
	   345,    344,    331, -1 
	   344,    346,    332, -1 
	   346,    347,    332, -1 
	   332,    347,    334, -1 
	   343,    348,    333, -1 
	   348,    345,    333, -1 
	   347,    349,    334, -1 
	   334,    349,    335, -1 
	   349,    350,    335, -1 
	   335,    350,    336, -1 
	   350,    351,    336, -1 
	   351,    352,    336, -1 
	   336,    352,    337, -1 
	   352,    353,    337, -1 
	   337,    353,    338, -1 
	   353,    354,    338, -1 
	   338,    354,    339, -1 
	   354,    355,    339, -1 
	   355,    340,    339, -1 
	   355,    356,    340, -1 
	   356,    357,    340, -1 
	   357,    358,    340, -1 
	   340,    358,    359, -1 
	   340,    359,    341, -1 
	   341,    359,    342, -1 
	   359,    360,    342, -1 
	   342,    360,    343, -1 
	   360,    361,    343, -1 
	   361,    348,    343, -1 
	   362,    363,    344, -1 
	   344,    363,    346, -1 
	   345,    364,    344, -1 
	   364,    362,    344, -1 
	   348,    365,    345, -1 
	   365,    366,    345, -1 
	   366,    364,    345, -1 
	   363,    367,    346, -1 
	   346,    367,    347, -1 
	   367,    368,    347, -1 
	   347,    368,    349, -1 
	   361,    369,    348, -1 
	   369,    365,    348, -1 
	   368,    370,    349, -1 
	   370,    371,    349, -1 
	   349,    371,    350, -1 
	   371,    372,    350, -1 
	   350,    372,    351, -1 
	   372,    373,    351, -1 
	   373,    374,    351, -1 
	   351,    374,    352, -1 
	   374,    375,    352, -1 
	   352,    375,    353, -1 
	   375,    376,    353, -1 
	   376,    377,    353, -1 
	   353,    377,    354, -1 
	   377,    378,    354, -1 
	   354,    378,    355, -1 
	   378,    356,    355, -1 
	   378,    379,    356, -1 
	   356,    379,    380, -1 
	   356,    380,    357, -1 
	   357,    380,    381, -1 
	   357,    381,    358, -1 
	   358,    381,    382, -1 
	   358,    382,    383, -1 
	   358,    383,    359, -1 
	   359,    383,    360, -1 
	   383,    384,    360, -1 
	   384,    385,    360, -1 
	   360,    385,    361, -1 
	   385,    369,    361, -1 
	   364,    386,    362, -1 
	   362,    386,    387, -1 
	   362,    387,    363, -1 
	   363,    387,    388, -1 
	   363,    388,    367, -1 
	   366,    389,    364, -1 
	   364,    389,    386, -1 
	   369,    390,    365, -1 
	   365,    390,    391, -1 
	   365,    391,    366, -1 
	   366,    391,    389, -1 
	   367,    388,    392, -1 
	   367,    392,    368, -1 
	   368,    392,    393, -1 
	   368,    393,    370, -1 
	   394,    395,    369, -1 
	   385,    394,    369, -1 
	   369,    395,    390, -1 
	   370,    393,    396, -1 
	   370,    396,    371, -1 
	   371,    396,    397, -1 
	   371,    397,    372, -1 
	   372,    397,    398, -1 
	   372,    398,    373, -1 
	   373,    398,    399, -1 
	   373,    399,    374, -1 
	   400,    374,    399, -1 
	   374,    400,    401, -1 
	   374,    401,    375, -1 
	   375,    401,    376, -1 
	   376,    401,    402, -1 
	   376,    402,    403, -1 
	   376,    403,    377, -1 
	   377,    403,    379, -1 
	   377,    379,    378, -1 
	   403,    404,    379, -1 
	   379,    404,    405, -1 
	   379,    405,    380, -1 
	   380,    405,    406, -1 
	   380,    406,    381, -1 
	   381,    406,    382, -1 
	   382,    406,    407, -1 
	   382,    407,    408, -1 
	   383,    382,    408, -1 
	   383,    408,    384, -1 
	   384,    408,    409, -1 
	   384,    409,    385, -1 
	   385,    409,    394, -1 
	   389,    410,    386, -1 
	   386,    410,    411, -1 
	   386,    411,    387, -1 
	   387,    411,    388, -1 
	   388,    411,    412, -1 
	   388,    412,    392, -1 
	   391,    413,    389, -1 
	   389,    413,    410, -1 
	   395,    414,    390, -1 
	   390,    414,    391, -1 
	   391,    414,    413, -1 
	   392,    412,    415, -1 
	   392,    415,    393, -1 
	   393,    415,    416, -1 
	   393,    416,    396, -1 
	   409,    417,    394, -1 
	   394,    417,    418, -1 
	   394,    418,    395, -1 
	   395,    418,    419, -1 
	   395,    419,    420, -1 
	   395,    421,    414, -1 
	   420,    421,    395, -1 
	   396,    416,    397, -1 
	   397,    416,    422, -1 
	   397,    422,    398, -1 
	   398,    422,    423, -1 
	   398,    423,    399, -1 
	   400,    399,    424, -1 
	   399,    423,    425, -1 
	   399,    425,    424, -1 
	   400,    426,    427, -1 
	   400,    427,    401, -1 
	   424,    426,    400, -1 
	   401,    427,    428, -1 
	   401,    428,    402, -1 
	   402,    428,    429, -1 
	   402,    429,    403, -1 
	   403,    429,    404, -1 
	   429,    430,    404, -1 
	   404,    430,    431, -1 
	   404,    431,    405, -1 
	   405,    431,    406, -1 
	   406,    431,    432, -1 
	   406,    432,    407, -1 
	   407,    432,    433, -1 
	   407,    433,    434, -1 
	   408,    407,    434, -1 
	   408,    434,    409, -1 
	   409,    434,    417, -1 
	   413,    435,    410, -1 
	   410,    435,    436, -1 
	   410,    436,    411, -1 
	   411,    436,    412, -1 
	   412,    436,    437, -1 
	   412,    437,    415, -1 
	   414,    435,    413, -1 
	   421,    438,    414, -1 
	   414,    438,    435, -1 
	   415,    437,    439, -1 
	   415,    439,    416, -1 
	   416,    439,    422, -1 
	   434,    440,    417, -1 
	   417,    440,    441, -1 
	   417,    441,    418, -1 
	   418,    441,    419, -1 
	   419,    441,    442, -1 
	   419,    442,    443, -1 
	   420,    419,    443, -1 
	   420,    443,    424, -1 
	   424,    425,    420, -1 
	   420,    425,    421, -1 
	   425,    438,    421, -1 
	   422,    439,    444, -1 
	   422,    444,    423, -1 
	   423,    444,    425, -1 
	   424,    443,    426, -1 
	   425,    444,    438, -1 
	   426,    445,    446, -1 
	   426,    446,    427, -1 
	   443,    445,    426, -1 
	   427,    446,    428, -1 
	   428,    446,    447, -1 
	   428,    447,    429, -1 
	   429,    447,    430, -1 
	   447,    448,    430, -1 
	   430,    448,    431, -1 
	   432,    431,    448, -1 
	   432,    449,    433, -1 
	   432,    448,    449, -1 
	   433,    449,    450, -1 
	   433,    450,    440, -1 
	   434,    433,    440, -1 
	   438,    451,    435, -1 
	   435,    451,    436, -1 
	   436,    451,    437, -1 
	   437,    451,    439, -1 
	   444,    451,    438, -1 
	   439,    451,    444, -1 
	   440,    450,    452, -1 
	   440,    452,    441, -1 
	   441,    452,    442, -1 
	   442,    452,    453, -1 
	   442,    453,    445, -1 
	   443,    442,    445, -1 
	   445,    453,    446, -1 
	   446,    453,    454, -1 
	   446,    454,    447, -1 
	   447,    454,    448, -1 
	   454,    455,    448, -1 
	   448,    455,    449, -1 
	   449,    455,    450, -1 
	   450,    455,    452, -1 
	   452,    455,    453, -1 
	   453,    455,    454, -1 
	   456,    457,    458, -1 
	   458,    459,    456, -1 
	   460,    457,    456, -1 
	   459,    461,    456, -1 
	   461,    462,    456, -1 
	   456,    462,    460, -1 
	   458,    457,    463, -1 
	   464,    457,    460, -1 
	   465,    457,    464, -1 
	   466,    457,    465, -1 
	   467,    457,    466, -1 
	   468,    457,    467, -1 
	   463,    457,    468, -1 
	   463,    469,    458, -1 
	   469,    459,    458, -1 
	   459,    470,    461, -1 
	   469,    471,    459, -1 
	   471,    470,    459, -1 
	   462,    472,    460, -1 
	   460,    472,    464, -1 
	   470,    473,    461, -1 
	   461,    473,    462, -1 
	   473,    474,    462, -1 
	   474,    475,    462, -1 
	   462,    475,    472, -1 
	   468,    476,    463, -1 
	   476,    469,    463, -1 
	   472,    477,    464, -1 
	   464,    477,    465, -1 
	   477,    478,    465, -1 
	   465,    478,    466, -1 
	   478,    479,    466, -1 
	   466,    479,    467, -1 
	   479,    480,    467, -1 
	   480,    481,    467, -1 
	   467,    481,    468, -1 
	   481,    476,    468, -1 
	   476,    482,    469, -1 
	   482,    471,    469, -1 
	   470,    483,    473, -1 
	   471,    484,    470, -1 
	   484,    483,    470, -1 
	   482,    485,    471, -1 
	   485,    484,    471, -1 
	   475,    486,    472, -1 
	   472,    486,    477, -1 
	   483,    487,    473, -1 
	   473,    487,    474, -1 
	   487,    488,    474, -1 
	   474,    488,    475, -1 
	   488,    489,    475, -1 
	   489,    490,    475, -1 
	   475,    490,    486, -1 
	   481,    491,    476, -1 
	   491,    482,    476, -1 
	   486,    492,    477, -1 
	   477,    492,    478, -1 
	   492,    493,    478, -1 
	   478,    493,    479, -1 
	   493,    494,    479, -1 
	   479,    494,    480, -1 
	   494,    495,    480, -1 
	   480,    495,    481, -1 
	   495,    496,    481, -1 
	   496,    491,    481, -1 
	   491,    497,    482, -1 
	   497,    485,    482, -1 
	   483,    498,    499, -1 
	   483,    499,    487, -1 
	   484,    498,    483, -1 
	   485,    500,    484, -1 
	   484,    500,    498, -1 
	   497,    501,    485, -1 
	   485,    501,    500, -1 
	   490,    502,    486, -1 
	   486,    502,    492, -1 
	   487,    499,    503, -1 
	   487,    503,    488, -1 
	   488,    503,    504, -1 
	   488,    504,    489, -1 
	   489,    504,    505, -1 
	   489,    505,    490, -1 
	   490,    505,    506, -1 
	   490,    506,    502, -1 
	   496,    507,    491, -1 
	   507,    508,    491, -1 
	   508,    497,    491, -1 
	   502,    509,    492, -1 
	   492,    509,    493, -1 
	   509,    510,    493, -1 
	   493,    510,    494, -1 
	   510,    511,    494, -1 
	   494,    511,    495, -1 
	   511,    512,    495, -1 
	   495,    512,    496, -1 
	   512,    507,    496, -1 
	   508,    513,    497, -1 
	   497,    513,    501, -1 
	   498,    514,    499, -1 
	   498,    515,    514, -1 
	   500,    515,    498, -1 
	   499,    514,    516, -1 
	   499,    516,    503, -1 
	   501,    517,    500, -1 
	   500,    517,    515, -1 
	   513,    518,    501, -1 
	   501,    518,    517, -1 
	   502,    506,    519, -1 
	   502,    519,    509, -1 
	   503,    516,    520, -1 
	   503,    520,    504, -1 
	   504,    520,    521, -1 
	   504,    521,    505, -1 
	   505,    521,    522, -1 
	   505,    522,    506, -1 
	   506,    522,    523, -1 
	   506,    523,    519, -1 
	   512,    524,    507, -1 
	   507,    524,    525, -1 
	   507,    525,    508, -1 
	   508,    525,    513, -1 
	   509,    519,    526, -1 
	   509,    526,    510, -1 
	   510,    526,    527, -1 
	   510,    527,    511, -1 
	   511,    527,    528, -1 
	   511,    528,    512, -1 
	   512,    528,    524, -1 
	   525,    529,    513, -1 
	   513,    529,    518, -1 
	   515,    530,    514, -1 
	   530,    531,    514, -1 
	   514,    531,    516, -1 
	   517,    532,    515, -1 
	   532,    530,    515, -1 
	   531,    533,    516, -1 
	   516,    533,    520, -1 
	   518,    534,    517, -1 
	   534,    532,    517, -1 
	   529,    535,    518, -1 
	   535,    534,    518, -1 
	   519,    523,    536, -1 
	   519,    536,    526, -1 
	   533,    537,    520, -1 
	   520,    537,    521, -1 
	   537,    538,    521, -1 
	   521,    538,    522, -1 
	   538,    539,    522, -1 
	   522,    539,    523, -1 
	   539,    540,    523, -1 
	   523,    540,    536, -1 
	   528,    541,    524, -1 
	   524,    541,    542, -1 
	   524,    542,    525, -1 
	   525,    542,    529, -1 
	   526,    536,    543, -1 
	   526,    543,    527, -1 
	   527,    543,    544, -1 
	   527,    544,    528, -1 
	   528,    544,    541, -1 
	   542,    545,    529, -1 
	   545,    535,    529, -1 
	   530,    546,    547, -1 
	   530,    547,    531, -1 
	   532,    546,    530, -1 
	   531,    547,    548, -1 
	   531,    548,    533, -1 
	   534,    549,    532, -1 
	   532,    549,    546, -1 
	   533,    548,    550, -1 
	   533,    550,    537, -1 
	   535,    551,    534, -1 
	   534,    551,    549, -1 
	   545,    552,    535, -1 
	   535,    552,    551, -1 
	   540,    553,    536, -1 
	   553,    554,    536, -1 
	   536,    554,    543, -1 
	   537,    550,    538, -1 
	   538,    550,    555, -1 
	   538,    555,    539, -1 
	   539,    555,    556, -1 
	   539,    556,    540, -1 
	   540,    556,    557, -1 
	   540,    557,    553, -1 
	   544,    558,    541, -1 
	   558,    559,    541, -1 
	   541,    559,    542, -1 
	   559,    545,    542, -1 
	   554,    560,    543, -1 
	   543,    560,    544, -1 
	   560,    558,    544, -1 
	   559,    561,    545, -1 
	   545,    561,    552, -1 
	   546,    562,    547, -1 
	   546,    563,    562, -1 
	   549,    563,    546, -1 
	   547,    562,    548, -1 
	   548,    562,    564, -1 
	   548,    564,    550, -1 
	   551,    565,    549, -1 
	   549,    565,    563, -1 
	   550,    564,    566, -1 
	   550,    566,    555, -1 
	   552,    567,    551, -1 
	   551,    567,    565, -1 
	   561,    567,    552, -1 
	   553,    557,    568, -1 
	   553,    568,    554, -1 
	   554,    568,    569, -1 
	   554,    569,    560, -1 
	   555,    566,    570, -1 
	   555,    570,    556, -1 
	   556,    570,    571, -1 
	   556,    571,    557, -1 
	   557,    571,    568, -1 
	   560,    572,    558, -1 
	   558,    572,    561, -1 
	   558,    561,    559, -1 
	   560,    569,    572, -1 
	   572,    573,    561, -1 
	   561,    573,    567, -1 
	   563,    574,    562, -1 
	   562,    574,    575, -1 
	   562,    575,    564, -1 
	   563,    576,    574, -1 
	   565,    576,    563, -1 
	   564,    575,    577, -1 
	   564,    577,    566, -1 
	   567,    578,    565, -1 
	   565,    578,    576, -1 
	   566,    577,    579, -1 
	   566,    579,    570, -1 
	   573,    580,    567, -1 
	   567,    580,    578, -1 
	   568,    571,    581, -1 
	   568,    581,    569, -1 
	   569,    582,    572, -1 
	   569,    581,    582, -1 
	   570,    579,    583, -1 
	   570,    583,    571, -1 
	   571,    583,    584, -1 
	   571,    584,    581, -1 
	   572,    582,    573, -1 
	   582,    585,    573, -1 
	   573,    585,    580, -1 
	   576,    586,    574, -1 
	   586,    587,    574, -1 
	   574,    587,    575, -1 
	   587,    588,    575, -1 
	   588,    589,    575, -1 
	   575,    589,    577, -1 
	   578,    590,    576, -1 
	   590,    586,    576, -1 
	   589,    591,    577, -1 
	   577,    591,    579, -1 
	   580,    592,    578, -1 
	   592,    590,    578, -1 
	   591,    593,    579, -1 
	   579,    593,    583, -1 
	   585,    594,    580, -1 
	   594,    592,    580, -1 
	   581,    595,    582, -1 
	   581,    584,    595, -1 
	   582,    595,    585, -1 
	   593,    596,    583, -1 
	   583,    596,    584, -1 
	   596,    597,    584, -1 
	   584,    597,    595, -1 
	   595,    598,    585, -1 
	   598,    599,    585, -1 
	   599,    594,    585, -1 
	   586,    600,    587, -1 
	   590,    601,    586, -1 
	   601,    600,    586, -1 
	   600,    602,    587, -1 
	   587,    602,    588, -1 
	   602,    603,    588, -1 
	   588,    603,    589, -1 
	   603,    604,    589, -1 
	   604,    605,    589, -1 
	   589,    605,    591, -1 
	   592,    606,    590, -1 
	   606,    601,    590, -1 
	   605,    607,    591, -1 
	   591,    607,    593, -1 
	   594,    608,    592, -1 
	   608,    606,    592, -1 
	   607,    609,    593, -1 
	   593,    609,    596, -1 
	   599,    610,    594, -1 
	   610,    611,    594, -1 
	   611,    608,    594, -1 
	   597,    598,    595, -1 
	   609,    612,    596, -1 
	   596,    612,    597, -1 
	   597,    613,    598, -1 
	   612,    613,    597, -1 
	   613,    614,    598, -1 
	   598,    614,    599, -1 
	   614,    610,    599, -1 
	   600,    615,    602, -1 
	   601,    616,    600, -1 
	   616,    615,    600, -1 
	   606,    617,    601, -1 
	   617,    616,    601, -1 
	   615,    618,    602, -1 
	   618,    619,    602, -1 
	   602,    619,    603, -1 
	   619,    620,    603, -1 
	   603,    620,    604, -1 
	   620,    621,    604, -1 
	   604,    621,    605, -1 
	   621,    622,    605, -1 
	   605,    622,    607, -1 
	   608,    623,    606, -1 
	   623,    617,    606, -1 
	   622,    624,    607, -1 
	   624,    625,    607, -1 
	   607,    625,    609, -1 
	   611,    626,    608, -1 
	   626,    627,    608, -1 
	   608,    627,    623, -1 
	   625,    628,    609, -1 
	   609,    628,    612, -1 
	   614,    629,    610, -1 
	   629,    630,    610, -1 
	   610,    630,    611, -1 
	   630,    626,    611, -1 
	   612,    631,    613, -1 
	   628,    631,    612, -1 
	   631,    632,    613, -1 
	   614,    613,    633, -1 
	   613,    632,    633, -1 
	   633,    629,    614, -1 
	   615,    634,    618, -1 
	   616,    634,    615, -1 
	   617,    635,    616, -1 
	   635,    634,    616, -1 
	   623,    636,    617, -1 
	   636,    635,    617, -1 
	   634,    637,    618, -1 
	   618,    638,    619, -1 
	   637,    638,    618, -1 
	   619,    638,    620, -1 
	   638,    639,    620, -1 
	   620,    639,    621, -1 
	   639,    640,    621, -1 
	   640,    641,    621, -1 
	   621,    641,    622, -1 
	   641,    642,    622, -1 
	   622,    642,    624, -1 
	   627,    643,    623, -1 
	   643,    644,    623, -1 
	   644,    636,    623, -1 
	   642,    645,    624, -1 
	   624,    645,    625, -1 
	   645,    646,    625, -1 
	   625,    646,    628, -1 
	   630,    647,    626, -1 
	   647,    648,    626, -1 
	   648,    649,    626, -1 
	   626,    649,    627, -1 
	   649,    643,    627, -1 
	   646,    650,    628, -1 
	   628,    650,    631, -1 
	   633,    651,    629, -1 
	   629,    651,    630, -1 
	   651,    647,    630, -1 
	   650,    652,    631, -1 
	   631,    652,    632, -1 
	   652,    653,    632, -1 
	   632,    653,    654, -1 
	   632,    654,    633, -1 
	   633,    654,    651, -1 
	   635,    655,    634, -1 
	   634,    655,    656, -1 
	   634,    656,    637, -1 
	   636,    657,    635, -1 
	   635,    657,    655, -1 
	   644,    658,    636, -1 
	   636,    658,    657, -1 
	   637,    656,    659, -1 
	   637,    659,    638, -1 
	   638,    659,    660, -1 
	   638,    660,    639, -1 
	   639,    660,    661, -1 
	   639,    661,    640, -1 
	   640,    661,    662, -1 
	   640,    662,    641, -1 
	   641,    662,    663, -1 
	   641,    663,    642, -1 
	   642,    663,    664, -1 
	   642,    664,    645, -1 
	   649,    665,    643, -1 
	   643,    665,    666, -1 
	   643,    666,    644, -1 
	   644,    666,    658, -1 
	   645,    664,    667, -1 
	   645,    667,    646, -1 
	   646,    667,    668, -1 
	   646,    668,    650, -1 
	   651,    669,    647, -1 
	   647,    669,    670, -1 
	   647,    670,    648, -1 
	   648,    670,    671, -1 
	   648,    671,    649, -1 
	   649,    671,    665, -1 
	   650,    668,    672, -1 
	   650,    672,    652, -1 
	   654,    673,    651, -1 
	   651,    673,    669, -1 
	   652,    672,    674, -1 
	   652,    674,    653, -1 
	   653,    674,    675, -1 
	   653,    675,    654, -1 
	   654,    675,    673, -1 
	   657,    676,    655, -1 
	   655,    676,    677, -1 
	   655,    677,    656, -1 
	   656,    677,    678, -1 
	   656,    678,    659, -1 
	   658,    676,    657, -1 
	   666,    679,    658, -1 
	   658,    679,    676, -1 
	   659,    678,    680, -1 
	   659,    680,    660, -1 
	   660,    680,    681, -1 
	   660,    681,    661, -1 
	   661,    681,    682, -1 
	   661,    682,    662, -1 
	   662,    682,    683, -1 
	   662,    683,    663, -1 
	   684,    685,    663, -1 
	   683,    684,    663, -1 
	   664,    663,    685, -1 
	   686,    664,    685, -1 
	   667,    664,    686, -1 
	   671,    687,    665, -1 
	   665,    687,    688, -1 
	   665,    688,    666, -1 
	   666,    688,    679, -1 
	   689,    667,    686, -1 
	   668,    667,    689, -1 
	   690,    668,    689, -1 
	   672,    668,    690, -1 
	   669,    691,    670, -1 
	   692,    691,    669, -1 
	   673,    692,    669, -1 
	   670,    693,    671, -1 
	   691,    693,    670, -1 
	   671,    694,    695, -1 
	   693,    694,    671, -1 
	   671,    695,    687, -1 
	   672,    690,    674, -1 
	   696,    692,    673, -1 
	   675,    696,    673, -1 
	   674,    697,    675, -1 
	   690,    697,    674, -1 
	   697,    696,    675, -1 
	   679,    698,    676, -1 
	   676,    698,    677, -1 
	   677,    698,    699, -1 
	   677,    699,    678, -1 
	   678,    699,    700, -1 
	   678,    700,    680, -1 
	   688,    701,    679, -1 
	   679,    701,    698, -1 
	   680,    700,    681, -1 
	   681,    700,    702, -1 
	   681,    702,    682, -1 
	   682,    702,    683, -1 
	   703,    684,    683, -1 
	   704,    703,    683, -1 
	   683,    702,    705, -1 
	   683,    705,    704, -1 
	   684,    706,    685, -1 
	   703,    706,    684, -1 
	   686,    685,    707, -1 
	   685,    706,    707, -1 
	   689,    686,    707, -1 
	   695,    708,    687, -1 
	   687,    708,    701, -1 
	   687,    701,    688, -1 
	   690,    689,    707, -1 
	   690,    707,    697, -1 
	   691,    709,    693, -1 
	   710,    709,    691, -1 
	   692,    710,    691, -1 
	   711,    710,    692, -1 
	   696,    711,    692, -1 
	   693,    709,    694, -1 
	   694,    712,    695, -1 
	   694,    713,    712, -1 
	   709,    713,    694, -1 
	   695,    712,    714, -1 
	   714,    708,    695, -1 
	   715,    711,    696, -1 
	   697,    715,    696, -1 
	   697,    716,    715, -1 
	   697,    707,    716, -1 
	   701,    717,    698, -1 
	   698,    717,    699, -1 
	   699,    717,    700, -1 
	   700,    717,    702, -1 
	   708,    717,    701, -1 
	   702,    717,    705, -1 
	   718,    703,    704, -1 
	   718,    706,    703, -1 
	   714,    718,    704, -1 
	   704,    705,    714, -1 
	   705,    717,    708, -1 
	   714,    705,    708, -1 
	   707,    706,    716, -1 
	   716,    706,    719, -1 
	   719,    706,    720, -1 
	   720,    706,    718, -1 
	   709,    721,    713, -1 
	   722,    721,    709, -1 
	   710,    722,    709, -1 
	   723,    722,    710, -1 
	   711,    723,    710, -1 
	   715,    723,    711, -1 
	   712,    718,    714, -1 
	   712,    724,    718, -1 
	   713,    724,    712, -1 
	   713,    725,    724, -1 
	   721,    725,    713, -1 
	   726,    723,    715, -1 
	   719,    726,    715, -1 
	   716,    719,    715, -1 
	   724,    720,    718, -1 
	   727,    726,    719, -1 
	   720,    727,    719, -1 
	   725,    727,    720, -1 
	   724,    725,    720, -1 
	   721,    728,    725, -1 
	   729,    728,    721, -1 
	   722,    729,    721, -1 
	   730,    729,    722, -1 
	   723,    730,    722, -1 
	   731,    730,    723, -1 
	   726,    731,    723, -1 
	   725,    732,    727, -1 
	   728,    732,    725, -1 
	   733,    731,    726, -1 
	   727,    733,    726, -1 
	   732,    733,    727, -1 
	   728,    734,    732, -1 
	   735,    734,    728, -1 
	   729,    735,    728, -1 
	   736,    735,    729, -1 
	   730,    736,    729, -1 
	   737,    736,    730, -1 
	   731,    737,    730, -1 
	   738,    737,    731, -1 
	   733,    738,    731, -1 
	   732,    739,    733, -1 
	   734,    739,    732, -1 
	   739,    738,    733, -1 
	   734,    740,    739, -1 
	   741,    740,    734, -1 
	   735,    741,    734, -1 
	   742,    741,    735, -1 
	   736,    742,    735, -1 
	   743,    742,    736, -1 
	   737,    743,    736, -1 
	   744,    743,    737, -1 
	   738,    744,    737, -1 
	   745,    744,    738, -1 
	   739,    745,    738, -1 
	   740,    745,    739, -1 
	   740,    746,    745, -1 
	   747,    746,    740, -1 
	   741,    747,    740, -1 
	   748,    747,    741, -1 
	   742,    748,    741, -1 
	   749,    748,    742, -1 
	   743,    749,    742, -1 
	   750,    749,    743, -1 
	   744,    750,    743, -1 
	   751,    750,    744, -1 
	   745,    751,    744, -1 
	   746,    751,    745, -1 
	   746,    752,    751, -1 
	   753,    752,    746, -1 
	   747,    753,    746, -1 
	   754,    753,    747, -1 
	   748,    754,    747, -1 
	   755,    754,    748, -1 
	   749,    755,    748, -1 
	   756,    755,    749, -1 
	   750,    756,    749, -1 
	   757,    756,    750, -1 
	   751,    757,    750, -1 
	   752,    757,    751, -1 
	   752,    758,    757, -1 
	   752,    759,    758, -1 
	   753,    759,    752, -1 
	   753,    760,    759, -1 
	   753,    761,    760, -1 
	   754,    761,    753, -1 
	   754,    762,    761, -1 
	   755,    762,    754, -1 
	   755,    763,    762, -1 
	   756,    763,    755, -1 
	   757,    764,    756, -1 
	   756,    764,    763, -1 
	   757,    758,    764, -1 
	   758,    765,    764, -1 
	   766,    765,    758, -1 
	   759,    766,    758, -1 
	   767,    766,    759, -1 
	   760,    767,    759, -1 
	   768,    767,    760, -1 
	   761,    768,    760, -1 
	   769,    768,    761, -1 
	   762,    769,    761, -1 
	   770,    769,    762, -1 
	   763,    770,    762, -1 
	   771,    770,    763, -1 
	   764,    771,    763, -1 
	   765,    771,    764, -1 
	   765,    772,    771, -1 
	   773,    772,    765, -1 
	   766,    773,    765, -1 
	   774,    773,    766, -1 
	   767,    774,    766, -1 
	   775,    774,    767, -1 
	   768,    775,    767, -1 
	   776,    775,    768, -1 
	   769,    776,    768, -1 
	   777,    776,    769, -1 
	   770,    777,    769, -1 
	   778,    777,    770, -1 
	   771,    778,    770, -1 
	   772,    778,    771, -1 
	   772,    779,    778, -1 
	   772,    780,    779, -1 
	   773,    780,    772, -1 
	   773,    781,    780, -1 
	   774,    781,    773, -1 
	   774,    782,    781, -1 
	   774,    783,    782, -1 
	   775,    783,    774, -1 
	   775,    784,    783, -1 
	   776,    784,    775, -1 
	   776,    785,    784, -1 
	   777,    785,    776, -1 
	   777,    786,    785, -1 
	   778,    786,    777, -1 
	   778,    779,    786, -1 
	   779,    787,    788, -1 
	   780,    787,    779, -1 
	   779,    789,    786, -1 
	   779,    788,    789, -1 
	   780,    790,    787, -1 
	   781,    790,    780, -1 
	   781,    791,    790, -1 
	   781,    792,    791, -1 
	   782,    792,    781, -1 
	   782,    793,    792, -1 
	   783,    793,    782, -1 
	   783,    794,    793, -1 
	   784,    794,    783, -1 
	   784,    795,    796, -1 
	   784,    796,    794, -1 
	   784,    797,    795, -1 
	   785,    797,    784, -1 
	   785,    798,    797, -1 
	   786,    798,    785, -1 
	   786,    799,    798, -1 
	   786,    789,    799, -1 
	   787,    800,    788, -1 
	   787,    801,    800, -1 
	   787,    802,    801, -1 
	   790,    802,    787, -1 
	   788,    803,    789, -1 
	   788,    800,    803, -1 
	   789,    804,    799, -1 
	   789,    803,    804, -1 
	   790,    805,    802, -1 
	   791,    805,    790, -1 
	   791,    806,    805, -1 
	   792,    806,    791, -1 
	   792,    807,    806, -1 
	   792,    808,    807, -1 
	   793,    808,    792, -1 
	   793,    809,    808, -1 
	   794,    809,    793, -1 
	   794,    810,    809, -1 
	   796,    810,    794, -1 
	   796,    795,    811, -1 
	   795,    812,    811, -1 
	   795,    813,    812, -1 
	   795,    814,    813, -1 
	   815,    814,    795, -1 
	   797,    815,    795, -1 
	   796,    811,    810, -1 
	   798,    815,    797, -1 
	   798,    816,    815, -1 
	   799,    816,    798, -1 
	   799,    817,    816, -1 
	   799,    804,    817, -1 
	   800,    818,    819, -1 
	   801,    818,    800, -1 
	   800,    820,    803, -1 
	   800,    819,    820, -1 
	   801,    821,    818, -1 
	   802,    821,    801, -1 
	   802,    822,    821, -1 
	   805,    822,    802, -1 
	   803,    823,    804, -1 
	   803,    824,    823, -1 
	   803,    820,    824, -1 
	   804,    825,    817, -1 
	   804,    823,    825, -1 
	   805,    826,    822, -1 
	   805,    827,    826, -1 
	   806,    827,    805, -1 
	   806,    828,    827, -1 
	   807,    828,    806, -1 
	   807,    829,    828, -1 
	   807,    830,    829, -1 
	   808,    830,    807, -1 
	   808,    831,    830, -1 
	   809,    831,    808, -1 
	   809,    832,    831, -1 
	   809,    833,    832, -1 
	   810,    833,    809, -1 
	   810,    834,    833, -1 
	   811,    834,    810, -1 
	   811,    812,    834, -1 
	   812,    835,    834, -1 
	   836,    835,    812, -1 
	   813,    836,    812, -1 
	   837,    836,    813, -1 
	   814,    837,    813, -1 
	   838,    837,    814, -1 
	   839,    838,    814, -1 
	   815,    839,    814, -1 
	   816,    839,    815, -1 
	   816,    840,    839, -1 
	   816,    841,    840, -1 
	   817,    841,    816, -1 
	   817,    825,    841, -1 
	   818,    842,    819, -1 
	   843,    842,    818, -1 
	   821,    843,    818, -1 
	   819,    844,    820, -1 
	   842,    844,    819, -1 
	   820,    845,    824, -1 
	   844,    845,    820, -1 
	   846,    843,    821, -1 
	   822,    846,    821, -1 
	   847,    846,    822, -1 
	   826,    847,    822, -1 
	   823,    848,    825, -1 
	   849,    848,    823, -1 
	   824,    849,    823, -1 
	   845,    849,    824, -1 
	   825,    850,    851, -1 
	   825,    851,    841, -1 
	   848,    850,    825, -1 
	   852,    847,    826, -1 
	   827,    852,    826, -1 
	   853,    852,    827, -1 
	   828,    853,    827, -1 
	   854,    853,    828, -1 
	   829,    854,    828, -1 
	   855,    854,    829, -1 
	   830,    855,    829, -1 
	   855,    830,    856, -1 
	   857,    856,    830, -1 
	   831,    857,    830, -1 
	   832,    857,    831, -1 
	   858,    857,    832, -1 
	   859,    858,    832, -1 
	   833,    859,    832, -1 
	   835,    859,    833, -1 
	   834,    835,    833, -1 
	   835,    860,    859, -1 
	   861,    860,    835, -1 
	   836,    861,    835, -1 
	   862,    861,    836, -1 
	   837,    862,    836, -1 
	   838,    862,    837, -1 
	   863,    862,    838, -1 
	   864,    863,    838, -1 
	   864,    838,    839, -1 
	   840,    864,    839, -1 
	   865,    864,    840, -1 
	   841,    865,    840, -1 
	   851,    865,    841, -1 
	   842,    866,    844, -1 
	   843,    866,    842, -1 
	   867,    866,    843, -1 
	   846,    867,    843, -1 
	   844,    868,    845, -1 
	   866,    868,    844, -1 
	   845,    869,    849, -1 
	   868,    869,    845, -1 
	   870,    867,    846, -1 
	   847,    870,    846, -1 
	   871,    870,    847, -1 
	   852,    871,    847, -1 
	   848,    872,    850, -1 
	   849,    872,    848, -1 
	   869,    872,    849, -1 
	   850,    873,    851, -1 
	   874,    873,    850, -1 
	   875,    874,    850, -1 
	   872,    876,    850, -1 
	   850,    876,    875, -1 
	   851,    877,    865, -1 
	   873,    877,    851, -1 
	   853,    871,    852, -1 
	   878,    871,    853, -1 
	   854,    878,    853, -1 
	   879,    878,    854, -1 
	   855,    879,    854, -1 
	   880,    855,    856, -1 
	   881,    879,    855, -1 
	   880,    881,    855, -1 
	   882,    883,    856, -1 
	   857,    882,    856, -1 
	   856,    883,    880, -1 
	   884,    882,    857, -1 
	   858,    884,    857, -1 
	   885,    884,    858, -1 
	   859,    885,    858, -1 
	   860,    885,    859, -1 
	   860,    886,    885, -1 
	   887,    886,    860, -1 
	   861,    887,    860, -1 
	   862,    887,    861, -1 
	   888,    887,    862, -1 
	   863,    888,    862, -1 
	   889,    888,    863, -1 
	   890,    889,    863, -1 
	   890,    863,    864, -1 
	   865,    890,    864, -1 
	   877,    890,    865, -1 
	   866,    891,    868, -1 
	   867,    891,    866, -1 
	   892,    891,    867, -1 
	   870,    892,    867, -1 
	   868,    893,    869, -1 
	   891,    893,    868, -1 
	   869,    893,    872, -1 
	   894,    892,    870, -1 
	   871,    894,    870, -1 
	   878,    894,    871, -1 
	   872,    895,    876, -1 
	   893,    895,    872, -1 
	   873,    896,    877, -1 
	   874,    896,    873, -1 
	   897,    896,    874, -1 
	   898,    897,    874, -1 
	   898,    874,    875, -1 
	   880,    898,    875, -1 
	   875,    881,    880, -1 
	   876,    881,    875, -1 
	   876,    895,    881, -1 
	   877,    899,    890, -1 
	   896,    899,    877, -1 
	   900,    894,    878, -1 
	   879,    900,    878, -1 
	   881,    900,    879, -1 
	   883,    898,    880, -1 
	   895,    900,    881, -1 
	   882,    901,    883, -1 
	   884,    901,    882, -1 
	   901,    902,    883, -1 
	   883,    902,    898, -1 
	   903,    901,    884, -1 
	   885,    903,    884, -1 
	   886,    903,    885, -1 
	   886,    904,    903, -1 
	   887,    904,    886, -1 
	   904,    887,    888, -1 
	   889,    905,    888, -1 
	   905,    904,    888, -1 
	   906,    905,    889, -1 
	   899,    906,    889, -1 
	   899,    889,    890, -1 
	   891,    907,    893, -1 
	   892,    907,    891, -1 
	   894,    907,    892, -1 
	   893,    907,    895, -1 
	   900,    907,    894, -1 
	   895,    907,    900, -1 
	   896,    908,    899, -1 
	   897,    908,    896, -1 
	   909,    908,    897, -1 
	   902,    909,    897, -1 
	   902,    897,    898, -1 
	   908,    906,    899, -1 
	   901,    909,    902, -1 
	   910,    909,    901, -1 
	   903,    910,    901, -1 
	   904,    910,    903, -1 
	   904,    911,    910, -1 
	   905,    911,    904, -1 
	   906,    911,    905, -1 
	   908,    911,    906, -1 
	   909,    911,    908, -1 
	   910,    911,    909, -1 
    ] 
   colorPerVertex FALSE 
    colorIndex [ 
	  1, 
	  1, 
	  1, 
	  1, 
	  1, 
	  1, 
	  1, 
	  1, 
	  1, 
	  1, 
	  1, 
	  1, 
	  1, 
	  1, 
	  1, 
	  1, 
	  1, 
	  1, 
	  1, 
	  1, 
	  1, 
	  1, 
	  1, 
	  1, 
	  1, 
	  1, 
	  1, 
	  1, 
	  1, 
	  1, 
	  1, 
	  1, 
	  1, 
	  1, 
	  1, 
	  1, 
	  1, 
	  1, 
	  1, 
	  1, 
	  1, 
	  1, 
	  1, 
	  1, 
	  1, 
	  1, 
	  1, 
	  1, 
	  1, 
	  1, 
	  1, 
	  1, 
	  1, 
	  1, 
	  1, 
	  1, 
	  1, 
	  1, 
	  1, 
	  1, 
	  1, 
	  1, 
	  1, 
	  1, 
	  1, 
	  1, 
	  1, 
	  1, 
	  1, 
	  1, 
	  1, 
	  1, 
	  1, 
	  1, 
	  1, 
	  1, 
	  1, 
	  1, 
	  1, 
	  1, 
	  1, 
	  1, 
	  1, 
	  1, 
	  1, 
	  1, 
	  1, 
	  1, 
	  1, 
	  1, 
	  1, 
	  1, 
	  1, 
	  1, 
	  1, 
	  1, 
	  1, 
	  1, 
	  1, 
	  1, 
	  1, 
	  1, 
	  1, 
	  1, 
	  1, 
	  1, 
	  1, 
	  1, 
	  1, 
	  1, 
	  1, 
	  1, 
	  1, 
	  1, 
	  1, 
	  1, 
	  1, 
	  1, 
	  1, 
	  1, 
	  1, 
	  1, 
	  1, 
	  1, 
	  1, 
	  1, 
	  1, 
	  1, 
	  1, 
	  1, 
	  1, 
	  1, 
	  1, 
	  1, 
	  1, 
	  1, 
	  1, 
	  1, 
	  1, 
	  1, 
	  1, 
	  1, 
	  1, 
	  1, 
	  1, 
	  1, 
	  1, 
	  1, 
	  1, 
	  1, 
	  1, 
	  1, 
	  1, 
	  1, 
	  1, 
	  1, 
	  1, 
	  1, 
	  1, 
	  1, 
	  1, 
	  1, 
	  1, 
	  1, 
	  1, 
	  1, 
	  1, 
	  1, 
	  1, 
	  1, 
	  1, 
	  1, 
	  1, 
	  1, 
	  1, 
	  1, 
	  1, 
	  1, 
	  1, 
	  1, 
	  1, 
	  1, 
	  1, 
	  1, 
	  1, 
	  1, 
	  1, 
	  1, 
	  1, 
	  1, 
	  1, 
	  1, 
	  1, 
	  1, 
	  1, 
	  1, 
	  1, 
	  1, 
	  1, 
	  1, 
	  1, 
	  1, 
	  1, 
	  1, 
	  1, 
	  1, 
	  1, 
	  1, 
	  1, 
	  1, 
	  1, 
	  1, 
	  1, 
	  1, 
	  1, 
	  1, 
	  1, 
	  1, 
	  1, 
	  1, 
	  1, 
	  1, 
	  1, 
	  1, 
	  1, 
	  1, 
	  1, 
	  1, 
	  1, 
	  1, 
	  1, 
	  1, 
	  1, 
	  1, 
	  1, 
	  1, 
	  1, 
	  1, 
	  1, 
	  1, 
	  1, 
	  1, 
	  1, 
	  1, 
	  1, 
	  1, 
	  1, 
	  1, 
	  1, 
	  1, 
	  1, 
	  1, 
	  1, 
	  1, 
	  1, 
	  1, 
	  1, 
	  1, 
	  1, 
	  1, 
	  1, 
	  1, 
	  1, 
	  1, 
	  1, 
	  1, 
	  1, 
	  1, 
	  1, 
	  1, 
	  1, 
	  1, 
	  1, 
	  1, 
	  1, 
	  1, 
	  1, 
	  1, 
	  1, 
	  1, 
	  1, 
	  1, 
	  1, 
	  1, 
	  1, 
	  1, 
	  1, 
	  1, 
	  1, 
	  1, 
	  1, 
	  1, 
	  1, 
	  1, 
	  1, 
	  1, 
	  1, 
	  1, 
	  1, 
	  1, 
	  1, 
	  1, 
	  1, 
	  1, 
	  1, 
	  1, 
	  1, 
	  1, 
	  1, 
	  1, 
	  1, 
	  1, 
	  1, 
	  1, 
	  1, 
	  1, 
	  1, 
	  1, 
	  1, 
	  1, 
	  1, 
	  1, 
	  1, 
	  1, 
	  1, 
	  1, 
	  1, 
	  1, 
	  1, 
	  1, 
	  1, 
	  1, 
	  1, 
	  1, 
	  1, 
	  1, 
	  1, 
	  1, 
	  1, 
	  1, 
	  1, 
	  1, 
	  1, 
	  1, 
	  1, 
	  1, 
	  1, 
	  1, 
	  1, 
	  1, 
	  1, 
	  1, 
	  1, 
	  1, 
	  1, 
	  1, 
	  1, 
	  1, 
	  1, 
	  1, 
	  1, 
	  1, 
	  1, 
	  1, 
	  1, 
	  1, 
	  1, 
	  1, 
	  1, 
	  1, 
	  1, 
	  1, 
	  1, 
	  1, 
	  1, 
	  1, 
	  1, 
	  1, 
	  1, 
	  1, 
	  1, 
	  1, 
	  1, 
	  1, 
	  1, 
	  1, 
	  1, 
	  1, 
	  1, 
	  1, 
	  1, 
	  1, 
	  1, 
	  1, 
	  1, 
	  1, 
	  1, 
	  1, 
	  1, 
	  1, 
	  1, 
	  1, 
	  1, 
	  1, 
	  1, 
	  1, 
	  1, 
	  1, 
	  1, 
	  1, 
	  1, 
	  1, 
	  1, 
	  1, 
	  1, 
	  1, 
	  1, 
	  1, 
	  1, 
	  1, 
	  1, 
	  1, 
	  1, 
	  1, 
	  1, 
	  1, 
	  1, 
	  1, 
	  1, 
	  1, 
	  1, 
	  1, 
	  1, 
	  1, 
	  1, 
	  1, 
	  1, 
	  1, 
	  1, 
	  1, 
	  1, 
	  1, 
	  1, 
	  1, 
	  1, 
	  1, 
	  1, 
	  1, 
	  1, 
	  1, 
	  1, 
	  1, 
	  1, 
	  1, 
	  1, 
	  1, 
	  1, 
	  1, 
	  1, 
	  1, 
	  1, 
	  1, 
	  1, 
	  1, 
	  1, 
	  1, 
	  1, 
	  1, 
	  1, 
	  1, 
	  1, 
	  1, 
	  1, 
	  1, 
	  1, 
	  1, 
	  1, 
	  1, 
	  1, 
	  1, 
	  1, 
	  1, 
	  1, 
	  1, 
	  1, 
	  1, 
	  1, 
	  1, 
	  1, 
	  1, 
	  1, 
	  1, 
	  1, 
	  1, 
	  1, 
	  1, 
	  1, 
	  1, 
	  1, 
	  1, 
	  1, 
	  1, 
	  1, 
	  1, 
	  1, 
	  1, 
	  1, 
	  1, 
	  1, 
	  1, 
	  1, 
	  1, 
	  1, 
	  1, 
	  1, 
	  1, 
	  1, 
	  1, 
	  1, 
	  1, 
	  1, 
	  1, 
	  1, 
	  1, 
	  1, 
	  1, 
	  1, 
	  1, 
	  1, 
	  1, 
	  1, 
	  1, 
	  1, 
	  1, 
	  1, 
	  1, 
	  1, 
	  1, 
	  1, 
	  1, 
	  1, 
	  1, 
	  1, 
	  1, 
	  1, 
	  1, 
	  1, 
	  1, 
	  1, 
	  1, 
	  1, 
	  1, 
	  1, 
	  1, 
	  1, 
	  1, 
	  1, 
	  1, 
	  1, 
	  1, 
	  1, 
	  1, 
	  1, 
	  1, 
	  1, 
	  1, 
	  1, 
	  1, 
	  1, 
	  1, 
	  1, 
	  1, 
	  1, 
	  1, 
	  1, 
	  1, 
	  1, 
	  1, 
	  1, 
	  1, 
	  1, 
	  1, 
	  1, 
	  1, 
	  1, 
	  1, 
	  1, 
	  1, 
	  1, 
	  1, 
	  1, 
	  1, 
	  1, 
	  1, 
	  1, 
	  1, 
	  1, 
	  1, 
	  1, 
	  1, 
	  1, 
	  1, 
	  1, 
	  1, 
	  1, 
	  1, 
	  1, 
	  1, 
	  1, 
	  1, 
	  1, 
	  1, 
	  1, 
	  1, 
	  1, 
	  1, 
	  1, 
	  1, 
	  1, 
	  1, 
	  1, 
	  1, 
	  1, 
	  1, 
	  1, 
	  1, 
	  1, 
	  1, 
	  1, 
	  1, 
	  1, 
	  1, 
	  1, 
	  1, 
	  1, 
	  1, 
	  1, 
	  1, 
	  1, 
	  1, 
	  1, 
	  1, 
	  1, 
	  1, 
	  1, 
	  1, 
	  1, 
	  1, 
	  1, 
	  1, 
	  1, 
	  1, 
	  1, 
	  1, 
	  1, 
	  1, 
	  1, 
	  1, 
	  1, 
	  1, 
	  1, 
	  1, 
	  1, 
	  1, 
	  1, 
	  1, 
	  1, 
	  1, 
	  1, 
	  1, 
	  1, 
	  1, 
	  1, 
	  1, 
	  1, 
	  1, 
	  1, 
	  1, 
	  1, 
	  1, 
	  1, 
	  1, 
	  1, 
	  1, 
	  1, 
	  1, 
	  1, 
	  1, 
	  1, 
	  1, 
	  1, 
	  1, 
	  1, 
	  1, 
	  1, 
	  1, 
	  1, 
	  1, 
	  1, 
	  1, 
	  1, 
	  1, 
	  1, 
	  1, 
	  1, 
	  1, 
	  1, 
	  1, 
	  1, 
	  1, 
	  1, 
	  1, 
	  1, 
	  1, 
	  1, 
	  1, 
	  1, 
	  1, 
	  1, 
	  1, 
	  1, 
	  1, 
	  1, 
	  1, 
	  1, 
	  1, 
	  1, 
	  1, 
	  1, 
	  1, 
	  1, 
	  1, 
	  1, 
	  1, 
	  1, 
	  1, 
	  1, 
	  1, 
	  1, 
	  1, 
	  1, 
	  1, 
	  1, 
	  1, 
	  1, 
	  1, 
	  1, 
	  1, 
	  1, 
	  1, 
	  1, 
	  1, 
	  1, 
	  1, 
	  1, 
	  1, 
	  1, 
	  1, 
	  1, 
	  1, 
	  1, 
	  1, 
	  1, 
	  1, 
	  1, 
	  1, 
	  1, 
	  1, 
	  1, 
	  1, 
	  1, 
	  1, 
	  1, 
	  1, 
	  1, 
	  1, 
	  1, 
	  1, 
	  1, 
	  1, 
	  1, 
	  1, 
	  1, 
	  1, 
	  1, 
	  1, 
	  1, 
	  1, 
	  1, 
	  1, 
	  1, 
	  1, 
	  1, 
	  1, 
	  1, 
	  1, 
	  1, 
	  1, 
	  1, 
	  1, 
	  1, 
	  1, 
	  1, 
	  1, 
	  1, 
	  1, 
	  1, 
	  1, 
	  1, 
	  1, 
	  1, 
	  1, 
	  1, 
	  1, 
	  1, 
	  1, 
	  1, 
	  1, 
	  1, 
	  1, 
	  1, 
	  1, 
	  1, 
	  1, 
	  1, 
	  1, 
	  1, 
	  1, 
	  1, 
	  1, 
	  1, 
	  1, 
	  1, 
	  1, 
	  1, 
	  1, 
	  1, 
	  1, 
	  1, 
	  1, 
	  1, 
	  1, 
	  1, 
	  1, 
	  1, 
	  1, 
	  1, 
	  1, 
	  1, 
	  1, 
	  1, 
	  1, 
	  1, 
	  1, 
	  1, 
	  1, 
	  1, 
	  1, 
	  1, 
	  1, 
	  1, 
	  1, 
	  1, 
	  1, 
	  1, 
	  1, 
	  1, 
	  1, 
	  1, 
	  1, 
	  1, 
	  1, 
	  1, 
	  1, 
	  1, 
	  1, 
	  1, 
	  1, 
	  1, 
	  1, 
	  1, 
	  1, 
	  1, 
	  1, 
	  1, 
	  1, 
	  1, 
	  1, 
	  1, 
	  1, 
	  1, 
	  1, 
	  1, 
	  1, 
	  1, 
	  1, 
	  1, 
	  1, 
	  1, 
	  1, 
	  1, 
	  1, 
	  1, 
	  1, 
	  1, 
	  1, 
	  1, 
	  1, 
	  1, 
	  1, 
	  1, 
	  1, 
    ] 
normal Normal { 
vector [ 
	  0.001802   0.770265  -0.637722,
	  0.080536   0.341305  -0.936496,
	 -0.261491   0.594688  -0.760242,
	  0.294673   0.734484  -0.611311,
	 -0.021499   0.850627  -0.525330,
	  0.345921   0.819241  -0.457365,
	 -0.363485   0.290920  -0.885011,
	 -0.281156   0.020009  -0.959454,
	 -0.049834  -0.126800  -0.990676,
	  0.294208   0.012871  -0.955655,
	  0.503436   0.221009  -0.835288,
	  0.485169   0.482857  -0.729013,
	 -0.345770   0.791739  -0.503580,
	 -0.589916   0.520509  -0.617308,
	  0.661767   0.557970  -0.500733,
	 -0.060030   0.949096  -0.309212,
	  0.286543   0.909996  -0.299666,
	  0.603183   0.752306  -0.264964,
	 -0.626172   0.086950  -0.774822,
	 -0.393325  -0.236702  -0.888407,
	 -0.019136  -0.320673  -0.946997,
	  0.384727  -0.209864  -0.898856,
	  0.600386  -0.073036  -0.796368,
	  0.740571   0.202020  -0.640892,
	 -0.390880   0.848657  -0.356363,
	 -0.641616   0.662844  -0.385962,
	 -0.807183   0.285337  -0.516758,
	  0.843082   0.448514  -0.296730,
	 -0.178313   0.981457  -0.070327,
	  0.129993   0.990705  -0.040078,
	  0.407588   0.913118  -0.009411,
	  0.686181   0.726973   0.025805,
	 -0.692318  -0.167745  -0.701824,
	 -0.374273  -0.430478  -0.821345,
	  0.018275  -0.517214  -0.855661,
	  0.451235  -0.446506  -0.772670,
	  0.741746  -0.213542  -0.635777,
	  0.881678   0.085763  -0.463992,
	 -0.480568   0.867476  -0.128603,
	 -0.752529   0.622662  -0.214456,
	 -0.917293   0.266887  -0.295541,
	 -0.877500  -0.126968  -0.462464,
	  0.983050   0.084345  -0.162783,
	  0.897923   0.438573   0.037247,
	 -0.493977   0.854538   0.160471,
	 -0.194235   0.959109   0.205868,
	  0.093216   0.965056   0.244904,
	  0.401454   0.864656   0.302002,
	  0.700688   0.623031   0.347662,
	 -0.634975  -0.473762  -0.610210,
	 -0.275622  -0.644378  -0.713308,
	  0.179437  -0.686019  -0.705110,
	  0.587405  -0.562527  -0.581824,
	  0.862532  -0.269802  -0.428071,
	 -0.782310   0.619270   0.067043,
	 -0.969261   0.243692  -0.033870,
	 -0.961837  -0.196754  -0.190150,
	 -0.724241  -0.498459  -0.476459,
	  0.992782  -0.104265   0.059262,
	  0.921349   0.265987   0.283490,
	 -0.497417   0.792744   0.352326,
	 -0.804969   0.552242   0.216918,
	 -0.187639   0.881658   0.432979,
	  0.124675   0.847234   0.516382,
	  0.422327   0.684092   0.594692,
	  0.658318   0.411783   0.630121,
	 -0.341981  -0.745995  -0.571437,
	  0.156828  -0.773496  -0.614092,
	  0.566156  -0.711792  -0.415715,
	  0.864394  -0.466003  -0.188852,
	 -0.976730   0.213611   0.019218,
	 -0.968529  -0.219517  -0.117318,
	 -0.739264  -0.618277  -0.266876,
	 -0.327919  -0.831465  -0.448482,
	  0.911563  -0.270542   0.309613,
	  0.855486   0.077182   0.512041,
	 -0.327510   0.722976   0.608312,
	 -0.648468   0.568321   0.506460,
	 -0.857704   0.289576   0.424841,
	 -0.064896   0.716154   0.694919,
	  0.224291   0.584408   0.779847,
	  0.429830   0.345194   0.834318,
	  0.597854   0.009791   0.801545,
	  0.101313  -0.868247  -0.485678,
	  0.621683  -0.703553  -0.344272,
	  0.823470  -0.566855  -0.023919,
	 -0.982313   0.013515   0.186759,
	 -0.858319  -0.502964   0.101563,
	 -0.529784  -0.848132   0.000860,
	 -0.287800  -0.952777  -0.096886,
	  0.706708  -0.609876   0.358630,
	  0.725456  -0.309117   0.614947,
	 -0.574177   0.356622   0.736981,
	 -0.330886   0.300884   0.894418,
	 -0.756459   0.131916   0.640599,
	 -0.880762  -0.226682   0.415780,
	 -0.179531   0.242025   0.953516,
	  0.145543   0.213665   0.966004,
	  0.434603  -0.012704   0.900533,
	  0.578957  -0.346069   0.738272,
	 -0.147174  -0.982971  -0.110037,
	  0.135287  -0.989377  -0.053198,
	  0.461124  -0.885561   0.056096,
	 -0.723015  -0.690752   0.010505,
	 -0.374884  -0.911240  -0.170597,
	 -0.192345  -0.976353  -0.098681,
	  0.487159  -0.738418   0.466278,
	 -0.663087   0.202080   0.720749,
	 -0.421341   0.361998   0.831522,
	 -0.947664  -0.069673   0.311575,
	 -0.896955  -0.401038  -0.186122,
	 -0.091893   0.464532   0.880776,
	  0.490090   0.209878   0.846028,
	  0.817550  -0.189365   0.543831,
	  0.057652  -0.997899  -0.029576,
	  0.277703  -0.944416   0.175954,
	 -0.430022  -0.655687  -0.620609,
	  0.149734  -0.840468  -0.520761,
	  0.805859  -0.513081   0.295533,
	 -0.720678   0.643725   0.257376,
	 -0.969378   0.234888   0.071655,
	 -0.043201   0.926581   0.373606,
	 -0.961265  -0.056251  -0.269825,
	 -0.700259  -0.195003  -0.686739,
	  0.572210   0.719875   0.392881,
	  0.961667   0.193115   0.194685,
	  0.974209  -0.193007   0.116898,
	  0.654379  -0.743833  -0.136018,
	  0.000231  -0.451309  -0.892368,
	  0.628216  -0.481259  -0.611338,
	  0.949493  -0.305467  -0.071780,
	 -0.145851   0.987155  -0.065211,
	 -0.728869   0.673207  -0.124668,
	 -0.951319   0.295108  -0.088898,
	 -0.961381   0.179371  -0.208742,
	  0.519013   0.854664   0.013260,
	 -0.835227   0.069999  -0.545432,
	 -0.404560  -0.090469  -0.910025,
	  0.870007   0.487822   0.071541,
	  0.975375  -0.121857   0.183832,
	  0.982112  -0.169571   0.081867,
	  0.945732  -0.284516   0.156977,
	  0.439865  -0.374278  -0.816354,
	  0.874965  -0.264979  -0.405243,
	 -0.060893   0.949572  -0.307580,
	  0.537617   0.841090  -0.059459,
	 -0.380183   0.515798  -0.767732,
	 -0.730638   0.302884  -0.611906,
	 -0.632632   0.548764  -0.546475,
	 -0.776521   0.314961  -0.545724,
	  0.806706   0.528515   0.264381,
	 -0.763865   0.243333  -0.597746,
	 -0.255549   0.193753  -0.947182,
	  0.912706  -0.033668   0.407228,
	  0.946079  -0.197739   0.256581,
	  0.921488  -0.250648   0.296708,
	  0.860115  -0.175777  -0.478858,
	  0.990518  -0.073659   0.115971,
	  0.547978  -0.281675  -0.787641,
	  0.164688   0.905633  -0.390778,
	  0.432818   0.876742   0.209741,
	  0.756380   0.345204   0.555629,
	  0.428279   0.337594  -0.838217,
	  0.196508  -0.127384  -0.972193,
	  0.142483   0.327131  -0.934175,
	 -0.264765   0.414281  -0.870787,
	 -0.647359   0.318294  -0.692542,
	  0.855553  -0.054539   0.514835,
	 -0.539535   0.551969  -0.635792,
	 -0.467636   0.645749  -0.603593,
	  0.196620   0.296361  -0.934618,
	  0.946419  -0.090577   0.309978,
	  0.894906  -0.176264   0.409970,
	  0.913786  -0.171753   0.368098,
	  0.933599  -0.126200   0.335361,
	  0.613672  -0.244079  -0.750888,
	  0.521684  -0.163010  -0.837421,
	  0.926475  -0.009818  -0.376229,
	  0.237521   0.955442   0.175256,
	  0.418938   0.358342   0.834315,
	  0.664550   0.023498   0.746874,
	  0.137739   0.899362  -0.414942,
	  0.072919   0.129094  -0.988948,
	 -0.194807   0.103127  -0.975405,
	 -0.550872   0.087722  -0.829967,
	 -0.719332   0.067204  -0.691408,
	 -0.836378   0.378026  -0.396949,
	  0.875704  -0.240341   0.418783,
	  0.835206  -0.096955   0.541323,
	 -0.621842   0.558521  -0.548969,
	 -0.222881   0.249142  -0.942471,
	  0.627229  -0.204259  -0.751573,
	  0.982376   0.135850   0.128386,
	  0.911286   0.040918   0.409737,
	  0.860480  -0.099890   0.499596,
	  0.985605  -0.003056  -0.169039,
	  0.543883  -0.314258  -0.778096,
	  0.345102  -0.140170  -0.928039,
	  0.557485  -0.000953  -0.830186,
	 -0.016684   0.672416   0.739985,
	 -0.346658   0.904563   0.248179,
	  0.250623   0.241522   0.937473,
	  0.582226   0.190640   0.790361,
	 -0.794510   0.576462  -0.190905,
	 -0.878558   0.016084  -0.477366,
	 -0.938318  -0.037333  -0.343752,
	 -0.929345  -0.219192  -0.297106,
	 -0.961480  -0.230717  -0.149418,
	 -0.997214   0.021301  -0.071484,
	  0.640973  -0.349335   0.683461,
	  0.741145  -0.158922   0.652264,
	 -0.689605  -0.208449  -0.693537,
	  0.296046  -0.488756  -0.820655,
	  0.552984  -0.436744  -0.709551,
	  0.980419   0.168221   0.102373,
	  0.894099   0.157254   0.419354,
	  0.728210  -0.018430   0.685106,
	  0.862087   0.069851  -0.501923,
	  0.202459  -0.264249  -0.942965,
	  0.412245  -0.058501  -0.909193,
	 -0.082868   0.428138   0.899906,
	 -0.522019   0.567756   0.636514,
	 -0.871786   0.364987   0.326761,
	  0.251348   0.206846   0.945536,
	 -0.990566   0.077776   0.112823,
	 -0.966066  -0.076525   0.246699,
	 -0.913221  -0.267192   0.307630,
	 -0.927941  -0.355117   0.113215,
	 -0.933521  -0.313732   0.173524,
	 -0.932024  -0.354171  -0.076771,
	 -0.900257  -0.433552  -0.039627,
	  0.259064  -0.403444   0.877564,
	  0.337104  -0.336443   0.879299,
	 -0.330357  -0.773500  -0.540890,
	  0.121825  -0.699179  -0.704490,
	  0.951214   0.176415   0.253119,
	  0.904180   0.142975  -0.402512,
	  0.780418   0.071036   0.621210,
	  0.223175  -0.129637   0.966120,
	  0.596928   0.005425   0.802276,
	  0.387810  -0.031418  -0.921204,
	 -0.144283  -0.309167  -0.939999,
	 -0.322818   0.186343   0.927936,
	 -0.677547   0.146675   0.720706,
	 -0.829877   0.053923   0.555335,
	 -0.164727  -0.298401   0.940118,
	 -0.817085  -0.207138   0.538020,
	 -0.869764  -0.437579   0.228113,
	 -0.749019  -0.307494   0.586871,
	 -0.679926  -0.330564   0.654544,
	 -0.618373  -0.740612  -0.262885,
	 -0.907803  -0.417885  -0.035583,
	 -0.216310  -0.386230   0.896681,
	  0.893157   0.168960   0.416801,
	  0.896556   0.210096  -0.389932,
	  0.361847   0.081016  -0.928710,
	 -0.340820  -0.213472   0.915572,
	  0.020722  -0.098689   0.994903,
	  0.561636   0.058371   0.825322,
	 -0.408990  -0.147235  -0.900583,
	 -0.672134  -0.354247  -0.650189,
	 -0.531189  -0.213584   0.819890,
	 -0.631357  -0.285644   0.720969,
	 -0.896757  -0.245071  -0.368466,
	 -0.822669  -0.253891   0.508680,
	  0.766772   0.149214   0.624336,
	  0.958777   0.206553  -0.195145,
	  0.107671   0.067321  -0.991905,
	 -0.102720  -0.084595   0.991107,
	  0.037034  -0.060121   0.997504,
	 -0.827573  -0.182006  -0.531033,
	 -0.866966  -0.260179   0.425061,
	  0.663038   0.081306   0.744157,
	  0.980104   0.190551  -0.055562,
	  0.200263   0.114725  -0.973002,
	 -0.813169  -0.112362  -0.571079,
	 -0.165647  -0.149629   0.974768,
	 -0.917077  -0.251846   0.309100,
	  0.651453   0.008028   0.758647,
	  0.985762   0.132194  -0.103915,
	  0.230590   0.099625  -0.967938,
	 -0.831552  -0.070904  -0.550902,
	 -0.947629  -0.181463   0.262811,
	 -0.293201  -0.156677   0.943125,
	  0.674489  -0.015846   0.738115,
	  0.960117   0.122492  -0.251338,
	  0.103919   0.126513  -0.986507,
	 -0.858622  -0.011463  -0.512481,
	 -0.943966  -0.126919   0.304663,
	 -0.323975  -0.142214   0.935316,
	  0.694622  -0.041640   0.718168,
	  0.964716   0.094431  -0.245777,
	  0.133284   0.126939  -0.982915,
	 -0.847722   0.019813  -0.530071,
	 -0.930009  -0.088763   0.356659,
	 -0.273328  -0.143887   0.951098,
	  0.568713  -0.092715   0.817294,
	  0.989318   0.037496  -0.140871,
	  0.203006   0.148306  -0.967881,
	 -0.786299   0.078151  -0.612884,
	 -0.952218  -0.018988   0.304829,
	 -0.307225  -0.101487   0.946210,
	  0.029685  -0.087777   0.995698,
	  0.813884  -0.065576   0.577315,
	  0.970754   0.016702  -0.239496,
	  0.323498   0.148454  -0.934511,
	 -0.620309   0.120937  -0.774978,
	 -0.987900   0.047387  -0.147672,
	 -0.693128  -0.033588   0.720032,
	 -0.079809  -0.053645   0.995366,
	  0.730497  -0.080354   0.678172,
	  0.991238  -0.011776  -0.131564,
	  0.440450   0.163378  -0.882786,
	 -0.638088   0.191800  -0.745692,
	 -0.957516   0.088180  -0.274568,
	 -0.826526   0.046376   0.560984,
	 -0.105123   0.088624   0.990502,
	  0.668166   0.003549   0.744004,
	  0.984896  -0.031217  -0.170307,
	  0.655447   0.165326  -0.736924,
	 -0.526182   0.384298  -0.758583,
	 -0.962664   0.168434  -0.211916,
	 -0.940786   0.193792   0.278150,
	 -0.603696   0.536008   0.590124,
	  0.197926   0.241797   0.949926,
	  0.874792   0.244276   0.418412,
	  0.965569   0.140500  -0.218945,
	  0.800542   0.161667  -0.577059,
	 -0.029579   0.540891  -0.840572,
	 -0.906211   0.367711  -0.208734,
	 -0.926382   0.355536  -0.124140,
	 -0.432913   0.790988   0.432347,
	  0.128323   0.407512   0.904139,
	 -0.632234   0.738795  -0.233372,
	  0.412952   0.199877   0.888549,
	  0.819577   0.179284   0.544197,
	  0.980842   0.104924  -0.164133,
	  0.979576   0.142384  -0.141977,
	  0.822034   0.302923  -0.482180,
	  0.720475   0.424904  -0.548063,
	  0.142688   0.695410  -0.704305,
	 -0.852438   0.514110  -0.095083,
	 -0.798028   0.599380  -0.062415,
	 -0.763295   0.632872  -0.129823,
	 -0.393313   0.684931   0.613331,
	 -0.517511   0.807998  -0.281642,
	  0.042985   0.344261   0.937890,
	  0.319129   0.040561   0.946843,
	 -0.641808   0.600348  -0.477143,
	  0.417315  -0.050677   0.907348,
	  0.909884  -0.132893   0.393002,
	  0.919299  -0.317031  -0.233198,
	  0.955967  -0.275303   0.101667,
	  0.996729   0.066583  -0.045813,
	  0.824255   0.191117  -0.532990,
	  0.734795   0.230154  -0.638048,
	  0.704022   0.016597  -0.709985,
	  0.363191   0.150699  -0.919447,
	 -0.255564   0.696544  -0.670458,
	 -0.608865   0.776567  -0.161949,
	 -0.586503   0.798479   0.135814,
	 -0.874673   0.483055  -0.040062,
	 -0.680934   0.522324   0.513329,
	 -0.361709   0.129398   0.923267,
	 -0.779029   0.626735   0.017786,
	 -0.561192   0.200691  -0.802986,
	 -0.715720   0.437285  -0.544543,
	 -0.058361  -0.212455   0.975427,
	  0.229220  -0.276080   0.933402,
	 -0.955854  -0.238729  -0.171322,
	  0.267904  -0.217028   0.938683,
	  0.405175  -0.183231   0.895689,
	  0.824168  -0.528380   0.203867,
	  0.736000  -0.619969  -0.271924,
	  0.732861  -0.656691   0.177967,
	  0.748786  -0.379931   0.543113,
	  0.963385  -0.202814  -0.175372,
	  0.784645  -0.022985  -0.619519,
	  0.763106   0.031070  -0.645527,
	  0.610860  -0.202051  -0.765523,
	  0.256043  -0.121217  -0.959035,
	 -0.274930   0.194311  -0.941624,
	 -0.464580   0.744362  -0.479677,
	 -0.257614   0.962470  -0.085358,
	 -0.304962   0.869490   0.388569,
	 -0.637838   0.389982   0.664137,
	 -0.974788   0.213043   0.066334,
	 -0.674651   0.042659   0.736903,
	 -0.309275  -0.139096   0.940745,
	 -0.917624   0.039633  -0.395469,
	 -0.514602  -0.249746  -0.820251,
	 -0.541898  -0.151019  -0.826764,
	 -0.086289  -0.157910   0.983676,
	  0.149837  -0.219660   0.964001,
	 -0.563968  -0.074166   0.822459,
	 -0.911206  -0.401939   0.090271,
	  0.236271  -0.242893   0.940840,
	  0.429267  -0.672291   0.603120,
	  0.488615  -0.860537  -0.143988,
	  0.364479  -0.906345  -0.213761,
	  0.315225  -0.835102   0.450819,
	  0.667571  -0.696629   0.262787,
	  0.748279  -0.099234  -0.655921,
	  0.682002  -0.136847  -0.718433,
	  0.525115  -0.270636  -0.806852,
	  0.242453  -0.255318  -0.935964,
	 -0.180093  -0.022591  -0.983390,
	 -0.695472   0.160330  -0.700437,
	 -0.634308   0.762058   0.130080,
	 -0.505313   0.342637   0.791997,
	 -0.862147  -0.442858  -0.246129,
	 -0.847730  -0.319270   0.423580,
	 -0.557615  -0.405069   0.724558,
	 -0.637459  -0.598751  -0.484916,
	 -0.361615  -0.535886  -0.762929,
	 -0.133630  -0.652197   0.746178,
	  0.171069  -0.674443   0.718235,
	 -0.629390  -0.236008   0.740384,
	 -0.486903  -0.234281   0.841450,
	 -0.445025  -0.492660   0.747822,
	 -0.569909  -0.775635   0.271282,
	 -0.388133  -0.792595  -0.470262,
	  0.165249  -0.971204   0.171626,
	  0.170678  -0.967746  -0.185303,
	 -0.042601  -0.972351   0.229604,
	 -0.069554  -0.922806  -0.378933,
	  0.071385  -0.838464   0.540262,
	  0.275390  -0.890944   0.361080,
	  0.623353  -0.657996  -0.422459,
	  0.560971  -0.126073  -0.818179,
	  0.432441  -0.282113  -0.856392,
	  0.238002  -0.273281  -0.932026,
	 -0.131094  -0.181175  -0.974674,
	 -0.769722  -0.385874  -0.508556,
	 -0.981272   0.074660   0.177568,
	 -0.418906  -0.783823  -0.458409,
	 -0.605701  -0.767033  -0.211628,
	 -0.426410  -0.904520  -0.004301,
	 -0.164714  -0.827014  -0.537510,
	 -0.092421  -0.994825   0.042214,
	 -0.860731  -0.470662   0.193955,
	 -0.553066  -0.561434   0.615556,
	 -0.373460  -0.687907   0.622344,
	 -0.284494  -0.697075   0.658141,
	 -0.051092  -0.975455  -0.214192,
	 -0.114000  -0.863752   0.490853,
	  0.148059  -0.985985   0.076890,
	  0.409762  -0.459286  -0.788132,
	  0.031087  -0.471463  -0.881338,
	 -0.519429  -0.630680  -0.576572,
	 -0.710903  -0.702470  -0.033951,
	 -0.249898  -0.920025  -0.301837,
	 -0.519729  -0.807177   0.279903,
	 -0.217718  -0.969229   0.114864,
	 -0.024340  -0.900412  -0.434357,
	 -0.382915  -0.901852  -0.200099,
	 -0.261491   0.594688   0.760242,
	  0.080536   0.341305   0.936496,
	  0.001802   0.770265   0.637722,
	 -0.021499   0.850627   0.525330,
	 -0.363485   0.290920   0.885011,
	 -0.345770   0.791739   0.503580,
	 -0.589916   0.520509   0.617308,
	  0.294673   0.734484   0.611311,
	 -0.281156   0.020009   0.959454,
	 -0.049834  -0.126800   0.990676,
	  0.294208   0.012871   0.955655,
	  0.503436   0.221009   0.835288,
	  0.485169   0.482857   0.729013,
	  0.345921   0.819241   0.457365,
	 -0.060030   0.949096   0.309212,
	  0.286543   0.909996   0.299666,
	 -0.626172   0.086950   0.774822,
	 -0.390880   0.848657   0.356363,
	 -0.641616   0.662844   0.385962,
	 -0.807183   0.285337   0.516758,
	  0.661767   0.557970   0.500733,
	 -0.393325  -0.236702   0.888407,
	 -0.019136  -0.320673   0.946997,
	  0.384727  -0.209864   0.898856,
	  0.600386  -0.073036   0.796368,
	  0.740571   0.202020   0.640892,
	  0.603183   0.752306   0.264964,
	 -0.178313   0.981457   0.070327,
	  0.129993   0.990705   0.040078,
	  0.407588   0.913118   0.009411,
	 -0.692318  -0.167745   0.701824,
	 -0.480568   0.867476   0.128603,
	 -0.752529   0.622662   0.214456,
	 -0.917293   0.266887   0.295541,
	 -0.877500  -0.126968   0.462464,
	  0.843082   0.448514   0.296730,
	 -0.374273  -0.430478   0.821345,
	  0.018275  -0.517214   0.855661,
	  0.451235  -0.446506   0.772670,
	  0.741746  -0.213542   0.635777,
	  0.881678   0.085763   0.463992,
	  0.686181   0.726973  -0.025805,
	 -0.194235   0.959109  -0.205868,
	 -0.493977   0.854538  -0.160471,
	  0.093216   0.965056  -0.244904,
	  0.401454   0.864656  -0.302002,
	 -0.634975  -0.473762   0.610210,
	 -0.782310   0.619270  -0.067043,
	 -0.969261   0.243692   0.033870,
	 -0.961837  -0.196754   0.190150,
	 -0.724241  -0.498459   0.476459,
	  0.983050   0.084345   0.162783,
	  0.897923   0.438573  -0.037247,
	 -0.275622  -0.644378   0.713308,
	  0.179437  -0.686019   0.705110,
	  0.587405  -0.562527   0.581824,
	  0.862532  -0.269802   0.428071,
	  0.700688   0.623031  -0.347662,
	 -0.497417   0.792744  -0.352326,
	 -0.187639   0.881658  -0.432979,
	 -0.804969   0.552242  -0.216918,
	  0.124675   0.847234  -0.516382,
	  0.422327   0.684092  -0.594692,
	 -0.341981  -0.745995   0.571437,
	 -0.976730   0.213611  -0.019218,
	 -0.968529  -0.219517   0.117318,
	 -0.739264  -0.618277   0.266876,
	 -0.327919  -0.831465   0.448482,
	  0.992782  -0.104265  -0.059262,
	  0.921349   0.265987  -0.283490,
	  0.156828  -0.773496   0.614092,
	  0.566156  -0.711792   0.415715,
	  0.864394  -0.466003   0.188852,
	  0.658318   0.411783  -0.630121,
	 -0.327510   0.722976  -0.608312,
	 -0.648468   0.568321  -0.506460,
	 -0.064896   0.716154  -0.694919,
	 -0.857704   0.289576  -0.424841,
	  0.224291   0.584408  -0.779847,
	  0.429830   0.345194  -0.834318,
	  0.101313  -0.868247   0.485678,
	 -0.982313   0.013515  -0.186759,
	 -0.858319  -0.502964  -0.101563,
	 -0.529784  -0.848132  -0.000860,
	 -0.287800  -0.952777   0.096886,
	  0.911563  -0.270542  -0.309613,
	  0.855486   0.077182  -0.512041,
	  0.621683  -0.703553   0.344272,
	  0.823470  -0.566855   0.023919,
	  0.597854   0.009791  -0.801545,
	 -0.330886   0.300884  -0.894418,
	 -0.574177   0.356622  -0.736981,
	 -0.756459   0.131916  -0.640599,
	 -0.179531   0.242025  -0.953516,
	 -0.880762  -0.226682  -0.415780,
	  0.145543   0.213665  -0.966004,
	  0.434603  -0.012704  -0.900533,
	 -0.147174  -0.982971   0.110037,
	  0.135287  -0.989377   0.053198,
	 -0.723015  -0.690752  -0.010505,
	 -0.374884  -0.911240   0.170597,
	 -0.192345  -0.976353   0.098681,
	  0.706708  -0.609876  -0.358630,
	  0.725456  -0.309117  -0.614947,
	  0.461124  -0.885561  -0.056096,
	  0.578957  -0.346069  -0.738272,
	 -0.663087   0.202080  -0.720749,
	 -0.421341   0.361998  -0.831522,
	 -0.947664  -0.069673  -0.311575,
	 -0.091893   0.464532  -0.880776,
	 -0.896955  -0.401038   0.186122,
	  0.490090   0.209878  -0.846028,
	  0.057652  -0.997899   0.029576,
	  0.277703  -0.944416  -0.175954,
	 -0.430022  -0.655687   0.620609,
	  0.149734  -0.840468   0.520761,
	  0.487159  -0.738418  -0.466278,
	  0.817550  -0.189365  -0.543831,
	 -0.720678   0.643725  -0.257376,
	 -0.969378   0.234888  -0.071655,
	 -0.043201   0.926581  -0.373606,
	 -0.961265  -0.056251   0.269825,
	  0.572210   0.719875  -0.392881,
	 -0.700259  -0.195003   0.686739,
	  0.961667   0.193115  -0.194685,
	  0.654379  -0.743833   0.136018,
	  0.805859  -0.513081  -0.295533,
	  0.000231  -0.451309   0.892368,
	  0.628216  -0.481259   0.611338,
	  0.974209  -0.193007  -0.116898,
	 -0.145851   0.987155   0.065211,
	 -0.728869   0.673207   0.124668,
	 -0.951319   0.295108   0.088898,
	 -0.961381   0.179371   0.208742,
	  0.519013   0.854664  -0.013260,
	 -0.835227   0.069999   0.545432,
	  0.870007   0.487822  -0.071541,
	 -0.404560  -0.090469   0.910025,
	  0.975375  -0.121857  -0.183832,
	  0.949493  -0.305467   0.071780,
	  0.439865  -0.374278   0.816354,
	  0.874965  -0.264979   0.405243,
	  0.982112  -0.169571  -0.081867,
	  0.945732  -0.284516  -0.156977,
	 -0.060893   0.949572   0.307580,
	  0.537617   0.841090   0.059459,
	 -0.380183   0.515798   0.767732,
	 -0.730638   0.302884   0.611906,
	 -0.632632   0.548764   0.546475,
	 -0.776521   0.314961   0.545724,
	  0.806706   0.528515  -0.264381,
	 -0.763865   0.243333   0.597746,
	  0.912706  -0.033668  -0.407228,
	 -0.255549   0.193753   0.947182,
	  0.946079  -0.197739  -0.256581,
	  0.921488  -0.250648  -0.296708,
	  0.547978  -0.281675   0.787641,
	  0.860115  -0.175777   0.478858,
	  0.990518  -0.073659  -0.115971,
	  0.164688   0.905633   0.390778,
	  0.432818   0.876742  -0.209741,
	  0.756380   0.345204  -0.555629,
	  0.428279   0.337594   0.838217,
	  0.196508  -0.127384   0.972193,
	  0.142483   0.327131   0.934175,
	 -0.264765   0.414281   0.870787,
	 -0.647359   0.318294   0.692542,
	  0.855553  -0.054539  -0.514835,
	 -0.539535   0.551969   0.635792,
	 -0.467636   0.645749   0.603593,
	  0.946419  -0.090577  -0.309978,
	  0.894906  -0.176264  -0.409970,
	  0.196620   0.296361   0.934618,
	  0.913786  -0.171753  -0.368098,
	  0.933599  -0.126200  -0.335361,
	  0.613672  -0.244079   0.750888,
	  0.521684  -0.163010   0.837421,
	  0.926475  -0.009818   0.376229,
	  0.237521   0.955442  -0.175256,
	  0.418938   0.358342  -0.834315,
	  0.664550   0.023498  -0.746874,
	  0.137739   0.899362   0.414942,
	  0.072919   0.129094   0.988948,
	 -0.194807   0.103127   0.975405,
	 -0.550872   0.087722   0.829967,
	 -0.719332   0.067204   0.691408,
	 -0.836378   0.378026   0.396949,
	  0.875704  -0.240341  -0.418783,
	  0.835206  -0.096955  -0.541323,
	 -0.621842   0.558521   0.548969,
	 -0.222881   0.249142   0.942471,
	  0.982376   0.135850  -0.128386,
	  0.911286   0.040918  -0.409737,
	  0.860480  -0.099890  -0.499596,
	  0.627229  -0.204259   0.751573,
	  0.985605  -0.003056   0.169039,
	  0.543883  -0.314258   0.778096,
	  0.345102  -0.140170   0.928039,
	  0.557485  -0.000953   0.830186,
	 -0.016684   0.672416  -0.739985,
	 -0.346658   0.904563  -0.248179,
	  0.250623   0.241522  -0.937473,
	  0.582226   0.190640  -0.790361,
	 -0.794510   0.576462   0.190905,
	 -0.878558   0.016084   0.477366,
	 -0.938318  -0.037333   0.343752,
	 -0.929345  -0.219192   0.297106,
	 -0.961480  -0.230717   0.149418,
	 -0.997214   0.021301   0.071484,
	  0.640973  -0.349335  -0.683461,
	  0.741145  -0.158922  -0.652264,
	 -0.689605  -0.208449   0.693537,
	  0.296046  -0.488756   0.820655,
	  0.980419   0.168221  -0.102373,
	  0.894099   0.157254  -0.419354,
	  0.728210  -0.018430  -0.685106,
	  0.552984  -0.436744   0.709551,
	  0.862087   0.069851   0.501923,
	  0.202459  -0.264249   0.942965,
	  0.412245  -0.058501   0.909193,
	 -0.082868   0.428138  -0.899906,
	 -0.522019   0.567756  -0.636514,
	 -0.871786   0.364987  -0.326761,
	  0.251348   0.206846  -0.945536,
	 -0.990566   0.077776  -0.112823,
	 -0.966066  -0.076525  -0.246699,
	 -0.913221  -0.267192  -0.307630,
	 -0.927941  -0.355117  -0.113215,
	 -0.932024  -0.354171   0.076771,
	 -0.933521  -0.313732  -0.173524,
	 -0.900257  -0.433552   0.039627,
	  0.259064  -0.403444  -0.877564,
	  0.337104  -0.336443  -0.879299,
	 -0.330357  -0.773500   0.540890,
	  0.121825  -0.699179   0.704490,
	  0.951214   0.176415  -0.253119,
	  0.904180   0.142975   0.402512,
	  0.780418   0.071036  -0.621210,
	  0.596928   0.005425  -0.802276,
	  0.223175  -0.129637  -0.966120,
	  0.387810  -0.031418   0.921204,
	 -0.144283  -0.309167   0.939999,
	 -0.322818   0.186343  -0.927936,
	 -0.677547   0.146675  -0.720706,
	 -0.829877   0.053923  -0.555335,
	 -0.164727  -0.298401  -0.940118,
	 -0.817085  -0.207138  -0.538020,
	 -0.869764  -0.437579  -0.228113,
	 -0.749019  -0.307494  -0.586871,
	 -0.679926  -0.330564  -0.654544,
	 -0.907803  -0.417885   0.035583,
	 -0.618373  -0.740612   0.262885,
	 -0.216310  -0.386230  -0.896681,
	  0.893157   0.168960  -0.416801,
	  0.896556   0.210096   0.389932,
	  0.361847   0.081016   0.928710,
	  0.020722  -0.098689  -0.994903,
	  0.561636   0.058371  -0.825322,
	 -0.340820  -0.213472  -0.915572,
	 -0.408990  -0.147235   0.900583,
	 -0.672134  -0.354247   0.650189,
	 -0.531189  -0.213584  -0.819890,
	 -0.631357  -0.285644  -0.720969,
	 -0.896757  -0.245071   0.368466,
	 -0.822669  -0.253891  -0.508680,
	  0.766772   0.149214  -0.624336,
	  0.958777   0.206553   0.195145,
	  0.107671   0.067321   0.991905,
	 -0.102720  -0.084595  -0.991107,
	  0.037034  -0.060121  -0.997504,
	 -0.827573  -0.182006   0.531033,
	 -0.866966  -0.260179  -0.425061,
	  0.663038   0.081306  -0.744157,
	  0.980104   0.190551   0.055562,
	  0.200263   0.114725   0.973002,
	 -0.813169  -0.112362   0.571079,
	 -0.165647  -0.149629  -0.974768,
	 -0.917077  -0.251846  -0.309100,
	  0.651453   0.008028  -0.758647,
	  0.985762   0.132194   0.103915,
	  0.230590   0.099625   0.967938,
	 -0.831552  -0.070904   0.550902,
	 -0.947629  -0.181463  -0.262811,
	 -0.293201  -0.156677  -0.943125,
	  0.674489  -0.015846  -0.738115,
	  0.960117   0.122492   0.251338,
	  0.103919   0.126513   0.986507,
	 -0.858622  -0.011463   0.512481,
	 -0.943966  -0.126919  -0.304663,
	 -0.323975  -0.142214  -0.935316,
	  0.694622  -0.041640  -0.718168,
	  0.964716   0.094431   0.245777,
	  0.133284   0.126939   0.982915,
	 -0.847722   0.019813   0.530071,
	 -0.930009  -0.088763  -0.356659,
	 -0.273328  -0.143887  -0.951098,
	  0.568713  -0.092715  -0.817294,
	  0.989318   0.037496   0.140871,
	  0.203006   0.148306   0.967881,
	 -0.786299   0.078151   0.612884,
	 -0.952218  -0.018988  -0.304829,
	 -0.307225  -0.101487  -0.946210,
	  0.029685  -0.087777  -0.995698,
	  0.813884  -0.065576  -0.577315,
	  0.970754   0.016702   0.239496,
	  0.323498   0.148454   0.934511,
	 -0.620309   0.120937   0.774978,
	 -0.987900   0.047387   0.147672,
	 -0.693128  -0.033588  -0.720032,
	 -0.079809  -0.053645  -0.995366,
	  0.730497  -0.080354  -0.678172,
	  0.991238  -0.011776   0.131564,
	  0.440450   0.163378   0.882786,
	 -0.638088   0.191800   0.745692,
	 -0.957516   0.088180   0.274568,
	 -0.826526   0.046376  -0.560984,
	 -0.105123   0.088624  -0.990502,
	  0.668166   0.003549  -0.744004,
	  0.984896  -0.031217   0.170307,
	  0.655447   0.165326   0.736924,
	 -0.526182   0.384298   0.758583,
	 -0.962664   0.168434   0.211916,
	 -0.940786   0.193792  -0.278150,
	 -0.603696   0.536008  -0.590124,
	  0.197926   0.241797  -0.949926,
	  0.874792   0.244276  -0.418412,
	  0.965569   0.140500   0.218945,
	  0.800542   0.161667   0.577059,
	 -0.029579   0.540891   0.840572,
	 -0.906211   0.367711   0.208734,
	 -0.926382   0.355536   0.124140,
	  0.128323   0.407512  -0.904139,
	 -0.432913   0.790988  -0.432347,
	 -0.632234   0.738795   0.233372,
	  0.412952   0.199877  -0.888549,
	  0.819577   0.179284  -0.544197,
	  0.980842   0.104924   0.164133,
	  0.979576   0.142384   0.141977,
	  0.822034   0.302923   0.482180,
	  0.142688   0.695410   0.704305,
	  0.720475   0.424904   0.548063,
	 -0.852438   0.514110   0.095083,
	 -0.798028   0.599380   0.062415,
	 -0.763295   0.632872   0.129823,
	 -0.393313   0.684931  -0.613331,
	  0.042985   0.344261  -0.937890,
	  0.319129   0.040561  -0.946843,
	 -0.517511   0.807998   0.281642,
	 -0.641808   0.600348   0.477143,
	  0.417315  -0.050677  -0.907348,
	  0.909884  -0.132893  -0.393002,
	  0.919299  -0.317031   0.233198,
	  0.955967  -0.275303  -0.101667,
	  0.996729   0.066583   0.045813,
	  0.824255   0.191117   0.532990,
	  0.734795   0.230154   0.638048,
	  0.704022   0.016597   0.709985,
	  0.363191   0.150699   0.919447,
	 -0.255564   0.696544   0.670458,
	 -0.608865   0.776567   0.161949,
	 -0.586503   0.798479  -0.135814,
	 -0.874673   0.483055   0.040062,
	 -0.361709   0.129398  -0.923267,
	 -0.680934   0.522324  -0.513329,
	 -0.779029   0.626735  -0.017786,
	 -0.058361  -0.212455  -0.975427,
	  0.229220  -0.276080  -0.933402,
	 -0.561192   0.200691   0.802986,
	 -0.715720   0.437285   0.544543,
	 -0.955854  -0.238729   0.171322,
	  0.267904  -0.217028  -0.938683,
	  0.405175  -0.183231  -0.895689,
	  0.824168  -0.528380  -0.203867,
	  0.736000  -0.619969   0.271924,
	  0.732861  -0.656691  -0.177967,
	  0.748786  -0.379931  -0.543113,
	  0.963385  -0.202814   0.175372,
	  0.784645  -0.022985   0.619519,
	  0.763106   0.031070   0.645527,
	  0.610860  -0.202051   0.765523,
	  0.256043  -0.121217   0.959035,
	 -0.274930   0.194311   0.941624,
	 -0.464580   0.744362   0.479677,
	 -0.257614   0.962470   0.085358,
	 -0.304962   0.869490  -0.388569,
	 -0.637838   0.389982  -0.664137,
	 -0.674651   0.042659  -0.736903,
	 -0.309275  -0.139096  -0.940745,
	 -0.974788   0.213043  -0.066334,
	 -0.917624   0.039633   0.395469,
	 -0.086289  -0.157910  -0.983676,
	  0.149837  -0.219660  -0.964001,
	 -0.514602  -0.249746   0.820251,
	 -0.541898  -0.151019   0.826764,
	 -0.911206  -0.401939  -0.090271,
	 -0.563968  -0.074166  -0.822459,
	  0.236271  -0.242893  -0.940840,
	  0.429267  -0.672291  -0.603120,
	  0.488615  -0.860537   0.143988,
	  0.364479  -0.906345   0.213761,
	  0.315225  -0.835102  -0.450819,
	  0.667571  -0.696629  -0.262787,
	  0.748279  -0.099234   0.655921,
	  0.682002  -0.136847   0.718433,
	  0.525115  -0.270636   0.806852,
	  0.242453  -0.255318   0.935964,
	 -0.180093  -0.022591   0.983390,
	 -0.695472   0.160330   0.700437,
	 -0.634308   0.762058  -0.130080,
	 -0.505313   0.342637  -0.791997,
	 -0.847730  -0.319270  -0.423580,
	 -0.557615  -0.405069  -0.724558,
	 -0.862147  -0.442858   0.246129,
	 -0.637459  -0.598751   0.484916,
	 -0.133630  -0.652197  -0.746178,
	  0.171069  -0.674443  -0.718235,
	 -0.361615  -0.535886   0.762929,
	 -0.486903  -0.234281  -0.841450,
	 -0.445025  -0.492660  -0.747822,
	 -0.569909  -0.775635  -0.271282,
	 -0.388133  -0.792595   0.470262,
	 -0.629390  -0.236008  -0.740384,
	  0.165249  -0.971204  -0.171626,
	  0.170678  -0.967746   0.185303,
	 -0.042601  -0.972351  -0.229604,
	 -0.069554  -0.922806   0.378933,
	  0.275390  -0.890944  -0.361080,
	  0.071385  -0.838464  -0.540262,
	  0.623353  -0.657996   0.422459,
	  0.560971  -0.126073   0.818179,
	  0.432441  -0.282113   0.856392,
	  0.238002  -0.273281   0.932026,
	 -0.131094  -0.181175   0.974674,
	 -0.769722  -0.385874   0.508556,
	 -0.981272   0.074660  -0.177568,
	 -0.605701  -0.767033   0.211628,
	 -0.426410  -0.904520   0.004301,
	 -0.418906  -0.783823   0.458409,
	 -0.092421  -0.994825  -0.042214,
	 -0.164714  -0.827014   0.537510,
	 -0.553066  -0.561434  -0.615556,
	 -0.373460  -0.687907  -0.622344,
	 -0.284494  -0.697075  -0.658141,
	 -0.860731  -0.470662  -0.193955,
	 -0.051092  -0.975455   0.214192,
	  0.148059  -0.985985  -0.076890,
	 -0.114000  -0.863752  -0.490853,
	  0.409762  -0.459286   0.788132,
	  0.031087  -0.471463   0.881338,
	 -0.519429  -0.630680   0.576572,
	 -0.710903  -0.702470   0.033951,
	 -0.249898  -0.920025   0.301837,
	 -0.519729  -0.807177  -0.279903,
	 -0.217718  -0.969229  -0.114864,
	 -0.024340  -0.900412   0.434357,
	 -0.382915  -0.901852   0.200099,
     ]    } 
normalIndex      [ 
	     0,      1,      2, -1 
	     3,      1,      0, -1 
	     2,      4,      0, -1 
	     0,      5,      3, -1 
	     0,      4,      5, -1 
	     2,      1,      6, -1 
	     6,      1,      7, -1 
	     7,      1,      8, -1 
	     8,      1,      9, -1 
	     9,      1,     10, -1 
	    10,      1,     11, -1 
	    11,      1,      3, -1 
	     2,     12,      4, -1 
	     2,     13,     12, -1 
	     6,     13,      2, -1 
	     3,     14,     11, -1 
	     3,      5,     14, -1 
	    12,     15,      4, -1 
	     4,     16,      5, -1 
	     4,     15,     16, -1 
	     5,     17,     14, -1 
	     5,     16,     17, -1 
	     6,     18,     13, -1 
	     7,     18,      6, -1 
	     7,     19,     18, -1 
	     8,     19,      7, -1 
	     8,     20,     19, -1 
	     9,     20,      8, -1 
	     9,     21,     20, -1 
	    10,     21,      9, -1 
	    10,     22,     21, -1 
	    10,     23,     22, -1 
	    11,     23,     10, -1 
	    11,     14,     23, -1 
	    12,     24,     15, -1 
	    13,     24,     12, -1 
	    13,     25,     24, -1 
	    13,     26,     25, -1 
	    18,     26,     13, -1 
	    14,     27,     23, -1 
	    14,     17,     27, -1 
	    24,     28,     15, -1 
	    15,     29,     16, -1 
	    15,     28,     29, -1 
	    16,     30,     17, -1 
	    16,     29,     30, -1 
	    17,     31,     27, -1 
	    17,     30,     31, -1 
	    18,     32,     26, -1 
	    19,     32,     18, -1 
	    19,     33,     32, -1 
	    20,     33,     19, -1 
	    20,     34,     33, -1 
	    21,     34,     20, -1 
	    21,     35,     34, -1 
	    22,     35,     21, -1 
	    22,     36,     35, -1 
	    23,     36,     22, -1 
	    23,     37,     36, -1 
	    23,     27,     37, -1 
	    24,     38,     28, -1 
	    25,     38,     24, -1 
	    25,     39,     38, -1 
	    26,     39,     25, -1 
	    26,     40,     39, -1 
	    26,     41,     40, -1 
	    32,     41,     26, -1 
	    27,     42,     37, -1 
	    27,     43,     42, -1 
	    27,     31,     43, -1 
	    44,     45,     28, -1 
	    38,     44,     28, -1 
	    28,     45,     29, -1 
	    29,     46,     30, -1 
	    45,     46,     29, -1 
	    30,     47,     31, -1 
	    46,     47,     30, -1 
	    31,     48,     43, -1 
	    47,     48,     31, -1 
	    32,     49,     41, -1 
	    33,     49,     32, -1 
	    33,     50,     49, -1 
	    34,     50,     33, -1 
	    34,     51,     50, -1 
	    35,     51,     34, -1 
	    35,     52,     51, -1 
	    36,     52,     35, -1 
	    36,     53,     52, -1 
	    37,     53,     36, -1 
	    37,     42,     53, -1 
	    54,     44,     38, -1 
	    39,     54,     38, -1 
	    55,     54,     39, -1 
	    40,     55,     39, -1 
	    56,     55,     40, -1 
	    41,     56,     40, -1 
	    57,     56,     41, -1 
	    49,     57,     41, -1 
	    42,     58,     53, -1 
	    59,     58,     42, -1 
	    43,     59,     42, -1 
	    48,     59,     43, -1 
	    44,     60,     45, -1 
	    61,     60,     44, -1 
	    54,     61,     44, -1 
	    60,     62,     45, -1 
	    45,     62,     46, -1 
	    46,     63,     47, -1 
	    62,     63,     46, -1 
	    47,     64,     48, -1 
	    63,     64,     47, -1 
	    48,     65,     59, -1 
	    64,     65,     48, -1 
	    66,     57,     49, -1 
	    50,     66,     49, -1 
	    67,     66,     50, -1 
	    51,     67,     50, -1 
	    68,     67,     51, -1 
	    52,     68,     51, -1 
	    69,     68,     52, -1 
	    53,     69,     52, -1 
	    58,     69,     53, -1 
	    70,     61,     54, -1 
	    55,     70,     54, -1 
	    71,     70,     55, -1 
	    56,     71,     55, -1 
	    72,     71,     56, -1 
	    57,     72,     56, -1 
	    73,     72,     57, -1 
	    66,     73,     57, -1 
	    58,     74,     69, -1 
	    75,     74,     58, -1 
	    59,     75,     58, -1 
	    65,     75,     59, -1 
	    60,     76,     62, -1 
	    60,     77,     76, -1 
	    61,     77,     60, -1 
	    61,     78,     77, -1 
	    70,     78,     61, -1 
	    62,     79,     63, -1 
	    62,     76,     79, -1 
	    63,     80,     64, -1 
	    63,     79,     80, -1 
	    64,     81,     65, -1 
	    64,     80,     81, -1 
	    65,     82,     75, -1 
	    65,     81,     82, -1 
	    83,     73,     66, -1 
	    67,     83,     66, -1 
	    84,     83,     67, -1 
	    68,     84,     67, -1 
	    85,     84,     68, -1 
	    69,     85,     68, -1 
	    74,     85,     69, -1 
	    70,     86,     78, -1 
	    71,     86,     70, -1 
	    71,     87,     86, -1 
	    72,     87,     71, -1 
	    72,     88,     87, -1 
	    73,     88,     72, -1 
	    73,     89,     88, -1 
	    83,     89,     73, -1 
	    74,     90,     85, -1 
	    74,     91,     90, -1 
	    75,     91,     74, -1 
	    75,     82,     91, -1 
	    92,     93,     76, -1 
	    77,     92,     76, -1 
	    76,     93,     79, -1 
	    94,     92,     77, -1 
	    78,     94,     77, -1 
	    95,     94,     78, -1 
	    86,     95,     78, -1 
	    79,     96,     80, -1 
	    93,     96,     79, -1 
	    80,     97,     81, -1 
	    96,     97,     80, -1 
	    81,     98,     82, -1 
	    97,     98,     81, -1 
	    82,     99,     91, -1 
	    98,     99,     82, -1 
	    83,    100,     89, -1 
	    83,    101,    100, -1 
	    84,    101,     83, -1 
	    84,    102,    101, -1 
	    85,    102,     84, -1 
	    85,     90,    102, -1 
	    87,     95,     86, -1 
	   103,     95,     87, -1 
	    88,    103,     87, -1 
	   104,    103,     88, -1 
	    89,    104,     88, -1 
	   105,    104,     89, -1 
	   100,    105,     89, -1 
	    90,    106,    102, -1 
	    99,    106,     90, -1 
	    91,     99,     90, -1 
	    92,    107,     93, -1 
	    94,    107,     92, -1 
	   107,    108,     93, -1 
	    93,    108,     96, -1 
	   109,    107,     94, -1 
	    95,    109,     94, -1 
	   110,    109,     95, -1 
	   103,    110,     95, -1 
	    96,    111,     97, -1 
	   108,    111,     96, -1 
	    97,    112,     98, -1 
	   111,    112,     97, -1 
	    98,    112,     99, -1 
	    99,    113,    106, -1 
	   112,    113,     99, -1 
	   114,    105,    100, -1 
	   101,    114,    100, -1 
	   115,    114,    101, -1 
	   102,    115,    101, -1 
	   106,    115,    102, -1 
	   116,    110,    103, -1 
	   104,    116,    103, -1 
	   117,    116,    104, -1 
	   105,    117,    104, -1 
	   114,    117,    105, -1 
	   106,    118,    115, -1 
	   113,    118,    106, -1 
	   107,    119,    108, -1 
	   120,    119,    107, -1 
	   109,    120,    107, -1 
	   119,    121,    108, -1 
	   108,    121,    111, -1 
	   122,    120,    109, -1 
	   110,    122,    109, -1 
	   123,    122,    110, -1 
	   116,    123,    110, -1 
	   111,    124,    112, -1 
	   121,    124,    111, -1 
	   112,    125,    113, -1 
	   124,    125,    112, -1 
	   113,    126,    118, -1 
	   125,    126,    113, -1 
	   127,    117,    114, -1 
	   115,    127,    114, -1 
	   118,    127,    115, -1 
	   128,    123,    116, -1 
	   117,    128,    116, -1 
	   129,    128,    117, -1 
	   127,    129,    117, -1 
	   118,    130,    127, -1 
	   126,    130,    118, -1 
	   119,    131,    121, -1 
	   119,    132,    131, -1 
	   120,    132,    119, -1 
	   120,    133,    132, -1 
	   120,    134,    133, -1 
	   122,    134,    120, -1 
	   121,    135,    124, -1 
	   121,    131,    135, -1 
	   122,    136,    134, -1 
	   123,    136,    122, -1 
	   123,    137,    136, -1 
	   128,    137,    123, -1 
	   124,    138,    125, -1 
	   124,    135,    138, -1 
	   125,    139,    126, -1 
	   125,    138,    139, -1 
	   126,    140,    130, -1 
	   126,    141,    140, -1 
	   126,    139,    141, -1 
	   130,    129,    127, -1 
	   128,    142,    137, -1 
	   129,    142,    128, -1 
	   129,    143,    142, -1 
	   130,    143,    129, -1 
	   130,    140,    143, -1 
	   132,    144,    131, -1 
	   131,    145,    135, -1 
	   131,    144,    145, -1 
	   132,    146,    144, -1 
	   133,    146,    132, -1 
	   133,    147,    146, -1 
	   134,    147,    133, -1 
	   134,    148,    147, -1 
	   134,    149,    148, -1 
	   136,    149,    134, -1 
	   135,    150,    138, -1 
	   135,    145,    150, -1 
	   136,    151,    149, -1 
	   137,    151,    136, -1 
	   137,    152,    151, -1 
	   142,    152,    137, -1 
	   138,    153,    139, -1 
	   138,    150,    153, -1 
	   139,    154,    141, -1 
	   139,    155,    154, -1 
	   139,    153,    155, -1 
	   140,    156,    143, -1 
	   140,    157,    156, -1 
	   141,    157,    140, -1 
	   141,    154,    157, -1 
	   142,    158,    152, -1 
	   143,    158,    142, -1 
	   143,    156,    158, -1 
	   146,    159,    144, -1 
	   144,    160,    145, -1 
	   144,    159,    160, -1 
	   145,    161,    150, -1 
	   145,    160,    161, -1 
	   146,    162,    159, -1 
	   146,    163,    162, -1 
	   147,    163,    146, -1 
	   147,    164,    163, -1 
	   148,    164,    147, -1 
	   148,    165,    164, -1 
	   149,    165,    148, -1 
	   149,    166,    165, -1 
	   151,    166,    149, -1 
	   150,    167,    153, -1 
	   150,    161,    167, -1 
	   151,    168,    166, -1 
	   151,    169,    168, -1 
	   152,    169,    151, -1 
	   152,    170,    169, -1 
	   158,    170,    152, -1 
	   153,    171,    155, -1 
	   153,    172,    171, -1 
	   167,    172,    153, -1 
	   154,    173,    157, -1 
	   154,    174,    173, -1 
	   155,    174,    154, -1 
	   155,    171,    174, -1 
	   156,    175,    158, -1 
	   156,    176,    175, -1 
	   177,    156,    157, -1 
	   177,    176,    156, -1 
	   157,    173,    177, -1 
	   158,    175,    170, -1 
	   162,    178,    159, -1 
	   159,    178,    160, -1 
	   160,    179,    161, -1 
	   160,    178,    179, -1 
	   161,    180,    167, -1 
	   161,    179,    180, -1 
	   162,    181,    178, -1 
	   163,    182,    162, -1 
	   162,    182,    181, -1 
	   164,    182,    163, -1 
	   164,    183,    182, -1 
	   165,    183,    164, -1 
	   165,    184,    183, -1 
	   165,    185,    184, -1 
	   166,    185,    165, -1 
	   166,    186,    185, -1 
	   168,    186,    166, -1 
	   167,    187,    172, -1 
	   167,    188,    187, -1 
	   167,    180,    188, -1 
	   168,    189,    186, -1 
	   169,    189,    168, -1 
	   169,    190,    189, -1 
	   170,    190,    169, -1 
	   170,    191,    190, -1 
	   175,    191,    170, -1 
	   171,    192,    174, -1 
	   171,    193,    192, -1 
	   171,    194,    193, -1 
	   172,    194,    171, -1 
	   172,    187,    194, -1 
	   173,    195,    177, -1 
	   174,    195,    173, -1 
	   174,    192,    195, -1 
	   175,    196,    191, -1 
	   176,    196,    175, -1 
	   176,    197,    196, -1 
	   198,    197,    176, -1 
	   177,    198,    176, -1 
	   195,    198,    177, -1 
	   178,    199,    179, -1 
	   200,    199,    178, -1 
	   181,    200,    178, -1 
	   179,    201,    180, -1 
	   199,    201,    179, -1 
	   180,    202,    188, -1 
	   201,    202,    180, -1 
	   203,    200,    181, -1 
	   182,    203,    181, -1 
	   204,    203,    182, -1 
	   183,    204,    182, -1 
	   205,    204,    183, -1 
	   184,    205,    183, -1 
	   206,    205,    184, -1 
	   185,    206,    184, -1 
	   207,    206,    185, -1 
	   186,    207,    185, -1 
	   208,    207,    186, -1 
	   189,    208,    186, -1 
	   187,    209,    194, -1 
	   210,    209,    187, -1 
	   188,    210,    187, -1 
	   202,    210,    188, -1 
	   211,    208,    189, -1 
	   190,    211,    189, -1 
	   212,    211,    190, -1 
	   191,    212,    190, -1 
	   213,    212,    191, -1 
	   196,    213,    191, -1 
	   192,    214,    195, -1 
	   215,    214,    192, -1 
	   193,    215,    192, -1 
	   216,    215,    193, -1 
	   194,    216,    193, -1 
	   209,    216,    194, -1 
	   195,    217,    198, -1 
	   214,    217,    195, -1 
	   218,    213,    196, -1 
	   197,    218,    196, -1 
	   219,    218,    197, -1 
	   198,    219,    197, -1 
	   217,    219,    198, -1 
	   199,    220,    201, -1 
	   221,    220,    199, -1 
	   200,    221,    199, -1 
	   222,    221,    200, -1 
	   203,    222,    200, -1 
	   201,    220,    202, -1 
	   202,    223,    210, -1 
	   220,    223,    202, -1 
	   224,    222,    203, -1 
	   204,    224,    203, -1 
	   225,    224,    204, -1 
	   205,    225,    204, -1 
	   226,    225,    205, -1 
	   206,    226,    205, -1 
	   227,    226,    206, -1 
	   207,    227,    206, -1 
	   207,    228,    229, -1 
	   207,    229,    227, -1 
	   228,    207,    208, -1 
	   228,    208,    230, -1 
	   230,    208,    211, -1 
	   209,    231,    216, -1 
	   232,    231,    209, -1 
	   210,    232,    209, -1 
	   223,    232,    210, -1 
	   230,    211,    233, -1 
	   233,    211,    212, -1 
	   233,    212,    234, -1 
	   234,    212,    213, -1 
	   218,    234,    213, -1 
	   215,    235,    214, -1 
	   214,    235,    236, -1 
	   214,    236,    217, -1 
	   216,    237,    215, -1 
	   215,    237,    235, -1 
	   238,    239,    216, -1 
	   216,    239,    237, -1 
	   231,    238,    216, -1 
	   217,    236,    240, -1 
	   217,    240,    219, -1 
	   219,    241,    218, -1 
	   218,    241,    234, -1 
	   219,    240,    241, -1 
	   220,    242,    223, -1 
	   221,    242,    220, -1 
	   243,    242,    221, -1 
	   222,    243,    221, -1 
	   244,    243,    222, -1 
	   224,    244,    222, -1 
	   223,    245,    232, -1 
	   242,    245,    223, -1 
	   225,    244,    224, -1 
	   246,    244,    225, -1 
	   226,    246,    225, -1 
	   227,    246,    226, -1 
	   227,    229,    247, -1 
	   227,    247,    248, -1 
	   249,    246,    227, -1 
	   248,    249,    227, -1 
	   250,    228,    230, -1 
	   250,    251,    228, -1 
	   228,    251,    229, -1 
	   229,    251,    247, -1 
	   250,    230,    233, -1 
	   231,    252,    238, -1 
	   245,    252,    231, -1 
	   232,    245,    231, -1 
	   250,    233,    234, -1 
	   241,    250,    234, -1 
	   237,    253,    235, -1 
	   235,    253,    254, -1 
	   235,    254,    236, -1 
	   236,    254,    255, -1 
	   236,    255,    240, -1 
	   239,    253,    237, -1 
	   256,    257,    238, -1 
	   238,    257,    239, -1 
	   238,    252,    256, -1 
	   257,    258,    239, -1 
	   239,    258,    253, -1 
	   240,    255,    259, -1 
	   240,    259,    241, -1 
	   259,    260,    241, -1 
	   260,    250,    241, -1 
	   242,    261,    245, -1 
	   243,    261,    242, -1 
	   244,    261,    243, -1 
	   246,    261,    244, -1 
	   245,    261,    252, -1 
	   249,    261,    246, -1 
	   248,    247,    262, -1 
	   247,    251,    262, -1 
	   248,    262,    256, -1 
	   256,    249,    248, -1 
	   252,    261,    249, -1 
	   252,    249,    256, -1 
	   260,    251,    250, -1 
	   263,    251,    260, -1 
	   264,    251,    263, -1 
	   262,    251,    264, -1 
	   258,    265,    253, -1 
	   253,    265,    266, -1 
	   253,    266,    254, -1 
	   254,    266,    267, -1 
	   254,    267,    255, -1 
	   255,    267,    259, -1 
	   256,    262,    257, -1 
	   262,    268,    257, -1 
	   257,    268,    258, -1 
	   268,    269,    258, -1 
	   258,    269,    265, -1 
	   259,    267,    270, -1 
	   259,    270,    263, -1 
	   259,    263,    260, -1 
	   262,    264,    268, -1 
	   263,    270,    271, -1 
	   263,    271,    264, -1 
	   264,    271,    269, -1 
	   264,    269,    268, -1 
	   269,    272,    265, -1 
	   265,    272,    273, -1 
	   265,    273,    266, -1 
	   266,    273,    274, -1 
	   266,    274,    267, -1 
	   267,    274,    275, -1 
	   267,    275,    270, -1 
	   271,    276,    269, -1 
	   269,    276,    272, -1 
	   270,    275,    277, -1 
	   270,    277,    271, -1 
	   271,    277,    276, -1 
	   276,    278,    272, -1 
	   272,    278,    279, -1 
	   272,    279,    273, -1 
	   273,    279,    280, -1 
	   273,    280,    274, -1 
	   274,    280,    281, -1 
	   274,    281,    275, -1 
	   275,    281,    282, -1 
	   275,    282,    277, -1 
	   277,    283,    276, -1 
	   276,    283,    278, -1 
	   277,    282,    283, -1 
	   283,    284,    278, -1 
	   278,    284,    285, -1 
	   278,    285,    279, -1 
	   279,    285,    286, -1 
	   279,    286,    280, -1 
	   280,    286,    287, -1 
	   280,    287,    281, -1 
	   281,    287,    288, -1 
	   281,    288,    282, -1 
	   282,    288,    289, -1 
	   282,    289,    283, -1 
	   283,    289,    284, -1 
	   289,    290,    284, -1 
	   284,    290,    291, -1 
	   284,    291,    285, -1 
	   285,    291,    292, -1 
	   285,    292,    286, -1 
	   286,    292,    293, -1 
	   286,    293,    287, -1 
	   287,    293,    294, -1 
	   287,    294,    288, -1 
	   288,    294,    295, -1 
	   288,    295,    289, -1 
	   289,    295,    290, -1 
	   295,    296,    290, -1 
	   290,    296,    297, -1 
	   290,    297,    291, -1 
	   291,    297,    298, -1 
	   291,    298,    292, -1 
	   292,    298,    299, -1 
	   292,    299,    293, -1 
	   293,    299,    300, -1 
	   293,    300,    294, -1 
	   294,    300,    301, -1 
	   294,    301,    295, -1 
	   295,    301,    296, -1 
	   301,    302,    296, -1 
	   302,    303,    296, -1 
	   296,    303,    297, -1 
	   303,    304,    297, -1 
	   304,    305,    297, -1 
	   297,    305,    298, -1 
	   305,    306,    298, -1 
	   298,    306,    299, -1 
	   306,    307,    299, -1 
	   299,    307,    300, -1 
	   300,    308,    301, -1 
	   307,    308,    300, -1 
	   308,    302,    301, -1 
	   308,    309,    302, -1 
	   302,    309,    310, -1 
	   302,    310,    303, -1 
	   303,    310,    311, -1 
	   303,    311,    304, -1 
	   304,    311,    312, -1 
	   304,    312,    305, -1 
	   305,    312,    313, -1 
	   305,    313,    306, -1 
	   306,    313,    314, -1 
	   306,    314,    307, -1 
	   307,    314,    315, -1 
	   307,    315,    308, -1 
	   308,    315,    309, -1 
	   315,    316,    309, -1 
	   309,    316,    317, -1 
	   309,    317,    310, -1 
	   310,    317,    318, -1 
	   310,    318,    311, -1 
	   311,    318,    319, -1 
	   311,    319,    312, -1 
	   312,    319,    320, -1 
	   312,    320,    313, -1 
	   313,    320,    321, -1 
	   313,    321,    314, -1 
	   314,    321,    322, -1 
	   314,    322,    315, -1 
	   315,    322,    316, -1 
	   322,    323,    316, -1 
	   323,    324,    316, -1 
	   316,    324,    317, -1 
	   324,    325,    317, -1 
	   317,    325,    318, -1 
	   325,    326,    318, -1 
	   326,    327,    318, -1 
	   318,    327,    319, -1 
	   327,    328,    319, -1 
	   319,    328,    320, -1 
	   328,    329,    320, -1 
	   320,    329,    321, -1 
	   329,    330,    321, -1 
	   321,    330,    322, -1 
	   330,    323,    322, -1 
	   331,    332,    323, -1 
	   323,    332,    324, -1 
	   330,    333,    323, -1 
	   333,    331,    323, -1 
	   332,    334,    324, -1 
	   324,    334,    325, -1 
	   334,    335,    325, -1 
	   335,    336,    325, -1 
	   325,    336,    326, -1 
	   336,    337,    326, -1 
	   326,    337,    327, -1 
	   337,    338,    327, -1 
	   327,    338,    328, -1 
	   339,    340,    328, -1 
	   338,    339,    328, -1 
	   340,    341,    328, -1 
	   328,    341,    329, -1 
	   341,    342,    329, -1 
	   329,    342,    330, -1 
	   342,    343,    330, -1 
	   343,    333,    330, -1 
	   331,    344,    332, -1 
	   333,    345,    331, -1 
	   345,    344,    331, -1 
	   344,    346,    332, -1 
	   346,    347,    332, -1 
	   332,    347,    334, -1 
	   343,    348,    333, -1 
	   348,    345,    333, -1 
	   347,    349,    334, -1 
	   334,    349,    335, -1 
	   349,    350,    335, -1 
	   335,    350,    336, -1 
	   350,    351,    336, -1 
	   351,    352,    336, -1 
	   336,    352,    337, -1 
	   352,    353,    337, -1 
	   337,    353,    338, -1 
	   353,    354,    338, -1 
	   338,    354,    339, -1 
	   354,    355,    339, -1 
	   355,    340,    339, -1 
	   355,    356,    340, -1 
	   356,    357,    340, -1 
	   357,    358,    340, -1 
	   340,    358,    359, -1 
	   340,    359,    341, -1 
	   341,    359,    342, -1 
	   359,    360,    342, -1 
	   342,    360,    343, -1 
	   360,    361,    343, -1 
	   361,    348,    343, -1 
	   362,    363,    344, -1 
	   344,    363,    346, -1 
	   345,    364,    344, -1 
	   364,    362,    344, -1 
	   348,    365,    345, -1 
	   365,    366,    345, -1 
	   366,    364,    345, -1 
	   363,    367,    346, -1 
	   346,    367,    347, -1 
	   367,    368,    347, -1 
	   347,    368,    349, -1 
	   361,    369,    348, -1 
	   369,    365,    348, -1 
	   368,    370,    349, -1 
	   370,    371,    349, -1 
	   349,    371,    350, -1 
	   371,    372,    350, -1 
	   350,    372,    351, -1 
	   372,    373,    351, -1 
	   373,    374,    351, -1 
	   351,    374,    352, -1 
	   374,    375,    352, -1 
	   352,    375,    353, -1 
	   375,    376,    353, -1 
	   376,    377,    353, -1 
	   353,    377,    354, -1 
	   377,    378,    354, -1 
	   354,    378,    355, -1 
	   378,    356,    355, -1 
	   378,    379,    356, -1 
	   356,    379,    380, -1 
	   356,    380,    357, -1 
	   357,    380,    381, -1 
	   357,    381,    358, -1 
	   358,    381,    382, -1 
	   358,    382,    383, -1 
	   358,    383,    359, -1 
	   359,    383,    360, -1 
	   383,    384,    360, -1 
	   384,    385,    360, -1 
	   360,    385,    361, -1 
	   385,    369,    361, -1 
	   364,    386,    362, -1 
	   362,    386,    387, -1 
	   362,    387,    363, -1 
	   363,    387,    388, -1 
	   363,    388,    367, -1 
	   366,    389,    364, -1 
	   364,    389,    386, -1 
	   369,    390,    365, -1 
	   365,    390,    391, -1 
	   365,    391,    366, -1 
	   366,    391,    389, -1 
	   367,    388,    392, -1 
	   367,    392,    368, -1 
	   368,    392,    393, -1 
	   368,    393,    370, -1 
	   394,    395,    369, -1 
	   385,    394,    369, -1 
	   369,    395,    390, -1 
	   370,    393,    396, -1 
	   370,    396,    371, -1 
	   371,    396,    397, -1 
	   371,    397,    372, -1 
	   372,    397,    398, -1 
	   372,    398,    373, -1 
	   373,    398,    399, -1 
	   373,    399,    374, -1 
	   400,    374,    399, -1 
	   374,    400,    401, -1 
	   374,    401,    375, -1 
	   375,    401,    376, -1 
	   376,    401,    402, -1 
	   376,    402,    403, -1 
	   376,    403,    377, -1 
	   377,    403,    379, -1 
	   377,    379,    378, -1 
	   403,    404,    379, -1 
	   379,    404,    405, -1 
	   379,    405,    380, -1 
	   380,    405,    406, -1 
	   380,    406,    381, -1 
	   381,    406,    382, -1 
	   382,    406,    407, -1 
	   382,    407,    408, -1 
	   383,    382,    408, -1 
	   383,    408,    384, -1 
	   384,    408,    409, -1 
	   384,    409,    385, -1 
	   385,    409,    394, -1 
	   389,    410,    386, -1 
	   386,    410,    411, -1 
	   386,    411,    387, -1 
	   387,    411,    388, -1 
	   388,    411,    412, -1 
	   388,    412,    392, -1 
	   391,    413,    389, -1 
	   389,    413,    410, -1 
	   395,    414,    390, -1 
	   390,    414,    391, -1 
	   391,    414,    413, -1 
	   392,    412,    415, -1 
	   392,    415,    393, -1 
	   393,    415,    416, -1 
	   393,    416,    396, -1 
	   409,    417,    394, -1 
	   394,    417,    418, -1 
	   394,    418,    395, -1 
	   395,    418,    419, -1 
	   395,    419,    420, -1 
	   395,    421,    414, -1 
	   420,    421,    395, -1 
	   396,    416,    397, -1 
	   397,    416,    422, -1 
	   397,    422,    398, -1 
	   398,    422,    423, -1 
	   398,    423,    399, -1 
	   400,    399,    424, -1 
	   399,    423,    425, -1 
	   399,    425,    424, -1 
	   400,    426,    427, -1 
	   400,    427,    401, -1 
	   424,    426,    400, -1 
	   401,    427,    428, -1 
	   401,    428,    402, -1 
	   402,    428,    429, -1 
	   402,    429,    403, -1 
	   403,    429,    404, -1 
	   429,    430,    404, -1 
	   404,    430,    431, -1 
	   404,    431,    405, -1 
	   405,    431,    406, -1 
	   406,    431,    432, -1 
	   406,    432,    407, -1 
	   407,    432,    433, -1 
	   407,    433,    434, -1 
	   408,    407,    434, -1 
	   408,    434,    409, -1 
	   409,    434,    417, -1 
	   413,    435,    410, -1 
	   410,    435,    436, -1 
	   410,    436,    411, -1 
	   411,    436,    412, -1 
	   412,    436,    437, -1 
	   412,    437,    415, -1 
	   414,    435,    413, -1 
	   421,    438,    414, -1 
	   414,    438,    435, -1 
	   415,    437,    439, -1 
	   415,    439,    416, -1 
	   416,    439,    422, -1 
	   434,    440,    417, -1 
	   417,    440,    441, -1 
	   417,    441,    418, -1 
	   418,    441,    419, -1 
	   419,    441,    442, -1 
	   419,    442,    443, -1 
	   420,    419,    443, -1 
	   420,    443,    424, -1 
	   424,    425,    420, -1 
	   420,    425,    421, -1 
	   425,    438,    421, -1 
	   422,    439,    444, -1 
	   422,    444,    423, -1 
	   423,    444,    425, -1 
	   424,    443,    426, -1 
	   425,    444,    438, -1 
	   426,    445,    446, -1 
	   426,    446,    427, -1 
	   443,    445,    426, -1 
	   427,    446,    428, -1 
	   428,    446,    447, -1 
	   428,    447,    429, -1 
	   429,    447,    430, -1 
	   447,    448,    430, -1 
	   430,    448,    431, -1 
	   432,    431,    448, -1 
	   432,    449,    433, -1 
	   432,    448,    449, -1 
	   433,    449,    450, -1 
	   433,    450,    440, -1 
	   434,    433,    440, -1 
	   438,    451,    435, -1 
	   435,    451,    436, -1 
	   436,    451,    437, -1 
	   437,    451,    439, -1 
	   444,    451,    438, -1 
	   439,    451,    444, -1 
	   440,    450,    452, -1 
	   440,    452,    441, -1 
	   441,    452,    442, -1 
	   442,    452,    453, -1 
	   442,    453,    445, -1 
	   443,    442,    445, -1 
	   445,    453,    446, -1 
	   446,    453,    454, -1 
	   446,    454,    447, -1 
	   447,    454,    448, -1 
	   454,    455,    448, -1 
	   448,    455,    449, -1 
	   449,    455,    450, -1 
	   450,    455,    452, -1 
	   452,    455,    453, -1 
	   453,    455,    454, -1 
	   456,    457,    458, -1 
	   458,    459,    456, -1 
	   460,    457,    456, -1 
	   459,    461,    456, -1 
	   461,    462,    456, -1 
	   456,    462,    460, -1 
	   458,    457,    463, -1 
	   464,    457,    460, -1 
	   465,    457,    464, -1 
	   466,    457,    465, -1 
	   467,    457,    466, -1 
	   468,    457,    467, -1 
	   463,    457,    468, -1 
	   463,    469,    458, -1 
	   469,    459,    458, -1 
	   459,    470,    461, -1 
	   469,    471,    459, -1 
	   471,    470,    459, -1 
	   462,    472,    460, -1 
	   460,    472,    464, -1 
	   470,    473,    461, -1 
	   461,    473,    462, -1 
	   473,    474,    462, -1 
	   474,    475,    462, -1 
	   462,    475,    472, -1 
	   468,    476,    463, -1 
	   476,    469,    463, -1 
	   472,    477,    464, -1 
	   464,    477,    465, -1 
	   477,    478,    465, -1 
	   465,    478,    466, -1 
	   478,    479,    466, -1 
	   466,    479,    467, -1 
	   479,    480,    467, -1 
	   480,    481,    467, -1 
	   467,    481,    468, -1 
	   481,    476,    468, -1 
	   476,    482,    469, -1 
	   482,    471,    469, -1 
	   470,    483,    473, -1 
	   471,    484,    470, -1 
	   484,    483,    470, -1 
	   482,    485,    471, -1 
	   485,    484,    471, -1 
	   475,    486,    472, -1 
	   472,    486,    477, -1 
	   483,    487,    473, -1 
	   473,    487,    474, -1 
	   487,    488,    474, -1 
	   474,    488,    475, -1 
	   488,    489,    475, -1 
	   489,    490,    475, -1 
	   475,    490,    486, -1 
	   481,    491,    476, -1 
	   491,    482,    476, -1 
	   486,    492,    477, -1 
	   477,    492,    478, -1 
	   492,    493,    478, -1 
	   478,    493,    479, -1 
	   493,    494,    479, -1 
	   479,    494,    480, -1 
	   494,    495,    480, -1 
	   480,    495,    481, -1 
	   495,    496,    481, -1 
	   496,    491,    481, -1 
	   491,    497,    482, -1 
	   497,    485,    482, -1 
	   483,    498,    499, -1 
	   483,    499,    487, -1 
	   484,    498,    483, -1 
	   485,    500,    484, -1 
	   484,    500,    498, -1 
	   497,    501,    485, -1 
	   485,    501,    500, -1 
	   490,    502,    486, -1 
	   486,    502,    492, -1 
	   487,    499,    503, -1 
	   487,    503,    488, -1 
	   488,    503,    504, -1 
	   488,    504,    489, -1 
	   489,    504,    505, -1 
	   489,    505,    490, -1 
	   490,    505,    506, -1 
	   490,    506,    502, -1 
	   496,    507,    491, -1 
	   507,    508,    491, -1 
	   508,    497,    491, -1 
	   502,    509,    492, -1 
	   492,    509,    493, -1 
	   509,    510,    493, -1 
	   493,    510,    494, -1 
	   510,    511,    494, -1 
	   494,    511,    495, -1 
	   511,    512,    495, -1 
	   495,    512,    496, -1 
	   512,    507,    496, -1 
	   508,    513,    497, -1 
	   497,    513,    501, -1 
	   498,    514,    499, -1 
	   498,    515,    514, -1 
	   500,    515,    498, -1 
	   499,    514,    516, -1 
	   499,    516,    503, -1 
	   501,    517,    500, -1 
	   500,    517,    515, -1 
	   513,    518,    501, -1 
	   501,    518,    517, -1 
	   502,    506,    519, -1 
	   502,    519,    509, -1 
	   503,    516,    520, -1 
	   503,    520,    504, -1 
	   504,    520,    521, -1 
	   504,    521,    505, -1 
	   505,    521,    522, -1 
	   505,    522,    506, -1 
	   506,    522,    523, -1 
	   506,    523,    519, -1 
	   512,    524,    507, -1 
	   507,    524,    525, -1 
	   507,    525,    508, -1 
	   508,    525,    513, -1 
	   509,    519,    526, -1 
	   509,    526,    510, -1 
	   510,    526,    527, -1 
	   510,    527,    511, -1 
	   511,    527,    528, -1 
	   511,    528,    512, -1 
	   512,    528,    524, -1 
	   525,    529,    513, -1 
	   513,    529,    518, -1 
	   515,    530,    514, -1 
	   530,    531,    514, -1 
	   514,    531,    516, -1 
	   517,    532,    515, -1 
	   532,    530,    515, -1 
	   531,    533,    516, -1 
	   516,    533,    520, -1 
	   518,    534,    517, -1 
	   534,    532,    517, -1 
	   529,    535,    518, -1 
	   535,    534,    518, -1 
	   519,    523,    536, -1 
	   519,    536,    526, -1 
	   533,    537,    520, -1 
	   520,    537,    521, -1 
	   537,    538,    521, -1 
	   521,    538,    522, -1 
	   538,    539,    522, -1 
	   522,    539,    523, -1 
	   539,    540,    523, -1 
	   523,    540,    536, -1 
	   528,    541,    524, -1 
	   524,    541,    542, -1 
	   524,    542,    525, -1 
	   525,    542,    529, -1 
	   526,    536,    543, -1 
	   526,    543,    527, -1 
	   527,    543,    544, -1 
	   527,    544,    528, -1 
	   528,    544,    541, -1 
	   542,    545,    529, -1 
	   545,    535,    529, -1 
	   530,    546,    547, -1 
	   530,    547,    531, -1 
	   532,    546,    530, -1 
	   531,    547,    548, -1 
	   531,    548,    533, -1 
	   534,    549,    532, -1 
	   532,    549,    546, -1 
	   533,    548,    550, -1 
	   533,    550,    537, -1 
	   535,    551,    534, -1 
	   534,    551,    549, -1 
	   545,    552,    535, -1 
	   535,    552,    551, -1 
	   540,    553,    536, -1 
	   553,    554,    536, -1 
	   536,    554,    543, -1 
	   537,    550,    538, -1 
	   538,    550,    555, -1 
	   538,    555,    539, -1 
	   539,    555,    556, -1 
	   539,    556,    540, -1 
	   540,    556,    557, -1 
	   540,    557,    553, -1 
	   544,    558,    541, -1 
	   558,    559,    541, -1 
	   541,    559,    542, -1 
	   559,    545,    542, -1 
	   554,    560,    543, -1 
	   543,    560,    544, -1 
	   560,    558,    544, -1 
	   559,    561,    545, -1 
	   545,    561,    552, -1 
	   546,    562,    547, -1 
	   546,    563,    562, -1 
	   549,    563,    546, -1 
	   547,    562,    548, -1 
	   548,    562,    564, -1 
	   548,    564,    550, -1 
	   551,    565,    549, -1 
	   549,    565,    563, -1 
	   550,    564,    566, -1 
	   550,    566,    555, -1 
	   552,    567,    551, -1 
	   551,    567,    565, -1 
	   561,    567,    552, -1 
	   553,    557,    568, -1 
	   553,    568,    554, -1 
	   554,    568,    569, -1 
	   554,    569,    560, -1 
	   555,    566,    570, -1 
	   555,    570,    556, -1 
	   556,    570,    571, -1 
	   556,    571,    557, -1 
	   557,    571,    568, -1 
	   560,    572,    558, -1 
	   558,    572,    561, -1 
	   558,    561,    559, -1 
	   560,    569,    572, -1 
	   572,    573,    561, -1 
	   561,    573,    567, -1 
	   563,    574,    562, -1 
	   562,    574,    575, -1 
	   562,    575,    564, -1 
	   563,    576,    574, -1 
	   565,    576,    563, -1 
	   564,    575,    577, -1 
	   564,    577,    566, -1 
	   567,    578,    565, -1 
	   565,    578,    576, -1 
	   566,    577,    579, -1 
	   566,    579,    570, -1 
	   573,    580,    567, -1 
	   567,    580,    578, -1 
	   568,    571,    581, -1 
	   568,    581,    569, -1 
	   569,    582,    572, -1 
	   569,    581,    582, -1 
	   570,    579,    583, -1 
	   570,    583,    571, -1 
	   571,    583,    584, -1 
	   571,    584,    581, -1 
	   572,    582,    573, -1 
	   582,    585,    573, -1 
	   573,    585,    580, -1 
	   576,    586,    574, -1 
	   586,    587,    574, -1 
	   574,    587,    575, -1 
	   587,    588,    575, -1 
	   588,    589,    575, -1 
	   575,    589,    577, -1 
	   578,    590,    576, -1 
	   590,    586,    576, -1 
	   589,    591,    577, -1 
	   577,    591,    579, -1 
	   580,    592,    578, -1 
	   592,    590,    578, -1 
	   591,    593,    579, -1 
	   579,    593,    583, -1 
	   585,    594,    580, -1 
	   594,    592,    580, -1 
	   581,    595,    582, -1 
	   581,    584,    595, -1 
	   582,    595,    585, -1 
	   593,    596,    583, -1 
	   583,    596,    584, -1 
	   596,    597,    584, -1 
	   584,    597,    595, -1 
	   595,    598,    585, -1 
	   598,    599,    585, -1 
	   599,    594,    585, -1 
	   586,    600,    587, -1 
	   590,    601,    586, -1 
	   601,    600,    586, -1 
	   600,    602,    587, -1 
	   587,    602,    588, -1 
	   602,    603,    588, -1 
	   588,    603,    589, -1 
	   603,    604,    589, -1 
	   604,    605,    589, -1 
	   589,    605,    591, -1 
	   592,    606,    590, -1 
	   606,    601,    590, -1 
	   605,    607,    591, -1 
	   591,    607,    593, -1 
	   594,    608,    592, -1 
	   608,    606,    592, -1 
	   607,    609,    593, -1 
	   593,    609,    596, -1 
	   599,    610,    594, -1 
	   610,    611,    594, -1 
	   611,    608,    594, -1 
	   597,    598,    595, -1 
	   609,    612,    596, -1 
	   596,    612,    597, -1 
	   597,    613,    598, -1 
	   612,    613,    597, -1 
	   613,    614,    598, -1 
	   598,    614,    599, -1 
	   614,    610,    599, -1 
	   600,    615,    602, -1 
	   601,    616,    600, -1 
	   616,    615,    600, -1 
	   606,    617,    601, -1 
	   617,    616,    601, -1 
	   615,    618,    602, -1 
	   618,    619,    602, -1 
	   602,    619,    603, -1 
	   619,    620,    603, -1 
	   603,    620,    604, -1 
	   620,    621,    604, -1 
	   604,    621,    605, -1 
	   621,    622,    605, -1 
	   605,    622,    607, -1 
	   608,    623,    606, -1 
	   623,    617,    606, -1 
	   622,    624,    607, -1 
	   624,    625,    607, -1 
	   607,    625,    609, -1 
	   611,    626,    608, -1 
	   626,    627,    608, -1 
	   608,    627,    623, -1 
	   625,    628,    609, -1 
	   609,    628,    612, -1 
	   614,    629,    610, -1 
	   629,    630,    610, -1 
	   610,    630,    611, -1 
	   630,    626,    611, -1 
	   612,    631,    613, -1 
	   628,    631,    612, -1 
	   631,    632,    613, -1 
	   614,    613,    633, -1 
	   613,    632,    633, -1 
	   633,    629,    614, -1 
	   615,    634,    618, -1 
	   616,    634,    615, -1 
	   617,    635,    616, -1 
	   635,    634,    616, -1 
	   623,    636,    617, -1 
	   636,    635,    617, -1 
	   634,    637,    618, -1 
	   618,    638,    619, -1 
	   637,    638,    618, -1 
	   619,    638,    620, -1 
	   638,    639,    620, -1 
	   620,    639,    621, -1 
	   639,    640,    621, -1 
	   640,    641,    621, -1 
	   621,    641,    622, -1 
	   641,    642,    622, -1 
	   622,    642,    624, -1 
	   627,    643,    623, -1 
	   643,    644,    623, -1 
	   644,    636,    623, -1 
	   642,    645,    624, -1 
	   624,    645,    625, -1 
	   645,    646,    625, -1 
	   625,    646,    628, -1 
	   630,    647,    626, -1 
	   647,    648,    626, -1 
	   648,    649,    626, -1 
	   626,    649,    627, -1 
	   649,    643,    627, -1 
	   646,    650,    628, -1 
	   628,    650,    631, -1 
	   633,    651,    629, -1 
	   629,    651,    630, -1 
	   651,    647,    630, -1 
	   650,    652,    631, -1 
	   631,    652,    632, -1 
	   652,    653,    632, -1 
	   632,    653,    654, -1 
	   632,    654,    633, -1 
	   633,    654,    651, -1 
	   635,    655,    634, -1 
	   634,    655,    656, -1 
	   634,    656,    637, -1 
	   636,    657,    635, -1 
	   635,    657,    655, -1 
	   644,    658,    636, -1 
	   636,    658,    657, -1 
	   637,    656,    659, -1 
	   637,    659,    638, -1 
	   638,    659,    660, -1 
	   638,    660,    639, -1 
	   639,    660,    661, -1 
	   639,    661,    640, -1 
	   640,    661,    662, -1 
	   640,    662,    641, -1 
	   641,    662,    663, -1 
	   641,    663,    642, -1 
	   642,    663,    664, -1 
	   642,    664,    645, -1 
	   649,    665,    643, -1 
	   643,    665,    666, -1 
	   643,    666,    644, -1 
	   644,    666,    658, -1 
	   645,    664,    667, -1 
	   645,    667,    646, -1 
	   646,    667,    668, -1 
	   646,    668,    650, -1 
	   651,    669,    647, -1 
	   647,    669,    670, -1 
	   647,    670,    648, -1 
	   648,    670,    671, -1 
	   648,    671,    649, -1 
	   649,    671,    665, -1 
	   650,    668,    672, -1 
	   650,    672,    652, -1 
	   654,    673,    651, -1 
	   651,    673,    669, -1 
	   652,    672,    674, -1 
	   652,    674,    653, -1 
	   653,    674,    675, -1 
	   653,    675,    654, -1 
	   654,    675,    673, -1 
	   657,    676,    655, -1 
	   655,    676,    677, -1 
	   655,    677,    656, -1 
	   656,    677,    678, -1 
	   656,    678,    659, -1 
	   658,    676,    657, -1 
	   666,    679,    658, -1 
	   658,    679,    676, -1 
	   659,    678,    680, -1 
	   659,    680,    660, -1 
	   660,    680,    681, -1 
	   660,    681,    661, -1 
	   661,    681,    682, -1 
	   661,    682,    662, -1 
	   662,    682,    683, -1 
	   662,    683,    663, -1 
	   684,    685,    663, -1 
	   683,    684,    663, -1 
	   664,    663,    685, -1 
	   686,    664,    685, -1 
	   667,    664,    686, -1 
	   671,    687,    665, -1 
	   665,    687,    688, -1 
	   665,    688,    666, -1 
	   666,    688,    679, -1 
	   689,    667,    686, -1 
	   668,    667,    689, -1 
	   690,    668,    689, -1 
	   672,    668,    690, -1 
	   669,    691,    670, -1 
	   692,    691,    669, -1 
	   673,    692,    669, -1 
	   670,    693,    671, -1 
	   691,    693,    670, -1 
	   671,    694,    695, -1 
	   693,    694,    671, -1 
	   671,    695,    687, -1 
	   672,    690,    674, -1 
	   696,    692,    673, -1 
	   675,    696,    673, -1 
	   674,    697,    675, -1 
	   690,    697,    674, -1 
	   697,    696,    675, -1 
	   679,    698,    676, -1 
	   676,    698,    677, -1 
	   677,    698,    699, -1 
	   677,    699,    678, -1 
	   678,    699,    700, -1 
	   678,    700,    680, -1 
	   688,    701,    679, -1 
	   679,    701,    698, -1 
	   680,    700,    681, -1 
	   681,    700,    702, -1 
	   681,    702,    682, -1 
	   682,    702,    683, -1 
	   703,    684,    683, -1 
	   704,    703,    683, -1 
	   683,    702,    705, -1 
	   683,    705,    704, -1 
	   684,    706,    685, -1 
	   703,    706,    684, -1 
	   686,    685,    707, -1 
	   685,    706,    707, -1 
	   689,    686,    707, -1 
	   695,    708,    687, -1 
	   687,    708,    701, -1 
	   687,    701,    688, -1 
	   690,    689,    707, -1 
	   690,    707,    697, -1 
	   691,    709,    693, -1 
	   710,    709,    691, -1 
	   692,    710,    691, -1 
	   711,    710,    692, -1 
	   696,    711,    692, -1 
	   693,    709,    694, -1 
	   694,    712,    695, -1 
	   694,    713,    712, -1 
	   709,    713,    694, -1 
	   695,    712,    714, -1 
	   714,    708,    695, -1 
	   715,    711,    696, -1 
	   697,    715,    696, -1 
	   697,    716,    715, -1 
	   697,    707,    716, -1 
	   701,    717,    698, -1 
	   698,    717,    699, -1 
	   699,    717,    700, -1 
	   700,    717,    702, -1 
	   708,    717,    701, -1 
	   702,    717,    705, -1 
	   718,    703,    704, -1 
	   718,    706,    703, -1 
	   714,    718,    704, -1 
	   704,    705,    714, -1 
	   705,    717,    708, -1 
	   714,    705,    708, -1 
	   707,    706,    716, -1 
	   716,    706,    719, -1 
	   719,    706,    720, -1 
	   720,    706,    718, -1 
	   709,    721,    713, -1 
	   722,    721,    709, -1 
	   710,    722,    709, -1 
	   723,    722,    710, -1 
	   711,    723,    710, -1 
	   715,    723,    711, -1 
	   712,    718,    714, -1 
	   712,    724,    718, -1 
	   713,    724,    712, -1 
	   713,    725,    724, -1 
	   721,    725,    713, -1 
	   726,    723,    715, -1 
	   719,    726,    715, -1 
	   716,    719,    715, -1 
	   724,    720,    718, -1 
	   727,    726,    719, -1 
	   720,    727,    719, -1 
	   725,    727,    720, -1 
	   724,    725,    720, -1 
	   721,    728,    725, -1 
	   729,    728,    721, -1 
	   722,    729,    721, -1 
	   730,    729,    722, -1 
	   723,    730,    722, -1 
	   731,    730,    723, -1 
	   726,    731,    723, -1 
	   725,    732,    727, -1 
	   728,    732,    725, -1 
	   733,    731,    726, -1 
	   727,    733,    726, -1 
	   732,    733,    727, -1 
	   728,    734,    732, -1 
	   735,    734,    728, -1 
	   729,    735,    728, -1 
	   736,    735,    729, -1 
	   730,    736,    729, -1 
	   737,    736,    730, -1 
	   731,    737,    730, -1 
	   738,    737,    731, -1 
	   733,    738,    731, -1 
	   732,    739,    733, -1 
	   734,    739,    732, -1 
	   739,    738,    733, -1 
	   734,    740,    739, -1 
	   741,    740,    734, -1 
	   735,    741,    734, -1 
	   742,    741,    735, -1 
	   736,    742,    735, -1 
	   743,    742,    736, -1 
	   737,    743,    736, -1 
	   744,    743,    737, -1 
	   738,    744,    737, -1 
	   745,    744,    738, -1 
	   739,    745,    738, -1 
	   740,    745,    739, -1 
	   740,    746,    745, -1 
	   747,    746,    740, -1 
	   741,    747,    740, -1 
	   748,    747,    741, -1 
	   742,    748,    741, -1 
	   749,    748,    742, -1 
	   743,    749,    742, -1 
	   750,    749,    743, -1 
	   744,    750,    743, -1 
	   751,    750,    744, -1 
	   745,    751,    744, -1 
	   746,    751,    745, -1 
	   746,    752,    751, -1 
	   753,    752,    746, -1 
	   747,    753,    746, -1 
	   754,    753,    747, -1 
	   748,    754,    747, -1 
	   755,    754,    748, -1 
	   749,    755,    748, -1 
	   756,    755,    749, -1 
	   750,    756,    749, -1 
	   757,    756,    750, -1 
	   751,    757,    750, -1 
	   752,    757,    751, -1 
	   752,    758,    757, -1 
	   752,    759,    758, -1 
	   753,    759,    752, -1 
	   753,    760,    759, -1 
	   753,    761,    760, -1 
	   754,    761,    753, -1 
	   754,    762,    761, -1 
	   755,    762,    754, -1 
	   755,    763,    762, -1 
	   756,    763,    755, -1 
	   757,    764,    756, -1 
	   756,    764,    763, -1 
	   757,    758,    764, -1 
	   758,    765,    764, -1 
	   766,    765,    758, -1 
	   759,    766,    758, -1 
	   767,    766,    759, -1 
	   760,    767,    759, -1 
	   768,    767,    760, -1 
	   761,    768,    760, -1 
	   769,    768,    761, -1 
	   762,    769,    761, -1 
	   770,    769,    762, -1 
	   763,    770,    762, -1 
	   771,    770,    763, -1 
	   764,    771,    763, -1 
	   765,    771,    764, -1 
	   765,    772,    771, -1 
	   773,    772,    765, -1 
	   766,    773,    765, -1 
	   774,    773,    766, -1 
	   767,    774,    766, -1 
	   775,    774,    767, -1 
	   768,    775,    767, -1 
	   776,    775,    768, -1 
	   769,    776,    768, -1 
	   777,    776,    769, -1 
	   770,    777,    769, -1 
	   778,    777,    770, -1 
	   771,    778,    770, -1 
	   772,    778,    771, -1 
	   772,    779,    778, -1 
	   772,    780,    779, -1 
	   773,    780,    772, -1 
	   773,    781,    780, -1 
	   774,    781,    773, -1 
	   774,    782,    781, -1 
	   774,    783,    782, -1 
	   775,    783,    774, -1 
	   775,    784,    783, -1 
	   776,    784,    775, -1 
	   776,    785,    784, -1 
	   777,    785,    776, -1 
	   777,    786,    785, -1 
	   778,    786,    777, -1 
	   778,    779,    786, -1 
	   779,    787,    788, -1 
	   780,    787,    779, -1 
	   779,    789,    786, -1 
	   779,    788,    789, -1 
	   780,    790,    787, -1 
	   781,    790,    780, -1 
	   781,    791,    790, -1 
	   781,    792,    791, -1 
	   782,    792,    781, -1 
	   782,    793,    792, -1 
	   783,    793,    782, -1 
	   783,    794,    793, -1 
	   784,    794,    783, -1 
	   784,    795,    796, -1 
	   784,    796,    794, -1 
	   784,    797,    795, -1 
	   785,    797,    784, -1 
	   785,    798,    797, -1 
	   786,    798,    785, -1 
	   786,    799,    798, -1 
	   786,    789,    799, -1 
	   787,    800,    788, -1 
	   787,    801,    800, -1 
	   787,    802,    801, -1 
	   790,    802,    787, -1 
	   788,    803,    789, -1 
	   788,    800,    803, -1 
	   789,    804,    799, -1 
	   789,    803,    804, -1 
	   790,    805,    802, -1 
	   791,    805,    790, -1 
	   791,    806,    805, -1 
	   792,    806,    791, -1 
	   792,    807,    806, -1 
	   792,    808,    807, -1 
	   793,    808,    792, -1 
	   793,    809,    808, -1 
	   794,    809,    793, -1 
	   794,    810,    809, -1 
	   796,    810,    794, -1 
	   796,    795,    811, -1 
	   795,    812,    811, -1 
	   795,    813,    812, -1 
	   795,    814,    813, -1 
	   815,    814,    795, -1 
	   797,    815,    795, -1 
	   796,    811,    810, -1 
	   798,    815,    797, -1 
	   798,    816,    815, -1 
	   799,    816,    798, -1 
	   799,    817,    816, -1 
	   799,    804,    817, -1 
	   800,    818,    819, -1 
	   801,    818,    800, -1 
	   800,    820,    803, -1 
	   800,    819,    820, -1 
	   801,    821,    818, -1 
	   802,    821,    801, -1 
	   802,    822,    821, -1 
	   805,    822,    802, -1 
	   803,    823,    804, -1 
	   803,    824,    823, -1 
	   803,    820,    824, -1 
	   804,    825,    817, -1 
	   804,    823,    825, -1 
	   805,    826,    822, -1 
	   805,    827,    826, -1 
	   806,    827,    805, -1 
	   806,    828,    827, -1 
	   807,    828,    806, -1 
	   807,    829,    828, -1 
	   807,    830,    829, -1 
	   808,    830,    807, -1 
	   808,    831,    830, -1 
	   809,    831,    808, -1 
	   809,    832,    831, -1 
	   809,    833,    832, -1 
	   810,    833,    809, -1 
	   810,    834,    833, -1 
	   811,    834,    810, -1 
	   811,    812,    834, -1 
	   812,    835,    834, -1 
	   836,    835,    812, -1 
	   813,    836,    812, -1 
	   837,    836,    813, -1 
	   814,    837,    813, -1 
	   838,    837,    814, -1 
	   839,    838,    814, -1 
	   815,    839,    814, -1 
	   816,    839,    815, -1 
	   816,    840,    839, -1 
	   816,    841,    840, -1 
	   817,    841,    816, -1 
	   817,    825,    841, -1 
	   818,    842,    819, -1 
	   843,    842,    818, -1 
	   821,    843,    818, -1 
	   819,    844,    820, -1 
	   842,    844,    819, -1 
	   820,    845,    824, -1 
	   844,    845,    820, -1 
	   846,    843,    821, -1 
	   822,    846,    821, -1 
	   847,    846,    822, -1 
	   826,    847,    822, -1 
	   823,    848,    825, -1 
	   849,    848,    823, -1 
	   824,    849,    823, -1 
	   845,    849,    824, -1 
	   825,    850,    851, -1 
	   825,    851,    841, -1 
	   848,    850,    825, -1 
	   852,    847,    826, -1 
	   827,    852,    826, -1 
	   853,    852,    827, -1 
	   828,    853,    827, -1 
	   854,    853,    828, -1 
	   829,    854,    828, -1 
	   855,    854,    829, -1 
	   830,    855,    829, -1 
	   855,    830,    856, -1 
	   857,    856,    830, -1 
	   831,    857,    830, -1 
	   832,    857,    831, -1 
	   858,    857,    832, -1 
	   859,    858,    832, -1 
	   833,    859,    832, -1 
	   835,    859,    833, -1 
	   834,    835,    833, -1 
	   835,    860,    859, -1 
	   861,    860,    835, -1 
	   836,    861,    835, -1 
	   862,    861,    836, -1 
	   837,    862,    836, -1 
	   838,    862,    837, -1 
	   863,    862,    838, -1 
	   864,    863,    838, -1 
	   864,    838,    839, -1 
	   840,    864,    839, -1 
	   865,    864,    840, -1 
	   841,    865,    840, -1 
	   851,    865,    841, -1 
	   842,    866,    844, -1 
	   843,    866,    842, -1 
	   867,    866,    843, -1 
	   846,    867,    843, -1 
	   844,    868,    845, -1 
	   866,    868,    844, -1 
	   845,    869,    849, -1 
	   868,    869,    845, -1 
	   870,    867,    846, -1 
	   847,    870,    846, -1 
	   871,    870,    847, -1 
	   852,    871,    847, -1 
	   848,    872,    850, -1 
	   849,    872,    848, -1 
	   869,    872,    849, -1 
	   850,    873,    851, -1 
	   874,    873,    850, -1 
	   875,    874,    850, -1 
	   872,    876,    850, -1 
	   850,    876,    875, -1 
	   851,    877,    865, -1 
	   873,    877,    851, -1 
	   853,    871,    852, -1 
	   878,    871,    853, -1 
	   854,    878,    853, -1 
	   879,    878,    854, -1 
	   855,    879,    854, -1 
	   880,    855,    856, -1 
	   881,    879,    855, -1 
	   880,    881,    855, -1 
	   882,    883,    856, -1 
	   857,    882,    856, -1 
	   856,    883,    880, -1 
	   884,    882,    857, -1 
	   858,    884,    857, -1 
	   885,    884,    858, -1 
	   859,    885,    858, -1 
	   860,    885,    859, -1 
	   860,    886,    885, -1 
	   887,    886,    860, -1 
	   861,    887,    860, -1 
	   862,    887,    861, -1 
	   888,    887,    862, -1 
	   863,    888,    862, -1 
	   889,    888,    863, -1 
	   890,    889,    863, -1 
	   890,    863,    864, -1 
	   865,    890,    864, -1 
	   877,    890,    865, -1 
	   866,    891,    868, -1 
	   867,    891,    866, -1 
	   892,    891,    867, -1 
	   870,    892,    867, -1 
	   868,    893,    869, -1 
	   891,    893,    868, -1 
	   869,    893,    872, -1 
	   894,    892,    870, -1 
	   871,    894,    870, -1 
	   878,    894,    871, -1 
	   872,    895,    876, -1 
	   893,    895,    872, -1 
	   873,    896,    877, -1 
	   874,    896,    873, -1 
	   897,    896,    874, -1 
	   898,    897,    874, -1 
	   898,    874,    875, -1 
	   880,    898,    875, -1 
	   875,    881,    880, -1 
	   876,    881,    875, -1 
	   876,    895,    881, -1 
	   877,    899,    890, -1 
	   896,    899,    877, -1 
	   900,    894,    878, -1 
	   879,    900,    878, -1 
	   881,    900,    879, -1 
	   883,    898,    880, -1 
	   895,    900,    881, -1 
	   882,    901,    883, -1 
	   884,    901,    882, -1 
	   901,    902,    883, -1 
	   883,    902,    898, -1 
	   903,    901,    884, -1 
	   885,    903,    884, -1 
	   886,    903,    885, -1 
	   886,    904,    903, -1 
	   887,    904,    886, -1 
	   904,    887,    888, -1 
	   889,    905,    888, -1 
	   905,    904,    888, -1 
	   906,    905,    889, -1 
	   899,    906,    889, -1 
	   899,    889,    890, -1 
	   891,    907,    893, -1 
	   892,    907,    891, -1 
	   894,    907,    892, -1 
	   893,    907,    895, -1 
	   900,    907,    894, -1 
	   895,    907,    900, -1 
	   896,    908,    899, -1 
	   897,    908,    896, -1 
	   909,    908,    897, -1 
	   902,    909,    897, -1 
	   902,    897,    898, -1 
	   908,    906,    899, -1 
	   901,    909,    902, -1 
	   910,    909,    901, -1 
	   903,    910,    901, -1 
	   904,    910,    903, -1 
	   904,    911,    910, -1 
	   905,    911,    904, -1 
	   906,    911,    905, -1 
	   908,    911,    906, -1 
	   909,    911,    908, -1 
	   910,    911,    909, -1 
    ] 
normalPerVertex  TRUE 
   } 
  } 
 ] 
} 
