# 
# Wavefront OBJ file
# Converted by the DEEP Exploration 2.00.1211
# Right Hemisphere, LTD
# http://www.righthemisphere.com/
# 
mtllib foot_l.mtl
# object Object #0
g Object__0
v 0.182457 0.000706 0.028831
v 0.183739 -0.000368 0.02045
v 0.182777 0.003811 0.022747
v 0.181697 0.006457 0.026314
v 0.179852 -0.003031 0.024374
v 0.181079 0.007066 0.029925
v 0.180803 0.00506 0.032381
v 0.180891 0.002086 0.033043
v 0.179717 -0.000451 0.033065
v 0.178252 -0.002531 0.031405
v 0.17812 -0.003223 0.028323
v 0.179594 0.000872 0.01657
v 0.175637 -0.00327 0.021607
v 0.178882 0.00711 0.020604
v 0.177552 0.010757 0.025555
v 0.173081 -0.004389 0.027121
v 0.176798 0.011295 0.030671
v 0.177603 0.00781 0.034569
v 0.178255 0.002927 0.035975
v 0.175504 -0.000866 0.035353
v 0.172911 -0.003523 0.032097
v 0.174238 0.003523 0.017533
v 0.170255 -0.002371 0.020714
v 0.169382 -0.003788 0.026491
v 0.175317 0.009331 0.020328
v 0.17547 0.011383 0.025399
v 0.167775 -0.003896 0.032417
v 0.174655 0.012067 0.031605
v 0.174526 0.009871 0.036282
v 0.17512 0.003884 0.037192
v 0.171807 -0.000336 0.036035
v 0.170401 0.004658 0.02015
v 0.167989 0.00072 0.022256
v 0.166249 -0.001086 0.02651
v 0.16616 -0.000934 0.031364
v 0.172901 0.008947 0.021471
v 0.173556 0.011673 0.025841
v 0.168559 0.001064 0.035341
v 0.172908 0.012217 0.030777
v 0.173105 0.009647 0.035378
v 0.171852 0.004889 0.037034
v 0.163289 0.007089 0.02085
v 0.160136 0.004448 0.023071
v 0.157701 0.003824 0.026588
v 0.158053 0.003839 0.030241
v 0.162606 0.003456 0.034774
v 0.165515 0.010749 0.022178
v 0.166331 0.013112 0.025899
v 0.166726 0.00661 0.036537
v 0.166224 0.013423 0.03031
v 0.166938 0.011076 0.034555
v 0.148545 0.011698 0.018397
v 0.146729 0.007818 0.021434
v 0.145452 0.006607 0.026043
v 0.14567 0.007355 0.03009
v 0.152642 0.008002 0.03276
v 0.155371 0.010619 0.033401
v 0.150903 0.016167 0.020085
v 0.152192 0.018567 0.024555
v 0.156123 0.014148 0.032776
v 0.152393 0.018664 0.029351
v 0.133086 0.016513 0.011941
v 0.131048 0.009585 0.016617
v 0.130038 0.006961 0.0243
v 0.129899 0.008475 0.031037
v 0.130544 0.014166 0.034207
v 0.136521 0.017356 0.03205
v 0.13707 0.021755 0.031956
v 0.136004 0.023451 0.015718
v 0.13749 0.025856 0.02288
v 0.137386 0.025863 0.02883
v 0.127402 0.018657 0.011081
v 0.124355 0.010867 0.01486
v 0.122184 0.00706 0.02312
v 0.122002 0.008596 0.031461
v 0.125658 0.014817 0.034522
v 0.129208 0.019801 0.032836
v 0.129679 0.024692 0.032019
v 0.129822 0.02893 0.028626
v 0.129835 0.026019 0.015245
v 0.130341 0.028885 0.022528
v 0.12385 0.020489 0.010808
v 0.119887 0.012079 0.013847
v 0.11625 0.007133 0.022068
v 0.1149 0.008268 0.032365
v 0.121297 0.015605 0.034845
v 0.126683 0.020927 0.033804
v 0.125743 0.026398 0.032931
v 0.124981 0.030763 0.028745
v 0.12601 0.029175 0.02303
v 0.125867 0.027864 0.015796
v 0.124575 0.020412 0.01482
v 0.120502 0.014764 0.016799
v 0.116739 0.01159 0.022832
v 0.115884 0.012374 0.029971
v 0.118991 0.017205 0.033252
v 0.12277 0.021565 0.032288
v 0.122756 0.02539 0.030412
v 0.122438 0.026655 0.027786
v 0.121871 0.026669 0.024579
v 0.124778 0.025513 0.019099
v 0.124107 0.021198 0.019491
v 0.121598 0.017826 0.020196
v 0.11883 0.015772 0.023628
v 0.117897 0.01601 0.028058
v 0.11889 0.018836 0.030598
v 0.120631 0.021945 0.030564
v 0.121798 0.023931 0.029109
v 0.12235 0.024461 0.026924
v 0.122402 0.024586 0.025517
v 0.123742 0.024061 0.022384
v 0.121058 0.021695 0.025963
v 0.177373 -0.000258 -0.000421
v 0.175716 0.000194 -0.005977
v 0.178637 0.002281 -0.004579
v 0.180844 0.002691 -0.002012
v 0.173566 -0.002325 -0.003626
v 0.181046 0.002814 0.000651
v 0.17997 0.001442 0.002617
v 0.178597 -0.000394 0.003111
v 0.176321 -0.002151 0.003549
v 0.173825 -0.003154 0.002011
v 0.173027 -0.003461 -0.000686
v 0.170841 0.002239 -0.005767
v 0.16931 -0.001137 -0.004464
v 0.174102 0.004514 -0.004658
v 0.176923 0.005179 -0.001952
v 0.168691 -0.003346 -0.000998
v 0.177458 0.005035 0.001066
v 0.176804 0.003218 0.003067
v 0.175558 0.000944 0.003697
v 0.17253 -0.001238 0.005151
v 0.168763 -0.004088 0.003326
v 0.166798 0.004306 -0.004987
v 0.165624 0.001031 -0.003839
v 0.165211 -0.00111 -0.000737
v 0.170299 0.006204 -0.003897
v 0.174442 0.006379 -0.00162
v 0.164791 -0.001536 0.003481
v 0.174657 0.006254 0.001277
v 0.1741 0.004328 0.003086
v 0.172866 0.002159 0.003709
v 0.169428 0.000395 0.00452
v 0.15963 0.007893 -0.00212
v 0.161464 0.004254 -0.002072
v 0.163065 0.001786 -0.000169
v 0.163788 0.001505 0.002544
v 0.1659 0.008033 -0.00305
v 0.172347 0.008286 -0.001725
v 0.166565 0.002191 0.004269
v 0.172238 0.007773 0.001648
v 0.171509 0.005901 0.003799
v 0.169868 0.003627 0.004523
v 0.12701 0.023159 0.001413
v 0.143074 0.013695 0.000675
v 0.156702 0.006542 0.000899
v 0.158845 0.005596 0.002443
v 0.162066 0.005287 0.003533
v 0.14797 0.015979 -0.000682
v 0.16898 0.008698 -0.001008
v 0.165552 0.00566 0.003875
v 0.169142 0.008613 0.001757
v 0.16781 0.007148 0.003601
v 0.118064 0.027078 -0.000912
v 0.13231 0.017954 0.000869
v 0.14437 0.012737 0.002273
v 0.147573 0.011494 0.003503
v 0.153694 0.00974 0.003869
v 0.157955 0.00932 0.004246
v 0.142819 0.019509 -0.001786
v 0.16693 0.010352 -0.001041
v 0.163391 0.009186 0.004239
v 0.166026 0.01015 0.002089
v 0.114104 0.028938 -0.000411
v 0.122591 0.021831 0.000976
v 0.130968 0.017029 0.003246
v 0.133497 0.016468 0.005571
v 0.13692 0.016553 0.006976
v 0.141323 0.017165 0.006752
v 0.151357 0.014808 0.005416
v 0.137937 0.021327 -0.000647
v 0.160873 0.011672 5.6e-005
v 0.154752 0.014683 0.003041
v 0.109512 0.030963 -0.001447
v 0.114856 0.023456 0.000141
v 0.121684 0.017875 0.003149
v 0.122474 0.018412 0.007794
v 0.123178 0.021816 0.009975
v 0.125956 0.024347 0.009127
v 0.127668 0.026417 0.008046
v 0.128832 0.027623 0.005707
v 0.121249 0.029229 0.000249
v 0.12832 0.02764 0.002754
v 0.107398 0.031555 -0.000375
v 0.108698 0.024692 -0.000621
v 0.111557 0.016027 0.002424
v 0.113763 0.018056 0.009892
v 0.116942 0.022962 0.012799
v 0.119232 0.027401 0.011654
v 0.120151 0.030633 0.009788
v 0.120305 0.032464 0.006876
v 0.119236 0.032719 0.003518
v 0.113372 0.033182 0.000948
v 0.102624 0.034346 0.001283
v 0.105062 0.026997 -0.000575
v 0.107639 0.020441 0.003693
v 0.109013 0.02033 0.010041
v 0.112077 0.024571 0.013712
v 0.115244 0.02916 0.013594
v 0.116106 0.032904 0.010941
v 0.115459 0.034549 0.007392
v 0.114569 0.034812 0.004078
v 0.108832 0.035187 0.00182
v 0.105622 0.03314 0.00339
v 0.105966 0.02928 0.002352
v 0.106796 0.024726 0.00425
v 0.10753 0.024184 0.008699
v 0.108297 0.027298 0.011963
v 0.108207 0.032785 0.01365
v 0.110922 0.035681 0.01158
v 0.112727 0.0368 0.007872
v 0.112433 0.036622 0.004015
v 0.108879 0.034704 0.002477
v 0.107545 0.03252 0.006631
v 0.166281 -0.00285 -0.015013
v 0.166455 -0.002829 -0.018042
v 0.166572 -0.001515 -0.017344
v 0.166925 -0.000674 -0.016106
v 0.163333 -0.004089 -0.017464
v 0.167117 -0.000495 -0.014584
v 0.167076 -0.001153 -0.01333
v 0.167223 -0.002763 -0.01286
v 0.164761 -0.003478 -0.012003
v 0.162348 -0.004706 -0.012819
v 0.161669 -0.004968 -0.015319
v 0.163464 -0.001718 -0.018535
v 0.160561 -0.003508 -0.018996
v 0.16489 7.4e-005 -0.018061
v 0.165743 0.001406 -0.016329
v 0.15725 -0.005269 -0.016149
v 0.165977 0.001548 -0.013892
v 0.165751 0.000224 -0.012054
v 0.164765 -0.001529 -0.011234
v 0.161689 -0.002952 -0.010596
v 0.158528 -0.004391 -0.012173
v 0.160726 -0.000327 -0.018306
v 0.15793 -0.001774 -0.018106
v 0.15573 -0.002741 -0.01549
v 0.1623 0.00144 -0.018057
v 0.163454 0.002908 -0.016239
v 0.156006 -0.002659 -0.012251
v 0.163734 0.003021 -0.013507
v 0.162982 0.001767 -0.011394
v 0.161509 -2e-006 -0.01046
v 0.158728 -0.001487 -0.010389
v 0.158068 0.000866 -0.019964
v 0.155622 -0.000588 -0.017745
v 0.153974 -0.000405 -0.01483
v 0.153803 2e-006 -0.012603
v 0.159718 0.003182 -0.018671
v 0.160889 0.004755 -0.016197
v 0.155808 0.000348 -0.010755
v 0.161072 0.004867 -0.012976
v 0.160228 0.003365 -0.010651
v 0.158398 0.001511 -0.00996
v 0.155617 0.002039 -0.019382
v 0.149055 0.003507 -0.016319
v 0.145224 0.005104 -0.013768
v 0.145774 0.004988 -0.012224
v 0.151395 0.003082 -0.011219
v 0.156639 0.004608 -0.01829
v 0.154362 0.007316 -0.01537
v 0.152863 0.004112 -0.010304
v 0.1533 0.00804 -0.012433
v 0.153149 0.006338 -0.010477
v 0.152911 0.00346 -0.017174
v 0.139767 0.007974 -0.014746
v 0.127093 0.013442 -0.011816
v 0.129238 0.012378 -0.010261
v 0.134435 0.011091 -0.009362
v 0.139535 0.01047 -0.009269
v 0.141831 0.011325 -0.016512
v 0.135132 0.016786 -0.013603
v 0.136652 0.014085 -0.008601
v 0.13521 0.017011 -0.010563
v 0.126535 0.015622 -0.014822
v 0.120865 0.016082 -0.013804
v 0.116039 0.015702 -0.011604
v 0.117552 0.015678 -0.008133
v 0.11864 0.017039 -0.005799
v 0.12123 0.018972 -0.005279
v 0.125117 0.020304 -0.006433
v 0.126419 0.018496 -0.014849
v 0.126934 0.020862 -0.012997
v 0.127088 0.021047 -0.009671
v 0.113212 0.02143 -0.016307
v 0.111686 0.017872 -0.015162
v 0.11027 0.015733 -0.01131
v 0.110642 0.016278 -0.006496
v 0.112812 0.018873 -0.00366
v 0.114711 0.022166 -0.00321
v 0.115719 0.025336 -0.004875
v 0.11609 0.026987 -0.00834
v 0.114525 0.024797 -0.015179
v 0.115776 0.026678 -0.01221
v 0.106127 0.024797 -0.015576
v 0.10491 0.020349 -0.015344
v 0.104171 0.016604 -0.011349
v 0.105089 0.016964 -0.00543
v 0.108353 0.020196 -0.002503
v 0.111085 0.023738 -0.002755
v 0.111142 0.027801 -0.004034
v 0.110385 0.030682 -0.007448
v 0.109726 0.030549 -0.011909
v 0.107963 0.028201 -0.014855
v 0.102535 0.026704 -0.01515
v 0.09964 0.02293 -0.015576
v 0.097324 0.019389 -0.01129
v 0.097835 0.019701 -0.004559
v 0.103418 0.022537 -0.002577
v 0.106888 0.0255 -0.002739
v 0.107439 0.029112 -0.003939
v 0.107009 0.031854 -0.007054
v 0.106339 0.031949 -0.01132
v 0.104555 0.029873 -0.014438
v 0.099098 0.028432 -0.013971
v 0.09905 0.025407 -0.012757
v 0.099548 0.023652 -0.010466
v 0.099743 0.023347 -0.007195
v 0.101564 0.024379 -0.004686
v 0.1039 0.026455 -0.003846
v 0.104429 0.029094 -0.004756
v 0.103998 0.031064 -0.007024
v 0.103463 0.031395 -0.010038
v 0.101236 0.030661 -0.013156
v 0.101614 0.027546 -0.008704
v 0.15383 0.000954 -0.029496
v 0.151207 0.001139 -0.032788
v 0.152447 0.003325 -0.032702
v 0.155149 0.005023 -0.031165
v 0.151528 -0.000928 -0.031643
v 0.155661 0.005023 -0.028262
v 0.154125 0.00359 -0.026727
v 0.153149 0.001667 -0.026243
v 0.153762 -0.000992 -0.026856
v 0.153716 -0.002226 -0.028451
v 0.153386 -0.002226 -0.03032
v 0.147638 0.002578 -0.033522
v 0.147546 -0.000578 -0.032406
v 0.149394 0.005482 -0.033013
v 0.151263 0.007228 -0.030663
v 0.148318 -0.002521 -0.029844
v 0.151736 0.007196 -0.027433
v 0.150865 0.005234 -0.025168
v 0.149836 0.002615 -0.0246
v 0.149519 -0.000189 -0.025085
v 0.149098 -0.002286 -0.026986
v 0.145346 0.003671 -0.032169
v 0.1448 0.000743 -0.031783
v 0.144893 -0.001668 -0.029535
v 0.146543 0.006184 -0.031761
v 0.147749 0.008043 -0.029786
v 0.145485 -0.002906 -0.025824
v 0.148169 0.008004 -0.026889
v 0.147812 0.005912 -0.025027
v 0.147176 0.003382 -0.024671
v 0.146579 0.000647 -0.024703
v 0.142297 0.005056 -0.03066
v 0.141718 0.003188 -0.029992
v 0.141595 0.00189 -0.02846
v 0.141952 0.001645 -0.026462
v 0.143029 0.007374 -0.031266
v 0.143873 0.009184 -0.028997
v 0.142606 0.002956 -0.025203
v 0.144423 0.009085 -0.026333
v 0.144231 0.00682 -0.024982
v 0.143645 0.004643 -0.025195
v 0.135765 0.007606 -0.027985
v 0.135443 0.006565 -0.027587
v 0.135257 0.005919 -0.026777
v 0.135381 0.00579 -0.025662
v 0.135453 0.006372 -0.024441
v 0.136348 0.009154 -0.028499
v 0.140568 0.009961 -0.028451
v 0.135916 0.007717 -0.023842
v 0.136869 0.011339 -0.025312
v 0.139376 0.008272 -0.024273
v 0.120061 0.013133 -0.025701
v 0.120636 0.01137 -0.025346
v 0.121279 0.010188 -0.024293
v 0.121653 0.010237 -0.022791
v 0.122349 0.01065 -0.021363
v 0.122464 0.012846 -0.020358
v 0.118302 0.016104 -0.025966
v 0.116906 0.019293 -0.024444
v 0.120276 0.016265 -0.02019
v 0.117408 0.019334 -0.021648
v 0.107441 0.017461 -0.025823
v 0.107246 0.014376 -0.024973
v 0.107352 0.012436 -0.022492
v 0.1081 0.012706 -0.01953
v 0.107525 0.015119 -0.017303
v 0.109946 0.017399 -0.017737
v 0.108837 0.020766 -0.017807
v 0.106844 0.021095 -0.025244
v 0.106564 0.023777 -0.02282
v 0.107279 0.023695 -0.019627
v 0.099977 0.020074 -0.025233
v 0.100072 0.015837 -0.02498
v 0.100537 0.012434 -0.022002
v 0.101499 0.012758 -0.017711
v 0.102733 0.01613 -0.015564
v 0.103257 0.019736 -0.015698
v 0.101677 0.023524 -0.016269
v 0.099473 0.026426 -0.018253
v 0.099377 0.023915 -0.024168
v 0.098869 0.026507 -0.021474
v 0.094722 0.021895 -0.025199
v 0.094716 0.016922 -0.024984
v 0.095076 0.012935 -0.021477
v 0.09616 0.013249 -0.016408
v 0.097579 0.017348 -0.013982
v 0.098143 0.021523 -0.014402
v 0.096435 0.025445 -0.015192
v 0.09405 0.028329 -0.017261
v 0.093116 0.028528 -0.0204
v 0.093841 0.026134 -0.02348
v 0.087975 0.024533 -0.02299
v 0.088064 0.019385 -0.024747
v 0.089994 0.012407 -0.021816
v 0.091237 0.012407 -0.014762
v 0.092983 0.018415 -0.012944
v 0.093377 0.023009 -0.013435
v 0.092498 0.026521 -0.014598
v 0.090923 0.028746 -0.01675
v 0.089931 0.029037 -0.019487
v 0.088624 0.027648 -0.021725
v 0.084403 0.026215 -0.020656
v 0.086541 0.021371 -0.022753
v 0.088696 0.016992 -0.020678
v 0.089781 0.016386 -0.016452
v 0.090473 0.019884 -0.0142
v 0.090424 0.023631 -0.014622
v 0.089885 0.026112 -0.015423
v 0.088933 0.027639 -0.016745
v 0.088195 0.027994 -0.018486
v 0.086167 0.027639 -0.020165
v 0.088118 0.024267 -0.017913
v 0.142331 0.001815 -0.041932
v 0.13945 0.002416 -0.045368
v 0.14048 0.003455 -0.043936
v 0.141476 0.003566 -0.042562
v 0.138684 0.000791 -0.043486
v 0.141884 0.003568 -0.041488
v 0.142271 0.003147 -0.040439
v 0.142831 0.001792 -0.039591
v 0.140969 0.001072 -0.039633
v 0.139316 0.000469 -0.040334
v 0.13863 0.000342 -0.041681
v 0.13713 0.003016 -0.045631
v 0.135813 0.000884 -0.043955
v 0.138862 0.004426 -0.044057
v 0.140103 0.004862 -0.042423
v 0.135245 -0.000243 -0.041565
v 0.140575 0.004853 -0.040814
v 0.141012 0.004019 -0.039299
v 0.141275 0.00228 -0.037945
v 0.138644 0.000515 -0.037825
v 0.136177 -0.000159 -0.039326
v 0.135236 0.003505 -0.044306
v 0.133082 0.001662 -0.043384
v 0.131673 0.00039 -0.041036
v 0.136667 0.005544 -0.043872
v 0.137684 0.006243 -0.042045
v 0.131505 -0.000133 -0.038086
v 0.138263 0.006244 -0.040077
v 0.138937 0.004769 -0.038644
v 0.138927 0.002831 -0.038068
v 0.135995 0.001347 -0.037669
v 0.133519 0.004066 -0.043549
v 0.13126 0.002523 -0.042577
v 0.12942 0.001576 -0.040425
v 0.129908 0.001554 -0.038144
v 0.134177 0.006129 -0.043212
v 0.134858 0.007558 -0.041511
v 0.134124 0.002146 -0.037434
v 0.135453 0.007413 -0.039269
v 0.13713 0.005651 -0.037729
v 0.138155 0.003099 -0.038037
v 0.130932 0.00473 -0.043942
v 0.13008 0.002995 -0.042134
v 0.129731 0.002872 -0.040043
v 0.13004 0.002858 -0.038595
v 0.133669 0.002245 -0.0373
v 0.130909 0.007042 -0.04254
v 0.130352 0.008142 -0.040389
v 0.137664 0.003303 -0.036428
v 0.13082 0.008176 -0.038462
v 0.134621 0.006339 -0.037198
v 0.128178 0.005558 -0.04176
v 0.121888 0.005862 -0.039597
v 0.115816 0.006693 -0.037067
v 0.117598 0.006319 -0.03584
v 0.125115 0.004481 -0.035339
v 0.134623 0.00417 -0.035032
v 0.125263 0.008535 -0.04127
v 0.120882 0.011312 -0.038493
v 0.129253 0.008493 -0.035181
v 0.121763 0.011242 -0.036273
v 0.101539 0.01243 -0.037232
v 0.10023 0.01006 -0.036402
v 0.098615 0.008697 -0.033787
v 0.101568 0.008581 -0.031659
v 0.114907 0.00717 -0.033028
v 0.131158 0.005031 -0.03618
v 0.117388 0.010817 -0.033857
v 0.102369 0.014679 -0.036684
v 0.104377 0.015697 -0.035216
v 0.103215 0.015927 -0.032549
v 0.081348 0.017563 -0.03699
v 0.081233 0.011951 -0.036185
v 0.082162 0.007701 -0.031875
v 0.08058 0.00675 -0.025075
v 0.1006 0.009039 -0.027051
v 0.114094 0.009546 -0.032824
v 0.109279 0.013365 -0.031721
v 0.099588 0.018853 -0.031154
v 0.088739 0.020632 -0.036567
v 0.097187 0.018886 -0.034169
v 0.067639 0.02188 -0.034311
v 0.070714 0.014538 -0.035624
v 0.075429 0.00875 -0.031158
v 0.076537 0.006964 -0.023935
v 0.089699 0.011057 -0.024755
v 0.100148 0.013311 -0.028673
v 0.099787 0.016415 -0.029535
v 0.096147 0.019543 -0.030695
v 0.092753 0.020449 -0.033186
v 0.081676 0.02225 -0.034617
v 0.069754 0.021393 -0.032783
v 0.070537 0.016195 -0.033519
v 0.072108 0.010823 -0.030386
v 0.073428 0.010763 -0.02421
v 0.083765 0.012834 -0.023545
v 0.091762 0.015608 -0.025331
v 0.09213 0.019118 -0.026799
v 0.090062 0.021783 -0.029138
v 0.088142 0.0229 -0.032445
v 0.07889 0.022751 -0.03365
v 0.074972 0.020282 -0.032666
v 0.073804 0.01675 -0.032566
v 0.074506 0.013066 -0.030287
v 0.076146 0.012387 -0.026215
v 0.082621 0.013913 -0.024131
v 0.087153 0.016396 -0.025022
v 0.087928 0.019386 -0.026212
v 0.086585 0.021599 -0.028247
v 0.085159 0.022195 -0.030901
v 0.080283 0.021879 -0.032545
v 0.080594 0.018294 -0.028791
v 0.116349 0.036186 0.018171
v 0.116783 0.033061 0.019936
v 0.116538 0.032498 0.017579
v 0.116689 0.03306 0.016524
v 0.111771 0.032507 0.021714
v 0.107732 0.033076 0.022229
v 0.111271 0.032507 0.018521
v 0.116688 0.028687 0.022681
v 0.110403 0.027959 0.025007
v 0.11593 0.028686 0.015136
v 0.110688 0.028544 0.0172
v 0.105177 0.028493 0.026002
v 0.100874 0.028712 0.02585
v 0.105625 0.028206 0.021188
v 0.118337 0.024058 0.019693
v 0.116257 0.022568 0.023245
v 0.113122 0.022958 0.026218
v 0.112387 0.023405 0.028035
v 0.109698 0.022847 0.028081
v 0.105497 0.023347 0.028881
v 0.116171 0.023686 0.016553
v 0.108834 0.023436 0.019077
v 0.09939 0.02346 0.029243
v 0.096608 0.023719 0.027618
v 0.103777 0.023707 0.022927
v 0.116801 0.017452 0.019428
v 0.116623 0.017135 0.027771
v 0.112886 0.017379 0.029097
v 0.107979 0.01738 0.029707
v 0.101314 0.017406 0.032005
v 0.118009 0.017433 0.016229
v 0.106774 0.01743 0.021221
v 0.095975 0.017471 0.032362
v 0.096331 0.016846 0.029856
v 0.094802 0.017471 0.025714
v 0.096222 0.01747 0.024766
v 0.100292 0.016836 0.02442
v 0.112047 0.010786 0.016374
v 0.115187 0.011339 0.023967
v 0.113708 0.011382 0.028754
v 0.109113 0.010795 0.033203
v 0.104016 0.01172 0.034174
v 0.097395 0.01122 0.035793
v 0.106807 0.011201 0.019346
v 0.102447 0.011209 0.023415
v 0.095178 0.011224 0.035105
v 0.095891 0.012096 0.03026
v 0.093481 0.011224 0.026201
v 0.093461 0.011223 0.02392
v 0.095844 0.011219 0.022675
v 0.097855 0.011216 0.023653
v 0.109376 0.008192 0.025384
v 0.107921 0.008597 0.025798
v 0.109913 0.008304 0.028477
v 0.105509 0.008472 0.032031
v 0.102459 0.008087 0.035027
v 0.098458 0.008093 0.033575
v 0.102255 0.00878 0.026319
v 0.098541 0.008992 0.027936
v 0.10548 0.007498 0.030126
v 0.105717 0.016329 0.010297
v 0.105914 0.021829 0.01145
v 0.106181 0.025992 0.013008
v 0.106135 0.016191 0.012737
v 0.10059 0.023267 0.010909
v 0.100588 0.019355 0.010898
v 0.10524 0.027948 0.007519
v 0.100139 0.029357 0.008279
v 0.105032 0.030973 0.006299
v 0.104795 0.033006 0.008738
v 0.104924 0.033201 0.012159
v 0.105438 0.032095 0.016843
v 0.107296 0.027055 0.019513
v 0.106797 0.020935 0.016599
v 0.101121 0.020195 0.014261
v 0.095448 0.020798 0.011429
v 0.095335 0.026398 0.010772
v 0.099623 0.032898 0.005274
v 0.094902 0.031213 0.008248
v 0.099821 0.037848 0.006425
v 0.100829 0.036082 0.013524
v 0.102063 0.035785 0.019504
v 0.102065 0.031903 0.02019
v 0.102458 0.028842 0.021807
v 0.10114 0.024146 0.017171
v 0.095994 0.022092 0.014894
v 0.090191 0.017979 0.011285
v 0.090017 0.020661 0.010268
v 0.08989 0.027467 0.009523
v 0.095141 0.034187 0.006586
v 0.089413 0.031867 0.006744
v 0.094646 0.037367 0.006754
v 0.09522 0.036973 0.010203
v 0.096482 0.036958 0.014546
v 0.09663 0.035044 0.018139
v 0.097313 0.031741 0.019306
v 0.096482 0.026842 0.017471
v 0.090818 0.021279 0.014944
v 0.090458 0.02774 0.012346
v 0.089367 0.034892 0.006474
v 0.092096 0.03466 0.014517
v 0.0914 0.031454 0.018332
v 0.097298 0.031823 -0.00817
v 0.094692 0.031823 -0.008917
v 0.088897 0.033095 -0.000627
v 0.097349 0.031823 -0.003927
v 0.098489 0.026198 -0.008254
v 0.098034 0.02651 -0.003717
v 0.087509 0.031823 -0.004667
v 0.092933 0.026094 -0.006629
v 0.080962 0.031823 -0.004718
v 0.078178 0.031823 -0.000357
v 0.077033 0.031823 0.005748
v 0.081891 0.031823 0.006667
v 0.084975 0.031823 0.004727
v 0.092108 0.031823 0.005946
v 0.097424 0.031823 0.005135
v 0.099361 0.031823 0.001367
v 0.09668 0.019276 -0.006336
v 0.094021 0.019939 -0.006539
v 0.097785 0.026161 0.001255
v 0.097197 0.019948 -0.00263
v 0.089122 0.026198 -0.002351
v 0.084593 0.026698 -0.003887
v 0.08896 0.019948 -0.003274
v 0.081487 0.026136 -0.0027
v 0.079855 0.026089 0.000799
v 0.078517 0.026198 0.00409
v 0.081135 0.026094 0.004686
v 0.08511 0.026085 0.004898
v 0.09048 0.026084 0.003499
v 0.095723 0.026687 0.00322
v 0.093283 0.013698 -0.003591
v 0.088746 0.01513 -0.003073
v 0.094745 0.021016 0.000644
v 0.090725 0.015218 0.000247
v 0.093626 0.013698 -0.000922
v 0.08611 0.019948 -0.004675
v 0.082661 0.019934 -0.00168
v 0.080206 0.020561 0.000939
v 0.079727 0.019948 0.003748
v 0.084145 0.01993 0.003635
v 0.089301 0.019928 0.001852
v 0.08854 0.012135 -0.000977
v 0.085324 0.014933 -0.002492
v 0.087691 0.013698 0.002852
v 0.0817 0.013698 0.001624
v 0.084361 0.013698 0.003757
v 0.064449 0.020921 -0.022498
v 0.064095 0.017719 -0.024509
v 0.062948 0.018576 -0.022108
v 0.065262 0.017213 -0.017035
v 0.069739 0.026289 -0.019221
v 0.07097 0.022305 -0.009576
v 0.070404 0.025671 -0.01514
v 0.063719 0.015689 -0.026642
v 0.066499 0.019668 -0.022223
v 0.062935 0.01542 -0.021244
v 0.063366 0.013018 -0.015702
v 0.068506 0.016102 -0.003732
v 0.073135 0.028236 -0.016837
v 0.071603 0.028958 -0.021807
v 0.071806 0.02383 -0.023121
v 0.074948 0.02063 -0.004486
v 0.075468 0.024388 -0.005594
v 0.073623 0.029364 -0.010351
v 0.060563 0.011321 -0.02206
v 0.066172 0.015885 -0.024387
v 0.064585 0.012404 -0.025973
v 0.065207 0.011018 -0.02291
v 0.071384 0.01774 -0.024462
v 0.067411 0.009878 -0.009948
v 0.06827 0.009968 -0.005073
v 0.074646 0.013698 -0.004684
v 0.0787 0.026018 -0.017496
v 0.079619 0.026522 -0.011974
v 0.077351 0.023803 -0.02155
v 0.077588 0.018806 -0.023543
v 0.080794 0.014949 -0.005458
v 0.080867 0.0211 -0.005524
v 0.080568 0.024332 -0.00712
v 0.066598 0.010808 -0.019056
v 0.066465 0.012042 -0.01531
v 0.071119 0.01281 -0.024549
v 0.071361 0.010628 -0.020987
v 0.077484 0.014115 -0.024204
v 0.072981 0.010129 -0.014137
v 0.074302 0.008613 -0.006509
v 0.074901 0.009878 -0.0031
v 0.080916 0.009641 -0.004647
v 0.085273 0.02571 -0.015546
v 0.083139 0.021836 -0.018795
v 0.086047 0.02553 -0.011159
v 0.085251 0.025755 -0.015669
v 0.082897 0.016797 -0.02138
v 0.086788 0.012539 -0.006955
v 0.086433 0.017636 -0.008966
v 0.086454 0.024086 -0.008845
v 0.077341 0.009925 -0.023137
v 0.078216 0.009397 -0.019762
v 0.083708 0.014056 -0.023145
v 0.07989 0.009566 -0.013995
v 0.080292 0.0085 -0.008472
v 0.080951 0.006855 -0.004418
v 0.086551 0.009607 -0.008296
v 0.086119 0.01732 -0.014313
v 0.083458 0.010128 -0.023007
v 0.085014 0.010554 -0.01701
v 0.08595 0.009607 -0.011708
v 0.094428 0.028315 0.033456
v 0.091068 0.033648 0.035021
v 0.088 0.026381 0.037401
v 0.090383 0.02214 0.034184
v 0.091305 0.032821 0.028905
v 0.092037 0.028114 0.027901
v 0.089977 0.021879 0.028876
v 0.083883 0.031319 0.038372
v 0.088851 0.037152 0.028918
v 0.086004 0.036458 0.031928
v 0.083497 0.027774 0.038553
v 0.082033 0.024845 0.039235
v 0.084058 0.021275 0.037248
v 0.088104 0.02021 0.035257
v 0.086988 0.016726 0.030605
v 0.091468 0.032211 0.021452
v 0.091574 0.039122 0.021511
v 0.091205 0.026623 0.022236
v 0.086351 0.017636 0.023813
v 0.088755 0.021726 0.022012
v 0.083118 0.035765 0.031637
v 0.080564 0.033116 0.03423
v 0.082221 0.02931 0.033142
v 0.087345 0.038999 0.02258
v 0.083864 0.038291 0.025397
v 0.081799 0.022864 0.032819
v 0.080614 0.017929 0.034208
v 0.083947 0.01573 0.032155
v 0.082961 0.015119 0.025418
v 0.088682 0.028602 0.015789
v 0.088439 0.034908 0.015422
v 0.086406 0.038271 0.016335
v 0.082049 0.01857 0.018366
v 0.084133 0.022749 0.016822
v 0.080192 0.038243 0.026818
v 0.079859 0.036047 0.026974
v 0.080596 0.028536 0.026534
v 0.082674 0.036467 0.018025
v 0.079051 0.035491 0.019766
v 0.079581 0.022768 0.026251
v 0.077204 0.015958 0.028212
v 0.079886 0.015557 0.02692
v 0.079671 0.018975 0.020219
v 0.083964 0.028193 0.009887
v 0.084762 0.03229 0.009562
v 0.083111 0.035963 0.010287
v 0.077058 0.02378 0.014434
v 0.079132 0.022451 0.012141
v 0.080542 0.024752 0.010667
v 0.075606 0.0325 0.021372
v 0.076791 0.027071 0.021483
v 0.078047 0.034648 0.013401
v 0.074113 0.032874 0.014545
v 0.076144 0.023445 0.021121
v 0.079227 0.029076 0.005843
v 0.078096 0.027244 0.006417
v 0.07837 0.030816 0.006376
v 0.075158 0.031535 0.008337
v 0.071635 0.028784 0.015638
v 0.074905 0.027088 0.008693
v 0.071004 0.031538 0.015931
v 0.069802 0.029969 0.008906
v 0.075197 0.028525 0.004493
v -0.0098 0.006447 0.006334
v -0.006475 0.009886 0.008124
v -0.007928 0.011089 0.002466
v -0.00875 0.008045 0.001771
v -0.005553 0.003581 0.013011
v -0.004554 0.001729 0.015819
v -0.004003 0.000981 0.00912
v -0.005921 0.004724 0.003307
v -0.00369 0.020095 0.003036
v -0.000772 0.018081 0.012413
v 0.000624 0.011111 0.01681
v -0.004857 0.018552 -0.001627
v -0.004527 0.016119 -0.003911
v -0.002931 0.011628 -0.005138
v 0.00462 0.003193 0.021065
v 0.005396 -0.005126 0.022695
v 0.006055 -0.008774 0.020801
v 0.004757 -0.006383 0.014245
v 0.00443 -0.005156 0.006465
v 0.002056 -0.001623 0.001536
v 0.000421 0.004049 -0.003059
v 0.000944 0.025782 -0.004034
v 0.00237 0.029251 0.000993
v 0.002641 0.027782 0.008707
v 0.005172 0.027006 0.013016
v 0.006443 0.021472 0.015961
v 0.008331 0.013352 0.019518
v 0.002454 0.018972 -0.009334
v 0.004747 0.011427 -0.008924
v 0.003545 0.014834 -0.010032
v 0.012262 0.007258 0.022939
v 0.013694 5.6e-005 0.024458
v 0.015471 -0.006038 0.022654
v 0.014722 -0.008869 0.017287
v 0.013507 -0.008105 0.010953
v 0.012264 -0.006529 0.006031
v 0.010601 -0.003739 0.000741
v 0.009167 -0.00182 -0.003936
v 0.007818 0.000287 -0.007181
v 0.007243 0.006443 -0.007463
v 0.009408 0.032206 -0.004104
v 0.009926 0.024844 -0.009384
v 0.010152 0.032518 0.008052
v 0.013075 0.030355 0.01379
v 0.015979 0.018167 0.017923
v 0.010059 0.017777 -0.011058
v 0.012961 0.012713 -0.010773
v 0.020806 0.005718 0.022569
v 0.02198 -0.000432 0.024714
v 0.024313 -0.005678 0.025198
v 0.024253 -0.008781 0.020068
v 0.022508 -0.00621 0.013998
v 0.018761 -0.004144 0.004366
v 0.017675 -0.001445 -0.005424
v 0.016492 -0.002445 -0.011749
v 0.015774 0.001019 -0.012899
v 0.014759 0.006206 -0.010987
v 0.01704 0.03505 -0.000631
v 0.017659 0.034776 -0.005675
v 0.016856 0.030669 -0.008463
v 0.018389 0.023422 -0.01083
v 0.018281 0.034414 0.009792
v 0.021199 0.033527 0.014263
v 0.022835 0.028169 0.016284
v 0.027504 0.015275 0.018072
v 0.022116 0.014151 -0.011858
v 0.029165 0.005369 0.021424
v 0.030491 0.002893 0.021506
v 0.02948 0.000377 0.015585
v 0.027145 0.000882 0.000193
v 0.026801 0.001065 -0.007316
v 0.025104 0.001544 -0.011313
v 0.023705 0.004309 -0.014804
v 0.022913 0.005745 -0.014658
v 0.024472 0.034643 -0.006284
v 0.025413 0.034843 -0.00243
v 0.025483 0.032488 0.005689
v 0.025474 0.030779 -0.010318
v 0.028426 0.022624 -0.01393
v 0.02699 0.031884 0.012007
v 0.031064 0.029365 0.020143
v 0.036479 0.023555 0.019226
v 0.039802 0.013653 0.016706
v 0.036804 0.010916 0.017907
v 0.031641 0.010213 -0.012649
v 0.030994 0.017478 -0.015399
v 0.037652 0.007545 0.017324
v 0.037891 0.00679 0.013777
v 0.037453 0.005732 0.004867
v 0.037024 0.005098 -0.000533
v 0.035568 0.00401 -0.004975
v 0.034334 0.005667 -0.009036
v 0.035172 0.029667 -0.005091
v 0.033341 0.028658 -0.009157
v 0.033445 0.030574 0.000501
v 0.037635 0.027059 0.011559
v 0.038045 0.023989 -0.013482
v 0.040568 0.021298 -0.019624
v 0.040425 0.028975 0.019613
v 0.046468 0.028294 0.025215
v 0.045683 0.026633 0.023968
v 0.04899 0.022732 0.023523
v 0.048946 0.017837 0.020643
v 0.049112 0.012977 0.018057
v 0.049909 0.010815 0.014051
v 0.04361 0.013118 -0.011589
v 0.042036 0.018079 -0.017217
v 0.047302 0.010889 0.010396
v 0.047668 0.01113 0.007323
v 0.048147 0.008895 0.002337
v 0.046767 0.007755 -0.003031
v 0.045368 0.009367 -0.007347
v 0.0462 0.026536 -0.005867
v 0.045592 0.02767 -0.011507
v 0.045298 0.025074 0.000518
v 0.048272 0.024616 0.006325
v 0.050266 0.028006 0.012903
v 0.053866 0.032786 0.022134
v 0.047307 0.025879 -0.014178
v 0.048659 0.024642 -0.020542
v 0.055762 0.031868 0.024437
v 0.059227 0.03099 0.024329
v 0.062667 0.028276 0.024055
v 0.058821 0.020278 0.025947
v 0.058927 0.018273 0.023604
v 0.05748 0.017413 0.019376
v 0.056188 0.015503 0.013265
v 0.058033 0.012475 0.010714
v 0.052705 0.016095 -0.010784
v 0.051068 0.01901 -0.015366
v 0.049866 0.021372 -0.018834
v 0.056711 0.011844 0.004353
v 0.056129 0.01065 -7.5e-005
v 0.054675 0.011187 -0.006728
v 0.053022 0.028636 -0.004049
v 0.055774 0.029437 -0.010299
v 0.055231 0.02879 -0.012959
v 0.054704 0.026708 -0.01434
v 0.055838 0.030629 0.000406
v 0.060407 0.028903 0.007302
v 0.061297 0.027242 0.018195
v 0.059228 0.02287 -0.015298
v 0.056564 0.023562 -0.017206
v 0.063531 0.024029 0.020417
v 0.068407 0.022121 0.017062
v 0.067995 0.021631 0.013961
v 0.063709 0.018515 0.010031
v 0.065687 0.012501 0.002194
v 0.062593 0.011763 -0.013353
v 0.061851 0.013506 -0.014873
v 0.060873 0.018242 -0.013112
v 0.063451 0.011763 -0.00849
v 0.05985 0.029726 -0.004238
v 0.060954 0.02845 -0.010506
v 0.060623 0.029993 0.001552
v 0.063909 0.026028 0.010407
v 0.065377 0.026145 -0.011713
v 0.064362 0.026705 -0.013688
v 0.062922 0.027318 -0.014084
v 0.067908 0.027374 0.007006
v 0.069356 0.022093 0.007068
v 0.067734 0.023078 0.003683
v 0.066528 0.023976 0.001849
v 0.065839 0.02531 -0.000709
v 0.065642 0.025307 -0.006357
v 0.063622 0.031284 -0.00075
v 0.066554 0.031337 -0.010016
v 0.066785 0.032574 0.001713
# 1000 verticies
vn 0.92877 -0.273444 0.250229
vn 0.800892 -0.513119 -0.308675
vn 0.874695 0.417438 -0.246281
vn 0.863378 0.501522 -0.055264
vn 0.412863 -0.91079 0.002569
vn 0.848042 0.490952 0.199479
vn 0.825679 0.330578 0.457135
vn 0.811527 -0.0262 0.583727
vn 0.629814 -0.532735 0.565268
vn 0.447777 -0.82284 0.349901
vn 0.391458 -0.904856 0.167321
vn 0.324503 -0.097418 -0.940855
vn 0.066929 -0.928413 -0.365471
vn 0.541389 0.60905 -0.579617
vn 0.560969 0.805913 -0.189254
vn 0.06093 -0.998113 -0.007632
vn 0.564874 0.790887 0.235405
vn 0.673523 0.46917 0.57118
vn 0.563298 -0.062428 0.823892
vn 0.25165 -0.607801 0.75316
vn 0.135542 -0.906256 0.400411
vn -0.274232 0.183159 -0.94406
vn -0.474039 -0.598973 -0.645382
vn -0.442304 -0.877007 -0.187686
vn -0.010139 0.73234 -0.680863
vn 0.126541 0.95892 -0.253889
vn -0.405688 -0.819029 0.40572
vn 0.284845 0.940091 0.187331
vn 0.121826 0.615299 0.778823
vn 0.032496 -0.054755 0.997971
vn -0.092632 -0.474327 0.875462
vn -0.349087 0.069491 -0.93451
vn -0.558798 -0.424337 -0.712519
vn -0.619728 -0.757539 -0.205113
vn -0.661722 -0.704499 0.256526
vn -0.105995 0.667306 -0.737203
vn 0.131678 0.936543 -0.324883
vn -0.37869 -0.368736 0.848898
vn 0.016196 0.979867 0.198992
vn -0.130001 0.615192 0.777585
vn -0.089663 0.075482 0.993108
vn -0.022847 -0.149467 -0.988503
vn -0.243978 -0.723616 -0.645643
vn -0.358269 -0.918369 -0.168053
vn -0.424014 -0.860599 0.282102
vn -0.369429 -0.498503 0.78423
vn 0.197498 0.568139 -0.798882
vn 0.278091 0.906645 -0.317269
vn -0.151378 0.063184 0.986455
vn 0.253466 0.94435 0.20966
vn 0.08004 0.619651 0.780786
vn 0.205979 -0.234082 -0.950146
vn -0.026954 -0.825459 -0.563818
vn -0.124425 -0.991184 -0.045522
vn -0.164224 -0.868429 0.467826
vn -0.19231 -0.401636 0.89538
vn -0.144542 0.022943 0.989233
vn 0.396736 0.51196 -0.761904
vn 0.422053 0.867597 -0.262957
vn 0.066165 0.476347 0.876764
vn 0.34259 0.886383 0.311381
vn 0.244488 -0.147657 -0.958344
vn 0.06564 -0.800896 -0.595195
vn -0.009389 -0.998808 -0.047895
vn -0.010818 -0.801628 0.597726
vn 0.053579 -0.163318 0.985118
vn 0.058387 0.116786 0.991439
vn 0.111915 0.347307 0.931049
vn 0.39562 0.610561 -0.686075
vn 0.419922 0.887561 -0.189473
vn 0.352862 0.844678 0.402502
vn 0.139355 -0.000584 -0.990242
vn 0.00918 -0.718335 -0.695637
vn 0.0061 -0.992855 -0.119175
vn 0.035025 -0.792799 0.608476
vn 0.103147 -0.172983 0.979509
vn 0.257519 0.180616 0.949243
vn 0.241358 0.381476 0.892313
vn 0.280781 0.871337 0.402411
vn 0.310928 0.692721 -0.65074
vn 0.275155 0.94963 -0.149973
vn -0.609676 0.459365 -0.645971
vn -0.661069 -0.136828 -0.737744
vn -0.737904 -0.572038 -0.358147
vn -0.617515 -0.488474 0.616497
vn -0.152913 0.047471 0.987099
vn -0.051112 0.226407 0.972691
vn -0.184212 0.44258 0.877604
vn -0.278914 0.89 0.360704
vn -0.318802 0.91899 -0.231999
vn -0.56795 0.746265 -0.347162
vn -0.923899 0.377651 -0.061557
vn -0.839222 0.51567 -0.172601
vn -0.904537 0.359945 -0.228588
vn -0.946282 0.323342 -0.000816
vn -0.688761 0.423601 0.588362
vn -0.445265 0.478741 0.756668
vn -0.797346 0.366307 0.479644
vn -0.935288 0.258897 0.241267
vn -0.947252 0.22175 -0.231388
vn -0.941497 0.216508 -0.258277
vn -0.898108 0.33777 -0.281627
vn -0.800657 0.524919 -0.288806
vn -0.8351 0.479453 -0.269689
vn -0.885127 0.434064 -0.167747
vn -0.891535 0.450897 0.043088
vn -0.753452 0.578356 0.312753
vn -0.839693 0.516869 0.16662
vn -0.94995 0.311887 -0.017925
vn -0.990244 0.057892 -0.126749
vn -0.92506 0.026287 -0.37891
vn -0.871577 0.43134 -0.233021
vn 0.610384 -0.765216 -0.204638
vn 0.306472 -0.521384 -0.796388
vn 0.535782 -0.015622 -0.844212
vn 0.833497 0.249944 -0.492758
vn 0.2268 -0.860874 -0.455476
vn 0.954827 0.26973 0.124703
vn 0.794648 -0.016987 0.606833
vn 0.585027 -0.353989 0.729681
vn 0.474878 -0.687189 0.549783
vn 0.347888 -0.920514 0.177842
vn 0.287861 -0.944366 -0.159089
vn -0.078067 0.060358 -0.995119
vn -0.282015 -0.599169 -0.749309
vn 0.228011 0.604592 -0.763203
vn 0.428721 0.844944 -0.319794
vn -0.299127 -0.89537 -0.329903
vn 0.462331 0.813144 0.353619
vn 0.271916 0.4035 0.873641
vn 0.203209 0.167888 0.964634
vn 0.12177 -0.202516 0.971679
vn -0.104434 -0.868504 0.484555
vn -0.222864 0.150585 -0.963149
vn -0.535162 -0.436071 -0.723494
vn -0.708051 -0.645149 -0.287136
vn 0.113812 0.633111 -0.765648
vn 0.422551 0.814149 -0.398261
vn -0.65089 -0.526674 0.546769
vn 0.479827 0.774606 0.412008
vn 0.302694 0.390069 0.86961
vn 0.195905 0.190584 0.961925
vn -0.068667 -0.035768 0.996998
vn -0.232026 -0.038396 -0.971951
vn -0.540829 -0.521539 -0.659925
vn -0.698611 -0.706196 -0.115022
vn -0.712338 -0.474783 0.516871
vn 0.053817 0.33788 -0.939649
vn 0.437321 0.882344 -0.173837
vn -0.243987 -0.047777 0.968601
vn 0.383719 0.820119 0.424457
vn 0.279356 0.423273 0.861858
vn 0.061134 0.110611 0.991982
vn -0.064905 -0.099233 -0.992945
vn -0.362127 -0.637729 -0.679828
vn -0.504457 -0.863379 -0.009985
vn -0.45047 -0.725073 0.520909
vn -0.229963 -0.319017 0.919427
vn -0.116515 -0.163604 -0.979621
vn 0.349737 0.891064 -0.289291
vn -0.032084 0.005036 0.999472
vn 0.381283 0.827378 0.412394
vn 0.189033 0.413417 0.890704
vn -0.122628 -0.332821 -0.934983
vn -0.160182 -0.517467 -0.840577
vn -0.373159 -0.920995 -0.111894
vn -0.336133 -0.870877 0.358592
vn -0.163688 -0.539199 0.826118
vn -0.033631 -0.245581 0.968792
vn 0.105037 0.32883 -0.93853
vn 0.420342 0.907366 -0.000653
vn 0.230172 0.309879 0.922494
vn 0.380173 0.830235 0.40765
vn 0.011514 -0.042115 -0.999046
vn -0.147825 -0.509667 -0.847577
vn -0.226088 -0.923753 -0.309136
vn -0.208625 -0.914845 0.345736
vn -0.054066 -0.539068 0.840525
vn 0.097571 -0.115744 0.988475
vn 0.284622 0.377006 0.881395
vn 0.341095 0.862706 -0.373354
vn 0.365974 0.927838 -0.071974
vn 0.424306 0.864794 0.268508
vn -0.021061 0.080816 -0.996507
vn 0.092628 -0.243591 -0.965445
vn 0.046556 -0.883416 -0.466271
vn 0.061713 -0.872573 0.48457
vn 0.204366 -0.347947 0.914969
vn 0.290613 0.112954 0.95015
vn 0.3801 0.473471 0.794575
vn 0.476826 0.839685 0.259934
vn 0.26971 0.747736 -0.606751
vn 0.415299 0.856476 -0.306555
vn -0.072985 0.389518 -0.918122
vn -0.250486 -0.275254 -0.928166
vn -0.341336 -0.843261 -0.415212
vn -0.036085 -0.818392 0.573526
vn 0.258786 -0.302255 0.917427
vn 0.446891 0.182975 0.875676
vn 0.470131 0.565559 0.677584
vn 0.462298 0.853032 0.242109
vn 0.390485 0.858624 -0.332094
vn 0.19507 0.640047 -0.74316
vn -0.759196 0.555141 -0.339765
vn -0.867216 -0.277315 -0.413561
vn -0.880426 -0.461616 -0.108444
vn -0.691114 -0.524403 0.497356
vn -0.209319 -0.291965 0.933243
vn 0.302866 0.217317 0.927925
vn 0.521633 0.62183 0.584146
vn 0.555262 0.820867 0.133647
vn 0.365857 0.902294 -0.228067
vn 0.005393 0.99957 -0.028808
vn -0.536141 0.480623 0.693941
vn -0.846527 -0.185352 0.499036
vn -0.965008 -0.088897 0.246694
vn -0.967345 -0.124141 0.22098
vn -0.858547 -0.157054 0.48809
vn -0.567388 0.234243 0.789431
vn -0.077864 0.828103 0.555142
vn 0.12039 0.983026 0.138445
vn 0.098684 0.964109 -0.246485
vn -0.265462 0.93664 0.228552
vn -0.875603 0.432238 0.215614
vn 0.757418 -0.648034 -0.079809
vn 0.589175 -0.402925 -0.700374
vn 0.812189 0.111024 -0.572733
vn 0.933513 0.151247 -0.32508
vn 0.245592 -0.923047 -0.296088
vn 0.984298 0.167992 -0.054188
vn 0.97518 0.161173 0.151816
vn 0.819606 -0.290207 0.49399
vn 0.368462 -0.75854 0.537451
vn 0.216281 -0.928445 0.302013
vn 0.19169 -0.981433 -0.006711
vn 0.120975 0.169704 -0.978042
vn -0.164259 -0.394726 -0.903997
vn 0.39908 0.322491 -0.858333
vn 0.66281 0.614439 -0.427958
vn -0.374557 -0.90669 -0.19396
vn 0.740094 0.653954 0.15686
vn 0.626289 0.398444 0.670077
vn 0.378812 -0.035307 0.9248
vn 0.111908 -0.440718 0.890642
vn -0.195457 -0.819976 0.537993
vn 0.055233 -0.122276 -0.990958
vn -0.39073 -0.242529 -0.887981
vn -0.785115 -0.508684 -0.353321
vn 0.368452 0.325689 -0.870729
vn 0.525847 0.744094 -0.412079
vn -0.627362 -0.583669 0.515507
vn 0.573706 0.779364 0.251898
vn 0.449763 0.440894 0.77674
vn 0.213381 0.057538 0.975273
vn -0.172017 -0.302123 0.93762
vn -0.018761 -0.29026 -0.956764
vn -0.407584 -0.687705 -0.60078
vn -0.627048 -0.763769 -0.15319
vn -0.621413 -0.664714 0.41473
vn 0.290619 0.514827 -0.806532
vn 0.431949 0.832417 -0.347133
vn -0.365533 -0.381781 0.848899
vn 0.481413 0.832171 0.275197
vn 0.330249 0.462014 0.823091
vn 0.002878 -0.015222 0.99988
vn -0.211032 0.226035 -0.950986
vn -0.472335 -0.709166 -0.523435
vn -0.483304 -0.871044 -0.0877439
vn -0.419849 -0.840075 0.343513
vn -0.294117 -0.568542 0.768281
vn 0.052497 0.567227 -0.821887
vn 0.346222 0.876553 -0.334342
vn -0.096916 -0.200065 0.974978
vn 0.410732 0.864616 0.289375
vn 0.237026 0.428041 0.872124
vn -0.225047 0.012681 -0.974265
vn -0.39635 -0.727592 -0.559926
vn -0.349716 -0.936722 -0.015817
vn -0.319203 -0.924248 0.209465
vn -0.17813 -0.686367 0.705103
vn 0.012665 -0.273103 0.961901
vn 0.067703 0.352045 -0.933531
vn 0.367293 0.826968 -0.425699
vn 0.287264 0.341772 0.894802
vn 0.447603 0.837737 0.312808
vn -0.09032 -0.291841 -0.952193
vn -0.195691 -0.788663 -0.582851
vn -0.134996 -0.990846 -0.000914
vn -0.125059 -0.950504 0.284432
vn -0.009199 -0.655643 0.755015
vn 0.180497 -0.134932 0.974276
vn 0.389707 0.459139 0.798323
vn 0.162767 0.354981 -0.920595
vn 0.39609 0.811596 -0.429446
vn 0.476234 0.846978 0.236281
vn 0.018062 -0.007192 -0.999811
vn -0.120728 -0.697653 -0.706191
vn -0.081007 -0.983951 -0.158994
vn -0.01401 -0.913443 0.406726
vn 0.0905471 -0.516956 0.851209
vn 0.25096 0.022108 0.967745
vn 0.446512 0.5392 0.714066
vn 0.521823 0.836576 0.166859
vn 0.217298 0.477283 -0.851459
vn 0.434675 0.814961 -0.38327
vn -0.00853 0.127872 -0.991754
vn -0.172905 -0.420594 -0.89062
vn -0.269659 -0.916846 -0.294411
vn -0.157579 -0.847859 0.506264
vn 0.003527 -0.347164 0.937798
vn 0.135866 0.113286 0.984229
vn 0.315245 0.550219 0.773227
vn 0.451306 0.864539 0.221123
vn 0.395817 0.822686 -0.408065
vn 0.173356 0.463762 -0.868834
vn -0.2288 0.197105 -0.95331
vn -0.63675 0.042667 -0.769889
vn -0.921274 -0.217408 -0.322472
vn -0.778109 -0.225619 0.58621
vn -0.293892 0.022732 0.955568
vn -0.092872 0.24093 0.966089
vn -0.0145 0.549618 0.83529
vn 0.059942 0.928889 0.365474
vn 0.088725 0.968372 -0.233204
vn 0.011158 0.58371 -0.811886
vn -0.752835 0.380585 -0.537023
vn -0.98318 0.111533 -0.144626
vn -0.950087 0.291459 0.111292
vn -0.848623 0.496772 0.181817
vn -0.67269 0.494564 0.550359
vn -0.53414 0.404165 0.742526
vn -0.500617 0.453525 0.737359
vn -0.50991 0.717553 0.474457
vn -0.49172 0.855164 0.164029
vn -0.489845 0.857921 -0.154995
vn -0.822218 0.423251 0.380547
vn 0.940294 -0.239449 -0.241891
vn 0.394722 -0.315949 -0.862769
vn 0.437972 -0.111976 -0.891988
vn 0.702622 0.270386 -0.65819
vn 0.348739 -0.475332 -0.807738
vn 0.888227 0.386463 0.248392
vn 0.718708 0.019528 0.695038
vn 0.708295 -0.063699 0.703036
vn 0.716823 -0.239874 0.654695
vn 0.635119 -0.708364 0.307968
vn 0.469591 -0.764041 -0.442409
vn -0.145305 -0.050044 -0.98812
vn -0.142999 -0.587466 -0.796514
vn 0.006473 0.455692 -0.890114
vn 0.253392 0.887928 -0.383897
vn -0.04199 -0.932887 -0.357714
vn 0.40174 0.831678 0.383297
vn 0.349926 0.359564 0.865023
vn 0.212677 -0.02395 0.976829
vn 0.113593 -0.451498 0.885012
vn 0.138417 -0.881804 0.450846
vn -0.426176 0.130668 -0.895154
vn -0.566372 -0.347284 -0.747407
vn -0.565279 -0.743811 -0.356658
vn -0.137757 0.481469 -0.86557
vn 0.167735 0.910147 -0.378812
vn -0.31505 -0.804777 0.503068
vn 0.272346 0.88152 0.385681
vn 0.128171 0.37821 0.916804
vn -0.033995 0.005368 0.999408
vn -0.019804 -0.215873 0.976221
vn -0.389724 -0.090759 -0.916449
vn -0.56344 -0.362439 -0.74241
vn -0.656954 -0.70208 -0.274766
vn -0.607366 -0.721083 0.333386
vn -0.164154 0.348792 -0.922712
vn 0.142477 0.898145 -0.415975
vn -0.196123 -0.287993 0.937334
vn 0.277136 0.854459 0.439426
vn 0.114016 0.250486 0.961383
vn -0.003032 -0.047746 0.998855
vn -0.325909 -0.206359 -0.922605
vn -0.401179 -0.465983 -0.788616
vn -0.455897 -0.829513 -0.322592
vn -0.389889 -0.901495 0.187866
vn -0.140381 -0.625498 0.767493
vn -0.181417 0.153243 -0.971393
vn 0.160343 0.797599 -0.581487
vn 0.121005 -0.169551 0.978065
vn 0.362232 0.826843 0.430254
vn 0.261912 0.247977 0.932689
vn -0.141839 -0.216592 -0.965904
vn -0.219798 -0.520111 -0.825332
vn -0.260711 -0.919292 -0.294842
vn -0.192399 -0.942502 0.273264
vn -0.042271 -0.676132 0.735567
vn 0.168314 -0.158349 0.972932
vn -0.016951 0.176184 -0.984211
vn 0.278525 0.823721 -0.49387
vn 0.342737 0.374965 0.861355
vn 0.423232 0.848897 0.31662
vn -0.04674 -0.063675 -0.996876
vn -0.101192 -0.519802 -0.848272
vn -0.101046 -0.95159 -0.290287
vn 0.020395 -0.885115 0.464926
vn 0.158386 -0.452141 0.877771
vn 0.239698 -0.016762 0.970703
vn 0.326674 0.398038 0.857234
vn 0.073107 0.413843 -0.907408
vn 0.279109 0.866801 -0.413224
vn 0.39379 0.856433 0.333845
vn -0.01807 0.089338 -0.995837
vn -0.0986031 -0.415026 -0.90445
vn -0.084011 -0.937057 -0.338918
vn 0.080387 -0.864358 0.496411
vn 0.238587 -0.310368 0.920189
vn 0.310827 0.129132 0.941654
vn 0.357335 0.486037 0.797546
vn 0.371204 0.870392 0.323458
vn 0.101139 0.525146 -0.844981
vn 0.263684 0.895658 -0.358144
vn -0.050378 0.209521 -0.976506
vn -0.050681 -0.330265 -0.942527
vn 0.009214 -0.917616 -0.39736
vn 0.114186 -0.844187 0.523746
vn 0.19384 -0.251075 0.94836
vn 0.273087 0.185139 0.944006
vn 0.299018 0.525963 0.79621
vn 0.280971 0.895794 0.344397
vn 0.174787 0.934228 -0.310914
vn 0.015502 0.599337 -0.800347
vn -0.344616 0.318122 -0.883198
vn -0.607061 -0.143418 -0.781606
vn -0.658976 -0.687065 -0.306093
vn -0.415212 -0.701685 0.578997
vn -0.10728 -0.127374 0.986036
vn -0.042637 0.192194 0.98043
vn -0.026915 0.478601 0.87762
vn -0.093538 0.861162 0.499651
vn -0.133455 0.989106 -0.062128
vn -0.204922 0.706098 -0.677814
vn -0.861444 0.374808 -0.342686
vn -0.94949 -0.230379 -0.21306
vn -0.94312 -0.302245 0.138467
vn -0.932745 -0.198311 0.301098
vn -0.729714 -0.040785 0.682535
vn -0.564159 0.107867 0.81859
vn -0.554696 0.200659 0.807495
vn -0.625265 0.428852 0.652019
vn -0.627724 0.631191 0.455588
vn -0.579572 0.781425 0.231239
vn -0.826054 -0.048912 0.561465
vn 0.813131 -0.434858 -0.386931
vn 0.38598 -0.352824 -0.85237
vn 0.570194 0.473874 -0.67106
vn 0.704549 0.545106 -0.454389
vn 0.21505 -0.886778 -0.409119
vn 0.791779 0.576547 -0.201691
vn 0.843804 0.535136 0.040305
vn 0.929059 -0.125725 0.347913
vn 0.385153 -0.904145 0.184877
vn 0.291882 -0.956453 -0.001497
vn 0.248536 -0.961345 -0.118516
vn -0.099587 0.241942 -0.965167
vn -0.13924 -0.74917 -0.647578
vn 0.285736 0.665383 -0.689652
vn 0.517431 0.774578 -0.363724
vn -0.008298 -0.975075 -0.221722
vn 0.601378 0.798944 0.005719
vn 0.603849 0.662072 0.443877
vn 0.426163 -0.011012 0.90458
vn 0.195155 -0.688129 0.698851
vn 0.101398 -0.96322 0.24885
vn -0.312136 0.28813 -0.905291
vn -0.464892 -0.375227 -0.801923
vn -0.424689 -0.838121 -0.342334
vn 0.071835 0.611785 -0.787756
vn 0.350546 0.871801 -0.34217
vn -0.196244 -0.834948 0.514149
vn 0.471412 0.862878 0.182243
vn 0.426419 0.594794 0.68146
vn 0.117229 0.122839 0.985479
vn 0.0529 -0.272892 0.960589
vn -0.206609 -0.007079 -0.978398
vn -0.565578 -0.213 -0.796713
vn -0.913144 -0.288066 -0.288421
vn -0.610489 -0.473805 0.634675
vn 0.05836 0.57693 -0.814706
vn 0.210446 0.916575 -0.340004
vn 0.056382 -0.535853 0.842426
vn 0.332437 0.910926 0.244335
vn 0.355152 0.491722 0.795032
vn 0.301549 -0.053968 0.951922
vn -0.200683 0.148168 -0.968387
vn -0.36699 -0.673 -0.642176
vn -0.665522 -0.740265 -0.0953261
vn -0.727034 -0.553142 0.406761
vn -0.078836 -0.708064 0.701734
vn -0.09553 0.637794 -0.76426
vn 0.153629 0.951287 -0.267305
vn 0.565356 -0.138957 0.813058
vn 0.288316 0.943281 0.164604
vn 0.461192 0.778521 0.425683
vn -0.29247 0.050637 -0.954933
vn -0.348113 -0.613135 -0.709143
vn -0.233966 -0.962592 -0.136661
vn -0.206353 -0.975743 0.073097
vn -0.145275 -0.763961 0.628696
vn 0.0836 -0.202497 0.975708
vn -0.027494 0.50749 -0.861219
vn 0.201907 0.909235 -0.36404
vn 0.360799 0.657883 0.66107
vn 0.30334 0.951185 0.056843
vn -0.093798 -0.029139 -0.995165
vn -0.143501 -0.655005 -0.741873
vn -0.059177 -0.97988 -0.190615
vn -0.044067 -0.997652 0.05243
vn 0.070014 -0.696058 0.714564
vn 0.127407 0.047769 0.9907
vn 0.260073 0.373055 0.890613
vn 0.063476 0.476598 -0.876827
vn 0.277322 0.904941 -0.322761
vn 0.371918 0.9272 0.044464
vn -0.051528 0.076841 -0.995711
vn -0.113443 -0.477726 -0.871154
vn -0.084445 -0.9115 -0.402539
vn 0.09154 -0.95159 0.293424
vn 0.272241 -0.360516 0.89214
vn 0.285098 0.106891 0.95252
vn 0.299062 0.356512 0.885133
vn 0.37574 0.923522 0.07699
vn 0.128237 0.66331 -0.737275
vn 0.327177 0.911136 -0.250572
vn -0.671335 0.55893 -0.48673
vn -0.640729 -0.474286 -0.603754
vn -0.433724 -0.834115 -0.340787
vn -0.185946 -0.794981 0.577433
vn 0.225802 -0.126547 0.965919
vn 0.362451 0.265431 0.893407
vn 0.38756 0.477488 0.788544
vn 0.371946 0.832967 0.409661
vn 0.247925 0.914727 -0.319074
vn 0.067587 0.945706 -0.317919
vn -0.271846 0.409947 0.870657
vn -0.67226 -0.035597 0.739459
vn -0.951146 0.029815 0.307297
vn -0.669667 0.201445 0.714819
vn 0.033488 0.155336 0.987294
vn 0.234401 0.219746 0.946978
vn 0.297094 0.549416 0.780946
vn 0.229511 0.876312 0.423559
vn 0.125601 0.991296 0.039458
vn -0.040964 0.981825 0.185313
vn -0.193711 0.394554 0.898222
vn -0.337708 0.185956 0.922699
vn -0.526055 0.529579 0.665441
vn -0.505364 0.770027 0.389442
vn -0.229749 0.619326 0.750767
vn -0.082659 0.441107 0.89364
vn -0.061562 0.492396 0.868192
vn -0.114689 0.791132 0.600796
vn -0.188672 0.903162 0.385617
vn -0.192425 0.761757 0.618626
vn -0.408719 0.577231 0.706933
vn 0.571515 0.81513 0.094524
vn 0.702364 0.398353 0.589915
vn 0.998413 -0.052018 -0.021578
vn 0.334423 0.341402 -0.878411
vn 0.209405 0.535249 0.818327
vn -0.3903 0.910663 0.135497
vn -0.49665 0.434827 -0.751175
vn 0.86631 0.191269 0.461435
vn 0.283313 0.519134 0.806371
vn 0.772965 0.014811 -0.634276
vn -0.450939 0.078394 -0.889106
vn 0.111883 0.544584 0.83121
vn -0.523999 0.792418 0.312248
vn -0.624837 0.182304 -0.759173
vn 0.997544 -0.031505 -0.062559
vn 0.87047 0.085329 0.484768
vn 0.668229 0.35908 0.65156
vn 0.516793 0.418428 0.746889
vn 0.088418 0.335041 0.938046
vn 0.18128 0.398565 0.899046
vn 0.402504 -0.148985 -0.903213
vn -0.483518 -0.110578 -0.868322
vn -0.094646 0.522212 0.847548
vn -0.908173 0.397555 -0.131042
vn -0.494547 0.062056 -0.866933
vn 0.974547 -0.221549 0.034271
vn 0.835662 0.07799 0.543679
vn 0.390985 0.236371 0.889528
vn 0.217554 0.362634 0.906183
vn 0.165207 0.41958 0.892558
vn 0.025774 0.005521 -0.999653
vn -0.501962 0.040591 -0.863937
vn -0.562751 0.447935 0.694742
vn -0.994601 0.08362 0.061452
vn -0.923883 0.284523 -0.255904
vn -0.36893 0.242573 -0.897245
vn -0.22651 0.036969 -0.973307
vn 0.249277 -0.870116 -0.425158
vn 0.756646 -0.653825 -0.00042
vn 0.646446 -0.491363 0.583669
vn 0.391733 -0.087521 0.915907
vn 0.316986 0.154118 0.935824
vn -0.058554 0.045483 0.997248
vn -0.503951 -0.350079 -0.789606
vn -0.400096 -0.241572 -0.884062
vn -0.924555 -0.205119 0.32113
vn -0.971996 -0.076862 0.222072
vn -0.951559 -0.307439 0.00405
vn -0.766316 -0.45328 -0.455298
vn 0.017429 -0.435814 -0.899868
vn 0.057767 -0.399279 -0.915008
vn 0.087947 -0.975178 -0.203207
vn -0.216118 -0.911849 -0.349035
vn 0.42966 -0.867397 0.251029
vn 0.4413 -0.673928 0.592516
vn 0.282558 -0.612623 0.738143
vn -0.455667 -0.846829 0.274315
vn -0.182777 -0.885983 -0.426178
vn -0.181382 -0.950204 -0.253402
vn 0.031241 -0.999364 -0.017213
vn 0.537778 -0.236703 -0.809176
vn 0.509212 -0.204971 -0.835877
vn 0.987558 0.07445 -0.138516
vn 0.27717 -0.911017 0.305327
vn -0.058244 -0.122509 -0.990757
vn -0.455145 -0.783057 -0.42387
vn 0.417923 -0.444831 -0.792128
vn -0.197265 -0.523671 -0.828767
vn 0.762247 0.143761 -0.631119
vn 0.896425 0.418682 -0.145355
vn 0.828806 0.559427 0.011054
vn 0.85021 0.486569 0.200983
vn 0.852998 0.208173 0.4786
vn 0.375524 -0.577666 0.724765
vn -0.291807 -0.764664 0.574575
vn 0.046968 -0.734017 -0.677505
vn 0.018333 -0.284003 -0.958648
vn -0.146168 -0.306625 -0.94054
vn -0.05034 -0.514949 -0.855741
vn 0.341716 0.791723 -0.506364
vn 0.399739 0.914883 0.056549
vn 0.299201 0.77718 0.553598
vn 0.217008 0.377 0.900432
vn -0.110284 -0.207595 0.971978
vn -0.235287 -0.576559 0.782444
vn 0.010071 -0.724173 0.689545
vn -0.520265 -0.841837 0.143648
vn -0.467848 -0.187208 -0.863754
vn -0.50296 -0.357672 -0.786831
vn -0.109918 -0.12906 -0.985526
vn -0.413431 -0.270199 -0.869521
vn -0.159386 0.565362 -0.809297
vn -0.207057 0.968607 0.137582
vn -0.156345 0.964106 0.214606
vn -0.313366 0.562337 0.765231
vn -0.254336 0.103424 0.96157
vn -0.208631 -0.413363 0.886343
vn -0.511419 -0.412336 0.753943
vn -0.982915 0.049306 0.177336
vn -0.827232 0.560114 -0.04427
vn -0.681595 0.669619 0.295023
vn -0.627347 0.133914 0.767139
vn 0.683298 0.671797 -0.285995
vn -0.170877 0.440253 -0.881464
vn 0.021422 0.999689 0.012761
vn 0.698771 0.70301 -0.13227
vn 0.418651 -0.140115 -0.897273
vn 0.998453 -0.046316 -0.030757
vn -0.252358 0.20346 -0.946002
vn -0.521307 -0.167299 -0.836809
vn -0.369901 0.364286 -0.854675
vn -0.869444 0.331706 -0.366112
vn -0.816315 0.309358 0.487778
vn 0.146978 0.364055 0.919707
vn 0.220982 0.419442 0.880475
vn 0.02128 0.251792 0.967547
vn 0.566976 0.30003 0.76715
vn 0.884799 0.464479 0.037274
vn 0.746868 -0.427447 -0.509389
vn -0.280055 -0.219683 -0.93451
vn 0.818662 -0.349328 0.455809
vn 0.874491 -0.361833 0.32302
vn -0.091651 -0.078347 -0.992704
vn -0.004862 -0.124653 -0.992189
vn -0.222835 0.014597 -0.974747
vn -0.679008 -0.24537 -0.691911
vn -0.891638 -0.193635 -0.409252
vn -0.934708 -0.230615 0.27044
vn -0.118237 -0.234708 0.964848
vn 0.213544 -0.167669 0.962438
vn 0.134881 -0.29735 0.945193
vn 0.299971 -0.430956 0.851055
vn 0.319843 -0.731376 -0.602321
vn -0.148806 -0.348951 -0.925251
vn 0.422493 -0.398962 0.813836
vn 0.488132 -0.324781 0.810089
vn 0.550841 -0.625515 0.552544
vn -0.091675 -0.092979 -0.991439
vn -0.727411 -0.208917 -0.653626
vn -0.887973 -0.156427 -0.432476
vn -0.613611 -0.243928 0.750987
vn 0.153572 -0.080212 0.984877
vn 0.352794 -0.179867 0.918251
vn 0.050486 -0.997033 -0.058102
vn -0.413079 -0.457901 -0.787206
vn 0.473647 -0.350873 0.807804
vn -0.748545 -0.611376 -0.256709
vn -0.081203 -0.567294 0.819502
vn -0.800049 0.599748 0.014984
vn -0.144771 0.564865 -0.812385
vn -0.919503 0.388582 -0.059322
vn -0.836206 0.425326 0.346205
vn -0.574357 0.700487 -0.423593
vn -0.762553 0.453363 0.461491
vn -0.771091 0.600335 0.212171
vn -0.502215 0.302967 -0.809933
vn 0.06546 0.457209 -0.886947
vn -0.935378 0.319088 0.152481
vn -0.941394 0.069128 0.330149
vn -0.601565 0.304122 0.738667
vn -0.163029 0.986268 0.026396
vn -0.083496 0.841731 -0.533401
vn -0.208056 0.322686 -0.923356
vn -0.102738 0.225281 0.968862
vn -0.183663 0.470903 0.862855
vn -0.282058 0.883875 0.373105
vn -0.686154 -0.723998 -0.070857
vn 0.276791 0.270382 -0.922107
vn 0.043218 -0.537871 -0.841918
vn -0.288976 -0.916661 -0.27609
vn -0.044715 0.188916 -0.980975
vn -0.318802 -0.946228 -0.054935
vn -0.49655 -0.572823 0.652159
vn 0.071537 0.105403 0.991853
vn 0.383935 0.842407 -0.378081
vn 0.252744 0.967531 -0.001875
vn 0.433616 0.471202 -0.768079
vn 0.317507 0.265045 -0.910462
vn 0.269524 0.109912 0.956701
vn 0.326848 0.198119 0.924077
vn 0.259947 0.737585 0.623214
vn -0.14851 -0.984417 0.094175
vn -0.060347 -0.99732 -0.041365
vn 0.040143 -0.299896 -0.953127
vn -0.069962 -0.966282 -0.247799
vn 0.173827 0.058957 -0.98301
vn -0.138496 -0.987122 -0.080051
vn -0.170259 -0.985292 0.014543
vn -0.064391 -0.264135 0.962334
vn 0.335197 0.0789 0.938839
vn -0.069691 0.319087 -0.94516
vn 0.612538 0.37685 -0.694824
vn 0.63013 0.759734 0.160437
vn -0.48721 0.226215 -0.843477
vn 0.584938 0.373812 -0.7198
vn 0.794132 0.034438 0.606769
vn 0.808556 0.093233 0.580986
vn 0.774327 0.349994 0.527183
vn -0.02158 -0.670466 -0.741627
vn -0.006865 -0.999102 -0.041808
vn 0.51382 0.171762 -0.840528
vn 0.035588 -0.993476 -0.108347
vn 0.023413 -0.973704 -0.226612
vn 0.164536 -0.858266 0.486115
vn 0.804155 -0.553893 0.215724
vn 0.969298 0.04063 -0.24251
vn 0.6255 -0.622246 -0.470701
vn 0.59829 -0.785865 -0.156417
vn 0.582369 -0.78875 -0.196772
vn 0.981562 -0.073829 0.176312
vn 0.584081 0.587982 0.559578
vn 0.419096 -0.104976 0.901853
vn 0.776146 -0.492676 0.393533
vn 0.946196 0.32357 -0.003939
vn 0.978292 -0.073998 -0.193567
vn 0.873601 -0.467954 -0.133568
vn -0.308881 0.429646 0.848526
vn 0.372866 0.878443 0.298844
vn -0.038468 0.890371 0.453607
vn -0.687006 0.210292 0.695558
vn -0.492236 -0.038773 0.869598
vn 0.148434 -0.519244 0.841637
vn 0.487796 -0.559518 0.670071
vn 0.66046 -0.746556 0.0802841
vn 0.971621 -0.004665 -0.236496
vn 0.740167 0.662555 -0.114775
vn 0.933737 -0.268095 -0.237193
vn 0.653361 -0.665506 -0.360862
vn 0.754707 -0.51916 -0.40111
vn -0.342207 0.793873 0.502653
vn -0.851988 0.265648 0.451162
vn -0.964165 -0.12683 0.233025
vn -0.160033 0.986003 0.046774
vn -0.129906 0.987841 0.085407
vn -0.951826 0.235985 0.195802
vn -0.555301 -0.585347 0.59077
vn 0.096055 -0.896072 0.433392
vn 0.077373 -0.970239 -0.229457
vn 0.810929 -0.269005 -0.519644
vn 0.784794 0.256711 -0.564091
vn 0.056944 0.93527 -0.349323
vn 0.014718 -0.852611 -0.522339
vn 0.581266 -0.586425 -0.564123
vn -0.61885 0.745611 0.247161
vn -0.924842 0.213716 0.314631
vn -0.89169 -0.010304 0.452529
vn -0.362758 0.925901 -0.105422
vn -0.534459 0.843318 -0.056297
vn -0.852255 0.235758 0.466991
vn -0.942002 -0.161559 0.294163
vn -0.372572 -0.921378 -0.11069
vn -0.575707 -0.747133 -0.332195
vn 0.609296 -0.474253 -0.635486
vn 0.64081 0.142191 -0.754417
vn 0.046106 0.830166 -0.555606
vn -0.665347 -0.719483 -0.199142
vn -0.031371 -0.814775 -0.578928
vn 0.293077 -0.726272 -0.6218
vn -0.805129 0.317842 0.500743
vn -0.786658 -0.007853 0.617339
vn -0.379269 0.912155 -0.155332
vn -0.435081 0.89799 -0.065717
vn -0.923494 -0.366277 0.114018
vn 0.44846 -0.079334 -0.890275
vn 0.194158 -0.752063 -0.629845
vn 0.10437 0.559754 -0.82206
vn -0.320844 0.831457 -0.453585
vn -0.827925 -0.469569 0.306668
vn -0.412233 -0.846118 -0.337858
vn -0.836778 0.460014 0.296969
vn -0.919257 0.199082 -0.339607
vn -0.156941 -0.081683 -0.984224
vn -0.986146 -0.069031 0.150835
vn -0.796345 0.386896 0.464915
vn -0.92655 0.376171 0.000259
vn -0.84995 -0.19461 -0.489605
vn -0.548837 0.442906 0.708952
vn -0.83498 -0.331132 0.439499
vn -0.636324 -0.758278 -0.141799
vn -0.58881 -0.660359 -0.466077
vn -0.857251 0.489605 0.159396
vn -0.728508 0.372429 0.574955
vn -0.590381 0.272545 0.759717
vn -0.876884 0.431899 -0.21104
vn -0.79887 0.207025 -0.564755
vn -0.568174 -0.299759 -0.76637
vn -0.436595 0.176548 0.882165
vn -0.291971 -0.017357 0.95627
vn -0.342839 -0.865663 0.364814
vn -0.436175 -0.890804 -0.127356
vn -0.357703 -0.890705 -0.280523
vn -0.484586 -0.776338 -0.403083
vn -0.543158 -0.44358 -0.712893
vn -0.667372 0.561917 -0.488738
vn -0.654462 0.755313 -0.034367
vn -0.69563 0.638208 0.329834
vn -0.497417 0.575357 0.649262
vn -0.318729 0.350513 0.880655
vn -0.261279 0.33822 0.904069
vn -0.463076 0.205845 -0.862084
vn -0.264353 -0.351448 -0.89811
vn -0.32125 -0.166763 -0.932196
vn -0.116397 0.298299 0.947349
vn -0.104324 0.044868 0.993531
vn -0.071837 -0.577569 0.813175
vn 0.012109 -0.999878 -0.009886
vn 0.026006 -0.974218 -0.224105
vn 0.016297 -0.920222 -0.391057
vn -0.077601 -0.914226 -0.397704
vn -0.170534 -0.897122 -0.407541
vn -0.485731 -0.540502 -0.686966
vn -0.38785 -0.210998 -0.897247
vn -0.416411 0.803962 -0.424555
vn -0.267032 0.390023 -0.881236
vn -0.385701 0.891091 0.239149
vn -0.264699 0.57432 0.774656
vn -0.028976 0.333962 0.942141
vn -0.113788 0.009332 -0.993461
vn -0.164549 -0.096982 -0.98159
vn 0.091365 0.334002 0.938134
vn 0.015822 0.116149 0.993106
vn 0.431548 -0.328704 0.840071
vn 0.369147 -0.924847 0.091592
vn 0.416475 -0.854508 -0.310426
vn 0.258574 -0.902515 -0.344394
vn 0.140569 -0.971699 -0.189844
vn -0.068667 -0.730137 -0.679842
vn -0.405971 -0.068213 -0.911337
vn -0.396043 0.088495 -0.913958
vn -0.076727 0.996653 0.028205
vn -0.184949 0.832569 -0.522133
vn -0.237212 0.454388 -0.85864
vn -0.156786 0.160362 -0.974527
vn -0.012555 0.983511 0.180412
vn -0.092188 0.805796 0.584974
vn -0.223844 0.095894 0.969896
vn 0.066888 0.192781 0.978959
vn -0.219758 0.048662 -0.97434
vn 0.266706 0.233716 0.93501
vn 0.689629 -0.416707 0.592256
vn 0.714145 -0.699916 -0.010663
vn 0.41854 -0.903228 -0.09489
vn 0.334804 -0.919119 -0.207669
vn 0.428757 -0.777122 -0.460705
vn 0.206297 -0.315223 -0.926324
vn -0.162495 0.105982 -0.981001
vn 0.19942 0.91492 -0.350932
vn 0.284772 0.956202 0.06769
vn 0.295963 0.946943 0.125322
vn -0.018864 0.571991 -0.820043
vn -0.268566 0.309092 -0.912324
vn 0.292408 0.956166 0.015613
vn -0.219507 0.4044 0.88785
vn -0.238557 -0.319535 0.917054
vn -0.007096 -0.283842 0.958845
vn 0.270033 0.118105 0.95558
vn 0.168265 -0.332472 -0.927981
vn -0.264778 -0.258232 -0.92909
vn 0.494302 -0.391072 0.776356
vn 0.494657 -0.864099 0.092994
vn 0.437355 -0.894882 0.088915
vn 0.336193 -0.936025 0.104076
vn 0.363796 -0.911001 -0.194243
vn 0.363169 -0.704638 -0.609585
vn 0.359401 0.929981 -0.077242
vn 0.195072 0.818916 -0.539744
vn 0.376816 0.918992 0.116029
vn 0.174404 0.971656 -0.159586
vn -0.058959 0.752721 -0.655694
vn -0.265286 0.367917 -0.891213
vn -0.069917 0.985359 0.155498
vn -0.089289 0.198668 0.975991
vn -0.17937 -0.410779 0.893917
vn -0.235107 -0.241834 0.941404
vn -0.168921 -0.599191 0.782583
vn 0.182278 -0.749917 0.635924
vn 0.3451 -0.758699 0.552523
vn 0.258269 -0.668192 -0.697722
vn 0.082503 -0.611868 -0.786645
vn 0.30549 -0.949461 -0.072105
vn 0.248336 -0.948808 0.195175
vn 0.256999 -0.944234 0.205849
vn 0.297271 -0.949686 -0.098624
vn 0.283821 -0.756748 -0.588879
vn -0.028865 0.97728 0.209977
vn -0.11608 0.929412 -0.350313
vn 0.039039 0.991355 0.125266
vn -0.051 0.9984 -0.024438
vn -0.150194 0.898608 -0.412244
vn 0.060323 0.994482 -0.085834
vn -0.203893 0.791353 -0.576358
vn 0.118636 0.17057 -0.978178
vn 0.052031 0.922857 0.381612
vn 0.394822 0.738018 0.547215
vn 0.516909 0.108559 0.849129
vn 0.345979 -0.460564 0.817423
vn 0.258167 -0.886491 0.384035
vn 0.323843 -0.895571 0.305089
vn 0.556644 -0.644903 0.523686
vn 0.311243 -0.900905 0.302485
vn -0.06854 -0.639472 -0.765753
vn 0.221628 -0.707431 -0.671136
vn 0.243248 -0.58923 -0.770479
vn 0.20478 -0.968326 0.142866
vn 0.206238 -0.976286 0.065819
vn 0.066892 -0.926122 -0.371245
vn -0.303331 0.950805 0.062926
vn -0.026055 0.993723 -0.108794
vn 0.059604 0.81444 -0.577179
vn 0.041705 0.658166 -0.751717
vn -0.187221 0.980654 0.057154
vn 0.153372 0.98755 0.034949
vn 0.629491 0.766805 -0.125505
vn 0.426604 -0.353788 -0.832372
vn 0.037471 0.358708 -0.932697
vn 0.833664 0.45762 0.309173
vn 0.823971 0.327247 0.462581
vn 0.676169 -0.734477 0.057785
vn 0.635319 -0.656345 0.406917
vn 0.829745 -0.553027 0.075393
vn 0.290476 -0.778958 -0.555741
vn -0.057142 -0.076641 -0.99542
vn 0.058882 -0.194126 -0.979208
vn 0.682013 -0.723326 -0.107973
vn -0.096631 0.987844 -0.121768
vn -0.050484 0.900427 -0.432067
vn 0.0655 0.985393 0.157198
vn 0.293665 0.890826 0.346685
vn 0.832816 -0.172685 -0.525925
vn 0.625241 -0.054975 -0.778493
vn 0.137076 0.478322 -0.867421
vn 0.863763 0.335662 0.375826
vn 0.983743 -0.065256 0.167304
vn 0.860182 -0.054485 -0.507068
vn 0.899958 -0.056293 -0.432327
vn 0.984765 -0.062872 -0.162129
vn 0.989422 -0.127051 -0.070014
vn -0.345512 0.936525 0.059519
vn 0.53345 0.673291 -0.511967
vn 0.906827 0.416791 -0.062853
# 1000 normals
usemtl Material__1
f  1//1 2//2 3//3
f  1//1 3//3 4//4
f  1//1 5//5 2//2
f  1//1 4//4 6//6
f  1//1 6//6 7//7
f  1//1 7//7 8//8
f  1//1 8//8 9//9
f  1//1 9//9 10//10
f  1//1 10//10 11//11
f  1//1 11//11 5//5
f  2//2 12//12 3//3
f  13//13 12//12 2//2
f  5//5 13//13 2//2
f  12//12 14//14 3//3
f  3//3 14//14 4//4
f  14//14 15//15 4//4
f  4//4 15//15 6//6
f  16//16 13//13 5//5
f  11//11 16//16 5//5
f  15//15 17//17 6//6
f  6//6 17//17 7//7
f  17//17 18//18 7//7
f  7//7 18//18 8//8
f  18//18 19//19 8//8
f  8//8 19//19 9//9
f  19//19 20//20 9//9
f  9//9 20//20 10//10
f  20//20 21//21 10//10
f  10//10 21//21 11//11
f  21//21 16//16 11//11
f  12//12 22//22 14//14
f  23//23 22//22 12//12
f  13//13 23//23 12//12
f  24//24 23//23 13//13
f  16//16 24//24 13//13
f  22//22 25//25 14//14
f  14//14 25//25 15//15
f  25//25 26//26 15//15
f  15//15 26//26 17//17
f  27//27 24//24 16//16
f  21//21 27//27 16//16
f  26//26 28//28 17//17
f  17//17 28//28 18//18
f  28//28 29//29 18//18
f  18//18 29//29 19//19
f  29//29 30//30 19//19
f  19//19 30//30 20//20
f  30//30 31//31 20//20
f  20//20 31//31 21//21
f  31//31 27//27 21//21
f  22//22 32//32 25//25
f  33//33 32//32 22//22
f  23//23 33//33 22//22
f  34//34 33//33 23//23
f  24//24 34//34 23//23
f  35//35 34//34 24//24
f  27//27 35//35 24//24
f  32//32 36//36 25//25
f  25//25 36//36 26//26
f  36//36 37//37 26//26
f  28//28 26//26 37//37
f  38//38 35//35 27//27
f  31//31 38//38 27//27
f  28//28 37//37 39//39
f  28//28 39//39 29//29
f  39//39 40//40 29//29
f  29//29 40//40 30//30
f  40//40 41//41 30//30
f  30//30 41//41 31//31
f  41//41 38//38 31//31
f  32//32 42//42 36//36
f  43//43 42//42 32//32
f  33//33 43//43 32//32
f  44//44 43//43 33//33
f  34//34 44//44 33//33
f  45//45 44//44 34//34
f  35//35 45//45 34//34
f  46//46 45//45 35//35
f  38//38 46//46 35//35
f  42//42 47//47 36//36
f  36//36 47//47 37//37
f  47//47 48//48 37//37
f  37//37 48//48 39//39
f  49//49 46//46 38//38
f  41//41 49//49 38//38
f  48//48 50//50 39//39
f  39//39 50//50 40//40
f  50//50 51//51 40//40
f  40//40 51//51 41//41
f  51//51 49//49 41//41
f  42//42 52//52 47//47
f  53//53 52//52 42//42
f  43//43 53//53 42//42
f  54//54 53//53 43//43
f  44//44 54//54 43//43
f  55//55 54//54 44//44
f  45//45 55//55 44//44
f  56//56 55//55 45//45
f  46//46 56//56 45//45
f  57//57 56//56 46//46
f  49//49 57//57 46//46
f  52//52 58//58 47//47
f  47//47 58//58 48//48
f  58//58 59//59 48//48
f  48//48 59//59 50//50
f  60//60 57//57 49//49
f  51//51 60//60 49//49
f  59//59 61//61 50//50
f  50//50 61//61 51//51
f  61//61 60//60 51//51
f  52//52 62//62 58//58
f  63//63 62//62 52//52
f  53//53 63//63 52//52
f  64//64 63//63 53//53
f  54//54 64//64 53//53
f  65//65 64//64 54//54
f  55//55 65//65 54//54
f  66//66 65//65 55//55
f  56//56 66//66 55//55
f  67//67 66//66 56//56
f  57//57 67//67 56//56
f  68//68 67//67 57//57
f  60//60 68//68 57//57
f  62//62 69//69 58//58
f  58//58 69//69 59//59
f  69//69 70//70 59//59
f  59//59 70//70 61//61
f  71//71 68//68 60//60
f  61//61 71//71 60//60
f  70//70 71//71 61//61
f  62//62 72//72 69//69
f  73//73 72//72 62//62
f  63//63 73//73 62//62
f  74//74 73//73 63//63
f  64//64 74//74 63//63
f  75//75 74//74 64//64
f  65//65 75//75 64//64
f  76//76 75//75 65//65
f  66//66 76//76 65//65
f  77//77 76//76 66//66
f  67//67 77//77 66//66
f  78//78 77//77 67//67
f  68//68 78//78 67//67
f  79//79 78//78 68//68
f  71//71 79//79 68//68
f  72//72 80//80 69//69
f  69//69 80//80 70//70
f  80//80 81//81 70//70
f  70//70 81//81 71//71
f  81//81 79//79 71//71
f  72//72 82//82 80//80
f  83//83 82//82 72//72
f  73//73 83//83 72//72
f  84//84 83//83 73//73
f  74//74 84//84 73//73
f  85//85 84//84 74//74
f  75//75 85//85 74//74
f  86//86 85//85 75//75
f  76//76 86//86 75//75
f  87//87 86//86 76//76
f  77//77 87//87 76//76
f  88//88 87//87 77//77
f  78//78 88//88 77//77
f  89//89 88//88 78//78
f  79//79 89//89 78//78
f  90//90 89//89 79//79
f  81//81 90//90 79//79
f  82//82 91//91 80//80
f  80//80 91//91 81//81
f  91//91 90//90 81//81
f  82//82 92//92 91//91
f  93//93 92//92 82//82
f  83//83 93//93 82//82
f  94//94 93//93 83//83
f  84//84 94//94 83//83
f  95//95 94//94 84//84
f  85//85 95//95 84//84
f  96//96 95//95 85//85
f  86//86 96//96 85//85
f  97//97 96//96 86//86
f  87//87 97//97 86//86
f  98//98 97//97 87//87
f  88//88 98//98 87//87
f  99//99 98//98 88//88
f  89//89 99//99 88//88
f  100//100 99//99 89//89
f  90//90 100//100 89//89
f  91//91 101//101 90//90
f  101//101 100//100 90//90
f  92//92 101//101 91//91
f  92//92 102//102 101//101
f  103//103 102//102 92//92
f  93//93 103//103 92//92
f  104//104 103//103 93//93
f  94//94 104//104 93//93
f  105//105 104//104 94//94
f  95//95 105//105 94//94
f  106//106 105//105 95//95
f  96//96 106//106 95//95
f  107//107 106//106 96//96
f  97//97 107//107 96//96
f  108//108 107//107 97//97
f  98//98 108//108 97//97
f  109//109 108//108 98//98
f  99//99 109//109 98//98
f  110//110 109//109 99//99
f  100//100 110//110 99//99
f  101//101 111//111 100//100
f  111//111 110//110 100//100
f  102//102 111//111 101//101
f  102//102 112//112 111//111
f  103//103 112//112 102//102
f  104//104 112//112 103//103
f  105//105 112//112 104//104
f  106//106 112//112 105//105
f  107//107 112//112 106//106
f  108//108 112//112 107//107
f  109//109 112//112 108//108
f  110//110 112//112 109//109
f  111//111 112//112 110//110
f  113//113 114//114 115//115
f  113//113 115//115 116//116
f  113//113 117//117 114//114
f  113//113 116//116 118//118
f  113//113 118//118 119//119
f  113//113 119//119 120//120
f  113//113 120//120 121//121
f  113//113 121//121 122//122
f  113//113 122//122 123//123
f  113//113 123//123 117//117
f  114//114 124//124 115//115
f  125//125 124//124 114//114
f  117//117 125//125 114//114
f  124//124 126//126 115//115
f  115//115 126//126 116//116
f  126//126 127//127 116//116
f  116//116 127//127 118//118
f  128//128 125//125 117//117
f  123//123 128//128 117//117
f  127//127 129//129 118//118
f  118//118 129//129 119//119
f  129//129 130//130 119//119
f  119//119 130//130 120//120
f  130//130 131//131 120//120
f  120//120 131//131 121//121
f  131//131 132//132 121//121
f  121//121 132//132 122//122
f  132//132 133//133 122//122
f  122//122 133//133 123//123
f  133//133 128//128 123//123
f  124//124 134//134 126//126
f  135//135 134//134 124//124
f  125//125 135//135 124//124
f  136//136 135//135 125//125
f  128//128 136//136 125//125
f  134//134 137//137 126//126
f  126//126 137//137 127//127
f  137//137 138//138 127//127
f  127//127 138//138 129//129
f  139//139 136//136 128//128
f  133//133 139//139 128//128
f  138//138 140//140 129//129
f  129//129 140//140 130//130
f  140//140 141//141 130//130
f  130//130 141//141 131//131
f  141//141 142//142 131//131
f  131//131 142//142 132//132
f  142//142 143//143 132//132
f  132//132 143//143 133//133
f  143//143 139//139 133//133
f  134//134 144//144 137//137
f  145//145 144//144 134//134
f  135//135 145//145 134//134
f  146//146 145//145 135//135
f  136//136 146//146 135//135
f  147//147 146//146 136//136
f  139//139 147//147 136//136
f  144//144 148//148 137//137
f  137//137 148//148 138//138
f  148//148 149//149 138//138
f  138//138 149//149 140//140
f  150//150 147//147 139//139
f  143//143 150//150 139//139
f  149//149 151//151 140//140
f  140//140 151//151 141//141
f  151//151 152//152 141//141
f  141//141 152//152 142//142
f  152//152 153//153 142//142
f  142//142 153//153 143//143
f  153//153 150//150 143//143
f  144//144 154//154 148//148
f  155//155 154//154 144//144
f  145//145 155//155 144//144
f  156//156 155//155 145//145
f  146//146 156//156 145//145
f  157//157 156//156 146//146
f  147//147 157//157 146//146
f  158//158 157//157 147//147
f  150//150 158//158 147//147
f  154//154 159//159 148//148
f  148//148 159//159 149//149
f  159//159 160//160 149//149
f  149//149 160//160 151//151
f  161//161 158//158 150//150
f  153//153 161//161 150//150
f  160//160 162//162 151//151
f  151//151 162//162 152//152
f  162//162 163//163 152//152
f  152//152 163//163 153//153
f  163//163 161//161 153//153
f  154//154 164//164 159//159
f  165//165 164//164 154//154
f  155//155 165//165 154//154
f  166//166 165//165 155//155
f  156//156 166//166 155//155
f  167//167 166//166 156//156
f  157//157 167//167 156//156
f  168//168 167//167 157//157
f  158//158 168//168 157//157
f  169//169 168//168 158//158
f  161//161 169//169 158//158
f  164//164 170//170 159//159
f  159//159 170//170 160//160
f  170//170 171//171 160//160
f  160//160 171//171 162//162
f  172//172 169//169 161//161
f  163//163 172//172 161//161
f  171//171 173//173 162//162
f  162//162 173//173 163//163
f  173//173 172//172 163//163
f  164//164 174//174 170//170
f  175//175 174//174 164//164
f  165//165 175//175 164//164
f  176//176 175//175 165//165
f  166//166 176//176 165//165
f  177//177 176//176 166//166
f  167//167 177//177 166//166
f  178//178 177//177 167//167
f  168//168 178//178 167//167
f  179//179 178//178 168//168
f  169//169 179//179 168//168
f  180//180 179//179 169//169
f  172//172 180//180 169//169
f  174//174 181//181 170//170
f  170//170 181//181 171//171
f  181//181 182//182 171//171
f  171//171 182//182 173//173
f  183//183 180//180 172//172
f  173//173 183//183 172//172
f  182//182 183//183 173//173
f  174//174 184//184 181//181
f  185//185 184//184 174//174
f  175//175 185//185 174//174
f  186//186 185//185 175//175
f  176//176 186//186 175//175
f  187//187 186//186 176//176
f  177//177 187//187 176//176
f  188//188 187//187 177//177
f  178//178 188//188 177//177
f  189//189 188//188 178//178
f  179//179 189//189 178//178
f  190//190 189//189 179//179
f  180//180 190//190 179//179
f  191//191 190//190 180//180
f  183//183 191//191 180//180
f  184//184 192//192 181//181
f  181//181 192//192 182//182
f  192//192 193//193 182//182
f  182//182 193//193 183//183
f  193//193 191//191 183//183
f  184//184 194//194 192//192
f  195//195 194//194 184//184
f  185//185 195//195 184//184
f  196//196 195//195 185//185
f  186//186 196//196 185//185
f  197//197 196//196 186//186
f  187//187 197//197 186//186
f  198//198 197//197 187//187
f  188//188 198//198 187//187
f  199//199 198//198 188//188
f  189//189 199//199 188//188
f  200//200 199//199 189//189
f  190//190 200//200 189//189
f  201//201 200//200 190//190
f  191//191 201//201 190//190
f  202//202 201//201 191//191
f  193//193 202//202 191//191
f  194//194 203//203 192//192
f  192//192 203//203 193//193
f  203//203 202//202 193//193
f  194//194 204//204 203//203
f  205//205 204//204 194//194
f  195//195 205//205 194//194
f  206//206 205//205 195//195
f  196//196 206//206 195//195
f  207//207 206//206 196//196
f  197//197 207//207 196//196
f  208//208 207//207 197//197
f  198//198 208//208 197//197
f  209//209 208//208 198//198
f  199//199 209//209 198//198
f  210//210 209//209 199//199
f  200//200 210//210 199//199
f  211//211 210//210 200//200
f  201//201 211//211 200//200
f  212//212 211//211 201//201
f  202//202 212//212 201//201
f  203//203 213//213 202//202
f  213//213 212//212 202//202
f  204//204 213//213 203//203
f  204//204 214//214 213//213
f  215//215 214//214 204//204
f  205//205 215//215 204//204
f  216//216 215//215 205//205
f  206//206 216//216 205//205
f  217//217 216//216 206//206
f  207//207 217//217 206//206
f  218//218 217//217 207//207
f  208//208 218//218 207//207
f  219//219 218//218 208//208
f  209//209 219//219 208//208
f  220//220 219//219 209//209
f  210//210 220//220 209//209
f  221//221 220//220 210//210
f  211//211 221//221 210//210
f  222//222 221//221 211//211
f  212//212 222//222 211//211
f  213//213 223//223 212//212
f  223//223 222//222 212//212
f  214//214 223//223 213//213
f  214//214 224//224 223//223
f  215//215 224//224 214//214
f  216//216 224//224 215//215
f  217//217 224//224 216//216
f  218//218 224//224 217//217
f  219//219 224//224 218//218
f  220//220 224//224 219//219
f  221//221 224//224 220//220
f  222//222 224//224 221//221
f  223//223 224//224 222//222
f  225//225 226//226 227//227
f  225//225 227//227 228//228
f  225//225 229//229 226//226
f  225//225 228//228 230//230
f  225//225 230//230 231//231
f  225//225 231//231 232//232
f  225//225 232//232 233//233
f  225//225 233//233 234//234
f  225//225 234//234 235//235
f  225//225 235//235 229//229
f  226//226 236//236 227//227
f  237//237 236//236 226//226
f  229//229 237//237 226//226
f  236//236 238//238 227//227
f  227//227 238//238 228//228
f  238//238 239//239 228//228
f  228//228 239//239 230//230
f  240//240 237//237 229//229
f  235//235 240//240 229//229
f  239//239 241//241 230//230
f  230//230 241//241 231//231
f  241//241 242//242 231//231
f  231//231 242//242 232//232
f  242//242 243//243 232//232
f  232//232 243//243 233//233
f  243//243 244//244 233//233
f  233//233 244//244 234//234
f  244//244 245//245 234//234
f  234//234 245//245 235//235
f  245//245 240//240 235//235
f  236//236 246//246 238//238
f  247//247 246//246 236//236
f  237//237 247//247 236//236
f  248//248 247//247 237//237
f  240//240 248//248 237//237
f  246//246 249//249 238//238
f  238//238 249//249 239//239
f  249//249 250//250 239//239
f  239//239 250//250 241//241
f  251//251 248//248 240//240
f  245//245 251//251 240//240
f  250//250 252//252 241//241
f  241//241 252//252 242//242
f  252//252 253//253 242//242
f  242//242 253//253 243//243
f  253//253 254//254 243//243
f  243//243 254//254 244//244
f  254//254 255//255 244//244
f  244//244 255//255 245//245
f  255//255 251//251 245//245
f  246//246 256//256 249//249
f  257//257 256//256 246//246
f  247//247 257//257 246//246
f  258//258 257//257 247//247
f  248//248 258//258 247//247
f  259//259 258//258 248//248
f  251//251 259//259 248//248
f  256//256 260//260 249//249
f  249//249 260//260 250//250
f  260//260 261//261 250//250
f  250//250 261//261 252//252
f  262//262 259//259 251//251
f  255//255 262//262 251//251
f  261//261 263//263 252//252
f  252//252 263//263 253//253
f  263//263 264//264 253//253
f  253//253 264//264 254//254
f  264//264 265//265 254//254
f  254//254 265//265 255//255
f  265//265 262//262 255//255
f  256//256 266//266 260//260
f  267//267 266//266 256//256
f  257//257 267//267 256//256
f  268//268 267//267 257//257
f  258//258 268//268 257//257
f  269//269 268//268 258//258
f  259//259 269//269 258//258
f  270//270 269//269 259//259
f  262//262 270//270 259//259
f  266//266 271//271 260//260
f  260//260 271//271 261//261
f  271//271 272//272 261//261
f  261//261 272//272 263//263
f  273//273 270//270 262//262
f  265//265 273//273 262//262
f  272//272 274//274 263//263
f  263//263 274//274 264//264
f  274//274 275//275 264//264
f  264//264 275//275 265//265
f  275//275 273//273 265//265
f  266//266 276//276 271//271
f  277//277 276//276 266//266
f  267//267 277//277 266//266
f  278//278 277//277 267//267
f  268//268 278//278 267//267
f  279//279 278//278 268//268
f  269//269 279//279 268//268
f  280//280 279//279 269//269
f  270//270 280//280 269//269
f  281//281 280//280 270//270
f  273//273 281//281 270//270
f  276//276 282//282 271//271
f  271//271 282//282 272//272
f  282//282 283//283 272//272
f  272//272 283//283 274//274
f  284//284 281//281 273//273
f  275//275 284//284 273//273
f  283//283 285//285 274//274
f  274//274 285//285 275//275
f  285//285 284//284 275//275
f  276//276 286//286 282//282
f  287//287 286//286 276//276
f  277//277 287//287 276//276
f  288//288 287//287 277//277
f  278//278 288//288 277//277
f  289//289 288//288 278//278
f  279//279 289//289 278//278
f  290//290 289//289 279//279
f  280//280 290//290 279//279
f  291//291 290//290 280//280
f  281//281 291//291 280//280
f  292//292 291//291 281//281
f  284//284 292//292 281//281
f  286//286 293//293 282//282
f  282//282 293//293 283//283
f  293//293 294//294 283//283
f  283//283 294//294 285//285
f  295//295 292//292 284//284
f  285//285 295//295 284//284
f  294//294 295//295 285//285
f  286//286 296//296 293//293
f  297//297 296//296 286//286
f  287//287 297//297 286//286
f  298//298 297//297 287//287
f  288//288 298//298 287//287
f  299//299 298//298 288//288
f  289//289 299//299 288//288
f  300//300 299//299 289//289
f  290//290 300//300 289//289
f  301//301 300//300 290//290
f  291//291 301//301 290//290
f  302//302 301//301 291//291
f  292//292 302//302 291//291
f  303//303 302//302 292//292
f  295//295 303//303 292//292
f  296//296 304//304 293//293
f  293//293 304//304 294//294
f  304//304 305//305 294//294
f  294//294 305//305 295//295
f  305//305 303//303 295//295
f  296//296 306//306 304//304
f  307//307 306//306 296//296
f  297//297 307//307 296//296
f  308//308 307//307 297//297
f  298//298 308//308 297//297
f  309//309 308//308 298//298
f  299//299 309//309 298//298
f  310//310 309//309 299//299
f  300//300 310//310 299//299
f  311//311 310//310 300//300
f  301//301 311//311 300//300
f  312//312 311//311 301//301
f  302//302 312//312 301//301
f  313//313 312//312 302//302
f  303//303 313//313 302//302
f  314//314 313//313 303//303
f  305//305 314//314 303//303
f  306//306 315//315 304//304
f  304//304 315//315 305//305
f  315//315 314//314 305//305
f  306//306 316//316 315//315
f  317//317 316//316 306//306
f  307//307 317//317 306//306
f  318//318 317//317 307//307
f  308//308 318//318 307//307
f  319//319 318//318 308//308
f  309//309 319//319 308//308
f  320//320 319//319 309//309
f  310//310 320//320 309//309
f  321//321 320//320 310//310
f  311//311 321//321 310//310
f  322//322 321//321 311//311
f  312//312 322//322 311//311
f  323//323 322//322 312//312
f  313//313 323//323 312//312
f  324//324 323//323 313//313
f  314//314 324//324 313//313
f  315//315 325//325 314//314
f  325//325 324//324 314//314
f  316//316 325//325 315//315
f  316//316 326//326 325//325
f  327//327 326//326 316//316
f  317//317 327//327 316//316
f  328//328 327//327 317//317
f  318//318 328//328 317//317
f  329//329 328//328 318//318
f  319//319 329//329 318//318
f  330//330 329//329 319//319
f  320//320 330//330 319//319
f  331//331 330//330 320//320
f  321//321 331//331 320//320
f  332//332 331//331 321//321
f  322//322 332//332 321//321
f  333//333 332//332 322//322
f  323//323 333//333 322//322
f  334//334 333//333 323//323
f  324//324 334//334 323//323
f  325//325 335//335 324//324
f  335//335 334//334 324//324
f  326//326 335//335 325//325
f  326//326 336//336 335//335
f  327//327 336//336 326//326
f  328//328 336//336 327//327
f  329//329 336//336 328//328
f  330//330 336//336 329//329
f  331//331 336//336 330//330
f  332//332 336//336 331//331
f  333//333 336//336 332//332
f  334//334 336//336 333//333
f  335//335 336//336 334//334
f  337//337 338//338 339//339
f  337//337 339//339 340//340
f  337//337 341//341 338//338
f  337//337 340//340 342//342
f  337//337 342//342 343//343
f  337//337 343//343 344//344
f  337//337 344//344 345//345
f  337//337 345//345 346//346
f  337//337 346//346 347//347
f  337//337 347//347 341//341
f  338//338 348//348 339//339
f  349//349 348//348 338//338
f  341//341 349//349 338//338
f  348//348 350//350 339//339
f  339//339 350//350 340//340
f  350//350 351//351 340//340
f  340//340 351//351 342//342
f  352//352 349//349 341//341
f  347//347 352//352 341//341
f  351//351 353//353 342//342
f  342//342 353//353 343//343
f  353//353 354//354 343//343
f  343//343 354//354 344//344
f  354//354 355//355 344//344
f  344//344 355//355 345//345
f  355//355 356//356 345//345
f  345//345 356//356 346//346
f  356//356 357//357 346//346
f  346//346 357//357 347//347
f  357//357 352//352 347//347
f  348//348 358//358 350//350
f  359//359 358//358 348//348
f  349//349 359//359 348//348
f  360//360 359//359 349//349
f  352//352 360//360 349//349
f  358//358 361//361 350//350
f  350//350 361//361 351//351
f  361//361 362//362 351//351
f  351//351 362//362 353//353
f  363//363 360//360 352//352
f  357//357 363//363 352//352
f  362//362 364//364 353//353
f  353//353 364//364 354//354
f  364//364 365//365 354//354
f  354//354 365//365 355//355
f  365//365 366//366 355//355
f  355//355 366//366 356//356
f  366//366 367//367 356//356
f  356//356 367//367 357//357
f  367//367 363//363 357//357
f  358//358 368//368 361//361
f  369//369 368//368 358//358
f  359//359 369//369 358//358
f  370//370 369//369 359//359
f  360//360 370//370 359//359
f  371//371 370//370 360//360
f  363//363 371//371 360//360
f  368//368 372//372 361//361
f  361//361 372//372 362//362
f  372//372 373//373 362//362
f  362//362 373//373 364//364
f  374//374 371//371 363//363
f  367//367 374//374 363//363
f  373//373 375//375 364//364
f  364//364 375//375 365//365
f  375//375 376//376 365//365
f  365//365 376//376 366//366
f  376//376 377//377 366//366
f  366//366 377//377 367//367
f  377//377 374//374 367//367
f  368//368 378//378 372//372
f  379//379 378//378 368//368
f  369//369 379//379 368//368
f  380//380 379//379 369//369
f  370//370 380//380 369//369
f  381//381 380//380 370//370
f  371//371 381//381 370//370
f  382//382 381//381 371//371
f  374//374 382//382 371//371
f  378//378 383//383 372//372
f  372//372 383//383 373//373
f  383//383 384//384 373//373
f  373//373 384//384 375//375
f  385//385 382//382 374//374
f  377//377 385//385 374//374
f  384//384 386//386 375//375
f  375//375 386//386 376//376
f  386//386 387//387 376//376
f  376//376 387//387 377//377
f  387//387 385//385 377//377
f  378//378 388//388 383//383
f  389//389 388//388 378//378
f  379//379 389//389 378//378
f  390//390 389//389 379//379
f  380//380 390//390 379//379
f  391//391 390//390 380//380
f  381//381 391//391 380//380
f  392//392 391//391 381//381
f  382//382 392//392 381//381
f  393//393 392//392 382//382
f  385//385 393//393 382//382
f  388//388 394//394 383//383
f  383//383 394//394 384//384
f  394//394 395//395 384//384
f  384//384 395//395 386//386
f  396//396 393//393 385//385
f  387//387 396//396 385//385
f  395//395 397//397 386//386
f  386//386 397//397 387//387
f  397//397 396//396 387//387
f  388//388 398//398 394//394
f  399//399 398//398 388//388
f  389//389 399//399 388//388
f  400//400 399//399 389//389
f  390//390 400//400 389//389
f  401//401 400//400 390//390
f  391//391 401//401 390//390
f  402//402 401//401 391//391
f  392//392 402//402 391//391
f  403//403 402//402 392//392
f  393//393 403//403 392//392
f  404//404 403//403 393//393
f  396//396 404//404 393//393
f  398//398 405//405 394//394
f  394//394 405//405 395//395
f  405//405 406//406 395//395
f  395//395 406//406 397//397
f  407//407 404//404 396//396
f  397//397 407//407 396//396
f  406//406 407//407 397//397
f  398//398 408//408 405//405
f  409//409 408//408 398//398
f  399//399 409//409 398//398
f  410//410 409//409 399//399
f  400//400 410//410 399//399
f  411//411 410//410 400//400
f  401//401 411//411 400//400
f  412//412 411//411 401//401
f  402//402 412//412 401//401
f  413//413 412//412 402//402
f  403//403 413//413 402//402
f  414//414 413//413 403//403
f  404//404 414//414 403//403
f  415//415 414//414 404//404
f  407//407 415//415 404//404
f  408//408 416//416 405//405
f  405//405 416//416 406//406
f  416//416 417//417 406//406
f  406//406 417//417 407//407
f  417//417 415//415 407//407
f  408//408 418//418 416//416
f  419//419 418//418 408//408
f  409//409 419//419 408//408
f  420//420 419//419 409//409
f  410//410 420//420 409//409
f  421//421 420//420 410//410
f  411//411 421//421 410//410
f  422//422 421//421 411//411
f  412//412 422//422 411//411
f  423//423 422//422 412//412
f  413//413 423//423 412//412
f  424//424 423//423 413//413
f  414//414 424//424 413//413
f  425//425 424//424 414//414
f  415//415 425//425 414//414
f  426//426 425//425 415//415
f  417//417 426//426 415//415
f  418//418 427//427 416//416
f  416//416 427//427 417//417
f  427//427 426//426 417//417
f  418//418 428//428 427//427
f  429//429 428//428 418//418
f  419//419 429//429 418//418
f  430//430 429//429 419//419
f  420//420 430//430 419//419
f  431//431 430//430 420//420
f  421//421 431//431 420//420
f  432//432 431//431 421//421
f  422//422 432//432 421//421
f  433//433 432//432 422//422
f  423//423 433//433 422//422
f  434//434 433//433 423//423
f  424//424 434//434 423//423
f  435//435 434//434 424//424
f  425//425 435//435 424//424
f  436//436 435//435 425//425
f  426//426 436//436 425//425
f  427//427 437//437 426//426
f  437//437 436//436 426//426
f  428//428 437//437 427//427
f  428//428 438//438 437//437
f  439//439 438//438 428//428
f  429//429 439//439 428//428
f  440//440 439//439 429//429
f  430//430 440//440 429//429
f  441//441 440//440 430//430
f  431//431 441//441 430//430
f  442//442 441//441 431//431
f  432//432 442//442 431//431
f  443//443 442//442 432//432
f  433//433 443//443 432//432
f  444//444 443//443 433//433
f  434//434 444//444 433//433
f  445//445 444//444 434//434
f  435//435 445//445 434//434
f  446//446 445//445 435//435
f  436//436 446//446 435//435
f  437//437 447//447 436//436
f  447//447 446//446 436//436
f  438//438 447//447 437//437
f  438//438 448//448 447//447
f  439//439 448//448 438//438
f  440//440 448//448 439//439
f  441//441 448//448 440//440
f  442//442 448//448 441//441
f  443//443 448//448 442//442
f  444//444 448//448 443//443
f  445//445 448//448 444//444
f  446//446 448//448 445//445
f  447//447 448//448 446//446
f  449//449 450//450 451//451
f  449//449 451//451 452//452
f  449//449 453//453 450//450
f  449//449 452//452 454//454
f  449//449 454//454 455//455
f  449//449 455//455 456//456
f  449//449 456//456 457//457
f  449//449 457//457 458//458
f  449//449 458//458 459//459
f  449//449 459//459 453//453
f  450//450 460//460 451//451
f  461//461 460//460 450//450
f  453//453 461//461 450//450
f  460//460 462//462 451//451
f  451//451 462//462 452//452
f  462//462 463//463 452//452
f  452//452 463//463 454//454
f  464//464 461//461 453//453
f  459//459 464//464 453//453
f  463//463 465//465 454//454
f  454//454 465//465 455//455
f  465//465 466//466 455//455
f  455//455 466//466 456//456
f  466//466 467//467 456//456
f  456//456 467//467 457//457
f  467//467 468//468 457//457
f  457//457 468//468 458//458
f  468//468 469//469 458//458
f  458//458 469//469 459//459
f  469//469 464//464 459//459
f  460//460 470//470 462//462
f  471//471 470//470 460//460
f  461//461 471//471 460//460
f  472//472 471//471 461//461
f  464//464 472//472 461//461
f  470//470 473//473 462//462
f  462//462 473//473 463//463
f  473//473 474//474 463//463
f  463//463 474//474 465//465
f  475//475 472//472 464//464
f  469//469 475//475 464//464
f  474//474 476//476 465//465
f  465//465 476//476 466//466
f  476//476 477//477 466//466
f  466//466 477//477 467//467
f  477//477 478//478 467//467
f  467//467 478//478 468//468
f  478//478 479//479 468//468
f  468//468 479//479 469//469
f  479//479 475//475 469//469
f  470//470 480//480 473//473
f  481//481 480//480 470//470
f  471//471 481//481 470//470
f  482//482 481//481 471//471
f  472//472 482//482 471//471
f  483//483 482//482 472//472
f  475//475 483//483 472//472
f  480//480 484//484 473//473
f  473//473 484//484 474//474
f  484//484 485//485 474//474
f  474//474 485//485 476//476
f  486//486 483//483 475//475
f  479//479 486//486 475//475
f  485//485 487//487 476//476
f  476//476 487//487 477//477
f  487//487 488//488 477//477
f  477//477 488//488 478//478
f  488//488 489//489 478//478
f  478//478 489//489 479//479
f  489//489 486//486 479//479
f  480//480 490//490 484//484
f  491//491 490//490 480//480
f  481//481 491//491 480//480
f  492//492 491//491 481//481
f  482//482 492//492 481//481
f  493//493 492//492 482//482
f  483//483 493//493 482//482
f  494//494 493//493 483//483
f  486//486 494//494 483//483
f  490//490 495//495 484//484
f  484//484 495//495 485//485
f  495//495 496//496 485//485
f  485//485 496//496 487//487
f  497//497 494//494 486//486
f  489//489 497//497 486//486
f  496//496 498//498 487//487
f  487//487 498//498 488//488
f  498//498 499//499 488//488
f  488//488 499//499 489//489
f  499//499 497//497 489//489
f  490//490 500//500 495//495
f  501//501 500//500 490//490
f  491//491 501//501 490//490
f  502//502 501//501 491//491
f  492//492 502//502 491//491
f  503//503 502//502 492//492
f  493//493 503//503 492//492
f  504//504 503//503 493//493
f  494//494 504//504 493//493
f  505//505 504//504 494//494
f  497//497 505//505 494//494
f  500//500 506//506 495//495
f  495//495 506//506 496//496
f  506//506 507//507 496//496
f  496//496 507//507 498//498
f  508//508 505//505 497//497
f  499//499 508//508 497//497
f  507//507 509//509 498//498
f  498//498 509//509 499//499
f  509//509 508//508 499//499
f  500//500 510//510 506//506
f  511//511 510//510 500//500
f  501//501 511//511 500//500
f  512//512 511//511 501//501
f  502//502 512//512 501//501
f  513//513 512//512 502//502
f  503//503 513//513 502//502
f  514//514 513//513 503//503
f  504//504 514//514 503//503
f  515//515 514//514 504//504
f  505//505 515//515 504//504
f  516//516 515//515 505//505
f  508//508 516//516 505//505
f  510//510 517//517 506//506
f  506//506 517//517 507//507
f  517//517 518//518 507//507
f  507//507 518//518 509//509
f  519//519 516//516 508//508
f  509//509 519//519 508//508
f  518//518 519//519 509//509
f  510//510 520//520 517//517
f  521//521 520//520 510//510
f  511//511 521//521 510//510
f  522//522 521//521 511//511
f  512//512 522//522 511//511
f  523//523 522//522 512//512
f  513//513 523//523 512//512
f  524//524 523//523 513//513
f  514//514 524//524 513//513
f  525//525 524//524 514//514
f  515//515 525//525 514//514
f  526//526 525//525 515//515
f  516//516 526//526 515//515
f  527//527 526//526 516//516
f  519//519 527//527 516//516
f  520//520 528//528 517//517
f  517//517 528//528 518//518
f  528//528 529//529 518//518
f  518//518 529//529 519//519
f  529//529 527//527 519//519
f  520//520 530//530 528//528
f  531//531 530//530 520//520
f  521//521 531//531 520//520
f  532//532 531//531 521//521
f  522//522 532//532 521//521
f  533//533 532//532 522//522
f  523//523 533//533 522//522
f  534//534 533//533 523//523
f  524//524 534//534 523//523
f  535//535 534//534 524//524
f  525//525 535//535 524//524
f  536//536 535//535 525//525
f  526//526 536//536 525//525
f  537//537 536//536 526//526
f  527//527 537//537 526//526
f  538//538 537//537 527//527
f  529//529 538//538 527//527
f  530//530 539//539 528//528
f  528//528 539//539 529//529
f  539//539 538//538 529//529
f  530//530 540//540 539//539
f  541//541 540//540 530//530
f  531//531 541//541 530//530
f  542//542 541//541 531//531
f  532//532 542//542 531//531
f  543//543 542//542 532//532
f  533//533 543//543 532//532
f  544//544 543//543 533//533
f  534//534 544//544 533//533
f  545//545 544//544 534//534
f  535//535 545//545 534//534
f  546//546 545//545 535//535
f  536//536 546//546 535//535
f  547//547 546//546 536//536
f  537//537 547//547 536//536
f  548//548 547//547 537//537
f  538//538 548//548 537//537
f  539//539 549//549 538//538
f  549//549 548//548 538//538
f  540//540 549//549 539//539
f  540//540 550//550 549//549
f  551//551 550//550 540//540
f  541//541 551//551 540//540
f  552//552 551//551 541//541
f  542//542 552//552 541//541
f  553//553 552//552 542//542
f  543//543 553//553 542//542
f  554//554 553//553 543//543
f  544//544 554//554 543//543
f  555//555 554//554 544//544
f  545//545 555//555 544//544
f  556//556 555//555 545//545
f  546//546 556//556 545//545
f  557//557 556//556 546//546
f  547//547 557//557 546//546
f  558//558 557//557 547//547
f  548//548 558//558 547//547
f  549//549 559//559 548//548
f  559//559 558//558 548//548
f  550//550 559//559 549//549
f  550//550 560//560 559//559
f  551//551 560//560 550//550
f  552//552 560//560 551//551
f  553//553 560//560 552//552
f  554//554 560//560 553//553
f  555//555 560//560 554//554
f  556//556 560//560 555//555
f  557//557 560//560 556//556
f  558//558 560//560 557//557
f  559//559 560//560 558//558
f  561//561 562//562 563//563
f  561//561 563//563 564//564
f  561//561 565//565 562//562
f  561//561 566//566 565//565
f  561//561 567//567 566//566
f  561//561 564//564 567//567
f  563//563 562//562 568//568
f  562//562 569//569 568//568
f  562//562 565//565 569//569
f  563//563 568//568 570//570
f  564//564 563//563 570//570
f  567//567 564//564 571//571
f  564//564 570//570 571//571
f  565//565 572//572 569//569
f  565//565 566//566 572//572
f  566//566 573//573 572//572
f  566//566 574//574 573//573
f  566//566 567//567 574//574
f  567//567 571//571 574//574
f  570//570 568//568 575//575
f  568//568 576//576 575//575
f  568//568 577//577 576//576
f  568//568 569//569 577//577
f  569//569 578//578 577//577
f  569//569 579//579 578//578
f  569//569 580//580 579//579
f  569//569 572//572 580//580
f  570//570 575//575 581//581
f  571//571 570//570 581//581
f  574//574 571//571 582//582
f  571//571 581//581 582//582
f  572//572 583//583 580//580
f  572//572 573//573 583//583
f  573//573 584//584 583//583
f  573//573 574//574 584//584
f  574//574 585//585 584//584
f  574//574 582//582 585//585
f  581//581 575//575 586//586
f  575//575 576//576 586//586
f  576//576 587//587 586//586
f  576//576 577//577 587//587
f  577//577 588//588 587//587
f  577//577 578//578 588//588
f  578//578 579//579 588//588
f  579//579 589//589 588//588
f  579//579 580//580 589//589
f  580//580 590//590 589//589
f  580//580 583//583 590//590
f  581//581 586//586 591//591
f  582//582 581//581 591//591
f  585//585 582//582 592//592
f  582//582 591//591 592//592
f  583//583 593//593 590//590
f  583//583 584//584 593//593
f  584//584 594//594 593//593
f  584//584 595//595 594//594
f  584//584 585//585 595//595
f  585//585 596//596 595//595
f  585//585 597//597 596//596
f  585//585 592//592 597//597
f  591//591 586//586 598//598
f  586//586 599//599 598//598
f  586//586 587//587 599//599
f  587//587 600//600 599//599
f  587//587 588//588 600//600
f  588//588 601//601 600//600
f  588//588 589//589 601//601
f  589//589 602//602 601//601
f  589//589 590//590 602//602
f  590//590 603//603 602//602
f  590//590 593//593 603//603
f  592//592 591//591 604//604
f  591//591 598//598 604//604
f  597//597 592//592 605//605
f  592//592 604//604 605//605
f  593//593 606//606 603//603
f  593//593 594//594 606//606
f  594//594 607//607 606//606
f  594//594 595//595 607//607
f  595//595 608//608 607//607
f  595//595 596//596 608//608
f  596//596 609//609 608//608
f  596//596 610//610 609//609
f  596//596 611//611 610//610
f  596//596 597//597 611//611
f  597//597 605//605 611//611
f  598//598 599//599 612//612
f  604//604 598//598 613//613
f  598//598 612//612 613//613
f  599//599 614//614 612//612
f  599//599 600//600 614//614
f  600//600 615//615 614//614
f  600//600 601//601 615//615
f  601//601 602//602 615//615
f  602//602 616//616 615//615
f  602//602 603//603 616//616
f  603//603 617//617 616//616
f  603//603 606//606 617//617
f  605//605 604//604 618//618
f  604//604 613//613 618//618
f  611//611 605//605 618//618
f  606//606 607//607 617//617
f  607//607 608//608 617//617
f  608//608 619//619 617//617
f  608//608 609//609 619//619
f  609//609 610//610 619//619
f  610//610 611//611 619//619
f  611//611 618//618 619//619
f  612//612 614//614 620//620
f  613//613 612//612 620//620
f  618//618 613//613 620//620
f  614//614 615//615 620//620
f  615//615 616//616 620//620
f  616//616 617//617 620//620
f  617//617 619//619 620//620
f  619//619 618//618 620//620
f  621//621 622//622 623//623
f  624//624 621//621 623//623
f  625//625 622//622 621//621
f  626//626 625//625 621//621
f  626//626 621//621 624//624
f  622//622 627//627 623//623
f  625//625 628//628 622//622
f  628//628 627//627 622//622
f  627//627 629//629 623//623
f  629//629 630//630 623//623
f  630//630 631//631 623//623
f  631//631 632//632 623//623
f  632//632 633//633 623//623
f  633//633 634//634 623//623
f  634//634 624//624 623//623
f  635//635 624//624 634//634
f  635//635 626//626 624//624
f  636//636 625//625 626//626
f  636//636 637//637 625//625
f  637//637 628//628 625//625
f  636//636 626//626 635//635
f  628//628 638//638 627//627
f  638//638 629//629 627//627
f  637//637 639//639 628//628
f  639//639 638//638 628//628
f  638//638 640//640 629//629
f  640//640 630//630 629//629
f  640//640 631//631 630//630
f  640//640 641//641 631//631
f  641//641 632//632 631//631
f  641//641 642//642 632//632
f  642//642 643//643 632//632
f  643//643 633//633 632//632
f  643//643 644//644 633//633
f  644//644 634//634 633//633
f  644//644 645//645 634//634
f  645//645 635//635 634//634
f  646//646 635//635 645//645
f  646//646 636//636 635//635
f  647//647 648//648 636//636
f  648//648 637//637 636//636
f  647//647 636//636 646//646
f  648//648 649//649 637//637
f  649//649 639//639 637//637
f  639//639 650//650 638//638
f  650//650 640//640 638//638
f  649//649 651//651 639//639
f  651//651 650//650 639//639
f  650//650 652//652 640//640
f  652//652 653//653 640//640
f  653//653 641//641 640//640
f  653//653 654//654 641//641
f  654//654 642//642 641//641
f  654//654 655//655 642//642
f  655//655 643//643 642//642
f  655//655 656//656 643//643
f  656//656 644//644 643//643
f  656//656 657//657 644//644
f  657//657 645//645 644//644
f  657//657 646//646 645//645
f  658//658 646//646 657//657
f  658//658 647//647 646//646
f  659//659 648//648 647//647
f  659//659 647//647 658//658
f  659//659 649//649 648//648
f  659//659 651//651 649//649
f  651//651 652//652 650//650
f  651//651 660//660 652//652
f  659//659 660//660 651//651
f  660//660 653//653 652//652
f  660//660 661//661 653//653
f  661//661 654//654 653//653
f  661//661 655//655 654//654
f  661//661 662//662 655//655
f  662//662 656//656 655//655
f  662//662 657//657 656//656
f  662//662 658//658 657//657
f  659//659 658//658 662//662
f  659//659 661//661 660//660
f  659//659 662//662 661//661
f  663//663 664//664 665//665
f  666//666 663//663 665//665
f  667//667 664//664 663//663
f  668//668 663//663 666//666
f  668//668 667//667 663//663
f  664//664 669//669 665//665
f  667//667 670//670 664//664
f  670//670 669//669 664//664
f  669//669 671//671 665//665
f  671//671 672//672 665//665
f  672//672 673//673 665//665
f  673//673 674//674 665//665
f  674//674 675//675 665//665
f  675//675 676//676 665//665
f  676//676 677//677 665//665
f  677//677 678//678 665//665
f  678//678 666//666 665//665
f  668//668 666//666 678//678
f  679//679 680//680 667//667
f  680//680 670//670 667//667
f  679//679 667//667 668//668
f  681//681 668//668 678//678
f  682//682 668//668 681//681
f  682//682 679//679 668//668
f  670//670 683//683 669//669
f  683//683 684//684 669//669
f  684//684 671//671 669//669
f  680//680 685//685 670//670
f  685//685 683//683 670//670
f  684//684 686//686 671//671
f  686//686 672//672 671//671
f  686//686 687//687 672//672
f  687//687 673//673 672//672
f  687//687 688//688 673//673
f  688//688 689//689 673//673
f  689//689 674//674 673//673
f  689//689 690//690 674//674
f  690//690 675//675 674//674
f  690//690 691//691 675//675
f  691//691 676//676 675//675
f  691//691 692//692 676//676
f  692//692 677//677 676//676
f  692//692 681//681 677//677
f  681//681 678//678 677//677
f  693//693 680//680 679//679
f  693//693 679//679 682//682
f  693//693 694//694 680//680
f  694//694 685//685 680//680
f  695//695 681//681 692//692
f  695//695 682//682 681//681
f  696//696 682//682 695//695
f  696//696 697//697 682//682
f  697//697 693//693 682//682
f  685//685 698//698 683//683
f  698//698 684//684 683//683
f  698//698 686//686 684//684
f  694//694 698//698 685//685
f  698//698 699//699 686//686
f  699//699 687//687 686//686
f  699//699 700//700 687//687
f  700//700 688//688 687//687
f  700//700 701//701 688//688
f  701//701 689//689 688//688
f  701//701 702//702 689//689
f  702//702 690//690 689//689
f  702//702 703//703 690//690
f  703//703 691//691 690//690
f  703//703 695//695 691//691
f  695//695 692//692 691//691
f  704//704 694//694 693//693
f  704//704 693//693 697//697
f  694//694 705//705 698//698
f  704//704 705//705 694//694
f  696//696 695//695 703//703
f  706//706 696//696 703//703
f  704//704 696//696 706//706
f  704//704 697//697 696//696
f  705//705 699//699 698//698
f  705//705 707//707 699//699
f  707//707 700//700 699//699
f  707//707 701//701 700//700
f  707//707 708//708 701//701
f  708//708 702//702 701//701
f  708//708 706//706 702//702
f  706//706 703//703 702//702
f  704//704 707//707 705//705
f  704//704 708//708 707//707
f  704//704 706//706 708//708
f  709//709 710//710 711//711
f  712//712 709//709 711//711
f  713//713 710//710 709//709
f  714//714 709//709 712//712
f  714//714 715//715 709//709
f  715//715 713//713 709//709
f  710//710 716//716 711//711
f  713//713 717//717 710//710
f  717//717 716//716 710//710
f  716//716 718//718 711//711
f  712//712 711//711 718//718
f  719//719 712//712 718//718
f  720//720 712//712 719//719
f  720//720 714//714 712//712
f  721//721 722//722 713//713
f  722//722 723//723 713//713
f  723//723 717//717 713//713
f  721//721 713//713 715//715
f  724//724 714//714 720//720
f  724//724 725//725 714//714
f  725//725 726//726 714//714
f  726//726 715//715 714//714
f  726//726 721//721 715//715
f  716//716 727//727 718//718
f  717//717 728//728 716//716
f  728//728 729//729 716//716
f  729//729 730//730 716//716
f  730//730 727//727 716//716
f  723//723 731//731 717//717
f  731//731 728//728 717//717
f  727//727 719//719 718//718
f  732//732 719//719 727//727
f  732//732 733//733 719//719
f  733//733 720//720 719//719
f  734//734 720//720 733//733
f  734//734 724//724 720//720
f  735//735 722//722 721//721
f  736//736 721//721 726//726
f  736//736 735//735 721//721
f  735//735 737//737 722//722
f  737//737 723//723 722//722
f  737//737 738//738 723//723
f  738//738 731//731 723//723
f  739//739 724//724 734//734
f  739//739 740//740 724//724
f  740//740 725//725 724//724
f  740//740 741//741 725//725
f  741//741 726//726 725//725
f  741//741 736//736 726//726
f  730//730 742//742 727//727
f  742//742 743//743 727//727
f  743//743 732//732 727//727
f  731//731 744//744 728//728
f  744//744 729//729 728//728
f  744//744 745//745 729//729
f  745//745 730//730 729//729
f  745//745 742//742 730//730
f  738//738 746//746 731//731
f  746//746 744//744 731//731
f  747//747 732//732 743//743
f  747//747 748//748 732//732
f  748//748 733//733 732//732
f  748//748 749//749 733//733
f  749//749 734//734 733//733
f  750//750 734//734 749//749
f  750//750 739//739 734//734
f  751//751 752//752 735//735
f  752//752 737//737 735//735
f  751//751 735//735 736//736
f  753//753 736//736 741//741
f  753//753 754//754 736//736
f  754//754 751//751 736//736
f  752//752 738//738 737//737
f  752//752 755//755 738//738
f  755//755 746//746 738//738
f  756//756 739//739 750//750
f  756//756 757//757 739//739
f  757//757 740//740 739//739
f  757//757 758//758 740//740
f  758//758 741//741 740//740
f  758//758 753//753 741//741
f  745//745 747//747 742//742
f  747//747 743//743 742//742
f  746//746 759//759 744//744
f  759//759 745//745 744//744
f  759//759 760//760 745//745
f  760//760 747//747 745//745
f  755//755 761//761 746//746
f  761//761 759//759 746//746
f  760//760 762//762 747//747
f  762//762 763//763 747//747
f  763//763 748//748 747//747
f  763//763 764//764 748//748
f  764//764 749//749 748//748
f  764//764 750//750 749//749
f  765//765 750//750 764//764
f  765//765 756//756 750//750
f  766//766 752//752 751//751
f  766//766 751//751 754//754
f  766//766 755//755 752//752
f  766//766 753//753 758//758
f  766//766 754//754 753//753
f  766//766 761//761 755//755
f  766//766 756//756 765//765
f  766//766 757//757 756//756
f  766//766 758//758 757//757
f  761//761 767//767 759//759
f  767//767 760//760 759//759
f  767//767 768//768 760//760
f  768//768 762//762 760//760
f  766//766 767//767 761//761
f  768//768 769//769 762//762
f  769//769 763//763 762//762
f  769//769 765//765 763//763
f  765//765 764//764 763//763
f  766//766 765//765 769//769
f  766//766 768//768 767//767
f  766//766 769//769 768//768
f  770//770 771//771 772//772
f  773//773 770//770 772//772
f  774//774 771//771 770//770
f  775//775 774//774 770//770
f  776//776 770//770 773//773
f  776//776 775//775 770//770
f  771//771 777//777 772//772
f  774//774 778//778 771//771
f  778//778 779//779 771//771
f  779//779 777//777 771//771
f  777//777 780//780 772//772
f  780//780 781//781 772//772
f  781//781 782//782 772//772
f  782//782 783//783 772//772
f  783//783 773//773 772//772
f  784//784 773//773 783//783
f  784//784 776//776 773//773
f  785//785 774//774 775//775
f  785//785 786//786 774//774
f  786//786 778//778 774//774
f  787//787 785//785 775//775
f  787//787 775//775 776//776
f  788//788 776//776 784//784
f  788//788 789//789 776//776
f  789//789 787//787 776//776
f  779//779 790//790 777//777
f  790//790 791//791 777//777
f  791//791 792//792 777//777
f  792//792 780//780 777//777
f  786//786 793//793 778//778
f  793//793 794//794 778//778
f  794//794 779//779 778//778
f  794//794 790//790 779//779
f  792//792 795//795 780//780
f  795//795 781//781 780//780
f  795//795 796//796 781//781
f  796//796 782//782 781//781
f  796//796 797//797 782//782
f  797//797 783//783 782//782
f  797//797 784//784 783//783
f  798//798 784//784 797//797
f  798//798 788//788 784//784
f  799//799 785//785 787//787
f  799//799 800//800 785//785
f  800//800 786//786 785//785
f  800//800 801//801 786//786
f  801//801 793//793 786//786
f  799//799 787//787 789//789
f  802//802 788//788 798//798
f  802//802 803//803 788//788
f  803//803 789//789 788//788
f  803//803 799//799 789//789
f  794//794 804//804 790//790
f  804//804 805//805 790//790
f  805//805 791//791 790//790
f  805//805 792//792 791//791
f  805//805 806//806 792//792
f  806//806 795//795 792//792
f  801//801 807//807 793//793
f  807//807 794//794 793//793
f  807//807 808//808 794//794
f  808//808 804//804 794//794
f  806//806 809//809 795//795
f  809//809 810//810 795//795
f  810//810 796//796 795//795
f  810//810 811//811 796//796
f  811//811 797//797 796//796
f  811//811 798//798 797//797
f  812//812 798//798 811//811
f  812//812 802//802 798//798
f  813//813 814//814 799//799
f  814//814 800//800 799//799
f  813//813 799//799 803//803
f  814//814 815//815 800//800
f  815//815 801//801 800//800
f  815//815 807//807 801//801
f  816//816 802//802 812//812
f  816//816 817//817 802//802
f  817//817 803//803 802//802
f  817//817 818//818 803//803
f  818//818 813//813 803//803
f  808//808 805//805 804//804
f  808//808 819//819 805//805
f  819//819 806//806 805//805
f  819//819 820//820 806//806
f  820//820 809//809 806//806
f  815//815 821//821 807//807
f  821//821 808//808 807//807
f  821//821 822//822 808//808
f  822//822 819//819 808//808
f  820//820 823//823 809//809
f  823//823 810//810 809//809
f  823//823 811//811 810//810
f  823//823 812//812 811//811
f  816//816 812//812 823//823
f  824//824 814//814 813//813
f  825//825 813//813 818//818
f  825//825 824//824 813//813
f  824//824 826//826 814//814
f  826//826 815//815 814//814
f  826//826 827//827 815//815
f  827//827 821//821 815//815
f  828//828 816//816 823//823
f  829//829 816//816 828//828
f  829//829 817//817 816//816
f  829//829 818//818 817//817
f  829//829 825//825 818//818
f  822//822 830//830 819//819
f  830//830 828//828 819//819
f  828//828 820//820 819//819
f  828//828 823//823 820//820
f  827//827 822//822 821//821
f  827//827 831//831 822//822
f  831//831 830//830 822//822
f  832//832 826//826 824//824
f  832//832 824//824 825//825
f  832//832 825//825 829//829
f  832//832 827//827 826//826
f  832//832 831//831 827//827
f  831//831 828//828 830//830
f  831//831 829//829 828//828
f  832//832 829//829 831//831
f  833//833 834//834 835//835
f  833//833 835//835 836//836
f  833//833 837//837 834//834
f  833//833 838//838 837//837
f  833//833 839//839 838//838
f  833//833 840//840 839//839
f  833//833 836//836 840//840
f  835//835 834//834 841//841
f  834//834 842//842 841//841
f  834//834 843//843 842//842
f  834//834 837//837 843//843
f  835//835 841//841 844//844
f  836//836 835//835 845//845
f  835//835 844//844 845//845
f  840//840 836//836 846//846
f  836//836 845//845 846//846
f  837//837 847//847 843//843
f  837//837 848//848 847//847
f  837//837 838//838 848//848
f  838//838 849//849 848//848
f  838//838 850//850 849//849
f  838//838 839//839 850//850
f  839//839 851//851 850//850
f  839//839 852//852 851//851
f  839//839 840//840 852//852
f  840//840 853//853 852//852
f  840//840 846//846 853//853
f  844//844 841//841 854//854
f  841//841 855//855 854//854
f  841//841 856//856 855//855
f  841//841 842//842 856//856
f  842//842 857//857 856//856
f  842//842 858//858 857//857
f  842//842 843//843 858//858
f  843//843 859//859 858//858
f  843//843 847//847 859//859
f  845//845 844//844 854//854
f  846//846 845//845 860//860
f  845//845 854//854 860//860
f  853//853 846//846 861//861
f  846//846 862//862 861//861
f  846//846 860//860 862//862
f  847//847 863//863 859//859
f  847//847 864//864 863//863
f  847//847 848//848 864//864
f  848//848 865//865 864//864
f  848//848 849//849 865//865
f  849//849 866//866 865//865
f  849//849 850//850 866//866
f  850//850 867//867 866//866
f  850//850 851//851 867//867
f  851//851 868//868 867//867
f  851//851 869//869 868//868
f  851//851 852//852 869//869
f  852//852 870//870 869//869
f  852//852 871//871 870//870
f  852//852 853//853 871//871
f  853//853 872//872 871//871
f  853//853 861//861 872//872
f  854//854 855//855 873//873
f  860//860 854//854 874//874
f  854//854 873//873 874//874
f  855//855 875//875 873//873
f  855//855 856//856 875//875
f  856//856 857//857 875//875
f  857//857 876//876 875//875
f  857//857 858//858 876//876
f  858//858 877//877 876//876
f  858//858 859//859 877//877
f  859//859 863//863 877//877
f  862//862 860//860 878//878
f  860//860 874//874 878//878
f  872//872 861//861 879//879
f  861//861 878//878 879//879
f  861//861 862//862 878//878
f  863//863 880//880 877//877
f  863//863 864//864 880//880
f  864//864 881//881 880//880
f  864//864 865//865 881//881
f  865//865 882//882 881//881
f  865//865 883//883 882//882
f  865//865 866//866 883//883
f  866//866 884//884 883//883
f  866//866 867//867 884//884
f  867//867 885//885 884//884
f  867//867 868//868 885//885
f  868//868 869//869 885//885
f  869//869 886//886 885//885
f  869//869 870//870 886//886
f  870//870 871//871 886//886
f  871//871 887//887 886//886
f  871//871 888//888 887//887
f  871//871 889//889 888//888
f  871//871 872//872 889//889
f  872//872 879//879 889//889
f  873//873 890//890 891//891
f  873//873 875//875 890//890
f  874//874 873//873 892//892
f  873//873 891//891 892//892
f  878//878 874//874 893//893
f  874//874 892//892 893//893
f  875//875 894//894 890//890
f  875//875 876//876 894//894
f  876//876 895//895 894//894
f  876//876 896//896 895//895
f  876//876 877//877 896//896
f  877//877 897//897 896//896
f  877//877 880//880 897//897
f  879//879 878//878 893//893
f  889//889 879//879 898//898
f  879//879 893//893 898//898
f  880//880 899//899 897//897
f  880//880 881//881 899//899
f  881//881 882//882 899//899
f  882//882 900//900 899//899
f  882//882 901//901 900//900
f  882//882 883//883 901//901
f  883//883 884//884 901//901
f  884//884 902//902 901//901
f  884//884 885//885 902//902
f  885//885 886//886 902//902
f  886//886 903//903 902//902
f  886//886 904//904 903//903
f  886//886 887//887 904//904
f  887//887 905//905 904//904
f  887//887 906//906 905//905
f  887//887 888//888 906//906
f  888//888 889//889 906//906
f  889//889 898//898 906//906
f  891//891 890//890 907//907
f  890//890 908//908 907//907
f  890//890 909//909 908//908
f  890//890 894//894 909//909
f  892//892 891//891 910//910
f  891//891 907//907 910//910
f  893//893 892//892 910//910
f  898//898 893//893 911//911
f  893//893 910//910 911//911
f  894//894 912//912 909//909
f  894//894 895//895 912//912
f  895//895 913//913 912//912
f  895//895 896//896 913//913
f  896//896 914//914 913//913
f  896//896 897//897 914//914
f  897//897 915//915 914//914
f  897//897 916//916 915//915
f  897//897 899//899 916//916
f  906//906 898//898 917//917
f  898//898 918//918 917//917
f  898//898 911//911 918//918
f  899//899 919//919 916//916
f  899//899 900//900 919//919
f  900//900 920//920 919//919
f  900//900 901//901 920//920
f  901//901 921//921 920//920
f  901//901 902//902 921//921
f  902//902 922//922 921//921
f  902//902 923//923 922//922
f  902//902 903//903 923//923
f  903//903 924//924 923//923
f  903//903 904//904 924//924
f  904//904 917//917 924//924
f  904//904 905//905 917//917
f  905//905 906//906 917//917
f  907//907 908//908 925//925
f  910//910 907//907 926//926
f  907//907 925//925 926//926
f  908//908 927//927 925//925
f  908//908 909//909 927//927
f  909//909 928//928 927//927
f  909//909 912//912 928//928
f  911//911 910//910 929//929
f  910//910 926//926 929//929
f  918//918 911//911 930//930
f  911//911 929//929 930//930
f  912//912 931//931 928//928
f  912//912 913//913 931//931
f  913//913 932//932 931//931
f  913//913 933//933 932//932
f  913//913 914//914 933//933
f  914//914 934//934 933//933
f  914//914 935//935 934//934
f  914//914 915//915 935//935
f  915//915 936//936 935//935
f  915//915 937//937 936//936
f  915//915 916//916 937//937
f  916//916 919//919 937//937
f  924//924 917//917 938//938
f  917//917 939//939 938//938
f  917//917 918//918 939//939
f  918//918 930//930 939//939
f  919//919 920//920 937//937
f  920//920 940//940 937//937
f  920//920 921//921 940//940
f  921//921 941//941 940//940
f  921//921 942//942 941//941
f  921//921 922//922 942//942
f  922//922 943//943 942//942
f  922//922 923//923 943//943
f  923//923 944//944 943//943
f  923//923 924//924 944//944
f  924//924 938//938 944//944
f  925//925 945//945 946//946
f  925//925 947//947 945//945
f  925//925 948//948 947//947
f  925//925 927//927 948//948
f  926//926 925//925 946//946
f  929//929 926//926 946//946
f  927//927 928//928 948//948
f  928//928 949//949 948//948
f  928//928 950//950 949//949
f  928//928 931//931 950//950
f  930//930 929//929 951//951
f  929//929 946//946 951//951
f  939//939 930//930 952//952
f  930//930 951//951 952//952
f  931//931 953//953 950//950
f  931//931 932//932 953//953
f  953//953 932//932 954//954
f  932//932 955//955 954//954
f  932//932 933//933 955//955
f  933//933 934//934 955//955
f  934//934 956//956 955//955
f  934//934 935//935 956//956
f  935//935 957//957 956//956
f  935//935 958//958 957//957
f  935//935 936//936 958//958
f  936//936 959//959 958//958
f  936//936 937//937 959//959
f  937//937 960//960 959//959
f  937//937 940//940 960//960
f  944//944 938//938 961//961
f  938//938 962//962 961//961
f  938//938 939//939 962//962
f  939//939 963//963 962//962
f  939//939 952//952 963//963
f  940//940 941//941 960//960
f  941//941 942//942 960//960
f  942//942 964//964 960//960
f  942//942 965//965 964//964
f  942//942 943//943 965//965
f  943//943 966//966 965//965
f  943//943 944//944 966//966
f  944//944 961//961 966//966
f  946//946 945//945 967//967
f  945//945 947//947 967//967
f  946//946 968//968 969//969
f  946//946 967//967 968//968
f  951//951 946//946 970//970
f  946//946 969//969 970//970
f  947//947 948//948 967//967
f  948//948 971//971 967//967
f  948//948 972//972 971//971
f  948//948 949//949 972//972
f  949//949 950//950 972//972
f  950//950 973//973 972//972
f  950//950 953//953 973//973
f  952//952 951//951 974//974
f  951//951 975//975 974//974
f  951//951 970//970 975//975
f  963//963 952//952 974//974
f  953//953 954//954 973//973
f  954//954 955//955 973//973
f  955//955 976//976 973//973
f  955//955 956//956 976//976
f  956//956 977//977 976//976
f  956//956 978//978 977//977
f  956//956 957//957 978//978
f  957//957 958//958 978//978
f  958//958 979//979 978//978
f  958//958 959//959 979//979
f  959//959 980//980 979//979
f  959//959 960//960 980//980
f  960//960 964//964 980//980
f  966//966 961//961 981//981
f  961//961 982//982 981//981
f  961//961 983//983 982//982
f  961//961 962//962 983//983
f  962//962 974//974 983//983
f  962//962 963//963 974//974
f  964//964 965//965 980//980
f  965//965 984//984 980//980
f  965//965 966//966 984//984
f  966//966 981//981 984//984
f  968//968 967//967 985//985
f  967//967 971//971 985//985
f  969//969 968//968 986//986
f  968//968 985//985 986//986
f  970//970 969//969 986//986
f  975//975 970//970 986//986
f  971//971 987//987 985//985
f  971//971 972//972 987//987
f  972//972 988//988 987//987
f  972//972 973//973 988//988
f  973//973 976//976 988//988
f  983//983 974//974 989//989
f  974//974 990//990 989//989
f  974//974 991//991 990//990
f  974//974 975//975 991//991
f  975//975 986//986 991//991
f  976//976 977//977 988//988
f  977//977 992//992 988//988
f  977//977 978//978 992//992
f  978//978 979//979 992//992
f  979//979 993//993 992//992
f  979//979 980//980 993//993
f  993//993 980//980 994//994
f  980//980 995//995 994//994
f  980//980 996//996 995//995
f  980//980 997//997 996//996
f  980//980 984//984 997//997
f  984//984 981//981 989//989
f  981//981 982//982 989//989
f  982//982 983//983 989//989
f  984//984 989//989 997//997
f  986//986 985//985 998//998
f  985//985 987//987 998//998
f  986//986 998//998 999//999
f  999//999 991//991 986//986
f  987//987 988//988 998//998
f  988//988 1000//1000 998//998
f  988//988 992//992 1000//1000
f  997//997 989//989 999//999
f  989//989 990//990 999//999
f  990//990 991//991 999//999
f  992//992 993//993 1000//1000
f  993//993 994//994 1000//1000
f  994//994 995//995 1000//1000
f  995//995 996//996 1000//1000
f  996//996 997//997 1000//1000
f  997//997 999//999 1000//1000
f  999//999 998//998 1000//1000
