#VRML V2.0 utf8 
Transform { 
 children [ 
    Shape { 
appearance Appearance {
              material DEF surface Material {
              diffuseColor 0.8 0.8 0.8
              ambientIntensity 0.2
              specularColor 0.4 0.4 0.4
              emissiveColor 0 0 0
              shininess 0.25
              transparency 0
            }
          }
   geometry IndexedFaceSet { 
   solid FALSE 
    coord DEF bone Coordinate{ 
     point [ 
	  0.182457   0.000706   0.028831,
	  0.183739  -0.000368   0.020450,
	  0.182777   0.003811   0.022747,
	  0.181697   0.006457   0.026314,
	  0.179852  -0.003031   0.024374,
	  0.181079   0.007066   0.029925,
	  0.180803   0.005060   0.032381,
	  0.180891   0.002086   0.033043,
	  0.179717  -0.000451   0.033065,
	  0.178252  -0.002531   0.031405,
	  0.178120  -0.003223   0.028323,
	  0.179594   0.000872   0.016570,
	  0.175637  -0.003270   0.021607,
	  0.178882   0.007110   0.020604,
	  0.177552   0.010757   0.025555,
	  0.173081  -0.004389   0.027121,
	  0.176798   0.011295   0.030671,
	  0.177603   0.007810   0.034569,
	  0.178255   0.002927   0.035975,
	  0.175504  -0.000866   0.035353,
	  0.172911  -0.003523   0.032097,
	  0.174238   0.003523   0.017533,
	  0.170255  -0.002371   0.020714,
	  0.169382  -0.003788   0.026491,
	  0.175317   0.009331   0.020328,
	  0.175470   0.011383   0.025399,
	  0.167775  -0.003896   0.032417,
	  0.174655   0.012067   0.031605,
	  0.174526   0.009871   0.036282,
	  0.175120   0.003884   0.037192,
	  0.171807  -0.000336   0.036035,
	  0.170401   0.004658   0.020150,
	  0.167989   0.000720   0.022256,
	  0.166249  -0.001086   0.026510,
	  0.166160  -0.000934   0.031364,
	  0.172901   0.008947   0.021471,
	  0.173556   0.011673   0.025841,
	  0.168559   0.001064   0.035341,
	  0.172908   0.012217   0.030777,
	  0.173105   0.009647   0.035378,
	  0.171852   0.004889   0.037034,
	  0.163289   0.007089   0.020850,
	  0.160136   0.004448   0.023071,
	  0.157701   0.003824   0.026588,
	  0.158053   0.003839   0.030241,
	  0.162606   0.003456   0.034774,
	  0.165515   0.010749   0.022178,
	  0.166331   0.013112   0.025899,
	  0.166726   0.006610   0.036537,
	  0.166224   0.013423   0.030310,
	  0.166938   0.011076   0.034555,
	  0.148545   0.011698   0.018397,
	  0.146729   0.007818   0.021434,
	  0.145452   0.006607   0.026043,
	  0.145670   0.007355   0.030090,
	  0.152642   0.008002   0.032760,
	  0.155371   0.010619   0.033401,
	  0.150903   0.016167   0.020085,
	  0.152192   0.018567   0.024555,
	  0.156123   0.014148   0.032776,
	  0.152393   0.018664   0.029351,
	  0.133086   0.016513   0.011941,
	  0.131048   0.009585   0.016617,
	  0.130038   0.006961   0.024300,
	  0.129899   0.008475   0.031037,
	  0.130544   0.014166   0.034207,
	  0.136521   0.017356   0.032050,
	  0.137070   0.021755   0.031956,
	  0.136004   0.023451   0.015718,
	  0.137490   0.025856   0.022880,
	  0.137386   0.025863   0.028830,
	  0.127402   0.018657   0.011081,
	  0.124355   0.010867   0.014860,
	  0.122184   0.007060   0.023120,
	  0.122002   0.008596   0.031461,
	  0.125658   0.014817   0.034522,
	  0.129208   0.019801   0.032836,
	  0.129679   0.024692   0.032019,
	  0.129822   0.028930   0.028626,
	  0.129835   0.026019   0.015245,
	  0.130341   0.028885   0.022528,
	  0.123850   0.020489   0.010808,
	  0.119887   0.012079   0.013847,
	  0.116250   0.007133   0.022068,
	  0.114900   0.008268   0.032365,
	  0.121297   0.015605   0.034845,
	  0.126683   0.020927   0.033804,
	  0.125743   0.026398   0.032931,
	  0.124981   0.030763   0.028745,
	  0.126010   0.029175   0.023030,
	  0.125867   0.027864   0.015796,
	  0.124575   0.020412   0.014820,
	  0.120502   0.014764   0.016799,
	  0.116739   0.011590   0.022832,
	  0.115884   0.012374   0.029971,
	  0.118991   0.017205   0.033252,
	  0.122770   0.021565   0.032288,
	  0.122756   0.025390   0.030412,
	  0.122438   0.026655   0.027786,
	  0.121871   0.026669   0.024579,
	  0.124778   0.025513   0.019099,
	  0.124107   0.021198   0.019491,
	  0.121598   0.017826   0.020196,
	  0.118830   0.015772   0.023628,
	  0.117897   0.016010   0.028058,
	  0.118890   0.018836   0.030598,
	  0.120631   0.021945   0.030564,
	  0.121798   0.023931   0.029109,
	  0.122350   0.024461   0.026924,
	  0.122402   0.024586   0.025517,
	  0.123742   0.024061   0.022384,
	  0.121058   0.021695   0.025963,
	  0.177373  -0.000258  -0.000421,
	  0.175716   0.000194  -0.005977,
	  0.178637   0.002281  -0.004579,
	  0.180844   0.002691  -0.002012,
	  0.173566  -0.002325  -0.003626,
	  0.181046   0.002814   0.000651,
	  0.179970   0.001442   0.002617,
	  0.178597  -0.000394   0.003111,
	  0.176321  -0.002151   0.003549,
	  0.173825  -0.003154   0.002011,
	  0.173027  -0.003461  -0.000686,
	  0.170841   0.002239  -0.005767,
	  0.169310  -0.001137  -0.004464,
	  0.174102   0.004514  -0.004658,
	  0.176923   0.005179  -0.001952,
	  0.168691  -0.003346  -0.000998,
	  0.177458   0.005035   0.001066,
	  0.176804   0.003218   0.003067,
	  0.175558   0.000944   0.003697,
	  0.172530  -0.001238   0.005151,
	  0.168763  -0.004088   0.003326,
	  0.166798   0.004306  -0.004987,
	  0.165624   0.001031  -0.003839,
	  0.165211  -0.001110  -0.000737,
	  0.170299   0.006204  -0.003897,
	  0.174442   0.006379  -0.001620,
	  0.164791  -0.001536   0.003481,
	  0.174657   0.006254   0.001277,
	  0.174100   0.004328   0.003086,
	  0.172866   0.002159   0.003709,
	  0.169428   0.000395   0.004520,
	  0.159630   0.007893  -0.002120,
	  0.161464   0.004254  -0.002072,
	  0.163065   0.001786  -0.000169,
	  0.163788   0.001505   0.002544,
	  0.165900   0.008033  -0.003050,
	  0.172347   0.008286  -0.001725,
	  0.166565   0.002191   0.004269,
	  0.172238   0.007773   0.001648,
	  0.171509   0.005901   0.003799,
	  0.169868   0.003627   0.004523,
	  0.127010   0.023159   0.001413,
	  0.143074   0.013695   0.000675,
	  0.156702   0.006542   0.000899,
	  0.158845   0.005596   0.002443,
	  0.162066   0.005287   0.003533,
	  0.147970   0.015979  -0.000682,
	  0.168980   0.008698  -0.001008,
	  0.165552   0.005660   0.003875,
	  0.169142   0.008613   0.001757,
	  0.167810   0.007148   0.003601,
	  0.118064   0.027078  -0.000912,
	  0.132310   0.017954   0.000869,
	  0.144370   0.012737   0.002273,
	  0.147573   0.011494   0.003503,
	  0.153694   0.009740   0.003869,
	  0.157955   0.009320   0.004246,
	  0.142819   0.019509  -0.001786,
	  0.166930   0.010352  -0.001041,
	  0.163391   0.009186   0.004239,
	  0.166026   0.010150   0.002089,
	  0.114104   0.028938  -0.000411,
	  0.122591   0.021831   0.000976,
	  0.130968   0.017029   0.003246,
	  0.133497   0.016468   0.005571,
	  0.136920   0.016553   0.006976,
	  0.141323   0.017165   0.006752,
	  0.151357   0.014808   0.005416,
	  0.137937   0.021327  -0.000647,
	  0.160873   0.011672   0.000056,
	  0.154752   0.014683   0.003041,
	  0.109512   0.030963  -0.001447,
	  0.114856   0.023456   0.000141,
	  0.121684   0.017875   0.003149,
	  0.122474   0.018412   0.007794,
	  0.123178   0.021816   0.009975,
	  0.125956   0.024347   0.009127,
	  0.127668   0.026417   0.008046,
	  0.128832   0.027623   0.005707,
	  0.121249   0.029229   0.000249,
	  0.128320   0.027640   0.002754,
	  0.107398   0.031555  -0.000375,
	  0.108698   0.024692  -0.000621,
	  0.111557   0.016027   0.002424,
	  0.113763   0.018056   0.009892,
	  0.116942   0.022962   0.012799,
	  0.119232   0.027401   0.011654,
	  0.120151   0.030633   0.009788,
	  0.120305   0.032464   0.006876,
	  0.119236   0.032719   0.003518,
	  0.113372   0.033182   0.000948,
	  0.102624   0.034346   0.001283,
	  0.105062   0.026997  -0.000575,
	  0.107639   0.020441   0.003693,
	  0.109013   0.020330   0.010041,
	  0.112077   0.024571   0.013712,
	  0.115244   0.029160   0.013594,
	  0.116106   0.032904   0.010941,
	  0.115459   0.034549   0.007392,
	  0.114569   0.034812   0.004078,
	  0.108832   0.035187   0.001820,
	  0.105622   0.033140   0.003390,
	  0.105966   0.029280   0.002352,
	  0.106796   0.024726   0.004250,
	  0.107530   0.024184   0.008699,
	  0.108297   0.027298   0.011963,
	  0.108207   0.032785   0.013650,
	  0.110922   0.035681   0.011580,
	  0.112727   0.036800   0.007872,
	  0.112433   0.036622   0.004015,
	  0.108879   0.034704   0.002477,
	  0.107545   0.032520   0.006631,
	  0.166281  -0.002850  -0.015013,
	  0.166455  -0.002829  -0.018042,
	  0.166572  -0.001515  -0.017344,
	  0.166925  -0.000674  -0.016106,
	  0.163333  -0.004089  -0.017464,
	  0.167117  -0.000495  -0.014584,
	  0.167076  -0.001153  -0.013330,
	  0.167223  -0.002763  -0.012860,
	  0.164761  -0.003478  -0.012003,
	  0.162348  -0.004706  -0.012819,
	  0.161669  -0.004968  -0.015319,
	  0.163464  -0.001718  -0.018535,
	  0.160561  -0.003508  -0.018996,
	  0.164890   0.000074  -0.018061,
	  0.165743   0.001406  -0.016329,
	  0.157250  -0.005269  -0.016149,
	  0.165977   0.001548  -0.013892,
	  0.165751   0.000224  -0.012054,
	  0.164765  -0.001529  -0.011234,
	  0.161689  -0.002952  -0.010596,
	  0.158528  -0.004391  -0.012173,
	  0.160726  -0.000327  -0.018306,
	  0.157930  -0.001774  -0.018106,
	  0.155730  -0.002741  -0.015490,
	  0.162300   0.001440  -0.018057,
	  0.163454   0.002908  -0.016239,
	  0.156006  -0.002659  -0.012251,
	  0.163734   0.003021  -0.013507,
	  0.162982   0.001767  -0.011394,
	  0.161509  -0.000002  -0.010460,
	  0.158728  -0.001487  -0.010389,
	  0.158068   0.000866  -0.019964,
	  0.155622  -0.000588  -0.017745,
	  0.153974  -0.000405  -0.014830,
	  0.153803   0.000002  -0.012603,
	  0.159718   0.003182  -0.018671,
	  0.160889   0.004755  -0.016197,
	  0.155808   0.000348  -0.010755,
	  0.161072   0.004867  -0.012976,
	  0.160228   0.003365  -0.010651,
	  0.158398   0.001511  -0.009960,
	  0.155617   0.002039  -0.019382,
	  0.149055   0.003507  -0.016319,
	  0.145224   0.005104  -0.013768,
	  0.145774   0.004988  -0.012224,
	  0.151395   0.003082  -0.011219,
	  0.156639   0.004608  -0.018290,
	  0.154362   0.007316  -0.015370,
	  0.152863   0.004112  -0.010304,
	  0.153300   0.008040  -0.012433,
	  0.153149   0.006338  -0.010477,
	  0.152911   0.003460  -0.017174,
	  0.139767   0.007974  -0.014746,
	  0.127093   0.013442  -0.011816,
	  0.129238   0.012378  -0.010261,
	  0.134435   0.011091  -0.009362,
	  0.139535   0.010470  -0.009269,
	  0.141831   0.011325  -0.016512,
	  0.135132   0.016786  -0.013603,
	  0.136652   0.014085  -0.008601,
	  0.135210   0.017011  -0.010563,
	  0.126535   0.015622  -0.014822,
	  0.120865   0.016082  -0.013804,
	  0.116039   0.015702  -0.011604,
	  0.117552   0.015678  -0.008133,
	  0.118640   0.017039  -0.005799,
	  0.121230   0.018972  -0.005279,
	  0.125117   0.020304  -0.006433,
	  0.126419   0.018496  -0.014849,
	  0.126934   0.020862  -0.012997,
	  0.127088   0.021047  -0.009671,
	  0.113212   0.021430  -0.016307,
	  0.111686   0.017872  -0.015162,
	  0.110270   0.015733  -0.011310,
	  0.110642   0.016278  -0.006496,
	  0.112812   0.018873  -0.003660,
	  0.114711   0.022166  -0.003210,
	  0.115719   0.025336  -0.004875,
	  0.116090   0.026987  -0.008340,
	  0.114525   0.024797  -0.015179,
	  0.115776   0.026678  -0.012210,
	  0.106127   0.024797  -0.015576,
	  0.104910   0.020349  -0.015344,
	  0.104171   0.016604  -0.011349,
	  0.105089   0.016964  -0.005430,
	  0.108353   0.020196  -0.002503,
	  0.111085   0.023738  -0.002755,
	  0.111142   0.027801  -0.004034,
	  0.110385   0.030682  -0.007448,
	  0.109726   0.030549  -0.011909,
	  0.107963   0.028201  -0.014855,
	  0.102535   0.026704  -0.015150,
	  0.099640   0.022930  -0.015576,
	  0.097324   0.019389  -0.011290,
	  0.097835   0.019701  -0.004559,
	  0.103418   0.022537  -0.002577,
	  0.106888   0.025500  -0.002739,
	  0.107439   0.029112  -0.003939,
	  0.107009   0.031854  -0.007054,
	  0.106339   0.031949  -0.011320,
	  0.104555   0.029873  -0.014438,
	  0.099098   0.028432  -0.013971,
	  0.099050   0.025407  -0.012757,
	  0.099548   0.023652  -0.010466,
	  0.099743   0.023347  -0.007195,
	  0.101564   0.024379  -0.004686,
	  0.103900   0.026455  -0.003846,
	  0.104429   0.029094  -0.004756,
	  0.103998   0.031064  -0.007024,
	  0.103463   0.031395  -0.010038,
	  0.101236   0.030661  -0.013156,
	  0.101614   0.027546  -0.008704,
	  0.153830   0.000954  -0.029496,
	  0.151207   0.001139  -0.032788,
	  0.152447   0.003325  -0.032702,
	  0.155149   0.005023  -0.031165,
	  0.151528  -0.000928  -0.031643,
	  0.155661   0.005023  -0.028262,
	  0.154125   0.003590  -0.026727,
	  0.153149   0.001667  -0.026243,
	  0.153762  -0.000992  -0.026856,
	  0.153716  -0.002226  -0.028451,
	  0.153386  -0.002226  -0.030320,
	  0.147638   0.002578  -0.033522,
	  0.147546  -0.000578  -0.032406,
	  0.149394   0.005482  -0.033013,
	  0.151263   0.007228  -0.030663,
	  0.148318  -0.002521  -0.029844,
	  0.151736   0.007196  -0.027433,
	  0.150865   0.005234  -0.025168,
	  0.149836   0.002615  -0.024600,
	  0.149519  -0.000189  -0.025085,
	  0.149098  -0.002286  -0.026986,
	  0.145346   0.003671  -0.032169,
	  0.144800   0.000743  -0.031783,
	  0.144893  -0.001668  -0.029535,
	  0.146543   0.006184  -0.031761,
	  0.147749   0.008043  -0.029786,
	  0.145485  -0.002906  -0.025824,
	  0.148169   0.008004  -0.026889,
	  0.147812   0.005912  -0.025027,
	  0.147176   0.003382  -0.024671,
	  0.146579   0.000647  -0.024703,
	  0.142297   0.005056  -0.030660,
	  0.141718   0.003188  -0.029992,
	  0.141595   0.001890  -0.028460,
	  0.141952   0.001645  -0.026462,
	  0.143029   0.007374  -0.031266,
	  0.143873   0.009184  -0.028997,
	  0.142606   0.002956  -0.025203,
	  0.144423   0.009085  -0.026333,
	  0.144231   0.006820  -0.024982,
	  0.143645   0.004643  -0.025195,
	  0.135765   0.007606  -0.027985,
	  0.135443   0.006565  -0.027587,
	  0.135257   0.005919  -0.026777,
	  0.135381   0.005790  -0.025662,
	  0.135453   0.006372  -0.024441,
	  0.136348   0.009154  -0.028499,
	  0.140568   0.009961  -0.028451,
	  0.135916   0.007717  -0.023842,
	  0.136869   0.011339  -0.025312,
	  0.139376   0.008272  -0.024273,
	  0.120061   0.013133  -0.025701,
	  0.120636   0.011370  -0.025346,
	  0.121279   0.010188  -0.024293,
	  0.121653   0.010237  -0.022791,
	  0.122349   0.010650  -0.021363,
	  0.122464   0.012846  -0.020358,
	  0.118302   0.016104  -0.025966,
	  0.116906   0.019293  -0.024444,
	  0.120276   0.016265  -0.020190,
	  0.117408   0.019334  -0.021648,
	  0.107441   0.017461  -0.025823,
	  0.107246   0.014376  -0.024973,
	  0.107352   0.012436  -0.022492,
	  0.108100   0.012706  -0.019530,
	  0.107525   0.015119  -0.017303,
	  0.109946   0.017399  -0.017737,
	  0.108837   0.020766  -0.017807,
	  0.106844   0.021095  -0.025244,
	  0.106564   0.023777  -0.022820,
	  0.107279   0.023695  -0.019627,
	  0.099977   0.020074  -0.025233,
	  0.100072   0.015837  -0.024980,
	  0.100537   0.012434  -0.022002,
	  0.101499   0.012758  -0.017711,
	  0.102733   0.016130  -0.015564,
	  0.103257   0.019736  -0.015698,
	  0.101677   0.023524  -0.016269,
	  0.099473   0.026426  -0.018253,
	  0.099377   0.023915  -0.024168,
	  0.098869   0.026507  -0.021474,
	  0.094722   0.021895  -0.025199,
	  0.094716   0.016922  -0.024984,
	  0.095076   0.012935  -0.021477,
	  0.096160   0.013249  -0.016408,
	  0.097579   0.017348  -0.013982,
	  0.098143   0.021523  -0.014402,
	  0.096435   0.025445  -0.015192,
	  0.094050   0.028329  -0.017261,
	  0.093116   0.028528  -0.020400,
	  0.093841   0.026134  -0.023480,
	  0.087975   0.024533  -0.022990,
	  0.088064   0.019385  -0.024747,
	  0.089994   0.012407  -0.021816,
	  0.091237   0.012407  -0.014762,
	  0.092983   0.018415  -0.012944,
	  0.093377   0.023009  -0.013435,
	  0.092498   0.026521  -0.014598,
	  0.090923   0.028746  -0.016750,
	  0.089931   0.029037  -0.019487,
	  0.088624   0.027648  -0.021725,
	  0.084403   0.026215  -0.020656,
	  0.086541   0.021371  -0.022753,
	  0.088696   0.016992  -0.020678,
	  0.089781   0.016386  -0.016452,
	  0.090473   0.019884  -0.014200,
	  0.090424   0.023631  -0.014622,
	  0.089885   0.026112  -0.015423,
	  0.088933   0.027639  -0.016745,
	  0.088195   0.027994  -0.018486,
	  0.086167   0.027639  -0.020165,
	  0.088118   0.024267  -0.017913,
	  0.142331   0.001815  -0.041932,
	  0.139450   0.002416  -0.045368,
	  0.140480   0.003455  -0.043936,
	  0.141476   0.003566  -0.042562,
	  0.138684   0.000791  -0.043486,
	  0.141884   0.003568  -0.041488,
	  0.142271   0.003147  -0.040439,
	  0.142831   0.001792  -0.039591,
	  0.140969   0.001072  -0.039633,
	  0.139316   0.000469  -0.040334,
	  0.138630   0.000342  -0.041681,
	  0.137130   0.003016  -0.045631,
	  0.135813   0.000884  -0.043955,
	  0.138862   0.004426  -0.044057,
	  0.140103   0.004862  -0.042423,
	  0.135245  -0.000243  -0.041565,
	  0.140575   0.004853  -0.040814,
	  0.141012   0.004019  -0.039299,
	  0.141275   0.002280  -0.037945,
	  0.138644   0.000515  -0.037825,
	  0.136177  -0.000159  -0.039326,
	  0.135236   0.003505  -0.044306,
	  0.133082   0.001662  -0.043384,
	  0.131673   0.000390  -0.041036,
	  0.136667   0.005544  -0.043872,
	  0.137684   0.006243  -0.042045,
	  0.131505  -0.000133  -0.038086,
	  0.138263   0.006244  -0.040077,
	  0.138937   0.004769  -0.038644,
	  0.138927   0.002831  -0.038068,
	  0.135995   0.001347  -0.037669,
	  0.133519   0.004066  -0.043549,
	  0.131260   0.002523  -0.042577,
	  0.129420   0.001576  -0.040425,
	  0.129908   0.001554  -0.038144,
	  0.134177   0.006129  -0.043212,
	  0.134858   0.007558  -0.041511,
	  0.134124   0.002146  -0.037434,
	  0.135453   0.007413  -0.039269,
	  0.137130   0.005651  -0.037729,
	  0.138155   0.003099  -0.038037,
	  0.130932   0.004730  -0.043942,
	  0.130080   0.002995  -0.042134,
	  0.129731   0.002872  -0.040043,
	  0.130040   0.002858  -0.038595,
	  0.133669   0.002245  -0.037300,
	  0.130909   0.007042  -0.042540,
	  0.130352   0.008142  -0.040389,
	  0.137664   0.003303  -0.036428,
	  0.130820   0.008176  -0.038462,
	  0.134621   0.006339  -0.037198,
	  0.128178   0.005558  -0.041760,
	  0.121888   0.005862  -0.039597,
	  0.115816   0.006693  -0.037067,
	  0.117598   0.006319  -0.035840,
	  0.125115   0.004481  -0.035339,
	  0.134623   0.004170  -0.035032,
	  0.125263   0.008535  -0.041270,
	  0.120882   0.011312  -0.038493,
	  0.129253   0.008493  -0.035181,
	  0.121763   0.011242  -0.036273,
	  0.101539   0.012430  -0.037232,
	  0.100230   0.010060  -0.036402,
	  0.098615   0.008697  -0.033787,
	  0.101568   0.008581  -0.031659,
	  0.114907   0.007170  -0.033028,
	  0.131158   0.005031  -0.036180,
	  0.117388   0.010817  -0.033857,
	  0.102369   0.014679  -0.036684,
	  0.104377   0.015697  -0.035216,
	  0.103215   0.015927  -0.032549,
	  0.081348   0.017563  -0.036990,
	  0.081233   0.011951  -0.036185,
	  0.082162   0.007701  -0.031875,
	  0.080580   0.006750  -0.025075,
	  0.100600   0.009039  -0.027051,
	  0.114094   0.009546  -0.032824,
	  0.109279   0.013365  -0.031721,
	  0.099588   0.018853  -0.031154,
	  0.088739   0.020632  -0.036567,
	  0.097187   0.018886  -0.034169,
	  0.067639   0.021880  -0.034311,
	  0.070714   0.014538  -0.035624,
	  0.075429   0.008750  -0.031158,
	  0.076537   0.006964  -0.023935,
	  0.089699   0.011057  -0.024755,
	  0.100148   0.013311  -0.028673,
	  0.099787   0.016415  -0.029535,
	  0.096147   0.019543  -0.030695,
	  0.092753   0.020449  -0.033186,
	  0.081676   0.022250  -0.034617,
	  0.069754   0.021393  -0.032783,
	  0.070537   0.016195  -0.033519,
	  0.072108   0.010823  -0.030386,
	  0.073428   0.010763  -0.024210,
	  0.083765   0.012834  -0.023545,
	  0.091762   0.015608  -0.025331,
	  0.092130   0.019118  -0.026799,
	  0.090062   0.021783  -0.029138,
	  0.088142   0.022900  -0.032445,
	  0.078890   0.022751  -0.033650,
	  0.074972   0.020282  -0.032666,
	  0.073804   0.016750  -0.032566,
	  0.074506   0.013066  -0.030287,
	  0.076146   0.012387  -0.026215,
	  0.082621   0.013913  -0.024131,
	  0.087153   0.016396  -0.025022,
	  0.087928   0.019386  -0.026212,
	  0.086585   0.021599  -0.028247,
	  0.085159   0.022195  -0.030901,
	  0.080283   0.021879  -0.032545,
	  0.080594   0.018294  -0.028791,
	  0.116349   0.036186   0.018171,
	  0.116783   0.033061   0.019936,
	  0.116538   0.032498   0.017579,
	  0.116689   0.033060   0.016524,
	  0.111771   0.032507   0.021714,
	  0.107732   0.033076   0.022229,
	  0.111271   0.032507   0.018521,
	  0.116688   0.028687   0.022681,
	  0.110403   0.027959   0.025007,
	  0.115930   0.028686   0.015136,
	  0.110688   0.028544   0.017200,
	  0.105177   0.028493   0.026002,
	  0.100874   0.028712   0.025850,
	  0.105625   0.028206   0.021188,
	  0.118337   0.024058   0.019693,
	  0.116257   0.022568   0.023245,
	  0.113122   0.022958   0.026218,
	  0.112387   0.023405   0.028035,
	  0.109698   0.022847   0.028081,
	  0.105497   0.023347   0.028881,
	  0.116171   0.023686   0.016553,
	  0.108834   0.023436   0.019077,
	  0.099390   0.023460   0.029243,
	  0.096608   0.023719   0.027618,
	  0.103777   0.023707   0.022927,
	  0.116801   0.017452   0.019428,
	  0.116623   0.017135   0.027771,
	  0.112886   0.017379   0.029097,
	  0.107979   0.017380   0.029707,
	  0.101314   0.017406   0.032005,
	  0.118009   0.017433   0.016229,
	  0.106774   0.017430   0.021221,
	  0.095975   0.017471   0.032362,
	  0.096331   0.016846   0.029856,
	  0.094802   0.017471   0.025714,
	  0.096222   0.017470   0.024766,
	  0.100292   0.016836   0.024420,
	  0.112047   0.010786   0.016374,
	  0.115187   0.011339   0.023967,
	  0.113708   0.011382   0.028754,
	  0.109113   0.010795   0.033203,
	  0.104016   0.011720   0.034174,
	  0.097395   0.011220   0.035793,
	  0.106807   0.011201   0.019346,
	  0.102447   0.011209   0.023415,
	  0.095178   0.011224   0.035105,
	  0.095891   0.012096   0.030260,
	  0.093481   0.011224   0.026201,
	  0.093461   0.011223   0.023920,
	  0.095844   0.011219   0.022675,
	  0.097855   0.011216   0.023653,
	  0.109376   0.008192   0.025384,
	  0.107921   0.008597   0.025798,
	  0.109913   0.008304   0.028477,
	  0.105509   0.008472   0.032031,
	  0.102459   0.008087   0.035027,
	  0.098458   0.008093   0.033575,
	  0.102255   0.008780   0.026319,
	  0.098541   0.008992   0.027936,
	  0.105480   0.007498   0.030126,
	  0.105717   0.016329   0.010297,
	  0.105914   0.021829   0.011450,
	  0.106181   0.025992   0.013008,
	  0.106135   0.016191   0.012737,
	  0.100590   0.023267   0.010909,
	  0.100588   0.019355   0.010898,
	  0.105240   0.027948   0.007519,
	  0.100139   0.029357   0.008279,
	  0.105032   0.030973   0.006299,
	  0.104795   0.033006   0.008738,
	  0.104924   0.033201   0.012159,
	  0.105438   0.032095   0.016843,
	  0.107296   0.027055   0.019513,
	  0.106797   0.020935   0.016599,
	  0.101121   0.020195   0.014261,
	  0.095448   0.020798   0.011429,
	  0.095335   0.026398   0.010772,
	  0.099623   0.032898   0.005274,
	  0.094902   0.031213   0.008248,
	  0.099821   0.037848   0.006425,
	  0.100829   0.036082   0.013524,
	  0.102063   0.035785   0.019504,
	  0.102065   0.031903   0.020190,
	  0.102458   0.028842   0.021807,
	  0.101140   0.024146   0.017171,
	  0.095994   0.022092   0.014894,
	  0.090191   0.017979   0.011285,
	  0.090017   0.020661   0.010268,
	  0.089890   0.027467   0.009523,
	  0.095141   0.034187   0.006586,
	  0.089413   0.031867   0.006744,
	  0.094646   0.037367   0.006754,
	  0.095220   0.036973   0.010203,
	  0.096482   0.036958   0.014546,
	  0.096630   0.035044   0.018139,
	  0.097313   0.031741   0.019306,
	  0.096482   0.026842   0.017471,
	  0.090818   0.021279   0.014944,
	  0.090458   0.027740   0.012346,
	  0.089367   0.034892   0.006474,
	  0.092096   0.034660   0.014517,
	  0.091400   0.031454   0.018332,
	  0.097298   0.031823  -0.008170,
	  0.094692   0.031823  -0.008917,
	  0.088897   0.033095  -0.000627,
	  0.097349   0.031823  -0.003927,
	  0.098489   0.026198  -0.008254,
	  0.098034   0.026510  -0.003717,
	  0.087509   0.031823  -0.004667,
	  0.092933   0.026094  -0.006629,
	  0.080962   0.031823  -0.004718,
	  0.078178   0.031823  -0.000357,
	  0.077033   0.031823   0.005748,
	  0.081891   0.031823   0.006667,
	  0.084975   0.031823   0.004727,
	  0.092108   0.031823   0.005946,
	  0.097424   0.031823   0.005135,
	  0.099361   0.031823   0.001367,
	  0.096680   0.019276  -0.006336,
	  0.094021   0.019939  -0.006539,
	  0.097785   0.026161   0.001255,
	  0.097197   0.019948  -0.002630,
	  0.089122   0.026198  -0.002351,
	  0.084593   0.026698  -0.003887,
	  0.088960   0.019948  -0.003274,
	  0.081487   0.026136  -0.002700,
	  0.079855   0.026089   0.000799,
	  0.078517   0.026198   0.004090,
	  0.081135   0.026094   0.004686,
	  0.085110   0.026085   0.004898,
	  0.090480   0.026084   0.003499,
	  0.095723   0.026687   0.003220,
	  0.093283   0.013698  -0.003591,
	  0.088746   0.015130  -0.003073,
	  0.094745   0.021016   0.000644,
	  0.090725   0.015218   0.000247,
	  0.093626   0.013698  -0.000922,
	  0.086110   0.019948  -0.004675,
	  0.082661   0.019934  -0.001680,
	  0.080206   0.020561   0.000939,
	  0.079727   0.019948   0.003748,
	  0.084145   0.019930   0.003635,
	  0.089301   0.019928   0.001852,
	  0.088540   0.012135  -0.000977,
	  0.085324   0.014933  -0.002492,
	  0.087691   0.013698   0.002852,
	  0.081700   0.013698   0.001624,
	  0.084361   0.013698   0.003757,
	  0.064449   0.020921  -0.022498,
	  0.064095   0.017719  -0.024509,
	  0.062948   0.018576  -0.022108,
	  0.065262   0.017213  -0.017035,
	  0.069739   0.026289  -0.019221,
	  0.070970   0.022305  -0.009576,
	  0.070404   0.025671  -0.015140,
	  0.063719   0.015689  -0.026642,
	  0.066499   0.019668  -0.022223,
	  0.062935   0.015420  -0.021244,
	  0.063366   0.013018  -0.015702,
	  0.068506   0.016102  -0.003732,
	  0.073135   0.028236  -0.016837,
	  0.071603   0.028958  -0.021807,
	  0.071806   0.023830  -0.023121,
	  0.074948   0.020630  -0.004486,
	  0.075468   0.024388  -0.005594,
	  0.073623   0.029364  -0.010351,
	  0.060563   0.011321  -0.022060,
	  0.066172   0.015885  -0.024387,
	  0.064585   0.012404  -0.025973,
	  0.065207   0.011018  -0.022910,
	  0.071384   0.017740  -0.024462,
	  0.067411   0.009878  -0.009948,
	  0.068270   0.009968  -0.005073,
	  0.074646   0.013698  -0.004684,
	  0.078700   0.026018  -0.017496,
	  0.079619   0.026522  -0.011974,
	  0.077351   0.023803  -0.021550,
	  0.077588   0.018806  -0.023543,
	  0.080794   0.014949  -0.005458,
	  0.080867   0.021100  -0.005524,
	  0.080568   0.024332  -0.007120,
	  0.066598   0.010808  -0.019056,
	  0.066465   0.012042  -0.015310,
	  0.071119   0.012810  -0.024549,
	  0.071361   0.010628  -0.020987,
	  0.077484   0.014115  -0.024204,
	  0.072981   0.010129  -0.014137,
	  0.074302   0.008613  -0.006509,
	  0.074901   0.009878  -0.003100,
	  0.080916   0.009641  -0.004647,
	  0.085273   0.025710  -0.015546,
	  0.083139   0.021836  -0.018795,
	  0.086047   0.025530  -0.011159,
	  0.085251   0.025755  -0.015669,
	  0.082897   0.016797  -0.021380,
	  0.086788   0.012539  -0.006955,
	  0.086433   0.017636  -0.008966,
	  0.086454   0.024086  -0.008845,
	  0.077341   0.009925  -0.023137,
	  0.078216   0.009397  -0.019762,
	  0.083708   0.014056  -0.023145,
	  0.079890   0.009566  -0.013995,
	  0.080292   0.008500  -0.008472,
	  0.080951   0.006855  -0.004418,
	  0.086551   0.009607  -0.008296,
	  0.086119   0.017320  -0.014313,
	  0.083458   0.010128  -0.023007,
	  0.085014   0.010554  -0.017010,
	  0.085950   0.009607  -0.011708,
	  0.094428   0.028315   0.033456,
	  0.091068   0.033648   0.035021,
	  0.088000   0.026381   0.037401,
	  0.090383   0.022140   0.034184,
	  0.091305   0.032821   0.028905,
	  0.092037   0.028114   0.027901,
	  0.089977   0.021879   0.028876,
	  0.083883   0.031319   0.038372,
	  0.088851   0.037152   0.028918,
	  0.086004   0.036458   0.031928,
	  0.083497   0.027774   0.038553,
	  0.082033   0.024845   0.039235,
	  0.084058   0.021275   0.037248,
	  0.088104   0.020210   0.035257,
	  0.086988   0.016726   0.030605,
	  0.091468   0.032211   0.021452,
	  0.091574   0.039122   0.021511,
	  0.091205   0.026623   0.022236,
	  0.086351   0.017636   0.023813,
	  0.088755   0.021726   0.022012,
	  0.083118   0.035765   0.031637,
	  0.080564   0.033116   0.034230,
	  0.082221   0.029310   0.033142,
	  0.087345   0.038999   0.022580,
	  0.083864   0.038291   0.025397,
	  0.081799   0.022864   0.032819,
	  0.080614   0.017929   0.034208,
	  0.083947   0.015730   0.032155,
	  0.082961   0.015119   0.025418,
	  0.088682   0.028602   0.015789,
	  0.088439   0.034908   0.015422,
	  0.086406   0.038271   0.016335,
	  0.082049   0.018570   0.018366,
	  0.084133   0.022749   0.016822,
	  0.080192   0.038243   0.026818,
	  0.079859   0.036047   0.026974,
	  0.080596   0.028536   0.026534,
	  0.082674   0.036467   0.018025,
	  0.079051   0.035491   0.019766,
	  0.079581   0.022768   0.026251,
	  0.077204   0.015958   0.028212,
	  0.079886   0.015557   0.026920,
	  0.079671   0.018975   0.020219,
	  0.083964   0.028193   0.009887,
	  0.084762   0.032290   0.009562,
	  0.083111   0.035963   0.010287,
	  0.077058   0.023780   0.014434,
	  0.079132   0.022451   0.012141,
	  0.080542   0.024752   0.010667,
	  0.075606   0.032500   0.021372,
	  0.076791   0.027071   0.021483,
	  0.078047   0.034648   0.013401,
	  0.074113   0.032874   0.014545,
	  0.076144   0.023445   0.021121,
	  0.079227   0.029076   0.005843,
	  0.078096   0.027244   0.006417,
	  0.078370   0.030816   0.006376,
	  0.075158   0.031535   0.008337,
	  0.071635   0.028784   0.015638,
	  0.074905   0.027088   0.008693,
	  0.071004   0.031538   0.015931,
	  0.069802   0.029969   0.008906,
	  0.075197   0.028525   0.004493,
	 -0.009800   0.006447   0.006334,
	 -0.006475   0.009886   0.008124,
	 -0.007928   0.011089   0.002466,
	 -0.008750   0.008045   0.001771,
	 -0.005553   0.003581   0.013011,
	 -0.004554   0.001729   0.015819,
	 -0.004003   0.000981   0.009120,
	 -0.005921   0.004724   0.003307,
	 -0.003690   0.020095   0.003036,
	 -0.000772   0.018081   0.012413,
	  0.000624   0.011111   0.016810,
	 -0.004857   0.018552  -0.001627,
	 -0.004527   0.016119  -0.003911,
	 -0.002931   0.011628  -0.005138,
	  0.004620   0.003193   0.021065,
	  0.005396  -0.005126   0.022695,
	  0.006055  -0.008774   0.020801,
	  0.004757  -0.006383   0.014245,
	  0.004430  -0.005156   0.006465,
	  0.002056  -0.001623   0.001536,
	  0.000421   0.004049  -0.003059,
	  0.000944   0.025782  -0.004034,
	  0.002370   0.029251   0.000993,
	  0.002641   0.027782   0.008707,
	  0.005172   0.027006   0.013016,
	  0.006443   0.021472   0.015961,
	  0.008331   0.013352   0.019518,
	  0.002454   0.018972  -0.009334,
	  0.004747   0.011427  -0.008924,
	  0.003545   0.014834  -0.010032,
	  0.012262   0.007258   0.022939,
	  0.013694   0.000056   0.024458,
	  0.015471  -0.006038   0.022654,
	  0.014722  -0.008869   0.017287,
	  0.013507  -0.008105   0.010953,
	  0.012264  -0.006529   0.006031,
	  0.010601  -0.003739   0.000741,
	  0.009167  -0.001820  -0.003936,
	  0.007818   0.000287  -0.007181,
	  0.007243   0.006443  -0.007463,
	  0.009408   0.032206  -0.004104,
	  0.009926   0.024844  -0.009384,
	  0.010152   0.032518   0.008052,
	  0.013075   0.030355   0.013790,
	  0.015979   0.018167   0.017923,
	  0.010059   0.017777  -0.011058,
	  0.012961   0.012713  -0.010773,
	  0.020806   0.005718   0.022569,
	  0.021980  -0.000432   0.024714,
	  0.024313  -0.005678   0.025198,
	  0.024253  -0.008781   0.020068,
	  0.022508  -0.006210   0.013998,
	  0.018761  -0.004144   0.004366,
	  0.017675  -0.001445  -0.005424,
	  0.016492  -0.002445  -0.011749,
	  0.015774   0.001019  -0.012899,
	  0.014759   0.006206  -0.010987,
	  0.017040   0.035050  -0.000631,
	  0.017659   0.034776  -0.005675,
	  0.016856   0.030669  -0.008463,
	  0.018389   0.023422  -0.010830,
	  0.018281   0.034414   0.009792,
	  0.021199   0.033527   0.014263,
	  0.022835   0.028169   0.016284,
	  0.027504   0.015275   0.018072,
	  0.022116   0.014151  -0.011858,
	  0.029165   0.005369   0.021424,
	  0.030491   0.002893   0.021506,
	  0.029480   0.000377   0.015585,
	  0.027145   0.000882   0.000193,
	  0.026801   0.001065  -0.007316,
	  0.025104   0.001544  -0.011313,
	  0.023705   0.004309  -0.014804,
	  0.022913   0.005745  -0.014658,
	  0.024472   0.034643  -0.006284,
	  0.025413   0.034843  -0.002430,
	  0.025483   0.032488   0.005689,
	  0.025474   0.030779  -0.010318,
	  0.028426   0.022624  -0.013930,
	  0.026990   0.031884   0.012007,
	  0.031064   0.029365   0.020143,
	  0.036479   0.023555   0.019226,
	  0.039802   0.013653   0.016706,
	  0.036804   0.010916   0.017907,
	  0.031641   0.010213  -0.012649,
	  0.030994   0.017478  -0.015399,
	  0.037652   0.007545   0.017324,
	  0.037891   0.006790   0.013777,
	  0.037453   0.005732   0.004867,
	  0.037024   0.005098  -0.000533,
	  0.035568   0.004010  -0.004975,
	  0.034334   0.005667  -0.009036,
	  0.035172   0.029667  -0.005091,
	  0.033341   0.028658  -0.009157,
	  0.033445   0.030574   0.000501,
	  0.037635   0.027059   0.011559,
	  0.038045   0.023989  -0.013482,
	  0.040568   0.021298  -0.019624,
	  0.040425   0.028975   0.019613,
	  0.046468   0.028294   0.025215,
	  0.045683   0.026633   0.023968,
	  0.048990   0.022732   0.023523,
	  0.048946   0.017837   0.020643,
	  0.049112   0.012977   0.018057,
	  0.049909   0.010815   0.014051,
	  0.043610   0.013118  -0.011589,
	  0.042036   0.018079  -0.017217,
	  0.047302   0.010889   0.010396,
	  0.047668   0.011130   0.007323,
	  0.048147   0.008895   0.002337,
	  0.046767   0.007755  -0.003031,
	  0.045368   0.009367  -0.007347,
	  0.046200   0.026536  -0.005867,
	  0.045592   0.027670  -0.011507,
	  0.045298   0.025074   0.000518,
	  0.048272   0.024616   0.006325,
	  0.050266   0.028006   0.012903,
	  0.053866   0.032786   0.022134,
	  0.047307   0.025879  -0.014178,
	  0.048659   0.024642  -0.020542,
	  0.055762   0.031868   0.024437,
	  0.059227   0.030990   0.024329,
	  0.062667   0.028276   0.024055,
	  0.058821   0.020278   0.025947,
	  0.058927   0.018273   0.023604,
	  0.057480   0.017413   0.019376,
	  0.056188   0.015503   0.013265,
	  0.058033   0.012475   0.010714,
	  0.052705   0.016095  -0.010784,
	  0.051068   0.019010  -0.015366,
	  0.049866   0.021372  -0.018834,
	  0.056711   0.011844   0.004353,
	  0.056129   0.010650  -0.000075,
	  0.054675   0.011187  -0.006728,
	  0.053022   0.028636  -0.004049,
	  0.055774   0.029437  -0.010299,
	  0.055231   0.028790  -0.012959,
	  0.054704   0.026708  -0.014340,
	  0.055838   0.030629   0.000406,
	  0.060407   0.028903   0.007302,
	  0.061297   0.027242   0.018195,
	  0.059228   0.022870  -0.015298,
	  0.056564   0.023562  -0.017206,
	  0.063531   0.024029   0.020417,
	  0.068407   0.022121   0.017062,
	  0.067995   0.021631   0.013961,
	  0.063709   0.018515   0.010031,
	  0.065687   0.012501   0.002194,
	  0.062593   0.011763  -0.013353,
	  0.061851   0.013506  -0.014873,
	  0.060873   0.018242  -0.013112,
	  0.063451   0.011763  -0.008490,
	  0.059850   0.029726  -0.004238,
	  0.060954   0.028450  -0.010506,
	  0.060623   0.029993   0.001552,
	  0.063909   0.026028   0.010407,
	  0.065377   0.026145  -0.011713,
	  0.064362   0.026705  -0.013688,
	  0.062922   0.027318  -0.014084,
	  0.067908   0.027374   0.007006,
	  0.069356   0.022093   0.007068,
	  0.067734   0.023078   0.003683,
	  0.066528   0.023976   0.001849,
	  0.065839   0.025310  -0.000709,
	  0.065642   0.025307  -0.006357,
	  0.063622   0.031284  -0.000750,
	  0.066554   0.031337  -0.010016,
	  0.066785   0.032574   0.001713,
     ]    } 
    coordIndex [ 
	     0,      1,      2, -1 
	     0,      2,      3, -1 
	     0,      4,      1, -1 
	     0,      3,      5, -1 
	     0,      5,      6, -1 
	     0,      6,      7, -1 
	     0,      7,      8, -1 
	     0,      8,      9, -1 
	     0,      9,     10, -1 
	     0,     10,      4, -1 
	     1,     11,      2, -1 
	    12,     11,      1, -1 
	     4,     12,      1, -1 
	    11,     13,      2, -1 
	     2,     13,      3, -1 
	    13,     14,      3, -1 
	     3,     14,      5, -1 
	    15,     12,      4, -1 
	    10,     15,      4, -1 
	    14,     16,      5, -1 
	     5,     16,      6, -1 
	    16,     17,      6, -1 
	     6,     17,      7, -1 
	    17,     18,      7, -1 
	     7,     18,      8, -1 
	    18,     19,      8, -1 
	     8,     19,      9, -1 
	    19,     20,      9, -1 
	     9,     20,     10, -1 
	    20,     15,     10, -1 
	    11,     21,     13, -1 
	    22,     21,     11, -1 
	    12,     22,     11, -1 
	    23,     22,     12, -1 
	    15,     23,     12, -1 
	    21,     24,     13, -1 
	    13,     24,     14, -1 
	    24,     25,     14, -1 
	    14,     25,     16, -1 
	    26,     23,     15, -1 
	    20,     26,     15, -1 
	    25,     27,     16, -1 
	    16,     27,     17, -1 
	    27,     28,     17, -1 
	    17,     28,     18, -1 
	    28,     29,     18, -1 
	    18,     29,     19, -1 
	    29,     30,     19, -1 
	    19,     30,     20, -1 
	    30,     26,     20, -1 
	    21,     31,     24, -1 
	    32,     31,     21, -1 
	    22,     32,     21, -1 
	    33,     32,     22, -1 
	    23,     33,     22, -1 
	    34,     33,     23, -1 
	    26,     34,     23, -1 
	    31,     35,     24, -1 
	    24,     35,     25, -1 
	    35,     36,     25, -1 
	    27,     25,     36, -1 
	    37,     34,     26, -1 
	    30,     37,     26, -1 
	    27,     36,     38, -1 
	    27,     38,     28, -1 
	    38,     39,     28, -1 
	    28,     39,     29, -1 
	    39,     40,     29, -1 
	    29,     40,     30, -1 
	    40,     37,     30, -1 
	    31,     41,     35, -1 
	    42,     41,     31, -1 
	    32,     42,     31, -1 
	    43,     42,     32, -1 
	    33,     43,     32, -1 
	    44,     43,     33, -1 
	    34,     44,     33, -1 
	    45,     44,     34, -1 
	    37,     45,     34, -1 
	    41,     46,     35, -1 
	    35,     46,     36, -1 
	    46,     47,     36, -1 
	    36,     47,     38, -1 
	    48,     45,     37, -1 
	    40,     48,     37, -1 
	    47,     49,     38, -1 
	    38,     49,     39, -1 
	    49,     50,     39, -1 
	    39,     50,     40, -1 
	    50,     48,     40, -1 
	    41,     51,     46, -1 
	    52,     51,     41, -1 
	    42,     52,     41, -1 
	    53,     52,     42, -1 
	    43,     53,     42, -1 
	    54,     53,     43, -1 
	    44,     54,     43, -1 
	    55,     54,     44, -1 
	    45,     55,     44, -1 
	    56,     55,     45, -1 
	    48,     56,     45, -1 
	    51,     57,     46, -1 
	    46,     57,     47, -1 
	    57,     58,     47, -1 
	    47,     58,     49, -1 
	    59,     56,     48, -1 
	    50,     59,     48, -1 
	    58,     60,     49, -1 
	    49,     60,     50, -1 
	    60,     59,     50, -1 
	    51,     61,     57, -1 
	    62,     61,     51, -1 
	    52,     62,     51, -1 
	    63,     62,     52, -1 
	    53,     63,     52, -1 
	    64,     63,     53, -1 
	    54,     64,     53, -1 
	    65,     64,     54, -1 
	    55,     65,     54, -1 
	    66,     65,     55, -1 
	    56,     66,     55, -1 
	    67,     66,     56, -1 
	    59,     67,     56, -1 
	    61,     68,     57, -1 
	    57,     68,     58, -1 
	    68,     69,     58, -1 
	    58,     69,     60, -1 
	    70,     67,     59, -1 
	    60,     70,     59, -1 
	    69,     70,     60, -1 
	    61,     71,     68, -1 
	    72,     71,     61, -1 
	    62,     72,     61, -1 
	    73,     72,     62, -1 
	    63,     73,     62, -1 
	    74,     73,     63, -1 
	    64,     74,     63, -1 
	    75,     74,     64, -1 
	    65,     75,     64, -1 
	    76,     75,     65, -1 
	    66,     76,     65, -1 
	    77,     76,     66, -1 
	    67,     77,     66, -1 
	    78,     77,     67, -1 
	    70,     78,     67, -1 
	    71,     79,     68, -1 
	    68,     79,     69, -1 
	    79,     80,     69, -1 
	    69,     80,     70, -1 
	    80,     78,     70, -1 
	    71,     81,     79, -1 
	    82,     81,     71, -1 
	    72,     82,     71, -1 
	    83,     82,     72, -1 
	    73,     83,     72, -1 
	    84,     83,     73, -1 
	    74,     84,     73, -1 
	    85,     84,     74, -1 
	    75,     85,     74, -1 
	    86,     85,     75, -1 
	    76,     86,     75, -1 
	    87,     86,     76, -1 
	    77,     87,     76, -1 
	    88,     87,     77, -1 
	    78,     88,     77, -1 
	    89,     88,     78, -1 
	    80,     89,     78, -1 
	    81,     90,     79, -1 
	    79,     90,     80, -1 
	    90,     89,     80, -1 
	    81,     91,     90, -1 
	    92,     91,     81, -1 
	    82,     92,     81, -1 
	    93,     92,     82, -1 
	    83,     93,     82, -1 
	    94,     93,     83, -1 
	    84,     94,     83, -1 
	    95,     94,     84, -1 
	    85,     95,     84, -1 
	    96,     95,     85, -1 
	    86,     96,     85, -1 
	    97,     96,     86, -1 
	    87,     97,     86, -1 
	    98,     97,     87, -1 
	    88,     98,     87, -1 
	    99,     98,     88, -1 
	    89,     99,     88, -1 
	    90,    100,     89, -1 
	   100,     99,     89, -1 
	    91,    100,     90, -1 
	    91,    101,    100, -1 
	   102,    101,     91, -1 
	    92,    102,     91, -1 
	   103,    102,     92, -1 
	    93,    103,     92, -1 
	   104,    103,     93, -1 
	    94,    104,     93, -1 
	   105,    104,     94, -1 
	    95,    105,     94, -1 
	   106,    105,     95, -1 
	    96,    106,     95, -1 
	   107,    106,     96, -1 
	    97,    107,     96, -1 
	   108,    107,     97, -1 
	    98,    108,     97, -1 
	   109,    108,     98, -1 
	    99,    109,     98, -1 
	   100,    110,     99, -1 
	   110,    109,     99, -1 
	   101,    110,    100, -1 
	   101,    111,    110, -1 
	   102,    111,    101, -1 
	   103,    111,    102, -1 
	   104,    111,    103, -1 
	   105,    111,    104, -1 
	   106,    111,    105, -1 
	   107,    111,    106, -1 
	   108,    111,    107, -1 
	   109,    111,    108, -1 
	   110,    111,    109, -1 
	   112,    113,    114, -1 
	   112,    114,    115, -1 
	   112,    116,    113, -1 
	   112,    115,    117, -1 
	   112,    117,    118, -1 
	   112,    118,    119, -1 
	   112,    119,    120, -1 
	   112,    120,    121, -1 
	   112,    121,    122, -1 
	   112,    122,    116, -1 
	   113,    123,    114, -1 
	   124,    123,    113, -1 
	   116,    124,    113, -1 
	   123,    125,    114, -1 
	   114,    125,    115, -1 
	   125,    126,    115, -1 
	   115,    126,    117, -1 
	   127,    124,    116, -1 
	   122,    127,    116, -1 
	   126,    128,    117, -1 
	   117,    128,    118, -1 
	   128,    129,    118, -1 
	   118,    129,    119, -1 
	   129,    130,    119, -1 
	   119,    130,    120, -1 
	   130,    131,    120, -1 
	   120,    131,    121, -1 
	   131,    132,    121, -1 
	   121,    132,    122, -1 
	   132,    127,    122, -1 
	   123,    133,    125, -1 
	   134,    133,    123, -1 
	   124,    134,    123, -1 
	   135,    134,    124, -1 
	   127,    135,    124, -1 
	   133,    136,    125, -1 
	   125,    136,    126, -1 
	   136,    137,    126, -1 
	   126,    137,    128, -1 
	   138,    135,    127, -1 
	   132,    138,    127, -1 
	   137,    139,    128, -1 
	   128,    139,    129, -1 
	   139,    140,    129, -1 
	   129,    140,    130, -1 
	   140,    141,    130, -1 
	   130,    141,    131, -1 
	   141,    142,    131, -1 
	   131,    142,    132, -1 
	   142,    138,    132, -1 
	   133,    143,    136, -1 
	   144,    143,    133, -1 
	   134,    144,    133, -1 
	   145,    144,    134, -1 
	   135,    145,    134, -1 
	   146,    145,    135, -1 
	   138,    146,    135, -1 
	   143,    147,    136, -1 
	   136,    147,    137, -1 
	   147,    148,    137, -1 
	   137,    148,    139, -1 
	   149,    146,    138, -1 
	   142,    149,    138, -1 
	   148,    150,    139, -1 
	   139,    150,    140, -1 
	   150,    151,    140, -1 
	   140,    151,    141, -1 
	   151,    152,    141, -1 
	   141,    152,    142, -1 
	   152,    149,    142, -1 
	   143,    153,    147, -1 
	   154,    153,    143, -1 
	   144,    154,    143, -1 
	   155,    154,    144, -1 
	   145,    155,    144, -1 
	   156,    155,    145, -1 
	   146,    156,    145, -1 
	   157,    156,    146, -1 
	   149,    157,    146, -1 
	   153,    158,    147, -1 
	   147,    158,    148, -1 
	   158,    159,    148, -1 
	   148,    159,    150, -1 
	   160,    157,    149, -1 
	   152,    160,    149, -1 
	   159,    161,    150, -1 
	   150,    161,    151, -1 
	   161,    162,    151, -1 
	   151,    162,    152, -1 
	   162,    160,    152, -1 
	   153,    163,    158, -1 
	   164,    163,    153, -1 
	   154,    164,    153, -1 
	   165,    164,    154, -1 
	   155,    165,    154, -1 
	   166,    165,    155, -1 
	   156,    166,    155, -1 
	   167,    166,    156, -1 
	   157,    167,    156, -1 
	   168,    167,    157, -1 
	   160,    168,    157, -1 
	   163,    169,    158, -1 
	   158,    169,    159, -1 
	   169,    170,    159, -1 
	   159,    170,    161, -1 
	   171,    168,    160, -1 
	   162,    171,    160, -1 
	   170,    172,    161, -1 
	   161,    172,    162, -1 
	   172,    171,    162, -1 
	   163,    173,    169, -1 
	   174,    173,    163, -1 
	   164,    174,    163, -1 
	   175,    174,    164, -1 
	   165,    175,    164, -1 
	   176,    175,    165, -1 
	   166,    176,    165, -1 
	   177,    176,    166, -1 
	   167,    177,    166, -1 
	   178,    177,    167, -1 
	   168,    178,    167, -1 
	   179,    178,    168, -1 
	   171,    179,    168, -1 
	   173,    180,    169, -1 
	   169,    180,    170, -1 
	   180,    181,    170, -1 
	   170,    181,    172, -1 
	   182,    179,    171, -1 
	   172,    182,    171, -1 
	   181,    182,    172, -1 
	   173,    183,    180, -1 
	   184,    183,    173, -1 
	   174,    184,    173, -1 
	   185,    184,    174, -1 
	   175,    185,    174, -1 
	   186,    185,    175, -1 
	   176,    186,    175, -1 
	   187,    186,    176, -1 
	   177,    187,    176, -1 
	   188,    187,    177, -1 
	   178,    188,    177, -1 
	   189,    188,    178, -1 
	   179,    189,    178, -1 
	   190,    189,    179, -1 
	   182,    190,    179, -1 
	   183,    191,    180, -1 
	   180,    191,    181, -1 
	   191,    192,    181, -1 
	   181,    192,    182, -1 
	   192,    190,    182, -1 
	   183,    193,    191, -1 
	   194,    193,    183, -1 
	   184,    194,    183, -1 
	   195,    194,    184, -1 
	   185,    195,    184, -1 
	   196,    195,    185, -1 
	   186,    196,    185, -1 
	   197,    196,    186, -1 
	   187,    197,    186, -1 
	   198,    197,    187, -1 
	   188,    198,    187, -1 
	   199,    198,    188, -1 
	   189,    199,    188, -1 
	   200,    199,    189, -1 
	   190,    200,    189, -1 
	   201,    200,    190, -1 
	   192,    201,    190, -1 
	   193,    202,    191, -1 
	   191,    202,    192, -1 
	   202,    201,    192, -1 
	   193,    203,    202, -1 
	   204,    203,    193, -1 
	   194,    204,    193, -1 
	   205,    204,    194, -1 
	   195,    205,    194, -1 
	   206,    205,    195, -1 
	   196,    206,    195, -1 
	   207,    206,    196, -1 
	   197,    207,    196, -1 
	   208,    207,    197, -1 
	   198,    208,    197, -1 
	   209,    208,    198, -1 
	   199,    209,    198, -1 
	   210,    209,    199, -1 
	   200,    210,    199, -1 
	   211,    210,    200, -1 
	   201,    211,    200, -1 
	   202,    212,    201, -1 
	   212,    211,    201, -1 
	   203,    212,    202, -1 
	   203,    213,    212, -1 
	   214,    213,    203, -1 
	   204,    214,    203, -1 
	   215,    214,    204, -1 
	   205,    215,    204, -1 
	   216,    215,    205, -1 
	   206,    216,    205, -1 
	   217,    216,    206, -1 
	   207,    217,    206, -1 
	   218,    217,    207, -1 
	   208,    218,    207, -1 
	   219,    218,    208, -1 
	   209,    219,    208, -1 
	   220,    219,    209, -1 
	   210,    220,    209, -1 
	   221,    220,    210, -1 
	   211,    221,    210, -1 
	   212,    222,    211, -1 
	   222,    221,    211, -1 
	   213,    222,    212, -1 
	   213,    223,    222, -1 
	   214,    223,    213, -1 
	   215,    223,    214, -1 
	   216,    223,    215, -1 
	   217,    223,    216, -1 
	   218,    223,    217, -1 
	   219,    223,    218, -1 
	   220,    223,    219, -1 
	   221,    223,    220, -1 
	   222,    223,    221, -1 
	   224,    225,    226, -1 
	   224,    226,    227, -1 
	   224,    228,    225, -1 
	   224,    227,    229, -1 
	   224,    229,    230, -1 
	   224,    230,    231, -1 
	   224,    231,    232, -1 
	   224,    232,    233, -1 
	   224,    233,    234, -1 
	   224,    234,    228, -1 
	   225,    235,    226, -1 
	   236,    235,    225, -1 
	   228,    236,    225, -1 
	   235,    237,    226, -1 
	   226,    237,    227, -1 
	   237,    238,    227, -1 
	   227,    238,    229, -1 
	   239,    236,    228, -1 
	   234,    239,    228, -1 
	   238,    240,    229, -1 
	   229,    240,    230, -1 
	   240,    241,    230, -1 
	   230,    241,    231, -1 
	   241,    242,    231, -1 
	   231,    242,    232, -1 
	   242,    243,    232, -1 
	   232,    243,    233, -1 
	   243,    244,    233, -1 
	   233,    244,    234, -1 
	   244,    239,    234, -1 
	   235,    245,    237, -1 
	   246,    245,    235, -1 
	   236,    246,    235, -1 
	   247,    246,    236, -1 
	   239,    247,    236, -1 
	   245,    248,    237, -1 
	   237,    248,    238, -1 
	   248,    249,    238, -1 
	   238,    249,    240, -1 
	   250,    247,    239, -1 
	   244,    250,    239, -1 
	   249,    251,    240, -1 
	   240,    251,    241, -1 
	   251,    252,    241, -1 
	   241,    252,    242, -1 
	   252,    253,    242, -1 
	   242,    253,    243, -1 
	   253,    254,    243, -1 
	   243,    254,    244, -1 
	   254,    250,    244, -1 
	   245,    255,    248, -1 
	   256,    255,    245, -1 
	   246,    256,    245, -1 
	   257,    256,    246, -1 
	   247,    257,    246, -1 
	   258,    257,    247, -1 
	   250,    258,    247, -1 
	   255,    259,    248, -1 
	   248,    259,    249, -1 
	   259,    260,    249, -1 
	   249,    260,    251, -1 
	   261,    258,    250, -1 
	   254,    261,    250, -1 
	   260,    262,    251, -1 
	   251,    262,    252, -1 
	   262,    263,    252, -1 
	   252,    263,    253, -1 
	   263,    264,    253, -1 
	   253,    264,    254, -1 
	   264,    261,    254, -1 
	   255,    265,    259, -1 
	   266,    265,    255, -1 
	   256,    266,    255, -1 
	   267,    266,    256, -1 
	   257,    267,    256, -1 
	   268,    267,    257, -1 
	   258,    268,    257, -1 
	   269,    268,    258, -1 
	   261,    269,    258, -1 
	   265,    270,    259, -1 
	   259,    270,    260, -1 
	   270,    271,    260, -1 
	   260,    271,    262, -1 
	   272,    269,    261, -1 
	   264,    272,    261, -1 
	   271,    273,    262, -1 
	   262,    273,    263, -1 
	   273,    274,    263, -1 
	   263,    274,    264, -1 
	   274,    272,    264, -1 
	   265,    275,    270, -1 
	   276,    275,    265, -1 
	   266,    276,    265, -1 
	   277,    276,    266, -1 
	   267,    277,    266, -1 
	   278,    277,    267, -1 
	   268,    278,    267, -1 
	   279,    278,    268, -1 
	   269,    279,    268, -1 
	   280,    279,    269, -1 
	   272,    280,    269, -1 
	   275,    281,    270, -1 
	   270,    281,    271, -1 
	   281,    282,    271, -1 
	   271,    282,    273, -1 
	   283,    280,    272, -1 
	   274,    283,    272, -1 
	   282,    284,    273, -1 
	   273,    284,    274, -1 
	   284,    283,    274, -1 
	   275,    285,    281, -1 
	   286,    285,    275, -1 
	   276,    286,    275, -1 
	   287,    286,    276, -1 
	   277,    287,    276, -1 
	   288,    287,    277, -1 
	   278,    288,    277, -1 
	   289,    288,    278, -1 
	   279,    289,    278, -1 
	   290,    289,    279, -1 
	   280,    290,    279, -1 
	   291,    290,    280, -1 
	   283,    291,    280, -1 
	   285,    292,    281, -1 
	   281,    292,    282, -1 
	   292,    293,    282, -1 
	   282,    293,    284, -1 
	   294,    291,    283, -1 
	   284,    294,    283, -1 
	   293,    294,    284, -1 
	   285,    295,    292, -1 
	   296,    295,    285, -1 
	   286,    296,    285, -1 
	   297,    296,    286, -1 
	   287,    297,    286, -1 
	   298,    297,    287, -1 
	   288,    298,    287, -1 
	   299,    298,    288, -1 
	   289,    299,    288, -1 
	   300,    299,    289, -1 
	   290,    300,    289, -1 
	   301,    300,    290, -1 
	   291,    301,    290, -1 
	   302,    301,    291, -1 
	   294,    302,    291, -1 
	   295,    303,    292, -1 
	   292,    303,    293, -1 
	   303,    304,    293, -1 
	   293,    304,    294, -1 
	   304,    302,    294, -1 
	   295,    305,    303, -1 
	   306,    305,    295, -1 
	   296,    306,    295, -1 
	   307,    306,    296, -1 
	   297,    307,    296, -1 
	   308,    307,    297, -1 
	   298,    308,    297, -1 
	   309,    308,    298, -1 
	   299,    309,    298, -1 
	   310,    309,    299, -1 
	   300,    310,    299, -1 
	   311,    310,    300, -1 
	   301,    311,    300, -1 
	   312,    311,    301, -1 
	   302,    312,    301, -1 
	   313,    312,    302, -1 
	   304,    313,    302, -1 
	   305,    314,    303, -1 
	   303,    314,    304, -1 
	   314,    313,    304, -1 
	   305,    315,    314, -1 
	   316,    315,    305, -1 
	   306,    316,    305, -1 
	   317,    316,    306, -1 
	   307,    317,    306, -1 
	   318,    317,    307, -1 
	   308,    318,    307, -1 
	   319,    318,    308, -1 
	   309,    319,    308, -1 
	   320,    319,    309, -1 
	   310,    320,    309, -1 
	   321,    320,    310, -1 
	   311,    321,    310, -1 
	   322,    321,    311, -1 
	   312,    322,    311, -1 
	   323,    322,    312, -1 
	   313,    323,    312, -1 
	   314,    324,    313, -1 
	   324,    323,    313, -1 
	   315,    324,    314, -1 
	   315,    325,    324, -1 
	   326,    325,    315, -1 
	   316,    326,    315, -1 
	   327,    326,    316, -1 
	   317,    327,    316, -1 
	   328,    327,    317, -1 
	   318,    328,    317, -1 
	   329,    328,    318, -1 
	   319,    329,    318, -1 
	   330,    329,    319, -1 
	   320,    330,    319, -1 
	   331,    330,    320, -1 
	   321,    331,    320, -1 
	   332,    331,    321, -1 
	   322,    332,    321, -1 
	   333,    332,    322, -1 
	   323,    333,    322, -1 
	   324,    334,    323, -1 
	   334,    333,    323, -1 
	   325,    334,    324, -1 
	   325,    335,    334, -1 
	   326,    335,    325, -1 
	   327,    335,    326, -1 
	   328,    335,    327, -1 
	   329,    335,    328, -1 
	   330,    335,    329, -1 
	   331,    335,    330, -1 
	   332,    335,    331, -1 
	   333,    335,    332, -1 
	   334,    335,    333, -1 
	   336,    337,    338, -1 
	   336,    338,    339, -1 
	   336,    340,    337, -1 
	   336,    339,    341, -1 
	   336,    341,    342, -1 
	   336,    342,    343, -1 
	   336,    343,    344, -1 
	   336,    344,    345, -1 
	   336,    345,    346, -1 
	   336,    346,    340, -1 
	   337,    347,    338, -1 
	   348,    347,    337, -1 
	   340,    348,    337, -1 
	   347,    349,    338, -1 
	   338,    349,    339, -1 
	   349,    350,    339, -1 
	   339,    350,    341, -1 
	   351,    348,    340, -1 
	   346,    351,    340, -1 
	   350,    352,    341, -1 
	   341,    352,    342, -1 
	   352,    353,    342, -1 
	   342,    353,    343, -1 
	   353,    354,    343, -1 
	   343,    354,    344, -1 
	   354,    355,    344, -1 
	   344,    355,    345, -1 
	   355,    356,    345, -1 
	   345,    356,    346, -1 
	   356,    351,    346, -1 
	   347,    357,    349, -1 
	   358,    357,    347, -1 
	   348,    358,    347, -1 
	   359,    358,    348, -1 
	   351,    359,    348, -1 
	   357,    360,    349, -1 
	   349,    360,    350, -1 
	   360,    361,    350, -1 
	   350,    361,    352, -1 
	   362,    359,    351, -1 
	   356,    362,    351, -1 
	   361,    363,    352, -1 
	   352,    363,    353, -1 
	   363,    364,    353, -1 
	   353,    364,    354, -1 
	   364,    365,    354, -1 
	   354,    365,    355, -1 
	   365,    366,    355, -1 
	   355,    366,    356, -1 
	   366,    362,    356, -1 
	   357,    367,    360, -1 
	   368,    367,    357, -1 
	   358,    368,    357, -1 
	   369,    368,    358, -1 
	   359,    369,    358, -1 
	   370,    369,    359, -1 
	   362,    370,    359, -1 
	   367,    371,    360, -1 
	   360,    371,    361, -1 
	   371,    372,    361, -1 
	   361,    372,    363, -1 
	   373,    370,    362, -1 
	   366,    373,    362, -1 
	   372,    374,    363, -1 
	   363,    374,    364, -1 
	   374,    375,    364, -1 
	   364,    375,    365, -1 
	   375,    376,    365, -1 
	   365,    376,    366, -1 
	   376,    373,    366, -1 
	   367,    377,    371, -1 
	   378,    377,    367, -1 
	   368,    378,    367, -1 
	   379,    378,    368, -1 
	   369,    379,    368, -1 
	   380,    379,    369, -1 
	   370,    380,    369, -1 
	   381,    380,    370, -1 
	   373,    381,    370, -1 
	   377,    382,    371, -1 
	   371,    382,    372, -1 
	   382,    383,    372, -1 
	   372,    383,    374, -1 
	   384,    381,    373, -1 
	   376,    384,    373, -1 
	   383,    385,    374, -1 
	   374,    385,    375, -1 
	   385,    386,    375, -1 
	   375,    386,    376, -1 
	   386,    384,    376, -1 
	   377,    387,    382, -1 
	   388,    387,    377, -1 
	   378,    388,    377, -1 
	   389,    388,    378, -1 
	   379,    389,    378, -1 
	   390,    389,    379, -1 
	   380,    390,    379, -1 
	   391,    390,    380, -1 
	   381,    391,    380, -1 
	   392,    391,    381, -1 
	   384,    392,    381, -1 
	   387,    393,    382, -1 
	   382,    393,    383, -1 
	   393,    394,    383, -1 
	   383,    394,    385, -1 
	   395,    392,    384, -1 
	   386,    395,    384, -1 
	   394,    396,    385, -1 
	   385,    396,    386, -1 
	   396,    395,    386, -1 
	   387,    397,    393, -1 
	   398,    397,    387, -1 
	   388,    398,    387, -1 
	   399,    398,    388, -1 
	   389,    399,    388, -1 
	   400,    399,    389, -1 
	   390,    400,    389, -1 
	   401,    400,    390, -1 
	   391,    401,    390, -1 
	   402,    401,    391, -1 
	   392,    402,    391, -1 
	   403,    402,    392, -1 
	   395,    403,    392, -1 
	   397,    404,    393, -1 
	   393,    404,    394, -1 
	   404,    405,    394, -1 
	   394,    405,    396, -1 
	   406,    403,    395, -1 
	   396,    406,    395, -1 
	   405,    406,    396, -1 
	   397,    407,    404, -1 
	   408,    407,    397, -1 
	   398,    408,    397, -1 
	   409,    408,    398, -1 
	   399,    409,    398, -1 
	   410,    409,    399, -1 
	   400,    410,    399, -1 
	   411,    410,    400, -1 
	   401,    411,    400, -1 
	   412,    411,    401, -1 
	   402,    412,    401, -1 
	   413,    412,    402, -1 
	   403,    413,    402, -1 
	   414,    413,    403, -1 
	   406,    414,    403, -1 
	   407,    415,    404, -1 
	   404,    415,    405, -1 
	   415,    416,    405, -1 
	   405,    416,    406, -1 
	   416,    414,    406, -1 
	   407,    417,    415, -1 
	   418,    417,    407, -1 
	   408,    418,    407, -1 
	   419,    418,    408, -1 
	   409,    419,    408, -1 
	   420,    419,    409, -1 
	   410,    420,    409, -1 
	   421,    420,    410, -1 
	   411,    421,    410, -1 
	   422,    421,    411, -1 
	   412,    422,    411, -1 
	   423,    422,    412, -1 
	   413,    423,    412, -1 
	   424,    423,    413, -1 
	   414,    424,    413, -1 
	   425,    424,    414, -1 
	   416,    425,    414, -1 
	   417,    426,    415, -1 
	   415,    426,    416, -1 
	   426,    425,    416, -1 
	   417,    427,    426, -1 
	   428,    427,    417, -1 
	   418,    428,    417, -1 
	   429,    428,    418, -1 
	   419,    429,    418, -1 
	   430,    429,    419, -1 
	   420,    430,    419, -1 
	   431,    430,    420, -1 
	   421,    431,    420, -1 
	   432,    431,    421, -1 
	   422,    432,    421, -1 
	   433,    432,    422, -1 
	   423,    433,    422, -1 
	   434,    433,    423, -1 
	   424,    434,    423, -1 
	   435,    434,    424, -1 
	   425,    435,    424, -1 
	   426,    436,    425, -1 
	   436,    435,    425, -1 
	   427,    436,    426, -1 
	   427,    437,    436, -1 
	   438,    437,    427, -1 
	   428,    438,    427, -1 
	   439,    438,    428, -1 
	   429,    439,    428, -1 
	   440,    439,    429, -1 
	   430,    440,    429, -1 
	   441,    440,    430, -1 
	   431,    441,    430, -1 
	   442,    441,    431, -1 
	   432,    442,    431, -1 
	   443,    442,    432, -1 
	   433,    443,    432, -1 
	   444,    443,    433, -1 
	   434,    444,    433, -1 
	   445,    444,    434, -1 
	   435,    445,    434, -1 
	   436,    446,    435, -1 
	   446,    445,    435, -1 
	   437,    446,    436, -1 
	   437,    447,    446, -1 
	   438,    447,    437, -1 
	   439,    447,    438, -1 
	   440,    447,    439, -1 
	   441,    447,    440, -1 
	   442,    447,    441, -1 
	   443,    447,    442, -1 
	   444,    447,    443, -1 
	   445,    447,    444, -1 
	   446,    447,    445, -1 
	   448,    449,    450, -1 
	   448,    450,    451, -1 
	   448,    452,    449, -1 
	   448,    451,    453, -1 
	   448,    453,    454, -1 
	   448,    454,    455, -1 
	   448,    455,    456, -1 
	   448,    456,    457, -1 
	   448,    457,    458, -1 
	   448,    458,    452, -1 
	   449,    459,    450, -1 
	   460,    459,    449, -1 
	   452,    460,    449, -1 
	   459,    461,    450, -1 
	   450,    461,    451, -1 
	   461,    462,    451, -1 
	   451,    462,    453, -1 
	   463,    460,    452, -1 
	   458,    463,    452, -1 
	   462,    464,    453, -1 
	   453,    464,    454, -1 
	   464,    465,    454, -1 
	   454,    465,    455, -1 
	   465,    466,    455, -1 
	   455,    466,    456, -1 
	   466,    467,    456, -1 
	   456,    467,    457, -1 
	   467,    468,    457, -1 
	   457,    468,    458, -1 
	   468,    463,    458, -1 
	   459,    469,    461, -1 
	   470,    469,    459, -1 
	   460,    470,    459, -1 
	   471,    470,    460, -1 
	   463,    471,    460, -1 
	   469,    472,    461, -1 
	   461,    472,    462, -1 
	   472,    473,    462, -1 
	   462,    473,    464, -1 
	   474,    471,    463, -1 
	   468,    474,    463, -1 
	   473,    475,    464, -1 
	   464,    475,    465, -1 
	   475,    476,    465, -1 
	   465,    476,    466, -1 
	   476,    477,    466, -1 
	   466,    477,    467, -1 
	   477,    478,    467, -1 
	   467,    478,    468, -1 
	   478,    474,    468, -1 
	   469,    479,    472, -1 
	   480,    479,    469, -1 
	   470,    480,    469, -1 
	   481,    480,    470, -1 
	   471,    481,    470, -1 
	   482,    481,    471, -1 
	   474,    482,    471, -1 
	   479,    483,    472, -1 
	   472,    483,    473, -1 
	   483,    484,    473, -1 
	   473,    484,    475, -1 
	   485,    482,    474, -1 
	   478,    485,    474, -1 
	   484,    486,    475, -1 
	   475,    486,    476, -1 
	   486,    487,    476, -1 
	   476,    487,    477, -1 
	   487,    488,    477, -1 
	   477,    488,    478, -1 
	   488,    485,    478, -1 
	   479,    489,    483, -1 
	   490,    489,    479, -1 
	   480,    490,    479, -1 
	   491,    490,    480, -1 
	   481,    491,    480, -1 
	   492,    491,    481, -1 
	   482,    492,    481, -1 
	   493,    492,    482, -1 
	   485,    493,    482, -1 
	   489,    494,    483, -1 
	   483,    494,    484, -1 
	   494,    495,    484, -1 
	   484,    495,    486, -1 
	   496,    493,    485, -1 
	   488,    496,    485, -1 
	   495,    497,    486, -1 
	   486,    497,    487, -1 
	   497,    498,    487, -1 
	   487,    498,    488, -1 
	   498,    496,    488, -1 
	   489,    499,    494, -1 
	   500,    499,    489, -1 
	   490,    500,    489, -1 
	   501,    500,    490, -1 
	   491,    501,    490, -1 
	   502,    501,    491, -1 
	   492,    502,    491, -1 
	   503,    502,    492, -1 
	   493,    503,    492, -1 
	   504,    503,    493, -1 
	   496,    504,    493, -1 
	   499,    505,    494, -1 
	   494,    505,    495, -1 
	   505,    506,    495, -1 
	   495,    506,    497, -1 
	   507,    504,    496, -1 
	   498,    507,    496, -1 
	   506,    508,    497, -1 
	   497,    508,    498, -1 
	   508,    507,    498, -1 
	   499,    509,    505, -1 
	   510,    509,    499, -1 
	   500,    510,    499, -1 
	   511,    510,    500, -1 
	   501,    511,    500, -1 
	   512,    511,    501, -1 
	   502,    512,    501, -1 
	   513,    512,    502, -1 
	   503,    513,    502, -1 
	   514,    513,    503, -1 
	   504,    514,    503, -1 
	   515,    514,    504, -1 
	   507,    515,    504, -1 
	   509,    516,    505, -1 
	   505,    516,    506, -1 
	   516,    517,    506, -1 
	   506,    517,    508, -1 
	   518,    515,    507, -1 
	   508,    518,    507, -1 
	   517,    518,    508, -1 
	   509,    519,    516, -1 
	   520,    519,    509, -1 
	   510,    520,    509, -1 
	   521,    520,    510, -1 
	   511,    521,    510, -1 
	   522,    521,    511, -1 
	   512,    522,    511, -1 
	   523,    522,    512, -1 
	   513,    523,    512, -1 
	   524,    523,    513, -1 
	   514,    524,    513, -1 
	   525,    524,    514, -1 
	   515,    525,    514, -1 
	   526,    525,    515, -1 
	   518,    526,    515, -1 
	   519,    527,    516, -1 
	   516,    527,    517, -1 
	   527,    528,    517, -1 
	   517,    528,    518, -1 
	   528,    526,    518, -1 
	   519,    529,    527, -1 
	   530,    529,    519, -1 
	   520,    530,    519, -1 
	   531,    530,    520, -1 
	   521,    531,    520, -1 
	   532,    531,    521, -1 
	   522,    532,    521, -1 
	   533,    532,    522, -1 
	   523,    533,    522, -1 
	   534,    533,    523, -1 
	   524,    534,    523, -1 
	   535,    534,    524, -1 
	   525,    535,    524, -1 
	   536,    535,    525, -1 
	   526,    536,    525, -1 
	   537,    536,    526, -1 
	   528,    537,    526, -1 
	   529,    538,    527, -1 
	   527,    538,    528, -1 
	   538,    537,    528, -1 
	   529,    539,    538, -1 
	   540,    539,    529, -1 
	   530,    540,    529, -1 
	   541,    540,    530, -1 
	   531,    541,    530, -1 
	   542,    541,    531, -1 
	   532,    542,    531, -1 
	   543,    542,    532, -1 
	   533,    543,    532, -1 
	   544,    543,    533, -1 
	   534,    544,    533, -1 
	   545,    544,    534, -1 
	   535,    545,    534, -1 
	   546,    545,    535, -1 
	   536,    546,    535, -1 
	   547,    546,    536, -1 
	   537,    547,    536, -1 
	   538,    548,    537, -1 
	   548,    547,    537, -1 
	   539,    548,    538, -1 
	   539,    549,    548, -1 
	   550,    549,    539, -1 
	   540,    550,    539, -1 
	   551,    550,    540, -1 
	   541,    551,    540, -1 
	   552,    551,    541, -1 
	   542,    552,    541, -1 
	   553,    552,    542, -1 
	   543,    553,    542, -1 
	   554,    553,    543, -1 
	   544,    554,    543, -1 
	   555,    554,    544, -1 
	   545,    555,    544, -1 
	   556,    555,    545, -1 
	   546,    556,    545, -1 
	   557,    556,    546, -1 
	   547,    557,    546, -1 
	   548,    558,    547, -1 
	   558,    557,    547, -1 
	   549,    558,    548, -1 
	   549,    559,    558, -1 
	   550,    559,    549, -1 
	   551,    559,    550, -1 
	   552,    559,    551, -1 
	   553,    559,    552, -1 
	   554,    559,    553, -1 
	   555,    559,    554, -1 
	   556,    559,    555, -1 
	   557,    559,    556, -1 
	   558,    559,    557, -1 
	   560,    561,    562, -1 
	   560,    562,    563, -1 
	   560,    564,    561, -1 
	   560,    565,    564, -1 
	   560,    566,    565, -1 
	   560,    563,    566, -1 
	   562,    561,    567, -1 
	   561,    568,    567, -1 
	   561,    564,    568, -1 
	   562,    567,    569, -1 
	   563,    562,    569, -1 
	   566,    563,    570, -1 
	   563,    569,    570, -1 
	   564,    571,    568, -1 
	   564,    565,    571, -1 
	   565,    572,    571, -1 
	   565,    573,    572, -1 
	   565,    566,    573, -1 
	   566,    570,    573, -1 
	   569,    567,    574, -1 
	   567,    575,    574, -1 
	   567,    576,    575, -1 
	   567,    568,    576, -1 
	   568,    577,    576, -1 
	   568,    578,    577, -1 
	   568,    579,    578, -1 
	   568,    571,    579, -1 
	   569,    574,    580, -1 
	   570,    569,    580, -1 
	   573,    570,    581, -1 
	   570,    580,    581, -1 
	   571,    582,    579, -1 
	   571,    572,    582, -1 
	   572,    583,    582, -1 
	   572,    573,    583, -1 
	   573,    584,    583, -1 
	   573,    581,    584, -1 
	   580,    574,    585, -1 
	   574,    575,    585, -1 
	   575,    586,    585, -1 
	   575,    576,    586, -1 
	   576,    587,    586, -1 
	   576,    577,    587, -1 
	   577,    578,    587, -1 
	   578,    588,    587, -1 
	   578,    579,    588, -1 
	   579,    589,    588, -1 
	   579,    582,    589, -1 
	   580,    585,    590, -1 
	   581,    580,    590, -1 
	   584,    581,    591, -1 
	   581,    590,    591, -1 
	   582,    592,    589, -1 
	   582,    583,    592, -1 
	   583,    593,    592, -1 
	   583,    594,    593, -1 
	   583,    584,    594, -1 
	   584,    595,    594, -1 
	   584,    596,    595, -1 
	   584,    591,    596, -1 
	   590,    585,    597, -1 
	   585,    598,    597, -1 
	   585,    586,    598, -1 
	   586,    599,    598, -1 
	   586,    587,    599, -1 
	   587,    600,    599, -1 
	   587,    588,    600, -1 
	   588,    601,    600, -1 
	   588,    589,    601, -1 
	   589,    602,    601, -1 
	   589,    592,    602, -1 
	   591,    590,    603, -1 
	   590,    597,    603, -1 
	   596,    591,    604, -1 
	   591,    603,    604, -1 
	   592,    605,    602, -1 
	   592,    593,    605, -1 
	   593,    606,    605, -1 
	   593,    594,    606, -1 
	   594,    607,    606, -1 
	   594,    595,    607, -1 
	   595,    608,    607, -1 
	   595,    609,    608, -1 
	   595,    610,    609, -1 
	   595,    596,    610, -1 
	   596,    604,    610, -1 
	   597,    598,    611, -1 
	   603,    597,    612, -1 
	   597,    611,    612, -1 
	   598,    613,    611, -1 
	   598,    599,    613, -1 
	   599,    614,    613, -1 
	   599,    600,    614, -1 
	   600,    601,    614, -1 
	   601,    615,    614, -1 
	   601,    602,    615, -1 
	   602,    616,    615, -1 
	   602,    605,    616, -1 
	   604,    603,    617, -1 
	   603,    612,    617, -1 
	   610,    604,    617, -1 
	   605,    606,    616, -1 
	   606,    607,    616, -1 
	   607,    618,    616, -1 
	   607,    608,    618, -1 
	   608,    609,    618, -1 
	   609,    610,    618, -1 
	   610,    617,    618, -1 
	   611,    613,    619, -1 
	   612,    611,    619, -1 
	   617,    612,    619, -1 
	   613,    614,    619, -1 
	   614,    615,    619, -1 
	   615,    616,    619, -1 
	   616,    618,    619, -1 
	   618,    617,    619, -1 
	   620,    621,    622, -1 
	   623,    620,    622, -1 
	   624,    621,    620, -1 
	   625,    624,    620, -1 
	   625,    620,    623, -1 
	   621,    626,    622, -1 
	   624,    627,    621, -1 
	   627,    626,    621, -1 
	   626,    628,    622, -1 
	   628,    629,    622, -1 
	   629,    630,    622, -1 
	   630,    631,    622, -1 
	   631,    632,    622, -1 
	   632,    633,    622, -1 
	   633,    623,    622, -1 
	   634,    623,    633, -1 
	   634,    625,    623, -1 
	   635,    624,    625, -1 
	   635,    636,    624, -1 
	   636,    627,    624, -1 
	   635,    625,    634, -1 
	   627,    637,    626, -1 
	   637,    628,    626, -1 
	   636,    638,    627, -1 
	   638,    637,    627, -1 
	   637,    639,    628, -1 
	   639,    629,    628, -1 
	   639,    630,    629, -1 
	   639,    640,    630, -1 
	   640,    631,    630, -1 
	   640,    641,    631, -1 
	   641,    642,    631, -1 
	   642,    632,    631, -1 
	   642,    643,    632, -1 
	   643,    633,    632, -1 
	   643,    644,    633, -1 
	   644,    634,    633, -1 
	   645,    634,    644, -1 
	   645,    635,    634, -1 
	   646,    647,    635, -1 
	   647,    636,    635, -1 
	   646,    635,    645, -1 
	   647,    648,    636, -1 
	   648,    638,    636, -1 
	   638,    649,    637, -1 
	   649,    639,    637, -1 
	   648,    650,    638, -1 
	   650,    649,    638, -1 
	   649,    651,    639, -1 
	   651,    652,    639, -1 
	   652,    640,    639, -1 
	   652,    653,    640, -1 
	   653,    641,    640, -1 
	   653,    654,    641, -1 
	   654,    642,    641, -1 
	   654,    655,    642, -1 
	   655,    643,    642, -1 
	   655,    656,    643, -1 
	   656,    644,    643, -1 
	   656,    645,    644, -1 
	   657,    645,    656, -1 
	   657,    646,    645, -1 
	   658,    647,    646, -1 
	   658,    646,    657, -1 
	   658,    648,    647, -1 
	   658,    650,    648, -1 
	   650,    651,    649, -1 
	   650,    659,    651, -1 
	   658,    659,    650, -1 
	   659,    652,    651, -1 
	   659,    660,    652, -1 
	   660,    653,    652, -1 
	   660,    654,    653, -1 
	   660,    661,    654, -1 
	   661,    655,    654, -1 
	   661,    656,    655, -1 
	   661,    657,    656, -1 
	   658,    657,    661, -1 
	   658,    660,    659, -1 
	   658,    661,    660, -1 
	   662,    663,    664, -1 
	   665,    662,    664, -1 
	   666,    663,    662, -1 
	   667,    662,    665, -1 
	   667,    666,    662, -1 
	   663,    668,    664, -1 
	   666,    669,    663, -1 
	   669,    668,    663, -1 
	   668,    670,    664, -1 
	   670,    671,    664, -1 
	   671,    672,    664, -1 
	   672,    673,    664, -1 
	   673,    674,    664, -1 
	   674,    675,    664, -1 
	   675,    676,    664, -1 
	   676,    677,    664, -1 
	   677,    665,    664, -1 
	   667,    665,    677, -1 
	   678,    679,    666, -1 
	   679,    669,    666, -1 
	   678,    666,    667, -1 
	   680,    667,    677, -1 
	   681,    667,    680, -1 
	   681,    678,    667, -1 
	   669,    682,    668, -1 
	   682,    683,    668, -1 
	   683,    670,    668, -1 
	   679,    684,    669, -1 
	   684,    682,    669, -1 
	   683,    685,    670, -1 
	   685,    671,    670, -1 
	   685,    686,    671, -1 
	   686,    672,    671, -1 
	   686,    687,    672, -1 
	   687,    688,    672, -1 
	   688,    673,    672, -1 
	   688,    689,    673, -1 
	   689,    674,    673, -1 
	   689,    690,    674, -1 
	   690,    675,    674, -1 
	   690,    691,    675, -1 
	   691,    676,    675, -1 
	   691,    680,    676, -1 
	   680,    677,    676, -1 
	   692,    679,    678, -1 
	   692,    678,    681, -1 
	   692,    693,    679, -1 
	   693,    684,    679, -1 
	   694,    680,    691, -1 
	   694,    681,    680, -1 
	   695,    681,    694, -1 
	   695,    696,    681, -1 
	   696,    692,    681, -1 
	   684,    697,    682, -1 
	   697,    683,    682, -1 
	   697,    685,    683, -1 
	   693,    697,    684, -1 
	   697,    698,    685, -1 
	   698,    686,    685, -1 
	   698,    699,    686, -1 
	   699,    687,    686, -1 
	   699,    700,    687, -1 
	   700,    688,    687, -1 
	   700,    701,    688, -1 
	   701,    689,    688, -1 
	   701,    702,    689, -1 
	   702,    690,    689, -1 
	   702,    694,    690, -1 
	   694,    691,    690, -1 
	   703,    693,    692, -1 
	   703,    692,    696, -1 
	   693,    704,    697, -1 
	   703,    704,    693, -1 
	   695,    694,    702, -1 
	   705,    695,    702, -1 
	   703,    695,    705, -1 
	   703,    696,    695, -1 
	   704,    698,    697, -1 
	   704,    706,    698, -1 
	   706,    699,    698, -1 
	   706,    700,    699, -1 
	   706,    707,    700, -1 
	   707,    701,    700, -1 
	   707,    705,    701, -1 
	   705,    702,    701, -1 
	   703,    706,    704, -1 
	   703,    707,    706, -1 
	   703,    705,    707, -1 
	   708,    709,    710, -1 
	   711,    708,    710, -1 
	   712,    709,    708, -1 
	   713,    708,    711, -1 
	   713,    714,    708, -1 
	   714,    712,    708, -1 
	   709,    715,    710, -1 
	   712,    716,    709, -1 
	   716,    715,    709, -1 
	   715,    717,    710, -1 
	   711,    710,    717, -1 
	   718,    711,    717, -1 
	   719,    711,    718, -1 
	   719,    713,    711, -1 
	   720,    721,    712, -1 
	   721,    722,    712, -1 
	   722,    716,    712, -1 
	   720,    712,    714, -1 
	   723,    713,    719, -1 
	   723,    724,    713, -1 
	   724,    725,    713, -1 
	   725,    714,    713, -1 
	   725,    720,    714, -1 
	   715,    726,    717, -1 
	   716,    727,    715, -1 
	   727,    728,    715, -1 
	   728,    729,    715, -1 
	   729,    726,    715, -1 
	   722,    730,    716, -1 
	   730,    727,    716, -1 
	   726,    718,    717, -1 
	   731,    718,    726, -1 
	   731,    732,    718, -1 
	   732,    719,    718, -1 
	   733,    719,    732, -1 
	   733,    723,    719, -1 
	   734,    721,    720, -1 
	   735,    720,    725, -1 
	   735,    734,    720, -1 
	   734,    736,    721, -1 
	   736,    722,    721, -1 
	   736,    737,    722, -1 
	   737,    730,    722, -1 
	   738,    723,    733, -1 
	   738,    739,    723, -1 
	   739,    724,    723, -1 
	   739,    740,    724, -1 
	   740,    725,    724, -1 
	   740,    735,    725, -1 
	   729,    741,    726, -1 
	   741,    742,    726, -1 
	   742,    731,    726, -1 
	   730,    743,    727, -1 
	   743,    728,    727, -1 
	   743,    744,    728, -1 
	   744,    729,    728, -1 
	   744,    741,    729, -1 
	   737,    745,    730, -1 
	   745,    743,    730, -1 
	   746,    731,    742, -1 
	   746,    747,    731, -1 
	   747,    732,    731, -1 
	   747,    748,    732, -1 
	   748,    733,    732, -1 
	   749,    733,    748, -1 
	   749,    738,    733, -1 
	   750,    751,    734, -1 
	   751,    736,    734, -1 
	   750,    734,    735, -1 
	   752,    735,    740, -1 
	   752,    753,    735, -1 
	   753,    750,    735, -1 
	   751,    737,    736, -1 
	   751,    754,    737, -1 
	   754,    745,    737, -1 
	   755,    738,    749, -1 
	   755,    756,    738, -1 
	   756,    739,    738, -1 
	   756,    757,    739, -1 
	   757,    740,    739, -1 
	   757,    752,    740, -1 
	   744,    746,    741, -1 
	   746,    742,    741, -1 
	   745,    758,    743, -1 
	   758,    744,    743, -1 
	   758,    759,    744, -1 
	   759,    746,    744, -1 
	   754,    760,    745, -1 
	   760,    758,    745, -1 
	   759,    761,    746, -1 
	   761,    762,    746, -1 
	   762,    747,    746, -1 
	   762,    763,    747, -1 
	   763,    748,    747, -1 
	   763,    749,    748, -1 
	   764,    749,    763, -1 
	   764,    755,    749, -1 
	   765,    751,    750, -1 
	   765,    750,    753, -1 
	   765,    754,    751, -1 
	   765,    752,    757, -1 
	   765,    753,    752, -1 
	   765,    760,    754, -1 
	   765,    755,    764, -1 
	   765,    756,    755, -1 
	   765,    757,    756, -1 
	   760,    766,    758, -1 
	   766,    759,    758, -1 
	   766,    767,    759, -1 
	   767,    761,    759, -1 
	   765,    766,    760, -1 
	   767,    768,    761, -1 
	   768,    762,    761, -1 
	   768,    764,    762, -1 
	   764,    763,    762, -1 
	   765,    764,    768, -1 
	   765,    767,    766, -1 
	   765,    768,    767, -1 
	   769,    770,    771, -1 
	   772,    769,    771, -1 
	   773,    770,    769, -1 
	   774,    773,    769, -1 
	   775,    769,    772, -1 
	   775,    774,    769, -1 
	   770,    776,    771, -1 
	   773,    777,    770, -1 
	   777,    778,    770, -1 
	   778,    776,    770, -1 
	   776,    779,    771, -1 
	   779,    780,    771, -1 
	   780,    781,    771, -1 
	   781,    782,    771, -1 
	   782,    772,    771, -1 
	   783,    772,    782, -1 
	   783,    775,    772, -1 
	   784,    773,    774, -1 
	   784,    785,    773, -1 
	   785,    777,    773, -1 
	   786,    784,    774, -1 
	   786,    774,    775, -1 
	   787,    775,    783, -1 
	   787,    788,    775, -1 
	   788,    786,    775, -1 
	   778,    789,    776, -1 
	   789,    790,    776, -1 
	   790,    791,    776, -1 
	   791,    779,    776, -1 
	   785,    792,    777, -1 
	   792,    793,    777, -1 
	   793,    778,    777, -1 
	   793,    789,    778, -1 
	   791,    794,    779, -1 
	   794,    780,    779, -1 
	   794,    795,    780, -1 
	   795,    781,    780, -1 
	   795,    796,    781, -1 
	   796,    782,    781, -1 
	   796,    783,    782, -1 
	   797,    783,    796, -1 
	   797,    787,    783, -1 
	   798,    784,    786, -1 
	   798,    799,    784, -1 
	   799,    785,    784, -1 
	   799,    800,    785, -1 
	   800,    792,    785, -1 
	   798,    786,    788, -1 
	   801,    787,    797, -1 
	   801,    802,    787, -1 
	   802,    788,    787, -1 
	   802,    798,    788, -1 
	   793,    803,    789, -1 
	   803,    804,    789, -1 
	   804,    790,    789, -1 
	   804,    791,    790, -1 
	   804,    805,    791, -1 
	   805,    794,    791, -1 
	   800,    806,    792, -1 
	   806,    793,    792, -1 
	   806,    807,    793, -1 
	   807,    803,    793, -1 
	   805,    808,    794, -1 
	   808,    809,    794, -1 
	   809,    795,    794, -1 
	   809,    810,    795, -1 
	   810,    796,    795, -1 
	   810,    797,    796, -1 
	   811,    797,    810, -1 
	   811,    801,    797, -1 
	   812,    813,    798, -1 
	   813,    799,    798, -1 
	   812,    798,    802, -1 
	   813,    814,    799, -1 
	   814,    800,    799, -1 
	   814,    806,    800, -1 
	   815,    801,    811, -1 
	   815,    816,    801, -1 
	   816,    802,    801, -1 
	   816,    817,    802, -1 
	   817,    812,    802, -1 
	   807,    804,    803, -1 
	   807,    818,    804, -1 
	   818,    805,    804, -1 
	   818,    819,    805, -1 
	   819,    808,    805, -1 
	   814,    820,    806, -1 
	   820,    807,    806, -1 
	   820,    821,    807, -1 
	   821,    818,    807, -1 
	   819,    822,    808, -1 
	   822,    809,    808, -1 
	   822,    810,    809, -1 
	   822,    811,    810, -1 
	   815,    811,    822, -1 
	   823,    813,    812, -1 
	   824,    812,    817, -1 
	   824,    823,    812, -1 
	   823,    825,    813, -1 
	   825,    814,    813, -1 
	   825,    826,    814, -1 
	   826,    820,    814, -1 
	   827,    815,    822, -1 
	   828,    815,    827, -1 
	   828,    816,    815, -1 
	   828,    817,    816, -1 
	   828,    824,    817, -1 
	   821,    829,    818, -1 
	   829,    827,    818, -1 
	   827,    819,    818, -1 
	   827,    822,    819, -1 
	   826,    821,    820, -1 
	   826,    830,    821, -1 
	   830,    829,    821, -1 
	   831,    825,    823, -1 
	   831,    823,    824, -1 
	   831,    824,    828, -1 
	   831,    826,    825, -1 
	   831,    830,    826, -1 
	   830,    827,    829, -1 
	   830,    828,    827, -1 
	   831,    828,    830, -1 
	   832,    833,    834, -1 
	   832,    834,    835, -1 
	   832,    836,    833, -1 
	   832,    837,    836, -1 
	   832,    838,    837, -1 
	   832,    839,    838, -1 
	   832,    835,    839, -1 
	   834,    833,    840, -1 
	   833,    841,    840, -1 
	   833,    842,    841, -1 
	   833,    836,    842, -1 
	   834,    840,    843, -1 
	   835,    834,    844, -1 
	   834,    843,    844, -1 
	   839,    835,    845, -1 
	   835,    844,    845, -1 
	   836,    846,    842, -1 
	   836,    847,    846, -1 
	   836,    837,    847, -1 
	   837,    848,    847, -1 
	   837,    849,    848, -1 
	   837,    838,    849, -1 
	   838,    850,    849, -1 
	   838,    851,    850, -1 
	   838,    839,    851, -1 
	   839,    852,    851, -1 
	   839,    845,    852, -1 
	   843,    840,    853, -1 
	   840,    854,    853, -1 
	   840,    855,    854, -1 
	   840,    841,    855, -1 
	   841,    856,    855, -1 
	   841,    857,    856, -1 
	   841,    842,    857, -1 
	   842,    858,    857, -1 
	   842,    846,    858, -1 
	   844,    843,    853, -1 
	   845,    844,    859, -1 
	   844,    853,    859, -1 
	   852,    845,    860, -1 
	   845,    861,    860, -1 
	   845,    859,    861, -1 
	   846,    862,    858, -1 
	   846,    863,    862, -1 
	   846,    847,    863, -1 
	   847,    864,    863, -1 
	   847,    848,    864, -1 
	   848,    865,    864, -1 
	   848,    849,    865, -1 
	   849,    866,    865, -1 
	   849,    850,    866, -1 
	   850,    867,    866, -1 
	   850,    868,    867, -1 
	   850,    851,    868, -1 
	   851,    869,    868, -1 
	   851,    870,    869, -1 
	   851,    852,    870, -1 
	   852,    871,    870, -1 
	   852,    860,    871, -1 
	   853,    854,    872, -1 
	   859,    853,    873, -1 
	   853,    872,    873, -1 
	   854,    874,    872, -1 
	   854,    855,    874, -1 
	   855,    856,    874, -1 
	   856,    875,    874, -1 
	   856,    857,    875, -1 
	   857,    876,    875, -1 
	   857,    858,    876, -1 
	   858,    862,    876, -1 
	   861,    859,    877, -1 
	   859,    873,    877, -1 
	   871,    860,    878, -1 
	   860,    877,    878, -1 
	   860,    861,    877, -1 
	   862,    879,    876, -1 
	   862,    863,    879, -1 
	   863,    880,    879, -1 
	   863,    864,    880, -1 
	   864,    881,    880, -1 
	   864,    882,    881, -1 
	   864,    865,    882, -1 
	   865,    883,    882, -1 
	   865,    866,    883, -1 
	   866,    884,    883, -1 
	   866,    867,    884, -1 
	   867,    868,    884, -1 
	   868,    885,    884, -1 
	   868,    869,    885, -1 
	   869,    870,    885, -1 
	   870,    886,    885, -1 
	   870,    887,    886, -1 
	   870,    888,    887, -1 
	   870,    871,    888, -1 
	   871,    878,    888, -1 
	   872,    889,    890, -1 
	   872,    874,    889, -1 
	   873,    872,    891, -1 
	   872,    890,    891, -1 
	   877,    873,    892, -1 
	   873,    891,    892, -1 
	   874,    893,    889, -1 
	   874,    875,    893, -1 
	   875,    894,    893, -1 
	   875,    895,    894, -1 
	   875,    876,    895, -1 
	   876,    896,    895, -1 
	   876,    879,    896, -1 
	   878,    877,    892, -1 
	   888,    878,    897, -1 
	   878,    892,    897, -1 
	   879,    898,    896, -1 
	   879,    880,    898, -1 
	   880,    881,    898, -1 
	   881,    899,    898, -1 
	   881,    900,    899, -1 
	   881,    882,    900, -1 
	   882,    883,    900, -1 
	   883,    901,    900, -1 
	   883,    884,    901, -1 
	   884,    885,    901, -1 
	   885,    902,    901, -1 
	   885,    903,    902, -1 
	   885,    886,    903, -1 
	   886,    904,    903, -1 
	   886,    905,    904, -1 
	   886,    887,    905, -1 
	   887,    888,    905, -1 
	   888,    897,    905, -1 
	   890,    889,    906, -1 
	   889,    907,    906, -1 
	   889,    908,    907, -1 
	   889,    893,    908, -1 
	   891,    890,    909, -1 
	   890,    906,    909, -1 
	   892,    891,    909, -1 
	   897,    892,    910, -1 
	   892,    909,    910, -1 
	   893,    911,    908, -1 
	   893,    894,    911, -1 
	   894,    912,    911, -1 
	   894,    895,    912, -1 
	   895,    913,    912, -1 
	   895,    896,    913, -1 
	   896,    914,    913, -1 
	   896,    915,    914, -1 
	   896,    898,    915, -1 
	   905,    897,    916, -1 
	   897,    917,    916, -1 
	   897,    910,    917, -1 
	   898,    918,    915, -1 
	   898,    899,    918, -1 
	   899,    919,    918, -1 
	   899,    900,    919, -1 
	   900,    920,    919, -1 
	   900,    901,    920, -1 
	   901,    921,    920, -1 
	   901,    922,    921, -1 
	   901,    902,    922, -1 
	   902,    923,    922, -1 
	   902,    903,    923, -1 
	   903,    916,    923, -1 
	   903,    904,    916, -1 
	   904,    905,    916, -1 
	   906,    907,    924, -1 
	   909,    906,    925, -1 
	   906,    924,    925, -1 
	   907,    926,    924, -1 
	   907,    908,    926, -1 
	   908,    927,    926, -1 
	   908,    911,    927, -1 
	   910,    909,    928, -1 
	   909,    925,    928, -1 
	   917,    910,    929, -1 
	   910,    928,    929, -1 
	   911,    930,    927, -1 
	   911,    912,    930, -1 
	   912,    931,    930, -1 
	   912,    932,    931, -1 
	   912,    913,    932, -1 
	   913,    933,    932, -1 
	   913,    934,    933, -1 
	   913,    914,    934, -1 
	   914,    935,    934, -1 
	   914,    936,    935, -1 
	   914,    915,    936, -1 
	   915,    918,    936, -1 
	   923,    916,    937, -1 
	   916,    938,    937, -1 
	   916,    917,    938, -1 
	   917,    929,    938, -1 
	   918,    919,    936, -1 
	   919,    939,    936, -1 
	   919,    920,    939, -1 
	   920,    940,    939, -1 
	   920,    941,    940, -1 
	   920,    921,    941, -1 
	   921,    942,    941, -1 
	   921,    922,    942, -1 
	   922,    943,    942, -1 
	   922,    923,    943, -1 
	   923,    937,    943, -1 
	   924,    944,    945, -1 
	   924,    946,    944, -1 
	   924,    947,    946, -1 
	   924,    926,    947, -1 
	   925,    924,    945, -1 
	   928,    925,    945, -1 
	   926,    927,    947, -1 
	   927,    948,    947, -1 
	   927,    949,    948, -1 
	   927,    930,    949, -1 
	   929,    928,    950, -1 
	   928,    945,    950, -1 
	   938,    929,    951, -1 
	   929,    950,    951, -1 
	   930,    952,    949, -1 
	   930,    931,    952, -1 
	   952,    931,    953, -1 
	   931,    954,    953, -1 
	   931,    932,    954, -1 
	   932,    933,    954, -1 
	   933,    955,    954, -1 
	   933,    934,    955, -1 
	   934,    956,    955, -1 
	   934,    957,    956, -1 
	   934,    935,    957, -1 
	   935,    958,    957, -1 
	   935,    936,    958, -1 
	   936,    959,    958, -1 
	   936,    939,    959, -1 
	   943,    937,    960, -1 
	   937,    961,    960, -1 
	   937,    938,    961, -1 
	   938,    962,    961, -1 
	   938,    951,    962, -1 
	   939,    940,    959, -1 
	   940,    941,    959, -1 
	   941,    963,    959, -1 
	   941,    964,    963, -1 
	   941,    942,    964, -1 
	   942,    965,    964, -1 
	   942,    943,    965, -1 
	   943,    960,    965, -1 
	   945,    944,    966, -1 
	   944,    946,    966, -1 
	   945,    967,    968, -1 
	   945,    966,    967, -1 
	   950,    945,    969, -1 
	   945,    968,    969, -1 
	   946,    947,    966, -1 
	   947,    970,    966, -1 
	   947,    971,    970, -1 
	   947,    948,    971, -1 
	   948,    949,    971, -1 
	   949,    972,    971, -1 
	   949,    952,    972, -1 
	   951,    950,    973, -1 
	   950,    974,    973, -1 
	   950,    969,    974, -1 
	   962,    951,    973, -1 
	   952,    953,    972, -1 
	   953,    954,    972, -1 
	   954,    975,    972, -1 
	   954,    955,    975, -1 
	   955,    976,    975, -1 
	   955,    977,    976, -1 
	   955,    956,    977, -1 
	   956,    957,    977, -1 
	   957,    978,    977, -1 
	   957,    958,    978, -1 
	   958,    979,    978, -1 
	   958,    959,    979, -1 
	   959,    963,    979, -1 
	   965,    960,    980, -1 
	   960,    981,    980, -1 
	   960,    982,    981, -1 
	   960,    961,    982, -1 
	   961,    973,    982, -1 
	   961,    962,    973, -1 
	   963,    964,    979, -1 
	   964,    983,    979, -1 
	   964,    965,    983, -1 
	   965,    980,    983, -1 
	   967,    966,    984, -1 
	   966,    970,    984, -1 
	   968,    967,    985, -1 
	   967,    984,    985, -1 
	   969,    968,    985, -1 
	   974,    969,    985, -1 
	   970,    986,    984, -1 
	   970,    971,    986, -1 
	   971,    987,    986, -1 
	   971,    972,    987, -1 
	   972,    975,    987, -1 
	   982,    973,    988, -1 
	   973,    989,    988, -1 
	   973,    990,    989, -1 
	   973,    974,    990, -1 
	   974,    985,    990, -1 
	   975,    976,    987, -1 
	   976,    991,    987, -1 
	   976,    977,    991, -1 
	   977,    978,    991, -1 
	   978,    992,    991, -1 
	   978,    979,    992, -1 
	   992,    979,    993, -1 
	   979,    994,    993, -1 
	   979,    995,    994, -1 
	   979,    996,    995, -1 
	   979,    983,    996, -1 
	   983,    980,    988, -1 
	   980,    981,    988, -1 
	   981,    982,    988, -1 
	   983,    988,    996, -1 
	   985,    984,    997, -1 
	   984,    986,    997, -1 
	   985,    997,    998, -1 
	   998,    990,    985, -1 
	   986,    987,    997, -1 
	   987,    999,    997, -1 
	   987,    991,    999, -1 
	   996,    988,    998, -1 
	   988,    989,    998, -1 
	   989,    990,    998, -1 
	   991,    992,    999, -1 
	   992,    993,    999, -1 
	   993,    994,    999, -1 
	   994,    995,    999, -1 
	   995,    996,    999, -1 
	   996,    998,    999, -1 
	   998,    997,    999, -1 
    ] 
   colorPerVertex FALSE 
    colorIndex [ 
	  1, 
	  1, 
	  1, 
	  1, 
	  1, 
	  1, 
	  1, 
	  1, 
	  1, 
	  1, 
	  1, 
	  1, 
	  1, 
	  1, 
	  1, 
	  1, 
	  1, 
	  1, 
	  1, 
	  1, 
	  1, 
	  1, 
	  1, 
	  1, 
	  1, 
	  1, 
	  1, 
	  1, 
	  1, 
	  1, 
	  1, 
	  1, 
	  1, 
	  1, 
	  1, 
	  1, 
	  1, 
	  1, 
	  1, 
	  1, 
	  1, 
	  1, 
	  1, 
	  1, 
	  1, 
	  1, 
	  1, 
	  1, 
	  1, 
	  1, 
	  1, 
	  1, 
	  1, 
	  1, 
	  1, 
	  1, 
	  1, 
	  1, 
	  1, 
	  1, 
	  1, 
	  1, 
	  1, 
	  1, 
	  1, 
	  1, 
	  1, 
	  1, 
	  1, 
	  1, 
	  1, 
	  1, 
	  1, 
	  1, 
	  1, 
	  1, 
	  1, 
	  1, 
	  1, 
	  1, 
	  1, 
	  1, 
	  1, 
	  1, 
	  1, 
	  1, 
	  1, 
	  1, 
	  1, 
	  1, 
	  1, 
	  1, 
	  1, 
	  1, 
	  1, 
	  1, 
	  1, 
	  1, 
	  1, 
	  1, 
	  1, 
	  1, 
	  1, 
	  1, 
	  1, 
	  1, 
	  1, 
	  1, 
	  1, 
	  1, 
	  1, 
	  1, 
	  1, 
	  1, 
	  1, 
	  1, 
	  1, 
	  1, 
	  1, 
	  1, 
	  1, 
	  1, 
	  1, 
	  1, 
	  1, 
	  1, 
	  1, 
	  1, 
	  1, 
	  1, 
	  1, 
	  1, 
	  1, 
	  1, 
	  1, 
	  1, 
	  1, 
	  1, 
	  1, 
	  1, 
	  1, 
	  1, 
	  1, 
	  1, 
	  1, 
	  1, 
	  1, 
	  1, 
	  1, 
	  1, 
	  1, 
	  1, 
	  1, 
	  1, 
	  1, 
	  1, 
	  1, 
	  1, 
	  1, 
	  1, 
	  1, 
	  1, 
	  1, 
	  1, 
	  1, 
	  1, 
	  1, 
	  1, 
	  1, 
	  1, 
	  1, 
	  1, 
	  1, 
	  1, 
	  1, 
	  1, 
	  1, 
	  1, 
	  1, 
	  1, 
	  1, 
	  1, 
	  1, 
	  1, 
	  1, 
	  1, 
	  1, 
	  1, 
	  1, 
	  1, 
	  1, 
	  1, 
	  1, 
	  1, 
	  1, 
	  1, 
	  1, 
	  1, 
	  1, 
	  1, 
	  1, 
	  1, 
	  1, 
	  1, 
	  1, 
	  1, 
	  1, 
	  1, 
	  1, 
	  1, 
	  1, 
	  1, 
	  1, 
	  1, 
	  1, 
	  1, 
	  1, 
	  1, 
	  1, 
	  1, 
	  1, 
	  1, 
	  1, 
	  1, 
	  1, 
	  1, 
	  1, 
	  1, 
	  1, 
	  1, 
	  1, 
	  1, 
	  1, 
	  1, 
	  1, 
	  1, 
	  1, 
	  1, 
	  1, 
	  1, 
	  1, 
	  1, 
	  1, 
	  1, 
	  1, 
	  1, 
	  1, 
	  1, 
	  1, 
	  1, 
	  1, 
	  1, 
	  1, 
	  1, 
	  1, 
	  1, 
	  1, 
	  1, 
	  1, 
	  1, 
	  1, 
	  1, 
	  1, 
	  1, 
	  1, 
	  1, 
	  1, 
	  1, 
	  1, 
	  1, 
	  1, 
	  1, 
	  1, 
	  1, 
	  1, 
	  1, 
	  1, 
	  1, 
	  1, 
	  1, 
	  1, 
	  1, 
	  1, 
	  1, 
	  1, 
	  1, 
	  1, 
	  1, 
	  1, 
	  1, 
	  1, 
	  1, 
	  1, 
	  1, 
	  1, 
	  1, 
	  1, 
	  1, 
	  1, 
	  1, 
	  1, 
	  1, 
	  1, 
	  1, 
	  1, 
	  1, 
	  1, 
	  1, 
	  1, 
	  1, 
	  1, 
	  1, 
	  1, 
	  1, 
	  1, 
	  1, 
	  1, 
	  1, 
	  1, 
	  1, 
	  1, 
	  1, 
	  1, 
	  1, 
	  1, 
	  1, 
	  1, 
	  1, 
	  1, 
	  1, 
	  1, 
	  1, 
	  1, 
	  1, 
	  1, 
	  1, 
	  1, 
	  1, 
	  1, 
	  1, 
	  1, 
	  1, 
	  1, 
	  1, 
	  1, 
	  1, 
	  1, 
	  1, 
	  1, 
	  1, 
	  1, 
	  1, 
	  1, 
	  1, 
	  1, 
	  1, 
	  1, 
	  1, 
	  1, 
	  1, 
	  1, 
	  1, 
	  1, 
	  1, 
	  1, 
	  1, 
	  1, 
	  1, 
	  1, 
	  1, 
	  1, 
	  1, 
	  1, 
	  1, 
	  1, 
	  1, 
	  1, 
	  1, 
	  1, 
	  1, 
	  1, 
	  1, 
	  1, 
	  1, 
	  1, 
	  1, 
	  1, 
	  1, 
	  1, 
	  1, 
	  1, 
	  1, 
	  1, 
	  1, 
	  1, 
	  1, 
	  1, 
	  1, 
	  1, 
	  1, 
	  1, 
	  1, 
	  1, 
	  1, 
	  1, 
	  1, 
	  1, 
	  1, 
	  1, 
	  1, 
	  1, 
	  1, 
	  1, 
	  1, 
	  1, 
	  1, 
	  1, 
	  1, 
	  1, 
	  1, 
	  1, 
	  1, 
	  1, 
	  1, 
	  1, 
	  1, 
	  1, 
	  1, 
	  1, 
	  1, 
	  1, 
	  1, 
	  1, 
	  1, 
	  1, 
	  1, 
	  1, 
	  1, 
	  1, 
	  1, 
	  1, 
	  1, 
	  1, 
	  1, 
	  1, 
	  1, 
	  1, 
	  1, 
	  1, 
	  1, 
	  1, 
	  1, 
	  1, 
	  1, 
	  1, 
	  1, 
	  1, 
	  1, 
	  1, 
	  1, 
	  1, 
	  1, 
	  1, 
	  1, 
	  1, 
	  1, 
	  1, 
	  1, 
	  1, 
	  1, 
	  1, 
	  1, 
	  1, 
	  1, 
	  1, 
	  1, 
	  1, 
	  1, 
	  1, 
	  1, 
	  1, 
	  1, 
	  1, 
	  1, 
	  1, 
	  1, 
	  1, 
	  1, 
	  1, 
	  1, 
	  1, 
	  1, 
	  1, 
	  1, 
	  1, 
	  1, 
	  1, 
	  1, 
	  1, 
	  1, 
	  1, 
	  1, 
	  1, 
	  1, 
	  1, 
	  1, 
	  1, 
	  1, 
	  1, 
	  1, 
	  1, 
	  1, 
	  1, 
	  1, 
	  1, 
	  1, 
	  1, 
	  1, 
	  1, 
	  1, 
	  1, 
	  1, 
	  1, 
	  1, 
	  1, 
	  1, 
	  1, 
	  1, 
	  1, 
	  1, 
	  1, 
	  1, 
	  1, 
	  1, 
	  1, 
	  1, 
	  1, 
	  1, 
	  1, 
	  1, 
	  1, 
	  1, 
	  1, 
	  1, 
	  1, 
	  1, 
	  1, 
	  1, 
	  1, 
	  1, 
	  1, 
	  1, 
	  1, 
	  1, 
	  1, 
	  1, 
	  1, 
	  1, 
	  1, 
	  1, 
	  1, 
	  1, 
	  1, 
	  1, 
	  1, 
	  1, 
	  1, 
	  1, 
	  1, 
	  1, 
	  1, 
	  1, 
	  1, 
	  1, 
	  1, 
	  1, 
	  1, 
	  1, 
	  1, 
	  1, 
	  1, 
	  1, 
	  1, 
	  1, 
	  1, 
	  1, 
	  1, 
	  1, 
	  1, 
	  1, 
	  1, 
	  1, 
	  1, 
	  1, 
	  1, 
	  1, 
	  1, 
	  1, 
	  1, 
	  1, 
	  1, 
	  1, 
	  1, 
	  1, 
	  1, 
	  1, 
	  1, 
	  1, 
	  1, 
	  1, 
	  1, 
	  1, 
	  1, 
	  1, 
	  1, 
	  1, 
	  1, 
	  1, 
	  1, 
	  1, 
	  1, 
	  1, 
	  1, 
	  1, 
	  1, 
	  1, 
	  1, 
	  1, 
	  1, 
	  1, 
	  1, 
	  1, 
	  1, 
	  1, 
	  1, 
	  1, 
	  1, 
	  1, 
	  1, 
	  1, 
	  1, 
	  1, 
	  1, 
	  1, 
	  1, 
	  1, 
	  1, 
	  1, 
	  1, 
	  1, 
	  1, 
	  1, 
	  1, 
	  1, 
	  1, 
	  1, 
	  1, 
	  1, 
	  1, 
	  1, 
	  1, 
	  1, 
	  1, 
	  1, 
	  1, 
	  1, 
	  1, 
	  1, 
	  1, 
	  1, 
	  1, 
	  1, 
	  1, 
	  1, 
	  1, 
	  1, 
	  1, 
	  1, 
	  1, 
	  1, 
	  1, 
	  1, 
	  1, 
	  1, 
	  1, 
	  1, 
	  1, 
	  1, 
	  1, 
	  1, 
	  1, 
	  1, 
	  1, 
	  1, 
	  1, 
	  1, 
	  1, 
	  1, 
	  1, 
	  1, 
	  1, 
	  1, 
	  1, 
	  1, 
	  1, 
	  1, 
	  1, 
	  1, 
	  1, 
	  1, 
	  1, 
	  1, 
	  1, 
	  1, 
	  1, 
	  1, 
	  1, 
	  1, 
	  1, 
	  1, 
	  1, 
	  1, 
	  1, 
	  1, 
	  1, 
	  1, 
	  1, 
	  1, 
	  1, 
	  1, 
	  1, 
	  1, 
	  1, 
	  1, 
	  1, 
	  1, 
	  1, 
	  1, 
	  1, 
	  1, 
	  1, 
	  1, 
	  1, 
	  1, 
	  1, 
	  1, 
	  1, 
	  1, 
	  1, 
	  1, 
	  1, 
	  1, 
	  1, 
	  1, 
	  1, 
	  1, 
	  1, 
	  1, 
	  1, 
	  1, 
	  1, 
	  1, 
	  1, 
	  1, 
	  1, 
	  1, 
	  1, 
	  1, 
	  1, 
	  1, 
	  1, 
	  1, 
	  1, 
	  1, 
	  1, 
	  1, 
	  1, 
	  1, 
	  1, 
	  1, 
	  1, 
	  1, 
	  1, 
	  1, 
	  1, 
	  1, 
	  1, 
	  1, 
	  1, 
	  1, 
	  1, 
	  1, 
	  1, 
	  1, 
	  1, 
	  1, 
	  1, 
	  1, 
	  1, 
	  1, 
	  1, 
	  1, 
	  1, 
	  1, 
	  1, 
	  1, 
	  1, 
	  1, 
	  1, 
	  1, 
	  1, 
	  1, 
	  1, 
	  1, 
	  1, 
	  1, 
	  1, 
	  1, 
	  1, 
	  1, 
	  1, 
	  1, 
	  1, 
	  1, 
	  1, 
	  1, 
	  1, 
	  1, 
	  1, 
	  1, 
	  1, 
	  1, 
	  1, 
	  1, 
	  1, 
	  1, 
	  1, 
	  1, 
	  1, 
	  1, 
	  1, 
	  1, 
	  1, 
	  1, 
	  1, 
	  1, 
	  1, 
	  1, 
	  1, 
	  1, 
	  1, 
	  1, 
	  1, 
	  1, 
	  1, 
	  1, 
	  1, 
	  1, 
	  1, 
	  1, 
	  1, 
	  1, 
	  1, 
	  1, 
	  1, 
	  1, 
	  1, 
	  1, 
	  1, 
	  1, 
	  1, 
	  1, 
	  1, 
	  1, 
	  1, 
	  1, 
	  1, 
	  1, 
	  1, 
	  1, 
	  1, 
	  1, 
	  1, 
	  1, 
	  1, 
	  1, 
	  1, 
	  1, 
	  1, 
	  1, 
	  1, 
	  1, 
	  1, 
	  1, 
	  1, 
	  1, 
	  1, 
	  1, 
	  1, 
	  1, 
	  1, 
	  1, 
	  1, 
	  1, 
	  1, 
	  1, 
	  1, 
	  1, 
	  1, 
	  1, 
	  1, 
	  1, 
	  1, 
	  1, 
	  1, 
	  1, 
	  1, 
	  1, 
	  1, 
	  1, 
	  1, 
	  1, 
	  1, 
	  1, 
	  1, 
	  1, 
	  1, 
	  1, 
	  1, 
	  1, 
	  1, 
	  1, 
	  1, 
	  1, 
	  1, 
	  1, 
	  1, 
	  1, 
	  1, 
	  1, 
	  1, 
	  1, 
	  1, 
	  1, 
	  1, 
	  1, 
	  1, 
	  1, 
	  1, 
	  1, 
	  1, 
	  1, 
	  1, 
	  1, 
	  1, 
	  1, 
	  1, 
	  1, 
	  1, 
	  1, 
	  1, 
	  1, 
	  1, 
	  1, 
	  1, 
	  1, 
	  1, 
	  1, 
	  1, 
	  1, 
	  1, 
	  1, 
	  1, 
	  1, 
	  1, 
	  1, 
	  1, 
	  1, 
	  1, 
	  1, 
	  1, 
	  1, 
	  1, 
	  1, 
	  1, 
	  1, 
	  1, 
	  1, 
	  1, 
	  1, 
	  1, 
	  1, 
	  1, 
	  1, 
	  1, 
	  1, 
	  1, 
	  1, 
	  1, 
	  1, 
    ] 
normal Normal { 
vector [ 
	  0.928770  -0.273444   0.250229,
	  0.800892  -0.513119  -0.308675,
	  0.874695   0.417438  -0.246281,
	  0.863378   0.501522  -0.055264,
	  0.412863  -0.910790   0.002569,
	  0.848042   0.490952   0.199479,
	  0.825679   0.330578   0.457135,
	  0.811527  -0.026200   0.583727,
	  0.629814  -0.532735   0.565268,
	  0.447777  -0.822840   0.349901,
	  0.391458  -0.904856   0.167321,
	  0.324503  -0.097418  -0.940855,
	  0.066929  -0.928413  -0.365471,
	  0.541389   0.609050  -0.579617,
	  0.560969   0.805913  -0.189254,
	  0.060930  -0.998113  -0.007632,
	  0.564874   0.790887   0.235405,
	  0.673523   0.469170   0.571180,
	  0.563298  -0.062428   0.823892,
	  0.251650  -0.607801   0.753160,
	  0.135542  -0.906256   0.400411,
	 -0.274232   0.183159  -0.944060,
	 -0.474039  -0.598973  -0.645382,
	 -0.442304  -0.877007  -0.187686,
	 -0.010139   0.732340  -0.680863,
	  0.126541   0.958920  -0.253889,
	 -0.405688  -0.819029   0.405720,
	  0.284845   0.940091   0.187331,
	  0.121826   0.615299   0.778823,
	  0.032496  -0.054755   0.997971,
	 -0.092632  -0.474327   0.875462,
	 -0.349087   0.069491  -0.934510,
	 -0.558798  -0.424337  -0.712519,
	 -0.619728  -0.757539  -0.205113,
	 -0.661722  -0.704499   0.256526,
	 -0.105995   0.667306  -0.737203,
	  0.131678   0.936543  -0.324883,
	 -0.378690  -0.368736   0.848898,
	  0.016196   0.979867   0.198992,
	 -0.130001   0.615192   0.777585,
	 -0.089663   0.075482   0.993108,
	 -0.022847  -0.149467  -0.988503,
	 -0.243978  -0.723616  -0.645643,
	 -0.358269  -0.918369  -0.168053,
	 -0.424014  -0.860599   0.282102,
	 -0.369429  -0.498503   0.784230,
	  0.197498   0.568139  -0.798882,
	  0.278091   0.906645  -0.317269,
	 -0.151378   0.063184   0.986455,
	  0.253466   0.944350   0.209660,
	  0.080040   0.619651   0.780786,
	  0.205979  -0.234082  -0.950147,
	 -0.026954  -0.825459  -0.563818,
	 -0.124425  -0.991184  -0.045522,
	 -0.164224  -0.868429   0.467826,
	 -0.192310  -0.401636   0.895380,
	 -0.144542   0.022943   0.989233,
	  0.396736   0.511960  -0.761904,
	  0.422053   0.867597  -0.262957,
	  0.066165   0.476347   0.876764,
	  0.342590   0.886383   0.311381,
	  0.244488  -0.147657  -0.958344,
	  0.065640  -0.800896  -0.595195,
	 -0.009389  -0.998808  -0.047895,
	 -0.010818  -0.801628   0.597726,
	  0.053579  -0.163318   0.985117,
	  0.058387   0.116786   0.991439,
	  0.111915   0.347307   0.931049,
	  0.395620   0.610561  -0.686075,
	  0.419922   0.887561  -0.189473,
	  0.352862   0.844678   0.402502,
	  0.139355  -0.000584  -0.990242,
	  0.009180  -0.718335  -0.695637,
	  0.006100  -0.992855  -0.119175,
	  0.035025  -0.792799   0.608476,
	  0.103147  -0.172983   0.979509,
	  0.257519   0.180616   0.949243,
	  0.241358   0.381476   0.892313,
	  0.280781   0.871337   0.402411,
	  0.310928   0.692721  -0.650740,
	  0.275155   0.949631  -0.149973,
	 -0.609676   0.459365  -0.645971,
	 -0.661069  -0.136828  -0.737744,
	 -0.737904  -0.572038  -0.358147,
	 -0.617515  -0.488474   0.616497,
	 -0.152913   0.047471   0.987099,
	 -0.051112   0.226407   0.972691,
	 -0.184212   0.442580   0.877604,
	 -0.278914   0.890000   0.360704,
	 -0.318802   0.918990  -0.231999,
	 -0.567950   0.746265  -0.347162,
	 -0.923899   0.377651  -0.061557,
	 -0.839222   0.515670  -0.172601,
	 -0.904537   0.359945  -0.228588,
	 -0.946282   0.323342  -0.000816,
	 -0.688761   0.423601   0.588362,
	 -0.445265   0.478741   0.756668,
	 -0.797346   0.366307   0.479644,
	 -0.935288   0.258897   0.241267,
	 -0.947252   0.221750  -0.231388,
	 -0.941497   0.216508  -0.258277,
	 -0.898107   0.337770  -0.281627,
	 -0.800657   0.524919  -0.288806,
	 -0.835100   0.479453  -0.269689,
	 -0.885127   0.434064  -0.167747,
	 -0.891535   0.450897   0.043088,
	 -0.753452   0.578356   0.312753,
	 -0.839693   0.516869   0.166620,
	 -0.949950   0.311887  -0.017925,
	 -0.990244   0.057892  -0.126749,
	 -0.925060   0.026287  -0.378910,
	 -0.871578   0.431340  -0.233021,
	  0.610384  -0.765216  -0.204638,
	  0.306472  -0.521384  -0.796388,
	  0.535782  -0.015622  -0.844212,
	  0.833497   0.249944  -0.492758,
	  0.226800  -0.860874  -0.455476,
	  0.954827   0.269730   0.124703,
	  0.794647  -0.016987   0.606833,
	  0.585027  -0.353989   0.729681,
	  0.474878  -0.687189   0.549783,
	  0.347888  -0.920514   0.177842,
	  0.287861  -0.944366  -0.159089,
	 -0.078067   0.060358  -0.995119,
	 -0.282015  -0.599169  -0.749309,
	  0.228011   0.604592  -0.763203,
	  0.428721   0.844944  -0.319794,
	 -0.299127  -0.895370  -0.329903,
	  0.462331   0.813144   0.353619,
	  0.271916   0.403500   0.873641,
	  0.203209   0.167888   0.964634,
	  0.121770  -0.202516   0.971679,
	 -0.104434  -0.868504   0.484555,
	 -0.222864   0.150585  -0.963149,
	 -0.535162  -0.436071  -0.723494,
	 -0.708051  -0.645149  -0.287136,
	  0.113812   0.633111  -0.765648,
	  0.422551   0.814149  -0.398261,
	 -0.650890  -0.526674   0.546769,
	  0.479827   0.774606   0.412008,
	  0.302694   0.390069   0.869610,
	  0.195905   0.190584   0.961925,
	 -0.068667  -0.035768   0.996998,
	 -0.232026  -0.038396  -0.971951,
	 -0.540829  -0.521539  -0.659925,
	 -0.698611  -0.706196  -0.115022,
	 -0.712338  -0.474783   0.516871,
	  0.053817   0.337880  -0.939649,
	  0.437321   0.882344  -0.173837,
	 -0.243987  -0.047777   0.968601,
	  0.383719   0.820119   0.424457,
	  0.279356   0.423273   0.861858,
	  0.061134   0.110611   0.991982,
	 -0.064905  -0.099233  -0.992945,
	 -0.362127  -0.637729  -0.679828,
	 -0.504457  -0.863379  -0.009985,
	 -0.450470  -0.725073   0.520909,
	 -0.229963  -0.319017   0.919427,
	 -0.116515  -0.163604  -0.979622,
	  0.349737   0.891064  -0.289291,
	 -0.032084   0.005036   0.999472,
	  0.381283   0.827378   0.412394,
	  0.189033   0.413417   0.890704,
	 -0.122628  -0.332821  -0.934983,
	 -0.160182  -0.517467  -0.840577,
	 -0.373159  -0.920995  -0.111894,
	 -0.336133  -0.870877   0.358592,
	 -0.163688  -0.539199   0.826118,
	 -0.033631  -0.245581   0.968792,
	  0.105037   0.328830  -0.938530,
	  0.420342   0.907366  -0.000653,
	  0.230172   0.309879   0.922495,
	  0.380173   0.830235   0.407650,
	  0.011514  -0.042115  -0.999046,
	 -0.147825  -0.509667  -0.847577,
	 -0.226088  -0.923753  -0.309136,
	 -0.208625  -0.914845   0.345736,
	 -0.054066  -0.539068   0.840525,
	  0.097571  -0.115744   0.988475,
	  0.284622   0.377006   0.881395,
	  0.341095   0.862706  -0.373354,
	  0.365974   0.927838  -0.071974,
	  0.424306   0.864794   0.268508,
	 -0.021061   0.080816  -0.996506,
	  0.092628  -0.243591  -0.965445,
	  0.046556  -0.883416  -0.466271,
	  0.061713  -0.872573   0.484570,
	  0.204366  -0.347947   0.914969,
	  0.290613   0.112954   0.950150,
	  0.380100   0.473471   0.794575,
	  0.476826   0.839685   0.259934,
	  0.269710   0.747736  -0.606751,
	  0.415299   0.856476  -0.306555,
	 -0.072985   0.389518  -0.918122,
	 -0.250486  -0.275254  -0.928166,
	 -0.341336  -0.843261  -0.415212,
	 -0.036085  -0.818392   0.573526,
	  0.258786  -0.302255   0.917427,
	  0.446891   0.182975   0.875676,
	  0.470131   0.565559   0.677584,
	  0.462298   0.853032   0.242109,
	  0.390485   0.858624  -0.332094,
	  0.195070   0.640047  -0.743160,
	 -0.759196   0.555141  -0.339765,
	 -0.867216  -0.277315  -0.413561,
	 -0.880426  -0.461616  -0.108444,
	 -0.691114  -0.524403   0.497356,
	 -0.209319  -0.291965   0.933243,
	  0.302866   0.217317   0.927925,
	  0.521633   0.621830   0.584146,
	  0.555262   0.820867   0.133647,
	  0.365857   0.902294  -0.228067,
	  0.005393   0.999570  -0.028808,
	 -0.536141   0.480623   0.693941,
	 -0.846527  -0.185352   0.499036,
	 -0.965008  -0.088897   0.246694,
	 -0.967345  -0.124141   0.220980,
	 -0.858547  -0.157054   0.488090,
	 -0.567388   0.234243   0.789431,
	 -0.077864   0.828103   0.555142,
	  0.120390   0.983026   0.138445,
	  0.098684   0.964109  -0.246485,
	 -0.265462   0.936640   0.228552,
	 -0.875603   0.432238   0.215614,
	  0.757418  -0.648034  -0.079809,
	  0.589175  -0.402925  -0.700374,
	  0.812189   0.111024  -0.572733,
	  0.933513   0.151247  -0.325080,
	  0.245592  -0.923047  -0.296088,
	  0.984298   0.167992  -0.054188,
	  0.975180   0.161173   0.151816,
	  0.819606  -0.290207   0.493990,
	  0.368462  -0.758540   0.537451,
	  0.216281  -0.928445   0.302013,
	  0.191690  -0.981433  -0.006711,
	  0.120975   0.169704  -0.978042,
	 -0.164259  -0.394726  -0.903997,
	  0.399080   0.322491  -0.858333,
	  0.662810   0.614439  -0.427958,
	 -0.374557  -0.906690  -0.193960,
	  0.740094   0.653954   0.156860,
	  0.626289   0.398444   0.670077,
	  0.378812  -0.035307   0.924800,
	  0.111908  -0.440718   0.890642,
	 -0.195457  -0.819976   0.537993,
	  0.055233  -0.122276  -0.990958,
	 -0.390730  -0.242529  -0.887981,
	 -0.785115  -0.508684  -0.353321,
	  0.368452   0.325689  -0.870729,
	  0.525847   0.744094  -0.412079,
	 -0.627362  -0.583669   0.515507,
	  0.573706   0.779364   0.251898,
	  0.449763   0.440894   0.776740,
	  0.213381   0.057538   0.975273,
	 -0.172017  -0.302123   0.937620,
	 -0.018761  -0.290260  -0.956764,
	 -0.407584  -0.687705  -0.600780,
	 -0.627048  -0.763769  -0.153190,
	 -0.621413  -0.664713   0.414730,
	  0.290619   0.514827  -0.806532,
	  0.431949   0.832417  -0.347133,
	 -0.365533  -0.381781   0.848899,
	  0.481413   0.832171   0.275197,
	  0.330249   0.462014   0.823091,
	  0.002878  -0.015222   0.999880,
	 -0.211032   0.226035  -0.950986,
	 -0.472335  -0.709166  -0.523435,
	 -0.483304  -0.871045  -0.087744,
	 -0.419849  -0.840075   0.343513,
	 -0.294117  -0.568542   0.768281,
	  0.052497   0.567227  -0.821887,
	  0.346222   0.876553  -0.334342,
	 -0.096916  -0.200065   0.974978,
	  0.410732   0.864616   0.289375,
	  0.237026   0.428041   0.872124,
	 -0.225047   0.012681  -0.974265,
	 -0.396350  -0.727592  -0.559926,
	 -0.349716  -0.936722  -0.015817,
	 -0.319203  -0.924248   0.209465,
	 -0.178130  -0.686367   0.705103,
	  0.012665  -0.273103   0.961901,
	  0.067703   0.352045  -0.933531,
	  0.367293   0.826968  -0.425699,
	  0.287264   0.341772   0.894802,
	  0.447603   0.837737   0.312808,
	 -0.090320  -0.291841  -0.952193,
	 -0.195691  -0.788663  -0.582851,
	 -0.134996  -0.990846  -0.000914,
	 -0.125059  -0.950504   0.284432,
	 -0.009199  -0.655643   0.755015,
	  0.180497  -0.134932   0.974276,
	  0.389707   0.459139   0.798323,
	  0.162767   0.354981  -0.920595,
	  0.396090   0.811596  -0.429446,
	  0.476234   0.846978   0.236281,
	  0.018062  -0.007192  -0.999811,
	 -0.120728  -0.697653  -0.706191,
	 -0.081007  -0.983950  -0.158994,
	 -0.014010  -0.913443   0.406726,
	  0.090547  -0.516956   0.851209,
	  0.250960   0.022108   0.967745,
	  0.446512   0.539200   0.714066,
	  0.521823   0.836576   0.166859,
	  0.217298   0.477283  -0.851459,
	  0.434675   0.814961  -0.383270,
	 -0.008530   0.127872  -0.991754,
	 -0.172905  -0.420594  -0.890620,
	 -0.269659  -0.916846  -0.294411,
	 -0.157579  -0.847859   0.506264,
	  0.003527  -0.347164   0.937798,
	  0.135866   0.113286   0.984229,
	  0.315245   0.550219   0.773227,
	  0.451306   0.864539   0.221123,
	  0.395817   0.822686  -0.408065,
	  0.173356   0.463762  -0.868834,
	 -0.228800   0.197105  -0.953310,
	 -0.636750   0.042667  -0.769889,
	 -0.921274  -0.217408  -0.322472,
	 -0.778109  -0.225619   0.586210,
	 -0.293892   0.022732   0.955568,
	 -0.092872   0.240930   0.966089,
	 -0.014500   0.549618   0.835290,
	  0.059942   0.928889   0.365474,
	  0.088725   0.968372  -0.233204,
	  0.011158   0.583710  -0.811886,
	 -0.752835   0.380585  -0.537023,
	 -0.983180   0.111533  -0.144626,
	 -0.950087   0.291459   0.111292,
	 -0.848623   0.496772   0.181817,
	 -0.672690   0.494564   0.550359,
	 -0.534140   0.404165   0.742526,
	 -0.500617   0.453525   0.737359,
	 -0.509910   0.717553   0.474457,
	 -0.491720   0.855164   0.164029,
	 -0.489845   0.857921  -0.154995,
	 -0.822218   0.423251   0.380547,
	  0.940294  -0.239449  -0.241891,
	  0.394722  -0.315949  -0.862769,
	  0.437972  -0.111976  -0.891988,
	  0.702622   0.270386  -0.658190,
	  0.348739  -0.475332  -0.807738,
	  0.888227   0.386463   0.248392,
	  0.718708   0.019528   0.695038,
	  0.708295  -0.063699   0.703036,
	  0.716823  -0.239874   0.654695,
	  0.635119  -0.708364   0.307968,
	  0.469591  -0.764041  -0.442409,
	 -0.145305  -0.050044  -0.988120,
	 -0.142999  -0.587466  -0.796514,
	  0.006473   0.455692  -0.890114,
	  0.253392   0.887928  -0.383897,
	 -0.041990  -0.932887  -0.357714,
	  0.401740   0.831678   0.383297,
	  0.349926   0.359564   0.865023,
	  0.212677  -0.023950   0.976829,
	  0.113593  -0.451498   0.885012,
	  0.138417  -0.881804   0.450846,
	 -0.426176   0.130668  -0.895154,
	 -0.566372  -0.347284  -0.747407,
	 -0.565279  -0.743811  -0.356658,
	 -0.137757   0.481469  -0.865570,
	  0.167735   0.910147  -0.378812,
	 -0.315050  -0.804777   0.503068,
	  0.272346   0.881520   0.385681,
	  0.128171   0.378210   0.916804,
	 -0.033995   0.005368   0.999408,
	 -0.019804  -0.215873   0.976221,
	 -0.389724  -0.090759  -0.916449,
	 -0.563440  -0.362439  -0.742410,
	 -0.656954  -0.702080  -0.274766,
	 -0.607366  -0.721083   0.333386,
	 -0.164154   0.348792  -0.922712,
	  0.142477   0.898145  -0.415975,
	 -0.196123  -0.287993   0.937335,
	  0.277136   0.854459   0.439426,
	  0.114016   0.250486   0.961383,
	 -0.003032  -0.047746   0.998855,
	 -0.325909  -0.206359  -0.922605,
	 -0.401179  -0.465983  -0.788616,
	 -0.455897  -0.829513  -0.322592,
	 -0.389889  -0.901495   0.187866,
	 -0.140381  -0.625498   0.767493,
	 -0.181417   0.153243  -0.971393,
	  0.160343   0.797599  -0.581487,
	  0.121005  -0.169551   0.978065,
	  0.362232   0.826843   0.430254,
	  0.261912   0.247977   0.932689,
	 -0.141839  -0.216592  -0.965903,
	 -0.219798  -0.520111  -0.825332,
	 -0.260711  -0.919292  -0.294842,
	 -0.192399  -0.942502   0.273264,
	 -0.042271  -0.676132   0.735567,
	  0.168314  -0.158349   0.972932,
	 -0.016951   0.176184  -0.984211,
	  0.278525   0.823721  -0.493870,
	  0.342737   0.374965   0.861355,
	  0.423232   0.848897   0.316620,
	 -0.046740  -0.063675  -0.996876,
	 -0.101192  -0.519802  -0.848272,
	 -0.101046  -0.951590  -0.290287,
	  0.020395  -0.885115   0.464926,
	  0.158386  -0.452141   0.877771,
	  0.239698  -0.016762   0.970703,
	  0.326674   0.398038   0.857234,
	  0.073107   0.413843  -0.907408,
	  0.279109   0.866801  -0.413224,
	  0.393790   0.856433   0.333845,
	 -0.018070   0.089338  -0.995837,
	 -0.098603  -0.415026  -0.904450,
	 -0.084011  -0.937057  -0.338918,
	  0.080387  -0.864358   0.496411,
	  0.238587  -0.310368   0.920189,
	  0.310827   0.129132   0.941654,
	  0.357335   0.486037   0.797546,
	  0.371204   0.870392   0.323458,
	  0.101139   0.525146  -0.844981,
	  0.263684   0.895658  -0.358144,
	 -0.050378   0.209521  -0.976506,
	 -0.050681  -0.330265  -0.942527,
	  0.009214  -0.917616  -0.397360,
	  0.114186  -0.844187   0.523746,
	  0.193840  -0.251075   0.948360,
	  0.273087   0.185139   0.944006,
	  0.299018   0.525963   0.796210,
	  0.280971   0.895794   0.344397,
	  0.174787   0.934228  -0.310914,
	  0.015502   0.599337  -0.800347,
	 -0.344616   0.318122  -0.883198,
	 -0.607061  -0.143418  -0.781606,
	 -0.658976  -0.687065  -0.306093,
	 -0.415212  -0.701685   0.578997,
	 -0.107280  -0.127374   0.986036,
	 -0.042637   0.192194   0.980430,
	 -0.026915   0.478601   0.877620,
	 -0.093538   0.861162   0.499651,
	 -0.133455   0.989106  -0.062128,
	 -0.204922   0.706098  -0.677814,
	 -0.861444   0.374808  -0.342686,
	 -0.949490  -0.230379  -0.213060,
	 -0.943120  -0.302245   0.138467,
	 -0.932745  -0.198311   0.301098,
	 -0.729714  -0.040785   0.682535,
	 -0.564159   0.107867   0.818590,
	 -0.554696   0.200659   0.807495,
	 -0.625265   0.428852   0.652019,
	 -0.627724   0.631191   0.455588,
	 -0.579572   0.781425   0.231239,
	 -0.826054  -0.048912   0.561465,
	  0.813131  -0.434858  -0.386931,
	  0.385980  -0.352824  -0.852370,
	  0.570194   0.473874  -0.671060,
	  0.704549   0.545106  -0.454389,
	  0.215050  -0.886778  -0.409119,
	  0.791779   0.576547  -0.201691,
	  0.843804   0.535136   0.040305,
	  0.929059  -0.125725   0.347913,
	  0.385153  -0.904145   0.184877,
	  0.291882  -0.956453  -0.001497,
	  0.248536  -0.961345  -0.118516,
	 -0.099587   0.241942  -0.965167,
	 -0.139240  -0.749170  -0.647578,
	  0.285736   0.665383  -0.689652,
	  0.517431   0.774578  -0.363724,
	 -0.008298  -0.975074  -0.221722,
	  0.601378   0.798944   0.005719,
	  0.603849   0.662072   0.443877,
	  0.426163  -0.011012   0.904580,
	  0.195155  -0.688129   0.698851,
	  0.101398  -0.963220   0.248850,
	 -0.312136   0.288130  -0.905291,
	 -0.464892  -0.375227  -0.801923,
	 -0.424689  -0.838121  -0.342334,
	  0.071835   0.611785  -0.787756,
	  0.350546   0.871801  -0.342170,
	 -0.196244  -0.834948   0.514149,
	  0.471412   0.862878   0.182243,
	  0.426419   0.594794   0.681460,
	  0.117229   0.122839   0.985479,
	  0.052900  -0.272892   0.960589,
	 -0.206609  -0.007079  -0.978398,
	 -0.565578  -0.213000  -0.796713,
	 -0.913144  -0.288066  -0.288421,
	 -0.610489  -0.473805   0.634675,
	  0.058360   0.576930  -0.814706,
	  0.210446   0.916575  -0.340004,
	  0.056382  -0.535853   0.842426,
	  0.332437   0.910926   0.244335,
	  0.355152   0.491722   0.795032,
	  0.301549  -0.053968   0.951922,
	 -0.200683   0.148168  -0.968387,
	 -0.366990  -0.673000  -0.642176,
	 -0.665522  -0.740265  -0.095326,
	 -0.727034  -0.553142   0.406761,
	 -0.078836  -0.708064   0.701734,
	 -0.095530   0.637794  -0.764260,
	  0.153629   0.951287  -0.267305,
	  0.565356  -0.138957   0.813059,
	  0.288316   0.943281   0.164604,
	  0.461192   0.778521   0.425683,
	 -0.292470   0.050637  -0.954933,
	 -0.348113  -0.613135  -0.709143,
	 -0.233966  -0.962592  -0.136661,
	 -0.206353  -0.975743   0.073097,
	 -0.145275  -0.763961   0.628696,
	  0.083600  -0.202497   0.975708,
	 -0.027494   0.507490  -0.861219,
	  0.201907   0.909235  -0.364040,
	  0.360799   0.657883   0.661070,
	  0.303340   0.951185   0.056843,
	 -0.093798  -0.029139  -0.995165,
	 -0.143501  -0.655005  -0.741873,
	 -0.059177  -0.979880  -0.190615,
	 -0.044067  -0.997652   0.052430,
	  0.070014  -0.696058   0.714564,
	  0.127407   0.047769   0.990700,
	  0.260073   0.373055   0.890613,
	  0.063476   0.476598  -0.876827,
	  0.277322   0.904941  -0.322761,
	  0.371918   0.927200   0.044464,
	 -0.051528   0.076841  -0.995711,
	 -0.113443  -0.477726  -0.871154,
	 -0.084445  -0.911500  -0.402539,
	  0.091540  -0.951590   0.293424,
	  0.272241  -0.360516   0.892140,
	  0.285098   0.106891   0.952519,
	  0.299062   0.356512   0.885133,
	  0.375740   0.923522   0.076990,
	  0.128237   0.663310  -0.737275,
	  0.327177   0.911136  -0.250572,
	 -0.671335   0.558930  -0.486730,
	 -0.640729  -0.474286  -0.603754,
	 -0.433724  -0.834115  -0.340787,
	 -0.185946  -0.794981   0.577433,
	  0.225802  -0.126547   0.965919,
	  0.362451   0.265431   0.893407,
	  0.387560   0.477488   0.788544,
	  0.371946   0.832967   0.409661,
	  0.247925   0.914727  -0.319074,
	  0.067587   0.945706  -0.317919,
	 -0.271846   0.409947   0.870657,
	 -0.672260  -0.035597   0.739459,
	 -0.951146   0.029815   0.307297,
	 -0.669667   0.201445   0.714819,
	  0.033488   0.155336   0.987294,
	  0.234401   0.219746   0.946978,
	  0.297094   0.549416   0.780946,
	  0.229511   0.876312   0.423559,
	  0.125601   0.991296   0.039458,
	 -0.040964   0.981825   0.185313,
	 -0.193711   0.394554   0.898222,
	 -0.337708   0.185956   0.922699,
	 -0.526055   0.529579   0.665441,
	 -0.505364   0.770027   0.389442,
	 -0.229749   0.619326   0.750767,
	 -0.082659   0.441107   0.893640,
	 -0.061562   0.492396   0.868192,
	 -0.114689   0.791132   0.600796,
	 -0.188672   0.903162   0.385617,
	 -0.192425   0.761757   0.618626,
	 -0.408719   0.577231   0.706933,
	  0.571515   0.815130   0.094524,
	  0.702364   0.398353   0.589915,
	  0.998413  -0.052018  -0.021578,
	  0.334423   0.341402  -0.878411,
	  0.209405   0.535249   0.818327,
	 -0.390300   0.910663   0.135497,
	 -0.496650   0.434827  -0.751175,
	  0.866310   0.191269   0.461435,
	  0.283313   0.519134   0.806371,
	  0.772965   0.014811  -0.634276,
	 -0.450939   0.078394  -0.889106,
	  0.111883   0.544584   0.831210,
	 -0.523999   0.792418   0.312248,
	 -0.624837   0.182304  -0.759173,
	  0.997544  -0.031505  -0.062559,
	  0.870470   0.085329   0.484768,
	  0.668229   0.359080   0.651560,
	  0.516793   0.418428   0.746889,
	  0.088418   0.335041   0.938046,
	  0.181280   0.398565   0.899046,
	  0.402504  -0.148985  -0.903213,
	 -0.483518  -0.110578  -0.868322,
	 -0.094646   0.522212   0.847548,
	 -0.908173   0.397555  -0.131042,
	 -0.494547   0.062056  -0.866933,
	  0.974547  -0.221549   0.034271,
	  0.835662   0.077990   0.543679,
	  0.390985   0.236371   0.889528,
	  0.217554   0.362634   0.906183,
	  0.165207   0.419580   0.892558,
	  0.025774   0.005521  -0.999653,
	 -0.501962   0.040591  -0.863937,
	 -0.562751   0.447935   0.694742,
	 -0.994601   0.083620   0.061452,
	 -0.923883   0.284523  -0.255904,
	 -0.368930   0.242573  -0.897245,
	 -0.226510   0.036969  -0.973307,
	  0.249277  -0.870116  -0.425158,
	  0.756646  -0.653825  -0.000420,
	  0.646446  -0.491363   0.583669,
	  0.391733  -0.087521   0.915907,
	  0.316986   0.154118   0.935824,
	 -0.058554   0.045483   0.997248,
	 -0.503951  -0.350079  -0.789606,
	 -0.400096  -0.241572  -0.884062,
	 -0.924555  -0.205119   0.321130,
	 -0.971996  -0.076862   0.222072,
	 -0.951559  -0.307439   0.004050,
	 -0.766316  -0.453280  -0.455298,
	  0.017429  -0.435814  -0.899868,
	  0.057767  -0.399279  -0.915008,
	  0.087947  -0.975178  -0.203207,
	 -0.216118  -0.911849  -0.349035,
	  0.429660  -0.867397   0.251029,
	  0.441300  -0.673928   0.592516,
	  0.282558  -0.612623   0.738143,
	 -0.455667  -0.846829   0.274315,
	 -0.182777  -0.885983  -0.426178,
	 -0.181382  -0.950204  -0.253402,
	  0.031241  -0.999364  -0.017213,
	  0.537778  -0.236703  -0.809176,
	  0.509212  -0.204971  -0.835877,
	  0.987558   0.074450  -0.138516,
	  0.277170  -0.911017   0.305327,
	 -0.058244  -0.122509  -0.990757,
	 -0.455145  -0.783057  -0.423870,
	  0.417923  -0.444831  -0.792128,
	 -0.197265  -0.523671  -0.828767,
	  0.762247   0.143761  -0.631119,
	  0.896425   0.418682  -0.145355,
	  0.828806   0.559427   0.011054,
	  0.850210   0.486569   0.200983,
	  0.852998   0.208173   0.478600,
	  0.375524  -0.577666   0.724765,
	 -0.291807  -0.764664   0.574575,
	  0.046968  -0.734017  -0.677505,
	  0.018333  -0.284003  -0.958648,
	 -0.146168  -0.306625  -0.940540,
	 -0.050340  -0.514949  -0.855741,
	  0.341716   0.791723  -0.506364,
	  0.399739   0.914883   0.056549,
	  0.299201   0.777180   0.553598,
	  0.217008   0.377000   0.900432,
	 -0.110284  -0.207595   0.971978,
	 -0.235287  -0.576559   0.782444,
	  0.010071  -0.724173   0.689545,
	 -0.520265  -0.841837   0.143648,
	 -0.467848  -0.187208  -0.863754,
	 -0.502960  -0.357672  -0.786831,
	 -0.109918  -0.129060  -0.985526,
	 -0.413431  -0.270199  -0.869521,
	 -0.159386   0.565362  -0.809297,
	 -0.207057   0.968607   0.137582,
	 -0.156345   0.964106   0.214606,
	 -0.313366   0.562337   0.765231,
	 -0.254336   0.103424   0.961570,
	 -0.208631  -0.413363   0.886343,
	 -0.511419  -0.412336   0.753943,
	 -0.982915   0.049306   0.177336,
	 -0.827232   0.560114  -0.044270,
	 -0.681595   0.669619   0.295023,
	 -0.627347   0.133914   0.767139,
	  0.683298   0.671797  -0.285995,
	 -0.170877   0.440253  -0.881464,
	  0.021422   0.999689   0.012761,
	  0.698771   0.703010  -0.132270,
	  0.418651  -0.140115  -0.897273,
	  0.998453  -0.046316  -0.030757,
	 -0.252358   0.203460  -0.946002,
	 -0.521307  -0.167299  -0.836809,
	 -0.369901   0.364286  -0.854675,
	 -0.869444   0.331706  -0.366112,
	 -0.816315   0.309358   0.487778,
	  0.146978   0.364055   0.919707,
	  0.220982   0.419442   0.880475,
	  0.021280   0.251792   0.967547,
	  0.566976   0.300030   0.767150,
	  0.884799   0.464479   0.037274,
	  0.746868  -0.427447  -0.509389,
	 -0.280055  -0.219683  -0.934510,
	  0.818662  -0.349328   0.455809,
	  0.874491  -0.361833   0.323020,
	 -0.091651  -0.078347  -0.992704,
	 -0.004862  -0.124653  -0.992189,
	 -0.222835   0.014597  -0.974747,
	 -0.679008  -0.245370  -0.691911,
	 -0.891638  -0.193635  -0.409252,
	 -0.934708  -0.230615   0.270440,
	 -0.118237  -0.234708   0.964848,
	  0.213544  -0.167669   0.962437,
	  0.134881  -0.297350   0.945193,
	  0.299971  -0.430956   0.851055,
	  0.319843  -0.731376  -0.602321,
	 -0.148806  -0.348951  -0.925251,
	  0.422493  -0.398962   0.813836,
	  0.488132  -0.324781   0.810089,
	  0.550841  -0.625515   0.552544,
	 -0.091675  -0.092979  -0.991439,
	 -0.727411  -0.208917  -0.653626,
	 -0.887973  -0.156427  -0.432476,
	 -0.613611  -0.243928   0.750987,
	  0.153572  -0.080212   0.984877,
	  0.352794  -0.179867   0.918251,
	  0.050486  -0.997033  -0.058102,
	 -0.413079  -0.457901  -0.787206,
	  0.473647  -0.350873   0.807804,
	 -0.748545  -0.611376  -0.256709,
	 -0.081203  -0.567294   0.819502,
	 -0.800049   0.599748   0.014984,
	 -0.144771   0.564865  -0.812385,
	 -0.919503   0.388582  -0.059322,
	 -0.836206   0.425326   0.346205,
	 -0.574357   0.700487  -0.423593,
	 -0.762553   0.453363   0.461491,
	 -0.771091   0.600335   0.212171,
	 -0.502215   0.302967  -0.809933,
	  0.065460   0.457209  -0.886947,
	 -0.935378   0.319088   0.152481,
	 -0.941394   0.069128   0.330149,
	 -0.601565   0.304122   0.738667,
	 -0.163029   0.986268   0.026396,
	 -0.083496   0.841731  -0.533401,
	 -0.208056   0.322686  -0.923356,
	 -0.102738   0.225281   0.968862,
	 -0.183663   0.470903   0.862854,
	 -0.282058   0.883875   0.373105,
	 -0.686154  -0.723998  -0.070857,
	  0.276791   0.270382  -0.922107,
	  0.043218  -0.537871  -0.841918,
	 -0.288976  -0.916661  -0.276090,
	 -0.044715   0.188916  -0.980975,
	 -0.318802  -0.946228  -0.054935,
	 -0.496550  -0.572823   0.652159,
	  0.071537   0.105403   0.991853,
	  0.383935   0.842407  -0.378081,
	  0.252744   0.967531  -0.001875,
	  0.433616   0.471202  -0.768079,
	  0.317507   0.265045  -0.910462,
	  0.269524   0.109912   0.956701,
	  0.326848   0.198119   0.924077,
	  0.259947   0.737585   0.623214,
	 -0.148510  -0.984417   0.094175,
	 -0.060347  -0.997320  -0.041365,
	  0.040143  -0.299896  -0.953127,
	 -0.069962  -0.966282  -0.247799,
	  0.173827   0.058957  -0.983010,
	 -0.138496  -0.987123  -0.080051,
	 -0.170259  -0.985292   0.014543,
	 -0.064391  -0.264135   0.962334,
	  0.335197   0.078900   0.938839,
	 -0.069691   0.319087  -0.945160,
	  0.612538   0.376850  -0.694824,
	  0.630130   0.759734   0.160437,
	 -0.487210   0.226215  -0.843477,
	  0.584938   0.373812  -0.719800,
	  0.794132   0.034438   0.606769,
	  0.808556   0.093233   0.580986,
	  0.774327   0.349994   0.527183,
	 -0.021580  -0.670466  -0.741627,
	 -0.006865  -0.999102  -0.041808,
	  0.513820   0.171762  -0.840528,
	  0.035588  -0.993476  -0.108347,
	  0.023413  -0.973704  -0.226612,
	  0.164536  -0.858266   0.486115,
	  0.804155  -0.553893   0.215724,
	  0.969298   0.040630  -0.242510,
	  0.625500  -0.622246  -0.470701,
	  0.598290  -0.785865  -0.156417,
	  0.582369  -0.788750  -0.196772,
	  0.981562  -0.073829   0.176312,
	  0.584081   0.587982   0.559578,
	  0.419096  -0.104976   0.901853,
	  0.776146  -0.492676   0.393533,
	  0.946196   0.323570  -0.003939,
	  0.978292  -0.073998  -0.193567,
	  0.873601  -0.467954  -0.133568,
	 -0.308881   0.429646   0.848526,
	  0.372866   0.878443   0.298844,
	 -0.038468   0.890371   0.453607,
	 -0.687006   0.210292   0.695558,
	 -0.492236  -0.038773   0.869598,
	  0.148434  -0.519244   0.841637,
	  0.487796  -0.559518   0.670071,
	  0.660460  -0.746556   0.080284,
	  0.971621  -0.004665  -0.236496,
	  0.740167   0.662555  -0.114775,
	  0.933737  -0.268095  -0.237193,
	  0.653361  -0.665506  -0.360862,
	  0.754707  -0.519160  -0.401110,
	 -0.342207   0.793873   0.502653,
	 -0.851988   0.265648   0.451162,
	 -0.964164  -0.126830   0.233025,
	 -0.160033   0.986003   0.046774,
	 -0.129906   0.987841   0.085407,
	 -0.951826   0.235985   0.195802,
	 -0.555301  -0.585347   0.590770,
	  0.096055  -0.896072   0.433392,
	  0.077373  -0.970239  -0.229457,
	  0.810929  -0.269005  -0.519644,
	  0.784794   0.256711  -0.564091,
	  0.056944   0.935270  -0.349323,
	  0.014718  -0.852611  -0.522339,
	  0.581266  -0.586425  -0.564123,
	 -0.618850   0.745611   0.247161,
	 -0.924842   0.213716   0.314631,
	 -0.891690  -0.010304   0.452529,
	 -0.362758   0.925901  -0.105422,
	 -0.534459   0.843318  -0.056297,
	 -0.852255   0.235758   0.466991,
	 -0.942002  -0.161559   0.294163,
	 -0.372572  -0.921378  -0.110690,
	 -0.575707  -0.747133  -0.332195,
	  0.609296  -0.474253  -0.635486,
	  0.640810   0.142191  -0.754417,
	  0.046106   0.830166  -0.555606,
	 -0.665347  -0.719483  -0.199142,
	 -0.031371  -0.814775  -0.578928,
	  0.293077  -0.726272  -0.621800,
	 -0.805130   0.317842   0.500743,
	 -0.786658  -0.007853   0.617339,
	 -0.379269   0.912155  -0.155332,
	 -0.435081   0.897990  -0.065717,
	 -0.923494  -0.366277   0.114018,
	  0.448460  -0.079334  -0.890275,
	  0.194158  -0.752063  -0.629845,
	  0.104370   0.559754  -0.822060,
	 -0.320844   0.831457  -0.453585,
	 -0.827925  -0.469569   0.306668,
	 -0.412233  -0.846118  -0.337858,
	 -0.836778   0.460014   0.296969,
	 -0.919257   0.199082  -0.339607,
	 -0.156941  -0.081683  -0.984224,
	 -0.986146  -0.069031   0.150835,
	 -0.796345   0.386896   0.464915,
	 -0.926550   0.376171   0.000259,
	 -0.849950  -0.194610  -0.489605,
	 -0.548837   0.442906   0.708952,
	 -0.834980  -0.331132   0.439499,
	 -0.636324  -0.758278  -0.141799,
	 -0.588810  -0.660359  -0.466077,
	 -0.857252   0.489605   0.159396,
	 -0.728508   0.372429   0.574955,
	 -0.590381   0.272545   0.759717,
	 -0.876884   0.431899  -0.211040,
	 -0.798870   0.207025  -0.564755,
	 -0.568174  -0.299759  -0.766370,
	 -0.436595   0.176548   0.882165,
	 -0.291971  -0.017357   0.956270,
	 -0.342839  -0.865663   0.364814,
	 -0.436175  -0.890804  -0.127356,
	 -0.357703  -0.890705  -0.280523,
	 -0.484586  -0.776338  -0.403083,
	 -0.543158  -0.443580  -0.712893,
	 -0.667372   0.561917  -0.488738,
	 -0.654462   0.755313  -0.034367,
	 -0.695630   0.638208   0.329834,
	 -0.497417   0.575357   0.649262,
	 -0.318729   0.350513   0.880655,
	 -0.261279   0.338220   0.904069,
	 -0.463076   0.205845  -0.862084,
	 -0.264353  -0.351448  -0.898110,
	 -0.321250  -0.166763  -0.932196,
	 -0.116397   0.298299   0.947349,
	 -0.104324   0.044868   0.993531,
	 -0.071837  -0.577569   0.813175,
	  0.012109  -0.999878  -0.009886,
	  0.026006  -0.974218  -0.224105,
	  0.016297  -0.920222  -0.391057,
	 -0.077601  -0.914226  -0.397704,
	 -0.170534  -0.897122  -0.407541,
	 -0.485731  -0.540502  -0.686966,
	 -0.387850  -0.210998  -0.897247,
	 -0.416411   0.803962  -0.424555,
	 -0.267032   0.390023  -0.881236,
	 -0.385701   0.891091   0.239149,
	 -0.264699   0.574320   0.774656,
	 -0.028976   0.333962   0.942141,
	 -0.113788   0.009332  -0.993461,
	 -0.164549  -0.096982  -0.981590,
	  0.091365   0.334002   0.938134,
	  0.015822   0.116149   0.993106,
	  0.431548  -0.328704   0.840071,
	  0.369147  -0.924847   0.091592,
	  0.416475  -0.854508  -0.310426,
	  0.258574  -0.902515  -0.344394,
	  0.140569  -0.971699  -0.189844,
	 -0.068667  -0.730137  -0.679842,
	 -0.405971  -0.068213  -0.911337,
	 -0.396043   0.088495  -0.913958,
	 -0.076727   0.996653   0.028205,
	 -0.184949   0.832569  -0.522133,
	 -0.237212   0.454388  -0.858640,
	 -0.156786   0.160362  -0.974527,
	 -0.012555   0.983511   0.180412,
	 -0.092188   0.805796   0.584974,
	 -0.223844   0.095894   0.969896,
	  0.066888   0.192781   0.978959,
	 -0.219758   0.048662  -0.974340,
	  0.266706   0.233716   0.935010,
	  0.689629  -0.416707   0.592256,
	  0.714145  -0.699916  -0.010663,
	  0.418540  -0.903228  -0.094890,
	  0.334804  -0.919119  -0.207669,
	  0.428757  -0.777122  -0.460705,
	  0.206297  -0.315223  -0.926324,
	 -0.162495   0.105982  -0.981001,
	  0.199420   0.914920  -0.350932,
	  0.284772   0.956202   0.067690,
	  0.295963   0.946943   0.125322,
	 -0.018864   0.571991  -0.820043,
	 -0.268566   0.309092  -0.912324,
	  0.292408   0.956166   0.015613,
	 -0.219507   0.404400   0.887850,
	 -0.238557  -0.319535   0.917054,
	 -0.007096  -0.283842   0.958845,
	  0.270033   0.118105   0.955580,
	  0.168265  -0.332472  -0.927981,
	 -0.264778  -0.258232  -0.929090,
	  0.494302  -0.391072   0.776356,
	  0.494657  -0.864099   0.092994,
	  0.437355  -0.894882   0.088915,
	  0.336193  -0.936025   0.104076,
	  0.363796  -0.911001  -0.194243,
	  0.363169  -0.704638  -0.609585,
	  0.359401   0.929981  -0.077242,
	  0.195072   0.818916  -0.539744,
	  0.376816   0.918992   0.116029,
	  0.174404   0.971656  -0.159586,
	 -0.058959   0.752721  -0.655694,
	 -0.265286   0.367917  -0.891213,
	 -0.069917   0.985359   0.155498,
	 -0.089289   0.198668   0.975991,
	 -0.179370  -0.410779   0.893916,
	 -0.235107  -0.241834   0.941404,
	 -0.168921  -0.599191   0.782583,
	  0.182278  -0.749917   0.635924,
	  0.345100  -0.758699   0.552523,
	  0.258269  -0.668192  -0.697722,
	  0.082503  -0.611868  -0.786645,
	  0.305490  -0.949461  -0.072105,
	  0.248336  -0.948808   0.195175,
	  0.256999  -0.944234   0.205849,
	  0.297271  -0.949686  -0.098624,
	  0.283821  -0.756748  -0.588879,
	 -0.028865   0.977280   0.209977,
	 -0.116080   0.929412  -0.350313,
	  0.039039   0.991355   0.125266,
	 -0.051000   0.998400  -0.024438,
	 -0.150194   0.898608  -0.412244,
	  0.060323   0.994482  -0.085834,
	 -0.203893   0.791353  -0.576358,
	  0.118636   0.170570  -0.978178,
	  0.052031   0.922857   0.381612,
	  0.394822   0.738018   0.547215,
	  0.516909   0.108559   0.849129,
	  0.345979  -0.460564   0.817423,
	  0.258167  -0.886491   0.384035,
	  0.323843  -0.895571   0.305089,
	  0.556644  -0.644903   0.523686,
	  0.311243  -0.900905   0.302485,
	 -0.068540  -0.639472  -0.765753,
	  0.221628  -0.707431  -0.671136,
	  0.243248  -0.589230  -0.770479,
	  0.204780  -0.968326   0.142866,
	  0.206238  -0.976286   0.065819,
	  0.066892  -0.926122  -0.371245,
	 -0.303331   0.950805   0.062926,
	 -0.026055   0.993723  -0.108794,
	  0.059604   0.814440  -0.577179,
	  0.041705   0.658166  -0.751717,
	 -0.187221   0.980654   0.057154,
	  0.153372   0.987550   0.034949,
	  0.629491   0.766805  -0.125505,
	  0.426604  -0.353788  -0.832372,
	  0.037471   0.358708  -0.932697,
	  0.833664   0.457620   0.309173,
	  0.823971   0.327247   0.462581,
	  0.676169  -0.734476   0.057785,
	  0.635319  -0.656345   0.406917,
	  0.829745  -0.553027   0.075393,
	  0.290476  -0.778958  -0.555741,
	 -0.057142  -0.076641  -0.995420,
	  0.058882  -0.194126  -0.979208,
	  0.682013  -0.723326  -0.107973,
	 -0.096631   0.987844  -0.121768,
	 -0.050484   0.900427  -0.432067,
	  0.065500   0.985393   0.157198,
	  0.293665   0.890826   0.346685,
	  0.832816  -0.172685  -0.525925,
	  0.625241  -0.054975  -0.778493,
	  0.137076   0.478322  -0.867421,
	  0.863763   0.335662   0.375826,
	  0.983743  -0.065256   0.167304,
	  0.860182  -0.054485  -0.507068,
	  0.899958  -0.056293  -0.432327,
	  0.984765  -0.062872  -0.162129,
	  0.989422  -0.127051  -0.070014,
	 -0.345512   0.936525   0.059519,
	  0.533450   0.673291  -0.511967,
	  0.906827   0.416791  -0.062853,
     ]    } 
normalIndex      [ 
	     0,      1,      2, -1 
	     0,      2,      3, -1 
	     0,      4,      1, -1 
	     0,      3,      5, -1 
	     0,      5,      6, -1 
	     0,      6,      7, -1 
	     0,      7,      8, -1 
	     0,      8,      9, -1 
	     0,      9,     10, -1 
	     0,     10,      4, -1 
	     1,     11,      2, -1 
	    12,     11,      1, -1 
	     4,     12,      1, -1 
	    11,     13,      2, -1 
	     2,     13,      3, -1 
	    13,     14,      3, -1 
	     3,     14,      5, -1 
	    15,     12,      4, -1 
	    10,     15,      4, -1 
	    14,     16,      5, -1 
	     5,     16,      6, -1 
	    16,     17,      6, -1 
	     6,     17,      7, -1 
	    17,     18,      7, -1 
	     7,     18,      8, -1 
	    18,     19,      8, -1 
	     8,     19,      9, -1 
	    19,     20,      9, -1 
	     9,     20,     10, -1 
	    20,     15,     10, -1 
	    11,     21,     13, -1 
	    22,     21,     11, -1 
	    12,     22,     11, -1 
	    23,     22,     12, -1 
	    15,     23,     12, -1 
	    21,     24,     13, -1 
	    13,     24,     14, -1 
	    24,     25,     14, -1 
	    14,     25,     16, -1 
	    26,     23,     15, -1 
	    20,     26,     15, -1 
	    25,     27,     16, -1 
	    16,     27,     17, -1 
	    27,     28,     17, -1 
	    17,     28,     18, -1 
	    28,     29,     18, -1 
	    18,     29,     19, -1 
	    29,     30,     19, -1 
	    19,     30,     20, -1 
	    30,     26,     20, -1 
	    21,     31,     24, -1 
	    32,     31,     21, -1 
	    22,     32,     21, -1 
	    33,     32,     22, -1 
	    23,     33,     22, -1 
	    34,     33,     23, -1 
	    26,     34,     23, -1 
	    31,     35,     24, -1 
	    24,     35,     25, -1 
	    35,     36,     25, -1 
	    27,     25,     36, -1 
	    37,     34,     26, -1 
	    30,     37,     26, -1 
	    27,     36,     38, -1 
	    27,     38,     28, -1 
	    38,     39,     28, -1 
	    28,     39,     29, -1 
	    39,     40,     29, -1 
	    29,     40,     30, -1 
	    40,     37,     30, -1 
	    31,     41,     35, -1 
	    42,     41,     31, -1 
	    32,     42,     31, -1 
	    43,     42,     32, -1 
	    33,     43,     32, -1 
	    44,     43,     33, -1 
	    34,     44,     33, -1 
	    45,     44,     34, -1 
	    37,     45,     34, -1 
	    41,     46,     35, -1 
	    35,     46,     36, -1 
	    46,     47,     36, -1 
	    36,     47,     38, -1 
	    48,     45,     37, -1 
	    40,     48,     37, -1 
	    47,     49,     38, -1 
	    38,     49,     39, -1 
	    49,     50,     39, -1 
	    39,     50,     40, -1 
	    50,     48,     40, -1 
	    41,     51,     46, -1 
	    52,     51,     41, -1 
	    42,     52,     41, -1 
	    53,     52,     42, -1 
	    43,     53,     42, -1 
	    54,     53,     43, -1 
	    44,     54,     43, -1 
	    55,     54,     44, -1 
	    45,     55,     44, -1 
	    56,     55,     45, -1 
	    48,     56,     45, -1 
	    51,     57,     46, -1 
	    46,     57,     47, -1 
	    57,     58,     47, -1 
	    47,     58,     49, -1 
	    59,     56,     48, -1 
	    50,     59,     48, -1 
	    58,     60,     49, -1 
	    49,     60,     50, -1 
	    60,     59,     50, -1 
	    51,     61,     57, -1 
	    62,     61,     51, -1 
	    52,     62,     51, -1 
	    63,     62,     52, -1 
	    53,     63,     52, -1 
	    64,     63,     53, -1 
	    54,     64,     53, -1 
	    65,     64,     54, -1 
	    55,     65,     54, -1 
	    66,     65,     55, -1 
	    56,     66,     55, -1 
	    67,     66,     56, -1 
	    59,     67,     56, -1 
	    61,     68,     57, -1 
	    57,     68,     58, -1 
	    68,     69,     58, -1 
	    58,     69,     60, -1 
	    70,     67,     59, -1 
	    60,     70,     59, -1 
	    69,     70,     60, -1 
	    61,     71,     68, -1 
	    72,     71,     61, -1 
	    62,     72,     61, -1 
	    73,     72,     62, -1 
	    63,     73,     62, -1 
	    74,     73,     63, -1 
	    64,     74,     63, -1 
	    75,     74,     64, -1 
	    65,     75,     64, -1 
	    76,     75,     65, -1 
	    66,     76,     65, -1 
	    77,     76,     66, -1 
	    67,     77,     66, -1 
	    78,     77,     67, -1 
	    70,     78,     67, -1 
	    71,     79,     68, -1 
	    68,     79,     69, -1 
	    79,     80,     69, -1 
	    69,     80,     70, -1 
	    80,     78,     70, -1 
	    71,     81,     79, -1 
	    82,     81,     71, -1 
	    72,     82,     71, -1 
	    83,     82,     72, -1 
	    73,     83,     72, -1 
	    84,     83,     73, -1 
	    74,     84,     73, -1 
	    85,     84,     74, -1 
	    75,     85,     74, -1 
	    86,     85,     75, -1 
	    76,     86,     75, -1 
	    87,     86,     76, -1 
	    77,     87,     76, -1 
	    88,     87,     77, -1 
	    78,     88,     77, -1 
	    89,     88,     78, -1 
	    80,     89,     78, -1 
	    81,     90,     79, -1 
	    79,     90,     80, -1 
	    90,     89,     80, -1 
	    81,     91,     90, -1 
	    92,     91,     81, -1 
	    82,     92,     81, -1 
	    93,     92,     82, -1 
	    83,     93,     82, -1 
	    94,     93,     83, -1 
	    84,     94,     83, -1 
	    95,     94,     84, -1 
	    85,     95,     84, -1 
	    96,     95,     85, -1 
	    86,     96,     85, -1 
	    97,     96,     86, -1 
	    87,     97,     86, -1 
	    98,     97,     87, -1 
	    88,     98,     87, -1 
	    99,     98,     88, -1 
	    89,     99,     88, -1 
	    90,    100,     89, -1 
	   100,     99,     89, -1 
	    91,    100,     90, -1 
	    91,    101,    100, -1 
	   102,    101,     91, -1 
	    92,    102,     91, -1 
	   103,    102,     92, -1 
	    93,    103,     92, -1 
	   104,    103,     93, -1 
	    94,    104,     93, -1 
	   105,    104,     94, -1 
	    95,    105,     94, -1 
	   106,    105,     95, -1 
	    96,    106,     95, -1 
	   107,    106,     96, -1 
	    97,    107,     96, -1 
	   108,    107,     97, -1 
	    98,    108,     97, -1 
	   109,    108,     98, -1 
	    99,    109,     98, -1 
	   100,    110,     99, -1 
	   110,    109,     99, -1 
	   101,    110,    100, -1 
	   101,    111,    110, -1 
	   102,    111,    101, -1 
	   103,    111,    102, -1 
	   104,    111,    103, -1 
	   105,    111,    104, -1 
	   106,    111,    105, -1 
	   107,    111,    106, -1 
	   108,    111,    107, -1 
	   109,    111,    108, -1 
	   110,    111,    109, -1 
	   112,    113,    114, -1 
	   112,    114,    115, -1 
	   112,    116,    113, -1 
	   112,    115,    117, -1 
	   112,    117,    118, -1 
	   112,    118,    119, -1 
	   112,    119,    120, -1 
	   112,    120,    121, -1 
	   112,    121,    122, -1 
	   112,    122,    116, -1 
	   113,    123,    114, -1 
	   124,    123,    113, -1 
	   116,    124,    113, -1 
	   123,    125,    114, -1 
	   114,    125,    115, -1 
	   125,    126,    115, -1 
	   115,    126,    117, -1 
	   127,    124,    116, -1 
	   122,    127,    116, -1 
	   126,    128,    117, -1 
	   117,    128,    118, -1 
	   128,    129,    118, -1 
	   118,    129,    119, -1 
	   129,    130,    119, -1 
	   119,    130,    120, -1 
	   130,    131,    120, -1 
	   120,    131,    121, -1 
	   131,    132,    121, -1 
	   121,    132,    122, -1 
	   132,    127,    122, -1 
	   123,    133,    125, -1 
	   134,    133,    123, -1 
	   124,    134,    123, -1 
	   135,    134,    124, -1 
	   127,    135,    124, -1 
	   133,    136,    125, -1 
	   125,    136,    126, -1 
	   136,    137,    126, -1 
	   126,    137,    128, -1 
	   138,    135,    127, -1 
	   132,    138,    127, -1 
	   137,    139,    128, -1 
	   128,    139,    129, -1 
	   139,    140,    129, -1 
	   129,    140,    130, -1 
	   140,    141,    130, -1 
	   130,    141,    131, -1 
	   141,    142,    131, -1 
	   131,    142,    132, -1 
	   142,    138,    132, -1 
	   133,    143,    136, -1 
	   144,    143,    133, -1 
	   134,    144,    133, -1 
	   145,    144,    134, -1 
	   135,    145,    134, -1 
	   146,    145,    135, -1 
	   138,    146,    135, -1 
	   143,    147,    136, -1 
	   136,    147,    137, -1 
	   147,    148,    137, -1 
	   137,    148,    139, -1 
	   149,    146,    138, -1 
	   142,    149,    138, -1 
	   148,    150,    139, -1 
	   139,    150,    140, -1 
	   150,    151,    140, -1 
	   140,    151,    141, -1 
	   151,    152,    141, -1 
	   141,    152,    142, -1 
	   152,    149,    142, -1 
	   143,    153,    147, -1 
	   154,    153,    143, -1 
	   144,    154,    143, -1 
	   155,    154,    144, -1 
	   145,    155,    144, -1 
	   156,    155,    145, -1 
	   146,    156,    145, -1 
	   157,    156,    146, -1 
	   149,    157,    146, -1 
	   153,    158,    147, -1 
	   147,    158,    148, -1 
	   158,    159,    148, -1 
	   148,    159,    150, -1 
	   160,    157,    149, -1 
	   152,    160,    149, -1 
	   159,    161,    150, -1 
	   150,    161,    151, -1 
	   161,    162,    151, -1 
	   151,    162,    152, -1 
	   162,    160,    152, -1 
	   153,    163,    158, -1 
	   164,    163,    153, -1 
	   154,    164,    153, -1 
	   165,    164,    154, -1 
	   155,    165,    154, -1 
	   166,    165,    155, -1 
	   156,    166,    155, -1 
	   167,    166,    156, -1 
	   157,    167,    156, -1 
	   168,    167,    157, -1 
	   160,    168,    157, -1 
	   163,    169,    158, -1 
	   158,    169,    159, -1 
	   169,    170,    159, -1 
	   159,    170,    161, -1 
	   171,    168,    160, -1 
	   162,    171,    160, -1 
	   170,    172,    161, -1 
	   161,    172,    162, -1 
	   172,    171,    162, -1 
	   163,    173,    169, -1 
	   174,    173,    163, -1 
	   164,    174,    163, -1 
	   175,    174,    164, -1 
	   165,    175,    164, -1 
	   176,    175,    165, -1 
	   166,    176,    165, -1 
	   177,    176,    166, -1 
	   167,    177,    166, -1 
	   178,    177,    167, -1 
	   168,    178,    167, -1 
	   179,    178,    168, -1 
	   171,    179,    168, -1 
	   173,    180,    169, -1 
	   169,    180,    170, -1 
	   180,    181,    170, -1 
	   170,    181,    172, -1 
	   182,    179,    171, -1 
	   172,    182,    171, -1 
	   181,    182,    172, -1 
	   173,    183,    180, -1 
	   184,    183,    173, -1 
	   174,    184,    173, -1 
	   185,    184,    174, -1 
	   175,    185,    174, -1 
	   186,    185,    175, -1 
	   176,    186,    175, -1 
	   187,    186,    176, -1 
	   177,    187,    176, -1 
	   188,    187,    177, -1 
	   178,    188,    177, -1 
	   189,    188,    178, -1 
	   179,    189,    178, -1 
	   190,    189,    179, -1 
	   182,    190,    179, -1 
	   183,    191,    180, -1 
	   180,    191,    181, -1 
	   191,    192,    181, -1 
	   181,    192,    182, -1 
	   192,    190,    182, -1 
	   183,    193,    191, -1 
	   194,    193,    183, -1 
	   184,    194,    183, -1 
	   195,    194,    184, -1 
	   185,    195,    184, -1 
	   196,    195,    185, -1 
	   186,    196,    185, -1 
	   197,    196,    186, -1 
	   187,    197,    186, -1 
	   198,    197,    187, -1 
	   188,    198,    187, -1 
	   199,    198,    188, -1 
	   189,    199,    188, -1 
	   200,    199,    189, -1 
	   190,    200,    189, -1 
	   201,    200,    190, -1 
	   192,    201,    190, -1 
	   193,    202,    191, -1 
	   191,    202,    192, -1 
	   202,    201,    192, -1 
	   193,    203,    202, -1 
	   204,    203,    193, -1 
	   194,    204,    193, -1 
	   205,    204,    194, -1 
	   195,    205,    194, -1 
	   206,    205,    195, -1 
	   196,    206,    195, -1 
	   207,    206,    196, -1 
	   197,    207,    196, -1 
	   208,    207,    197, -1 
	   198,    208,    197, -1 
	   209,    208,    198, -1 
	   199,    209,    198, -1 
	   210,    209,    199, -1 
	   200,    210,    199, -1 
	   211,    210,    200, -1 
	   201,    211,    200, -1 
	   202,    212,    201, -1 
	   212,    211,    201, -1 
	   203,    212,    202, -1 
	   203,    213,    212, -1 
	   214,    213,    203, -1 
	   204,    214,    203, -1 
	   215,    214,    204, -1 
	   205,    215,    204, -1 
	   216,    215,    205, -1 
	   206,    216,    205, -1 
	   217,    216,    206, -1 
	   207,    217,    206, -1 
	   218,    217,    207, -1 
	   208,    218,    207, -1 
	   219,    218,    208, -1 
	   209,    219,    208, -1 
	   220,    219,    209, -1 
	   210,    220,    209, -1 
	   221,    220,    210, -1 
	   211,    221,    210, -1 
	   212,    222,    211, -1 
	   222,    221,    211, -1 
	   213,    222,    212, -1 
	   213,    223,    222, -1 
	   214,    223,    213, -1 
	   215,    223,    214, -1 
	   216,    223,    215, -1 
	   217,    223,    216, -1 
	   218,    223,    217, -1 
	   219,    223,    218, -1 
	   220,    223,    219, -1 
	   221,    223,    220, -1 
	   222,    223,    221, -1 
	   224,    225,    226, -1 
	   224,    226,    227, -1 
	   224,    228,    225, -1 
	   224,    227,    229, -1 
	   224,    229,    230, -1 
	   224,    230,    231, -1 
	   224,    231,    232, -1 
	   224,    232,    233, -1 
	   224,    233,    234, -1 
	   224,    234,    228, -1 
	   225,    235,    226, -1 
	   236,    235,    225, -1 
	   228,    236,    225, -1 
	   235,    237,    226, -1 
	   226,    237,    227, -1 
	   237,    238,    227, -1 
	   227,    238,    229, -1 
	   239,    236,    228, -1 
	   234,    239,    228, -1 
	   238,    240,    229, -1 
	   229,    240,    230, -1 
	   240,    241,    230, -1 
	   230,    241,    231, -1 
	   241,    242,    231, -1 
	   231,    242,    232, -1 
	   242,    243,    232, -1 
	   232,    243,    233, -1 
	   243,    244,    233, -1 
	   233,    244,    234, -1 
	   244,    239,    234, -1 
	   235,    245,    237, -1 
	   246,    245,    235, -1 
	   236,    246,    235, -1 
	   247,    246,    236, -1 
	   239,    247,    236, -1 
	   245,    248,    237, -1 
	   237,    248,    238, -1 
	   248,    249,    238, -1 
	   238,    249,    240, -1 
	   250,    247,    239, -1 
	   244,    250,    239, -1 
	   249,    251,    240, -1 
	   240,    251,    241, -1 
	   251,    252,    241, -1 
	   241,    252,    242, -1 
	   252,    253,    242, -1 
	   242,    253,    243, -1 
	   253,    254,    243, -1 
	   243,    254,    244, -1 
	   254,    250,    244, -1 
	   245,    255,    248, -1 
	   256,    255,    245, -1 
	   246,    256,    245, -1 
	   257,    256,    246, -1 
	   247,    257,    246, -1 
	   258,    257,    247, -1 
	   250,    258,    247, -1 
	   255,    259,    248, -1 
	   248,    259,    249, -1 
	   259,    260,    249, -1 
	   249,    260,    251, -1 
	   261,    258,    250, -1 
	   254,    261,    250, -1 
	   260,    262,    251, -1 
	   251,    262,    252, -1 
	   262,    263,    252, -1 
	   252,    263,    253, -1 
	   263,    264,    253, -1 
	   253,    264,    254, -1 
	   264,    261,    254, -1 
	   255,    265,    259, -1 
	   266,    265,    255, -1 
	   256,    266,    255, -1 
	   267,    266,    256, -1 
	   257,    267,    256, -1 
	   268,    267,    257, -1 
	   258,    268,    257, -1 
	   269,    268,    258, -1 
	   261,    269,    258, -1 
	   265,    270,    259, -1 
	   259,    270,    260, -1 
	   270,    271,    260, -1 
	   260,    271,    262, -1 
	   272,    269,    261, -1 
	   264,    272,    261, -1 
	   271,    273,    262, -1 
	   262,    273,    263, -1 
	   273,    274,    263, -1 
	   263,    274,    264, -1 
	   274,    272,    264, -1 
	   265,    275,    270, -1 
	   276,    275,    265, -1 
	   266,    276,    265, -1 
	   277,    276,    266, -1 
	   267,    277,    266, -1 
	   278,    277,    267, -1 
	   268,    278,    267, -1 
	   279,    278,    268, -1 
	   269,    279,    268, -1 
	   280,    279,    269, -1 
	   272,    280,    269, -1 
	   275,    281,    270, -1 
	   270,    281,    271, -1 
	   281,    282,    271, -1 
	   271,    282,    273, -1 
	   283,    280,    272, -1 
	   274,    283,    272, -1 
	   282,    284,    273, -1 
	   273,    284,    274, -1 
	   284,    283,    274, -1 
	   275,    285,    281, -1 
	   286,    285,    275, -1 
	   276,    286,    275, -1 
	   287,    286,    276, -1 
	   277,    287,    276, -1 
	   288,    287,    277, -1 
	   278,    288,    277, -1 
	   289,    288,    278, -1 
	   279,    289,    278, -1 
	   290,    289,    279, -1 
	   280,    290,    279, -1 
	   291,    290,    280, -1 
	   283,    291,    280, -1 
	   285,    292,    281, -1 
	   281,    292,    282, -1 
	   292,    293,    282, -1 
	   282,    293,    284, -1 
	   294,    291,    283, -1 
	   284,    294,    283, -1 
	   293,    294,    284, -1 
	   285,    295,    292, -1 
	   296,    295,    285, -1 
	   286,    296,    285, -1 
	   297,    296,    286, -1 
	   287,    297,    286, -1 
	   298,    297,    287, -1 
	   288,    298,    287, -1 
	   299,    298,    288, -1 
	   289,    299,    288, -1 
	   300,    299,    289, -1 
	   290,    300,    289, -1 
	   301,    300,    290, -1 
	   291,    301,    290, -1 
	   302,    301,    291, -1 
	   294,    302,    291, -1 
	   295,    303,    292, -1 
	   292,    303,    293, -1 
	   303,    304,    293, -1 
	   293,    304,    294, -1 
	   304,    302,    294, -1 
	   295,    305,    303, -1 
	   306,    305,    295, -1 
	   296,    306,    295, -1 
	   307,    306,    296, -1 
	   297,    307,    296, -1 
	   308,    307,    297, -1 
	   298,    308,    297, -1 
	   309,    308,    298, -1 
	   299,    309,    298, -1 
	   310,    309,    299, -1 
	   300,    310,    299, -1 
	   311,    310,    300, -1 
	   301,    311,    300, -1 
	   312,    311,    301, -1 
	   302,    312,    301, -1 
	   313,    312,    302, -1 
	   304,    313,    302, -1 
	   305,    314,    303, -1 
	   303,    314,    304, -1 
	   314,    313,    304, -1 
	   305,    315,    314, -1 
	   316,    315,    305, -1 
	   306,    316,    305, -1 
	   317,    316,    306, -1 
	   307,    317,    306, -1 
	   318,    317,    307, -1 
	   308,    318,    307, -1 
	   319,    318,    308, -1 
	   309,    319,    308, -1 
	   320,    319,    309, -1 
	   310,    320,    309, -1 
	   321,    320,    310, -1 
	   311,    321,    310, -1 
	   322,    321,    311, -1 
	   312,    322,    311, -1 
	   323,    322,    312, -1 
	   313,    323,    312, -1 
	   314,    324,    313, -1 
	   324,    323,    313, -1 
	   315,    324,    314, -1 
	   315,    325,    324, -1 
	   326,    325,    315, -1 
	   316,    326,    315, -1 
	   327,    326,    316, -1 
	   317,    327,    316, -1 
	   328,    327,    317, -1 
	   318,    328,    317, -1 
	   329,    328,    318, -1 
	   319,    329,    318, -1 
	   330,    329,    319, -1 
	   320,    330,    319, -1 
	   331,    330,    320, -1 
	   321,    331,    320, -1 
	   332,    331,    321, -1 
	   322,    332,    321, -1 
	   333,    332,    322, -1 
	   323,    333,    322, -1 
	   324,    334,    323, -1 
	   334,    333,    323, -1 
	   325,    334,    324, -1 
	   325,    335,    334, -1 
	   326,    335,    325, -1 
	   327,    335,    326, -1 
	   328,    335,    327, -1 
	   329,    335,    328, -1 
	   330,    335,    329, -1 
	   331,    335,    330, -1 
	   332,    335,    331, -1 
	   333,    335,    332, -1 
	   334,    335,    333, -1 
	   336,    337,    338, -1 
	   336,    338,    339, -1 
	   336,    340,    337, -1 
	   336,    339,    341, -1 
	   336,    341,    342, -1 
	   336,    342,    343, -1 
	   336,    343,    344, -1 
	   336,    344,    345, -1 
	   336,    345,    346, -1 
	   336,    346,    340, -1 
	   337,    347,    338, -1 
	   348,    347,    337, -1 
	   340,    348,    337, -1 
	   347,    349,    338, -1 
	   338,    349,    339, -1 
	   349,    350,    339, -1 
	   339,    350,    341, -1 
	   351,    348,    340, -1 
	   346,    351,    340, -1 
	   350,    352,    341, -1 
	   341,    352,    342, -1 
	   352,    353,    342, -1 
	   342,    353,    343, -1 
	   353,    354,    343, -1 
	   343,    354,    344, -1 
	   354,    355,    344, -1 
	   344,    355,    345, -1 
	   355,    356,    345, -1 
	   345,    356,    346, -1 
	   356,    351,    346, -1 
	   347,    357,    349, -1 
	   358,    357,    347, -1 
	   348,    358,    347, -1 
	   359,    358,    348, -1 
	   351,    359,    348, -1 
	   357,    360,    349, -1 
	   349,    360,    350, -1 
	   360,    361,    350, -1 
	   350,    361,    352, -1 
	   362,    359,    351, -1 
	   356,    362,    351, -1 
	   361,    363,    352, -1 
	   352,    363,    353, -1 
	   363,    364,    353, -1 
	   353,    364,    354, -1 
	   364,    365,    354, -1 
	   354,    365,    355, -1 
	   365,    366,    355, -1 
	   355,    366,    356, -1 
	   366,    362,    356, -1 
	   357,    367,    360, -1 
	   368,    367,    357, -1 
	   358,    368,    357, -1 
	   369,    368,    358, -1 
	   359,    369,    358, -1 
	   370,    369,    359, -1 
	   362,    370,    359, -1 
	   367,    371,    360, -1 
	   360,    371,    361, -1 
	   371,    372,    361, -1 
	   361,    372,    363, -1 
	   373,    370,    362, -1 
	   366,    373,    362, -1 
	   372,    374,    363, -1 
	   363,    374,    364, -1 
	   374,    375,    364, -1 
	   364,    375,    365, -1 
	   375,    376,    365, -1 
	   365,    376,    366, -1 
	   376,    373,    366, -1 
	   367,    377,    371, -1 
	   378,    377,    367, -1 
	   368,    378,    367, -1 
	   379,    378,    368, -1 
	   369,    379,    368, -1 
	   380,    379,    369, -1 
	   370,    380,    369, -1 
	   381,    380,    370, -1 
	   373,    381,    370, -1 
	   377,    382,    371, -1 
	   371,    382,    372, -1 
	   382,    383,    372, -1 
	   372,    383,    374, -1 
	   384,    381,    373, -1 
	   376,    384,    373, -1 
	   383,    385,    374, -1 
	   374,    385,    375, -1 
	   385,    386,    375, -1 
	   375,    386,    376, -1 
	   386,    384,    376, -1 
	   377,    387,    382, -1 
	   388,    387,    377, -1 
	   378,    388,    377, -1 
	   389,    388,    378, -1 
	   379,    389,    378, -1 
	   390,    389,    379, -1 
	   380,    390,    379, -1 
	   391,    390,    380, -1 
	   381,    391,    380, -1 
	   392,    391,    381, -1 
	   384,    392,    381, -1 
	   387,    393,    382, -1 
	   382,    393,    383, -1 
	   393,    394,    383, -1 
	   383,    394,    385, -1 
	   395,    392,    384, -1 
	   386,    395,    384, -1 
	   394,    396,    385, -1 
	   385,    396,    386, -1 
	   396,    395,    386, -1 
	   387,    397,    393, -1 
	   398,    397,    387, -1 
	   388,    398,    387, -1 
	   399,    398,    388, -1 
	   389,    399,    388, -1 
	   400,    399,    389, -1 
	   390,    400,    389, -1 
	   401,    400,    390, -1 
	   391,    401,    390, -1 
	   402,    401,    391, -1 
	   392,    402,    391, -1 
	   403,    402,    392, -1 
	   395,    403,    392, -1 
	   397,    404,    393, -1 
	   393,    404,    394, -1 
	   404,    405,    394, -1 
	   394,    405,    396, -1 
	   406,    403,    395, -1 
	   396,    406,    395, -1 
	   405,    406,    396, -1 
	   397,    407,    404, -1 
	   408,    407,    397, -1 
	   398,    408,    397, -1 
	   409,    408,    398, -1 
	   399,    409,    398, -1 
	   410,    409,    399, -1 
	   400,    410,    399, -1 
	   411,    410,    400, -1 
	   401,    411,    400, -1 
	   412,    411,    401, -1 
	   402,    412,    401, -1 
	   413,    412,    402, -1 
	   403,    413,    402, -1 
	   414,    413,    403, -1 
	   406,    414,    403, -1 
	   407,    415,    404, -1 
	   404,    415,    405, -1 
	   415,    416,    405, -1 
	   405,    416,    406, -1 
	   416,    414,    406, -1 
	   407,    417,    415, -1 
	   418,    417,    407, -1 
	   408,    418,    407, -1 
	   419,    418,    408, -1 
	   409,    419,    408, -1 
	   420,    419,    409, -1 
	   410,    420,    409, -1 
	   421,    420,    410, -1 
	   411,    421,    410, -1 
	   422,    421,    411, -1 
	   412,    422,    411, -1 
	   423,    422,    412, -1 
	   413,    423,    412, -1 
	   424,    423,    413, -1 
	   414,    424,    413, -1 
	   425,    424,    414, -1 
	   416,    425,    414, -1 
	   417,    426,    415, -1 
	   415,    426,    416, -1 
	   426,    425,    416, -1 
	   417,    427,    426, -1 
	   428,    427,    417, -1 
	   418,    428,    417, -1 
	   429,    428,    418, -1 
	   419,    429,    418, -1 
	   430,    429,    419, -1 
	   420,    430,    419, -1 
	   431,    430,    420, -1 
	   421,    431,    420, -1 
	   432,    431,    421, -1 
	   422,    432,    421, -1 
	   433,    432,    422, -1 
	   423,    433,    422, -1 
	   434,    433,    423, -1 
	   424,    434,    423, -1 
	   435,    434,    424, -1 
	   425,    435,    424, -1 
	   426,    436,    425, -1 
	   436,    435,    425, -1 
	   427,    436,    426, -1 
	   427,    437,    436, -1 
	   438,    437,    427, -1 
	   428,    438,    427, -1 
	   439,    438,    428, -1 
	   429,    439,    428, -1 
	   440,    439,    429, -1 
	   430,    440,    429, -1 
	   441,    440,    430, -1 
	   431,    441,    430, -1 
	   442,    441,    431, -1 
	   432,    442,    431, -1 
	   443,    442,    432, -1 
	   433,    443,    432, -1 
	   444,    443,    433, -1 
	   434,    444,    433, -1 
	   445,    444,    434, -1 
	   435,    445,    434, -1 
	   436,    446,    435, -1 
	   446,    445,    435, -1 
	   437,    446,    436, -1 
	   437,    447,    446, -1 
	   438,    447,    437, -1 
	   439,    447,    438, -1 
	   440,    447,    439, -1 
	   441,    447,    440, -1 
	   442,    447,    441, -1 
	   443,    447,    442, -1 
	   444,    447,    443, -1 
	   445,    447,    444, -1 
	   446,    447,    445, -1 
	   448,    449,    450, -1 
	   448,    450,    451, -1 
	   448,    452,    449, -1 
	   448,    451,    453, -1 
	   448,    453,    454, -1 
	   448,    454,    455, -1 
	   448,    455,    456, -1 
	   448,    456,    457, -1 
	   448,    457,    458, -1 
	   448,    458,    452, -1 
	   449,    459,    450, -1 
	   460,    459,    449, -1 
	   452,    460,    449, -1 
	   459,    461,    450, -1 
	   450,    461,    451, -1 
	   461,    462,    451, -1 
	   451,    462,    453, -1 
	   463,    460,    452, -1 
	   458,    463,    452, -1 
	   462,    464,    453, -1 
	   453,    464,    454, -1 
	   464,    465,    454, -1 
	   454,    465,    455, -1 
	   465,    466,    455, -1 
	   455,    466,    456, -1 
	   466,    467,    456, -1 
	   456,    467,    457, -1 
	   467,    468,    457, -1 
	   457,    468,    458, -1 
	   468,    463,    458, -1 
	   459,    469,    461, -1 
	   470,    469,    459, -1 
	   460,    470,    459, -1 
	   471,    470,    460, -1 
	   463,    471,    460, -1 
	   469,    472,    461, -1 
	   461,    472,    462, -1 
	   472,    473,    462, -1 
	   462,    473,    464, -1 
	   474,    471,    463, -1 
	   468,    474,    463, -1 
	   473,    475,    464, -1 
	   464,    475,    465, -1 
	   475,    476,    465, -1 
	   465,    476,    466, -1 
	   476,    477,    466, -1 
	   466,    477,    467, -1 
	   477,    478,    467, -1 
	   467,    478,    468, -1 
	   478,    474,    468, -1 
	   469,    479,    472, -1 
	   480,    479,    469, -1 
	   470,    480,    469, -1 
	   481,    480,    470, -1 
	   471,    481,    470, -1 
	   482,    481,    471, -1 
	   474,    482,    471, -1 
	   479,    483,    472, -1 
	   472,    483,    473, -1 
	   483,    484,    473, -1 
	   473,    484,    475, -1 
	   485,    482,    474, -1 
	   478,    485,    474, -1 
	   484,    486,    475, -1 
	   475,    486,    476, -1 
	   486,    487,    476, -1 
	   476,    487,    477, -1 
	   487,    488,    477, -1 
	   477,    488,    478, -1 
	   488,    485,    478, -1 
	   479,    489,    483, -1 
	   490,    489,    479, -1 
	   480,    490,    479, -1 
	   491,    490,    480, -1 
	   481,    491,    480, -1 
	   492,    491,    481, -1 
	   482,    492,    481, -1 
	   493,    492,    482, -1 
	   485,    493,    482, -1 
	   489,    494,    483, -1 
	   483,    494,    484, -1 
	   494,    495,    484, -1 
	   484,    495,    486, -1 
	   496,    493,    485, -1 
	   488,    496,    485, -1 
	   495,    497,    486, -1 
	   486,    497,    487, -1 
	   497,    498,    487, -1 
	   487,    498,    488, -1 
	   498,    496,    488, -1 
	   489,    499,    494, -1 
	   500,    499,    489, -1 
	   490,    500,    489, -1 
	   501,    500,    490, -1 
	   491,    501,    490, -1 
	   502,    501,    491, -1 
	   492,    502,    491, -1 
	   503,    502,    492, -1 
	   493,    503,    492, -1 
	   504,    503,    493, -1 
	   496,    504,    493, -1 
	   499,    505,    494, -1 
	   494,    505,    495, -1 
	   505,    506,    495, -1 
	   495,    506,    497, -1 
	   507,    504,    496, -1 
	   498,    507,    496, -1 
	   506,    508,    497, -1 
	   497,    508,    498, -1 
	   508,    507,    498, -1 
	   499,    509,    505, -1 
	   510,    509,    499, -1 
	   500,    510,    499, -1 
	   511,    510,    500, -1 
	   501,    511,    500, -1 
	   512,    511,    501, -1 
	   502,    512,    501, -1 
	   513,    512,    502, -1 
	   503,    513,    502, -1 
	   514,    513,    503, -1 
	   504,    514,    503, -1 
	   515,    514,    504, -1 
	   507,    515,    504, -1 
	   509,    516,    505, -1 
	   505,    516,    506, -1 
	   516,    517,    506, -1 
	   506,    517,    508, -1 
	   518,    515,    507, -1 
	   508,    518,    507, -1 
	   517,    518,    508, -1 
	   509,    519,    516, -1 
	   520,    519,    509, -1 
	   510,    520,    509, -1 
	   521,    520,    510, -1 
	   511,    521,    510, -1 
	   522,    521,    511, -1 
	   512,    522,    511, -1 
	   523,    522,    512, -1 
	   513,    523,    512, -1 
	   524,    523,    513, -1 
	   514,    524,    513, -1 
	   525,    524,    514, -1 
	   515,    525,    514, -1 
	   526,    525,    515, -1 
	   518,    526,    515, -1 
	   519,    527,    516, -1 
	   516,    527,    517, -1 
	   527,    528,    517, -1 
	   517,    528,    518, -1 
	   528,    526,    518, -1 
	   519,    529,    527, -1 
	   530,    529,    519, -1 
	   520,    530,    519, -1 
	   531,    530,    520, -1 
	   521,    531,    520, -1 
	   532,    531,    521, -1 
	   522,    532,    521, -1 
	   533,    532,    522, -1 
	   523,    533,    522, -1 
	   534,    533,    523, -1 
	   524,    534,    523, -1 
	   535,    534,    524, -1 
	   525,    535,    524, -1 
	   536,    535,    525, -1 
	   526,    536,    525, -1 
	   537,    536,    526, -1 
	   528,    537,    526, -1 
	   529,    538,    527, -1 
	   527,    538,    528, -1 
	   538,    537,    528, -1 
	   529,    539,    538, -1 
	   540,    539,    529, -1 
	   530,    540,    529, -1 
	   541,    540,    530, -1 
	   531,    541,    530, -1 
	   542,    541,    531, -1 
	   532,    542,    531, -1 
	   543,    542,    532, -1 
	   533,    543,    532, -1 
	   544,    543,    533, -1 
	   534,    544,    533, -1 
	   545,    544,    534, -1 
	   535,    545,    534, -1 
	   546,    545,    535, -1 
	   536,    546,    535, -1 
	   547,    546,    536, -1 
	   537,    547,    536, -1 
	   538,    548,    537, -1 
	   548,    547,    537, -1 
	   539,    548,    538, -1 
	   539,    549,    548, -1 
	   550,    549,    539, -1 
	   540,    550,    539, -1 
	   551,    550,    540, -1 
	   541,    551,    540, -1 
	   552,    551,    541, -1 
	   542,    552,    541, -1 
	   553,    552,    542, -1 
	   543,    553,    542, -1 
	   554,    553,    543, -1 
	   544,    554,    543, -1 
	   555,    554,    544, -1 
	   545,    555,    544, -1 
	   556,    555,    545, -1 
	   546,    556,    545, -1 
	   557,    556,    546, -1 
	   547,    557,    546, -1 
	   548,    558,    547, -1 
	   558,    557,    547, -1 
	   549,    558,    548, -1 
	   549,    559,    558, -1 
	   550,    559,    549, -1 
	   551,    559,    550, -1 
	   552,    559,    551, -1 
	   553,    559,    552, -1 
	   554,    559,    553, -1 
	   555,    559,    554, -1 
	   556,    559,    555, -1 
	   557,    559,    556, -1 
	   558,    559,    557, -1 
	   560,    561,    562, -1 
	   560,    562,    563, -1 
	   560,    564,    561, -1 
	   560,    565,    564, -1 
	   560,    566,    565, -1 
	   560,    563,    566, -1 
	   562,    561,    567, -1 
	   561,    568,    567, -1 
	   561,    564,    568, -1 
	   562,    567,    569, -1 
	   563,    562,    569, -1 
	   566,    563,    570, -1 
	   563,    569,    570, -1 
	   564,    571,    568, -1 
	   564,    565,    571, -1 
	   565,    572,    571, -1 
	   565,    573,    572, -1 
	   565,    566,    573, -1 
	   566,    570,    573, -1 
	   569,    567,    574, -1 
	   567,    575,    574, -1 
	   567,    576,    575, -1 
	   567,    568,    576, -1 
	   568,    577,    576, -1 
	   568,    578,    577, -1 
	   568,    579,    578, -1 
	   568,    571,    579, -1 
	   569,    574,    580, -1 
	   570,    569,    580, -1 
	   573,    570,    581, -1 
	   570,    580,    581, -1 
	   571,    582,    579, -1 
	   571,    572,    582, -1 
	   572,    583,    582, -1 
	   572,    573,    583, -1 
	   573,    584,    583, -1 
	   573,    581,    584, -1 
	   580,    574,    585, -1 
	   574,    575,    585, -1 
	   575,    586,    585, -1 
	   575,    576,    586, -1 
	   576,    587,    586, -1 
	   576,    577,    587, -1 
	   577,    578,    587, -1 
	   578,    588,    587, -1 
	   578,    579,    588, -1 
	   579,    589,    588, -1 
	   579,    582,    589, -1 
	   580,    585,    590, -1 
	   581,    580,    590, -1 
	   584,    581,    591, -1 
	   581,    590,    591, -1 
	   582,    592,    589, -1 
	   582,    583,    592, -1 
	   583,    593,    592, -1 
	   583,    594,    593, -1 
	   583,    584,    594, -1 
	   584,    595,    594, -1 
	   584,    596,    595, -1 
	   584,    591,    596, -1 
	   590,    585,    597, -1 
	   585,    598,    597, -1 
	   585,    586,    598, -1 
	   586,    599,    598, -1 
	   586,    587,    599, -1 
	   587,    600,    599, -1 
	   587,    588,    600, -1 
	   588,    601,    600, -1 
	   588,    589,    601, -1 
	   589,    602,    601, -1 
	   589,    592,    602, -1 
	   591,    590,    603, -1 
	   590,    597,    603, -1 
	   596,    591,    604, -1 
	   591,    603,    604, -1 
	   592,    605,    602, -1 
	   592,    593,    605, -1 
	   593,    606,    605, -1 
	   593,    594,    606, -1 
	   594,    607,    606, -1 
	   594,    595,    607, -1 
	   595,    608,    607, -1 
	   595,    609,    608, -1 
	   595,    610,    609, -1 
	   595,    596,    610, -1 
	   596,    604,    610, -1 
	   597,    598,    611, -1 
	   603,    597,    612, -1 
	   597,    611,    612, -1 
	   598,    613,    611, -1 
	   598,    599,    613, -1 
	   599,    614,    613, -1 
	   599,    600,    614, -1 
	   600,    601,    614, -1 
	   601,    615,    614, -1 
	   601,    602,    615, -1 
	   602,    616,    615, -1 
	   602,    605,    616, -1 
	   604,    603,    617, -1 
	   603,    612,    617, -1 
	   610,    604,    617, -1 
	   605,    606,    616, -1 
	   606,    607,    616, -1 
	   607,    618,    616, -1 
	   607,    608,    618, -1 
	   608,    609,    618, -1 
	   609,    610,    618, -1 
	   610,    617,    618, -1 
	   611,    613,    619, -1 
	   612,    611,    619, -1 
	   617,    612,    619, -1 
	   613,    614,    619, -1 
	   614,    615,    619, -1 
	   615,    616,    619, -1 
	   616,    618,    619, -1 
	   618,    617,    619, -1 
	   620,    621,    622, -1 
	   623,    620,    622, -1 
	   624,    621,    620, -1 
	   625,    624,    620, -1 
	   625,    620,    623, -1 
	   621,    626,    622, -1 
	   624,    627,    621, -1 
	   627,    626,    621, -1 
	   626,    628,    622, -1 
	   628,    629,    622, -1 
	   629,    630,    622, -1 
	   630,    631,    622, -1 
	   631,    632,    622, -1 
	   632,    633,    622, -1 
	   633,    623,    622, -1 
	   634,    623,    633, -1 
	   634,    625,    623, -1 
	   635,    624,    625, -1 
	   635,    636,    624, -1 
	   636,    627,    624, -1 
	   635,    625,    634, -1 
	   627,    637,    626, -1 
	   637,    628,    626, -1 
	   636,    638,    627, -1 
	   638,    637,    627, -1 
	   637,    639,    628, -1 
	   639,    629,    628, -1 
	   639,    630,    629, -1 
	   639,    640,    630, -1 
	   640,    631,    630, -1 
	   640,    641,    631, -1 
	   641,    642,    631, -1 
	   642,    632,    631, -1 
	   642,    643,    632, -1 
	   643,    633,    632, -1 
	   643,    644,    633, -1 
	   644,    634,    633, -1 
	   645,    634,    644, -1 
	   645,    635,    634, -1 
	   646,    647,    635, -1 
	   647,    636,    635, -1 
	   646,    635,    645, -1 
	   647,    648,    636, -1 
	   648,    638,    636, -1 
	   638,    649,    637, -1 
	   649,    639,    637, -1 
	   648,    650,    638, -1 
	   650,    649,    638, -1 
	   649,    651,    639, -1 
	   651,    652,    639, -1 
	   652,    640,    639, -1 
	   652,    653,    640, -1 
	   653,    641,    640, -1 
	   653,    654,    641, -1 
	   654,    642,    641, -1 
	   654,    655,    642, -1 
	   655,    643,    642, -1 
	   655,    656,    643, -1 
	   656,    644,    643, -1 
	   656,    645,    644, -1 
	   657,    645,    656, -1 
	   657,    646,    645, -1 
	   658,    647,    646, -1 
	   658,    646,    657, -1 
	   658,    648,    647, -1 
	   658,    650,    648, -1 
	   650,    651,    649, -1 
	   650,    659,    651, -1 
	   658,    659,    650, -1 
	   659,    652,    651, -1 
	   659,    660,    652, -1 
	   660,    653,    652, -1 
	   660,    654,    653, -1 
	   660,    661,    654, -1 
	   661,    655,    654, -1 
	   661,    656,    655, -1 
	   661,    657,    656, -1 
	   658,    657,    661, -1 
	   658,    660,    659, -1 
	   658,    661,    660, -1 
	   662,    663,    664, -1 
	   665,    662,    664, -1 
	   666,    663,    662, -1 
	   667,    662,    665, -1 
	   667,    666,    662, -1 
	   663,    668,    664, -1 
	   666,    669,    663, -1 
	   669,    668,    663, -1 
	   668,    670,    664, -1 
	   670,    671,    664, -1 
	   671,    672,    664, -1 
	   672,    673,    664, -1 
	   673,    674,    664, -1 
	   674,    675,    664, -1 
	   675,    676,    664, -1 
	   676,    677,    664, -1 
	   677,    665,    664, -1 
	   667,    665,    677, -1 
	   678,    679,    666, -1 
	   679,    669,    666, -1 
	   678,    666,    667, -1 
	   680,    667,    677, -1 
	   681,    667,    680, -1 
	   681,    678,    667, -1 
	   669,    682,    668, -1 
	   682,    683,    668, -1 
	   683,    670,    668, -1 
	   679,    684,    669, -1 
	   684,    682,    669, -1 
	   683,    685,    670, -1 
	   685,    671,    670, -1 
	   685,    686,    671, -1 
	   686,    672,    671, -1 
	   686,    687,    672, -1 
	   687,    688,    672, -1 
	   688,    673,    672, -1 
	   688,    689,    673, -1 
	   689,    674,    673, -1 
	   689,    690,    674, -1 
	   690,    675,    674, -1 
	   690,    691,    675, -1 
	   691,    676,    675, -1 
	   691,    680,    676, -1 
	   680,    677,    676, -1 
	   692,    679,    678, -1 
	   692,    678,    681, -1 
	   692,    693,    679, -1 
	   693,    684,    679, -1 
	   694,    680,    691, -1 
	   694,    681,    680, -1 
	   695,    681,    694, -1 
	   695,    696,    681, -1 
	   696,    692,    681, -1 
	   684,    697,    682, -1 
	   697,    683,    682, -1 
	   697,    685,    683, -1 
	   693,    697,    684, -1 
	   697,    698,    685, -1 
	   698,    686,    685, -1 
	   698,    699,    686, -1 
	   699,    687,    686, -1 
	   699,    700,    687, -1 
	   700,    688,    687, -1 
	   700,    701,    688, -1 
	   701,    689,    688, -1 
	   701,    702,    689, -1 
	   702,    690,    689, -1 
	   702,    694,    690, -1 
	   694,    691,    690, -1 
	   703,    693,    692, -1 
	   703,    692,    696, -1 
	   693,    704,    697, -1 
	   703,    704,    693, -1 
	   695,    694,    702, -1 
	   705,    695,    702, -1 
	   703,    695,    705, -1 
	   703,    696,    695, -1 
	   704,    698,    697, -1 
	   704,    706,    698, -1 
	   706,    699,    698, -1 
	   706,    700,    699, -1 
	   706,    707,    700, -1 
	   707,    701,    700, -1 
	   707,    705,    701, -1 
	   705,    702,    701, -1 
	   703,    706,    704, -1 
	   703,    707,    706, -1 
	   703,    705,    707, -1 
	   708,    709,    710, -1 
	   711,    708,    710, -1 
	   712,    709,    708, -1 
	   713,    708,    711, -1 
	   713,    714,    708, -1 
	   714,    712,    708, -1 
	   709,    715,    710, -1 
	   712,    716,    709, -1 
	   716,    715,    709, -1 
	   715,    717,    710, -1 
	   711,    710,    717, -1 
	   718,    711,    717, -1 
	   719,    711,    718, -1 
	   719,    713,    711, -1 
	   720,    721,    712, -1 
	   721,    722,    712, -1 
	   722,    716,    712, -1 
	   720,    712,    714, -1 
	   723,    713,    719, -1 
	   723,    724,    713, -1 
	   724,    725,    713, -1 
	   725,    714,    713, -1 
	   725,    720,    714, -1 
	   715,    726,    717, -1 
	   716,    727,    715, -1 
	   727,    728,    715, -1 
	   728,    729,    715, -1 
	   729,    726,    715, -1 
	   722,    730,    716, -1 
	   730,    727,    716, -1 
	   726,    718,    717, -1 
	   731,    718,    726, -1 
	   731,    732,    718, -1 
	   732,    719,    718, -1 
	   733,    719,    732, -1 
	   733,    723,    719, -1 
	   734,    721,    720, -1 
	   735,    720,    725, -1 
	   735,    734,    720, -1 
	   734,    736,    721, -1 
	   736,    722,    721, -1 
	   736,    737,    722, -1 
	   737,    730,    722, -1 
	   738,    723,    733, -1 
	   738,    739,    723, -1 
	   739,    724,    723, -1 
	   739,    740,    724, -1 
	   740,    725,    724, -1 
	   740,    735,    725, -1 
	   729,    741,    726, -1 
	   741,    742,    726, -1 
	   742,    731,    726, -1 
	   730,    743,    727, -1 
	   743,    728,    727, -1 
	   743,    744,    728, -1 
	   744,    729,    728, -1 
	   744,    741,    729, -1 
	   737,    745,    730, -1 
	   745,    743,    730, -1 
	   746,    731,    742, -1 
	   746,    747,    731, -1 
	   747,    732,    731, -1 
	   747,    748,    732, -1 
	   748,    733,    732, -1 
	   749,    733,    748, -1 
	   749,    738,    733, -1 
	   750,    751,    734, -1 
	   751,    736,    734, -1 
	   750,    734,    735, -1 
	   752,    735,    740, -1 
	   752,    753,    735, -1 
	   753,    750,    735, -1 
	   751,    737,    736, -1 
	   751,    754,    737, -1 
	   754,    745,    737, -1 
	   755,    738,    749, -1 
	   755,    756,    738, -1 
	   756,    739,    738, -1 
	   756,    757,    739, -1 
	   757,    740,    739, -1 
	   757,    752,    740, -1 
	   744,    746,    741, -1 
	   746,    742,    741, -1 
	   745,    758,    743, -1 
	   758,    744,    743, -1 
	   758,    759,    744, -1 
	   759,    746,    744, -1 
	   754,    760,    745, -1 
	   760,    758,    745, -1 
	   759,    761,    746, -1 
	   761,    762,    746, -1 
	   762,    747,    746, -1 
	   762,    763,    747, -1 
	   763,    748,    747, -1 
	   763,    749,    748, -1 
	   764,    749,    763, -1 
	   764,    755,    749, -1 
	   765,    751,    750, -1 
	   765,    750,    753, -1 
	   765,    754,    751, -1 
	   765,    752,    757, -1 
	   765,    753,    752, -1 
	   765,    760,    754, -1 
	   765,    755,    764, -1 
	   765,    756,    755, -1 
	   765,    757,    756, -1 
	   760,    766,    758, -1 
	   766,    759,    758, -1 
	   766,    767,    759, -1 
	   767,    761,    759, -1 
	   765,    766,    760, -1 
	   767,    768,    761, -1 
	   768,    762,    761, -1 
	   768,    764,    762, -1 
	   764,    763,    762, -1 
	   765,    764,    768, -1 
	   765,    767,    766, -1 
	   765,    768,    767, -1 
	   769,    770,    771, -1 
	   772,    769,    771, -1 
	   773,    770,    769, -1 
	   774,    773,    769, -1 
	   775,    769,    772, -1 
	   775,    774,    769, -1 
	   770,    776,    771, -1 
	   773,    777,    770, -1 
	   777,    778,    770, -1 
	   778,    776,    770, -1 
	   776,    779,    771, -1 
	   779,    780,    771, -1 
	   780,    781,    771, -1 
	   781,    782,    771, -1 
	   782,    772,    771, -1 
	   783,    772,    782, -1 
	   783,    775,    772, -1 
	   784,    773,    774, -1 
	   784,    785,    773, -1 
	   785,    777,    773, -1 
	   786,    784,    774, -1 
	   786,    774,    775, -1 
	   787,    775,    783, -1 
	   787,    788,    775, -1 
	   788,    786,    775, -1 
	   778,    789,    776, -1 
	   789,    790,    776, -1 
	   790,    791,    776, -1 
	   791,    779,    776, -1 
	   785,    792,    777, -1 
	   792,    793,    777, -1 
	   793,    778,    777, -1 
	   793,    789,    778, -1 
	   791,    794,    779, -1 
	   794,    780,    779, -1 
	   794,    795,    780, -1 
	   795,    781,    780, -1 
	   795,    796,    781, -1 
	   796,    782,    781, -1 
	   796,    783,    782, -1 
	   797,    783,    796, -1 
	   797,    787,    783, -1 
	   798,    784,    786, -1 
	   798,    799,    784, -1 
	   799,    785,    784, -1 
	   799,    800,    785, -1 
	   800,    792,    785, -1 
	   798,    786,    788, -1 
	   801,    787,    797, -1 
	   801,    802,    787, -1 
	   802,    788,    787, -1 
	   802,    798,    788, -1 
	   793,    803,    789, -1 
	   803,    804,    789, -1 
	   804,    790,    789, -1 
	   804,    791,    790, -1 
	   804,    805,    791, -1 
	   805,    794,    791, -1 
	   800,    806,    792, -1 
	   806,    793,    792, -1 
	   806,    807,    793, -1 
	   807,    803,    793, -1 
	   805,    808,    794, -1 
	   808,    809,    794, -1 
	   809,    795,    794, -1 
	   809,    810,    795, -1 
	   810,    796,    795, -1 
	   810,    797,    796, -1 
	   811,    797,    810, -1 
	   811,    801,    797, -1 
	   812,    813,    798, -1 
	   813,    799,    798, -1 
	   812,    798,    802, -1 
	   813,    814,    799, -1 
	   814,    800,    799, -1 
	   814,    806,    800, -1 
	   815,    801,    811, -1 
	   815,    816,    801, -1 
	   816,    802,    801, -1 
	   816,    817,    802, -1 
	   817,    812,    802, -1 
	   807,    804,    803, -1 
	   807,    818,    804, -1 
	   818,    805,    804, -1 
	   818,    819,    805, -1 
	   819,    808,    805, -1 
	   814,    820,    806, -1 
	   820,    807,    806, -1 
	   820,    821,    807, -1 
	   821,    818,    807, -1 
	   819,    822,    808, -1 
	   822,    809,    808, -1 
	   822,    810,    809, -1 
	   822,    811,    810, -1 
	   815,    811,    822, -1 
	   823,    813,    812, -1 
	   824,    812,    817, -1 
	   824,    823,    812, -1 
	   823,    825,    813, -1 
	   825,    814,    813, -1 
	   825,    826,    814, -1 
	   826,    820,    814, -1 
	   827,    815,    822, -1 
	   828,    815,    827, -1 
	   828,    816,    815, -1 
	   828,    817,    816, -1 
	   828,    824,    817, -1 
	   821,    829,    818, -1 
	   829,    827,    818, -1 
	   827,    819,    818, -1 
	   827,    822,    819, -1 
	   826,    821,    820, -1 
	   826,    830,    821, -1 
	   830,    829,    821, -1 
	   831,    825,    823, -1 
	   831,    823,    824, -1 
	   831,    824,    828, -1 
	   831,    826,    825, -1 
	   831,    830,    826, -1 
	   830,    827,    829, -1 
	   830,    828,    827, -1 
	   831,    828,    830, -1 
	   832,    833,    834, -1 
	   832,    834,    835, -1 
	   832,    836,    833, -1 
	   832,    837,    836, -1 
	   832,    838,    837, -1 
	   832,    839,    838, -1 
	   832,    835,    839, -1 
	   834,    833,    840, -1 
	   833,    841,    840, -1 
	   833,    842,    841, -1 
	   833,    836,    842, -1 
	   834,    840,    843, -1 
	   835,    834,    844, -1 
	   834,    843,    844, -1 
	   839,    835,    845, -1 
	   835,    844,    845, -1 
	   836,    846,    842, -1 
	   836,    847,    846, -1 
	   836,    837,    847, -1 
	   837,    848,    847, -1 
	   837,    849,    848, -1 
	   837,    838,    849, -1 
	   838,    850,    849, -1 
	   838,    851,    850, -1 
	   838,    839,    851, -1 
	   839,    852,    851, -1 
	   839,    845,    852, -1 
	   843,    840,    853, -1 
	   840,    854,    853, -1 
	   840,    855,    854, -1 
	   840,    841,    855, -1 
	   841,    856,    855, -1 
	   841,    857,    856, -1 
	   841,    842,    857, -1 
	   842,    858,    857, -1 
	   842,    846,    858, -1 
	   844,    843,    853, -1 
	   845,    844,    859, -1 
	   844,    853,    859, -1 
	   852,    845,    860, -1 
	   845,    861,    860, -1 
	   845,    859,    861, -1 
	   846,    862,    858, -1 
	   846,    863,    862, -1 
	   846,    847,    863, -1 
	   847,    864,    863, -1 
	   847,    848,    864, -1 
	   848,    865,    864, -1 
	   848,    849,    865, -1 
	   849,    866,    865, -1 
	   849,    850,    866, -1 
	   850,    867,    866, -1 
	   850,    868,    867, -1 
	   850,    851,    868, -1 
	   851,    869,    868, -1 
	   851,    870,    869, -1 
	   851,    852,    870, -1 
	   852,    871,    870, -1 
	   852,    860,    871, -1 
	   853,    854,    872, -1 
	   859,    853,    873, -1 
	   853,    872,    873, -1 
	   854,    874,    872, -1 
	   854,    855,    874, -1 
	   855,    856,    874, -1 
	   856,    875,    874, -1 
	   856,    857,    875, -1 
	   857,    876,    875, -1 
	   857,    858,    876, -1 
	   858,    862,    876, -1 
	   861,    859,    877, -1 
	   859,    873,    877, -1 
	   871,    860,    878, -1 
	   860,    877,    878, -1 
	   860,    861,    877, -1 
	   862,    879,    876, -1 
	   862,    863,    879, -1 
	   863,    880,    879, -1 
	   863,    864,    880, -1 
	   864,    881,    880, -1 
	   864,    882,    881, -1 
	   864,    865,    882, -1 
	   865,    883,    882, -1 
	   865,    866,    883, -1 
	   866,    884,    883, -1 
	   866,    867,    884, -1 
	   867,    868,    884, -1 
	   868,    885,    884, -1 
	   868,    869,    885, -1 
	   869,    870,    885, -1 
	   870,    886,    885, -1 
	   870,    887,    886, -1 
	   870,    888,    887, -1 
	   870,    871,    888, -1 
	   871,    878,    888, -1 
	   872,    889,    890, -1 
	   872,    874,    889, -1 
	   873,    872,    891, -1 
	   872,    890,    891, -1 
	   877,    873,    892, -1 
	   873,    891,    892, -1 
	   874,    893,    889, -1 
	   874,    875,    893, -1 
	   875,    894,    893, -1 
	   875,    895,    894, -1 
	   875,    876,    895, -1 
	   876,    896,    895, -1 
	   876,    879,    896, -1 
	   878,    877,    892, -1 
	   888,    878,    897, -1 
	   878,    892,    897, -1 
	   879,    898,    896, -1 
	   879,    880,    898, -1 
	   880,    881,    898, -1 
	   881,    899,    898, -1 
	   881,    900,    899, -1 
	   881,    882,    900, -1 
	   882,    883,    900, -1 
	   883,    901,    900, -1 
	   883,    884,    901, -1 
	   884,    885,    901, -1 
	   885,    902,    901, -1 
	   885,    903,    902, -1 
	   885,    886,    903, -1 
	   886,    904,    903, -1 
	   886,    905,    904, -1 
	   886,    887,    905, -1 
	   887,    888,    905, -1 
	   888,    897,    905, -1 
	   890,    889,    906, -1 
	   889,    907,    906, -1 
	   889,    908,    907, -1 
	   889,    893,    908, -1 
	   891,    890,    909, -1 
	   890,    906,    909, -1 
	   892,    891,    909, -1 
	   897,    892,    910, -1 
	   892,    909,    910, -1 
	   893,    911,    908, -1 
	   893,    894,    911, -1 
	   894,    912,    911, -1 
	   894,    895,    912, -1 
	   895,    913,    912, -1 
	   895,    896,    913, -1 
	   896,    914,    913, -1 
	   896,    915,    914, -1 
	   896,    898,    915, -1 
	   905,    897,    916, -1 
	   897,    917,    916, -1 
	   897,    910,    917, -1 
	   898,    918,    915, -1 
	   898,    899,    918, -1 
	   899,    919,    918, -1 
	   899,    900,    919, -1 
	   900,    920,    919, -1 
	   900,    901,    920, -1 
	   901,    921,    920, -1 
	   901,    922,    921, -1 
	   901,    902,    922, -1 
	   902,    923,    922, -1 
	   902,    903,    923, -1 
	   903,    916,    923, -1 
	   903,    904,    916, -1 
	   904,    905,    916, -1 
	   906,    907,    924, -1 
	   909,    906,    925, -1 
	   906,    924,    925, -1 
	   907,    926,    924, -1 
	   907,    908,    926, -1 
	   908,    927,    926, -1 
	   908,    911,    927, -1 
	   910,    909,    928, -1 
	   909,    925,    928, -1 
	   917,    910,    929, -1 
	   910,    928,    929, -1 
	   911,    930,    927, -1 
	   911,    912,    930, -1 
	   912,    931,    930, -1 
	   912,    932,    931, -1 
	   912,    913,    932, -1 
	   913,    933,    932, -1 
	   913,    934,    933, -1 
	   913,    914,    934, -1 
	   914,    935,    934, -1 
	   914,    936,    935, -1 
	   914,    915,    936, -1 
	   915,    918,    936, -1 
	   923,    916,    937, -1 
	   916,    938,    937, -1 
	   916,    917,    938, -1 
	   917,    929,    938, -1 
	   918,    919,    936, -1 
	   919,    939,    936, -1 
	   919,    920,    939, -1 
	   920,    940,    939, -1 
	   920,    941,    940, -1 
	   920,    921,    941, -1 
	   921,    942,    941, -1 
	   921,    922,    942, -1 
	   922,    943,    942, -1 
	   922,    923,    943, -1 
	   923,    937,    943, -1 
	   924,    944,    945, -1 
	   924,    946,    944, -1 
	   924,    947,    946, -1 
	   924,    926,    947, -1 
	   925,    924,    945, -1 
	   928,    925,    945, -1 
	   926,    927,    947, -1 
	   927,    948,    947, -1 
	   927,    949,    948, -1 
	   927,    930,    949, -1 
	   929,    928,    950, -1 
	   928,    945,    950, -1 
	   938,    929,    951, -1 
	   929,    950,    951, -1 
	   930,    952,    949, -1 
	   930,    931,    952, -1 
	   952,    931,    953, -1 
	   931,    954,    953, -1 
	   931,    932,    954, -1 
	   932,    933,    954, -1 
	   933,    955,    954, -1 
	   933,    934,    955, -1 
	   934,    956,    955, -1 
	   934,    957,    956, -1 
	   934,    935,    957, -1 
	   935,    958,    957, -1 
	   935,    936,    958, -1 
	   936,    959,    958, -1 
	   936,    939,    959, -1 
	   943,    937,    960, -1 
	   937,    961,    960, -1 
	   937,    938,    961, -1 
	   938,    962,    961, -1 
	   938,    951,    962, -1 
	   939,    940,    959, -1 
	   940,    941,    959, -1 
	   941,    963,    959, -1 
	   941,    964,    963, -1 
	   941,    942,    964, -1 
	   942,    965,    964, -1 
	   942,    943,    965, -1 
	   943,    960,    965, -1 
	   945,    944,    966, -1 
	   944,    946,    966, -1 
	   945,    967,    968, -1 
	   945,    966,    967, -1 
	   950,    945,    969, -1 
	   945,    968,    969, -1 
	   946,    947,    966, -1 
	   947,    970,    966, -1 
	   947,    971,    970, -1 
	   947,    948,    971, -1 
	   948,    949,    971, -1 
	   949,    972,    971, -1 
	   949,    952,    972, -1 
	   951,    950,    973, -1 
	   950,    974,    973, -1 
	   950,    969,    974, -1 
	   962,    951,    973, -1 
	   952,    953,    972, -1 
	   953,    954,    972, -1 
	   954,    975,    972, -1 
	   954,    955,    975, -1 
	   955,    976,    975, -1 
	   955,    977,    976, -1 
	   955,    956,    977, -1 
	   956,    957,    977, -1 
	   957,    978,    977, -1 
	   957,    958,    978, -1 
	   958,    979,    978, -1 
	   958,    959,    979, -1 
	   959,    963,    979, -1 
	   965,    960,    980, -1 
	   960,    981,    980, -1 
	   960,    982,    981, -1 
	   960,    961,    982, -1 
	   961,    973,    982, -1 
	   961,    962,    973, -1 
	   963,    964,    979, -1 
	   964,    983,    979, -1 
	   964,    965,    983, -1 
	   965,    980,    983, -1 
	   967,    966,    984, -1 
	   966,    970,    984, -1 
	   968,    967,    985, -1 
	   967,    984,    985, -1 
	   969,    968,    985, -1 
	   974,    969,    985, -1 
	   970,    986,    984, -1 
	   970,    971,    986, -1 
	   971,    987,    986, -1 
	   971,    972,    987, -1 
	   972,    975,    987, -1 
	   982,    973,    988, -1 
	   973,    989,    988, -1 
	   973,    990,    989, -1 
	   973,    974,    990, -1 
	   974,    985,    990, -1 
	   975,    976,    987, -1 
	   976,    991,    987, -1 
	   976,    977,    991, -1 
	   977,    978,    991, -1 
	   978,    992,    991, -1 
	   978,    979,    992, -1 
	   992,    979,    993, -1 
	   979,    994,    993, -1 
	   979,    995,    994, -1 
	   979,    996,    995, -1 
	   979,    983,    996, -1 
	   983,    980,    988, -1 
	   980,    981,    988, -1 
	   981,    982,    988, -1 
	   983,    988,    996, -1 
	   985,    984,    997, -1 
	   984,    986,    997, -1 
	   985,    997,    998, -1 
	   998,    990,    985, -1 
	   986,    987,    997, -1 
	   987,    999,    997, -1 
	   987,    991,    999, -1 
	   996,    988,    998, -1 
	   988,    989,    998, -1 
	   989,    990,    998, -1 
	   991,    992,    999, -1 
	   992,    993,    999, -1 
	   993,    994,    999, -1 
	   994,    995,    999, -1 
	   995,    996,    999, -1 
	   996,    998,    999, -1 
	   998,    997,    999, -1 
    ] 
normalPerVertex  TRUE 
   } 
  } 
 ] 
} 
