#VRML V2.0 utf8 
Transform { 
 children [ 
    Shape { 
appearance Appearance {
              material DEF surface Material {
              diffuseColor 0.8 0.8 0.8
              ambientIntensity 0.2
              specularColor 0.4 0.4 0.4
              emissiveColor 0 0 0
              shininess 0.25
              transparency 0
            }
          }
   geometry IndexedFaceSet { 
   solid FALSE 
    coord DEF bone Coordinate{ 
     point [ 
0.231547	0.045761	0.060753	,
0.232509	0.041582	0.06305	,
0.231227	0.042656	0.054669	,
0.227652	0.04906	0.062896	,
0.228364	0.042822	0.06693	,
0.230467	0.048407	0.057186	,
0.228622	0.038919	0.059126	,
0.224407	0.03868	0.061893	,
0.229849	0.049016	0.053575	,
0.229573	0.04701	0.051119	,
0.229661	0.044036	0.050457	,
0.228487	0.041499	0.050435	,
0.227022	0.039419	0.052095	,
0.22689	0.038727	0.055177	,
0.226322	0.052707	0.057945	,
0.224087	0.051281	0.063172	,
0.223008	0.045473	0.065967	,
0.219025	0.039579	0.062786	,
0.221851	0.037561	0.056379	,
0.218152	0.038162	0.057009	,
0.225568	0.053245	0.052829	,
0.226373	0.04976	0.048931	,
0.227025	0.044877	0.047525	,
0.224274	0.041084	0.048147	,
0.221681	0.038427	0.051403	,
0.22424	0.053333	0.058101	,
0.221671	0.050897	0.062029	,
0.219171	0.046608	0.06335	,
0.216759	0.04267	0.061244	,
0.215019	0.040864	0.05699	,
0.216545	0.038054	0.051083	,
0.21493	0.041016	0.052136	,
0.223425	0.054017	0.051895	,
0.223296	0.051821	0.047218	,
0.22389	0.045834	0.046308	,
0.220577	0.041614	0.047465	,
0.222326	0.053623	0.057659	,
0.214285	0.052699	0.061322	,
0.212059	0.049039	0.06265	,
0.208906	0.046398	0.060429	,
0.206471	0.045774	0.056912	,
0.206823	0.045789	0.053259	,
0.217329	0.043014	0.048159	,
0.211376	0.045406	0.048726	,
0.221678	0.054167	0.052723	,
0.221875	0.051597	0.048122	,
0.220622	0.046839	0.046466	,
0.215101	0.055062	0.057601	,
0.199673	0.058117	0.063415	,
0.197315	0.053648	0.065103	,
0.195499	0.049768	0.062066	,
0.194222	0.048557	0.057457	,
0.19444	0.049305	0.05341	,
0.201412	0.049952	0.05074	,
0.215496	0.04856	0.046963	,
0.204141	0.052569	0.050099	,
0.214994	0.055373	0.05319	,
0.215708	0.053026	0.048945	,
0.200962	0.060517	0.058945	,
0.184774	0.065401	0.067782	,
0.181856	0.058463	0.071559	,
0.179818	0.051535	0.066883	,
0.178808	0.048911	0.0592	,
0.178669	0.050425	0.052463	,
0.179314	0.056116	0.049293	,
0.185291	0.059306	0.05145	,
0.204893	0.056098	0.050724	,
0.18584	0.063705	0.051544	,
0.201163	0.060614	0.054149	,
0.18626	0.067806	0.06062	,
0.178605	0.067969	0.068255	,
0.176172	0.060607	0.072419	,
0.173125	0.052817	0.06864	,
0.170954	0.04901	0.06038	,
0.170772	0.050546	0.052039	,
0.174428	0.056767	0.048978	,
0.177978	0.061751	0.050664	,
0.178449	0.066642	0.051481	,
0.186156	0.067813	0.05467	,
0.178592	0.07088	0.054874	,
0.179111	0.070835	0.060972	,
0.174637	0.069814	0.067704	,
0.17262	0.062439	0.072692	,
0.168657	0.054029	0.069653	,
0.16502	0.049083	0.061432	,
0.16367	0.050218	0.051135	,
0.170067	0.057555	0.048655	,
0.175453	0.062877	0.049696	,
0.174513	0.068348	0.050569	,
0.173751	0.072713	0.054755	,
0.17478	0.071125	0.06047	,
0.173548	0.067463	0.064401	,
0.173345	0.062362	0.06868	,
0.169272	0.056714	0.066701	,
0.165509	0.05354	0.060668	,
0.164654	0.054324	0.053529	,
0.167761	0.059155	0.050248	,
0.17154	0.063515	0.051212	,
0.171526	0.06734	0.053088	,
0.171208	0.068605	0.055714	,
0.170641	0.068619	0.058921	,
0.172512	0.066011	0.061116	,
0.172877	0.063148	0.064009	,
0.170368	0.059776	0.063304	,
0.1676	0.057722	0.059872	,
0.166667	0.05796	0.055442	,
0.16766	0.060786	0.052902	,
0.169401	0.063895	0.052936	,
0.170568	0.065881	0.054391	,
0.17112	0.066411	0.056576	,
0.171172	0.066536	0.057983	,
0.169828	0.063645	0.057537	,
0.227407	0.044231	0.088079	,
0.224486	0.042144	0.089477	,
0.226143	0.041692	0.083921	,
0.222872	0.046464	0.088158	,
0.219611	0.044189	0.089267	,
0.229614	0.044641	0.085512	,
0.222336	0.039625	0.087126	,
0.21808	0.040813	0.087964	,
0.229816	0.044764	0.082849	,
0.22874	0.043392	0.080883	,
0.227367	0.041556	0.080389	,
0.225091	0.039799	0.079951	,
0.222595	0.038796	0.081489	,
0.221797	0.038489	0.084186	,
0.225693	0.047129	0.085452	,
0.219069	0.048154	0.087397	,
0.215568	0.046256	0.088487	,
0.214394	0.042981	0.087339	,
0.217461	0.038604	0.084498	,
0.213981	0.04084	0.084237	,
0.226228	0.046985	0.082434	,
0.225574	0.045168	0.080433	,
0.224328	0.042894	0.079803	,
0.2213	0.040712	0.078349	,
0.217533	0.037862	0.080174	,
0.223212	0.048329	0.08512	,
0.21467	0.049983	0.08655	,
0.2084	0.049843	0.08562	,
0.210234	0.046204	0.085572	,
0.211835	0.043736	0.083669	,
0.213561	0.040414	0.080019	,
0.212558	0.043455	0.080956	,
0.223427	0.048204	0.082223	,
0.22287	0.046278	0.080414	,
0.221636	0.044109	0.079791	,
0.218198	0.042345	0.07898	,
0.221117	0.050236	0.085225	,
0.19674	0.057929	0.084182	,
0.17578	0.065109	0.082087	,
0.191844	0.055645	0.082825	,
0.205472	0.048492	0.082601	,
0.207615	0.047546	0.081057	,
0.215335	0.044141	0.079231	,
0.210836	0.047237	0.079967	,
0.221008	0.049723	0.081852	,
0.220279	0.047851	0.079701	,
0.218638	0.045577	0.078977	,
0.21775	0.050648	0.084508	,
0.191589	0.061459	0.085286	,
0.166834	0.069028	0.084412	,
0.18108	0.059904	0.082631	,
0.19314	0.054687	0.081227	,
0.196343	0.053444	0.079997	,
0.202464	0.05169	0.079631	,
0.214322	0.04761	0.079625	,
0.206725	0.05127	0.079254	,
0.217912	0.050563	0.081743	,
0.21658	0.049098	0.079899	,
0.2157	0.052302	0.084541	,
0.186707	0.063277	0.084147	,
0.162874	0.070888	0.083911	,
0.171361	0.063781	0.082524	,
0.179738	0.058979	0.080254	,
0.182267	0.058418	0.077929	,
0.18569	0.058503	0.076524	,
0.190093	0.059115	0.076748	,
0.212161	0.051136	0.079261	,
0.200127	0.056758	0.078084	,
0.214796	0.0521	0.081411	,
0.209643	0.053622	0.083444	,
0.170019	0.071179	0.083251	,
0.158282	0.072913	0.084947	,
0.163626	0.065406	0.083359	,
0.170454	0.059825	0.080351	,
0.171244	0.060362	0.075706	,
0.171948	0.063766	0.073525	,
0.174726	0.066297	0.074373	,
0.176438	0.068367	0.075454	,
0.203522	0.056633	0.080459	,
0.177602	0.069573	0.077793	,
0.17709	0.06959	0.080746	,
0.162142	0.075132	0.082552	,
0.156168	0.073505	0.083875	,
0.157468	0.066642	0.084121	,
0.160327	0.057977	0.081076	,
0.162533	0.060006	0.073608	,
0.165712	0.064912	0.070701	,
0.168002	0.069351	0.071846	,
0.168921	0.072583	0.073712	,
0.169075	0.074414	0.076624	,
0.168006	0.074669	0.079982	,
0.157602	0.077137	0.08168	,
0.151394	0.076296	0.082217	,
0.153832	0.068947	0.084075	,
0.156409	0.062391	0.079807	,
0.157783	0.06228	0.073459	,
0.160847	0.066521	0.069788	,
0.164014	0.07111	0.069906	,
0.164876	0.074854	0.072559	,
0.164229	0.076499	0.076108	,
0.163339	0.076762	0.079422	,
0.157649	0.076654	0.081023	,
0.154392	0.07509	0.08011	,
0.154736	0.07123	0.081148	,
0.155566	0.066676	0.07925	,
0.1563	0.066134	0.074801	,
0.157067	0.069248	0.071537	,
0.156977	0.074735	0.06985	,
0.159692	0.077631	0.07192	,
0.161497	0.07875	0.075628	,
0.161203	0.078572	0.079485	,
0.156315	0.07447	0.076869	,
0.215342	0.040435	0.100844	,
0.215225	0.039121	0.101542	,
0.215051	0.0391	0.098513	,
0.21366	0.042024	0.101561	,
0.212234	0.040232	0.102035	,
0.215695	0.041276	0.099606	,
0.212103	0.037861	0.100964	,
0.209331	0.038442	0.102496	,
0.215887	0.041455	0.098084	,
0.215846	0.040797	0.09683	,
0.215993	0.039187	0.09636	,
0.213531	0.038472	0.095503	,
0.211118	0.037244	0.096319	,
0.210439	0.036982	0.098819	,
0.214513	0.043356	0.099829	,
0.21107	0.04339	0.101557	,
0.209496	0.041623	0.101806	,
0.2067	0.040176	0.101606	,
0.20602	0.036681	0.099649	,
0.2045	0.039209	0.09899	,
0.214747	0.043498	0.097392	,
0.214521	0.042174	0.095554	,
0.213535	0.040421	0.094734	,
0.210459	0.038998	0.094096	,
0.207298	0.037559	0.095673	,
0.212224	0.044858	0.099739	,
0.208488	0.045132	0.102171	,
0.206838	0.042816	0.103464	,
0.204392	0.041362	0.101245	,
0.202744	0.041545	0.09833	,
0.204776	0.039291	0.095751	,
0.202573	0.041952	0.096103	,
0.212504	0.044971	0.097007	,
0.211752	0.043717	0.094894	,
0.210279	0.041948	0.09396	,
0.207498	0.040463	0.093889	,
0.209659	0.046705	0.099697	,
0.205409	0.046558	0.10179	,
0.204387	0.043989	0.102882	,
0.197825	0.045457	0.099819	,
0.193994	0.047054	0.097268	,
0.194544	0.046938	0.095724	,
0.204578	0.042298	0.094255	,
0.200165	0.045032	0.094719	,
0.209842	0.046817	0.096476	,
0.208998	0.045315	0.094151	,
0.207168	0.043461	0.09346	,
0.203132	0.049266	0.09887	,
0.190601	0.053275	0.100012	,
0.201681	0.04541	0.100674	,
0.188537	0.049924	0.098246	,
0.175863	0.055392	0.095316	,
0.178008	0.054328	0.093761	,
0.183205	0.053041	0.092862	,
0.201633	0.046062	0.093804	,
0.188305	0.05242	0.092769	,
0.20207	0.04999	0.095933	,
0.201919	0.048288	0.093977	,
0.183902	0.058736	0.097103	,
0.175189	0.060446	0.098349	,
0.175305	0.057572	0.098322	,
0.169635	0.058032	0.097304	,
0.164809	0.057652	0.095104	,
0.166322	0.057628	0.091633	,
0.16741	0.058989	0.089299	,
0.17	0.060922	0.088779	,
0.185422	0.056035	0.092101	,
0.173887	0.062254	0.089933	,
0.18398	0.058961	0.094063	,
0.175704	0.062812	0.096497	,
0.163295	0.066747	0.098679	,
0.161982	0.06338	0.099807	,
0.160456	0.059822	0.098662	,
0.15904	0.057683	0.09481	,
0.159412	0.058228	0.089996	,
0.161582	0.060823	0.08716	,
0.163481	0.064116	0.08671	,
0.164489	0.067286	0.088375	,
0.175858	0.062997	0.093171	,
0.16486	0.068937	0.09184	,
0.164546	0.068628	0.09571	,
0.156733	0.070151	0.098355	,
0.154897	0.066747	0.099076	,
0.15368	0.062299	0.098844	,
0.152941	0.058554	0.094849	,
0.153859	0.058914	0.08893	,
0.157123	0.062146	0.086003	,
0.159855	0.065688	0.086255	,
0.159912	0.069751	0.087534	,
0.159155	0.072632	0.090948	,
0.158496	0.072499	0.095409	,
0.153325	0.071823	0.097938	,
0.151305	0.068654	0.09865	,
0.14841	0.06488	0.099076	,
0.146094	0.061339	0.09479	,
0.146605	0.061651	0.088059	,
0.152188	0.064487	0.086077	,
0.155658	0.06745	0.086239	,
0.156209	0.071062	0.087439	,
0.155779	0.073804	0.090554	,
0.155109	0.073899	0.09482	,
0.150006	0.072611	0.096656	,
0.147868	0.070382	0.097471	,
0.14782	0.067357	0.096257	,
0.148318	0.065602	0.093966	,
0.148513	0.065297	0.090695	,
0.150334	0.066329	0.088186	,
0.15267	0.068405	0.087346	,
0.153199	0.071044	0.088256	,
0.152768	0.073014	0.090524	,
0.152233	0.073345	0.093538	,
0.150384	0.069496	0.092204	,
0.201217	0.045275	0.116202	,
0.199977	0.043089	0.116288	,
0.2026	0.042904	0.112996	,
0.198164	0.047432	0.116513	,
0.196408	0.044528	0.117022	,
0.203919	0.046973	0.114665	,
0.200298	0.041022	0.115143	,
0.196316	0.041372	0.115906	,
0.204431	0.046973	0.111762	,
0.202895	0.04554	0.110227	,
0.201919	0.043617	0.109743	,
0.202532	0.040958	0.110356	,
0.202486	0.039724	0.111951	,
0.202156	0.039724	0.11382	,
0.200033	0.049178	0.114163	,
0.195313	0.048134	0.115261	,
0.194116	0.045621	0.115669	,
0.19357	0.042693	0.115283	,
0.197088	0.039429	0.113344	,
0.193663	0.040282	0.113035	,
0.200506	0.049146	0.110933	,
0.199635	0.047184	0.108668	,
0.198606	0.044565	0.1081	,
0.198289	0.041761	0.108585	,
0.197868	0.039664	0.110486	,
0.196519	0.049993	0.113286	,
0.191799	0.049324	0.114766	,
0.191067	0.047006	0.11416	,
0.190488	0.045138	0.113492	,
0.190365	0.04384	0.11196	,
0.194255	0.039044	0.109324	,
0.190722	0.043595	0.109962	,
0.196939	0.049954	0.110389	,
0.196582	0.047862	0.108527	,
0.195946	0.045332	0.108171	,
0.195349	0.042597	0.108203	,
0.192643	0.051134	0.112497	,
0.185118	0.051104	0.111999	,
0.184535	0.049556	0.111485	,
0.184213	0.048515	0.111087	,
0.184027	0.047869	0.110277	,
0.184151	0.04774	0.109162	,
0.191376	0.044906	0.108703	,
0.184223	0.048322	0.107941	,
0.193193	0.051035	0.109833	,
0.193001	0.04877	0.108482	,
0.192415	0.046593	0.108695	,
0.189338	0.051911	0.111951	,
0.167072	0.058054	0.109466	,
0.168831	0.055083	0.109201	,
0.169406	0.05332	0.108846	,
0.170049	0.052138	0.107793	,
0.170423	0.052187	0.106291	,
0.171119	0.0526	0.104863	,
0.184686	0.049667	0.107342	,
0.171234	0.054796	0.103858	,
0.185639	0.053289	0.108812	,
0.188146	0.050222	0.107773	,
0.165676	0.061243	0.107944	,
0.155614	0.063045	0.108744	,
0.156211	0.059411	0.109323	,
0.156016	0.056326	0.108473	,
0.156122	0.054386	0.105992	,
0.15687	0.054656	0.10303	,
0.156295	0.057069	0.100803	,
0.158716	0.059349	0.101237	,
0.169046	0.058215	0.10369	,
0.157607	0.062716	0.101307	,
0.166178	0.061284	0.105148	,
0.155334	0.065727	0.10632	,
0.148147	0.065865	0.107668	,
0.148747	0.062024	0.108733	,
0.148842	0.057787	0.10848	,
0.149307	0.054384	0.105502	,
0.150269	0.054708	0.101211	,
0.151503	0.05808	0.099064	,
0.152027	0.061686	0.099198	,
0.150447	0.065474	0.099769	,
0.156049	0.065645	0.103127	,
0.148243	0.068376	0.101753	,
0.147639	0.068457	0.104974	,
0.142611	0.068084	0.10698	,
0.143492	0.063845	0.108699	,
0.143486	0.058872	0.108484	,
0.143846	0.054885	0.104977	,
0.14493	0.055199	0.099908	,
0.146349	0.059298	0.097482	,
0.146913	0.063473	0.097902	,
0.145205	0.067395	0.098692	,
0.14282	0.070279	0.100761	,
0.141886	0.070478	0.1039	,
0.137394	0.069598	0.105225	,
0.136745	0.066483	0.10649	,
0.136834	0.061335	0.108247	,
0.138764	0.054357	0.105316	,
0.140007	0.054357	0.098262	,
0.141753	0.060365	0.096444	,
0.142147	0.064959	0.096935	,
0.141268	0.068471	0.098098	,
0.139693	0.070696	0.10025	,
0.138701	0.070987	0.102987	,
0.134937	0.069589	0.103665	,
0.133173	0.068165	0.104156	,
0.135311	0.063321	0.106253	,
0.137466	0.058942	0.104178	,
0.138551	0.058336	0.099952	,
0.139243	0.061834	0.0977	,
0.139194	0.065581	0.098122	,
0.138655	0.068062	0.098923	,
0.137703	0.069589	0.100245	,
0.136965	0.069944	0.101986	,
0.136888	0.066217	0.101413	,
0.18925	0.045405	0.127436	,
0.18822	0.044366	0.128868	,
0.191101	0.043765	0.125432	,
0.187632	0.046376	0.127557	,
0.1859	0.044966	0.129131	,
0.190246	0.045516	0.126062	,
0.187454	0.042741	0.126986	,
0.184583	0.042834	0.127455	,
0.190654	0.045518	0.124988	,
0.191041	0.045097	0.123939	,
0.191601	0.043742	0.123091	,
0.189739	0.043022	0.123133	,
0.188086	0.042419	0.123834	,
0.1874	0.042292	0.125181	,
0.188873	0.046812	0.125923	,
0.185437	0.047494	0.127372	,
0.184006	0.045455	0.127806	,
0.181852	0.043612	0.126884	,
0.184015	0.041707	0.125065	,
0.180443	0.04234	0.124536	,
0.189345	0.046803	0.124314	,
0.189782	0.045969	0.122799	,
0.190045	0.04423	0.121445	,
0.187414	0.042465	0.121325	,
0.184947	0.041791	0.122826	,
0.186454	0.048193	0.125545	,
0.182947	0.048079	0.126712	,
0.182289	0.046016	0.127049	,
0.18003	0.044473	0.126077	,
0.17819	0.043526	0.123925	,
0.180275	0.041817	0.121586	,
0.178678	0.043504	0.121644	,
0.187033	0.048194	0.123577	,
0.187707	0.046719	0.122144	,
0.187697	0.044781	0.121568	,
0.184765	0.043297	0.121169	,
0.183628	0.049508	0.125011	,
0.179679	0.048992	0.12604	,
0.179702	0.04668	0.127442	,
0.17885	0.044945	0.125634	,
0.178501	0.044822	0.123543	,
0.17881	0.044808	0.122095	,
0.182894	0.044096	0.120934	,
0.182439	0.044195	0.1208	,
0.184223	0.049363	0.122769	,
0.1859	0.047601	0.121229	,
0.186925	0.045049	0.121537	,
0.179122	0.050092	0.123889	,
0.174033	0.050485	0.12477	,
0.176948	0.047508	0.12526	,
0.170658	0.047812	0.123097	,
0.164586	0.048643	0.120567	,
0.166368	0.048269	0.11934	,
0.173885	0.046431	0.118839	,
0.186434	0.045253	0.119928	,
0.183393	0.04612	0.118532	,
0.17959	0.050126	0.121962	,
0.183391	0.048289	0.120698	,
0.169652	0.053262	0.121993	,
0.151139	0.056629	0.120184	,
0.150309	0.05438	0.120732	,
0.149	0.05201	0.119902	,
0.147385	0.050647	0.117287	,
0.150338	0.050531	0.115159	,
0.163677	0.04912	0.116528	,
0.179928	0.046981	0.11968	,
0.178023	0.050443	0.118681	,
0.166158	0.052767	0.117357	,
0.170533	0.053192	0.119773	,
0.153147	0.057647	0.118716	,
0.137509	0.062582	0.120067	,
0.130118	0.059513	0.12049	,
0.130003	0.053901	0.119685	,
0.130932	0.049651	0.115375	,
0.12935	0.0487	0.108575	,
0.14937	0.050989	0.110551	,
0.162864	0.051496	0.116324	,
0.158049	0.055315	0.115221	,
0.151985	0.057877	0.116049	,
0.148358	0.060803	0.114654	,
0.145957	0.060836	0.117669	,
0.130446	0.0642	0.118117	,
0.116409	0.06383	0.117811	,
0.119484	0.056488	0.119124	,
0.124199	0.0507	0.114658	,
0.125307	0.048914	0.107435	,
0.138469	0.053007	0.108255	,
0.148918	0.055261	0.112173	,
0.148557	0.058365	0.113035	,
0.144917	0.061493	0.114195	,
0.141523	0.062399	0.116686	,
0.12766	0.064701	0.11715	,
0.118524	0.063343	0.116283	,
0.119307	0.058145	0.117019	,
0.120878	0.052773	0.113886	,
0.122198	0.052713	0.10771	,
0.132535	0.054784	0.107045	,
0.140532	0.057558	0.108831	,
0.1409	0.061068	0.110299	,
0.138832	0.063733	0.112638	,
0.136912	0.06485	0.115945	,
0.129053	0.063829	0.116045	,
0.123742	0.062232	0.116166	,
0.122574	0.0587	0.116066	,
0.123276	0.055016	0.113787	,
0.124916	0.054337	0.109715	,
0.131391	0.055863	0.107631	,
0.135923	0.058346	0.108522	,
0.136698	0.061336	0.109712	,
0.135355	0.063549	0.111747	,
0.133929	0.064145	0.114401	,
0.129364	0.060244	0.112291	,
0.165308	0.074448	0.065921	,
0.165553	0.075011	0.063564	,
0.165119	0.078136	0.065329	,
0.165459	0.07501	0.066976	,
0.1647	0.070636	0.068364	,
0.165458	0.070637	0.060819	,
0.160541	0.074457	0.061786	,
0.159173	0.069909	0.058493	,
0.156502	0.075026	0.061271	,
0.160041	0.074457	0.064979	,
0.159458	0.070494	0.0663	,
0.164941	0.065636	0.066947	,
0.167107	0.066008	0.063807	,
0.165027	0.064518	0.060255	,
0.161892	0.064908	0.057282	,
0.153947	0.070443	0.057498	,
0.161157	0.065355	0.055465	,
0.158468	0.064797	0.055419	,
0.154267	0.065297	0.054619	,
0.149644	0.070662	0.05765	,
0.154395	0.070156	0.062312	,
0.157604	0.065386	0.064423	,
0.166779	0.059383	0.067271	,
0.165571	0.059402	0.064072	,
0.165393	0.059085	0.055729	,
0.161656	0.059329	0.054403	,
0.14816	0.06541	0.054257	,
0.156749	0.05933	0.053793	,
0.150084	0.059356	0.051495	,
0.145378	0.065669	0.055882	,
0.152547	0.065657	0.060573	,
0.155544	0.05938	0.062279	,
0.160817	0.052736	0.067126	,
0.155577	0.053151	0.064154	,
0.163957	0.053289	0.059533	,
0.162478	0.053332	0.054746	,
0.157883	0.052745	0.050297	,
0.144745	0.059421	0.051138	,
0.152786	0.05367	0.049326	,
0.146165	0.05317	0.047707	,
0.145101	0.058796	0.053644	,
0.143572	0.059421	0.057786	,
0.144992	0.05942	0.058734	,
0.149062	0.058786	0.05908	,
0.151217	0.053159	0.060085	,
0.158146	0.050142	0.058116	,
0.156691	0.050547	0.057702	,
0.151025	0.05073	0.057181	,
0.158683	0.050254	0.055023	,
0.154279	0.050422	0.051469	,
0.143948	0.053174	0.048395	,
0.151229	0.050037	0.048473	,
0.147228	0.050043	0.049925	,
0.144661	0.054046	0.05324	,
0.142251	0.053174	0.057299	,
0.142231	0.053173	0.05958	,
0.144614	0.053169	0.060825	,
0.146625	0.053166	0.059847	,
0.15425	0.049448	0.053374	,
0.147311	0.050942	0.055564	,
0.154951	0.067942	0.070492	,
0.154684	0.063779	0.07205	,
0.154487	0.058279	0.073203	,
0.15401	0.069898	0.075981	,
0.153802	0.072923	0.077201	,
0.153565	0.074956	0.074762	,
0.153694	0.075151	0.071341	,
0.154208	0.074045	0.066657	,
0.156066	0.069005	0.063987	,
0.155567	0.062885	0.066901	,
0.154905	0.058141	0.070763	,
0.14936	0.065217	0.072591	,
0.148909	0.071307	0.075221	,
0.149358	0.061305	0.072602	,
0.148393	0.074848	0.078226	,
0.148591	0.079798	0.077075	,
0.149599	0.078032	0.069976	,
0.150833	0.077735	0.063996	,
0.150835	0.073853	0.06331	,
0.151228	0.070792	0.061693	,
0.14991	0.066096	0.066329	,
0.149891	0.062145	0.069239	,
0.144218	0.062748	0.072071	,
0.144105	0.068348	0.072728	,
0.143672	0.073163	0.075252	,
0.143911	0.076137	0.076914	,
0.143416	0.079317	0.076746	,
0.14399	0.078923	0.073297	,
0.145252	0.078908	0.068954	,
0.1454	0.076994	0.065361	,
0.146083	0.073691	0.064194	,
0.145252	0.068792	0.066029	,
0.144764	0.064042	0.068606	,
0.138787	0.062611	0.073232	,
0.138961	0.059929	0.072215	,
0.13866	0.069417	0.073977	,
0.138183	0.073817	0.076756	,
0.138137	0.076842	0.077026	,
0.140866	0.07661	0.068983	,
0.14017	0.073404	0.065168	,
0.139588	0.063229	0.068556	,
0.139228	0.06969	0.071154	,
0.137667	0.075045	0.084127	,
0.143462	0.073773	0.092417	,
0.146068	0.073773	0.09167	,
0.136279	0.073773	0.088167	,
0.129732	0.073773	0.088218	,
0.126948	0.073773	0.083857	,
0.125803	0.073773	0.077752	,
0.130661	0.073773	0.076833	,
0.133745	0.073773	0.078773	,
0.140878	0.073773	0.077554	,
0.146194	0.073773	0.078365	,
0.148131	0.073773	0.082133	,
0.146119	0.073773	0.087427	,
0.147259	0.068148	0.091754	,
0.141703	0.068044	0.090129	,
0.146804	0.06846	0.087217	,
0.137892	0.068148	0.085851	,
0.133363	0.068648	0.087387	,
0.130257	0.068086	0.0862	,
0.128625	0.068039	0.082701	,
0.127287	0.068148	0.07941	,
0.129905	0.068044	0.078814	,
0.13388	0.068035	0.078602	,
0.13925	0.068034	0.080001	,
0.144493	0.068637	0.08028	,
0.146555	0.068111	0.082245	,
0.142791	0.061889	0.090039	,
0.14545	0.061226	0.089836	,
0.13773	0.061898	0.086774	,
0.145967	0.061898	0.08613	,
0.13488	0.061898	0.088175	,
0.131431	0.061884	0.08518	,
0.128976	0.062511	0.082561	,
0.128497	0.061898	0.079752	,
0.132915	0.06188	0.079865	,
0.138071	0.061878	0.081648	,
0.143515	0.062966	0.082856	,
0.142053	0.055648	0.087091	,
0.137516	0.05708	0.086573	,
0.139495	0.057168	0.083253	,
0.142396	0.055648	0.084422	,
0.134094	0.056883	0.085992	,
0.13047	0.055648	0.081876	,
0.133131	0.055648	0.079743	,
0.136461	0.055648	0.080648	,
0.13731	0.054085	0.084477	,
0.111718	0.060526	0.105608	,
0.112865	0.059669	0.108009	,
0.113219	0.062871	0.105998	,
0.112489	0.057639	0.110142	,
0.111705	0.05737	0.104744	,
0.114032	0.059163	0.100535	,
0.118509	0.068239	0.102721	,
0.115269	0.061618	0.105723	,
0.11974	0.064255	0.093076	,
0.119174	0.067621	0.09864	,
0.109333	0.053271	0.10556	,
0.114942	0.057835	0.107887	,
0.113355	0.054354	0.109473	,
0.113977	0.052968	0.10641	,
0.112136	0.054968	0.099202	,
0.117276	0.058052	0.087232	,
0.120373	0.070908	0.105307	,
0.121905	0.070186	0.100337	,
0.120576	0.06578	0.106621	,
0.120154	0.05969	0.107962	,
0.123718	0.06258	0.087986	,
0.124238	0.066338	0.089094	,
0.122393	0.071314	0.093851	,
0.115368	0.052758	0.102556	,
0.115235	0.053992	0.09881	,
0.116181	0.051828	0.093448	,
0.119889	0.05476	0.108049	,
0.120131	0.052578	0.104487	,
0.11704	0.051918	0.088573	,
0.123416	0.055648	0.088184	,
0.12747	0.067968	0.100996	,
0.126121	0.065753	0.10505	,
0.128389	0.068472	0.095474	,
0.126358	0.060756	0.107043	,
0.126254	0.056065	0.107704	,
0.129564	0.056899	0.088958	,
0.129637	0.06305	0.089024	,
0.129338	0.066282	0.09062	,
0.121751	0.052079	0.097637	,
0.123072	0.050563	0.090009	,
0.126111	0.051875	0.106637	,
0.126986	0.051347	0.103262	,
0.123671	0.051828	0.0866	,
0.129686	0.051591	0.088147	,
0.131909	0.063786	0.102295	,
0.134043	0.06766	0.099046	,
0.134817	0.06748	0.094659	,
0.134021	0.067705	0.099169	,
0.131667	0.058747	0.10488	,
0.132478	0.056006	0.106645	,
0.135558	0.054489	0.090455	,
0.135203	0.059586	0.092466	,
0.135224	0.066036	0.092345	,
0.12866	0.051516	0.097495	,
0.129062	0.05045	0.091972	,
0.129721	0.048805	0.087918	,
0.132228	0.052078	0.106507	,
0.133784	0.052504	0.10051	,
0.135321	0.051557	0.091796	,
0.134889	0.05927	0.097813	,
0.13472	0.051557	0.095208	,
0.13677	0.068331	0.046099	,
0.139838	0.075598	0.048479	,
0.143198	0.070265	0.050044	,
0.132653	0.073269	0.045128	,
0.132267	0.069724	0.044947	,
0.130803	0.066795	0.044265	,
0.132828	0.063225	0.046252	,
0.136874	0.06216	0.048243	,
0.139153	0.06409	0.049316	,
0.140075	0.074771	0.054595	,
0.137621	0.079102	0.054582	,
0.134774	0.078408	0.051572	,
0.140807	0.070064	0.055599	,
0.138747	0.063829	0.054624	,
0.131888	0.077715	0.051863	,
0.129334	0.075066	0.04927	,
0.130991	0.07126	0.050358	,
0.130569	0.064814	0.050681	,
0.129384	0.059879	0.049292	,
0.132717	0.05768	0.051345	,
0.135758	0.058676	0.052895	,
0.140238	0.074161	0.062048	,
0.140344	0.081072	0.061989	,
0.136115	0.080949	0.06092	,
0.132634	0.080241	0.058103	,
0.139975	0.068573	0.061264	,
0.135121	0.059586	0.059687	,
0.137525	0.063676	0.061488	,
0.128962	0.080193	0.056682	,
0.128629	0.077997	0.056526	,
0.129366	0.070486	0.056966	,
0.128351	0.064718	0.057249	,
0.125974	0.057908	0.055288	,
0.128656	0.057507	0.05658	,
0.131731	0.057069	0.058082	,
0.137452	0.070552	0.067711	,
0.137209	0.076858	0.068078	,
0.135176	0.080221	0.067165	,
0.131444	0.078417	0.065475	,
0.127821	0.077441	0.063734	,
0.130819	0.06052	0.065134	,
0.132903	0.064699	0.066678	,
0.124376	0.07445	0.062128	,
0.125561	0.069021	0.062017	,
0.124914	0.065395	0.062379	,
0.128441	0.060925	0.063281	,
0.133532	0.07424	0.073938	,
0.132734	0.070143	0.073613	,
0.131881	0.077913	0.073213	,
0.126817	0.076598	0.070099	,
0.122883	0.074824	0.068955	,
0.125828	0.06573	0.069066	,
0.127902	0.064401	0.071359	,
0.129312	0.066702	0.072833	,
0.119774	0.073488	0.067569	,
0.120405	0.070734	0.067862	,
0.127997	0.071026	0.077657	,
0.12714	0.072766	0.077124	,
0.126866	0.069194	0.077083	,
0.123928	0.073485	0.075163	,
0.118572	0.071919	0.074594	,
0.123675	0.069038	0.074807	,
0.123967	0.070475	0.079007	,
0.040842	0.053039	0.081034	,
0.042295	0.051836	0.075376	,
0.03897	0.048397	0.077166	,
0.04002	0.049995	0.081729	,
0.043913	0.060502	0.085127	,
0.04508	0.062045	0.080464	,
0.044243	0.058069	0.087411	,
0.043217	0.045531	0.070489	,
0.047998	0.060031	0.071087	,
0.049394	0.053061	0.06669	,
0.044216	0.043679	0.067681	,
0.044767	0.042931	0.07438	,
0.042849	0.046674	0.080193	,
0.045839	0.053578	0.088638	,
0.049714	0.067732	0.087534	,
0.05114	0.071201	0.082507	,
0.051411	0.069732	0.074793	,
0.051224	0.060922	0.092834	,
0.05339	0.045143	0.062435	,
0.054166	0.036824	0.060805	,
0.053942	0.068956	0.070484	,
0.055213	0.063422	0.067539	,
0.057101	0.055302	0.063982	,
0.054825	0.033176	0.062699	,
0.053527	0.035567	0.069255	,
0.0532	0.036794	0.077035	,
0.050826	0.040327	0.081964	,
0.049191	0.045999	0.086559	,
0.053517	0.053377	0.092424	,
0.052315	0.056784	0.093532	,
0.058178	0.074156	0.087604	,
0.058696	0.066794	0.092884	,
0.058922	0.074468	0.075448	,
0.058829	0.059727	0.094558	,
0.061032	0.049208	0.060561	,
0.062464	0.042006	0.059042	,
0.064241	0.035912	0.060846	,
0.061845	0.072305	0.06971	,
0.064749	0.060117	0.065577	,
0.063492	0.033081	0.066213	,
0.062277	0.033845	0.072547	,
0.061034	0.035421	0.077469	,
0.059371	0.038211	0.082759	,
0.057937	0.04013	0.087436	,
0.056588	0.042237	0.090681	,
0.056013	0.048393	0.090963	,
0.061731	0.054663	0.094273	,
0.066429	0.076726	0.089175	,
0.06581	0.077	0.084131	,
0.065626	0.072619	0.091963	,
0.067159	0.065372	0.09433	,
0.067051	0.076364	0.073708	,
0.069576	0.047668	0.060931	,
0.07075	0.041518	0.058786	,
0.073083	0.036272	0.058302	,
0.073023	0.033169	0.063432	,
0.069969	0.075477	0.069237	,
0.071605	0.070119	0.067216	,
0.076274	0.057225	0.065428	,
0.071278	0.03574	0.069502	,
0.067531	0.037806	0.079134	,
0.066445	0.040505	0.088924	,
0.065262	0.039505	0.095249	,
0.064544	0.042969	0.096399	,
0.063529	0.048156	0.094487	,
0.070886	0.056101	0.095358	,
0.073242	0.076593	0.089784	,
0.074244	0.072729	0.093818	,
0.074183	0.076793	0.08593	,
0.074253	0.074438	0.077811	,
0.077196	0.064574	0.09743	,
0.07576	0.073834	0.071493	,
0.077935	0.047319	0.062076	,
0.079261	0.044843	0.061994	,
0.07825	0.042327	0.067915	,
0.079834	0.071315	0.063357	,
0.085249	0.065505	0.064274	,
0.088572	0.055603	0.066794	,
0.085574	0.052866	0.065593	,
0.075915	0.042832	0.083307	,
0.075571	0.043015	0.090816	,
0.073874	0.043494	0.094813	,
0.072475	0.046259	0.098304	,
0.071683	0.047695	0.098158	,
0.080411	0.052163	0.096149	,
0.079764	0.059428	0.098899	,
0.083942	0.071617	0.088591	,
0.082111	0.070608	0.092657	,
0.086815	0.065939	0.096982	,
0.082215	0.072524	0.082999	,
0.086405	0.069009	0.071941	,
0.089338	0.063248	0.103124	,
0.089195	0.070925	0.063887	,
0.086422	0.049495	0.066176	,
0.086661	0.04874	0.069723	,
0.086223	0.047682	0.078633	,
0.095238	0.070244	0.058285	,
0.094453	0.068583	0.059532	,
0.09776	0.064682	0.059977	,
0.097716	0.059787	0.062857	,
0.097882	0.054927	0.065443	,
0.098679	0.052765	0.069449	,
0.085794	0.047048	0.084033	,
0.084338	0.04596	0.088475	,
0.083104	0.047617	0.092536	,
0.09238	0.055068	0.095089	,
0.090806	0.060029	0.100717	,
0.094362	0.06962	0.095007	,
0.09497	0.068486	0.089367	,
0.094068	0.067024	0.082982	,
0.097042	0.066566	0.077175	,
0.096077	0.067829	0.097678	,
0.099036	0.069956	0.070597	,
0.102636	0.074736	0.061366	,
0.097429	0.066592	0.104042	,
0.104532	0.073818	0.059063	,
0.096072	0.052839	0.073104	,
0.096438	0.05308	0.076177	,
0.096917	0.050845	0.081163	,
0.107997	0.07294	0.059171	,
0.111437	0.070226	0.059445	,
0.107591	0.062228	0.057553	,
0.107697	0.060223	0.059896	,
0.10625	0.059363	0.064124	,
0.104958	0.057453	0.070235	,
0.106803	0.054425	0.072786	,
0.095537	0.049705	0.086531	,
0.094138	0.051317	0.090847	,
0.101475	0.058045	0.094284	,
0.099838	0.06096	0.098866	,
0.098636	0.063322	0.102334	,
0.104001	0.07074	0.096459	,
0.104544	0.071387	0.093799	,
0.101792	0.070586	0.087549	,
0.103474	0.068658	0.09784	,
0.104608	0.072579	0.083094	,
0.109177	0.070853	0.076198	,
0.107998	0.06482	0.098798	,
0.105334	0.065512	0.100706	,
0.110067	0.069192	0.065305	,
0.105481	0.053794	0.079147	,
0.104899	0.0526	0.083575	,
0.112301	0.065979	0.063083	,
0.117177	0.064071	0.066438	,
0.116765	0.063581	0.069539	,
0.112479	0.060465	0.073469	,
0.114457	0.054451	0.081306	,
0.103445	0.053137	0.090228	,
0.111363	0.053713	0.096853	,
0.110621	0.055456	0.098373	,
0.109643	0.060192	0.096612	,
0.109724	0.0704	0.094006	,
0.10862	0.071676	0.087738	,
0.109393	0.071943	0.081948	,
0.112679	0.067978	0.073093	,
0.114147	0.068095	0.095213	,
0.113132	0.068655	0.097188	,
0.111692	0.069268	0.097584	,
0.112221	0.053713	0.09199	,
0.116678	0.069324	0.076494	,
0.118126	0.064043	0.076432	,
0.116504	0.065028	0.079817	,
0.115298	0.065926	0.081651	,
0.114609	0.06726	0.084209	,
0.114412	0.067257	0.089857	,
0.115324	0.073287	0.093516	,
0.112392	0.073234	0.08425	,
0.115555	0.074524	0.081787	,
0.231227	0.042656	-0.054669	,
0.232509	0.041582	-0.06305	,
0.231547	0.045761	-0.060753	,
0.230467	0.048407	-0.057186	,
0.228622	0.038919	-0.059126	,
0.229849	0.049016	-0.053575	,
0.229573	0.04701	-0.051119	,
0.229661	0.044036	-0.050457	,
0.228487	0.041499	-0.050435	,
0.227022	0.039419	-0.052095	,
0.22689	0.038727	-0.055177	,
0.228364	0.042822	-0.06693	,
0.224407	0.03868	-0.061893	,
0.227652	0.04906	-0.062896	,
0.226322	0.052707	-0.057945	,
0.221851	0.037561	-0.056379	,
0.225568	0.053245	-0.052829	,
0.226373	0.04976	-0.048931	,
0.227025	0.044877	-0.047525	,
0.224274	0.041084	-0.048147	,
0.221681	0.038427	-0.051403	,
0.223008	0.045473	-0.065967	,
0.219025	0.039579	-0.062786	,
0.218152	0.038162	-0.057009	,
0.224087	0.051281	-0.063172	,
0.22424	0.053333	-0.058101	,
0.216545	0.038054	-0.051083	,
0.223425	0.054017	-0.051895	,
0.223296	0.051821	-0.047218	,
0.22389	0.045834	-0.046308	,
0.220577	0.041614	-0.047465	,
0.219171	0.046608	-0.06335	,
0.216759	0.04267	-0.061244	,
0.215019	0.040864	-0.05699	,
0.21493	0.041016	-0.052136	,
0.221671	0.050897	-0.062029	,
0.222326	0.053623	-0.057659	,
0.217329	0.043014	-0.048159	,
0.221678	0.054167	-0.052723	,
0.221875	0.051597	-0.048122	,
0.220622	0.046839	-0.046466	,
0.212059	0.049039	-0.06265	,
0.208906	0.046398	-0.060429	,
0.206471	0.045774	-0.056912	,
0.206823	0.045789	-0.053259	,
0.211376	0.045406	-0.048726	,
0.214285	0.052699	-0.061322	,
0.215101	0.055062	-0.057601	,
0.215496	0.04856	-0.046963	,
0.214994	0.055373	-0.05319	,
0.215708	0.053026	-0.048945	,
0.197315	0.053648	-0.065103	,
0.195499	0.049768	-0.062066	,
0.194222	0.048557	-0.057457	,
0.19444	0.049305	-0.05341	,
0.201412	0.049952	-0.05074	,
0.204141	0.052569	-0.050099	,
0.199673	0.058117	-0.063415	,
0.200962	0.060517	-0.058945	,
0.204893	0.056098	-0.050724	,
0.201163	0.060614	-0.054149	,
0.181856	0.058463	-0.071559	,
0.179818	0.051535	-0.066883	,
0.178808	0.048911	-0.0592	,
0.178669	0.050425	-0.052463	,
0.179314	0.056116	-0.049293	,
0.185291	0.059306	-0.05145	,
0.18584	0.063705	-0.051544	,
0.184774	0.065401	-0.067782	,
0.18626	0.067806	-0.06062	,
0.186156	0.067813	-0.05467	,
0.176172	0.060607	-0.072419	,
0.173125	0.052817	-0.06864	,
0.170954	0.04901	-0.06038	,
0.170772	0.050546	-0.052039	,
0.174428	0.056767	-0.048978	,
0.177978	0.061751	-0.050664	,
0.178449	0.066642	-0.051481	,
0.178592	0.07088	-0.054874	,
0.178605	0.067969	-0.068255	,
0.179111	0.070835	-0.060972	,
0.17262	0.062439	-0.072692	,
0.168657	0.054029	-0.069653	,
0.16502	0.049083	-0.061432	,
0.16367	0.050218	-0.051135	,
0.170067	0.057555	-0.048655	,
0.175453	0.062877	-0.049696	,
0.174513	0.068348	-0.050569	,
0.173751	0.072713	-0.054755	,
0.17478	0.071125	-0.06047	,
0.174637	0.069814	-0.067704	,
0.173345	0.062362	-0.06868	,
0.169272	0.056714	-0.066701	,
0.165509	0.05354	-0.060668	,
0.164654	0.054324	-0.053529	,
0.167761	0.059155	-0.050248	,
0.17154	0.063515	-0.051212	,
0.171526	0.06734	-0.053088	,
0.171208	0.068605	-0.055714	,
0.170641	0.068619	-0.058921	,
0.173548	0.067463	-0.064401	,
0.172877	0.063148	-0.064009	,
0.170368	0.059776	-0.063304	,
0.1676	0.057722	-0.059872	,
0.166667	0.05796	-0.055442	,
0.16766	0.060786	-0.052902	,
0.169401	0.063895	-0.052936	,
0.170568	0.065881	-0.054391	,
0.17112	0.066411	-0.056576	,
0.171172	0.066536	-0.057983	,
0.172512	0.066011	-0.061116	,
0.169828	0.063645	-0.057537	,
0.226143	0.041692	-0.083921	,
0.224486	0.042144	-0.089477	,
0.227407	0.044231	-0.088079	,
0.229614	0.044641	-0.085512	,
0.222336	0.039625	-0.087126	,
0.229816	0.044764	-0.082849	,
0.22874	0.043392	-0.080883	,
0.227367	0.041556	-0.080389	,
0.225091	0.039799	-0.079951	,
0.222595	0.038796	-0.081489	,
0.221797	0.038489	-0.084186	,
0.219611	0.044189	-0.089267	,
0.21808	0.040813	-0.087964	,
0.222872	0.046464	-0.088158	,
0.225693	0.047129	-0.085452	,
0.217461	0.038604	-0.084498	,
0.226228	0.046985	-0.082434	,
0.225574	0.045168	-0.080433	,
0.224328	0.042894	-0.079803	,
0.2213	0.040712	-0.078349	,
0.217533	0.037862	-0.080174	,
0.215568	0.046256	-0.088487	,
0.214394	0.042981	-0.087339	,
0.213981	0.04084	-0.084237	,
0.219069	0.048154	-0.087397	,
0.223212	0.048329	-0.08512	,
0.213561	0.040414	-0.080019	,
0.223427	0.048204	-0.082223	,
0.22287	0.046278	-0.080414	,
0.221636	0.044109	-0.079791	,
0.218198	0.042345	-0.07898	,
0.2084	0.049843	-0.08562	,
0.210234	0.046204	-0.085572	,
0.211835	0.043736	-0.083669	,
0.212558	0.043455	-0.080956	,
0.21467	0.049983	-0.08655	,
0.221117	0.050236	-0.085225	,
0.215335	0.044141	-0.079231	,
0.221008	0.049723	-0.081852	,
0.220279	0.047851	-0.079701	,
0.218638	0.045577	-0.078977	,
0.17578	0.065109	-0.082087	,
0.191844	0.055645	-0.082825	,
0.205472	0.048492	-0.082601	,
0.207615	0.047546	-0.081057	,
0.210836	0.047237	-0.079967	,
0.19674	0.057929	-0.084182	,
0.21775	0.050648	-0.084508	,
0.214322	0.04761	-0.079625	,
0.217912	0.050563	-0.081743	,
0.21658	0.049098	-0.079899	,
0.166834	0.069028	-0.084412	,
0.18108	0.059904	-0.082631	,
0.19314	0.054687	-0.081227	,
0.196343	0.053444	-0.079997	,
0.202464	0.05169	-0.079631	,
0.206725	0.05127	-0.079254	,
0.191589	0.061459	-0.085286	,
0.2157	0.052302	-0.084541	,
0.212161	0.051136	-0.079261	,
0.214796	0.0521	-0.081411	,
0.162874	0.070888	-0.083911	,
0.171361	0.063781	-0.082524	,
0.179738	0.058979	-0.080254	,
0.182267	0.058418	-0.077929	,
0.18569	0.058503	-0.076524	,
0.190093	0.059115	-0.076748	,
0.200127	0.056758	-0.078084	,
0.186707	0.063277	-0.084147	,
0.209643	0.053622	-0.083444	,
0.203522	0.056633	-0.080459	,
0.158282	0.072913	-0.084947	,
0.163626	0.065406	-0.083359	,
0.170454	0.059825	-0.080351	,
0.171244	0.060362	-0.075706	,
0.171948	0.063766	-0.073525	,
0.174726	0.066297	-0.074373	,
0.176438	0.068367	-0.075454	,
0.177602	0.069573	-0.077793	,
0.170019	0.071179	-0.083251	,
0.17709	0.06959	-0.080746	,
0.156168	0.073505	-0.083875	,
0.157468	0.066642	-0.084121	,
0.160327	0.057977	-0.081076	,
0.162533	0.060006	-0.073608	,
0.165712	0.064912	-0.070701	,
0.168002	0.069351	-0.071846	,
0.168921	0.072583	-0.073712	,
0.169075	0.074414	-0.076624	,
0.168006	0.074669	-0.079982	,
0.162142	0.075132	-0.082552	,
0.151394	0.076296	-0.082217	,
0.153832	0.068947	-0.084075	,
0.156409	0.062391	-0.079807	,
0.157783	0.06228	-0.073459	,
0.160847	0.066521	-0.069788	,
0.164014	0.07111	-0.069906	,
0.164876	0.074854	-0.072559	,
0.164229	0.076499	-0.076108	,
0.163339	0.076762	-0.079422	,
0.157602	0.077137	-0.08168	,
0.154392	0.07509	-0.08011	,
0.154736	0.07123	-0.081148	,
0.155566	0.066676	-0.07925	,
0.1563	0.066134	-0.074801	,
0.157067	0.069248	-0.071537	,
0.156977	0.074735	-0.06985	,
0.159692	0.077631	-0.07192	,
0.161497	0.07875	-0.075628	,
0.161203	0.078572	-0.079485	,
0.157649	0.076654	-0.081023	,
0.156315	0.07447	-0.076869	,
0.215051	0.0391	-0.098513	,
0.215225	0.039121	-0.101542	,
0.215342	0.040435	-0.100844	,
0.215695	0.041276	-0.099606	,
0.212103	0.037861	-0.100964	,
0.215887	0.041455	-0.098084	,
0.215846	0.040797	-0.09683	,
0.215993	0.039187	-0.09636	,
0.213531	0.038472	-0.095503	,
0.211118	0.037244	-0.096319	,
0.210439	0.036982	-0.098819	,
0.212234	0.040232	-0.102035	,
0.209331	0.038442	-0.102496	,
0.21366	0.042024	-0.101561	,
0.214513	0.043356	-0.099829	,
0.20602	0.036681	-0.099649	,
0.214747	0.043498	-0.097392	,
0.214521	0.042174	-0.095554	,
0.213535	0.040421	-0.094734	,
0.210459	0.038998	-0.094096	,
0.207298	0.037559	-0.095673	,
0.209496	0.041623	-0.101806	,
0.2067	0.040176	-0.101606	,
0.2045	0.039209	-0.09899	,
0.21107	0.04339	-0.101557	,
0.212224	0.044858	-0.099739	,
0.204776	0.039291	-0.095751	,
0.212504	0.044971	-0.097007	,
0.211752	0.043717	-0.094894	,
0.210279	0.041948	-0.09396	,
0.207498	0.040463	-0.093889	,
0.206838	0.042816	-0.103464	,
0.204392	0.041362	-0.101245	,
0.202744	0.041545	-0.09833	,
0.202573	0.041952	-0.096103	,
0.208488	0.045132	-0.102171	,
0.209659	0.046705	-0.099697	,
0.204578	0.042298	-0.094255	,
0.209842	0.046817	-0.096476	,
0.208998	0.045315	-0.094151	,
0.207168	0.043461	-0.09346	,
0.204387	0.043989	-0.102882	,
0.197825	0.045457	-0.099819	,
0.193994	0.047054	-0.097268	,
0.194544	0.046938	-0.095724	,
0.200165	0.045032	-0.094719	,
0.205409	0.046558	-0.10179	,
0.203132	0.049266	-0.09887	,
0.201633	0.046062	-0.093804	,
0.20207	0.04999	-0.095933	,
0.201919	0.048288	-0.093977	,
0.201681	0.04541	-0.100674	,
0.188537	0.049924	-0.098246	,
0.175863	0.055392	-0.095316	,
0.178008	0.054328	-0.093761	,
0.183205	0.053041	-0.092862	,
0.188305	0.05242	-0.092769	,
0.190601	0.053275	-0.100012	,
0.183902	0.058736	-0.097103	,
0.185422	0.056035	-0.092101	,
0.18398	0.058961	-0.094063	,
0.175305	0.057572	-0.098322	,
0.169635	0.058032	-0.097304	,
0.164809	0.057652	-0.095104	,
0.166322	0.057628	-0.091633	,
0.16741	0.058989	-0.089299	,
0.17	0.060922	-0.088779	,
0.173887	0.062254	-0.089933	,
0.175189	0.060446	-0.098349	,
0.175704	0.062812	-0.096497	,
0.175858	0.062997	-0.093171	,
0.161982	0.06338	-0.099807	,
0.160456	0.059822	-0.098662	,
0.15904	0.057683	-0.09481	,
0.159412	0.058228	-0.089996	,
0.161582	0.060823	-0.08716	,
0.163481	0.064116	-0.08671	,
0.164489	0.067286	-0.088375	,
0.16486	0.068937	-0.09184	,
0.163295	0.066747	-0.098679	,
0.164546	0.068628	-0.09571	,
0.154897	0.066747	-0.099076	,
0.15368	0.062299	-0.098844	,
0.152941	0.058554	-0.094849	,
0.153859	0.058914	-0.08893	,
0.157123	0.062146	-0.086003	,
0.159855	0.065688	-0.086255	,
0.159912	0.069751	-0.087534	,
0.159155	0.072632	-0.090948	,
0.158496	0.072499	-0.095409	,
0.156733	0.070151	-0.098355	,
0.151305	0.068654	-0.09865	,
0.14841	0.06488	-0.099076	,
0.146094	0.061339	-0.09479	,
0.146605	0.061651	-0.088059	,
0.152188	0.064487	-0.086077	,
0.155658	0.06745	-0.086239	,
0.156209	0.071062	-0.087439	,
0.155779	0.073804	-0.090554	,
0.155109	0.073899	-0.09482	,
0.153325	0.071823	-0.097938	,
0.147868	0.070382	-0.097471	,
0.14782	0.067357	-0.096257	,
0.148318	0.065602	-0.093966	,
0.148513	0.065297	-0.090695	,
0.150334	0.066329	-0.088186	,
0.15267	0.068405	-0.087346	,
0.153199	0.071044	-0.088256	,
0.152768	0.073014	-0.090524	,
0.152233	0.073345	-0.093538	,
0.150006	0.072611	-0.096656	,
0.150384	0.069496	-0.092204	,
0.2026	0.042904	-0.112996	,
0.199977	0.043089	-0.116288	,
0.201217	0.045275	-0.116202	,
0.203919	0.046973	-0.114665	,
0.200298	0.041022	-0.115143	,
0.204431	0.046973	-0.111762	,
0.202895	0.04554	-0.110227	,
0.201919	0.043617	-0.109743	,
0.202532	0.040958	-0.110356	,
0.202486	0.039724	-0.111951	,
0.202156	0.039724	-0.11382	,
0.196408	0.044528	-0.117022	,
0.196316	0.041372	-0.115906	,
0.198164	0.047432	-0.116513	,
0.200033	0.049178	-0.114163	,
0.197088	0.039429	-0.113344	,
0.200506	0.049146	-0.110933	,
0.199635	0.047184	-0.108668	,
0.198606	0.044565	-0.1081	,
0.198289	0.041761	-0.108585	,
0.197868	0.039664	-0.110486	,
0.194116	0.045621	-0.115669	,
0.19357	0.042693	-0.115283	,
0.193663	0.040282	-0.113035	,
0.195313	0.048134	-0.115261	,
0.196519	0.049993	-0.113286	,
0.194255	0.039044	-0.109324	,
0.196939	0.049954	-0.110389	,
0.196582	0.047862	-0.108527	,
0.195946	0.045332	-0.108171	,
0.195349	0.042597	-0.108203	,
0.191067	0.047006	-0.11416	,
0.190488	0.045138	-0.113492	,
0.190365	0.04384	-0.11196	,
0.190722	0.043595	-0.109962	,
0.191799	0.049324	-0.114766	,
0.192643	0.051134	-0.112497	,
0.191376	0.044906	-0.108703	,
0.193193	0.051035	-0.109833	,
0.193001	0.04877	-0.108482	,
0.192415	0.046593	-0.108695	,
0.184535	0.049556	-0.111485	,
0.184213	0.048515	-0.111087	,
0.184027	0.047869	-0.110277	,
0.184151	0.04774	-0.109162	,
0.184223	0.048322	-0.107941	,
0.185118	0.051104	-0.111999	,
0.189338	0.051911	-0.111951	,
0.184686	0.049667	-0.107342	,
0.185639	0.053289	-0.108812	,
0.188146	0.050222	-0.107773	,
0.168831	0.055083	-0.109201	,
0.169406	0.05332	-0.108846	,
0.170049	0.052138	-0.107793	,
0.170423	0.052187	-0.106291	,
0.171119	0.0526	-0.104863	,
0.171234	0.054796	-0.103858	,
0.167072	0.058054	-0.109466	,
0.165676	0.061243	-0.107944	,
0.169046	0.058215	-0.10369	,
0.166178	0.061284	-0.105148	,
0.156211	0.059411	-0.109323	,
0.156016	0.056326	-0.108473	,
0.156122	0.054386	-0.105992	,
0.15687	0.054656	-0.10303	,
0.156295	0.057069	-0.100803	,
0.158716	0.059349	-0.101237	,
0.157607	0.062716	-0.101307	,
0.155614	0.063045	-0.108744	,
0.155334	0.065727	-0.10632	,
0.156049	0.065645	-0.103127	,
0.148747	0.062024	-0.108733	,
0.148842	0.057787	-0.10848	,
0.149307	0.054384	-0.105502	,
0.150269	0.054708	-0.101211	,
0.151503	0.05808	-0.099064	,
0.152027	0.061686	-0.099198	,
0.150447	0.065474	-0.099769	,
0.148243	0.068376	-0.101753	,
0.148147	0.065865	-0.107668	,
0.147639	0.068457	-0.104974	,
0.143492	0.063845	-0.108699	,
0.143486	0.058872	-0.108484	,
0.143846	0.054885	-0.104977	,
0.14493	0.055199	-0.099908	,
0.146349	0.059298	-0.097482	,
0.146913	0.063473	-0.097902	,
0.145205	0.067395	-0.098692	,
0.14282	0.070279	-0.100761	,
0.141886	0.070478	-0.1039	,
0.142611	0.068084	-0.10698	,
0.136745	0.066483	-0.10649	,
0.136834	0.061335	-0.108247	,
0.138764	0.054357	-0.105316	,
0.140007	0.054357	-0.098262	,
0.141753	0.060365	-0.096444	,
0.142147	0.064959	-0.096935	,
0.141268	0.068471	-0.098098	,
0.139693	0.070696	-0.10025	,
0.138701	0.070987	-0.102987	,
0.137394	0.069598	-0.105225	,
0.133173	0.068165	-0.104156	,
0.135311	0.063321	-0.106253	,
0.137466	0.058942	-0.104178	,
0.138551	0.058336	-0.099952	,
0.139243	0.061834	-0.0977	,
0.139194	0.065581	-0.098122	,
0.138655	0.068062	-0.098923	,
0.137703	0.069589	-0.100245	,
0.136965	0.069944	-0.101986	,
0.134937	0.069589	-0.103665	,
0.136888	0.066217	-0.101413	,
0.191101	0.043765	-0.125432	,
0.18822	0.044366	-0.128868	,
0.18925	0.045405	-0.127436	,
0.190246	0.045516	-0.126062	,
0.187454	0.042741	-0.126986	,
0.190654	0.045518	-0.124988	,
0.191041	0.045097	-0.123939	,
0.191601	0.043742	-0.123091	,
0.189739	0.043022	-0.123133	,
0.188086	0.042419	-0.123834	,
0.1874	0.042292	-0.125181	,
0.1859	0.044966	-0.129131	,
0.184583	0.042834	-0.127455	,
0.187632	0.046376	-0.127557	,
0.188873	0.046812	-0.125923	,
0.184015	0.041707	-0.125065	,
0.189345	0.046803	-0.124314	,
0.189782	0.045969	-0.122799	,
0.190045	0.04423	-0.121445	,
0.187414	0.042465	-0.121325	,
0.184947	0.041791	-0.122826	,
0.184006	0.045455	-0.127806	,
0.181852	0.043612	-0.126884	,
0.180443	0.04234	-0.124536	,
0.185437	0.047494	-0.127372	,
0.186454	0.048193	-0.125545	,
0.180275	0.041817	-0.121586	,
0.187033	0.048194	-0.123577	,
0.187707	0.046719	-0.122144	,
0.187697	0.044781	-0.121568	,
0.184765	0.043297	-0.121169	,
0.182289	0.046016	-0.127049	,
0.18003	0.044473	-0.126077	,
0.17819	0.043526	-0.123925	,
0.178678	0.043504	-0.121644	,
0.182947	0.048079	-0.126712	,
0.183628	0.049508	-0.125011	,
0.182894	0.044096	-0.120934	,
0.184223	0.049363	-0.122769	,
0.1859	0.047601	-0.121229	,
0.186925	0.045049	-0.121537	,
0.179702	0.04668	-0.127442	,
0.17885	0.044945	-0.125634	,
0.178501	0.044822	-0.123543	,
0.17881	0.044808	-0.122095	,
0.182439	0.044195	-0.1208	,
0.179679	0.048992	-0.12604	,
0.179122	0.050092	-0.123889	,
0.186434	0.045253	-0.119928	,
0.17959	0.050126	-0.121962	,
0.183391	0.048289	-0.120698	,
0.176948	0.047508	-0.12526	,
0.170658	0.047812	-0.123097	,
0.164586	0.048643	-0.120567	,
0.166368	0.048269	-0.11934	,
0.173885	0.046431	-0.118839	,
0.183393	0.04612	-0.118532	,
0.174033	0.050485	-0.12477	,
0.169652	0.053262	-0.121993	,
0.178023	0.050443	-0.118681	,
0.170533	0.053192	-0.119773	,
0.150309	0.05438	-0.120732	,
0.149	0.05201	-0.119902	,
0.147385	0.050647	-0.117287	,
0.150338	0.050531	-0.115159	,
0.163677	0.04912	-0.116528	,
0.179928	0.046981	-0.11968	,
0.166158	0.052767	-0.117357	,
0.151139	0.056629	-0.120184	,
0.153147	0.057647	-0.118716	,
0.151985	0.057877	-0.116049	,
0.130118	0.059513	-0.12049	,
0.130003	0.053901	-0.119685	,
0.130932	0.049651	-0.115375	,
0.12935	0.0487	-0.108575	,
0.14937	0.050989	-0.110551	,
0.162864	0.051496	-0.116324	,
0.158049	0.055315	-0.115221	,
0.148358	0.060803	-0.114654	,
0.137509	0.062582	-0.120067	,
0.145957	0.060836	-0.117669	,
0.116409	0.06383	-0.117811	,
0.119484	0.056488	-0.119124	,
0.124199	0.0507	-0.114658	,
0.125307	0.048914	-0.107435	,
0.138469	0.053007	-0.108255	,
0.148918	0.055261	-0.112173	,
0.148557	0.058365	-0.113035	,
0.144917	0.061493	-0.114195	,
0.141523	0.062399	-0.116686	,
0.130446	0.0642	-0.118117	,
0.118524	0.063343	-0.116283	,
0.119307	0.058145	-0.117019	,
0.120878	0.052773	-0.113886	,
0.122198	0.052713	-0.10771	,
0.132535	0.054784	-0.107045	,
0.140532	0.057558	-0.108831	,
0.1409	0.061068	-0.110299	,
0.138832	0.063733	-0.112638	,
0.136912	0.06485	-0.115945	,
0.12766	0.064701	-0.11715	,
0.123742	0.062232	-0.116166	,
0.122574	0.0587	-0.116066	,
0.123276	0.055016	-0.113787	,
0.124916	0.054337	-0.109715	,
0.131391	0.055863	-0.107631	,
0.135923	0.058346	-0.108522	,
0.136698	0.061336	-0.109712	,
0.135355	0.063549	-0.111747	,
0.133929	0.064145	-0.114401	,
0.129053	0.063829	-0.116045	,
0.129364	0.060244	-0.112291	,
0.165119	0.078136	-0.065329	,
0.165553	0.075011	-0.063564	,
0.165308	0.074448	-0.065921	,
0.165459	0.07501	-0.066976	,
0.160541	0.074457	-0.061786	,
0.156502	0.075026	-0.061271	,
0.160041	0.074457	-0.064979	,
0.165458	0.070637	-0.060819	,
0.159173	0.069909	-0.058493	,
0.1647	0.070636	-0.068364	,
0.159458	0.070494	-0.0663	,
0.153947	0.070443	-0.057498	,
0.149644	0.070662	-0.05765	,
0.154395	0.070156	-0.062312	,
0.167107	0.066008	-0.063807	,
0.165027	0.064518	-0.060255	,
0.161892	0.064908	-0.057282	,
0.161157	0.065355	-0.055465	,
0.158468	0.064797	-0.055419	,
0.154267	0.065297	-0.054619	,
0.164941	0.065636	-0.066947	,
0.157604	0.065386	-0.064423	,
0.14816	0.06541	-0.054257	,
0.145378	0.065669	-0.055882	,
0.152547	0.065657	-0.060573	,
0.165571	0.059402	-0.064072	,
0.165393	0.059085	-0.055729	,
0.161656	0.059329	-0.054403	,
0.156749	0.05933	-0.053793	,
0.150084	0.059356	-0.051495	,
0.166779	0.059383	-0.067271	,
0.155544	0.05938	-0.062279	,
0.144745	0.059421	-0.051138	,
0.145101	0.058796	-0.053644	,
0.143572	0.059421	-0.057786	,
0.144992	0.05942	-0.058734	,
0.149062	0.058786	-0.05908	,
0.160817	0.052736	-0.067126	,
0.163957	0.053289	-0.059533	,
0.162478	0.053332	-0.054746	,
0.157883	0.052745	-0.050297	,
0.152786	0.05367	-0.049326	,
0.146165	0.05317	-0.047707	,
0.155577	0.053151	-0.064154	,
0.151217	0.053159	-0.060085	,
0.143948	0.053174	-0.048395	,
0.144661	0.054046	-0.05324	,
0.142251	0.053174	-0.057299	,
0.142231	0.053173	-0.05958	,
0.144614	0.053169	-0.060825	,
0.146625	0.053166	-0.059847	,
0.158146	0.050142	-0.058116	,
0.156691	0.050547	-0.057702	,
0.158683	0.050254	-0.055023	,
0.154279	0.050422	-0.051469	,
0.151229	0.050037	-0.048473	,
0.147228	0.050043	-0.049925	,
0.151025	0.05073	-0.057181	,
0.147311	0.050942	-0.055564	,
0.15425	0.049448	-0.053374	,
0.154487	0.058279	-0.073203	,
0.154684	0.063779	-0.07205	,
0.154951	0.067942	-0.070492	,
0.154905	0.058141	-0.070763	,
0.14936	0.065217	-0.072591	,
0.149358	0.061305	-0.072602	,
0.15401	0.069898	-0.075981	,
0.148909	0.071307	-0.075221	,
0.153802	0.072923	-0.077201	,
0.153565	0.074956	-0.074762	,
0.153694	0.075151	-0.071341	,
0.154208	0.074045	-0.066657	,
0.156066	0.069005	-0.063987	,
0.155567	0.062885	-0.066901	,
0.149891	0.062145	-0.069239	,
0.144218	0.062748	-0.072071	,
0.144105	0.068348	-0.072728	,
0.148393	0.074848	-0.078226	,
0.143672	0.073163	-0.075252	,
0.148591	0.079798	-0.077075	,
0.149599	0.078032	-0.069976	,
0.150833	0.077735	-0.063996	,
0.150835	0.073853	-0.06331	,
0.151228	0.070792	-0.061693	,
0.14991	0.066096	-0.066329	,
0.144764	0.064042	-0.068606	,
0.138961	0.059929	-0.072215	,
0.138787	0.062611	-0.073232	,
0.13866	0.069417	-0.073977	,
0.143911	0.076137	-0.076914	,
0.138183	0.073817	-0.076756	,
0.143416	0.079317	-0.076746	,
0.14399	0.078923	-0.073297	,
0.145252	0.078908	-0.068954	,
0.1454	0.076994	-0.065361	,
0.146083	0.073691	-0.064194	,
0.145252	0.068792	-0.066029	,
0.139588	0.063229	-0.068556	,
0.139228	0.06969	-0.071154	,
0.138137	0.076842	-0.077026	,
0.140866	0.07661	-0.068983	,
0.14017	0.073404	-0.065168	,
0.146068	0.073773	-0.09167	,
0.143462	0.073773	-0.092417	,
0.137667	0.075045	-0.084127	,
0.146119	0.073773	-0.087427	,
0.147259	0.068148	-0.091754	,
0.146804	0.06846	-0.087217	,
0.136279	0.073773	-0.088167	,
0.141703	0.068044	-0.090129	,
0.129732	0.073773	-0.088218	,
0.126948	0.073773	-0.083857	,
0.125803	0.073773	-0.077752	,
0.130661	0.073773	-0.076833	,
0.133745	0.073773	-0.078773	,
0.140878	0.073773	-0.077554	,
0.146194	0.073773	-0.078365	,
0.148131	0.073773	-0.082133	,
0.14545	0.061226	-0.089836	,
0.142791	0.061889	-0.090039	,
0.146555	0.068111	-0.082245	,
0.145967	0.061898	-0.08613	,
0.137892	0.068148	-0.085851	,
0.133363	0.068648	-0.087387	,
0.13773	0.061898	-0.086774	,
0.130257	0.068086	-0.0862	,
0.128625	0.068039	-0.082701	,
0.127287	0.068148	-0.07941	,
0.129905	0.068044	-0.078814	,
0.13388	0.068035	-0.078602	,
0.13925	0.068034	-0.080001	,
0.144493	0.068637	-0.08028	,
0.142053	0.055648	-0.087091	,
0.137516	0.05708	-0.086573	,
0.143515	0.062966	-0.082856	,
0.139495	0.057168	-0.083253	,
0.142396	0.055648	-0.084422	,
0.13488	0.061898	-0.088175	,
0.131431	0.061884	-0.08518	,
0.128976	0.062511	-0.082561	,
0.128497	0.061898	-0.079752	,
0.132915	0.06188	-0.079865	,
0.138071	0.061878	-0.081648	,
0.13731	0.054085	-0.084477	,
0.134094	0.056883	-0.085992	,
0.136461	0.055648	-0.080648	,
0.13047	0.055648	-0.081876	,
0.133131	0.055648	-0.079743	,
0.113219	0.062871	-0.105998	,
0.112865	0.059669	-0.108009	,
0.111718	0.060526	-0.105608	,
0.114032	0.059163	-0.100535	,
0.118509	0.068239	-0.102721	,
0.11974	0.064255	-0.093076	,
0.119174	0.067621	-0.09864	,
0.112489	0.057639	-0.110142	,
0.115269	0.061618	-0.105723	,
0.111705	0.05737	-0.104744	,
0.112136	0.054968	-0.099202	,
0.117276	0.058052	-0.087232	,
0.121905	0.070186	-0.100337	,
0.120373	0.070908	-0.105307	,
0.120576	0.06578	-0.106621	,
0.123718	0.06258	-0.087986	,
0.124238	0.066338	-0.089094	,
0.122393	0.071314	-0.093851	,
0.109333	0.053271	-0.10556	,
0.114942	0.057835	-0.107887	,
0.113355	0.054354	-0.109473	,
0.113977	0.052968	-0.10641	,
0.120154	0.05969	-0.107962	,
0.116181	0.051828	-0.093448	,
0.11704	0.051918	-0.088573	,
0.123416	0.055648	-0.088184	,
0.12747	0.067968	-0.100996	,
0.128389	0.068472	-0.095474	,
0.126121	0.065753	-0.10505	,
0.126358	0.060756	-0.107043	,
0.129564	0.056899	-0.088958	,
0.129637	0.06305	-0.089024	,
0.129338	0.066282	-0.09062	,
0.115368	0.052758	-0.102556	,
0.115235	0.053992	-0.09881	,
0.119889	0.05476	-0.108049	,
0.120131	0.052578	-0.104487	,
0.126254	0.056065	-0.107704	,
0.121751	0.052079	-0.097637	,
0.123072	0.050563	-0.090009	,
0.123671	0.051828	-0.0866	,
0.129686	0.051591	-0.088147	,
0.134043	0.06766	-0.099046	,
0.131909	0.063786	-0.102295	,
0.134817	0.06748	-0.094659	,
0.134021	0.067705	-0.099169	,
0.131667	0.058747	-0.10488	,
0.135558	0.054489	-0.090455	,
0.135203	0.059586	-0.092466	,
0.135224	0.066036	-0.092345	,
0.126111	0.051875	-0.106637	,
0.126986	0.051347	-0.103262	,
0.132478	0.056006	-0.106645	,
0.12866	0.051516	-0.097495	,
0.129062	0.05045	-0.091972	,
0.129721	0.048805	-0.087918	,
0.135321	0.051557	-0.091796	,
0.134889	0.05927	-0.097813	,
0.132228	0.052078	-0.106507	,
0.133784	0.052504	-0.10051	,
0.13472	0.051557	-0.095208	,
0.143198	0.070265	-0.050044	,
0.139838	0.075598	-0.048479	,
0.13677	0.068331	-0.046099	,
0.139153	0.06409	-0.049316	,
0.140075	0.074771	-0.054595	,
0.140807	0.070064	-0.055599	,
0.138747	0.063829	-0.054624	,
0.132653	0.073269	-0.045128	,
0.137621	0.079102	-0.054582	,
0.134774	0.078408	-0.051572	,
0.132267	0.069724	-0.044947	,
0.130803	0.066795	-0.044265	,
0.132828	0.063225	-0.046252	,
0.136874	0.06216	-0.048243	,
0.135758	0.058676	-0.052895	,
0.140238	0.074161	-0.062048	,
0.140344	0.081072	-0.061989	,
0.139975	0.068573	-0.061264	,
0.135121	0.059586	-0.059687	,
0.137525	0.063676	-0.061488	,
0.131888	0.077715	-0.051863	,
0.129334	0.075066	-0.04927	,
0.130991	0.07126	-0.050358	,
0.136115	0.080949	-0.06092	,
0.132634	0.080241	-0.058103	,
0.130569	0.064814	-0.050681	,
0.129384	0.059879	-0.049292	,
0.132717	0.05768	-0.051345	,
0.131731	0.057069	-0.058082	,
0.137452	0.070552	-0.067711	,
0.137209	0.076858	-0.068078	,
0.135176	0.080221	-0.067165	,
0.130819	0.06052	-0.065134	,
0.132903	0.064699	-0.066678	,
0.128962	0.080193	-0.056682	,
0.128629	0.077997	-0.056526	,
0.129366	0.070486	-0.056966	,
0.131444	0.078417	-0.065475	,
0.127821	0.077441	-0.063734	,
0.128351	0.064718	-0.057249	,
0.125974	0.057908	-0.055288	,
0.128656	0.057507	-0.05658	,
0.128441	0.060925	-0.063281	,
0.132734	0.070143	-0.073613	,
0.133532	0.07424	-0.073938	,
0.131881	0.077913	-0.073213	,
0.125828	0.06573	-0.069066	,
0.127902	0.064401	-0.071359	,
0.129312	0.066702	-0.072833	,
0.124376	0.07445	-0.062128	,
0.125561	0.069021	-0.062017	,
0.126817	0.076598	-0.070099	,
0.122883	0.074824	-0.068955	,
0.124914	0.065395	-0.062379	,
0.127997	0.071026	-0.077657	,
0.126866	0.069194	-0.077083	,
0.12714	0.072766	-0.077124	,
0.123928	0.073485	-0.075163	,
0.120405	0.070734	-0.067862	,
0.123675	0.069038	-0.074807	,
0.119774	0.073488	-0.067569	,
0.118572	0.071919	-0.074594	,
0.123967	0.070475	-0.079007	,
0.03897	0.048397	-0.077166	,
0.042295	0.051836	-0.075376	,
0.040842	0.053039	-0.081034	,
0.04002	0.049995	-0.081729	,
0.043217	0.045531	-0.070489	,
0.044216	0.043679	-0.067681	,
0.044767	0.042931	-0.07438	,
0.042849	0.046674	-0.080193	,
0.04508	0.062045	-0.080464	,
0.047998	0.060031	-0.071087	,
0.049394	0.053061	-0.06669	,
0.043913	0.060502	-0.085127	,
0.044243	0.058069	-0.087411	,
0.045839	0.053578	-0.088638	,
0.05339	0.045143	-0.062435	,
0.054166	0.036824	-0.060805	,
0.054825	0.033176	-0.062699	,
0.053527	0.035567	-0.069255	,
0.0532	0.036794	-0.077035	,
0.050826	0.040327	-0.081964	,
0.049191	0.045999	-0.086559	,
0.049714	0.067732	-0.087534	,
0.05114	0.071201	-0.082507	,
0.051411	0.069732	-0.074793	,
0.053942	0.068956	-0.070484	,
0.055213	0.063422	-0.067539	,
0.057101	0.055302	-0.063982	,
0.051224	0.060922	-0.092834	,
0.053517	0.053377	-0.092424	,
0.052315	0.056784	-0.093532	,
0.061032	0.049208	-0.060561	,
0.062464	0.042006	-0.059042	,
0.064241	0.035912	-0.060846	,
0.063492	0.033081	-0.066213	,
0.062277	0.033845	-0.072547	,
0.061034	0.035421	-0.077469	,
0.059371	0.038211	-0.082759	,
0.057937	0.04013	-0.087436	,
0.056588	0.042237	-0.090681	,
0.056013	0.048393	-0.090963	,
0.058178	0.074156	-0.087604	,
0.058696	0.066794	-0.092884	,
0.058922	0.074468	-0.075448	,
0.061845	0.072305	-0.06971	,
0.064749	0.060117	-0.065577	,
0.058829	0.059727	-0.094558	,
0.061731	0.054663	-0.094273	,
0.069576	0.047668	-0.060931	,
0.07075	0.041518	-0.058786	,
0.073083	0.036272	-0.058302	,
0.073023	0.033169	-0.063432	,
0.071278	0.03574	-0.069502	,
0.067531	0.037806	-0.079134	,
0.066445	0.040505	-0.088924	,
0.065262	0.039505	-0.095249	,
0.064544	0.042969	-0.096399	,
0.063529	0.048156	-0.094487	,
0.06581	0.077	-0.084131	,
0.066429	0.076726	-0.089175	,
0.065626	0.072619	-0.091963	,
0.067159	0.065372	-0.09433	,
0.067051	0.076364	-0.073708	,
0.069969	0.075477	-0.069237	,
0.071605	0.070119	-0.067216	,
0.076274	0.057225	-0.065428	,
0.070886	0.056101	-0.095358	,
0.077935	0.047319	-0.062076	,
0.079261	0.044843	-0.061994	,
0.07825	0.042327	-0.067915	,
0.075915	0.042832	-0.083307	,
0.075571	0.043015	-0.090816	,
0.073874	0.043494	-0.094813	,
0.072475	0.046259	-0.098304	,
0.071683	0.047695	-0.098158	,
0.073242	0.076593	-0.089784	,
0.074183	0.076793	-0.08593	,
0.074253	0.074438	-0.077811	,
0.074244	0.072729	-0.093818	,
0.077196	0.064574	-0.09743	,
0.07576	0.073834	-0.071493	,
0.079834	0.071315	-0.063357	,
0.085249	0.065505	-0.064274	,
0.088572	0.055603	-0.066794	,
0.085574	0.052866	-0.065593	,
0.080411	0.052163	-0.096149	,
0.079764	0.059428	-0.098899	,
0.086422	0.049495	-0.066176	,
0.086661	0.04874	-0.069723	,
0.086223	0.047682	-0.078633	,
0.085794	0.047048	-0.084033	,
0.084338	0.04596	-0.088475	,
0.083104	0.047617	-0.092536	,
0.083942	0.071617	-0.088591	,
0.082111	0.070608	-0.092657	,
0.082215	0.072524	-0.082999	,
0.086405	0.069009	-0.071941	,
0.086815	0.065939	-0.096982	,
0.089338	0.063248	-0.103124	,
0.089195	0.070925	-0.063887	,
0.095238	0.070244	-0.058285	,
0.094453	0.068583	-0.059532	,
0.09776	0.064682	-0.059977	,
0.097716	0.059787	-0.062857	,
0.097882	0.054927	-0.065443	,
0.098679	0.052765	-0.069449	,
0.09238	0.055068	-0.095089	,
0.090806	0.060029	-0.100717	,
0.096072	0.052839	-0.073104	,
0.096438	0.05308	-0.076177	,
0.096917	0.050845	-0.081163	,
0.095537	0.049705	-0.086531	,
0.094138	0.051317	-0.090847	,
0.09497	0.068486	-0.089367	,
0.094362	0.06962	-0.095007	,
0.094068	0.067024	-0.082982	,
0.097042	0.066566	-0.077175	,
0.099036	0.069956	-0.070597	,
0.102636	0.074736	-0.061366	,
0.096077	0.067829	-0.097678	,
0.097429	0.066592	-0.104042	,
0.104532	0.073818	-0.059063	,
0.107997	0.07294	-0.059171	,
0.111437	0.070226	-0.059445	,
0.107591	0.062228	-0.057553	,
0.107697	0.060223	-0.059896	,
0.10625	0.059363	-0.064124	,
0.104958	0.057453	-0.070235	,
0.106803	0.054425	-0.072786	,
0.101475	0.058045	-0.094284	,
0.099838	0.06096	-0.098866	,
0.098636	0.063322	-0.102334	,
0.105481	0.053794	-0.079147	,
0.104899	0.0526	-0.083575	,
0.103445	0.053137	-0.090228	,
0.101792	0.070586	-0.087549	,
0.104544	0.071387	-0.093799	,
0.104001	0.07074	-0.096459	,
0.103474	0.068658	-0.09784	,
0.104608	0.072579	-0.083094	,
0.109177	0.070853	-0.076198	,
0.110067	0.069192	-0.065305	,
0.107998	0.06482	-0.098798	,
0.105334	0.065512	-0.100706	,
0.112301	0.065979	-0.063083	,
0.117177	0.064071	-0.066438	,
0.116765	0.063581	-0.069539	,
0.112479	0.060465	-0.073469	,
0.114457	0.054451	-0.081306	,
0.111363	0.053713	-0.096853	,
0.110621	0.055456	-0.098373	,
0.109643	0.060192	-0.096612	,
0.112221	0.053713	-0.09199	,
0.10862	0.071676	-0.087738	,
0.109724	0.0704	-0.094006	,
0.109393	0.071943	-0.081948	,
0.112679	0.067978	-0.073093	,
0.114147	0.068095	-0.095213	,
0.113132	0.068655	-0.097188	,
0.111692	0.069268	-0.097584	,
0.116678	0.069324	-0.076494	,
0.118126	0.064043	-0.076432	,
0.116504	0.065028	-0.079817	,
0.115298	0.065926	-0.081651	,
0.114609	0.06726	-0.084209	,
0.114412	0.067257	-0.089857	,
0.112392	0.073234	-0.08425	,
0.115324	0.073287	-0.093516	,
0.115555	0.074524	-0.081787	,

     ]    } 
    coordIndex [ 
	     0,      1,      2, -1 
	     0,      3,      4, -1 
	     0,      4,      1, -1 
	     5,      0,      2, -1 
	     5,      3,      0, -1 
	     1,      6,      2, -1 
	     1,      4,      7, -1 
	     1,      7,      6, -1 
	     8,      5,      2, -1 
	     9,      8,      2, -1 
	    10,      9,      2, -1 
	    11,     10,      2, -1 
	    12,     11,      2, -1 
	    13,     12,      2, -1 
	     6,     13,      2, -1 
	     5,     14,      3, -1 
	     3,     15,     16, -1 
	     3,     16,      4, -1 
	    14,     15,      3, -1 
	     4,     16,     17, -1 
	     4,     17,      7, -1 
	     8,     14,      5, -1 
	     6,      7,     18, -1 
	     6,     18,     13, -1 
	     7,     17,     19, -1 
	     7,     19,     18, -1 
	     8,     20,     14, -1 
	     9,     20,      8, -1 
	     9,     21,     20, -1 
	    10,     21,      9, -1 
	    10,     22,     21, -1 
	    11,     22,     10, -1 
	    11,     23,     22, -1 
	    12,     23,     11, -1 
	    12,     24,     23, -1 
	    13,     24,     12, -1 
	    13,     18,     24, -1 
	    14,     25,     15, -1 
	    20,     25,     14, -1 
	    15,     26,     27, -1 
	    15,     27,     16, -1 
	    25,     26,     15, -1 
	    16,     27,     28, -1 
	    16,     28,     17, -1 
	    17,     28,     29, -1 
	    17,     29,     19, -1 
	    18,     19,     30, -1 
	    18,     30,     24, -1 
	    19,     29,     31, -1 
	    19,     31,     30, -1 
	    20,     32,     25, -1 
	    21,     32,     20, -1 
	    21,     33,     32, -1 
	    22,     33,     21, -1 
	    22,     34,     33, -1 
	    23,     34,     22, -1 
	    23,     35,     34, -1 
	    24,     35,     23, -1 
	    24,     30,     35, -1 
	    25,     36,     26, -1 
	    36,     25,     32, -1 
	    26,     37,     38, -1 
	    26,     38,     27, -1 
	    36,     37,     26, -1 
	    27,     38,     39, -1 
	    27,     39,     28, -1 
	    28,     39,     40, -1 
	    28,     40,     29, -1 
	    29,     40,     41, -1 
	    29,     41,     31, -1 
	    30,     31,     42, -1 
	    30,     42,     35, -1 
	    31,     41,     43, -1 
	    31,     43,     42, -1 
	    44,     36,     32, -1 
	    33,     44,     32, -1 
	    33,     45,     44, -1 
	    34,     45,     33, -1 
	    34,     46,     45, -1 
	    35,     46,     34, -1 
	    35,     42,     46, -1 
	    36,     47,     37, -1 
	    44,     47,     36, -1 
	    37,     48,     49, -1 
	    37,     49,     38, -1 
	    47,     48,     37, -1 
	    38,     49,     50, -1 
	    38,     50,     39, -1 
	    39,     50,     51, -1 
	    39,     51,     40, -1 
	    40,     51,     52, -1 
	    40,     52,     41, -1 
	    41,     52,     53, -1 
	    41,     53,     43, -1 
	    42,     43,     54, -1 
	    42,     54,     46, -1 
	    43,     53,     55, -1 
	    43,     55,     54, -1 
	    44,     56,     47, -1 
	    45,     56,     44, -1 
	    45,     57,     56, -1 
	    46,     57,     45, -1 
	    46,     54,     57, -1 
	    47,     58,     48, -1 
	    56,     58,     47, -1 
	    48,     59,     60, -1 
	    48,     60,     49, -1 
	    58,     59,     48, -1 
	    49,     60,     61, -1 
	    49,     61,     50, -1 
	    50,     61,     62, -1 
	    50,     62,     51, -1 
	    51,     62,     63, -1 
	    51,     63,     52, -1 
	    52,     63,     64, -1 
	    52,     64,     53, -1 
	    53,     64,     65, -1 
	    53,     65,     55, -1 
	    54,     55,     66, -1 
	    54,     66,     57, -1 
	    55,     65,     67, -1 
	    55,     67,     66, -1 
	    56,     68,     58, -1 
	    57,     68,     56, -1 
	    57,     66,     68, -1 
	    58,     69,     59, -1 
	    68,     69,     58, -1 
	    59,     70,     71, -1 
	    59,     71,     60, -1 
	    69,     70,     59, -1 
	    60,     71,     72, -1 
	    60,     72,     61, -1 
	    61,     72,     73, -1 
	    61,     73,     62, -1 
	    62,     73,     74, -1 
	    62,     74,     63, -1 
	    63,     74,     75, -1 
	    63,     75,     64, -1 
	    64,     75,     76, -1 
	    64,     76,     65, -1 
	    65,     76,     77, -1 
	    65,     77,     67, -1 
	    66,     67,     78, -1 
	    66,     78,     68, -1 
	    67,     77,     79, -1 
	    67,     79,     78, -1 
	    68,     78,     69, -1 
	    69,     80,     70, -1 
	    78,     80,     69, -1 
	    70,     81,     82, -1 
	    70,     82,     71, -1 
	    80,     81,     70, -1 
	    71,     82,     83, -1 
	    71,     83,     72, -1 
	    72,     83,     84, -1 
	    72,     84,     73, -1 
	    73,     84,     85, -1 
	    73,     85,     74, -1 
	    74,     85,     86, -1 
	    74,     86,     75, -1 
	    75,     86,     87, -1 
	    75,     87,     76, -1 
	    76,     87,     88, -1 
	    76,     88,     77, -1 
	    77,     88,     89, -1 
	    77,     89,     79, -1 
	    78,     79,     80, -1 
	    79,     89,     90, -1 
	    79,     90,     80, -1 
	    80,     90,     81, -1 
	    81,     91,     92, -1 
	    81,     92,     82, -1 
	    90,     91,     81, -1 
	    82,     92,     93, -1 
	    82,     93,     83, -1 
	    83,     93,     94, -1 
	    83,     94,     84, -1 
	    84,     94,     95, -1 
	    84,     95,     85, -1 
	    85,     95,     96, -1 
	    85,     96,     86, -1 
	    86,     96,     97, -1 
	    86,     97,     87, -1 
	    87,     97,     98, -1 
	    87,     98,     88, -1 
	    88,     98,     99, -1 
	    88,     99,     89, -1 
	    89,     99,    100, -1 
	    89,    100,     90, -1 
	    90,    100,     91, -1 
	    91,    101,    102, -1 
	    91,    102,     92, -1 
	   100,    101,     91, -1 
	    92,    102,    103, -1 
	    92,    103,     93, -1 
	    93,    103,    104, -1 
	    93,    104,     94, -1 
	    94,    104,    105, -1 
	    94,    105,     95, -1 
	    95,    105,    106, -1 
	    95,    106,     96, -1 
	    96,    106,    107, -1 
	    96,    107,     97, -1 
	    97,    107,    108, -1 
	    97,    108,     98, -1 
	    98,    108,    109, -1 
	    98,    109,     99, -1 
	    99,    109,    110, -1 
	    99,    110,    100, -1 
	   100,    110,    101, -1 
	   101,    111,    102, -1 
	   110,    111,    101, -1 
	   102,    111,    103, -1 
	   103,    111,    104, -1 
	   104,    111,    105, -1 
	   105,    111,    106, -1 
	   106,    111,    107, -1 
	   107,    111,    108, -1 
	   108,    111,    109, -1 
	   109,    111,    110, -1 
	   112,    113,    114, -1 
	   112,    115,    116, -1 
	   112,    116,    113, -1 
	   117,    112,    114, -1 
	   117,    115,    112, -1 
	   113,    118,    114, -1 
	   113,    116,    119, -1 
	   113,    119,    118, -1 
	   120,    117,    114, -1 
	   121,    120,    114, -1 
	   122,    121,    114, -1 
	   123,    122,    114, -1 
	   124,    123,    114, -1 
	   125,    124,    114, -1 
	   118,    125,    114, -1 
	   117,    126,    115, -1 
	   115,    127,    128, -1 
	   115,    128,    116, -1 
	   126,    127,    115, -1 
	   116,    128,    129, -1 
	   116,    129,    119, -1 
	   120,    126,    117, -1 
	   118,    119,    130, -1 
	   118,    130,    125, -1 
	   119,    129,    131, -1 
	   119,    131,    130, -1 
	   120,    132,    126, -1 
	   121,    132,    120, -1 
	   121,    133,    132, -1 
	   122,    133,    121, -1 
	   122,    134,    133, -1 
	   123,    134,    122, -1 
	   123,    135,    134, -1 
	   124,    135,    123, -1 
	   124,    136,    135, -1 
	   125,    136,    124, -1 
	   125,    130,    136, -1 
	   126,    137,    127, -1 
	   132,    137,    126, -1 
	   127,    138,    139, -1 
	   127,    139,    128, -1 
	   137,    138,    127, -1 
	   128,    139,    140, -1 
	   128,    140,    129, -1 
	   129,    140,    141, -1 
	   129,    141,    131, -1 
	   130,    131,    142, -1 
	   130,    142,    136, -1 
	   131,    141,    143, -1 
	   131,    143,    142, -1 
	   132,    144,    137, -1 
	   133,    144,    132, -1 
	   133,    145,    144, -1 
	   134,    145,    133, -1 
	   134,    146,    145, -1 
	   135,    146,    134, -1 
	   135,    147,    146, -1 
	   136,    147,    135, -1 
	   136,    142,    147, -1 
	   137,    148,    138, -1 
	   144,    148,    137, -1 
	   138,    149,    150, -1 
	   138,    150,    139, -1 
	   148,    149,    138, -1 
	   139,    150,    151, -1 
	   139,    151,    140, -1 
	   140,    151,    152, -1 
	   140,    152,    141, -1 
	   141,    152,    153, -1 
	   141,    153,    143, -1 
	   142,    143,    154, -1 
	   142,    154,    147, -1 
	   143,    153,    155, -1 
	   143,    155,    154, -1 
	   144,    156,    148, -1 
	   145,    156,    144, -1 
	   145,    157,    156, -1 
	   146,    157,    145, -1 
	   146,    158,    157, -1 
	   147,    158,    146, -1 
	   147,    154,    158, -1 
	   148,    159,    149, -1 
	   156,    159,    148, -1 
	   149,    160,    161, -1 
	   149,    161,    150, -1 
	   159,    160,    149, -1 
	   150,    161,    162, -1 
	   150,    162,    151, -1 
	   151,    162,    163, -1 
	   151,    163,    152, -1 
	   152,    163,    164, -1 
	   152,    164,    153, -1 
	   153,    164,    165, -1 
	   153,    165,    155, -1 
	   154,    155,    166, -1 
	   154,    166,    158, -1 
	   155,    165,    167, -1 
	   155,    167,    166, -1 
	   156,    168,    159, -1 
	   157,    168,    156, -1 
	   157,    169,    168, -1 
	   158,    169,    157, -1 
	   158,    166,    169, -1 
	   159,    170,    160, -1 
	   168,    170,    159, -1 
	   160,    171,    172, -1 
	   160,    172,    161, -1 
	   170,    171,    160, -1 
	   161,    172,    173, -1 
	   161,    173,    162, -1 
	   162,    173,    174, -1 
	   162,    174,    163, -1 
	   163,    174,    175, -1 
	   163,    175,    164, -1 
	   164,    175,    176, -1 
	   164,    176,    165, -1 
	   165,    176,    177, -1 
	   165,    177,    167, -1 
	   166,    167,    178, -1 
	   166,    178,    169, -1 
	   167,    177,    179, -1 
	   167,    179,    178, -1 
	   168,    180,    170, -1 
	   169,    180,    168, -1 
	   169,    178,    180, -1 
	   170,    181,    171, -1 
	   180,    181,    170, -1 
	   171,    182,    183, -1 
	   171,    183,    172, -1 
	   181,    182,    171, -1 
	   172,    183,    184, -1 
	   172,    184,    173, -1 
	   173,    184,    185, -1 
	   173,    185,    174, -1 
	   174,    185,    186, -1 
	   174,    186,    175, -1 
	   175,    186,    187, -1 
	   175,    187,    176, -1 
	   176,    187,    188, -1 
	   176,    188,    177, -1 
	   177,    188,    189, -1 
	   177,    189,    179, -1 
	   178,    179,    190, -1 
	   178,    190,    180, -1 
	   179,    189,    191, -1 
	   179,    191,    190, -1 
	   180,    190,    181, -1 
	   181,    192,    182, -1 
	   190,    192,    181, -1 
	   182,    193,    194, -1 
	   182,    194,    183, -1 
	   192,    193,    182, -1 
	   183,    194,    195, -1 
	   183,    195,    184, -1 
	   184,    195,    196, -1 
	   184,    196,    185, -1 
	   185,    196,    197, -1 
	   185,    197,    186, -1 
	   186,    197,    198, -1 
	   186,    198,    187, -1 
	   187,    198,    199, -1 
	   187,    199,    188, -1 
	   188,    199,    200, -1 
	   188,    200,    189, -1 
	   189,    200,    201, -1 
	   189,    201,    191, -1 
	   190,    191,    192, -1 
	   191,    201,    202, -1 
	   191,    202,    192, -1 
	   192,    202,    193, -1 
	   193,    203,    204, -1 
	   193,    204,    194, -1 
	   202,    203,    193, -1 
	   194,    204,    205, -1 
	   194,    205,    195, -1 
	   195,    205,    206, -1 
	   195,    206,    196, -1 
	   196,    206,    207, -1 
	   196,    207,    197, -1 
	   197,    207,    208, -1 
	   197,    208,    198, -1 
	   198,    208,    209, -1 
	   198,    209,    199, -1 
	   199,    209,    210, -1 
	   199,    210,    200, -1 
	   200,    210,    211, -1 
	   200,    211,    201, -1 
	   201,    211,    212, -1 
	   201,    212,    202, -1 
	   202,    212,    203, -1 
	   203,    213,    214, -1 
	   203,    214,    204, -1 
	   212,    213,    203, -1 
	   204,    214,    215, -1 
	   204,    215,    205, -1 
	   205,    215,    216, -1 
	   205,    216,    206, -1 
	   206,    216,    217, -1 
	   206,    217,    207, -1 
	   207,    217,    218, -1 
	   207,    218,    208, -1 
	   208,    218,    219, -1 
	   208,    219,    209, -1 
	   209,    219,    220, -1 
	   209,    220,    210, -1 
	   210,    220,    221, -1 
	   210,    221,    211, -1 
	   211,    221,    222, -1 
	   211,    222,    212, -1 
	   212,    222,    213, -1 
	   213,    223,    214, -1 
	   222,    223,    213, -1 
	   214,    223,    215, -1 
	   215,    223,    216, -1 
	   216,    223,    217, -1 
	   217,    223,    218, -1 
	   218,    223,    219, -1 
	   219,    223,    220, -1 
	   220,    223,    221, -1 
	   221,    223,    222, -1 
	   224,    225,    226, -1 
	   224,    227,    228, -1 
	   224,    228,    225, -1 
	   229,    224,    226, -1 
	   229,    227,    224, -1 
	   225,    230,    226, -1 
	   225,    228,    231, -1 
	   225,    231,    230, -1 
	   232,    229,    226, -1 
	   233,    232,    226, -1 
	   234,    233,    226, -1 
	   235,    234,    226, -1 
	   236,    235,    226, -1 
	   237,    236,    226, -1 
	   230,    237,    226, -1 
	   229,    238,    227, -1 
	   227,    239,    240, -1 
	   227,    240,    228, -1 
	   238,    239,    227, -1 
	   228,    240,    241, -1 
	   228,    241,    231, -1 
	   232,    238,    229, -1 
	   230,    231,    242, -1 
	   230,    242,    237, -1 
	   231,    241,    243, -1 
	   231,    243,    242, -1 
	   232,    244,    238, -1 
	   233,    244,    232, -1 
	   233,    245,    244, -1 
	   234,    245,    233, -1 
	   234,    246,    245, -1 
	   235,    246,    234, -1 
	   235,    247,    246, -1 
	   236,    247,    235, -1 
	   236,    248,    247, -1 
	   237,    248,    236, -1 
	   237,    242,    248, -1 
	   238,    249,    239, -1 
	   244,    249,    238, -1 
	   239,    250,    251, -1 
	   239,    251,    240, -1 
	   249,    250,    239, -1 
	   240,    251,    252, -1 
	   240,    252,    241, -1 
	   241,    252,    253, -1 
	   241,    253,    243, -1 
	   242,    243,    254, -1 
	   242,    254,    248, -1 
	   243,    253,    255, -1 
	   243,    255,    254, -1 
	   244,    256,    249, -1 
	   245,    256,    244, -1 
	   245,    257,    256, -1 
	   246,    257,    245, -1 
	   246,    258,    257, -1 
	   247,    258,    246, -1 
	   247,    259,    258, -1 
	   248,    259,    247, -1 
	   248,    254,    259, -1 
	   249,    260,    250, -1 
	   256,    260,    249, -1 
	   250,    261,    262, -1 
	   250,    262,    251, -1 
	   260,    261,    250, -1 
	   251,    262,    263, -1 
	   251,    263,    252, -1 
	   252,    263,    264, -1 
	   252,    264,    253, -1 
	   253,    264,    265, -1 
	   253,    265,    255, -1 
	   254,    255,    266, -1 
	   254,    266,    259, -1 
	   255,    265,    267, -1 
	   255,    267,    266, -1 
	   256,    268,    260, -1 
	   257,    268,    256, -1 
	   257,    269,    268, -1 
	   258,    269,    257, -1 
	   258,    270,    269, -1 
	   259,    270,    258, -1 
	   259,    266,    270, -1 
	   260,    271,    261, -1 
	   268,    271,    260, -1 
	   261,    272,    273, -1 
	   261,    273,    262, -1 
	   271,    272,    261, -1 
	   262,    273,    274, -1 
	   262,    274,    263, -1 
	   263,    274,    275, -1 
	   263,    275,    264, -1 
	   264,    275,    276, -1 
	   264,    276,    265, -1 
	   265,    276,    277, -1 
	   265,    277,    267, -1 
	   266,    267,    278, -1 
	   266,    278,    270, -1 
	   267,    277,    279, -1 
	   267,    279,    278, -1 
	   268,    280,    271, -1 
	   269,    280,    268, -1 
	   269,    281,    280, -1 
	   270,    281,    269, -1 
	   270,    278,    281, -1 
	   271,    282,    272, -1 
	   280,    282,    271, -1 
	   272,    283,    284, -1 
	   272,    284,    273, -1 
	   282,    283,    272, -1 
	   273,    284,    285, -1 
	   273,    285,    274, -1 
	   274,    285,    286, -1 
	   274,    286,    275, -1 
	   275,    286,    287, -1 
	   275,    287,    276, -1 
	   276,    287,    288, -1 
	   276,    288,    277, -1 
	   277,    288,    289, -1 
	   277,    289,    279, -1 
	   278,    279,    290, -1 
	   278,    290,    281, -1 
	   279,    289,    291, -1 
	   279,    291,    290, -1 
	   280,    292,    282, -1 
	   281,    292,    280, -1 
	   281,    290,    292, -1 
	   282,    293,    283, -1 
	   292,    293,    282, -1 
	   283,    294,    295, -1 
	   283,    295,    284, -1 
	   293,    294,    283, -1 
	   284,    295,    296, -1 
	   284,    296,    285, -1 
	   285,    296,    297, -1 
	   285,    297,    286, -1 
	   286,    297,    298, -1 
	   286,    298,    287, -1 
	   287,    298,    299, -1 
	   287,    299,    288, -1 
	   288,    299,    300, -1 
	   288,    300,    289, -1 
	   289,    300,    301, -1 
	   289,    301,    291, -1 
	   290,    291,    302, -1 
	   290,    302,    292, -1 
	   291,    301,    303, -1 
	   291,    303,    302, -1 
	   292,    302,    293, -1 
	   293,    304,    294, -1 
	   302,    304,    293, -1 
	   294,    305,    306, -1 
	   294,    306,    295, -1 
	   304,    305,    294, -1 
	   295,    306,    307, -1 
	   295,    307,    296, -1 
	   296,    307,    308, -1 
	   296,    308,    297, -1 
	   297,    308,    309, -1 
	   297,    309,    298, -1 
	   298,    309,    310, -1 
	   298,    310,    299, -1 
	   299,    310,    311, -1 
	   299,    311,    300, -1 
	   300,    311,    312, -1 
	   300,    312,    301, -1 
	   301,    312,    313, -1 
	   301,    313,    303, -1 
	   302,    303,    304, -1 
	   303,    313,    314, -1 
	   303,    314,    304, -1 
	   304,    314,    305, -1 
	   305,    315,    316, -1 
	   305,    316,    306, -1 
	   314,    315,    305, -1 
	   306,    316,    317, -1 
	   306,    317,    307, -1 
	   307,    317,    318, -1 
	   307,    318,    308, -1 
	   308,    318,    319, -1 
	   308,    319,    309, -1 
	   309,    319,    320, -1 
	   309,    320,    310, -1 
	   310,    320,    321, -1 
	   310,    321,    311, -1 
	   311,    321,    322, -1 
	   311,    322,    312, -1 
	   312,    322,    323, -1 
	   312,    323,    313, -1 
	   313,    323,    324, -1 
	   313,    324,    314, -1 
	   314,    324,    315, -1 
	   315,    325,    326, -1 
	   315,    326,    316, -1 
	   324,    325,    315, -1 
	   316,    326,    327, -1 
	   316,    327,    317, -1 
	   317,    327,    328, -1 
	   317,    328,    318, -1 
	   318,    328,    329, -1 
	   318,    329,    319, -1 
	   319,    329,    330, -1 
	   319,    330,    320, -1 
	   320,    330,    331, -1 
	   320,    331,    321, -1 
	   321,    331,    332, -1 
	   321,    332,    322, -1 
	   322,    332,    333, -1 
	   322,    333,    323, -1 
	   323,    333,    334, -1 
	   323,    334,    324, -1 
	   324,    334,    325, -1 
	   325,    335,    326, -1 
	   334,    335,    325, -1 
	   326,    335,    327, -1 
	   327,    335,    328, -1 
	   328,    335,    329, -1 
	   329,    335,    330, -1 
	   330,    335,    331, -1 
	   331,    335,    332, -1 
	   332,    335,    333, -1 
	   333,    335,    334, -1 
	   336,    337,    338, -1 
	   336,    339,    340, -1 
	   336,    340,    337, -1 
	   341,    336,    338, -1 
	   341,    339,    336, -1 
	   337,    342,    338, -1 
	   337,    340,    343, -1 
	   337,    343,    342, -1 
	   344,    341,    338, -1 
	   345,    344,    338, -1 
	   346,    345,    338, -1 
	   347,    346,    338, -1 
	   348,    347,    338, -1 
	   349,    348,    338, -1 
	   342,    349,    338, -1 
	   341,    350,    339, -1 
	   339,    351,    352, -1 
	   339,    352,    340, -1 
	   350,    351,    339, -1 
	   340,    352,    353, -1 
	   340,    353,    343, -1 
	   344,    350,    341, -1 
	   342,    343,    354, -1 
	   342,    354,    349, -1 
	   343,    353,    355, -1 
	   343,    355,    354, -1 
	   344,    356,    350, -1 
	   345,    356,    344, -1 
	   345,    357,    356, -1 
	   346,    357,    345, -1 
	   346,    358,    357, -1 
	   347,    358,    346, -1 
	   347,    359,    358, -1 
	   348,    359,    347, -1 
	   348,    360,    359, -1 
	   349,    360,    348, -1 
	   349,    354,    360, -1 
	   350,    361,    351, -1 
	   356,    361,    350, -1 
	   351,    362,    363, -1 
	   351,    363,    352, -1 
	   361,    362,    351, -1 
	   352,    363,    364, -1 
	   352,    364,    353, -1 
	   353,    364,    365, -1 
	   353,    365,    355, -1 
	   354,    355,    366, -1 
	   354,    366,    360, -1 
	   355,    365,    367, -1 
	   355,    367,    366, -1 
	   356,    368,    361, -1 
	   357,    368,    356, -1 
	   357,    369,    368, -1 
	   358,    369,    357, -1 
	   358,    370,    369, -1 
	   359,    370,    358, -1 
	   359,    371,    370, -1 
	   360,    371,    359, -1 
	   360,    366,    371, -1 
	   361,    372,    362, -1 
	   368,    372,    361, -1 
	   362,    373,    374, -1 
	   362,    374,    363, -1 
	   372,    373,    362, -1 
	   363,    374,    375, -1 
	   363,    375,    364, -1 
	   364,    375,    376, -1 
	   364,    376,    365, -1 
	   365,    376,    377, -1 
	   365,    377,    367, -1 
	   366,    367,    378, -1 
	   366,    378,    371, -1 
	   367,    377,    379, -1 
	   367,    379,    378, -1 
	   368,    380,    372, -1 
	   369,    380,    368, -1 
	   369,    381,    380, -1 
	   370,    381,    369, -1 
	   370,    382,    381, -1 
	   371,    382,    370, -1 
	   371,    378,    382, -1 
	   372,    383,    373, -1 
	   380,    383,    372, -1 
	   373,    384,    385, -1 
	   373,    385,    374, -1 
	   383,    384,    373, -1 
	   374,    385,    386, -1 
	   374,    386,    375, -1 
	   375,    386,    387, -1 
	   375,    387,    376, -1 
	   376,    387,    388, -1 
	   376,    388,    377, -1 
	   377,    388,    389, -1 
	   377,    389,    379, -1 
	   378,    379,    390, -1 
	   378,    390,    382, -1 
	   379,    389,    391, -1 
	   379,    391,    390, -1 
	   380,    392,    383, -1 
	   381,    392,    380, -1 
	   381,    393,    392, -1 
	   382,    393,    381, -1 
	   382,    390,    393, -1 
	   383,    394,    384, -1 
	   392,    394,    383, -1 
	   384,    395,    396, -1 
	   384,    396,    385, -1 
	   394,    395,    384, -1 
	   385,    396,    397, -1 
	   385,    397,    386, -1 
	   386,    397,    398, -1 
	   386,    398,    387, -1 
	   387,    398,    399, -1 
	   387,    399,    388, -1 
	   388,    399,    400, -1 
	   388,    400,    389, -1 
	   389,    400,    401, -1 
	   389,    401,    391, -1 
	   390,    391,    402, -1 
	   390,    402,    393, -1 
	   391,    401,    403, -1 
	   391,    403,    402, -1 
	   392,    404,    394, -1 
	   393,    404,    392, -1 
	   393,    402,    404, -1 
	   394,    405,    395, -1 
	   404,    405,    394, -1 
	   395,    406,    407, -1 
	   395,    407,    396, -1 
	   405,    406,    395, -1 
	   396,    407,    408, -1 
	   396,    408,    397, -1 
	   397,    408,    409, -1 
	   397,    409,    398, -1 
	   398,    409,    410, -1 
	   398,    410,    399, -1 
	   399,    410,    411, -1 
	   399,    411,    400, -1 
	   400,    411,    412, -1 
	   400,    412,    401, -1 
	   401,    412,    413, -1 
	   401,    413,    403, -1 
	   402,    403,    414, -1 
	   402,    414,    404, -1 
	   403,    413,    415, -1 
	   403,    415,    414, -1 
	   404,    414,    405, -1 
	   405,    416,    406, -1 
	   414,    416,    405, -1 
	   406,    417,    418, -1 
	   406,    418,    407, -1 
	   416,    417,    406, -1 
	   407,    418,    419, -1 
	   407,    419,    408, -1 
	   408,    419,    420, -1 
	   408,    420,    409, -1 
	   409,    420,    421, -1 
	   409,    421,    410, -1 
	   410,    421,    422, -1 
	   410,    422,    411, -1 
	   411,    422,    423, -1 
	   411,    423,    412, -1 
	   412,    423,    424, -1 
	   412,    424,    413, -1 
	   413,    424,    425, -1 
	   413,    425,    415, -1 
	   414,    415,    416, -1 
	   415,    425,    426, -1 
	   415,    426,    416, -1 
	   416,    426,    417, -1 
	   417,    427,    428, -1 
	   417,    428,    418, -1 
	   426,    427,    417, -1 
	   418,    428,    429, -1 
	   418,    429,    419, -1 
	   419,    429,    430, -1 
	   419,    430,    420, -1 
	   420,    430,    431, -1 
	   420,    431,    421, -1 
	   421,    431,    432, -1 
	   421,    432,    422, -1 
	   422,    432,    433, -1 
	   422,    433,    423, -1 
	   423,    433,    434, -1 
	   423,    434,    424, -1 
	   424,    434,    435, -1 
	   424,    435,    425, -1 
	   425,    435,    436, -1 
	   425,    436,    426, -1 
	   426,    436,    427, -1 
	   427,    437,    438, -1 
	   427,    438,    428, -1 
	   436,    437,    427, -1 
	   428,    438,    439, -1 
	   428,    439,    429, -1 
	   429,    439,    440, -1 
	   429,    440,    430, -1 
	   430,    440,    441, -1 
	   430,    441,    431, -1 
	   431,    441,    442, -1 
	   431,    442,    432, -1 
	   432,    442,    443, -1 
	   432,    443,    433, -1 
	   433,    443,    444, -1 
	   433,    444,    434, -1 
	   434,    444,    445, -1 
	   434,    445,    435, -1 
	   435,    445,    446, -1 
	   435,    446,    436, -1 
	   436,    446,    437, -1 
	   437,    447,    438, -1 
	   446,    447,    437, -1 
	   438,    447,    439, -1 
	   439,    447,    440, -1 
	   440,    447,    441, -1 
	   441,    447,    442, -1 
	   442,    447,    443, -1 
	   443,    447,    444, -1 
	   444,    447,    445, -1 
	   445,    447,    446, -1 
	   448,    449,    450, -1 
	   448,    451,    452, -1 
	   448,    452,    449, -1 
	   453,    448,    450, -1 
	   453,    451,    448, -1 
	   449,    454,    450, -1 
	   449,    452,    455, -1 
	   449,    455,    454, -1 
	   456,    453,    450, -1 
	   457,    456,    450, -1 
	   458,    457,    450, -1 
	   459,    458,    450, -1 
	   460,    459,    450, -1 
	   461,    460,    450, -1 
	   454,    461,    450, -1 
	   453,    462,    451, -1 
	   451,    463,    464, -1 
	   451,    464,    452, -1 
	   462,    463,    451, -1 
	   452,    464,    465, -1 
	   452,    465,    455, -1 
	   456,    462,    453, -1 
	   454,    455,    466, -1 
	   454,    466,    461, -1 
	   455,    465,    467, -1 
	   455,    467,    466, -1 
	   456,    468,    462, -1 
	   457,    468,    456, -1 
	   457,    469,    468, -1 
	   458,    469,    457, -1 
	   458,    470,    469, -1 
	   459,    470,    458, -1 
	   459,    471,    470, -1 
	   460,    471,    459, -1 
	   460,    472,    471, -1 
	   461,    472,    460, -1 
	   461,    466,    472, -1 
	   462,    473,    463, -1 
	   468,    473,    462, -1 
	   463,    474,    475, -1 
	   463,    475,    464, -1 
	   473,    474,    463, -1 
	   464,    475,    476, -1 
	   464,    476,    465, -1 
	   465,    476,    477, -1 
	   465,    477,    467, -1 
	   466,    467,    478, -1 
	   466,    478,    472, -1 
	   467,    477,    479, -1 
	   467,    479,    478, -1 
	   468,    480,    473, -1 
	   469,    480,    468, -1 
	   469,    481,    480, -1 
	   470,    481,    469, -1 
	   470,    482,    481, -1 
	   471,    482,    470, -1 
	   471,    483,    482, -1 
	   472,    483,    471, -1 
	   472,    478,    483, -1 
	   473,    484,    474, -1 
	   480,    484,    473, -1 
	   474,    485,    486, -1 
	   474,    486,    475, -1 
	   484,    485,    474, -1 
	   475,    486,    487, -1 
	   475,    487,    476, -1 
	   476,    487,    488, -1 
	   476,    488,    477, -1 
	   477,    488,    489, -1 
	   477,    489,    479, -1 
	   478,    479,    490, -1 
	   478,    490,    483, -1 
	   479,    489,    491, -1 
	   479,    491,    490, -1 
	   480,    492,    484, -1 
	   481,    492,    480, -1 
	   481,    493,    492, -1 
	   482,    493,    481, -1 
	   482,    494,    493, -1 
	   483,    494,    482, -1 
	   483,    490,    494, -1 
	   484,    495,    485, -1 
	   492,    495,    484, -1 
	   485,    496,    497, -1 
	   485,    497,    486, -1 
	   495,    496,    485, -1 
	   486,    497,    498, -1 
	   486,    498,    487, -1 
	   487,    498,    499, -1 
	   487,    499,    488, -1 
	   488,    499,    500, -1 
	   488,    500,    489, -1 
	   489,    500,    501, -1 
	   489,    501,    491, -1 
	   490,    491,    502, -1 
	   490,    502,    494, -1 
	   491,    501,    503, -1 
	   491,    503,    502, -1 
	   492,    504,    495, -1 
	   493,    504,    492, -1 
	   493,    505,    504, -1 
	   494,    505,    493, -1 
	   494,    502,    505, -1 
	   495,    506,    496, -1 
	   504,    506,    495, -1 
	   496,    507,    508, -1 
	   496,    508,    497, -1 
	   506,    507,    496, -1 
	   497,    508,    509, -1 
	   497,    509,    498, -1 
	   498,    509,    510, -1 
	   498,    510,    499, -1 
	   499,    510,    511, -1 
	   499,    511,    500, -1 
	   500,    511,    512, -1 
	   500,    512,    501, -1 
	   501,    512,    513, -1 
	   501,    513,    503, -1 
	   502,    503,    514, -1 
	   502,    514,    505, -1 
	   503,    513,    515, -1 
	   503,    515,    514, -1 
	   504,    516,    506, -1 
	   505,    516,    504, -1 
	   505,    514,    516, -1 
	   506,    517,    507, -1 
	   516,    517,    506, -1 
	   507,    518,    519, -1 
	   507,    519,    508, -1 
	   517,    518,    507, -1 
	   508,    519,    520, -1 
	   508,    520,    509, -1 
	   509,    520,    521, -1 
	   509,    521,    510, -1 
	   510,    521,    522, -1 
	   510,    522,    511, -1 
	   511,    522,    523, -1 
	   511,    523,    512, -1 
	   512,    523,    524, -1 
	   512,    524,    513, -1 
	   513,    524,    525, -1 
	   513,    525,    515, -1 
	   514,    515,    526, -1 
	   514,    526,    516, -1 
	   515,    525,    527, -1 
	   515,    527,    526, -1 
	   516,    526,    517, -1 
	   517,    528,    518, -1 
	   526,    528,    517, -1 
	   518,    529,    530, -1 
	   518,    530,    519, -1 
	   528,    529,    518, -1 
	   519,    530,    531, -1 
	   519,    531,    520, -1 
	   520,    531,    532, -1 
	   520,    532,    521, -1 
	   521,    532,    533, -1 
	   521,    533,    522, -1 
	   522,    533,    534, -1 
	   522,    534,    523, -1 
	   523,    534,    535, -1 
	   523,    535,    524, -1 
	   524,    535,    536, -1 
	   524,    536,    525, -1 
	   525,    536,    537, -1 
	   525,    537,    527, -1 
	   526,    527,    528, -1 
	   527,    537,    538, -1 
	   527,    538,    528, -1 
	   528,    538,    529, -1 
	   529,    539,    540, -1 
	   529,    540,    530, -1 
	   538,    539,    529, -1 
	   530,    540,    541, -1 
	   530,    541,    531, -1 
	   531,    541,    542, -1 
	   531,    542,    532, -1 
	   532,    542,    543, -1 
	   532,    543,    533, -1 
	   533,    543,    544, -1 
	   533,    544,    534, -1 
	   534,    544,    545, -1 
	   534,    545,    535, -1 
	   535,    545,    546, -1 
	   535,    546,    536, -1 
	   536,    546,    547, -1 
	   536,    547,    537, -1 
	   537,    547,    548, -1 
	   537,    548,    538, -1 
	   538,    548,    539, -1 
	   539,    549,    550, -1 
	   539,    550,    540, -1 
	   548,    549,    539, -1 
	   540,    550,    551, -1 
	   540,    551,    541, -1 
	   541,    551,    552, -1 
	   541,    552,    542, -1 
	   542,    552,    553, -1 
	   542,    553,    543, -1 
	   543,    553,    554, -1 
	   543,    554,    544, -1 
	   544,    554,    555, -1 
	   544,    555,    545, -1 
	   545,    555,    556, -1 
	   545,    556,    546, -1 
	   546,    556,    557, -1 
	   546,    557,    547, -1 
	   547,    557,    558, -1 
	   547,    558,    548, -1 
	   548,    558,    549, -1 
	   549,    559,    550, -1 
	   558,    559,    549, -1 
	   550,    559,    551, -1 
	   551,    559,    552, -1 
	   552,    559,    553, -1 
	   553,    559,    554, -1 
	   554,    559,    555, -1 
	   555,    559,    556, -1 
	   556,    559,    557, -1 
	   557,    559,    558, -1 
	   560,    561,    562, -1 
	   563,    560,    562, -1 
	   564,    565,    560, -1 
	   565,    561,    560, -1 
	   564,    560,    563, -1 
	   561,    566,    562, -1 
	   565,    567,    561, -1 
	   567,    566,    561, -1 
	   566,    568,    562, -1 
	   568,    569,    562, -1 
	   569,    563,    562, -1 
	   570,    563,    569, -1 
	   570,    564,    563, -1 
	   571,    572,    564, -1 
	   572,    565,    564, -1 
	   571,    564,    570, -1 
	   572,    573,    565, -1 
	   573,    574,    565, -1 
	   574,    567,    565, -1 
	   567,    575,    566, -1 
	   575,    568,    566, -1 
	   574,    576,    567, -1 
	   576,    577,    567, -1 
	   577,    578,    567, -1 
	   578,    575,    567, -1 
	   575,    579,    568, -1 
	   579,    580,    568, -1 
	   580,    569,    568, -1 
	   580,    570,    569, -1 
	   581,    570,    580, -1 
	   581,    571,    570, -1 
	   582,    583,    571, -1 
	   583,    572,    571, -1 
	   582,    571,    581, -1 
	   583,    573,    572, -1 
	   583,    584,    573, -1 
	   584,    574,    573, -1 
	   584,    585,    574, -1 
	   585,    576,    574, -1 
	   578,    586,    575, -1 
	   586,    579,    575, -1 
	   585,    577,    576, -1 
	   585,    587,    577, -1 
	   587,    578,    577, -1 
	   587,    588,    578, -1 
	   588,    586,    578, -1 
	   586,    589,    579, -1 
	   589,    580,    579, -1 
	   589,    590,    580, -1 
	   590,    581,    580, -1 
	   591,    581,    590, -1 
	   591,    582,    581, -1 
	   592,    583,    582, -1 
	   593,    582,    591, -1 
	   593,    592,    582, -1 
	   592,    594,    583, -1 
	   594,    584,    583, -1 
	   594,    595,    584, -1 
	   595,    585,    584, -1 
	   595,    596,    585, -1 
	   596,    587,    585, -1 
	   588,    597,    586, -1 
	   597,    589,    586, -1 
	   596,    598,    587, -1 
	   598,    588,    587, -1 
	   598,    599,    588, -1 
	   599,    597,    588, -1 
	   597,    600,    589, -1 
	   600,    601,    589, -1 
	   601,    590,    589, -1 
	   601,    602,    590, -1 
	   602,    603,    590, -1 
	   603,    591,    590, -1 
	   604,    591,    603, -1 
	   604,    593,    591, -1 
	   605,    594,    592, -1 
	   606,    592,    593, -1 
	   606,    605,    592, -1 
	   607,    593,    604, -1 
	   607,    606,    593, -1 
	   605,    608,    594, -1 
	   608,    595,    594, -1 
	   608,    609,    595, -1 
	   609,    596,    595, -1 
	   609,    598,    596, -1 
	   599,    610,    597, -1 
	   610,    600,    597, -1 
	   609,    611,    598, -1 
	   611,    599,    598, -1 
	   611,    612,    599, -1 
	   612,    610,    599, -1 
	   610,    613,    600, -1 
	   613,    601,    600, -1 
	   613,    614,    601, -1 
	   614,    602,    601, -1 
	   614,    615,    602, -1 
	   615,    616,    602, -1 
	   616,    617,    602, -1 
	   617,    603,    602, -1 
	   617,    604,    603, -1 
	   607,    604,    617, -1 
	   618,    608,    605, -1 
	   618,    605,    606, -1 
	   618,    606,    607, -1 
	   619,    607,    617, -1 
	   618,    607,    619, -1 
	   618,    609,    608, -1 
	   618,    611,    609, -1 
	   612,    613,    610, -1 
	   618,    612,    611, -1 
	   612,    614,    613, -1 
	   612,    619,    614, -1 
	   618,    619,    612, -1 
	   619,    615,    614, -1 
	   619,    616,    615, -1 
	   619,    617,    616, -1 
	   620,    621,    622, -1 
	   620,    623,    621, -1 
	   620,    624,    623, -1 
	   620,    625,    624, -1 
	   620,    626,    625, -1 
	   620,    627,    626, -1 
	   620,    628,    627, -1 
	   620,    629,    628, -1 
	   620,    630,    629, -1 
	   620,    622,    630, -1 
	   622,    621,    631, -1 
	   621,    632,    631, -1 
	   621,    623,    632, -1 
	   622,    631,    633, -1 
	   630,    622,    633, -1 
	   623,    634,    632, -1 
	   623,    624,    634, -1 
	   624,    635,    634, -1 
	   624,    625,    635, -1 
	   625,    626,    635, -1 
	   626,    636,    635, -1 
	   626,    627,    636, -1 
	   627,    637,    636, -1 
	   627,    638,    637, -1 
	   627,    628,    638, -1 
	   628,    639,    638, -1 
	   628,    629,    639, -1 
	   629,    640,    639, -1 
	   629,    641,    640, -1 
	   629,    630,    641, -1 
	   630,    633,    641, -1 
	   633,    631,    642, -1 
	   631,    643,    642, -1 
	   631,    632,    643, -1 
	   632,    644,    643, -1 
	   632,    634,    644, -1 
	   641,    633,    642, -1 
	   634,    645,    644, -1 
	   634,    635,    645, -1 
	   635,    646,    645, -1 
	   635,    647,    646, -1 
	   635,    636,    647, -1 
	   636,    648,    647, -1 
	   636,    637,    648, -1 
	   637,    649,    648, -1 
	   637,    638,    649, -1 
	   638,    650,    649, -1 
	   638,    639,    650, -1 
	   639,    651,    650, -1 
	   639,    640,    651, -1 
	   640,    652,    651, -1 
	   640,    641,    652, -1 
	   641,    642,    652, -1 
	   642,    653,    654, -1 
	   642,    643,    653, -1 
	   652,    642,    654, -1 
	   643,    655,    653, -1 
	   643,    644,    655, -1 
	   644,    656,    655, -1 
	   644,    645,    656, -1 
	   645,    646,    656, -1 
	   646,    657,    656, -1 
	   646,    647,    657, -1 
	   647,    658,    657, -1 
	   647,    648,    658, -1 
	   648,    649,    658, -1 
	   649,    659,    658, -1 
	   649,    650,    659, -1 
	   650,    651,    659, -1 
	   651,    660,    659, -1 
	   651,    652,    660, -1 
	   652,    654,    660, -1 
	   654,    653,    661, -1 
	   653,    655,    661, -1 
	   660,    654,    661, -1 
	   655,    656,    661, -1 
	   656,    657,    661, -1 
	   657,    658,    661, -1 
	   658,    659,    661, -1 
	   659,    660,    661, -1 
	   662,    663,    664, -1 
	   662,    665,    663, -1 
	   662,    666,    665, -1 
	   662,    667,    666, -1 
	   662,    668,    667, -1 
	   662,    669,    668, -1 
	   662,    670,    669, -1 
	   662,    671,    670, -1 
	   662,    672,    671, -1 
	   662,    673,    672, -1 
	   662,    674,    673, -1 
	   662,    664,    674, -1 
	   664,    663,    675, -1 
	   663,    676,    675, -1 
	   663,    665,    676, -1 
	   674,    664,    677, -1 
	   664,    675,    677, -1 
	   665,    678,    676, -1 
	   665,    679,    678, -1 
	   665,    666,    679, -1 
	   666,    680,    679, -1 
	   666,    667,    680, -1 
	   667,    681,    680, -1 
	   667,    668,    681, -1 
	   668,    682,    681, -1 
	   668,    683,    682, -1 
	   668,    669,    683, -1 
	   669,    684,    683, -1 
	   669,    670,    684, -1 
	   670,    685,    684, -1 
	   670,    671,    685, -1 
	   671,    686,    685, -1 
	   671,    672,    686, -1 
	   672,    687,    686, -1 
	   672,    673,    687, -1 
	   673,    677,    687, -1 
	   673,    674,    677, -1 
	   675,    688,    689, -1 
	   675,    676,    688, -1 
	   677,    675,    689, -1 
	   676,    690,    688, -1 
	   676,    678,    690, -1 
	   687,    677,    691, -1 
	   677,    689,    691, -1 
	   678,    692,    690, -1 
	   678,    679,    692, -1 
	   679,    680,    692, -1 
	   680,    693,    692, -1 
	   680,    681,    693, -1 
	   681,    694,    693, -1 
	   681,    682,    694, -1 
	   682,    695,    694, -1 
	   682,    683,    695, -1 
	   683,    696,    695, -1 
	   683,    684,    696, -1 
	   684,    697,    696, -1 
	   684,    685,    697, -1 
	   685,    698,    697, -1 
	   685,    686,    698, -1 
	   686,    687,    698, -1 
	   687,    691,    698, -1 
	   689,    688,    699, -1 
	   688,    700,    699, -1 
	   688,    690,    700, -1 
	   691,    689,    699, -1 
	   690,    692,    700, -1 
	   698,    691,    701, -1 
	   691,    702,    701, -1 
	   691,    699,    702, -1 
	   692,    703,    700, -1 
	   692,    693,    703, -1 
	   693,    704,    703, -1 
	   693,    694,    704, -1 
	   694,    695,    704, -1 
	   695,    705,    704, -1 
	   695,    696,    705, -1 
	   696,    706,    705, -1 
	   696,    697,    706, -1 
	   697,    701,    706, -1 
	   697,    698,    701, -1 
	   699,    700,    707, -1 
	   702,    699,    707, -1 
	   700,    703,    707, -1 
	   706,    701,    707, -1 
	   701,    702,    707, -1 
	   703,    704,    707, -1 
	   704,    705,    707, -1 
	   705,    706,    707, -1 
	   708,    709,    710, -1 
	   708,    711,    709, -1 
	   708,    712,    711, -1 
	   712,    708,    713, -1 
	   708,    710,    713, -1 
	   710,    709,    714, -1 
	   709,    715,    714, -1 
	   709,    711,    715, -1 
	   713,    710,    716, -1 
	   710,    717,    716, -1 
	   710,    714,    717, -1 
	   712,    718,    711, -1 
	   711,    719,    715, -1 
	   711,    720,    719, -1 
	   711,    721,    720, -1 
	   711,    718,    721, -1 
	   712,    722,    718, -1 
	   712,    713,    722, -1 
	   722,    713,    723, -1 
	   713,    716,    723, -1 
	   714,    724,    725, -1 
	   714,    726,    724, -1 
	   714,    715,    726, -1 
	   717,    714,    725, -1 
	   715,    727,    726, -1 
	   715,    719,    727, -1 
	   723,    716,    728, -1 
	   716,    729,    728, -1 
	   716,    730,    729, -1 
	   716,    717,    730, -1 
	   717,    725,    730, -1 
	   718,    731,    721, -1 
	   718,    732,    731, -1 
	   718,    733,    732, -1 
	   718,    722,    733, -1 
	   719,    734,    727, -1 
	   719,    720,    734, -1 
	   720,    735,    734, -1 
	   720,    721,    735, -1 
	   721,    731,    735, -1 
	   722,    736,    733, -1 
	   722,    723,    736, -1 
	   736,    723,    737, -1 
	   723,    728,    737, -1 
	   725,    724,    738, -1 
	   724,    739,    738, -1 
	   724,    726,    739, -1 
	   730,    725,    740, -1 
	   725,    738,    740, -1 
	   726,    741,    739, -1 
	   726,    727,    741, -1 
	   727,    742,    741, -1 
	   727,    734,    742, -1 
	   737,    728,    743, -1 
	   728,    744,    743, -1 
	   728,    729,    744, -1 
	   729,    745,    744, -1 
	   729,    730,    745, -1 
	   730,    740,    745, -1 
	   731,    746,    735, -1 
	   731,    732,    746, -1 
	   732,    733,    746, -1 
	   733,    747,    746, -1 
	   733,    736,    747, -1 
	   734,    748,    742, -1 
	   734,    735,    748, -1 
	   735,    749,    748, -1 
	   735,    746,    749, -1 
	   736,    750,    747, -1 
	   736,    737,    750, -1 
	   750,    737,    751, -1 
	   737,    743,    751, -1 
	   738,    752,    753, -1 
	   738,    739,    752, -1 
	   740,    738,    753, -1 
	   739,    741,    752, -1 
	   745,    740,    754, -1 
	   740,    755,    754, -1 
	   740,    753,    755, -1 
	   741,    756,    752, -1 
	   741,    742,    756, -1 
	   742,    757,    756, -1 
	   742,    748,    757, -1 
	   751,    743,    758, -1 
	   743,    759,    758, -1 
	   743,    744,    759, -1 
	   744,    760,    759, -1 
	   744,    745,    760, -1 
	   745,    754,    760, -1 
	   746,    761,    749, -1 
	   746,    762,    761, -1 
	   746,    747,    762, -1 
	   747,    763,    762, -1 
	   747,    750,    763, -1 
	   748,    764,    757, -1 
	   748,    749,    764, -1 
	   749,    765,    764, -1 
	   749,    761,    765, -1 
	   750,    751,    763, -1 
	   763,    751,    766, -1 
	   751,    758,    766, -1 
	   753,    752,    767, -1 
	   752,    756,    767, -1 
	   755,    753,    767, -1 
	   760,    754,    767, -1 
	   754,    755,    767, -1 
	   756,    757,    767, -1 
	   757,    764,    767, -1 
	   766,    758,    767, -1 
	   758,    759,    767, -1 
	   759,    760,    767, -1 
	   761,    768,    765, -1 
	   761,    762,    768, -1 
	   762,    766,    768, -1 
	   762,    763,    766, -1 
	   764,    765,    767, -1 
	   765,    768,    767, -1 
	   768,    766,    767, -1 
	   769,    770,    771, -1 
	   769,    772,    770, -1 
	   769,    773,    772, -1 
	   769,    774,    773, -1 
	   769,    775,    774, -1 
	   769,    776,    775, -1 
	   769,    777,    776, -1 
	   769,    771,    777, -1 
	   771,    770,    778, -1 
	   770,    779,    778, -1 
	   770,    780,    779, -1 
	   770,    772,    780, -1 
	   771,    778,    781, -1 
	   777,    771,    782, -1 
	   771,    781,    782, -1 
	   772,    783,    780, -1 
	   772,    784,    783, -1 
	   772,    785,    784, -1 
	   772,    773,    785, -1 
	   773,    786,    785, -1 
	   773,    774,    786, -1 
	   774,    787,    786, -1 
	   774,    775,    787, -1 
	   775,    788,    787, -1 
	   775,    776,    788, -1 
	   776,    789,    788, -1 
	   776,    777,    789, -1 
	   777,    782,    789, -1 
	   781,    778,    790, -1 
	   778,    791,    790, -1 
	   778,    779,    791, -1 
	   779,    792,    791, -1 
	   779,    793,    792, -1 
	   779,    780,    793, -1 
	   780,    783,    793, -1 
	   781,    790,    794, -1 
	   782,    781,    794, -1 
	   789,    782,    795, -1 
	   782,    796,    795, -1 
	   782,    794,    796, -1 
	   783,    797,    793, -1 
	   783,    798,    797, -1 
	   783,    784,    798, -1 
	   784,    785,    798, -1 
	   785,    799,    798, -1 
	   785,    786,    799, -1 
	   786,    800,    799, -1 
	   786,    801,    800, -1 
	   786,    787,    801, -1 
	   787,    802,    801, -1 
	   787,    788,    802, -1 
	   788,    803,    802, -1 
	   788,    789,    803, -1 
	   789,    795,    803, -1 
	   794,    790,    804, -1 
	   790,    805,    804, -1 
	   790,    791,    805, -1 
	   791,    806,    805, -1 
	   791,    792,    806, -1 
	   792,    807,    806, -1 
	   792,    793,    807, -1 
	   793,    808,    807, -1 
	   793,    797,    808, -1 
	   796,    794,    804, -1 
	   803,    795,    809, -1 
	   795,    810,    809, -1 
	   795,    796,    810, -1 
	   796,    804,    810, -1 
	   797,    798,    808, -1 
	   798,    811,    808, -1 
	   798,    799,    811, -1 
	   799,    812,    811, -1 
	   799,    800,    812, -1 
	   800,    813,    812, -1 
	   800,    801,    813, -1 
	   801,    802,    813, -1 
	   802,    814,    813, -1 
	   802,    803,    814, -1 
	   803,    809,    814, -1 
	   804,    815,    816, -1 
	   804,    805,    815, -1 
	   810,    804,    816, -1 
	   805,    817,    815, -1 
	   805,    806,    817, -1 
	   806,    807,    817, -1 
	   807,    818,    817, -1 
	   807,    808,    818, -1 
	   808,    819,    818, -1 
	   808,    811,    819, -1 
	   814,    809,    820, -1 
	   809,    821,    820, -1 
	   809,    810,    821, -1 
	   810,    822,    821, -1 
	   810,    816,    822, -1 
	   811,    823,    819, -1 
	   811,    824,    823, -1 
	   811,    812,    824, -1 
	   812,    813,    824, -1 
	   813,    820,    824, -1 
	   813,    814,    820, -1 
	   816,    815,    825, -1 
	   815,    826,    825, -1 
	   815,    817,    826, -1 
	   822,    816,    827, -1 
	   816,    825,    827, -1 
	   817,    828,    826, -1 
	   817,    818,    828, -1 
	   818,    819,    828, -1 
	   819,    829,    828, -1 
	   819,    823,    829, -1 
	   824,    820,    830, -1 
	   820,    821,    830, -1 
	   821,    822,    830, -1 
	   822,    827,    830, -1 
	   823,    824,    829, -1 
	   824,    830,    829, -1 
	   825,    826,    831, -1 
	   827,    825,    831, -1 
	   826,    828,    831, -1 
	   830,    827,    831, -1 
	   828,    829,    831, -1 
	   829,    830,    831, -1 
	   832,    833,    834, -1 
	   835,    832,    834, -1 
	   836,    837,    832, -1 
	   837,    833,    832, -1 
	   838,    832,    835, -1 
	   838,    836,    832, -1 
	   833,    839,    834, -1 
	   837,    840,    833, -1 
	   840,    841,    833, -1 
	   841,    839,    833, -1 
	   839,    842,    834, -1 
	   842,    843,    834, -1 
	   843,    844,    834, -1 
	   844,    835,    834, -1 
	   845,    835,    844, -1 
	   845,    838,    835, -1 
	   846,    837,    836, -1 
	   846,    836,    838, -1 
	   846,    847,    837, -1 
	   847,    848,    837, -1 
	   848,    840,    837, -1 
	   849,    838,    845, -1 
	   849,    846,    838, -1 
	   841,    850,    839, -1 
	   850,    851,    839, -1 
	   851,    842,    839, -1 
	   848,    852,    840, -1 
	   852,    853,    840, -1 
	   853,    841,    840, -1 
	   853,    854,    841, -1 
	   854,    850,    841, -1 
	   851,    855,    842, -1 
	   855,    856,    842, -1 
	   856,    843,    842, -1 
	   856,    857,    843, -1 
	   857,    858,    843, -1 
	   858,    844,    843, -1 
	   858,    859,    844, -1 
	   859,    845,    844, -1 
	   860,    845,    859, -1 
	   860,    861,    845, -1 
	   861,    849,    845, -1 
	   862,    847,    846, -1 
	   863,    846,    849, -1 
	   863,    862,    846, -1 
	   862,    864,    847, -1 
	   864,    848,    847, -1 
	   864,    852,    848, -1 
	   865,    849,    861, -1 
	   865,    863,    849, -1 
	   854,    866,    850, -1 
	   866,    867,    850, -1 
	   867,    851,    850, -1 
	   867,    868,    851, -1 
	   868,    855,    851, -1 
	   864,    869,    852, -1 
	   869,    853,    852, -1 
	   869,    870,    853, -1 
	   870,    854,    853, -1 
	   870,    866,    854, -1 
	   868,    871,    855, -1 
	   871,    856,    855, -1 
	   871,    872,    856, -1 
	   872,    857,    856, -1 
	   872,    873,    857, -1 
	   873,    874,    857, -1 
	   874,    858,    857, -1 
	   874,    875,    858, -1 
	   875,    876,    858, -1 
	   876,    859,    858, -1 
	   876,    877,    859, -1 
	   877,    860,    859, -1 
	   878,    860,    877, -1 
	   878,    865,    860, -1 
	   865,    861,    860, -1 
	   879,    880,    862, -1 
	   880,    864,    862, -1 
	   881,    862,    863, -1 
	   881,    879,    862, -1 
	   882,    863,    865, -1 
	   882,    881,    863, -1 
	   880,    883,    864, -1 
	   883,    869,    864, -1 
	   882,    865,    878, -1 
	   870,    884,    866, -1 
	   884,    867,    866, -1 
	   884,    885,    867, -1 
	   885,    868,    867, -1 
	   885,    886,    868, -1 
	   886,    887,    868, -1 
	   887,    871,    868, -1 
	   883,    888,    869, -1 
	   888,    889,    869, -1 
	   889,    870,    869, -1 
	   889,    890,    870, -1 
	   890,    884,    870, -1 
	   887,    891,    871, -1 
	   891,    872,    871, -1 
	   891,    892,    872, -1 
	   892,    873,    872, -1 
	   892,    874,    873, -1 
	   892,    893,    874, -1 
	   893,    875,    874, -1 
	   893,    876,    875, -1 
	   893,    894,    876, -1 
	   894,    895,    876, -1 
	   895,    896,    876, -1 
	   896,    877,    876, -1 
	   896,    878,    877, -1 
	   897,    878,    896, -1 
	   897,    882,    878, -1 
	   898,    880,    879, -1 
	   899,    879,    881, -1 
	   899,    898,    879, -1 
	   898,    900,    880, -1 
	   900,    901,    880, -1 
	   901,    883,    880, -1 
	   899,    881,    882, -1 
	   902,    882,    897, -1 
	   902,    899,    882, -1 
	   901,    903,    883, -1 
	   903,    888,    883, -1 
	   890,    904,    884, -1 
	   904,    885,    884, -1 
	   904,    886,    885, -1 
	   904,    905,    886, -1 
	   905,    906,    886, -1 
	   906,    887,    886, -1 
	   906,    891,    887, -1 
	   903,    907,    888, -1 
	   907,    889,    888, -1 
	   907,    908,    889, -1 
	   908,    890,    889, -1 
	   908,    909,    890, -1 
	   909,    910,    890, -1 
	   910,    904,    890, -1 
	   906,    911,    891, -1 
	   911,    892,    891, -1 
	   911,    893,    892, -1 
	   911,    912,    893, -1 
	   912,    913,    893, -1 
	   913,    894,    893, -1 
	   913,    914,    894, -1 
	   914,    915,    894, -1 
	   915,    895,    894, -1 
	   915,    896,    895, -1 
	   915,    897,    896, -1 
	   916,    897,    915, -1 
	   916,    917,    897, -1 
	   917,    902,    897, -1 
	   918,    900,    898, -1 
	   919,    898,    899, -1 
	   919,    918,    898, -1 
	   920,    899,    902, -1 
	   920,    919,    899, -1 
	   918,    921,    900, -1 
	   921,    901,    900, -1 
	   921,    922,    901, -1 
	   922,    903,    901, -1 
	   923,    902,    917, -1 
	   923,    920,    902, -1 
	   922,    924,    903, -1 
	   924,    907,    903, -1 
	   910,    925,    904, -1 
	   925,    905,    904, -1 
	   925,    926,    905, -1 
	   926,    906,    905, -1 
	   926,    927,    906, -1 
	   927,    911,    906, -1 
	   924,    928,    907, -1 
	   928,    929,    907, -1 
	   929,    908,    907, -1 
	   929,    930,    908, -1 
	   930,    931,    908, -1 
	   931,    909,    908, -1 
	   931,    932,    909, -1 
	   932,    933,    909, -1 
	   933,    910,    909, -1 
	   933,    925,    910, -1 
	   927,    934,    911, -1 
	   934,    935,    911, -1 
	   935,    912,    911, -1 
	   935,    936,    912, -1 
	   936,    913,    912, -1 
	   936,    916,    913, -1 
	   916,    914,    913, -1 
	   916,    915,    914, -1 
	   937,    916,    936, -1 
	   937,    938,    916, -1 
	   938,    917,    916, -1 
	   938,    923,    917, -1 
	   939,    940,    918, -1 
	   940,    941,    918, -1 
	   941,    942,    918, -1 
	   942,    921,    918, -1 
	   939,    918,    919, -1 
	   939,    919,    920, -1 
	   943,    920,    923, -1 
	   943,    939,    920, -1 
	   942,    922,    921, -1 
	   942,    944,    922, -1 
	   944,    945,    922, -1 
	   945,    924,    922, -1 
	   946,    923,    938, -1 
	   946,    943,    923, -1 
	   945,    947,    924, -1 
	   947,    928,    924, -1 
	   933,    926,    925, -1 
	   933,    948,    926, -1 
	   948,    927,    926, -1 
	   948,    949,    927, -1 
	   949,    950,    927, -1 
	   950,    934,    927, -1 
	   951,    928,    947, -1 
	   951,    952,    928, -1 
	   952,    929,    928, -1 
	   952,    930,    929, -1 
	   952,    953,    930, -1 
	   953,    931,    930, -1 
	   953,    954,    931, -1 
	   954,    955,    931, -1 
	   955,    932,    931, -1 
	   955,    956,    932, -1 
	   956,    933,    932, -1 
	   956,    957,    933, -1 
	   957,    948,    933, -1 
	   950,    958,    934, -1 
	   958,    935,    934, -1 
	   958,    959,    935, -1 
	   959,    936,    935, -1 
	   959,    937,    936, -1 
	   960,    937,    959, -1 
	   960,    961,    937, -1 
	   961,    938,    937, -1 
	   961,    962,    938, -1 
	   962,    946,    938, -1 
	   963,    964,    939, -1 
	   964,    965,    939, -1 
	   965,    940,    939, -1 
	   966,    939,    943, -1 
	   966,    963,    939, -1 
	   965,    941,    940, -1 
	   965,    942,    941, -1 
	   965,    967,    942, -1 
	   967,    968,    942, -1 
	   968,    944,    942, -1 
	   969,    943,    946, -1 
	   969,    970,    943, -1 
	   970,    966,    943, -1 
	   968,    945,    944, -1 
	   968,    971,    945, -1 
	   971,    947,    945, -1 
	   969,    946,    962, -1 
	   971,    951,    947, -1 
	   957,    949,    948, -1 
	   957,    950,    949, -1 
	   957,    972,    950, -1 
	   972,    973,    950, -1 
	   973,    958,    950, -1 
	   971,    952,    951, -1 
	   971,    974,    952, -1 
	   974,    953,    952, -1 
	   974,    975,    953, -1 
	   975,    976,    953, -1 
	   976,    954,    953, -1 
	   976,    955,    954, -1 
	   976,    977,    955, -1 
	   977,    956,    955, -1 
	   977,    978,    956, -1 
	   978,    957,    956, -1 
	   978,    972,    957, -1 
	   973,    979,    958, -1 
	   979,    959,    958, -1 
	   979,    960,    959, -1 
	   980,    960,    979, -1 
	   980,    981,    960, -1 
	   981,    982,    960, -1 
	   982,    961,    960, -1 
	   982,    969,    961, -1 
	   969,    962,    961, -1 
	   983,    964,    963, -1 
	   983,    963,    966, -1 
	   983,    984,    964, -1 
	   984,    965,    964, -1 
	   984,    967,    965, -1 
	   983,    966,    970, -1 
	   984,    985,    967, -1 
	   985,    968,    967, -1 
	   985,    986,    968, -1 
	   986,    971,    968, -1 
	   987,    969,    982, -1 
	   987,    988,    969, -1 
	   988,    989,    969, -1 
	   989,    970,    969, -1 
	   989,    983,    970, -1 
	   986,    974,    971, -1 
	   978,    973,    972, -1 
	   978,    990,    973, -1 
	   990,    979,    973, -1 
	   986,    975,    974, -1 
	   986,    991,    975, -1 
	   991,    976,    975, -1 
	   991,    977,    976, -1 
	   991,    992,    977, -1 
	   992,    978,    977, -1 
	   993,    978,    992, -1 
	   993,    994,    978, -1 
	   994,    995,    978, -1 
	   995,    996,    978, -1 
	   996,    990,    978, -1 
	   990,    980,    979, -1 
	   987,    980,    990, -1 
	   987,    981,    980, -1 
	   987,    982,    981, -1 
	   997,    998,    983, -1 
	   998,    984,    983, -1 
	   983,    989,    997, -1 
	   998,    985,    984, -1 
	   998,    986,    985, -1 
	   998,    999,    986, -1 
	   999,    991,    986, -1 
	   996,    987,    990, -1 
	   997,    987,    996, -1 
	   997,    988,    987, -1 
	   997,    989,    988, -1 
	   999,    992,    991, -1 
	   999,    993,    992, -1 
	   999,    994,    993, -1 
	   999,    995,    994, -1 
	   999,    996,    995, -1 
	   999,    997,    996, -1 
	   999,    998,    997, -1 
	  1000,   1001,   1002, -1 
	  1000,   1002,   1003, -1 
	  1000,   1004,   1001, -1 
	  1000,   1003,   1005, -1 
	  1000,   1005,   1006, -1 
	  1000,   1006,   1007, -1 
	  1000,   1007,   1008, -1 
	  1000,   1008,   1009, -1 
	  1000,   1009,   1010, -1 
	  1000,   1010,   1004, -1 
	  1001,   1011,   1002, -1 
	  1012,   1011,   1001, -1 
	  1004,   1012,   1001, -1 
	  1011,   1013,   1002, -1 
	  1002,   1013,   1003, -1 
	  1013,   1014,   1003, -1 
	  1003,   1014,   1005, -1 
	  1015,   1012,   1004, -1 
	  1010,   1015,   1004, -1 
	  1014,   1016,   1005, -1 
	  1005,   1016,   1006, -1 
	  1016,   1017,   1006, -1 
	  1006,   1017,   1007, -1 
	  1017,   1018,   1007, -1 
	  1007,   1018,   1008, -1 
	  1018,   1019,   1008, -1 
	  1008,   1019,   1009, -1 
	  1019,   1020,   1009, -1 
	  1009,   1020,   1010, -1 
	  1020,   1015,   1010, -1 
	  1011,   1021,   1013, -1 
	  1022,   1021,   1011, -1 
	  1012,   1022,   1011, -1 
	  1023,   1022,   1012, -1 
	  1015,   1023,   1012, -1 
	  1021,   1024,   1013, -1 
	  1013,   1024,   1014, -1 
	  1024,   1025,   1014, -1 
	  1014,   1025,   1016, -1 
	  1026,   1023,   1015, -1 
	  1020,   1026,   1015, -1 
	  1025,   1027,   1016, -1 
	  1016,   1027,   1017, -1 
	  1027,   1028,   1017, -1 
	  1017,   1028,   1018, -1 
	  1028,   1029,   1018, -1 
	  1018,   1029,   1019, -1 
	  1029,   1030,   1019, -1 
	  1019,   1030,   1020, -1 
	  1030,   1026,   1020, -1 
	  1021,   1031,   1024, -1 
	  1032,   1031,   1021, -1 
	  1022,   1032,   1021, -1 
	  1033,   1032,   1022, -1 
	  1023,   1033,   1022, -1 
	  1034,   1033,   1023, -1 
	  1026,   1034,   1023, -1 
	  1031,   1035,   1024, -1 
	  1024,   1035,   1025, -1 
	  1035,   1036,   1025, -1 
	  1027,   1025,   1036, -1 
	  1037,   1034,   1026, -1 
	  1030,   1037,   1026, -1 
	  1027,   1036,   1038, -1 
	  1027,   1038,   1028, -1 
	  1038,   1039,   1028, -1 
	  1028,   1039,   1029, -1 
	  1039,   1040,   1029, -1 
	  1029,   1040,   1030, -1 
	  1040,   1037,   1030, -1 
	  1031,   1041,   1035, -1 
	  1042,   1041,   1031, -1 
	  1032,   1042,   1031, -1 
	  1043,   1042,   1032, -1 
	  1033,   1043,   1032, -1 
	  1044,   1043,   1033, -1 
	  1034,   1044,   1033, -1 
	  1045,   1044,   1034, -1 
	  1037,   1045,   1034, -1 
	  1041,   1046,   1035, -1 
	  1035,   1046,   1036, -1 
	  1046,   1047,   1036, -1 
	  1036,   1047,   1038, -1 
	  1048,   1045,   1037, -1 
	  1040,   1048,   1037, -1 
	  1047,   1049,   1038, -1 
	  1038,   1049,   1039, -1 
	  1049,   1050,   1039, -1 
	  1039,   1050,   1040, -1 
	  1050,   1048,   1040, -1 
	  1041,   1051,   1046, -1 
	  1052,   1051,   1041, -1 
	  1042,   1052,   1041, -1 
	  1053,   1052,   1042, -1 
	  1043,   1053,   1042, -1 
	  1054,   1053,   1043, -1 
	  1044,   1054,   1043, -1 
	  1055,   1054,   1044, -1 
	  1045,   1055,   1044, -1 
	  1056,   1055,   1045, -1 
	  1048,   1056,   1045, -1 
	  1051,   1057,   1046, -1 
	  1046,   1057,   1047, -1 
	  1057,   1058,   1047, -1 
	  1047,   1058,   1049, -1 
	  1059,   1056,   1048, -1 
	  1050,   1059,   1048, -1 
	  1058,   1060,   1049, -1 
	  1049,   1060,   1050, -1 
	  1060,   1059,   1050, -1 
	  1051,   1061,   1057, -1 
	  1062,   1061,   1051, -1 
	  1052,   1062,   1051, -1 
	  1063,   1062,   1052, -1 
	  1053,   1063,   1052, -1 
	  1064,   1063,   1053, -1 
	  1054,   1064,   1053, -1 
	  1065,   1064,   1054, -1 
	  1055,   1065,   1054, -1 
	  1066,   1065,   1055, -1 
	  1056,   1066,   1055, -1 
	  1067,   1066,   1056, -1 
	  1059,   1067,   1056, -1 
	  1061,   1068,   1057, -1 
	  1057,   1068,   1058, -1 
	  1068,   1069,   1058, -1 
	  1058,   1069,   1060, -1 
	  1070,   1067,   1059, -1 
	  1060,   1070,   1059, -1 
	  1069,   1070,   1060, -1 
	  1061,   1071,   1068, -1 
	  1072,   1071,   1061, -1 
	  1062,   1072,   1061, -1 
	  1073,   1072,   1062, -1 
	  1063,   1073,   1062, -1 
	  1074,   1073,   1063, -1 
	  1064,   1074,   1063, -1 
	  1075,   1074,   1064, -1 
	  1065,   1075,   1064, -1 
	  1076,   1075,   1065, -1 
	  1066,   1076,   1065, -1 
	  1077,   1076,   1066, -1 
	  1067,   1077,   1066, -1 
	  1078,   1077,   1067, -1 
	  1070,   1078,   1067, -1 
	  1071,   1079,   1068, -1 
	  1068,   1079,   1069, -1 
	  1079,   1080,   1069, -1 
	  1069,   1080,   1070, -1 
	  1080,   1078,   1070, -1 
	  1071,   1081,   1079, -1 
	  1082,   1081,   1071, -1 
	  1072,   1082,   1071, -1 
	  1083,   1082,   1072, -1 
	  1073,   1083,   1072, -1 
	  1084,   1083,   1073, -1 
	  1074,   1084,   1073, -1 
	  1085,   1084,   1074, -1 
	  1075,   1085,   1074, -1 
	  1086,   1085,   1075, -1 
	  1076,   1086,   1075, -1 
	  1087,   1086,   1076, -1 
	  1077,   1087,   1076, -1 
	  1088,   1087,   1077, -1 
	  1078,   1088,   1077, -1 
	  1089,   1088,   1078, -1 
	  1080,   1089,   1078, -1 
	  1081,   1090,   1079, -1 
	  1079,   1090,   1080, -1 
	  1090,   1089,   1080, -1 
	  1081,   1091,   1090, -1 
	  1092,   1091,   1081, -1 
	  1082,   1092,   1081, -1 
	  1093,   1092,   1082, -1 
	  1083,   1093,   1082, -1 
	  1094,   1093,   1083, -1 
	  1084,   1094,   1083, -1 
	  1095,   1094,   1084, -1 
	  1085,   1095,   1084, -1 
	  1096,   1095,   1085, -1 
	  1086,   1096,   1085, -1 
	  1097,   1096,   1086, -1 
	  1087,   1097,   1086, -1 
	  1098,   1097,   1087, -1 
	  1088,   1098,   1087, -1 
	  1099,   1098,   1088, -1 
	  1089,   1099,   1088, -1 
	  1090,   1100,   1089, -1 
	  1100,   1099,   1089, -1 
	  1091,   1100,   1090, -1 
	  1091,   1101,   1100, -1 
	  1102,   1101,   1091, -1 
	  1092,   1102,   1091, -1 
	  1103,   1102,   1092, -1 
	  1093,   1103,   1092, -1 
	  1104,   1103,   1093, -1 
	  1094,   1104,   1093, -1 
	  1105,   1104,   1094, -1 
	  1095,   1105,   1094, -1 
	  1106,   1105,   1095, -1 
	  1096,   1106,   1095, -1 
	  1107,   1106,   1096, -1 
	  1097,   1107,   1096, -1 
	  1108,   1107,   1097, -1 
	  1098,   1108,   1097, -1 
	  1109,   1108,   1098, -1 
	  1099,   1109,   1098, -1 
	  1100,   1110,   1099, -1 
	  1110,   1109,   1099, -1 
	  1101,   1110,   1100, -1 
	  1101,   1111,   1110, -1 
	  1102,   1111,   1101, -1 
	  1103,   1111,   1102, -1 
	  1104,   1111,   1103, -1 
	  1105,   1111,   1104, -1 
	  1106,   1111,   1105, -1 
	  1107,   1111,   1106, -1 
	  1108,   1111,   1107, -1 
	  1109,   1111,   1108, -1 
	  1110,   1111,   1109, -1 
	  1112,   1113,   1114, -1 
	  1112,   1114,   1115, -1 
	  1112,   1116,   1113, -1 
	  1112,   1115,   1117, -1 
	  1112,   1117,   1118, -1 
	  1112,   1118,   1119, -1 
	  1112,   1119,   1120, -1 
	  1112,   1120,   1121, -1 
	  1112,   1121,   1122, -1 
	  1112,   1122,   1116, -1 
	  1113,   1123,   1114, -1 
	  1124,   1123,   1113, -1 
	  1116,   1124,   1113, -1 
	  1123,   1125,   1114, -1 
	  1114,   1125,   1115, -1 
	  1125,   1126,   1115, -1 
	  1115,   1126,   1117, -1 
	  1127,   1124,   1116, -1 
	  1122,   1127,   1116, -1 
	  1126,   1128,   1117, -1 
	  1117,   1128,   1118, -1 
	  1128,   1129,   1118, -1 
	  1118,   1129,   1119, -1 
	  1129,   1130,   1119, -1 
	  1119,   1130,   1120, -1 
	  1130,   1131,   1120, -1 
	  1120,   1131,   1121, -1 
	  1131,   1132,   1121, -1 
	  1121,   1132,   1122, -1 
	  1132,   1127,   1122, -1 
	  1123,   1133,   1125, -1 
	  1134,   1133,   1123, -1 
	  1124,   1134,   1123, -1 
	  1135,   1134,   1124, -1 
	  1127,   1135,   1124, -1 
	  1133,   1136,   1125, -1 
	  1125,   1136,   1126, -1 
	  1136,   1137,   1126, -1 
	  1126,   1137,   1128, -1 
	  1138,   1135,   1127, -1 
	  1132,   1138,   1127, -1 
	  1137,   1139,   1128, -1 
	  1128,   1139,   1129, -1 
	  1139,   1140,   1129, -1 
	  1129,   1140,   1130, -1 
	  1140,   1141,   1130, -1 
	  1130,   1141,   1131, -1 
	  1141,   1142,   1131, -1 
	  1131,   1142,   1132, -1 
	  1142,   1138,   1132, -1 
	  1133,   1143,   1136, -1 
	  1144,   1143,   1133, -1 
	  1134,   1144,   1133, -1 
	  1145,   1144,   1134, -1 
	  1135,   1145,   1134, -1 
	  1146,   1145,   1135, -1 
	  1138,   1146,   1135, -1 
	  1143,   1147,   1136, -1 
	  1136,   1147,   1137, -1 
	  1147,   1148,   1137, -1 
	  1137,   1148,   1139, -1 
	  1149,   1146,   1138, -1 
	  1142,   1149,   1138, -1 
	  1148,   1150,   1139, -1 
	  1139,   1150,   1140, -1 
	  1150,   1151,   1140, -1 
	  1140,   1151,   1141, -1 
	  1151,   1152,   1141, -1 
	  1141,   1152,   1142, -1 
	  1152,   1149,   1142, -1 
	  1143,   1153,   1147, -1 
	  1154,   1153,   1143, -1 
	  1144,   1154,   1143, -1 
	  1155,   1154,   1144, -1 
	  1145,   1155,   1144, -1 
	  1156,   1155,   1145, -1 
	  1146,   1156,   1145, -1 
	  1157,   1156,   1146, -1 
	  1149,   1157,   1146, -1 
	  1153,   1158,   1147, -1 
	  1147,   1158,   1148, -1 
	  1158,   1159,   1148, -1 
	  1148,   1159,   1150, -1 
	  1160,   1157,   1149, -1 
	  1152,   1160,   1149, -1 
	  1159,   1161,   1150, -1 
	  1150,   1161,   1151, -1 
	  1161,   1162,   1151, -1 
	  1151,   1162,   1152, -1 
	  1162,   1160,   1152, -1 
	  1153,   1163,   1158, -1 
	  1164,   1163,   1153, -1 
	  1154,   1164,   1153, -1 
	  1165,   1164,   1154, -1 
	  1155,   1165,   1154, -1 
	  1166,   1165,   1155, -1 
	  1156,   1166,   1155, -1 
	  1167,   1166,   1156, -1 
	  1157,   1167,   1156, -1 
	  1168,   1167,   1157, -1 
	  1160,   1168,   1157, -1 
	  1163,   1169,   1158, -1 
	  1158,   1169,   1159, -1 
	  1169,   1170,   1159, -1 
	  1159,   1170,   1161, -1 
	  1171,   1168,   1160, -1 
	  1162,   1171,   1160, -1 
	  1170,   1172,   1161, -1 
	  1161,   1172,   1162, -1 
	  1172,   1171,   1162, -1 
	  1163,   1173,   1169, -1 
	  1174,   1173,   1163, -1 
	  1164,   1174,   1163, -1 
	  1175,   1174,   1164, -1 
	  1165,   1175,   1164, -1 
	  1176,   1175,   1165, -1 
	  1166,   1176,   1165, -1 
	  1177,   1176,   1166, -1 
	  1167,   1177,   1166, -1 
	  1178,   1177,   1167, -1 
	  1168,   1178,   1167, -1 
	  1179,   1178,   1168, -1 
	  1171,   1179,   1168, -1 
	  1173,   1180,   1169, -1 
	  1169,   1180,   1170, -1 
	  1180,   1181,   1170, -1 
	  1170,   1181,   1172, -1 
	  1182,   1179,   1171, -1 
	  1172,   1182,   1171, -1 
	  1181,   1182,   1172, -1 
	  1173,   1183,   1180, -1 
	  1184,   1183,   1173, -1 
	  1174,   1184,   1173, -1 
	  1185,   1184,   1174, -1 
	  1175,   1185,   1174, -1 
	  1186,   1185,   1175, -1 
	  1176,   1186,   1175, -1 
	  1187,   1186,   1176, -1 
	  1177,   1187,   1176, -1 
	  1188,   1187,   1177, -1 
	  1178,   1188,   1177, -1 
	  1189,   1188,   1178, -1 
	  1179,   1189,   1178, -1 
	  1190,   1189,   1179, -1 
	  1182,   1190,   1179, -1 
	  1183,   1191,   1180, -1 
	  1180,   1191,   1181, -1 
	  1191,   1192,   1181, -1 
	  1181,   1192,   1182, -1 
	  1192,   1190,   1182, -1 
	  1183,   1193,   1191, -1 
	  1194,   1193,   1183, -1 
	  1184,   1194,   1183, -1 
	  1195,   1194,   1184, -1 
	  1185,   1195,   1184, -1 
	  1196,   1195,   1185, -1 
	  1186,   1196,   1185, -1 
	  1197,   1196,   1186, -1 
	  1187,   1197,   1186, -1 
	  1198,   1197,   1187, -1 
	  1188,   1198,   1187, -1 
	  1199,   1198,   1188, -1 
	  1189,   1199,   1188, -1 
	  1200,   1199,   1189, -1 
	  1190,   1200,   1189, -1 
	  1201,   1200,   1190, -1 
	  1192,   1201,   1190, -1 
	  1193,   1202,   1191, -1 
	  1191,   1202,   1192, -1 
	  1202,   1201,   1192, -1 
	  1193,   1203,   1202, -1 
	  1204,   1203,   1193, -1 
	  1194,   1204,   1193, -1 
	  1205,   1204,   1194, -1 
	  1195,   1205,   1194, -1 
	  1206,   1205,   1195, -1 
	  1196,   1206,   1195, -1 
	  1207,   1206,   1196, -1 
	  1197,   1207,   1196, -1 
	  1208,   1207,   1197, -1 
	  1198,   1208,   1197, -1 
	  1209,   1208,   1198, -1 
	  1199,   1209,   1198, -1 
	  1210,   1209,   1199, -1 
	  1200,   1210,   1199, -1 
	  1211,   1210,   1200, -1 
	  1201,   1211,   1200, -1 
	  1202,   1212,   1201, -1 
	  1212,   1211,   1201, -1 
	  1203,   1212,   1202, -1 
	  1203,   1213,   1212, -1 
	  1214,   1213,   1203, -1 
	  1204,   1214,   1203, -1 
	  1215,   1214,   1204, -1 
	  1205,   1215,   1204, -1 
	  1216,   1215,   1205, -1 
	  1206,   1216,   1205, -1 
	  1217,   1216,   1206, -1 
	  1207,   1217,   1206, -1 
	  1218,   1217,   1207, -1 
	  1208,   1218,   1207, -1 
	  1219,   1218,   1208, -1 
	  1209,   1219,   1208, -1 
	  1220,   1219,   1209, -1 
	  1210,   1220,   1209, -1 
	  1221,   1220,   1210, -1 
	  1211,   1221,   1210, -1 
	  1212,   1222,   1211, -1 
	  1222,   1221,   1211, -1 
	  1213,   1222,   1212, -1 
	  1213,   1223,   1222, -1 
	  1214,   1223,   1213, -1 
	  1215,   1223,   1214, -1 
	  1216,   1223,   1215, -1 
	  1217,   1223,   1216, -1 
	  1218,   1223,   1217, -1 
	  1219,   1223,   1218, -1 
	  1220,   1223,   1219, -1 
	  1221,   1223,   1220, -1 
	  1222,   1223,   1221, -1 
	  1224,   1225,   1226, -1 
	  1224,   1226,   1227, -1 
	  1224,   1228,   1225, -1 
	  1224,   1227,   1229, -1 
	  1224,   1229,   1230, -1 
	  1224,   1230,   1231, -1 
	  1224,   1231,   1232, -1 
	  1224,   1232,   1233, -1 
	  1224,   1233,   1234, -1 
	  1224,   1234,   1228, -1 
	  1225,   1235,   1226, -1 
	  1236,   1235,   1225, -1 
	  1228,   1236,   1225, -1 
	  1235,   1237,   1226, -1 
	  1226,   1237,   1227, -1 
	  1237,   1238,   1227, -1 
	  1227,   1238,   1229, -1 
	  1239,   1236,   1228, -1 
	  1234,   1239,   1228, -1 
	  1238,   1240,   1229, -1 
	  1229,   1240,   1230, -1 
	  1240,   1241,   1230, -1 
	  1230,   1241,   1231, -1 
	  1241,   1242,   1231, -1 
	  1231,   1242,   1232, -1 
	  1242,   1243,   1232, -1 
	  1232,   1243,   1233, -1 
	  1243,   1244,   1233, -1 
	  1233,   1244,   1234, -1 
	  1244,   1239,   1234, -1 
	  1235,   1245,   1237, -1 
	  1246,   1245,   1235, -1 
	  1236,   1246,   1235, -1 
	  1247,   1246,   1236, -1 
	  1239,   1247,   1236, -1 
	  1245,   1248,   1237, -1 
	  1237,   1248,   1238, -1 
	  1248,   1249,   1238, -1 
	  1238,   1249,   1240, -1 
	  1250,   1247,   1239, -1 
	  1244,   1250,   1239, -1 
	  1249,   1251,   1240, -1 
	  1240,   1251,   1241, -1 
	  1251,   1252,   1241, -1 
	  1241,   1252,   1242, -1 
	  1252,   1253,   1242, -1 
	  1242,   1253,   1243, -1 
	  1253,   1254,   1243, -1 
	  1243,   1254,   1244, -1 
	  1254,   1250,   1244, -1 
	  1245,   1255,   1248, -1 
	  1256,   1255,   1245, -1 
	  1246,   1256,   1245, -1 
	  1257,   1256,   1246, -1 
	  1247,   1257,   1246, -1 
	  1258,   1257,   1247, -1 
	  1250,   1258,   1247, -1 
	  1255,   1259,   1248, -1 
	  1248,   1259,   1249, -1 
	  1259,   1260,   1249, -1 
	  1249,   1260,   1251, -1 
	  1261,   1258,   1250, -1 
	  1254,   1261,   1250, -1 
	  1260,   1262,   1251, -1 
	  1251,   1262,   1252, -1 
	  1262,   1263,   1252, -1 
	  1252,   1263,   1253, -1 
	  1263,   1264,   1253, -1 
	  1253,   1264,   1254, -1 
	  1264,   1261,   1254, -1 
	  1255,   1265,   1259, -1 
	  1266,   1265,   1255, -1 
	  1256,   1266,   1255, -1 
	  1267,   1266,   1256, -1 
	  1257,   1267,   1256, -1 
	  1268,   1267,   1257, -1 
	  1258,   1268,   1257, -1 
	  1269,   1268,   1258, -1 
	  1261,   1269,   1258, -1 
	  1265,   1270,   1259, -1 
	  1259,   1270,   1260, -1 
	  1270,   1271,   1260, -1 
	  1260,   1271,   1262, -1 
	  1272,   1269,   1261, -1 
	  1264,   1272,   1261, -1 
	  1271,   1273,   1262, -1 
	  1262,   1273,   1263, -1 
	  1273,   1274,   1263, -1 
	  1263,   1274,   1264, -1 
	  1274,   1272,   1264, -1 
	  1265,   1275,   1270, -1 
	  1276,   1275,   1265, -1 
	  1266,   1276,   1265, -1 
	  1277,   1276,   1266, -1 
	  1267,   1277,   1266, -1 
	  1278,   1277,   1267, -1 
	  1268,   1278,   1267, -1 
	  1279,   1278,   1268, -1 
	  1269,   1279,   1268, -1 
	  1280,   1279,   1269, -1 
	  1272,   1280,   1269, -1 
	  1275,   1281,   1270, -1 
	  1270,   1281,   1271, -1 
	  1281,   1282,   1271, -1 
	  1271,   1282,   1273, -1 
	  1283,   1280,   1272, -1 
	  1274,   1283,   1272, -1 
	  1282,   1284,   1273, -1 
	  1273,   1284,   1274, -1 
	  1284,   1283,   1274, -1 
	  1275,   1285,   1281, -1 
	  1286,   1285,   1275, -1 
	  1276,   1286,   1275, -1 
	  1287,   1286,   1276, -1 
	  1277,   1287,   1276, -1 
	  1288,   1287,   1277, -1 
	  1278,   1288,   1277, -1 
	  1289,   1288,   1278, -1 
	  1279,   1289,   1278, -1 
	  1290,   1289,   1279, -1 
	  1280,   1290,   1279, -1 
	  1291,   1290,   1280, -1 
	  1283,   1291,   1280, -1 
	  1285,   1292,   1281, -1 
	  1281,   1292,   1282, -1 
	  1292,   1293,   1282, -1 
	  1282,   1293,   1284, -1 
	  1294,   1291,   1283, -1 
	  1284,   1294,   1283, -1 
	  1293,   1294,   1284, -1 
	  1285,   1295,   1292, -1 
	  1296,   1295,   1285, -1 
	  1286,   1296,   1285, -1 
	  1297,   1296,   1286, -1 
	  1287,   1297,   1286, -1 
	  1298,   1297,   1287, -1 
	  1288,   1298,   1287, -1 
	  1299,   1298,   1288, -1 
	  1289,   1299,   1288, -1 
	  1300,   1299,   1289, -1 
	  1290,   1300,   1289, -1 
	  1301,   1300,   1290, -1 
	  1291,   1301,   1290, -1 
	  1302,   1301,   1291, -1 
	  1294,   1302,   1291, -1 
	  1295,   1303,   1292, -1 
	  1292,   1303,   1293, -1 
	  1303,   1304,   1293, -1 
	  1293,   1304,   1294, -1 
	  1304,   1302,   1294, -1 
	  1295,   1305,   1303, -1 
	  1306,   1305,   1295, -1 
	  1296,   1306,   1295, -1 
	  1307,   1306,   1296, -1 
	  1297,   1307,   1296, -1 
	  1308,   1307,   1297, -1 
	  1298,   1308,   1297, -1 
	  1309,   1308,   1298, -1 
	  1299,   1309,   1298, -1 
	  1310,   1309,   1299, -1 
	  1300,   1310,   1299, -1 
	  1311,   1310,   1300, -1 
	  1301,   1311,   1300, -1 
	  1312,   1311,   1301, -1 
	  1302,   1312,   1301, -1 
	  1313,   1312,   1302, -1 
	  1304,   1313,   1302, -1 
	  1305,   1314,   1303, -1 
	  1303,   1314,   1304, -1 
	  1314,   1313,   1304, -1 
	  1305,   1315,   1314, -1 
	  1316,   1315,   1305, -1 
	  1306,   1316,   1305, -1 
	  1317,   1316,   1306, -1 
	  1307,   1317,   1306, -1 
	  1318,   1317,   1307, -1 
	  1308,   1318,   1307, -1 
	  1319,   1318,   1308, -1 
	  1309,   1319,   1308, -1 
	  1320,   1319,   1309, -1 
	  1310,   1320,   1309, -1 
	  1321,   1320,   1310, -1 
	  1311,   1321,   1310, -1 
	  1322,   1321,   1311, -1 
	  1312,   1322,   1311, -1 
	  1323,   1322,   1312, -1 
	  1313,   1323,   1312, -1 
	  1314,   1324,   1313, -1 
	  1324,   1323,   1313, -1 
	  1315,   1324,   1314, -1 
	  1315,   1325,   1324, -1 
	  1326,   1325,   1315, -1 
	  1316,   1326,   1315, -1 
	  1327,   1326,   1316, -1 
	  1317,   1327,   1316, -1 
	  1328,   1327,   1317, -1 
	  1318,   1328,   1317, -1 
	  1329,   1328,   1318, -1 
	  1319,   1329,   1318, -1 
	  1330,   1329,   1319, -1 
	  1320,   1330,   1319, -1 
	  1331,   1330,   1320, -1 
	  1321,   1331,   1320, -1 
	  1332,   1331,   1321, -1 
	  1322,   1332,   1321, -1 
	  1333,   1332,   1322, -1 
	  1323,   1333,   1322, -1 
	  1324,   1334,   1323, -1 
	  1334,   1333,   1323, -1 
	  1325,   1334,   1324, -1 
	  1325,   1335,   1334, -1 
	  1326,   1335,   1325, -1 
	  1327,   1335,   1326, -1 
	  1328,   1335,   1327, -1 
	  1329,   1335,   1328, -1 
	  1330,   1335,   1329, -1 
	  1331,   1335,   1330, -1 
	  1332,   1335,   1331, -1 
	  1333,   1335,   1332, -1 
	  1334,   1335,   1333, -1 
	  1336,   1337,   1338, -1 
	  1336,   1338,   1339, -1 
	  1336,   1340,   1337, -1 
	  1336,   1339,   1341, -1 
	  1336,   1341,   1342, -1 
	  1336,   1342,   1343, -1 
	  1336,   1343,   1344, -1 
	  1336,   1344,   1345, -1 
	  1336,   1345,   1346, -1 
	  1336,   1346,   1340, -1 
	  1337,   1347,   1338, -1 
	  1348,   1347,   1337, -1 
	  1340,   1348,   1337, -1 
	  1347,   1349,   1338, -1 
	  1338,   1349,   1339, -1 
	  1349,   1350,   1339, -1 
	  1339,   1350,   1341, -1 
	  1351,   1348,   1340, -1 
	  1346,   1351,   1340, -1 
	  1350,   1352,   1341, -1 
	  1341,   1352,   1342, -1 
	  1352,   1353,   1342, -1 
	  1342,   1353,   1343, -1 
	  1353,   1354,   1343, -1 
	  1343,   1354,   1344, -1 
	  1354,   1355,   1344, -1 
	  1344,   1355,   1345, -1 
	  1355,   1356,   1345, -1 
	  1345,   1356,   1346, -1 
	  1356,   1351,   1346, -1 
	  1347,   1357,   1349, -1 
	  1358,   1357,   1347, -1 
	  1348,   1358,   1347, -1 
	  1359,   1358,   1348, -1 
	  1351,   1359,   1348, -1 
	  1357,   1360,   1349, -1 
	  1349,   1360,   1350, -1 
	  1360,   1361,   1350, -1 
	  1350,   1361,   1352, -1 
	  1362,   1359,   1351, -1 
	  1356,   1362,   1351, -1 
	  1361,   1363,   1352, -1 
	  1352,   1363,   1353, -1 
	  1363,   1364,   1353, -1 
	  1353,   1364,   1354, -1 
	  1364,   1365,   1354, -1 
	  1354,   1365,   1355, -1 
	  1365,   1366,   1355, -1 
	  1355,   1366,   1356, -1 
	  1366,   1362,   1356, -1 
	  1357,   1367,   1360, -1 
	  1368,   1367,   1357, -1 
	  1358,   1368,   1357, -1 
	  1369,   1368,   1358, -1 
	  1359,   1369,   1358, -1 
	  1370,   1369,   1359, -1 
	  1362,   1370,   1359, -1 
	  1367,   1371,   1360, -1 
	  1360,   1371,   1361, -1 
	  1371,   1372,   1361, -1 
	  1361,   1372,   1363, -1 
	  1373,   1370,   1362, -1 
	  1366,   1373,   1362, -1 
	  1372,   1374,   1363, -1 
	  1363,   1374,   1364, -1 
	  1374,   1375,   1364, -1 
	  1364,   1375,   1365, -1 
	  1375,   1376,   1365, -1 
	  1365,   1376,   1366, -1 
	  1376,   1373,   1366, -1 
	  1367,   1377,   1371, -1 
	  1378,   1377,   1367, -1 
	  1368,   1378,   1367, -1 
	  1379,   1378,   1368, -1 
	  1369,   1379,   1368, -1 
	  1380,   1379,   1369, -1 
	  1370,   1380,   1369, -1 
	  1381,   1380,   1370, -1 
	  1373,   1381,   1370, -1 
	  1377,   1382,   1371, -1 
	  1371,   1382,   1372, -1 
	  1382,   1383,   1372, -1 
	  1372,   1383,   1374, -1 
	  1384,   1381,   1373, -1 
	  1376,   1384,   1373, -1 
	  1383,   1385,   1374, -1 
	  1374,   1385,   1375, -1 
	  1385,   1386,   1375, -1 
	  1375,   1386,   1376, -1 
	  1386,   1384,   1376, -1 
	  1377,   1387,   1382, -1 
	  1388,   1387,   1377, -1 
	  1378,   1388,   1377, -1 
	  1389,   1388,   1378, -1 
	  1379,   1389,   1378, -1 
	  1390,   1389,   1379, -1 
	  1380,   1390,   1379, -1 
	  1391,   1390,   1380, -1 
	  1381,   1391,   1380, -1 
	  1392,   1391,   1381, -1 
	  1384,   1392,   1381, -1 
	  1387,   1393,   1382, -1 
	  1382,   1393,   1383, -1 
	  1393,   1394,   1383, -1 
	  1383,   1394,   1385, -1 
	  1395,   1392,   1384, -1 
	  1386,   1395,   1384, -1 
	  1394,   1396,   1385, -1 
	  1385,   1396,   1386, -1 
	  1396,   1395,   1386, -1 
	  1387,   1397,   1393, -1 
	  1398,   1397,   1387, -1 
	  1388,   1398,   1387, -1 
	  1399,   1398,   1388, -1 
	  1389,   1399,   1388, -1 
	  1400,   1399,   1389, -1 
	  1390,   1400,   1389, -1 
	  1401,   1400,   1390, -1 
	  1391,   1401,   1390, -1 
	  1402,   1401,   1391, -1 
	  1392,   1402,   1391, -1 
	  1403,   1402,   1392, -1 
	  1395,   1403,   1392, -1 
	  1397,   1404,   1393, -1 
	  1393,   1404,   1394, -1 
	  1404,   1405,   1394, -1 
	  1394,   1405,   1396, -1 
	  1406,   1403,   1395, -1 
	  1396,   1406,   1395, -1 
	  1405,   1406,   1396, -1 
	  1397,   1407,   1404, -1 
	  1408,   1407,   1397, -1 
	  1398,   1408,   1397, -1 
	  1409,   1408,   1398, -1 
	  1399,   1409,   1398, -1 
	  1410,   1409,   1399, -1 
	  1400,   1410,   1399, -1 
	  1411,   1410,   1400, -1 
	  1401,   1411,   1400, -1 
	  1412,   1411,   1401, -1 
	  1402,   1412,   1401, -1 
	  1413,   1412,   1402, -1 
	  1403,   1413,   1402, -1 
	  1414,   1413,   1403, -1 
	  1406,   1414,   1403, -1 
	  1407,   1415,   1404, -1 
	  1404,   1415,   1405, -1 
	  1415,   1416,   1405, -1 
	  1405,   1416,   1406, -1 
	  1416,   1414,   1406, -1 
	  1407,   1417,   1415, -1 
	  1418,   1417,   1407, -1 
	  1408,   1418,   1407, -1 
	  1419,   1418,   1408, -1 
	  1409,   1419,   1408, -1 
	  1420,   1419,   1409, -1 
	  1410,   1420,   1409, -1 
	  1421,   1420,   1410, -1 
	  1411,   1421,   1410, -1 
	  1422,   1421,   1411, -1 
	  1412,   1422,   1411, -1 
	  1423,   1422,   1412, -1 
	  1413,   1423,   1412, -1 
	  1424,   1423,   1413, -1 
	  1414,   1424,   1413, -1 
	  1425,   1424,   1414, -1 
	  1416,   1425,   1414, -1 
	  1417,   1426,   1415, -1 
	  1415,   1426,   1416, -1 
	  1426,   1425,   1416, -1 
	  1417,   1427,   1426, -1 
	  1428,   1427,   1417, -1 
	  1418,   1428,   1417, -1 
	  1429,   1428,   1418, -1 
	  1419,   1429,   1418, -1 
	  1430,   1429,   1419, -1 
	  1420,   1430,   1419, -1 
	  1431,   1430,   1420, -1 
	  1421,   1431,   1420, -1 
	  1432,   1431,   1421, -1 
	  1422,   1432,   1421, -1 
	  1433,   1432,   1422, -1 
	  1423,   1433,   1422, -1 
	  1434,   1433,   1423, -1 
	  1424,   1434,   1423, -1 
	  1435,   1434,   1424, -1 
	  1425,   1435,   1424, -1 
	  1426,   1436,   1425, -1 
	  1436,   1435,   1425, -1 
	  1427,   1436,   1426, -1 
	  1427,   1437,   1436, -1 
	  1438,   1437,   1427, -1 
	  1428,   1438,   1427, -1 
	  1439,   1438,   1428, -1 
	  1429,   1439,   1428, -1 
	  1440,   1439,   1429, -1 
	  1430,   1440,   1429, -1 
	  1441,   1440,   1430, -1 
	  1431,   1441,   1430, -1 
	  1442,   1441,   1431, -1 
	  1432,   1442,   1431, -1 
	  1443,   1442,   1432, -1 
	  1433,   1443,   1432, -1 
	  1444,   1443,   1433, -1 
	  1434,   1444,   1433, -1 
	  1445,   1444,   1434, -1 
	  1435,   1445,   1434, -1 
	  1436,   1446,   1435, -1 
	  1446,   1445,   1435, -1 
	  1437,   1446,   1436, -1 
	  1437,   1447,   1446, -1 
	  1438,   1447,   1437, -1 
	  1439,   1447,   1438, -1 
	  1440,   1447,   1439, -1 
	  1441,   1447,   1440, -1 
	  1442,   1447,   1441, -1 
	  1443,   1447,   1442, -1 
	  1444,   1447,   1443, -1 
	  1445,   1447,   1444, -1 
	  1446,   1447,   1445, -1 
	  1448,   1449,   1450, -1 
	  1448,   1450,   1451, -1 
	  1448,   1452,   1449, -1 
	  1448,   1451,   1453, -1 
	  1448,   1453,   1454, -1 
	  1448,   1454,   1455, -1 
	  1448,   1455,   1456, -1 
	  1448,   1456,   1457, -1 
	  1448,   1457,   1458, -1 
	  1448,   1458,   1452, -1 
	  1449,   1459,   1450, -1 
	  1460,   1459,   1449, -1 
	  1452,   1460,   1449, -1 
	  1459,   1461,   1450, -1 
	  1450,   1461,   1451, -1 
	  1461,   1462,   1451, -1 
	  1451,   1462,   1453, -1 
	  1463,   1460,   1452, -1 
	  1458,   1463,   1452, -1 
	  1462,   1464,   1453, -1 
	  1453,   1464,   1454, -1 
	  1464,   1465,   1454, -1 
	  1454,   1465,   1455, -1 
	  1465,   1466,   1455, -1 
	  1455,   1466,   1456, -1 
	  1466,   1467,   1456, -1 
	  1456,   1467,   1457, -1 
	  1467,   1468,   1457, -1 
	  1457,   1468,   1458, -1 
	  1468,   1463,   1458, -1 
	  1459,   1469,   1461, -1 
	  1470,   1469,   1459, -1 
	  1460,   1470,   1459, -1 
	  1471,   1470,   1460, -1 
	  1463,   1471,   1460, -1 
	  1469,   1472,   1461, -1 
	  1461,   1472,   1462, -1 
	  1472,   1473,   1462, -1 
	  1462,   1473,   1464, -1 
	  1474,   1471,   1463, -1 
	  1468,   1474,   1463, -1 
	  1473,   1475,   1464, -1 
	  1464,   1475,   1465, -1 
	  1475,   1476,   1465, -1 
	  1465,   1476,   1466, -1 
	  1476,   1477,   1466, -1 
	  1466,   1477,   1467, -1 
	  1477,   1478,   1467, -1 
	  1467,   1478,   1468, -1 
	  1478,   1474,   1468, -1 
	  1469,   1479,   1472, -1 
	  1480,   1479,   1469, -1 
	  1470,   1480,   1469, -1 
	  1481,   1480,   1470, -1 
	  1471,   1481,   1470, -1 
	  1482,   1481,   1471, -1 
	  1474,   1482,   1471, -1 
	  1479,   1483,   1472, -1 
	  1472,   1483,   1473, -1 
	  1483,   1484,   1473, -1 
	  1473,   1484,   1475, -1 
	  1485,   1482,   1474, -1 
	  1478,   1485,   1474, -1 
	  1484,   1486,   1475, -1 
	  1475,   1486,   1476, -1 
	  1486,   1487,   1476, -1 
	  1476,   1487,   1477, -1 
	  1487,   1488,   1477, -1 
	  1477,   1488,   1478, -1 
	  1488,   1485,   1478, -1 
	  1479,   1489,   1483, -1 
	  1490,   1489,   1479, -1 
	  1480,   1490,   1479, -1 
	  1491,   1490,   1480, -1 
	  1481,   1491,   1480, -1 
	  1492,   1491,   1481, -1 
	  1482,   1492,   1481, -1 
	  1493,   1492,   1482, -1 
	  1485,   1493,   1482, -1 
	  1489,   1494,   1483, -1 
	  1483,   1494,   1484, -1 
	  1494,   1495,   1484, -1 
	  1484,   1495,   1486, -1 
	  1496,   1493,   1485, -1 
	  1488,   1496,   1485, -1 
	  1495,   1497,   1486, -1 
	  1486,   1497,   1487, -1 
	  1497,   1498,   1487, -1 
	  1487,   1498,   1488, -1 
	  1498,   1496,   1488, -1 
	  1489,   1499,   1494, -1 
	  1500,   1499,   1489, -1 
	  1490,   1500,   1489, -1 
	  1501,   1500,   1490, -1 
	  1491,   1501,   1490, -1 
	  1502,   1501,   1491, -1 
	  1492,   1502,   1491, -1 
	  1503,   1502,   1492, -1 
	  1493,   1503,   1492, -1 
	  1504,   1503,   1493, -1 
	  1496,   1504,   1493, -1 
	  1499,   1505,   1494, -1 
	  1494,   1505,   1495, -1 
	  1505,   1506,   1495, -1 
	  1495,   1506,   1497, -1 
	  1507,   1504,   1496, -1 
	  1498,   1507,   1496, -1 
	  1506,   1508,   1497, -1 
	  1497,   1508,   1498, -1 
	  1508,   1507,   1498, -1 
	  1499,   1509,   1505, -1 
	  1510,   1509,   1499, -1 
	  1500,   1510,   1499, -1 
	  1511,   1510,   1500, -1 
	  1501,   1511,   1500, -1 
	  1512,   1511,   1501, -1 
	  1502,   1512,   1501, -1 
	  1513,   1512,   1502, -1 
	  1503,   1513,   1502, -1 
	  1514,   1513,   1503, -1 
	  1504,   1514,   1503, -1 
	  1515,   1514,   1504, -1 
	  1507,   1515,   1504, -1 
	  1509,   1516,   1505, -1 
	  1505,   1516,   1506, -1 
	  1516,   1517,   1506, -1 
	  1506,   1517,   1508, -1 
	  1518,   1515,   1507, -1 
	  1508,   1518,   1507, -1 
	  1517,   1518,   1508, -1 
	  1509,   1519,   1516, -1 
	  1520,   1519,   1509, -1 
	  1510,   1520,   1509, -1 
	  1521,   1520,   1510, -1 
	  1511,   1521,   1510, -1 
	  1522,   1521,   1511, -1 
	  1512,   1522,   1511, -1 
	  1523,   1522,   1512, -1 
	  1513,   1523,   1512, -1 
	  1524,   1523,   1513, -1 
	  1514,   1524,   1513, -1 
	  1525,   1524,   1514, -1 
	  1515,   1525,   1514, -1 
	  1526,   1525,   1515, -1 
	  1518,   1526,   1515, -1 
	  1519,   1527,   1516, -1 
	  1516,   1527,   1517, -1 
	  1527,   1528,   1517, -1 
	  1517,   1528,   1518, -1 
	  1528,   1526,   1518, -1 
	  1519,   1529,   1527, -1 
	  1530,   1529,   1519, -1 
	  1520,   1530,   1519, -1 
	  1531,   1530,   1520, -1 
	  1521,   1531,   1520, -1 
	  1532,   1531,   1521, -1 
	  1522,   1532,   1521, -1 
	  1533,   1532,   1522, -1 
	  1523,   1533,   1522, -1 
	  1534,   1533,   1523, -1 
	  1524,   1534,   1523, -1 
	  1535,   1534,   1524, -1 
	  1525,   1535,   1524, -1 
	  1536,   1535,   1525, -1 
	  1526,   1536,   1525, -1 
	  1537,   1536,   1526, -1 
	  1528,   1537,   1526, -1 
	  1529,   1538,   1527, -1 
	  1527,   1538,   1528, -1 
	  1538,   1537,   1528, -1 
	  1529,   1539,   1538, -1 
	  1540,   1539,   1529, -1 
	  1530,   1540,   1529, -1 
	  1541,   1540,   1530, -1 
	  1531,   1541,   1530, -1 
	  1542,   1541,   1531, -1 
	  1532,   1542,   1531, -1 
	  1543,   1542,   1532, -1 
	  1533,   1543,   1532, -1 
	  1544,   1543,   1533, -1 
	  1534,   1544,   1533, -1 
	  1545,   1544,   1534, -1 
	  1535,   1545,   1534, -1 
	  1546,   1545,   1535, -1 
	  1536,   1546,   1535, -1 
	  1547,   1546,   1536, -1 
	  1537,   1547,   1536, -1 
	  1538,   1548,   1537, -1 
	  1548,   1547,   1537, -1 
	  1539,   1548,   1538, -1 
	  1539,   1549,   1548, -1 
	  1550,   1549,   1539, -1 
	  1540,   1550,   1539, -1 
	  1551,   1550,   1540, -1 
	  1541,   1551,   1540, -1 
	  1552,   1551,   1541, -1 
	  1542,   1552,   1541, -1 
	  1553,   1552,   1542, -1 
	  1543,   1553,   1542, -1 
	  1554,   1553,   1543, -1 
	  1544,   1554,   1543, -1 
	  1555,   1554,   1544, -1 
	  1545,   1555,   1544, -1 
	  1556,   1555,   1545, -1 
	  1546,   1556,   1545, -1 
	  1557,   1556,   1546, -1 
	  1547,   1557,   1546, -1 
	  1548,   1558,   1547, -1 
	  1558,   1557,   1547, -1 
	  1549,   1558,   1548, -1 
	  1549,   1559,   1558, -1 
	  1550,   1559,   1549, -1 
	  1551,   1559,   1550, -1 
	  1552,   1559,   1551, -1 
	  1553,   1559,   1552, -1 
	  1554,   1559,   1553, -1 
	  1555,   1559,   1554, -1 
	  1556,   1559,   1555, -1 
	  1557,   1559,   1556, -1 
	  1558,   1559,   1557, -1 
	  1560,   1561,   1562, -1 
	  1560,   1562,   1563, -1 
	  1560,   1564,   1561, -1 
	  1560,   1565,   1564, -1 
	  1560,   1566,   1565, -1 
	  1560,   1563,   1566, -1 
	  1562,   1561,   1567, -1 
	  1561,   1568,   1567, -1 
	  1561,   1564,   1568, -1 
	  1562,   1567,   1569, -1 
	  1563,   1562,   1569, -1 
	  1566,   1563,   1570, -1 
	  1563,   1569,   1570, -1 
	  1564,   1571,   1568, -1 
	  1564,   1565,   1571, -1 
	  1565,   1572,   1571, -1 
	  1565,   1573,   1572, -1 
	  1565,   1566,   1573, -1 
	  1566,   1570,   1573, -1 
	  1569,   1567,   1574, -1 
	  1567,   1575,   1574, -1 
	  1567,   1576,   1575, -1 
	  1567,   1568,   1576, -1 
	  1568,   1577,   1576, -1 
	  1568,   1578,   1577, -1 
	  1568,   1579,   1578, -1 
	  1568,   1571,   1579, -1 
	  1569,   1574,   1580, -1 
	  1570,   1569,   1580, -1 
	  1573,   1570,   1581, -1 
	  1570,   1580,   1581, -1 
	  1571,   1582,   1579, -1 
	  1571,   1572,   1582, -1 
	  1572,   1583,   1582, -1 
	  1572,   1573,   1583, -1 
	  1573,   1584,   1583, -1 
	  1573,   1581,   1584, -1 
	  1580,   1574,   1585, -1 
	  1574,   1575,   1585, -1 
	  1575,   1586,   1585, -1 
	  1575,   1576,   1586, -1 
	  1576,   1587,   1586, -1 
	  1576,   1577,   1587, -1 
	  1577,   1578,   1587, -1 
	  1578,   1588,   1587, -1 
	  1578,   1579,   1588, -1 
	  1579,   1589,   1588, -1 
	  1579,   1582,   1589, -1 
	  1580,   1585,   1590, -1 
	  1581,   1580,   1590, -1 
	  1584,   1581,   1591, -1 
	  1581,   1590,   1591, -1 
	  1582,   1592,   1589, -1 
	  1582,   1583,   1592, -1 
	  1583,   1593,   1592, -1 
	  1583,   1594,   1593, -1 
	  1583,   1584,   1594, -1 
	  1584,   1595,   1594, -1 
	  1584,   1596,   1595, -1 
	  1584,   1591,   1596, -1 
	  1590,   1585,   1597, -1 
	  1585,   1598,   1597, -1 
	  1585,   1586,   1598, -1 
	  1586,   1599,   1598, -1 
	  1586,   1587,   1599, -1 
	  1587,   1600,   1599, -1 
	  1587,   1588,   1600, -1 
	  1588,   1601,   1600, -1 
	  1588,   1589,   1601, -1 
	  1589,   1602,   1601, -1 
	  1589,   1592,   1602, -1 
	  1591,   1590,   1603, -1 
	  1590,   1597,   1603, -1 
	  1596,   1591,   1604, -1 
	  1591,   1603,   1604, -1 
	  1592,   1605,   1602, -1 
	  1592,   1593,   1605, -1 
	  1593,   1606,   1605, -1 
	  1593,   1594,   1606, -1 
	  1594,   1607,   1606, -1 
	  1594,   1595,   1607, -1 
	  1595,   1608,   1607, -1 
	  1595,   1609,   1608, -1 
	  1595,   1610,   1609, -1 
	  1595,   1596,   1610, -1 
	  1596,   1604,   1610, -1 
	  1597,   1598,   1611, -1 
	  1603,   1597,   1612, -1 
	  1597,   1611,   1612, -1 
	  1598,   1613,   1611, -1 
	  1598,   1599,   1613, -1 
	  1599,   1614,   1613, -1 
	  1599,   1600,   1614, -1 
	  1600,   1601,   1614, -1 
	  1601,   1615,   1614, -1 
	  1601,   1602,   1615, -1 
	  1602,   1616,   1615, -1 
	  1602,   1605,   1616, -1 
	  1604,   1603,   1617, -1 
	  1603,   1612,   1617, -1 
	  1610,   1604,   1617, -1 
	  1605,   1606,   1616, -1 
	  1606,   1607,   1616, -1 
	  1607,   1618,   1616, -1 
	  1607,   1608,   1618, -1 
	  1608,   1609,   1618, -1 
	  1609,   1610,   1618, -1 
	  1610,   1617,   1618, -1 
	  1611,   1613,   1619, -1 
	  1612,   1611,   1619, -1 
	  1617,   1612,   1619, -1 
	  1613,   1614,   1619, -1 
	  1614,   1615,   1619, -1 
	  1615,   1616,   1619, -1 
	  1616,   1618,   1619, -1 
	  1618,   1617,   1619, -1 
	  1620,   1621,   1622, -1 
	  1623,   1620,   1622, -1 
	  1624,   1621,   1620, -1 
	  1625,   1624,   1620, -1 
	  1625,   1620,   1623, -1 
	  1621,   1626,   1622, -1 
	  1624,   1627,   1621, -1 
	  1627,   1626,   1621, -1 
	  1626,   1628,   1622, -1 
	  1628,   1629,   1622, -1 
	  1629,   1630,   1622, -1 
	  1630,   1631,   1622, -1 
	  1631,   1632,   1622, -1 
	  1632,   1633,   1622, -1 
	  1633,   1623,   1622, -1 
	  1634,   1623,   1633, -1 
	  1634,   1625,   1623, -1 
	  1635,   1624,   1625, -1 
	  1635,   1636,   1624, -1 
	  1636,   1627,   1624, -1 
	  1635,   1625,   1634, -1 
	  1627,   1637,   1626, -1 
	  1637,   1628,   1626, -1 
	  1636,   1638,   1627, -1 
	  1638,   1637,   1627, -1 
	  1637,   1639,   1628, -1 
	  1639,   1629,   1628, -1 
	  1639,   1630,   1629, -1 
	  1639,   1640,   1630, -1 
	  1640,   1631,   1630, -1 
	  1640,   1641,   1631, -1 
	  1641,   1642,   1631, -1 
	  1642,   1632,   1631, -1 
	  1642,   1643,   1632, -1 
	  1643,   1633,   1632, -1 
	  1643,   1644,   1633, -1 
	  1644,   1634,   1633, -1 
	  1645,   1634,   1644, -1 
	  1645,   1635,   1634, -1 
	  1646,   1647,   1635, -1 
	  1647,   1636,   1635, -1 
	  1646,   1635,   1645, -1 
	  1647,   1648,   1636, -1 
	  1648,   1638,   1636, -1 
	  1638,   1649,   1637, -1 
	  1649,   1639,   1637, -1 
	  1648,   1650,   1638, -1 
	  1650,   1649,   1638, -1 
	  1649,   1651,   1639, -1 
	  1651,   1652,   1639, -1 
	  1652,   1640,   1639, -1 
	  1652,   1653,   1640, -1 
	  1653,   1641,   1640, -1 
	  1653,   1654,   1641, -1 
	  1654,   1642,   1641, -1 
	  1654,   1655,   1642, -1 
	  1655,   1643,   1642, -1 
	  1655,   1656,   1643, -1 
	  1656,   1644,   1643, -1 
	  1656,   1645,   1644, -1 
	  1657,   1645,   1656, -1 
	  1657,   1646,   1645, -1 
	  1658,   1647,   1646, -1 
	  1658,   1646,   1657, -1 
	  1658,   1648,   1647, -1 
	  1658,   1650,   1648, -1 
	  1650,   1651,   1649, -1 
	  1650,   1659,   1651, -1 
	  1658,   1659,   1650, -1 
	  1659,   1652,   1651, -1 
	  1659,   1660,   1652, -1 
	  1660,   1653,   1652, -1 
	  1660,   1654,   1653, -1 
	  1660,   1661,   1654, -1 
	  1661,   1655,   1654, -1 
	  1661,   1656,   1655, -1 
	  1661,   1657,   1656, -1 
	  1658,   1657,   1661, -1 
	  1658,   1660,   1659, -1 
	  1658,   1661,   1660, -1 
	  1662,   1663,   1664, -1 
	  1665,   1662,   1664, -1 
	  1666,   1663,   1662, -1 
	  1667,   1662,   1665, -1 
	  1667,   1666,   1662, -1 
	  1663,   1668,   1664, -1 
	  1666,   1669,   1663, -1 
	  1669,   1668,   1663, -1 
	  1668,   1670,   1664, -1 
	  1670,   1671,   1664, -1 
	  1671,   1672,   1664, -1 
	  1672,   1673,   1664, -1 
	  1673,   1674,   1664, -1 
	  1674,   1675,   1664, -1 
	  1675,   1676,   1664, -1 
	  1676,   1677,   1664, -1 
	  1677,   1665,   1664, -1 
	  1667,   1665,   1677, -1 
	  1678,   1679,   1666, -1 
	  1679,   1669,   1666, -1 
	  1678,   1666,   1667, -1 
	  1680,   1667,   1677, -1 
	  1681,   1667,   1680, -1 
	  1681,   1678,   1667, -1 
	  1669,   1682,   1668, -1 
	  1682,   1683,   1668, -1 
	  1683,   1670,   1668, -1 
	  1679,   1684,   1669, -1 
	  1684,   1682,   1669, -1 
	  1683,   1685,   1670, -1 
	  1685,   1671,   1670, -1 
	  1685,   1686,   1671, -1 
	  1686,   1672,   1671, -1 
	  1686,   1687,   1672, -1 
	  1687,   1688,   1672, -1 
	  1688,   1673,   1672, -1 
	  1688,   1689,   1673, -1 
	  1689,   1674,   1673, -1 
	  1689,   1690,   1674, -1 
	  1690,   1675,   1674, -1 
	  1690,   1691,   1675, -1 
	  1691,   1676,   1675, -1 
	  1691,   1680,   1676, -1 
	  1680,   1677,   1676, -1 
	  1692,   1679,   1678, -1 
	  1692,   1678,   1681, -1 
	  1692,   1693,   1679, -1 
	  1693,   1684,   1679, -1 
	  1694,   1680,   1691, -1 
	  1694,   1681,   1680, -1 
	  1695,   1681,   1694, -1 
	  1695,   1696,   1681, -1 
	  1696,   1692,   1681, -1 
	  1684,   1697,   1682, -1 
	  1697,   1683,   1682, -1 
	  1697,   1685,   1683, -1 
	  1693,   1697,   1684, -1 
	  1697,   1698,   1685, -1 
	  1698,   1686,   1685, -1 
	  1698,   1699,   1686, -1 
	  1699,   1687,   1686, -1 
	  1699,   1700,   1687, -1 
	  1700,   1688,   1687, -1 
	  1700,   1701,   1688, -1 
	  1701,   1689,   1688, -1 
	  1701,   1702,   1689, -1 
	  1702,   1690,   1689, -1 
	  1702,   1694,   1690, -1 
	  1694,   1691,   1690, -1 
	  1703,   1693,   1692, -1 
	  1703,   1692,   1696, -1 
	  1693,   1704,   1697, -1 
	  1703,   1704,   1693, -1 
	  1695,   1694,   1702, -1 
	  1705,   1695,   1702, -1 
	  1703,   1695,   1705, -1 
	  1703,   1696,   1695, -1 
	  1704,   1698,   1697, -1 
	  1704,   1706,   1698, -1 
	  1706,   1699,   1698, -1 
	  1706,   1700,   1699, -1 
	  1706,   1707,   1700, -1 
	  1707,   1701,   1700, -1 
	  1707,   1705,   1701, -1 
	  1705,   1702,   1701, -1 
	  1703,   1706,   1704, -1 
	  1703,   1707,   1706, -1 
	  1703,   1705,   1707, -1 
	  1708,   1709,   1710, -1 
	  1711,   1708,   1710, -1 
	  1712,   1709,   1708, -1 
	  1713,   1708,   1711, -1 
	  1713,   1714,   1708, -1 
	  1714,   1712,   1708, -1 
	  1709,   1715,   1710, -1 
	  1712,   1716,   1709, -1 
	  1716,   1715,   1709, -1 
	  1715,   1717,   1710, -1 
	  1711,   1710,   1717, -1 
	  1718,   1711,   1717, -1 
	  1719,   1711,   1718, -1 
	  1719,   1713,   1711, -1 
	  1720,   1721,   1712, -1 
	  1721,   1722,   1712, -1 
	  1722,   1716,   1712, -1 
	  1720,   1712,   1714, -1 
	  1723,   1713,   1719, -1 
	  1723,   1724,   1713, -1 
	  1724,   1725,   1713, -1 
	  1725,   1714,   1713, -1 
	  1725,   1720,   1714, -1 
	  1715,   1726,   1717, -1 
	  1716,   1727,   1715, -1 
	  1727,   1728,   1715, -1 
	  1728,   1729,   1715, -1 
	  1729,   1726,   1715, -1 
	  1722,   1730,   1716, -1 
	  1730,   1727,   1716, -1 
	  1726,   1718,   1717, -1 
	  1731,   1718,   1726, -1 
	  1731,   1732,   1718, -1 
	  1732,   1719,   1718, -1 
	  1733,   1719,   1732, -1 
	  1733,   1723,   1719, -1 
	  1734,   1721,   1720, -1 
	  1735,   1720,   1725, -1 
	  1735,   1734,   1720, -1 
	  1734,   1736,   1721, -1 
	  1736,   1722,   1721, -1 
	  1736,   1737,   1722, -1 
	  1737,   1730,   1722, -1 
	  1738,   1723,   1733, -1 
	  1738,   1739,   1723, -1 
	  1739,   1724,   1723, -1 
	  1739,   1740,   1724, -1 
	  1740,   1725,   1724, -1 
	  1740,   1735,   1725, -1 
	  1729,   1741,   1726, -1 
	  1741,   1742,   1726, -1 
	  1742,   1731,   1726, -1 
	  1730,   1743,   1727, -1 
	  1743,   1728,   1727, -1 
	  1743,   1744,   1728, -1 
	  1744,   1729,   1728, -1 
	  1744,   1741,   1729, -1 
	  1737,   1745,   1730, -1 
	  1745,   1743,   1730, -1 
	  1746,   1731,   1742, -1 
	  1746,   1747,   1731, -1 
	  1747,   1732,   1731, -1 
	  1747,   1748,   1732, -1 
	  1748,   1733,   1732, -1 
	  1749,   1733,   1748, -1 
	  1749,   1738,   1733, -1 
	  1750,   1751,   1734, -1 
	  1751,   1736,   1734, -1 
	  1750,   1734,   1735, -1 
	  1752,   1735,   1740, -1 
	  1752,   1753,   1735, -1 
	  1753,   1750,   1735, -1 
	  1751,   1737,   1736, -1 
	  1751,   1754,   1737, -1 
	  1754,   1745,   1737, -1 
	  1755,   1738,   1749, -1 
	  1755,   1756,   1738, -1 
	  1756,   1739,   1738, -1 
	  1756,   1757,   1739, -1 
	  1757,   1740,   1739, -1 
	  1757,   1752,   1740, -1 
	  1744,   1746,   1741, -1 
	  1746,   1742,   1741, -1 
	  1745,   1758,   1743, -1 
	  1758,   1744,   1743, -1 
	  1758,   1759,   1744, -1 
	  1759,   1746,   1744, -1 
	  1754,   1760,   1745, -1 
	  1760,   1758,   1745, -1 
	  1759,   1761,   1746, -1 
	  1761,   1762,   1746, -1 
	  1762,   1747,   1746, -1 
	  1762,   1763,   1747, -1 
	  1763,   1748,   1747, -1 
	  1763,   1749,   1748, -1 
	  1764,   1749,   1763, -1 
	  1764,   1755,   1749, -1 
	  1765,   1751,   1750, -1 
	  1765,   1750,   1753, -1 
	  1765,   1754,   1751, -1 
	  1765,   1752,   1757, -1 
	  1765,   1753,   1752, -1 
	  1765,   1760,   1754, -1 
	  1765,   1755,   1764, -1 
	  1765,   1756,   1755, -1 
	  1765,   1757,   1756, -1 
	  1760,   1766,   1758, -1 
	  1766,   1759,   1758, -1 
	  1766,   1767,   1759, -1 
	  1767,   1761,   1759, -1 
	  1765,   1766,   1760, -1 
	  1767,   1768,   1761, -1 
	  1768,   1762,   1761, -1 
	  1768,   1764,   1762, -1 
	  1764,   1763,   1762, -1 
	  1765,   1764,   1768, -1 
	  1765,   1767,   1766, -1 
	  1765,   1768,   1767, -1 
	  1769,   1770,   1771, -1 
	  1772,   1769,   1771, -1 
	  1773,   1770,   1769, -1 
	  1774,   1773,   1769, -1 
	  1775,   1769,   1772, -1 
	  1775,   1774,   1769, -1 
	  1770,   1776,   1771, -1 
	  1773,   1777,   1770, -1 
	  1777,   1778,   1770, -1 
	  1778,   1776,   1770, -1 
	  1776,   1779,   1771, -1 
	  1779,   1780,   1771, -1 
	  1780,   1781,   1771, -1 
	  1781,   1782,   1771, -1 
	  1782,   1772,   1771, -1 
	  1783,   1772,   1782, -1 
	  1783,   1775,   1772, -1 
	  1784,   1773,   1774, -1 
	  1784,   1785,   1773, -1 
	  1785,   1777,   1773, -1 
	  1786,   1784,   1774, -1 
	  1786,   1774,   1775, -1 
	  1787,   1775,   1783, -1 
	  1787,   1788,   1775, -1 
	  1788,   1786,   1775, -1 
	  1778,   1789,   1776, -1 
	  1789,   1790,   1776, -1 
	  1790,   1791,   1776, -1 
	  1791,   1779,   1776, -1 
	  1785,   1792,   1777, -1 
	  1792,   1793,   1777, -1 
	  1793,   1778,   1777, -1 
	  1793,   1789,   1778, -1 
	  1791,   1794,   1779, -1 
	  1794,   1780,   1779, -1 
	  1794,   1795,   1780, -1 
	  1795,   1781,   1780, -1 
	  1795,   1796,   1781, -1 
	  1796,   1782,   1781, -1 
	  1796,   1783,   1782, -1 
	  1797,   1783,   1796, -1 
	  1797,   1787,   1783, -1 
	  1798,   1784,   1786, -1 
	  1798,   1799,   1784, -1 
	  1799,   1785,   1784, -1 
	  1799,   1800,   1785, -1 
	  1800,   1792,   1785, -1 
	  1798,   1786,   1788, -1 
	  1801,   1787,   1797, -1 
	  1801,   1802,   1787, -1 
	  1802,   1788,   1787, -1 
	  1802,   1798,   1788, -1 
	  1793,   1803,   1789, -1 
	  1803,   1804,   1789, -1 
	  1804,   1790,   1789, -1 
	  1804,   1791,   1790, -1 
	  1804,   1805,   1791, -1 
	  1805,   1794,   1791, -1 
	  1800,   1806,   1792, -1 
	  1806,   1793,   1792, -1 
	  1806,   1807,   1793, -1 
	  1807,   1803,   1793, -1 
	  1805,   1808,   1794, -1 
	  1808,   1809,   1794, -1 
	  1809,   1795,   1794, -1 
	  1809,   1810,   1795, -1 
	  1810,   1796,   1795, -1 
	  1810,   1797,   1796, -1 
	  1811,   1797,   1810, -1 
	  1811,   1801,   1797, -1 
	  1812,   1813,   1798, -1 
	  1813,   1799,   1798, -1 
	  1812,   1798,   1802, -1 
	  1813,   1814,   1799, -1 
	  1814,   1800,   1799, -1 
	  1814,   1806,   1800, -1 
	  1815,   1801,   1811, -1 
	  1815,   1816,   1801, -1 
	  1816,   1802,   1801, -1 
	  1816,   1817,   1802, -1 
	  1817,   1812,   1802, -1 
	  1807,   1804,   1803, -1 
	  1807,   1818,   1804, -1 
	  1818,   1805,   1804, -1 
	  1818,   1819,   1805, -1 
	  1819,   1808,   1805, -1 
	  1814,   1820,   1806, -1 
	  1820,   1807,   1806, -1 
	  1820,   1821,   1807, -1 
	  1821,   1818,   1807, -1 
	  1819,   1822,   1808, -1 
	  1822,   1809,   1808, -1 
	  1822,   1810,   1809, -1 
	  1822,   1811,   1810, -1 
	  1815,   1811,   1822, -1 
	  1823,   1813,   1812, -1 
	  1824,   1812,   1817, -1 
	  1824,   1823,   1812, -1 
	  1823,   1825,   1813, -1 
	  1825,   1814,   1813, -1 
	  1825,   1826,   1814, -1 
	  1826,   1820,   1814, -1 
	  1827,   1815,   1822, -1 
	  1828,   1815,   1827, -1 
	  1828,   1816,   1815, -1 
	  1828,   1817,   1816, -1 
	  1828,   1824,   1817, -1 
	  1821,   1829,   1818, -1 
	  1829,   1827,   1818, -1 
	  1827,   1819,   1818, -1 
	  1827,   1822,   1819, -1 
	  1826,   1821,   1820, -1 
	  1826,   1830,   1821, -1 
	  1830,   1829,   1821, -1 
	  1831,   1825,   1823, -1 
	  1831,   1823,   1824, -1 
	  1831,   1824,   1828, -1 
	  1831,   1826,   1825, -1 
	  1831,   1830,   1826, -1 
	  1830,   1827,   1829, -1 
	  1830,   1828,   1827, -1 
	  1831,   1828,   1830, -1 
	  1832,   1833,   1834, -1 
	  1832,   1834,   1835, -1 
	  1832,   1836,   1833, -1 
	  1832,   1837,   1836, -1 
	  1832,   1838,   1837, -1 
	  1832,   1839,   1838, -1 
	  1832,   1835,   1839, -1 
	  1834,   1833,   1840, -1 
	  1833,   1841,   1840, -1 
	  1833,   1842,   1841, -1 
	  1833,   1836,   1842, -1 
	  1834,   1840,   1843, -1 
	  1835,   1834,   1844, -1 
	  1834,   1843,   1844, -1 
	  1839,   1835,   1845, -1 
	  1835,   1844,   1845, -1 
	  1836,   1846,   1842, -1 
	  1836,   1847,   1846, -1 
	  1836,   1837,   1847, -1 
	  1837,   1848,   1847, -1 
	  1837,   1849,   1848, -1 
	  1837,   1838,   1849, -1 
	  1838,   1850,   1849, -1 
	  1838,   1851,   1850, -1 
	  1838,   1839,   1851, -1 
	  1839,   1852,   1851, -1 
	  1839,   1845,   1852, -1 
	  1843,   1840,   1853, -1 
	  1840,   1854,   1853, -1 
	  1840,   1855,   1854, -1 
	  1840,   1841,   1855, -1 
	  1841,   1856,   1855, -1 
	  1841,   1857,   1856, -1 
	  1841,   1842,   1857, -1 
	  1842,   1858,   1857, -1 
	  1842,   1846,   1858, -1 
	  1844,   1843,   1853, -1 
	  1845,   1844,   1859, -1 
	  1844,   1853,   1859, -1 
	  1852,   1845,   1860, -1 
	  1845,   1861,   1860, -1 
	  1845,   1859,   1861, -1 
	  1846,   1862,   1858, -1 
	  1846,   1863,   1862, -1 
	  1846,   1847,   1863, -1 
	  1847,   1864,   1863, -1 
	  1847,   1848,   1864, -1 
	  1848,   1865,   1864, -1 
	  1848,   1849,   1865, -1 
	  1849,   1866,   1865, -1 
	  1849,   1850,   1866, -1 
	  1850,   1867,   1866, -1 
	  1850,   1868,   1867, -1 
	  1850,   1851,   1868, -1 
	  1851,   1869,   1868, -1 
	  1851,   1870,   1869, -1 
	  1851,   1852,   1870, -1 
	  1852,   1871,   1870, -1 
	  1852,   1860,   1871, -1 
	  1853,   1854,   1872, -1 
	  1859,   1853,   1873, -1 
	  1853,   1872,   1873, -1 
	  1854,   1874,   1872, -1 
	  1854,   1855,   1874, -1 
	  1855,   1856,   1874, -1 
	  1856,   1875,   1874, -1 
	  1856,   1857,   1875, -1 
	  1857,   1876,   1875, -1 
	  1857,   1858,   1876, -1 
	  1858,   1862,   1876, -1 
	  1861,   1859,   1877, -1 
	  1859,   1873,   1877, -1 
	  1871,   1860,   1878, -1 
	  1860,   1877,   1878, -1 
	  1860,   1861,   1877, -1 
	  1862,   1879,   1876, -1 
	  1862,   1863,   1879, -1 
	  1863,   1880,   1879, -1 
	  1863,   1864,   1880, -1 
	  1864,   1881,   1880, -1 
	  1864,   1882,   1881, -1 
	  1864,   1865,   1882, -1 
	  1865,   1883,   1882, -1 
	  1865,   1866,   1883, -1 
	  1866,   1884,   1883, -1 
	  1866,   1867,   1884, -1 
	  1867,   1868,   1884, -1 
	  1868,   1885,   1884, -1 
	  1868,   1869,   1885, -1 
	  1869,   1870,   1885, -1 
	  1870,   1886,   1885, -1 
	  1870,   1887,   1886, -1 
	  1870,   1888,   1887, -1 
	  1870,   1871,   1888, -1 
	  1871,   1878,   1888, -1 
	  1872,   1889,   1890, -1 
	  1872,   1874,   1889, -1 
	  1873,   1872,   1891, -1 
	  1872,   1890,   1891, -1 
	  1877,   1873,   1892, -1 
	  1873,   1891,   1892, -1 
	  1874,   1893,   1889, -1 
	  1874,   1875,   1893, -1 
	  1875,   1894,   1893, -1 
	  1875,   1895,   1894, -1 
	  1875,   1876,   1895, -1 
	  1876,   1896,   1895, -1 
	  1876,   1879,   1896, -1 
	  1878,   1877,   1892, -1 
	  1888,   1878,   1897, -1 
	  1878,   1892,   1897, -1 
	  1879,   1898,   1896, -1 
	  1879,   1880,   1898, -1 
	  1880,   1881,   1898, -1 
	  1881,   1899,   1898, -1 
	  1881,   1900,   1899, -1 
	  1881,   1882,   1900, -1 
	  1882,   1883,   1900, -1 
	  1883,   1901,   1900, -1 
	  1883,   1884,   1901, -1 
	  1884,   1885,   1901, -1 
	  1885,   1902,   1901, -1 
	  1885,   1903,   1902, -1 
	  1885,   1886,   1903, -1 
	  1886,   1904,   1903, -1 
	  1886,   1905,   1904, -1 
	  1886,   1887,   1905, -1 
	  1887,   1888,   1905, -1 
	  1888,   1897,   1905, -1 
	  1890,   1889,   1906, -1 
	  1889,   1907,   1906, -1 
	  1889,   1908,   1907, -1 
	  1889,   1893,   1908, -1 
	  1891,   1890,   1909, -1 
	  1890,   1906,   1909, -1 
	  1892,   1891,   1909, -1 
	  1897,   1892,   1910, -1 
	  1892,   1909,   1910, -1 
	  1893,   1911,   1908, -1 
	  1893,   1894,   1911, -1 
	  1894,   1912,   1911, -1 
	  1894,   1895,   1912, -1 
	  1895,   1913,   1912, -1 
	  1895,   1896,   1913, -1 
	  1896,   1914,   1913, -1 
	  1896,   1915,   1914, -1 
	  1896,   1898,   1915, -1 
	  1905,   1897,   1916, -1 
	  1897,   1917,   1916, -1 
	  1897,   1910,   1917, -1 
	  1898,   1918,   1915, -1 
	  1898,   1899,   1918, -1 
	  1899,   1919,   1918, -1 
	  1899,   1900,   1919, -1 
	  1900,   1920,   1919, -1 
	  1900,   1901,   1920, -1 
	  1901,   1921,   1920, -1 
	  1901,   1922,   1921, -1 
	  1901,   1902,   1922, -1 
	  1902,   1923,   1922, -1 
	  1902,   1903,   1923, -1 
	  1903,   1916,   1923, -1 
	  1903,   1904,   1916, -1 
	  1904,   1905,   1916, -1 
	  1906,   1907,   1924, -1 
	  1909,   1906,   1925, -1 
	  1906,   1924,   1925, -1 
	  1907,   1926,   1924, -1 
	  1907,   1908,   1926, -1 
	  1908,   1927,   1926, -1 
	  1908,   1911,   1927, -1 
	  1910,   1909,   1928, -1 
	  1909,   1925,   1928, -1 
	  1917,   1910,   1929, -1 
	  1910,   1928,   1929, -1 
	  1911,   1930,   1927, -1 
	  1911,   1912,   1930, -1 
	  1912,   1931,   1930, -1 
	  1912,   1932,   1931, -1 
	  1912,   1913,   1932, -1 
	  1913,   1933,   1932, -1 
	  1913,   1934,   1933, -1 
	  1913,   1914,   1934, -1 
	  1914,   1935,   1934, -1 
	  1914,   1936,   1935, -1 
	  1914,   1915,   1936, -1 
	  1915,   1918,   1936, -1 
	  1923,   1916,   1937, -1 
	  1916,   1938,   1937, -1 
	  1916,   1917,   1938, -1 
	  1917,   1929,   1938, -1 
	  1918,   1919,   1936, -1 
	  1919,   1939,   1936, -1 
	  1919,   1920,   1939, -1 
	  1920,   1940,   1939, -1 
	  1920,   1941,   1940, -1 
	  1920,   1921,   1941, -1 
	  1921,   1942,   1941, -1 
	  1921,   1922,   1942, -1 
	  1922,   1943,   1942, -1 
	  1922,   1923,   1943, -1 
	  1923,   1937,   1943, -1 
	  1924,   1944,   1945, -1 
	  1924,   1946,   1944, -1 
	  1924,   1947,   1946, -1 
	  1924,   1926,   1947, -1 
	  1925,   1924,   1945, -1 
	  1928,   1925,   1945, -1 
	  1926,   1927,   1947, -1 
	  1927,   1948,   1947, -1 
	  1927,   1949,   1948, -1 
	  1927,   1930,   1949, -1 
	  1929,   1928,   1950, -1 
	  1928,   1945,   1950, -1 
	  1938,   1929,   1951, -1 
	  1929,   1950,   1951, -1 
	  1930,   1952,   1949, -1 
	  1930,   1931,   1952, -1 
	  1952,   1931,   1953, -1 
	  1931,   1954,   1953, -1 
	  1931,   1932,   1954, -1 
	  1932,   1933,   1954, -1 
	  1933,   1955,   1954, -1 
	  1933,   1934,   1955, -1 
	  1934,   1956,   1955, -1 
	  1934,   1957,   1956, -1 
	  1934,   1935,   1957, -1 
	  1935,   1958,   1957, -1 
	  1935,   1936,   1958, -1 
	  1936,   1959,   1958, -1 
	  1936,   1939,   1959, -1 
	  1943,   1937,   1960, -1 
	  1937,   1961,   1960, -1 
	  1937,   1938,   1961, -1 
	  1938,   1962,   1961, -1 
	  1938,   1951,   1962, -1 
	  1939,   1940,   1959, -1 
	  1940,   1941,   1959, -1 
	  1941,   1963,   1959, -1 
	  1941,   1964,   1963, -1 
	  1941,   1942,   1964, -1 
	  1942,   1965,   1964, -1 
	  1942,   1943,   1965, -1 
	  1943,   1960,   1965, -1 
	  1945,   1944,   1966, -1 
	  1944,   1946,   1966, -1 
	  1945,   1967,   1968, -1 
	  1945,   1966,   1967, -1 
	  1950,   1945,   1969, -1 
	  1945,   1968,   1969, -1 
	  1946,   1947,   1966, -1 
	  1947,   1970,   1966, -1 
	  1947,   1971,   1970, -1 
	  1947,   1948,   1971, -1 
	  1948,   1949,   1971, -1 
	  1949,   1972,   1971, -1 
	  1949,   1952,   1972, -1 
	  1951,   1950,   1973, -1 
	  1950,   1974,   1973, -1 
	  1950,   1969,   1974, -1 
	  1962,   1951,   1973, -1 
	  1952,   1953,   1972, -1 
	  1953,   1954,   1972, -1 
	  1954,   1975,   1972, -1 
	  1954,   1955,   1975, -1 
	  1955,   1976,   1975, -1 
	  1955,   1977,   1976, -1 
	  1955,   1956,   1977, -1 
	  1956,   1957,   1977, -1 
	  1957,   1978,   1977, -1 
	  1957,   1958,   1978, -1 
	  1958,   1979,   1978, -1 
	  1958,   1959,   1979, -1 
	  1959,   1963,   1979, -1 
	  1965,   1960,   1980, -1 
	  1960,   1981,   1980, -1 
	  1960,   1982,   1981, -1 
	  1960,   1961,   1982, -1 
	  1961,   1973,   1982, -1 
	  1961,   1962,   1973, -1 
	  1963,   1964,   1979, -1 
	  1964,   1983,   1979, -1 
	  1964,   1965,   1983, -1 
	  1965,   1980,   1983, -1 
	  1967,   1966,   1984, -1 
	  1966,   1970,   1984, -1 
	  1968,   1967,   1985, -1 
	  1967,   1984,   1985, -1 
	  1969,   1968,   1985, -1 
	  1974,   1969,   1985, -1 
	  1970,   1986,   1984, -1 
	  1970,   1971,   1986, -1 
	  1971,   1987,   1986, -1 
	  1971,   1972,   1987, -1 
	  1972,   1975,   1987, -1 
	  1982,   1973,   1988, -1 
	  1973,   1989,   1988, -1 
	  1973,   1990,   1989, -1 
	  1973,   1974,   1990, -1 
	  1974,   1985,   1990, -1 
	  1975,   1976,   1987, -1 
	  1976,   1991,   1987, -1 
	  1976,   1977,   1991, -1 
	  1977,   1978,   1991, -1 
	  1978,   1992,   1991, -1 
	  1978,   1979,   1992, -1 
	  1992,   1979,   1993, -1 
	  1979,   1994,   1993, -1 
	  1979,   1995,   1994, -1 
	  1979,   1996,   1995, -1 
	  1979,   1983,   1996, -1 
	  1983,   1980,   1988, -1 
	  1980,   1981,   1988, -1 
	  1981,   1982,   1988, -1 
	  1983,   1988,   1996, -1 
	  1985,   1984,   1997, -1 
	  1984,   1986,   1997, -1 
	  1985,   1997,   1998, -1 
	  1998,   1990,   1985, -1 
	  1986,   1987,   1997, -1 
	  1987,   1999,   1997, -1 
	  1987,   1991,   1999, -1 
	  1996,   1988,   1998, -1 
	  1988,   1989,   1998, -1 
	  1989,   1990,   1998, -1 
	  1991,   1992,   1999, -1 
	  1992,   1993,   1999, -1 
	  1993,   1994,   1999, -1 
	  1994,   1995,   1999, -1 
	  1995,   1996,   1999, -1 
	  1996,   1998,   1999, -1 
	  1998,   1997,   1999, -1 
    ] 
   colorPerVertex FALSE 
    colorIndex [ 
	  1, 
	  1, 
	  1, 
	  1, 
	  1, 
	  1, 
	  1, 
	  1, 
	  1, 
	  1, 
	  1, 
	  1, 
	  1, 
	  1, 
	  1, 
	  1, 
	  1, 
	  1, 
	  1, 
	  1, 
	  1, 
	  1, 
	  1, 
	  1, 
	  1, 
	  1, 
	  1, 
	  1, 
	  1, 
	  1, 
	  1, 
	  1, 
	  1, 
	  1, 
	  1, 
	  1, 
	  1, 
	  1, 
	  1, 
	  1, 
	  1, 
	  1, 
	  1, 
	  1, 
	  1, 
	  1, 
	  1, 
	  1, 
	  1, 
	  1, 
	  1, 
	  1, 
	  1, 
	  1, 
	  1, 
	  1, 
	  1, 
	  1, 
	  1, 
	  1, 
	  1, 
	  1, 
	  1, 
	  1, 
	  1, 
	  1, 
	  1, 
	  1, 
	  1, 
	  1, 
	  1, 
	  1, 
	  1, 
	  1, 
	  1, 
	  1, 
	  1, 
	  1, 
	  1, 
	  1, 
	  1, 
	  1, 
	  1, 
	  1, 
	  1, 
	  1, 
	  1, 
	  1, 
	  1, 
	  1, 
	  1, 
	  1, 
	  1, 
	  1, 
	  1, 
	  1, 
	  1, 
	  1, 
	  1, 
	  1, 
	  1, 
	  1, 
	  1, 
	  1, 
	  1, 
	  1, 
	  1, 
	  1, 
	  1, 
	  1, 
	  1, 
	  1, 
	  1, 
	  1, 
	  1, 
	  1, 
	  1, 
	  1, 
	  1, 
	  1, 
	  1, 
	  1, 
	  1, 
	  1, 
	  1, 
	  1, 
	  1, 
	  1, 
	  1, 
	  1, 
	  1, 
	  1, 
	  1, 
	  1, 
	  1, 
	  1, 
	  1, 
	  1, 
	  1, 
	  1, 
	  1, 
	  1, 
	  1, 
	  1, 
	  1, 
	  1, 
	  1, 
	  1, 
	  1, 
	  1, 
	  1, 
	  1, 
	  1, 
	  1, 
	  1, 
	  1, 
	  1, 
	  1, 
	  1, 
	  1, 
	  1, 
	  1, 
	  1, 
	  1, 
	  1, 
	  1, 
	  1, 
	  1, 
	  1, 
	  1, 
	  1, 
	  1, 
	  1, 
	  1, 
	  1, 
	  1, 
	  1, 
	  1, 
	  1, 
	  1, 
	  1, 
	  1, 
	  1, 
	  1, 
	  1, 
	  1, 
	  1, 
	  1, 
	  1, 
	  1, 
	  1, 
	  1, 
	  1, 
	  1, 
	  1, 
	  1, 
	  1, 
	  1, 
	  1, 
	  1, 
	  1, 
	  1, 
	  1, 
	  1, 
	  1, 
	  1, 
	  1, 
	  1, 
	  1, 
	  1, 
	  1, 
	  1, 
	  1, 
	  1, 
	  1, 
	  1, 
	  1, 
	  1, 
	  1, 
	  1, 
	  1, 
	  1, 
	  1, 
	  1, 
	  1, 
	  1, 
	  1, 
	  1, 
	  1, 
	  1, 
	  1, 
	  1, 
	  1, 
	  1, 
	  1, 
	  1, 
	  1, 
	  1, 
	  1, 
	  1, 
	  1, 
	  1, 
	  1, 
	  1, 
	  1, 
	  1, 
	  1, 
	  1, 
	  1, 
	  1, 
	  1, 
	  1, 
	  1, 
	  1, 
	  1, 
	  1, 
	  1, 
	  1, 
	  1, 
	  1, 
	  1, 
	  1, 
	  1, 
	  1, 
	  1, 
	  1, 
	  1, 
	  1, 
	  1, 
	  1, 
	  1, 
	  1, 
	  1, 
	  1, 
	  1, 
	  1, 
	  1, 
	  1, 
	  1, 
	  1, 
	  1, 
	  1, 
	  1, 
	  1, 
	  1, 
	  1, 
	  1, 
	  1, 
	  1, 
	  1, 
	  1, 
	  1, 
	  1, 
	  1, 
	  1, 
	  1, 
	  1, 
	  1, 
	  1, 
	  1, 
	  1, 
	  1, 
	  1, 
	  1, 
	  1, 
	  1, 
	  1, 
	  1, 
	  1, 
	  1, 
	  1, 
	  1, 
	  1, 
	  1, 
	  1, 
	  1, 
	  1, 
	  1, 
	  1, 
	  1, 
	  1, 
	  1, 
	  1, 
	  1, 
	  1, 
	  1, 
	  1, 
	  1, 
	  1, 
	  1, 
	  1, 
	  1, 
	  1, 
	  1, 
	  1, 
	  1, 
	  1, 
	  1, 
	  1, 
	  1, 
	  1, 
	  1, 
	  1, 
	  1, 
	  1, 
	  1, 
	  1, 
	  1, 
	  1, 
	  1, 
	  1, 
	  1, 
	  1, 
	  1, 
	  1, 
	  1, 
	  1, 
	  1, 
	  1, 
	  1, 
	  1, 
	  1, 
	  1, 
	  1, 
	  1, 
	  1, 
	  1, 
	  1, 
	  1, 
	  1, 
	  1, 
	  1, 
	  1, 
	  1, 
	  1, 
	  1, 
	  1, 
	  1, 
	  1, 
	  1, 
	  1, 
	  1, 
	  1, 
	  1, 
	  1, 
	  1, 
	  1, 
	  1, 
	  1, 
	  1, 
	  1, 
	  1, 
	  1, 
	  1, 
	  1, 
	  1, 
	  1, 
	  1, 
	  1, 
	  1, 
	  1, 
	  1, 
	  1, 
	  1, 
	  1, 
	  1, 
	  1, 
	  1, 
	  1, 
	  1, 
	  1, 
	  1, 
	  1, 
	  1, 
	  1, 
	  1, 
	  1, 
	  1, 
	  1, 
	  1, 
	  1, 
	  1, 
	  1, 
	  1, 
	  1, 
	  1, 
	  1, 
	  1, 
	  1, 
	  1, 
	  1, 
	  1, 
	  1, 
	  1, 
	  1, 
	  1, 
	  1, 
	  1, 
	  1, 
	  1, 
	  1, 
	  1, 
	  1, 
	  1, 
	  1, 
	  1, 
	  1, 
	  1, 
	  1, 
	  1, 
	  1, 
	  1, 
	  1, 
	  1, 
	  1, 
	  1, 
	  1, 
	  1, 
	  1, 
	  1, 
	  1, 
	  1, 
	  1, 
	  1, 
	  1, 
	  1, 
	  1, 
	  1, 
	  1, 
	  1, 
	  1, 
	  1, 
	  1, 
	  1, 
	  1, 
	  1, 
	  1, 
	  1, 
	  1, 
	  1, 
	  1, 
	  1, 
	  1, 
	  1, 
	  1, 
	  1, 
	  1, 
	  1, 
	  1, 
	  1, 
	  1, 
	  1, 
	  1, 
	  1, 
	  1, 
	  1, 
	  1, 
	  1, 
	  1, 
	  1, 
	  1, 
	  1, 
	  1, 
	  1, 
	  1, 
	  1, 
	  1, 
	  1, 
	  1, 
	  1, 
	  1, 
	  1, 
	  1, 
	  1, 
	  1, 
	  1, 
	  1, 
	  1, 
	  1, 
	  1, 
	  1, 
	  1, 
	  1, 
	  1, 
	  1, 
	  1, 
	  1, 
	  1, 
	  1, 
	  1, 
	  1, 
	  1, 
	  1, 
	  1, 
	  1, 
	  1, 
	  1, 
	  1, 
	  1, 
	  1, 
	  1, 
	  1, 
	  1, 
	  1, 
	  1, 
	  1, 
	  1, 
	  1, 
	  1, 
	  1, 
	  1, 
	  1, 
	  1, 
	  1, 
	  1, 
	  1, 
	  1, 
	  1, 
	  1, 
	  1, 
	  1, 
	  1, 
	  1, 
	  1, 
	  1, 
	  1, 
	  1, 
	  1, 
	  1, 
	  1, 
	  1, 
	  1, 
	  1, 
	  1, 
	  1, 
	  1, 
	  1, 
	  1, 
	  1, 
	  1, 
	  1, 
	  1, 
	  1, 
	  1, 
	  1, 
	  1, 
	  1, 
	  1, 
	  1, 
	  1, 
	  1, 
	  1, 
	  1, 
	  1, 
	  1, 
	  1, 
	  1, 
	  1, 
	  1, 
	  1, 
	  1, 
	  1, 
	  1, 
	  1, 
	  1, 
	  1, 
	  1, 
	  1, 
	  1, 
	  1, 
	  1, 
	  1, 
	  1, 
	  1, 
	  1, 
	  1, 
	  1, 
	  1, 
	  1, 
	  1, 
	  1, 
	  1, 
	  1, 
	  1, 
	  1, 
	  1, 
	  1, 
	  1, 
	  1, 
	  1, 
	  1, 
	  1, 
	  1, 
	  1, 
	  1, 
	  1, 
	  1, 
	  1, 
	  1, 
	  1, 
	  1, 
	  1, 
	  1, 
	  1, 
	  1, 
	  1, 
	  1, 
	  1, 
	  1, 
	  1, 
	  1, 
	  1, 
	  1, 
	  1, 
	  1, 
	  1, 
	  1, 
	  1, 
	  1, 
	  1, 
	  1, 
	  1, 
	  1, 
	  1, 
	  1, 
	  1, 
	  1, 
	  1, 
	  1, 
	  1, 
	  1, 
	  1, 
	  1, 
	  1, 
	  1, 
	  1, 
	  1, 
	  1, 
	  1, 
	  1, 
	  1, 
	  1, 
	  1, 
	  1, 
	  1, 
	  1, 
	  1, 
	  1, 
	  1, 
	  1, 
	  1, 
	  1, 
	  1, 
	  1, 
	  1, 
	  1, 
	  1, 
	  1, 
	  1, 
	  1, 
	  1, 
	  1, 
	  1, 
	  1, 
	  1, 
	  1, 
	  1, 
	  1, 
	  1, 
	  1, 
	  1, 
	  1, 
	  1, 
	  1, 
	  1, 
	  1, 
	  1, 
	  1, 
	  1, 
	  1, 
	  1, 
	  1, 
	  1, 
	  1, 
	  1, 
	  1, 
	  1, 
	  1, 
	  1, 
	  1, 
	  1, 
	  1, 
	  1, 
	  1, 
	  1, 
	  1, 
	  1, 
	  1, 
	  1, 
	  1, 
	  1, 
	  1, 
	  1, 
	  1, 
	  1, 
	  1, 
	  1, 
	  1, 
	  1, 
	  1, 
	  1, 
	  1, 
	  1, 
	  1, 
	  1, 
	  1, 
	  1, 
	  1, 
	  1, 
	  1, 
	  1, 
	  1, 
	  1, 
	  1, 
	  1, 
	  1, 
	  1, 
	  1, 
	  1, 
	  1, 
	  1, 
	  1, 
	  1, 
	  1, 
	  1, 
	  1, 
	  1, 
	  1, 
	  1, 
	  1, 
	  1, 
	  1, 
	  1, 
	  1, 
	  1, 
	  1, 
	  1, 
	  1, 
	  1, 
	  1, 
	  1, 
	  1, 
	  1, 
	  1, 
	  1, 
	  1, 
	  1, 
	  1, 
	  1, 
	  1, 
	  1, 
	  1, 
	  1, 
	  1, 
	  1, 
	  1, 
	  1, 
	  1, 
	  1, 
	  1, 
	  1, 
	  1, 
	  1, 
	  1, 
	  1, 
	  1, 
	  1, 
	  1, 
	  1, 
	  1, 
	  1, 
	  1, 
	  1, 
	  1, 
	  1, 
	  1, 
	  1, 
	  1, 
	  1, 
	  1, 
	  1, 
	  1, 
	  1, 
	  1, 
	  1, 
	  1, 
	  1, 
	  1, 
	  1, 
	  1, 
	  1, 
	  1, 
	  1, 
	  1, 
	  1, 
	  1, 
	  1, 
	  1, 
	  1, 
	  1, 
	  1, 
	  1, 
	  1, 
	  1, 
	  1, 
	  1, 
	  1, 
	  1, 
	  1, 
	  1, 
	  1, 
	  1, 
	  1, 
	  1, 
	  1, 
	  1, 
	  1, 
	  1, 
	  1, 
	  1, 
	  1, 
	  1, 
	  1, 
	  1, 
	  1, 
	  1, 
	  1, 
	  1, 
	  1, 
	  1, 
	  1, 
	  1, 
	  1, 
	  1, 
	  1, 
	  1, 
	  1, 
	  1, 
	  1, 
	  1, 
	  1, 
	  1, 
	  1, 
	  1, 
	  1, 
	  1, 
	  1, 
	  1, 
	  1, 
	  1, 
	  1, 
	  1, 
	  1, 
	  1, 
	  1, 
	  1, 
	  1, 
	  1, 
	  1, 
	  1, 
	  1, 
	  1, 
	  1, 
	  1, 
	  1, 
	  1, 
	  1, 
	  1, 
	  1, 
	  1, 
	  1, 
	  1, 
	  1, 
	  1, 
	  1, 
	  1, 
	  1, 
	  1, 
	  1, 
	  1, 
	  1, 
	  1, 
	  1, 
	  1, 
	  1, 
	  1, 
	  1, 
	  1, 
	  1, 
	  1, 
	  1, 
	  1, 
	  1, 
	  1, 
	  1, 
	  1, 
	  1, 
	  1, 
	  1, 
	  1, 
	  1, 
	  1, 
	  1, 
	  1, 
	  1, 
	  1, 
	  1, 
	  1, 
	  1, 
	  1, 
	  1, 
	  1, 
	  1, 
	  1, 
	  1, 
	  1, 
	  1, 
	  1, 
	  1, 
	  1, 
	  1, 
	  1, 
	  1, 
	  1, 
	  1, 
	  1, 
	  1, 
	  1, 
	  1, 
	  1, 
	  1, 
	  1, 
	  1, 
	  1, 
	  1, 
	  1, 
	  1, 
	  1, 
	  1, 
	  1, 
	  1, 
	  1, 
	  1, 
	  1, 
	  1, 
	  1, 
	  1, 
	  1, 
	  1, 
	  1, 
	  1, 
	  1, 
	  1, 
	  1, 
	  1, 
	  1, 
	  1, 
	  1, 
	  1, 
	  1, 
	  1, 
	  1, 
	  1, 
	  1, 
	  1, 
	  1, 
	  1, 
	  1, 
	  1, 
	  1, 
	  1, 
	  1, 
	  1, 
	  1, 
	  1, 
	  1, 
	  1, 
	  1, 
	  1, 
	  1, 
	  1, 
	  1, 
	  1, 
	  1, 
	  1, 
	  1, 
	  1, 
	  1, 
	  1, 
	  1, 
	  1, 
	  1, 
	  1, 
	  1, 
	  1, 
	  1, 
	  1, 
	  1, 
	  1, 
	  1, 
	  1, 
	  1, 
	  1, 
	  1, 
	  1, 
	  1, 
	  1, 
	  1, 
	  1, 
	  1, 
	  1, 
	  1, 
	  1, 
	  1, 
	  1, 
	  1, 
	  1, 
	  1, 
	  1, 
	  1, 
	  1, 
	  1, 
	  1, 
	  1, 
	  1, 
	  1, 
	  1, 
	  1, 
	  1, 
	  1, 
	  1, 
	  1, 
	  1, 
	  1, 
	  1, 
	  1, 
	  1, 
	  1, 
	  1, 
	  1, 
	  1, 
	  1, 
	  1, 
	  1, 
	  1, 
	  1, 
	  1, 
	  1, 
	  1, 
	  1, 
	  1, 
	  1, 
	  1, 
	  1, 
	  1, 
	  1, 
	  1, 
	  1, 
	  1, 
	  1, 
	  1, 
	  1, 
	  1, 
	  1, 
	  1, 
	  1, 
	  1, 
	  1, 
	  1, 
	  1, 
	  1, 
	  1, 
	  1, 
	  1, 
	  1, 
	  1, 
	  1, 
	  1, 
	  1, 
	  1, 
	  1, 
	  1, 
	  1, 
	  1, 
	  1, 
	  1, 
	  1, 
	  1, 
	  1, 
	  1, 
	  1, 
	  1, 
	  1, 
	  1, 
	  1, 
	  1, 
	  1, 
	  1, 
	  1, 
	  1, 
	  1, 
	  1, 
	  1, 
	  1, 
	  1, 
	  1, 
	  1, 
	  1, 
	  1, 
	  1, 
	  1, 
	  1, 
	  1, 
	  1, 
	  1, 
	  1, 
	  1, 
	  1, 
	  1, 
	  1, 
	  1, 
	  1, 
	  1, 
	  1, 
	  1, 
	  1, 
	  1, 
	  1, 
	  1, 
	  1, 
	  1, 
	  1, 
	  1, 
	  1, 
	  1, 
	  1, 
	  1, 
	  1, 
	  1, 
	  1, 
	  1, 
	  1, 
	  1, 
	  1, 
	  1, 
	  1, 
	  1, 
	  1, 
	  1, 
	  1, 
	  1, 
	  1, 
	  1, 
	  1, 
	  1, 
	  1, 
	  1, 
	  1, 
	  1, 
	  1, 
	  1, 
	  1, 
	  1, 
	  1, 
	  1, 
	  1, 
	  1, 
	  1, 
	  1, 
	  1, 
	  1, 
	  1, 
	  1, 
	  1, 
	  1, 
	  1, 
	  1, 
	  1, 
	  1, 
	  1, 
	  1, 
	  1, 
	  1, 
	  1, 
	  1, 
	  1, 
	  1, 
	  1, 
	  1, 
	  1, 
	  1, 
	  1, 
	  1, 
	  1, 
	  1, 
	  1, 
	  1, 
	  1, 
	  1, 
	  1, 
	  1, 
	  1, 
	  1, 
	  1, 
	  1, 
	  1, 
	  1, 
	  1, 
	  1, 
	  1, 
	  1, 
	  1, 
	  1, 
	  1, 
	  1, 
	  1, 
	  1, 
	  1, 
	  1, 
	  1, 
	  1, 
	  1, 
	  1, 
	  1, 
	  1, 
	  1, 
	  1, 
	  1, 
	  1, 
	  1, 
	  1, 
	  1, 
	  1, 
	  1, 
	  1, 
	  1, 
	  1, 
	  1, 
	  1, 
	  1, 
	  1, 
	  1, 
	  1, 
	  1, 
	  1, 
	  1, 
	  1, 
	  1, 
	  1, 
	  1, 
	  1, 
	  1, 
	  1, 
	  1, 
	  1, 
	  1, 
	  1, 
	  1, 
	  1, 
	  1, 
	  1, 
	  1, 
	  1, 
	  1, 
	  1, 
	  1, 
	  1, 
	  1, 
	  1, 
	  1, 
	  1, 
	  1, 
	  1, 
	  1, 
	  1, 
	  1, 
	  1, 
	  1, 
	  1, 
	  1, 
	  1, 
	  1, 
	  1, 
	  1, 
	  1, 
	  1, 
	  1, 
	  1, 
	  1, 
	  1, 
	  1, 
	  1, 
	  1, 
	  1, 
	  1, 
	  1, 
	  1, 
	  1, 
	  1, 
	  1, 
	  1, 
	  1, 
	  1, 
	  1, 
	  1, 
	  1, 
	  1, 
	  1, 
	  1, 
	  1, 
	  1, 
	  1, 
	  1, 
	  1, 
	  1, 
	  1, 
	  1, 
	  1, 
	  1, 
	  1, 
	  1, 
	  1, 
	  1, 
	  1, 
	  1, 
	  1, 
	  1, 
	  1, 
	  1, 
	  1, 
	  1, 
	  1, 
	  1, 
	  1, 
	  1, 
	  1, 
	  1, 
	  1, 
	  1, 
	  1, 
	  1, 
	  1, 
	  1, 
	  1, 
	  1, 
	  1, 
	  1, 
	  1, 
	  1, 
	  1, 
	  1, 
	  1, 
	  1, 
	  1, 
	  1, 
	  1, 
	  1, 
	  1, 
	  1, 
	  1, 
	  1, 
	  1, 
	  1, 
	  1, 
	  1, 
	  1, 
	  1, 
	  1, 
	  1, 
	  1, 
	  1, 
	  1, 
	  1, 
	  1, 
	  1, 
	  1, 
	  1, 
	  1, 
	  1, 
	  1, 
	  1, 
	  1, 
	  1, 
	  1, 
	  1, 
	  1, 
	  1, 
	  1, 
	  1, 
	  1, 
	  1, 
	  1, 
	  1, 
	  1, 
	  1, 
	  1, 
	  1, 
	  1, 
	  1, 
	  1, 
	  1, 
	  1, 
	  1, 
	  1, 
	  1, 
	  1, 
	  1, 
	  1, 
	  1, 
	  1, 
	  1, 
	  1, 
	  1, 
	  1, 
	  1, 
	  1, 
	  1, 
	  1, 
	  1, 
	  1, 
	  1, 
	  1, 
	  1, 
	  1, 
	  1, 
	  1, 
	  1, 
	  1, 
	  1, 
	  1, 
	  1, 
	  1, 
	  1, 
	  1, 
	  1, 
	  1, 
	  1, 
	  1, 
	  1, 
	  1, 
	  1, 
	  1, 
	  1, 
	  1, 
	  1, 
	  1, 
	  1, 
	  1, 
	  1, 
	  1, 
	  1, 
	  1, 
	  1, 
	  1, 
	  1, 
	  1, 
	  1, 
	  1, 
	  1, 
	  1, 
	  1, 
	  1, 
	  1, 
	  1, 
	  1, 
	  1, 
	  1, 
	  1, 
	  1, 
	  1, 
	  1, 
	  1, 
	  1, 
	  1, 
	  1, 
	  1, 
	  1, 
	  1, 
	  1, 
	  1, 
	  1, 
	  1, 
	  1, 
	  1, 
	  1, 
	  1, 
	  1, 
	  1, 
	  1, 
	  1, 
	  1, 
	  1, 
	  1, 
	  1, 
	  1, 
	  1, 
	  1, 
	  1, 
	  1, 
	  1, 
	  1, 
	  1, 
	  1, 
	  1, 
	  1, 
	  1, 
	  1, 
	  1, 
	  1, 
	  1, 
	  1, 
	  1, 
	  1, 
	  1, 
	  1, 
	  1, 
	  1, 
	  1, 
	  1, 
	  1, 
	  1, 
	  1, 
	  1, 
	  1, 
	  1, 
	  1, 
	  1, 
	  1, 
	  1, 
	  1, 
	  1, 
	  1, 
	  1, 
	  1, 
	  1, 
	  1, 
	  1, 
	  1, 
	  1, 
	  1, 
	  1, 
	  1, 
	  1, 
	  1, 
	  1, 
	  1, 
	  1, 
	  1, 
	  1, 
	  1, 
	  1, 
	  1, 
	  1, 
	  1, 
	  1, 
	  1, 
	  1, 
	  1, 
	  1, 
	  1, 
	  1, 
	  1, 
	  1, 
	  1, 
	  1, 
	  1, 
	  1, 
	  1, 
	  1, 
	  1, 
	  1, 
	  1, 
	  1, 
	  1, 
	  1, 
	  1, 
	  1, 
	  1, 
	  1, 
	  1, 
	  1, 
	  1, 
	  1, 
	  1, 
	  1, 
	  1, 
	  1, 
	  1, 
	  1, 
	  1, 
	  1, 
	  1, 
	  1, 
	  1, 
	  1, 
	  1, 
	  1, 
	  1, 
	  1, 
	  1, 
	  1, 
	  1, 
	  1, 
	  1, 
	  1, 
	  1, 
	  1, 
	  1, 
	  1, 
	  1, 
	  1, 
	  1, 
	  1, 
	  1, 
	  1, 
	  1, 
	  1, 
	  1, 
	  1, 
	  1, 
	  1, 
	  1, 
	  1, 
	  1, 
	  1, 
	  1, 
	  1, 
	  1, 
	  1, 
	  1, 
	  1, 
	  1, 
	  1, 
	  1, 
	  1, 
	  1, 
	  1, 
	  1, 
	  1, 
	  1, 
	  1, 
	  1, 
	  1, 
	  1, 
	  1, 
	  1, 
	  1, 
	  1, 
	  1, 
	  1, 
	  1, 
	  1, 
	  1, 
	  1, 
	  1, 
	  1, 
	  1, 
	  1, 
	  1, 
	  1, 
	  1, 
	  1, 
	  1, 
	  1, 
	  1, 
	  1, 
	  1, 
	  1, 
	  1, 
	  1, 
	  1, 
	  1, 
	  1, 
	  1, 
	  1, 
	  1, 
	  1, 
	  1, 
	  1, 
	  1, 
	  1, 
	  1, 
	  1, 
	  1, 
	  1, 
	  1, 
	  1, 
	  1, 
	  1, 
	  1, 
	  1, 
	  1, 
	  1, 
	  1, 
	  1, 
	  1, 
	  1, 
	  1, 
	  1, 
	  1, 
	  1, 
	  1, 
	  1, 
	  1, 
	  1, 
	  1, 
	  1, 
	  1, 
	  1, 
	  1, 
	  1, 
	  1, 
	  1, 
	  1, 
	  1, 
	  1, 
	  1, 
	  1, 
	  1, 
	  1, 
	  1, 
	  1, 
	  1, 
	  1, 
	  1, 
	  1, 
	  1, 
	  1, 
	  1, 
	  1, 
	  1, 
	  1, 
	  1, 
	  1, 
	  1, 
	  1, 
	  1, 
	  1, 
	  1, 
	  1, 
	  1, 
	  1, 
	  1, 
	  1, 
	  1, 
	  1, 
	  1, 
	  1, 
	  1, 
	  1, 
	  1, 
	  1, 
	  1, 
	  1, 
	  1, 
	  1, 
	  1, 
	  1, 
	  1, 
	  1, 
	  1, 
	  1, 
	  1, 
	  1, 
	  1, 
	  1, 
	  1, 
	  1, 
	  1, 
	  1, 
	  1, 
	  1, 
	  1, 
	  1, 
	  1, 
	  1, 
	  1, 
	  1, 
	  1, 
	  1, 
	  1, 
	  1, 
	  1, 
	  1, 
	  1, 
	  1, 
	  1, 
	  1, 
	  1, 
	  1, 
	  1, 
	  1, 
	  1, 
	  1, 
	  1, 
	  1, 
	  1, 
	  1, 
	  1, 
	  1, 
	  1, 
	  1, 
	  1, 
	  1, 
	  1, 
	  1, 
	  1, 
	  1, 
	  1, 
	  1, 
	  1, 
	  1, 
	  1, 
	  1, 
	  1, 
	  1, 
	  1, 
	  1, 
	  1, 
	  1, 
	  1, 
	  1, 
	  1, 
	  1, 
	  1, 
	  1, 
	  1, 
	  1, 
	  1, 
	  1, 
	  1, 
	  1, 
	  1, 
	  1, 
	  1, 
	  1, 
	  1, 
	  1, 
	  1, 
	  1, 
	  1, 
	  1, 
	  1, 
	  1, 
	  1, 
	  1, 
	  1, 
	  1, 
	  1, 
	  1, 
	  1, 
	  1, 
	  1, 
	  1, 
	  1, 
	  1, 
	  1, 
	  1, 
	  1, 
	  1, 
	  1, 
	  1, 
	  1, 
	  1, 
	  1, 
	  1, 
	  1, 
	  1, 
	  1, 
	  1, 
	  1, 
	  1, 
	  1, 
	  1, 
	  1, 
	  1, 
	  1, 
	  1, 
	  1, 
	  1, 
	  1, 
	  1, 
	  1, 
	  1, 
	  1, 
	  1, 
	  1, 
	  1, 
	  1, 
	  1, 
	  1, 
	  1, 
	  1, 
	  1, 
	  1, 
	  1, 
	  1, 
	  1, 
	  1, 
	  1, 
	  1, 
	  1, 
	  1, 
	  1, 
	  1, 
	  1, 
	  1, 
	  1, 
	  1, 
	  1, 
	  1, 
	  1, 
	  1, 
	  1, 
	  1, 
	  1, 
	  1, 
	  1, 
	  1, 
	  1, 
	  1, 
	  1, 
	  1, 
	  1, 
	  1, 
	  1, 
	  1, 
	  1, 
	  1, 
	  1, 
	  1, 
	  1, 
	  1, 
	  1, 
	  1, 
	  1, 
	  1, 
	  1, 
	  1, 
	  1, 
	  1, 
	  1, 
	  1, 
	  1, 
	  1, 
	  1, 
	  1, 
	  1, 
	  1, 
	  1, 
    ] 
normal Normal { 
vector [ 
	  0.874695   0.417438   0.246281,
	  0.800892  -0.513119   0.308675,
	  0.928770  -0.273444  -0.250229,
	  0.541389   0.609050   0.579617,
	  0.324503  -0.097418   0.940855,
	  0.863378   0.501522   0.055264,
	  0.412863  -0.910790  -0.002569,
	  0.066929  -0.928413   0.365471,
	  0.848042   0.490952  -0.199479,
	  0.825679   0.330578  -0.457135,
	  0.811527  -0.026200  -0.583727,
	  0.629814  -0.532735  -0.565268,
	  0.447777  -0.822840  -0.349901,
	  0.391458  -0.904856  -0.167321,
	  0.560969   0.805913   0.189254,
	 -0.010139   0.732340   0.680863,
	 -0.274232   0.183159   0.944060,
	 -0.474039  -0.598973   0.645382,
	  0.060930  -0.998113   0.007632,
	 -0.442304  -0.877007   0.187686,
	  0.564874   0.790887  -0.235405,
	  0.673523   0.469170  -0.571180,
	  0.563298  -0.062428  -0.823892,
	  0.251650  -0.607801  -0.753160,
	  0.135542  -0.906256  -0.400411,
	  0.126541   0.958920   0.253889,
	 -0.105995   0.667306   0.737203,
	 -0.349087   0.069491   0.934510,
	 -0.558798  -0.424337   0.712519,
	 -0.619728  -0.757539   0.205113,
	 -0.405688  -0.819029  -0.405720,
	 -0.661722  -0.704499  -0.256526,
	  0.284845   0.940091  -0.187331,
	  0.121826   0.615299  -0.778823,
	  0.032496  -0.054755  -0.997971,
	 -0.092632  -0.474327  -0.875462,
	  0.131678   0.936543   0.324883,
	  0.197498   0.568139   0.798882,
	 -0.022847  -0.149467   0.988503,
	 -0.243978  -0.723616   0.645643,
	 -0.358269  -0.918369   0.168053,
	 -0.424014  -0.860599  -0.282102,
	 -0.378690  -0.368736  -0.848898,
	 -0.369429  -0.498503  -0.784230,
	  0.016196   0.979867  -0.198992,
	 -0.130001   0.615192  -0.777585,
	 -0.089663   0.075482  -0.993108,
	  0.278091   0.906645   0.317269,
	  0.396736   0.511960   0.761904,
	  0.205979  -0.234082   0.950147,
	 -0.026954  -0.825459   0.563818,
	 -0.124425  -0.991184   0.045522,
	 -0.164224  -0.868429  -0.467826,
	 -0.192310  -0.401636  -0.895380,
	 -0.151378   0.063184  -0.986455,
	 -0.144542   0.022943  -0.989233,
	  0.253466   0.944350  -0.209660,
	  0.080040   0.619651  -0.780786,
	  0.422053   0.867597   0.262957,
	  0.395620   0.610561   0.686075,
	  0.244488  -0.147657   0.958344,
	  0.065640  -0.800896   0.595195,
	 -0.009389  -0.998808   0.047895,
	 -0.010818  -0.801628  -0.597726,
	  0.053579  -0.163318  -0.985117,
	  0.058387   0.116786  -0.991439,
	  0.066165   0.476347  -0.876764,
	  0.111915   0.347307  -0.931049,
	  0.342590   0.886383  -0.311381,
	  0.419922   0.887561   0.189473,
	  0.310928   0.692721   0.650740,
	  0.139355  -0.000584   0.990242,
	  0.009180  -0.718335   0.695637,
	  0.006100  -0.992855   0.119175,
	  0.035025  -0.792799  -0.608476,
	  0.103147  -0.172983  -0.979509,
	  0.257519   0.180616  -0.949243,
	  0.241358   0.381476  -0.892313,
	  0.352862   0.844678  -0.402502,
	  0.280781   0.871337  -0.402411,
	  0.275155   0.949631   0.149973,
	 -0.567950   0.746265   0.347162,
	 -0.609676   0.459365   0.645971,
	 -0.661069  -0.136828   0.737744,
	 -0.737904  -0.572038   0.358147,
	 -0.617515  -0.488474  -0.616497,
	 -0.152913   0.047471  -0.987099,
	 -0.051112   0.226407  -0.972691,
	 -0.184212   0.442580  -0.877604,
	 -0.278914   0.890000  -0.360704,
	 -0.318802   0.918990   0.231999,
	 -0.941497   0.216508   0.258277,
	 -0.923899   0.377651   0.061557,
	 -0.839222   0.515670   0.172601,
	 -0.904537   0.359945   0.228588,
	 -0.946282   0.323342   0.000816,
	 -0.688761   0.423601  -0.588362,
	 -0.445265   0.478741  -0.756668,
	 -0.797346   0.366307  -0.479644,
	 -0.935288   0.258897  -0.241267,
	 -0.947252   0.221750   0.231388,
	 -0.925060   0.026287   0.378910,
	 -0.898107   0.337770   0.281627,
	 -0.800657   0.524919   0.288806,
	 -0.835100   0.479453   0.269689,
	 -0.885127   0.434064   0.167747,
	 -0.891535   0.450897  -0.043088,
	 -0.753452   0.578356  -0.312753,
	 -0.839693   0.516869  -0.166620,
	 -0.949950   0.311887   0.017925,
	 -0.990244   0.057892   0.126749,
	 -0.871578   0.431340   0.233021,
	  0.535782  -0.015622   0.844212,
	  0.306472  -0.521384   0.796388,
	  0.610384  -0.765216   0.204638,
	  0.228011   0.604592   0.763203,
	 -0.078067   0.060358   0.995119,
	  0.833497   0.249944   0.492758,
	  0.226800  -0.860874   0.455476,
	 -0.282015  -0.599169   0.749309,
	  0.954827   0.269730  -0.124703,
	  0.794647  -0.016987  -0.606833,
	  0.585027  -0.353989  -0.729681,
	  0.474878  -0.687189  -0.549783,
	  0.347888  -0.920514  -0.177842,
	  0.287861  -0.944366   0.159089,
	  0.428721   0.844944   0.319794,
	  0.113812   0.633111   0.765648,
	 -0.222864   0.150585   0.963149,
	 -0.535162  -0.436071   0.723494,
	 -0.299127  -0.895370   0.329903,
	 -0.708051  -0.645149   0.287136,
	  0.462331   0.813144  -0.353619,
	  0.271916   0.403500  -0.873641,
	  0.203209   0.167888  -0.964634,
	  0.121770  -0.202516  -0.971679,
	 -0.104434  -0.868504  -0.484555,
	  0.422551   0.814149   0.398261,
	  0.053817   0.337880   0.939649,
	 -0.232026  -0.038396   0.971951,
	 -0.540829  -0.521539   0.659925,
	 -0.698611  -0.706196   0.115022,
	 -0.650890  -0.526674  -0.546769,
	 -0.712338  -0.474783  -0.516871,
	  0.479827   0.774606  -0.412008,
	  0.302694   0.390069  -0.869610,
	  0.195905   0.190584  -0.961925,
	 -0.068667  -0.035768  -0.996998,
	  0.437321   0.882344   0.173837,
	 -0.116515  -0.163604   0.979622,
	 -0.064905  -0.099233   0.992945,
	 -0.362127  -0.637729   0.679828,
	 -0.504457  -0.863379   0.009985,
	 -0.450470  -0.725073  -0.520909,
	 -0.243987  -0.047777  -0.968601,
	 -0.229963  -0.319017  -0.919427,
	  0.383719   0.820119  -0.424457,
	  0.279356   0.423273  -0.861858,
	  0.061134   0.110611  -0.991982,
	  0.349737   0.891064   0.289291,
	  0.105037   0.328830   0.938530,
	 -0.122628  -0.332821   0.934983,
	 -0.160182  -0.517467   0.840577,
	 -0.373159  -0.920995   0.111894,
	 -0.336133  -0.870877  -0.358592,
	 -0.163688  -0.539199  -0.826118,
	 -0.032084   0.005036  -0.999472,
	 -0.033631  -0.245581  -0.968792,
	  0.381283   0.827378  -0.412394,
	  0.189033   0.413417  -0.890704,
	  0.420342   0.907366   0.000653,
	  0.341095   0.862706   0.373354,
	  0.011514  -0.042115   0.999046,
	 -0.147825  -0.509667   0.847577,
	 -0.226088  -0.923753   0.309136,
	 -0.208625  -0.914845  -0.345736,
	 -0.054066  -0.539068  -0.840525,
	  0.097571  -0.115744  -0.988475,
	  0.230172   0.309879  -0.922495,
	  0.284622   0.377006  -0.881395,
	  0.380173   0.830235  -0.407650,
	  0.365974   0.927838   0.071974,
	  0.269710   0.747736   0.606751,
	 -0.021061   0.080816   0.996506,
	  0.092628  -0.243591   0.965445,
	  0.046556  -0.883416   0.466271,
	  0.061713  -0.872573  -0.484570,
	  0.204366  -0.347947  -0.914969,
	  0.290613   0.112954  -0.950150,
	  0.380100   0.473471  -0.794575,
	  0.424306   0.864794  -0.268508,
	  0.476826   0.839685  -0.259934,
	  0.415299   0.856476   0.306555,
	  0.195070   0.640047   0.743160,
	 -0.072985   0.389518   0.918122,
	 -0.250486  -0.275254   0.928166,
	 -0.341336  -0.843261   0.415212,
	 -0.036085  -0.818392  -0.573526,
	  0.258786  -0.302255  -0.917427,
	  0.446891   0.182975  -0.875676,
	  0.470131   0.565559  -0.677584,
	  0.462298   0.853032  -0.242109,
	  0.390485   0.858624   0.332094,
	  0.005393   0.999570   0.028808,
	 -0.759196   0.555141   0.339765,
	 -0.867216  -0.277315   0.413561,
	 -0.880426  -0.461616   0.108444,
	 -0.691114  -0.524403  -0.497356,
	 -0.209319  -0.291965  -0.933243,
	  0.302866   0.217317  -0.927925,
	  0.521633   0.621830  -0.584146,
	  0.555262   0.820867  -0.133647,
	  0.365857   0.902294   0.228067,
	 -0.265462   0.936640  -0.228552,
	 -0.536141   0.480623  -0.693941,
	 -0.846527  -0.185352  -0.499036,
	 -0.965008  -0.088897  -0.246694,
	 -0.967345  -0.124141  -0.220980,
	 -0.858547  -0.157054  -0.488090,
	 -0.567388   0.234243  -0.789431,
	 -0.077864   0.828103  -0.555142,
	  0.120390   0.983026  -0.138445,
	  0.098684   0.964109   0.246485,
	 -0.875603   0.432238  -0.215614,
	  0.812189   0.111024   0.572733,
	  0.589175  -0.402925   0.700374,
	  0.757418  -0.648034   0.079809,
	  0.399080   0.322491   0.858333,
	  0.120975   0.169704   0.978042,
	  0.933513   0.151247   0.325080,
	  0.245592  -0.923047   0.296088,
	 -0.164259  -0.394726   0.903997,
	  0.984298   0.167992   0.054188,
	  0.975180   0.161173  -0.151816,
	  0.819606  -0.290207  -0.493990,
	  0.368462  -0.758540  -0.537451,
	  0.216281  -0.928445  -0.302013,
	  0.191690  -0.981433   0.006711,
	  0.662810   0.614439   0.427958,
	  0.368452   0.325689   0.870729,
	  0.055233  -0.122276   0.990958,
	 -0.390730  -0.242529   0.887981,
	 -0.374557  -0.906690   0.193960,
	 -0.785115  -0.508684   0.353321,
	  0.740094   0.653954  -0.156860,
	  0.626289   0.398444  -0.670077,
	  0.378812  -0.035307  -0.924800,
	  0.111908  -0.440718  -0.890642,
	 -0.195457  -0.819976  -0.537993,
	  0.525847   0.744094   0.412079,
	  0.290619   0.514827   0.806532,
	 -0.018761  -0.290260   0.956764,
	 -0.407584  -0.687705   0.600780,
	 -0.627048  -0.763769   0.153190,
	 -0.627362  -0.583669  -0.515507,
	 -0.621413  -0.664713  -0.414730,
	  0.573706   0.779364  -0.251898,
	  0.449763   0.440894  -0.776740,
	  0.213381   0.057538  -0.975273,
	 -0.172017  -0.302123  -0.937620,
	  0.431949   0.832417   0.347133,
	  0.052497   0.567227   0.821887,
	 -0.211032   0.226035   0.950986,
	 -0.472335  -0.709166   0.523435,
	 -0.483304  -0.871045   0.087744,
	 -0.419849  -0.840075  -0.343513,
	 -0.365533  -0.381781  -0.848899,
	 -0.294117  -0.568542  -0.768281,
	  0.481413   0.832171  -0.275197,
	  0.330249   0.462014  -0.823091,
	  0.002878  -0.015222  -0.999880,
	  0.346222   0.876553   0.334342,
	  0.067703   0.352045   0.933531,
	 -0.225047   0.012681   0.974265,
	 -0.396350  -0.727592   0.559926,
	 -0.349716  -0.936722   0.015817,
	 -0.319203  -0.924248  -0.209465,
	 -0.178130  -0.686367  -0.705103,
	 -0.096916  -0.200065  -0.974978,
	  0.012665  -0.273103  -0.961901,
	  0.410732   0.864616  -0.289375,
	  0.237026   0.428041  -0.872124,
	  0.367293   0.826968   0.425699,
	  0.162767   0.354981   0.920595,
	 -0.090320  -0.291841   0.952193,
	 -0.195691  -0.788663   0.582851,
	 -0.134996  -0.990846   0.000914,
	 -0.125059  -0.950504  -0.284432,
	 -0.009199  -0.655643  -0.755015,
	  0.180497  -0.134932  -0.974276,
	  0.287264   0.341772  -0.894802,
	  0.389707   0.459139  -0.798323,
	  0.447603   0.837737  -0.312808,
	  0.396090   0.811596   0.429446,
	  0.217298   0.477283   0.851459,
	  0.018062  -0.007192   0.999811,
	 -0.120728  -0.697653   0.706191,
	 -0.081007  -0.983950   0.158994,
	 -0.014010  -0.913443  -0.406726,
	  0.090547  -0.516956  -0.851209,
	  0.250960   0.022108  -0.967745,
	  0.446512   0.539200  -0.714066,
	  0.476234   0.846978  -0.236281,
	  0.521823   0.836576  -0.166859,
	  0.434675   0.814961   0.383270,
	  0.173356   0.463762   0.868834,
	 -0.008530   0.127872   0.991754,
	 -0.172905  -0.420594   0.890620,
	 -0.269659  -0.916846   0.294411,
	 -0.157579  -0.847859  -0.506264,
	  0.003527  -0.347164  -0.937798,
	  0.135866   0.113286  -0.984229,
	  0.315245   0.550219  -0.773227,
	  0.451306   0.864539  -0.221123,
	  0.395817   0.822686   0.408065,
	  0.011158   0.583710   0.811886,
	 -0.228800   0.197105   0.953310,
	 -0.636750   0.042667   0.769889,
	 -0.921274  -0.217408   0.322472,
	 -0.778109  -0.225619  -0.586210,
	 -0.293892   0.022732  -0.955568,
	 -0.092872   0.240930  -0.966089,
	 -0.014500   0.549618  -0.835290,
	  0.059942   0.928889  -0.365474,
	  0.088725   0.968372   0.233204,
	 -0.489845   0.857921   0.154995,
	 -0.752835   0.380585   0.537023,
	 -0.983180   0.111533   0.144626,
	 -0.950087   0.291459  -0.111292,
	 -0.848623   0.496772  -0.181817,
	 -0.672690   0.494564  -0.550359,
	 -0.534140   0.404165  -0.742526,
	 -0.500617   0.453525  -0.737359,
	 -0.509910   0.717553  -0.474457,
	 -0.491720   0.855164  -0.164029,
	 -0.822218   0.423251  -0.380547,
	  0.437972  -0.111976   0.891988,
	  0.394722  -0.315949   0.862769,
	  0.940294  -0.239449   0.241891,
	  0.006473   0.455692   0.890114,
	 -0.145305  -0.050044   0.988120,
	  0.702622   0.270386   0.658190,
	  0.348739  -0.475332   0.807738,
	 -0.142999  -0.587466   0.796514,
	  0.888227   0.386463  -0.248392,
	  0.718708   0.019528  -0.695038,
	  0.708295  -0.063699  -0.703036,
	  0.716823  -0.239874  -0.654695,
	  0.635119  -0.708364  -0.307968,
	  0.469591  -0.764041   0.442409,
	  0.253392   0.887928   0.383897,
	 -0.137757   0.481469   0.865570,
	 -0.426176   0.130668   0.895154,
	 -0.566372  -0.347284   0.747407,
	 -0.041990  -0.932887   0.357714,
	 -0.565279  -0.743811   0.356658,
	  0.401740   0.831678  -0.383297,
	  0.349926   0.359564  -0.865023,
	  0.212677  -0.023950  -0.976829,
	  0.113593  -0.451498  -0.885012,
	  0.138417  -0.881804  -0.450846,
	  0.167735   0.910147   0.378812,
	 -0.164154   0.348792   0.922712,
	 -0.389724  -0.090759   0.916449,
	 -0.563440  -0.362439   0.742410,
	 -0.656954  -0.702080   0.274766,
	 -0.315050  -0.804777  -0.503068,
	 -0.607366  -0.721083  -0.333386,
	  0.272346   0.881520  -0.385681,
	  0.128171   0.378210  -0.916804,
	 -0.033995   0.005368  -0.999408,
	 -0.019804  -0.215873  -0.976221,
	  0.142477   0.898145   0.415975,
	 -0.181417   0.153243   0.971393,
	 -0.325909  -0.206359   0.922605,
	 -0.401179  -0.465983   0.788616,
	 -0.455897  -0.829513   0.322592,
	 -0.389889  -0.901495  -0.187866,
	 -0.196123  -0.287993  -0.937335,
	 -0.140381  -0.625498  -0.767493,
	  0.277136   0.854459  -0.439426,
	  0.114016   0.250486  -0.961383,
	 -0.003032  -0.047746  -0.998855,
	  0.160343   0.797599   0.581487,
	 -0.016951   0.176184   0.984211,
	 -0.141839  -0.216592   0.965903,
	 -0.219798  -0.520111   0.825332,
	 -0.260711  -0.919292   0.294842,
	 -0.192399  -0.942502  -0.273264,
	 -0.042271  -0.676132  -0.735567,
	  0.121005  -0.169551  -0.978065,
	  0.168314  -0.158349  -0.972932,
	  0.362232   0.826843  -0.430254,
	  0.261912   0.247977  -0.932689,
	  0.278525   0.823721   0.493870,
	  0.073107   0.413843   0.907408,
	 -0.046740  -0.063675   0.996876,
	 -0.101192  -0.519802   0.848272,
	 -0.101046  -0.951590   0.290287,
	  0.020395  -0.885115  -0.464926,
	  0.158386  -0.452141  -0.877771,
	  0.239698  -0.016762  -0.970703,
	  0.342737   0.374965  -0.861355,
	  0.326674   0.398038  -0.857234,
	  0.423232   0.848897  -0.316620,
	  0.279109   0.866801   0.413224,
	  0.101139   0.525146   0.844981,
	 -0.018070   0.089338   0.995837,
	 -0.098603  -0.415026   0.904450,
	 -0.084011  -0.937057   0.338918,
	  0.080387  -0.864358  -0.496411,
	  0.238587  -0.310368  -0.920189,
	  0.310827   0.129132  -0.941654,
	  0.357335   0.486037  -0.797546,
	  0.393790   0.856433  -0.333845,
	  0.371204   0.870392  -0.323458,
	  0.263684   0.895658   0.358144,
	  0.015502   0.599337   0.800347,
	 -0.050378   0.209521   0.976506,
	 -0.050681  -0.330265   0.942527,
	  0.009214  -0.917616   0.397360,
	  0.114186  -0.844187  -0.523746,
	  0.193840  -0.251075  -0.948360,
	  0.273087   0.185139  -0.944006,
	  0.299018   0.525963  -0.796210,
	  0.280971   0.895794  -0.344397,
	  0.174787   0.934228   0.310914,
	 -0.204922   0.706098   0.677814,
	 -0.344616   0.318122   0.883198,
	 -0.607061  -0.143418   0.781606,
	 -0.658976  -0.687065   0.306093,
	 -0.415212  -0.701685  -0.578997,
	 -0.107280  -0.127374  -0.986036,
	 -0.042637   0.192194  -0.980430,
	 -0.026915   0.478601  -0.877620,
	 -0.093538   0.861162  -0.499651,
	 -0.133455   0.989106   0.062128,
	 -0.579572   0.781425  -0.231239,
	 -0.861444   0.374808   0.342686,
	 -0.949490  -0.230379   0.213060,
	 -0.943120  -0.302245  -0.138467,
	 -0.932745  -0.198311  -0.301098,
	 -0.729714  -0.040785  -0.682535,
	 -0.564159   0.107867  -0.818590,
	 -0.554696   0.200659  -0.807495,
	 -0.625265   0.428852  -0.652019,
	 -0.627724   0.631191  -0.455588,
	 -0.826054  -0.048912  -0.561465,
	  0.570194   0.473874   0.671060,
	  0.385980  -0.352824   0.852370,
	  0.813131  -0.434858   0.386931,
	  0.285736   0.665383   0.689652,
	 -0.099587   0.241942   0.965167,
	  0.704549   0.545106   0.454389,
	  0.215050  -0.886778   0.409119,
	 -0.139240  -0.749170   0.647578,
	  0.791779   0.576547   0.201691,
	  0.843804   0.535136  -0.040305,
	  0.929059  -0.125725  -0.347913,
	  0.385153  -0.904145  -0.184877,
	  0.291882  -0.956453   0.001497,
	  0.248536  -0.961345   0.118516,
	  0.517431   0.774578   0.363724,
	  0.071835   0.611785   0.787756,
	 -0.312136   0.288130   0.905291,
	 -0.464892  -0.375227   0.801923,
	 -0.008298  -0.975074   0.221722,
	 -0.424689  -0.838121   0.342334,
	  0.601378   0.798944  -0.005719,
	  0.603849   0.662072  -0.443877,
	  0.426163  -0.011012  -0.904580,
	  0.195155  -0.688129  -0.698851,
	  0.101398  -0.963220  -0.248850,
	  0.350546   0.871801   0.342170,
	  0.058360   0.576930   0.814706,
	 -0.206609  -0.007079   0.978398,
	 -0.565578  -0.213000   0.796713,
	 -0.913144  -0.288066   0.288421,
	 -0.196244  -0.834948  -0.514149,
	 -0.610489  -0.473805  -0.634675,
	  0.471412   0.862878  -0.182243,
	  0.426419   0.594794  -0.681460,
	  0.117229   0.122839  -0.985479,
	  0.052900  -0.272892  -0.960589,
	  0.210446   0.916575   0.340004,
	 -0.095530   0.637794   0.764260,
	 -0.200683   0.148168   0.968387,
	 -0.366990  -0.673000   0.642176,
	 -0.665522  -0.740265   0.095326,
	 -0.727034  -0.553142  -0.406761,
	  0.056382  -0.535853  -0.842426,
	 -0.078836  -0.708064  -0.701734,
	  0.332437   0.910926  -0.244335,
	  0.355152   0.491722  -0.795032,
	  0.301549  -0.053968  -0.951922,
	  0.153629   0.951287   0.267305,
	 -0.027494   0.507490   0.861219,
	 -0.292470   0.050637   0.954933,
	 -0.348113  -0.613135   0.709143,
	 -0.233966  -0.962592   0.136661,
	 -0.206353  -0.975743  -0.073097,
	 -0.145275  -0.763961  -0.628696,
	  0.565356  -0.138957  -0.813059,
	  0.083600  -0.202497  -0.975708,
	  0.288316   0.943281  -0.164604,
	  0.461192   0.778521  -0.425683,
	  0.201907   0.909235   0.364040,
	  0.063476   0.476598   0.876827,
	 -0.093798  -0.029139   0.995165,
	 -0.143501  -0.655005   0.741873,
	 -0.059177  -0.979880   0.190615,
	 -0.044067  -0.997652  -0.052430,
	  0.070014  -0.696058  -0.714564,
	  0.127407   0.047769  -0.990700,
	  0.360799   0.657883  -0.661070,
	  0.260073   0.373055  -0.890613,
	  0.303340   0.951185  -0.056843,
	  0.277322   0.904941   0.322761,
	  0.128237   0.663310   0.737275,
	 -0.051528   0.076841   0.995711,
	 -0.113443  -0.477726   0.871154,
	 -0.084445  -0.911500   0.402539,
	  0.091540  -0.951590  -0.293424,
	  0.272241  -0.360516  -0.892140,
	  0.285098   0.106891  -0.952519,
	  0.299062   0.356512  -0.885133,
	  0.371918   0.927200  -0.044464,
	  0.375740   0.923522  -0.076990,
	  0.327177   0.911136   0.250572,
	  0.067587   0.945706   0.317919,
	 -0.671335   0.558930   0.486730,
	 -0.640729  -0.474286   0.603754,
	 -0.433724  -0.834115   0.340787,
	 -0.185946  -0.794981  -0.577433,
	  0.225802  -0.126547  -0.965919,
	  0.362451   0.265431  -0.893407,
	  0.387560   0.477488  -0.788544,
	  0.371946   0.832967  -0.409661,
	  0.247925   0.914727   0.319074,
	 -0.040964   0.981825  -0.185313,
	 -0.271846   0.409947  -0.870657,
	 -0.672260  -0.035597  -0.739459,
	 -0.951146   0.029815  -0.307297,
	 -0.669667   0.201445  -0.714819,
	  0.033488   0.155336  -0.987294,
	  0.234401   0.219746  -0.946978,
	  0.297094   0.549416  -0.780946,
	  0.229511   0.876312  -0.423559,
	  0.125601   0.991296  -0.039458,
	 -0.192425   0.761757  -0.618626,
	 -0.193711   0.394554  -0.898222,
	 -0.337708   0.185956  -0.922699,
	 -0.526055   0.529579  -0.665441,
	 -0.505364   0.770027  -0.389442,
	 -0.229749   0.619326  -0.750767,
	 -0.082659   0.441107  -0.893640,
	 -0.061562   0.492396  -0.868192,
	 -0.114689   0.791132  -0.600796,
	 -0.188672   0.903162  -0.385617,
	 -0.408719   0.577231  -0.706933,
	  0.998413  -0.052018   0.021578,
	  0.702364   0.398353  -0.589915,
	  0.571515   0.815130  -0.094524,
	  0.334423   0.341402   0.878411,
	  0.772965   0.014811   0.634276,
	  0.866310   0.191269  -0.461435,
	  0.209405   0.535249  -0.818327,
	  0.283313   0.519134  -0.806371,
	 -0.390300   0.910663  -0.135497,
	 -0.496650   0.434827   0.751175,
	 -0.450939   0.078394   0.889106,
	  0.402504  -0.148985   0.903213,
	  0.997544  -0.031505   0.062559,
	  0.870470   0.085329  -0.484768,
	  0.668229   0.359080  -0.651560,
	  0.111883   0.544584  -0.831210,
	  0.516793   0.418428  -0.746889,
	  0.088418   0.335041  -0.938046,
	  0.181280   0.398565  -0.899046,
	 -0.523999   0.792418  -0.312248,
	 -0.624837   0.182304   0.759173,
	 -0.483518  -0.110578   0.868322,
	  0.025774   0.005521   0.999653,
	  0.974547  -0.221549  -0.034271,
	  0.835662   0.077990  -0.543679,
	  0.390985   0.236371  -0.889528,
	 -0.094646   0.522212  -0.847548,
	  0.217554   0.362634  -0.906183,
	  0.165207   0.419580  -0.892558,
	 -0.908173   0.397555   0.131042,
	 -0.494547   0.062056   0.866933,
	 -0.501962   0.040591   0.863937,
	  0.249277  -0.870116   0.425158,
	 -0.503951  -0.350079   0.789606,
	  0.756646  -0.653825   0.000420,
	  0.646446  -0.491363  -0.583669,
	  0.391733  -0.087521  -0.915907,
	 -0.562751   0.447935  -0.694742,
	  0.316986   0.154118  -0.935824,
	 -0.058554   0.045483  -0.997248,
	 -0.994601   0.083620  -0.061452,
	 -0.923883   0.284523   0.255904,
	 -0.368930   0.242573   0.897245,
	 -0.226510   0.036969   0.973307,
	 -0.400096  -0.241572   0.884062,
	  0.087947  -0.975178   0.203207,
	 -0.216118  -0.911849   0.349035,
	 -0.182777  -0.885983   0.426178,
	  0.429660  -0.867397  -0.251029,
	  0.441300  -0.673928  -0.592516,
	 -0.924555  -0.205119  -0.321130,
	  0.282558  -0.612623  -0.738143,
	 -0.455667  -0.846829  -0.274315,
	 -0.971996  -0.076862  -0.222072,
	 -0.951559  -0.307439  -0.004050,
	 -0.766316  -0.453280   0.455298,
	  0.017429  -0.435814   0.899868,
	  0.057767  -0.399279   0.915008,
	  0.031241  -0.999364   0.017213,
	 -0.181382  -0.950204   0.253402,
	  0.987558   0.074450   0.138516,
	  0.509212  -0.204971   0.835877,
	  0.537778  -0.236703   0.809176,
	  0.417923  -0.444831   0.792128,
	  0.762247   0.143761   0.631119,
	  0.896425   0.418682   0.145355,
	  0.828806   0.559427  -0.011054,
	  0.850210   0.486569  -0.200983,
	  0.852998   0.208173  -0.478600,
	  0.375524  -0.577666  -0.724765,
	  0.277170  -0.911017  -0.305327,
	 -0.058244  -0.122509   0.990757,
	 -0.197265  -0.523671   0.828767,
	 -0.455145  -0.783057   0.423870,
	 -0.146168  -0.306625   0.940540,
	  0.341716   0.791723   0.506364,
	  0.399739   0.914883  -0.056549,
	  0.299201   0.777180  -0.553598,
	  0.217008   0.377000  -0.900432,
	 -0.110284  -0.207595  -0.971978,
	 -0.235287  -0.576559  -0.782444,
	 -0.291807  -0.764664  -0.574575,
	  0.046968  -0.734017   0.677505,
	  0.018333  -0.284003   0.958648,
	 -0.050340  -0.514949   0.855741,
	 -0.109918  -0.129060   0.985526,
	 -0.159386   0.565362   0.809297,
	 -0.207057   0.968607  -0.137582,
	 -0.156345   0.964106  -0.214606,
	 -0.313366   0.562337  -0.765231,
	 -0.254336   0.103424  -0.961570,
	 -0.208631  -0.413363  -0.886343,
	  0.010071  -0.724173  -0.689545,
	 -0.467848  -0.187208   0.863754,
	 -0.520265  -0.841837  -0.143648,
	 -0.502960  -0.357672   0.786831,
	 -0.413431  -0.270199   0.869521,
	 -0.827232   0.560114   0.044270,
	 -0.681595   0.669619  -0.295023,
	 -0.627347   0.133914  -0.767139,
	 -0.511419  -0.412336  -0.753943,
	 -0.982915   0.049306  -0.177336,
	  0.021422   0.999689  -0.012761,
	 -0.170877   0.440253   0.881464,
	  0.683298   0.671797   0.285995,
	 -0.252358   0.203460   0.946002,
	 -0.369901   0.364286   0.854675,
	 -0.869444   0.331706   0.366112,
	 -0.816315   0.309358  -0.487778,
	  0.146978   0.364055  -0.919707,
	  0.220982   0.419442  -0.880475,
	  0.021280   0.251792  -0.967547,
	  0.566976   0.300030  -0.767150,
	  0.884799   0.464479  -0.037274,
	  0.698771   0.703010   0.132270,
	  0.418651  -0.140115   0.897273,
	 -0.521307  -0.167299   0.836809,
	  0.998453  -0.046316   0.030757,
	 -0.091651  -0.078347   0.992704,
	 -0.004862  -0.124653   0.992189,
	 -0.679008  -0.245370   0.691911,
	 -0.891638  -0.193635   0.409252,
	 -0.934708  -0.230615  -0.270440,
	 -0.118237  -0.234708  -0.964848,
	  0.213544  -0.167669  -0.962437,
	  0.134881  -0.297350  -0.945193,
	  0.299971  -0.430956  -0.851055,
	  0.818662  -0.349328  -0.455809,
	 -0.280055  -0.219683   0.934510,
	  0.746868  -0.427447   0.509389,
	 -0.222835   0.014597   0.974747,
	  0.874491  -0.361833  -0.323020,
	 -0.091675  -0.092979   0.991439,
	 -0.727411  -0.208917   0.653626,
	 -0.887973  -0.156427   0.432476,
	 -0.613611  -0.243928  -0.750987,
	  0.153572  -0.080212  -0.984877,
	  0.352794  -0.179867  -0.918251,
	  0.422493  -0.398962  -0.813836,
	  0.319843  -0.731376   0.602321,
	 -0.148806  -0.348951   0.925251,
	  0.488132  -0.324781  -0.810089,
	  0.550841  -0.625515  -0.552544,
	 -0.413079  -0.457901   0.787206,
	 -0.748545  -0.611376   0.256709,
	 -0.081203  -0.567294  -0.819502,
	  0.473647  -0.350873  -0.807804,
	  0.050486  -0.997033   0.058102,
	 -0.919503   0.388582   0.059322,
	 -0.144771   0.564865   0.812385,
	 -0.800049   0.599748  -0.014984,
	 -0.502215   0.302967   0.809933,
	 -0.935378   0.319088  -0.152481,
	 -0.836206   0.425326  -0.346205,
	 -0.574357   0.700487   0.423593,
	  0.065460   0.457209   0.886947,
	 -0.762553   0.453363  -0.461491,
	 -0.771091   0.600335  -0.212171,
	 -0.686154  -0.723998   0.070857,
	  0.276791   0.270382   0.922107,
	  0.043218  -0.537871   0.841918,
	 -0.288976  -0.916661   0.276090,
	 -0.941394   0.069128  -0.330149,
	 -0.601565   0.304122  -0.738667,
	 -0.083496   0.841731   0.533401,
	 -0.163029   0.986268  -0.026396,
	 -0.208056   0.322686   0.923356,
	 -0.044715   0.188916   0.980975,
	 -0.102738   0.225281  -0.968862,
	 -0.183663   0.470903  -0.862854,
	 -0.282058   0.883875  -0.373105,
	 -0.148510  -0.984417  -0.094175,
	 -0.060347  -0.997320   0.041365,
	 -0.318802  -0.946228   0.054935,
	  0.040143  -0.299896   0.953127,
	 -0.069962  -0.966282   0.247799,
	 -0.496550  -0.572823  -0.652159,
	  0.071537   0.105403  -0.991853,
	  0.383935   0.842407   0.378081,
	  0.433616   0.471202   0.768079,
	  0.252744   0.967531   0.001875,
	  0.317507   0.265045   0.910462,
	  0.173827   0.058957   0.983010,
	  0.269524   0.109912  -0.956701,
	  0.326848   0.198119  -0.924077,
	  0.259947   0.737585  -0.623214,
	 -0.138496  -0.987123   0.080051,
	 -0.170259  -0.985292  -0.014543,
	 -0.021580  -0.670466   0.741627,
	 -0.006865  -0.999102   0.041808,
	 -0.064391  -0.264135  -0.962334,
	  0.335197   0.078900  -0.938839,
	  0.612538   0.376850   0.694824,
	 -0.069691   0.319087   0.945160,
	  0.630130   0.759734  -0.160437,
	 -0.487210   0.226215   0.843477,
	  0.584938   0.373812   0.719800,
	  0.513820   0.171762   0.840528,
	  0.794132   0.034438  -0.606769,
	  0.808556   0.093233  -0.580986,
	  0.774327   0.349994  -0.527183,
	  0.035588  -0.993476   0.108347,
	  0.023413  -0.973704   0.226612,
	  0.164536  -0.858266  -0.486115,
	  0.625500  -0.622246   0.470701,
	  0.598290  -0.785865   0.156417,
	  0.804155  -0.553893  -0.215724,
	  0.969298   0.040630   0.242510,
	  0.582369  -0.788750   0.196772,
	  0.419096  -0.104976  -0.901853,
	  0.584081   0.587982  -0.559578,
	  0.981562  -0.073829  -0.176312,
	 -0.308881   0.429646  -0.848526,
	 -0.687006   0.210292  -0.695558,
	 -0.492236  -0.038773  -0.869598,
	  0.148434  -0.519244  -0.841637,
	  0.487796  -0.559518  -0.670071,
	  0.776146  -0.492676  -0.393533,
	  0.946196   0.323570   0.003939,
	  0.372866   0.878443  -0.298844,
	 -0.038468   0.890371  -0.453607,
	  0.978292  -0.073998   0.193567,
	  0.873601  -0.467954   0.133568,
	 -0.342207   0.793873  -0.502653,
	 -0.851988   0.265648  -0.451162,
	 -0.964164  -0.126830  -0.233025,
	 -0.951826   0.235985  -0.195802,
	 -0.555301  -0.585347  -0.590770,
	  0.096055  -0.896072  -0.433392,
	  0.660460  -0.746556  -0.080284,
	  0.971621  -0.004665   0.236496,
	  0.740167   0.662555   0.114775,
	 -0.160033   0.986003  -0.046774,
	 -0.129906   0.987841  -0.085407,
	  0.933737  -0.268095   0.237193,
	  0.653361  -0.665506   0.360862,
	  0.754707  -0.519160   0.401110,
	 -0.618850   0.745611  -0.247161,
	 -0.924842   0.213716  -0.314631,
	 -0.891690  -0.010304  -0.452529,
	 -0.852255   0.235758  -0.466991,
	 -0.942002  -0.161559  -0.294163,
	 -0.372572  -0.921378   0.110690,
	  0.077373  -0.970239   0.229457,
	  0.810929  -0.269005   0.519644,
	  0.784794   0.256711   0.564091,
	  0.056944   0.935270   0.349323,
	 -0.362758   0.925901   0.105422,
	 -0.534459   0.843318   0.056297,
	  0.014718  -0.852611   0.522339,
	  0.581266  -0.586425   0.564123,
	 -0.805130   0.317842  -0.500743,
	 -0.786658  -0.007853  -0.617339,
	 -0.923494  -0.366277  -0.114018,
	 -0.575707  -0.747133   0.332195,
	  0.640810   0.142191   0.754417,
	  0.609296  -0.474253   0.635486,
	  0.046106   0.830166   0.555606,
	 -0.379269   0.912155   0.155332,
	 -0.435081   0.897990   0.065717,
	 -0.665347  -0.719483   0.199142,
	 -0.031371  -0.814775   0.578928,
	  0.293077  -0.726272   0.621800,
	 -0.836778   0.460014  -0.296969,
	 -0.827925  -0.469569  -0.306668,
	  0.448460  -0.079334   0.890275,
	  0.104370   0.559754   0.822060,
	  0.194158  -0.752063   0.629845,
	 -0.320844   0.831457   0.453585,
	 -0.919257   0.199082   0.339607,
	 -0.412233  -0.846118   0.337858,
	 -0.156941  -0.081683   0.984224,
	 -0.926550   0.376171  -0.000259,
	 -0.796345   0.386896  -0.464915,
	 -0.986146  -0.069031  -0.150835,
	 -0.849950  -0.194610   0.489605,
	 -0.876884   0.431899   0.211040,
	 -0.857252   0.489605  -0.159396,
	 -0.798870   0.207025   0.564755,
	 -0.548837   0.442906  -0.708952,
	 -0.728508   0.372429  -0.574955,
	 -0.590381   0.272545  -0.759717,
	 -0.834980  -0.331132  -0.439499,
	 -0.636324  -0.758278   0.141799,
	 -0.588810  -0.660359   0.466077,
	 -0.568174  -0.299759   0.766370,
	 -0.667372   0.561917   0.488738,
	 -0.654462   0.755313   0.034367,
	 -0.695630   0.638208  -0.329834,
	 -0.463076   0.205845   0.862084,
	 -0.436595   0.176548  -0.882165,
	 -0.291971  -0.017357  -0.956270,
	 -0.497417   0.575357  -0.649262,
	 -0.318729   0.350513  -0.880655,
	 -0.261279   0.338220  -0.904069,
	 -0.342839  -0.865663  -0.364814,
	 -0.436175  -0.890804   0.127356,
	 -0.357703  -0.890705   0.280523,
	 -0.484586  -0.776338   0.403083,
	 -0.543158  -0.443580   0.712893,
	 -0.264353  -0.351448   0.898110,
	 -0.321250  -0.166763   0.932196,
	 -0.416411   0.803962   0.424555,
	 -0.267032   0.390023   0.881236,
	 -0.385701   0.891091  -0.239149,
	 -0.113788   0.009332   0.993461,
	 -0.116397   0.298299  -0.947349,
	 -0.104324   0.044868  -0.993531,
	 -0.071837  -0.577569  -0.813175,
	 -0.264699   0.574320  -0.774656,
	 -0.028976   0.333962  -0.942141,
	  0.012109  -0.999878   0.009886,
	  0.026006  -0.974218   0.224105,
	  0.016297  -0.920222   0.391057,
	 -0.077601  -0.914226   0.397704,
	 -0.170534  -0.897122   0.407541,
	 -0.485731  -0.540502   0.686966,
	 -0.387850  -0.210998   0.897247,
	 -0.164549  -0.096982   0.981590,
	 -0.184949   0.832569   0.522133,
	 -0.076727   0.996653  -0.028205,
	 -0.237212   0.454388   0.858640,
	 -0.156786   0.160362   0.974527,
	 -0.012555   0.983511  -0.180412,
	  0.091365   0.334002  -0.938134,
	  0.015822   0.116149  -0.993106,
	  0.431548  -0.328704  -0.840071,
	  0.369147  -0.924847  -0.091592,
	 -0.092188   0.805796  -0.584974,
	 -0.223844   0.095894  -0.969896,
	  0.066888   0.192781  -0.978959,
	  0.416475  -0.854508   0.310426,
	  0.258574  -0.902515   0.344394,
	  0.140569  -0.971699   0.189844,
	 -0.068667  -0.730137   0.679842,
	 -0.405971  -0.068213   0.911337,
	 -0.396043   0.088495   0.913958,
	 -0.219758   0.048662   0.974340,
	  0.199420   0.914920   0.350932,
	 -0.018864   0.571991   0.820043,
	  0.284772   0.956202  -0.067690,
	  0.295963   0.946943  -0.125322,
	 -0.268566   0.309092   0.912324,
	  0.292408   0.956166  -0.015613,
	  0.266706   0.233716  -0.935010,
	  0.689629  -0.416707  -0.592256,
	  0.714145  -0.699916   0.010663,
	 -0.219507   0.404400  -0.887850,
	 -0.238557  -0.319535  -0.917054,
	 -0.007096  -0.283842  -0.958845,
	  0.270033   0.118105  -0.955580,
	  0.418540  -0.903228   0.094890,
	  0.334804  -0.919119   0.207669,
	  0.428757  -0.777122   0.460705,
	  0.206297  -0.315223   0.926324,
	 -0.162495   0.105982   0.981001,
	  0.168265  -0.332472   0.927981,
	 -0.264778  -0.258232   0.929090,
	  0.359401   0.929981   0.077242,
	  0.195072   0.818916   0.539744,
	 -0.058959   0.752721   0.655694,
	  0.376816   0.918992  -0.116029,
	  0.174404   0.971656   0.159586,
	 -0.265286   0.367917   0.891213,
	 -0.069917   0.985359  -0.155498,
	  0.494302  -0.391072  -0.776356,
	  0.494657  -0.864099  -0.092994,
	  0.437355  -0.894882  -0.088915,
	 -0.089289   0.198668  -0.975991,
	 -0.179370  -0.410779  -0.893916,
	 -0.235107  -0.241834  -0.941404,
	 -0.168921  -0.599191  -0.782583,
	  0.182278  -0.749917  -0.635924,
	  0.345100  -0.758699  -0.552523,
	  0.336193  -0.936025  -0.104076,
	  0.363796  -0.911001   0.194243,
	  0.363169  -0.704638   0.609585,
	  0.258269  -0.668192   0.697722,
	  0.082503  -0.611868   0.786645,
	 -0.116080   0.929412   0.350313,
	 -0.028865   0.977280  -0.209977,
	  0.039039   0.991355  -0.125266,
	 -0.051000   0.998400   0.024438,
	 -0.203893   0.791353   0.576358,
	 -0.150194   0.898608   0.412244,
	  0.060323   0.994482   0.085834,
	  0.118636   0.170570   0.978178,
	  0.052031   0.922857  -0.381612,
	  0.305490  -0.949461   0.072105,
	  0.248336  -0.948808  -0.195175,
	  0.256999  -0.944234  -0.205849,
	  0.394822   0.738018  -0.547215,
	  0.516909   0.108559  -0.849129,
	  0.345979  -0.460564  -0.817423,
	  0.258167  -0.886491  -0.384035,
	  0.323843  -0.895571  -0.305089,
	  0.556644  -0.644903  -0.523686,
	  0.311243  -0.900905  -0.302485,
	  0.297271  -0.949686   0.098624,
	  0.283821  -0.756748   0.588879,
	 -0.068540  -0.639472   0.765753,
	  0.221628  -0.707431   0.671136,
	  0.243248  -0.589230   0.770479,
	  0.059604   0.814440   0.577179,
	 -0.026055   0.993723   0.108794,
	 -0.303331   0.950805  -0.062926,
	  0.041705   0.658166   0.751717,
	 -0.187221   0.980654  -0.057154,
	  0.153372   0.987550  -0.034949,
	  0.426604  -0.353788   0.832372,
	  0.037471   0.358708   0.932697,
	  0.629491   0.766805   0.125505,
	  0.204780  -0.968326  -0.142866,
	  0.206238  -0.976286  -0.065819,
	  0.833664   0.457620  -0.309173,
	  0.823971   0.327247  -0.462581,
	  0.676169  -0.734476  -0.057785,
	  0.635319  -0.656345  -0.406917,
	  0.829745  -0.553027  -0.075393,
	  0.066892  -0.926122   0.371245,
	  0.290476  -0.778958   0.555741,
	 -0.057142  -0.076641   0.995420,
	  0.058882  -0.194126   0.979208,
	 -0.050484   0.900427   0.432067,
	 -0.096631   0.987844   0.121768,
	  0.065500   0.985393  -0.157198,
	  0.293665   0.890826  -0.346685,
	  0.832816  -0.172685   0.525925,
	  0.625241  -0.054975   0.778493,
	  0.137076   0.478322   0.867421,
	  0.682013  -0.723326   0.107973,
	  0.863763   0.335662  -0.375826,
	  0.983743  -0.065256  -0.167304,
	  0.860182  -0.054485   0.507068,
	  0.899958  -0.056293   0.432327,
	  0.984765  -0.062872   0.162129,
	  0.989422  -0.127051   0.070014,
	  0.533450   0.673291   0.511967,
	 -0.345512   0.936525  -0.059519,
	  0.906827   0.416791   0.062853,
	  0.928770  -0.273444   0.250229,
	  0.800892  -0.513119  -0.308675,
	  0.874695   0.417438  -0.246281,
	  0.863378   0.501522  -0.055264,
	  0.412863  -0.910790   0.002569,
	  0.848042   0.490952   0.199479,
	  0.825679   0.330578   0.457135,
	  0.811527  -0.026200   0.583727,
	  0.629814  -0.532735   0.565268,
	  0.447777  -0.822840   0.349901,
	  0.391458  -0.904856   0.167321,
	  0.324503  -0.097418  -0.940855,
	  0.066929  -0.928413  -0.365471,
	  0.541389   0.609050  -0.579617,
	  0.560969   0.805913  -0.189254,
	  0.060930  -0.998113  -0.007632,
	  0.564874   0.790887   0.235405,
	  0.673523   0.469170   0.571180,
	  0.563298  -0.062428   0.823892,
	  0.251650  -0.607801   0.753160,
	  0.135542  -0.906256   0.400411,
	 -0.274232   0.183159  -0.944060,
	 -0.474039  -0.598973  -0.645382,
	 -0.442304  -0.877007  -0.187686,
	 -0.010139   0.732340  -0.680863,
	  0.126541   0.958920  -0.253889,
	 -0.405688  -0.819029   0.405720,
	  0.284845   0.940091   0.187331,
	  0.121826   0.615299   0.778823,
	  0.032496  -0.054755   0.997971,
	 -0.092632  -0.474327   0.875462,
	 -0.349087   0.069491  -0.934510,
	 -0.558798  -0.424337  -0.712519,
	 -0.619728  -0.757539  -0.205113,
	 -0.661722  -0.704499   0.256526,
	 -0.105995   0.667306  -0.737203,
	  0.131678   0.936543  -0.324883,
	 -0.378690  -0.368736   0.848898,
	  0.016196   0.979867   0.198992,
	 -0.130001   0.615192   0.777585,
	 -0.089663   0.075482   0.993108,
	 -0.022847  -0.149467  -0.988503,
	 -0.243978  -0.723616  -0.645643,
	 -0.358269  -0.918369  -0.168053,
	 -0.424014  -0.860599   0.282102,
	 -0.369429  -0.498503   0.784230,
	  0.197498   0.568139  -0.798882,
	  0.278091   0.906645  -0.317269,
	 -0.151378   0.063184   0.986455,
	  0.253466   0.944350   0.209660,
	  0.080040   0.619651   0.780786,
	  0.205979  -0.234082  -0.950147,
	 -0.026954  -0.825459  -0.563818,
	 -0.124425  -0.991184  -0.045522,
	 -0.164224  -0.868429   0.467826,
	 -0.192310  -0.401636   0.895380,
	 -0.144542   0.022943   0.989233,
	  0.396736   0.511960  -0.761904,
	  0.422053   0.867597  -0.262957,
	  0.066165   0.476347   0.876764,
	  0.342590   0.886383   0.311381,
	  0.244488  -0.147657  -0.958344,
	  0.065640  -0.800896  -0.595195,
	 -0.009389  -0.998808  -0.047895,
	 -0.010818  -0.801628   0.597726,
	  0.053579  -0.163318   0.985117,
	  0.058387   0.116786   0.991439,
	  0.111915   0.347307   0.931049,
	  0.395620   0.610561  -0.686075,
	  0.419922   0.887561  -0.189473,
	  0.352862   0.844678   0.402502,
	  0.139355  -0.000584  -0.990242,
	  0.009180  -0.718335  -0.695637,
	  0.006100  -0.992855  -0.119175,
	  0.035025  -0.792799   0.608476,
	  0.103147  -0.172983   0.979509,
	  0.257519   0.180616   0.949243,
	  0.241358   0.381476   0.892313,
	  0.280781   0.871337   0.402411,
	  0.310928   0.692721  -0.650740,
	  0.275155   0.949631  -0.149973,
	 -0.609676   0.459365  -0.645971,
	 -0.661069  -0.136828  -0.737744,
	 -0.737904  -0.572038  -0.358147,
	 -0.617515  -0.488474   0.616497,
	 -0.152913   0.047471   0.987099,
	 -0.051112   0.226407   0.972691,
	 -0.184212   0.442580   0.877604,
	 -0.278914   0.890000   0.360704,
	 -0.318802   0.918990  -0.231999,
	 -0.567950   0.746265  -0.347162,
	 -0.923899   0.377651  -0.061557,
	 -0.839222   0.515670  -0.172601,
	 -0.904537   0.359945  -0.228588,
	 -0.946282   0.323342  -0.000816,
	 -0.688761   0.423601   0.588362,
	 -0.445265   0.478741   0.756668,
	 -0.797346   0.366307   0.479644,
	 -0.935288   0.258897   0.241267,
	 -0.947252   0.221750  -0.231388,
	 -0.941497   0.216508  -0.258277,
	 -0.898107   0.337770  -0.281627,
	 -0.800657   0.524919  -0.288806,
	 -0.835100   0.479453  -0.269689,
	 -0.885127   0.434064  -0.167747,
	 -0.891535   0.450897   0.043088,
	 -0.753452   0.578356   0.312753,
	 -0.839693   0.516869   0.166620,
	 -0.949950   0.311887  -0.017925,
	 -0.990244   0.057892  -0.126749,
	 -0.925060   0.026287  -0.378910,
	 -0.871578   0.431340  -0.233021,
	  0.610384  -0.765216  -0.204638,
	  0.306472  -0.521384  -0.796388,
	  0.535782  -0.015622  -0.844212,
	  0.833497   0.249944  -0.492758,
	  0.226800  -0.860874  -0.455476,
	  0.954827   0.269730   0.124703,
	  0.794647  -0.016987   0.606833,
	  0.585027  -0.353989   0.729681,
	  0.474878  -0.687189   0.549783,
	  0.347888  -0.920514   0.177842,
	  0.287861  -0.944366  -0.159089,
	 -0.078067   0.060358  -0.995119,
	 -0.282015  -0.599169  -0.749309,
	  0.228011   0.604592  -0.763203,
	  0.428721   0.844944  -0.319794,
	 -0.299127  -0.895370  -0.329903,
	  0.462331   0.813144   0.353619,
	  0.271916   0.403500   0.873641,
	  0.203209   0.167888   0.964634,
	  0.121770  -0.202516   0.971679,
	 -0.104434  -0.868504   0.484555,
	 -0.222864   0.150585  -0.963149,
	 -0.535162  -0.436071  -0.723494,
	 -0.708051  -0.645149  -0.287136,
	  0.113812   0.633111  -0.765648,
	  0.422551   0.814149  -0.398261,
	 -0.650890  -0.526674   0.546769,
	  0.479827   0.774606   0.412008,
	  0.302694   0.390069   0.869610,
	  0.195905   0.190584   0.961925,
	 -0.068667  -0.035768   0.996998,
	 -0.232026  -0.038396  -0.971951,
	 -0.540829  -0.521539  -0.659925,
	 -0.698611  -0.706196  -0.115022,
	 -0.712338  -0.474783   0.516871,
	  0.053817   0.337880  -0.939649,
	  0.437321   0.882344  -0.173837,
	 -0.243987  -0.047777   0.968601,
	  0.383719   0.820119   0.424457,
	  0.279356   0.423273   0.861858,
	  0.061134   0.110611   0.991982,
	 -0.064905  -0.099233  -0.992945,
	 -0.362127  -0.637729  -0.679828,
	 -0.504457  -0.863379  -0.009985,
	 -0.450470  -0.725073   0.520909,
	 -0.229963  -0.319017   0.919427,
	 -0.116515  -0.163604  -0.979622,
	  0.349737   0.891064  -0.289291,
	 -0.032084   0.005036   0.999472,
	  0.381283   0.827378   0.412394,
	  0.189033   0.413417   0.890704,
	 -0.122628  -0.332821  -0.934983,
	 -0.160182  -0.517467  -0.840577,
	 -0.373159  -0.920995  -0.111894,
	 -0.336133  -0.870877   0.358592,
	 -0.163688  -0.539199   0.826118,
	 -0.033631  -0.245581   0.968792,
	  0.105037   0.328830  -0.938530,
	  0.420342   0.907366  -0.000653,
	  0.230172   0.309879   0.922495,
	  0.380173   0.830235   0.407650,
	  0.011514  -0.042115  -0.999046,
	 -0.147825  -0.509667  -0.847577,
	 -0.226088  -0.923753  -0.309136,
	 -0.208625  -0.914845   0.345736,
	 -0.054066  -0.539068   0.840525,
	  0.097571  -0.115744   0.988475,
	  0.284622   0.377006   0.881395,
	  0.341095   0.862706  -0.373354,
	  0.365974   0.927838  -0.071974,
	  0.424306   0.864794   0.268508,
	 -0.021061   0.080816  -0.996506,
	  0.092628  -0.243591  -0.965445,
	  0.046556  -0.883416  -0.466271,
	  0.061713  -0.872573   0.484570,
	  0.204366  -0.347947   0.914969,
	  0.290613   0.112954   0.950150,
	  0.380100   0.473471   0.794575,
	  0.476826   0.839685   0.259934,
	  0.269710   0.747736  -0.606751,
	  0.415299   0.856476  -0.306555,
	 -0.072985   0.389518  -0.918122,
	 -0.250486  -0.275254  -0.928166,
	 -0.341336  -0.843261  -0.415212,
	 -0.036085  -0.818392   0.573526,
	  0.258786  -0.302255   0.917427,
	  0.446891   0.182975   0.875676,
	  0.470131   0.565559   0.677584,
	  0.462298   0.853032   0.242109,
	  0.390485   0.858624  -0.332094,
	  0.195070   0.640047  -0.743160,
	 -0.759196   0.555141  -0.339765,
	 -0.867216  -0.277315  -0.413561,
	 -0.880426  -0.461616  -0.108444,
	 -0.691114  -0.524403   0.497356,
	 -0.209319  -0.291965   0.933243,
	  0.302866   0.217317   0.927925,
	  0.521633   0.621830   0.584146,
	  0.555262   0.820867   0.133647,
	  0.365857   0.902294  -0.228067,
	  0.005393   0.999570  -0.028808,
	 -0.536141   0.480623   0.693941,
	 -0.846527  -0.185352   0.499036,
	 -0.965008  -0.088897   0.246694,
	 -0.967345  -0.124141   0.220980,
	 -0.858547  -0.157054   0.488090,
	 -0.567388   0.234243   0.789431,
	 -0.077864   0.828103   0.555142,
	  0.120390   0.983026   0.138445,
	  0.098684   0.964109  -0.246485,
	 -0.265462   0.936640   0.228552,
	 -0.875603   0.432238   0.215614,
	  0.757418  -0.648034  -0.079809,
	  0.589175  -0.402925  -0.700374,
	  0.812189   0.111024  -0.572733,
	  0.933513   0.151247  -0.325080,
	  0.245592  -0.923047  -0.296088,
	  0.984298   0.167992  -0.054188,
	  0.975180   0.161173   0.151816,
	  0.819606  -0.290207   0.493990,
	  0.368462  -0.758540   0.537451,
	  0.216281  -0.928445   0.302013,
	  0.191690  -0.981433  -0.006711,
	  0.120975   0.169704  -0.978042,
	 -0.164259  -0.394726  -0.903997,
	  0.399080   0.322491  -0.858333,
	  0.662810   0.614439  -0.427958,
	 -0.374557  -0.906690  -0.193960,
	  0.740094   0.653954   0.156860,
	  0.626289   0.398444   0.670077,
	  0.378812  -0.035307   0.924800,
	  0.111908  -0.440718   0.890642,
	 -0.195457  -0.819976   0.537993,
	  0.055233  -0.122276  -0.990958,
	 -0.390730  -0.242529  -0.887981,
	 -0.785115  -0.508684  -0.353321,
	  0.368452   0.325689  -0.870729,
	  0.525847   0.744094  -0.412079,
	 -0.627362  -0.583669   0.515507,
	  0.573706   0.779364   0.251898,
	  0.449763   0.440894   0.776740,
	  0.213381   0.057538   0.975273,
	 -0.172017  -0.302123   0.937620,
	 -0.018761  -0.290260  -0.956764,
	 -0.407584  -0.687705  -0.600780,
	 -0.627048  -0.763769  -0.153190,
	 -0.621413  -0.664713   0.414730,
	  0.290619   0.514827  -0.806532,
	  0.431949   0.832417  -0.347133,
	 -0.365533  -0.381781   0.848899,
	  0.481413   0.832171   0.275197,
	  0.330249   0.462014   0.823091,
	  0.002878  -0.015222   0.999880,
	 -0.211032   0.226035  -0.950986,
	 -0.472335  -0.709166  -0.523435,
	 -0.483304  -0.871045  -0.087744,
	 -0.419849  -0.840075   0.343513,
	 -0.294117  -0.568542   0.768281,
	  0.052497   0.567227  -0.821887,
	  0.346222   0.876553  -0.334342,
	 -0.096916  -0.200065   0.974978,
	  0.410732   0.864616   0.289375,
	  0.237026   0.428041   0.872124,
	 -0.225047   0.012681  -0.974265,
	 -0.396350  -0.727592  -0.559926,
	 -0.349716  -0.936722  -0.015817,
	 -0.319203  -0.924248   0.209465,
	 -0.178130  -0.686367   0.705103,
	  0.012665  -0.273103   0.961901,
	  0.067703   0.352045  -0.933531,
	  0.367293   0.826968  -0.425699,
	  0.287264   0.341772   0.894802,
	  0.447603   0.837737   0.312808,
	 -0.090320  -0.291841  -0.952193,
	 -0.195691  -0.788663  -0.582851,
	 -0.134996  -0.990846  -0.000914,
	 -0.125059  -0.950504   0.284432,
	 -0.009199  -0.655643   0.755015,
	  0.180497  -0.134932   0.974276,
	  0.389707   0.459139   0.798323,
	  0.162767   0.354981  -0.920595,
	  0.396090   0.811596  -0.429446,
	  0.476234   0.846978   0.236281,
	  0.018062  -0.007192  -0.999811,
	 -0.120728  -0.697653  -0.706191,
	 -0.081007  -0.983950  -0.158994,
	 -0.014010  -0.913443   0.406726,
	  0.090547  -0.516956   0.851209,
	  0.250960   0.022108   0.967745,
	  0.446512   0.539200   0.714066,
	  0.521823   0.836576   0.166859,
	  0.217298   0.477283  -0.851459,
	  0.434675   0.814961  -0.383270,
	 -0.008530   0.127872  -0.991754,
	 -0.172905  -0.420594  -0.890620,
	 -0.269659  -0.916846  -0.294411,
	 -0.157579  -0.847859   0.506264,
	  0.003527  -0.347164   0.937798,
	  0.135866   0.113286   0.984229,
	  0.315245   0.550219   0.773227,
	  0.451306   0.864539   0.221123,
	  0.395817   0.822686  -0.408065,
	  0.173356   0.463762  -0.868834,
	 -0.228800   0.197105  -0.953310,
	 -0.636750   0.042667  -0.769889,
	 -0.921274  -0.217408  -0.322472,
	 -0.778109  -0.225619   0.586210,
	 -0.293892   0.022732   0.955568,
	 -0.092872   0.240930   0.966089,
	 -0.014500   0.549618   0.835290,
	  0.059942   0.928889   0.365474,
	  0.088725   0.968372  -0.233204,
	  0.011158   0.583710  -0.811886,
	 -0.752835   0.380585  -0.537023,
	 -0.983180   0.111533  -0.144626,
	 -0.950087   0.291459   0.111292,
	 -0.848623   0.496772   0.181817,
	 -0.672690   0.494564   0.550359,
	 -0.534140   0.404165   0.742526,
	 -0.500617   0.453525   0.737359,
	 -0.509910   0.717553   0.474457,
	 -0.491720   0.855164   0.164029,
	 -0.489845   0.857921  -0.154995,
	 -0.822218   0.423251   0.380547,
	  0.940294  -0.239449  -0.241891,
	  0.394722  -0.315949  -0.862769,
	  0.437972  -0.111976  -0.891988,
	  0.702622   0.270386  -0.658190,
	  0.348739  -0.475332  -0.807738,
	  0.888227   0.386463   0.248392,
	  0.718708   0.019528   0.695038,
	  0.708295  -0.063699   0.703036,
	  0.716823  -0.239874   0.654695,
	  0.635119  -0.708364   0.307968,
	  0.469591  -0.764041  -0.442409,
	 -0.145305  -0.050044  -0.988120,
	 -0.142999  -0.587466  -0.796514,
	  0.006473   0.455692  -0.890114,
	  0.253392   0.887928  -0.383897,
	 -0.041990  -0.932887  -0.357714,
	  0.401740   0.831678   0.383297,
	  0.349926   0.359564   0.865023,
	  0.212677  -0.023950   0.976829,
	  0.113593  -0.451498   0.885012,
	  0.138417  -0.881804   0.450846,
	 -0.426176   0.130668  -0.895154,
	 -0.566372  -0.347284  -0.747407,
	 -0.565279  -0.743811  -0.356658,
	 -0.137757   0.481469  -0.865570,
	  0.167735   0.910147  -0.378812,
	 -0.315050  -0.804777   0.503068,
	  0.272346   0.881520   0.385681,
	  0.128171   0.378210   0.916804,
	 -0.033995   0.005368   0.999408,
	 -0.019804  -0.215873   0.976221,
	 -0.389724  -0.090759  -0.916449,
	 -0.563440  -0.362439  -0.742410,
	 -0.656954  -0.702080  -0.274766,
	 -0.607366  -0.721083   0.333386,
	 -0.164154   0.348792  -0.922712,
	  0.142477   0.898145  -0.415975,
	 -0.196123  -0.287993   0.937335,
	  0.277136   0.854459   0.439426,
	  0.114016   0.250486   0.961383,
	 -0.003032  -0.047746   0.998855,
	 -0.325909  -0.206359  -0.922605,
	 -0.401179  -0.465983  -0.788616,
	 -0.455897  -0.829513  -0.322592,
	 -0.389889  -0.901495   0.187866,
	 -0.140381  -0.625498   0.767493,
	 -0.181417   0.153243  -0.971393,
	  0.160343   0.797599  -0.581487,
	  0.121005  -0.169551   0.978065,
	  0.362232   0.826843   0.430254,
	  0.261912   0.247977   0.932689,
	 -0.141839  -0.216592  -0.965903,
	 -0.219798  -0.520111  -0.825332,
	 -0.260711  -0.919292  -0.294842,
	 -0.192399  -0.942502   0.273264,
	 -0.042271  -0.676132   0.735567,
	  0.168314  -0.158349   0.972932,
	 -0.016951   0.176184  -0.984211,
	  0.278525   0.823721  -0.493870,
	  0.342737   0.374965   0.861355,
	  0.423232   0.848897   0.316620,
	 -0.046740  -0.063675  -0.996876,
	 -0.101192  -0.519802  -0.848272,
	 -0.101046  -0.951590  -0.290287,
	  0.020395  -0.885115   0.464926,
	  0.158386  -0.452141   0.877771,
	  0.239698  -0.016762   0.970703,
	  0.326674   0.398038   0.857234,
	  0.073107   0.413843  -0.907408,
	  0.279109   0.866801  -0.413224,
	  0.393790   0.856433   0.333845,
	 -0.018070   0.089338  -0.995837,
	 -0.098603  -0.415026  -0.904450,
	 -0.084011  -0.937057  -0.338918,
	  0.080387  -0.864358   0.496411,
	  0.238587  -0.310368   0.920189,
	  0.310827   0.129132   0.941654,
	  0.357335   0.486037   0.797546,
	  0.371204   0.870392   0.323458,
	  0.101139   0.525146  -0.844981,
	  0.263684   0.895658  -0.358144,
	 -0.050378   0.209521  -0.976506,
	 -0.050681  -0.330265  -0.942527,
	  0.009214  -0.917616  -0.397360,
	  0.114186  -0.844187   0.523746,
	  0.193840  -0.251075   0.948360,
	  0.273087   0.185139   0.944006,
	  0.299018   0.525963   0.796210,
	  0.280971   0.895794   0.344397,
	  0.174787   0.934228  -0.310914,
	  0.015502   0.599337  -0.800347,
	 -0.344616   0.318122  -0.883198,
	 -0.607061  -0.143418  -0.781606,
	 -0.658976  -0.687065  -0.306093,
	 -0.415212  -0.701685   0.578997,
	 -0.107280  -0.127374   0.986036,
	 -0.042637   0.192194   0.980430,
	 -0.026915   0.478601   0.877620,
	 -0.093538   0.861162   0.499651,
	 -0.133455   0.989106  -0.062128,
	 -0.204922   0.706098  -0.677814,
	 -0.861444   0.374808  -0.342686,
	 -0.949490  -0.230379  -0.213060,
	 -0.943120  -0.302245   0.138467,
	 -0.932745  -0.198311   0.301098,
	 -0.729714  -0.040785   0.682535,
	 -0.564159   0.107867   0.818590,
	 -0.554696   0.200659   0.807495,
	 -0.625265   0.428852   0.652019,
	 -0.627724   0.631191   0.455588,
	 -0.579572   0.781425   0.231239,
	 -0.826054  -0.048912   0.561465,
	  0.813131  -0.434858  -0.386931,
	  0.385980  -0.352824  -0.852370,
	  0.570194   0.473874  -0.671060,
	  0.704549   0.545106  -0.454389,
	  0.215050  -0.886778  -0.409119,
	  0.791779   0.576547  -0.201691,
	  0.843804   0.535136   0.040305,
	  0.929059  -0.125725   0.347913,
	  0.385153  -0.904145   0.184877,
	  0.291882  -0.956453  -0.001497,
	  0.248536  -0.961345  -0.118516,
	 -0.099587   0.241942  -0.965167,
	 -0.139240  -0.749170  -0.647578,
	  0.285736   0.665383  -0.689652,
	  0.517431   0.774578  -0.363724,
	 -0.008298  -0.975074  -0.221722,
	  0.601378   0.798944   0.005719,
	  0.603849   0.662072   0.443877,
	  0.426163  -0.011012   0.904580,
	  0.195155  -0.688129   0.698851,
	  0.101398  -0.963220   0.248850,
	 -0.312136   0.288130  -0.905291,
	 -0.464892  -0.375227  -0.801923,
	 -0.424689  -0.838121  -0.342334,
	  0.071835   0.611785  -0.787756,
	  0.350546   0.871801  -0.342170,
	 -0.196244  -0.834948   0.514149,
	  0.471412   0.862878   0.182243,
	  0.426419   0.594794   0.681460,
	  0.117229   0.122839   0.985479,
	  0.052900  -0.272892   0.960589,
	 -0.206609  -0.007079  -0.978398,
	 -0.565578  -0.213000  -0.796713,
	 -0.913144  -0.288066  -0.288421,
	 -0.610489  -0.473805   0.634675,
	  0.058360   0.576930  -0.814706,
	  0.210446   0.916575  -0.340004,
	  0.056382  -0.535853   0.842426,
	  0.332437   0.910926   0.244335,
	  0.355152   0.491722   0.795032,
	  0.301549  -0.053968   0.951922,
	 -0.200683   0.148168  -0.968387,
	 -0.366990  -0.673000  -0.642176,
	 -0.665522  -0.740265  -0.095326,
	 -0.727034  -0.553142   0.406761,
	 -0.078836  -0.708064   0.701734,
	 -0.095530   0.637794  -0.764260,
	  0.153629   0.951287  -0.267305,
	  0.565356  -0.138957   0.813059,
	  0.288316   0.943281   0.164604,
	  0.461192   0.778521   0.425683,
	 -0.292470   0.050637  -0.954933,
	 -0.348113  -0.613135  -0.709143,
	 -0.233966  -0.962592  -0.136661,
	 -0.206353  -0.975743   0.073097,
	 -0.145275  -0.763961   0.628696,
	  0.083600  -0.202497   0.975708,
	 -0.027494   0.507490  -0.861219,
	  0.201907   0.909235  -0.364040,
	  0.360799   0.657883   0.661070,
	  0.303340   0.951185   0.056843,
	 -0.093798  -0.029139  -0.995165,
	 -0.143501  -0.655005  -0.741873,
	 -0.059177  -0.979880  -0.190615,
	 -0.044067  -0.997652   0.052430,
	  0.070014  -0.696058   0.714564,
	  0.127407   0.047769   0.990700,
	  0.260073   0.373055   0.890613,
	  0.063476   0.476598  -0.876827,
	  0.277322   0.904941  -0.322761,
	  0.371918   0.927200   0.044464,
	 -0.051528   0.076841  -0.995711,
	 -0.113443  -0.477726  -0.871154,
	 -0.084445  -0.911500  -0.402539,
	  0.091540  -0.951590   0.293424,
	  0.272241  -0.360516   0.892140,
	  0.285098   0.106891   0.952519,
	  0.299062   0.356512   0.885133,
	  0.375740   0.923522   0.076990,
	  0.128237   0.663310  -0.737275,
	  0.327177   0.911136  -0.250572,
	 -0.671335   0.558930  -0.486730,
	 -0.640729  -0.474286  -0.603754,
	 -0.433724  -0.834115  -0.340787,
	 -0.185946  -0.794981   0.577433,
	  0.225802  -0.126547   0.965919,
	  0.362451   0.265431   0.893407,
	  0.387560   0.477488   0.788544,
	  0.371946   0.832967   0.409661,
	  0.247925   0.914727  -0.319074,
	  0.067587   0.945706  -0.317919,
	 -0.271846   0.409947   0.870657,
	 -0.672260  -0.035597   0.739459,
	 -0.951146   0.029815   0.307297,
	 -0.669667   0.201445   0.714819,
	  0.033488   0.155336   0.987294,
	  0.234401   0.219746   0.946978,
	  0.297094   0.549416   0.780946,
	  0.229511   0.876312   0.423559,
	  0.125601   0.991296   0.039458,
	 -0.040964   0.981825   0.185313,
	 -0.193711   0.394554   0.898222,
	 -0.337708   0.185956   0.922699,
	 -0.526055   0.529579   0.665441,
	 -0.505364   0.770027   0.389442,
	 -0.229749   0.619326   0.750767,
	 -0.082659   0.441107   0.893640,
	 -0.061562   0.492396   0.868192,
	 -0.114689   0.791132   0.600796,
	 -0.188672   0.903162   0.385617,
	 -0.192425   0.761757   0.618626,
	 -0.408719   0.577231   0.706933,
	  0.571515   0.815130   0.094524,
	  0.702364   0.398353   0.589915,
	  0.998413  -0.052018  -0.021578,
	  0.334423   0.341402  -0.878411,
	  0.209405   0.535249   0.818327,
	 -0.390300   0.910663   0.135497,
	 -0.496650   0.434827  -0.751175,
	  0.866310   0.191269   0.461435,
	  0.283313   0.519134   0.806371,
	  0.772965   0.014811  -0.634276,
	 -0.450939   0.078394  -0.889106,
	  0.111883   0.544584   0.831210,
	 -0.523999   0.792418   0.312248,
	 -0.624837   0.182304  -0.759173,
	  0.997544  -0.031505  -0.062559,
	  0.870470   0.085329   0.484768,
	  0.668229   0.359080   0.651560,
	  0.516793   0.418428   0.746889,
	  0.088418   0.335041   0.938046,
	  0.181280   0.398565   0.899046,
	  0.402504  -0.148985  -0.903213,
	 -0.483518  -0.110578  -0.868322,
	 -0.094646   0.522212   0.847548,
	 -0.908173   0.397555  -0.131042,
	 -0.494547   0.062056  -0.866933,
	  0.974547  -0.221549   0.034271,
	  0.835662   0.077990   0.543679,
	  0.390985   0.236371   0.889528,
	  0.217554   0.362634   0.906183,
	  0.165207   0.419580   0.892558,
	  0.025774   0.005521  -0.999653,
	 -0.501962   0.040591  -0.863937,
	 -0.562751   0.447935   0.694742,
	 -0.994601   0.083620   0.061452,
	 -0.923883   0.284523  -0.255904,
	 -0.368930   0.242573  -0.897245,
	 -0.226510   0.036969  -0.973307,
	  0.249277  -0.870116  -0.425158,
	  0.756646  -0.653825  -0.000420,
	  0.646446  -0.491363   0.583669,
	  0.391733  -0.087521   0.915907,
	  0.316986   0.154118   0.935824,
	 -0.058554   0.045483   0.997248,
	 -0.503951  -0.350079  -0.789606,
	 -0.400096  -0.241572  -0.884062,
	 -0.924555  -0.205119   0.321130,
	 -0.971996  -0.076862   0.222072,
	 -0.951559  -0.307439   0.004050,
	 -0.766316  -0.453280  -0.455298,
	  0.017429  -0.435814  -0.899868,
	  0.057767  -0.399279  -0.915008,
	  0.087947  -0.975178  -0.203207,
	 -0.216118  -0.911849  -0.349035,
	  0.429660  -0.867397   0.251029,
	  0.441300  -0.673928   0.592516,
	  0.282558  -0.612623   0.738143,
	 -0.455667  -0.846829   0.274315,
	 -0.182777  -0.885983  -0.426178,
	 -0.181382  -0.950204  -0.253402,
	  0.031241  -0.999364  -0.017213,
	  0.537778  -0.236703  -0.809176,
	  0.509212  -0.204971  -0.835877,
	  0.987558   0.074450  -0.138516,
	  0.277170  -0.911017   0.305327,
	 -0.058244  -0.122509  -0.990757,
	 -0.455145  -0.783057  -0.423870,
	  0.417923  -0.444831  -0.792128,
	 -0.197265  -0.523671  -0.828767,
	  0.762247   0.143761  -0.631119,
	  0.896425   0.418682  -0.145355,
	  0.828806   0.559427   0.011054,
	  0.850210   0.486569   0.200983,
	  0.852998   0.208173   0.478600,
	  0.375524  -0.577666   0.724765,
	 -0.291807  -0.764664   0.574575,
	  0.046968  -0.734017  -0.677505,
	  0.018333  -0.284003  -0.958648,
	 -0.146168  -0.306625  -0.940540,
	 -0.050340  -0.514949  -0.855741,
	  0.341716   0.791723  -0.506364,
	  0.399739   0.914883   0.056549,
	  0.299201   0.777180   0.553598,
	  0.217008   0.377000   0.900432,
	 -0.110284  -0.207595   0.971978,
	 -0.235287  -0.576559   0.782444,
	  0.010071  -0.724173   0.689545,
	 -0.520265  -0.841837   0.143648,
	 -0.467848  -0.187208  -0.863754,
	 -0.502960  -0.357672  -0.786831,
	 -0.109918  -0.129060  -0.985526,
	 -0.413431  -0.270199  -0.869521,
	 -0.159386   0.565362  -0.809297,
	 -0.207057   0.968607   0.137582,
	 -0.156345   0.964106   0.214606,
	 -0.313366   0.562337   0.765231,
	 -0.254336   0.103424   0.961570,
	 -0.208631  -0.413363   0.886343,
	 -0.511419  -0.412336   0.753943,
	 -0.982915   0.049306   0.177336,
	 -0.827232   0.560114  -0.044270,
	 -0.681595   0.669619   0.295023,
	 -0.627347   0.133914   0.767139,
	  0.683298   0.671797  -0.285995,
	 -0.170877   0.440253  -0.881464,
	  0.021422   0.999689   0.012761,
	  0.698771   0.703010  -0.132270,
	  0.418651  -0.140115  -0.897273,
	  0.998453  -0.046316  -0.030757,
	 -0.252358   0.203460  -0.946002,
	 -0.521307  -0.167299  -0.836809,
	 -0.369901   0.364286  -0.854675,
	 -0.869444   0.331706  -0.366112,
	 -0.816315   0.309358   0.487778,
	  0.146978   0.364055   0.919707,
	  0.220982   0.419442   0.880475,
	  0.021280   0.251792   0.967547,
	  0.566976   0.300030   0.767150,
	  0.884799   0.464479   0.037274,
	  0.746868  -0.427447  -0.509389,
	 -0.280055  -0.219683  -0.934510,
	  0.818662  -0.349328   0.455809,
	  0.874491  -0.361833   0.323020,
	 -0.091651  -0.078347  -0.992704,
	 -0.004862  -0.124653  -0.992189,
	 -0.222835   0.014597  -0.974747,
	 -0.679008  -0.245370  -0.691911,
	 -0.891638  -0.193635  -0.409252,
	 -0.934708  -0.230615   0.270440,
	 -0.118237  -0.234708   0.964848,
	  0.213544  -0.167669   0.962437,
	  0.134881  -0.297350   0.945193,
	  0.299971  -0.430956   0.851055,
	  0.319843  -0.731376  -0.602321,
	 -0.148806  -0.348951  -0.925251,
	  0.422493  -0.398962   0.813836,
	  0.488132  -0.324781   0.810089,
	  0.550841  -0.625515   0.552544,
	 -0.091675  -0.092979  -0.991439,
	 -0.727411  -0.208917  -0.653626,
	 -0.887973  -0.156427  -0.432476,
	 -0.613611  -0.243928   0.750987,
	  0.153572  -0.080212   0.984877,
	  0.352794  -0.179867   0.918251,
	  0.050486  -0.997033  -0.058102,
	 -0.413079  -0.457901  -0.787206,
	  0.473647  -0.350873   0.807804,
	 -0.748545  -0.611376  -0.256709,
	 -0.081203  -0.567294   0.819502,
	 -0.800049   0.599748   0.014984,
	 -0.144771   0.564865  -0.812385,
	 -0.919503   0.388582  -0.059322,
	 -0.836206   0.425326   0.346205,
	 -0.574357   0.700487  -0.423593,
	 -0.762553   0.453363   0.461491,
	 -0.771091   0.600335   0.212171,
	 -0.502215   0.302967  -0.809933,
	  0.065460   0.457209  -0.886947,
	 -0.935378   0.319088   0.152481,
	 -0.941394   0.069128   0.330149,
	 -0.601565   0.304122   0.738667,
	 -0.163029   0.986268   0.026396,
	 -0.083496   0.841731  -0.533401,
	 -0.208056   0.322686  -0.923356,
	 -0.102738   0.225281   0.968862,
	 -0.183663   0.470903   0.862854,
	 -0.282058   0.883875   0.373105,
	 -0.686154  -0.723998  -0.070857,
	  0.276791   0.270382  -0.922107,
	  0.043218  -0.537871  -0.841918,
	 -0.288976  -0.916661  -0.276090,
	 -0.044715   0.188916  -0.980975,
	 -0.318802  -0.946228  -0.054935,
	 -0.496550  -0.572823   0.652159,
	  0.071537   0.105403   0.991853,
	  0.383935   0.842407  -0.378081,
	  0.252744   0.967531  -0.001875,
	  0.433616   0.471202  -0.768079,
	  0.317507   0.265045  -0.910462,
	  0.269524   0.109912   0.956701,
	  0.326848   0.198119   0.924077,
	  0.259947   0.737585   0.623214,
	 -0.148510  -0.984417   0.094175,
	 -0.060347  -0.997320  -0.041365,
	  0.040143  -0.299896  -0.953127,
	 -0.069962  -0.966282  -0.247799,
	  0.173827   0.058957  -0.983010,
	 -0.138496  -0.987123  -0.080051,
	 -0.170259  -0.985292   0.014543,
	 -0.064391  -0.264135   0.962334,
	  0.335197   0.078900   0.938839,
	 -0.069691   0.319087  -0.945160,
	  0.612538   0.376850  -0.694824,
	  0.630130   0.759734   0.160437,
	 -0.487210   0.226215  -0.843477,
	  0.584938   0.373812  -0.719800,
	  0.794132   0.034438   0.606769,
	  0.808556   0.093233   0.580986,
	  0.774327   0.349994   0.527183,
	 -0.021580  -0.670466  -0.741627,
	 -0.006865  -0.999102  -0.041808,
	  0.513820   0.171762  -0.840528,
	  0.035588  -0.993476  -0.108347,
	  0.023413  -0.973704  -0.226612,
	  0.164536  -0.858266   0.486115,
	  0.804155  -0.553893   0.215724,
	  0.969298   0.040630  -0.242510,
	  0.625500  -0.622246  -0.470701,
	  0.598290  -0.785865  -0.156417,
	  0.582369  -0.788750  -0.196772,
	  0.981562  -0.073829   0.176312,
	  0.584081   0.587982   0.559578,
	  0.419096  -0.104976   0.901853,
	  0.776146  -0.492676   0.393533,
	  0.946196   0.323570  -0.003939,
	  0.978292  -0.073998  -0.193567,
	  0.873601  -0.467954  -0.133568,
	 -0.308881   0.429646   0.848526,
	  0.372866   0.878443   0.298844,
	 -0.038468   0.890371   0.453607,
	 -0.687006   0.210292   0.695558,
	 -0.492236  -0.038773   0.869598,
	  0.148434  -0.519244   0.841637,
	  0.487796  -0.559518   0.670071,
	  0.660460  -0.746556   0.080284,
	  0.971621  -0.004665  -0.236496,
	  0.740167   0.662555  -0.114775,
	  0.933737  -0.268095  -0.237193,
	  0.653361  -0.665506  -0.360862,
	  0.754707  -0.519160  -0.401110,
	 -0.342207   0.793873   0.502653,
	 -0.851988   0.265648   0.451162,
	 -0.964164  -0.126830   0.233025,
	 -0.160033   0.986003   0.046774,
	 -0.129906   0.987841   0.085407,
	 -0.951826   0.235985   0.195802,
	 -0.555301  -0.585347   0.590770,
	  0.096055  -0.896072   0.433392,
	  0.077373  -0.970239  -0.229457,
	  0.810929  -0.269005  -0.519644,
	  0.784794   0.256711  -0.564091,
	  0.056944   0.935270  -0.349323,
	  0.014718  -0.852611  -0.522339,
	  0.581266  -0.586425  -0.564123,
	 -0.618850   0.745611   0.247161,
	 -0.924842   0.213716   0.314631,
	 -0.891690  -0.010304   0.452529,
	 -0.362758   0.925901  -0.105422,
	 -0.534459   0.843318  -0.056297,
	 -0.852255   0.235758   0.466991,
	 -0.942002  -0.161559   0.294163,
	 -0.372572  -0.921378  -0.110690,
	 -0.575707  -0.747133  -0.332195,
	  0.609296  -0.474253  -0.635486,
	  0.640810   0.142191  -0.754417,
	  0.046106   0.830166  -0.555606,
	 -0.665347  -0.719483  -0.199142,
	 -0.031371  -0.814775  -0.578928,
	  0.293077  -0.726272  -0.621800,
	 -0.805130   0.317842   0.500743,
	 -0.786658  -0.007853   0.617339,
	 -0.379269   0.912155  -0.155332,
	 -0.435081   0.897990  -0.065717,
	 -0.923494  -0.366277   0.114018,
	  0.448460  -0.079334  -0.890275,
	  0.194158  -0.752063  -0.629845,
	  0.104370   0.559754  -0.822060,
	 -0.320844   0.831457  -0.453585,
	 -0.827925  -0.469569   0.306668,
	 -0.412233  -0.846118  -0.337858,
	 -0.836778   0.460014   0.296969,
	 -0.919257   0.199082  -0.339607,
	 -0.156941  -0.081683  -0.984224,
	 -0.986146  -0.069031   0.150835,
	 -0.796345   0.386896   0.464915,
	 -0.926550   0.376171   0.000259,
	 -0.849950  -0.194610  -0.489605,
	 -0.548837   0.442906   0.708952,
	 -0.834980  -0.331132   0.439499,
	 -0.636324  -0.758278  -0.141799,
	 -0.588810  -0.660359  -0.466077,
	 -0.857252   0.489605   0.159396,
	 -0.728508   0.372429   0.574955,
	 -0.590381   0.272545   0.759717,
	 -0.876884   0.431899  -0.211040,
	 -0.798870   0.207025  -0.564755,
	 -0.568174  -0.299759  -0.766370,
	 -0.436595   0.176548   0.882165,
	 -0.291971  -0.017357   0.956270,
	 -0.342839  -0.865663   0.364814,
	 -0.436175  -0.890804  -0.127356,
	 -0.357703  -0.890705  -0.280523,
	 -0.484586  -0.776338  -0.403083,
	 -0.543158  -0.443580  -0.712893,
	 -0.667372   0.561917  -0.488738,
	 -0.654462   0.755313  -0.034367,
	 -0.695630   0.638208   0.329834,
	 -0.497417   0.575357   0.649262,
	 -0.318729   0.350513   0.880655,
	 -0.261279   0.338220   0.904069,
	 -0.463076   0.205845  -0.862084,
	 -0.264353  -0.351448  -0.898110,
	 -0.321250  -0.166763  -0.932196,
	 -0.116397   0.298299   0.947349,
	 -0.104324   0.044868   0.993531,
	 -0.071837  -0.577569   0.813175,
	  0.012109  -0.999878  -0.009886,
	  0.026006  -0.974218  -0.224105,
	  0.016297  -0.920222  -0.391057,
	 -0.077601  -0.914226  -0.397704,
	 -0.170534  -0.897122  -0.407541,
	 -0.485731  -0.540502  -0.686966,
	 -0.387850  -0.210998  -0.897247,
	 -0.416411   0.803962  -0.424555,
	 -0.267032   0.390023  -0.881236,
	 -0.385701   0.891091   0.239149,
	 -0.264699   0.574320   0.774656,
	 -0.028976   0.333962   0.942141,
	 -0.113788   0.009332  -0.993461,
	 -0.164549  -0.096982  -0.981590,
	  0.091365   0.334002   0.938134,
	  0.015822   0.116149   0.993106,
	  0.431548  -0.328704   0.840071,
	  0.369147  -0.924847   0.091592,
	  0.416475  -0.854508  -0.310426,
	  0.258574  -0.902515  -0.344394,
	  0.140569  -0.971699  -0.189844,
	 -0.068667  -0.730137  -0.679842,
	 -0.405971  -0.068213  -0.911337,
	 -0.396043   0.088495  -0.913958,
	 -0.076727   0.996653   0.028205,
	 -0.184949   0.832569  -0.522133,
	 -0.237212   0.454388  -0.858640,
	 -0.156786   0.160362  -0.974527,
	 -0.012555   0.983511   0.180412,
	 -0.092188   0.805796   0.584974,
	 -0.223844   0.095894   0.969896,
	  0.066888   0.192781   0.978959,
	 -0.219758   0.048662  -0.974340,
	  0.266706   0.233716   0.935010,
	  0.689629  -0.416707   0.592256,
	  0.714145  -0.699916  -0.010663,
	  0.418540  -0.903228  -0.094890,
	  0.334804  -0.919119  -0.207669,
	  0.428757  -0.777122  -0.460705,
	  0.206297  -0.315223  -0.926324,
	 -0.162495   0.105982  -0.981001,
	  0.199420   0.914920  -0.350932,
	  0.284772   0.956202   0.067690,
	  0.295963   0.946943   0.125322,
	 -0.018864   0.571991  -0.820043,
	 -0.268566   0.309092  -0.912324,
	  0.292408   0.956166   0.015613,
	 -0.219507   0.404400   0.887850,
	 -0.238557  -0.319535   0.917054,
	 -0.007096  -0.283842   0.958845,
	  0.270033   0.118105   0.955580,
	  0.168265  -0.332472  -0.927981,
	 -0.264778  -0.258232  -0.929090,
	  0.494302  -0.391072   0.776356,
	  0.494657  -0.864099   0.092994,
	  0.437355  -0.894882   0.088915,
	  0.336193  -0.936025   0.104076,
	  0.363796  -0.911001  -0.194243,
	  0.363169  -0.704638  -0.609585,
	  0.359401   0.929981  -0.077242,
	  0.195072   0.818916  -0.539744,
	  0.376816   0.918992   0.116029,
	  0.174404   0.971656  -0.159586,
	 -0.058959   0.752721  -0.655694,
	 -0.265286   0.367917  -0.891213,
	 -0.069917   0.985359   0.155498,
	 -0.089289   0.198668   0.975991,
	 -0.179370  -0.410779   0.893916,
	 -0.235107  -0.241834   0.941404,
	 -0.168921  -0.599191   0.782583,
	  0.182278  -0.749917   0.635924,
	  0.345100  -0.758699   0.552523,
	  0.258269  -0.668192  -0.697722,
	  0.082503  -0.611868  -0.786645,
	  0.305490  -0.949461  -0.072105,
	  0.248336  -0.948808   0.195175,
	  0.256999  -0.944234   0.205849,
	  0.297271  -0.949686  -0.098624,
	  0.283821  -0.756748  -0.588879,
	 -0.028865   0.977280   0.209977,
	 -0.116080   0.929412  -0.350313,
	  0.039039   0.991355   0.125266,
	 -0.051000   0.998400  -0.024438,
	 -0.150194   0.898608  -0.412244,
	  0.060323   0.994482  -0.085834,
	 -0.203893   0.791353  -0.576358,
	  0.118636   0.170570  -0.978178,
	  0.052031   0.922857   0.381612,
	  0.394822   0.738018   0.547215,
	  0.516909   0.108559   0.849129,
	  0.345979  -0.460564   0.817423,
	  0.258167  -0.886491   0.384035,
	  0.323843  -0.895571   0.305089,
	  0.556644  -0.644903   0.523686,
	  0.311243  -0.900905   0.302485,
	 -0.068540  -0.639472  -0.765753,
	  0.221628  -0.707431  -0.671136,
	  0.243248  -0.589230  -0.770479,
	  0.204780  -0.968326   0.142866,
	  0.206238  -0.976286   0.065819,
	  0.066892  -0.926122  -0.371245,
	 -0.303331   0.950805   0.062926,
	 -0.026055   0.993723  -0.108794,
	  0.059604   0.814440  -0.577179,
	  0.041705   0.658166  -0.751717,
	 -0.187221   0.980654   0.057154,
	  0.153372   0.987550   0.034949,
	  0.629491   0.766805  -0.125505,
	  0.426604  -0.353788  -0.832372,
	  0.037471   0.358708  -0.932697,
	  0.833664   0.457620   0.309173,
	  0.823971   0.327247   0.462581,
	  0.676169  -0.734476   0.057785,
	  0.635319  -0.656345   0.406917,
	  0.829745  -0.553027   0.075393,
	  0.290476  -0.778958  -0.555741,
	 -0.057142  -0.076641  -0.995420,
	  0.058882  -0.194126  -0.979208,
	  0.682013  -0.723326  -0.107973,
	 -0.096631   0.987844  -0.121768,
	 -0.050484   0.900427  -0.432067,
	  0.065500   0.985393   0.157198,
	  0.293665   0.890826   0.346685,
	  0.832816  -0.172685  -0.525925,
	  0.625241  -0.054975  -0.778493,
	  0.137076   0.478322  -0.867421,
	  0.863763   0.335662   0.375826,
	  0.983743  -0.065256   0.167304,
	  0.860182  -0.054485  -0.507068,
	  0.899958  -0.056293  -0.432327,
	  0.984765  -0.062872  -0.162129,
	  0.989422  -0.127051  -0.070014,
	 -0.345512   0.936525   0.059519,
	  0.533450   0.673291  -0.511967,
	  0.906827   0.416791  -0.062853,
     ]    } 
normalIndex      [ 
	     0,      1,      2, -1 
	     0,      3,      4, -1 
	     0,      4,      1, -1 
	     5,      0,      2, -1 
	     5,      3,      0, -1 
	     1,      6,      2, -1 
	     1,      4,      7, -1 
	     1,      7,      6, -1 
	     8,      5,      2, -1 
	     9,      8,      2, -1 
	    10,      9,      2, -1 
	    11,     10,      2, -1 
	    12,     11,      2, -1 
	    13,     12,      2, -1 
	     6,     13,      2, -1 
	     5,     14,      3, -1 
	     3,     15,     16, -1 
	     3,     16,      4, -1 
	    14,     15,      3, -1 
	     4,     16,     17, -1 
	     4,     17,      7, -1 
	     8,     14,      5, -1 
	     6,      7,     18, -1 
	     6,     18,     13, -1 
	     7,     17,     19, -1 
	     7,     19,     18, -1 
	     8,     20,     14, -1 
	     9,     20,      8, -1 
	     9,     21,     20, -1 
	    10,     21,      9, -1 
	    10,     22,     21, -1 
	    11,     22,     10, -1 
	    11,     23,     22, -1 
	    12,     23,     11, -1 
	    12,     24,     23, -1 
	    13,     24,     12, -1 
	    13,     18,     24, -1 
	    14,     25,     15, -1 
	    20,     25,     14, -1 
	    15,     26,     27, -1 
	    15,     27,     16, -1 
	    25,     26,     15, -1 
	    16,     27,     28, -1 
	    16,     28,     17, -1 
	    17,     28,     29, -1 
	    17,     29,     19, -1 
	    18,     19,     30, -1 
	    18,     30,     24, -1 
	    19,     29,     31, -1 
	    19,     31,     30, -1 
	    20,     32,     25, -1 
	    21,     32,     20, -1 
	    21,     33,     32, -1 
	    22,     33,     21, -1 
	    22,     34,     33, -1 
	    23,     34,     22, -1 
	    23,     35,     34, -1 
	    24,     35,     23, -1 
	    24,     30,     35, -1 
	    25,     36,     26, -1 
	    36,     25,     32, -1 
	    26,     37,     38, -1 
	    26,     38,     27, -1 
	    36,     37,     26, -1 
	    27,     38,     39, -1 
	    27,     39,     28, -1 
	    28,     39,     40, -1 
	    28,     40,     29, -1 
	    29,     40,     41, -1 
	    29,     41,     31, -1 
	    30,     31,     42, -1 
	    30,     42,     35, -1 
	    31,     41,     43, -1 
	    31,     43,     42, -1 
	    44,     36,     32, -1 
	    33,     44,     32, -1 
	    33,     45,     44, -1 
	    34,     45,     33, -1 
	    34,     46,     45, -1 
	    35,     46,     34, -1 
	    35,     42,     46, -1 
	    36,     47,     37, -1 
	    44,     47,     36, -1 
	    37,     48,     49, -1 
	    37,     49,     38, -1 
	    47,     48,     37, -1 
	    38,     49,     50, -1 
	    38,     50,     39, -1 
	    39,     50,     51, -1 
	    39,     51,     40, -1 
	    40,     51,     52, -1 
	    40,     52,     41, -1 
	    41,     52,     53, -1 
	    41,     53,     43, -1 
	    42,     43,     54, -1 
	    42,     54,     46, -1 
	    43,     53,     55, -1 
	    43,     55,     54, -1 
	    44,     56,     47, -1 
	    45,     56,     44, -1 
	    45,     57,     56, -1 
	    46,     57,     45, -1 
	    46,     54,     57, -1 
	    47,     58,     48, -1 
	    56,     58,     47, -1 
	    48,     59,     60, -1 
	    48,     60,     49, -1 
	    58,     59,     48, -1 
	    49,     60,     61, -1 
	    49,     61,     50, -1 
	    50,     61,     62, -1 
	    50,     62,     51, -1 
	    51,     62,     63, -1 
	    51,     63,     52, -1 
	    52,     63,     64, -1 
	    52,     64,     53, -1 
	    53,     64,     65, -1 
	    53,     65,     55, -1 
	    54,     55,     66, -1 
	    54,     66,     57, -1 
	    55,     65,     67, -1 
	    55,     67,     66, -1 
	    56,     68,     58, -1 
	    57,     68,     56, -1 
	    57,     66,     68, -1 
	    58,     69,     59, -1 
	    68,     69,     58, -1 
	    59,     70,     71, -1 
	    59,     71,     60, -1 
	    69,     70,     59, -1 
	    60,     71,     72, -1 
	    60,     72,     61, -1 
	    61,     72,     73, -1 
	    61,     73,     62, -1 
	    62,     73,     74, -1 
	    62,     74,     63, -1 
	    63,     74,     75, -1 
	    63,     75,     64, -1 
	    64,     75,     76, -1 
	    64,     76,     65, -1 
	    65,     76,     77, -1 
	    65,     77,     67, -1 
	    66,     67,     78, -1 
	    66,     78,     68, -1 
	    67,     77,     79, -1 
	    67,     79,     78, -1 
	    68,     78,     69, -1 
	    69,     80,     70, -1 
	    78,     80,     69, -1 
	    70,     81,     82, -1 
	    70,     82,     71, -1 
	    80,     81,     70, -1 
	    71,     82,     83, -1 
	    71,     83,     72, -1 
	    72,     83,     84, -1 
	    72,     84,     73, -1 
	    73,     84,     85, -1 
	    73,     85,     74, -1 
	    74,     85,     86, -1 
	    74,     86,     75, -1 
	    75,     86,     87, -1 
	    75,     87,     76, -1 
	    76,     87,     88, -1 
	    76,     88,     77, -1 
	    77,     88,     89, -1 
	    77,     89,     79, -1 
	    78,     79,     80, -1 
	    79,     89,     90, -1 
	    79,     90,     80, -1 
	    80,     90,     81, -1 
	    81,     91,     92, -1 
	    81,     92,     82, -1 
	    90,     91,     81, -1 
	    82,     92,     93, -1 
	    82,     93,     83, -1 
	    83,     93,     94, -1 
	    83,     94,     84, -1 
	    84,     94,     95, -1 
	    84,     95,     85, -1 
	    85,     95,     96, -1 
	    85,     96,     86, -1 
	    86,     96,     97, -1 
	    86,     97,     87, -1 
	    87,     97,     98, -1 
	    87,     98,     88, -1 
	    88,     98,     99, -1 
	    88,     99,     89, -1 
	    89,     99,    100, -1 
	    89,    100,     90, -1 
	    90,    100,     91, -1 
	    91,    101,    102, -1 
	    91,    102,     92, -1 
	   100,    101,     91, -1 
	    92,    102,    103, -1 
	    92,    103,     93, -1 
	    93,    103,    104, -1 
	    93,    104,     94, -1 
	    94,    104,    105, -1 
	    94,    105,     95, -1 
	    95,    105,    106, -1 
	    95,    106,     96, -1 
	    96,    106,    107, -1 
	    96,    107,     97, -1 
	    97,    107,    108, -1 
	    97,    108,     98, -1 
	    98,    108,    109, -1 
	    98,    109,     99, -1 
	    99,    109,    110, -1 
	    99,    110,    100, -1 
	   100,    110,    101, -1 
	   101,    111,    102, -1 
	   110,    111,    101, -1 
	   102,    111,    103, -1 
	   103,    111,    104, -1 
	   104,    111,    105, -1 
	   105,    111,    106, -1 
	   106,    111,    107, -1 
	   107,    111,    108, -1 
	   108,    111,    109, -1 
	   109,    111,    110, -1 
	   112,    113,    114, -1 
	   112,    115,    116, -1 
	   112,    116,    113, -1 
	   117,    112,    114, -1 
	   117,    115,    112, -1 
	   113,    118,    114, -1 
	   113,    116,    119, -1 
	   113,    119,    118, -1 
	   120,    117,    114, -1 
	   121,    120,    114, -1 
	   122,    121,    114, -1 
	   123,    122,    114, -1 
	   124,    123,    114, -1 
	   125,    124,    114, -1 
	   118,    125,    114, -1 
	   117,    126,    115, -1 
	   115,    127,    128, -1 
	   115,    128,    116, -1 
	   126,    127,    115, -1 
	   116,    128,    129, -1 
	   116,    129,    119, -1 
	   120,    126,    117, -1 
	   118,    119,    130, -1 
	   118,    130,    125, -1 
	   119,    129,    131, -1 
	   119,    131,    130, -1 
	   120,    132,    126, -1 
	   121,    132,    120, -1 
	   121,    133,    132, -1 
	   122,    133,    121, -1 
	   122,    134,    133, -1 
	   123,    134,    122, -1 
	   123,    135,    134, -1 
	   124,    135,    123, -1 
	   124,    136,    135, -1 
	   125,    136,    124, -1 
	   125,    130,    136, -1 
	   126,    137,    127, -1 
	   132,    137,    126, -1 
	   127,    138,    139, -1 
	   127,    139,    128, -1 
	   137,    138,    127, -1 
	   128,    139,    140, -1 
	   128,    140,    129, -1 
	   129,    140,    141, -1 
	   129,    141,    131, -1 
	   130,    131,    142, -1 
	   130,    142,    136, -1 
	   131,    141,    143, -1 
	   131,    143,    142, -1 
	   132,    144,    137, -1 
	   133,    144,    132, -1 
	   133,    145,    144, -1 
	   134,    145,    133, -1 
	   134,    146,    145, -1 
	   135,    146,    134, -1 
	   135,    147,    146, -1 
	   136,    147,    135, -1 
	   136,    142,    147, -1 
	   137,    148,    138, -1 
	   144,    148,    137, -1 
	   138,    149,    150, -1 
	   138,    150,    139, -1 
	   148,    149,    138, -1 
	   139,    150,    151, -1 
	   139,    151,    140, -1 
	   140,    151,    152, -1 
	   140,    152,    141, -1 
	   141,    152,    153, -1 
	   141,    153,    143, -1 
	   142,    143,    154, -1 
	   142,    154,    147, -1 
	   143,    153,    155, -1 
	   143,    155,    154, -1 
	   144,    156,    148, -1 
	   145,    156,    144, -1 
	   145,    157,    156, -1 
	   146,    157,    145, -1 
	   146,    158,    157, -1 
	   147,    158,    146, -1 
	   147,    154,    158, -1 
	   148,    159,    149, -1 
	   156,    159,    148, -1 
	   149,    160,    161, -1 
	   149,    161,    150, -1 
	   159,    160,    149, -1 
	   150,    161,    162, -1 
	   150,    162,    151, -1 
	   151,    162,    163, -1 
	   151,    163,    152, -1 
	   152,    163,    164, -1 
	   152,    164,    153, -1 
	   153,    164,    165, -1 
	   153,    165,    155, -1 
	   154,    155,    166, -1 
	   154,    166,    158, -1 
	   155,    165,    167, -1 
	   155,    167,    166, -1 
	   156,    168,    159, -1 
	   157,    168,    156, -1 
	   157,    169,    168, -1 
	   158,    169,    157, -1 
	   158,    166,    169, -1 
	   159,    170,    160, -1 
	   168,    170,    159, -1 
	   160,    171,    172, -1 
	   160,    172,    161, -1 
	   170,    171,    160, -1 
	   161,    172,    173, -1 
	   161,    173,    162, -1 
	   162,    173,    174, -1 
	   162,    174,    163, -1 
	   163,    174,    175, -1 
	   163,    175,    164, -1 
	   164,    175,    176, -1 
	   164,    176,    165, -1 
	   165,    176,    177, -1 
	   165,    177,    167, -1 
	   166,    167,    178, -1 
	   166,    178,    169, -1 
	   167,    177,    179, -1 
	   167,    179,    178, -1 
	   168,    180,    170, -1 
	   169,    180,    168, -1 
	   169,    178,    180, -1 
	   170,    181,    171, -1 
	   180,    181,    170, -1 
	   171,    182,    183, -1 
	   171,    183,    172, -1 
	   181,    182,    171, -1 
	   172,    183,    184, -1 
	   172,    184,    173, -1 
	   173,    184,    185, -1 
	   173,    185,    174, -1 
	   174,    185,    186, -1 
	   174,    186,    175, -1 
	   175,    186,    187, -1 
	   175,    187,    176, -1 
	   176,    187,    188, -1 
	   176,    188,    177, -1 
	   177,    188,    189, -1 
	   177,    189,    179, -1 
	   178,    179,    190, -1 
	   178,    190,    180, -1 
	   179,    189,    191, -1 
	   179,    191,    190, -1 
	   180,    190,    181, -1 
	   181,    192,    182, -1 
	   190,    192,    181, -1 
	   182,    193,    194, -1 
	   182,    194,    183, -1 
	   192,    193,    182, -1 
	   183,    194,    195, -1 
	   183,    195,    184, -1 
	   184,    195,    196, -1 
	   184,    196,    185, -1 
	   185,    196,    197, -1 
	   185,    197,    186, -1 
	   186,    197,    198, -1 
	   186,    198,    187, -1 
	   187,    198,    199, -1 
	   187,    199,    188, -1 
	   188,    199,    200, -1 
	   188,    200,    189, -1 
	   189,    200,    201, -1 
	   189,    201,    191, -1 
	   190,    191,    192, -1 
	   191,    201,    202, -1 
	   191,    202,    192, -1 
	   192,    202,    193, -1 
	   193,    203,    204, -1 
	   193,    204,    194, -1 
	   202,    203,    193, -1 
	   194,    204,    205, -1 
	   194,    205,    195, -1 
	   195,    205,    206, -1 
	   195,    206,    196, -1 
	   196,    206,    207, -1 
	   196,    207,    197, -1 
	   197,    207,    208, -1 
	   197,    208,    198, -1 
	   198,    208,    209, -1 
	   198,    209,    199, -1 
	   199,    209,    210, -1 
	   199,    210,    200, -1 
	   200,    210,    211, -1 
	   200,    211,    201, -1 
	   201,    211,    212, -1 
	   201,    212,    202, -1 
	   202,    212,    203, -1 
	   203,    213,    214, -1 
	   203,    214,    204, -1 
	   212,    213,    203, -1 
	   204,    214,    215, -1 
	   204,    215,    205, -1 
	   205,    215,    216, -1 
	   205,    216,    206, -1 
	   206,    216,    217, -1 
	   206,    217,    207, -1 
	   207,    217,    218, -1 
	   207,    218,    208, -1 
	   208,    218,    219, -1 
	   208,    219,    209, -1 
	   209,    219,    220, -1 
	   209,    220,    210, -1 
	   210,    220,    221, -1 
	   210,    221,    211, -1 
	   211,    221,    222, -1 
	   211,    222,    212, -1 
	   212,    222,    213, -1 
	   213,    223,    214, -1 
	   222,    223,    213, -1 
	   214,    223,    215, -1 
	   215,    223,    216, -1 
	   216,    223,    217, -1 
	   217,    223,    218, -1 
	   218,    223,    219, -1 
	   219,    223,    220, -1 
	   220,    223,    221, -1 
	   221,    223,    222, -1 
	   224,    225,    226, -1 
	   224,    227,    228, -1 
	   224,    228,    225, -1 
	   229,    224,    226, -1 
	   229,    227,    224, -1 
	   225,    230,    226, -1 
	   225,    228,    231, -1 
	   225,    231,    230, -1 
	   232,    229,    226, -1 
	   233,    232,    226, -1 
	   234,    233,    226, -1 
	   235,    234,    226, -1 
	   236,    235,    226, -1 
	   237,    236,    226, -1 
	   230,    237,    226, -1 
	   229,    238,    227, -1 
	   227,    239,    240, -1 
	   227,    240,    228, -1 
	   238,    239,    227, -1 
	   228,    240,    241, -1 
	   228,    241,    231, -1 
	   232,    238,    229, -1 
	   230,    231,    242, -1 
	   230,    242,    237, -1 
	   231,    241,    243, -1 
	   231,    243,    242, -1 
	   232,    244,    238, -1 
	   233,    244,    232, -1 
	   233,    245,    244, -1 
	   234,    245,    233, -1 
	   234,    246,    245, -1 
	   235,    246,    234, -1 
	   235,    247,    246, -1 
	   236,    247,    235, -1 
	   236,    248,    247, -1 
	   237,    248,    236, -1 
	   237,    242,    248, -1 
	   238,    249,    239, -1 
	   244,    249,    238, -1 
	   239,    250,    251, -1 
	   239,    251,    240, -1 
	   249,    250,    239, -1 
	   240,    251,    252, -1 
	   240,    252,    241, -1 
	   241,    252,    253, -1 
	   241,    253,    243, -1 
	   242,    243,    254, -1 
	   242,    254,    248, -1 
	   243,    253,    255, -1 
	   243,    255,    254, -1 
	   244,    256,    249, -1 
	   245,    256,    244, -1 
	   245,    257,    256, -1 
	   246,    257,    245, -1 
	   246,    258,    257, -1 
	   247,    258,    246, -1 
	   247,    259,    258, -1 
	   248,    259,    247, -1 
	   248,    254,    259, -1 
	   249,    260,    250, -1 
	   256,    260,    249, -1 
	   250,    261,    262, -1 
	   250,    262,    251, -1 
	   260,    261,    250, -1 
	   251,    262,    263, -1 
	   251,    263,    252, -1 
	   252,    263,    264, -1 
	   252,    264,    253, -1 
	   253,    264,    265, -1 
	   253,    265,    255, -1 
	   254,    255,    266, -1 
	   254,    266,    259, -1 
	   255,    265,    267, -1 
	   255,    267,    266, -1 
	   256,    268,    260, -1 
	   257,    268,    256, -1 
	   257,    269,    268, -1 
	   258,    269,    257, -1 
	   258,    270,    269, -1 
	   259,    270,    258, -1 
	   259,    266,    270, -1 
	   260,    271,    261, -1 
	   268,    271,    260, -1 
	   261,    272,    273, -1 
	   261,    273,    262, -1 
	   271,    272,    261, -1 
	   262,    273,    274, -1 
	   262,    274,    263, -1 
	   263,    274,    275, -1 
	   263,    275,    264, -1 
	   264,    275,    276, -1 
	   264,    276,    265, -1 
	   265,    276,    277, -1 
	   265,    277,    267, -1 
	   266,    267,    278, -1 
	   266,    278,    270, -1 
	   267,    277,    279, -1 
	   267,    279,    278, -1 
	   268,    280,    271, -1 
	   269,    280,    268, -1 
	   269,    281,    280, -1 
	   270,    281,    269, -1 
	   270,    278,    281, -1 
	   271,    282,    272, -1 
	   280,    282,    271, -1 
	   272,    283,    284, -1 
	   272,    284,    273, -1 
	   282,    283,    272, -1 
	   273,    284,    285, -1 
	   273,    285,    274, -1 
	   274,    285,    286, -1 
	   274,    286,    275, -1 
	   275,    286,    287, -1 
	   275,    287,    276, -1 
	   276,    287,    288, -1 
	   276,    288,    277, -1 
	   277,    288,    289, -1 
	   277,    289,    279, -1 
	   278,    279,    290, -1 
	   278,    290,    281, -1 
	   279,    289,    291, -1 
	   279,    291,    290, -1 
	   280,    292,    282, -1 
	   281,    292,    280, -1 
	   281,    290,    292, -1 
	   282,    293,    283, -1 
	   292,    293,    282, -1 
	   283,    294,    295, -1 
	   283,    295,    284, -1 
	   293,    294,    283, -1 
	   284,    295,    296, -1 
	   284,    296,    285, -1 
	   285,    296,    297, -1 
	   285,    297,    286, -1 
	   286,    297,    298, -1 
	   286,    298,    287, -1 
	   287,    298,    299, -1 
	   287,    299,    288, -1 
	   288,    299,    300, -1 
	   288,    300,    289, -1 
	   289,    300,    301, -1 
	   289,    301,    291, -1 
	   290,    291,    302, -1 
	   290,    302,    292, -1 
	   291,    301,    303, -1 
	   291,    303,    302, -1 
	   292,    302,    293, -1 
	   293,    304,    294, -1 
	   302,    304,    293, -1 
	   294,    305,    306, -1 
	   294,    306,    295, -1 
	   304,    305,    294, -1 
	   295,    306,    307, -1 
	   295,    307,    296, -1 
	   296,    307,    308, -1 
	   296,    308,    297, -1 
	   297,    308,    309, -1 
	   297,    309,    298, -1 
	   298,    309,    310, -1 
	   298,    310,    299, -1 
	   299,    310,    311, -1 
	   299,    311,    300, -1 
	   300,    311,    312, -1 
	   300,    312,    301, -1 
	   301,    312,    313, -1 
	   301,    313,    303, -1 
	   302,    303,    304, -1 
	   303,    313,    314, -1 
	   303,    314,    304, -1 
	   304,    314,    305, -1 
	   305,    315,    316, -1 
	   305,    316,    306, -1 
	   314,    315,    305, -1 
	   306,    316,    317, -1 
	   306,    317,    307, -1 
	   307,    317,    318, -1 
	   307,    318,    308, -1 
	   308,    318,    319, -1 
	   308,    319,    309, -1 
	   309,    319,    320, -1 
	   309,    320,    310, -1 
	   310,    320,    321, -1 
	   310,    321,    311, -1 
	   311,    321,    322, -1 
	   311,    322,    312, -1 
	   312,    322,    323, -1 
	   312,    323,    313, -1 
	   313,    323,    324, -1 
	   313,    324,    314, -1 
	   314,    324,    315, -1 
	   315,    325,    326, -1 
	   315,    326,    316, -1 
	   324,    325,    315, -1 
	   316,    326,    327, -1 
	   316,    327,    317, -1 
	   317,    327,    328, -1 
	   317,    328,    318, -1 
	   318,    328,    329, -1 
	   318,    329,    319, -1 
	   319,    329,    330, -1 
	   319,    330,    320, -1 
	   320,    330,    331, -1 
	   320,    331,    321, -1 
	   321,    331,    332, -1 
	   321,    332,    322, -1 
	   322,    332,    333, -1 
	   322,    333,    323, -1 
	   323,    333,    334, -1 
	   323,    334,    324, -1 
	   324,    334,    325, -1 
	   325,    335,    326, -1 
	   334,    335,    325, -1 
	   326,    335,    327, -1 
	   327,    335,    328, -1 
	   328,    335,    329, -1 
	   329,    335,    330, -1 
	   330,    335,    331, -1 
	   331,    335,    332, -1 
	   332,    335,    333, -1 
	   333,    335,    334, -1 
	   336,    337,    338, -1 
	   336,    339,    340, -1 
	   336,    340,    337, -1 
	   341,    336,    338, -1 
	   341,    339,    336, -1 
	   337,    342,    338, -1 
	   337,    340,    343, -1 
	   337,    343,    342, -1 
	   344,    341,    338, -1 
	   345,    344,    338, -1 
	   346,    345,    338, -1 
	   347,    346,    338, -1 
	   348,    347,    338, -1 
	   349,    348,    338, -1 
	   342,    349,    338, -1 
	   341,    350,    339, -1 
	   339,    351,    352, -1 
	   339,    352,    340, -1 
	   350,    351,    339, -1 
	   340,    352,    353, -1 
	   340,    353,    343, -1 
	   344,    350,    341, -1 
	   342,    343,    354, -1 
	   342,    354,    349, -1 
	   343,    353,    355, -1 
	   343,    355,    354, -1 
	   344,    356,    350, -1 
	   345,    356,    344, -1 
	   345,    357,    356, -1 
	   346,    357,    345, -1 
	   346,    358,    357, -1 
	   347,    358,    346, -1 
	   347,    359,    358, -1 
	   348,    359,    347, -1 
	   348,    360,    359, -1 
	   349,    360,    348, -1 
	   349,    354,    360, -1 
	   350,    361,    351, -1 
	   356,    361,    350, -1 
	   351,    362,    363, -1 
	   351,    363,    352, -1 
	   361,    362,    351, -1 
	   352,    363,    364, -1 
	   352,    364,    353, -1 
	   353,    364,    365, -1 
	   353,    365,    355, -1 
	   354,    355,    366, -1 
	   354,    366,    360, -1 
	   355,    365,    367, -1 
	   355,    367,    366, -1 
	   356,    368,    361, -1 
	   357,    368,    356, -1 
	   357,    369,    368, -1 
	   358,    369,    357, -1 
	   358,    370,    369, -1 
	   359,    370,    358, -1 
	   359,    371,    370, -1 
	   360,    371,    359, -1 
	   360,    366,    371, -1 
	   361,    372,    362, -1 
	   368,    372,    361, -1 
	   362,    373,    374, -1 
	   362,    374,    363, -1 
	   372,    373,    362, -1 
	   363,    374,    375, -1 
	   363,    375,    364, -1 
	   364,    375,    376, -1 
	   364,    376,    365, -1 
	   365,    376,    377, -1 
	   365,    377,    367, -1 
	   366,    367,    378, -1 
	   366,    378,    371, -1 
	   367,    377,    379, -1 
	   367,    379,    378, -1 
	   368,    380,    372, -1 
	   369,    380,    368, -1 
	   369,    381,    380, -1 
	   370,    381,    369, -1 
	   370,    382,    381, -1 
	   371,    382,    370, -1 
	   371,    378,    382, -1 
	   372,    383,    373, -1 
	   380,    383,    372, -1 
	   373,    384,    385, -1 
	   373,    385,    374, -1 
	   383,    384,    373, -1 
	   374,    385,    386, -1 
	   374,    386,    375, -1 
	   375,    386,    387, -1 
	   375,    387,    376, -1 
	   376,    387,    388, -1 
	   376,    388,    377, -1 
	   377,    388,    389, -1 
	   377,    389,    379, -1 
	   378,    379,    390, -1 
	   378,    390,    382, -1 
	   379,    389,    391, -1 
	   379,    391,    390, -1 
	   380,    392,    383, -1 
	   381,    392,    380, -1 
	   381,    393,    392, -1 
	   382,    393,    381, -1 
	   382,    390,    393, -1 
	   383,    394,    384, -1 
	   392,    394,    383, -1 
	   384,    395,    396, -1 
	   384,    396,    385, -1 
	   394,    395,    384, -1 
	   385,    396,    397, -1 
	   385,    397,    386, -1 
	   386,    397,    398, -1 
	   386,    398,    387, -1 
	   387,    398,    399, -1 
	   387,    399,    388, -1 
	   388,    399,    400, -1 
	   388,    400,    389, -1 
	   389,    400,    401, -1 
	   389,    401,    391, -1 
	   390,    391,    402, -1 
	   390,    402,    393, -1 
	   391,    401,    403, -1 
	   391,    403,    402, -1 
	   392,    404,    394, -1 
	   393,    404,    392, -1 
	   393,    402,    404, -1 
	   394,    405,    395, -1 
	   404,    405,    394, -1 
	   395,    406,    407, -1 
	   395,    407,    396, -1 
	   405,    406,    395, -1 
	   396,    407,    408, -1 
	   396,    408,    397, -1 
	   397,    408,    409, -1 
	   397,    409,    398, -1 
	   398,    409,    410, -1 
	   398,    410,    399, -1 
	   399,    410,    411, -1 
	   399,    411,    400, -1 
	   400,    411,    412, -1 
	   400,    412,    401, -1 
	   401,    412,    413, -1 
	   401,    413,    403, -1 
	   402,    403,    414, -1 
	   402,    414,    404, -1 
	   403,    413,    415, -1 
	   403,    415,    414, -1 
	   404,    414,    405, -1 
	   405,    416,    406, -1 
	   414,    416,    405, -1 
	   406,    417,    418, -1 
	   406,    418,    407, -1 
	   416,    417,    406, -1 
	   407,    418,    419, -1 
	   407,    419,    408, -1 
	   408,    419,    420, -1 
	   408,    420,    409, -1 
	   409,    420,    421, -1 
	   409,    421,    410, -1 
	   410,    421,    422, -1 
	   410,    422,    411, -1 
	   411,    422,    423, -1 
	   411,    423,    412, -1 
	   412,    423,    424, -1 
	   412,    424,    413, -1 
	   413,    424,    425, -1 
	   413,    425,    415, -1 
	   414,    415,    416, -1 
	   415,    425,    426, -1 
	   415,    426,    416, -1 
	   416,    426,    417, -1 
	   417,    427,    428, -1 
	   417,    428,    418, -1 
	   426,    427,    417, -1 
	   418,    428,    429, -1 
	   418,    429,    419, -1 
	   419,    429,    430, -1 
	   419,    430,    420, -1 
	   420,    430,    431, -1 
	   420,    431,    421, -1 
	   421,    431,    432, -1 
	   421,    432,    422, -1 
	   422,    432,    433, -1 
	   422,    433,    423, -1 
	   423,    433,    434, -1 
	   423,    434,    424, -1 
	   424,    434,    435, -1 
	   424,    435,    425, -1 
	   425,    435,    436, -1 
	   425,    436,    426, -1 
	   426,    436,    427, -1 
	   427,    437,    438, -1 
	   427,    438,    428, -1 
	   436,    437,    427, -1 
	   428,    438,    439, -1 
	   428,    439,    429, -1 
	   429,    439,    440, -1 
	   429,    440,    430, -1 
	   430,    440,    441, -1 
	   430,    441,    431, -1 
	   431,    441,    442, -1 
	   431,    442,    432, -1 
	   432,    442,    443, -1 
	   432,    443,    433, -1 
	   433,    443,    444, -1 
	   433,    444,    434, -1 
	   434,    444,    445, -1 
	   434,    445,    435, -1 
	   435,    445,    446, -1 
	   435,    446,    436, -1 
	   436,    446,    437, -1 
	   437,    447,    438, -1 
	   446,    447,    437, -1 
	   438,    447,    439, -1 
	   439,    447,    440, -1 
	   440,    447,    441, -1 
	   441,    447,    442, -1 
	   442,    447,    443, -1 
	   443,    447,    444, -1 
	   444,    447,    445, -1 
	   445,    447,    446, -1 
	   448,    449,    450, -1 
	   448,    451,    452, -1 
	   448,    452,    449, -1 
	   453,    448,    450, -1 
	   453,    451,    448, -1 
	   449,    454,    450, -1 
	   449,    452,    455, -1 
	   449,    455,    454, -1 
	   456,    453,    450, -1 
	   457,    456,    450, -1 
	   458,    457,    450, -1 
	   459,    458,    450, -1 
	   460,    459,    450, -1 
	   461,    460,    450, -1 
	   454,    461,    450, -1 
	   453,    462,    451, -1 
	   451,    463,    464, -1 
	   451,    464,    452, -1 
	   462,    463,    451, -1 
	   452,    464,    465, -1 
	   452,    465,    455, -1 
	   456,    462,    453, -1 
	   454,    455,    466, -1 
	   454,    466,    461, -1 
	   455,    465,    467, -1 
	   455,    467,    466, -1 
	   456,    468,    462, -1 
	   457,    468,    456, -1 
	   457,    469,    468, -1 
	   458,    469,    457, -1 
	   458,    470,    469, -1 
	   459,    470,    458, -1 
	   459,    471,    470, -1 
	   460,    471,    459, -1 
	   460,    472,    471, -1 
	   461,    472,    460, -1 
	   461,    466,    472, -1 
	   462,    473,    463, -1 
	   468,    473,    462, -1 
	   463,    474,    475, -1 
	   463,    475,    464, -1 
	   473,    474,    463, -1 
	   464,    475,    476, -1 
	   464,    476,    465, -1 
	   465,    476,    477, -1 
	   465,    477,    467, -1 
	   466,    467,    478, -1 
	   466,    478,    472, -1 
	   467,    477,    479, -1 
	   467,    479,    478, -1 
	   468,    480,    473, -1 
	   469,    480,    468, -1 
	   469,    481,    480, -1 
	   470,    481,    469, -1 
	   470,    482,    481, -1 
	   471,    482,    470, -1 
	   471,    483,    482, -1 
	   472,    483,    471, -1 
	   472,    478,    483, -1 
	   473,    484,    474, -1 
	   480,    484,    473, -1 
	   474,    485,    486, -1 
	   474,    486,    475, -1 
	   484,    485,    474, -1 
	   475,    486,    487, -1 
	   475,    487,    476, -1 
	   476,    487,    488, -1 
	   476,    488,    477, -1 
	   477,    488,    489, -1 
	   477,    489,    479, -1 
	   478,    479,    490, -1 
	   478,    490,    483, -1 
	   479,    489,    491, -1 
	   479,    491,    490, -1 
	   480,    492,    484, -1 
	   481,    492,    480, -1 
	   481,    493,    492, -1 
	   482,    493,    481, -1 
	   482,    494,    493, -1 
	   483,    494,    482, -1 
	   483,    490,    494, -1 
	   484,    495,    485, -1 
	   492,    495,    484, -1 
	   485,    496,    497, -1 
	   485,    497,    486, -1 
	   495,    496,    485, -1 
	   486,    497,    498, -1 
	   486,    498,    487, -1 
	   487,    498,    499, -1 
	   487,    499,    488, -1 
	   488,    499,    500, -1 
	   488,    500,    489, -1 
	   489,    500,    501, -1 
	   489,    501,    491, -1 
	   490,    491,    502, -1 
	   490,    502,    494, -1 
	   491,    501,    503, -1 
	   491,    503,    502, -1 
	   492,    504,    495, -1 
	   493,    504,    492, -1 
	   493,    505,    504, -1 
	   494,    505,    493, -1 
	   494,    502,    505, -1 
	   495,    506,    496, -1 
	   504,    506,    495, -1 
	   496,    507,    508, -1 
	   496,    508,    497, -1 
	   506,    507,    496, -1 
	   497,    508,    509, -1 
	   497,    509,    498, -1 
	   498,    509,    510, -1 
	   498,    510,    499, -1 
	   499,    510,    511, -1 
	   499,    511,    500, -1 
	   500,    511,    512, -1 
	   500,    512,    501, -1 
	   501,    512,    513, -1 
	   501,    513,    503, -1 
	   502,    503,    514, -1 
	   502,    514,    505, -1 
	   503,    513,    515, -1 
	   503,    515,    514, -1 
	   504,    516,    506, -1 
	   505,    516,    504, -1 
	   505,    514,    516, -1 
	   506,    517,    507, -1 
	   516,    517,    506, -1 
	   507,    518,    519, -1 
	   507,    519,    508, -1 
	   517,    518,    507, -1 
	   508,    519,    520, -1 
	   508,    520,    509, -1 
	   509,    520,    521, -1 
	   509,    521,    510, -1 
	   510,    521,    522, -1 
	   510,    522,    511, -1 
	   511,    522,    523, -1 
	   511,    523,    512, -1 
	   512,    523,    524, -1 
	   512,    524,    513, -1 
	   513,    524,    525, -1 
	   513,    525,    515, -1 
	   514,    515,    526, -1 
	   514,    526,    516, -1 
	   515,    525,    527, -1 
	   515,    527,    526, -1 
	   516,    526,    517, -1 
	   517,    528,    518, -1 
	   526,    528,    517, -1 
	   518,    529,    530, -1 
	   518,    530,    519, -1 
	   528,    529,    518, -1 
	   519,    530,    531, -1 
	   519,    531,    520, -1 
	   520,    531,    532, -1 
	   520,    532,    521, -1 
	   521,    532,    533, -1 
	   521,    533,    522, -1 
	   522,    533,    534, -1 
	   522,    534,    523, -1 
	   523,    534,    535, -1 
	   523,    535,    524, -1 
	   524,    535,    536, -1 
	   524,    536,    525, -1 
	   525,    536,    537, -1 
	   525,    537,    527, -1 
	   526,    527,    528, -1 
	   527,    537,    538, -1 
	   527,    538,    528, -1 
	   528,    538,    529, -1 
	   529,    539,    540, -1 
	   529,    540,    530, -1 
	   538,    539,    529, -1 
	   530,    540,    541, -1 
	   530,    541,    531, -1 
	   531,    541,    542, -1 
	   531,    542,    532, -1 
	   532,    542,    543, -1 
	   532,    543,    533, -1 
	   533,    543,    544, -1 
	   533,    544,    534, -1 
	   534,    544,    545, -1 
	   534,    545,    535, -1 
	   535,    545,    546, -1 
	   535,    546,    536, -1 
	   536,    546,    547, -1 
	   536,    547,    537, -1 
	   537,    547,    548, -1 
	   537,    548,    538, -1 
	   538,    548,    539, -1 
	   539,    549,    550, -1 
	   539,    550,    540, -1 
	   548,    549,    539, -1 
	   540,    550,    551, -1 
	   540,    551,    541, -1 
	   541,    551,    552, -1 
	   541,    552,    542, -1 
	   542,    552,    553, -1 
	   542,    553,    543, -1 
	   543,    553,    554, -1 
	   543,    554,    544, -1 
	   544,    554,    555, -1 
	   544,    555,    545, -1 
	   545,    555,    556, -1 
	   545,    556,    546, -1 
	   546,    556,    557, -1 
	   546,    557,    547, -1 
	   547,    557,    558, -1 
	   547,    558,    548, -1 
	   548,    558,    549, -1 
	   549,    559,    550, -1 
	   558,    559,    549, -1 
	   550,    559,    551, -1 
	   551,    559,    552, -1 
	   552,    559,    553, -1 
	   553,    559,    554, -1 
	   554,    559,    555, -1 
	   555,    559,    556, -1 
	   556,    559,    557, -1 
	   557,    559,    558, -1 
	   560,    561,    562, -1 
	   563,    560,    562, -1 
	   564,    565,    560, -1 
	   565,    561,    560, -1 
	   564,    560,    563, -1 
	   561,    566,    562, -1 
	   565,    567,    561, -1 
	   567,    566,    561, -1 
	   566,    568,    562, -1 
	   568,    569,    562, -1 
	   569,    563,    562, -1 
	   570,    563,    569, -1 
	   570,    564,    563, -1 
	   571,    572,    564, -1 
	   572,    565,    564, -1 
	   571,    564,    570, -1 
	   572,    573,    565, -1 
	   573,    574,    565, -1 
	   574,    567,    565, -1 
	   567,    575,    566, -1 
	   575,    568,    566, -1 
	   574,    576,    567, -1 
	   576,    577,    567, -1 
	   577,    578,    567, -1 
	   578,    575,    567, -1 
	   575,    579,    568, -1 
	   579,    580,    568, -1 
	   580,    569,    568, -1 
	   580,    570,    569, -1 
	   581,    570,    580, -1 
	   581,    571,    570, -1 
	   582,    583,    571, -1 
	   583,    572,    571, -1 
	   582,    571,    581, -1 
	   583,    573,    572, -1 
	   583,    584,    573, -1 
	   584,    574,    573, -1 
	   584,    585,    574, -1 
	   585,    576,    574, -1 
	   578,    586,    575, -1 
	   586,    579,    575, -1 
	   585,    577,    576, -1 
	   585,    587,    577, -1 
	   587,    578,    577, -1 
	   587,    588,    578, -1 
	   588,    586,    578, -1 
	   586,    589,    579, -1 
	   589,    580,    579, -1 
	   589,    590,    580, -1 
	   590,    581,    580, -1 
	   591,    581,    590, -1 
	   591,    582,    581, -1 
	   592,    583,    582, -1 
	   593,    582,    591, -1 
	   593,    592,    582, -1 
	   592,    594,    583, -1 
	   594,    584,    583, -1 
	   594,    595,    584, -1 
	   595,    585,    584, -1 
	   595,    596,    585, -1 
	   596,    587,    585, -1 
	   588,    597,    586, -1 
	   597,    589,    586, -1 
	   596,    598,    587, -1 
	   598,    588,    587, -1 
	   598,    599,    588, -1 
	   599,    597,    588, -1 
	   597,    600,    589, -1 
	   600,    601,    589, -1 
	   601,    590,    589, -1 
	   601,    602,    590, -1 
	   602,    603,    590, -1 
	   603,    591,    590, -1 
	   604,    591,    603, -1 
	   604,    593,    591, -1 
	   605,    594,    592, -1 
	   606,    592,    593, -1 
	   606,    605,    592, -1 
	   607,    593,    604, -1 
	   607,    606,    593, -1 
	   605,    608,    594, -1 
	   608,    595,    594, -1 
	   608,    609,    595, -1 
	   609,    596,    595, -1 
	   609,    598,    596, -1 
	   599,    610,    597, -1 
	   610,    600,    597, -1 
	   609,    611,    598, -1 
	   611,    599,    598, -1 
	   611,    612,    599, -1 
	   612,    610,    599, -1 
	   610,    613,    600, -1 
	   613,    601,    600, -1 
	   613,    614,    601, -1 
	   614,    602,    601, -1 
	   614,    615,    602, -1 
	   615,    616,    602, -1 
	   616,    617,    602, -1 
	   617,    603,    602, -1 
	   617,    604,    603, -1 
	   607,    604,    617, -1 
	   618,    608,    605, -1 
	   618,    605,    606, -1 
	   618,    606,    607, -1 
	   619,    607,    617, -1 
	   618,    607,    619, -1 
	   618,    609,    608, -1 
	   618,    611,    609, -1 
	   612,    613,    610, -1 
	   618,    612,    611, -1 
	   612,    614,    613, -1 
	   612,    619,    614, -1 
	   618,    619,    612, -1 
	   619,    615,    614, -1 
	   619,    616,    615, -1 
	   619,    617,    616, -1 
	   620,    621,    622, -1 
	   620,    623,    621, -1 
	   620,    624,    623, -1 
	   620,    625,    624, -1 
	   620,    626,    625, -1 
	   620,    627,    626, -1 
	   620,    628,    627, -1 
	   620,    629,    628, -1 
	   620,    630,    629, -1 
	   620,    622,    630, -1 
	   622,    621,    631, -1 
	   621,    632,    631, -1 
	   621,    623,    632, -1 
	   622,    631,    633, -1 
	   630,    622,    633, -1 
	   623,    634,    632, -1 
	   623,    624,    634, -1 
	   624,    635,    634, -1 
	   624,    625,    635, -1 
	   625,    626,    635, -1 
	   626,    636,    635, -1 
	   626,    627,    636, -1 
	   627,    637,    636, -1 
	   627,    638,    637, -1 
	   627,    628,    638, -1 
	   628,    639,    638, -1 
	   628,    629,    639, -1 
	   629,    640,    639, -1 
	   629,    641,    640, -1 
	   629,    630,    641, -1 
	   630,    633,    641, -1 
	   633,    631,    642, -1 
	   631,    643,    642, -1 
	   631,    632,    643, -1 
	   632,    644,    643, -1 
	   632,    634,    644, -1 
	   641,    633,    642, -1 
	   634,    645,    644, -1 
	   634,    635,    645, -1 
	   635,    646,    645, -1 
	   635,    647,    646, -1 
	   635,    636,    647, -1 
	   636,    648,    647, -1 
	   636,    637,    648, -1 
	   637,    649,    648, -1 
	   637,    638,    649, -1 
	   638,    650,    649, -1 
	   638,    639,    650, -1 
	   639,    651,    650, -1 
	   639,    640,    651, -1 
	   640,    652,    651, -1 
	   640,    641,    652, -1 
	   641,    642,    652, -1 
	   642,    653,    654, -1 
	   642,    643,    653, -1 
	   652,    642,    654, -1 
	   643,    655,    653, -1 
	   643,    644,    655, -1 
	   644,    656,    655, -1 
	   644,    645,    656, -1 
	   645,    646,    656, -1 
	   646,    657,    656, -1 
	   646,    647,    657, -1 
	   647,    658,    657, -1 
	   647,    648,    658, -1 
	   648,    649,    658, -1 
	   649,    659,    658, -1 
	   649,    650,    659, -1 
	   650,    651,    659, -1 
	   651,    660,    659, -1 
	   651,    652,    660, -1 
	   652,    654,    660, -1 
	   654,    653,    661, -1 
	   653,    655,    661, -1 
	   660,    654,    661, -1 
	   655,    656,    661, -1 
	   656,    657,    661, -1 
	   657,    658,    661, -1 
	   658,    659,    661, -1 
	   659,    660,    661, -1 
	   662,    663,    664, -1 
	   662,    665,    663, -1 
	   662,    666,    665, -1 
	   662,    667,    666, -1 
	   662,    668,    667, -1 
	   662,    669,    668, -1 
	   662,    670,    669, -1 
	   662,    671,    670, -1 
	   662,    672,    671, -1 
	   662,    673,    672, -1 
	   662,    674,    673, -1 
	   662,    664,    674, -1 
	   664,    663,    675, -1 
	   663,    676,    675, -1 
	   663,    665,    676, -1 
	   674,    664,    677, -1 
	   664,    675,    677, -1 
	   665,    678,    676, -1 
	   665,    679,    678, -1 
	   665,    666,    679, -1 
	   666,    680,    679, -1 
	   666,    667,    680, -1 
	   667,    681,    680, -1 
	   667,    668,    681, -1 
	   668,    682,    681, -1 
	   668,    683,    682, -1 
	   668,    669,    683, -1 
	   669,    684,    683, -1 
	   669,    670,    684, -1 
	   670,    685,    684, -1 
	   670,    671,    685, -1 
	   671,    686,    685, -1 
	   671,    672,    686, -1 
	   672,    687,    686, -1 
	   672,    673,    687, -1 
	   673,    677,    687, -1 
	   673,    674,    677, -1 
	   675,    688,    689, -1 
	   675,    676,    688, -1 
	   677,    675,    689, -1 
	   676,    690,    688, -1 
	   676,    678,    690, -1 
	   687,    677,    691, -1 
	   677,    689,    691, -1 
	   678,    692,    690, -1 
	   678,    679,    692, -1 
	   679,    680,    692, -1 
	   680,    693,    692, -1 
	   680,    681,    693, -1 
	   681,    694,    693, -1 
	   681,    682,    694, -1 
	   682,    695,    694, -1 
	   682,    683,    695, -1 
	   683,    696,    695, -1 
	   683,    684,    696, -1 
	   684,    697,    696, -1 
	   684,    685,    697, -1 
	   685,    698,    697, -1 
	   685,    686,    698, -1 
	   686,    687,    698, -1 
	   687,    691,    698, -1 
	   689,    688,    699, -1 
	   688,    700,    699, -1 
	   688,    690,    700, -1 
	   691,    689,    699, -1 
	   690,    692,    700, -1 
	   698,    691,    701, -1 
	   691,    702,    701, -1 
	   691,    699,    702, -1 
	   692,    703,    700, -1 
	   692,    693,    703, -1 
	   693,    704,    703, -1 
	   693,    694,    704, -1 
	   694,    695,    704, -1 
	   695,    705,    704, -1 
	   695,    696,    705, -1 
	   696,    706,    705, -1 
	   696,    697,    706, -1 
	   697,    701,    706, -1 
	   697,    698,    701, -1 
	   699,    700,    707, -1 
	   702,    699,    707, -1 
	   700,    703,    707, -1 
	   706,    701,    707, -1 
	   701,    702,    707, -1 
	   703,    704,    707, -1 
	   704,    705,    707, -1 
	   705,    706,    707, -1 
	   708,    709,    710, -1 
	   708,    711,    709, -1 
	   708,    712,    711, -1 
	   712,    708,    713, -1 
	   708,    710,    713, -1 
	   710,    709,    714, -1 
	   709,    715,    714, -1 
	   709,    711,    715, -1 
	   713,    710,    716, -1 
	   710,    717,    716, -1 
	   710,    714,    717, -1 
	   712,    718,    711, -1 
	   711,    719,    715, -1 
	   711,    720,    719, -1 
	   711,    721,    720, -1 
	   711,    718,    721, -1 
	   712,    722,    718, -1 
	   712,    713,    722, -1 
	   722,    713,    723, -1 
	   713,    716,    723, -1 
	   714,    724,    725, -1 
	   714,    726,    724, -1 
	   714,    715,    726, -1 
	   717,    714,    725, -1 
	   715,    727,    726, -1 
	   715,    719,    727, -1 
	   723,    716,    728, -1 
	   716,    729,    728, -1 
	   716,    730,    729, -1 
	   716,    717,    730, -1 
	   717,    725,    730, -1 
	   718,    731,    721, -1 
	   718,    732,    731, -1 
	   718,    733,    732, -1 
	   718,    722,    733, -1 
	   719,    734,    727, -1 
	   719,    720,    734, -1 
	   720,    735,    734, -1 
	   720,    721,    735, -1 
	   721,    731,    735, -1 
	   722,    736,    733, -1 
	   722,    723,    736, -1 
	   736,    723,    737, -1 
	   723,    728,    737, -1 
	   725,    724,    738, -1 
	   724,    739,    738, -1 
	   724,    726,    739, -1 
	   730,    725,    740, -1 
	   725,    738,    740, -1 
	   726,    741,    739, -1 
	   726,    727,    741, -1 
	   727,    742,    741, -1 
	   727,    734,    742, -1 
	   737,    728,    743, -1 
	   728,    744,    743, -1 
	   728,    729,    744, -1 
	   729,    745,    744, -1 
	   729,    730,    745, -1 
	   730,    740,    745, -1 
	   731,    746,    735, -1 
	   731,    732,    746, -1 
	   732,    733,    746, -1 
	   733,    747,    746, -1 
	   733,    736,    747, -1 
	   734,    748,    742, -1 
	   734,    735,    748, -1 
	   735,    749,    748, -1 
	   735,    746,    749, -1 
	   736,    750,    747, -1 
	   736,    737,    750, -1 
	   750,    737,    751, -1 
	   737,    743,    751, -1 
	   738,    752,    753, -1 
	   738,    739,    752, -1 
	   740,    738,    753, -1 
	   739,    741,    752, -1 
	   745,    740,    754, -1 
	   740,    755,    754, -1 
	   740,    753,    755, -1 
	   741,    756,    752, -1 
	   741,    742,    756, -1 
	   742,    757,    756, -1 
	   742,    748,    757, -1 
	   751,    743,    758, -1 
	   743,    759,    758, -1 
	   743,    744,    759, -1 
	   744,    760,    759, -1 
	   744,    745,    760, -1 
	   745,    754,    760, -1 
	   746,    761,    749, -1 
	   746,    762,    761, -1 
	   746,    747,    762, -1 
	   747,    763,    762, -1 
	   747,    750,    763, -1 
	   748,    764,    757, -1 
	   748,    749,    764, -1 
	   749,    765,    764, -1 
	   749,    761,    765, -1 
	   750,    751,    763, -1 
	   763,    751,    766, -1 
	   751,    758,    766, -1 
	   753,    752,    767, -1 
	   752,    756,    767, -1 
	   755,    753,    767, -1 
	   760,    754,    767, -1 
	   754,    755,    767, -1 
	   756,    757,    767, -1 
	   757,    764,    767, -1 
	   766,    758,    767, -1 
	   758,    759,    767, -1 
	   759,    760,    767, -1 
	   761,    768,    765, -1 
	   761,    762,    768, -1 
	   762,    766,    768, -1 
	   762,    763,    766, -1 
	   764,    765,    767, -1 
	   765,    768,    767, -1 
	   768,    766,    767, -1 
	   769,    770,    771, -1 
	   769,    772,    770, -1 
	   769,    773,    772, -1 
	   769,    774,    773, -1 
	   769,    775,    774, -1 
	   769,    776,    775, -1 
	   769,    777,    776, -1 
	   769,    771,    777, -1 
	   771,    770,    778, -1 
	   770,    779,    778, -1 
	   770,    780,    779, -1 
	   770,    772,    780, -1 
	   771,    778,    781, -1 
	   777,    771,    782, -1 
	   771,    781,    782, -1 
	   772,    783,    780, -1 
	   772,    784,    783, -1 
	   772,    785,    784, -1 
	   772,    773,    785, -1 
	   773,    786,    785, -1 
	   773,    774,    786, -1 
	   774,    787,    786, -1 
	   774,    775,    787, -1 
	   775,    788,    787, -1 
	   775,    776,    788, -1 
	   776,    789,    788, -1 
	   776,    777,    789, -1 
	   777,    782,    789, -1 
	   781,    778,    790, -1 
	   778,    791,    790, -1 
	   778,    779,    791, -1 
	   779,    792,    791, -1 
	   779,    793,    792, -1 
	   779,    780,    793, -1 
	   780,    783,    793, -1 
	   781,    790,    794, -1 
	   782,    781,    794, -1 
	   789,    782,    795, -1 
	   782,    796,    795, -1 
	   782,    794,    796, -1 
	   783,    797,    793, -1 
	   783,    798,    797, -1 
	   783,    784,    798, -1 
	   784,    785,    798, -1 
	   785,    799,    798, -1 
	   785,    786,    799, -1 
	   786,    800,    799, -1 
	   786,    801,    800, -1 
	   786,    787,    801, -1 
	   787,    802,    801, -1 
	   787,    788,    802, -1 
	   788,    803,    802, -1 
	   788,    789,    803, -1 
	   789,    795,    803, -1 
	   794,    790,    804, -1 
	   790,    805,    804, -1 
	   790,    791,    805, -1 
	   791,    806,    805, -1 
	   791,    792,    806, -1 
	   792,    807,    806, -1 
	   792,    793,    807, -1 
	   793,    808,    807, -1 
	   793,    797,    808, -1 
	   796,    794,    804, -1 
	   803,    795,    809, -1 
	   795,    810,    809, -1 
	   795,    796,    810, -1 
	   796,    804,    810, -1 
	   797,    798,    808, -1 
	   798,    811,    808, -1 
	   798,    799,    811, -1 
	   799,    812,    811, -1 
	   799,    800,    812, -1 
	   800,    813,    812, -1 
	   800,    801,    813, -1 
	   801,    802,    813, -1 
	   802,    814,    813, -1 
	   802,    803,    814, -1 
	   803,    809,    814, -1 
	   804,    815,    816, -1 
	   804,    805,    815, -1 
	   810,    804,    816, -1 
	   805,    817,    815, -1 
	   805,    806,    817, -1 
	   806,    807,    817, -1 
	   807,    818,    817, -1 
	   807,    808,    818, -1 
	   808,    819,    818, -1 
	   808,    811,    819, -1 
	   814,    809,    820, -1 
	   809,    821,    820, -1 
	   809,    810,    821, -1 
	   810,    822,    821, -1 
	   810,    816,    822, -1 
	   811,    823,    819, -1 
	   811,    824,    823, -1 
	   811,    812,    824, -1 
	   812,    813,    824, -1 
	   813,    820,    824, -1 
	   813,    814,    820, -1 
	   816,    815,    825, -1 
	   815,    826,    825, -1 
	   815,    817,    826, -1 
	   822,    816,    827, -1 
	   816,    825,    827, -1 
	   817,    828,    826, -1 
	   817,    818,    828, -1 
	   818,    819,    828, -1 
	   819,    829,    828, -1 
	   819,    823,    829, -1 
	   824,    820,    830, -1 
	   820,    821,    830, -1 
	   821,    822,    830, -1 
	   822,    827,    830, -1 
	   823,    824,    829, -1 
	   824,    830,    829, -1 
	   825,    826,    831, -1 
	   827,    825,    831, -1 
	   826,    828,    831, -1 
	   830,    827,    831, -1 
	   828,    829,    831, -1 
	   829,    830,    831, -1 
	   832,    833,    834, -1 
	   835,    832,    834, -1 
	   836,    837,    832, -1 
	   837,    833,    832, -1 
	   838,    832,    835, -1 
	   838,    836,    832, -1 
	   833,    839,    834, -1 
	   837,    840,    833, -1 
	   840,    841,    833, -1 
	   841,    839,    833, -1 
	   839,    842,    834, -1 
	   842,    843,    834, -1 
	   843,    844,    834, -1 
	   844,    835,    834, -1 
	   845,    835,    844, -1 
	   845,    838,    835, -1 
	   846,    837,    836, -1 
	   846,    836,    838, -1 
	   846,    847,    837, -1 
	   847,    848,    837, -1 
	   848,    840,    837, -1 
	   849,    838,    845, -1 
	   849,    846,    838, -1 
	   841,    850,    839, -1 
	   850,    851,    839, -1 
	   851,    842,    839, -1 
	   848,    852,    840, -1 
	   852,    853,    840, -1 
	   853,    841,    840, -1 
	   853,    854,    841, -1 
	   854,    850,    841, -1 
	   851,    855,    842, -1 
	   855,    856,    842, -1 
	   856,    843,    842, -1 
	   856,    857,    843, -1 
	   857,    858,    843, -1 
	   858,    844,    843, -1 
	   858,    859,    844, -1 
	   859,    845,    844, -1 
	   860,    845,    859, -1 
	   860,    861,    845, -1 
	   861,    849,    845, -1 
	   862,    847,    846, -1 
	   863,    846,    849, -1 
	   863,    862,    846, -1 
	   862,    864,    847, -1 
	   864,    848,    847, -1 
	   864,    852,    848, -1 
	   865,    849,    861, -1 
	   865,    863,    849, -1 
	   854,    866,    850, -1 
	   866,    867,    850, -1 
	   867,    851,    850, -1 
	   867,    868,    851, -1 
	   868,    855,    851, -1 
	   864,    869,    852, -1 
	   869,    853,    852, -1 
	   869,    870,    853, -1 
	   870,    854,    853, -1 
	   870,    866,    854, -1 
	   868,    871,    855, -1 
	   871,    856,    855, -1 
	   871,    872,    856, -1 
	   872,    857,    856, -1 
	   872,    873,    857, -1 
	   873,    874,    857, -1 
	   874,    858,    857, -1 
	   874,    875,    858, -1 
	   875,    876,    858, -1 
	   876,    859,    858, -1 
	   876,    877,    859, -1 
	   877,    860,    859, -1 
	   878,    860,    877, -1 
	   878,    865,    860, -1 
	   865,    861,    860, -1 
	   879,    880,    862, -1 
	   880,    864,    862, -1 
	   881,    862,    863, -1 
	   881,    879,    862, -1 
	   882,    863,    865, -1 
	   882,    881,    863, -1 
	   880,    883,    864, -1 
	   883,    869,    864, -1 
	   882,    865,    878, -1 
	   870,    884,    866, -1 
	   884,    867,    866, -1 
	   884,    885,    867, -1 
	   885,    868,    867, -1 
	   885,    886,    868, -1 
	   886,    887,    868, -1 
	   887,    871,    868, -1 
	   883,    888,    869, -1 
	   888,    889,    869, -1 
	   889,    870,    869, -1 
	   889,    890,    870, -1 
	   890,    884,    870, -1 
	   887,    891,    871, -1 
	   891,    872,    871, -1 
	   891,    892,    872, -1 
	   892,    873,    872, -1 
	   892,    874,    873, -1 
	   892,    893,    874, -1 
	   893,    875,    874, -1 
	   893,    876,    875, -1 
	   893,    894,    876, -1 
	   894,    895,    876, -1 
	   895,    896,    876, -1 
	   896,    877,    876, -1 
	   896,    878,    877, -1 
	   897,    878,    896, -1 
	   897,    882,    878, -1 
	   898,    880,    879, -1 
	   899,    879,    881, -1 
	   899,    898,    879, -1 
	   898,    900,    880, -1 
	   900,    901,    880, -1 
	   901,    883,    880, -1 
	   899,    881,    882, -1 
	   902,    882,    897, -1 
	   902,    899,    882, -1 
	   901,    903,    883, -1 
	   903,    888,    883, -1 
	   890,    904,    884, -1 
	   904,    885,    884, -1 
	   904,    886,    885, -1 
	   904,    905,    886, -1 
	   905,    906,    886, -1 
	   906,    887,    886, -1 
	   906,    891,    887, -1 
	   903,    907,    888, -1 
	   907,    889,    888, -1 
	   907,    908,    889, -1 
	   908,    890,    889, -1 
	   908,    909,    890, -1 
	   909,    910,    890, -1 
	   910,    904,    890, -1 
	   906,    911,    891, -1 
	   911,    892,    891, -1 
	   911,    893,    892, -1 
	   911,    912,    893, -1 
	   912,    913,    893, -1 
	   913,    894,    893, -1 
	   913,    914,    894, -1 
	   914,    915,    894, -1 
	   915,    895,    894, -1 
	   915,    896,    895, -1 
	   915,    897,    896, -1 
	   916,    897,    915, -1 
	   916,    917,    897, -1 
	   917,    902,    897, -1 
	   918,    900,    898, -1 
	   919,    898,    899, -1 
	   919,    918,    898, -1 
	   920,    899,    902, -1 
	   920,    919,    899, -1 
	   918,    921,    900, -1 
	   921,    901,    900, -1 
	   921,    922,    901, -1 
	   922,    903,    901, -1 
	   923,    902,    917, -1 
	   923,    920,    902, -1 
	   922,    924,    903, -1 
	   924,    907,    903, -1 
	   910,    925,    904, -1 
	   925,    905,    904, -1 
	   925,    926,    905, -1 
	   926,    906,    905, -1 
	   926,    927,    906, -1 
	   927,    911,    906, -1 
	   924,    928,    907, -1 
	   928,    929,    907, -1 
	   929,    908,    907, -1 
	   929,    930,    908, -1 
	   930,    931,    908, -1 
	   931,    909,    908, -1 
	   931,    932,    909, -1 
	   932,    933,    909, -1 
	   933,    910,    909, -1 
	   933,    925,    910, -1 
	   927,    934,    911, -1 
	   934,    935,    911, -1 
	   935,    912,    911, -1 
	   935,    936,    912, -1 
	   936,    913,    912, -1 
	   936,    916,    913, -1 
	   916,    914,    913, -1 
	   916,    915,    914, -1 
	   937,    916,    936, -1 
	   937,    938,    916, -1 
	   938,    917,    916, -1 
	   938,    923,    917, -1 
	   939,    940,    918, -1 
	   940,    941,    918, -1 
	   941,    942,    918, -1 
	   942,    921,    918, -1 
	   939,    918,    919, -1 
	   939,    919,    920, -1 
	   943,    920,    923, -1 
	   943,    939,    920, -1 
	   942,    922,    921, -1 
	   942,    944,    922, -1 
	   944,    945,    922, -1 
	   945,    924,    922, -1 
	   946,    923,    938, -1 
	   946,    943,    923, -1 
	   945,    947,    924, -1 
	   947,    928,    924, -1 
	   933,    926,    925, -1 
	   933,    948,    926, -1 
	   948,    927,    926, -1 
	   948,    949,    927, -1 
	   949,    950,    927, -1 
	   950,    934,    927, -1 
	   951,    928,    947, -1 
	   951,    952,    928, -1 
	   952,    929,    928, -1 
	   952,    930,    929, -1 
	   952,    953,    930, -1 
	   953,    931,    930, -1 
	   953,    954,    931, -1 
	   954,    955,    931, -1 
	   955,    932,    931, -1 
	   955,    956,    932, -1 
	   956,    933,    932, -1 
	   956,    957,    933, -1 
	   957,    948,    933, -1 
	   950,    958,    934, -1 
	   958,    935,    934, -1 
	   958,    959,    935, -1 
	   959,    936,    935, -1 
	   959,    937,    936, -1 
	   960,    937,    959, -1 
	   960,    961,    937, -1 
	   961,    938,    937, -1 
	   961,    962,    938, -1 
	   962,    946,    938, -1 
	   963,    964,    939, -1 
	   964,    965,    939, -1 
	   965,    940,    939, -1 
	   966,    939,    943, -1 
	   966,    963,    939, -1 
	   965,    941,    940, -1 
	   965,    942,    941, -1 
	   965,    967,    942, -1 
	   967,    968,    942, -1 
	   968,    944,    942, -1 
	   969,    943,    946, -1 
	   969,    970,    943, -1 
	   970,    966,    943, -1 
	   968,    945,    944, -1 
	   968,    971,    945, -1 
	   971,    947,    945, -1 
	   969,    946,    962, -1 
	   971,    951,    947, -1 
	   957,    949,    948, -1 
	   957,    950,    949, -1 
	   957,    972,    950, -1 
	   972,    973,    950, -1 
	   973,    958,    950, -1 
	   971,    952,    951, -1 
	   971,    974,    952, -1 
	   974,    953,    952, -1 
	   974,    975,    953, -1 
	   975,    976,    953, -1 
	   976,    954,    953, -1 
	   976,    955,    954, -1 
	   976,    977,    955, -1 
	   977,    956,    955, -1 
	   977,    978,    956, -1 
	   978,    957,    956, -1 
	   978,    972,    957, -1 
	   973,    979,    958, -1 
	   979,    959,    958, -1 
	   979,    960,    959, -1 
	   980,    960,    979, -1 
	   980,    981,    960, -1 
	   981,    982,    960, -1 
	   982,    961,    960, -1 
	   982,    969,    961, -1 
	   969,    962,    961, -1 
	   983,    964,    963, -1 
	   983,    963,    966, -1 
	   983,    984,    964, -1 
	   984,    965,    964, -1 
	   984,    967,    965, -1 
	   983,    966,    970, -1 
	   984,    985,    967, -1 
	   985,    968,    967, -1 
	   985,    986,    968, -1 
	   986,    971,    968, -1 
	   987,    969,    982, -1 
	   987,    988,    969, -1 
	   988,    989,    969, -1 
	   989,    970,    969, -1 
	   989,    983,    970, -1 
	   986,    974,    971, -1 
	   978,    973,    972, -1 
	   978,    990,    973, -1 
	   990,    979,    973, -1 
	   986,    975,    974, -1 
	   986,    991,    975, -1 
	   991,    976,    975, -1 
	   991,    977,    976, -1 
	   991,    992,    977, -1 
	   992,    978,    977, -1 
	   993,    978,    992, -1 
	   993,    994,    978, -1 
	   994,    995,    978, -1 
	   995,    996,    978, -1 
	   996,    990,    978, -1 
	   990,    980,    979, -1 
	   987,    980,    990, -1 
	   987,    981,    980, -1 
	   987,    982,    981, -1 
	   997,    998,    983, -1 
	   998,    984,    983, -1 
	   983,    989,    997, -1 
	   998,    985,    984, -1 
	   998,    986,    985, -1 
	   998,    999,    986, -1 
	   999,    991,    986, -1 
	   996,    987,    990, -1 
	   997,    987,    996, -1 
	   997,    988,    987, -1 
	   997,    989,    988, -1 
	   999,    992,    991, -1 
	   999,    993,    992, -1 
	   999,    994,    993, -1 
	   999,    995,    994, -1 
	   999,    996,    995, -1 
	   999,    997,    996, -1 
	   999,    998,    997, -1 
	  1000,   1001,   1002, -1 
	  1000,   1002,   1003, -1 
	  1000,   1004,   1001, -1 
	  1000,   1003,   1005, -1 
	  1000,   1005,   1006, -1 
	  1000,   1006,   1007, -1 
	  1000,   1007,   1008, -1 
	  1000,   1008,   1009, -1 
	  1000,   1009,   1010, -1 
	  1000,   1010,   1004, -1 
	  1001,   1011,   1002, -1 
	  1012,   1011,   1001, -1 
	  1004,   1012,   1001, -1 
	  1011,   1013,   1002, -1 
	  1002,   1013,   1003, -1 
	  1013,   1014,   1003, -1 
	  1003,   1014,   1005, -1 
	  1015,   1012,   1004, -1 
	  1010,   1015,   1004, -1 
	  1014,   1016,   1005, -1 
	  1005,   1016,   1006, -1 
	  1016,   1017,   1006, -1 
	  1006,   1017,   1007, -1 
	  1017,   1018,   1007, -1 
	  1007,   1018,   1008, -1 
	  1018,   1019,   1008, -1 
	  1008,   1019,   1009, -1 
	  1019,   1020,   1009, -1 
	  1009,   1020,   1010, -1 
	  1020,   1015,   1010, -1 
	  1011,   1021,   1013, -1 
	  1022,   1021,   1011, -1 
	  1012,   1022,   1011, -1 
	  1023,   1022,   1012, -1 
	  1015,   1023,   1012, -1 
	  1021,   1024,   1013, -1 
	  1013,   1024,   1014, -1 
	  1024,   1025,   1014, -1 
	  1014,   1025,   1016, -1 
	  1026,   1023,   1015, -1 
	  1020,   1026,   1015, -1 
	  1025,   1027,   1016, -1 
	  1016,   1027,   1017, -1 
	  1027,   1028,   1017, -1 
	  1017,   1028,   1018, -1 
	  1028,   1029,   1018, -1 
	  1018,   1029,   1019, -1 
	  1029,   1030,   1019, -1 
	  1019,   1030,   1020, -1 
	  1030,   1026,   1020, -1 
	  1021,   1031,   1024, -1 
	  1032,   1031,   1021, -1 
	  1022,   1032,   1021, -1 
	  1033,   1032,   1022, -1 
	  1023,   1033,   1022, -1 
	  1034,   1033,   1023, -1 
	  1026,   1034,   1023, -1 
	  1031,   1035,   1024, -1 
	  1024,   1035,   1025, -1 
	  1035,   1036,   1025, -1 
	  1027,   1025,   1036, -1 
	  1037,   1034,   1026, -1 
	  1030,   1037,   1026, -1 
	  1027,   1036,   1038, -1 
	  1027,   1038,   1028, -1 
	  1038,   1039,   1028, -1 
	  1028,   1039,   1029, -1 
	  1039,   1040,   1029, -1 
	  1029,   1040,   1030, -1 
	  1040,   1037,   1030, -1 
	  1031,   1041,   1035, -1 
	  1042,   1041,   1031, -1 
	  1032,   1042,   1031, -1 
	  1043,   1042,   1032, -1 
	  1033,   1043,   1032, -1 
	  1044,   1043,   1033, -1 
	  1034,   1044,   1033, -1 
	  1045,   1044,   1034, -1 
	  1037,   1045,   1034, -1 
	  1041,   1046,   1035, -1 
	  1035,   1046,   1036, -1 
	  1046,   1047,   1036, -1 
	  1036,   1047,   1038, -1 
	  1048,   1045,   1037, -1 
	  1040,   1048,   1037, -1 
	  1047,   1049,   1038, -1 
	  1038,   1049,   1039, -1 
	  1049,   1050,   1039, -1 
	  1039,   1050,   1040, -1 
	  1050,   1048,   1040, -1 
	  1041,   1051,   1046, -1 
	  1052,   1051,   1041, -1 
	  1042,   1052,   1041, -1 
	  1053,   1052,   1042, -1 
	  1043,   1053,   1042, -1 
	  1054,   1053,   1043, -1 
	  1044,   1054,   1043, -1 
	  1055,   1054,   1044, -1 
	  1045,   1055,   1044, -1 
	  1056,   1055,   1045, -1 
	  1048,   1056,   1045, -1 
	  1051,   1057,   1046, -1 
	  1046,   1057,   1047, -1 
	  1057,   1058,   1047, -1 
	  1047,   1058,   1049, -1 
	  1059,   1056,   1048, -1 
	  1050,   1059,   1048, -1 
	  1058,   1060,   1049, -1 
	  1049,   1060,   1050, -1 
	  1060,   1059,   1050, -1 
	  1051,   1061,   1057, -1 
	  1062,   1061,   1051, -1 
	  1052,   1062,   1051, -1 
	  1063,   1062,   1052, -1 
	  1053,   1063,   1052, -1 
	  1064,   1063,   1053, -1 
	  1054,   1064,   1053, -1 
	  1065,   1064,   1054, -1 
	  1055,   1065,   1054, -1 
	  1066,   1065,   1055, -1 
	  1056,   1066,   1055, -1 
	  1067,   1066,   1056, -1 
	  1059,   1067,   1056, -1 
	  1061,   1068,   1057, -1 
	  1057,   1068,   1058, -1 
	  1068,   1069,   1058, -1 
	  1058,   1069,   1060, -1 
	  1070,   1067,   1059, -1 
	  1060,   1070,   1059, -1 
	  1069,   1070,   1060, -1 
	  1061,   1071,   1068, -1 
	  1072,   1071,   1061, -1 
	  1062,   1072,   1061, -1 
	  1073,   1072,   1062, -1 
	  1063,   1073,   1062, -1 
	  1074,   1073,   1063, -1 
	  1064,   1074,   1063, -1 
	  1075,   1074,   1064, -1 
	  1065,   1075,   1064, -1 
	  1076,   1075,   1065, -1 
	  1066,   1076,   1065, -1 
	  1077,   1076,   1066, -1 
	  1067,   1077,   1066, -1 
	  1078,   1077,   1067, -1 
	  1070,   1078,   1067, -1 
	  1071,   1079,   1068, -1 
	  1068,   1079,   1069, -1 
	  1079,   1080,   1069, -1 
	  1069,   1080,   1070, -1 
	  1080,   1078,   1070, -1 
	  1071,   1081,   1079, -1 
	  1082,   1081,   1071, -1 
	  1072,   1082,   1071, -1 
	  1083,   1082,   1072, -1 
	  1073,   1083,   1072, -1 
	  1084,   1083,   1073, -1 
	  1074,   1084,   1073, -1 
	  1085,   1084,   1074, -1 
	  1075,   1085,   1074, -1 
	  1086,   1085,   1075, -1 
	  1076,   1086,   1075, -1 
	  1087,   1086,   1076, -1 
	  1077,   1087,   1076, -1 
	  1088,   1087,   1077, -1 
	  1078,   1088,   1077, -1 
	  1089,   1088,   1078, -1 
	  1080,   1089,   1078, -1 
	  1081,   1090,   1079, -1 
	  1079,   1090,   1080, -1 
	  1090,   1089,   1080, -1 
	  1081,   1091,   1090, -1 
	  1092,   1091,   1081, -1 
	  1082,   1092,   1081, -1 
	  1093,   1092,   1082, -1 
	  1083,   1093,   1082, -1 
	  1094,   1093,   1083, -1 
	  1084,   1094,   1083, -1 
	  1095,   1094,   1084, -1 
	  1085,   1095,   1084, -1 
	  1096,   1095,   1085, -1 
	  1086,   1096,   1085, -1 
	  1097,   1096,   1086, -1 
	  1087,   1097,   1086, -1 
	  1098,   1097,   1087, -1 
	  1088,   1098,   1087, -1 
	  1099,   1098,   1088, -1 
	  1089,   1099,   1088, -1 
	  1090,   1100,   1089, -1 
	  1100,   1099,   1089, -1 
	  1091,   1100,   1090, -1 
	  1091,   1101,   1100, -1 
	  1102,   1101,   1091, -1 
	  1092,   1102,   1091, -1 
	  1103,   1102,   1092, -1 
	  1093,   1103,   1092, -1 
	  1104,   1103,   1093, -1 
	  1094,   1104,   1093, -1 
	  1105,   1104,   1094, -1 
	  1095,   1105,   1094, -1 
	  1106,   1105,   1095, -1 
	  1096,   1106,   1095, -1 
	  1107,   1106,   1096, -1 
	  1097,   1107,   1096, -1 
	  1108,   1107,   1097, -1 
	  1098,   1108,   1097, -1 
	  1109,   1108,   1098, -1 
	  1099,   1109,   1098, -1 
	  1100,   1110,   1099, -1 
	  1110,   1109,   1099, -1 
	  1101,   1110,   1100, -1 
	  1101,   1111,   1110, -1 
	  1102,   1111,   1101, -1 
	  1103,   1111,   1102, -1 
	  1104,   1111,   1103, -1 
	  1105,   1111,   1104, -1 
	  1106,   1111,   1105, -1 
	  1107,   1111,   1106, -1 
	  1108,   1111,   1107, -1 
	  1109,   1111,   1108, -1 
	  1110,   1111,   1109, -1 
	  1112,   1113,   1114, -1 
	  1112,   1114,   1115, -1 
	  1112,   1116,   1113, -1 
	  1112,   1115,   1117, -1 
	  1112,   1117,   1118, -1 
	  1112,   1118,   1119, -1 
	  1112,   1119,   1120, -1 
	  1112,   1120,   1121, -1 
	  1112,   1121,   1122, -1 
	  1112,   1122,   1116, -1 
	  1113,   1123,   1114, -1 
	  1124,   1123,   1113, -1 
	  1116,   1124,   1113, -1 
	  1123,   1125,   1114, -1 
	  1114,   1125,   1115, -1 
	  1125,   1126,   1115, -1 
	  1115,   1126,   1117, -1 
	  1127,   1124,   1116, -1 
	  1122,   1127,   1116, -1 
	  1126,   1128,   1117, -1 
	  1117,   1128,   1118, -1 
	  1128,   1129,   1118, -1 
	  1118,   1129,   1119, -1 
	  1129,   1130,   1119, -1 
	  1119,   1130,   1120, -1 
	  1130,   1131,   1120, -1 
	  1120,   1131,   1121, -1 
	  1131,   1132,   1121, -1 
	  1121,   1132,   1122, -1 
	  1132,   1127,   1122, -1 
	  1123,   1133,   1125, -1 
	  1134,   1133,   1123, -1 
	  1124,   1134,   1123, -1 
	  1135,   1134,   1124, -1 
	  1127,   1135,   1124, -1 
	  1133,   1136,   1125, -1 
	  1125,   1136,   1126, -1 
	  1136,   1137,   1126, -1 
	  1126,   1137,   1128, -1 
	  1138,   1135,   1127, -1 
	  1132,   1138,   1127, -1 
	  1137,   1139,   1128, -1 
	  1128,   1139,   1129, -1 
	  1139,   1140,   1129, -1 
	  1129,   1140,   1130, -1 
	  1140,   1141,   1130, -1 
	  1130,   1141,   1131, -1 
	  1141,   1142,   1131, -1 
	  1131,   1142,   1132, -1 
	  1142,   1138,   1132, -1 
	  1133,   1143,   1136, -1 
	  1144,   1143,   1133, -1 
	  1134,   1144,   1133, -1 
	  1145,   1144,   1134, -1 
	  1135,   1145,   1134, -1 
	  1146,   1145,   1135, -1 
	  1138,   1146,   1135, -1 
	  1143,   1147,   1136, -1 
	  1136,   1147,   1137, -1 
	  1147,   1148,   1137, -1 
	  1137,   1148,   1139, -1 
	  1149,   1146,   1138, -1 
	  1142,   1149,   1138, -1 
	  1148,   1150,   1139, -1 
	  1139,   1150,   1140, -1 
	  1150,   1151,   1140, -1 
	  1140,   1151,   1141, -1 
	  1151,   1152,   1141, -1 
	  1141,   1152,   1142, -1 
	  1152,   1149,   1142, -1 
	  1143,   1153,   1147, -1 
	  1154,   1153,   1143, -1 
	  1144,   1154,   1143, -1 
	  1155,   1154,   1144, -1 
	  1145,   1155,   1144, -1 
	  1156,   1155,   1145, -1 
	  1146,   1156,   1145, -1 
	  1157,   1156,   1146, -1 
	  1149,   1157,   1146, -1 
	  1153,   1158,   1147, -1 
	  1147,   1158,   1148, -1 
	  1158,   1159,   1148, -1 
	  1148,   1159,   1150, -1 
	  1160,   1157,   1149, -1 
	  1152,   1160,   1149, -1 
	  1159,   1161,   1150, -1 
	  1150,   1161,   1151, -1 
	  1161,   1162,   1151, -1 
	  1151,   1162,   1152, -1 
	  1162,   1160,   1152, -1 
	  1153,   1163,   1158, -1 
	  1164,   1163,   1153, -1 
	  1154,   1164,   1153, -1 
	  1165,   1164,   1154, -1 
	  1155,   1165,   1154, -1 
	  1166,   1165,   1155, -1 
	  1156,   1166,   1155, -1 
	  1167,   1166,   1156, -1 
	  1157,   1167,   1156, -1 
	  1168,   1167,   1157, -1 
	  1160,   1168,   1157, -1 
	  1163,   1169,   1158, -1 
	  1158,   1169,   1159, -1 
	  1169,   1170,   1159, -1 
	  1159,   1170,   1161, -1 
	  1171,   1168,   1160, -1 
	  1162,   1171,   1160, -1 
	  1170,   1172,   1161, -1 
	  1161,   1172,   1162, -1 
	  1172,   1171,   1162, -1 
	  1163,   1173,   1169, -1 
	  1174,   1173,   1163, -1 
	  1164,   1174,   1163, -1 
	  1175,   1174,   1164, -1 
	  1165,   1175,   1164, -1 
	  1176,   1175,   1165, -1 
	  1166,   1176,   1165, -1 
	  1177,   1176,   1166, -1 
	  1167,   1177,   1166, -1 
	  1178,   1177,   1167, -1 
	  1168,   1178,   1167, -1 
	  1179,   1178,   1168, -1 
	  1171,   1179,   1168, -1 
	  1173,   1180,   1169, -1 
	  1169,   1180,   1170, -1 
	  1180,   1181,   1170, -1 
	  1170,   1181,   1172, -1 
	  1182,   1179,   1171, -1 
	  1172,   1182,   1171, -1 
	  1181,   1182,   1172, -1 
	  1173,   1183,   1180, -1 
	  1184,   1183,   1173, -1 
	  1174,   1184,   1173, -1 
	  1185,   1184,   1174, -1 
	  1175,   1185,   1174, -1 
	  1186,   1185,   1175, -1 
	  1176,   1186,   1175, -1 
	  1187,   1186,   1176, -1 
	  1177,   1187,   1176, -1 
	  1188,   1187,   1177, -1 
	  1178,   1188,   1177, -1 
	  1189,   1188,   1178, -1 
	  1179,   1189,   1178, -1 
	  1190,   1189,   1179, -1 
	  1182,   1190,   1179, -1 
	  1183,   1191,   1180, -1 
	  1180,   1191,   1181, -1 
	  1191,   1192,   1181, -1 
	  1181,   1192,   1182, -1 
	  1192,   1190,   1182, -1 
	  1183,   1193,   1191, -1 
	  1194,   1193,   1183, -1 
	  1184,   1194,   1183, -1 
	  1195,   1194,   1184, -1 
	  1185,   1195,   1184, -1 
	  1196,   1195,   1185, -1 
	  1186,   1196,   1185, -1 
	  1197,   1196,   1186, -1 
	  1187,   1197,   1186, -1 
	  1198,   1197,   1187, -1 
	  1188,   1198,   1187, -1 
	  1199,   1198,   1188, -1 
	  1189,   1199,   1188, -1 
	  1200,   1199,   1189, -1 
	  1190,   1200,   1189, -1 
	  1201,   1200,   1190, -1 
	  1192,   1201,   1190, -1 
	  1193,   1202,   1191, -1 
	  1191,   1202,   1192, -1 
	  1202,   1201,   1192, -1 
	  1193,   1203,   1202, -1 
	  1204,   1203,   1193, -1 
	  1194,   1204,   1193, -1 
	  1205,   1204,   1194, -1 
	  1195,   1205,   1194, -1 
	  1206,   1205,   1195, -1 
	  1196,   1206,   1195, -1 
	  1207,   1206,   1196, -1 
	  1197,   1207,   1196, -1 
	  1208,   1207,   1197, -1 
	  1198,   1208,   1197, -1 
	  1209,   1208,   1198, -1 
	  1199,   1209,   1198, -1 
	  1210,   1209,   1199, -1 
	  1200,   1210,   1199, -1 
	  1211,   1210,   1200, -1 
	  1201,   1211,   1200, -1 
	  1202,   1212,   1201, -1 
	  1212,   1211,   1201, -1 
	  1203,   1212,   1202, -1 
	  1203,   1213,   1212, -1 
	  1214,   1213,   1203, -1 
	  1204,   1214,   1203, -1 
	  1215,   1214,   1204, -1 
	  1205,   1215,   1204, -1 
	  1216,   1215,   1205, -1 
	  1206,   1216,   1205, -1 
	  1217,   1216,   1206, -1 
	  1207,   1217,   1206, -1 
	  1218,   1217,   1207, -1 
	  1208,   1218,   1207, -1 
	  1219,   1218,   1208, -1 
	  1209,   1219,   1208, -1 
	  1220,   1219,   1209, -1 
	  1210,   1220,   1209, -1 
	  1221,   1220,   1210, -1 
	  1211,   1221,   1210, -1 
	  1212,   1222,   1211, -1 
	  1222,   1221,   1211, -1 
	  1213,   1222,   1212, -1 
	  1213,   1223,   1222, -1 
	  1214,   1223,   1213, -1 
	  1215,   1223,   1214, -1 
	  1216,   1223,   1215, -1 
	  1217,   1223,   1216, -1 
	  1218,   1223,   1217, -1 
	  1219,   1223,   1218, -1 
	  1220,   1223,   1219, -1 
	  1221,   1223,   1220, -1 
	  1222,   1223,   1221, -1 
	  1224,   1225,   1226, -1 
	  1224,   1226,   1227, -1 
	  1224,   1228,   1225, -1 
	  1224,   1227,   1229, -1 
	  1224,   1229,   1230, -1 
	  1224,   1230,   1231, -1 
	  1224,   1231,   1232, -1 
	  1224,   1232,   1233, -1 
	  1224,   1233,   1234, -1 
	  1224,   1234,   1228, -1 
	  1225,   1235,   1226, -1 
	  1236,   1235,   1225, -1 
	  1228,   1236,   1225, -1 
	  1235,   1237,   1226, -1 
	  1226,   1237,   1227, -1 
	  1237,   1238,   1227, -1 
	  1227,   1238,   1229, -1 
	  1239,   1236,   1228, -1 
	  1234,   1239,   1228, -1 
	  1238,   1240,   1229, -1 
	  1229,   1240,   1230, -1 
	  1240,   1241,   1230, -1 
	  1230,   1241,   1231, -1 
	  1241,   1242,   1231, -1 
	  1231,   1242,   1232, -1 
	  1242,   1243,   1232, -1 
	  1232,   1243,   1233, -1 
	  1243,   1244,   1233, -1 
	  1233,   1244,   1234, -1 
	  1244,   1239,   1234, -1 
	  1235,   1245,   1237, -1 
	  1246,   1245,   1235, -1 
	  1236,   1246,   1235, -1 
	  1247,   1246,   1236, -1 
	  1239,   1247,   1236, -1 
	  1245,   1248,   1237, -1 
	  1237,   1248,   1238, -1 
	  1248,   1249,   1238, -1 
	  1238,   1249,   1240, -1 
	  1250,   1247,   1239, -1 
	  1244,   1250,   1239, -1 
	  1249,   1251,   1240, -1 
	  1240,   1251,   1241, -1 
	  1251,   1252,   1241, -1 
	  1241,   1252,   1242, -1 
	  1252,   1253,   1242, -1 
	  1242,   1253,   1243, -1 
	  1253,   1254,   1243, -1 
	  1243,   1254,   1244, -1 
	  1254,   1250,   1244, -1 
	  1245,   1255,   1248, -1 
	  1256,   1255,   1245, -1 
	  1246,   1256,   1245, -1 
	  1257,   1256,   1246, -1 
	  1247,   1257,   1246, -1 
	  1258,   1257,   1247, -1 
	  1250,   1258,   1247, -1 
	  1255,   1259,   1248, -1 
	  1248,   1259,   1249, -1 
	  1259,   1260,   1249, -1 
	  1249,   1260,   1251, -1 
	  1261,   1258,   1250, -1 
	  1254,   1261,   1250, -1 
	  1260,   1262,   1251, -1 
	  1251,   1262,   1252, -1 
	  1262,   1263,   1252, -1 
	  1252,   1263,   1253, -1 
	  1263,   1264,   1253, -1 
	  1253,   1264,   1254, -1 
	  1264,   1261,   1254, -1 
	  1255,   1265,   1259, -1 
	  1266,   1265,   1255, -1 
	  1256,   1266,   1255, -1 
	  1267,   1266,   1256, -1 
	  1257,   1267,   1256, -1 
	  1268,   1267,   1257, -1 
	  1258,   1268,   1257, -1 
	  1269,   1268,   1258, -1 
	  1261,   1269,   1258, -1 
	  1265,   1270,   1259, -1 
	  1259,   1270,   1260, -1 
	  1270,   1271,   1260, -1 
	  1260,   1271,   1262, -1 
	  1272,   1269,   1261, -1 
	  1264,   1272,   1261, -1 
	  1271,   1273,   1262, -1 
	  1262,   1273,   1263, -1 
	  1273,   1274,   1263, -1 
	  1263,   1274,   1264, -1 
	  1274,   1272,   1264, -1 
	  1265,   1275,   1270, -1 
	  1276,   1275,   1265, -1 
	  1266,   1276,   1265, -1 
	  1277,   1276,   1266, -1 
	  1267,   1277,   1266, -1 
	  1278,   1277,   1267, -1 
	  1268,   1278,   1267, -1 
	  1279,   1278,   1268, -1 
	  1269,   1279,   1268, -1 
	  1280,   1279,   1269, -1 
	  1272,   1280,   1269, -1 
	  1275,   1281,   1270, -1 
	  1270,   1281,   1271, -1 
	  1281,   1282,   1271, -1 
	  1271,   1282,   1273, -1 
	  1283,   1280,   1272, -1 
	  1274,   1283,   1272, -1 
	  1282,   1284,   1273, -1 
	  1273,   1284,   1274, -1 
	  1284,   1283,   1274, -1 
	  1275,   1285,   1281, -1 
	  1286,   1285,   1275, -1 
	  1276,   1286,   1275, -1 
	  1287,   1286,   1276, -1 
	  1277,   1287,   1276, -1 
	  1288,   1287,   1277, -1 
	  1278,   1288,   1277, -1 
	  1289,   1288,   1278, -1 
	  1279,   1289,   1278, -1 
	  1290,   1289,   1279, -1 
	  1280,   1290,   1279, -1 
	  1291,   1290,   1280, -1 
	  1283,   1291,   1280, -1 
	  1285,   1292,   1281, -1 
	  1281,   1292,   1282, -1 
	  1292,   1293,   1282, -1 
	  1282,   1293,   1284, -1 
	  1294,   1291,   1283, -1 
	  1284,   1294,   1283, -1 
	  1293,   1294,   1284, -1 
	  1285,   1295,   1292, -1 
	  1296,   1295,   1285, -1 
	  1286,   1296,   1285, -1 
	  1297,   1296,   1286, -1 
	  1287,   1297,   1286, -1 
	  1298,   1297,   1287, -1 
	  1288,   1298,   1287, -1 
	  1299,   1298,   1288, -1 
	  1289,   1299,   1288, -1 
	  1300,   1299,   1289, -1 
	  1290,   1300,   1289, -1 
	  1301,   1300,   1290, -1 
	  1291,   1301,   1290, -1 
	  1302,   1301,   1291, -1 
	  1294,   1302,   1291, -1 
	  1295,   1303,   1292, -1 
	  1292,   1303,   1293, -1 
	  1303,   1304,   1293, -1 
	  1293,   1304,   1294, -1 
	  1304,   1302,   1294, -1 
	  1295,   1305,   1303, -1 
	  1306,   1305,   1295, -1 
	  1296,   1306,   1295, -1 
	  1307,   1306,   1296, -1 
	  1297,   1307,   1296, -1 
	  1308,   1307,   1297, -1 
	  1298,   1308,   1297, -1 
	  1309,   1308,   1298, -1 
	  1299,   1309,   1298, -1 
	  1310,   1309,   1299, -1 
	  1300,   1310,   1299, -1 
	  1311,   1310,   1300, -1 
	  1301,   1311,   1300, -1 
	  1312,   1311,   1301, -1 
	  1302,   1312,   1301, -1 
	  1313,   1312,   1302, -1 
	  1304,   1313,   1302, -1 
	  1305,   1314,   1303, -1 
	  1303,   1314,   1304, -1 
	  1314,   1313,   1304, -1 
	  1305,   1315,   1314, -1 
	  1316,   1315,   1305, -1 
	  1306,   1316,   1305, -1 
	  1317,   1316,   1306, -1 
	  1307,   1317,   1306, -1 
	  1318,   1317,   1307, -1 
	  1308,   1318,   1307, -1 
	  1319,   1318,   1308, -1 
	  1309,   1319,   1308, -1 
	  1320,   1319,   1309, -1 
	  1310,   1320,   1309, -1 
	  1321,   1320,   1310, -1 
	  1311,   1321,   1310, -1 
	  1322,   1321,   1311, -1 
	  1312,   1322,   1311, -1 
	  1323,   1322,   1312, -1 
	  1313,   1323,   1312, -1 
	  1314,   1324,   1313, -1 
	  1324,   1323,   1313, -1 
	  1315,   1324,   1314, -1 
	  1315,   1325,   1324, -1 
	  1326,   1325,   1315, -1 
	  1316,   1326,   1315, -1 
	  1327,   1326,   1316, -1 
	  1317,   1327,   1316, -1 
	  1328,   1327,   1317, -1 
	  1318,   1328,   1317, -1 
	  1329,   1328,   1318, -1 
	  1319,   1329,   1318, -1 
	  1330,   1329,   1319, -1 
	  1320,   1330,   1319, -1 
	  1331,   1330,   1320, -1 
	  1321,   1331,   1320, -1 
	  1332,   1331,   1321, -1 
	  1322,   1332,   1321, -1 
	  1333,   1332,   1322, -1 
	  1323,   1333,   1322, -1 
	  1324,   1334,   1323, -1 
	  1334,   1333,   1323, -1 
	  1325,   1334,   1324, -1 
	  1325,   1335,   1334, -1 
	  1326,   1335,   1325, -1 
	  1327,   1335,   1326, -1 
	  1328,   1335,   1327, -1 
	  1329,   1335,   1328, -1 
	  1330,   1335,   1329, -1 
	  1331,   1335,   1330, -1 
	  1332,   1335,   1331, -1 
	  1333,   1335,   1332, -1 
	  1334,   1335,   1333, -1 
	  1336,   1337,   1338, -1 
	  1336,   1338,   1339, -1 
	  1336,   1340,   1337, -1 
	  1336,   1339,   1341, -1 
	  1336,   1341,   1342, -1 
	  1336,   1342,   1343, -1 
	  1336,   1343,   1344, -1 
	  1336,   1344,   1345, -1 
	  1336,   1345,   1346, -1 
	  1336,   1346,   1340, -1 
	  1337,   1347,   1338, -1 
	  1348,   1347,   1337, -1 
	  1340,   1348,   1337, -1 
	  1347,   1349,   1338, -1 
	  1338,   1349,   1339, -1 
	  1349,   1350,   1339, -1 
	  1339,   1350,   1341, -1 
	  1351,   1348,   1340, -1 
	  1346,   1351,   1340, -1 
	  1350,   1352,   1341, -1 
	  1341,   1352,   1342, -1 
	  1352,   1353,   1342, -1 
	  1342,   1353,   1343, -1 
	  1353,   1354,   1343, -1 
	  1343,   1354,   1344, -1 
	  1354,   1355,   1344, -1 
	  1344,   1355,   1345, -1 
	  1355,   1356,   1345, -1 
	  1345,   1356,   1346, -1 
	  1356,   1351,   1346, -1 
	  1347,   1357,   1349, -1 
	  1358,   1357,   1347, -1 
	  1348,   1358,   1347, -1 
	  1359,   1358,   1348, -1 
	  1351,   1359,   1348, -1 
	  1357,   1360,   1349, -1 
	  1349,   1360,   1350, -1 
	  1360,   1361,   1350, -1 
	  1350,   1361,   1352, -1 
	  1362,   1359,   1351, -1 
	  1356,   1362,   1351, -1 
	  1361,   1363,   1352, -1 
	  1352,   1363,   1353, -1 
	  1363,   1364,   1353, -1 
	  1353,   1364,   1354, -1 
	  1364,   1365,   1354, -1 
	  1354,   1365,   1355, -1 
	  1365,   1366,   1355, -1 
	  1355,   1366,   1356, -1 
	  1366,   1362,   1356, -1 
	  1357,   1367,   1360, -1 
	  1368,   1367,   1357, -1 
	  1358,   1368,   1357, -1 
	  1369,   1368,   1358, -1 
	  1359,   1369,   1358, -1 
	  1370,   1369,   1359, -1 
	  1362,   1370,   1359, -1 
	  1367,   1371,   1360, -1 
	  1360,   1371,   1361, -1 
	  1371,   1372,   1361, -1 
	  1361,   1372,   1363, -1 
	  1373,   1370,   1362, -1 
	  1366,   1373,   1362, -1 
	  1372,   1374,   1363, -1 
	  1363,   1374,   1364, -1 
	  1374,   1375,   1364, -1 
	  1364,   1375,   1365, -1 
	  1375,   1376,   1365, -1 
	  1365,   1376,   1366, -1 
	  1376,   1373,   1366, -1 
	  1367,   1377,   1371, -1 
	  1378,   1377,   1367, -1 
	  1368,   1378,   1367, -1 
	  1379,   1378,   1368, -1 
	  1369,   1379,   1368, -1 
	  1380,   1379,   1369, -1 
	  1370,   1380,   1369, -1 
	  1381,   1380,   1370, -1 
	  1373,   1381,   1370, -1 
	  1377,   1382,   1371, -1 
	  1371,   1382,   1372, -1 
	  1382,   1383,   1372, -1 
	  1372,   1383,   1374, -1 
	  1384,   1381,   1373, -1 
	  1376,   1384,   1373, -1 
	  1383,   1385,   1374, -1 
	  1374,   1385,   1375, -1 
	  1385,   1386,   1375, -1 
	  1375,   1386,   1376, -1 
	  1386,   1384,   1376, -1 
	  1377,   1387,   1382, -1 
	  1388,   1387,   1377, -1 
	  1378,   1388,   1377, -1 
	  1389,   1388,   1378, -1 
	  1379,   1389,   1378, -1 
	  1390,   1389,   1379, -1 
	  1380,   1390,   1379, -1 
	  1391,   1390,   1380, -1 
	  1381,   1391,   1380, -1 
	  1392,   1391,   1381, -1 
	  1384,   1392,   1381, -1 
	  1387,   1393,   1382, -1 
	  1382,   1393,   1383, -1 
	  1393,   1394,   1383, -1 
	  1383,   1394,   1385, -1 
	  1395,   1392,   1384, -1 
	  1386,   1395,   1384, -1 
	  1394,   1396,   1385, -1 
	  1385,   1396,   1386, -1 
	  1396,   1395,   1386, -1 
	  1387,   1397,   1393, -1 
	  1398,   1397,   1387, -1 
	  1388,   1398,   1387, -1 
	  1399,   1398,   1388, -1 
	  1389,   1399,   1388, -1 
	  1400,   1399,   1389, -1 
	  1390,   1400,   1389, -1 
	  1401,   1400,   1390, -1 
	  1391,   1401,   1390, -1 
	  1402,   1401,   1391, -1 
	  1392,   1402,   1391, -1 
	  1403,   1402,   1392, -1 
	  1395,   1403,   1392, -1 
	  1397,   1404,   1393, -1 
	  1393,   1404,   1394, -1 
	  1404,   1405,   1394, -1 
	  1394,   1405,   1396, -1 
	  1406,   1403,   1395, -1 
	  1396,   1406,   1395, -1 
	  1405,   1406,   1396, -1 
	  1397,   1407,   1404, -1 
	  1408,   1407,   1397, -1 
	  1398,   1408,   1397, -1 
	  1409,   1408,   1398, -1 
	  1399,   1409,   1398, -1 
	  1410,   1409,   1399, -1 
	  1400,   1410,   1399, -1 
	  1411,   1410,   1400, -1 
	  1401,   1411,   1400, -1 
	  1412,   1411,   1401, -1 
	  1402,   1412,   1401, -1 
	  1413,   1412,   1402, -1 
	  1403,   1413,   1402, -1 
	  1414,   1413,   1403, -1 
	  1406,   1414,   1403, -1 
	  1407,   1415,   1404, -1 
	  1404,   1415,   1405, -1 
	  1415,   1416,   1405, -1 
	  1405,   1416,   1406, -1 
	  1416,   1414,   1406, -1 
	  1407,   1417,   1415, -1 
	  1418,   1417,   1407, -1 
	  1408,   1418,   1407, -1 
	  1419,   1418,   1408, -1 
	  1409,   1419,   1408, -1 
	  1420,   1419,   1409, -1 
	  1410,   1420,   1409, -1 
	  1421,   1420,   1410, -1 
	  1411,   1421,   1410, -1 
	  1422,   1421,   1411, -1 
	  1412,   1422,   1411, -1 
	  1423,   1422,   1412, -1 
	  1413,   1423,   1412, -1 
	  1424,   1423,   1413, -1 
	  1414,   1424,   1413, -1 
	  1425,   1424,   1414, -1 
	  1416,   1425,   1414, -1 
	  1417,   1426,   1415, -1 
	  1415,   1426,   1416, -1 
	  1426,   1425,   1416, -1 
	  1417,   1427,   1426, -1 
	  1428,   1427,   1417, -1 
	  1418,   1428,   1417, -1 
	  1429,   1428,   1418, -1 
	  1419,   1429,   1418, -1 
	  1430,   1429,   1419, -1 
	  1420,   1430,   1419, -1 
	  1431,   1430,   1420, -1 
	  1421,   1431,   1420, -1 
	  1432,   1431,   1421, -1 
	  1422,   1432,   1421, -1 
	  1433,   1432,   1422, -1 
	  1423,   1433,   1422, -1 
	  1434,   1433,   1423, -1 
	  1424,   1434,   1423, -1 
	  1435,   1434,   1424, -1 
	  1425,   1435,   1424, -1 
	  1426,   1436,   1425, -1 
	  1436,   1435,   1425, -1 
	  1427,   1436,   1426, -1 
	  1427,   1437,   1436, -1 
	  1438,   1437,   1427, -1 
	  1428,   1438,   1427, -1 
	  1439,   1438,   1428, -1 
	  1429,   1439,   1428, -1 
	  1440,   1439,   1429, -1 
	  1430,   1440,   1429, -1 
	  1441,   1440,   1430, -1 
	  1431,   1441,   1430, -1 
	  1442,   1441,   1431, -1 
	  1432,   1442,   1431, -1 
	  1443,   1442,   1432, -1 
	  1433,   1443,   1432, -1 
	  1444,   1443,   1433, -1 
	  1434,   1444,   1433, -1 
	  1445,   1444,   1434, -1 
	  1435,   1445,   1434, -1 
	  1436,   1446,   1435, -1 
	  1446,   1445,   1435, -1 
	  1437,   1446,   1436, -1 
	  1437,   1447,   1446, -1 
	  1438,   1447,   1437, -1 
	  1439,   1447,   1438, -1 
	  1440,   1447,   1439, -1 
	  1441,   1447,   1440, -1 
	  1442,   1447,   1441, -1 
	  1443,   1447,   1442, -1 
	  1444,   1447,   1443, -1 
	  1445,   1447,   1444, -1 
	  1446,   1447,   1445, -1 
	  1448,   1449,   1450, -1 
	  1448,   1450,   1451, -1 
	  1448,   1452,   1449, -1 
	  1448,   1451,   1453, -1 
	  1448,   1453,   1454, -1 
	  1448,   1454,   1455, -1 
	  1448,   1455,   1456, -1 
	  1448,   1456,   1457, -1 
	  1448,   1457,   1458, -1 
	  1448,   1458,   1452, -1 
	  1449,   1459,   1450, -1 
	  1460,   1459,   1449, -1 
	  1452,   1460,   1449, -1 
	  1459,   1461,   1450, -1 
	  1450,   1461,   1451, -1 
	  1461,   1462,   1451, -1 
	  1451,   1462,   1453, -1 
	  1463,   1460,   1452, -1 
	  1458,   1463,   1452, -1 
	  1462,   1464,   1453, -1 
	  1453,   1464,   1454, -1 
	  1464,   1465,   1454, -1 
	  1454,   1465,   1455, -1 
	  1465,   1466,   1455, -1 
	  1455,   1466,   1456, -1 
	  1466,   1467,   1456, -1 
	  1456,   1467,   1457, -1 
	  1467,   1468,   1457, -1 
	  1457,   1468,   1458, -1 
	  1468,   1463,   1458, -1 
	  1459,   1469,   1461, -1 
	  1470,   1469,   1459, -1 
	  1460,   1470,   1459, -1 
	  1471,   1470,   1460, -1 
	  1463,   1471,   1460, -1 
	  1469,   1472,   1461, -1 
	  1461,   1472,   1462, -1 
	  1472,   1473,   1462, -1 
	  1462,   1473,   1464, -1 
	  1474,   1471,   1463, -1 
	  1468,   1474,   1463, -1 
	  1473,   1475,   1464, -1 
	  1464,   1475,   1465, -1 
	  1475,   1476,   1465, -1 
	  1465,   1476,   1466, -1 
	  1476,   1477,   1466, -1 
	  1466,   1477,   1467, -1 
	  1477,   1478,   1467, -1 
	  1467,   1478,   1468, -1 
	  1478,   1474,   1468, -1 
	  1469,   1479,   1472, -1 
	  1480,   1479,   1469, -1 
	  1470,   1480,   1469, -1 
	  1481,   1480,   1470, -1 
	  1471,   1481,   1470, -1 
	  1482,   1481,   1471, -1 
	  1474,   1482,   1471, -1 
	  1479,   1483,   1472, -1 
	  1472,   1483,   1473, -1 
	  1483,   1484,   1473, -1 
	  1473,   1484,   1475, -1 
	  1485,   1482,   1474, -1 
	  1478,   1485,   1474, -1 
	  1484,   1486,   1475, -1 
	  1475,   1486,   1476, -1 
	  1486,   1487,   1476, -1 
	  1476,   1487,   1477, -1 
	  1487,   1488,   1477, -1 
	  1477,   1488,   1478, -1 
	  1488,   1485,   1478, -1 
	  1479,   1489,   1483, -1 
	  1490,   1489,   1479, -1 
	  1480,   1490,   1479, -1 
	  1491,   1490,   1480, -1 
	  1481,   1491,   1480, -1 
	  1492,   1491,   1481, -1 
	  1482,   1492,   1481, -1 
	  1493,   1492,   1482, -1 
	  1485,   1493,   1482, -1 
	  1489,   1494,   1483, -1 
	  1483,   1494,   1484, -1 
	  1494,   1495,   1484, -1 
	  1484,   1495,   1486, -1 
	  1496,   1493,   1485, -1 
	  1488,   1496,   1485, -1 
	  1495,   1497,   1486, -1 
	  1486,   1497,   1487, -1 
	  1497,   1498,   1487, -1 
	  1487,   1498,   1488, -1 
	  1498,   1496,   1488, -1 
	  1489,   1499,   1494, -1 
	  1500,   1499,   1489, -1 
	  1490,   1500,   1489, -1 
	  1501,   1500,   1490, -1 
	  1491,   1501,   1490, -1 
	  1502,   1501,   1491, -1 
	  1492,   1502,   1491, -1 
	  1503,   1502,   1492, -1 
	  1493,   1503,   1492, -1 
	  1504,   1503,   1493, -1 
	  1496,   1504,   1493, -1 
	  1499,   1505,   1494, -1 
	  1494,   1505,   1495, -1 
	  1505,   1506,   1495, -1 
	  1495,   1506,   1497, -1 
	  1507,   1504,   1496, -1 
	  1498,   1507,   1496, -1 
	  1506,   1508,   1497, -1 
	  1497,   1508,   1498, -1 
	  1508,   1507,   1498, -1 
	  1499,   1509,   1505, -1 
	  1510,   1509,   1499, -1 
	  1500,   1510,   1499, -1 
	  1511,   1510,   1500, -1 
	  1501,   1511,   1500, -1 
	  1512,   1511,   1501, -1 
	  1502,   1512,   1501, -1 
	  1513,   1512,   1502, -1 
	  1503,   1513,   1502, -1 
	  1514,   1513,   1503, -1 
	  1504,   1514,   1503, -1 
	  1515,   1514,   1504, -1 
	  1507,   1515,   1504, -1 
	  1509,   1516,   1505, -1 
	  1505,   1516,   1506, -1 
	  1516,   1517,   1506, -1 
	  1506,   1517,   1508, -1 
	  1518,   1515,   1507, -1 
	  1508,   1518,   1507, -1 
	  1517,   1518,   1508, -1 
	  1509,   1519,   1516, -1 
	  1520,   1519,   1509, -1 
	  1510,   1520,   1509, -1 
	  1521,   1520,   1510, -1 
	  1511,   1521,   1510, -1 
	  1522,   1521,   1511, -1 
	  1512,   1522,   1511, -1 
	  1523,   1522,   1512, -1 
	  1513,   1523,   1512, -1 
	  1524,   1523,   1513, -1 
	  1514,   1524,   1513, -1 
	  1525,   1524,   1514, -1 
	  1515,   1525,   1514, -1 
	  1526,   1525,   1515, -1 
	  1518,   1526,   1515, -1 
	  1519,   1527,   1516, -1 
	  1516,   1527,   1517, -1 
	  1527,   1528,   1517, -1 
	  1517,   1528,   1518, -1 
	  1528,   1526,   1518, -1 
	  1519,   1529,   1527, -1 
	  1530,   1529,   1519, -1 
	  1520,   1530,   1519, -1 
	  1531,   1530,   1520, -1 
	  1521,   1531,   1520, -1 
	  1532,   1531,   1521, -1 
	  1522,   1532,   1521, -1 
	  1533,   1532,   1522, -1 
	  1523,   1533,   1522, -1 
	  1534,   1533,   1523, -1 
	  1524,   1534,   1523, -1 
	  1535,   1534,   1524, -1 
	  1525,   1535,   1524, -1 
	  1536,   1535,   1525, -1 
	  1526,   1536,   1525, -1 
	  1537,   1536,   1526, -1 
	  1528,   1537,   1526, -1 
	  1529,   1538,   1527, -1 
	  1527,   1538,   1528, -1 
	  1538,   1537,   1528, -1 
	  1529,   1539,   1538, -1 
	  1540,   1539,   1529, -1 
	  1530,   1540,   1529, -1 
	  1541,   1540,   1530, -1 
	  1531,   1541,   1530, -1 
	  1542,   1541,   1531, -1 
	  1532,   1542,   1531, -1 
	  1543,   1542,   1532, -1 
	  1533,   1543,   1532, -1 
	  1544,   1543,   1533, -1 
	  1534,   1544,   1533, -1 
	  1545,   1544,   1534, -1 
	  1535,   1545,   1534, -1 
	  1546,   1545,   1535, -1 
	  1536,   1546,   1535, -1 
	  1547,   1546,   1536, -1 
	  1537,   1547,   1536, -1 
	  1538,   1548,   1537, -1 
	  1548,   1547,   1537, -1 
	  1539,   1548,   1538, -1 
	  1539,   1549,   1548, -1 
	  1550,   1549,   1539, -1 
	  1540,   1550,   1539, -1 
	  1551,   1550,   1540, -1 
	  1541,   1551,   1540, -1 
	  1552,   1551,   1541, -1 
	  1542,   1552,   1541, -1 
	  1553,   1552,   1542, -1 
	  1543,   1553,   1542, -1 
	  1554,   1553,   1543, -1 
	  1544,   1554,   1543, -1 
	  1555,   1554,   1544, -1 
	  1545,   1555,   1544, -1 
	  1556,   1555,   1545, -1 
	  1546,   1556,   1545, -1 
	  1557,   1556,   1546, -1 
	  1547,   1557,   1546, -1 
	  1548,   1558,   1547, -1 
	  1558,   1557,   1547, -1 
	  1549,   1558,   1548, -1 
	  1549,   1559,   1558, -1 
	  1550,   1559,   1549, -1 
	  1551,   1559,   1550, -1 
	  1552,   1559,   1551, -1 
	  1553,   1559,   1552, -1 
	  1554,   1559,   1553, -1 
	  1555,   1559,   1554, -1 
	  1556,   1559,   1555, -1 
	  1557,   1559,   1556, -1 
	  1558,   1559,   1557, -1 
	  1560,   1561,   1562, -1 
	  1560,   1562,   1563, -1 
	  1560,   1564,   1561, -1 
	  1560,   1565,   1564, -1 
	  1560,   1566,   1565, -1 
	  1560,   1563,   1566, -1 
	  1562,   1561,   1567, -1 
	  1561,   1568,   1567, -1 
	  1561,   1564,   1568, -1 
	  1562,   1567,   1569, -1 
	  1563,   1562,   1569, -1 
	  1566,   1563,   1570, -1 
	  1563,   1569,   1570, -1 
	  1564,   1571,   1568, -1 
	  1564,   1565,   1571, -1 
	  1565,   1572,   1571, -1 
	  1565,   1573,   1572, -1 
	  1565,   1566,   1573, -1 
	  1566,   1570,   1573, -1 
	  1569,   1567,   1574, -1 
	  1567,   1575,   1574, -1 
	  1567,   1576,   1575, -1 
	  1567,   1568,   1576, -1 
	  1568,   1577,   1576, -1 
	  1568,   1578,   1577, -1 
	  1568,   1579,   1578, -1 
	  1568,   1571,   1579, -1 
	  1569,   1574,   1580, -1 
	  1570,   1569,   1580, -1 
	  1573,   1570,   1581, -1 
	  1570,   1580,   1581, -1 
	  1571,   1582,   1579, -1 
	  1571,   1572,   1582, -1 
	  1572,   1583,   1582, -1 
	  1572,   1573,   1583, -1 
	  1573,   1584,   1583, -1 
	  1573,   1581,   1584, -1 
	  1580,   1574,   1585, -1 
	  1574,   1575,   1585, -1 
	  1575,   1586,   1585, -1 
	  1575,   1576,   1586, -1 
	  1576,   1587,   1586, -1 
	  1576,   1577,   1587, -1 
	  1577,   1578,   1587, -1 
	  1578,   1588,   1587, -1 
	  1578,   1579,   1588, -1 
	  1579,   1589,   1588, -1 
	  1579,   1582,   1589, -1 
	  1580,   1585,   1590, -1 
	  1581,   1580,   1590, -1 
	  1584,   1581,   1591, -1 
	  1581,   1590,   1591, -1 
	  1582,   1592,   1589, -1 
	  1582,   1583,   1592, -1 
	  1583,   1593,   1592, -1 
	  1583,   1594,   1593, -1 
	  1583,   1584,   1594, -1 
	  1584,   1595,   1594, -1 
	  1584,   1596,   1595, -1 
	  1584,   1591,   1596, -1 
	  1590,   1585,   1597, -1 
	  1585,   1598,   1597, -1 
	  1585,   1586,   1598, -1 
	  1586,   1599,   1598, -1 
	  1586,   1587,   1599, -1 
	  1587,   1600,   1599, -1 
	  1587,   1588,   1600, -1 
	  1588,   1601,   1600, -1 
	  1588,   1589,   1601, -1 
	  1589,   1602,   1601, -1 
	  1589,   1592,   1602, -1 
	  1591,   1590,   1603, -1 
	  1590,   1597,   1603, -1 
	  1596,   1591,   1604, -1 
	  1591,   1603,   1604, -1 
	  1592,   1605,   1602, -1 
	  1592,   1593,   1605, -1 
	  1593,   1606,   1605, -1 
	  1593,   1594,   1606, -1 
	  1594,   1607,   1606, -1 
	  1594,   1595,   1607, -1 
	  1595,   1608,   1607, -1 
	  1595,   1609,   1608, -1 
	  1595,   1610,   1609, -1 
	  1595,   1596,   1610, -1 
	  1596,   1604,   1610, -1 
	  1597,   1598,   1611, -1 
	  1603,   1597,   1612, -1 
	  1597,   1611,   1612, -1 
	  1598,   1613,   1611, -1 
	  1598,   1599,   1613, -1 
	  1599,   1614,   1613, -1 
	  1599,   1600,   1614, -1 
	  1600,   1601,   1614, -1 
	  1601,   1615,   1614, -1 
	  1601,   1602,   1615, -1 
	  1602,   1616,   1615, -1 
	  1602,   1605,   1616, -1 
	  1604,   1603,   1617, -1 
	  1603,   1612,   1617, -1 
	  1610,   1604,   1617, -1 
	  1605,   1606,   1616, -1 
	  1606,   1607,   1616, -1 
	  1607,   1618,   1616, -1 
	  1607,   1608,   1618, -1 
	  1608,   1609,   1618, -1 
	  1609,   1610,   1618, -1 
	  1610,   1617,   1618, -1 
	  1611,   1613,   1619, -1 
	  1612,   1611,   1619, -1 
	  1617,   1612,   1619, -1 
	  1613,   1614,   1619, -1 
	  1614,   1615,   1619, -1 
	  1615,   1616,   1619, -1 
	  1616,   1618,   1619, -1 
	  1618,   1617,   1619, -1 
	  1620,   1621,   1622, -1 
	  1623,   1620,   1622, -1 
	  1624,   1621,   1620, -1 
	  1625,   1624,   1620, -1 
	  1625,   1620,   1623, -1 
	  1621,   1626,   1622, -1 
	  1624,   1627,   1621, -1 
	  1627,   1626,   1621, -1 
	  1626,   1628,   1622, -1 
	  1628,   1629,   1622, -1 
	  1629,   1630,   1622, -1 
	  1630,   1631,   1622, -1 
	  1631,   1632,   1622, -1 
	  1632,   1633,   1622, -1 
	  1633,   1623,   1622, -1 
	  1634,   1623,   1633, -1 
	  1634,   1625,   1623, -1 
	  1635,   1624,   1625, -1 
	  1635,   1636,   1624, -1 
	  1636,   1627,   1624, -1 
	  1635,   1625,   1634, -1 
	  1627,   1637,   1626, -1 
	  1637,   1628,   1626, -1 
	  1636,   1638,   1627, -1 
	  1638,   1637,   1627, -1 
	  1637,   1639,   1628, -1 
	  1639,   1629,   1628, -1 
	  1639,   1630,   1629, -1 
	  1639,   1640,   1630, -1 
	  1640,   1631,   1630, -1 
	  1640,   1641,   1631, -1 
	  1641,   1642,   1631, -1 
	  1642,   1632,   1631, -1 
	  1642,   1643,   1632, -1 
	  1643,   1633,   1632, -1 
	  1643,   1644,   1633, -1 
	  1644,   1634,   1633, -1 
	  1645,   1634,   1644, -1 
	  1645,   1635,   1634, -1 
	  1646,   1647,   1635, -1 
	  1647,   1636,   1635, -1 
	  1646,   1635,   1645, -1 
	  1647,   1648,   1636, -1 
	  1648,   1638,   1636, -1 
	  1638,   1649,   1637, -1 
	  1649,   1639,   1637, -1 
	  1648,   1650,   1638, -1 
	  1650,   1649,   1638, -1 
	  1649,   1651,   1639, -1 
	  1651,   1652,   1639, -1 
	  1652,   1640,   1639, -1 
	  1652,   1653,   1640, -1 
	  1653,   1641,   1640, -1 
	  1653,   1654,   1641, -1 
	  1654,   1642,   1641, -1 
	  1654,   1655,   1642, -1 
	  1655,   1643,   1642, -1 
	  1655,   1656,   1643, -1 
	  1656,   1644,   1643, -1 
	  1656,   1645,   1644, -1 
	  1657,   1645,   1656, -1 
	  1657,   1646,   1645, -1 
	  1658,   1647,   1646, -1 
	  1658,   1646,   1657, -1 
	  1658,   1648,   1647, -1 
	  1658,   1650,   1648, -1 
	  1650,   1651,   1649, -1 
	  1650,   1659,   1651, -1 
	  1658,   1659,   1650, -1 
	  1659,   1652,   1651, -1 
	  1659,   1660,   1652, -1 
	  1660,   1653,   1652, -1 
	  1660,   1654,   1653, -1 
	  1660,   1661,   1654, -1 
	  1661,   1655,   1654, -1 
	  1661,   1656,   1655, -1 
	  1661,   1657,   1656, -1 
	  1658,   1657,   1661, -1 
	  1658,   1660,   1659, -1 
	  1658,   1661,   1660, -1 
	  1662,   1663,   1664, -1 
	  1665,   1662,   1664, -1 
	  1666,   1663,   1662, -1 
	  1667,   1662,   1665, -1 
	  1667,   1666,   1662, -1 
	  1663,   1668,   1664, -1 
	  1666,   1669,   1663, -1 
	  1669,   1668,   1663, -1 
	  1668,   1670,   1664, -1 
	  1670,   1671,   1664, -1 
	  1671,   1672,   1664, -1 
	  1672,   1673,   1664, -1 
	  1673,   1674,   1664, -1 
	  1674,   1675,   1664, -1 
	  1675,   1676,   1664, -1 
	  1676,   1677,   1664, -1 
	  1677,   1665,   1664, -1 
	  1667,   1665,   1677, -1 
	  1678,   1679,   1666, -1 
	  1679,   1669,   1666, -1 
	  1678,   1666,   1667, -1 
	  1680,   1667,   1677, -1 
	  1681,   1667,   1680, -1 
	  1681,   1678,   1667, -1 
	  1669,   1682,   1668, -1 
	  1682,   1683,   1668, -1 
	  1683,   1670,   1668, -1 
	  1679,   1684,   1669, -1 
	  1684,   1682,   1669, -1 
	  1683,   1685,   1670, -1 
	  1685,   1671,   1670, -1 
	  1685,   1686,   1671, -1 
	  1686,   1672,   1671, -1 
	  1686,   1687,   1672, -1 
	  1687,   1688,   1672, -1 
	  1688,   1673,   1672, -1 
	  1688,   1689,   1673, -1 
	  1689,   1674,   1673, -1 
	  1689,   1690,   1674, -1 
	  1690,   1675,   1674, -1 
	  1690,   1691,   1675, -1 
	  1691,   1676,   1675, -1 
	  1691,   1680,   1676, -1 
	  1680,   1677,   1676, -1 
	  1692,   1679,   1678, -1 
	  1692,   1678,   1681, -1 
	  1692,   1693,   1679, -1 
	  1693,   1684,   1679, -1 
	  1694,   1680,   1691, -1 
	  1694,   1681,   1680, -1 
	  1695,   1681,   1694, -1 
	  1695,   1696,   1681, -1 
	  1696,   1692,   1681, -1 
	  1684,   1697,   1682, -1 
	  1697,   1683,   1682, -1 
	  1697,   1685,   1683, -1 
	  1693,   1697,   1684, -1 
	  1697,   1698,   1685, -1 
	  1698,   1686,   1685, -1 
	  1698,   1699,   1686, -1 
	  1699,   1687,   1686, -1 
	  1699,   1700,   1687, -1 
	  1700,   1688,   1687, -1 
	  1700,   1701,   1688, -1 
	  1701,   1689,   1688, -1 
	  1701,   1702,   1689, -1 
	  1702,   1690,   1689, -1 
	  1702,   1694,   1690, -1 
	  1694,   1691,   1690, -1 
	  1703,   1693,   1692, -1 
	  1703,   1692,   1696, -1 
	  1693,   1704,   1697, -1 
	  1703,   1704,   1693, -1 
	  1695,   1694,   1702, -1 
	  1705,   1695,   1702, -1 
	  1703,   1695,   1705, -1 
	  1703,   1696,   1695, -1 
	  1704,   1698,   1697, -1 
	  1704,   1706,   1698, -1 
	  1706,   1699,   1698, -1 
	  1706,   1700,   1699, -1 
	  1706,   1707,   1700, -1 
	  1707,   1701,   1700, -1 
	  1707,   1705,   1701, -1 
	  1705,   1702,   1701, -1 
	  1703,   1706,   1704, -1 
	  1703,   1707,   1706, -1 
	  1703,   1705,   1707, -1 
	  1708,   1709,   1710, -1 
	  1711,   1708,   1710, -1 
	  1712,   1709,   1708, -1 
	  1713,   1708,   1711, -1 
	  1713,   1714,   1708, -1 
	  1714,   1712,   1708, -1 
	  1709,   1715,   1710, -1 
	  1712,   1716,   1709, -1 
	  1716,   1715,   1709, -1 
	  1715,   1717,   1710, -1 
	  1711,   1710,   1717, -1 
	  1718,   1711,   1717, -1 
	  1719,   1711,   1718, -1 
	  1719,   1713,   1711, -1 
	  1720,   1721,   1712, -1 
	  1721,   1722,   1712, -1 
	  1722,   1716,   1712, -1 
	  1720,   1712,   1714, -1 
	  1723,   1713,   1719, -1 
	  1723,   1724,   1713, -1 
	  1724,   1725,   1713, -1 
	  1725,   1714,   1713, -1 
	  1725,   1720,   1714, -1 
	  1715,   1726,   1717, -1 
	  1716,   1727,   1715, -1 
	  1727,   1728,   1715, -1 
	  1728,   1729,   1715, -1 
	  1729,   1726,   1715, -1 
	  1722,   1730,   1716, -1 
	  1730,   1727,   1716, -1 
	  1726,   1718,   1717, -1 
	  1731,   1718,   1726, -1 
	  1731,   1732,   1718, -1 
	  1732,   1719,   1718, -1 
	  1733,   1719,   1732, -1 
	  1733,   1723,   1719, -1 
	  1734,   1721,   1720, -1 
	  1735,   1720,   1725, -1 
	  1735,   1734,   1720, -1 
	  1734,   1736,   1721, -1 
	  1736,   1722,   1721, -1 
	  1736,   1737,   1722, -1 
	  1737,   1730,   1722, -1 
	  1738,   1723,   1733, -1 
	  1738,   1739,   1723, -1 
	  1739,   1724,   1723, -1 
	  1739,   1740,   1724, -1 
	  1740,   1725,   1724, -1 
	  1740,   1735,   1725, -1 
	  1729,   1741,   1726, -1 
	  1741,   1742,   1726, -1 
	  1742,   1731,   1726, -1 
	  1730,   1743,   1727, -1 
	  1743,   1728,   1727, -1 
	  1743,   1744,   1728, -1 
	  1744,   1729,   1728, -1 
	  1744,   1741,   1729, -1 
	  1737,   1745,   1730, -1 
	  1745,   1743,   1730, -1 
	  1746,   1731,   1742, -1 
	  1746,   1747,   1731, -1 
	  1747,   1732,   1731, -1 
	  1747,   1748,   1732, -1 
	  1748,   1733,   1732, -1 
	  1749,   1733,   1748, -1 
	  1749,   1738,   1733, -1 
	  1750,   1751,   1734, -1 
	  1751,   1736,   1734, -1 
	  1750,   1734,   1735, -1 
	  1752,   1735,   1740, -1 
	  1752,   1753,   1735, -1 
	  1753,   1750,   1735, -1 
	  1751,   1737,   1736, -1 
	  1751,   1754,   1737, -1 
	  1754,   1745,   1737, -1 
	  1755,   1738,   1749, -1 
	  1755,   1756,   1738, -1 
	  1756,   1739,   1738, -1 
	  1756,   1757,   1739, -1 
	  1757,   1740,   1739, -1 
	  1757,   1752,   1740, -1 
	  1744,   1746,   1741, -1 
	  1746,   1742,   1741, -1 
	  1745,   1758,   1743, -1 
	  1758,   1744,   1743, -1 
	  1758,   1759,   1744, -1 
	  1759,   1746,   1744, -1 
	  1754,   1760,   1745, -1 
	  1760,   1758,   1745, -1 
	  1759,   1761,   1746, -1 
	  1761,   1762,   1746, -1 
	  1762,   1747,   1746, -1 
	  1762,   1763,   1747, -1 
	  1763,   1748,   1747, -1 
	  1763,   1749,   1748, -1 
	  1764,   1749,   1763, -1 
	  1764,   1755,   1749, -1 
	  1765,   1751,   1750, -1 
	  1765,   1750,   1753, -1 
	  1765,   1754,   1751, -1 
	  1765,   1752,   1757, -1 
	  1765,   1753,   1752, -1 
	  1765,   1760,   1754, -1 
	  1765,   1755,   1764, -1 
	  1765,   1756,   1755, -1 
	  1765,   1757,   1756, -1 
	  1760,   1766,   1758, -1 
	  1766,   1759,   1758, -1 
	  1766,   1767,   1759, -1 
	  1767,   1761,   1759, -1 
	  1765,   1766,   1760, -1 
	  1767,   1768,   1761, -1 
	  1768,   1762,   1761, -1 
	  1768,   1764,   1762, -1 
	  1764,   1763,   1762, -1 
	  1765,   1764,   1768, -1 
	  1765,   1767,   1766, -1 
	  1765,   1768,   1767, -1 
	  1769,   1770,   1771, -1 
	  1772,   1769,   1771, -1 
	  1773,   1770,   1769, -1 
	  1774,   1773,   1769, -1 
	  1775,   1769,   1772, -1 
	  1775,   1774,   1769, -1 
	  1770,   1776,   1771, -1 
	  1773,   1777,   1770, -1 
	  1777,   1778,   1770, -1 
	  1778,   1776,   1770, -1 
	  1776,   1779,   1771, -1 
	  1779,   1780,   1771, -1 
	  1780,   1781,   1771, -1 
	  1781,   1782,   1771, -1 
	  1782,   1772,   1771, -1 
	  1783,   1772,   1782, -1 
	  1783,   1775,   1772, -1 
	  1784,   1773,   1774, -1 
	  1784,   1785,   1773, -1 
	  1785,   1777,   1773, -1 
	  1786,   1784,   1774, -1 
	  1786,   1774,   1775, -1 
	  1787,   1775,   1783, -1 
	  1787,   1788,   1775, -1 
	  1788,   1786,   1775, -1 
	  1778,   1789,   1776, -1 
	  1789,   1790,   1776, -1 
	  1790,   1791,   1776, -1 
	  1791,   1779,   1776, -1 
	  1785,   1792,   1777, -1 
	  1792,   1793,   1777, -1 
	  1793,   1778,   1777, -1 
	  1793,   1789,   1778, -1 
	  1791,   1794,   1779, -1 
	  1794,   1780,   1779, -1 
	  1794,   1795,   1780, -1 
	  1795,   1781,   1780, -1 
	  1795,   1796,   1781, -1 
	  1796,   1782,   1781, -1 
	  1796,   1783,   1782, -1 
	  1797,   1783,   1796, -1 
	  1797,   1787,   1783, -1 
	  1798,   1784,   1786, -1 
	  1798,   1799,   1784, -1 
	  1799,   1785,   1784, -1 
	  1799,   1800,   1785, -1 
	  1800,   1792,   1785, -1 
	  1798,   1786,   1788, -1 
	  1801,   1787,   1797, -1 
	  1801,   1802,   1787, -1 
	  1802,   1788,   1787, -1 
	  1802,   1798,   1788, -1 
	  1793,   1803,   1789, -1 
	  1803,   1804,   1789, -1 
	  1804,   1790,   1789, -1 
	  1804,   1791,   1790, -1 
	  1804,   1805,   1791, -1 
	  1805,   1794,   1791, -1 
	  1800,   1806,   1792, -1 
	  1806,   1793,   1792, -1 
	  1806,   1807,   1793, -1 
	  1807,   1803,   1793, -1 
	  1805,   1808,   1794, -1 
	  1808,   1809,   1794, -1 
	  1809,   1795,   1794, -1 
	  1809,   1810,   1795, -1 
	  1810,   1796,   1795, -1 
	  1810,   1797,   1796, -1 
	  1811,   1797,   1810, -1 
	  1811,   1801,   1797, -1 
	  1812,   1813,   1798, -1 
	  1813,   1799,   1798, -1 
	  1812,   1798,   1802, -1 
	  1813,   1814,   1799, -1 
	  1814,   1800,   1799, -1 
	  1814,   1806,   1800, -1 
	  1815,   1801,   1811, -1 
	  1815,   1816,   1801, -1 
	  1816,   1802,   1801, -1 
	  1816,   1817,   1802, -1 
	  1817,   1812,   1802, -1 
	  1807,   1804,   1803, -1 
	  1807,   1818,   1804, -1 
	  1818,   1805,   1804, -1 
	  1818,   1819,   1805, -1 
	  1819,   1808,   1805, -1 
	  1814,   1820,   1806, -1 
	  1820,   1807,   1806, -1 
	  1820,   1821,   1807, -1 
	  1821,   1818,   1807, -1 
	  1819,   1822,   1808, -1 
	  1822,   1809,   1808, -1 
	  1822,   1810,   1809, -1 
	  1822,   1811,   1810, -1 
	  1815,   1811,   1822, -1 
	  1823,   1813,   1812, -1 
	  1824,   1812,   1817, -1 
	  1824,   1823,   1812, -1 
	  1823,   1825,   1813, -1 
	  1825,   1814,   1813, -1 
	  1825,   1826,   1814, -1 
	  1826,   1820,   1814, -1 
	  1827,   1815,   1822, -1 
	  1828,   1815,   1827, -1 
	  1828,   1816,   1815, -1 
	  1828,   1817,   1816, -1 
	  1828,   1824,   1817, -1 
	  1821,   1829,   1818, -1 
	  1829,   1827,   1818, -1 
	  1827,   1819,   1818, -1 
	  1827,   1822,   1819, -1 
	  1826,   1821,   1820, -1 
	  1826,   1830,   1821, -1 
	  1830,   1829,   1821, -1 
	  1831,   1825,   1823, -1 
	  1831,   1823,   1824, -1 
	  1831,   1824,   1828, -1 
	  1831,   1826,   1825, -1 
	  1831,   1830,   1826, -1 
	  1830,   1827,   1829, -1 
	  1830,   1828,   1827, -1 
	  1831,   1828,   1830, -1 
	  1832,   1833,   1834, -1 
	  1832,   1834,   1835, -1 
	  1832,   1836,   1833, -1 
	  1832,   1837,   1836, -1 
	  1832,   1838,   1837, -1 
	  1832,   1839,   1838, -1 
	  1832,   1835,   1839, -1 
	  1834,   1833,   1840, -1 
	  1833,   1841,   1840, -1 
	  1833,   1842,   1841, -1 
	  1833,   1836,   1842, -1 
	  1834,   1840,   1843, -1 
	  1835,   1834,   1844, -1 
	  1834,   1843,   1844, -1 
	  1839,   1835,   1845, -1 
	  1835,   1844,   1845, -1 
	  1836,   1846,   1842, -1 
	  1836,   1847,   1846, -1 
	  1836,   1837,   1847, -1 
	  1837,   1848,   1847, -1 
	  1837,   1849,   1848, -1 
	  1837,   1838,   1849, -1 
	  1838,   1850,   1849, -1 
	  1838,   1851,   1850, -1 
	  1838,   1839,   1851, -1 
	  1839,   1852,   1851, -1 
	  1839,   1845,   1852, -1 
	  1843,   1840,   1853, -1 
	  1840,   1854,   1853, -1 
	  1840,   1855,   1854, -1 
	  1840,   1841,   1855, -1 
	  1841,   1856,   1855, -1 
	  1841,   1857,   1856, -1 
	  1841,   1842,   1857, -1 
	  1842,   1858,   1857, -1 
	  1842,   1846,   1858, -1 
	  1844,   1843,   1853, -1 
	  1845,   1844,   1859, -1 
	  1844,   1853,   1859, -1 
	  1852,   1845,   1860, -1 
	  1845,   1861,   1860, -1 
	  1845,   1859,   1861, -1 
	  1846,   1862,   1858, -1 
	  1846,   1863,   1862, -1 
	  1846,   1847,   1863, -1 
	  1847,   1864,   1863, -1 
	  1847,   1848,   1864, -1 
	  1848,   1865,   1864, -1 
	  1848,   1849,   1865, -1 
	  1849,   1866,   1865, -1 
	  1849,   1850,   1866, -1 
	  1850,   1867,   1866, -1 
	  1850,   1868,   1867, -1 
	  1850,   1851,   1868, -1 
	  1851,   1869,   1868, -1 
	  1851,   1870,   1869, -1 
	  1851,   1852,   1870, -1 
	  1852,   1871,   1870, -1 
	  1852,   1860,   1871, -1 
	  1853,   1854,   1872, -1 
	  1859,   1853,   1873, -1 
	  1853,   1872,   1873, -1 
	  1854,   1874,   1872, -1 
	  1854,   1855,   1874, -1 
	  1855,   1856,   1874, -1 
	  1856,   1875,   1874, -1 
	  1856,   1857,   1875, -1 
	  1857,   1876,   1875, -1 
	  1857,   1858,   1876, -1 
	  1858,   1862,   1876, -1 
	  1861,   1859,   1877, -1 
	  1859,   1873,   1877, -1 
	  1871,   1860,   1878, -1 
	  1860,   1877,   1878, -1 
	  1860,   1861,   1877, -1 
	  1862,   1879,   1876, -1 
	  1862,   1863,   1879, -1 
	  1863,   1880,   1879, -1 
	  1863,   1864,   1880, -1 
	  1864,   1881,   1880, -1 
	  1864,   1882,   1881, -1 
	  1864,   1865,   1882, -1 
	  1865,   1883,   1882, -1 
	  1865,   1866,   1883, -1 
	  1866,   1884,   1883, -1 
	  1866,   1867,   1884, -1 
	  1867,   1868,   1884, -1 
	  1868,   1885,   1884, -1 
	  1868,   1869,   1885, -1 
	  1869,   1870,   1885, -1 
	  1870,   1886,   1885, -1 
	  1870,   1887,   1886, -1 
	  1870,   1888,   1887, -1 
	  1870,   1871,   1888, -1 
	  1871,   1878,   1888, -1 
	  1872,   1889,   1890, -1 
	  1872,   1874,   1889, -1 
	  1873,   1872,   1891, -1 
	  1872,   1890,   1891, -1 
	  1877,   1873,   1892, -1 
	  1873,   1891,   1892, -1 
	  1874,   1893,   1889, -1 
	  1874,   1875,   1893, -1 
	  1875,   1894,   1893, -1 
	  1875,   1895,   1894, -1 
	  1875,   1876,   1895, -1 
	  1876,   1896,   1895, -1 
	  1876,   1879,   1896, -1 
	  1878,   1877,   1892, -1 
	  1888,   1878,   1897, -1 
	  1878,   1892,   1897, -1 
	  1879,   1898,   1896, -1 
	  1879,   1880,   1898, -1 
	  1880,   1881,   1898, -1 
	  1881,   1899,   1898, -1 
	  1881,   1900,   1899, -1 
	  1881,   1882,   1900, -1 
	  1882,   1883,   1900, -1 
	  1883,   1901,   1900, -1 
	  1883,   1884,   1901, -1 
	  1884,   1885,   1901, -1 
	  1885,   1902,   1901, -1 
	  1885,   1903,   1902, -1 
	  1885,   1886,   1903, -1 
	  1886,   1904,   1903, -1 
	  1886,   1905,   1904, -1 
	  1886,   1887,   1905, -1 
	  1887,   1888,   1905, -1 
	  1888,   1897,   1905, -1 
	  1890,   1889,   1906, -1 
	  1889,   1907,   1906, -1 
	  1889,   1908,   1907, -1 
	  1889,   1893,   1908, -1 
	  1891,   1890,   1909, -1 
	  1890,   1906,   1909, -1 
	  1892,   1891,   1909, -1 
	  1897,   1892,   1910, -1 
	  1892,   1909,   1910, -1 
	  1893,   1911,   1908, -1 
	  1893,   1894,   1911, -1 
	  1894,   1912,   1911, -1 
	  1894,   1895,   1912, -1 
	  1895,   1913,   1912, -1 
	  1895,   1896,   1913, -1 
	  1896,   1914,   1913, -1 
	  1896,   1915,   1914, -1 
	  1896,   1898,   1915, -1 
	  1905,   1897,   1916, -1 
	  1897,   1917,   1916, -1 
	  1897,   1910,   1917, -1 
	  1898,   1918,   1915, -1 
	  1898,   1899,   1918, -1 
	  1899,   1919,   1918, -1 
	  1899,   1900,   1919, -1 
	  1900,   1920,   1919, -1 
	  1900,   1901,   1920, -1 
	  1901,   1921,   1920, -1 
	  1901,   1922,   1921, -1 
	  1901,   1902,   1922, -1 
	  1902,   1923,   1922, -1 
	  1902,   1903,   1923, -1 
	  1903,   1916,   1923, -1 
	  1903,   1904,   1916, -1 
	  1904,   1905,   1916, -1 
	  1906,   1907,   1924, -1 
	  1909,   1906,   1925, -1 
	  1906,   1924,   1925, -1 
	  1907,   1926,   1924, -1 
	  1907,   1908,   1926, -1 
	  1908,   1927,   1926, -1 
	  1908,   1911,   1927, -1 
	  1910,   1909,   1928, -1 
	  1909,   1925,   1928, -1 
	  1917,   1910,   1929, -1 
	  1910,   1928,   1929, -1 
	  1911,   1930,   1927, -1 
	  1911,   1912,   1930, -1 
	  1912,   1931,   1930, -1 
	  1912,   1932,   1931, -1 
	  1912,   1913,   1932, -1 
	  1913,   1933,   1932, -1 
	  1913,   1934,   1933, -1 
	  1913,   1914,   1934, -1 
	  1914,   1935,   1934, -1 
	  1914,   1936,   1935, -1 
	  1914,   1915,   1936, -1 
	  1915,   1918,   1936, -1 
	  1923,   1916,   1937, -1 
	  1916,   1938,   1937, -1 
	  1916,   1917,   1938, -1 
	  1917,   1929,   1938, -1 
	  1918,   1919,   1936, -1 
	  1919,   1939,   1936, -1 
	  1919,   1920,   1939, -1 
	  1920,   1940,   1939, -1 
	  1920,   1941,   1940, -1 
	  1920,   1921,   1941, -1 
	  1921,   1942,   1941, -1 
	  1921,   1922,   1942, -1 
	  1922,   1943,   1942, -1 
	  1922,   1923,   1943, -1 
	  1923,   1937,   1943, -1 
	  1924,   1944,   1945, -1 
	  1924,   1946,   1944, -1 
	  1924,   1947,   1946, -1 
	  1924,   1926,   1947, -1 
	  1925,   1924,   1945, -1 
	  1928,   1925,   1945, -1 
	  1926,   1927,   1947, -1 
	  1927,   1948,   1947, -1 
	  1927,   1949,   1948, -1 
	  1927,   1930,   1949, -1 
	  1929,   1928,   1950, -1 
	  1928,   1945,   1950, -1 
	  1938,   1929,   1951, -1 
	  1929,   1950,   1951, -1 
	  1930,   1952,   1949, -1 
	  1930,   1931,   1952, -1 
	  1952,   1931,   1953, -1 
	  1931,   1954,   1953, -1 
	  1931,   1932,   1954, -1 
	  1932,   1933,   1954, -1 
	  1933,   1955,   1954, -1 
	  1933,   1934,   1955, -1 
	  1934,   1956,   1955, -1 
	  1934,   1957,   1956, -1 
	  1934,   1935,   1957, -1 
	  1935,   1958,   1957, -1 
	  1935,   1936,   1958, -1 
	  1936,   1959,   1958, -1 
	  1936,   1939,   1959, -1 
	  1943,   1937,   1960, -1 
	  1937,   1961,   1960, -1 
	  1937,   1938,   1961, -1 
	  1938,   1962,   1961, -1 
	  1938,   1951,   1962, -1 
	  1939,   1940,   1959, -1 
	  1940,   1941,   1959, -1 
	  1941,   1963,   1959, -1 
	  1941,   1964,   1963, -1 
	  1941,   1942,   1964, -1 
	  1942,   1965,   1964, -1 
	  1942,   1943,   1965, -1 
	  1943,   1960,   1965, -1 
	  1945,   1944,   1966, -1 
	  1944,   1946,   1966, -1 
	  1945,   1967,   1968, -1 
	  1945,   1966,   1967, -1 
	  1950,   1945,   1969, -1 
	  1945,   1968,   1969, -1 
	  1946,   1947,   1966, -1 
	  1947,   1970,   1966, -1 
	  1947,   1971,   1970, -1 
	  1947,   1948,   1971, -1 
	  1948,   1949,   1971, -1 
	  1949,   1972,   1971, -1 
	  1949,   1952,   1972, -1 
	  1951,   1950,   1973, -1 
	  1950,   1974,   1973, -1 
	  1950,   1969,   1974, -1 
	  1962,   1951,   1973, -1 
	  1952,   1953,   1972, -1 
	  1953,   1954,   1972, -1 
	  1954,   1975,   1972, -1 
	  1954,   1955,   1975, -1 
	  1955,   1976,   1975, -1 
	  1955,   1977,   1976, -1 
	  1955,   1956,   1977, -1 
	  1956,   1957,   1977, -1 
	  1957,   1978,   1977, -1 
	  1957,   1958,   1978, -1 
	  1958,   1979,   1978, -1 
	  1958,   1959,   1979, -1 
	  1959,   1963,   1979, -1 
	  1965,   1960,   1980, -1 
	  1960,   1981,   1980, -1 
	  1960,   1982,   1981, -1 
	  1960,   1961,   1982, -1 
	  1961,   1973,   1982, -1 
	  1961,   1962,   1973, -1 
	  1963,   1964,   1979, -1 
	  1964,   1983,   1979, -1 
	  1964,   1965,   1983, -1 
	  1965,   1980,   1983, -1 
	  1967,   1966,   1984, -1 
	  1966,   1970,   1984, -1 
	  1968,   1967,   1985, -1 
	  1967,   1984,   1985, -1 
	  1969,   1968,   1985, -1 
	  1974,   1969,   1985, -1 
	  1970,   1986,   1984, -1 
	  1970,   1971,   1986, -1 
	  1971,   1987,   1986, -1 
	  1971,   1972,   1987, -1 
	  1972,   1975,   1987, -1 
	  1982,   1973,   1988, -1 
	  1973,   1989,   1988, -1 
	  1973,   1990,   1989, -1 
	  1973,   1974,   1990, -1 
	  1974,   1985,   1990, -1 
	  1975,   1976,   1987, -1 
	  1976,   1991,   1987, -1 
	  1976,   1977,   1991, -1 
	  1977,   1978,   1991, -1 
	  1978,   1992,   1991, -1 
	  1978,   1979,   1992, -1 
	  1992,   1979,   1993, -1 
	  1979,   1994,   1993, -1 
	  1979,   1995,   1994, -1 
	  1979,   1996,   1995, -1 
	  1979,   1983,   1996, -1 
	  1983,   1980,   1988, -1 
	  1980,   1981,   1988, -1 
	  1981,   1982,   1988, -1 
	  1983,   1988,   1996, -1 
	  1985,   1984,   1997, -1 
	  1984,   1986,   1997, -1 
	  1985,   1997,   1998, -1 
	  1998,   1990,   1985, -1 
	  1986,   1987,   1997, -1 
	  1987,   1999,   1997, -1 
	  1987,   1991,   1999, -1 
	  1996,   1988,   1998, -1 
	  1988,   1989,   1998, -1 
	  1989,   1990,   1998, -1 
	  1991,   1992,   1999, -1 
	  1992,   1993,   1999, -1 
	  1993,   1994,   1999, -1 
	  1994,   1995,   1999, -1 
	  1995,   1996,   1999, -1 
	  1996,   1998,   1999, -1 
	  1998,   1997,   1999, -1 
    ] 
normalPerVertex  TRUE 
   } 
  } 
 ] 
} 
