# 
# Wavefront OBJ file
# Converted by the DEEP Exploration 2.00.1211
# Right Hemisphere, LTD
# http://www.righthemisphere.com/
# 
mtllib foot_r_1f.mtl
# object Object #0
g Object__0
v 0.182777 0.0227462 0.00381563
v 0.183739 0.0204501 -0.000363835
v 0.182457 0.0288309 0.000711872
v 0.178882 0.0206026 0.0071142
v 0.179594 0.0165698 0.000875375
v 0.181697 0.0263127 0.00646236
v 0.179852 0.0243746 -0.00302604
v 0.175637 0.0216077 -0.0032656
v 0.181079 0.0299236 0.00707209
v 0.180803 0.03238 0.00506659
v 0.180891 0.0330426 0.00209273
v 0.179717 0.0330651 -0.000444266
v 0.178252 0.0314055 -0.0025246
v 0.17812 0.0283237 -0.00321723
v 0.177552 0.0255528 0.0107622
v 0.175317 0.0203261 0.00933514
v 0.174238 0.0175323 0.00352657
v 0.170255 0.0207145 -0.00236678
v 0.173081 0.0271219 -0.00438348
v 0.169382 0.0264918 -0.0037826
v 0.176798 0.0306687 0.0113012
v 0.177603 0.0345674 0.00781704
v 0.178255 0.0359744 0.00293433
v 0.175504 0.0353532 -0.0008588
v 0.172911 0.0320977 -0.00351646
v 0.17547 0.0253967 0.0113882
v 0.172901 0.0214692 0.00895137
v 0.170401 0.0201491 0.0046621
v 0.167989 0.0222559 0.000724533
v 0.166249 0.0265102 -0.0010806
v 0.167775 0.0324178 -0.0038894
v 0.16616 0.0313642 -0.000927613
v 0.174655 0.0316025 0.0120734
v 0.174526 0.03628 0.00987839
v 0.17512 0.0371912 0.00389157
v 0.171807 0.0360351 -0.000328661
v 0.173556 0.0258386 0.0116783
v 0.165515 0.0221758 0.0107535
v 0.163289 0.0208486 0.00709325
v 0.160136 0.0230701 0.0044527
v 0.157701 0.0265872 0.00382941
v 0.158053 0.0302402 0.00384516
v 0.168559 0.0353408 0.0010712
v 0.162606 0.0347733 0.00346308
v 0.172908 0.0307745 0.0122233
v 0.173105 0.035376 0.0096542
v 0.171852 0.037033 0.00489654
v 0.166331 0.0258963 0.0131173
v 0.150903 0.0200817 0.0161711
v 0.148545 0.0183946 0.0117017
v 0.146729 0.0214324 0.00782237
v 0.145452 0.0260417 0.0066123
v 0.14567 0.0300885 0.00736113
v 0.152642 0.0327584 0.00800867
v 0.166726 0.0365357 0.00661744
v 0.155371 0.0333988 0.0106258
v 0.166224 0.0303073 0.0134292
v 0.166938 0.0345527 0.011083
v 0.152192 0.0245512 0.018572
v 0.136004 0.0157132 0.0234542
v 0.133086 0.0119376 0.0165154
v 0.131048 0.016615 0.00958838
v 0.130038 0.0242986 0.00696595
v 0.129899 0.0310353 0.00848132
v 0.130544 0.0342041 0.014173
v 0.136521 0.0320465 0.0173625
v 0.156123 0.0327731 0.0141547
v 0.13707 0.0319516 0.0217615
v 0.152393 0.0293472 0.01867
v 0.13749 0.0228747 0.0258607
v 0.129835 0.0152397 0.0260221
v 0.127402 0.0110772 0.0186593
v 0.124355 0.0148578 0.01087
v 0.122184 0.0231186 0.00706471
v 0.122002 0.0314592 0.00860241
v 0.125658 0.034519 0.014824
v 0.129208 0.032832 0.0198077
v 0.129679 0.032014 0.0246985
v 0.137386 0.0288247 0.0258689
v 0.129822 0.0286201 0.0289358
v 0.130341 0.0225221 0.0288896
v 0.125867 0.0157903 0.0278672
v 0.12385 0.0108038 0.0204912
v 0.119887 0.0138445 0.0120818
v 0.11625 0.0220665 0.00713749
v 0.1149 0.0323633 0.00827459
v 0.121297 0.0348418 0.0156121
v 0.126683 0.0337997 0.0209339
v 0.125743 0.0329256 0.0264047
v 0.124981 0.0287387 0.0307689
v 0.12601 0.0230241 0.0291797
v 0.124778 0.0190938 0.0255169
v 0.124575 0.0148158 0.020415
v 0.120502 0.016796 0.0147674
v 0.116739 0.0228296 0.0115946
v 0.115884 0.0299685 0.0123801
v 0.118991 0.0332485 0.0172118
v 0.12277 0.0322836 0.0215716
v 0.122756 0.0304068 0.0253962
v 0.122438 0.0277806 0.0266607
v 0.121871 0.0245736 0.026674
v 0.123742 0.0223791 0.0240656
v 0.124107 0.0194867 0.021202
v 0.121598 0.0201924 0.0178301
v 0.11883 0.0236248 0.0157768
v 0.117897 0.0280547 0.0160157
v 0.11889 0.0305942 0.0188422
v 0.120631 0.0305595 0.0219512
v 0.121798 0.0291041 0.0239369
v 0.12235 0.026919 0.0244665
v 0.122402 0.025512 0.0245912
v 0.121058 0.0259586 0.0217003
v 0.178637 -0.00457946 0.00228007
v 0.175716 -0.00597704 0.000192783
v 0.177373 -0.000420947 -0.000258086
v 0.174102 -0.00465892 0.00451305
v 0.170841 -0.00576746 0.00223783
v 0.180844 -0.00201255 0.00269059
v 0.173566 -0.00362553 -0.00232574
v 0.16931 -0.00446377 -0.00113791
v 0.181046 0.000650427 0.00281413
v 0.17997 0.00261671 0.00144253
v 0.178597 0.00311108 -0.000393366
v 0.176321 0.00354944 -0.00215028
v 0.173825 0.00201164 -0.00315359
v 0.173027 -0.000685295 -0.00346114
v 0.176923 -0.00195305 0.0051786
v 0.170299 -0.00389826 0.00620321
v 0.166798 -0.00498788 0.00430498
v 0.165624 -0.00383921 0.00103022
v 0.168691 -0.000997319 -0.0033462
v 0.165211 -0.000736774 -0.00111015
v 0.177458 0.00106497 0.00503522
v 0.176804 0.00306634 0.00321862
v 0.175558 0.00369681 0.000944753
v 0.17253 0.00515125 -0.00123695
v 0.168763 0.00332683 -0.00408732
v 0.174442 -0.0016213 0.00637867
v 0.1659 -0.00305164 0.00803238
v 0.15963 -0.00212161 0.00789257
v 0.161464 -0.00207287 0.00425358
v 0.163065 -0.000169364 0.00178597
v 0.164791 0.00348131 -0.00153529
v 0.163788 0.00254369 0.00150552
v 0.174657 0.00127573 0.00625426
v 0.1741 0.00308512 0.00432863
v 0.172866 0.00370856 0.00215976
v 0.169428 0.00451992 0.000395921
v 0.172347 -0.00172669 0.00828565
v 0.14797 -0.000685254 0.0159789
v 0.12701 0.00140828 0.0231593
v 0.143074 0.000672211 0.0136951
v 0.156702 0.000897668 0.00654218
v 0.158845 0.00244186 0.0055965
v 0.166565 0.00426855 0.00219187
v 0.162066 0.00353192 0.00528772
v 0.172238 0.00164642 0.00777334
v 0.171509 0.0037978 0.00590177
v 0.169868 0.00452226 0.00362792
v 0.16898 -0.00100977 0.00869779
v 0.142819 -0.00178997 0.0195086
v 0.118064 -0.000917514 0.0270778
v 0.13231 0.000865344 0.0179542
v 0.14437 0.00227041 0.0127375
v 0.147573 0.00350066 0.0114947
v 0.153694 0.00386702 0.00974079
v 0.165552 0.00387385 0.00566079
v 0.157955 0.0042441 0.00932086
v 0.169142 0.00175525 0.00861336
v 0.16781 0.00359954 0.00714873
v 0.16693 -0.00104311 0.0103518
v 0.137937 -0.000651343 0.0213269
v 0.114104 -0.000416893 0.0289379
v 0.122591 0.000971554 0.0218312
v 0.130968 0.00324253 0.0170297
v 0.133497 0.00556765 0.0164691
v 0.13692 0.00697263 0.0165544
v 0.141323 0.0067485 0.0171664
v 0.163391 0.00423713 0.00918686
v 0.151357 0.00541298 0.0148091
v 0.166026 0.00208693 0.0101504
v 0.160873 5.3623e-005 0.011672
v 0.121249 0.000243047 0.0292291
v 0.109512 -0.00145331 0.0309627
v 0.114856 0.000136223 0.023456
v 0.121684 0.00314536 0.0178756
v 0.122474 0.00779025 0.0184136
v 0.123178 0.00997056 0.021818
v 0.125956 0.00912204 0.0243489
v 0.127668 0.00804062 0.0264186
v 0.154752 0.00303801 0.0146836
v 0.128832 0.00570137 0.0276242
v 0.12832 0.00274837 0.0276406
v 0.113372 0.000941242 0.0331822
v 0.107398 -0.000381426 0.0315549
v 0.108698 -0.000626029 0.0246919
v 0.111557 0.00242074 0.0160275
v 0.113763 0.00988832 0.018058
v 0.116942 0.0127943 0.0229646
v 0.119232 0.0116484 0.0274034
v 0.120151 0.00978176 0.030635
v 0.120305 0.00686939 0.0324654
v 0.119236 0.00351134 0.0327197
v 0.108832 0.00181283 0.0351874
v 0.102624 0.00127601 0.0343463
v 0.105062 -0.000580498 0.0269969
v 0.107639 0.00368884 0.0204418
v 0.109013 0.0100369 0.020332
v 0.112077 0.013707 0.0245738
v 0.115244 0.0135881 0.0291628
v 0.116106 0.0109343 0.0329062
v 0.115459 0.00738496 0.0345505
v 0.114569 0.00407091 0.0348128
v 0.108879 0.00246993 0.0347045
v 0.105622 0.00338325 0.0331407
v 0.105966 0.00234604 0.0292805
v 0.106796 0.00424496 0.0247269
v 0.10753 0.00869407 0.0241858
v 0.108297 0.0119574 0.0273004
v 0.108207 0.0136433 0.0327878
v 0.110922 0.0115727 0.0356834
v 0.112727 0.00786451 0.0368016
v 0.112433 0.00400754 0.0366228
v 0.107545 0.00662438 0.0325213
v 0.166572 -0.0173437 -0.00151853
v 0.166455 -0.0180414 -0.00283267
v 0.166281 -0.0150124 -0.00285306
v 0.16489 -0.018061 7.03218e-005
v 0.163464 -0.0185346 -0.00172177
v 0.166925 -0.0161059 -0.00067728
v 0.163333 -0.0174632 -0.00409256
v 0.160561 -0.0189953 -0.00351187
v 0.167117 -0.0145839 -0.00049797
v 0.167076 -0.0133298 -0.00115571
v 0.167223 -0.0128594 -0.00276562
v 0.164761 -0.0120023 -0.00348044
v 0.162348 -0.012818 -0.00470861
v 0.161669 -0.015318 -0.00497112
v 0.165743 -0.0163293 0.00140267
v 0.1623 -0.0180573 0.00143632
v 0.160726 -0.0183059 -0.000330728
v 0.15793 -0.0181056 -0.00177769
v 0.15725 -0.0161479 -0.00527229
v 0.15573 -0.0154894 -0.00274415
v 0.165977 -0.0138923 0.00154517
v 0.165751 -0.012054 0.000221545
v 0.164765 -0.0112337 -0.00153129
v 0.161689 -0.0105954 -0.00295416
v 0.158528 -0.0121721 -0.00439348
v 0.163454 -0.0162396 0.00290469
v 0.159718 -0.0186716 0.0031782
v 0.158068 -0.0199642 0.000861934
v 0.155622 -0.0177449 -0.000591614
v 0.153974 -0.0148299 -0.00040802
v 0.156006 -0.0122505 -0.0026615
v 0.153803 -0.012603 -5.66641e-007
v 0.163734 -0.0135076 0.00301825
v 0.162982 -0.0113944 0.00176468
v 0.161509 -0.01046 -4.13021e-006
v 0.158728 -0.0103887 -0.00148912
v 0.160889 -0.016198 0.0047517
v 0.156639 -0.0182909 0.00460428
v 0.155617 -0.0193824 0.00203505
v 0.149055 -0.0163197 0.00350368
v 0.145224 -0.013769 0.0051012
v 0.145774 -0.012225 0.00498551
v 0.155808 -0.0107551 0.00034581
v 0.151395 -0.0112196 0.00307972
v 0.161072 -0.012977 0.00486436
v 0.160228 -0.0106517 0.00336283
v 0.158398 -0.00996031 0.00150897
v 0.154362 -0.0153715 0.00731287
v 0.141831 -0.0165143 0.0113216
v 0.152911 -0.0171747 0.0034565
v 0.139767 -0.0147476 0.007971
v 0.127093 -0.0118187 0.0134396
v 0.129238 -0.0102635 0.0123759
v 0.134435 -0.00936426 0.0110891
v 0.152863 -0.0103048 0.0041099
v 0.139535 -0.00927113 0.0104681
v 0.1533 -0.0124346 0.00803747
v 0.153149 -0.0104783 0.00633587
v 0.135132 -0.0136064 0.0167832
v 0.126419 -0.0148528 0.018493
v 0.126535 -0.0148252 0.015619
v 0.120865 -0.0138073 0.0160792
v 0.116039 -0.0116072 0.0156996
v 0.117552 -0.00813619 0.0156763
v 0.11864 -0.00580247 0.0170378
v 0.12123 -0.00528286 0.0189709
v 0.136652 -0.00860387 0.0140832
v 0.125117 -0.00643713 0.0203027
v 0.13521 -0.0105665 0.0170088
v 0.126934 -0.0130012 0.0208594
v 0.114525 -0.015184 0.0247939
v 0.113212 -0.0163114 0.0214267
v 0.111686 -0.0151656 0.0178689
v 0.11027 -0.0113132 0.0157307
v 0.110642 -0.00649932 0.0162767
v 0.112812 -0.00366384 0.0188723
v 0.114711 -0.00321451 0.0221653
v 0.115719 -0.00488016 0.025335
v 0.127088 -0.00967529 0.021045
v 0.11609 -0.0083455 0.0269853
v 0.115776 -0.0122154 0.0266755
v 0.107963 -0.0148607 0.028198
v 0.106127 -0.015581 0.0247938
v 0.10491 -0.0153481 0.0203459
v 0.104171 -0.0113524 0.0166017
v 0.105089 -0.00543345 0.0169629
v 0.108353 -0.00250711 0.0201955
v 0.111085 -0.00275983 0.0237374
v 0.111142 -0.00403966 0.0278002
v 0.110385 -0.00745425 0.0306805
v 0.109726 -0.0119152 0.0305466
v 0.104555 -0.0144441 0.0298701
v 0.102535 -0.0151554 0.0267009
v 0.09964 -0.0155807 0.0229268
v 0.097324 -0.0112939 0.0193867
v 0.097835 -0.00456301 0.0197001
v 0.103418 -0.00258159 0.0225365
v 0.106888 -0.00274419 0.0254994
v 0.107439 -0.00394493 0.0291112
v 0.107009 -0.00706049 0.0318526
v 0.106339 -0.0113265 0.0319467
v 0.101236 -0.0131622 0.0306583
v 0.099098 -0.0139768 0.0284292
v 0.09905 -0.0127622 0.0254044
v 0.099548 -0.0104708 0.0236499
v 0.099743 -0.00719975 0.0233455
v 0.101564 -0.00469096 0.024378
v 0.1039 -0.00385139 0.0264542
v 0.104429 -0.00476192 0.029093
v 0.103998 -0.00703033 0.0310626
v 0.103463 -0.0100444 0.031393
v 0.101614 -0.00870961 0.0275442
v 0.152447 -0.0327027 0.00331834
v 0.151207 -0.0327882 0.00113232
v 0.15383 -0.0294962 0.000947993
v 0.149394 -0.0330141 0.00547528
v 0.147638 -0.0335225 0.00257117
v 0.155149 -0.031166 0.00501665
v 0.151528 -0.0316428 -0.000934444
v 0.147546 -0.0324059 -0.0005846
v 0.155661 -0.028263 0.00501724
v 0.154125 -0.0267277 0.00358456
v 0.153149 -0.0262433 0.00166166
v 0.153762 -0.0268558 -0.000997469
v 0.153716 -0.0284505 -0.00223179
v 0.153386 -0.0303195 -0.00223217
v 0.151263 -0.0306645 0.00722176
v 0.146543 -0.0317623 0.00617753
v 0.145346 -0.0321697 0.00366445
v 0.1448 -0.0317831 0.000736527
v 0.148318 -0.0298435 -0.00252708
v 0.144893 -0.0295347 -0.00167401
v 0.151736 -0.0274345 0.00719041
v 0.150865 -0.0251691 0.00522887
v 0.149836 -0.0246005 0.00260999
v 0.149519 -0.025085 -0.000194109
v 0.149098 -0.0269855 -0.0022915
v 0.147749 -0.0297876 0.00803693
v 0.143029 -0.0312675 0.00736763
v 0.142297 -0.030661 0.00504976
v 0.141718 -0.0299926 0.00318189
v 0.141595 -0.0284604 0.0018842
v 0.145485 -0.0258234 -0.00291126
v 0.141952 -0.0264623 0.00163961
v 0.148169 -0.0268906 0.00799852
v 0.147812 -0.0250282 0.0059069
v 0.147176 -0.0246717 0.00337698
v 0.146579 -0.0247031 0.000641969
v 0.143873 -0.0289989 0.00917809
v 0.136348 -0.0285009 0.0091482
v 0.135765 -0.0279865 0.0076003
v 0.135443 -0.0275883 0.00655938
v 0.135257 -0.0267782 0.00591355
v 0.135381 -0.0256632 0.00578477
v 0.142606 -0.0252036 0.00295087
v 0.135453 -0.0244423 0.00636702
v 0.144423 -0.0263349 0.00907964
v 0.144231 -0.0249834 0.00681491
v 0.143645 -0.0251959 0.00463787
v 0.140568 -0.028453 0.00995521
v 0.118302 -0.0259693 0.0160987
v 0.120061 -0.0257037 0.0131278
v 0.120636 -0.0253483 0.0113648
v 0.121279 -0.0242951 0.0101831
v 0.121653 -0.0227931 0.0102324
v 0.122349 -0.0213652 0.0106456
v 0.135916 -0.0238436 0.00771214
v 0.122464 -0.0203606 0.0128419
v 0.136869 -0.0253143 0.0113338
v 0.139376 -0.0242747 0.00826706
v 0.116906 -0.0244479 0.019288
v 0.106844 -0.0252483 0.0210899
v 0.107441 -0.0258266 0.0174557
v 0.107246 -0.0249759 0.0143709
v 0.107352 -0.0224945 0.0124314
v 0.1081 -0.0195326 0.012702
v 0.107525 -0.0173061 0.0151155
v 0.109946 -0.0177405 0.0173954
v 0.120276 -0.0201933 0.0162609
v 0.108837 -0.0178112 0.0207624
v 0.117408 -0.0216519 0.0193296
v 0.106564 -0.0228248 0.0237724
v 0.099377 -0.0241729 0.0239101
v 0.099977 -0.0252371 0.0200689
v 0.100072 -0.0249832 0.0158319
v 0.100537 -0.0220045 0.0124295
v 0.101499 -0.0177136 0.0127544
v 0.102733 -0.0155673 0.0161268
v 0.103257 -0.015702 0.0197328
v 0.101677 -0.0162738 0.0235207
v 0.107279 -0.0196318 0.023691
v 0.099473 -0.0182584 0.0264223
v 0.098869 -0.0214794 0.0265026
v 0.093841 -0.0234853 0.0261292
v 0.094722 -0.0252035 0.0218899
v 0.094716 -0.0249874 0.0169169
v 0.095076 -0.0214796 0.0129306
v 0.09616 -0.0164107 0.0132457
v 0.097579 -0.0139855 0.0173452
v 0.098143 -0.0144064 0.0215201
v 0.096435 -0.0151972 0.0254419
v 0.09405 -0.0172668 0.0283255
v 0.093116 -0.0204058 0.0285238
v 0.088624 -0.0217306 0.0276436
v 0.087975 -0.022995 0.0245283
v 0.088064 -0.0247509 0.01938
v 0.089994 -0.0218185 0.0124026
v 0.091237 -0.0147645 0.012404
v 0.092983 -0.0129478 0.0184124
v 0.093377 -0.0134397 0.0230063
v 0.092498 -0.0146034 0.026518
v 0.090923 -0.0167559 0.0287426
v 0.089931 -0.0194929 0.029033
v 0.086167 -0.0201706 0.0276349
v 0.084403 -0.0206613 0.0262108
v 0.086541 -0.0227574 0.0213664
v 0.088696 -0.0206815 0.0169878
v 0.089781 -0.0164553 0.0163826
v 0.090473 -0.014204 0.0198811
v 0.090424 -0.0146268 0.023628
v 0.089885 -0.0154283 0.0261089
v 0.088933 -0.0167506 0.0276356
v 0.088195 -0.0184917 0.0279902
v 0.088118 -0.0179179 0.0242634
v 0.14048 -0.0439367 0.00344605
v 0.13945 -0.0453685 0.00240676
v 0.142331 -0.0419324 0.00180646
v 0.138862 -0.0440579 0.00441703
v 0.13713 -0.0456316 0.00300671
v 0.141476 -0.0425627 0.00355733
v 0.138684 -0.0434862 0.000782144
v 0.135813 -0.0439552 0.000875048
v 0.141884 -0.0414887 0.00355955
v 0.142271 -0.0404396 0.00313876
v 0.142831 -0.0395914 0.00178394
v 0.140969 -0.0396332 0.00106393
v 0.139316 -0.0403341 0.000460786
v 0.13863 -0.0416811 0.000333512
v 0.140103 -0.042424 0.00485336
v 0.136667 -0.0438731 0.00553507
v 0.135236 -0.0443067 0.00349598
v 0.133082 -0.0433843 0.00165316
v 0.135245 -0.0415649 -0.000251465
v 0.131673 -0.0410361 0.000381643
v 0.140575 -0.040815 0.00484469
v 0.141012 -0.0392998 0.004011
v 0.141275 -0.0379455 0.00227227
v 0.138644 -0.0378251 0.000507297
v 0.136177 -0.039326 -0.000167009
v 0.137684 -0.0420463 0.00623444
v 0.134177 -0.0432132 0.0061202
v 0.133519 -0.0435498 0.00405713
v 0.13126 -0.0425775 0.00251433
v 0.12942 -0.0404253 0.00156777
v 0.131505 -0.038086 -0.000140756
v 0.129908 -0.0381443 0.00154623
v 0.138263 -0.0400783 0.00623584
v 0.138937 -0.038645 0.00476113
v 0.138927 -0.0380686 0.00282325
v 0.135995 -0.0376693 0.00133933
v 0.134858 -0.0415125 0.00754955
v 0.130909 -0.0425414 0.00703334
v 0.130932 -0.043943 0.00472105
v 0.13008 -0.0421346 0.00298642
v 0.129731 -0.0400436 0.00286385
v 0.13004 -0.0385956 0.00285014
v 0.134124 -0.0374344 0.00213838
v 0.133669 -0.0373005 0.0022374
v 0.135453 -0.0392705 0.007405
v 0.13713 -0.0377301 0.00564332
v 0.138155 -0.0380376 0.00309125
v 0.130352 -0.0403907 0.00813377
v 0.125263 -0.0412717 0.00852659
v 0.128178 -0.0417611 0.0055495
v 0.121888 -0.0395982 0.00585394
v 0.115816 -0.0370684 0.00668545
v 0.117598 -0.0358413 0.0063117
v 0.125115 -0.0353399 0.0044738
v 0.137664 -0.0364287 0.00329558
v 0.134623 -0.0350328 0.00416287
v 0.13082 -0.0384637 0.00816817
v 0.134621 -0.0371993 0.00633142
v 0.120882 -0.0384953 0.0113042
v 0.102369 -0.036687 0.0146715
v 0.101539 -0.0372345 0.0124224
v 0.10023 -0.036404 0.0100526
v 0.098615 -0.0337888 0.00869012
v 0.101568 -0.0316607 0.00857455
v 0.114907 -0.0330295 0.00716327
v 0.131158 -0.036181 0.00502363
v 0.129253 -0.0351827 0.00848584
v 0.117388 -0.0338592 0.0108101
v 0.121763 -0.0362753 0.0112346
v 0.104377 -0.0352192 0.0156898
v 0.088739 -0.0365712 0.0206246
v 0.081348 -0.0369936 0.0175555
v 0.081233 -0.0361874 0.0119436
v 0.082162 -0.0318766 0.00769451
v 0.08058 -0.0250764 0.00674489
v 0.1006 -0.0270528 0.00903349
v 0.114094 -0.0328259 0.00953931
v 0.109279 -0.0317237 0.0133585
v 0.103215 -0.0325522 0.0159204
v 0.099588 -0.0311578 0.0188467
v 0.097187 -0.0341728 0.018879
v 0.081676 -0.0346215 0.022243
v 0.067639 -0.0343155 0.021873
v 0.070714 -0.035627 0.0145307
v 0.075429 -0.0311598 0.00874365
v 0.076537 -0.0239364 0.00695913
v 0.089699 -0.0247573 0.011052
v 0.100148 -0.0286757 0.0133052
v 0.099787 -0.0295383 0.016409
v 0.096147 -0.030699 0.0195367
v 0.092753 -0.0331902 0.0204422
v 0.07889 -0.0336546 0.0227441
v 0.069754 -0.0327874 0.0213863
v 0.070537 -0.0335223 0.0161882
v 0.072108 -0.0303882 0.0108168
v 0.073428 -0.0242122 0.0107581
v 0.083765 -0.0235476 0.0128292
v 0.091762 -0.0253342 0.0156028
v 0.09213 -0.0268029 0.0191125
v 0.090062 -0.0291424 0.0217771
v 0.088142 -0.0324497 0.0228934
v 0.080283 -0.0325495 0.0218724
v 0.074972 -0.0326701 0.0202753
v 0.073804 -0.0325694 0.0167434
v 0.074506 -0.0302897 0.0130598
v 0.076146 -0.0262175 0.0123817
v 0.082621 -0.0241338 0.0139081
v 0.087153 -0.0250253 0.0163909
v 0.087928 -0.0262159 0.0193807
v 0.086585 -0.0282514 0.0215932
v 0.085159 -0.0309055 0.0221887
v 0.080594 -0.0287947 0.0182881
v 0.116538 0.0175724 0.0325016
v 0.116783 0.0199293 0.0330651
v 0.116349 0.0181636 0.0361897
v 0.116689 0.0165173 0.0330634
v 0.11593 0.0151302 0.0286891
v 0.116688 0.0226752 0.0286916
v 0.111771 0.0217074 0.0325114
v 0.110403 0.0250013 0.0279641
v 0.107732 0.0222223 0.0330805
v 0.111271 0.0185144 0.0325108
v 0.110688 0.0171942 0.0285475
v 0.116171 0.0165482 0.0236894
v 0.118337 0.0196881 0.024062
v 0.116257 0.0232404 0.0225727
v 0.113122 0.0262133 0.0229633
v 0.105177 0.0259962 0.0284983
v 0.112387 0.0280302 0.0234107
v 0.109698 0.0280763 0.0228527
v 0.105497 0.0288762 0.0233529
v 0.100874 0.0258442 0.0287173
v 0.105625 0.0211823 0.0282103
v 0.108834 0.0190722 0.0234399
v 0.118009 0.0162254 0.0174363
v 0.116801 0.0194244 0.017456
v 0.116623 0.0277675 0.0171407
v 0.112886 0.0290935 0.0173849
v 0.09939 0.0292382 0.023466
v 0.107979 0.0297035 0.017386
v 0.101314 0.0320015 0.0174125
v 0.096608 0.0276132 0.0237246
v 0.103777 0.0229222 0.0237117
v 0.106774 0.0212175 0.0174343
v 0.112047 0.0163718 0.0107893
v 0.106807 0.0193437 0.0112049
v 0.115187 0.0239647 0.0113439
v 0.113708 0.0287517 0.0113879
v 0.109113 0.0332008 0.0108018
v 0.095975 0.0323584 0.0174776
v 0.104016 0.0341716 0.011727
v 0.097395 0.0357907 0.0112273
v 0.096331 0.0298526 0.0168521
v 0.094802 0.0257104 0.0174762
v 0.096222 0.0247624 0.017475
v 0.100292 0.0244166 0.016841
v 0.102447 0.0234127 0.0112138
v 0.109376 0.0253823 0.00819717
v 0.107921 0.0257962 0.00860225
v 0.102255 0.0263172 0.00878536
v 0.109913 0.0284753 0.0083098
v 0.105509 0.0320293 0.00847852
v 0.095178 0.0351027 0.0112311
v 0.102459 0.0350254 0.00809413
v 0.098458 0.0335733 0.00809984
v 0.095891 0.0302575 0.0121022
v 0.093481 0.0261987 0.0112293
v 0.093461 0.0239177 0.0112279
v 0.095844 0.0226727 0.0112236
v 0.097855 0.0236507 0.0112208
v 0.10548 0.0301245 0.00750413
v 0.098541 0.0279342 0.00899769
v 0.106181 0.0130027 0.0259946
v 0.105914 0.0114456 0.0218313
v 0.105717 0.0102937 0.0163311
v 0.10524 0.00751331 0.0279495
v 0.105032 0.00629269 0.0309743
v 0.104795 0.00873128 0.0330078
v 0.104924 0.0121522 0.0332035
v 0.105438 0.0168365 0.0320984
v 0.107296 0.0195075 0.027059
v 0.106797 0.0165947 0.0209384
v 0.106135 0.0127337 0.0161936
v 0.10059 0.0109043 0.0232692
v 0.100139 0.00827302 0.0293587
v 0.100588 0.0108941 0.0193572
v 0.099623 0.0052673 0.0328991
v 0.099821 0.00641729 0.0378493
v 0.100829 0.0135167 0.0360848
v 0.102063 0.0194967 0.035789
v 0.102065 0.0201835 0.0319071
v 0.102458 0.0218011 0.0288464
v 0.10114 0.0171661 0.0241495
v 0.101121 0.0142569 0.0201979
v 0.095448 0.0114248 0.0208003
v 0.095335 0.0107666 0.0264002
v 0.094902 0.00824164 0.0312147
v 0.095141 0.00657904 0.0341883
v 0.094646 0.00674639 0.0373684
v 0.09522 0.0101955 0.0369751
v 0.096482 0.0145385 0.036961
v 0.09663 0.0181319 0.0350477
v 0.097313 0.0192995 0.0317449
v 0.096482 0.0174655 0.0268456
v 0.095994 0.0148895 0.022095
v 0.090017 0.0102638 0.0206631
v 0.090191 0.0112813 0.0179813
v 0.08989 0.00951741 0.0274689
v 0.089413 0.00673751 0.0318684
v 0.089367 0.00646689 0.0348933
v 0.092096 0.0145099 0.034663
v 0.0914 0.0183256 0.0314577
v 0.090818 0.0149397 0.021282
v 0.090458 0.0123404 0.0277425
v 0.088897 -0.00063374 0.0330949
v 0.094692 -0.00892348 0.0318212
v 0.097298 -0.00817648 0.0318213
v 0.087509 -0.00467348 0.0318221
v 0.080962 -0.00472448 0.031822
v 0.078178 -0.000363481 0.0318229
v 0.077033 0.00574152 0.0318242
v 0.081891 0.00666052 0.0318244
v 0.084975 0.00472052 0.031824
v 0.092108 0.00593952 0.0318242
v 0.097424 0.00512852 0.031824
v 0.099361 0.00136052 0.0318233
v 0.097349 -0.00393348 0.0318222
v 0.098489 -0.00825934 0.0261963
v 0.092933 -0.00663431 0.0260927
v 0.098034 -0.0037224 0.0265092
v 0.089122 -0.00235634 0.0261975
v 0.084593 -0.00389244 0.0266972
v 0.081487 -0.00270532 0.0261355
v 0.079855 0.000793687 0.0260892
v 0.078517 0.00408466 0.0261988
v 0.081135 0.00468069 0.026095
v 0.08511 0.00489269 0.026086
v 0.09048 0.00349369 0.0260847
v 0.095723 0.00321457 0.0266877
v 0.097785 0.00124967 0.0261613
v 0.094021 -0.00654306 0.0199377
v 0.09668 -0.00633993 0.0192747
v 0.08896 -0.00327806 0.0199473
v 0.097197 -0.00263406 0.0199475
v 0.08611 -0.00467906 0.019947
v 0.082661 -0.00168406 0.0199337
v 0.080206 0.000934813 0.0205612
v 0.079727 0.00374394 0.0199488
v 0.084145 0.00363094 0.0199307
v 0.089301 0.00184794 0.0199284
v 0.094745 0.00063972 0.0210161
v 0.093283 -0.00359379 0.0136973
v 0.088746 -0.00307608 0.0151294
v 0.090725 0.000243901 0.0152181
v 0.093626 -0.00092479 0.0136978
v 0.085324 -0.00249504 0.0149325
v 0.0817 0.00162121 0.0136983
v 0.084361 0.00375421 0.0136988
v 0.087691 0.00284921 0.0136986
v 0.08854 -0.000979471 0.0121348
v 0.062948 -0.0221118 0.0185715
v 0.064095 -0.0245126 0.017714
v 0.064449 -0.0225023 0.0209164
v 0.063719 -0.0266452 0.0156836
v 0.062935 -0.0212471 0.0154157
v 0.065262 -0.0170385 0.0172095
v 0.069739 -0.0192264 0.0262851
v 0.066499 -0.022227 0.0196635
v 0.07097 -0.00958054 0.0223031
v 0.070404 -0.0151452 0.0256679
v 0.060563 -0.0220623 0.0113165
v 0.066172 -0.0243902 0.01588
v 0.064585 -0.0259755 0.0123987
v 0.065207 -0.0229122 0.0110133
v 0.063366 -0.0157047 0.0130148
v 0.068506 -0.00373528 0.0161012
v 0.071603 -0.0218129 0.0289536
v 0.073135 -0.0168428 0.0282326
v 0.071806 -0.0231259 0.0238253
v 0.071384 -0.0244656 0.017735
v 0.074948 -0.0044902 0.0206291
v 0.075468 -0.00559897 0.0243869
v 0.073623 -0.010357 0.0293619
v 0.066598 -0.0190582 0.0108041
v 0.066465 -0.0153125 0.0120389
v 0.067411 -0.00995001 0.00987597
v 0.071119 -0.0245516 0.012805
v 0.071361 -0.0209892 0.0106237
v 0.06827 -0.00507503 0.00996697
v 0.074646 -0.00468679 0.013697
v 0.0787 -0.0175013 0.0260144
v 0.077351 -0.0215548 0.0237986
v 0.079619 -0.0119794 0.0265196
v 0.077588 -0.0235468 0.0188012
v 0.077484 -0.0242069 0.0141101
v 0.080794 -0.00546104 0.0149479
v 0.080867 -0.0055283 0.0210989
v 0.080568 -0.00712496 0.0243305
v 0.072981 -0.0141391 0.0101261
v 0.074302 -0.00651075 0.00861167
v 0.077341 -0.023139 0.00992029
v 0.078216 -0.0197639 0.00939297
v 0.074901 -0.00310201 0.00987737
v 0.080916 -0.00464896 0.00964005
v 0.083139 -0.0187994 0.0218322
v 0.085273 -0.0155512 0.0257068
v 0.086047 -0.0111642 0.0255277
v 0.085251 -0.0156742 0.0257518
v 0.082897 -0.0213834 0.0167926
v 0.083708 -0.0231479 0.0140513
v 0.086788 -0.00695755 0.0125376
v 0.086433 -0.00896959 0.0176342
v 0.086454 -0.0088499 0.0240842
v 0.07989 -0.0139969 0.00956315
v 0.080292 -0.00847373 0.00849827
v 0.080951 -0.0044194 0.0068541
v 0.083458 -0.0230091 0.0101233
v 0.085014 -0.0170121 0.0105505
v 0.086551 -0.00829796 0.00960531
v 0.086119 -0.0143165 0.0173171
v 0.08595 -0.01171 0.00960462
v 0.088 0.0373956 0.0263886
v 0.091068 0.0350141 0.0336551
v 0.094428 0.0334502 0.0283218
v 0.083883 0.0383656 0.0313268
v 0.083497 0.0385473 0.0277819
v 0.082033 0.0392299 0.024853
v 0.084058 0.0372437 0.0212826
v 0.088104 0.0352529 0.0202172
v 0.090383 0.0341795 0.022147
v 0.091305 0.0288983 0.0328269
v 0.088851 0.0289104 0.0371579
v 0.086004 0.0319206 0.0364645
v 0.092037 0.0278953 0.0281197
v 0.089977 0.0288715 0.0218849
v 0.083118 0.0316297 0.0357714
v 0.080564 0.0342233 0.033123
v 0.082221 0.033136 0.0293167
v 0.081799 0.0328143 0.0228707
v 0.080614 0.0342043 0.017936
v 0.083947 0.0321518 0.0157365
v 0.086988 0.0306016 0.0167322
v 0.091468 0.0214454 0.0322154
v 0.091574 0.021503 0.0391264
v 0.087345 0.0225721 0.0390036
v 0.083864 0.0253892 0.0382962
v 0.091205 0.0222306 0.0266275
v 0.086351 0.0238094 0.0176408
v 0.088755 0.0220076 0.0217305
v 0.080192 0.0268102 0.0382485
v 0.079859 0.0269667 0.0360525
v 0.080596 0.0265282 0.0285414
v 0.079581 0.0262464 0.0227733
v 0.077204 0.0282087 0.0159637
v 0.079886 0.0269168 0.0155625
v 0.082961 0.0254149 0.0151242
v 0.088682 0.0157832 0.0286052
v 0.088439 0.0154149 0.0349111
v 0.086406 0.0163272 0.0382743
v 0.082674 0.0180176 0.0364707
v 0.079051 0.0197588 0.035495
v 0.082049 0.0183622 0.0185737
v 0.084133 0.0168174 0.0227524
v 0.075606 0.0213654 0.0325043
v 0.076791 0.0214775 0.0270754
v 0.076144 0.0211162 0.0234493
v 0.079671 0.0202151 0.0189791
v 0.084762 0.00955542 0.0322919
v 0.083964 0.00988126 0.028195
v 0.083111 0.0102797 0.0359651
v 0.078047 0.0133939 0.0346507
v 0.074113 0.0145383 0.032877
v 0.077058 0.0144292 0.0237829
v 0.079132 0.0121364 0.0224535
v 0.080542 0.010662 0.0247542
v 0.071004 0.0159246 0.0315412
v 0.071635 0.0156321 0.0287872
v 0.079227 0.00583708 0.0290772
v 0.07837 0.00636972 0.0308173
v 0.078096 0.00641145 0.0272453
v 0.075158 0.00833058 0.0315367
v 0.069802 0.0088999 0.0299708
v 0.074905 0.00868748 0.0270898
v 0.075197 0.00448719 0.0285259
v -0.007928 0.00246374 0.0110895
v -0.006475 0.00812199 0.00988765
v -0.0098 0.00633269 0.00644829
v -0.00875 0.00176936 0.00804536
v -0.004857 -0.00163078 0.0185517
v -0.00369 0.00303191 0.0200956
v -0.004527 -0.00391428 0.0161182
v -0.005553 0.0130103 0.00358365
v -0.000772 0.0124093 0.0180835
v 0.000624 0.0168077 0.0111144
v -0.004554 0.0158186 0.00173222
v -0.004003 0.0091198 0.000982857
v -0.005921 0.00330604 0.00472467
v -0.002931 -0.00514037 0.011627
v 0.000944 -0.00403925 0.0257812
v 0.00237 0.000987043 0.0292512
v 0.002641 0.00870134 0.0277838
v 0.002454 -0.00933786 0.0189701
v 0.00462 0.0210644 0.00319729
v 0.005396 0.022696 -0.00512138
v 0.005172 0.0130105 0.0270087
v 0.006443 0.0159566 0.0214752
v 0.008331 0.0195153 0.013356
v 0.006055 0.0208028 -0.00876976
v 0.004757 0.0142463 -0.0063801
v 0.00443 0.00646605 -0.00515468
v 0.002056 0.00153633 -0.00162269
v 0.000421 -0.00305982 0.00404838
v 0.004747 -0.00892633 0.0114252
v 0.003545 -0.010035 0.014832
v 0.009408 -0.00411056 0.0322052
v 0.009926 -0.00938906 0.0248421
v 0.010152 0.00804538 0.0325196
v 0.010059 -0.0110616 0.0177747
v 0.012262 0.0229375 0.00726267
v 0.013694 0.024458 6.0981e-005
v 0.015471 0.0226552 -0.00603339
v 0.013075 0.0137838 0.0303578
v 0.015979 0.0179193 0.0181706
v 0.014722 0.0172888 -0.00886548
v 0.013507 0.0109547 -0.00810277
v 0.012264 0.00603233 -0.00652777
v 0.010601 0.000741761 -0.00373885
v 0.009167 -0.00393563 -0.0018208
v 0.007818 -0.00718106 0.000285538
v 0.007243 -0.00746431 0.00644148
v 0.012961 -0.0107756 0.0127108
v 0.017659 -0.00568208 0.0347748
v 0.01704 -0.000638138 0.0350499
v 0.016856 -0.00846925 0.0306673
v 0.018389 -0.0108348 0.0234198
v 0.018281 0.00978499 0.034416
v 0.020806 0.0225678 0.0057226
v 0.02198 0.0247141 -0.000426967
v 0.024313 0.0251992 -0.00567287
v 0.024253 0.0200698 -0.00877691
v 0.021199 0.0142562 0.0335299
v 0.022835 0.0162783 0.0281723
v 0.027504 0.0180689 0.0152787
v 0.022508 0.0139993 -0.00620715
v 0.018761 0.00436684 -0.00414311
v 0.017675 -0.00542371 -0.0014461
v 0.016492 -0.0117485 -0.00244739
v 0.015774 -0.0128992 0.00101637
v 0.014759 -0.0109883 0.00620376
v 0.022116 -0.0118609 0.0141486
v 0.024472 -0.00629106 0.0346417
v 0.025474 -0.0103243 0.0307769
v 0.025413 -0.0024371 0.0348425
v 0.025483 0.00568238 0.0324892
v 0.028426 -0.0139346 0.0226212
v 0.02699 0.0120005 0.0318864
v 0.029165 0.0214229 0.00537336
v 0.030491 0.0215054 0.00289738
v 0.02948 0.0155849 0.000380174
v 0.031064 0.020137 0.0293691
v 0.036479 0.0192212 0.0235589
v 0.039802 0.0167032 0.0136564
v 0.036804 0.0179048 0.0109196
v 0.027145 0.00019282 0.000882039
v 0.026801 -0.00731622 0.00106351
v 0.025104 -0.0113133 0.0015417
v 0.023705 -0.0148049 0.00430598
v 0.022913 -0.0146592 0.00574201
v 0.031641 -0.0126511 0.0102104
v 0.030994 -0.0154026 0.0174749
v 0.035172 -0.00509704 0.029666
v 0.033341 -0.00916284 0.0286561
v 0.038045 -0.0134869 0.0239863
v 0.033445 0.000494773 0.0305741
v 0.037635 0.0115535 0.0270614
v 0.040568 -0.0196283 0.021294
v 0.040425 0.0196071 0.028979
v 0.037652 0.0173225 0.00754853
v 0.037891 0.0137756 0.00679281
v 0.037453 0.00486583 0.00573299
v 0.046468 0.0252092 0.0282991
v 0.045683 0.0239626 0.0266379
v 0.04899 0.0235184 0.0227368
v 0.048946 0.0206394 0.0178412
v 0.049112 0.0180544 0.0129807
v 0.049909 0.0140488 0.0108179
v 0.037024 -0.000534038 0.00509789
v 0.035568 -0.00497582 0.00400899
v 0.034334 -0.00903715 0.00566516
v 0.04361 -0.0115917 0.0131156
v 0.042036 -0.0172207 0.0180755
v 0.045592 -0.0115126 0.0276677
v 0.0462 -0.0058724 0.0265348
v 0.045298 0.000512894 0.0250741
v 0.048272 0.00631999 0.0246173
v 0.047307 -0.0141833 0.0258761
v 0.050266 0.0128973 0.0280086
v 0.053866 0.0221273 0.0327905
v 0.048659 -0.020547 0.0246378
v 0.055762 0.0244305 0.031873
v 0.047302 0.0103938 0.0108911
v 0.047668 0.00732073 0.0111315
v 0.048147 0.00233519 0.00889548
v 0.059227 0.0243227 0.030995
v 0.062667 0.0240492 0.0282809
v 0.058821 0.0259429 0.0202833
v 0.058927 0.0236003 0.0182778
v 0.05748 0.0193725 0.0174169
v 0.056188 0.0132618 0.0155057
v 0.058033 0.0107115 0.0124772
v 0.046767 -0.00303258 0.00775438
v 0.045368 -0.00734891 0.0093655
v 0.052705 -0.0107873 0.0160928
v 0.051068 -0.0153699 0.0190069
v 0.049866 -0.0188384 0.0213682
v 0.055231 -0.0129649 0.0287874
v 0.055774 -0.010305 0.0294349
v 0.053022 -0.00405483 0.0286352
v 0.054704 -0.0143454 0.0267051
v 0.055838 0.000399762 0.0306291
v 0.060407 0.00729611 0.0289045
v 0.059228 -0.0153027 0.0228669
v 0.056564 -0.0172108 0.0235585
v 0.061297 0.0181895 0.0272457
v 0.056711 0.00435059 0.0118449
v 0.056129 -7.71689e-005 0.01065
v 0.063531 0.0204121 0.0240332
v 0.068407 0.0170575 0.0221245
v 0.067995 0.0139566 0.0216338
v 0.063709 0.0100272 0.018517
v 0.065687 0.00219145 0.0125014
v 0.054675 -0.00673028 0.0111856
v 0.062593 -0.0133554 0.0117603
v 0.061851 -0.0148758 0.013503
v 0.060873 -0.0131157 0.0182393
v 0.060954 -0.0105118 0.0284479
v 0.05985 -0.00424405 0.0297251
v 0.060623 0.00154589 0.0299933
v 0.063909 0.0104017 0.0260301
v 0.065377 -0.0117183 0.0261426
v 0.064362 -0.0136934 0.0267022
v 0.062922 -0.0140896 0.0273151
v 0.063451 -0.0084924 0.0117613
v 0.067908 0.00700042 0.0273754
v 0.069356 0.0070635 0.0220944
v 0.067734 0.0036783 0.0230787
v 0.066528 0.00184412 0.0239764
v 0.065839 -0.000714154 0.0253099
v 0.065642 -0.00636215 0.0253057
v 0.066554 -0.0100224 0.031335
v 0.063622 -0.000756371 0.0312838
v 0.066785 0.00170637 0.0325743
# 1000 verticies
vn 0.874695 0.417438 0.246281
vn 0.800892 -0.513119 0.308675
vn 0.92877 -0.273444 -0.250229
vn 0.541389 0.60905 0.579617
vn 0.324503 -0.097418 0.940855
vn 0.863378 0.501522 0.055264
vn 0.412863 -0.91079 -0.002569
vn 0.066929 -0.928413 0.365471
vn 0.848042 0.490952 -0.199479
vn 0.825679 0.330578 -0.457135
vn 0.811527 -0.0262 -0.583727
vn 0.629814 -0.532735 -0.565268
vn 0.447777 -0.82284 -0.349901
vn 0.391458 -0.904856 -0.167321
vn 0.560969 0.805913 0.189254
vn -0.010139 0.73234 0.680863
vn -0.274232 0.183159 0.94406
vn -0.474039 -0.598973 0.645382
vn 0.06093 -0.998113 0.007632
vn -0.442304 -0.877007 0.187686
vn 0.564874 0.790887 -0.235405
vn 0.673523 0.46917 -0.57118
vn 0.563298 -0.062428 -0.823892
vn 0.25165 -0.607801 -0.75316
vn 0.135542 -0.906256 -0.400411
vn 0.126541 0.95892 0.253889
vn -0.105995 0.667306 0.737203
vn -0.349087 0.069491 0.93451
vn -0.558798 -0.424337 0.712519
vn -0.619728 -0.757539 0.205113
vn -0.405688 -0.819029 -0.40572
vn -0.661722 -0.704499 -0.256526
vn 0.284845 0.940091 -0.187331
vn 0.121826 0.615299 -0.778823
vn 0.032496 -0.054755 -0.997971
vn -0.092632 -0.474327 -0.875462
vn 0.131678 0.936543 0.324883
vn 0.197498 0.568139 0.798882
vn -0.022847 -0.149467 0.988503
vn -0.243978 -0.723616 0.645643
vn -0.358269 -0.918369 0.168053
vn -0.424014 -0.860599 -0.282102
vn -0.37869 -0.368736 -0.848898
vn -0.369429 -0.498503 -0.78423
vn 0.016196 0.979867 -0.198992
vn -0.130001 0.615192 -0.777585
vn -0.089663 0.075482 -0.993108
vn 0.278091 0.906645 0.317269
vn 0.396736 0.51196 0.761904
vn 0.205979 -0.234082 0.950146
vn -0.026954 -0.825459 0.563818
vn -0.124425 -0.991184 0.045522
vn -0.164224 -0.868429 -0.467826
vn -0.19231 -0.401636 -0.89538
vn -0.151378 0.063184 -0.986455
vn -0.144542 0.022943 -0.989233
vn 0.253466 0.94435 -0.20966
vn 0.08004 0.619651 -0.780786
vn 0.422053 0.867597 0.262957
vn 0.39562 0.610561 0.686075
vn 0.244488 -0.147657 0.958344
vn 0.06564 -0.800896 0.595195
vn -0.009389 -0.998808 0.047895
vn -0.010818 -0.801628 -0.597726
vn 0.053579 -0.163318 -0.985118
vn 0.058387 0.116786 -0.991439
vn 0.066165 0.476347 -0.876764
vn 0.111915 0.347307 -0.931049
vn 0.34259 0.886383 -0.311381
vn 0.419922 0.887561 0.189473
vn 0.310928 0.692721 0.65074
vn 0.139355 -0.000584 0.990242
vn 0.00918 -0.718335 0.695637
vn 0.0061 -0.992855 0.119175
vn 0.035025 -0.792799 -0.608476
vn 0.103147 -0.172983 -0.979509
vn 0.257519 0.180616 -0.949243
vn 0.241358 0.381476 -0.892313
vn 0.352862 0.844678 -0.402502
vn 0.280781 0.871337 -0.402411
vn 0.275155 0.94963 0.149973
vn -0.56795 0.746265 0.347162
vn -0.609676 0.459365 0.645971
vn -0.661069 -0.136828 0.737744
vn -0.737904 -0.572038 0.358147
vn -0.617515 -0.488474 -0.616497
vn -0.152913 0.047471 -0.987099
vn -0.051112 0.226407 -0.972691
vn -0.184212 0.44258 -0.877604
vn -0.278914 0.89 -0.360704
vn -0.318802 0.91899 0.231999
vn -0.941497 0.216508 0.258277
vn -0.923899 0.377651 0.061557
vn -0.839222 0.51567 0.172601
vn -0.904537 0.359945 0.228588
vn -0.946282 0.323342 0.000816
vn -0.688761 0.423601 -0.588362
vn -0.445265 0.478741 -0.756668
vn -0.797346 0.366307 -0.479644
vn -0.935288 0.258897 -0.241267
vn -0.947252 0.22175 0.231388
vn -0.92506 0.026287 0.37891
vn -0.898108 0.33777 0.281627
vn -0.800657 0.524919 0.288806
vn -0.8351 0.479453 0.269689
vn -0.885127 0.434064 0.167747
vn -0.891535 0.450897 -0.043088
vn -0.753452 0.578356 -0.312753
vn -0.839693 0.516869 -0.16662
vn -0.94995 0.311887 0.017925
vn -0.990244 0.057892 0.126749
vn -0.871577 0.43134 0.233021
vn 0.535782 -0.015622 0.844212
vn 0.306472 -0.521384 0.796388
vn 0.610384 -0.765216 0.204638
vn 0.228011 0.604592 0.763203
vn -0.078067 0.060358 0.995119
vn 0.833497 0.249944 0.492758
vn 0.2268 -0.860874 0.455476
vn -0.282015 -0.599169 0.749309
vn 0.954827 0.26973 -0.124703
vn 0.794648 -0.016987 -0.606833
vn 0.585027 -0.353989 -0.729681
vn 0.474878 -0.687189 -0.549783
vn 0.347888 -0.920514 -0.177842
vn 0.287861 -0.944366 0.159089
vn 0.428721 0.844944 0.319794
vn 0.113812 0.633111 0.765648
vn -0.222864 0.150585 0.963149
vn -0.535162 -0.436071 0.723494
vn -0.299127 -0.89537 0.329903
vn -0.708051 -0.645149 0.287136
vn 0.462331 0.813144 -0.353619
vn 0.271916 0.4035 -0.873641
vn 0.203209 0.167888 -0.964634
vn 0.12177 -0.202516 -0.971679
vn -0.104434 -0.868504 -0.484555
vn 0.422551 0.814149 0.398261
vn 0.053817 0.33788 0.939649
vn -0.232026 -0.038396 0.971951
vn -0.540829 -0.521539 0.659925
vn -0.698611 -0.706196 0.115022
vn -0.65089 -0.526674 -0.546769
vn -0.712338 -0.474783 -0.516871
vn 0.479827 0.774606 -0.412008
vn 0.302694 0.390069 -0.86961
vn 0.195905 0.190584 -0.961925
vn -0.068667 -0.035768 -0.996998
vn 0.437321 0.882344 0.173837
vn -0.116515 -0.163604 0.979621
vn -0.064905 -0.099233 0.992945
vn -0.362127 -0.637729 0.679828
vn -0.504457 -0.863379 0.009985
vn -0.45047 -0.725073 -0.520909
vn -0.243987 -0.047777 -0.968601
vn -0.229963 -0.319017 -0.919427
vn 0.383719 0.820119 -0.424457
vn 0.279356 0.423273 -0.861858
vn 0.061134 0.110611 -0.991982
vn 0.349737 0.891064 0.289291
vn 0.105037 0.32883 0.93853
vn -0.122628 -0.332821 0.934983
vn -0.160182 -0.517467 0.840577
vn -0.373159 -0.920995 0.111894
vn -0.336133 -0.870877 -0.358592
vn -0.163688 -0.539199 -0.826118
vn -0.032084 0.005036 -0.999472
vn -0.033631 -0.245581 -0.968792
vn 0.381283 0.827378 -0.412394
vn 0.189033 0.413417 -0.890704
vn 0.420342 0.907366 0.000653
vn 0.341095 0.862706 0.373354
vn 0.011514 -0.042115 0.999046
vn -0.147825 -0.509667 0.847577
vn -0.226088 -0.923753 0.309136
vn -0.208625 -0.914845 -0.345736
vn -0.054066 -0.539068 -0.840525
vn 0.097571 -0.115744 -0.988475
vn 0.230172 0.309879 -0.922494
vn 0.284622 0.377006 -0.881395
vn 0.380173 0.830235 -0.40765
vn 0.365974 0.927838 0.071974
vn 0.26971 0.747736 0.606751
vn -0.021061 0.080816 0.996507
vn 0.092628 -0.243591 0.965445
vn 0.046556 -0.883416 0.466271
vn 0.061713 -0.872573 -0.48457
vn 0.204366 -0.347947 -0.914969
vn 0.290613 0.112954 -0.95015
vn 0.3801 0.473471 -0.794575
vn 0.424306 0.864794 -0.268508
vn 0.476826 0.839685 -0.259934
vn 0.415299 0.856476 0.306555
vn 0.19507 0.640047 0.74316
vn -0.072985 0.389518 0.918122
vn -0.250486 -0.275254 0.928166
vn -0.341336 -0.843261 0.415212
vn -0.036085 -0.818392 -0.573526
vn 0.258786 -0.302255 -0.917427
vn 0.446891 0.182975 -0.875676
vn 0.470131 0.565559 -0.677584
vn 0.462298 0.853032 -0.242109
vn 0.390485 0.858624 0.332094
vn 0.005393 0.99957 0.028808
vn -0.759196 0.555141 0.339765
vn -0.867216 -0.277315 0.413561
vn -0.880426 -0.461616 0.108444
vn -0.691114 -0.524403 -0.497356
vn -0.209319 -0.291965 -0.933243
vn 0.302866 0.217317 -0.927925
vn 0.521633 0.62183 -0.584146
vn 0.555262 0.820867 -0.133647
vn 0.365857 0.902294 0.228067
vn -0.265462 0.93664 -0.228552
vn -0.536141 0.480623 -0.693941
vn -0.846527 -0.185352 -0.499036
vn -0.965008 -0.088897 -0.246694
vn -0.967345 -0.124141 -0.22098
vn -0.858547 -0.157054 -0.48809
vn -0.567388 0.234243 -0.789431
vn -0.077864 0.828103 -0.555142
vn 0.12039 0.983026 -0.138445
vn 0.098684 0.964109 0.246485
vn -0.875603 0.432238 -0.215614
vn 0.812189 0.111024 0.572733
vn 0.589175 -0.402925 0.700374
vn 0.757418 -0.648034 0.079809
vn 0.39908 0.322491 0.858333
vn 0.120975 0.169704 0.978042
vn 0.933513 0.151247 0.32508
vn 0.245592 -0.923047 0.296088
vn -0.164259 -0.394726 0.903997
vn 0.984298 0.167992 0.054188
vn 0.97518 0.161173 -0.151816
vn 0.819606 -0.290207 -0.49399
vn 0.368462 -0.75854 -0.537451
vn 0.216281 -0.928445 -0.302013
vn 0.19169 -0.981433 0.006711
vn 0.66281 0.614439 0.427958
vn 0.368452 0.325689 0.870729
vn 0.055233 -0.122276 0.990958
vn -0.39073 -0.242529 0.887981
vn -0.374557 -0.90669 0.19396
vn -0.785115 -0.508684 0.353321
vn 0.740094 0.653954 -0.15686
vn 0.626289 0.398444 -0.670077
vn 0.378812 -0.035307 -0.9248
vn 0.111908 -0.440718 -0.890642
vn -0.195457 -0.819976 -0.537993
vn 0.525847 0.744094 0.412079
vn 0.290619 0.514827 0.806532
vn -0.018761 -0.29026 0.956764
vn -0.407584 -0.687705 0.60078
vn -0.627048 -0.763769 0.15319
vn -0.627362 -0.583669 -0.515507
vn -0.621413 -0.664714 -0.41473
vn 0.573706 0.779364 -0.251898
vn 0.449763 0.440894 -0.77674
vn 0.213381 0.057538 -0.975273
vn -0.172017 -0.302123 -0.93762
vn 0.431949 0.832417 0.347133
vn 0.052497 0.567227 0.821887
vn -0.211032 0.226035 0.950986
vn -0.472335 -0.709166 0.523435
vn -0.483304 -0.871044 0.0877439
vn -0.419849 -0.840075 -0.343513
vn -0.365533 -0.381781 -0.848899
vn -0.294117 -0.568542 -0.768281
vn 0.481413 0.832171 -0.275197
vn 0.330249 0.462014 -0.823091
vn 0.002878 -0.015222 -0.99988
vn 0.346222 0.876553 0.334342
vn 0.067703 0.352045 0.933531
vn -0.225047 0.012681 0.974265
vn -0.39635 -0.727592 0.559926
vn -0.349716 -0.936722 0.015817
vn -0.319203 -0.924248 -0.209465
vn -0.17813 -0.686367 -0.705103
vn -0.096916 -0.200065 -0.974978
vn 0.012665 -0.273103 -0.961901
vn 0.410732 0.864616 -0.289375
vn 0.237026 0.428041 -0.872124
vn 0.367293 0.826968 0.425699
vn 0.162767 0.354981 0.920595
vn -0.09032 -0.291841 0.952193
vn -0.195691 -0.788663 0.582851
vn -0.134996 -0.990846 0.000914
vn -0.125059 -0.950504 -0.284432
vn -0.009199 -0.655643 -0.755015
vn 0.180497 -0.134932 -0.974276
vn 0.287264 0.341772 -0.894802
vn 0.389707 0.459139 -0.798323
vn 0.447603 0.837737 -0.312808
vn 0.39609 0.811596 0.429446
vn 0.217298 0.477283 0.851459
vn 0.018062 -0.007192 0.999811
vn -0.120728 -0.697653 0.706191
vn -0.081007 -0.983951 0.158994
vn -0.01401 -0.913443 -0.406726
vn 0.0905471 -0.516956 -0.851209
vn 0.25096 0.022108 -0.967745
vn 0.446512 0.5392 -0.714066
vn 0.476234 0.846978 -0.236281
vn 0.521823 0.836576 -0.166859
vn 0.434675 0.814961 0.38327
vn 0.173356 0.463762 0.868834
vn -0.00853 0.127872 0.991754
vn -0.172905 -0.420594 0.89062
vn -0.269659 -0.916846 0.294411
vn -0.157579 -0.847859 -0.506264
vn 0.003527 -0.347164 -0.937798
vn 0.135866 0.113286 -0.984229
vn 0.315245 0.550219 -0.773227
vn 0.451306 0.864539 -0.221123
vn 0.395817 0.822686 0.408065
vn 0.011158 0.58371 0.811886
vn -0.2288 0.197105 0.95331
vn -0.63675 0.042667 0.769889
vn -0.921274 -0.217408 0.322472
vn -0.778109 -0.225619 -0.58621
vn -0.293892 0.022732 -0.955568
vn -0.092872 0.24093 -0.966089
vn -0.0145 0.549618 -0.83529
vn 0.059942 0.928889 -0.365474
vn 0.088725 0.968372 0.233204
vn -0.489845 0.857921 0.154995
vn -0.752835 0.380585 0.537023
vn -0.98318 0.111533 0.144626
vn -0.950087 0.291459 -0.111292
vn -0.848623 0.496772 -0.181817
vn -0.67269 0.494564 -0.550359
vn -0.53414 0.404165 -0.742526
vn -0.500617 0.453525 -0.737359
vn -0.50991 0.717553 -0.474457
vn -0.49172 0.855164 -0.164029
vn -0.822218 0.423251 -0.380547
vn 0.437972 -0.111976 0.891988
vn 0.394722 -0.315949 0.862769
vn 0.940294 -0.239449 0.241891
vn 0.006473 0.455692 0.890114
vn -0.145305 -0.050044 0.98812
vn 0.702622 0.270386 0.65819
vn 0.348739 -0.475332 0.807738
vn -0.142999 -0.587466 0.796514
vn 0.888227 0.386463 -0.248392
vn 0.718708 0.019528 -0.695038
vn 0.708295 -0.063699 -0.703036
vn 0.716823 -0.239874 -0.654695
vn 0.635119 -0.708364 -0.307968
vn 0.469591 -0.764041 0.442409
vn 0.253392 0.887928 0.383897
vn -0.137757 0.481469 0.86557
vn -0.426176 0.130668 0.895154
vn -0.566372 -0.347284 0.747407
vn -0.04199 -0.932887 0.357714
vn -0.565279 -0.743811 0.356658
vn 0.40174 0.831678 -0.383297
vn 0.349926 0.359564 -0.865023
vn 0.212677 -0.02395 -0.976829
vn 0.113593 -0.451498 -0.885012
vn 0.138417 -0.881804 -0.450846
vn 0.167735 0.910147 0.378812
vn -0.164154 0.348792 0.922712
vn -0.389724 -0.090759 0.916449
vn -0.56344 -0.362439 0.74241
vn -0.656954 -0.70208 0.274766
vn -0.31505 -0.804777 -0.503068
vn -0.607366 -0.721083 -0.333386
vn 0.272346 0.88152 -0.385681
vn 0.128171 0.37821 -0.916804
vn -0.033995 0.005368 -0.999408
vn -0.019804 -0.215873 -0.976221
vn 0.142477 0.898145 0.415975
vn -0.181417 0.153243 0.971393
vn -0.325909 -0.206359 0.922605
vn -0.401179 -0.465983 0.788616
vn -0.455897 -0.829513 0.322592
vn -0.389889 -0.901495 -0.187866
vn -0.196123 -0.287993 -0.937334
vn -0.140381 -0.625498 -0.767493
vn 0.277136 0.854459 -0.439426
vn 0.114016 0.250486 -0.961383
vn -0.003032 -0.047746 -0.998855
vn 0.160343 0.797599 0.581487
vn -0.016951 0.176184 0.984211
vn -0.141839 -0.216592 0.965904
vn -0.219798 -0.520111 0.825332
vn -0.260711 -0.919292 0.294842
vn -0.192399 -0.942502 -0.273264
vn -0.042271 -0.676132 -0.735567
vn 0.121005 -0.169551 -0.978065
vn 0.168314 -0.158349 -0.972932
vn 0.362232 0.826843 -0.430254
vn 0.261912 0.247977 -0.932689
vn 0.278525 0.823721 0.49387
vn 0.073107 0.413843 0.907408
vn -0.04674 -0.063675 0.996876
vn -0.101192 -0.519802 0.848272
vn -0.101046 -0.95159 0.290287
vn 0.020395 -0.885115 -0.464926
vn 0.158386 -0.452141 -0.877771
vn 0.239698 -0.016762 -0.970703
vn 0.342737 0.374965 -0.861355
vn 0.326674 0.398038 -0.857234
vn 0.423232 0.848897 -0.31662
vn 0.279109 0.866801 0.413224
vn 0.101139 0.525146 0.844981
vn -0.01807 0.089338 0.995837
vn -0.0986031 -0.415026 0.90445
vn -0.084011 -0.937057 0.338918
vn 0.080387 -0.864358 -0.496411
vn 0.238587 -0.310368 -0.920189
vn 0.310827 0.129132 -0.941654
vn 0.357335 0.486037 -0.797546
vn 0.39379 0.856433 -0.333845
vn 0.371204 0.870392 -0.323458
vn 0.263684 0.895658 0.358144
vn 0.015502 0.599337 0.800347
vn -0.050378 0.209521 0.976506
vn -0.050681 -0.330265 0.942527
vn 0.009214 -0.917616 0.39736
vn 0.114186 -0.844187 -0.523746
vn 0.19384 -0.251075 -0.94836
vn 0.273087 0.185139 -0.944006
vn 0.299018 0.525963 -0.79621
vn 0.280971 0.895794 -0.344397
vn 0.174787 0.934228 0.310914
vn -0.204922 0.706098 0.677814
vn -0.344616 0.318122 0.883198
vn -0.607061 -0.143418 0.781606
vn -0.658976 -0.687065 0.306093
vn -0.415212 -0.701685 -0.578997
vn -0.10728 -0.127374 -0.986036
vn -0.042637 0.192194 -0.98043
vn -0.026915 0.478601 -0.87762
vn -0.093538 0.861162 -0.499651
vn -0.133455 0.989106 0.062128
vn -0.579572 0.781425 -0.231239
vn -0.861444 0.374808 0.342686
vn -0.94949 -0.230379 0.21306
vn -0.94312 -0.302245 -0.138467
vn -0.932745 -0.198311 -0.301098
vn -0.729714 -0.040785 -0.682535
vn -0.564159 0.107867 -0.81859
vn -0.554696 0.200659 -0.807495
vn -0.625265 0.428852 -0.652019
vn -0.627724 0.631191 -0.455588
vn -0.826054 -0.048912 -0.561465
vn 0.570194 0.473874 0.67106
vn 0.38598 -0.352824 0.85237
vn 0.813131 -0.434858 0.386931
vn 0.285736 0.665383 0.689652
vn -0.099587 0.241942 0.965167
vn 0.704549 0.545106 0.454389
vn 0.21505 -0.886778 0.409119
vn -0.13924 -0.74917 0.647578
vn 0.791779 0.576547 0.201691
vn 0.843804 0.535136 -0.040305
vn 0.929059 -0.125725 -0.347913
vn 0.385153 -0.904145 -0.184877
vn 0.291882 -0.956453 0.001497
vn 0.248536 -0.961345 0.118516
vn 0.517431 0.774578 0.363724
vn 0.071835 0.611785 0.787756
vn -0.312136 0.28813 0.905291
vn -0.464892 -0.375227 0.801923
vn -0.008298 -0.975075 0.221722
vn -0.424689 -0.838121 0.342334
vn 0.601378 0.798944 -0.005719
vn 0.603849 0.662072 -0.443877
vn 0.426163 -0.011012 -0.90458
vn 0.195155 -0.688129 -0.698851
vn 0.101398 -0.96322 -0.24885
vn 0.350546 0.871801 0.34217
vn 0.05836 0.57693 0.814706
vn -0.206609 -0.007079 0.978398
vn -0.565578 -0.213 0.796713
vn -0.913144 -0.288066 0.288421
vn -0.196244 -0.834948 -0.514149
vn -0.610489 -0.473805 -0.634675
vn 0.471412 0.862878 -0.182243
vn 0.426419 0.594794 -0.68146
vn 0.117229 0.122839 -0.985479
vn 0.0529 -0.272892 -0.960589
vn 0.210446 0.916575 0.340004
vn -0.09553 0.637794 0.76426
vn -0.200683 0.148168 0.968387
vn -0.36699 -0.673 0.642176
vn -0.665522 -0.740265 0.0953261
vn -0.727034 -0.553142 -0.406761
vn 0.056382 -0.535853 -0.842426
vn -0.078836 -0.708064 -0.701734
vn 0.332437 0.910926 -0.244335
vn 0.355152 0.491722 -0.795032
vn 0.301549 -0.053968 -0.951922
vn 0.153629 0.951287 0.267305
vn -0.027494 0.50749 0.861219
vn -0.29247 0.050637 0.954933
vn -0.348113 -0.613135 0.709143
vn -0.233966 -0.962592 0.136661
vn -0.206353 -0.975743 -0.073097
vn -0.145275 -0.763961 -0.628696
vn 0.565356 -0.138957 -0.813058
vn 0.0836 -0.202497 -0.975708
vn 0.288316 0.943281 -0.164604
vn 0.461192 0.778521 -0.425683
vn 0.201907 0.909235 0.36404
vn 0.063476 0.476598 0.876827
vn -0.093798 -0.029139 0.995165
vn -0.143501 -0.655005 0.741873
vn -0.059177 -0.97988 0.190615
vn -0.044067 -0.997652 -0.05243
vn 0.070014 -0.696058 -0.714564
vn 0.127407 0.047769 -0.9907
vn 0.360799 0.657883 -0.66107
vn 0.260073 0.373055 -0.890613
vn 0.30334 0.951185 -0.056843
vn 0.277322 0.904941 0.322761
vn 0.128237 0.66331 0.737275
vn -0.051528 0.076841 0.995711
vn -0.113443 -0.477726 0.871154
vn -0.084445 -0.9115 0.402539
vn 0.09154 -0.95159 -0.293424
vn 0.272241 -0.360516 -0.89214
vn 0.285098 0.106891 -0.95252
vn 0.299062 0.356512 -0.885133
vn 0.371918 0.9272 -0.044464
vn 0.37574 0.923522 -0.07699
vn 0.327177 0.911136 0.250572
vn 0.067587 0.945706 0.317919
vn -0.671335 0.55893 0.48673
vn -0.640729 -0.474286 0.603754
vn -0.433724 -0.834115 0.340787
vn -0.185946 -0.794981 -0.577433
vn 0.225802 -0.126547 -0.965919
vn 0.362451 0.265431 -0.893407
vn 0.38756 0.477488 -0.788544
vn 0.371946 0.832967 -0.409661
vn 0.247925 0.914727 0.319074
vn -0.040964 0.981825 -0.185313
vn -0.271846 0.409947 -0.870657
vn -0.67226 -0.035597 -0.739459
vn -0.951146 0.029815 -0.307297
vn -0.669667 0.201445 -0.714819
vn 0.033488 0.155336 -0.987294
vn 0.234401 0.219746 -0.946978
vn 0.297094 0.549416 -0.780946
vn 0.229511 0.876312 -0.423559
vn 0.125601 0.991296 -0.039458
vn -0.192425 0.761757 -0.618626
vn -0.193711 0.394554 -0.898222
vn -0.337708 0.185956 -0.922699
vn -0.526055 0.529579 -0.665441
vn -0.505364 0.770027 -0.389442
vn -0.229749 0.619326 -0.750767
vn -0.082659 0.441107 -0.89364
vn -0.061562 0.492396 -0.868192
vn -0.114689 0.791132 -0.600796
vn -0.188672 0.903162 -0.385617
vn -0.408719 0.577231 -0.706933
vn 0.998413 -0.052018 0.021578
vn 0.702364 0.398353 -0.589915
vn 0.571515 0.81513 -0.094524
vn 0.334423 0.341402 0.878411
vn 0.772965 0.014811 0.634276
vn 0.86631 0.191269 -0.461435
vn 0.209405 0.535249 -0.818327
vn 0.283313 0.519134 -0.806371
vn -0.3903 0.910663 -0.135497
vn -0.49665 0.434827 0.751175
vn -0.450939 0.078394 0.889106
vn 0.402504 -0.148985 0.903213
vn 0.997544 -0.031505 0.062559
vn 0.87047 0.085329 -0.484768
vn 0.668229 0.35908 -0.65156
vn 0.111883 0.544584 -0.83121
vn 0.516793 0.418428 -0.746889
vn 0.088418 0.335041 -0.938046
vn 0.18128 0.398565 -0.899046
vn -0.523999 0.792418 -0.312248
vn -0.624837 0.182304 0.759173
vn -0.483518 -0.110578 0.868322
vn 0.025774 0.005521 0.999653
vn 0.974547 -0.221549 -0.034271
vn 0.835662 0.07799 -0.543679
vn 0.390985 0.236371 -0.889528
vn -0.094646 0.522212 -0.847548
vn 0.217554 0.362634 -0.906183
vn 0.165207 0.41958 -0.892558
vn -0.908173 0.397555 0.131042
vn -0.494547 0.062056 0.866933
vn -0.501962 0.040591 0.863937
vn 0.249277 -0.870116 0.425158
vn -0.503951 -0.350079 0.789606
vn 0.756646 -0.653825 0.00042
vn 0.646446 -0.491363 -0.583669
vn 0.391733 -0.087521 -0.915907
vn -0.562751 0.447935 -0.694742
vn 0.316986 0.154118 -0.935824
vn -0.058554 0.045483 -0.997248
vn -0.994601 0.08362 -0.061452
vn -0.923883 0.284523 0.255904
vn -0.36893 0.242573 0.897245
vn -0.22651 0.036969 0.973307
vn -0.400096 -0.241572 0.884062
vn 0.087947 -0.975178 0.203207
vn -0.216118 -0.911849 0.349035
vn -0.182777 -0.885983 0.426178
vn 0.42966 -0.867397 -0.251029
vn 0.4413 -0.673928 -0.592516
vn -0.924555 -0.205119 -0.32113
vn 0.282558 -0.612623 -0.738143
vn -0.455667 -0.846829 -0.274315
vn -0.971996 -0.076862 -0.222072
vn -0.951559 -0.307439 -0.00405
vn -0.766316 -0.45328 0.455298
vn 0.017429 -0.435814 0.899868
vn 0.057767 -0.399279 0.915008
vn 0.031241 -0.999364 0.017213
vn -0.181382 -0.950204 0.253402
vn 0.987558 0.07445 0.138516
vn 0.509212 -0.204971 0.835877
vn 0.537778 -0.236703 0.809176
vn 0.417923 -0.444831 0.792128
vn 0.762247 0.143761 0.631119
vn 0.896425 0.418682 0.145355
vn 0.828806 0.559427 -0.011054
vn 0.85021 0.486569 -0.200983
vn 0.852998 0.208173 -0.4786
vn 0.375524 -0.577666 -0.724765
vn 0.27717 -0.911017 -0.305327
vn -0.058244 -0.122509 0.990757
vn -0.197265 -0.523671 0.828767
vn -0.455145 -0.783057 0.42387
vn -0.146168 -0.306625 0.94054
vn 0.341716 0.791723 0.506364
vn 0.399739 0.914883 -0.056549
vn 0.299201 0.77718 -0.553598
vn 0.217008 0.377 -0.900432
vn -0.110284 -0.207595 -0.971978
vn -0.235287 -0.576559 -0.782444
vn -0.291807 -0.764664 -0.574575
vn 0.046968 -0.734017 0.677505
vn 0.018333 -0.284003 0.958648
vn -0.05034 -0.514949 0.855741
vn -0.109918 -0.12906 0.985526
vn -0.159386 0.565362 0.809297
vn -0.207057 0.968607 -0.137582
vn -0.156345 0.964106 -0.214606
vn -0.313366 0.562337 -0.765231
vn -0.254336 0.103424 -0.96157
vn -0.208631 -0.413363 -0.886343
vn 0.010071 -0.724173 -0.689545
vn -0.467848 -0.187208 0.863754
vn -0.520265 -0.841837 -0.143648
vn -0.50296 -0.357672 0.786831
vn -0.413431 -0.270199 0.869521
vn -0.827232 0.560114 0.04427
vn -0.681595 0.669619 -0.295023
vn -0.627347 0.133914 -0.767139
vn -0.511419 -0.412336 -0.753943
vn -0.982915 0.049306 -0.177336
vn 0.021422 0.999689 -0.012761
vn -0.170877 0.440253 0.881464
vn 0.683298 0.671797 0.285995
vn -0.252358 0.20346 0.946002
vn -0.369901 0.364286 0.854675
vn -0.869444 0.331706 0.366112
vn -0.816315 0.309358 -0.487778
vn 0.146978 0.364055 -0.919707
vn 0.220982 0.419442 -0.880475
vn 0.02128 0.251792 -0.967547
vn 0.566976 0.30003 -0.76715
vn 0.884799 0.464479 -0.037274
vn 0.698771 0.70301 0.13227
vn 0.418651 -0.140115 0.897273
vn -0.521307 -0.167299 0.836809
vn 0.998453 -0.046316 0.030757
vn -0.091651 -0.078347 0.992704
vn -0.004862 -0.124653 0.992189
vn -0.679008 -0.24537 0.691911
vn -0.891638 -0.193635 0.409252
vn -0.934708 -0.230615 -0.27044
vn -0.118237 -0.234708 -0.964848
vn 0.213544 -0.167669 -0.962438
vn 0.134881 -0.29735 -0.945193
vn 0.299971 -0.430956 -0.851055
vn 0.818662 -0.349328 -0.455809
vn -0.280055 -0.219683 0.93451
vn 0.746868 -0.427447 0.509389
vn -0.222835 0.014597 0.974747
vn 0.874491 -0.361833 -0.32302
vn -0.091675 -0.092979 0.991439
vn -0.727411 -0.208917 0.653626
vn -0.887973 -0.156427 0.432476
vn -0.613611 -0.243928 -0.750987
vn 0.153572 -0.080212 -0.984877
vn 0.352794 -0.179867 -0.918251
vn 0.422493 -0.398962 -0.813836
vn 0.319843 -0.731376 0.602321
vn -0.148806 -0.348951 0.925251
vn 0.488132 -0.324781 -0.810089
vn 0.550841 -0.625515 -0.552544
vn -0.413079 -0.457901 0.787206
vn -0.748545 -0.611376 0.256709
vn -0.081203 -0.567294 -0.819502
vn 0.473647 -0.350873 -0.807804
vn 0.050486 -0.997033 0.058102
vn -0.919503 0.388582 0.059322
vn -0.144771 0.564865 0.812385
vn -0.800049 0.599748 -0.014984
vn -0.502215 0.302967 0.809933
vn -0.935378 0.319088 -0.152481
vn -0.836206 0.425326 -0.346205
vn -0.574357 0.700487 0.423593
vn 0.06546 0.457209 0.886947
vn -0.762553 0.453363 -0.461491
vn -0.771091 0.600335 -0.212171
vn -0.686154 -0.723998 0.070857
vn 0.276791 0.270382 0.922107
vn 0.043218 -0.537871 0.841918
vn -0.288976 -0.916661 0.27609
vn -0.941394 0.069128 -0.330149
vn -0.601565 0.304122 -0.738667
vn -0.083496 0.841731 0.533401
vn -0.163029 0.986268 -0.026396
vn -0.208056 0.322686 0.923356
vn -0.044715 0.188916 0.980975
vn -0.102738 0.225281 -0.968862
vn -0.183663 0.470903 -0.862855
vn -0.282058 0.883875 -0.373105
vn -0.14851 -0.984417 -0.094175
vn -0.060347 -0.99732 0.041365
vn -0.318802 -0.946228 0.054935
vn 0.040143 -0.299896 0.953127
vn -0.069962 -0.966282 0.247799
vn -0.49655 -0.572823 -0.652159
vn 0.071537 0.105403 -0.991853
vn 0.383935 0.842407 0.378081
vn 0.433616 0.471202 0.768079
vn 0.252744 0.967531 0.001875
vn 0.317507 0.265045 0.910462
vn 0.173827 0.058957 0.98301
vn 0.269524 0.109912 -0.956701
vn 0.326848 0.198119 -0.924077
vn 0.259947 0.737585 -0.623214
vn -0.138496 -0.987122 0.080051
vn -0.170259 -0.985292 -0.014543
vn -0.02158 -0.670466 0.741627
vn -0.006865 -0.999102 0.041808
vn -0.064391 -0.264135 -0.962334
vn 0.335197 0.0789 -0.938839
vn 0.612538 0.37685 0.694824
vn -0.069691 0.319087 0.94516
vn 0.63013 0.759734 -0.160437
vn -0.48721 0.226215 0.843477
vn 0.584938 0.373812 0.7198
vn 0.51382 0.171762 0.840528
vn 0.794132 0.034438 -0.606769
vn 0.808556 0.093233 -0.580986
vn 0.774327 0.349994 -0.527183
vn 0.035588 -0.993476 0.108347
vn 0.023413 -0.973704 0.226612
vn 0.164536 -0.858266 -0.486115
vn 0.6255 -0.622246 0.470701
vn 0.59829 -0.785865 0.156417
vn 0.804155 -0.553893 -0.215724
vn 0.969298 0.04063 0.24251
vn 0.582369 -0.78875 0.196772
vn 0.419096 -0.104976 -0.901853
vn 0.584081 0.587982 -0.559578
vn 0.981562 -0.073829 -0.176312
vn -0.308881 0.429646 -0.848526
vn -0.687006 0.210292 -0.695558
vn -0.492236 -0.038773 -0.869598
vn 0.148434 -0.519244 -0.841637
vn 0.487796 -0.559518 -0.670071
vn 0.776146 -0.492676 -0.393533
vn 0.946196 0.32357 0.003939
vn 0.372866 0.878443 -0.298844
vn -0.038468 0.890371 -0.453607
vn 0.978292 -0.073998 0.193567
vn 0.873601 -0.467954 0.133568
vn -0.342207 0.793873 -0.502653
vn -0.851988 0.265648 -0.451162
vn -0.964165 -0.12683 -0.233025
vn -0.951826 0.235985 -0.195802
vn -0.555301 -0.585347 -0.59077
vn 0.096055 -0.896072 -0.433392
vn 0.66046 -0.746556 -0.0802841
vn 0.971621 -0.004665 0.236496
vn 0.740167 0.662555 0.114775
vn -0.160033 0.986003 -0.046774
vn -0.129906 0.987841 -0.085407
vn 0.933737 -0.268095 0.237193
vn 0.653361 -0.665506 0.360862
vn 0.754707 -0.51916 0.40111
vn -0.61885 0.745611 -0.247161
vn -0.924842 0.213716 -0.314631
vn -0.89169 -0.010304 -0.452529
vn -0.852255 0.235758 -0.466991
vn -0.942002 -0.161559 -0.294163
vn -0.372572 -0.921378 0.11069
vn 0.077373 -0.970239 0.229457
vn 0.810929 -0.269005 0.519644
vn 0.784794 0.256711 0.564091
vn 0.056944 0.93527 0.349323
vn -0.362758 0.925901 0.105422
vn -0.534459 0.843318 0.056297
vn 0.014718 -0.852611 0.522339
vn 0.581266 -0.586425 0.564123
vn -0.805129 0.317842 -0.500743
vn -0.786658 -0.007853 -0.617339
vn -0.923494 -0.366277 -0.114018
vn -0.575707 -0.747133 0.332195
vn 0.64081 0.142191 0.754417
vn 0.609296 -0.474253 0.635486
vn 0.046106 0.830166 0.555606
vn -0.379269 0.912155 0.155332
vn -0.435081 0.89799 0.065717
vn -0.665347 -0.719483 0.199142
vn -0.031371 -0.814775 0.578928
vn 0.293077 -0.726272 0.6218
vn -0.836778 0.460014 -0.296969
vn -0.827925 -0.469569 -0.306668
vn 0.44846 -0.079334 0.890275
vn 0.10437 0.559754 0.82206
vn 0.194158 -0.752063 0.629845
vn -0.320844 0.831457 0.453585
vn -0.919257 0.199082 0.339607
vn -0.412233 -0.846118 0.337858
vn -0.156941 -0.081683 0.984224
vn -0.92655 0.376171 -0.000259
vn -0.796345 0.386896 -0.464915
vn -0.986146 -0.069031 -0.150835
vn -0.84995 -0.19461 0.489605
vn -0.876884 0.431899 0.21104
vn -0.857251 0.489605 -0.159396
vn -0.79887 0.207025 0.564755
vn -0.548837 0.442906 -0.708952
vn -0.728508 0.372429 -0.574955
vn -0.590381 0.272545 -0.759717
vn -0.83498 -0.331132 -0.439499
vn -0.636324 -0.758278 0.141799
vn -0.58881 -0.660359 0.466077
vn -0.568174 -0.299759 0.76637
vn -0.667372 0.561917 0.488738
vn -0.654462 0.755313 0.034367
vn -0.69563 0.638208 -0.329834
vn -0.463076 0.205845 0.862084
vn -0.436595 0.176548 -0.882165
vn -0.291971 -0.017357 -0.95627
vn -0.497417 0.575357 -0.649262
vn -0.318729 0.350513 -0.880655
vn -0.261279 0.33822 -0.904069
vn -0.342839 -0.865663 -0.364814
vn -0.436175 -0.890804 0.127356
vn -0.357703 -0.890705 0.280523
vn -0.484586 -0.776338 0.403083
vn -0.543158 -0.44358 0.712893
vn -0.264353 -0.351448 0.89811
vn -0.32125 -0.166763 0.932196
vn -0.416411 0.803962 0.424555
vn -0.267032 0.390023 0.881236
vn -0.385701 0.891091 -0.239149
vn -0.113788 0.009332 0.993461
vn -0.116397 0.298299 -0.947349
vn -0.104324 0.044868 -0.993531
vn -0.071837 -0.577569 -0.813175
vn -0.264699 0.57432 -0.774656
vn -0.028976 0.333962 -0.942141
vn 0.012109 -0.999878 0.009886
vn 0.026006 -0.974218 0.224105
vn 0.016297 -0.920222 0.391057
vn -0.077601 -0.914226 0.397704
vn -0.170534 -0.897122 0.407541
vn -0.485731 -0.540502 0.686966
vn -0.38785 -0.210998 0.897247
vn -0.164549 -0.096982 0.98159
vn -0.184949 0.832569 0.522133
vn -0.076727 0.996653 -0.028205
vn -0.237212 0.454388 0.85864
vn -0.156786 0.160362 0.974527
vn -0.012555 0.983511 -0.180412
vn 0.091365 0.334002 -0.938134
vn 0.015822 0.116149 -0.993106
vn 0.431548 -0.328704 -0.840071
vn 0.369147 -0.924847 -0.091592
vn -0.092188 0.805796 -0.584974
vn -0.223844 0.095894 -0.969896
vn 0.066888 0.192781 -0.978959
vn 0.416475 -0.854508 0.310426
vn 0.258574 -0.902515 0.344394
vn 0.140569 -0.971699 0.189844
vn -0.068667 -0.730137 0.679842
vn -0.405971 -0.068213 0.911337
vn -0.396043 0.088495 0.913958
vn -0.219758 0.048662 0.97434
vn 0.19942 0.91492 0.350932
vn -0.018864 0.571991 0.820043
vn 0.284772 0.956202 -0.06769
vn 0.295963 0.946943 -0.125322
vn -0.268566 0.309092 0.912324
vn 0.292408 0.956166 -0.015613
vn 0.266706 0.233716 -0.93501
vn 0.689629 -0.416707 -0.592256
vn 0.714145 -0.699916 0.010663
vn -0.219507 0.4044 -0.88785
vn -0.238557 -0.319535 -0.917054
vn -0.007096 -0.283842 -0.958845
vn 0.270033 0.118105 -0.95558
vn 0.41854 -0.903228 0.09489
vn 0.334804 -0.919119 0.207669
vn 0.428757 -0.777122 0.460705
vn 0.206297 -0.315223 0.926324
vn -0.162495 0.105982 0.981001
vn 0.168265 -0.332472 0.927981
vn -0.264778 -0.258232 0.92909
vn 0.359401 0.929981 0.077242
vn 0.195072 0.818916 0.539744
vn -0.058959 0.752721 0.655694
vn 0.376816 0.918992 -0.116029
vn 0.174404 0.971656 0.159586
vn -0.265286 0.367917 0.891213
vn -0.069917 0.985359 -0.155498
vn 0.494302 -0.391072 -0.776356
vn 0.494657 -0.864099 -0.092994
vn 0.437355 -0.894882 -0.088915
vn -0.089289 0.198668 -0.975991
vn -0.17937 -0.410779 -0.893917
vn -0.235107 -0.241834 -0.941404
vn -0.168921 -0.599191 -0.782583
vn 0.182278 -0.749917 -0.635924
vn 0.3451 -0.758699 -0.552523
vn 0.336193 -0.936025 -0.104076
vn 0.363796 -0.911001 0.194243
vn 0.363169 -0.704638 0.609585
vn 0.258269 -0.668192 0.697722
vn 0.082503 -0.611868 0.786645
vn -0.11608 0.929412 0.350313
vn -0.028865 0.97728 -0.209977
vn 0.039039 0.991355 -0.125266
vn -0.051 0.9984 0.024438
vn -0.203893 0.791353 0.576358
vn -0.150194 0.898608 0.412244
vn 0.060323 0.994482 0.085834
vn 0.118636 0.17057 0.978178
vn 0.052031 0.922857 -0.381612
vn 0.30549 -0.949461 0.072105
vn 0.248336 -0.948808 -0.195175
vn 0.256999 -0.944234 -0.205849
vn 0.394822 0.738018 -0.547215
vn 0.516909 0.108559 -0.849129
vn 0.345979 -0.460564 -0.817423
vn 0.258167 -0.886491 -0.384035
vn 0.323843 -0.895571 -0.305089
vn 0.556644 -0.644903 -0.523686
vn 0.311243 -0.900905 -0.302485
vn 0.297271 -0.949686 0.098624
vn 0.283821 -0.756748 0.588879
vn -0.06854 -0.639472 0.765753
vn 0.221628 -0.707431 0.671136
vn 0.243248 -0.58923 0.770479
vn 0.059604 0.81444 0.577179
vn -0.026055 0.993723 0.108794
vn -0.303331 0.950805 -0.062926
vn 0.041705 0.658166 0.751717
vn -0.187221 0.980654 -0.057154
vn 0.153372 0.98755 -0.034949
vn 0.426604 -0.353788 0.832372
vn 0.037471 0.358708 0.932697
vn 0.629491 0.766805 0.125505
vn 0.20478 -0.968326 -0.142866
vn 0.206238 -0.976286 -0.065819
vn 0.833664 0.45762 -0.309173
vn 0.823971 0.327247 -0.462581
vn 0.676169 -0.734477 -0.057785
vn 0.635319 -0.656345 -0.406917
vn 0.829745 -0.553027 -0.075393
vn 0.066892 -0.926122 0.371245
vn 0.290476 -0.778958 0.555741
vn -0.057142 -0.076641 0.99542
vn 0.058882 -0.194126 0.979208
vn -0.050484 0.900427 0.432067
vn -0.096631 0.987844 0.121768
vn 0.0655 0.985393 -0.157198
vn 0.293665 0.890826 -0.346685
vn 0.832816 -0.172685 0.525925
vn 0.625241 -0.054975 0.778493
vn 0.137076 0.478322 0.867421
vn 0.682013 -0.723326 0.107973
vn 0.863763 0.335662 -0.375826
vn 0.983743 -0.065256 -0.167304
vn 0.860182 -0.054485 0.507068
vn 0.899958 -0.056293 0.432327
vn 0.984765 -0.062872 0.162129
vn 0.989422 -0.127051 0.070014
vn 0.53345 0.673291 0.511967
vn -0.345512 0.936525 -0.059519
vn 0.906827 0.416791 0.062853
# 1000 normals
usemtl Material__1
f  1//1 2//2 3//3
f  1//1 4//4 5//5
f  1//1 5//5 2//2
f  6//6 1//1 3//3
f  6//6 4//4 1//1
f  2//2 7//7 3//3
f  2//2 5//5 8//8
f  2//2 8//8 7//7
f  9//9 6//6 3//3
f  10//10 9//9 3//3
f  11//11 10//10 3//3
f  12//12 11//11 3//3
f  13//13 12//12 3//3
f  14//14 13//13 3//3
f  7//7 14//14 3//3
f  6//6 15//15 4//4
f  4//4 16//16 17//17
f  4//4 17//17 5//5
f  15//15 16//16 4//4
f  5//5 17//17 18//18
f  5//5 18//18 8//8
f  9//9 15//15 6//6
f  7//7 8//8 19//19
f  7//7 19//19 14//14
f  8//8 18//18 20//20
f  8//8 20//20 19//19
f  9//9 21//21 15//15
f  10//10 21//21 9//9
f  10//10 22//22 21//21
f  11//11 22//22 10//10
f  11//11 23//23 22//22
f  12//12 23//23 11//11
f  12//12 24//24 23//23
f  13//13 24//24 12//12
f  13//13 25//25 24//24
f  14//14 25//25 13//13
f  14//14 19//19 25//25
f  15//15 26//26 16//16
f  21//21 26//26 15//15
f  16//16 27//27 28//28
f  16//16 28//28 17//17
f  26//26 27//27 16//16
f  17//17 28//28 29//29
f  17//17 29//29 18//18
f  18//18 29//29 30//30
f  18//18 30//30 20//20
f  19//19 20//20 31//31
f  19//19 31//31 25//25
f  20//20 30//30 32//32
f  20//20 32//32 31//31
f  21//21 33//33 26//26
f  22//22 33//33 21//21
f  22//22 34//34 33//33
f  23//23 34//34 22//22
f  23//23 35//35 34//34
f  24//24 35//35 23//23
f  24//24 36//36 35//35
f  25//25 36//36 24//24
f  25//25 31//31 36//36
f  26//26 37//37 27//27
f  37//37 26//26 33//33
f  27//27 38//38 39//39
f  27//27 39//39 28//28
f  37//37 38//38 27//27
f  28//28 39//39 40//40
f  28//28 40//40 29//29
f  29//29 40//40 41//41
f  29//29 41//41 30//30
f  30//30 41//41 42//42
f  30//30 42//42 32//32
f  31//31 32//32 43//43
f  31//31 43//43 36//36
f  32//32 42//42 44//44
f  32//32 44//44 43//43
f  45//45 37//37 33//33
f  34//34 45//45 33//33
f  34//34 46//46 45//45
f  35//35 46//46 34//34
f  35//35 47//47 46//46
f  36//36 47//47 35//35
f  36//36 43//43 47//47
f  37//37 48//48 38//38
f  45//45 48//48 37//37
f  38//38 49//49 50//50
f  38//38 50//50 39//39
f  48//48 49//49 38//38
f  39//39 50//50 51//51
f  39//39 51//51 40//40
f  40//40 51//51 52//52
f  40//40 52//52 41//41
f  41//41 52//52 53//53
f  41//41 53//53 42//42
f  42//42 53//53 54//54
f  42//42 54//54 44//44
f  43//43 44//44 55//55
f  43//43 55//55 47//47
f  44//44 54//54 56//56
f  44//44 56//56 55//55
f  45//45 57//57 48//48
f  46//46 57//57 45//45
f  46//46 58//58 57//57
f  47//47 58//58 46//46
f  47//47 55//55 58//58
f  48//48 59//59 49//49
f  57//57 59//59 48//48
f  49//49 60//60 61//61
f  49//49 61//61 50//50
f  59//59 60//60 49//49
f  50//50 61//61 62//62
f  50//50 62//62 51//51
f  51//51 62//62 63//63
f  51//51 63//63 52//52
f  52//52 63//63 64//64
f  52//52 64//64 53//53
f  53//53 64//64 65//65
f  53//53 65//65 54//54
f  54//54 65//65 66//66
f  54//54 66//66 56//56
f  55//55 56//56 67//67
f  55//55 67//67 58//58
f  56//56 66//66 68//68
f  56//56 68//68 67//67
f  57//57 69//69 59//59
f  58//58 69//69 57//57
f  58//58 67//67 69//69
f  59//59 70//70 60//60
f  69//69 70//70 59//59
f  60//60 71//71 72//72
f  60//60 72//72 61//61
f  70//70 71//71 60//60
f  61//61 72//72 73//73
f  61//61 73//73 62//62
f  62//62 73//73 74//74
f  62//62 74//74 63//63
f  63//63 74//74 75//75
f  63//63 75//75 64//64
f  64//64 75//75 76//76
f  64//64 76//76 65//65
f  65//65 76//76 77//77
f  65//65 77//77 66//66
f  66//66 77//77 78//78
f  66//66 78//78 68//68
f  67//67 68//68 79//79
f  67//67 79//79 69//69
f  68//68 78//78 80//80
f  68//68 80//80 79//79
f  69//69 79//79 70//70
f  70//70 81//81 71//71
f  79//79 81//81 70//70
f  71//71 82//82 83//83
f  71//71 83//83 72//72
f  81//81 82//82 71//71
f  72//72 83//83 84//84
f  72//72 84//84 73//73
f  73//73 84//84 85//85
f  73//73 85//85 74//74
f  74//74 85//85 86//86
f  74//74 86//86 75//75
f  75//75 86//86 87//87
f  75//75 87//87 76//76
f  76//76 87//87 88//88
f  76//76 88//88 77//77
f  77//77 88//88 89//89
f  77//77 89//89 78//78
f  78//78 89//89 90//90
f  78//78 90//90 80//80
f  79//79 80//80 81//81
f  80//80 90//90 91//91
f  80//80 91//91 81//81
f  81//81 91//91 82//82
f  82//82 92//92 93//93
f  82//82 93//93 83//83
f  91//91 92//92 82//82
f  83//83 93//93 94//94
f  83//83 94//94 84//84
f  84//84 94//94 95//95
f  84//84 95//95 85//85
f  85//85 95//95 96//96
f  85//85 96//96 86//86
f  86//86 96//96 97//97
f  86//86 97//97 87//87
f  87//87 97//97 98//98
f  87//87 98//98 88//88
f  88//88 98//98 99//99
f  88//88 99//99 89//89
f  89//89 99//99 100//100
f  89//89 100//100 90//90
f  90//90 100//100 101//101
f  90//90 101//101 91//91
f  91//91 101//101 92//92
f  92//92 102//102 103//103
f  92//92 103//103 93//93
f  101//101 102//102 92//92
f  93//93 103//103 104//104
f  93//93 104//104 94//94
f  94//94 104//104 105//105
f  94//94 105//105 95//95
f  95//95 105//105 106//106
f  95//95 106//106 96//96
f  96//96 106//106 107//107
f  96//96 107//107 97//97
f  97//97 107//107 108//108
f  97//97 108//108 98//98
f  98//98 108//108 109//109
f  98//98 109//109 99//99
f  99//99 109//109 110//110
f  99//99 110//110 100//100
f  100//100 110//110 111//111
f  100//100 111//111 101//101
f  101//101 111//111 102//102
f  102//102 112//112 103//103
f  111//111 112//112 102//102
f  103//103 112//112 104//104
f  104//104 112//112 105//105
f  105//105 112//112 106//106
f  106//106 112//112 107//107
f  107//107 112//112 108//108
f  108//108 112//112 109//109
f  109//109 112//112 110//110
f  110//110 112//112 111//111
f  113//113 114//114 115//115
f  113//113 116//116 117//117
f  113//113 117//117 114//114
f  118//118 113//113 115//115
f  118//118 116//116 113//113
f  114//114 119//119 115//115
f  114//114 117//117 120//120
f  114//114 120//120 119//119
f  121//121 118//118 115//115
f  122//122 121//121 115//115
f  123//123 122//122 115//115
f  124//124 123//123 115//115
f  125//125 124//124 115//115
f  126//126 125//125 115//115
f  119//119 126//126 115//115
f  118//118 127//127 116//116
f  116//116 128//128 129//129
f  116//116 129//129 117//117
f  127//127 128//128 116//116
f  117//117 129//129 130//130
f  117//117 130//130 120//120
f  121//121 127//127 118//118
f  119//119 120//120 131//131
f  119//119 131//131 126//126
f  120//120 130//130 132//132
f  120//120 132//132 131//131
f  121//121 133//133 127//127
f  122//122 133//133 121//121
f  122//122 134//134 133//133
f  123//123 134//134 122//122
f  123//123 135//135 134//134
f  124//124 135//135 123//123
f  124//124 136//136 135//135
f  125//125 136//136 124//124
f  125//125 137//137 136//136
f  126//126 137//137 125//125
f  126//126 131//131 137//137
f  127//127 138//138 128//128
f  133//133 138//138 127//127
f  128//128 139//139 140//140
f  128//128 140//140 129//129
f  138//138 139//139 128//128
f  129//129 140//140 141//141
f  129//129 141//141 130//130
f  130//130 141//141 142//142
f  130//130 142//142 132//132
f  131//131 132//132 143//143
f  131//131 143//143 137//137
f  132//132 142//142 144//144
f  132//132 144//144 143//143
f  133//133 145//145 138//138
f  134//134 145//145 133//133
f  134//134 146//146 145//145
f  135//135 146//146 134//134
f  135//135 147//147 146//146
f  136//136 147//147 135//135
f  136//136 148//148 147//147
f  137//137 148//148 136//136
f  137//137 143//143 148//148
f  138//138 149//149 139//139
f  145//145 149//149 138//138
f  139//139 150//150 151//151
f  139//139 151//151 140//140
f  149//149 150//150 139//139
f  140//140 151//151 152//152
f  140//140 152//152 141//141
f  141//141 152//152 153//153
f  141//141 153//153 142//142
f  142//142 153//153 154//154
f  142//142 154//154 144//144
f  143//143 144//144 155//155
f  143//143 155//155 148//148
f  144//144 154//154 156//156
f  144//144 156//156 155//155
f  145//145 157//157 149//149
f  146//146 157//157 145//145
f  146//146 158//158 157//157
f  147//147 158//158 146//146
f  147//147 159//159 158//158
f  148//148 159//159 147//147
f  148//148 155//155 159//159
f  149//149 160//160 150//150
f  157//157 160//160 149//149
f  150//150 161//161 162//162
f  150//150 162//162 151//151
f  160//160 161//161 150//150
f  151//151 162//162 163//163
f  151//151 163//163 152//152
f  152//152 163//163 164//164
f  152//152 164//164 153//153
f  153//153 164//164 165//165
f  153//153 165//165 154//154
f  154//154 165//165 166//166
f  154//154 166//166 156//156
f  155//155 156//156 167//167
f  155//155 167//167 159//159
f  156//156 166//166 168//168
f  156//156 168//168 167//167
f  157//157 169//169 160//160
f  158//158 169//169 157//157
f  158//158 170//170 169//169
f  159//159 170//170 158//158
f  159//159 167//167 170//170
f  160//160 171//171 161//161
f  169//169 171//171 160//160
f  161//161 172//172 173//173
f  161//161 173//173 162//162
f  171//171 172//172 161//161
f  162//162 173//173 174//174
f  162//162 174//174 163//163
f  163//163 174//174 175//175
f  163//163 175//175 164//164
f  164//164 175//175 176//176
f  164//164 176//176 165//165
f  165//165 176//176 177//177
f  165//165 177//177 166//166
f  166//166 177//177 178//178
f  166//166 178//178 168//168
f  167//167 168//168 179//179
f  167//167 179//179 170//170
f  168//168 178//178 180//180
f  168//168 180//180 179//179
f  169//169 181//181 171//171
f  170//170 181//181 169//169
f  170//170 179//179 181//181
f  171//171 182//182 172//172
f  181//181 182//182 171//171
f  172//172 183//183 184//184
f  172//172 184//184 173//173
f  182//182 183//183 172//172
f  173//173 184//184 185//185
f  173//173 185//185 174//174
f  174//174 185//185 186//186
f  174//174 186//186 175//175
f  175//175 186//186 187//187
f  175//175 187//187 176//176
f  176//176 187//187 188//188
f  176//176 188//188 177//177
f  177//177 188//188 189//189
f  177//177 189//189 178//178
f  178//178 189//189 190//190
f  178//178 190//190 180//180
f  179//179 180//180 191//191
f  179//179 191//191 181//181
f  180//180 190//190 192//192
f  180//180 192//192 191//191
f  181//181 191//191 182//182
f  182//182 193//193 183//183
f  191//191 193//193 182//182
f  183//183 194//194 195//195
f  183//183 195//195 184//184
f  193//193 194//194 183//183
f  184//184 195//195 196//196
f  184//184 196//196 185//185
f  185//185 196//196 197//197
f  185//185 197//197 186//186
f  186//186 197//197 198//198
f  186//186 198//198 187//187
f  187//187 198//198 199//199
f  187//187 199//199 188//188
f  188//188 199//199 200//200
f  188//188 200//200 189//189
f  189//189 200//200 201//201
f  189//189 201//201 190//190
f  190//190 201//201 202//202
f  190//190 202//202 192//192
f  191//191 192//192 193//193
f  192//192 202//202 203//203
f  192//192 203//203 193//193
f  193//193 203//203 194//194
f  194//194 204//204 205//205
f  194//194 205//205 195//195
f  203//203 204//204 194//194
f  195//195 205//205 206//206
f  195//195 206//206 196//196
f  196//196 206//206 207//207
f  196//196 207//207 197//197
f  197//197 207//207 208//208
f  197//197 208//208 198//198
f  198//198 208//208 209//209
f  198//198 209//209 199//199
f  199//199 209//209 210//210
f  199//199 210//210 200//200
f  200//200 210//210 211//211
f  200//200 211//211 201//201
f  201//201 211//211 212//212
f  201//201 212//212 202//202
f  202//202 212//212 213//213
f  202//202 213//213 203//203
f  203//203 213//213 204//204
f  204//204 214//214 215//215
f  204//204 215//215 205//205
f  213//213 214//214 204//204
f  205//205 215//215 216//216
f  205//205 216//216 206//206
f  206//206 216//216 217//217
f  206//206 217//217 207//207
f  207//207 217//217 218//218
f  207//207 218//218 208//208
f  208//208 218//218 219//219
f  208//208 219//219 209//209
f  209//209 219//219 220//220
f  209//209 220//220 210//210
f  210//210 220//220 221//221
f  210//210 221//221 211//211
f  211//211 221//221 222//222
f  211//211 222//222 212//212
f  212//212 222//222 223//223
f  212//212 223//223 213//213
f  213//213 223//223 214//214
f  214//214 224//224 215//215
f  223//223 224//224 214//214
f  215//215 224//224 216//216
f  216//216 224//224 217//217
f  217//217 224//224 218//218
f  218//218 224//224 219//219
f  219//219 224//224 220//220
f  220//220 224//224 221//221
f  221//221 224//224 222//222
f  222//222 224//224 223//223
f  225//225 226//226 227//227
f  225//225 228//228 229//229
f  225//225 229//229 226//226
f  230//230 225//225 227//227
f  230//230 228//228 225//225
f  226//226 231//231 227//227
f  226//226 229//229 232//232
f  226//226 232//232 231//231
f  233//233 230//230 227//227
f  234//234 233//233 227//227
f  235//235 234//234 227//227
f  236//236 235//235 227//227
f  237//237 236//236 227//227
f  238//238 237//237 227//227
f  231//231 238//238 227//227
f  230//230 239//239 228//228
f  228//228 240//240 241//241
f  228//228 241//241 229//229
f  239//239 240//240 228//228
f  229//229 241//241 242//242
f  229//229 242//242 232//232
f  233//233 239//239 230//230
f  231//231 232//232 243//243
f  231//231 243//243 238//238
f  232//232 242//242 244//244
f  232//232 244//244 243//243
f  233//233 245//245 239//239
f  234//234 245//245 233//233
f  234//234 246//246 245//245
f  235//235 246//246 234//234
f  235//235 247//247 246//246
f  236//236 247//247 235//235
f  236//236 248//248 247//247
f  237//237 248//248 236//236
f  237//237 249//249 248//248
f  238//238 249//249 237//237
f  238//238 243//243 249//249
f  239//239 250//250 240//240
f  245//245 250//250 239//239
f  240//240 251//251 252//252
f  240//240 252//252 241//241
f  250//250 251//251 240//240
f  241//241 252//252 253//253
f  241//241 253//253 242//242
f  242//242 253//253 254//254
f  242//242 254//254 244//244
f  243//243 244//244 255//255
f  243//243 255//255 249//249
f  244//244 254//254 256//256
f  244//244 256//256 255//255
f  245//245 257//257 250//250
f  246//246 257//257 245//245
f  246//246 258//258 257//257
f  247//247 258//258 246//246
f  247//247 259//259 258//258
f  248//248 259//259 247//247
f  248//248 260//260 259//259
f  249//249 260//260 248//248
f  249//249 255//255 260//260
f  250//250 261//261 251//251
f  257//257 261//261 250//250
f  251//251 262//262 263//263
f  251//251 263//263 252//252
f  261//261 262//262 251//251
f  252//252 263//263 264//264
f  252//252 264//264 253//253
f  253//253 264//264 265//265
f  253//253 265//265 254//254
f  254//254 265//265 266//266
f  254//254 266//266 256//256
f  255//255 256//256 267//267
f  255//255 267//267 260//260
f  256//256 266//266 268//268
f  256//256 268//268 267//267
f  257//257 269//269 261//261
f  258//258 269//269 257//257
f  258//258 270//270 269//269
f  259//259 270//270 258//258
f  259//259 271//271 270//270
f  260//260 271//271 259//259
f  260//260 267//267 271//271
f  261//261 272//272 262//262
f  269//269 272//272 261//261
f  262//262 273//273 274//274
f  262//262 274//274 263//263
f  272//272 273//273 262//262
f  263//263 274//274 275//275
f  263//263 275//275 264//264
f  264//264 275//275 276//276
f  264//264 276//276 265//265
f  265//265 276//276 277//277
f  265//265 277//277 266//266
f  266//266 277//277 278//278
f  266//266 278//278 268//268
f  267//267 268//268 279//279
f  267//267 279//279 271//271
f  268//268 278//278 280//280
f  268//268 280//280 279//279
f  269//269 281//281 272//272
f  270//270 281//281 269//269
f  270//270 282//282 281//281
f  271//271 282//282 270//270
f  271//271 279//279 282//282
f  272//272 283//283 273//273
f  281//281 283//283 272//272
f  273//273 284//284 285//285
f  273//273 285//285 274//274
f  283//283 284//284 273//273
f  274//274 285//285 286//286
f  274//274 286//286 275//275
f  275//275 286//286 287//287
f  275//275 287//287 276//276
f  276//276 287//287 288//288
f  276//276 288//288 277//277
f  277//277 288//288 289//289
f  277//277 289//289 278//278
f  278//278 289//289 290//290
f  278//278 290//290 280//280
f  279//279 280//280 291//291
f  279//279 291//291 282//282
f  280//280 290//290 292//292
f  280//280 292//292 291//291
f  281//281 293//293 283//283
f  282//282 293//293 281//281
f  282//282 291//291 293//293
f  283//283 294//294 284//284
f  293//293 294//294 283//283
f  284//284 295//295 296//296
f  284//284 296//296 285//285
f  294//294 295//295 284//284
f  285//285 296//296 297//297
f  285//285 297//297 286//286
f  286//286 297//297 298//298
f  286//286 298//298 287//287
f  287//287 298//298 299//299
f  287//287 299//299 288//288
f  288//288 299//299 300//300
f  288//288 300//300 289//289
f  289//289 300//300 301//301
f  289//289 301//301 290//290
f  290//290 301//301 302//302
f  290//290 302//302 292//292
f  291//291 292//292 303//303
f  291//291 303//303 293//293
f  292//292 302//302 304//304
f  292//292 304//304 303//303
f  293//293 303//303 294//294
f  294//294 305//305 295//295
f  303//303 305//305 294//294
f  295//295 306//306 307//307
f  295//295 307//307 296//296
f  305//305 306//306 295//295
f  296//296 307//307 308//308
f  296//296 308//308 297//297
f  297//297 308//308 309//309
f  297//297 309//309 298//298
f  298//298 309//309 310//310
f  298//298 310//310 299//299
f  299//299 310//310 311//311
f  299//299 311//311 300//300
f  300//300 311//311 312//312
f  300//300 312//312 301//301
f  301//301 312//312 313//313
f  301//301 313//313 302//302
f  302//302 313//313 314//314
f  302//302 314//314 304//304
f  303//303 304//304 305//305
f  304//304 314//314 315//315
f  304//304 315//315 305//305
f  305//305 315//315 306//306
f  306//306 316//316 317//317
f  306//306 317//317 307//307
f  315//315 316//316 306//306
f  307//307 317//317 318//318
f  307//307 318//318 308//308
f  308//308 318//318 319//319
f  308//308 319//319 309//309
f  309//309 319//319 320//320
f  309//309 320//320 310//310
f  310//310 320//320 321//321
f  310//310 321//321 311//311
f  311//311 321//321 322//322
f  311//311 322//322 312//312
f  312//312 322//322 323//323
f  312//312 323//323 313//313
f  313//313 323//323 324//324
f  313//313 324//324 314//314
f  314//314 324//324 325//325
f  314//314 325//325 315//315
f  315//315 325//325 316//316
f  316//316 326//326 327//327
f  316//316 327//327 317//317
f  325//325 326//326 316//316
f  317//317 327//327 328//328
f  317//317 328//328 318//318
f  318//318 328//328 329//329
f  318//318 329//329 319//319
f  319//319 329//329 330//330
f  319//319 330//330 320//320
f  320//320 330//330 331//331
f  320//320 331//331 321//321
f  321//321 331//331 332//332
f  321//321 332//332 322//322
f  322//322 332//332 333//333
f  322//322 333//333 323//323
f  323//323 333//333 334//334
f  323//323 334//334 324//324
f  324//324 334//334 335//335
f  324//324 335//335 325//325
f  325//325 335//335 326//326
f  326//326 336//336 327//327
f  335//335 336//336 326//326
f  327//327 336//336 328//328
f  328//328 336//336 329//329
f  329//329 336//336 330//330
f  330//330 336//336 331//331
f  331//331 336//336 332//332
f  332//332 336//336 333//333
f  333//333 336//336 334//334
f  334//334 336//336 335//335
f  337//337 338//338 339//339
f  337//337 340//340 341//341
f  337//337 341//341 338//338
f  342//342 337//337 339//339
f  342//342 340//340 337//337
f  338//338 343//343 339//339
f  338//338 341//341 344//344
f  338//338 344//344 343//343
f  345//345 342//342 339//339
f  346//346 345//345 339//339
f  347//347 346//346 339//339
f  348//348 347//347 339//339
f  349//349 348//348 339//339
f  350//350 349//349 339//339
f  343//343 350//350 339//339
f  342//342 351//351 340//340
f  340//340 352//352 353//353
f  340//340 353//353 341//341
f  351//351 352//352 340//340
f  341//341 353//353 354//354
f  341//341 354//354 344//344
f  345//345 351//351 342//342
f  343//343 344//344 355//355
f  343//343 355//355 350//350
f  344//344 354//354 356//356
f  344//344 356//356 355//355
f  345//345 357//357 351//351
f  346//346 357//357 345//345
f  346//346 358//358 357//357
f  347//347 358//358 346//346
f  347//347 359//359 358//358
f  348//348 359//359 347//347
f  348//348 360//360 359//359
f  349//349 360//360 348//348
f  349//349 361//361 360//360
f  350//350 361//361 349//349
f  350//350 355//355 361//361
f  351//351 362//362 352//352
f  357//357 362//362 351//351
f  352//352 363//363 364//364
f  352//352 364//364 353//353
f  362//362 363//363 352//352
f  353//353 364//364 365//365
f  353//353 365//365 354//354
f  354//354 365//365 366//366
f  354//354 366//366 356//356
f  355//355 356//356 367//367
f  355//355 367//367 361//361
f  356//356 366//366 368//368
f  356//356 368//368 367//367
f  357//357 369//369 362//362
f  358//358 369//369 357//357
f  358//358 370//370 369//369
f  359//359 370//370 358//358
f  359//359 371//371 370//370
f  360//360 371//371 359//359
f  360//360 372//372 371//371
f  361//361 372//372 360//360
f  361//361 367//367 372//372
f  362//362 373//373 363//363
f  369//369 373//373 362//362
f  363//363 374//374 375//375
f  363//363 375//375 364//364
f  373//373 374//374 363//363
f  364//364 375//375 376//376
f  364//364 376//376 365//365
f  365//365 376//376 377//377
f  365//365 377//377 366//366
f  366//366 377//377 378//378
f  366//366 378//378 368//368
f  367//367 368//368 379//379
f  367//367 379//379 372//372
f  368//368 378//378 380//380
f  368//368 380//380 379//379
f  369//369 381//381 373//373
f  370//370 381//381 369//369
f  370//370 382//382 381//381
f  371//371 382//382 370//370
f  371//371 383//383 382//382
f  372//372 383//383 371//371
f  372//372 379//379 383//383
f  373//373 384//384 374//374
f  381//381 384//384 373//373
f  374//374 385//385 386//386
f  374//374 386//386 375//375
f  384//384 385//385 374//374
f  375//375 386//386 387//387
f  375//375 387//387 376//376
f  376//376 387//387 388//388
f  376//376 388//388 377//377
f  377//377 388//388 389//389
f  377//377 389//389 378//378
f  378//378 389//389 390//390
f  378//378 390//390 380//380
f  379//379 380//380 391//391
f  379//379 391//391 383//383
f  380//380 390//390 392//392
f  380//380 392//392 391//391
f  381//381 393//393 384//384
f  382//382 393//393 381//381
f  382//382 394//394 393//393
f  383//383 394//394 382//382
f  383//383 391//391 394//394
f  384//384 395//395 385//385
f  393//393 395//395 384//384
f  385//385 396//396 397//397
f  385//385 397//397 386//386
f  395//395 396//396 385//385
f  386//386 397//397 398//398
f  386//386 398//398 387//387
f  387//387 398//398 399//399
f  387//387 399//399 388//388
f  388//388 399//399 400//400
f  388//388 400//400 389//389
f  389//389 400//400 401//401
f  389//389 401//401 390//390
f  390//390 401//401 402//402
f  390//390 402//402 392//392
f  391//391 392//392 403//403
f  391//391 403//403 394//394
f  392//392 402//402 404//404
f  392//392 404//404 403//403
f  393//393 405//405 395//395
f  394//394 405//405 393//393
f  394//394 403//403 405//405
f  395//395 406//406 396//396
f  405//405 406//406 395//395
f  396//396 407//407 408//408
f  396//396 408//408 397//397
f  406//406 407//407 396//396
f  397//397 408//408 409//409
f  397//397 409//409 398//398
f  398//398 409//409 410//410
f  398//398 410//410 399//399
f  399//399 410//410 411//411
f  399//399 411//411 400//400
f  400//400 411//411 412//412
f  400//400 412//412 401//401
f  401//401 412//412 413//413
f  401//401 413//413 402//402
f  402//402 413//413 414//414
f  402//402 414//414 404//404
f  403//403 404//404 415//415
f  403//403 415//415 405//405
f  404//404 414//414 416//416
f  404//404 416//416 415//415
f  405//405 415//415 406//406
f  406//406 417//417 407//407
f  415//415 417//417 406//406
f  407//407 418//418 419//419
f  407//407 419//419 408//408
f  417//417 418//418 407//407
f  408//408 419//419 420//420
f  408//408 420//420 409//409
f  409//409 420//420 421//421
f  409//409 421//421 410//410
f  410//410 421//421 422//422
f  410//410 422//422 411//411
f  411//411 422//422 423//423
f  411//411 423//423 412//412
f  412//412 423//423 424//424
f  412//412 424//424 413//413
f  413//413 424//424 425//425
f  413//413 425//425 414//414
f  414//414 425//425 426//426
f  414//414 426//426 416//416
f  415//415 416//416 417//417
f  416//416 426//426 427//427
f  416//416 427//427 417//417
f  417//417 427//427 418//418
f  418//418 428//428 429//429
f  418//418 429//429 419//419
f  427//427 428//428 418//418
f  419//419 429//429 430//430
f  419//419 430//430 420//420
f  420//420 430//430 431//431
f  420//420 431//431 421//421
f  421//421 431//431 432//432
f  421//421 432//432 422//422
f  422//422 432//432 433//433
f  422//422 433//433 423//423
f  423//423 433//433 434//434
f  423//423 434//434 424//424
f  424//424 434//434 435//435
f  424//424 435//435 425//425
f  425//425 435//435 436//436
f  425//425 436//436 426//426
f  426//426 436//436 437//437
f  426//426 437//437 427//427
f  427//427 437//437 428//428
f  428//428 438//438 439//439
f  428//428 439//439 429//429
f  437//437 438//438 428//428
f  429//429 439//439 440//440
f  429//429 440//440 430//430
f  430//430 440//440 441//441
f  430//430 441//441 431//431
f  431//431 441//441 442//442
f  431//431 442//442 432//432
f  432//432 442//442 443//443
f  432//432 443//443 433//433
f  433//433 443//443 444//444
f  433//433 444//444 434//434
f  434//434 444//444 445//445
f  434//434 445//445 435//435
f  435//435 445//445 446//446
f  435//435 446//446 436//436
f  436//436 446//446 447//447
f  436//436 447//447 437//437
f  437//437 447//447 438//438
f  438//438 448//448 439//439
f  447//447 448//448 438//438
f  439//439 448//448 440//440
f  440//440 448//448 441//441
f  441//441 448//448 442//442
f  442//442 448//448 443//443
f  443//443 448//448 444//444
f  444//444 448//448 445//445
f  445//445 448//448 446//446
f  446//446 448//448 447//447
f  449//449 450//450 451//451
f  449//449 452//452 453//453
f  449//449 453//453 450//450
f  454//454 449//449 451//451
f  454//454 452//452 449//449
f  450//450 455//455 451//451
f  450//450 453//453 456//456
f  450//450 456//456 455//455
f  457//457 454//454 451//451
f  458//458 457//457 451//451
f  459//459 458//458 451//451
f  460//460 459//459 451//451
f  461//461 460//460 451//451
f  462//462 461//461 451//451
f  455//455 462//462 451//451
f  454//454 463//463 452//452
f  452//452 464//464 465//465
f  452//452 465//465 453//453
f  463//463 464//464 452//452
f  453//453 465//465 466//466
f  453//453 466//466 456//456
f  457//457 463//463 454//454
f  455//455 456//456 467//467
f  455//455 467//467 462//462
f  456//456 466//466 468//468
f  456//456 468//468 467//467
f  457//457 469//469 463//463
f  458//458 469//469 457//457
f  458//458 470//470 469//469
f  459//459 470//470 458//458
f  459//459 471//471 470//470
f  460//460 471//471 459//459
f  460//460 472//472 471//471
f  461//461 472//472 460//460
f  461//461 473//473 472//472
f  462//462 473//473 461//461
f  462//462 467//467 473//473
f  463//463 474//474 464//464
f  469//469 474//474 463//463
f  464//464 475//475 476//476
f  464//464 476//476 465//465
f  474//474 475//475 464//464
f  465//465 476//476 477//477
f  465//465 477//477 466//466
f  466//466 477//477 478//478
f  466//466 478//478 468//468
f  467//467 468//468 479//479
f  467//467 479//479 473//473
f  468//468 478//478 480//480
f  468//468 480//480 479//479
f  469//469 481//481 474//474
f  470//470 481//481 469//469
f  470//470 482//482 481//481
f  471//471 482//482 470//470
f  471//471 483//483 482//482
f  472//472 483//483 471//471
f  472//472 484//484 483//483
f  473//473 484//484 472//472
f  473//473 479//479 484//484
f  474//474 485//485 475//475
f  481//481 485//485 474//474
f  475//475 486//486 487//487
f  475//475 487//487 476//476
f  485//485 486//486 475//475
f  476//476 487//487 488//488
f  476//476 488//488 477//477
f  477//477 488//488 489//489
f  477//477 489//489 478//478
f  478//478 489//489 490//490
f  478//478 490//490 480//480
f  479//479 480//480 491//491
f  479//479 491//491 484//484
f  480//480 490//490 492//492
f  480//480 492//492 491//491
f  481//481 493//493 485//485
f  482//482 493//493 481//481
f  482//482 494//494 493//493
f  483//483 494//494 482//482
f  483//483 495//495 494//494
f  484//484 495//495 483//483
f  484//484 491//491 495//495
f  485//485 496//496 486//486
f  493//493 496//496 485//485
f  486//486 497//497 498//498
f  486//486 498//498 487//487
f  496//496 497//497 486//486
f  487//487 498//498 499//499
f  487//487 499//499 488//488
f  488//488 499//499 500//500
f  488//488 500//500 489//489
f  489//489 500//500 501//501
f  489//489 501//501 490//490
f  490//490 501//501 502//502
f  490//490 502//502 492//492
f  491//491 492//492 503//503
f  491//491 503//503 495//495
f  492//492 502//502 504//504
f  492//492 504//504 503//503
f  493//493 505//505 496//496
f  494//494 505//505 493//493
f  494//494 506//506 505//505
f  495//495 506//506 494//494
f  495//495 503//503 506//506
f  496//496 507//507 497//497
f  505//505 507//507 496//496
f  497//497 508//508 509//509
f  497//497 509//509 498//498
f  507//507 508//508 497//497
f  498//498 509//509 510//510
f  498//498 510//510 499//499
f  499//499 510//510 511//511
f  499//499 511//511 500//500
f  500//500 511//511 512//512
f  500//500 512//512 501//501
f  501//501 512//512 513//513
f  501//501 513//513 502//502
f  502//502 513//513 514//514
f  502//502 514//514 504//504
f  503//503 504//504 515//515
f  503//503 515//515 506//506
f  504//504 514//514 516//516
f  504//504 516//516 515//515
f  505//505 517//517 507//507
f  506//506 517//517 505//505
f  506//506 515//515 517//517
f  507//507 518//518 508//508
f  517//517 518//518 507//507
f  508//508 519//519 520//520
f  508//508 520//520 509//509
f  518//518 519//519 508//508
f  509//509 520//520 521//521
f  509//509 521//521 510//510
f  510//510 521//521 522//522
f  510//510 522//522 511//511
f  511//511 522//522 523//523
f  511//511 523//523 512//512
f  512//512 523//523 524//524
f  512//512 524//524 513//513
f  513//513 524//524 525//525
f  513//513 525//525 514//514
f  514//514 525//525 526//526
f  514//514 526//526 516//516
f  515//515 516//516 527//527
f  515//515 527//527 517//517
f  516//516 526//526 528//528
f  516//516 528//528 527//527
f  517//517 527//527 518//518
f  518//518 529//529 519//519
f  527//527 529//529 518//518
f  519//519 530//530 531//531
f  519//519 531//531 520//520
f  529//529 530//530 519//519
f  520//520 531//531 532//532
f  520//520 532//532 521//521
f  521//521 532//532 533//533
f  521//521 533//533 522//522
f  522//522 533//533 534//534
f  522//522 534//534 523//523
f  523//523 534//534 535//535
f  523//523 535//535 524//524
f  524//524 535//535 536//536
f  524//524 536//536 525//525
f  525//525 536//536 537//537
f  525//525 537//537 526//526
f  526//526 537//537 538//538
f  526//526 538//538 528//528
f  527//527 528//528 529//529
f  528//528 538//538 539//539
f  528//528 539//539 529//529
f  529//529 539//539 530//530
f  530//530 540//540 541//541
f  530//530 541//541 531//531
f  539//539 540//540 530//530
f  531//531 541//541 542//542
f  531//531 542//542 532//532
f  532//532 542//542 543//543
f  532//532 543//543 533//533
f  533//533 543//543 544//544
f  533//533 544//544 534//534
f  534//534 544//544 545//545
f  534//534 545//545 535//535
f  535//535 545//545 546//546
f  535//535 546//546 536//536
f  536//536 546//546 547//547
f  536//536 547//547 537//537
f  537//537 547//547 548//548
f  537//537 548//548 538//538
f  538//538 548//548 549//549
f  538//538 549//549 539//539
f  539//539 549//549 540//540
f  540//540 550//550 551//551
f  540//540 551//551 541//541
f  549//549 550//550 540//540
f  541//541 551//551 552//552
f  541//541 552//552 542//542
f  542//542 552//552 553//553
f  542//542 553//553 543//543
f  543//543 553//553 554//554
f  543//543 554//554 544//544
f  544//544 554//554 555//555
f  544//544 555//555 545//545
f  545//545 555//555 556//556
f  545//545 556//556 546//546
f  546//546 556//556 557//557
f  546//546 557//557 547//547
f  547//547 557//557 558//558
f  547//547 558//558 548//548
f  548//548 558//558 559//559
f  548//548 559//559 549//549
f  549//549 559//559 550//550
f  550//550 560//560 551//551
f  559//559 560//560 550//550
f  551//551 560//560 552//552
f  552//552 560//560 553//553
f  553//553 560//560 554//554
f  554//554 560//560 555//555
f  555//555 560//560 556//556
f  556//556 560//560 557//557
f  557//557 560//560 558//558
f  558//558 560//560 559//559
f  561//561 562//562 563//563
f  564//564 561//561 563//563
f  565//565 566//566 561//561
f  566//566 562//562 561//561
f  565//565 561//561 564//564
f  562//562 567//567 563//563
f  566//566 568//568 562//562
f  568//568 567//567 562//562
f  567//567 569//569 563//563
f  569//569 570//570 563//563
f  570//570 564//564 563//563
f  571//571 564//564 570//570
f  571//571 565//565 564//564
f  572//572 573//573 565//565
f  573//573 566//566 565//565
f  572//572 565//565 571//571
f  573//573 574//574 566//566
f  574//574 575//575 566//566
f  575//575 568//568 566//566
f  568//568 576//576 567//567
f  576//576 569//569 567//567
f  575//575 577//577 568//568
f  577//577 578//578 568//568
f  578//578 579//579 568//568
f  579//579 576//576 568//568
f  576//576 580//580 569//569
f  580//580 581//581 569//569
f  581//581 570//570 569//569
f  581//581 571//571 570//570
f  582//582 571//571 581//581
f  582//582 572//572 571//571
f  583//583 584//584 572//572
f  584//584 573//573 572//572
f  583//583 572//572 582//582
f  584//584 574//574 573//573
f  584//584 585//585 574//574
f  585//585 575//575 574//574
f  585//585 586//586 575//575
f  586//586 577//577 575//575
f  579//579 587//587 576//576
f  587//587 580//580 576//576
f  586//586 578//578 577//577
f  586//586 588//588 578//578
f  588//588 579//579 578//578
f  588//588 589//589 579//579
f  589//589 587//587 579//579
f  587//587 590//590 580//580
f  590//590 581//581 580//580
f  590//590 591//591 581//581
f  591//591 582//582 581//581
f  592//592 582//582 591//591
f  592//592 583//583 582//582
f  593//593 584//584 583//583
f  594//594 583//583 592//592
f  594//594 593//593 583//583
f  593//593 595//595 584//584
f  595//595 585//585 584//584
f  595//595 596//596 585//585
f  596//596 586//586 585//585
f  596//596 597//597 586//586
f  597//597 588//588 586//586
f  589//589 598//598 587//587
f  598//598 590//590 587//587
f  597//597 599//599 588//588
f  599//599 589//589 588//588
f  599//599 600//600 589//589
f  600//600 598//598 589//589
f  598//598 601//601 590//590
f  601//601 602//602 590//590
f  602//602 591//591 590//590
f  602//602 603//603 591//591
f  603//603 604//604 591//591
f  604//604 592//592 591//591
f  605//605 592//592 604//604
f  605//605 594//594 592//592
f  606//606 595//595 593//593
f  607//607 593//593 594//594
f  607//607 606//606 593//593
f  608//608 594//594 605//605
f  608//608 607//607 594//594
f  606//606 609//609 595//595
f  609//609 596//596 595//595
f  609//609 610//610 596//596
f  610//610 597//597 596//596
f  610//610 599//599 597//597
f  600//600 611//611 598//598
f  611//611 601//601 598//598
f  610//610 612//612 599//599
f  612//612 600//600 599//599
f  612//612 613//613 600//600
f  613//613 611//611 600//600
f  611//611 614//614 601//601
f  614//614 602//602 601//601
f  614//614 615//615 602//602
f  615//615 603//603 602//602
f  615//615 616//616 603//603
f  616//616 617//617 603//603
f  617//617 618//618 603//603
f  618//618 604//604 603//603
f  618//618 605//605 604//604
f  608//608 605//605 618//618
f  619//619 609//609 606//606
f  619//619 606//606 607//607
f  619//619 607//607 608//608
f  620//620 608//608 618//618
f  619//619 608//608 620//620
f  619//619 610//610 609//609
f  619//619 612//612 610//610
f  613//613 614//614 611//611
f  619//619 613//613 612//612
f  613//613 615//615 614//614
f  613//613 620//620 615//615
f  619//619 620//620 613//613
f  620//620 616//616 615//615
f  620//620 617//617 616//616
f  620//620 618//618 617//617
f  621//621 622//622 623//623
f  621//621 624//624 622//622
f  621//621 625//625 624//624
f  621//621 626//626 625//625
f  621//621 627//627 626//626
f  621//621 628//628 627//627
f  621//621 629//629 628//628
f  621//621 630//630 629//629
f  621//621 631//631 630//630
f  621//621 623//623 631//631
f  623//623 622//622 632//632
f  622//622 633//633 632//632
f  622//622 624//624 633//633
f  623//623 632//632 634//634
f  631//631 623//623 634//634
f  624//624 635//635 633//633
f  624//624 625//625 635//635
f  625//625 636//636 635//635
f  625//625 626//626 636//636
f  626//626 627//627 636//636
f  627//627 637//637 636//636
f  627//627 628//628 637//637
f  628//628 638//638 637//637
f  628//628 639//639 638//638
f  628//628 629//629 639//639
f  629//629 640//640 639//639
f  629//629 630//630 640//640
f  630//630 641//641 640//640
f  630//630 642//642 641//641
f  630//630 631//631 642//642
f  631//631 634//634 642//642
f  634//634 632//632 643//643
f  632//632 644//644 643//643
f  632//632 633//633 644//644
f  633//633 645//645 644//644
f  633//633 635//635 645//645
f  642//642 634//634 643//643
f  635//635 646//646 645//645
f  635//635 636//636 646//646
f  636//636 647//647 646//646
f  636//636 648//648 647//647
f  636//636 637//637 648//648
f  637//637 649//649 648//648
f  637//637 638//638 649//649
f  638//638 650//650 649//649
f  638//638 639//639 650//650
f  639//639 651//651 650//650
f  639//639 640//640 651//651
f  640//640 652//652 651//651
f  640//640 641//641 652//652
f  641//641 653//653 652//652
f  641//641 642//642 653//653
f  642//642 643//643 653//653
f  643//643 654//654 655//655
f  643//643 644//644 654//654
f  653//653 643//643 655//655
f  644//644 656//656 654//654
f  644//644 645//645 656//656
f  645//645 657//657 656//656
f  645//645 646//646 657//657
f  646//646 647//647 657//657
f  647//647 658//658 657//657
f  647//647 648//648 658//658
f  648//648 659//659 658//658
f  648//648 649//649 659//659
f  649//649 650//650 659//659
f  650//650 660//660 659//659
f  650//650 651//651 660//660
f  651//651 652//652 660//660
f  652//652 661//661 660//660
f  652//652 653//653 661//661
f  653//653 655//655 661//661
f  655//655 654//654 662//662
f  654//654 656//656 662//662
f  661//661 655//655 662//662
f  656//656 657//657 662//662
f  657//657 658//658 662//662
f  658//658 659//659 662//662
f  659//659 660//660 662//662
f  660//660 661//661 662//662
f  663//663 664//664 665//665
f  663//663 666//666 664//664
f  663//663 667//667 666//666
f  663//663 668//668 667//667
f  663//663 669//669 668//668
f  663//663 670//670 669//669
f  663//663 671//671 670//670
f  663//663 672//672 671//671
f  663//663 673//673 672//672
f  663//663 674//674 673//673
f  663//663 675//675 674//674
f  663//663 665//665 675//675
f  665//665 664//664 676//676
f  664//664 677//677 676//676
f  664//664 666//666 677//677
f  675//675 665//665 678//678
f  665//665 676//676 678//678
f  666//666 679//679 677//677
f  666//666 680//680 679//679
f  666//666 667//667 680//680
f  667//667 681//681 680//680
f  667//667 668//668 681//681
f  668//668 682//682 681//681
f  668//668 669//669 682//682
f  669//669 683//683 682//682
f  669//669 684//684 683//683
f  669//669 670//670 684//684
f  670//670 685//685 684//684
f  670//670 671//671 685//685
f  671//671 686//686 685//685
f  671//671 672//672 686//686
f  672//672 687//687 686//686
f  672//672 673//673 687//687
f  673//673 688//688 687//687
f  673//673 674//674 688//688
f  674//674 678//678 688//688
f  674//674 675//675 678//678
f  676//676 689//689 690//690
f  676//676 677//677 689//689
f  678//678 676//676 690//690
f  677//677 691//691 689//689
f  677//677 679//679 691//691
f  688//688 678//678 692//692
f  678//678 690//690 692//692
f  679//679 693//693 691//691
f  679//679 680//680 693//693
f  680//680 681//681 693//693
f  681//681 694//694 693//693
f  681//681 682//682 694//694
f  682//682 695//695 694//694
f  682//682 683//683 695//695
f  683//683 696//696 695//695
f  683//683 684//684 696//696
f  684//684 697//697 696//696
f  684//684 685//685 697//697
f  685//685 698//698 697//697
f  685//685 686//686 698//698
f  686//686 699//699 698//698
f  686//686 687//687 699//699
f  687//687 688//688 699//699
f  688//688 692//692 699//699
f  690//690 689//689 700//700
f  689//689 701//701 700//700
f  689//689 691//691 701//701
f  692//692 690//690 700//700
f  691//691 693//693 701//701
f  699//699 692//692 702//702
f  692//692 703//703 702//702
f  692//692 700//700 703//703
f  693//693 704//704 701//701
f  693//693 694//694 704//704
f  694//694 705//705 704//704
f  694//694 695//695 705//705
f  695//695 696//696 705//705
f  696//696 706//706 705//705
f  696//696 697//697 706//706
f  697//697 707//707 706//706
f  697//697 698//698 707//707
f  698//698 702//702 707//707
f  698//698 699//699 702//702
f  700//700 701//701 708//708
f  703//703 700//700 708//708
f  701//701 704//704 708//708
f  707//707 702//702 708//708
f  702//702 703//703 708//708
f  704//704 705//705 708//708
f  705//705 706//706 708//708
f  706//706 707//707 708//708
f  709//709 710//710 711//711
f  709//709 712//712 710//710
f  709//709 713//713 712//712
f  713//713 709//709 714//714
f  709//709 711//711 714//714
f  711//711 710//710 715//715
f  710//710 716//716 715//715
f  710//710 712//712 716//716
f  714//714 711//711 717//717
f  711//711 718//718 717//717
f  711//711 715//715 718//718
f  713//713 719//719 712//712
f  712//712 720//720 716//716
f  712//712 721//721 720//720
f  712//712 722//722 721//721
f  712//712 719//719 722//722
f  713//713 723//723 719//719
f  713//713 714//714 723//723
f  723//723 714//714 724//724
f  714//714 717//717 724//724
f  715//715 725//725 726//726
f  715//715 727//727 725//725
f  715//715 716//716 727//727
f  718//718 715//715 726//726
f  716//716 728//728 727//727
f  716//716 720//720 728//728
f  724//724 717//717 729//729
f  717//717 730//730 729//729
f  717//717 731//731 730//730
f  717//717 718//718 731//731
f  718//718 726//726 731//731
f  719//719 732//732 722//722
f  719//719 733//733 732//732
f  719//719 734//734 733//733
f  719//719 723//723 734//734
f  720//720 735//735 728//728
f  720//720 721//721 735//735
f  721//721 736//736 735//735
f  721//721 722//722 736//736
f  722//722 732//732 736//736
f  723//723 737//737 734//734
f  723//723 724//724 737//737
f  737//737 724//724 738//738
f  724//724 729//729 738//738
f  726//726 725//725 739//739
f  725//725 740//740 739//739
f  725//725 727//727 740//740
f  731//731 726//726 741//741
f  726//726 739//739 741//741
f  727//727 742//742 740//740
f  727//727 728//728 742//742
f  728//728 743//743 742//742
f  728//728 735//735 743//743
f  738//738 729//729 744//744
f  729//729 745//745 744//744
f  729//729 730//730 745//745
f  730//730 746//746 745//745
f  730//730 731//731 746//746
f  731//731 741//741 746//746
f  732//732 747//747 736//736
f  732//732 733//733 747//747
f  733//733 734//734 747//747
f  734//734 748//748 747//747
f  734//734 737//737 748//748
f  735//735 749//749 743//743
f  735//735 736//736 749//749
f  736//736 750//750 749//749
f  736//736 747//747 750//750
f  737//737 751//751 748//748
f  737//737 738//738 751//751
f  751//751 738//738 752//752
f  738//738 744//744 752//752
f  739//739 753//753 754//754
f  739//739 740//740 753//753
f  741//741 739//739 754//754
f  740//740 742//742 753//753
f  746//746 741//741 755//755
f  741//741 756//756 755//755
f  741//741 754//754 756//756
f  742//742 757//757 753//753
f  742//742 743//743 757//757
f  743//743 758//758 757//757
f  743//743 749//749 758//758
f  752//752 744//744 759//759
f  744//744 760//760 759//759
f  744//744 745//745 760//760
f  745//745 761//761 760//760
f  745//745 746//746 761//761
f  746//746 755//755 761//761
f  747//747 762//762 750//750
f  747//747 763//763 762//762
f  747//747 748//748 763//763
f  748//748 764//764 763//763
f  748//748 751//751 764//764
f  749//749 765//765 758//758
f  749//749 750//750 765//765
f  750//750 766//766 765//765
f  750//750 762//762 766//766
f  751//751 752//752 764//764
f  764//764 752//752 767//767
f  752//752 759//759 767//767
f  754//754 753//753 768//768
f  753//753 757//757 768//768
f  756//756 754//754 768//768
f  761//761 755//755 768//768
f  755//755 756//756 768//768
f  757//757 758//758 768//768
f  758//758 765//765 768//768
f  767//767 759//759 768//768
f  759//759 760//760 768//768
f  760//760 761//761 768//768
f  762//762 769//769 766//766
f  762//762 763//763 769//769
f  763//763 767//767 769//769
f  763//763 764//764 767//767
f  765//765 766//766 768//768
f  766//766 769//769 768//768
f  769//769 767//767 768//768
f  770//770 771//771 772//772
f  770//770 773//773 771//771
f  770//770 774//774 773//773
f  770//770 775//775 774//774
f  770//770 776//776 775//775
f  770//770 777//777 776//776
f  770//770 778//778 777//777
f  770//770 772//772 778//778
f  772//772 771//771 779//779
f  771//771 780//780 779//779
f  771//771 781//781 780//780
f  771//771 773//773 781//781
f  772//772 779//779 782//782
f  778//778 772//772 783//783
f  772//772 782//782 783//783
f  773//773 784//784 781//781
f  773//773 785//785 784//784
f  773//773 786//786 785//785
f  773//773 774//774 786//786
f  774//774 787//787 786//786
f  774//774 775//775 787//787
f  775//775 788//788 787//787
f  775//775 776//776 788//788
f  776//776 789//789 788//788
f  776//776 777//777 789//789
f  777//777 790//790 789//789
f  777//777 778//778 790//790
f  778//778 783//783 790//790
f  782//782 779//779 791//791
f  779//779 792//792 791//791
f  779//779 780//780 792//792
f  780//780 793//793 792//792
f  780//780 794//794 793//793
f  780//780 781//781 794//794
f  781//781 784//784 794//794
f  782//782 791//791 795//795
f  783//783 782//782 795//795
f  790//790 783//783 796//796
f  783//783 797//797 796//796
f  783//783 795//795 797//797
f  784//784 798//798 794//794
f  784//784 799//799 798//798
f  784//784 785//785 799//799
f  785//785 786//786 799//799
f  786//786 800//800 799//799
f  786//786 787//787 800//800
f  787//787 801//801 800//800
f  787//787 802//802 801//801
f  787//787 788//788 802//802
f  788//788 803//803 802//802
f  788//788 789//789 803//803
f  789//789 804//804 803//803
f  789//789 790//790 804//804
f  790//790 796//796 804//804
f  795//795 791//791 805//805
f  791//791 806//806 805//805
f  791//791 792//792 806//806
f  792//792 807//807 806//806
f  792//792 793//793 807//807
f  793//793 808//808 807//807
f  793//793 794//794 808//808
f  794//794 809//809 808//808
f  794//794 798//798 809//809
f  797//797 795//795 805//805
f  804//804 796//796 810//810
f  796//796 811//811 810//810
f  796//796 797//797 811//811
f  797//797 805//805 811//811
f  798//798 799//799 809//809
f  799//799 812//812 809//809
f  799//799 800//800 812//812
f  800//800 813//813 812//812
f  800//800 801//801 813//813
f  801//801 814//814 813//813
f  801//801 802//802 814//814
f  802//802 803//803 814//814
f  803//803 815//815 814//814
f  803//803 804//804 815//815
f  804//804 810//810 815//815
f  805//805 816//816 817//817
f  805//805 806//806 816//816
f  811//811 805//805 817//817
f  806//806 818//818 816//816
f  806//806 807//807 818//818
f  807//807 808//808 818//818
f  808//808 819//819 818//818
f  808//808 809//809 819//819
f  809//809 820//820 819//819
f  809//809 812//812 820//820
f  815//815 810//810 821//821
f  810//810 822//822 821//821
f  810//810 811//811 822//822
f  811//811 823//823 822//822
f  811//811 817//817 823//823
f  812//812 824//824 820//820
f  812//812 825//825 824//824
f  812//812 813//813 825//825
f  813//813 814//814 825//825
f  814//814 821//821 825//825
f  814//814 815//815 821//821
f  817//817 816//816 826//826
f  816//816 827//827 826//826
f  816//816 818//818 827//827
f  823//823 817//817 828//828
f  817//817 826//826 828//828
f  818//818 829//829 827//827
f  818//818 819//819 829//829
f  819//819 820//820 829//829
f  820//820 830//830 829//829
f  820//820 824//824 830//830
f  825//825 821//821 831//831
f  821//821 822//822 831//831
f  822//822 823//823 831//831
f  823//823 828//828 831//831
f  824//824 825//825 830//830
f  825//825 831//831 830//830
f  826//826 827//827 832//832
f  828//828 826//826 832//832
f  827//827 829//829 832//832
f  831//831 828//828 832//832
f  829//829 830//830 832//832
f  830//830 831//831 832//832
f  833//833 834//834 835//835
f  836//836 833//833 835//835
f  837//837 838//838 833//833
f  838//838 834//834 833//833
f  839//839 833//833 836//836
f  839//839 837//837 833//833
f  834//834 840//840 835//835
f  838//838 841//841 834//834
f  841//841 842//842 834//834
f  842//842 840//840 834//834
f  840//840 843//843 835//835
f  843//843 844//844 835//835
f  844//844 845//845 835//835
f  845//845 836//836 835//835
f  846//846 836//836 845//845
f  846//846 839//839 836//836
f  847//847 838//838 837//837
f  847//847 837//837 839//839
f  847//847 848//848 838//838
f  848//848 849//849 838//838
f  849//849 841//841 838//838
f  850//850 839//839 846//846
f  850//850 847//847 839//839
f  842//842 851//851 840//840
f  851//851 852//852 840//840
f  852//852 843//843 840//840
f  849//849 853//853 841//841
f  853//853 854//854 841//841
f  854//854 842//842 841//841
f  854//854 855//855 842//842
f  855//855 851//851 842//842
f  852//852 856//856 843//843
f  856//856 857//857 843//843
f  857//857 844//844 843//843
f  857//857 858//858 844//844
f  858//858 859//859 844//844
f  859//859 845//845 844//844
f  859//859 860//860 845//845
f  860//860 846//846 845//845
f  861//861 846//846 860//860
f  861//861 862//862 846//846
f  862//862 850//850 846//846
f  863//863 848//848 847//847
f  864//864 847//847 850//850
f  864//864 863//863 847//847
f  863//863 865//865 848//848
f  865//865 849//849 848//848
f  865//865 853//853 849//849
f  866//866 850//850 862//862
f  866//866 864//864 850//850
f  855//855 867//867 851//851
f  867//867 868//868 851//851
f  868//868 852//852 851//851
f  868//868 869//869 852//852
f  869//869 856//856 852//852
f  865//865 870//870 853//853
f  870//870 854//854 853//853
f  870//870 871//871 854//854
f  871//871 855//855 854//854
f  871//871 867//867 855//855
f  869//869 872//872 856//856
f  872//872 857//857 856//856
f  872//872 873//873 857//857
f  873//873 858//858 857//857
f  873//873 874//874 858//858
f  874//874 875//875 858//858
f  875//875 859//859 858//858
f  875//875 876//876 859//859
f  876//876 877//877 859//859
f  877//877 860//860 859//859
f  877//877 878//878 860//860
f  878//878 861//861 860//860
f  879//879 861//861 878//878
f  879//879 866//866 861//861
f  866//866 862//862 861//861
f  880//880 881//881 863//863
f  881//881 865//865 863//863
f  882//882 863//863 864//864
f  882//882 880//880 863//863
f  883//883 864//864 866//866
f  883//883 882//882 864//864
f  881//881 884//884 865//865
f  884//884 870//870 865//865
f  883//883 866//866 879//879
f  871//871 885//885 867//867
f  885//885 868//868 867//867
f  885//885 886//886 868//868
f  886//886 869//869 868//868
f  886//886 887//887 869//869
f  887//887 888//888 869//869
f  888//888 872//872 869//869
f  884//884 889//889 870//870
f  889//889 890//890 870//870
f  890//890 871//871 870//870
f  890//890 891//891 871//871
f  891//891 885//885 871//871
f  888//888 892//892 872//872
f  892//892 873//873 872//872
f  892//892 893//893 873//873
f  893//893 874//874 873//873
f  893//893 875//875 874//874
f  893//893 894//894 875//875
f  894//894 876//876 875//875
f  894//894 877//877 876//876
f  894//894 895//895 877//877
f  895//895 896//896 877//877
f  896//896 897//897 877//877
f  897//897 878//878 877//877
f  897//897 879//879 878//878
f  898//898 879//879 897//897
f  898//898 883//883 879//879
f  899//899 881//881 880//880
f  900//900 880//880 882//882
f  900//900 899//899 880//880
f  899//899 901//901 881//881
f  901//901 902//902 881//881
f  902//902 884//884 881//881
f  900//900 882//882 883//883
f  903//903 883//883 898//898
f  903//903 900//900 883//883
f  902//902 904//904 884//884
f  904//904 889//889 884//884
f  891//891 905//905 885//885
f  905//905 886//886 885//885
f  905//905 887//887 886//886
f  905//905 906//906 887//887
f  906//906 907//907 887//887
f  907//907 888//888 887//887
f  907//907 892//892 888//888
f  904//904 908//908 889//889
f  908//908 890//890 889//889
f  908//908 909//909 890//890
f  909//909 891//891 890//890
f  909//909 910//910 891//891
f  910//910 911//911 891//891
f  911//911 905//905 891//891
f  907//907 912//912 892//892
f  912//912 893//893 892//892
f  912//912 894//894 893//893
f  912//912 913//913 894//894
f  913//913 914//914 894//894
f  914//914 895//895 894//894
f  914//914 915//915 895//895
f  915//915 916//916 895//895
f  916//916 896//896 895//895
f  916//916 897//897 896//896
f  916//916 898//898 897//897
f  917//917 898//898 916//916
f  917//917 918//918 898//898
f  918//918 903//903 898//898
f  919//919 901//901 899//899
f  920//920 899//899 900//900
f  920//920 919//919 899//899
f  921//921 900//900 903//903
f  921//921 920//920 900//900
f  919//919 922//922 901//901
f  922//922 902//902 901//901
f  922//922 923//923 902//902
f  923//923 904//904 902//902
f  924//924 903//903 918//918
f  924//924 921//921 903//903
f  923//923 925//925 904//904
f  925//925 908//908 904//904
f  911//911 926//926 905//905
f  926//926 906//906 905//905
f  926//926 927//927 906//906
f  927//927 907//907 906//906
f  927//927 928//928 907//907
f  928//928 912//912 907//907
f  925//925 929//929 908//908
f  929//929 930//930 908//908
f  930//930 909//909 908//908
f  930//930 931//931 909//909
f  931//931 932//932 909//909
f  932//932 910//910 909//909
f  932//932 933//933 910//910
f  933//933 934//934 910//910
f  934//934 911//911 910//910
f  934//934 926//926 911//911
f  928//928 935//935 912//912
f  935//935 936//936 912//912
f  936//936 913//913 912//912
f  936//936 937//937 913//913
f  937//937 914//914 913//913
f  937//937 917//917 914//914
f  917//917 915//915 914//914
f  917//917 916//916 915//915
f  938//938 917//917 937//937
f  938//938 939//939 917//917
f  939//939 918//918 917//917
f  939//939 924//924 918//918
f  940//940 941//941 919//919
f  941//941 942//942 919//919
f  942//942 943//943 919//919
f  943//943 922//922 919//919
f  940//940 919//919 920//920
f  940//940 920//920 921//921
f  944//944 921//921 924//924
f  944//944 940//940 921//921
f  943//943 923//923 922//922
f  943//943 945//945 923//923
f  945//945 946//946 923//923
f  946//946 925//925 923//923
f  947//947 924//924 939//939
f  947//947 944//944 924//924
f  946//946 948//948 925//925
f  948//948 929//929 925//925
f  934//934 927//927 926//926
f  934//934 949//949 927//927
f  949//949 928//928 927//927
f  949//949 950//950 928//928
f  950//950 951//951 928//928
f  951//951 935//935 928//928
f  952//952 929//929 948//948
f  952//952 953//953 929//929
f  953//953 930//930 929//929
f  953//953 931//931 930//930
f  953//953 954//954 931//931
f  954//954 932//932 931//931
f  954//954 955//955 932//932
f  955//955 956//956 932//932
f  956//956 933//933 932//932
f  956//956 957//957 933//933
f  957//957 934//934 933//933
f  957//957 958//958 934//934
f  958//958 949//949 934//934
f  951//951 959//959 935//935
f  959//959 936//936 935//935
f  959//959 960//960 936//936
f  960//960 937//937 936//936
f  960//960 938//938 937//937
f  961//961 938//938 960//960
f  961//961 962//962 938//938
f  962//962 939//939 938//938
f  962//962 963//963 939//939
f  963//963 947//947 939//939
f  964//964 965//965 940//940
f  965//965 966//966 940//940
f  966//966 941//941 940//940
f  967//967 940//940 944//944
f  967//967 964//964 940//940
f  966//966 942//942 941//941
f  966//966 943//943 942//942
f  966//966 968//968 943//943
f  968//968 969//969 943//943
f  969//969 945//945 943//943
f  970//970 944//944 947//947
f  970//970 971//971 944//944
f  971//971 967//967 944//944
f  969//969 946//946 945//945
f  969//969 972//972 946//946
f  972//972 948//948 946//946
f  970//970 947//947 963//963
f  972//972 952//952 948//948
f  958//958 950//950 949//949
f  958//958 951//951 950//950
f  958//958 973//973 951//951
f  973//973 974//974 951//951
f  974//974 959//959 951//951
f  972//972 953//953 952//952
f  972//972 975//975 953//953
f  975//975 954//954 953//953
f  975//975 976//976 954//954
f  976//976 977//977 954//954
f  977//977 955//955 954//954
f  977//977 956//956 955//955
f  977//977 978//978 956//956
f  978//978 957//957 956//956
f  978//978 979//979 957//957
f  979//979 958//958 957//957
f  979//979 973//973 958//958
f  974//974 980//980 959//959
f  980//980 960//960 959//959
f  980//980 961//961 960//960
f  981//981 961//961 980//980
f  981//981 982//982 961//961
f  982//982 983//983 961//961
f  983//983 962//962 961//961
f  983//983 970//970 962//962
f  970//970 963//963 962//962
f  984//984 965//965 964//964
f  984//984 964//964 967//967
f  984//984 985//985 965//965
f  985//985 966//966 965//965
f  985//985 968//968 966//966
f  984//984 967//967 971//971
f  985//985 986//986 968//968
f  986//986 969//969 968//968
f  986//986 987//987 969//969
f  987//987 972//972 969//969
f  988//988 970//970 983//983
f  988//988 989//989 970//970
f  989//989 990//990 970//970
f  990//990 971//971 970//970
f  990//990 984//984 971//971
f  987//987 975//975 972//972
f  979//979 974//974 973//973
f  979//979 991//991 974//974
f  991//991 980//980 974//974
f  987//987 976//976 975//975
f  987//987 992//992 976//976
f  992//992 977//977 976//976
f  992//992 978//978 977//977
f  992//992 993//993 978//978
f  993//993 979//979 978//978
f  994//994 979//979 993//993
f  994//994 995//995 979//979
f  995//995 996//996 979//979
f  996//996 997//997 979//979
f  997//997 991//991 979//979
f  991//991 981//981 980//980
f  988//988 981//981 991//991
f  988//988 982//982 981//981
f  988//988 983//983 982//982
f  998//998 999//999 984//984
f  999//999 985//985 984//984
f  984//984 990//990 998//998
f  999//999 986//986 985//985
f  999//999 987//987 986//986
f  999//999 1000//1000 987//987
f  1000//1000 992//992 987//987
f  997//997 988//988 991//991
f  998//998 988//988 997//997
f  998//998 989//989 988//988
f  998//998 990//990 989//989
f  1000//1000 993//993 992//992
f  1000//1000 994//994 993//993
f  1000//1000 995//995 994//994
f  1000//1000 996//996 995//995
f  1000//1000 997//997 996//996
f  1000//1000 998//998 997//997
f  1000//1000 999//999 998//998
