#VRML V2.0 utf8 
Transform { 
 children [ 
    Shape { 
appearance Appearance {
              material DEF surface Material {
              diffuseColor 0.8 0.8 0.8
              ambientIntensity 0.2
              specularColor 0.4 0.4 0.4
              emissiveColor 0 0 0
              shininess 0.25
              transparency 0
            }
          }
   geometry IndexedFaceSet { 
   solid FALSE 
    coord DEF bone Coordinate{ 
     point [ 
	  0.182777   0.003811  -0.022747,
	  0.183739  -0.000368  -0.020450,
	  0.182457   0.000706  -0.028831,
	  0.178882   0.007110  -0.020604,
	  0.179594   0.000872  -0.016570,
	  0.181697   0.006457  -0.026314,
	  0.179852  -0.003031  -0.024374,
	  0.175637  -0.003270  -0.021607,
	  0.181079   0.007066  -0.029925,
	  0.180803   0.005060  -0.032381,
	  0.180891   0.002086  -0.033043,
	  0.179717  -0.000451  -0.033065,
	  0.178252  -0.002531  -0.031405,
	  0.178120  -0.003223  -0.028323,
	  0.177552   0.010757  -0.025555,
	  0.175317   0.009331  -0.020328,
	  0.174238   0.003523  -0.017533,
	  0.170255  -0.002371  -0.020714,
	  0.173081  -0.004389  -0.027121,
	  0.169382  -0.003788  -0.026491,
	  0.176798   0.011295  -0.030671,
	  0.177603   0.007810  -0.034569,
	  0.178255   0.002927  -0.035975,
	  0.175504  -0.000866  -0.035353,
	  0.172911  -0.003523  -0.032097,
	  0.175470   0.011383  -0.025399,
	  0.172901   0.008947  -0.021471,
	  0.170401   0.004658  -0.020150,
	  0.167989   0.000720  -0.022256,
	  0.166249  -0.001086  -0.026510,
	  0.167775  -0.003896  -0.032417,
	  0.166160  -0.000934  -0.031364,
	  0.174655   0.012067  -0.031605,
	  0.174526   0.009871  -0.036282,
	  0.175120   0.003884  -0.037192,
	  0.171807  -0.000336  -0.036035,
	  0.173556   0.011673  -0.025841,
	  0.165515   0.010749  -0.022178,
	  0.163289   0.007089  -0.020850,
	  0.160136   0.004448  -0.023071,
	  0.157701   0.003824  -0.026588,
	  0.158053   0.003839  -0.030241,
	  0.168559   0.001064  -0.035341,
	  0.162606   0.003456  -0.034774,
	  0.172908   0.012217  -0.030777,
	  0.173105   0.009647  -0.035378,
	  0.171852   0.004889  -0.037034,
	  0.166331   0.013112  -0.025899,
	  0.150903   0.016167  -0.020085,
	  0.148545   0.011698  -0.018397,
	  0.146729   0.007818  -0.021434,
	  0.145452   0.006607  -0.026043,
	  0.145670   0.007355  -0.030090,
	  0.152642   0.008002  -0.032760,
	  0.166726   0.006610  -0.036537,
	  0.155371   0.010619  -0.033401,
	  0.166224   0.013423  -0.030310,
	  0.166938   0.011076  -0.034555,
	  0.152192   0.018567  -0.024555,
	  0.136004   0.023451  -0.015718,
	  0.133086   0.016513  -0.011941,
	  0.131048   0.009585  -0.016617,
	  0.130038   0.006961  -0.024300,
	  0.129899   0.008475  -0.031037,
	  0.130544   0.014166  -0.034207,
	  0.136521   0.017356  -0.032050,
	  0.156123   0.014148  -0.032776,
	  0.137070   0.021755  -0.031956,
	  0.152393   0.018664  -0.029351,
	  0.137490   0.025856  -0.022880,
	  0.129835   0.026019  -0.015245,
	  0.127402   0.018657  -0.011081,
	  0.124355   0.010867  -0.014860,
	  0.122184   0.007060  -0.023120,
	  0.122002   0.008596  -0.031461,
	  0.125658   0.014817  -0.034522,
	  0.129208   0.019801  -0.032836,
	  0.129679   0.024692  -0.032019,
	  0.137386   0.025863  -0.028830,
	  0.129822   0.028930  -0.028626,
	  0.130341   0.028885  -0.022528,
	  0.125867   0.027864  -0.015796,
	  0.123850   0.020489  -0.010808,
	  0.119887   0.012079  -0.013847,
	  0.116250   0.007133  -0.022068,
	  0.114900   0.008268  -0.032365,
	  0.121297   0.015605  -0.034845,
	  0.126683   0.020927  -0.033804,
	  0.125743   0.026398  -0.032931,
	  0.124981   0.030763  -0.028745,
	  0.126010   0.029175  -0.023030,
	  0.124778   0.025513  -0.019099,
	  0.124575   0.020412  -0.014820,
	  0.120502   0.014764  -0.016799,
	  0.116739   0.011590  -0.022832,
	  0.115884   0.012374  -0.029971,
	  0.118991   0.017205  -0.033252,
	  0.122770   0.021565  -0.032288,
	  0.122756   0.025390  -0.030412,
	  0.122438   0.026655  -0.027786,
	  0.121871   0.026669  -0.024579,
	  0.123742   0.024061  -0.022384,
	  0.124107   0.021198  -0.019491,
	  0.121598   0.017826  -0.020196,
	  0.118830   0.015772  -0.023628,
	  0.117897   0.016010  -0.028058,
	  0.118890   0.018836  -0.030598,
	  0.120631   0.021945  -0.030564,
	  0.121798   0.023931  -0.029109,
	  0.122350   0.024461  -0.026924,
	  0.122402   0.024586  -0.025517,
	  0.121058   0.021695  -0.025963,
	  0.178637   0.002281   0.004579,
	  0.175716   0.000194   0.005977,
	  0.177373  -0.000258   0.000421,
	  0.174102   0.004514   0.004658,
	  0.170841   0.002239   0.005767,
	  0.180844   0.002691   0.002012,
	  0.173566  -0.002325   0.003626,
	  0.169310  -0.001137   0.004464,
	  0.181046   0.002814  -0.000651,
	  0.179970   0.001442  -0.002617,
	  0.178597  -0.000394  -0.003111,
	  0.176321  -0.002151  -0.003549,
	  0.173825  -0.003154  -0.002011,
	  0.173027  -0.003461   0.000686,
	  0.176923   0.005179   0.001952,
	  0.170299   0.006204   0.003897,
	  0.166798   0.004306   0.004987,
	  0.165624   0.001031   0.003839,
	  0.168691  -0.003346   0.000998,
	  0.165211  -0.001110   0.000737,
	  0.177458   0.005035  -0.001066,
	  0.176804   0.003218  -0.003067,
	  0.175558   0.000944  -0.003697,
	  0.172530  -0.001238  -0.005151,
	  0.168763  -0.004088  -0.003326,
	  0.174442   0.006379   0.001620,
	  0.165900   0.008033   0.003050,
	  0.159630   0.007893   0.002120,
	  0.161464   0.004254   0.002072,
	  0.163065   0.001786   0.000169,
	  0.164791  -0.001536  -0.003481,
	  0.163788   0.001505  -0.002544,
	  0.174657   0.006254  -0.001277,
	  0.174100   0.004328  -0.003086,
	  0.172866   0.002159  -0.003709,
	  0.169428   0.000395  -0.004520,
	  0.172347   0.008286   0.001725,
	  0.147970   0.015979   0.000682,
	  0.127010   0.023159  -0.001413,
	  0.143074   0.013695  -0.000675,
	  0.156702   0.006542  -0.000899,
	  0.158845   0.005596  -0.002443,
	  0.166565   0.002191  -0.004269,
	  0.162066   0.005287  -0.003533,
	  0.172238   0.007773  -0.001648,
	  0.171509   0.005901  -0.003799,
	  0.169868   0.003627  -0.004523,
	  0.168980   0.008698   0.001008,
	  0.142819   0.019509   0.001786,
	  0.118064   0.027078   0.000912,
	  0.132310   0.017954  -0.000869,
	  0.144370   0.012737  -0.002273,
	  0.147573   0.011494  -0.003503,
	  0.153694   0.009740  -0.003869,
	  0.165552   0.005660  -0.003875,
	  0.157955   0.009320  -0.004246,
	  0.169142   0.008613  -0.001757,
	  0.167810   0.007148  -0.003601,
	  0.166930   0.010352   0.001041,
	  0.137937   0.021327   0.000647,
	  0.114104   0.028938   0.000411,
	  0.122591   0.021831  -0.000976,
	  0.130968   0.017029  -0.003246,
	  0.133497   0.016468  -0.005571,
	  0.136920   0.016553  -0.006976,
	  0.141323   0.017165  -0.006752,
	  0.163391   0.009186  -0.004239,
	  0.151357   0.014808  -0.005416,
	  0.166026   0.010150  -0.002089,
	  0.160873   0.011672  -0.000056,
	  0.121249   0.029229  -0.000249,
	  0.109512   0.030963   0.001447,
	  0.114856   0.023456  -0.000141,
	  0.121684   0.017875  -0.003149,
	  0.122474   0.018412  -0.007794,
	  0.123178   0.021816  -0.009975,
	  0.125956   0.024347  -0.009127,
	  0.127668   0.026417  -0.008046,
	  0.154752   0.014683  -0.003041,
	  0.128832   0.027623  -0.005707,
	  0.128320   0.027640  -0.002754,
	  0.113372   0.033182  -0.000948,
	  0.107398   0.031555   0.000375,
	  0.108698   0.024692   0.000621,
	  0.111557   0.016027  -0.002424,
	  0.113763   0.018056  -0.009892,
	  0.116942   0.022962  -0.012799,
	  0.119232   0.027401  -0.011654,
	  0.120151   0.030633  -0.009788,
	  0.120305   0.032464  -0.006876,
	  0.119236   0.032719  -0.003518,
	  0.108832   0.035187  -0.001820,
	  0.102624   0.034346  -0.001283,
	  0.105062   0.026997   0.000575,
	  0.107639   0.020441  -0.003693,
	  0.109013   0.020330  -0.010041,
	  0.112077   0.024571  -0.013712,
	  0.115244   0.029160  -0.013594,
	  0.116106   0.032904  -0.010941,
	  0.115459   0.034549  -0.007392,
	  0.114569   0.034812  -0.004078,
	  0.108879   0.034704  -0.002477,
	  0.105622   0.033140  -0.003390,
	  0.105966   0.029280  -0.002352,
	  0.106796   0.024726  -0.004250,
	  0.107530   0.024184  -0.008699,
	  0.108297   0.027298  -0.011963,
	  0.108207   0.032785  -0.013650,
	  0.110922   0.035681  -0.011580,
	  0.112727   0.036800  -0.007872,
	  0.112433   0.036622  -0.004015,
	  0.107545   0.032520  -0.006631,
	  0.166572  -0.001515   0.017344,
	  0.166455  -0.002829   0.018042,
	  0.166281  -0.002850   0.015013,
	  0.164890   0.000074   0.018061,
	  0.163464  -0.001718   0.018535,
	  0.166925  -0.000674   0.016106,
	  0.163333  -0.004089   0.017464,
	  0.160561  -0.003508   0.018996,
	  0.167117  -0.000495   0.014584,
	  0.167076  -0.001153   0.013330,
	  0.167223  -0.002763   0.012860,
	  0.164761  -0.003478   0.012003,
	  0.162348  -0.004706   0.012819,
	  0.161669  -0.004968   0.015319,
	  0.165743   0.001406   0.016329,
	  0.162300   0.001440   0.018057,
	  0.160726  -0.000327   0.018306,
	  0.157930  -0.001774   0.018106,
	  0.157250  -0.005269   0.016149,
	  0.155730  -0.002741   0.015490,
	  0.165977   0.001548   0.013892,
	  0.165751   0.000224   0.012054,
	  0.164765  -0.001529   0.011234,
	  0.161689  -0.002952   0.010596,
	  0.158528  -0.004391   0.012173,
	  0.163454   0.002908   0.016239,
	  0.159718   0.003182   0.018671,
	  0.158068   0.000866   0.019964,
	  0.155622  -0.000588   0.017745,
	  0.153974  -0.000405   0.014830,
	  0.156006  -0.002659   0.012251,
	  0.153803   0.000002   0.012603,
	  0.163734   0.003021   0.013507,
	  0.162982   0.001767   0.011394,
	  0.161509  -0.000002   0.010460,
	  0.158728  -0.001487   0.010389,
	  0.160889   0.004755   0.016197,
	  0.156639   0.004608   0.018290,
	  0.155617   0.002039   0.019382,
	  0.149055   0.003507   0.016319,
	  0.145224   0.005104   0.013768,
	  0.145774   0.004988   0.012224,
	  0.155808   0.000348   0.010755,
	  0.151395   0.003082   0.011219,
	  0.161072   0.004867   0.012976,
	  0.160228   0.003365   0.010651,
	  0.158398   0.001511   0.009960,
	  0.154362   0.007316   0.015370,
	  0.141831   0.011325   0.016512,
	  0.152911   0.003460   0.017174,
	  0.139767   0.007974   0.014746,
	  0.127093   0.013442   0.011816,
	  0.129238   0.012378   0.010261,
	  0.134435   0.011091   0.009362,
	  0.152863   0.004112   0.010304,
	  0.139535   0.010470   0.009269,
	  0.153300   0.008040   0.012433,
	  0.153149   0.006338   0.010477,
	  0.135132   0.016786   0.013603,
	  0.126419   0.018496   0.014849,
	  0.126535   0.015622   0.014822,
	  0.120865   0.016082   0.013804,
	  0.116039   0.015702   0.011604,
	  0.117552   0.015678   0.008133,
	  0.118640   0.017039   0.005799,
	  0.121230   0.018972   0.005279,
	  0.136652   0.014085   0.008601,
	  0.125117   0.020304   0.006433,
	  0.135210   0.017011   0.010563,
	  0.126934   0.020862   0.012997,
	  0.114525   0.024797   0.015179,
	  0.113212   0.021430   0.016307,
	  0.111686   0.017872   0.015162,
	  0.110270   0.015733   0.011310,
	  0.110642   0.016278   0.006496,
	  0.112812   0.018873   0.003660,
	  0.114711   0.022166   0.003210,
	  0.115719   0.025336   0.004875,
	  0.127088   0.021047   0.009671,
	  0.116090   0.026987   0.008340,
	  0.115776   0.026678   0.012210,
	  0.107963   0.028201   0.014855,
	  0.106127   0.024797   0.015576,
	  0.104910   0.020349   0.015344,
	  0.104171   0.016604   0.011349,
	  0.105089   0.016964   0.005430,
	  0.108353   0.020196   0.002503,
	  0.111085   0.023738   0.002755,
	  0.111142   0.027801   0.004034,
	  0.110385   0.030682   0.007448,
	  0.109726   0.030549   0.011909,
	  0.104555   0.029873   0.014438,
	  0.102535   0.026704   0.015150,
	  0.099640   0.022930   0.015576,
	  0.097324   0.019389   0.011290,
	  0.097835   0.019701   0.004559,
	  0.103418   0.022537   0.002577,
	  0.106888   0.025500   0.002739,
	  0.107439   0.029112   0.003939,
	  0.107009   0.031854   0.007054,
	  0.106339   0.031949   0.011320,
	  0.101236   0.030661   0.013156,
	  0.099098   0.028432   0.013971,
	  0.099050   0.025407   0.012757,
	  0.099548   0.023652   0.010466,
	  0.099743   0.023347   0.007195,
	  0.101564   0.024379   0.004686,
	  0.103900   0.026455   0.003846,
	  0.104429   0.029094   0.004756,
	  0.103998   0.031064   0.007024,
	  0.103463   0.031395   0.010038,
	  0.101614   0.027546   0.008704,
	  0.152447   0.003325   0.032702,
	  0.151207   0.001139   0.032788,
	  0.153830   0.000954   0.029496,
	  0.149394   0.005482   0.033013,
	  0.147638   0.002578   0.033522,
	  0.155149   0.005023   0.031165,
	  0.151528  -0.000928   0.031643,
	  0.147546  -0.000578   0.032406,
	  0.155661   0.005023   0.028262,
	  0.154125   0.003590   0.026727,
	  0.153149   0.001667   0.026243,
	  0.153762  -0.000992   0.026856,
	  0.153716  -0.002226   0.028451,
	  0.153386  -0.002226   0.030320,
	  0.151263   0.007228   0.030663,
	  0.146543   0.006184   0.031761,
	  0.145346   0.003671   0.032169,
	  0.144800   0.000743   0.031783,
	  0.148318  -0.002521   0.029844,
	  0.144893  -0.001668   0.029535,
	  0.151736   0.007196   0.027433,
	  0.150865   0.005234   0.025168,
	  0.149836   0.002615   0.024600,
	  0.149519  -0.000189   0.025085,
	  0.149098  -0.002286   0.026986,
	  0.147749   0.008043   0.029786,
	  0.143029   0.007374   0.031266,
	  0.142297   0.005056   0.030660,
	  0.141718   0.003188   0.029992,
	  0.141595   0.001890   0.028460,
	  0.145485  -0.002906   0.025824,
	  0.141952   0.001645   0.026462,
	  0.148169   0.008004   0.026889,
	  0.147812   0.005912   0.025027,
	  0.147176   0.003382   0.024671,
	  0.146579   0.000647   0.024703,
	  0.143873   0.009184   0.028997,
	  0.136348   0.009154   0.028499,
	  0.135765   0.007606   0.027985,
	  0.135443   0.006565   0.027587,
	  0.135257   0.005919   0.026777,
	  0.135381   0.005790   0.025662,
	  0.142606   0.002956   0.025203,
	  0.135453   0.006372   0.024441,
	  0.144423   0.009085   0.026333,
	  0.144231   0.006820   0.024982,
	  0.143645   0.004643   0.025195,
	  0.140568   0.009961   0.028451,
	  0.118302   0.016104   0.025966,
	  0.120061   0.013133   0.025701,
	  0.120636   0.011370   0.025346,
	  0.121279   0.010188   0.024293,
	  0.121653   0.010237   0.022791,
	  0.122349   0.010650   0.021363,
	  0.135916   0.007717   0.023842,
	  0.122464   0.012846   0.020358,
	  0.136869   0.011339   0.025312,
	  0.139376   0.008272   0.024273,
	  0.116906   0.019293   0.024444,
	  0.106844   0.021095   0.025244,
	  0.107441   0.017461   0.025823,
	  0.107246   0.014376   0.024973,
	  0.107352   0.012436   0.022492,
	  0.108100   0.012706   0.019530,
	  0.107525   0.015119   0.017303,
	  0.109946   0.017399   0.017737,
	  0.120276   0.016265   0.020190,
	  0.108837   0.020766   0.017807,
	  0.117408   0.019334   0.021648,
	  0.106564   0.023777   0.022820,
	  0.099377   0.023915   0.024168,
	  0.099977   0.020074   0.025233,
	  0.100072   0.015837   0.024980,
	  0.100537   0.012434   0.022002,
	  0.101499   0.012758   0.017711,
	  0.102733   0.016130   0.015564,
	  0.103257   0.019736   0.015698,
	  0.101677   0.023524   0.016269,
	  0.107279   0.023695   0.019627,
	  0.099473   0.026426   0.018253,
	  0.098869   0.026507   0.021474,
	  0.093841   0.026134   0.023480,
	  0.094722   0.021895   0.025199,
	  0.094716   0.016922   0.024984,
	  0.095076   0.012935   0.021477,
	  0.096160   0.013249   0.016408,
	  0.097579   0.017348   0.013982,
	  0.098143   0.021523   0.014402,
	  0.096435   0.025445   0.015192,
	  0.094050   0.028329   0.017261,
	  0.093116   0.028528   0.020400,
	  0.088624   0.027648   0.021725,
	  0.087975   0.024533   0.022990,
	  0.088064   0.019385   0.024747,
	  0.089994   0.012407   0.021816,
	  0.091237   0.012407   0.014762,
	  0.092983   0.018415   0.012944,
	  0.093377   0.023009   0.013435,
	  0.092498   0.026521   0.014598,
	  0.090923   0.028746   0.016750,
	  0.089931   0.029037   0.019487,
	  0.086167   0.027639   0.020165,
	  0.084403   0.026215   0.020656,
	  0.086541   0.021371   0.022753,
	  0.088696   0.016992   0.020678,
	  0.089781   0.016386   0.016452,
	  0.090473   0.019884   0.014200,
	  0.090424   0.023631   0.014622,
	  0.089885   0.026112   0.015423,
	  0.088933   0.027639   0.016745,
	  0.088195   0.027994   0.018486,
	  0.088118   0.024267   0.017913,
	  0.140480   0.003455   0.043936,
	  0.139450   0.002416   0.045368,
	  0.142331   0.001815   0.041932,
	  0.138862   0.004426   0.044057,
	  0.137130   0.003016   0.045631,
	  0.141476   0.003566   0.042562,
	  0.138684   0.000791   0.043486,
	  0.135813   0.000884   0.043955,
	  0.141884   0.003568   0.041488,
	  0.142271   0.003147   0.040439,
	  0.142831   0.001792   0.039591,
	  0.140969   0.001072   0.039633,
	  0.139316   0.000469   0.040334,
	  0.138630   0.000342   0.041681,
	  0.140103   0.004862   0.042423,
	  0.136667   0.005544   0.043872,
	  0.135236   0.003505   0.044306,
	  0.133082   0.001662   0.043384,
	  0.135245  -0.000243   0.041565,
	  0.131673   0.000390   0.041036,
	  0.140575   0.004853   0.040814,
	  0.141012   0.004019   0.039299,
	  0.141275   0.002280   0.037945,
	  0.138644   0.000515   0.037825,
	  0.136177  -0.000159   0.039326,
	  0.137684   0.006243   0.042045,
	  0.134177   0.006129   0.043212,
	  0.133519   0.004066   0.043549,
	  0.131260   0.002523   0.042577,
	  0.129420   0.001576   0.040425,
	  0.131505  -0.000133   0.038086,
	  0.129908   0.001554   0.038144,
	  0.138263   0.006244   0.040077,
	  0.138937   0.004769   0.038644,
	  0.138927   0.002831   0.038068,
	  0.135995   0.001347   0.037669,
	  0.134858   0.007558   0.041511,
	  0.130909   0.007042   0.042540,
	  0.130932   0.004730   0.043942,
	  0.130080   0.002995   0.042134,
	  0.129731   0.002872   0.040043,
	  0.130040   0.002858   0.038595,
	  0.134124   0.002146   0.037434,
	  0.133669   0.002245   0.037300,
	  0.135453   0.007413   0.039269,
	  0.137130   0.005651   0.037729,
	  0.138155   0.003099   0.038037,
	  0.130352   0.008142   0.040389,
	  0.125263   0.008535   0.041270,
	  0.128178   0.005558   0.041760,
	  0.121888   0.005862   0.039597,
	  0.115816   0.006693   0.037067,
	  0.117598   0.006319   0.035840,
	  0.125115   0.004481   0.035339,
	  0.137664   0.003303   0.036428,
	  0.134623   0.004170   0.035032,
	  0.130820   0.008176   0.038462,
	  0.134621   0.006339   0.037198,
	  0.120882   0.011312   0.038493,
	  0.102369   0.014679   0.036684,
	  0.101539   0.012430   0.037232,
	  0.100230   0.010060   0.036402,
	  0.098615   0.008697   0.033787,
	  0.101568   0.008581   0.031659,
	  0.114907   0.007170   0.033028,
	  0.131158   0.005031   0.036180,
	  0.129253   0.008493   0.035181,
	  0.117388   0.010817   0.033857,
	  0.121763   0.011242   0.036273,
	  0.104377   0.015697   0.035216,
	  0.088739   0.020632   0.036567,
	  0.081348   0.017563   0.036990,
	  0.081233   0.011951   0.036185,
	  0.082162   0.007701   0.031875,
	  0.080580   0.006750   0.025075,
	  0.100600   0.009039   0.027051,
	  0.114094   0.009546   0.032824,
	  0.109279   0.013365   0.031721,
	  0.103215   0.015927   0.032549,
	  0.099588   0.018853   0.031154,
	  0.097187   0.018886   0.034169,
	  0.081676   0.022250   0.034617,
	  0.067639   0.021880   0.034311,
	  0.070714   0.014538   0.035624,
	  0.075429   0.008750   0.031158,
	  0.076537   0.006964   0.023935,
	  0.089699   0.011057   0.024755,
	  0.100148   0.013311   0.028673,
	  0.099787   0.016415   0.029535,
	  0.096147   0.019543   0.030695,
	  0.092753   0.020449   0.033186,
	  0.078890   0.022751   0.033650,
	  0.069754   0.021393   0.032783,
	  0.070537   0.016195   0.033519,
	  0.072108   0.010823   0.030386,
	  0.073428   0.010763   0.024210,
	  0.083765   0.012834   0.023545,
	  0.091762   0.015608   0.025331,
	  0.092130   0.019118   0.026799,
	  0.090062   0.021783   0.029138,
	  0.088142   0.022900   0.032445,
	  0.080283   0.021879   0.032545,
	  0.074972   0.020282   0.032666,
	  0.073804   0.016750   0.032566,
	  0.074506   0.013066   0.030287,
	  0.076146   0.012387   0.026215,
	  0.082621   0.013913   0.024131,
	  0.087153   0.016396   0.025022,
	  0.087928   0.019386   0.026212,
	  0.086585   0.021599   0.028247,
	  0.085159   0.022195   0.030901,
	  0.080594   0.018294   0.028791,
	  0.116538   0.032498  -0.017579,
	  0.116783   0.033061  -0.019936,
	  0.116349   0.036186  -0.018171,
	  0.116689   0.033060  -0.016524,
	  0.115930   0.028686  -0.015136,
	  0.116688   0.028687  -0.022681,
	  0.111771   0.032507  -0.021714,
	  0.110403   0.027959  -0.025007,
	  0.107732   0.033076  -0.022229,
	  0.111271   0.032507  -0.018521,
	  0.110688   0.028544  -0.017200,
	  0.116171   0.023686  -0.016553,
	  0.118337   0.024058  -0.019693,
	  0.116257   0.022568  -0.023245,
	  0.113122   0.022958  -0.026218,
	  0.105177   0.028493  -0.026002,
	  0.112387   0.023405  -0.028035,
	  0.109698   0.022847  -0.028081,
	  0.105497   0.023347  -0.028881,
	  0.100874   0.028712  -0.025850,
	  0.105625   0.028206  -0.021188,
	  0.108834   0.023436  -0.019077,
	  0.118009   0.017433  -0.016229,
	  0.116801   0.017452  -0.019428,
	  0.116623   0.017135  -0.027771,
	  0.112886   0.017379  -0.029097,
	  0.099390   0.023460  -0.029243,
	  0.107979   0.017380  -0.029707,
	  0.101314   0.017406  -0.032005,
	  0.096608   0.023719  -0.027618,
	  0.103777   0.023707  -0.022927,
	  0.106774   0.017430  -0.021221,
	  0.112047   0.010786  -0.016374,
	  0.106807   0.011201  -0.019346,
	  0.115187   0.011339  -0.023967,
	  0.113708   0.011382  -0.028754,
	  0.109113   0.010795  -0.033203,
	  0.095975   0.017471  -0.032362,
	  0.104016   0.011720  -0.034174,
	  0.097395   0.011220  -0.035793,
	  0.096331   0.016846  -0.029856,
	  0.094802   0.017471  -0.025714,
	  0.096222   0.017470  -0.024766,
	  0.100292   0.016836  -0.024420,
	  0.102447   0.011209  -0.023415,
	  0.109376   0.008192  -0.025384,
	  0.107921   0.008597  -0.025798,
	  0.102255   0.008780  -0.026319,
	  0.109913   0.008304  -0.028477,
	  0.105509   0.008472  -0.032031,
	  0.095178   0.011224  -0.035105,
	  0.102459   0.008087  -0.035027,
	  0.098458   0.008093  -0.033575,
	  0.095891   0.012096  -0.030260,
	  0.093481   0.011224  -0.026201,
	  0.093461   0.011223  -0.023920,
	  0.095844   0.011219  -0.022675,
	  0.097855   0.011216  -0.023653,
	  0.105480   0.007498  -0.030126,
	  0.098541   0.008992  -0.027936,
	  0.106181   0.025992  -0.013008,
	  0.105914   0.021829  -0.011450,
	  0.105717   0.016329  -0.010297,
	  0.105240   0.027948  -0.007519,
	  0.105032   0.030973  -0.006299,
	  0.104795   0.033006  -0.008738,
	  0.104924   0.033201  -0.012159,
	  0.105438   0.032095  -0.016843,
	  0.107296   0.027055  -0.019513,
	  0.106797   0.020935  -0.016599,
	  0.106135   0.016191  -0.012737,
	  0.100590   0.023267  -0.010909,
	  0.100139   0.029357  -0.008279,
	  0.100588   0.019355  -0.010898,
	  0.099623   0.032898  -0.005274,
	  0.099821   0.037848  -0.006425,
	  0.100829   0.036082  -0.013524,
	  0.102063   0.035785  -0.019504,
	  0.102065   0.031903  -0.020190,
	  0.102458   0.028842  -0.021807,
	  0.101140   0.024146  -0.017171,
	  0.101121   0.020195  -0.014261,
	  0.095448   0.020798  -0.011429,
	  0.095335   0.026398  -0.010772,
	  0.094902   0.031213  -0.008248,
	  0.095141   0.034187  -0.006586,
	  0.094646   0.037367  -0.006754,
	  0.095220   0.036973  -0.010203,
	  0.096482   0.036958  -0.014546,
	  0.096630   0.035044  -0.018139,
	  0.097313   0.031741  -0.019306,
	  0.096482   0.026842  -0.017471,
	  0.095994   0.022092  -0.014894,
	  0.090017   0.020661  -0.010268,
	  0.090191   0.017979  -0.011285,
	  0.089890   0.027467  -0.009523,
	  0.089413   0.031867  -0.006744,
	  0.089367   0.034892  -0.006474,
	  0.092096   0.034660  -0.014517,
	  0.091400   0.031454  -0.018332,
	  0.090818   0.021279  -0.014944,
	  0.090458   0.027740  -0.012346,
	  0.088897   0.033095   0.000627,
	  0.094692   0.031823   0.008917,
	  0.097298   0.031823   0.008170,
	  0.087509   0.031823   0.004667,
	  0.080962   0.031823   0.004718,
	  0.078178   0.031823   0.000357,
	  0.077033   0.031823  -0.005748,
	  0.081891   0.031823  -0.006667,
	  0.084975   0.031823  -0.004727,
	  0.092108   0.031823  -0.005946,
	  0.097424   0.031823  -0.005135,
	  0.099361   0.031823  -0.001367,
	  0.097349   0.031823   0.003927,
	  0.098489   0.026198   0.008254,
	  0.092933   0.026094   0.006629,
	  0.098034   0.026510   0.003717,
	  0.089122   0.026198   0.002351,
	  0.084593   0.026698   0.003887,
	  0.081487   0.026136   0.002700,
	  0.079855   0.026089  -0.000799,
	  0.078517   0.026198  -0.004090,
	  0.081135   0.026094  -0.004686,
	  0.085110   0.026085  -0.004898,
	  0.090480   0.026084  -0.003499,
	  0.095723   0.026687  -0.003220,
	  0.097785   0.026161  -0.001255,
	  0.094021   0.019939   0.006539,
	  0.096680   0.019276   0.006336,
	  0.088960   0.019948   0.003274,
	  0.097197   0.019948   0.002630,
	  0.086110   0.019948   0.004675,
	  0.082661   0.019934   0.001680,
	  0.080206   0.020561  -0.000939,
	  0.079727   0.019948  -0.003748,
	  0.084145   0.019930  -0.003635,
	  0.089301   0.019928  -0.001852,
	  0.094745   0.021016  -0.000644,
	  0.093283   0.013698   0.003591,
	  0.088746   0.015130   0.003073,
	  0.090725   0.015218  -0.000247,
	  0.093626   0.013698   0.000922,
	  0.085324   0.014933   0.002492,
	  0.081700   0.013698  -0.001624,
	  0.084361   0.013698  -0.003757,
	  0.087691   0.013698  -0.002852,
	  0.088540   0.012135   0.000977,
	  0.062948   0.018576   0.022108,
	  0.064095   0.017719   0.024509,
	  0.064449   0.020921   0.022498,
	  0.063719   0.015689   0.026642,
	  0.062935   0.015420   0.021244,
	  0.065262   0.017213   0.017035,
	  0.069739   0.026289   0.019221,
	  0.066499   0.019668   0.022223,
	  0.070970   0.022305   0.009576,
	  0.070404   0.025671   0.015140,
	  0.060563   0.011321   0.022060,
	  0.066172   0.015885   0.024387,
	  0.064585   0.012404   0.025973,
	  0.065207   0.011018   0.022910,
	  0.063366   0.013018   0.015702,
	  0.068506   0.016102   0.003732,
	  0.071603   0.028958   0.021807,
	  0.073135   0.028236   0.016837,
	  0.071806   0.023830   0.023121,
	  0.071384   0.017740   0.024462,
	  0.074948   0.020630   0.004486,
	  0.075468   0.024388   0.005594,
	  0.073623   0.029364   0.010351,
	  0.066598   0.010808   0.019056,
	  0.066465   0.012042   0.015310,
	  0.067411   0.009878   0.009948,
	  0.071119   0.012810   0.024549,
	  0.071361   0.010628   0.020987,
	  0.068270   0.009968   0.005073,
	  0.074646   0.013698   0.004684,
	  0.078700   0.026018   0.017496,
	  0.077351   0.023803   0.021550,
	  0.079619   0.026522   0.011974,
	  0.077588   0.018806   0.023543,
	  0.077484   0.014115   0.024204,
	  0.080794   0.014949   0.005458,
	  0.080867   0.021100   0.005524,
	  0.080568   0.024332   0.007120,
	  0.072981   0.010129   0.014137,
	  0.074302   0.008613   0.006509,
	  0.077341   0.009925   0.023137,
	  0.078216   0.009397   0.019762,
	  0.074901   0.009878   0.003100,
	  0.080916   0.009641   0.004647,
	  0.083139   0.021836   0.018795,
	  0.085273   0.025710   0.015546,
	  0.086047   0.025530   0.011159,
	  0.085251   0.025755   0.015669,
	  0.082897   0.016797   0.021380,
	  0.083708   0.014056   0.023145,
	  0.086788   0.012539   0.006955,
	  0.086433   0.017636   0.008966,
	  0.086454   0.024086   0.008845,
	  0.079890   0.009566   0.013995,
	  0.080292   0.008500   0.008472,
	  0.080951   0.006855   0.004418,
	  0.083458   0.010128   0.023007,
	  0.085014   0.010554   0.017010,
	  0.086551   0.009607   0.008296,
	  0.086119   0.017320   0.014313,
	  0.085950   0.009607   0.011708,
	  0.088000   0.026381  -0.037401,
	  0.091068   0.033648  -0.035021,
	  0.094428   0.028315  -0.033456,
	  0.083883   0.031319  -0.038372,
	  0.083497   0.027774  -0.038553,
	  0.082033   0.024845  -0.039235,
	  0.084058   0.021275  -0.037248,
	  0.088104   0.020210  -0.035257,
	  0.090383   0.022140  -0.034184,
	  0.091305   0.032821  -0.028905,
	  0.088851   0.037152  -0.028918,
	  0.086004   0.036458  -0.031928,
	  0.092037   0.028114  -0.027901,
	  0.089977   0.021879  -0.028876,
	  0.083118   0.035765  -0.031637,
	  0.080564   0.033116  -0.034230,
	  0.082221   0.029310  -0.033142,
	  0.081799   0.022864  -0.032819,
	  0.080614   0.017929  -0.034208,
	  0.083947   0.015730  -0.032155,
	  0.086988   0.016726  -0.030605,
	  0.091468   0.032211  -0.021452,
	  0.091574   0.039122  -0.021511,
	  0.087345   0.038999  -0.022580,
	  0.083864   0.038291  -0.025397,
	  0.091205   0.026623  -0.022236,
	  0.086351   0.017636  -0.023813,
	  0.088755   0.021726  -0.022012,
	  0.080192   0.038243  -0.026818,
	  0.079859   0.036047  -0.026974,
	  0.080596   0.028536  -0.026534,
	  0.079581   0.022768  -0.026251,
	  0.077204   0.015958  -0.028212,
	  0.079886   0.015557  -0.026920,
	  0.082961   0.015119  -0.025418,
	  0.088682   0.028602  -0.015789,
	  0.088439   0.034908  -0.015422,
	  0.086406   0.038271  -0.016335,
	  0.082674   0.036467  -0.018025,
	  0.079051   0.035491  -0.019766,
	  0.082049   0.018570  -0.018366,
	  0.084133   0.022749  -0.016822,
	  0.075606   0.032500  -0.021372,
	  0.076791   0.027071  -0.021483,
	  0.076144   0.023445  -0.021121,
	  0.079671   0.018975  -0.020219,
	  0.084762   0.032290  -0.009562,
	  0.083964   0.028193  -0.009887,
	  0.083111   0.035963  -0.010287,
	  0.078047   0.034648  -0.013401,
	  0.074113   0.032874  -0.014545,
	  0.077058   0.023780  -0.014434,
	  0.079132   0.022451  -0.012141,
	  0.080542   0.024752  -0.010667,
	  0.071004   0.031538  -0.015931,
	  0.071635   0.028784  -0.015638,
	  0.079227   0.029076  -0.005843,
	  0.078370   0.030816  -0.006376,
	  0.078096   0.027244  -0.006417,
	  0.075158   0.031535  -0.008337,
	  0.069802   0.029969  -0.008906,
	  0.074905   0.027088  -0.008693,
	  0.075197   0.028525  -0.004493,
	 -0.007928   0.011089  -0.002466,
	 -0.006475   0.009886  -0.008124,
	 -0.009800   0.006447  -0.006334,
	 -0.008750   0.008045  -0.001771,
	 -0.004857   0.018552   0.001627,
	 -0.003690   0.020095  -0.003036,
	 -0.004527   0.016119   0.003911,
	 -0.005553   0.003581  -0.013011,
	 -0.000772   0.018081  -0.012413,
	  0.000624   0.011111  -0.016810,
	 -0.004554   0.001729  -0.015819,
	 -0.004003   0.000981  -0.009120,
	 -0.005921   0.004724  -0.003307,
	 -0.002931   0.011628   0.005138,
	  0.000944   0.025782   0.004034,
	  0.002370   0.029251  -0.000993,
	  0.002641   0.027782  -0.008707,
	  0.002454   0.018972   0.009334,
	  0.004620   0.003193  -0.021065,
	  0.005396  -0.005126  -0.022695,
	  0.005172   0.027006  -0.013016,
	  0.006443   0.021472  -0.015961,
	  0.008331   0.013352  -0.019518,
	  0.006055  -0.008774  -0.020801,
	  0.004757  -0.006383  -0.014245,
	  0.004430  -0.005156  -0.006465,
	  0.002056  -0.001623  -0.001536,
	  0.000421   0.004049   0.003059,
	  0.004747   0.011427   0.008924,
	  0.003545   0.014834   0.010032,
	  0.009408   0.032206   0.004104,
	  0.009926   0.024844   0.009384,
	  0.010152   0.032518  -0.008052,
	  0.010059   0.017777   0.011058,
	  0.012262   0.007258  -0.022939,
	  0.013694   0.000056  -0.024458,
	  0.015471  -0.006038  -0.022654,
	  0.013075   0.030355  -0.013790,
	  0.015979   0.018167  -0.017923,
	  0.014722  -0.008869  -0.017287,
	  0.013507  -0.008105  -0.010953,
	  0.012264  -0.006529  -0.006031,
	  0.010601  -0.003739  -0.000741,
	  0.009167  -0.001820   0.003936,
	  0.007818   0.000287   0.007181,
	  0.007243   0.006443   0.007463,
	  0.012961   0.012713   0.010773,
	  0.017659   0.034776   0.005675,
	  0.017040   0.035050   0.000631,
	  0.016856   0.030669   0.008463,
	  0.018389   0.023422   0.010830,
	  0.018281   0.034414  -0.009792,
	  0.020806   0.005718  -0.022569,
	  0.021980  -0.000432  -0.024714,
	  0.024313  -0.005678  -0.025198,
	  0.024253  -0.008781  -0.020068,
	  0.021199   0.033527  -0.014263,
	  0.022835   0.028169  -0.016284,
	  0.027504   0.015275  -0.018072,
	  0.022508  -0.006210  -0.013998,
	  0.018761  -0.004144  -0.004366,
	  0.017675  -0.001445   0.005424,
	  0.016492  -0.002445   0.011749,
	  0.015774   0.001019   0.012899,
	  0.014759   0.006206   0.010987,
	  0.022116   0.014151   0.011858,
	  0.024472   0.034643   0.006284,
	  0.025474   0.030779   0.010318,
	  0.025413   0.034843   0.002430,
	  0.025483   0.032488  -0.005689,
	  0.028426   0.022624   0.013930,
	  0.026990   0.031884  -0.012007,
	  0.029165   0.005369  -0.021424,
	  0.030491   0.002893  -0.021506,
	  0.029480   0.000377  -0.015585,
	  0.031064   0.029365  -0.020143,
	  0.036479   0.023555  -0.019226,
	  0.039802   0.013653  -0.016706,
	  0.036804   0.010916  -0.017907,
	  0.027145   0.000882  -0.000193,
	  0.026801   0.001065   0.007316,
	  0.025104   0.001544   0.011313,
	  0.023705   0.004309   0.014804,
	  0.022913   0.005745   0.014658,
	  0.031641   0.010213   0.012649,
	  0.030994   0.017478   0.015399,
	  0.035172   0.029667   0.005091,
	  0.033341   0.028658   0.009157,
	  0.038045   0.023989   0.013482,
	  0.033445   0.030574  -0.000501,
	  0.037635   0.027059  -0.011559,
	  0.040568   0.021298   0.019624,
	  0.040425   0.028975  -0.019613,
	  0.037652   0.007545  -0.017324,
	  0.037891   0.006790  -0.013777,
	  0.037453   0.005732  -0.004867,
	  0.046468   0.028294  -0.025215,
	  0.045683   0.026633  -0.023968,
	  0.048990   0.022732  -0.023523,
	  0.048946   0.017837  -0.020643,
	  0.049112   0.012977  -0.018057,
	  0.049909   0.010815  -0.014051,
	  0.037024   0.005098   0.000533,
	  0.035568   0.004010   0.004975,
	  0.034334   0.005667   0.009036,
	  0.043610   0.013118   0.011589,
	  0.042036   0.018079   0.017217,
	  0.045592   0.027670   0.011507,
	  0.046200   0.026536   0.005867,
	  0.045298   0.025074  -0.000518,
	  0.048272   0.024616  -0.006325,
	  0.047307   0.025879   0.014178,
	  0.050266   0.028006  -0.012903,
	  0.053866   0.032786  -0.022134,
	  0.048659   0.024642   0.020542,
	  0.055762   0.031868  -0.024437,
	  0.047302   0.010889  -0.010396,
	  0.047668   0.011130  -0.007323,
	  0.048147   0.008895  -0.002337,
	  0.059227   0.030990  -0.024329,
	  0.062667   0.028276  -0.024055,
	  0.058821   0.020278  -0.025947,
	  0.058927   0.018273  -0.023604,
	  0.057480   0.017413  -0.019376,
	  0.056188   0.015503  -0.013265,
	  0.058033   0.012475  -0.010714,
	  0.046767   0.007755   0.003031,
	  0.045368   0.009367   0.007347,
	  0.052705   0.016095   0.010784,
	  0.051068   0.019010   0.015366,
	  0.049866   0.021372   0.018834,
	  0.055231   0.028790   0.012959,
	  0.055774   0.029437   0.010299,
	  0.053022   0.028636   0.004049,
	  0.054704   0.026708   0.014340,
	  0.055838   0.030629  -0.000406,
	  0.060407   0.028903  -0.007302,
	  0.059228   0.022870   0.015298,
	  0.056564   0.023562   0.017206,
	  0.061297   0.027242  -0.018195,
	  0.056711   0.011844  -0.004353,
	  0.056129   0.010650   0.000075,
	  0.063531   0.024029  -0.020417,
	  0.068407   0.022121  -0.017062,
	  0.067995   0.021631  -0.013961,
	  0.063709   0.018515  -0.010031,
	  0.065687   0.012501  -0.002194,
	  0.054675   0.011187   0.006728,
	  0.062593   0.011763   0.013353,
	  0.061851   0.013506   0.014873,
	  0.060873   0.018242   0.013112,
	  0.060954   0.028450   0.010506,
	  0.059850   0.029726   0.004238,
	  0.060623   0.029993  -0.001552,
	  0.063909   0.026028  -0.010407,
	  0.065377   0.026145   0.011713,
	  0.064362   0.026705   0.013688,
	  0.062922   0.027318   0.014084,
	  0.063451   0.011763   0.008490,
	  0.067908   0.027374  -0.007006,
	  0.069356   0.022093  -0.007068,
	  0.067734   0.023078  -0.003683,
	  0.066528   0.023976  -0.001849,
	  0.065839   0.025310   0.000709,
	  0.065642   0.025307   0.006357,
	  0.066554   0.031337   0.010016,
	  0.063622   0.031284   0.000750,
	  0.066785   0.032574  -0.001713,
     ]    } 
    coordIndex [ 
	     0,      1,      2, -1 
	     0,      3,      4, -1 
	     0,      4,      1, -1 
	     5,      0,      2, -1 
	     5,      3,      0, -1 
	     1,      6,      2, -1 
	     1,      4,      7, -1 
	     1,      7,      6, -1 
	     8,      5,      2, -1 
	     9,      8,      2, -1 
	    10,      9,      2, -1 
	    11,     10,      2, -1 
	    12,     11,      2, -1 
	    13,     12,      2, -1 
	     6,     13,      2, -1 
	     5,     14,      3, -1 
	     3,     15,     16, -1 
	     3,     16,      4, -1 
	    14,     15,      3, -1 
	     4,     16,     17, -1 
	     4,     17,      7, -1 
	     8,     14,      5, -1 
	     6,      7,     18, -1 
	     6,     18,     13, -1 
	     7,     17,     19, -1 
	     7,     19,     18, -1 
	     8,     20,     14, -1 
	     9,     20,      8, -1 
	     9,     21,     20, -1 
	    10,     21,      9, -1 
	    10,     22,     21, -1 
	    11,     22,     10, -1 
	    11,     23,     22, -1 
	    12,     23,     11, -1 
	    12,     24,     23, -1 
	    13,     24,     12, -1 
	    13,     18,     24, -1 
	    14,     25,     15, -1 
	    20,     25,     14, -1 
	    15,     26,     27, -1 
	    15,     27,     16, -1 
	    25,     26,     15, -1 
	    16,     27,     28, -1 
	    16,     28,     17, -1 
	    17,     28,     29, -1 
	    17,     29,     19, -1 
	    18,     19,     30, -1 
	    18,     30,     24, -1 
	    19,     29,     31, -1 
	    19,     31,     30, -1 
	    20,     32,     25, -1 
	    21,     32,     20, -1 
	    21,     33,     32, -1 
	    22,     33,     21, -1 
	    22,     34,     33, -1 
	    23,     34,     22, -1 
	    23,     35,     34, -1 
	    24,     35,     23, -1 
	    24,     30,     35, -1 
	    25,     36,     26, -1 
	    36,     25,     32, -1 
	    26,     37,     38, -1 
	    26,     38,     27, -1 
	    36,     37,     26, -1 
	    27,     38,     39, -1 
	    27,     39,     28, -1 
	    28,     39,     40, -1 
	    28,     40,     29, -1 
	    29,     40,     41, -1 
	    29,     41,     31, -1 
	    30,     31,     42, -1 
	    30,     42,     35, -1 
	    31,     41,     43, -1 
	    31,     43,     42, -1 
	    44,     36,     32, -1 
	    33,     44,     32, -1 
	    33,     45,     44, -1 
	    34,     45,     33, -1 
	    34,     46,     45, -1 
	    35,     46,     34, -1 
	    35,     42,     46, -1 
	    36,     47,     37, -1 
	    44,     47,     36, -1 
	    37,     48,     49, -1 
	    37,     49,     38, -1 
	    47,     48,     37, -1 
	    38,     49,     50, -1 
	    38,     50,     39, -1 
	    39,     50,     51, -1 
	    39,     51,     40, -1 
	    40,     51,     52, -1 
	    40,     52,     41, -1 
	    41,     52,     53, -1 
	    41,     53,     43, -1 
	    42,     43,     54, -1 
	    42,     54,     46, -1 
	    43,     53,     55, -1 
	    43,     55,     54, -1 
	    44,     56,     47, -1 
	    45,     56,     44, -1 
	    45,     57,     56, -1 
	    46,     57,     45, -1 
	    46,     54,     57, -1 
	    47,     58,     48, -1 
	    56,     58,     47, -1 
	    48,     59,     60, -1 
	    48,     60,     49, -1 
	    58,     59,     48, -1 
	    49,     60,     61, -1 
	    49,     61,     50, -1 
	    50,     61,     62, -1 
	    50,     62,     51, -1 
	    51,     62,     63, -1 
	    51,     63,     52, -1 
	    52,     63,     64, -1 
	    52,     64,     53, -1 
	    53,     64,     65, -1 
	    53,     65,     55, -1 
	    54,     55,     66, -1 
	    54,     66,     57, -1 
	    55,     65,     67, -1 
	    55,     67,     66, -1 
	    56,     68,     58, -1 
	    57,     68,     56, -1 
	    57,     66,     68, -1 
	    58,     69,     59, -1 
	    68,     69,     58, -1 
	    59,     70,     71, -1 
	    59,     71,     60, -1 
	    69,     70,     59, -1 
	    60,     71,     72, -1 
	    60,     72,     61, -1 
	    61,     72,     73, -1 
	    61,     73,     62, -1 
	    62,     73,     74, -1 
	    62,     74,     63, -1 
	    63,     74,     75, -1 
	    63,     75,     64, -1 
	    64,     75,     76, -1 
	    64,     76,     65, -1 
	    65,     76,     77, -1 
	    65,     77,     67, -1 
	    66,     67,     78, -1 
	    66,     78,     68, -1 
	    67,     77,     79, -1 
	    67,     79,     78, -1 
	    68,     78,     69, -1 
	    69,     80,     70, -1 
	    78,     80,     69, -1 
	    70,     81,     82, -1 
	    70,     82,     71, -1 
	    80,     81,     70, -1 
	    71,     82,     83, -1 
	    71,     83,     72, -1 
	    72,     83,     84, -1 
	    72,     84,     73, -1 
	    73,     84,     85, -1 
	    73,     85,     74, -1 
	    74,     85,     86, -1 
	    74,     86,     75, -1 
	    75,     86,     87, -1 
	    75,     87,     76, -1 
	    76,     87,     88, -1 
	    76,     88,     77, -1 
	    77,     88,     89, -1 
	    77,     89,     79, -1 
	    78,     79,     80, -1 
	    79,     89,     90, -1 
	    79,     90,     80, -1 
	    80,     90,     81, -1 
	    81,     91,     92, -1 
	    81,     92,     82, -1 
	    90,     91,     81, -1 
	    82,     92,     93, -1 
	    82,     93,     83, -1 
	    83,     93,     94, -1 
	    83,     94,     84, -1 
	    84,     94,     95, -1 
	    84,     95,     85, -1 
	    85,     95,     96, -1 
	    85,     96,     86, -1 
	    86,     96,     97, -1 
	    86,     97,     87, -1 
	    87,     97,     98, -1 
	    87,     98,     88, -1 
	    88,     98,     99, -1 
	    88,     99,     89, -1 
	    89,     99,    100, -1 
	    89,    100,     90, -1 
	    90,    100,     91, -1 
	    91,    101,    102, -1 
	    91,    102,     92, -1 
	   100,    101,     91, -1 
	    92,    102,    103, -1 
	    92,    103,     93, -1 
	    93,    103,    104, -1 
	    93,    104,     94, -1 
	    94,    104,    105, -1 
	    94,    105,     95, -1 
	    95,    105,    106, -1 
	    95,    106,     96, -1 
	    96,    106,    107, -1 
	    96,    107,     97, -1 
	    97,    107,    108, -1 
	    97,    108,     98, -1 
	    98,    108,    109, -1 
	    98,    109,     99, -1 
	    99,    109,    110, -1 
	    99,    110,    100, -1 
	   100,    110,    101, -1 
	   101,    111,    102, -1 
	   110,    111,    101, -1 
	   102,    111,    103, -1 
	   103,    111,    104, -1 
	   104,    111,    105, -1 
	   105,    111,    106, -1 
	   106,    111,    107, -1 
	   107,    111,    108, -1 
	   108,    111,    109, -1 
	   109,    111,    110, -1 
	   112,    113,    114, -1 
	   112,    115,    116, -1 
	   112,    116,    113, -1 
	   117,    112,    114, -1 
	   117,    115,    112, -1 
	   113,    118,    114, -1 
	   113,    116,    119, -1 
	   113,    119,    118, -1 
	   120,    117,    114, -1 
	   121,    120,    114, -1 
	   122,    121,    114, -1 
	   123,    122,    114, -1 
	   124,    123,    114, -1 
	   125,    124,    114, -1 
	   118,    125,    114, -1 
	   117,    126,    115, -1 
	   115,    127,    128, -1 
	   115,    128,    116, -1 
	   126,    127,    115, -1 
	   116,    128,    129, -1 
	   116,    129,    119, -1 
	   120,    126,    117, -1 
	   118,    119,    130, -1 
	   118,    130,    125, -1 
	   119,    129,    131, -1 
	   119,    131,    130, -1 
	   120,    132,    126, -1 
	   121,    132,    120, -1 
	   121,    133,    132, -1 
	   122,    133,    121, -1 
	   122,    134,    133, -1 
	   123,    134,    122, -1 
	   123,    135,    134, -1 
	   124,    135,    123, -1 
	   124,    136,    135, -1 
	   125,    136,    124, -1 
	   125,    130,    136, -1 
	   126,    137,    127, -1 
	   132,    137,    126, -1 
	   127,    138,    139, -1 
	   127,    139,    128, -1 
	   137,    138,    127, -1 
	   128,    139,    140, -1 
	   128,    140,    129, -1 
	   129,    140,    141, -1 
	   129,    141,    131, -1 
	   130,    131,    142, -1 
	   130,    142,    136, -1 
	   131,    141,    143, -1 
	   131,    143,    142, -1 
	   132,    144,    137, -1 
	   133,    144,    132, -1 
	   133,    145,    144, -1 
	   134,    145,    133, -1 
	   134,    146,    145, -1 
	   135,    146,    134, -1 
	   135,    147,    146, -1 
	   136,    147,    135, -1 
	   136,    142,    147, -1 
	   137,    148,    138, -1 
	   144,    148,    137, -1 
	   138,    149,    150, -1 
	   138,    150,    139, -1 
	   148,    149,    138, -1 
	   139,    150,    151, -1 
	   139,    151,    140, -1 
	   140,    151,    152, -1 
	   140,    152,    141, -1 
	   141,    152,    153, -1 
	   141,    153,    143, -1 
	   142,    143,    154, -1 
	   142,    154,    147, -1 
	   143,    153,    155, -1 
	   143,    155,    154, -1 
	   144,    156,    148, -1 
	   145,    156,    144, -1 
	   145,    157,    156, -1 
	   146,    157,    145, -1 
	   146,    158,    157, -1 
	   147,    158,    146, -1 
	   147,    154,    158, -1 
	   148,    159,    149, -1 
	   156,    159,    148, -1 
	   149,    160,    161, -1 
	   149,    161,    150, -1 
	   159,    160,    149, -1 
	   150,    161,    162, -1 
	   150,    162,    151, -1 
	   151,    162,    163, -1 
	   151,    163,    152, -1 
	   152,    163,    164, -1 
	   152,    164,    153, -1 
	   153,    164,    165, -1 
	   153,    165,    155, -1 
	   154,    155,    166, -1 
	   154,    166,    158, -1 
	   155,    165,    167, -1 
	   155,    167,    166, -1 
	   156,    168,    159, -1 
	   157,    168,    156, -1 
	   157,    169,    168, -1 
	   158,    169,    157, -1 
	   158,    166,    169, -1 
	   159,    170,    160, -1 
	   168,    170,    159, -1 
	   160,    171,    172, -1 
	   160,    172,    161, -1 
	   170,    171,    160, -1 
	   161,    172,    173, -1 
	   161,    173,    162, -1 
	   162,    173,    174, -1 
	   162,    174,    163, -1 
	   163,    174,    175, -1 
	   163,    175,    164, -1 
	   164,    175,    176, -1 
	   164,    176,    165, -1 
	   165,    176,    177, -1 
	   165,    177,    167, -1 
	   166,    167,    178, -1 
	   166,    178,    169, -1 
	   167,    177,    179, -1 
	   167,    179,    178, -1 
	   168,    180,    170, -1 
	   169,    180,    168, -1 
	   169,    178,    180, -1 
	   170,    181,    171, -1 
	   180,    181,    170, -1 
	   171,    182,    183, -1 
	   171,    183,    172, -1 
	   181,    182,    171, -1 
	   172,    183,    184, -1 
	   172,    184,    173, -1 
	   173,    184,    185, -1 
	   173,    185,    174, -1 
	   174,    185,    186, -1 
	   174,    186,    175, -1 
	   175,    186,    187, -1 
	   175,    187,    176, -1 
	   176,    187,    188, -1 
	   176,    188,    177, -1 
	   177,    188,    189, -1 
	   177,    189,    179, -1 
	   178,    179,    190, -1 
	   178,    190,    180, -1 
	   179,    189,    191, -1 
	   179,    191,    190, -1 
	   180,    190,    181, -1 
	   181,    192,    182, -1 
	   190,    192,    181, -1 
	   182,    193,    194, -1 
	   182,    194,    183, -1 
	   192,    193,    182, -1 
	   183,    194,    195, -1 
	   183,    195,    184, -1 
	   184,    195,    196, -1 
	   184,    196,    185, -1 
	   185,    196,    197, -1 
	   185,    197,    186, -1 
	   186,    197,    198, -1 
	   186,    198,    187, -1 
	   187,    198,    199, -1 
	   187,    199,    188, -1 
	   188,    199,    200, -1 
	   188,    200,    189, -1 
	   189,    200,    201, -1 
	   189,    201,    191, -1 
	   190,    191,    192, -1 
	   191,    201,    202, -1 
	   191,    202,    192, -1 
	   192,    202,    193, -1 
	   193,    203,    204, -1 
	   193,    204,    194, -1 
	   202,    203,    193, -1 
	   194,    204,    205, -1 
	   194,    205,    195, -1 
	   195,    205,    206, -1 
	   195,    206,    196, -1 
	   196,    206,    207, -1 
	   196,    207,    197, -1 
	   197,    207,    208, -1 
	   197,    208,    198, -1 
	   198,    208,    209, -1 
	   198,    209,    199, -1 
	   199,    209,    210, -1 
	   199,    210,    200, -1 
	   200,    210,    211, -1 
	   200,    211,    201, -1 
	   201,    211,    212, -1 
	   201,    212,    202, -1 
	   202,    212,    203, -1 
	   203,    213,    214, -1 
	   203,    214,    204, -1 
	   212,    213,    203, -1 
	   204,    214,    215, -1 
	   204,    215,    205, -1 
	   205,    215,    216, -1 
	   205,    216,    206, -1 
	   206,    216,    217, -1 
	   206,    217,    207, -1 
	   207,    217,    218, -1 
	   207,    218,    208, -1 
	   208,    218,    219, -1 
	   208,    219,    209, -1 
	   209,    219,    220, -1 
	   209,    220,    210, -1 
	   210,    220,    221, -1 
	   210,    221,    211, -1 
	   211,    221,    222, -1 
	   211,    222,    212, -1 
	   212,    222,    213, -1 
	   213,    223,    214, -1 
	   222,    223,    213, -1 
	   214,    223,    215, -1 
	   215,    223,    216, -1 
	   216,    223,    217, -1 
	   217,    223,    218, -1 
	   218,    223,    219, -1 
	   219,    223,    220, -1 
	   220,    223,    221, -1 
	   221,    223,    222, -1 
	   224,    225,    226, -1 
	   224,    227,    228, -1 
	   224,    228,    225, -1 
	   229,    224,    226, -1 
	   229,    227,    224, -1 
	   225,    230,    226, -1 
	   225,    228,    231, -1 
	   225,    231,    230, -1 
	   232,    229,    226, -1 
	   233,    232,    226, -1 
	   234,    233,    226, -1 
	   235,    234,    226, -1 
	   236,    235,    226, -1 
	   237,    236,    226, -1 
	   230,    237,    226, -1 
	   229,    238,    227, -1 
	   227,    239,    240, -1 
	   227,    240,    228, -1 
	   238,    239,    227, -1 
	   228,    240,    241, -1 
	   228,    241,    231, -1 
	   232,    238,    229, -1 
	   230,    231,    242, -1 
	   230,    242,    237, -1 
	   231,    241,    243, -1 
	   231,    243,    242, -1 
	   232,    244,    238, -1 
	   233,    244,    232, -1 
	   233,    245,    244, -1 
	   234,    245,    233, -1 
	   234,    246,    245, -1 
	   235,    246,    234, -1 
	   235,    247,    246, -1 
	   236,    247,    235, -1 
	   236,    248,    247, -1 
	   237,    248,    236, -1 
	   237,    242,    248, -1 
	   238,    249,    239, -1 
	   244,    249,    238, -1 
	   239,    250,    251, -1 
	   239,    251,    240, -1 
	   249,    250,    239, -1 
	   240,    251,    252, -1 
	   240,    252,    241, -1 
	   241,    252,    253, -1 
	   241,    253,    243, -1 
	   242,    243,    254, -1 
	   242,    254,    248, -1 
	   243,    253,    255, -1 
	   243,    255,    254, -1 
	   244,    256,    249, -1 
	   245,    256,    244, -1 
	   245,    257,    256, -1 
	   246,    257,    245, -1 
	   246,    258,    257, -1 
	   247,    258,    246, -1 
	   247,    259,    258, -1 
	   248,    259,    247, -1 
	   248,    254,    259, -1 
	   249,    260,    250, -1 
	   256,    260,    249, -1 
	   250,    261,    262, -1 
	   250,    262,    251, -1 
	   260,    261,    250, -1 
	   251,    262,    263, -1 
	   251,    263,    252, -1 
	   252,    263,    264, -1 
	   252,    264,    253, -1 
	   253,    264,    265, -1 
	   253,    265,    255, -1 
	   254,    255,    266, -1 
	   254,    266,    259, -1 
	   255,    265,    267, -1 
	   255,    267,    266, -1 
	   256,    268,    260, -1 
	   257,    268,    256, -1 
	   257,    269,    268, -1 
	   258,    269,    257, -1 
	   258,    270,    269, -1 
	   259,    270,    258, -1 
	   259,    266,    270, -1 
	   260,    271,    261, -1 
	   268,    271,    260, -1 
	   261,    272,    273, -1 
	   261,    273,    262, -1 
	   271,    272,    261, -1 
	   262,    273,    274, -1 
	   262,    274,    263, -1 
	   263,    274,    275, -1 
	   263,    275,    264, -1 
	   264,    275,    276, -1 
	   264,    276,    265, -1 
	   265,    276,    277, -1 
	   265,    277,    267, -1 
	   266,    267,    278, -1 
	   266,    278,    270, -1 
	   267,    277,    279, -1 
	   267,    279,    278, -1 
	   268,    280,    271, -1 
	   269,    280,    268, -1 
	   269,    281,    280, -1 
	   270,    281,    269, -1 
	   270,    278,    281, -1 
	   271,    282,    272, -1 
	   280,    282,    271, -1 
	   272,    283,    284, -1 
	   272,    284,    273, -1 
	   282,    283,    272, -1 
	   273,    284,    285, -1 
	   273,    285,    274, -1 
	   274,    285,    286, -1 
	   274,    286,    275, -1 
	   275,    286,    287, -1 
	   275,    287,    276, -1 
	   276,    287,    288, -1 
	   276,    288,    277, -1 
	   277,    288,    289, -1 
	   277,    289,    279, -1 
	   278,    279,    290, -1 
	   278,    290,    281, -1 
	   279,    289,    291, -1 
	   279,    291,    290, -1 
	   280,    292,    282, -1 
	   281,    292,    280, -1 
	   281,    290,    292, -1 
	   282,    293,    283, -1 
	   292,    293,    282, -1 
	   283,    294,    295, -1 
	   283,    295,    284, -1 
	   293,    294,    283, -1 
	   284,    295,    296, -1 
	   284,    296,    285, -1 
	   285,    296,    297, -1 
	   285,    297,    286, -1 
	   286,    297,    298, -1 
	   286,    298,    287, -1 
	   287,    298,    299, -1 
	   287,    299,    288, -1 
	   288,    299,    300, -1 
	   288,    300,    289, -1 
	   289,    300,    301, -1 
	   289,    301,    291, -1 
	   290,    291,    302, -1 
	   290,    302,    292, -1 
	   291,    301,    303, -1 
	   291,    303,    302, -1 
	   292,    302,    293, -1 
	   293,    304,    294, -1 
	   302,    304,    293, -1 
	   294,    305,    306, -1 
	   294,    306,    295, -1 
	   304,    305,    294, -1 
	   295,    306,    307, -1 
	   295,    307,    296, -1 
	   296,    307,    308, -1 
	   296,    308,    297, -1 
	   297,    308,    309, -1 
	   297,    309,    298, -1 
	   298,    309,    310, -1 
	   298,    310,    299, -1 
	   299,    310,    311, -1 
	   299,    311,    300, -1 
	   300,    311,    312, -1 
	   300,    312,    301, -1 
	   301,    312,    313, -1 
	   301,    313,    303, -1 
	   302,    303,    304, -1 
	   303,    313,    314, -1 
	   303,    314,    304, -1 
	   304,    314,    305, -1 
	   305,    315,    316, -1 
	   305,    316,    306, -1 
	   314,    315,    305, -1 
	   306,    316,    317, -1 
	   306,    317,    307, -1 
	   307,    317,    318, -1 
	   307,    318,    308, -1 
	   308,    318,    319, -1 
	   308,    319,    309, -1 
	   309,    319,    320, -1 
	   309,    320,    310, -1 
	   310,    320,    321, -1 
	   310,    321,    311, -1 
	   311,    321,    322, -1 
	   311,    322,    312, -1 
	   312,    322,    323, -1 
	   312,    323,    313, -1 
	   313,    323,    324, -1 
	   313,    324,    314, -1 
	   314,    324,    315, -1 
	   315,    325,    326, -1 
	   315,    326,    316, -1 
	   324,    325,    315, -1 
	   316,    326,    327, -1 
	   316,    327,    317, -1 
	   317,    327,    328, -1 
	   317,    328,    318, -1 
	   318,    328,    329, -1 
	   318,    329,    319, -1 
	   319,    329,    330, -1 
	   319,    330,    320, -1 
	   320,    330,    331, -1 
	   320,    331,    321, -1 
	   321,    331,    332, -1 
	   321,    332,    322, -1 
	   322,    332,    333, -1 
	   322,    333,    323, -1 
	   323,    333,    334, -1 
	   323,    334,    324, -1 
	   324,    334,    325, -1 
	   325,    335,    326, -1 
	   334,    335,    325, -1 
	   326,    335,    327, -1 
	   327,    335,    328, -1 
	   328,    335,    329, -1 
	   329,    335,    330, -1 
	   330,    335,    331, -1 
	   331,    335,    332, -1 
	   332,    335,    333, -1 
	   333,    335,    334, -1 
	   336,    337,    338, -1 
	   336,    339,    340, -1 
	   336,    340,    337, -1 
	   341,    336,    338, -1 
	   341,    339,    336, -1 
	   337,    342,    338, -1 
	   337,    340,    343, -1 
	   337,    343,    342, -1 
	   344,    341,    338, -1 
	   345,    344,    338, -1 
	   346,    345,    338, -1 
	   347,    346,    338, -1 
	   348,    347,    338, -1 
	   349,    348,    338, -1 
	   342,    349,    338, -1 
	   341,    350,    339, -1 
	   339,    351,    352, -1 
	   339,    352,    340, -1 
	   350,    351,    339, -1 
	   340,    352,    353, -1 
	   340,    353,    343, -1 
	   344,    350,    341, -1 
	   342,    343,    354, -1 
	   342,    354,    349, -1 
	   343,    353,    355, -1 
	   343,    355,    354, -1 
	   344,    356,    350, -1 
	   345,    356,    344, -1 
	   345,    357,    356, -1 
	   346,    357,    345, -1 
	   346,    358,    357, -1 
	   347,    358,    346, -1 
	   347,    359,    358, -1 
	   348,    359,    347, -1 
	   348,    360,    359, -1 
	   349,    360,    348, -1 
	   349,    354,    360, -1 
	   350,    361,    351, -1 
	   356,    361,    350, -1 
	   351,    362,    363, -1 
	   351,    363,    352, -1 
	   361,    362,    351, -1 
	   352,    363,    364, -1 
	   352,    364,    353, -1 
	   353,    364,    365, -1 
	   353,    365,    355, -1 
	   354,    355,    366, -1 
	   354,    366,    360, -1 
	   355,    365,    367, -1 
	   355,    367,    366, -1 
	   356,    368,    361, -1 
	   357,    368,    356, -1 
	   357,    369,    368, -1 
	   358,    369,    357, -1 
	   358,    370,    369, -1 
	   359,    370,    358, -1 
	   359,    371,    370, -1 
	   360,    371,    359, -1 
	   360,    366,    371, -1 
	   361,    372,    362, -1 
	   368,    372,    361, -1 
	   362,    373,    374, -1 
	   362,    374,    363, -1 
	   372,    373,    362, -1 
	   363,    374,    375, -1 
	   363,    375,    364, -1 
	   364,    375,    376, -1 
	   364,    376,    365, -1 
	   365,    376,    377, -1 
	   365,    377,    367, -1 
	   366,    367,    378, -1 
	   366,    378,    371, -1 
	   367,    377,    379, -1 
	   367,    379,    378, -1 
	   368,    380,    372, -1 
	   369,    380,    368, -1 
	   369,    381,    380, -1 
	   370,    381,    369, -1 
	   370,    382,    381, -1 
	   371,    382,    370, -1 
	   371,    378,    382, -1 
	   372,    383,    373, -1 
	   380,    383,    372, -1 
	   373,    384,    385, -1 
	   373,    385,    374, -1 
	   383,    384,    373, -1 
	   374,    385,    386, -1 
	   374,    386,    375, -1 
	   375,    386,    387, -1 
	   375,    387,    376, -1 
	   376,    387,    388, -1 
	   376,    388,    377, -1 
	   377,    388,    389, -1 
	   377,    389,    379, -1 
	   378,    379,    390, -1 
	   378,    390,    382, -1 
	   379,    389,    391, -1 
	   379,    391,    390, -1 
	   380,    392,    383, -1 
	   381,    392,    380, -1 
	   381,    393,    392, -1 
	   382,    393,    381, -1 
	   382,    390,    393, -1 
	   383,    394,    384, -1 
	   392,    394,    383, -1 
	   384,    395,    396, -1 
	   384,    396,    385, -1 
	   394,    395,    384, -1 
	   385,    396,    397, -1 
	   385,    397,    386, -1 
	   386,    397,    398, -1 
	   386,    398,    387, -1 
	   387,    398,    399, -1 
	   387,    399,    388, -1 
	   388,    399,    400, -1 
	   388,    400,    389, -1 
	   389,    400,    401, -1 
	   389,    401,    391, -1 
	   390,    391,    402, -1 
	   390,    402,    393, -1 
	   391,    401,    403, -1 
	   391,    403,    402, -1 
	   392,    404,    394, -1 
	   393,    404,    392, -1 
	   393,    402,    404, -1 
	   394,    405,    395, -1 
	   404,    405,    394, -1 
	   395,    406,    407, -1 
	   395,    407,    396, -1 
	   405,    406,    395, -1 
	   396,    407,    408, -1 
	   396,    408,    397, -1 
	   397,    408,    409, -1 
	   397,    409,    398, -1 
	   398,    409,    410, -1 
	   398,    410,    399, -1 
	   399,    410,    411, -1 
	   399,    411,    400, -1 
	   400,    411,    412, -1 
	   400,    412,    401, -1 
	   401,    412,    413, -1 
	   401,    413,    403, -1 
	   402,    403,    414, -1 
	   402,    414,    404, -1 
	   403,    413,    415, -1 
	   403,    415,    414, -1 
	   404,    414,    405, -1 
	   405,    416,    406, -1 
	   414,    416,    405, -1 
	   406,    417,    418, -1 
	   406,    418,    407, -1 
	   416,    417,    406, -1 
	   407,    418,    419, -1 
	   407,    419,    408, -1 
	   408,    419,    420, -1 
	   408,    420,    409, -1 
	   409,    420,    421, -1 
	   409,    421,    410, -1 
	   410,    421,    422, -1 
	   410,    422,    411, -1 
	   411,    422,    423, -1 
	   411,    423,    412, -1 
	   412,    423,    424, -1 
	   412,    424,    413, -1 
	   413,    424,    425, -1 
	   413,    425,    415, -1 
	   414,    415,    416, -1 
	   415,    425,    426, -1 
	   415,    426,    416, -1 
	   416,    426,    417, -1 
	   417,    427,    428, -1 
	   417,    428,    418, -1 
	   426,    427,    417, -1 
	   418,    428,    429, -1 
	   418,    429,    419, -1 
	   419,    429,    430, -1 
	   419,    430,    420, -1 
	   420,    430,    431, -1 
	   420,    431,    421, -1 
	   421,    431,    432, -1 
	   421,    432,    422, -1 
	   422,    432,    433, -1 
	   422,    433,    423, -1 
	   423,    433,    434, -1 
	   423,    434,    424, -1 
	   424,    434,    435, -1 
	   424,    435,    425, -1 
	   425,    435,    436, -1 
	   425,    436,    426, -1 
	   426,    436,    427, -1 
	   427,    437,    438, -1 
	   427,    438,    428, -1 
	   436,    437,    427, -1 
	   428,    438,    439, -1 
	   428,    439,    429, -1 
	   429,    439,    440, -1 
	   429,    440,    430, -1 
	   430,    440,    441, -1 
	   430,    441,    431, -1 
	   431,    441,    442, -1 
	   431,    442,    432, -1 
	   432,    442,    443, -1 
	   432,    443,    433, -1 
	   433,    443,    444, -1 
	   433,    444,    434, -1 
	   434,    444,    445, -1 
	   434,    445,    435, -1 
	   435,    445,    446, -1 
	   435,    446,    436, -1 
	   436,    446,    437, -1 
	   437,    447,    438, -1 
	   446,    447,    437, -1 
	   438,    447,    439, -1 
	   439,    447,    440, -1 
	   440,    447,    441, -1 
	   441,    447,    442, -1 
	   442,    447,    443, -1 
	   443,    447,    444, -1 
	   444,    447,    445, -1 
	   445,    447,    446, -1 
	   448,    449,    450, -1 
	   448,    451,    452, -1 
	   448,    452,    449, -1 
	   453,    448,    450, -1 
	   453,    451,    448, -1 
	   449,    454,    450, -1 
	   449,    452,    455, -1 
	   449,    455,    454, -1 
	   456,    453,    450, -1 
	   457,    456,    450, -1 
	   458,    457,    450, -1 
	   459,    458,    450, -1 
	   460,    459,    450, -1 
	   461,    460,    450, -1 
	   454,    461,    450, -1 
	   453,    462,    451, -1 
	   451,    463,    464, -1 
	   451,    464,    452, -1 
	   462,    463,    451, -1 
	   452,    464,    465, -1 
	   452,    465,    455, -1 
	   456,    462,    453, -1 
	   454,    455,    466, -1 
	   454,    466,    461, -1 
	   455,    465,    467, -1 
	   455,    467,    466, -1 
	   456,    468,    462, -1 
	   457,    468,    456, -1 
	   457,    469,    468, -1 
	   458,    469,    457, -1 
	   458,    470,    469, -1 
	   459,    470,    458, -1 
	   459,    471,    470, -1 
	   460,    471,    459, -1 
	   460,    472,    471, -1 
	   461,    472,    460, -1 
	   461,    466,    472, -1 
	   462,    473,    463, -1 
	   468,    473,    462, -1 
	   463,    474,    475, -1 
	   463,    475,    464, -1 
	   473,    474,    463, -1 
	   464,    475,    476, -1 
	   464,    476,    465, -1 
	   465,    476,    477, -1 
	   465,    477,    467, -1 
	   466,    467,    478, -1 
	   466,    478,    472, -1 
	   467,    477,    479, -1 
	   467,    479,    478, -1 
	   468,    480,    473, -1 
	   469,    480,    468, -1 
	   469,    481,    480, -1 
	   470,    481,    469, -1 
	   470,    482,    481, -1 
	   471,    482,    470, -1 
	   471,    483,    482, -1 
	   472,    483,    471, -1 
	   472,    478,    483, -1 
	   473,    484,    474, -1 
	   480,    484,    473, -1 
	   474,    485,    486, -1 
	   474,    486,    475, -1 
	   484,    485,    474, -1 
	   475,    486,    487, -1 
	   475,    487,    476, -1 
	   476,    487,    488, -1 
	   476,    488,    477, -1 
	   477,    488,    489, -1 
	   477,    489,    479, -1 
	   478,    479,    490, -1 
	   478,    490,    483, -1 
	   479,    489,    491, -1 
	   479,    491,    490, -1 
	   480,    492,    484, -1 
	   481,    492,    480, -1 
	   481,    493,    492, -1 
	   482,    493,    481, -1 
	   482,    494,    493, -1 
	   483,    494,    482, -1 
	   483,    490,    494, -1 
	   484,    495,    485, -1 
	   492,    495,    484, -1 
	   485,    496,    497, -1 
	   485,    497,    486, -1 
	   495,    496,    485, -1 
	   486,    497,    498, -1 
	   486,    498,    487, -1 
	   487,    498,    499, -1 
	   487,    499,    488, -1 
	   488,    499,    500, -1 
	   488,    500,    489, -1 
	   489,    500,    501, -1 
	   489,    501,    491, -1 
	   490,    491,    502, -1 
	   490,    502,    494, -1 
	   491,    501,    503, -1 
	   491,    503,    502, -1 
	   492,    504,    495, -1 
	   493,    504,    492, -1 
	   493,    505,    504, -1 
	   494,    505,    493, -1 
	   494,    502,    505, -1 
	   495,    506,    496, -1 
	   504,    506,    495, -1 
	   496,    507,    508, -1 
	   496,    508,    497, -1 
	   506,    507,    496, -1 
	   497,    508,    509, -1 
	   497,    509,    498, -1 
	   498,    509,    510, -1 
	   498,    510,    499, -1 
	   499,    510,    511, -1 
	   499,    511,    500, -1 
	   500,    511,    512, -1 
	   500,    512,    501, -1 
	   501,    512,    513, -1 
	   501,    513,    503, -1 
	   502,    503,    514, -1 
	   502,    514,    505, -1 
	   503,    513,    515, -1 
	   503,    515,    514, -1 
	   504,    516,    506, -1 
	   505,    516,    504, -1 
	   505,    514,    516, -1 
	   506,    517,    507, -1 
	   516,    517,    506, -1 
	   507,    518,    519, -1 
	   507,    519,    508, -1 
	   517,    518,    507, -1 
	   508,    519,    520, -1 
	   508,    520,    509, -1 
	   509,    520,    521, -1 
	   509,    521,    510, -1 
	   510,    521,    522, -1 
	   510,    522,    511, -1 
	   511,    522,    523, -1 
	   511,    523,    512, -1 
	   512,    523,    524, -1 
	   512,    524,    513, -1 
	   513,    524,    525, -1 
	   513,    525,    515, -1 
	   514,    515,    526, -1 
	   514,    526,    516, -1 
	   515,    525,    527, -1 
	   515,    527,    526, -1 
	   516,    526,    517, -1 
	   517,    528,    518, -1 
	   526,    528,    517, -1 
	   518,    529,    530, -1 
	   518,    530,    519, -1 
	   528,    529,    518, -1 
	   519,    530,    531, -1 
	   519,    531,    520, -1 
	   520,    531,    532, -1 
	   520,    532,    521, -1 
	   521,    532,    533, -1 
	   521,    533,    522, -1 
	   522,    533,    534, -1 
	   522,    534,    523, -1 
	   523,    534,    535, -1 
	   523,    535,    524, -1 
	   524,    535,    536, -1 
	   524,    536,    525, -1 
	   525,    536,    537, -1 
	   525,    537,    527, -1 
	   526,    527,    528, -1 
	   527,    537,    538, -1 
	   527,    538,    528, -1 
	   528,    538,    529, -1 
	   529,    539,    540, -1 
	   529,    540,    530, -1 
	   538,    539,    529, -1 
	   530,    540,    541, -1 
	   530,    541,    531, -1 
	   531,    541,    542, -1 
	   531,    542,    532, -1 
	   532,    542,    543, -1 
	   532,    543,    533, -1 
	   533,    543,    544, -1 
	   533,    544,    534, -1 
	   534,    544,    545, -1 
	   534,    545,    535, -1 
	   535,    545,    546, -1 
	   535,    546,    536, -1 
	   536,    546,    547, -1 
	   536,    547,    537, -1 
	   537,    547,    548, -1 
	   537,    548,    538, -1 
	   538,    548,    539, -1 
	   539,    549,    550, -1 
	   539,    550,    540, -1 
	   548,    549,    539, -1 
	   540,    550,    551, -1 
	   540,    551,    541, -1 
	   541,    551,    552, -1 
	   541,    552,    542, -1 
	   542,    552,    553, -1 
	   542,    553,    543, -1 
	   543,    553,    554, -1 
	   543,    554,    544, -1 
	   544,    554,    555, -1 
	   544,    555,    545, -1 
	   545,    555,    556, -1 
	   545,    556,    546, -1 
	   546,    556,    557, -1 
	   546,    557,    547, -1 
	   547,    557,    558, -1 
	   547,    558,    548, -1 
	   548,    558,    549, -1 
	   549,    559,    550, -1 
	   558,    559,    549, -1 
	   550,    559,    551, -1 
	   551,    559,    552, -1 
	   552,    559,    553, -1 
	   553,    559,    554, -1 
	   554,    559,    555, -1 
	   555,    559,    556, -1 
	   556,    559,    557, -1 
	   557,    559,    558, -1 
	   560,    561,    562, -1 
	   563,    560,    562, -1 
	   564,    565,    560, -1 
	   565,    561,    560, -1 
	   564,    560,    563, -1 
	   561,    566,    562, -1 
	   565,    567,    561, -1 
	   567,    566,    561, -1 
	   566,    568,    562, -1 
	   568,    569,    562, -1 
	   569,    563,    562, -1 
	   570,    563,    569, -1 
	   570,    564,    563, -1 
	   571,    572,    564, -1 
	   572,    565,    564, -1 
	   571,    564,    570, -1 
	   572,    573,    565, -1 
	   573,    574,    565, -1 
	   574,    567,    565, -1 
	   567,    575,    566, -1 
	   575,    568,    566, -1 
	   574,    576,    567, -1 
	   576,    577,    567, -1 
	   577,    578,    567, -1 
	   578,    575,    567, -1 
	   575,    579,    568, -1 
	   579,    580,    568, -1 
	   580,    569,    568, -1 
	   580,    570,    569, -1 
	   581,    570,    580, -1 
	   581,    571,    570, -1 
	   582,    583,    571, -1 
	   583,    572,    571, -1 
	   582,    571,    581, -1 
	   583,    573,    572, -1 
	   583,    584,    573, -1 
	   584,    574,    573, -1 
	   584,    585,    574, -1 
	   585,    576,    574, -1 
	   578,    586,    575, -1 
	   586,    579,    575, -1 
	   585,    577,    576, -1 
	   585,    587,    577, -1 
	   587,    578,    577, -1 
	   587,    588,    578, -1 
	   588,    586,    578, -1 
	   586,    589,    579, -1 
	   589,    580,    579, -1 
	   589,    590,    580, -1 
	   590,    581,    580, -1 
	   591,    581,    590, -1 
	   591,    582,    581, -1 
	   592,    583,    582, -1 
	   593,    582,    591, -1 
	   593,    592,    582, -1 
	   592,    594,    583, -1 
	   594,    584,    583, -1 
	   594,    595,    584, -1 
	   595,    585,    584, -1 
	   595,    596,    585, -1 
	   596,    587,    585, -1 
	   588,    597,    586, -1 
	   597,    589,    586, -1 
	   596,    598,    587, -1 
	   598,    588,    587, -1 
	   598,    599,    588, -1 
	   599,    597,    588, -1 
	   597,    600,    589, -1 
	   600,    601,    589, -1 
	   601,    590,    589, -1 
	   601,    602,    590, -1 
	   602,    603,    590, -1 
	   603,    591,    590, -1 
	   604,    591,    603, -1 
	   604,    593,    591, -1 
	   605,    594,    592, -1 
	   606,    592,    593, -1 
	   606,    605,    592, -1 
	   607,    593,    604, -1 
	   607,    606,    593, -1 
	   605,    608,    594, -1 
	   608,    595,    594, -1 
	   608,    609,    595, -1 
	   609,    596,    595, -1 
	   609,    598,    596, -1 
	   599,    610,    597, -1 
	   610,    600,    597, -1 
	   609,    611,    598, -1 
	   611,    599,    598, -1 
	   611,    612,    599, -1 
	   612,    610,    599, -1 
	   610,    613,    600, -1 
	   613,    601,    600, -1 
	   613,    614,    601, -1 
	   614,    602,    601, -1 
	   614,    615,    602, -1 
	   615,    616,    602, -1 
	   616,    617,    602, -1 
	   617,    603,    602, -1 
	   617,    604,    603, -1 
	   607,    604,    617, -1 
	   618,    608,    605, -1 
	   618,    605,    606, -1 
	   618,    606,    607, -1 
	   619,    607,    617, -1 
	   618,    607,    619, -1 
	   618,    609,    608, -1 
	   618,    611,    609, -1 
	   612,    613,    610, -1 
	   618,    612,    611, -1 
	   612,    614,    613, -1 
	   612,    619,    614, -1 
	   618,    619,    612, -1 
	   619,    615,    614, -1 
	   619,    616,    615, -1 
	   619,    617,    616, -1 
	   620,    621,    622, -1 
	   620,    623,    621, -1 
	   620,    624,    623, -1 
	   620,    625,    624, -1 
	   620,    626,    625, -1 
	   620,    627,    626, -1 
	   620,    628,    627, -1 
	   620,    629,    628, -1 
	   620,    630,    629, -1 
	   620,    622,    630, -1 
	   622,    621,    631, -1 
	   621,    632,    631, -1 
	   621,    623,    632, -1 
	   622,    631,    633, -1 
	   630,    622,    633, -1 
	   623,    634,    632, -1 
	   623,    624,    634, -1 
	   624,    635,    634, -1 
	   624,    625,    635, -1 
	   625,    626,    635, -1 
	   626,    636,    635, -1 
	   626,    627,    636, -1 
	   627,    637,    636, -1 
	   627,    638,    637, -1 
	   627,    628,    638, -1 
	   628,    639,    638, -1 
	   628,    629,    639, -1 
	   629,    640,    639, -1 
	   629,    641,    640, -1 
	   629,    630,    641, -1 
	   630,    633,    641, -1 
	   633,    631,    642, -1 
	   631,    643,    642, -1 
	   631,    632,    643, -1 
	   632,    644,    643, -1 
	   632,    634,    644, -1 
	   641,    633,    642, -1 
	   634,    645,    644, -1 
	   634,    635,    645, -1 
	   635,    646,    645, -1 
	   635,    647,    646, -1 
	   635,    636,    647, -1 
	   636,    648,    647, -1 
	   636,    637,    648, -1 
	   637,    649,    648, -1 
	   637,    638,    649, -1 
	   638,    650,    649, -1 
	   638,    639,    650, -1 
	   639,    651,    650, -1 
	   639,    640,    651, -1 
	   640,    652,    651, -1 
	   640,    641,    652, -1 
	   641,    642,    652, -1 
	   642,    653,    654, -1 
	   642,    643,    653, -1 
	   652,    642,    654, -1 
	   643,    655,    653, -1 
	   643,    644,    655, -1 
	   644,    656,    655, -1 
	   644,    645,    656, -1 
	   645,    646,    656, -1 
	   646,    657,    656, -1 
	   646,    647,    657, -1 
	   647,    658,    657, -1 
	   647,    648,    658, -1 
	   648,    649,    658, -1 
	   649,    659,    658, -1 
	   649,    650,    659, -1 
	   650,    651,    659, -1 
	   651,    660,    659, -1 
	   651,    652,    660, -1 
	   652,    654,    660, -1 
	   654,    653,    661, -1 
	   653,    655,    661, -1 
	   660,    654,    661, -1 
	   655,    656,    661, -1 
	   656,    657,    661, -1 
	   657,    658,    661, -1 
	   658,    659,    661, -1 
	   659,    660,    661, -1 
	   662,    663,    664, -1 
	   662,    665,    663, -1 
	   662,    666,    665, -1 
	   662,    667,    666, -1 
	   662,    668,    667, -1 
	   662,    669,    668, -1 
	   662,    670,    669, -1 
	   662,    671,    670, -1 
	   662,    672,    671, -1 
	   662,    673,    672, -1 
	   662,    674,    673, -1 
	   662,    664,    674, -1 
	   664,    663,    675, -1 
	   663,    676,    675, -1 
	   663,    665,    676, -1 
	   674,    664,    677, -1 
	   664,    675,    677, -1 
	   665,    678,    676, -1 
	   665,    679,    678, -1 
	   665,    666,    679, -1 
	   666,    680,    679, -1 
	   666,    667,    680, -1 
	   667,    681,    680, -1 
	   667,    668,    681, -1 
	   668,    682,    681, -1 
	   668,    683,    682, -1 
	   668,    669,    683, -1 
	   669,    684,    683, -1 
	   669,    670,    684, -1 
	   670,    685,    684, -1 
	   670,    671,    685, -1 
	   671,    686,    685, -1 
	   671,    672,    686, -1 
	   672,    687,    686, -1 
	   672,    673,    687, -1 
	   673,    677,    687, -1 
	   673,    674,    677, -1 
	   675,    688,    689, -1 
	   675,    676,    688, -1 
	   677,    675,    689, -1 
	   676,    690,    688, -1 
	   676,    678,    690, -1 
	   687,    677,    691, -1 
	   677,    689,    691, -1 
	   678,    692,    690, -1 
	   678,    679,    692, -1 
	   679,    680,    692, -1 
	   680,    693,    692, -1 
	   680,    681,    693, -1 
	   681,    694,    693, -1 
	   681,    682,    694, -1 
	   682,    695,    694, -1 
	   682,    683,    695, -1 
	   683,    696,    695, -1 
	   683,    684,    696, -1 
	   684,    697,    696, -1 
	   684,    685,    697, -1 
	   685,    698,    697, -1 
	   685,    686,    698, -1 
	   686,    687,    698, -1 
	   687,    691,    698, -1 
	   689,    688,    699, -1 
	   688,    700,    699, -1 
	   688,    690,    700, -1 
	   691,    689,    699, -1 
	   690,    692,    700, -1 
	   698,    691,    701, -1 
	   691,    702,    701, -1 
	   691,    699,    702, -1 
	   692,    703,    700, -1 
	   692,    693,    703, -1 
	   693,    704,    703, -1 
	   693,    694,    704, -1 
	   694,    695,    704, -1 
	   695,    705,    704, -1 
	   695,    696,    705, -1 
	   696,    706,    705, -1 
	   696,    697,    706, -1 
	   697,    701,    706, -1 
	   697,    698,    701, -1 
	   699,    700,    707, -1 
	   702,    699,    707, -1 
	   700,    703,    707, -1 
	   706,    701,    707, -1 
	   701,    702,    707, -1 
	   703,    704,    707, -1 
	   704,    705,    707, -1 
	   705,    706,    707, -1 
	   708,    709,    710, -1 
	   708,    711,    709, -1 
	   708,    712,    711, -1 
	   712,    708,    713, -1 
	   708,    710,    713, -1 
	   710,    709,    714, -1 
	   709,    715,    714, -1 
	   709,    711,    715, -1 
	   713,    710,    716, -1 
	   710,    717,    716, -1 
	   710,    714,    717, -1 
	   712,    718,    711, -1 
	   711,    719,    715, -1 
	   711,    720,    719, -1 
	   711,    721,    720, -1 
	   711,    718,    721, -1 
	   712,    722,    718, -1 
	   712,    713,    722, -1 
	   722,    713,    723, -1 
	   713,    716,    723, -1 
	   714,    724,    725, -1 
	   714,    726,    724, -1 
	   714,    715,    726, -1 
	   717,    714,    725, -1 
	   715,    727,    726, -1 
	   715,    719,    727, -1 
	   723,    716,    728, -1 
	   716,    729,    728, -1 
	   716,    730,    729, -1 
	   716,    717,    730, -1 
	   717,    725,    730, -1 
	   718,    731,    721, -1 
	   718,    732,    731, -1 
	   718,    733,    732, -1 
	   718,    722,    733, -1 
	   719,    734,    727, -1 
	   719,    720,    734, -1 
	   720,    735,    734, -1 
	   720,    721,    735, -1 
	   721,    731,    735, -1 
	   722,    736,    733, -1 
	   722,    723,    736, -1 
	   736,    723,    737, -1 
	   723,    728,    737, -1 
	   725,    724,    738, -1 
	   724,    739,    738, -1 
	   724,    726,    739, -1 
	   730,    725,    740, -1 
	   725,    738,    740, -1 
	   726,    741,    739, -1 
	   726,    727,    741, -1 
	   727,    742,    741, -1 
	   727,    734,    742, -1 
	   737,    728,    743, -1 
	   728,    744,    743, -1 
	   728,    729,    744, -1 
	   729,    745,    744, -1 
	   729,    730,    745, -1 
	   730,    740,    745, -1 
	   731,    746,    735, -1 
	   731,    732,    746, -1 
	   732,    733,    746, -1 
	   733,    747,    746, -1 
	   733,    736,    747, -1 
	   734,    748,    742, -1 
	   734,    735,    748, -1 
	   735,    749,    748, -1 
	   735,    746,    749, -1 
	   736,    750,    747, -1 
	   736,    737,    750, -1 
	   750,    737,    751, -1 
	   737,    743,    751, -1 
	   738,    752,    753, -1 
	   738,    739,    752, -1 
	   740,    738,    753, -1 
	   739,    741,    752, -1 
	   745,    740,    754, -1 
	   740,    755,    754, -1 
	   740,    753,    755, -1 
	   741,    756,    752, -1 
	   741,    742,    756, -1 
	   742,    757,    756, -1 
	   742,    748,    757, -1 
	   751,    743,    758, -1 
	   743,    759,    758, -1 
	   743,    744,    759, -1 
	   744,    760,    759, -1 
	   744,    745,    760, -1 
	   745,    754,    760, -1 
	   746,    761,    749, -1 
	   746,    762,    761, -1 
	   746,    747,    762, -1 
	   747,    763,    762, -1 
	   747,    750,    763, -1 
	   748,    764,    757, -1 
	   748,    749,    764, -1 
	   749,    765,    764, -1 
	   749,    761,    765, -1 
	   750,    751,    763, -1 
	   763,    751,    766, -1 
	   751,    758,    766, -1 
	   753,    752,    767, -1 
	   752,    756,    767, -1 
	   755,    753,    767, -1 
	   760,    754,    767, -1 
	   754,    755,    767, -1 
	   756,    757,    767, -1 
	   757,    764,    767, -1 
	   766,    758,    767, -1 
	   758,    759,    767, -1 
	   759,    760,    767, -1 
	   761,    768,    765, -1 
	   761,    762,    768, -1 
	   762,    766,    768, -1 
	   762,    763,    766, -1 
	   764,    765,    767, -1 
	   765,    768,    767, -1 
	   768,    766,    767, -1 
	   769,    770,    771, -1 
	   769,    772,    770, -1 
	   769,    773,    772, -1 
	   769,    774,    773, -1 
	   769,    775,    774, -1 
	   769,    776,    775, -1 
	   769,    777,    776, -1 
	   769,    771,    777, -1 
	   771,    770,    778, -1 
	   770,    779,    778, -1 
	   770,    780,    779, -1 
	   770,    772,    780, -1 
	   771,    778,    781, -1 
	   777,    771,    782, -1 
	   771,    781,    782, -1 
	   772,    783,    780, -1 
	   772,    784,    783, -1 
	   772,    785,    784, -1 
	   772,    773,    785, -1 
	   773,    786,    785, -1 
	   773,    774,    786, -1 
	   774,    787,    786, -1 
	   774,    775,    787, -1 
	   775,    788,    787, -1 
	   775,    776,    788, -1 
	   776,    789,    788, -1 
	   776,    777,    789, -1 
	   777,    782,    789, -1 
	   781,    778,    790, -1 
	   778,    791,    790, -1 
	   778,    779,    791, -1 
	   779,    792,    791, -1 
	   779,    793,    792, -1 
	   779,    780,    793, -1 
	   780,    783,    793, -1 
	   781,    790,    794, -1 
	   782,    781,    794, -1 
	   789,    782,    795, -1 
	   782,    796,    795, -1 
	   782,    794,    796, -1 
	   783,    797,    793, -1 
	   783,    798,    797, -1 
	   783,    784,    798, -1 
	   784,    785,    798, -1 
	   785,    799,    798, -1 
	   785,    786,    799, -1 
	   786,    800,    799, -1 
	   786,    801,    800, -1 
	   786,    787,    801, -1 
	   787,    802,    801, -1 
	   787,    788,    802, -1 
	   788,    803,    802, -1 
	   788,    789,    803, -1 
	   789,    795,    803, -1 
	   794,    790,    804, -1 
	   790,    805,    804, -1 
	   790,    791,    805, -1 
	   791,    806,    805, -1 
	   791,    792,    806, -1 
	   792,    807,    806, -1 
	   792,    793,    807, -1 
	   793,    808,    807, -1 
	   793,    797,    808, -1 
	   796,    794,    804, -1 
	   803,    795,    809, -1 
	   795,    810,    809, -1 
	   795,    796,    810, -1 
	   796,    804,    810, -1 
	   797,    798,    808, -1 
	   798,    811,    808, -1 
	   798,    799,    811, -1 
	   799,    812,    811, -1 
	   799,    800,    812, -1 
	   800,    813,    812, -1 
	   800,    801,    813, -1 
	   801,    802,    813, -1 
	   802,    814,    813, -1 
	   802,    803,    814, -1 
	   803,    809,    814, -1 
	   804,    815,    816, -1 
	   804,    805,    815, -1 
	   810,    804,    816, -1 
	   805,    817,    815, -1 
	   805,    806,    817, -1 
	   806,    807,    817, -1 
	   807,    818,    817, -1 
	   807,    808,    818, -1 
	   808,    819,    818, -1 
	   808,    811,    819, -1 
	   814,    809,    820, -1 
	   809,    821,    820, -1 
	   809,    810,    821, -1 
	   810,    822,    821, -1 
	   810,    816,    822, -1 
	   811,    823,    819, -1 
	   811,    824,    823, -1 
	   811,    812,    824, -1 
	   812,    813,    824, -1 
	   813,    820,    824, -1 
	   813,    814,    820, -1 
	   816,    815,    825, -1 
	   815,    826,    825, -1 
	   815,    817,    826, -1 
	   822,    816,    827, -1 
	   816,    825,    827, -1 
	   817,    828,    826, -1 
	   817,    818,    828, -1 
	   818,    819,    828, -1 
	   819,    829,    828, -1 
	   819,    823,    829, -1 
	   824,    820,    830, -1 
	   820,    821,    830, -1 
	   821,    822,    830, -1 
	   822,    827,    830, -1 
	   823,    824,    829, -1 
	   824,    830,    829, -1 
	   825,    826,    831, -1 
	   827,    825,    831, -1 
	   826,    828,    831, -1 
	   830,    827,    831, -1 
	   828,    829,    831, -1 
	   829,    830,    831, -1 
	   832,    833,    834, -1 
	   835,    832,    834, -1 
	   836,    837,    832, -1 
	   837,    833,    832, -1 
	   838,    832,    835, -1 
	   838,    836,    832, -1 
	   833,    839,    834, -1 
	   837,    840,    833, -1 
	   840,    841,    833, -1 
	   841,    839,    833, -1 
	   839,    842,    834, -1 
	   842,    843,    834, -1 
	   843,    844,    834, -1 
	   844,    835,    834, -1 
	   845,    835,    844, -1 
	   845,    838,    835, -1 
	   846,    837,    836, -1 
	   846,    836,    838, -1 
	   846,    847,    837, -1 
	   847,    848,    837, -1 
	   848,    840,    837, -1 
	   849,    838,    845, -1 
	   849,    846,    838, -1 
	   841,    850,    839, -1 
	   850,    851,    839, -1 
	   851,    842,    839, -1 
	   848,    852,    840, -1 
	   852,    853,    840, -1 
	   853,    841,    840, -1 
	   853,    854,    841, -1 
	   854,    850,    841, -1 
	   851,    855,    842, -1 
	   855,    856,    842, -1 
	   856,    843,    842, -1 
	   856,    857,    843, -1 
	   857,    858,    843, -1 
	   858,    844,    843, -1 
	   858,    859,    844, -1 
	   859,    845,    844, -1 
	   860,    845,    859, -1 
	   860,    861,    845, -1 
	   861,    849,    845, -1 
	   862,    847,    846, -1 
	   863,    846,    849, -1 
	   863,    862,    846, -1 
	   862,    864,    847, -1 
	   864,    848,    847, -1 
	   864,    852,    848, -1 
	   865,    849,    861, -1 
	   865,    863,    849, -1 
	   854,    866,    850, -1 
	   866,    867,    850, -1 
	   867,    851,    850, -1 
	   867,    868,    851, -1 
	   868,    855,    851, -1 
	   864,    869,    852, -1 
	   869,    853,    852, -1 
	   869,    870,    853, -1 
	   870,    854,    853, -1 
	   870,    866,    854, -1 
	   868,    871,    855, -1 
	   871,    856,    855, -1 
	   871,    872,    856, -1 
	   872,    857,    856, -1 
	   872,    873,    857, -1 
	   873,    874,    857, -1 
	   874,    858,    857, -1 
	   874,    875,    858, -1 
	   875,    876,    858, -1 
	   876,    859,    858, -1 
	   876,    877,    859, -1 
	   877,    860,    859, -1 
	   878,    860,    877, -1 
	   878,    865,    860, -1 
	   865,    861,    860, -1 
	   879,    880,    862, -1 
	   880,    864,    862, -1 
	   881,    862,    863, -1 
	   881,    879,    862, -1 
	   882,    863,    865, -1 
	   882,    881,    863, -1 
	   880,    883,    864, -1 
	   883,    869,    864, -1 
	   882,    865,    878, -1 
	   870,    884,    866, -1 
	   884,    867,    866, -1 
	   884,    885,    867, -1 
	   885,    868,    867, -1 
	   885,    886,    868, -1 
	   886,    887,    868, -1 
	   887,    871,    868, -1 
	   883,    888,    869, -1 
	   888,    889,    869, -1 
	   889,    870,    869, -1 
	   889,    890,    870, -1 
	   890,    884,    870, -1 
	   887,    891,    871, -1 
	   891,    872,    871, -1 
	   891,    892,    872, -1 
	   892,    873,    872, -1 
	   892,    874,    873, -1 
	   892,    893,    874, -1 
	   893,    875,    874, -1 
	   893,    876,    875, -1 
	   893,    894,    876, -1 
	   894,    895,    876, -1 
	   895,    896,    876, -1 
	   896,    877,    876, -1 
	   896,    878,    877, -1 
	   897,    878,    896, -1 
	   897,    882,    878, -1 
	   898,    880,    879, -1 
	   899,    879,    881, -1 
	   899,    898,    879, -1 
	   898,    900,    880, -1 
	   900,    901,    880, -1 
	   901,    883,    880, -1 
	   899,    881,    882, -1 
	   902,    882,    897, -1 
	   902,    899,    882, -1 
	   901,    903,    883, -1 
	   903,    888,    883, -1 
	   890,    904,    884, -1 
	   904,    885,    884, -1 
	   904,    886,    885, -1 
	   904,    905,    886, -1 
	   905,    906,    886, -1 
	   906,    887,    886, -1 
	   906,    891,    887, -1 
	   903,    907,    888, -1 
	   907,    889,    888, -1 
	   907,    908,    889, -1 
	   908,    890,    889, -1 
	   908,    909,    890, -1 
	   909,    910,    890, -1 
	   910,    904,    890, -1 
	   906,    911,    891, -1 
	   911,    892,    891, -1 
	   911,    893,    892, -1 
	   911,    912,    893, -1 
	   912,    913,    893, -1 
	   913,    894,    893, -1 
	   913,    914,    894, -1 
	   914,    915,    894, -1 
	   915,    895,    894, -1 
	   915,    896,    895, -1 
	   915,    897,    896, -1 
	   916,    897,    915, -1 
	   916,    917,    897, -1 
	   917,    902,    897, -1 
	   918,    900,    898, -1 
	   919,    898,    899, -1 
	   919,    918,    898, -1 
	   920,    899,    902, -1 
	   920,    919,    899, -1 
	   918,    921,    900, -1 
	   921,    901,    900, -1 
	   921,    922,    901, -1 
	   922,    903,    901, -1 
	   923,    902,    917, -1 
	   923,    920,    902, -1 
	   922,    924,    903, -1 
	   924,    907,    903, -1 
	   910,    925,    904, -1 
	   925,    905,    904, -1 
	   925,    926,    905, -1 
	   926,    906,    905, -1 
	   926,    927,    906, -1 
	   927,    911,    906, -1 
	   924,    928,    907, -1 
	   928,    929,    907, -1 
	   929,    908,    907, -1 
	   929,    930,    908, -1 
	   930,    931,    908, -1 
	   931,    909,    908, -1 
	   931,    932,    909, -1 
	   932,    933,    909, -1 
	   933,    910,    909, -1 
	   933,    925,    910, -1 
	   927,    934,    911, -1 
	   934,    935,    911, -1 
	   935,    912,    911, -1 
	   935,    936,    912, -1 
	   936,    913,    912, -1 
	   936,    916,    913, -1 
	   916,    914,    913, -1 
	   916,    915,    914, -1 
	   937,    916,    936, -1 
	   937,    938,    916, -1 
	   938,    917,    916, -1 
	   938,    923,    917, -1 
	   939,    940,    918, -1 
	   940,    941,    918, -1 
	   941,    942,    918, -1 
	   942,    921,    918, -1 
	   939,    918,    919, -1 
	   939,    919,    920, -1 
	   943,    920,    923, -1 
	   943,    939,    920, -1 
	   942,    922,    921, -1 
	   942,    944,    922, -1 
	   944,    945,    922, -1 
	   945,    924,    922, -1 
	   946,    923,    938, -1 
	   946,    943,    923, -1 
	   945,    947,    924, -1 
	   947,    928,    924, -1 
	   933,    926,    925, -1 
	   933,    948,    926, -1 
	   948,    927,    926, -1 
	   948,    949,    927, -1 
	   949,    950,    927, -1 
	   950,    934,    927, -1 
	   951,    928,    947, -1 
	   951,    952,    928, -1 
	   952,    929,    928, -1 
	   952,    930,    929, -1 
	   952,    953,    930, -1 
	   953,    931,    930, -1 
	   953,    954,    931, -1 
	   954,    955,    931, -1 
	   955,    932,    931, -1 
	   955,    956,    932, -1 
	   956,    933,    932, -1 
	   956,    957,    933, -1 
	   957,    948,    933, -1 
	   950,    958,    934, -1 
	   958,    935,    934, -1 
	   958,    959,    935, -1 
	   959,    936,    935, -1 
	   959,    937,    936, -1 
	   960,    937,    959, -1 
	   960,    961,    937, -1 
	   961,    938,    937, -1 
	   961,    962,    938, -1 
	   962,    946,    938, -1 
	   963,    964,    939, -1 
	   964,    965,    939, -1 
	   965,    940,    939, -1 
	   966,    939,    943, -1 
	   966,    963,    939, -1 
	   965,    941,    940, -1 
	   965,    942,    941, -1 
	   965,    967,    942, -1 
	   967,    968,    942, -1 
	   968,    944,    942, -1 
	   969,    943,    946, -1 
	   969,    970,    943, -1 
	   970,    966,    943, -1 
	   968,    945,    944, -1 
	   968,    971,    945, -1 
	   971,    947,    945, -1 
	   969,    946,    962, -1 
	   971,    951,    947, -1 
	   957,    949,    948, -1 
	   957,    950,    949, -1 
	   957,    972,    950, -1 
	   972,    973,    950, -1 
	   973,    958,    950, -1 
	   971,    952,    951, -1 
	   971,    974,    952, -1 
	   974,    953,    952, -1 
	   974,    975,    953, -1 
	   975,    976,    953, -1 
	   976,    954,    953, -1 
	   976,    955,    954, -1 
	   976,    977,    955, -1 
	   977,    956,    955, -1 
	   977,    978,    956, -1 
	   978,    957,    956, -1 
	   978,    972,    957, -1 
	   973,    979,    958, -1 
	   979,    959,    958, -1 
	   979,    960,    959, -1 
	   980,    960,    979, -1 
	   980,    981,    960, -1 
	   981,    982,    960, -1 
	   982,    961,    960, -1 
	   982,    969,    961, -1 
	   969,    962,    961, -1 
	   983,    964,    963, -1 
	   983,    963,    966, -1 
	   983,    984,    964, -1 
	   984,    965,    964, -1 
	   984,    967,    965, -1 
	   983,    966,    970, -1 
	   984,    985,    967, -1 
	   985,    968,    967, -1 
	   985,    986,    968, -1 
	   986,    971,    968, -1 
	   987,    969,    982, -1 
	   987,    988,    969, -1 
	   988,    989,    969, -1 
	   989,    970,    969, -1 
	   989,    983,    970, -1 
	   986,    974,    971, -1 
	   978,    973,    972, -1 
	   978,    990,    973, -1 
	   990,    979,    973, -1 
	   986,    975,    974, -1 
	   986,    991,    975, -1 
	   991,    976,    975, -1 
	   991,    977,    976, -1 
	   991,    992,    977, -1 
	   992,    978,    977, -1 
	   993,    978,    992, -1 
	   993,    994,    978, -1 
	   994,    995,    978, -1 
	   995,    996,    978, -1 
	   996,    990,    978, -1 
	   990,    980,    979, -1 
	   987,    980,    990, -1 
	   987,    981,    980, -1 
	   987,    982,    981, -1 
	   997,    998,    983, -1 
	   998,    984,    983, -1 
	   983,    989,    997, -1 
	   998,    985,    984, -1 
	   998,    986,    985, -1 
	   998,    999,    986, -1 
	   999,    991,    986, -1 
	   996,    987,    990, -1 
	   997,    987,    996, -1 
	   997,    988,    987, -1 
	   997,    989,    988, -1 
	   999,    992,    991, -1 
	   999,    993,    992, -1 
	   999,    994,    993, -1 
	   999,    995,    994, -1 
	   999,    996,    995, -1 
	   999,    997,    996, -1 
	   999,    998,    997, -1 
    ] 
   colorPerVertex FALSE 
    colorIndex [ 
	  1, 
	  1, 
	  1, 
	  1, 
	  1, 
	  1, 
	  1, 
	  1, 
	  1, 
	  1, 
	  1, 
	  1, 
	  1, 
	  1, 
	  1, 
	  1, 
	  1, 
	  1, 
	  1, 
	  1, 
	  1, 
	  1, 
	  1, 
	  1, 
	  1, 
	  1, 
	  1, 
	  1, 
	  1, 
	  1, 
	  1, 
	  1, 
	  1, 
	  1, 
	  1, 
	  1, 
	  1, 
	  1, 
	  1, 
	  1, 
	  1, 
	  1, 
	  1, 
	  1, 
	  1, 
	  1, 
	  1, 
	  1, 
	  1, 
	  1, 
	  1, 
	  1, 
	  1, 
	  1, 
	  1, 
	  1, 
	  1, 
	  1, 
	  1, 
	  1, 
	  1, 
	  1, 
	  1, 
	  1, 
	  1, 
	  1, 
	  1, 
	  1, 
	  1, 
	  1, 
	  1, 
	  1, 
	  1, 
	  1, 
	  1, 
	  1, 
	  1, 
	  1, 
	  1, 
	  1, 
	  1, 
	  1, 
	  1, 
	  1, 
	  1, 
	  1, 
	  1, 
	  1, 
	  1, 
	  1, 
	  1, 
	  1, 
	  1, 
	  1, 
	  1, 
	  1, 
	  1, 
	  1, 
	  1, 
	  1, 
	  1, 
	  1, 
	  1, 
	  1, 
	  1, 
	  1, 
	  1, 
	  1, 
	  1, 
	  1, 
	  1, 
	  1, 
	  1, 
	  1, 
	  1, 
	  1, 
	  1, 
	  1, 
	  1, 
	  1, 
	  1, 
	  1, 
	  1, 
	  1, 
	  1, 
	  1, 
	  1, 
	  1, 
	  1, 
	  1, 
	  1, 
	  1, 
	  1, 
	  1, 
	  1, 
	  1, 
	  1, 
	  1, 
	  1, 
	  1, 
	  1, 
	  1, 
	  1, 
	  1, 
	  1, 
	  1, 
	  1, 
	  1, 
	  1, 
	  1, 
	  1, 
	  1, 
	  1, 
	  1, 
	  1, 
	  1, 
	  1, 
	  1, 
	  1, 
	  1, 
	  1, 
	  1, 
	  1, 
	  1, 
	  1, 
	  1, 
	  1, 
	  1, 
	  1, 
	  1, 
	  1, 
	  1, 
	  1, 
	  1, 
	  1, 
	  1, 
	  1, 
	  1, 
	  1, 
	  1, 
	  1, 
	  1, 
	  1, 
	  1, 
	  1, 
	  1, 
	  1, 
	  1, 
	  1, 
	  1, 
	  1, 
	  1, 
	  1, 
	  1, 
	  1, 
	  1, 
	  1, 
	  1, 
	  1, 
	  1, 
	  1, 
	  1, 
	  1, 
	  1, 
	  1, 
	  1, 
	  1, 
	  1, 
	  1, 
	  1, 
	  1, 
	  1, 
	  1, 
	  1, 
	  1, 
	  1, 
	  1, 
	  1, 
	  1, 
	  1, 
	  1, 
	  1, 
	  1, 
	  1, 
	  1, 
	  1, 
	  1, 
	  1, 
	  1, 
	  1, 
	  1, 
	  1, 
	  1, 
	  1, 
	  1, 
	  1, 
	  1, 
	  1, 
	  1, 
	  1, 
	  1, 
	  1, 
	  1, 
	  1, 
	  1, 
	  1, 
	  1, 
	  1, 
	  1, 
	  1, 
	  1, 
	  1, 
	  1, 
	  1, 
	  1, 
	  1, 
	  1, 
	  1, 
	  1, 
	  1, 
	  1, 
	  1, 
	  1, 
	  1, 
	  1, 
	  1, 
	  1, 
	  1, 
	  1, 
	  1, 
	  1, 
	  1, 
	  1, 
	  1, 
	  1, 
	  1, 
	  1, 
	  1, 
	  1, 
	  1, 
	  1, 
	  1, 
	  1, 
	  1, 
	  1, 
	  1, 
	  1, 
	  1, 
	  1, 
	  1, 
	  1, 
	  1, 
	  1, 
	  1, 
	  1, 
	  1, 
	  1, 
	  1, 
	  1, 
	  1, 
	  1, 
	  1, 
	  1, 
	  1, 
	  1, 
	  1, 
	  1, 
	  1, 
	  1, 
	  1, 
	  1, 
	  1, 
	  1, 
	  1, 
	  1, 
	  1, 
	  1, 
	  1, 
	  1, 
	  1, 
	  1, 
	  1, 
	  1, 
	  1, 
	  1, 
	  1, 
	  1, 
	  1, 
	  1, 
	  1, 
	  1, 
	  1, 
	  1, 
	  1, 
	  1, 
	  1, 
	  1, 
	  1, 
	  1, 
	  1, 
	  1, 
	  1, 
	  1, 
	  1, 
	  1, 
	  1, 
	  1, 
	  1, 
	  1, 
	  1, 
	  1, 
	  1, 
	  1, 
	  1, 
	  1, 
	  1, 
	  1, 
	  1, 
	  1, 
	  1, 
	  1, 
	  1, 
	  1, 
	  1, 
	  1, 
	  1, 
	  1, 
	  1, 
	  1, 
	  1, 
	  1, 
	  1, 
	  1, 
	  1, 
	  1, 
	  1, 
	  1, 
	  1, 
	  1, 
	  1, 
	  1, 
	  1, 
	  1, 
	  1, 
	  1, 
	  1, 
	  1, 
	  1, 
	  1, 
	  1, 
	  1, 
	  1, 
	  1, 
	  1, 
	  1, 
	  1, 
	  1, 
	  1, 
	  1, 
	  1, 
	  1, 
	  1, 
	  1, 
	  1, 
	  1, 
	  1, 
	  1, 
	  1, 
	  1, 
	  1, 
	  1, 
	  1, 
	  1, 
	  1, 
	  1, 
	  1, 
	  1, 
	  1, 
	  1, 
	  1, 
	  1, 
	  1, 
	  1, 
	  1, 
	  1, 
	  1, 
	  1, 
	  1, 
	  1, 
	  1, 
	  1, 
	  1, 
	  1, 
	  1, 
	  1, 
	  1, 
	  1, 
	  1, 
	  1, 
	  1, 
	  1, 
	  1, 
	  1, 
	  1, 
	  1, 
	  1, 
	  1, 
	  1, 
	  1, 
	  1, 
	  1, 
	  1, 
	  1, 
	  1, 
	  1, 
	  1, 
	  1, 
	  1, 
	  1, 
	  1, 
	  1, 
	  1, 
	  1, 
	  1, 
	  1, 
	  1, 
	  1, 
	  1, 
	  1, 
	  1, 
	  1, 
	  1, 
	  1, 
	  1, 
	  1, 
	  1, 
	  1, 
	  1, 
	  1, 
	  1, 
	  1, 
	  1, 
	  1, 
	  1, 
	  1, 
	  1, 
	  1, 
	  1, 
	  1, 
	  1, 
	  1, 
	  1, 
	  1, 
	  1, 
	  1, 
	  1, 
	  1, 
	  1, 
	  1, 
	  1, 
	  1, 
	  1, 
	  1, 
	  1, 
	  1, 
	  1, 
	  1, 
	  1, 
	  1, 
	  1, 
	  1, 
	  1, 
	  1, 
	  1, 
	  1, 
	  1, 
	  1, 
	  1, 
	  1, 
	  1, 
	  1, 
	  1, 
	  1, 
	  1, 
	  1, 
	  1, 
	  1, 
	  1, 
	  1, 
	  1, 
	  1, 
	  1, 
	  1, 
	  1, 
	  1, 
	  1, 
	  1, 
	  1, 
	  1, 
	  1, 
	  1, 
	  1, 
	  1, 
	  1, 
	  1, 
	  1, 
	  1, 
	  1, 
	  1, 
	  1, 
	  1, 
	  1, 
	  1, 
	  1, 
	  1, 
	  1, 
	  1, 
	  1, 
	  1, 
	  1, 
	  1, 
	  1, 
	  1, 
	  1, 
	  1, 
	  1, 
	  1, 
	  1, 
	  1, 
	  1, 
	  1, 
	  1, 
	  1, 
	  1, 
	  1, 
	  1, 
	  1, 
	  1, 
	  1, 
	  1, 
	  1, 
	  1, 
	  1, 
	  1, 
	  1, 
	  1, 
	  1, 
	  1, 
	  1, 
	  1, 
	  1, 
	  1, 
	  1, 
	  1, 
	  1, 
	  1, 
	  1, 
	  1, 
	  1, 
	  1, 
	  1, 
	  1, 
	  1, 
	  1, 
	  1, 
	  1, 
	  1, 
	  1, 
	  1, 
	  1, 
	  1, 
	  1, 
	  1, 
	  1, 
	  1, 
	  1, 
	  1, 
	  1, 
	  1, 
	  1, 
	  1, 
	  1, 
	  1, 
	  1, 
	  1, 
	  1, 
	  1, 
	  1, 
	  1, 
	  1, 
	  1, 
	  1, 
	  1, 
	  1, 
	  1, 
	  1, 
	  1, 
	  1, 
	  1, 
	  1, 
	  1, 
	  1, 
	  1, 
	  1, 
	  1, 
	  1, 
	  1, 
	  1, 
	  1, 
	  1, 
	  1, 
	  1, 
	  1, 
	  1, 
	  1, 
	  1, 
	  1, 
	  1, 
	  1, 
	  1, 
	  1, 
	  1, 
	  1, 
	  1, 
	  1, 
	  1, 
	  1, 
	  1, 
	  1, 
	  1, 
	  1, 
	  1, 
	  1, 
	  1, 
	  1, 
	  1, 
	  1, 
	  1, 
	  1, 
	  1, 
	  1, 
	  1, 
	  1, 
	  1, 
	  1, 
	  1, 
	  1, 
	  1, 
	  1, 
	  1, 
	  1, 
	  1, 
	  1, 
	  1, 
	  1, 
	  1, 
	  1, 
	  1, 
	  1, 
	  1, 
	  1, 
	  1, 
	  1, 
	  1, 
	  1, 
	  1, 
	  1, 
	  1, 
	  1, 
	  1, 
	  1, 
	  1, 
	  1, 
	  1, 
	  1, 
	  1, 
	  1, 
	  1, 
	  1, 
	  1, 
	  1, 
	  1, 
	  1, 
	  1, 
	  1, 
	  1, 
	  1, 
	  1, 
	  1, 
	  1, 
	  1, 
	  1, 
	  1, 
	  1, 
	  1, 
	  1, 
	  1, 
	  1, 
	  1, 
	  1, 
	  1, 
	  1, 
	  1, 
	  1, 
	  1, 
	  1, 
	  1, 
	  1, 
	  1, 
	  1, 
	  1, 
	  1, 
	  1, 
	  1, 
	  1, 
	  1, 
	  1, 
	  1, 
	  1, 
	  1, 
	  1, 
	  1, 
	  1, 
	  1, 
	  1, 
	  1, 
	  1, 
	  1, 
	  1, 
	  1, 
	  1, 
	  1, 
	  1, 
	  1, 
	  1, 
	  1, 
	  1, 
	  1, 
	  1, 
	  1, 
	  1, 
	  1, 
	  1, 
	  1, 
	  1, 
	  1, 
	  1, 
	  1, 
	  1, 
	  1, 
	  1, 
	  1, 
	  1, 
	  1, 
	  1, 
	  1, 
	  1, 
	  1, 
	  1, 
	  1, 
	  1, 
	  1, 
	  1, 
	  1, 
	  1, 
	  1, 
	  1, 
	  1, 
	  1, 
	  1, 
	  1, 
	  1, 
	  1, 
	  1, 
	  1, 
	  1, 
	  1, 
	  1, 
	  1, 
	  1, 
	  1, 
	  1, 
	  1, 
	  1, 
	  1, 
	  1, 
	  1, 
	  1, 
	  1, 
	  1, 
	  1, 
	  1, 
	  1, 
	  1, 
	  1, 
	  1, 
	  1, 
	  1, 
	  1, 
	  1, 
	  1, 
	  1, 
	  1, 
	  1, 
	  1, 
	  1, 
	  1, 
	  1, 
	  1, 
	  1, 
	  1, 
	  1, 
	  1, 
	  1, 
	  1, 
	  1, 
	  1, 
	  1, 
	  1, 
	  1, 
	  1, 
	  1, 
	  1, 
	  1, 
	  1, 
	  1, 
	  1, 
	  1, 
	  1, 
	  1, 
	  1, 
	  1, 
	  1, 
	  1, 
	  1, 
	  1, 
	  1, 
	  1, 
	  1, 
	  1, 
	  1, 
	  1, 
	  1, 
	  1, 
	  1, 
	  1, 
	  1, 
	  1, 
	  1, 
	  1, 
	  1, 
	  1, 
	  1, 
	  1, 
	  1, 
	  1, 
	  1, 
	  1, 
	  1, 
	  1, 
	  1, 
	  1, 
	  1, 
	  1, 
	  1, 
	  1, 
	  1, 
	  1, 
	  1, 
	  1, 
	  1, 
	  1, 
	  1, 
	  1, 
	  1, 
	  1, 
	  1, 
	  1, 
	  1, 
	  1, 
	  1, 
	  1, 
	  1, 
	  1, 
	  1, 
	  1, 
	  1, 
	  1, 
	  1, 
	  1, 
	  1, 
	  1, 
	  1, 
	  1, 
	  1, 
	  1, 
	  1, 
	  1, 
	  1, 
	  1, 
	  1, 
	  1, 
	  1, 
	  1, 
	  1, 
	  1, 
	  1, 
	  1, 
	  1, 
	  1, 
	  1, 
	  1, 
	  1, 
	  1, 
	  1, 
	  1, 
	  1, 
	  1, 
	  1, 
	  1, 
	  1, 
	  1, 
	  1, 
	  1, 
	  1, 
	  1, 
	  1, 
	  1, 
	  1, 
	  1, 
	  1, 
	  1, 
	  1, 
	  1, 
	  1, 
	  1, 
	  1, 
	  1, 
	  1, 
	  1, 
	  1, 
	  1, 
	  1, 
	  1, 
	  1, 
	  1, 
	  1, 
	  1, 
	  1, 
	  1, 
	  1, 
	  1, 
	  1, 
	  1, 
	  1, 
	  1, 
	  1, 
	  1, 
	  1, 
	  1, 
    ] 
normal Normal { 
vector [ 
	  0.874695   0.417438   0.246281,
	  0.800892  -0.513119   0.308675,
	  0.928770  -0.273444  -0.250229,
	  0.541389   0.609050   0.579617,
	  0.324503  -0.097418   0.940855,
	  0.863378   0.501522   0.055264,
	  0.412863  -0.910790  -0.002569,
	  0.066929  -0.928413   0.365471,
	  0.848042   0.490952  -0.199479,
	  0.825679   0.330578  -0.457135,
	  0.811527  -0.026200  -0.583727,
	  0.629814  -0.532735  -0.565268,
	  0.447777  -0.822840  -0.349901,
	  0.391458  -0.904856  -0.167321,
	  0.560969   0.805913   0.189254,
	 -0.010139   0.732340   0.680863,
	 -0.274232   0.183159   0.944060,
	 -0.474039  -0.598973   0.645382,
	  0.060930  -0.998113   0.007632,
	 -0.442304  -0.877007   0.187686,
	  0.564874   0.790887  -0.235405,
	  0.673523   0.469170  -0.571180,
	  0.563298  -0.062428  -0.823892,
	  0.251650  -0.607801  -0.753160,
	  0.135542  -0.906256  -0.400411,
	  0.126541   0.958920   0.253889,
	 -0.105995   0.667306   0.737203,
	 -0.349087   0.069491   0.934510,
	 -0.558798  -0.424337   0.712519,
	 -0.619728  -0.757539   0.205113,
	 -0.405688  -0.819029  -0.405720,
	 -0.661722  -0.704499  -0.256526,
	  0.284845   0.940091  -0.187331,
	  0.121826   0.615299  -0.778823,
	  0.032496  -0.054755  -0.997971,
	 -0.092632  -0.474327  -0.875462,
	  0.131678   0.936543   0.324883,
	  0.197498   0.568139   0.798882,
	 -0.022847  -0.149467   0.988503,
	 -0.243978  -0.723616   0.645643,
	 -0.358269  -0.918369   0.168053,
	 -0.424014  -0.860599  -0.282102,
	 -0.378690  -0.368736  -0.848898,
	 -0.369429  -0.498503  -0.784230,
	  0.016196   0.979867  -0.198992,
	 -0.130001   0.615192  -0.777585,
	 -0.089663   0.075482  -0.993108,
	  0.278091   0.906645   0.317269,
	  0.396736   0.511960   0.761904,
	  0.205979  -0.234082   0.950147,
	 -0.026954  -0.825459   0.563818,
	 -0.124425  -0.991184   0.045522,
	 -0.164224  -0.868429  -0.467826,
	 -0.192310  -0.401636  -0.895380,
	 -0.151378   0.063184  -0.986455,
	 -0.144542   0.022943  -0.989233,
	  0.253466   0.944350  -0.209660,
	  0.080040   0.619651  -0.780786,
	  0.422053   0.867597   0.262957,
	  0.395620   0.610561   0.686075,
	  0.244488  -0.147657   0.958344,
	  0.065640  -0.800896   0.595195,
	 -0.009389  -0.998808   0.047895,
	 -0.010818  -0.801628  -0.597726,
	  0.053579  -0.163318  -0.985117,
	  0.058387   0.116786  -0.991439,
	  0.066165   0.476347  -0.876764,
	  0.111915   0.347307  -0.931049,
	  0.342590   0.886383  -0.311381,
	  0.419922   0.887561   0.189473,
	  0.310928   0.692721   0.650740,
	  0.139355  -0.000584   0.990242,
	  0.009180  -0.718335   0.695637,
	  0.006100  -0.992855   0.119175,
	  0.035025  -0.792799  -0.608476,
	  0.103147  -0.172983  -0.979509,
	  0.257519   0.180616  -0.949243,
	  0.241358   0.381476  -0.892313,
	  0.352862   0.844678  -0.402502,
	  0.280781   0.871337  -0.402411,
	  0.275155   0.949631   0.149973,
	 -0.567950   0.746265   0.347162,
	 -0.609676   0.459365   0.645971,
	 -0.661069  -0.136828   0.737744,
	 -0.737904  -0.572038   0.358147,
	 -0.617515  -0.488474  -0.616497,
	 -0.152913   0.047471  -0.987099,
	 -0.051112   0.226407  -0.972691,
	 -0.184212   0.442580  -0.877604,
	 -0.278914   0.890000  -0.360704,
	 -0.318802   0.918990   0.231999,
	 -0.941497   0.216508   0.258277,
	 -0.923899   0.377651   0.061557,
	 -0.839222   0.515670   0.172601,
	 -0.904537   0.359945   0.228588,
	 -0.946282   0.323342   0.000816,
	 -0.688761   0.423601  -0.588362,
	 -0.445265   0.478741  -0.756668,
	 -0.797346   0.366307  -0.479644,
	 -0.935288   0.258897  -0.241267,
	 -0.947252   0.221750   0.231388,
	 -0.925060   0.026287   0.378910,
	 -0.898107   0.337770   0.281627,
	 -0.800657   0.524919   0.288806,
	 -0.835100   0.479453   0.269689,
	 -0.885127   0.434064   0.167747,
	 -0.891535   0.450897  -0.043088,
	 -0.753452   0.578356  -0.312753,
	 -0.839693   0.516869  -0.166620,
	 -0.949950   0.311887   0.017925,
	 -0.990244   0.057892   0.126749,
	 -0.871578   0.431340   0.233021,
	  0.535782  -0.015622   0.844212,
	  0.306472  -0.521384   0.796388,
	  0.610384  -0.765216   0.204638,
	  0.228011   0.604592   0.763203,
	 -0.078067   0.060358   0.995119,
	  0.833497   0.249944   0.492758,
	  0.226800  -0.860874   0.455476,
	 -0.282015  -0.599169   0.749309,
	  0.954827   0.269730  -0.124703,
	  0.794647  -0.016987  -0.606833,
	  0.585027  -0.353989  -0.729681,
	  0.474878  -0.687189  -0.549783,
	  0.347888  -0.920514  -0.177842,
	  0.287861  -0.944366   0.159089,
	  0.428721   0.844944   0.319794,
	  0.113812   0.633111   0.765648,
	 -0.222864   0.150585   0.963149,
	 -0.535162  -0.436071   0.723494,
	 -0.299127  -0.895370   0.329903,
	 -0.708051  -0.645149   0.287136,
	  0.462331   0.813144  -0.353619,
	  0.271916   0.403500  -0.873641,
	  0.203209   0.167888  -0.964634,
	  0.121770  -0.202516  -0.971679,
	 -0.104434  -0.868504  -0.484555,
	  0.422551   0.814149   0.398261,
	  0.053817   0.337880   0.939649,
	 -0.232026  -0.038396   0.971951,
	 -0.540829  -0.521539   0.659925,
	 -0.698611  -0.706196   0.115022,
	 -0.650890  -0.526674  -0.546769,
	 -0.712338  -0.474783  -0.516871,
	  0.479827   0.774606  -0.412008,
	  0.302694   0.390069  -0.869610,
	  0.195905   0.190584  -0.961925,
	 -0.068667  -0.035768  -0.996998,
	  0.437321   0.882344   0.173837,
	 -0.116515  -0.163604   0.979622,
	 -0.064905  -0.099233   0.992945,
	 -0.362127  -0.637729   0.679828,
	 -0.504457  -0.863379   0.009985,
	 -0.450470  -0.725073  -0.520909,
	 -0.243987  -0.047777  -0.968601,
	 -0.229963  -0.319017  -0.919427,
	  0.383719   0.820119  -0.424457,
	  0.279356   0.423273  -0.861858,
	  0.061134   0.110611  -0.991982,
	  0.349737   0.891064   0.289291,
	  0.105037   0.328830   0.938530,
	 -0.122628  -0.332821   0.934983,
	 -0.160182  -0.517467   0.840577,
	 -0.373159  -0.920995   0.111894,
	 -0.336133  -0.870877  -0.358592,
	 -0.163688  -0.539199  -0.826118,
	 -0.032084   0.005036  -0.999472,
	 -0.033631  -0.245581  -0.968792,
	  0.381283   0.827378  -0.412394,
	  0.189033   0.413417  -0.890704,
	  0.420342   0.907366   0.000653,
	  0.341095   0.862706   0.373354,
	  0.011514  -0.042115   0.999046,
	 -0.147825  -0.509667   0.847577,
	 -0.226088  -0.923753   0.309136,
	 -0.208625  -0.914845  -0.345736,
	 -0.054066  -0.539068  -0.840525,
	  0.097571  -0.115744  -0.988475,
	  0.230172   0.309879  -0.922495,
	  0.284622   0.377006  -0.881395,
	  0.380173   0.830235  -0.407650,
	  0.365974   0.927838   0.071974,
	  0.269710   0.747736   0.606751,
	 -0.021061   0.080816   0.996506,
	  0.092628  -0.243591   0.965445,
	  0.046556  -0.883416   0.466271,
	  0.061713  -0.872573  -0.484570,
	  0.204366  -0.347947  -0.914969,
	  0.290613   0.112954  -0.950150,
	  0.380100   0.473471  -0.794575,
	  0.424306   0.864794  -0.268508,
	  0.476826   0.839685  -0.259934,
	  0.415299   0.856476   0.306555,
	  0.195070   0.640047   0.743160,
	 -0.072985   0.389518   0.918122,
	 -0.250486  -0.275254   0.928166,
	 -0.341336  -0.843261   0.415212,
	 -0.036085  -0.818392  -0.573526,
	  0.258786  -0.302255  -0.917427,
	  0.446891   0.182975  -0.875676,
	  0.470131   0.565559  -0.677584,
	  0.462298   0.853032  -0.242109,
	  0.390485   0.858624   0.332094,
	  0.005393   0.999570   0.028808,
	 -0.759196   0.555141   0.339765,
	 -0.867216  -0.277315   0.413561,
	 -0.880426  -0.461616   0.108444,
	 -0.691114  -0.524403  -0.497356,
	 -0.209319  -0.291965  -0.933243,
	  0.302866   0.217317  -0.927925,
	  0.521633   0.621830  -0.584146,
	  0.555262   0.820867  -0.133647,
	  0.365857   0.902294   0.228067,
	 -0.265462   0.936640  -0.228552,
	 -0.536141   0.480623  -0.693941,
	 -0.846527  -0.185352  -0.499036,
	 -0.965008  -0.088897  -0.246694,
	 -0.967345  -0.124141  -0.220980,
	 -0.858547  -0.157054  -0.488090,
	 -0.567388   0.234243  -0.789431,
	 -0.077864   0.828103  -0.555142,
	  0.120390   0.983026  -0.138445,
	  0.098684   0.964109   0.246485,
	 -0.875603   0.432238  -0.215614,
	  0.812189   0.111024   0.572733,
	  0.589175  -0.402925   0.700374,
	  0.757418  -0.648034   0.079809,
	  0.399080   0.322491   0.858333,
	  0.120975   0.169704   0.978042,
	  0.933513   0.151247   0.325080,
	  0.245592  -0.923047   0.296088,
	 -0.164259  -0.394726   0.903997,
	  0.984298   0.167992   0.054188,
	  0.975180   0.161173  -0.151816,
	  0.819606  -0.290207  -0.493990,
	  0.368462  -0.758540  -0.537451,
	  0.216281  -0.928445  -0.302013,
	  0.191690  -0.981433   0.006711,
	  0.662810   0.614439   0.427958,
	  0.368452   0.325689   0.870729,
	  0.055233  -0.122276   0.990958,
	 -0.390730  -0.242529   0.887981,
	 -0.374557  -0.906690   0.193960,
	 -0.785115  -0.508684   0.353321,
	  0.740094   0.653954  -0.156860,
	  0.626289   0.398444  -0.670077,
	  0.378812  -0.035307  -0.924800,
	  0.111908  -0.440718  -0.890642,
	 -0.195457  -0.819976  -0.537993,
	  0.525847   0.744094   0.412079,
	  0.290619   0.514827   0.806532,
	 -0.018761  -0.290260   0.956764,
	 -0.407584  -0.687705   0.600780,
	 -0.627048  -0.763769   0.153190,
	 -0.627362  -0.583669  -0.515507,
	 -0.621413  -0.664713  -0.414730,
	  0.573706   0.779364  -0.251898,
	  0.449763   0.440894  -0.776740,
	  0.213381   0.057538  -0.975273,
	 -0.172017  -0.302123  -0.937620,
	  0.431949   0.832417   0.347133,
	  0.052497   0.567227   0.821887,
	 -0.211032   0.226035   0.950986,
	 -0.472335  -0.709166   0.523435,
	 -0.483304  -0.871045   0.087744,
	 -0.419849  -0.840075  -0.343513,
	 -0.365533  -0.381781  -0.848899,
	 -0.294117  -0.568542  -0.768281,
	  0.481413   0.832171  -0.275197,
	  0.330249   0.462014  -0.823091,
	  0.002878  -0.015222  -0.999880,
	  0.346222   0.876553   0.334342,
	  0.067703   0.352045   0.933531,
	 -0.225047   0.012681   0.974265,
	 -0.396350  -0.727592   0.559926,
	 -0.349716  -0.936722   0.015817,
	 -0.319203  -0.924248  -0.209465,
	 -0.178130  -0.686367  -0.705103,
	 -0.096916  -0.200065  -0.974978,
	  0.012665  -0.273103  -0.961901,
	  0.410732   0.864616  -0.289375,
	  0.237026   0.428041  -0.872124,
	  0.367293   0.826968   0.425699,
	  0.162767   0.354981   0.920595,
	 -0.090320  -0.291841   0.952193,
	 -0.195691  -0.788663   0.582851,
	 -0.134996  -0.990846   0.000914,
	 -0.125059  -0.950504  -0.284432,
	 -0.009199  -0.655643  -0.755015,
	  0.180497  -0.134932  -0.974276,
	  0.287264   0.341772  -0.894802,
	  0.389707   0.459139  -0.798323,
	  0.447603   0.837737  -0.312808,
	  0.396090   0.811596   0.429446,
	  0.217298   0.477283   0.851459,
	  0.018062  -0.007192   0.999811,
	 -0.120728  -0.697653   0.706191,
	 -0.081007  -0.983950   0.158994,
	 -0.014010  -0.913443  -0.406726,
	  0.090547  -0.516956  -0.851209,
	  0.250960   0.022108  -0.967745,
	  0.446512   0.539200  -0.714066,
	  0.476234   0.846978  -0.236281,
	  0.521823   0.836576  -0.166859,
	  0.434675   0.814961   0.383270,
	  0.173356   0.463762   0.868834,
	 -0.008530   0.127872   0.991754,
	 -0.172905  -0.420594   0.890620,
	 -0.269659  -0.916846   0.294411,
	 -0.157579  -0.847859  -0.506264,
	  0.003527  -0.347164  -0.937798,
	  0.135866   0.113286  -0.984229,
	  0.315245   0.550219  -0.773227,
	  0.451306   0.864539  -0.221123,
	  0.395817   0.822686   0.408065,
	  0.011158   0.583710   0.811886,
	 -0.228800   0.197105   0.953310,
	 -0.636750   0.042667   0.769889,
	 -0.921274  -0.217408   0.322472,
	 -0.778109  -0.225619  -0.586210,
	 -0.293892   0.022732  -0.955568,
	 -0.092872   0.240930  -0.966089,
	 -0.014500   0.549618  -0.835290,
	  0.059942   0.928889  -0.365474,
	  0.088725   0.968372   0.233204,
	 -0.489845   0.857921   0.154995,
	 -0.752835   0.380585   0.537023,
	 -0.983180   0.111533   0.144626,
	 -0.950087   0.291459  -0.111292,
	 -0.848623   0.496772  -0.181817,
	 -0.672690   0.494564  -0.550359,
	 -0.534140   0.404165  -0.742526,
	 -0.500617   0.453525  -0.737359,
	 -0.509910   0.717553  -0.474457,
	 -0.491720   0.855164  -0.164029,
	 -0.822218   0.423251  -0.380547,
	  0.437972  -0.111976   0.891988,
	  0.394722  -0.315949   0.862769,
	  0.940294  -0.239449   0.241891,
	  0.006473   0.455692   0.890114,
	 -0.145305  -0.050044   0.988120,
	  0.702622   0.270386   0.658190,
	  0.348739  -0.475332   0.807738,
	 -0.142999  -0.587466   0.796514,
	  0.888227   0.386463  -0.248392,
	  0.718708   0.019528  -0.695038,
	  0.708295  -0.063699  -0.703036,
	  0.716823  -0.239874  -0.654695,
	  0.635119  -0.708364  -0.307968,
	  0.469591  -0.764041   0.442409,
	  0.253392   0.887928   0.383897,
	 -0.137757   0.481469   0.865570,
	 -0.426176   0.130668   0.895154,
	 -0.566372  -0.347284   0.747407,
	 -0.041990  -0.932887   0.357714,
	 -0.565279  -0.743811   0.356658,
	  0.401740   0.831678  -0.383297,
	  0.349926   0.359564  -0.865023,
	  0.212677  -0.023950  -0.976829,
	  0.113593  -0.451498  -0.885012,
	  0.138417  -0.881804  -0.450846,
	  0.167735   0.910147   0.378812,
	 -0.164154   0.348792   0.922712,
	 -0.389724  -0.090759   0.916449,
	 -0.563440  -0.362439   0.742410,
	 -0.656954  -0.702080   0.274766,
	 -0.315050  -0.804777  -0.503068,
	 -0.607366  -0.721083  -0.333386,
	  0.272346   0.881520  -0.385681,
	  0.128171   0.378210  -0.916804,
	 -0.033995   0.005368  -0.999408,
	 -0.019804  -0.215873  -0.976221,
	  0.142477   0.898145   0.415975,
	 -0.181417   0.153243   0.971393,
	 -0.325909  -0.206359   0.922605,
	 -0.401179  -0.465983   0.788616,
	 -0.455897  -0.829513   0.322592,
	 -0.389889  -0.901495  -0.187866,
	 -0.196123  -0.287993  -0.937335,
	 -0.140381  -0.625498  -0.767493,
	  0.277136   0.854459  -0.439426,
	  0.114016   0.250486  -0.961383,
	 -0.003032  -0.047746  -0.998855,
	  0.160343   0.797599   0.581487,
	 -0.016951   0.176184   0.984211,
	 -0.141839  -0.216592   0.965903,
	 -0.219798  -0.520111   0.825332,
	 -0.260711  -0.919292   0.294842,
	 -0.192399  -0.942502  -0.273264,
	 -0.042271  -0.676132  -0.735567,
	  0.121005  -0.169551  -0.978065,
	  0.168314  -0.158349  -0.972932,
	  0.362232   0.826843  -0.430254,
	  0.261912   0.247977  -0.932689,
	  0.278525   0.823721   0.493870,
	  0.073107   0.413843   0.907408,
	 -0.046740  -0.063675   0.996876,
	 -0.101192  -0.519802   0.848272,
	 -0.101046  -0.951590   0.290287,
	  0.020395  -0.885115  -0.464926,
	  0.158386  -0.452141  -0.877771,
	  0.239698  -0.016762  -0.970703,
	  0.342737   0.374965  -0.861355,
	  0.326674   0.398038  -0.857234,
	  0.423232   0.848897  -0.316620,
	  0.279109   0.866801   0.413224,
	  0.101139   0.525146   0.844981,
	 -0.018070   0.089338   0.995837,
	 -0.098603  -0.415026   0.904450,
	 -0.084011  -0.937057   0.338918,
	  0.080387  -0.864358  -0.496411,
	  0.238587  -0.310368  -0.920189,
	  0.310827   0.129132  -0.941654,
	  0.357335   0.486037  -0.797546,
	  0.393790   0.856433  -0.333845,
	  0.371204   0.870392  -0.323458,
	  0.263684   0.895658   0.358144,
	  0.015502   0.599337   0.800347,
	 -0.050378   0.209521   0.976506,
	 -0.050681  -0.330265   0.942527,
	  0.009214  -0.917616   0.397360,
	  0.114186  -0.844187  -0.523746,
	  0.193840  -0.251075  -0.948360,
	  0.273087   0.185139  -0.944006,
	  0.299018   0.525963  -0.796210,
	  0.280971   0.895794  -0.344397,
	  0.174787   0.934228   0.310914,
	 -0.204922   0.706098   0.677814,
	 -0.344616   0.318122   0.883198,
	 -0.607061  -0.143418   0.781606,
	 -0.658976  -0.687065   0.306093,
	 -0.415212  -0.701685  -0.578997,
	 -0.107280  -0.127374  -0.986036,
	 -0.042637   0.192194  -0.980430,
	 -0.026915   0.478601  -0.877620,
	 -0.093538   0.861162  -0.499651,
	 -0.133455   0.989106   0.062128,
	 -0.579572   0.781425  -0.231239,
	 -0.861444   0.374808   0.342686,
	 -0.949490  -0.230379   0.213060,
	 -0.943120  -0.302245  -0.138467,
	 -0.932745  -0.198311  -0.301098,
	 -0.729714  -0.040785  -0.682535,
	 -0.564159   0.107867  -0.818590,
	 -0.554696   0.200659  -0.807495,
	 -0.625265   0.428852  -0.652019,
	 -0.627724   0.631191  -0.455588,
	 -0.826054  -0.048912  -0.561465,
	  0.570194   0.473874   0.671060,
	  0.385980  -0.352824   0.852370,
	  0.813131  -0.434858   0.386931,
	  0.285736   0.665383   0.689652,
	 -0.099587   0.241942   0.965167,
	  0.704549   0.545106   0.454389,
	  0.215050  -0.886778   0.409119,
	 -0.139240  -0.749170   0.647578,
	  0.791779   0.576547   0.201691,
	  0.843804   0.535136  -0.040305,
	  0.929059  -0.125725  -0.347913,
	  0.385153  -0.904145  -0.184877,
	  0.291882  -0.956453   0.001497,
	  0.248536  -0.961345   0.118516,
	  0.517431   0.774578   0.363724,
	  0.071835   0.611785   0.787756,
	 -0.312136   0.288130   0.905291,
	 -0.464892  -0.375227   0.801923,
	 -0.008298  -0.975074   0.221722,
	 -0.424689  -0.838121   0.342334,
	  0.601378   0.798944  -0.005719,
	  0.603849   0.662072  -0.443877,
	  0.426163  -0.011012  -0.904580,
	  0.195155  -0.688129  -0.698851,
	  0.101398  -0.963220  -0.248850,
	  0.350546   0.871801   0.342170,
	  0.058360   0.576930   0.814706,
	 -0.206609  -0.007079   0.978398,
	 -0.565578  -0.213000   0.796713,
	 -0.913144  -0.288066   0.288421,
	 -0.196244  -0.834948  -0.514149,
	 -0.610489  -0.473805  -0.634675,
	  0.471412   0.862878  -0.182243,
	  0.426419   0.594794  -0.681460,
	  0.117229   0.122839  -0.985479,
	  0.052900  -0.272892  -0.960589,
	  0.210446   0.916575   0.340004,
	 -0.095530   0.637794   0.764260,
	 -0.200683   0.148168   0.968387,
	 -0.366990  -0.673000   0.642176,
	 -0.665522  -0.740265   0.095326,
	 -0.727034  -0.553142  -0.406761,
	  0.056382  -0.535853  -0.842426,
	 -0.078836  -0.708064  -0.701734,
	  0.332437   0.910926  -0.244335,
	  0.355152   0.491722  -0.795032,
	  0.301549  -0.053968  -0.951922,
	  0.153629   0.951287   0.267305,
	 -0.027494   0.507490   0.861219,
	 -0.292470   0.050637   0.954933,
	 -0.348113  -0.613135   0.709143,
	 -0.233966  -0.962592   0.136661,
	 -0.206353  -0.975743  -0.073097,
	 -0.145275  -0.763961  -0.628696,
	  0.565356  -0.138957  -0.813059,
	  0.083600  -0.202497  -0.975708,
	  0.288316   0.943281  -0.164604,
	  0.461192   0.778521  -0.425683,
	  0.201907   0.909235   0.364040,
	  0.063476   0.476598   0.876827,
	 -0.093798  -0.029139   0.995165,
	 -0.143501  -0.655005   0.741873,
	 -0.059177  -0.979880   0.190615,
	 -0.044067  -0.997652  -0.052430,
	  0.070014  -0.696058  -0.714564,
	  0.127407   0.047769  -0.990700,
	  0.360799   0.657883  -0.661070,
	  0.260073   0.373055  -0.890613,
	  0.303340   0.951185  -0.056843,
	  0.277322   0.904941   0.322761,
	  0.128237   0.663310   0.737275,
	 -0.051528   0.076841   0.995711,
	 -0.113443  -0.477726   0.871154,
	 -0.084445  -0.911500   0.402539,
	  0.091540  -0.951590  -0.293424,
	  0.272241  -0.360516  -0.892140,
	  0.285098   0.106891  -0.952519,
	  0.299062   0.356512  -0.885133,
	  0.371918   0.927200  -0.044464,
	  0.375740   0.923522  -0.076990,
	  0.327177   0.911136   0.250572,
	  0.067587   0.945706   0.317919,
	 -0.671335   0.558930   0.486730,
	 -0.640729  -0.474286   0.603754,
	 -0.433724  -0.834115   0.340787,
	 -0.185946  -0.794981  -0.577433,
	  0.225802  -0.126547  -0.965919,
	  0.362451   0.265431  -0.893407,
	  0.387560   0.477488  -0.788544,
	  0.371946   0.832967  -0.409661,
	  0.247925   0.914727   0.319074,
	 -0.040964   0.981825  -0.185313,
	 -0.271846   0.409947  -0.870657,
	 -0.672260  -0.035597  -0.739459,
	 -0.951146   0.029815  -0.307297,
	 -0.669667   0.201445  -0.714819,
	  0.033488   0.155336  -0.987294,
	  0.234401   0.219746  -0.946978,
	  0.297094   0.549416  -0.780946,
	  0.229511   0.876312  -0.423559,
	  0.125601   0.991296  -0.039458,
	 -0.192425   0.761757  -0.618626,
	 -0.193711   0.394554  -0.898222,
	 -0.337708   0.185956  -0.922699,
	 -0.526055   0.529579  -0.665441,
	 -0.505364   0.770027  -0.389442,
	 -0.229749   0.619326  -0.750767,
	 -0.082659   0.441107  -0.893640,
	 -0.061562   0.492396  -0.868192,
	 -0.114689   0.791132  -0.600796,
	 -0.188672   0.903162  -0.385617,
	 -0.408719   0.577231  -0.706933,
	  0.998413  -0.052018   0.021578,
	  0.702364   0.398353  -0.589915,
	  0.571515   0.815130  -0.094524,
	  0.334423   0.341402   0.878411,
	  0.772965   0.014811   0.634276,
	  0.866310   0.191269  -0.461435,
	  0.209405   0.535249  -0.818327,
	  0.283313   0.519134  -0.806371,
	 -0.390300   0.910663  -0.135497,
	 -0.496650   0.434827   0.751175,
	 -0.450939   0.078394   0.889106,
	  0.402504  -0.148985   0.903213,
	  0.997544  -0.031505   0.062559,
	  0.870470   0.085329  -0.484768,
	  0.668229   0.359080  -0.651560,
	  0.111883   0.544584  -0.831210,
	  0.516793   0.418428  -0.746889,
	  0.088418   0.335041  -0.938046,
	  0.181280   0.398565  -0.899046,
	 -0.523999   0.792418  -0.312248,
	 -0.624837   0.182304   0.759173,
	 -0.483518  -0.110578   0.868322,
	  0.025774   0.005521   0.999653,
	  0.974547  -0.221549  -0.034271,
	  0.835662   0.077990  -0.543679,
	  0.390985   0.236371  -0.889528,
	 -0.094646   0.522212  -0.847548,
	  0.217554   0.362634  -0.906183,
	  0.165207   0.419580  -0.892558,
	 -0.908173   0.397555   0.131042,
	 -0.494547   0.062056   0.866933,
	 -0.501962   0.040591   0.863937,
	  0.249277  -0.870116   0.425158,
	 -0.503951  -0.350079   0.789606,
	  0.756646  -0.653825   0.000420,
	  0.646446  -0.491363  -0.583669,
	  0.391733  -0.087521  -0.915907,
	 -0.562751   0.447935  -0.694742,
	  0.316986   0.154118  -0.935824,
	 -0.058554   0.045483  -0.997248,
	 -0.994601   0.083620  -0.061452,
	 -0.923883   0.284523   0.255904,
	 -0.368930   0.242573   0.897245,
	 -0.226510   0.036969   0.973307,
	 -0.400096  -0.241572   0.884062,
	  0.087947  -0.975178   0.203207,
	 -0.216118  -0.911849   0.349035,
	 -0.182777  -0.885983   0.426178,
	  0.429660  -0.867397  -0.251029,
	  0.441300  -0.673928  -0.592516,
	 -0.924555  -0.205119  -0.321130,
	  0.282558  -0.612623  -0.738143,
	 -0.455667  -0.846829  -0.274315,
	 -0.971996  -0.076862  -0.222072,
	 -0.951559  -0.307439  -0.004050,
	 -0.766316  -0.453280   0.455298,
	  0.017429  -0.435814   0.899868,
	  0.057767  -0.399279   0.915008,
	  0.031241  -0.999364   0.017213,
	 -0.181382  -0.950204   0.253402,
	  0.987558   0.074450   0.138516,
	  0.509212  -0.204971   0.835877,
	  0.537778  -0.236703   0.809176,
	  0.417923  -0.444831   0.792128,
	  0.762247   0.143761   0.631119,
	  0.896425   0.418682   0.145355,
	  0.828806   0.559427  -0.011054,
	  0.850210   0.486569  -0.200983,
	  0.852998   0.208173  -0.478600,
	  0.375524  -0.577666  -0.724765,
	  0.277170  -0.911017  -0.305327,
	 -0.058244  -0.122509   0.990757,
	 -0.197265  -0.523671   0.828767,
	 -0.455145  -0.783057   0.423870,
	 -0.146168  -0.306625   0.940540,
	  0.341716   0.791723   0.506364,
	  0.399739   0.914883  -0.056549,
	  0.299201   0.777180  -0.553598,
	  0.217008   0.377000  -0.900432,
	 -0.110284  -0.207595  -0.971978,
	 -0.235287  -0.576559  -0.782444,
	 -0.291807  -0.764664  -0.574575,
	  0.046968  -0.734017   0.677505,
	  0.018333  -0.284003   0.958648,
	 -0.050340  -0.514949   0.855741,
	 -0.109918  -0.129060   0.985526,
	 -0.159386   0.565362   0.809297,
	 -0.207057   0.968607  -0.137582,
	 -0.156345   0.964106  -0.214606,
	 -0.313366   0.562337  -0.765231,
	 -0.254336   0.103424  -0.961570,
	 -0.208631  -0.413363  -0.886343,
	  0.010071  -0.724173  -0.689545,
	 -0.467848  -0.187208   0.863754,
	 -0.520265  -0.841837  -0.143648,
	 -0.502960  -0.357672   0.786831,
	 -0.413431  -0.270199   0.869521,
	 -0.827232   0.560114   0.044270,
	 -0.681595   0.669619  -0.295023,
	 -0.627347   0.133914  -0.767139,
	 -0.511419  -0.412336  -0.753943,
	 -0.982915   0.049306  -0.177336,
	  0.021422   0.999689  -0.012761,
	 -0.170877   0.440253   0.881464,
	  0.683298   0.671797   0.285995,
	 -0.252358   0.203460   0.946002,
	 -0.369901   0.364286   0.854675,
	 -0.869444   0.331706   0.366112,
	 -0.816315   0.309358  -0.487778,
	  0.146978   0.364055  -0.919707,
	  0.220982   0.419442  -0.880475,
	  0.021280   0.251792  -0.967547,
	  0.566976   0.300030  -0.767150,
	  0.884799   0.464479  -0.037274,
	  0.698771   0.703010   0.132270,
	  0.418651  -0.140115   0.897273,
	 -0.521307  -0.167299   0.836809,
	  0.998453  -0.046316   0.030757,
	 -0.091651  -0.078347   0.992704,
	 -0.004862  -0.124653   0.992189,
	 -0.679008  -0.245370   0.691911,
	 -0.891638  -0.193635   0.409252,
	 -0.934708  -0.230615  -0.270440,
	 -0.118237  -0.234708  -0.964848,
	  0.213544  -0.167669  -0.962437,
	  0.134881  -0.297350  -0.945193,
	  0.299971  -0.430956  -0.851055,
	  0.818662  -0.349328  -0.455809,
	 -0.280055  -0.219683   0.934510,
	  0.746868  -0.427447   0.509389,
	 -0.222835   0.014597   0.974747,
	  0.874491  -0.361833  -0.323020,
	 -0.091675  -0.092979   0.991439,
	 -0.727411  -0.208917   0.653626,
	 -0.887973  -0.156427   0.432476,
	 -0.613611  -0.243928  -0.750987,
	  0.153572  -0.080212  -0.984877,
	  0.352794  -0.179867  -0.918251,
	  0.422493  -0.398962  -0.813836,
	  0.319843  -0.731376   0.602321,
	 -0.148806  -0.348951   0.925251,
	  0.488132  -0.324781  -0.810089,
	  0.550841  -0.625515  -0.552544,
	 -0.413079  -0.457901   0.787206,
	 -0.748545  -0.611376   0.256709,
	 -0.081203  -0.567294  -0.819502,
	  0.473647  -0.350873  -0.807804,
	  0.050486  -0.997033   0.058102,
	 -0.919503   0.388582   0.059322,
	 -0.144771   0.564865   0.812385,
	 -0.800049   0.599748  -0.014984,
	 -0.502215   0.302967   0.809933,
	 -0.935378   0.319088  -0.152481,
	 -0.836206   0.425326  -0.346205,
	 -0.574357   0.700487   0.423593,
	  0.065460   0.457209   0.886947,
	 -0.762553   0.453363  -0.461491,
	 -0.771091   0.600335  -0.212171,
	 -0.686154  -0.723998   0.070857,
	  0.276791   0.270382   0.922107,
	  0.043218  -0.537871   0.841918,
	 -0.288976  -0.916661   0.276090,
	 -0.941394   0.069128  -0.330149,
	 -0.601565   0.304122  -0.738667,
	 -0.083496   0.841731   0.533401,
	 -0.163029   0.986268  -0.026396,
	 -0.208056   0.322686   0.923356,
	 -0.044715   0.188916   0.980975,
	 -0.102738   0.225281  -0.968862,
	 -0.183663   0.470903  -0.862854,
	 -0.282058   0.883875  -0.373105,
	 -0.148510  -0.984417  -0.094175,
	 -0.060347  -0.997320   0.041365,
	 -0.318802  -0.946228   0.054935,
	  0.040143  -0.299896   0.953127,
	 -0.069962  -0.966282   0.247799,
	 -0.496550  -0.572823  -0.652159,
	  0.071537   0.105403  -0.991853,
	  0.383935   0.842407   0.378081,
	  0.433616   0.471202   0.768079,
	  0.252744   0.967531   0.001875,
	  0.317507   0.265045   0.910462,
	  0.173827   0.058957   0.983010,
	  0.269524   0.109912  -0.956701,
	  0.326848   0.198119  -0.924077,
	  0.259947   0.737585  -0.623214,
	 -0.138496  -0.987123   0.080051,
	 -0.170259  -0.985292  -0.014543,
	 -0.021580  -0.670466   0.741627,
	 -0.006865  -0.999102   0.041808,
	 -0.064391  -0.264135  -0.962334,
	  0.335197   0.078900  -0.938839,
	  0.612538   0.376850   0.694824,
	 -0.069691   0.319087   0.945160,
	  0.630130   0.759734  -0.160437,
	 -0.487210   0.226215   0.843477,
	  0.584938   0.373812   0.719800,
	  0.513820   0.171762   0.840528,
	  0.794132   0.034438  -0.606769,
	  0.808556   0.093233  -0.580986,
	  0.774327   0.349994  -0.527183,
	  0.035588  -0.993476   0.108347,
	  0.023413  -0.973704   0.226612,
	  0.164536  -0.858266  -0.486115,
	  0.625500  -0.622246   0.470701,
	  0.598290  -0.785865   0.156417,
	  0.804155  -0.553893  -0.215724,
	  0.969298   0.040630   0.242510,
	  0.582369  -0.788750   0.196772,
	  0.419096  -0.104976  -0.901853,
	  0.584081   0.587982  -0.559578,
	  0.981562  -0.073829  -0.176312,
	 -0.308881   0.429646  -0.848526,
	 -0.687006   0.210292  -0.695558,
	 -0.492236  -0.038773  -0.869598,
	  0.148434  -0.519244  -0.841637,
	  0.487796  -0.559518  -0.670071,
	  0.776146  -0.492676  -0.393533,
	  0.946196   0.323570   0.003939,
	  0.372866   0.878443  -0.298844,
	 -0.038468   0.890371  -0.453607,
	  0.978292  -0.073998   0.193567,
	  0.873601  -0.467954   0.133568,
	 -0.342207   0.793873  -0.502653,
	 -0.851988   0.265648  -0.451162,
	 -0.964164  -0.126830  -0.233025,
	 -0.951826   0.235985  -0.195802,
	 -0.555301  -0.585347  -0.590770,
	  0.096055  -0.896072  -0.433392,
	  0.660460  -0.746556  -0.080284,
	  0.971621  -0.004665   0.236496,
	  0.740167   0.662555   0.114775,
	 -0.160033   0.986003  -0.046774,
	 -0.129906   0.987841  -0.085407,
	  0.933737  -0.268095   0.237193,
	  0.653361  -0.665506   0.360862,
	  0.754707  -0.519160   0.401110,
	 -0.618850   0.745611  -0.247161,
	 -0.924842   0.213716  -0.314631,
	 -0.891690  -0.010304  -0.452529,
	 -0.852255   0.235758  -0.466991,
	 -0.942002  -0.161559  -0.294163,
	 -0.372572  -0.921378   0.110690,
	  0.077373  -0.970239   0.229457,
	  0.810929  -0.269005   0.519644,
	  0.784794   0.256711   0.564091,
	  0.056944   0.935270   0.349323,
	 -0.362758   0.925901   0.105422,
	 -0.534459   0.843318   0.056297,
	  0.014718  -0.852611   0.522339,
	  0.581266  -0.586425   0.564123,
	 -0.805130   0.317842  -0.500743,
	 -0.786658  -0.007853  -0.617339,
	 -0.923494  -0.366277  -0.114018,
	 -0.575707  -0.747133   0.332195,
	  0.640810   0.142191   0.754417,
	  0.609296  -0.474253   0.635486,
	  0.046106   0.830166   0.555606,
	 -0.379269   0.912155   0.155332,
	 -0.435081   0.897990   0.065717,
	 -0.665347  -0.719483   0.199142,
	 -0.031371  -0.814775   0.578928,
	  0.293077  -0.726272   0.621800,
	 -0.836778   0.460014  -0.296969,
	 -0.827925  -0.469569  -0.306668,
	  0.448460  -0.079334   0.890275,
	  0.104370   0.559754   0.822060,
	  0.194158  -0.752063   0.629845,
	 -0.320844   0.831457   0.453585,
	 -0.919257   0.199082   0.339607,
	 -0.412233  -0.846118   0.337858,
	 -0.156941  -0.081683   0.984224,
	 -0.926550   0.376171  -0.000259,
	 -0.796345   0.386896  -0.464915,
	 -0.986146  -0.069031  -0.150835,
	 -0.849950  -0.194610   0.489605,
	 -0.876884   0.431899   0.211040,
	 -0.857252   0.489605  -0.159396,
	 -0.798870   0.207025   0.564755,
	 -0.548837   0.442906  -0.708952,
	 -0.728508   0.372429  -0.574955,
	 -0.590381   0.272545  -0.759717,
	 -0.834980  -0.331132  -0.439499,
	 -0.636324  -0.758278   0.141799,
	 -0.588810  -0.660359   0.466077,
	 -0.568174  -0.299759   0.766370,
	 -0.667372   0.561917   0.488738,
	 -0.654462   0.755313   0.034367,
	 -0.695630   0.638208  -0.329834,
	 -0.463076   0.205845   0.862084,
	 -0.436595   0.176548  -0.882165,
	 -0.291971  -0.017357  -0.956270,
	 -0.497417   0.575357  -0.649262,
	 -0.318729   0.350513  -0.880655,
	 -0.261279   0.338220  -0.904069,
	 -0.342839  -0.865663  -0.364814,
	 -0.436175  -0.890804   0.127356,
	 -0.357703  -0.890705   0.280523,
	 -0.484586  -0.776338   0.403083,
	 -0.543158  -0.443580   0.712893,
	 -0.264353  -0.351448   0.898110,
	 -0.321250  -0.166763   0.932196,
	 -0.416411   0.803962   0.424555,
	 -0.267032   0.390023   0.881236,
	 -0.385701   0.891091  -0.239149,
	 -0.113788   0.009332   0.993461,
	 -0.116397   0.298299  -0.947349,
	 -0.104324   0.044868  -0.993531,
	 -0.071837  -0.577569  -0.813175,
	 -0.264699   0.574320  -0.774656,
	 -0.028976   0.333962  -0.942141,
	  0.012109  -0.999878   0.009886,
	  0.026006  -0.974218   0.224105,
	  0.016297  -0.920222   0.391057,
	 -0.077601  -0.914226   0.397704,
	 -0.170534  -0.897122   0.407541,
	 -0.485731  -0.540502   0.686966,
	 -0.387850  -0.210998   0.897247,
	 -0.164549  -0.096982   0.981590,
	 -0.184949   0.832569   0.522133,
	 -0.076727   0.996653  -0.028205,
	 -0.237212   0.454388   0.858640,
	 -0.156786   0.160362   0.974527,
	 -0.012555   0.983511  -0.180412,
	  0.091365   0.334002  -0.938134,
	  0.015822   0.116149  -0.993106,
	  0.431548  -0.328704  -0.840071,
	  0.369147  -0.924847  -0.091592,
	 -0.092188   0.805796  -0.584974,
	 -0.223844   0.095894  -0.969896,
	  0.066888   0.192781  -0.978959,
	  0.416475  -0.854508   0.310426,
	  0.258574  -0.902515   0.344394,
	  0.140569  -0.971699   0.189844,
	 -0.068667  -0.730137   0.679842,
	 -0.405971  -0.068213   0.911337,
	 -0.396043   0.088495   0.913958,
	 -0.219758   0.048662   0.974340,
	  0.199420   0.914920   0.350932,
	 -0.018864   0.571991   0.820043,
	  0.284772   0.956202  -0.067690,
	  0.295963   0.946943  -0.125322,
	 -0.268566   0.309092   0.912324,
	  0.292408   0.956166  -0.015613,
	  0.266706   0.233716  -0.935010,
	  0.689629  -0.416707  -0.592256,
	  0.714145  -0.699916   0.010663,
	 -0.219507   0.404400  -0.887850,
	 -0.238557  -0.319535  -0.917054,
	 -0.007096  -0.283842  -0.958845,
	  0.270033   0.118105  -0.955580,
	  0.418540  -0.903228   0.094890,
	  0.334804  -0.919119   0.207669,
	  0.428757  -0.777122   0.460705,
	  0.206297  -0.315223   0.926324,
	 -0.162495   0.105982   0.981001,
	  0.168265  -0.332472   0.927981,
	 -0.264778  -0.258232   0.929090,
	  0.359401   0.929981   0.077242,
	  0.195072   0.818916   0.539744,
	 -0.058959   0.752721   0.655694,
	  0.376816   0.918992  -0.116029,
	  0.174404   0.971656   0.159586,
	 -0.265286   0.367917   0.891213,
	 -0.069917   0.985359  -0.155498,
	  0.494302  -0.391072  -0.776356,
	  0.494657  -0.864099  -0.092994,
	  0.437355  -0.894882  -0.088915,
	 -0.089289   0.198668  -0.975991,
	 -0.179370  -0.410779  -0.893916,
	 -0.235107  -0.241834  -0.941404,
	 -0.168921  -0.599191  -0.782583,
	  0.182278  -0.749917  -0.635924,
	  0.345100  -0.758699  -0.552523,
	  0.336193  -0.936025  -0.104076,
	  0.363796  -0.911001   0.194243,
	  0.363169  -0.704638   0.609585,
	  0.258269  -0.668192   0.697722,
	  0.082503  -0.611868   0.786645,
	 -0.116080   0.929412   0.350313,
	 -0.028865   0.977280  -0.209977,
	  0.039039   0.991355  -0.125266,
	 -0.051000   0.998400   0.024438,
	 -0.203893   0.791353   0.576358,
	 -0.150194   0.898608   0.412244,
	  0.060323   0.994482   0.085834,
	  0.118636   0.170570   0.978178,
	  0.052031   0.922857  -0.381612,
	  0.305490  -0.949461   0.072105,
	  0.248336  -0.948808  -0.195175,
	  0.256999  -0.944234  -0.205849,
	  0.394822   0.738018  -0.547215,
	  0.516909   0.108559  -0.849129,
	  0.345979  -0.460564  -0.817423,
	  0.258167  -0.886491  -0.384035,
	  0.323843  -0.895571  -0.305089,
	  0.556644  -0.644903  -0.523686,
	  0.311243  -0.900905  -0.302485,
	  0.297271  -0.949686   0.098624,
	  0.283821  -0.756748   0.588879,
	 -0.068540  -0.639472   0.765753,
	  0.221628  -0.707431   0.671136,
	  0.243248  -0.589230   0.770479,
	  0.059604   0.814440   0.577179,
	 -0.026055   0.993723   0.108794,
	 -0.303331   0.950805  -0.062926,
	  0.041705   0.658166   0.751717,
	 -0.187221   0.980654  -0.057154,
	  0.153372   0.987550  -0.034949,
	  0.426604  -0.353788   0.832372,
	  0.037471   0.358708   0.932697,
	  0.629491   0.766805   0.125505,
	  0.204780  -0.968326  -0.142866,
	  0.206238  -0.976286  -0.065819,
	  0.833664   0.457620  -0.309173,
	  0.823971   0.327247  -0.462581,
	  0.676169  -0.734476  -0.057785,
	  0.635319  -0.656345  -0.406917,
	  0.829745  -0.553027  -0.075393,
	  0.066892  -0.926122   0.371245,
	  0.290476  -0.778958   0.555741,
	 -0.057142  -0.076641   0.995420,
	  0.058882  -0.194126   0.979208,
	 -0.050484   0.900427   0.432067,
	 -0.096631   0.987844   0.121768,
	  0.065500   0.985393  -0.157198,
	  0.293665   0.890826  -0.346685,
	  0.832816  -0.172685   0.525925,
	  0.625241  -0.054975   0.778493,
	  0.137076   0.478322   0.867421,
	  0.682013  -0.723326   0.107973,
	  0.863763   0.335662  -0.375826,
	  0.983743  -0.065256  -0.167304,
	  0.860182  -0.054485   0.507068,
	  0.899958  -0.056293   0.432327,
	  0.984765  -0.062872   0.162129,
	  0.989422  -0.127051   0.070014,
	  0.533450   0.673291   0.511967,
	 -0.345512   0.936525  -0.059519,
	  0.906827   0.416791   0.062853,
     ]    } 
normalIndex      [ 
	     0,      1,      2, -1 
	     0,      3,      4, -1 
	     0,      4,      1, -1 
	     5,      0,      2, -1 
	     5,      3,      0, -1 
	     1,      6,      2, -1 
	     1,      4,      7, -1 
	     1,      7,      6, -1 
	     8,      5,      2, -1 
	     9,      8,      2, -1 
	    10,      9,      2, -1 
	    11,     10,      2, -1 
	    12,     11,      2, -1 
	    13,     12,      2, -1 
	     6,     13,      2, -1 
	     5,     14,      3, -1 
	     3,     15,     16, -1 
	     3,     16,      4, -1 
	    14,     15,      3, -1 
	     4,     16,     17, -1 
	     4,     17,      7, -1 
	     8,     14,      5, -1 
	     6,      7,     18, -1 
	     6,     18,     13, -1 
	     7,     17,     19, -1 
	     7,     19,     18, -1 
	     8,     20,     14, -1 
	     9,     20,      8, -1 
	     9,     21,     20, -1 
	    10,     21,      9, -1 
	    10,     22,     21, -1 
	    11,     22,     10, -1 
	    11,     23,     22, -1 
	    12,     23,     11, -1 
	    12,     24,     23, -1 
	    13,     24,     12, -1 
	    13,     18,     24, -1 
	    14,     25,     15, -1 
	    20,     25,     14, -1 
	    15,     26,     27, -1 
	    15,     27,     16, -1 
	    25,     26,     15, -1 
	    16,     27,     28, -1 
	    16,     28,     17, -1 
	    17,     28,     29, -1 
	    17,     29,     19, -1 
	    18,     19,     30, -1 
	    18,     30,     24, -1 
	    19,     29,     31, -1 
	    19,     31,     30, -1 
	    20,     32,     25, -1 
	    21,     32,     20, -1 
	    21,     33,     32, -1 
	    22,     33,     21, -1 
	    22,     34,     33, -1 
	    23,     34,     22, -1 
	    23,     35,     34, -1 
	    24,     35,     23, -1 
	    24,     30,     35, -1 
	    25,     36,     26, -1 
	    36,     25,     32, -1 
	    26,     37,     38, -1 
	    26,     38,     27, -1 
	    36,     37,     26, -1 
	    27,     38,     39, -1 
	    27,     39,     28, -1 
	    28,     39,     40, -1 
	    28,     40,     29, -1 
	    29,     40,     41, -1 
	    29,     41,     31, -1 
	    30,     31,     42, -1 
	    30,     42,     35, -1 
	    31,     41,     43, -1 
	    31,     43,     42, -1 
	    44,     36,     32, -1 
	    33,     44,     32, -1 
	    33,     45,     44, -1 
	    34,     45,     33, -1 
	    34,     46,     45, -1 
	    35,     46,     34, -1 
	    35,     42,     46, -1 
	    36,     47,     37, -1 
	    44,     47,     36, -1 
	    37,     48,     49, -1 
	    37,     49,     38, -1 
	    47,     48,     37, -1 
	    38,     49,     50, -1 
	    38,     50,     39, -1 
	    39,     50,     51, -1 
	    39,     51,     40, -1 
	    40,     51,     52, -1 
	    40,     52,     41, -1 
	    41,     52,     53, -1 
	    41,     53,     43, -1 
	    42,     43,     54, -1 
	    42,     54,     46, -1 
	    43,     53,     55, -1 
	    43,     55,     54, -1 
	    44,     56,     47, -1 
	    45,     56,     44, -1 
	    45,     57,     56, -1 
	    46,     57,     45, -1 
	    46,     54,     57, -1 
	    47,     58,     48, -1 
	    56,     58,     47, -1 
	    48,     59,     60, -1 
	    48,     60,     49, -1 
	    58,     59,     48, -1 
	    49,     60,     61, -1 
	    49,     61,     50, -1 
	    50,     61,     62, -1 
	    50,     62,     51, -1 
	    51,     62,     63, -1 
	    51,     63,     52, -1 
	    52,     63,     64, -1 
	    52,     64,     53, -1 
	    53,     64,     65, -1 
	    53,     65,     55, -1 
	    54,     55,     66, -1 
	    54,     66,     57, -1 
	    55,     65,     67, -1 
	    55,     67,     66, -1 
	    56,     68,     58, -1 
	    57,     68,     56, -1 
	    57,     66,     68, -1 
	    58,     69,     59, -1 
	    68,     69,     58, -1 
	    59,     70,     71, -1 
	    59,     71,     60, -1 
	    69,     70,     59, -1 
	    60,     71,     72, -1 
	    60,     72,     61, -1 
	    61,     72,     73, -1 
	    61,     73,     62, -1 
	    62,     73,     74, -1 
	    62,     74,     63, -1 
	    63,     74,     75, -1 
	    63,     75,     64, -1 
	    64,     75,     76, -1 
	    64,     76,     65, -1 
	    65,     76,     77, -1 
	    65,     77,     67, -1 
	    66,     67,     78, -1 
	    66,     78,     68, -1 
	    67,     77,     79, -1 
	    67,     79,     78, -1 
	    68,     78,     69, -1 
	    69,     80,     70, -1 
	    78,     80,     69, -1 
	    70,     81,     82, -1 
	    70,     82,     71, -1 
	    80,     81,     70, -1 
	    71,     82,     83, -1 
	    71,     83,     72, -1 
	    72,     83,     84, -1 
	    72,     84,     73, -1 
	    73,     84,     85, -1 
	    73,     85,     74, -1 
	    74,     85,     86, -1 
	    74,     86,     75, -1 
	    75,     86,     87, -1 
	    75,     87,     76, -1 
	    76,     87,     88, -1 
	    76,     88,     77, -1 
	    77,     88,     89, -1 
	    77,     89,     79, -1 
	    78,     79,     80, -1 
	    79,     89,     90, -1 
	    79,     90,     80, -1 
	    80,     90,     81, -1 
	    81,     91,     92, -1 
	    81,     92,     82, -1 
	    90,     91,     81, -1 
	    82,     92,     93, -1 
	    82,     93,     83, -1 
	    83,     93,     94, -1 
	    83,     94,     84, -1 
	    84,     94,     95, -1 
	    84,     95,     85, -1 
	    85,     95,     96, -1 
	    85,     96,     86, -1 
	    86,     96,     97, -1 
	    86,     97,     87, -1 
	    87,     97,     98, -1 
	    87,     98,     88, -1 
	    88,     98,     99, -1 
	    88,     99,     89, -1 
	    89,     99,    100, -1 
	    89,    100,     90, -1 
	    90,    100,     91, -1 
	    91,    101,    102, -1 
	    91,    102,     92, -1 
	   100,    101,     91, -1 
	    92,    102,    103, -1 
	    92,    103,     93, -1 
	    93,    103,    104, -1 
	    93,    104,     94, -1 
	    94,    104,    105, -1 
	    94,    105,     95, -1 
	    95,    105,    106, -1 
	    95,    106,     96, -1 
	    96,    106,    107, -1 
	    96,    107,     97, -1 
	    97,    107,    108, -1 
	    97,    108,     98, -1 
	    98,    108,    109, -1 
	    98,    109,     99, -1 
	    99,    109,    110, -1 
	    99,    110,    100, -1 
	   100,    110,    101, -1 
	   101,    111,    102, -1 
	   110,    111,    101, -1 
	   102,    111,    103, -1 
	   103,    111,    104, -1 
	   104,    111,    105, -1 
	   105,    111,    106, -1 
	   106,    111,    107, -1 
	   107,    111,    108, -1 
	   108,    111,    109, -1 
	   109,    111,    110, -1 
	   112,    113,    114, -1 
	   112,    115,    116, -1 
	   112,    116,    113, -1 
	   117,    112,    114, -1 
	   117,    115,    112, -1 
	   113,    118,    114, -1 
	   113,    116,    119, -1 
	   113,    119,    118, -1 
	   120,    117,    114, -1 
	   121,    120,    114, -1 
	   122,    121,    114, -1 
	   123,    122,    114, -1 
	   124,    123,    114, -1 
	   125,    124,    114, -1 
	   118,    125,    114, -1 
	   117,    126,    115, -1 
	   115,    127,    128, -1 
	   115,    128,    116, -1 
	   126,    127,    115, -1 
	   116,    128,    129, -1 
	   116,    129,    119, -1 
	   120,    126,    117, -1 
	   118,    119,    130, -1 
	   118,    130,    125, -1 
	   119,    129,    131, -1 
	   119,    131,    130, -1 
	   120,    132,    126, -1 
	   121,    132,    120, -1 
	   121,    133,    132, -1 
	   122,    133,    121, -1 
	   122,    134,    133, -1 
	   123,    134,    122, -1 
	   123,    135,    134, -1 
	   124,    135,    123, -1 
	   124,    136,    135, -1 
	   125,    136,    124, -1 
	   125,    130,    136, -1 
	   126,    137,    127, -1 
	   132,    137,    126, -1 
	   127,    138,    139, -1 
	   127,    139,    128, -1 
	   137,    138,    127, -1 
	   128,    139,    140, -1 
	   128,    140,    129, -1 
	   129,    140,    141, -1 
	   129,    141,    131, -1 
	   130,    131,    142, -1 
	   130,    142,    136, -1 
	   131,    141,    143, -1 
	   131,    143,    142, -1 
	   132,    144,    137, -1 
	   133,    144,    132, -1 
	   133,    145,    144, -1 
	   134,    145,    133, -1 
	   134,    146,    145, -1 
	   135,    146,    134, -1 
	   135,    147,    146, -1 
	   136,    147,    135, -1 
	   136,    142,    147, -1 
	   137,    148,    138, -1 
	   144,    148,    137, -1 
	   138,    149,    150, -1 
	   138,    150,    139, -1 
	   148,    149,    138, -1 
	   139,    150,    151, -1 
	   139,    151,    140, -1 
	   140,    151,    152, -1 
	   140,    152,    141, -1 
	   141,    152,    153, -1 
	   141,    153,    143, -1 
	   142,    143,    154, -1 
	   142,    154,    147, -1 
	   143,    153,    155, -1 
	   143,    155,    154, -1 
	   144,    156,    148, -1 
	   145,    156,    144, -1 
	   145,    157,    156, -1 
	   146,    157,    145, -1 
	   146,    158,    157, -1 
	   147,    158,    146, -1 
	   147,    154,    158, -1 
	   148,    159,    149, -1 
	   156,    159,    148, -1 
	   149,    160,    161, -1 
	   149,    161,    150, -1 
	   159,    160,    149, -1 
	   150,    161,    162, -1 
	   150,    162,    151, -1 
	   151,    162,    163, -1 
	   151,    163,    152, -1 
	   152,    163,    164, -1 
	   152,    164,    153, -1 
	   153,    164,    165, -1 
	   153,    165,    155, -1 
	   154,    155,    166, -1 
	   154,    166,    158, -1 
	   155,    165,    167, -1 
	   155,    167,    166, -1 
	   156,    168,    159, -1 
	   157,    168,    156, -1 
	   157,    169,    168, -1 
	   158,    169,    157, -1 
	   158,    166,    169, -1 
	   159,    170,    160, -1 
	   168,    170,    159, -1 
	   160,    171,    172, -1 
	   160,    172,    161, -1 
	   170,    171,    160, -1 
	   161,    172,    173, -1 
	   161,    173,    162, -1 
	   162,    173,    174, -1 
	   162,    174,    163, -1 
	   163,    174,    175, -1 
	   163,    175,    164, -1 
	   164,    175,    176, -1 
	   164,    176,    165, -1 
	   165,    176,    177, -1 
	   165,    177,    167, -1 
	   166,    167,    178, -1 
	   166,    178,    169, -1 
	   167,    177,    179, -1 
	   167,    179,    178, -1 
	   168,    180,    170, -1 
	   169,    180,    168, -1 
	   169,    178,    180, -1 
	   170,    181,    171, -1 
	   180,    181,    170, -1 
	   171,    182,    183, -1 
	   171,    183,    172, -1 
	   181,    182,    171, -1 
	   172,    183,    184, -1 
	   172,    184,    173, -1 
	   173,    184,    185, -1 
	   173,    185,    174, -1 
	   174,    185,    186, -1 
	   174,    186,    175, -1 
	   175,    186,    187, -1 
	   175,    187,    176, -1 
	   176,    187,    188, -1 
	   176,    188,    177, -1 
	   177,    188,    189, -1 
	   177,    189,    179, -1 
	   178,    179,    190, -1 
	   178,    190,    180, -1 
	   179,    189,    191, -1 
	   179,    191,    190, -1 
	   180,    190,    181, -1 
	   181,    192,    182, -1 
	   190,    192,    181, -1 
	   182,    193,    194, -1 
	   182,    194,    183, -1 
	   192,    193,    182, -1 
	   183,    194,    195, -1 
	   183,    195,    184, -1 
	   184,    195,    196, -1 
	   184,    196,    185, -1 
	   185,    196,    197, -1 
	   185,    197,    186, -1 
	   186,    197,    198, -1 
	   186,    198,    187, -1 
	   187,    198,    199, -1 
	   187,    199,    188, -1 
	   188,    199,    200, -1 
	   188,    200,    189, -1 
	   189,    200,    201, -1 
	   189,    201,    191, -1 
	   190,    191,    192, -1 
	   191,    201,    202, -1 
	   191,    202,    192, -1 
	   192,    202,    193, -1 
	   193,    203,    204, -1 
	   193,    204,    194, -1 
	   202,    203,    193, -1 
	   194,    204,    205, -1 
	   194,    205,    195, -1 
	   195,    205,    206, -1 
	   195,    206,    196, -1 
	   196,    206,    207, -1 
	   196,    207,    197, -1 
	   197,    207,    208, -1 
	   197,    208,    198, -1 
	   198,    208,    209, -1 
	   198,    209,    199, -1 
	   199,    209,    210, -1 
	   199,    210,    200, -1 
	   200,    210,    211, -1 
	   200,    211,    201, -1 
	   201,    211,    212, -1 
	   201,    212,    202, -1 
	   202,    212,    203, -1 
	   203,    213,    214, -1 
	   203,    214,    204, -1 
	   212,    213,    203, -1 
	   204,    214,    215, -1 
	   204,    215,    205, -1 
	   205,    215,    216, -1 
	   205,    216,    206, -1 
	   206,    216,    217, -1 
	   206,    217,    207, -1 
	   207,    217,    218, -1 
	   207,    218,    208, -1 
	   208,    218,    219, -1 
	   208,    219,    209, -1 
	   209,    219,    220, -1 
	   209,    220,    210, -1 
	   210,    220,    221, -1 
	   210,    221,    211, -1 
	   211,    221,    222, -1 
	   211,    222,    212, -1 
	   212,    222,    213, -1 
	   213,    223,    214, -1 
	   222,    223,    213, -1 
	   214,    223,    215, -1 
	   215,    223,    216, -1 
	   216,    223,    217, -1 
	   217,    223,    218, -1 
	   218,    223,    219, -1 
	   219,    223,    220, -1 
	   220,    223,    221, -1 
	   221,    223,    222, -1 
	   224,    225,    226, -1 
	   224,    227,    228, -1 
	   224,    228,    225, -1 
	   229,    224,    226, -1 
	   229,    227,    224, -1 
	   225,    230,    226, -1 
	   225,    228,    231, -1 
	   225,    231,    230, -1 
	   232,    229,    226, -1 
	   233,    232,    226, -1 
	   234,    233,    226, -1 
	   235,    234,    226, -1 
	   236,    235,    226, -1 
	   237,    236,    226, -1 
	   230,    237,    226, -1 
	   229,    238,    227, -1 
	   227,    239,    240, -1 
	   227,    240,    228, -1 
	   238,    239,    227, -1 
	   228,    240,    241, -1 
	   228,    241,    231, -1 
	   232,    238,    229, -1 
	   230,    231,    242, -1 
	   230,    242,    237, -1 
	   231,    241,    243, -1 
	   231,    243,    242, -1 
	   232,    244,    238, -1 
	   233,    244,    232, -1 
	   233,    245,    244, -1 
	   234,    245,    233, -1 
	   234,    246,    245, -1 
	   235,    246,    234, -1 
	   235,    247,    246, -1 
	   236,    247,    235, -1 
	   236,    248,    247, -1 
	   237,    248,    236, -1 
	   237,    242,    248, -1 
	   238,    249,    239, -1 
	   244,    249,    238, -1 
	   239,    250,    251, -1 
	   239,    251,    240, -1 
	   249,    250,    239, -1 
	   240,    251,    252, -1 
	   240,    252,    241, -1 
	   241,    252,    253, -1 
	   241,    253,    243, -1 
	   242,    243,    254, -1 
	   242,    254,    248, -1 
	   243,    253,    255, -1 
	   243,    255,    254, -1 
	   244,    256,    249, -1 
	   245,    256,    244, -1 
	   245,    257,    256, -1 
	   246,    257,    245, -1 
	   246,    258,    257, -1 
	   247,    258,    246, -1 
	   247,    259,    258, -1 
	   248,    259,    247, -1 
	   248,    254,    259, -1 
	   249,    260,    250, -1 
	   256,    260,    249, -1 
	   250,    261,    262, -1 
	   250,    262,    251, -1 
	   260,    261,    250, -1 
	   251,    262,    263, -1 
	   251,    263,    252, -1 
	   252,    263,    264, -1 
	   252,    264,    253, -1 
	   253,    264,    265, -1 
	   253,    265,    255, -1 
	   254,    255,    266, -1 
	   254,    266,    259, -1 
	   255,    265,    267, -1 
	   255,    267,    266, -1 
	   256,    268,    260, -1 
	   257,    268,    256, -1 
	   257,    269,    268, -1 
	   258,    269,    257, -1 
	   258,    270,    269, -1 
	   259,    270,    258, -1 
	   259,    266,    270, -1 
	   260,    271,    261, -1 
	   268,    271,    260, -1 
	   261,    272,    273, -1 
	   261,    273,    262, -1 
	   271,    272,    261, -1 
	   262,    273,    274, -1 
	   262,    274,    263, -1 
	   263,    274,    275, -1 
	   263,    275,    264, -1 
	   264,    275,    276, -1 
	   264,    276,    265, -1 
	   265,    276,    277, -1 
	   265,    277,    267, -1 
	   266,    267,    278, -1 
	   266,    278,    270, -1 
	   267,    277,    279, -1 
	   267,    279,    278, -1 
	   268,    280,    271, -1 
	   269,    280,    268, -1 
	   269,    281,    280, -1 
	   270,    281,    269, -1 
	   270,    278,    281, -1 
	   271,    282,    272, -1 
	   280,    282,    271, -1 
	   272,    283,    284, -1 
	   272,    284,    273, -1 
	   282,    283,    272, -1 
	   273,    284,    285, -1 
	   273,    285,    274, -1 
	   274,    285,    286, -1 
	   274,    286,    275, -1 
	   275,    286,    287, -1 
	   275,    287,    276, -1 
	   276,    287,    288, -1 
	   276,    288,    277, -1 
	   277,    288,    289, -1 
	   277,    289,    279, -1 
	   278,    279,    290, -1 
	   278,    290,    281, -1 
	   279,    289,    291, -1 
	   279,    291,    290, -1 
	   280,    292,    282, -1 
	   281,    292,    280, -1 
	   281,    290,    292, -1 
	   282,    293,    283, -1 
	   292,    293,    282, -1 
	   283,    294,    295, -1 
	   283,    295,    284, -1 
	   293,    294,    283, -1 
	   284,    295,    296, -1 
	   284,    296,    285, -1 
	   285,    296,    297, -1 
	   285,    297,    286, -1 
	   286,    297,    298, -1 
	   286,    298,    287, -1 
	   287,    298,    299, -1 
	   287,    299,    288, -1 
	   288,    299,    300, -1 
	   288,    300,    289, -1 
	   289,    300,    301, -1 
	   289,    301,    291, -1 
	   290,    291,    302, -1 
	   290,    302,    292, -1 
	   291,    301,    303, -1 
	   291,    303,    302, -1 
	   292,    302,    293, -1 
	   293,    304,    294, -1 
	   302,    304,    293, -1 
	   294,    305,    306, -1 
	   294,    306,    295, -1 
	   304,    305,    294, -1 
	   295,    306,    307, -1 
	   295,    307,    296, -1 
	   296,    307,    308, -1 
	   296,    308,    297, -1 
	   297,    308,    309, -1 
	   297,    309,    298, -1 
	   298,    309,    310, -1 
	   298,    310,    299, -1 
	   299,    310,    311, -1 
	   299,    311,    300, -1 
	   300,    311,    312, -1 
	   300,    312,    301, -1 
	   301,    312,    313, -1 
	   301,    313,    303, -1 
	   302,    303,    304, -1 
	   303,    313,    314, -1 
	   303,    314,    304, -1 
	   304,    314,    305, -1 
	   305,    315,    316, -1 
	   305,    316,    306, -1 
	   314,    315,    305, -1 
	   306,    316,    317, -1 
	   306,    317,    307, -1 
	   307,    317,    318, -1 
	   307,    318,    308, -1 
	   308,    318,    319, -1 
	   308,    319,    309, -1 
	   309,    319,    320, -1 
	   309,    320,    310, -1 
	   310,    320,    321, -1 
	   310,    321,    311, -1 
	   311,    321,    322, -1 
	   311,    322,    312, -1 
	   312,    322,    323, -1 
	   312,    323,    313, -1 
	   313,    323,    324, -1 
	   313,    324,    314, -1 
	   314,    324,    315, -1 
	   315,    325,    326, -1 
	   315,    326,    316, -1 
	   324,    325,    315, -1 
	   316,    326,    327, -1 
	   316,    327,    317, -1 
	   317,    327,    328, -1 
	   317,    328,    318, -1 
	   318,    328,    329, -1 
	   318,    329,    319, -1 
	   319,    329,    330, -1 
	   319,    330,    320, -1 
	   320,    330,    331, -1 
	   320,    331,    321, -1 
	   321,    331,    332, -1 
	   321,    332,    322, -1 
	   322,    332,    333, -1 
	   322,    333,    323, -1 
	   323,    333,    334, -1 
	   323,    334,    324, -1 
	   324,    334,    325, -1 
	   325,    335,    326, -1 
	   334,    335,    325, -1 
	   326,    335,    327, -1 
	   327,    335,    328, -1 
	   328,    335,    329, -1 
	   329,    335,    330, -1 
	   330,    335,    331, -1 
	   331,    335,    332, -1 
	   332,    335,    333, -1 
	   333,    335,    334, -1 
	   336,    337,    338, -1 
	   336,    339,    340, -1 
	   336,    340,    337, -1 
	   341,    336,    338, -1 
	   341,    339,    336, -1 
	   337,    342,    338, -1 
	   337,    340,    343, -1 
	   337,    343,    342, -1 
	   344,    341,    338, -1 
	   345,    344,    338, -1 
	   346,    345,    338, -1 
	   347,    346,    338, -1 
	   348,    347,    338, -1 
	   349,    348,    338, -1 
	   342,    349,    338, -1 
	   341,    350,    339, -1 
	   339,    351,    352, -1 
	   339,    352,    340, -1 
	   350,    351,    339, -1 
	   340,    352,    353, -1 
	   340,    353,    343, -1 
	   344,    350,    341, -1 
	   342,    343,    354, -1 
	   342,    354,    349, -1 
	   343,    353,    355, -1 
	   343,    355,    354, -1 
	   344,    356,    350, -1 
	   345,    356,    344, -1 
	   345,    357,    356, -1 
	   346,    357,    345, -1 
	   346,    358,    357, -1 
	   347,    358,    346, -1 
	   347,    359,    358, -1 
	   348,    359,    347, -1 
	   348,    360,    359, -1 
	   349,    360,    348, -1 
	   349,    354,    360, -1 
	   350,    361,    351, -1 
	   356,    361,    350, -1 
	   351,    362,    363, -1 
	   351,    363,    352, -1 
	   361,    362,    351, -1 
	   352,    363,    364, -1 
	   352,    364,    353, -1 
	   353,    364,    365, -1 
	   353,    365,    355, -1 
	   354,    355,    366, -1 
	   354,    366,    360, -1 
	   355,    365,    367, -1 
	   355,    367,    366, -1 
	   356,    368,    361, -1 
	   357,    368,    356, -1 
	   357,    369,    368, -1 
	   358,    369,    357, -1 
	   358,    370,    369, -1 
	   359,    370,    358, -1 
	   359,    371,    370, -1 
	   360,    371,    359, -1 
	   360,    366,    371, -1 
	   361,    372,    362, -1 
	   368,    372,    361, -1 
	   362,    373,    374, -1 
	   362,    374,    363, -1 
	   372,    373,    362, -1 
	   363,    374,    375, -1 
	   363,    375,    364, -1 
	   364,    375,    376, -1 
	   364,    376,    365, -1 
	   365,    376,    377, -1 
	   365,    377,    367, -1 
	   366,    367,    378, -1 
	   366,    378,    371, -1 
	   367,    377,    379, -1 
	   367,    379,    378, -1 
	   368,    380,    372, -1 
	   369,    380,    368, -1 
	   369,    381,    380, -1 
	   370,    381,    369, -1 
	   370,    382,    381, -1 
	   371,    382,    370, -1 
	   371,    378,    382, -1 
	   372,    383,    373, -1 
	   380,    383,    372, -1 
	   373,    384,    385, -1 
	   373,    385,    374, -1 
	   383,    384,    373, -1 
	   374,    385,    386, -1 
	   374,    386,    375, -1 
	   375,    386,    387, -1 
	   375,    387,    376, -1 
	   376,    387,    388, -1 
	   376,    388,    377, -1 
	   377,    388,    389, -1 
	   377,    389,    379, -1 
	   378,    379,    390, -1 
	   378,    390,    382, -1 
	   379,    389,    391, -1 
	   379,    391,    390, -1 
	   380,    392,    383, -1 
	   381,    392,    380, -1 
	   381,    393,    392, -1 
	   382,    393,    381, -1 
	   382,    390,    393, -1 
	   383,    394,    384, -1 
	   392,    394,    383, -1 
	   384,    395,    396, -1 
	   384,    396,    385, -1 
	   394,    395,    384, -1 
	   385,    396,    397, -1 
	   385,    397,    386, -1 
	   386,    397,    398, -1 
	   386,    398,    387, -1 
	   387,    398,    399, -1 
	   387,    399,    388, -1 
	   388,    399,    400, -1 
	   388,    400,    389, -1 
	   389,    400,    401, -1 
	   389,    401,    391, -1 
	   390,    391,    402, -1 
	   390,    402,    393, -1 
	   391,    401,    403, -1 
	   391,    403,    402, -1 
	   392,    404,    394, -1 
	   393,    404,    392, -1 
	   393,    402,    404, -1 
	   394,    405,    395, -1 
	   404,    405,    394, -1 
	   395,    406,    407, -1 
	   395,    407,    396, -1 
	   405,    406,    395, -1 
	   396,    407,    408, -1 
	   396,    408,    397, -1 
	   397,    408,    409, -1 
	   397,    409,    398, -1 
	   398,    409,    410, -1 
	   398,    410,    399, -1 
	   399,    410,    411, -1 
	   399,    411,    400, -1 
	   400,    411,    412, -1 
	   400,    412,    401, -1 
	   401,    412,    413, -1 
	   401,    413,    403, -1 
	   402,    403,    414, -1 
	   402,    414,    404, -1 
	   403,    413,    415, -1 
	   403,    415,    414, -1 
	   404,    414,    405, -1 
	   405,    416,    406, -1 
	   414,    416,    405, -1 
	   406,    417,    418, -1 
	   406,    418,    407, -1 
	   416,    417,    406, -1 
	   407,    418,    419, -1 
	   407,    419,    408, -1 
	   408,    419,    420, -1 
	   408,    420,    409, -1 
	   409,    420,    421, -1 
	   409,    421,    410, -1 
	   410,    421,    422, -1 
	   410,    422,    411, -1 
	   411,    422,    423, -1 
	   411,    423,    412, -1 
	   412,    423,    424, -1 
	   412,    424,    413, -1 
	   413,    424,    425, -1 
	   413,    425,    415, -1 
	   414,    415,    416, -1 
	   415,    425,    426, -1 
	   415,    426,    416, -1 
	   416,    426,    417, -1 
	   417,    427,    428, -1 
	   417,    428,    418, -1 
	   426,    427,    417, -1 
	   418,    428,    429, -1 
	   418,    429,    419, -1 
	   419,    429,    430, -1 
	   419,    430,    420, -1 
	   420,    430,    431, -1 
	   420,    431,    421, -1 
	   421,    431,    432, -1 
	   421,    432,    422, -1 
	   422,    432,    433, -1 
	   422,    433,    423, -1 
	   423,    433,    434, -1 
	   423,    434,    424, -1 
	   424,    434,    435, -1 
	   424,    435,    425, -1 
	   425,    435,    436, -1 
	   425,    436,    426, -1 
	   426,    436,    427, -1 
	   427,    437,    438, -1 
	   427,    438,    428, -1 
	   436,    437,    427, -1 
	   428,    438,    439, -1 
	   428,    439,    429, -1 
	   429,    439,    440, -1 
	   429,    440,    430, -1 
	   430,    440,    441, -1 
	   430,    441,    431, -1 
	   431,    441,    442, -1 
	   431,    442,    432, -1 
	   432,    442,    443, -1 
	   432,    443,    433, -1 
	   433,    443,    444, -1 
	   433,    444,    434, -1 
	   434,    444,    445, -1 
	   434,    445,    435, -1 
	   435,    445,    446, -1 
	   435,    446,    436, -1 
	   436,    446,    437, -1 
	   437,    447,    438, -1 
	   446,    447,    437, -1 
	   438,    447,    439, -1 
	   439,    447,    440, -1 
	   440,    447,    441, -1 
	   441,    447,    442, -1 
	   442,    447,    443, -1 
	   443,    447,    444, -1 
	   444,    447,    445, -1 
	   445,    447,    446, -1 
	   448,    449,    450, -1 
	   448,    451,    452, -1 
	   448,    452,    449, -1 
	   453,    448,    450, -1 
	   453,    451,    448, -1 
	   449,    454,    450, -1 
	   449,    452,    455, -1 
	   449,    455,    454, -1 
	   456,    453,    450, -1 
	   457,    456,    450, -1 
	   458,    457,    450, -1 
	   459,    458,    450, -1 
	   460,    459,    450, -1 
	   461,    460,    450, -1 
	   454,    461,    450, -1 
	   453,    462,    451, -1 
	   451,    463,    464, -1 
	   451,    464,    452, -1 
	   462,    463,    451, -1 
	   452,    464,    465, -1 
	   452,    465,    455, -1 
	   456,    462,    453, -1 
	   454,    455,    466, -1 
	   454,    466,    461, -1 
	   455,    465,    467, -1 
	   455,    467,    466, -1 
	   456,    468,    462, -1 
	   457,    468,    456, -1 
	   457,    469,    468, -1 
	   458,    469,    457, -1 
	   458,    470,    469, -1 
	   459,    470,    458, -1 
	   459,    471,    470, -1 
	   460,    471,    459, -1 
	   460,    472,    471, -1 
	   461,    472,    460, -1 
	   461,    466,    472, -1 
	   462,    473,    463, -1 
	   468,    473,    462, -1 
	   463,    474,    475, -1 
	   463,    475,    464, -1 
	   473,    474,    463, -1 
	   464,    475,    476, -1 
	   464,    476,    465, -1 
	   465,    476,    477, -1 
	   465,    477,    467, -1 
	   466,    467,    478, -1 
	   466,    478,    472, -1 
	   467,    477,    479, -1 
	   467,    479,    478, -1 
	   468,    480,    473, -1 
	   469,    480,    468, -1 
	   469,    481,    480, -1 
	   470,    481,    469, -1 
	   470,    482,    481, -1 
	   471,    482,    470, -1 
	   471,    483,    482, -1 
	   472,    483,    471, -1 
	   472,    478,    483, -1 
	   473,    484,    474, -1 
	   480,    484,    473, -1 
	   474,    485,    486, -1 
	   474,    486,    475, -1 
	   484,    485,    474, -1 
	   475,    486,    487, -1 
	   475,    487,    476, -1 
	   476,    487,    488, -1 
	   476,    488,    477, -1 
	   477,    488,    489, -1 
	   477,    489,    479, -1 
	   478,    479,    490, -1 
	   478,    490,    483, -1 
	   479,    489,    491, -1 
	   479,    491,    490, -1 
	   480,    492,    484, -1 
	   481,    492,    480, -1 
	   481,    493,    492, -1 
	   482,    493,    481, -1 
	   482,    494,    493, -1 
	   483,    494,    482, -1 
	   483,    490,    494, -1 
	   484,    495,    485, -1 
	   492,    495,    484, -1 
	   485,    496,    497, -1 
	   485,    497,    486, -1 
	   495,    496,    485, -1 
	   486,    497,    498, -1 
	   486,    498,    487, -1 
	   487,    498,    499, -1 
	   487,    499,    488, -1 
	   488,    499,    500, -1 
	   488,    500,    489, -1 
	   489,    500,    501, -1 
	   489,    501,    491, -1 
	   490,    491,    502, -1 
	   490,    502,    494, -1 
	   491,    501,    503, -1 
	   491,    503,    502, -1 
	   492,    504,    495, -1 
	   493,    504,    492, -1 
	   493,    505,    504, -1 
	   494,    505,    493, -1 
	   494,    502,    505, -1 
	   495,    506,    496, -1 
	   504,    506,    495, -1 
	   496,    507,    508, -1 
	   496,    508,    497, -1 
	   506,    507,    496, -1 
	   497,    508,    509, -1 
	   497,    509,    498, -1 
	   498,    509,    510, -1 
	   498,    510,    499, -1 
	   499,    510,    511, -1 
	   499,    511,    500, -1 
	   500,    511,    512, -1 
	   500,    512,    501, -1 
	   501,    512,    513, -1 
	   501,    513,    503, -1 
	   502,    503,    514, -1 
	   502,    514,    505, -1 
	   503,    513,    515, -1 
	   503,    515,    514, -1 
	   504,    516,    506, -1 
	   505,    516,    504, -1 
	   505,    514,    516, -1 
	   506,    517,    507, -1 
	   516,    517,    506, -1 
	   507,    518,    519, -1 
	   507,    519,    508, -1 
	   517,    518,    507, -1 
	   508,    519,    520, -1 
	   508,    520,    509, -1 
	   509,    520,    521, -1 
	   509,    521,    510, -1 
	   510,    521,    522, -1 
	   510,    522,    511, -1 
	   511,    522,    523, -1 
	   511,    523,    512, -1 
	   512,    523,    524, -1 
	   512,    524,    513, -1 
	   513,    524,    525, -1 
	   513,    525,    515, -1 
	   514,    515,    526, -1 
	   514,    526,    516, -1 
	   515,    525,    527, -1 
	   515,    527,    526, -1 
	   516,    526,    517, -1 
	   517,    528,    518, -1 
	   526,    528,    517, -1 
	   518,    529,    530, -1 
	   518,    530,    519, -1 
	   528,    529,    518, -1 
	   519,    530,    531, -1 
	   519,    531,    520, -1 
	   520,    531,    532, -1 
	   520,    532,    521, -1 
	   521,    532,    533, -1 
	   521,    533,    522, -1 
	   522,    533,    534, -1 
	   522,    534,    523, -1 
	   523,    534,    535, -1 
	   523,    535,    524, -1 
	   524,    535,    536, -1 
	   524,    536,    525, -1 
	   525,    536,    537, -1 
	   525,    537,    527, -1 
	   526,    527,    528, -1 
	   527,    537,    538, -1 
	   527,    538,    528, -1 
	   528,    538,    529, -1 
	   529,    539,    540, -1 
	   529,    540,    530, -1 
	   538,    539,    529, -1 
	   530,    540,    541, -1 
	   530,    541,    531, -1 
	   531,    541,    542, -1 
	   531,    542,    532, -1 
	   532,    542,    543, -1 
	   532,    543,    533, -1 
	   533,    543,    544, -1 
	   533,    544,    534, -1 
	   534,    544,    545, -1 
	   534,    545,    535, -1 
	   535,    545,    546, -1 
	   535,    546,    536, -1 
	   536,    546,    547, -1 
	   536,    547,    537, -1 
	   537,    547,    548, -1 
	   537,    548,    538, -1 
	   538,    548,    539, -1 
	   539,    549,    550, -1 
	   539,    550,    540, -1 
	   548,    549,    539, -1 
	   540,    550,    551, -1 
	   540,    551,    541, -1 
	   541,    551,    552, -1 
	   541,    552,    542, -1 
	   542,    552,    553, -1 
	   542,    553,    543, -1 
	   543,    553,    554, -1 
	   543,    554,    544, -1 
	   544,    554,    555, -1 
	   544,    555,    545, -1 
	   545,    555,    556, -1 
	   545,    556,    546, -1 
	   546,    556,    557, -1 
	   546,    557,    547, -1 
	   547,    557,    558, -1 
	   547,    558,    548, -1 
	   548,    558,    549, -1 
	   549,    559,    550, -1 
	   558,    559,    549, -1 
	   550,    559,    551, -1 
	   551,    559,    552, -1 
	   552,    559,    553, -1 
	   553,    559,    554, -1 
	   554,    559,    555, -1 
	   555,    559,    556, -1 
	   556,    559,    557, -1 
	   557,    559,    558, -1 
	   560,    561,    562, -1 
	   563,    560,    562, -1 
	   564,    565,    560, -1 
	   565,    561,    560, -1 
	   564,    560,    563, -1 
	   561,    566,    562, -1 
	   565,    567,    561, -1 
	   567,    566,    561, -1 
	   566,    568,    562, -1 
	   568,    569,    562, -1 
	   569,    563,    562, -1 
	   570,    563,    569, -1 
	   570,    564,    563, -1 
	   571,    572,    564, -1 
	   572,    565,    564, -1 
	   571,    564,    570, -1 
	   572,    573,    565, -1 
	   573,    574,    565, -1 
	   574,    567,    565, -1 
	   567,    575,    566, -1 
	   575,    568,    566, -1 
	   574,    576,    567, -1 
	   576,    577,    567, -1 
	   577,    578,    567, -1 
	   578,    575,    567, -1 
	   575,    579,    568, -1 
	   579,    580,    568, -1 
	   580,    569,    568, -1 
	   580,    570,    569, -1 
	   581,    570,    580, -1 
	   581,    571,    570, -1 
	   582,    583,    571, -1 
	   583,    572,    571, -1 
	   582,    571,    581, -1 
	   583,    573,    572, -1 
	   583,    584,    573, -1 
	   584,    574,    573, -1 
	   584,    585,    574, -1 
	   585,    576,    574, -1 
	   578,    586,    575, -1 
	   586,    579,    575, -1 
	   585,    577,    576, -1 
	   585,    587,    577, -1 
	   587,    578,    577, -1 
	   587,    588,    578, -1 
	   588,    586,    578, -1 
	   586,    589,    579, -1 
	   589,    580,    579, -1 
	   589,    590,    580, -1 
	   590,    581,    580, -1 
	   591,    581,    590, -1 
	   591,    582,    581, -1 
	   592,    583,    582, -1 
	   593,    582,    591, -1 
	   593,    592,    582, -1 
	   592,    594,    583, -1 
	   594,    584,    583, -1 
	   594,    595,    584, -1 
	   595,    585,    584, -1 
	   595,    596,    585, -1 
	   596,    587,    585, -1 
	   588,    597,    586, -1 
	   597,    589,    586, -1 
	   596,    598,    587, -1 
	   598,    588,    587, -1 
	   598,    599,    588, -1 
	   599,    597,    588, -1 
	   597,    600,    589, -1 
	   600,    601,    589, -1 
	   601,    590,    589, -1 
	   601,    602,    590, -1 
	   602,    603,    590, -1 
	   603,    591,    590, -1 
	   604,    591,    603, -1 
	   604,    593,    591, -1 
	   605,    594,    592, -1 
	   606,    592,    593, -1 
	   606,    605,    592, -1 
	   607,    593,    604, -1 
	   607,    606,    593, -1 
	   605,    608,    594, -1 
	   608,    595,    594, -1 
	   608,    609,    595, -1 
	   609,    596,    595, -1 
	   609,    598,    596, -1 
	   599,    610,    597, -1 
	   610,    600,    597, -1 
	   609,    611,    598, -1 
	   611,    599,    598, -1 
	   611,    612,    599, -1 
	   612,    610,    599, -1 
	   610,    613,    600, -1 
	   613,    601,    600, -1 
	   613,    614,    601, -1 
	   614,    602,    601, -1 
	   614,    615,    602, -1 
	   615,    616,    602, -1 
	   616,    617,    602, -1 
	   617,    603,    602, -1 
	   617,    604,    603, -1 
	   607,    604,    617, -1 
	   618,    608,    605, -1 
	   618,    605,    606, -1 
	   618,    606,    607, -1 
	   619,    607,    617, -1 
	   618,    607,    619, -1 
	   618,    609,    608, -1 
	   618,    611,    609, -1 
	   612,    613,    610, -1 
	   618,    612,    611, -1 
	   612,    614,    613, -1 
	   612,    619,    614, -1 
	   618,    619,    612, -1 
	   619,    615,    614, -1 
	   619,    616,    615, -1 
	   619,    617,    616, -1 
	   620,    621,    622, -1 
	   620,    623,    621, -1 
	   620,    624,    623, -1 
	   620,    625,    624, -1 
	   620,    626,    625, -1 
	   620,    627,    626, -1 
	   620,    628,    627, -1 
	   620,    629,    628, -1 
	   620,    630,    629, -1 
	   620,    622,    630, -1 
	   622,    621,    631, -1 
	   621,    632,    631, -1 
	   621,    623,    632, -1 
	   622,    631,    633, -1 
	   630,    622,    633, -1 
	   623,    634,    632, -1 
	   623,    624,    634, -1 
	   624,    635,    634, -1 
	   624,    625,    635, -1 
	   625,    626,    635, -1 
	   626,    636,    635, -1 
	   626,    627,    636, -1 
	   627,    637,    636, -1 
	   627,    638,    637, -1 
	   627,    628,    638, -1 
	   628,    639,    638, -1 
	   628,    629,    639, -1 
	   629,    640,    639, -1 
	   629,    641,    640, -1 
	   629,    630,    641, -1 
	   630,    633,    641, -1 
	   633,    631,    642, -1 
	   631,    643,    642, -1 
	   631,    632,    643, -1 
	   632,    644,    643, -1 
	   632,    634,    644, -1 
	   641,    633,    642, -1 
	   634,    645,    644, -1 
	   634,    635,    645, -1 
	   635,    646,    645, -1 
	   635,    647,    646, -1 
	   635,    636,    647, -1 
	   636,    648,    647, -1 
	   636,    637,    648, -1 
	   637,    649,    648, -1 
	   637,    638,    649, -1 
	   638,    650,    649, -1 
	   638,    639,    650, -1 
	   639,    651,    650, -1 
	   639,    640,    651, -1 
	   640,    652,    651, -1 
	   640,    641,    652, -1 
	   641,    642,    652, -1 
	   642,    653,    654, -1 
	   642,    643,    653, -1 
	   652,    642,    654, -1 
	   643,    655,    653, -1 
	   643,    644,    655, -1 
	   644,    656,    655, -1 
	   644,    645,    656, -1 
	   645,    646,    656, -1 
	   646,    657,    656, -1 
	   646,    647,    657, -1 
	   647,    658,    657, -1 
	   647,    648,    658, -1 
	   648,    649,    658, -1 
	   649,    659,    658, -1 
	   649,    650,    659, -1 
	   650,    651,    659, -1 
	   651,    660,    659, -1 
	   651,    652,    660, -1 
	   652,    654,    660, -1 
	   654,    653,    661, -1 
	   653,    655,    661, -1 
	   660,    654,    661, -1 
	   655,    656,    661, -1 
	   656,    657,    661, -1 
	   657,    658,    661, -1 
	   658,    659,    661, -1 
	   659,    660,    661, -1 
	   662,    663,    664, -1 
	   662,    665,    663, -1 
	   662,    666,    665, -1 
	   662,    667,    666, -1 
	   662,    668,    667, -1 
	   662,    669,    668, -1 
	   662,    670,    669, -1 
	   662,    671,    670, -1 
	   662,    672,    671, -1 
	   662,    673,    672, -1 
	   662,    674,    673, -1 
	   662,    664,    674, -1 
	   664,    663,    675, -1 
	   663,    676,    675, -1 
	   663,    665,    676, -1 
	   674,    664,    677, -1 
	   664,    675,    677, -1 
	   665,    678,    676, -1 
	   665,    679,    678, -1 
	   665,    666,    679, -1 
	   666,    680,    679, -1 
	   666,    667,    680, -1 
	   667,    681,    680, -1 
	   667,    668,    681, -1 
	   668,    682,    681, -1 
	   668,    683,    682, -1 
	   668,    669,    683, -1 
	   669,    684,    683, -1 
	   669,    670,    684, -1 
	   670,    685,    684, -1 
	   670,    671,    685, -1 
	   671,    686,    685, -1 
	   671,    672,    686, -1 
	   672,    687,    686, -1 
	   672,    673,    687, -1 
	   673,    677,    687, -1 
	   673,    674,    677, -1 
	   675,    688,    689, -1 
	   675,    676,    688, -1 
	   677,    675,    689, -1 
	   676,    690,    688, -1 
	   676,    678,    690, -1 
	   687,    677,    691, -1 
	   677,    689,    691, -1 
	   678,    692,    690, -1 
	   678,    679,    692, -1 
	   679,    680,    692, -1 
	   680,    693,    692, -1 
	   680,    681,    693, -1 
	   681,    694,    693, -1 
	   681,    682,    694, -1 
	   682,    695,    694, -1 
	   682,    683,    695, -1 
	   683,    696,    695, -1 
	   683,    684,    696, -1 
	   684,    697,    696, -1 
	   684,    685,    697, -1 
	   685,    698,    697, -1 
	   685,    686,    698, -1 
	   686,    687,    698, -1 
	   687,    691,    698, -1 
	   689,    688,    699, -1 
	   688,    700,    699, -1 
	   688,    690,    700, -1 
	   691,    689,    699, -1 
	   690,    692,    700, -1 
	   698,    691,    701, -1 
	   691,    702,    701, -1 
	   691,    699,    702, -1 
	   692,    703,    700, -1 
	   692,    693,    703, -1 
	   693,    704,    703, -1 
	   693,    694,    704, -1 
	   694,    695,    704, -1 
	   695,    705,    704, -1 
	   695,    696,    705, -1 
	   696,    706,    705, -1 
	   696,    697,    706, -1 
	   697,    701,    706, -1 
	   697,    698,    701, -1 
	   699,    700,    707, -1 
	   702,    699,    707, -1 
	   700,    703,    707, -1 
	   706,    701,    707, -1 
	   701,    702,    707, -1 
	   703,    704,    707, -1 
	   704,    705,    707, -1 
	   705,    706,    707, -1 
	   708,    709,    710, -1 
	   708,    711,    709, -1 
	   708,    712,    711, -1 
	   712,    708,    713, -1 
	   708,    710,    713, -1 
	   710,    709,    714, -1 
	   709,    715,    714, -1 
	   709,    711,    715, -1 
	   713,    710,    716, -1 
	   710,    717,    716, -1 
	   710,    714,    717, -1 
	   712,    718,    711, -1 
	   711,    719,    715, -1 
	   711,    720,    719, -1 
	   711,    721,    720, -1 
	   711,    718,    721, -1 
	   712,    722,    718, -1 
	   712,    713,    722, -1 
	   722,    713,    723, -1 
	   713,    716,    723, -1 
	   714,    724,    725, -1 
	   714,    726,    724, -1 
	   714,    715,    726, -1 
	   717,    714,    725, -1 
	   715,    727,    726, -1 
	   715,    719,    727, -1 
	   723,    716,    728, -1 
	   716,    729,    728, -1 
	   716,    730,    729, -1 
	   716,    717,    730, -1 
	   717,    725,    730, -1 
	   718,    731,    721, -1 
	   718,    732,    731, -1 
	   718,    733,    732, -1 
	   718,    722,    733, -1 
	   719,    734,    727, -1 
	   719,    720,    734, -1 
	   720,    735,    734, -1 
	   720,    721,    735, -1 
	   721,    731,    735, -1 
	   722,    736,    733, -1 
	   722,    723,    736, -1 
	   736,    723,    737, -1 
	   723,    728,    737, -1 
	   725,    724,    738, -1 
	   724,    739,    738, -1 
	   724,    726,    739, -1 
	   730,    725,    740, -1 
	   725,    738,    740, -1 
	   726,    741,    739, -1 
	   726,    727,    741, -1 
	   727,    742,    741, -1 
	   727,    734,    742, -1 
	   737,    728,    743, -1 
	   728,    744,    743, -1 
	   728,    729,    744, -1 
	   729,    745,    744, -1 
	   729,    730,    745, -1 
	   730,    740,    745, -1 
	   731,    746,    735, -1 
	   731,    732,    746, -1 
	   732,    733,    746, -1 
	   733,    747,    746, -1 
	   733,    736,    747, -1 
	   734,    748,    742, -1 
	   734,    735,    748, -1 
	   735,    749,    748, -1 
	   735,    746,    749, -1 
	   736,    750,    747, -1 
	   736,    737,    750, -1 
	   750,    737,    751, -1 
	   737,    743,    751, -1 
	   738,    752,    753, -1 
	   738,    739,    752, -1 
	   740,    738,    753, -1 
	   739,    741,    752, -1 
	   745,    740,    754, -1 
	   740,    755,    754, -1 
	   740,    753,    755, -1 
	   741,    756,    752, -1 
	   741,    742,    756, -1 
	   742,    757,    756, -1 
	   742,    748,    757, -1 
	   751,    743,    758, -1 
	   743,    759,    758, -1 
	   743,    744,    759, -1 
	   744,    760,    759, -1 
	   744,    745,    760, -1 
	   745,    754,    760, -1 
	   746,    761,    749, -1 
	   746,    762,    761, -1 
	   746,    747,    762, -1 
	   747,    763,    762, -1 
	   747,    750,    763, -1 
	   748,    764,    757, -1 
	   748,    749,    764, -1 
	   749,    765,    764, -1 
	   749,    761,    765, -1 
	   750,    751,    763, -1 
	   763,    751,    766, -1 
	   751,    758,    766, -1 
	   753,    752,    767, -1 
	   752,    756,    767, -1 
	   755,    753,    767, -1 
	   760,    754,    767, -1 
	   754,    755,    767, -1 
	   756,    757,    767, -1 
	   757,    764,    767, -1 
	   766,    758,    767, -1 
	   758,    759,    767, -1 
	   759,    760,    767, -1 
	   761,    768,    765, -1 
	   761,    762,    768, -1 
	   762,    766,    768, -1 
	   762,    763,    766, -1 
	   764,    765,    767, -1 
	   765,    768,    767, -1 
	   768,    766,    767, -1 
	   769,    770,    771, -1 
	   769,    772,    770, -1 
	   769,    773,    772, -1 
	   769,    774,    773, -1 
	   769,    775,    774, -1 
	   769,    776,    775, -1 
	   769,    777,    776, -1 
	   769,    771,    777, -1 
	   771,    770,    778, -1 
	   770,    779,    778, -1 
	   770,    780,    779, -1 
	   770,    772,    780, -1 
	   771,    778,    781, -1 
	   777,    771,    782, -1 
	   771,    781,    782, -1 
	   772,    783,    780, -1 
	   772,    784,    783, -1 
	   772,    785,    784, -1 
	   772,    773,    785, -1 
	   773,    786,    785, -1 
	   773,    774,    786, -1 
	   774,    787,    786, -1 
	   774,    775,    787, -1 
	   775,    788,    787, -1 
	   775,    776,    788, -1 
	   776,    789,    788, -1 
	   776,    777,    789, -1 
	   777,    782,    789, -1 
	   781,    778,    790, -1 
	   778,    791,    790, -1 
	   778,    779,    791, -1 
	   779,    792,    791, -1 
	   779,    793,    792, -1 
	   779,    780,    793, -1 
	   780,    783,    793, -1 
	   781,    790,    794, -1 
	   782,    781,    794, -1 
	   789,    782,    795, -1 
	   782,    796,    795, -1 
	   782,    794,    796, -1 
	   783,    797,    793, -1 
	   783,    798,    797, -1 
	   783,    784,    798, -1 
	   784,    785,    798, -1 
	   785,    799,    798, -1 
	   785,    786,    799, -1 
	   786,    800,    799, -1 
	   786,    801,    800, -1 
	   786,    787,    801, -1 
	   787,    802,    801, -1 
	   787,    788,    802, -1 
	   788,    803,    802, -1 
	   788,    789,    803, -1 
	   789,    795,    803, -1 
	   794,    790,    804, -1 
	   790,    805,    804, -1 
	   790,    791,    805, -1 
	   791,    806,    805, -1 
	   791,    792,    806, -1 
	   792,    807,    806, -1 
	   792,    793,    807, -1 
	   793,    808,    807, -1 
	   793,    797,    808, -1 
	   796,    794,    804, -1 
	   803,    795,    809, -1 
	   795,    810,    809, -1 
	   795,    796,    810, -1 
	   796,    804,    810, -1 
	   797,    798,    808, -1 
	   798,    811,    808, -1 
	   798,    799,    811, -1 
	   799,    812,    811, -1 
	   799,    800,    812, -1 
	   800,    813,    812, -1 
	   800,    801,    813, -1 
	   801,    802,    813, -1 
	   802,    814,    813, -1 
	   802,    803,    814, -1 
	   803,    809,    814, -1 
	   804,    815,    816, -1 
	   804,    805,    815, -1 
	   810,    804,    816, -1 
	   805,    817,    815, -1 
	   805,    806,    817, -1 
	   806,    807,    817, -1 
	   807,    818,    817, -1 
	   807,    808,    818, -1 
	   808,    819,    818, -1 
	   808,    811,    819, -1 
	   814,    809,    820, -1 
	   809,    821,    820, -1 
	   809,    810,    821, -1 
	   810,    822,    821, -1 
	   810,    816,    822, -1 
	   811,    823,    819, -1 
	   811,    824,    823, -1 
	   811,    812,    824, -1 
	   812,    813,    824, -1 
	   813,    820,    824, -1 
	   813,    814,    820, -1 
	   816,    815,    825, -1 
	   815,    826,    825, -1 
	   815,    817,    826, -1 
	   822,    816,    827, -1 
	   816,    825,    827, -1 
	   817,    828,    826, -1 
	   817,    818,    828, -1 
	   818,    819,    828, -1 
	   819,    829,    828, -1 
	   819,    823,    829, -1 
	   824,    820,    830, -1 
	   820,    821,    830, -1 
	   821,    822,    830, -1 
	   822,    827,    830, -1 
	   823,    824,    829, -1 
	   824,    830,    829, -1 
	   825,    826,    831, -1 
	   827,    825,    831, -1 
	   826,    828,    831, -1 
	   830,    827,    831, -1 
	   828,    829,    831, -1 
	   829,    830,    831, -1 
	   832,    833,    834, -1 
	   835,    832,    834, -1 
	   836,    837,    832, -1 
	   837,    833,    832, -1 
	   838,    832,    835, -1 
	   838,    836,    832, -1 
	   833,    839,    834, -1 
	   837,    840,    833, -1 
	   840,    841,    833, -1 
	   841,    839,    833, -1 
	   839,    842,    834, -1 
	   842,    843,    834, -1 
	   843,    844,    834, -1 
	   844,    835,    834, -1 
	   845,    835,    844, -1 
	   845,    838,    835, -1 
	   846,    837,    836, -1 
	   846,    836,    838, -1 
	   846,    847,    837, -1 
	   847,    848,    837, -1 
	   848,    840,    837, -1 
	   849,    838,    845, -1 
	   849,    846,    838, -1 
	   841,    850,    839, -1 
	   850,    851,    839, -1 
	   851,    842,    839, -1 
	   848,    852,    840, -1 
	   852,    853,    840, -1 
	   853,    841,    840, -1 
	   853,    854,    841, -1 
	   854,    850,    841, -1 
	   851,    855,    842, -1 
	   855,    856,    842, -1 
	   856,    843,    842, -1 
	   856,    857,    843, -1 
	   857,    858,    843, -1 
	   858,    844,    843, -1 
	   858,    859,    844, -1 
	   859,    845,    844, -1 
	   860,    845,    859, -1 
	   860,    861,    845, -1 
	   861,    849,    845, -1 
	   862,    847,    846, -1 
	   863,    846,    849, -1 
	   863,    862,    846, -1 
	   862,    864,    847, -1 
	   864,    848,    847, -1 
	   864,    852,    848, -1 
	   865,    849,    861, -1 
	   865,    863,    849, -1 
	   854,    866,    850, -1 
	   866,    867,    850, -1 
	   867,    851,    850, -1 
	   867,    868,    851, -1 
	   868,    855,    851, -1 
	   864,    869,    852, -1 
	   869,    853,    852, -1 
	   869,    870,    853, -1 
	   870,    854,    853, -1 
	   870,    866,    854, -1 
	   868,    871,    855, -1 
	   871,    856,    855, -1 
	   871,    872,    856, -1 
	   872,    857,    856, -1 
	   872,    873,    857, -1 
	   873,    874,    857, -1 
	   874,    858,    857, -1 
	   874,    875,    858, -1 
	   875,    876,    858, -1 
	   876,    859,    858, -1 
	   876,    877,    859, -1 
	   877,    860,    859, -1 
	   878,    860,    877, -1 
	   878,    865,    860, -1 
	   865,    861,    860, -1 
	   879,    880,    862, -1 
	   880,    864,    862, -1 
	   881,    862,    863, -1 
	   881,    879,    862, -1 
	   882,    863,    865, -1 
	   882,    881,    863, -1 
	   880,    883,    864, -1 
	   883,    869,    864, -1 
	   882,    865,    878, -1 
	   870,    884,    866, -1 
	   884,    867,    866, -1 
	   884,    885,    867, -1 
	   885,    868,    867, -1 
	   885,    886,    868, -1 
	   886,    887,    868, -1 
	   887,    871,    868, -1 
	   883,    888,    869, -1 
	   888,    889,    869, -1 
	   889,    870,    869, -1 
	   889,    890,    870, -1 
	   890,    884,    870, -1 
	   887,    891,    871, -1 
	   891,    872,    871, -1 
	   891,    892,    872, -1 
	   892,    873,    872, -1 
	   892,    874,    873, -1 
	   892,    893,    874, -1 
	   893,    875,    874, -1 
	   893,    876,    875, -1 
	   893,    894,    876, -1 
	   894,    895,    876, -1 
	   895,    896,    876, -1 
	   896,    877,    876, -1 
	   896,    878,    877, -1 
	   897,    878,    896, -1 
	   897,    882,    878, -1 
	   898,    880,    879, -1 
	   899,    879,    881, -1 
	   899,    898,    879, -1 
	   898,    900,    880, -1 
	   900,    901,    880, -1 
	   901,    883,    880, -1 
	   899,    881,    882, -1 
	   902,    882,    897, -1 
	   902,    899,    882, -1 
	   901,    903,    883, -1 
	   903,    888,    883, -1 
	   890,    904,    884, -1 
	   904,    885,    884, -1 
	   904,    886,    885, -1 
	   904,    905,    886, -1 
	   905,    906,    886, -1 
	   906,    887,    886, -1 
	   906,    891,    887, -1 
	   903,    907,    888, -1 
	   907,    889,    888, -1 
	   907,    908,    889, -1 
	   908,    890,    889, -1 
	   908,    909,    890, -1 
	   909,    910,    890, -1 
	   910,    904,    890, -1 
	   906,    911,    891, -1 
	   911,    892,    891, -1 
	   911,    893,    892, -1 
	   911,    912,    893, -1 
	   912,    913,    893, -1 
	   913,    894,    893, -1 
	   913,    914,    894, -1 
	   914,    915,    894, -1 
	   915,    895,    894, -1 
	   915,    896,    895, -1 
	   915,    897,    896, -1 
	   916,    897,    915, -1 
	   916,    917,    897, -1 
	   917,    902,    897, -1 
	   918,    900,    898, -1 
	   919,    898,    899, -1 
	   919,    918,    898, -1 
	   920,    899,    902, -1 
	   920,    919,    899, -1 
	   918,    921,    900, -1 
	   921,    901,    900, -1 
	   921,    922,    901, -1 
	   922,    903,    901, -1 
	   923,    902,    917, -1 
	   923,    920,    902, -1 
	   922,    924,    903, -1 
	   924,    907,    903, -1 
	   910,    925,    904, -1 
	   925,    905,    904, -1 
	   925,    926,    905, -1 
	   926,    906,    905, -1 
	   926,    927,    906, -1 
	   927,    911,    906, -1 
	   924,    928,    907, -1 
	   928,    929,    907, -1 
	   929,    908,    907, -1 
	   929,    930,    908, -1 
	   930,    931,    908, -1 
	   931,    909,    908, -1 
	   931,    932,    909, -1 
	   932,    933,    909, -1 
	   933,    910,    909, -1 
	   933,    925,    910, -1 
	   927,    934,    911, -1 
	   934,    935,    911, -1 
	   935,    912,    911, -1 
	   935,    936,    912, -1 
	   936,    913,    912, -1 
	   936,    916,    913, -1 
	   916,    914,    913, -1 
	   916,    915,    914, -1 
	   937,    916,    936, -1 
	   937,    938,    916, -1 
	   938,    917,    916, -1 
	   938,    923,    917, -1 
	   939,    940,    918, -1 
	   940,    941,    918, -1 
	   941,    942,    918, -1 
	   942,    921,    918, -1 
	   939,    918,    919, -1 
	   939,    919,    920, -1 
	   943,    920,    923, -1 
	   943,    939,    920, -1 
	   942,    922,    921, -1 
	   942,    944,    922, -1 
	   944,    945,    922, -1 
	   945,    924,    922, -1 
	   946,    923,    938, -1 
	   946,    943,    923, -1 
	   945,    947,    924, -1 
	   947,    928,    924, -1 
	   933,    926,    925, -1 
	   933,    948,    926, -1 
	   948,    927,    926, -1 
	   948,    949,    927, -1 
	   949,    950,    927, -1 
	   950,    934,    927, -1 
	   951,    928,    947, -1 
	   951,    952,    928, -1 
	   952,    929,    928, -1 
	   952,    930,    929, -1 
	   952,    953,    930, -1 
	   953,    931,    930, -1 
	   953,    954,    931, -1 
	   954,    955,    931, -1 
	   955,    932,    931, -1 
	   955,    956,    932, -1 
	   956,    933,    932, -1 
	   956,    957,    933, -1 
	   957,    948,    933, -1 
	   950,    958,    934, -1 
	   958,    935,    934, -1 
	   958,    959,    935, -1 
	   959,    936,    935, -1 
	   959,    937,    936, -1 
	   960,    937,    959, -1 
	   960,    961,    937, -1 
	   961,    938,    937, -1 
	   961,    962,    938, -1 
	   962,    946,    938, -1 
	   963,    964,    939, -1 
	   964,    965,    939, -1 
	   965,    940,    939, -1 
	   966,    939,    943, -1 
	   966,    963,    939, -1 
	   965,    941,    940, -1 
	   965,    942,    941, -1 
	   965,    967,    942, -1 
	   967,    968,    942, -1 
	   968,    944,    942, -1 
	   969,    943,    946, -1 
	   969,    970,    943, -1 
	   970,    966,    943, -1 
	   968,    945,    944, -1 
	   968,    971,    945, -1 
	   971,    947,    945, -1 
	   969,    946,    962, -1 
	   971,    951,    947, -1 
	   957,    949,    948, -1 
	   957,    950,    949, -1 
	   957,    972,    950, -1 
	   972,    973,    950, -1 
	   973,    958,    950, -1 
	   971,    952,    951, -1 
	   971,    974,    952, -1 
	   974,    953,    952, -1 
	   974,    975,    953, -1 
	   975,    976,    953, -1 
	   976,    954,    953, -1 
	   976,    955,    954, -1 
	   976,    977,    955, -1 
	   977,    956,    955, -1 
	   977,    978,    956, -1 
	   978,    957,    956, -1 
	   978,    972,    957, -1 
	   973,    979,    958, -1 
	   979,    959,    958, -1 
	   979,    960,    959, -1 
	   980,    960,    979, -1 
	   980,    981,    960, -1 
	   981,    982,    960, -1 
	   982,    961,    960, -1 
	   982,    969,    961, -1 
	   969,    962,    961, -1 
	   983,    964,    963, -1 
	   983,    963,    966, -1 
	   983,    984,    964, -1 
	   984,    965,    964, -1 
	   984,    967,    965, -1 
	   983,    966,    970, -1 
	   984,    985,    967, -1 
	   985,    968,    967, -1 
	   985,    986,    968, -1 
	   986,    971,    968, -1 
	   987,    969,    982, -1 
	   987,    988,    969, -1 
	   988,    989,    969, -1 
	   989,    970,    969, -1 
	   989,    983,    970, -1 
	   986,    974,    971, -1 
	   978,    973,    972, -1 
	   978,    990,    973, -1 
	   990,    979,    973, -1 
	   986,    975,    974, -1 
	   986,    991,    975, -1 
	   991,    976,    975, -1 
	   991,    977,    976, -1 
	   991,    992,    977, -1 
	   992,    978,    977, -1 
	   993,    978,    992, -1 
	   993,    994,    978, -1 
	   994,    995,    978, -1 
	   995,    996,    978, -1 
	   996,    990,    978, -1 
	   990,    980,    979, -1 
	   987,    980,    990, -1 
	   987,    981,    980, -1 
	   987,    982,    981, -1 
	   997,    998,    983, -1 
	   998,    984,    983, -1 
	   983,    989,    997, -1 
	   998,    985,    984, -1 
	   998,    986,    985, -1 
	   998,    999,    986, -1 
	   999,    991,    986, -1 
	   996,    987,    990, -1 
	   997,    987,    996, -1 
	   997,    988,    987, -1 
	   997,    989,    988, -1 
	   999,    992,    991, -1 
	   999,    993,    992, -1 
	   999,    994,    993, -1 
	   999,    995,    994, -1 
	   999,    996,    995, -1 
	   999,    997,    996, -1 
	   999,    998,    997, -1 
    ] 
normalPerVertex  TRUE 
   } 
  } 
 ] 
} 
