#VRML V2.0 utf8

# Produced by 3D Exploration VRML exporter
# http://www.xdsoft.com/explorer/

DEF Object__0 Transform {
  children [
    Shape {
      appearance Appearance {
        material Material {
          diffuseColor 0.800000 0.800000 0.800000
          emissiveColor 0.000000 0.000000 0.000000
          specularColor 0.400000 0.400000 0.400000
          ambientIntensity 0.200000
          shininess 0.250000
        }
      }
      geometry IndexedFaceSet {
        coord Coordinate { point [
          # points 1718
          -0.000592 -0.00649721 -0.0178488, 0.000152 -0.00593253 -0.0182423, 8.6e-005 -0.00530428 -0.0116558, 
          -0.001726 -0.00547372 -0.00592364, -0.009214 -0.00515396 -0.0175279, -0.014249 -0.00154282 -0.0261488, 
          -0.003325 -0.00422459 -0.0271076, -0.000391 -0.00537342 -0.0268977, 0.001168 -0.00460661 -0.0183453, 
          0.000624 -0.00422316 -0.0152746, 0.001105 -0.002628 -0.0150719, 0.000853 -0.00268187 -0.0111359, 
          -0.007097 -0.00507254 -0.00946096, -2.6e-005 -0.000885624 -0.0058073, -0.00931 -0.00323686 -0.0174034, 
          -0.014062 0.00199549 -0.0257576, -0.013591 0.00402282 -0.0266052, -0.013559 0.00463146 -0.0283107, 
          -0.000489 -0.000533185 -0.0278606, 0.000542 -0.00413364 -0.0246667, 0.000508 -0.00180567 -0.0272146, 
          0.001073 -0.00220757 -0.0195552, 0.001951 0.000139648 -0.0155121, 0.001659 0.00188209 -0.0124425, 
          -0.008753 -0.000416959 -0.00748367, -0.009173 -0.00389752 -0.0132129, 0.002107 0.00635801 -0.00752306, 
          -0.009924 -0.000188707 -0.0172139, -0.013324 0.00241546 -0.0220309, -0.012276 0.00322116 -0.0211496, 
          -0.012145 0.00438036 -0.0208955, -0.013604 0.00623962 -0.025598, -0.010404 0.0086583 -0.0285129, 
          -0.004134 0.00616159 -0.0268939, 0.000151 -0.00205527 -0.0254504, 0.000291 0.000946799 -0.0253698, 
          0.00085 -0.00104364 -0.0234102, 0.000858 -0.000656404 -0.0206005, 0.002408 -0.000663064 -0.0176625, 
          0.001409 0.00239212 -0.0174299, -0.009499 -0.000357773 -0.0110177, -0.006082 0.00872282 -0.0102819, 
          -0.009882 -0.000195304 -0.0154518, 0.000672 0.00449294 -0.0163996, -0.010904 0.0026607 -0.0179551, 
          -0.011174 0.00461642 -0.0195697, -0.010788 0.00608008 -0.0199998, -0.009366 0.00852679 -0.0203628, 
          -0.000868 0.0053053 -0.0209742, 0.000493 0.00196003 -0.0213076, -0.008701 0.00479794 -0.0126358, 
          -0.010046 0.00157657 -0.0143603, -0.008166 0.00825754 -0.0156566, -0.009431 0.00264748 -0.0144631, 
          -0.009447 0.00377335 -0.017139, -0.009411 0.00577656 -0.0168856, -0.008306 0.0195329 -0.0277676, 
          -0.007078 0.0182505 -0.0295725, -0.010409 0.0132201 -0.0275005, -0.010146 0.0160164 -0.0259128, 
          -0.005474 0.0226953 -0.0247071, -0.009427 0.0191853 -0.0222863, -0.00348 0.0234985 -0.0282697, 0.001453 0.0182205 -0.0295145, 
          -0.000204 0.0118707 -0.0267835, -0.011305 0.00954776 -0.0266836, -0.002041 0.00862667 -0.0255379, 
          -0.010738 0.0151378 -0.0241131, -0.005875 0.0221416 -0.0205846, -0.008959 0.0195326 -0.0206356, 
          -0.009979 0.0174885 -0.0194629, -0.010578 0.0149301 -0.0199699, -0.010707 0.0148885 -0.0219309, 0.001895 0.0201524 -0.0271381, 
          -0.001057 0.0216733 -0.0222603, 0.004326 0.0141151 -0.0275102, 0.00301 0.0120549 -0.0252636, 0.000221 0.00896471 -0.0229721, 
          -0.011312 0.00932773 -0.0216874, -0.002556 0.00862532 -0.0171829, 0.000423 0.00902804 -0.0200442, 
          -0.00886 0.0190426 -0.0168532, -0.008797 0.0101397 -0.0116231, -0.011809 0.0101473 -0.0172221, 0.002598 0.0208036 -0.0218016, 
          0.005072 0.0180976 -0.0243144, 0.006474 0.012765 -0.0276202, 0.005715 0.0121366 -0.0255917, 0.004626 0.0128374 -0.0233442, 
          0.004254 0.0130878 -0.0216664, -0.001107 0.00896599 -0.0150911, 0.001638 0.00976513 -0.0174198, 0.00458 0.0136999 -0.0201849, 
          0.001391 0.0171289 -0.0177116, -0.000392 0.0125505 -0.010691, 0.004929 0.0183958 -0.0203097, 0.0078 0.0168331 -0.0237924, 
          0.006094 0.0124508 -0.0266059, 0.011183 0.0128927 -0.0243043, 0.010702 0.012683 -0.0250651, 0.01022 0.0124734 -0.0258279, 
          0.009439 0.011261 -0.02635, 0.009574 0.0108786 -0.0256717, 0.009707 0.0104941 -0.0249904, 0.00184 0.0128399 -0.0152322, 
          0.006005 0.0147204 -0.0196287, 0.010173 0.0102978 -0.0241112, 0.002504 0.0161899 -0.0177679, 0.008627 0.0164389 -0.0202181, 
          0.011242 0.0132127 -0.0217485, 0.010383 0.0116647 -0.0242343, 0.006117 0.0163818 -0.019137, 0.010541 0.010636 -0.0226355, 
          0.011053 0.0118188 -0.0216384, 0.009551 -0.0135032 -0.0216433, 0.004094 -0.0149202 -0.0228041, 0.005614 -0.0132374 -0.0206285, 
          0.009419 -0.0125101 -0.020224, 0.008712 -0.0139837 -0.0222219, 0.010426 -0.013105 -0.0188756, 0.004278 -0.0159735 -0.0232463, 
          -0.000686 -0.0189775 -0.0282879, 0.002498 -0.0138809 -0.023787, 0.006128 -0.0124915 -0.0170011, 
          0.003465 -0.0097112 -0.0178283, 0.009677 -0.0114988 -0.0173208, 0.010324 -0.0143976 -0.0220435, 0.011029 -0.0113284 -0.014298, 
          0.012008 -0.012784 -0.0137558, 0.011821 -0.0136962 -0.0178721, 0.011294 -0.0142333 -0.0204987, 0.000457 -0.0217448 -0.0285787, 
          0.007936 -0.0155543 -0.0230046, -0.006478 -0.0221534 -0.0255894, -0.007834 -0.0196723 -0.0216833, 
          -0.003664 -0.0164083 -0.0154439, 0.008473 -0.0115306 -0.0132458, 0.008075 -0.0128852 -0.0115437, 
          0.002111 -0.0179052 -0.0115717, 0.011531 -0.0138836 -0.0120419, 0.011405 -0.015887 -0.0163654, 0.010355 -0.0173163 -0.0204432, 
          0.006847 -0.0163352 -0.024103, -0.002545 -0.0238302 -0.026606, -0.00515 -0.0229644 -0.0205727, 
          -0.005403 -0.0211779 -0.0187361, -0.003149 -0.0198612 -0.0165522, -0.000179 -0.0203154 -0.0143418, 
          0.009331 -0.016226 -0.0112591, 0.003858 -0.0206141 -0.0102226, 0.000886 -0.0201499 -0.012431, 0.010678 -0.0172871 -0.0151702, 
          0.010201 -0.0225835 -0.018192, 0.002163 -0.0237498 -0.0210761, -0.003416 -0.0231176 -0.0196306, 
          -0.001507 -0.0218113 -0.0167206, 0.003256 -0.0234944 -0.0118343, 0.001184 -0.0224627 -0.0146841, 
          0.006503 -0.0249765 -0.0144541, -0.000596 -0.022481 -0.0175891, 0.002267 -0.0237717 -0.0159491, 
          0.003769 -0.00933987 -0.0211866, 0.0029 -0.00694497 -0.0200485, 0.003907 -0.00712896 -0.0175233, 
          0.004197 -0.00958417 -0.0203024, 0.003207 -0.00966618 -0.0228253, 0.003449 -0.0108348 -0.0223174, 
          0.001963 -0.00812502 -0.0251375, -0.007983 -0.0062792 -0.019085, -0.003088 -0.00784657 -0.0157808, 
          0.004548 -0.0101488 -0.0185379, -0.004864 -0.0110683 -0.0154562, 0.004031 -0.0106793 -0.0204405, 
          0.003258 -0.0110309 -0.0237932, 0.002935 -0.0118659 -0.0237066, 0.003435 -0.0118239 -0.0224416, 0.00276 -0.012692 -0.0238409, 
          -0.010455 -0.00648523 -0.0254048, 0.002111 -0.0108438 -0.0260914, -0.010242 -0.00942413 -0.0202535, 
          -0.009497 -0.00964501 -0.0188463, -0.008293 -0.0125492 -0.017885, 0.004998 -0.0136436 -0.0196371, 
          -0.0067 -0.0165171 -0.0163919, -0.007943 -0.0144321 -0.0177305, 0.000847 -0.013648 -0.0263211, 
          -0.000469 -0.0159089 -0.0249803, -0.011919 -0.0112148 -0.0261351, -0.011144 -0.00949685 -0.0224094, 
          -0.009977 -0.0120303 -0.0204594, -0.007905 -0.0179897 -0.0210157, -0.00966 -0.0153818 -0.0210568, 
          -0.01103 -0.014953 -0.0250791, -0.012028 -0.0114696 -0.0233449, -0.011004 -0.0138476 -0.02215, 0.00499 0.0206928 -0.0177935, 
          0.001389 0.018508 -0.0201037, -0.001598 0.020004 -0.0138789, 0.005957 0.0215711 -0.0174242, 0.005564 0.0205132 -0.0198493, 
          0.007679 0.0203417 -0.0155012, 0.003077 0.0188528 -0.020352, 0.000445 0.0150405 -0.014392, -0.00024 0.0151875 -0.0119671, 
          0.001778 0.0187902 -0.00986197, 0.00088 0.0144098 -0.00905048, 0.006104 0.0213107 -0.014167, 0.00952 0.0194299 -0.0176585, 
          0.008244 0.0202013 -0.0121501, 0.00989 0.0200182 -0.0110349, 0.011157 0.0189989 -0.0139331, 0.001387 0.0149038 -0.0165269, 
          0.008257 0.0172655 -0.0182068, 0.002632 0.0145233 -0.0122506, 0.00629 0.0176257 -0.00791204, 0.003783 0.0153952 -0.00602826, 
          0.008357 0.0166209 -0.00893224, 0.011029 0.0166129 -0.0139432, 0.004002 0.0142015 -0.0157373, 0.006868 0.0142623 -0.0134134, 
          0.006124 0.012271 -0.00874277, 0.002602 0.00570387 -0.00268054, -9.9e-005 0.00535697 -0.00632027, 
          0.000867 0.0121621 -0.00364469, 0.00268 0.00908082 -0.00148223, 0.001575 0.00137161 -0.000492092, 
          0.002821 0.00413547 -0.000666293, 0.002714 0.00361388 -0.000146878, 0.000235 -4.52956e-005 -0.00288296, 
          -0.012484 0.00448758 -0.00932358, -0.00936 0.00990358 -0.00681589, -0.002364 0.0180433 -0.00337037, 
          -0.005442 0.013131 -0.00379546, 0.002768 0.0053726 -0.000508278, 0.002254 0.0117184 -0.000770331, 
          0.001186 0.00115752 0.00191108, 0.002607 0.0030933 0.000372537, 0.002751 0.00443241 0.000508471, 
          -0.014539 0.00179274 -0.00534643, -0.001057 -1.70991e-006 0.002876, -0.012865 0.00800617 -0.00481338, 
          -0.011531 0.0104161 -0.0036283, -0.010098 0.0123497 -0.00288483, -0.002192 0.0180804 0.000525603, 
          -0.006957 0.0106785 -0.000609503, -0.010554 0.012126 -0.00129166, 0.002926 0.00602437 0.000462203, 
          0.001696 0.0125985 0.000633968, 0.000823 0.00319726 0.00408746, 0.002521 0.0032011 0.00137945, 0.002984 0.0057871 0.00137539, 
          0.002668 0.00422744 0.00180163, -0.013699 0.00520989 -0.000136149, -0.01401 0.00613136 -0.00457988, 
          -0.00079 0.00482758 0.00575416, -0.012139 0.00950393 -0.00260457, -0.000663 0.0129423 0.0041217, 
          -0.007461 0.00870498 0.00248307, -0.011482 0.0102993 -0.000894201, 0.001878 0.00915086 0.00232671, 
          -0.013997 0.00750958 -0.00178798, -0.008456 0.00549205 0.00382763, -0.012575 0.00919024 -0.000958318, 
          -0.008361 -0.00521091 -0.00741585, -0.009717 -0.00726606 -0.00634822, -0.010368 -0.00267573 -0.00468487, 
          -0.008849 -0.00049373 -0.00593961, -0.000414 -0.00877451 -0.00942202, -0.007801 -0.00758042 -0.00931797, 
          0.001577 -0.00717152 -0.00316629, -0.009091 -0.00965019 -0.00777332, -0.009353 -0.00935411 -0.00641155, 
          -0.009393 -0.000147998 2.11785e-006, 0.00058 -0.00186876 0.000301488, -0.003507 0.00175207 0.00636761, 
          0.000775 -0.0108137 -0.0109214, -0.002362 -0.00856382 -0.0135842, 0.001282 -0.011434 -0.0087909, 
          -0.006969 -0.00843256 -0.0132583, 0.001714 -0.00874794 -0.00243504, -0.008809 -0.0112292 -0.0102371, 
          -0.010366 -0.00578478 -0.000981394, -0.009998 -0.0126899 -0.0036189, -0.009284 -0.0141758 -0.00852071, 
          -0.008141 -0.0159792 -0.0103113, -0.008364 -0.0139433 -0.0116459, 0.001229 -0.00201105 0.0049586, 
          0.001702 -0.00420119 0.00102135, -0.007549 -0.00705343 0.00448462, 0.000922 -0.0117991 -0.0114456, 
          -4.9e-005 -0.014526 -0.00632444, -0.000783 -0.0105941 -0.0151376, 0.000615 -0.0114299 -0.0023629, 
          -0.006264 -0.0148068 -0.0148152, 0.002162 -0.00729918 0.00103281, -0.009762 -0.0138447 -0.00210298, 
          -0.00633 -0.0183108 -0.00603942, -0.002353 -0.0213921 -0.011437, 0.002097 -0.0045711 0.00238464, 
          0.002196 -0.00812595 0.00258047, 0.001826 -0.0161518 -0.00980914, -0.001428 -0.0167993 -0.00540962, 
          0.000288 -0.0212614 -0.0105411, -0.000711 -0.0139349 -0.0011459, -0.002966 0.0208929 -0.0126506, 
          -0.000732 0.021602 -0.0125512, -0.001721 0.0216885 -0.0157203, -0.004485 0.0215535 -0.0169742, -0.00215 0.0211665 -0.00948886, 
          -0.005244 0.0215407 -0.00911716, -0.004721 0.020786 -0.00632855, -0.000195 0.0213091 -0.00862997, 
          -0.000778 0.0187689 -0.0127189, -0.00098 0.0190174 -0.0171351, -0.002465 0.0184565 -0.0182177, -0.001041 0.0168198 -0.0178214, 
          -0.00518 0.0219725 -0.0107295, -0.006461 0.0196739 -0.0176647, -0.001718 0.0191071 -0.00486022, 
          -0.007672 0.0199484 -0.00572189, -0.00724 0.0211736 -0.00930186, -0.000546 0.0180933 -0.00968941, 
          0.001683 0.0207032 -0.00473149, 5.6e-005 0.016858 -0.0113544, -0.000149 0.0143443 -0.0134174, -0.003018 0.0137618 -0.012795, 
          -0.006584 0.0221016 -0.0117596, -0.010698 0.013238 -0.00629654, -0.009369 0.0204433 -0.0133853, 
          -0.005254 0.0171478 -0.00276066, -0.010306 0.0194607 -0.0067045, -0.007988 0.0222298 -0.0127907, -0.010214 0.021346 -0.011263, 
          0.001746 0.0195483 -0.00595157, 0.001757 0.0150706 -0.004288, 0.001912 0.0157533 -0.00587255, 0.000285 0.0125174 -0.00823297, 
          -0.001481 0.010995 -0.00748476, 0.009218 -0.0179665 -0.13505, 0.010307 -0.0208551 -0.134461, 0.012241 -0.0191075 -0.140012, 
          0.01253 -0.0176634 -0.139934, 0.006515 -0.0187417 -0.13019, 0.006265 -0.0182127 -0.132711, 0.005125 -0.0178795 -0.127466, 
          0.008913 -0.0213007 -0.128911, 0.0086 -0.0227196 -0.133889, 0.011007 -0.0221346 -0.138834, 0.009204 -0.0225055 -0.143765, 
          0.008065 -0.0186037 -0.137817, 0.008671 -0.0193112 -0.14346, 0.005995 -0.0184998 -0.124093, 0.00473 -0.0174892 -0.122076, 
          0.004133 -0.0198558 -0.132889, 0.00268 -0.0199646 -0.127589, 0.001679 -0.0192063 -0.12222, 0.008016 -0.0231541 -0.128236, 
          0.007232 -0.0210521 -0.123235, 0.009743 -0.027453 -0.135675, 0.013034 -0.0267578 -0.140414, 0.009358 -0.0248446 -0.143857, 
          0.007211 -0.0207446 -0.143875, 0.00592 -0.01931 -0.138091, 0.004902 -0.0220007 -0.139055, 0.006102 -0.0178978 -0.117816, 
          0.004282 -0.0170019 -0.116693, 0.001311 -0.018345 -0.116768, 0.003754 -0.0226254 -0.13359, 0.002008 -0.0230922 -0.128321, 
          0.000708 -0.0231079 -0.122933, -0.000127 -0.0229515 -0.117416, 0.007158 -0.0236437 -0.122694, 0.007238 -0.0275628 -0.130318, 
          0.006878 -0.0210835 -0.117364, 0.007194 -0.0275033 -0.133462, 0.008262 -0.0272695 -0.138729, 0.008997 -0.0264467 -0.143987, 
          0.005141 -0.0258628 -0.142951, 0.005349 -0.0254997 -0.137787, 0.004449 -0.0261967 -0.13278, 0.006586 -0.0172721 -0.111899, 
          0.004114 -0.0160337 -0.111373, 0.000995 -0.0175526 -0.111321, -0.001003 -0.0228481 -0.111923, 0.003107 -0.0268788 -0.127807, 
          0.001948 -0.0269508 -0.122769, 0.001261 -0.0269007 -0.117655, 0.000556 -0.0268956 -0.112531, 0.007344 -0.027803 -0.124308, 
          0.00682 -0.0239763 -0.117106, 0.006199 -0.0277111 -0.128196, 0.007352 -0.0202018 -0.111494, 0.008374 -0.0167956 -0.106239, 
          0.004889 -0.0150735 -0.106133, -0.000476 -0.0164955 -0.106089, -0.001788 -0.0223598 -0.106432, -0.00041 -0.0269496 -0.107457, 
          0.005062 -0.0279619 -0.122904, 0.004204 -0.0282646 -0.117592, 0.004972 -0.0288054 -0.112318, 0.005086 -0.0301393 -0.107127, 
          0.006744 -0.0279043 -0.118418, 0.00726 -0.0239447 -0.111418, 0.009796 -0.0193006 -0.106194, 0.006926 -0.016107 -0.100491, 
          0.000209 -0.0174802 -0.100772, -0.00118 -0.0230694 -0.100949, 3.9e-005 -0.0272775 -0.102326, 0.005117 -0.0299571 -0.101847, 
          0.006788 -0.0276375 -0.112392, 0.009544 -0.0281693 -0.107155, 0.009702 -0.0280417 -0.101314, 0.010446 -0.0238061 -0.106832, 
          0.00943 -0.0185821 -0.100611, 0.00523 -0.0221143 -0.102061, 0.009976 -0.0237486 -0.101253, 0.009218 -0.0179665 -0.13505, 
          0.010307 -0.0208551 -0.134461, 0.012241 -0.0191075 -0.140012, 0.01253 -0.0176634 -0.139934, 0.006515 -0.0187417 -0.13019, 
          0.006265 -0.0182127 -0.132711, 0.005125 -0.0178795 -0.127466, 0.008913 -0.0213007 -0.128911, 0.0086 -0.0227196 -0.133889, 
          0.011007 -0.0221346 -0.138834, 0.009204 -0.0225055 -0.143765, 0.008065 -0.0186037 -0.137817, 0.008671 -0.0193112 -0.14346, 
          0.005995 -0.0184998 -0.124093, 0.00473 -0.0174892 -0.122076, 0.004133 -0.0198558 -0.132889, 0.00268 -0.0199646 -0.127589, 
          0.001679 -0.0192063 -0.12222, 0.008016 -0.0231541 -0.128236, 0.007232 -0.0210521 -0.123235, 0.009743 -0.027453 -0.135675, 
          0.013034 -0.0267578 -0.140414, 0.009358 -0.0248446 -0.143857, 0.007211 -0.0207446 -0.143875, 0.00592 -0.01931 -0.138091, 
          0.004902 -0.0220007 -0.139055, 0.006102 -0.0178978 -0.117816, 0.004282 -0.0170019 -0.116693, 0.001311 -0.018345 -0.116768, 
          0.003754 -0.0226254 -0.13359, 0.002008 -0.0230922 -0.128321, 0.000708 -0.0231079 -0.122933, -0.000127 -0.0229515 -0.117416, 
          0.007158 -0.0236437 -0.122694, 0.007238 -0.0275628 -0.130318, 0.006878 -0.0210835 -0.117364, 0.007194 -0.0275033 -0.133462, 
          0.008262 -0.0272695 -0.138729, 0.008997 -0.0264467 -0.143987, 0.005141 -0.0258628 -0.142951, 0.005349 -0.0254997 -0.137787, 
          0.004449 -0.0261967 -0.13278, 0.006586 -0.0172721 -0.111899, 0.004114 -0.0160337 -0.111373, 0.000995 -0.0175526 -0.111321, 
          -0.001003 -0.0228481 -0.111923, 0.003107 -0.0268788 -0.127807, 0.001948 -0.0269508 -0.122769, 0.001261 -0.0269007 -0.117655, 
          0.000556 -0.0268956 -0.112531, 0.007344 -0.027803 -0.124308, 0.00682 -0.0239763 -0.117106, 0.006199 -0.0277111 -0.128196, 
          0.007352 -0.0202018 -0.111494, 0.008374 -0.0167956 -0.106239, 0.004889 -0.0150735 -0.106133, -0.000476 -0.0164955 -0.106089, 
          -0.001788 -0.0223598 -0.106432, -0.00041 -0.0269496 -0.107457, 0.005062 -0.0279619 -0.122904, 0.004204 -0.0282646 -0.117592, 
          0.004972 -0.0288054 -0.112318, 0.005086 -0.0301393 -0.107127, 0.006744 -0.0279043 -0.118418, 0.00726 -0.0239447 -0.111418, 
          0.009796 -0.0193006 -0.106194, 0.006926 -0.016107 -0.100491, 0.000209 -0.0174802 -0.100772, -0.00118 -0.0230694 -0.100949, 
          3.9e-005 -0.0272775 -0.102326, 0.005117 -0.0299571 -0.101847, 0.006788 -0.0276375 -0.112392, 0.009544 -0.0281693 -0.107155, 
          0.009702 -0.0280417 -0.101314, 0.010446 -0.0238061 -0.106832, 0.00943 -0.0185821 -0.100611, 0.00523 -0.0221143 -0.102061, 
          0.009976 -0.0237486 -0.101253, 0.013044 -0.0246075 -0.145096, 0.010791 -0.019391 -0.144359, 0.005146 -0.0166916 -0.143906, 
          0.002189 -0.022008 -0.144407, 0.003751 -0.0263115 -0.145059, 0.009562 -0.0279506 -0.145168, 0.010988 -0.024626 -0.149451, 
          0.009115 -0.0269707 -0.149099, 0.009721 -0.0200504 -0.148704, 0.005969 -0.0167363 -0.148499, 0.002806 -0.0215725 -0.148786, 
          0.004161 -0.0252198 -0.149172, 0.010306 -0.0242917 -0.154054, 0.008829 -0.026051 -0.153245, 0.005252 -0.0253581 -0.153354, 
          0.008801 -0.0208409 -0.153093, 0.006092 -0.017801 -0.153256, 0.003439 -0.0210159 -0.153142, 0.010597 -0.0243967 -0.159162, 
          0.008462 -0.0255943 -0.157396, 0.005892 -0.0252425 -0.157609, 0.003824 -0.0211875 -0.157601, 0.008774 -0.0207995 -0.157615, 
          0.006219 -0.0180449 -0.158143, 0.01191 -0.0240563 -0.163646, 0.009103 -0.0252837 -0.161591, 0.006102 -0.0244499 -0.161862, 
          0.004015 -0.021141 -0.162053, 0.007223 -0.0183958 -0.162965, 0.009679 -0.020609 -0.16205, 0.014304 -0.0229503 -0.16742, 
          0.009634 -0.024931 -0.165797, 0.006707 -0.0233812 -0.165974, 0.004604 -0.0209266 -0.166523, 0.007664 -0.0166514 -0.167495, 
          0.01096 -0.0203056 -0.166529, 0.01112 -0.0244014 -0.170068, 0.009739 -0.0244894 -0.17001, 0.008587 -0.0229623 -0.169849, 
          0.006508 -0.0198887 -0.170352, 0.006798 -0.0196309 -0.170626, 0.010397 -0.0215307 -0.17038, 0.012136 -0.0254697 -0.172926, 
          0.013362 -0.0201388 -0.170588, 0.010264 -0.0164316 -0.170226, 0.007262 -0.0219191 -0.170904, 0.011779 -0.0244145 -0.175223, 
          0.007247 -0.0209106 -0.174052, 0.013214 -0.0195842 -0.173604, 0.010257 -0.0162653 -0.173674, 0.011286 -0.0238955 -0.177667, 
          0.008238 -0.0207831 -0.177165, 0.009918 -0.0179897 -0.176736, 0.012467 -0.0200515 -0.17649, 0.011117 -0.0231033 -0.179899, 
          0.008531 -0.0209367 -0.180409, 0.009938 -0.0184764 -0.180129, 0.012402 -0.020019 -0.179567, 0.012355 -0.0231502 -0.182322, 
          0.008933 -0.0210043 -0.183667, 0.010555 -0.0183064 -0.18391, 0.012629 -0.0205114 -0.182575, 0.013262 -0.0230521 -0.184732, 
          0.01043 -0.0212146 -0.186581, 0.011643 -0.0187932 -0.187319, 0.013568 -0.0204657 -0.185543, 0.014012 -0.022904 -0.187151, 
          0.012698 -0.0219684 -0.188854, 0.01293 -0.021225 -0.188409, 0.003794 0.044866 -0.11435, 0.004478 0.0423801 -0.114179, 
          0.006339 0.0444084 -0.118782, 0.006666 0.0455456 -0.118532, 0.001389 0.0437652 -0.110238, 0.001295 0.0445495 -0.112377, 
          0.000226 0.0441872 -0.107771, 0.003143 0.0413649 -0.109406, 0.002948 0.0409123 -0.113931, 0.005101 0.0418889 -0.118143, 
          0.003755 0.0423745 -0.122516, 0.002896 0.044801 -0.116858, 0.003515 0.044949 -0.121864, 0.000794 0.0431735 -0.104892, 
          -0.000234 0.043803 -0.103025, -0.000545 0.0433892 -0.112764, -0.0019 0.0426839 -0.108169, -0.002832 0.0426407 -0.103403, 
          0.002271 0.0398382 -0.109056, 0.001615 0.0409138 -0.104443, 0.00363 0.0372526 -0.116059, 0.006507 0.0382314 -0.120065, 
          0.003732 0.0404882 -0.122884, 0.002244 0.0439455 -0.122421, 0.001107 0.0444107 -0.117212, 0.000132 0.0424357 -0.1184, 
          0.000731 0.0428059 -0.0993381, -0.000731 0.0435018 -0.0982707, -0.003243 0.0426276 -0.09854, -0.001012 0.0412715 -0.113721, 
          -0.002628 0.0403031 -0.109203, -0.003855 0.0396498 -0.104518, -0.004693 0.0390896 -0.0996942, 0.00137 0.038754 -0.104291, 
          0.001415 0.0366103 -0.111427, 0.001146 0.0401219 -0.099326, 0.001478 0.0370861 -0.114167, 0.002524 0.0379115 -0.118721, 
          0.003337 0.0392359 -0.123199, 0.000196 0.0398257 -0.122273, 0.000232 0.0394093 -0.117718, -0.0007 0.0382327 -0.113446, 
          0.000987 0.0424821 -0.0940899, -0.000968 0.0435776 -0.0935107, -0.003614 0.0425534 -0.0936929, -0.005568 0.0384914 -0.0948967, 
          -0.00199 0.0371011 -0.109206, -0.003095 0.0364425 -0.104831, -0.003808 0.0358391 -0.100371, -0.004539 0.0352016 -0.0959061, 
          0.001304 0.0356004 -0.106209, 0.000903 0.0377558 -0.0994571, 0.000493 0.0362747 -0.109608, 0.001411 0.0400111 -0.0940869, 
          0.002306 0.0419851 -0.0890665, -0.000433 0.0435953 -0.0888077, -0.004907 0.0428011 -0.0890141, -0.006346 0.0382003 -0.0900534, 
          -0.005485 0.0345392 -0.0914965, -0.000614 0.0354354 -0.105034, -0.001494 0.034533 -0.100445, -0.001062 0.0333336 -0.0958996, 
          -0.001212 0.0315491 -0.0915302, 0.000628 0.0347655 -0.101088, 0.001093 0.0369848 -0.0944825, 0.003304 0.0398609 -0.0893168, 
          0.000994 0.0418641 -0.0839834, -0.004573 0.0412437 -0.0844849, -0.006061 0.036846 -0.0853474, -0.005294 0.0335527 -0.0870527, 
          -0.001336 0.0309838 -0.0868967, 0.000499 0.0341657 -0.0957932, 0.002556 0.0328453 -0.0912532, 0.002516 0.0321514 -0.0861356, 
          0.003563 0.036265 -0.0904199, 0.002882 0.0397148 -0.0843597, -0.000732 0.0373384 -0.0861168, 0.003014 0.0355919 -0.0855504, 
          0.010289 0.040229 -0.121833, 0.008863 0.0446883 -0.121451, 0.004478 0.0473852 -0.121567, 0.001641 0.0433057 -0.122173, 
          0.002578 0.0396544 -0.122552, 0.008867 0.0403487 -0.125923, 0.007171 0.0378088 -0.12213, 0.007119 0.0386059 -0.125722, 
          0.008188 0.0441981 -0.125439, 0.00541 0.047229 -0.12563, 0.002435 0.0435606 -0.126069, 0.003244 0.0404655 -0.126237, 
          0.008608 0.0406324 -0.130127, 0.007207 0.0393359 -0.129492, 0.004362 0.0402126 -0.129905, 0.007626 0.0435869 -0.129452, 
          0.005694 0.0463016 -0.129879, 0.00325 0.0439125 -0.129944, 0.00913 0.0404668 -0.134696, 0.007188 0.0396959 -0.133266, 
          0.005139 0.0402066 -0.13368, 0.003808 0.0436934 -0.13392, 0.00787 0.0435757 -0.133523, 0.006058 0.0460391 -0.134261, 
          0.007979 0.0398499 -0.136992, 0.010489 0.0405816 -0.138625, 0.005624 0.0407885 -0.137504, 0.004223 0.0436662 -0.137911, 
          0.007126 0.0456147 -0.138508, 0.008878 0.0436056 -0.137439, 0.008684 0.0400469 -0.140737, 0.006448 0.0415626 -0.141172, 
          0.01275 0.0412351 -0.141839, 0.004982 0.043742 -0.141886, 0.007898 0.0469495 -0.142576, 0.010206 0.0436924 -0.141366, 
          0.008238 0.0416999 -0.144506, 0.009053 0.0403509 -0.144525, 0.006842 0.0443824 -0.145188, 0.010188 0.040303 -0.144463, 
          0.007116 0.0445632 -0.145415, 0.009866 0.0427027 -0.144857, 0.00843 0.0396141 -0.146827, 0.010275 0.0437109 -0.144629, 
          0.008268 0.0471351 -0.144341, 0.005015 0.0431375 -0.145066, 0.008186 0.0405474 -0.148912, 0.00501 0.0439962 -0.14792, 
          0.010105 0.0442237 -0.14737, 0.008138 0.0473176 -0.147473, 0.007751 0.0410707 -0.151141, 0.005707 0.044004 -0.150727, 
          0.007491 0.0460174 -0.150277, 0.009304 0.0439906 -0.150014, 0.007628 0.041765 -0.153167, 0.005789 0.0438846 -0.153671, 
          0.007295 0.0456689 -0.153364, 0.009125 0.0440693 -0.152813, 0.008533 0.0415873 -0.155342, 0.00597 0.0438193 -0.156625, 
          0.007665 0.0457722 -0.156787, 0.009116 0.0436822 -0.155545, 0.009189 0.0415726 -0.157513, 0.007045 0.0434782 -0.159242, 
          0.008345 0.0452737 -0.159865, 0.009764 0.043629 -0.158223, 0.00972 0.0416219 -0.159695, 0.008702 0.0425856 -0.161264, 
          0.009015 0.0431449 -0.160847, -0.004047 -0.0261672 -0.0253552, -0.002868 -0.0264456 -0.0207879, 
          -0.000613 -0.0230774 -0.0231516, -0.001908 -0.0218946 -0.0270626, -0.003822 -0.0288141 -0.0277551, 
          -0.001114 -0.02506 -0.0288711, -0.003059 -0.0308584 -0.0243234, 0.002928 -0.024689 -0.0175883, 0.003299 -0.0223899 -0.0224162, 
          0.001749 -0.0187615 -0.0270441, 0.002399 -0.0222344 -0.0293563, -0.000272 -0.028495 -0.0300753, 
          -0.002794 -0.0309041 -0.0289704, -0.001924 -0.0329368 -0.0273658, 0.003289 -0.0278881 -0.0315458, 
          0.00118 -0.0294379 -0.0186566, 0.00144 -0.0339327 -0.023463, 0.008085 -0.0261315 -0.0194362, 0.006563 -0.0231486 -0.0220426, 
          0.006045 -0.017522 -0.0263181, 0.006101 -0.0219697 -0.0297605, 0.0074 -0.0278972 -0.0316128, 0.001101 -0.0334858 -0.0349083, 
          -0.001334 -0.0351419 -0.033716, -0.000945 -0.0367197 -0.0322498, 0.004025 -0.032008 -0.0351065, 0.00722 -0.0328702 -0.0353928, 
          0.007079 -0.0304429 -0.0199778, 0.006482 -0.0339344 -0.024413, 0.002783 -0.0389357 -0.029763, 0.010055 -0.0257083 -0.0229735, 
          0.009613 -0.0208983 -0.0254274, 0.008165 -0.0244799 -0.0299955, 0.010375 -0.0365162 -0.0303509, 
          0.009776 -0.0323686 -0.0271432, 0.010304 -0.0298295 -0.0244623, 0.002511 -0.0414511 -0.044109, 0.00535 -0.0407324 -0.0444036, 
          0.000399 -0.0423417 -0.0435163, -0.000185 -0.0438642 -0.0416201, 0.008913 -0.041146 -0.0438933, 0.011889 -0.045377 -0.0402049, 
          0.006705 -0.0382501 -0.0290246, 0.004665 -0.0467124 -0.0393848, 0.008353 -0.0470963 -0.0392315, 0.005023 -0.0464428 -0.051195, 
          0.002785 -0.0478232 -0.0517229, 0.010177 -0.0464436 -0.049707, 0.001001 -0.0502199 -0.051406, 0.001837 -0.0526283 -0.0492831, 
          0.012805 -0.0515331 -0.045359, 0.010061 -0.05365 -0.0451513, 0.006297 -0.0541668 -0.0461679, 0.00506 -0.0483633 -0.0581815, 
          0.003273 -0.0507541 -0.0578726, 0.008321 -0.0501525 -0.0558651, 0.012089 -0.0493922 -0.0542877, 
          0.014226 -0.0473904 -0.0532293, 0.014059 -0.0511306 -0.0510213, 0.001266 -0.0538579 -0.0551131, 
          0.001803 -0.0551886 -0.0509281, 0.014411 -0.055031 -0.0476962, 0.010685 -0.0568659 -0.0475877, 0.006839 -0.0572259 -0.0488024, 
          0.00635 -0.0501635 -0.0608681, 0.004534 -0.0541791 -0.0603659, 0.003379 -0.0575029 -0.0563162, 0.009794 -0.0514684 -0.058232, 
          0.013717 -0.0512752 -0.0568072, 0.015924 -0.0502352 -0.055463, 0.015698 -0.0537137 -0.0548272, 0.015108 -0.0580957 -0.0511178, 
          0.002062 -0.0578841 -0.0527879, 0.012867 -0.0591012 -0.049156, 0.006506 -0.0599105 -0.0507803, 0.011252 -0.0594251 -0.0491107, 
          0.009084 -0.0549959 -0.0588962, 0.006708 -0.0593833 -0.0555477, 0.013225 -0.0556376 -0.0560437, 
          0.012143 -0.0593717 -0.0523467, 0.003097 -0.0272625 -0.0935973, -0.000838 -0.0295214 -0.0972245, 
          0.002262 -0.0276691 -0.098046, 0.010321 -0.0269678 -0.0952286, 0.005971 -0.0267065 -0.0972678, 0.003444 -0.0280145 -0.0998017, 
          0.001 -0.0282705 -0.0922585, 0.002775 -0.0268746 -0.0873876, 0.006655 -0.0267446 -0.0912167, -0.000736 -0.0197842 -0.0968903, 
          0.001094 -0.0245381 -0.0992745, 0.003346 -0.0258759 -0.101562, -0.001036 -0.0294223 -0.0908276, 
          -0.001443 -0.0241549 -0.0940488, 0.010691 -0.02422 -0.0967377, 0.008616 -0.0248534 -0.0984242, 0.007018 -0.024583 -0.100442, 
          0.010429 -0.0258716 -0.0886494, 0.010492 -0.0247989 -0.0928543, 0.004856 -0.0228914 -0.100954, 8.4e-005 -0.0272166 -0.0861264, 
          0.001296 -0.0256219 -0.0814396, 0.005398 -0.0254968 -0.0851567, 0.002221 -0.016788 -0.0966357, 0.001617 -0.0201549 -0.099116, 
          0.002603 -0.0229758 -0.101419, -0.003165 -0.0178917 -0.0912488, 4.8e-005 -0.0172957 -0.0938353, 
          -0.002696 -0.0269446 -0.0848526, -0.002752 -0.022914 -0.0879548, 0.01015 -0.0171696 -0.0962404, 0.006075 -0.0189474 -0.100996, 
          0.006436 -0.0236467 -0.101286, 0.010522 -0.0221333 -0.0907994, 0.010494 -0.0199725 -0.0935231, 0.00709 -0.0236172 -0.0831502, 
          0.008901 -0.0232891 -0.0867775, 0.005968 -0.0172599 -0.100274, 0.002378 -0.0210698 -0.101519, -0.00137 -0.0254338 -0.0800958, 
          -0.000266 -0.0242271 -0.0754887, 0.002983 -0.0239382 -0.079351, 0.008799 -0.0132484 -0.0959865, 
          0.004841 -0.0170915 -0.0986034, 0.001872 -0.0147171 -0.0905683, 0.005243 -0.0143882 -0.0931866, 
          -0.004113 -0.0173986 -0.0848972, -0.001377 -0.0161409 -0.0877562, -0.003815 -0.0249446 -0.0786022, 
          -0.003848 -0.0216691 -0.0816878, 0.007748 -0.0166563 -0.0983748, 0.010611 -0.0163719 -0.090319, 
          0.009409 -0.0148971 -0.0930252, 0.007561 -0.0215313 -0.0845069, 0.008898 -0.0194028 -0.0875956, 
          0.003812 -0.0222876 -0.0773243, 0.005911 -0.0220464 -0.0808725, -0.002578 -0.0238509 -0.07395, 
          -0.001094 -0.0231662 -0.0693696, 0.001143 -0.0228353 -0.0732468, 0.008078 -0.0127983 -0.0895538, 
          -0.0001 -0.0145541 -0.0843124, 0.003398 -0.0144828 -0.0875985, -0.004768 -0.0173874 -0.0784012, 
          -0.00292 -0.0159299 -0.0814923, -0.005134 -0.0230656 -0.0723427, -0.004885 -0.020656 -0.0753426, 0.006895 -0.0175775 -0.08476, 
          0.007331 -0.0156518 -0.0876486, 0.005178 -0.0207485 -0.0785095, 0.005742 -0.0191552 -0.0818218, 
          0.002117 -0.0216634 -0.0708068, 0.003663 -0.0208965 -0.0747604, -0.003318 -0.0224629 -0.0677091, 
          -0.001298 -0.0220163 -0.0632225, 0.000362 -0.0217143 -0.0669187, 0.00374 -0.0158615 -0.0859594, 
          -0.002697 -0.0143824 -0.0783576, 0.000643 -0.0150973 -0.082001, -0.00582 -0.0172294 -0.0720293, 
          -0.004513 -0.0159909 -0.0752573, -0.005744 -0.0216045 -0.0659038, -0.005843 -0.0196599 -0.0689844, 
          0.00333 -0.0167623 -0.0795147, 0.003899 -0.0164486 -0.0824029, 0.003545 -0.0188887 -0.072402, 0.003457 -0.0179915 -0.0759657, 
          0.001725 -0.0200122 -0.0642751, 0.002484 -0.0195045 -0.0683765, -0.003448 -0.0212269 -0.0613811, 
          -0.001178 -0.0207775 -0.0570865, 0.000296 -0.0203972 -0.0605558, 0.001629 -0.0155902 -0.0793776, 
          -0.004765 -0.0149655 -0.0722391, -0.001444 -0.0148423 -0.0756962, -0.006674 -0.0167413 -0.0656597, 
          -0.00575 -0.0160379 -0.0689393, -0.005572 -0.0205112 -0.0593167, -0.006262 -0.0187098 -0.0625331, 
          0.001774 -0.0155645 -0.0734386, 0.001699 -0.0155877 -0.0762846, 0.00255 -0.0174526 -0.0660181, 0.002255 -0.0165975 -0.0696988, 
          0.001936 -0.0187869 -0.0576371, 0.002102 -0.0182972 -0.0618384, -0.003285 -0.0201838 -0.0550089, 
          -0.001163 -0.0199345 -0.0508871, 0.000387 -0.0196081 -0.0541264, 5.9e-005 -0.014433 -0.0728105, 
          -0.005744 -0.0152154 -0.0658309, -0.002922 -0.0144832 -0.0693655, -0.00706 -0.0159792 -0.0592493, 
          -0.006366 -0.0156448 -0.0625166, -0.005228 -0.019512 -0.0527475, -0.00623 -0.0177906 -0.0560379, 
          0.001152 -0.0144803 -0.0669345, 0.000438 -0.0144497 -0.0699415, 0.002194 -0.0169343 -0.0594255, 
          0.001617 -0.0156753 -0.0631925, 0.001954 -0.0189355 -0.0508969, 0.002162 -0.017772 -0.0552009, 
          -0.003137 -0.0194177 -0.0486036, -0.001213 -0.0195785 -0.0446324, 0.000215 -0.019469 -0.0476665, 
          -0.001236 -0.013319 -0.0665834, -0.005987 -0.0146412 -0.0593274, -0.003697 -0.0138771 -0.062957, 
          -0.007057 -0.0151601 -0.0528399, -0.006503 -0.0148477 -0.0560802, -0.004944 -0.0186438 -0.0461492, 
          -0.006057 -0.0169475 -0.0495385, 0.000572 -0.0138291 -0.060393, -0.000332 -0.0134896 -0.0634993, 
          0.002564 -0.0164311 -0.0528459, 0.001437 -0.0150861 -0.056665, 0.001282 -0.0194242 -0.0442495, 0.002205 -0.0175237 -0.0485821, 
          -0.003128 -0.0188996 -0.042182, -0.001061 -0.0195666 -0.0383714, 9.3e-005 -0.0194568 -0.0411305, 
          -0.001818 -0.0123308 -0.0600842, -0.00591 -0.0136121 -0.0529022, -0.00384 -0.012979 -0.0564457, 
          -0.007001 -0.014474 -0.0464195, -0.006444 -0.0139356 -0.0496639, -0.005292 -0.0178085 -0.0395748, 
          -0.006114 -0.0162333 -0.0430311, 0.00042 -0.013149 -0.0539945, -0.000617 -0.0126604 -0.0569849, 0.00302 -0.0153069 -0.0463348, 
          0.001842 -0.014142 -0.0502288, 0.001363 -0.0192567 -0.0372717, 0.002351 -0.0170484 -0.0419314, -0.00349 -0.0182935 -0.0357654, 
          -0.001422 -0.0194176 -0.0321245, 0.00088 -0.0193508 -0.0348476, -0.001645 -0.0113286 -0.053468, 
          -0.005807 -0.012498 -0.0464941, -0.003581 -0.0118788 -0.0499516, -0.007217 -0.0140078 -0.0399819, 
          -0.006499 -0.0130324 -0.0432556, -0.006186 -0.0163823 -0.032994, -0.006667 -0.0153081 -0.0365478, 
          0.001364 -0.011681 -0.0477397, -0.000205 -0.0115582 -0.0505358, 0.003737 -0.0142068 -0.0398687, 
          0.002531 -0.0127959 -0.0438638, 0.004641 -0.0191642 -0.0316227, 0.00399 -0.0167754 -0.0356317, -0.00289 -0.0184352 -0.0291573, 
          -0.000517 -0.020039 -0.0263471, 0.002314 -0.0191215 -0.0294438, -0.000961 -0.0100774 -0.046941, -0.00597 -0.011152 -0.0401331, 
          -0.003459 -0.0104617 -0.0435687, -0.007973 -0.0130338 -0.0336416, -0.007003 -0.0118544 -0.0369346, 
          -0.003436 -0.017902 -0.0251628, -0.006288 -0.0148548 -0.0298292, 0.002003 -0.00999006 -0.0415161, 
          0.000327 -0.00996722 -0.0442261, 0.00622 -0.0144729 -0.0337595, 0.003717 -0.01161 -0.0376588, 0.006553 -0.017865 -0.0276798, 
          0.005998 -0.016521 -0.0301359, -0.001435 -0.0137149 -0.0262071, -0.001099 -0.00812042 -0.0407055, 
          -0.006855 -0.00922706 -0.0339807, -0.004043 -0.0087717 -0.037292, -0.007556 -0.0121029 -0.0275174, 
          -0.007426 -0.0110404 -0.0307002, 0.002913 -0.00776726 -0.0354878, 0.000392 -0.00811627 -0.0380155, 
          0.006578 -0.0145779 -0.0274794, 0.004648 -0.0110031 -0.0314572, 0.002827 -0.00598869 -0.0259842, 
          -0.003656 -0.00736844 -0.0256621, -0.007321 -0.00980203 -0.0276622, -0.002248 -0.00658735 -0.0343488, 
          -0.005021 -0.00818748 -0.0307355, -0.001086 -0.00636404 -0.0314499, -0.001066 -0.0071914 -0.0959473, 
          -0.005068 -0.00866554 -0.0998911, -0.000482 -0.00489456 -0.103681, -0.000608 -0.00722837 -0.102191, 
          -0.001529 -0.00751746 -0.089742, 0.006201 -0.00731256 -0.0974012, 0.006213 -0.00701825 -0.0907374, 
          -0.005436 -0.00930948 -0.0935336, -0.004185 0.000921661 -0.0983828, -0.000992 -0.00198118 -0.103202, 
          0.001248 -0.00214177 -0.10269, 0.00325 -0.0040585 -0.102348, -0.003068 -0.00685766 -0.0837136, 
          0.002916 -0.00515874 -0.0850669, 0.006835 -0.00444548 -0.0985595, 0.006671 -0.00307059 -0.0924176, 
          0.003593 -0.0029736 -0.0861537, -0.006608 0.00232827 -0.0925999, -0.007056 -0.00742654 -0.0873331, 
          -0.001002 0.00360619 -0.0977149, -0.001057 -6.50768e-005 -0.103076, 0.002769 -0.00298208 -0.103082, 
          0.002784 0.00166359 -0.102234, 0.002794 0.00325632 -0.101318, -0.004677 -0.00605185 -0.0776682, 
          -0.000405 -0.00426005 -0.0791816, 0.001114 -0.00271082 -0.0801489, 0.006855 0.00251558 -0.097226, 
          0.007214 0.00256434 -0.0912451, 0.003258 0.00102457 -0.0859388, -0.000374 0.00150774 -0.0807002, 
          -0.007692 0.00214132 -0.0862537, -0.001352 0.00496418 -0.091451, -0.008184 -0.00609543 -0.0809082, 
          0.00582 0.00647814 -0.0965262, -0.005587 -0.00565892 -0.0714825, -0.002225 -0.00427087 -0.0726686, 
          -0.000532 -0.00145684 -0.0738919, -0.001998 0.00210364 -0.0745527, 0.004959 0.00622226 -0.0901, 
          0.000287 0.00312874 -0.0869795, -0.001979 0.00279494 -0.0804532, -0.003633 0.00329222 -0.0738236, 
          -0.003479 0.00455011 -0.0852567, -0.008526 0.00143844 -0.0798162, -0.009521 -0.00486832 -0.0744921, 
          -0.00587 -0.00523396 -0.0652459, -0.002665 -0.00337955 -0.0659933, -0.001585 -0.00070967 -0.0674015, 
          -0.002713 0.00245687 -0.067978, -0.005006 0.00376423 -0.067532, -0.00622 0.0042318 -0.0793734, 
          -0.008498 0.00310255 -0.0734085, -0.009672 0.00217857 -0.0670948, -0.009738 0.00092748 -0.0734928, 
          -0.010189 -0.0041351 -0.0679377, -0.005821 -0.00474598 -0.0590032, -0.00254 -0.00297318 -0.0592547, 
          -0.002084 -0.000949416 -0.0608023, -0.003419 0.0023751 -0.0614169, -0.005687 0.00401945 -0.0609732, 
          -0.010051 0.00199577 -0.0605746, -0.010727 0.00072555 -0.0671256, -0.01123 0.000752684 -0.0606776, 
          -0.010113 -0.00384879 -0.061265, -0.005911 -0.004648 -0.0527483, -0.002724 -0.00392087 -0.0525819, 
          -0.001859 -0.00126316 -0.054204, -0.003695 0.00230222 -0.0549869, -0.005619 0.00421278 -0.0542834, 
          -0.01007 0.00224394 -0.0540728, -0.011341 0.000802827 -0.0542187, -0.009875 -0.00366749 -0.0546171, 
          -0.006106 -0.00503303 -0.046498, -0.003619 -0.00513567 -0.0460559, -0.001493 -0.000960901 -0.0475973, 
          -0.002809 0.00293231 -0.0485854, -0.00502 0.00461907 -0.0476407, -0.010056 0.00257912 -0.0475761, 
          -0.011408 0.000714969 -0.0477616, -0.009705 -0.00361719 -0.0479571, -0.00613 -0.00577808 -0.0402804, 
          -0.00372 -0.00580414 -0.0391074, -0.000871 -0.000700675 -0.0410345, -0.002211 0.0038134 -0.042192, 
          -0.005172 0.00582818 -0.0412187, -0.010288 0.00317027 -0.0411035, -0.011765 0.000432099 -0.0413194, 
          -0.010169 -0.00353892 -0.0413402, -0.006652 -0.00634113 -0.034068, 0.000113 -0.00657368 -0.0335058, 
          0.001409 -0.00189684 -0.0349575, -0.001209 0.00493938 -0.0359459, -0.006737 0.00707037 -0.0321896, 
          -0.011184 0.00441931 -0.0347805, -0.012618 0.000706192 -0.0349226, -0.011885 -0.00346071 -0.0348033, 
          -0.006341 -0.00570753 -0.0282855, 0.002855 -0.00565291 -0.0275105, 0.001581 -0.00218067 -0.0284703, 
          -0.002103 0.0055666 -0.0293834, -0.008128 0.00743513 -0.0299789, -0.011007 0.00153008 -0.0275232, 
          -0.010502 -0.00121053 -0.027041, -0.012865 -0.0039997 -0.0285068, -0.00732 0.000483036 -0.0275834, 
          -0.002445 0.029876 -0.0816378, -0.005849 0.0295534 -0.0848476, -0.002318 0.0335308 -0.0868637, -0.002319 0.0313523 -0.086333, 
          -0.002569 0.0281246 -0.0770604, 0.003446 0.0303359 -0.0829622, 0.003717 0.028973 -0.0778991, -0.005884 0.0275221 -0.0802389, 
          -0.005245 0.0366903 -0.0813262, -0.002771 0.0356717 -0.0857554, -0.000916 0.0354889 -0.0854773, 0.000772 0.0339707 -0.0857611, 
          -0.003599 0.0271534 -0.0723376, 0.001211 0.0289718 -0.0730911, 0.003864 0.0328658 -0.0831252, 0.00395 0.0324638 -0.0781739, 
          0.001681 0.0309546 -0.0733737, -0.007023 0.036335 -0.076573, -0.006997 0.0274612 -0.0750769, -0.002665 0.0387151 -0.0802389, 
          -0.002855 0.0371332 -0.0851766, 0.00033 0.0349715 -0.0860249, 0.000288 0.0383879 -0.0842196, 0.000304 0.0394108 -0.0831304, 
          -0.004689 0.0262902 -0.067563, -0.001288 0.0281716 -0.0683655, -0.000112 0.0296543 -0.0687416, 0.003803 0.037971 -0.0803713, 
          0.004336 0.0365906 -0.0758912, 0.001339 0.0340095 -0.0721941, -0.001431 0.0330288 -0.0680483, -0.007652 0.0346428 -0.0718366, 
          -0.002726 0.0382661 -0.0751975, -0.007687 0.0269323 -0.0699005, 0.00291 0.0408632 -0.0788176, -0.005193 0.025092 -0.062808, 
          -0.002516 0.0265545 -0.0634402, -0.001232 0.0290873 -0.0636942, -0.002525 0.0319776 -0.0632495, 0.002469 0.039103 -0.0740472, 
          -0.001171 0.0358134 -0.0723575, -0.002758 0.0339283 -0.067492, -0.003855 0.0326844 -0.062358, -0.00421 0.0364008 -0.070603, 
          -0.008063 0.0325315 -0.0671719, -0.008548 0.0263164 -0.06475, -0.005183 0.0239258 -0.0580231, -0.002625 0.0256407 -0.0582074, 
          -0.001849 0.0280883 -0.0586174, -0.002852 0.0306627 -0.0582164, -0.004735 0.0315082 -0.0574881, 
          -0.006211 0.0346683 -0.0662016, -0.007815 0.0322977 -0.0619567, -0.008506 0.0300353 -0.0574299, 
          -0.008793 0.0305862 -0.0625324, -0.008845 0.0253025 -0.0596372, -0.004902 0.0228156 -0.0532282, 
          -0.002261 0.0243508 -0.0530614, -0.001988 0.0263112 -0.053723, -0.003167 0.0290096 -0.0533061, -0.005037 0.0301212 -0.052495, 
          -0.008551 0.0283231 -0.0525826, -0.009343 0.02888 -0.057788, -0.009497 0.0273459 -0.0529408, -0.008522 0.0239316 -0.0545721, 
          -0.004727 0.0213944 -0.0485181, -0.002127 0.0220115 -0.0483005, -0.001534 0.0244951 -0.0488695, 
          -0.003133 0.0274094 -0.0485028, -0.004716 0.0286742 -0.0474398, -0.008311 0.0269631 -0.0476525, 
          -0.009331 0.0258377 -0.0480896, -0.008063 0.0224905 -0.0495569, -0.00463 0.019594 -0.0439306, -0.002574 0.0194782 -0.0436965, 
          -0.000976 0.0231621 -0.0438565, -0.002428 0.0261483 -0.0435898, -0.003967 0.0270672 -0.0424516, -0.008046 0.025671 -0.0427055, 
          -0.009125 0.0242245 -0.0432763, -0.007659 0.0209445 -0.0445637, -0.004386 0.0175266 -0.039462, -0.002664 0.0177495 -0.0383421, 
          -0.00021 0.021815 -0.0388954, -0.001977 0.0249683 -0.0385729, -0.004066 0.0256443 -0.0373564, -0.007988 0.024578 -0.0377036, 
          -0.009155 0.0224533 -0.0385139, -0.007776 0.0194095 -0.0395765, -0.004473 0.0159873 -0.0347487, 0.000509 0.0172312 -0.0348767, 
          0.001181 0.0193146 -0.0344344, -0.000821 0.0232902 -0.0336656, -0.004287 0.0248763 -0.0323088, -0.007947 0.023552 -0.0327138, 
          -0.008883 0.0210562 -0.0336208, -0.008919 0.0178594 -0.0346132, -0.003251 0.014884 -0.0314019, 0.001199 0.0165779 -0.0315112, 
          0.002328 0.0173269 -0.0302778, -0.000751 0.0232805 -0.0295735, -0.003556 0.0238262 -0.028678, -0.008068 0.0226043 -0.028456, 
          -0.009095 0.0197659 -0.0289607, -0.008389 0.0152084 -0.0308781, -0.003686 0.0191419 -0.0302583, 0.005227 0.00285881 -0.140899, 
          0.006076 -0.000123715 -0.140297, 0.008052 0.0015713 -0.146564, 0.008464 0.00298437 -0.146468, 0.002554 0.0022102 -0.135376, 
          0.002305 0.00281296 -0.138194, 0.001291 0.00312868 -0.132271, 0.004749 -0.000567725 -0.134031, 0.00423 -0.00184918 -0.139629, 
          0.006588 -0.00136665 -0.145241, 0.004671 -0.00147903 -0.150734, 0.003974 0.00237935 -0.143981, 0.004417 0.00174229 -0.150343, 
          0.002165 0.00236567 -0.128511, 0.001026 0.00343651 -0.126202, 3.8e-005 0.00135783 -0.138356, -0.001323 0.0012596 -0.132366, 
          -0.002161 0.00198543 -0.126302, 0.003711 -0.00235512 -0.133267, 0.003198 -0.000298611 -0.127608, 
          0.004935 -0.00662485 -0.141716, 0.008188 -0.00610915 -0.147118, 0.004625 -0.00382213 -0.150868, 
          0.002833 0.000445934 -0.150785, 0.001773 0.00186115 -0.144239, 0.000513 -0.000714718 -0.145324, 0.002435 0.00282329 -0.121458, 
          0.00072 0.00384634 -0.120138, -0.002357 0.00276032 -0.120157, -0.000586 -0.00135681 -0.139163, 
          -0.002272 -0.00178607 -0.133205, -0.003471 -0.00180622 -0.127118, -0.00419 -0.00169727 -0.120898, 
          0.002914 -0.00288715 -0.127027, 0.002526 -0.006637 -0.135633, 0.002948 -0.000424354 -0.121006, 0.00243 -0.00650782 -0.139165, 
          0.003419 -0.00625255 -0.145105, 0.004127 -0.00538526 -0.151022, 0.000354 -0.00450124 -0.149748, 0.000685 -0.00426662 -0.14395, 
          -0.000181 -0.00499013 -0.138311, 0.003077 0.00328157 -0.114819, 0.000727 0.00471211 -0.11415, -0.002507 0.00346021 -0.114024, 
          -0.004956 -0.00163634 -0.114703, -0.001486 -0.00566166 -0.132697, -0.002558 -0.00574213 -0.127007, 
          -0.003146 -0.00574255 -0.121243, -0.003757 -0.00578695 -0.11547, 0.002718 -0.00701263 -0.128888, 
          0.002649 -0.00330715 -0.120743, 0.001517 -0.00674309 -0.133225, 0.003599 0.000289895 -0.114414, 0.005 0.0034866 -0.108504, 
          0.001676 0.00549279 -0.108272, -0.00379 0.00452693 -0.108097, -0.0056 -0.0011994 -0.10851, -0.004633 -0.00586739 -0.109747, 
          0.000456 -0.00701033 -0.127252, -0.000329 -0.00735056 -0.121266, 0.000486 -0.00806687 -0.115371, 
          0.000579 -0.00951424 -0.109557, 0.002219 -0.00718735 -0.122258, 0.003192 -0.00343407 -0.114367, 
          0.006206 0.000870591 -0.108517, 0.003718 0.00417378 -0.102002, -0.003095 0.00337666 -0.102153, 
          -0.004956 -0.00207352 -0.102375, -0.004121 -0.00633982 -0.104001, 0.000719 -0.00944652 -0.103625, 
          0.002392 -0.00705396 -0.115488, 0.005187 -0.00792534 -0.109686, 0.005459 -0.00793412 -0.103129, 0.00646 -0.00366003 -0.109299, 
          0.006001 0.0014986 -0.102229, 0.001492 -0.00163664 -0.103784, 0.006097 -0.00368103 -0.103021, 0.010682 -0.00415739 -0.151192, 
          0.008955 0.00127211 -0.150565, 0.003625 0.00461592 -0.150803, 0.000165 -0.000297966 -0.151915, 0.001302 -0.00473945 -0.152525, 
          0.00912 -0.00373357 -0.156443, 0.006876 -0.00706291 -0.151846, 0.00697 -0.00585751 -0.156362, 0.008295 0.00093804 -0.155676, 
          0.004933 0.00467785 -0.155914, 0.0013 0.000258145 -0.156799, 0.002275 -0.00351711 -0.157122, 0.008983 -0.00311381 -0.16177, 
          0.007239 -0.00472328 -0.161102, 0.003791 -0.00359978 -0.161726, 0.007776 0.000457942 -0.160821, 0.005453 0.00381654 -0.161329, 
          0.002459 0.00093028 -0.161653, 0.009811 -0.00302441 -0.167544, 0.007377 -0.00404008 -0.165867, 0.004898 -0.00337156 -0.166472, 
          0.003305 0.000912282 -0.166675, 0.008242 0.000704844 -0.165969, 0.00608 0.00377712 -0.166876, 0.0085 -0.0036198 -0.170541, 
          0.011634 -0.00264432 -0.172449, 0.005654 -0.00241837 -0.171264, 0.00398 0.00113427 -0.171711, 0.007557 0.00352286 -0.172227, 
          0.009639 0.000984933 -0.17088, 0.009519 -0.00314354 -0.175244, 0.006819 -0.00124401 -0.175833, 0.014534 -0.00166144 -0.176374, 
          0.005072 0.00147729 -0.176707, 0.008679 0.00540784 -0.177278, 0.011425 0.00133303 -0.175784, 0.009143 -0.000879299 -0.179961, 
          0.010131 -0.00253034 -0.18001, 0.007484 0.00245206 -0.180766, 0.011513 -0.00260523 -0.179876, 0.00783 0.00268585 -0.181031, 
          0.011151 0.000352453 -0.180273, 0.008988 -0.00291808 -0.180946, 0.010845 0.00180967 -0.177486, 0.008274 0.00592599 -0.177092, 
          0.004515 0.00112553 -0.178924, 0.008932 -0.00152712 -0.183499, 0.004849 0.00252475 -0.182408, 0.010973 0.00277096 -0.180891, 
          0.00851 0.00653587 -0.181011, 0.008673 -0.000615349 -0.186304, 0.006055 0.00288805 -0.185808, 0.008114 0.00529489 -0.184756, 
          0.010341 0.00280921 -0.184347, 0.008763 0.000479675 -0.188785, 0.006532 0.00310812 -0.189489, 0.008279 0.00525176 -0.188686, 
          0.010478 0.00325041 -0.187869, 0.010147 0.000538608 -0.191381, 0.007131 0.00339619 -0.193162, 0.009161 0.0058054 -0.192898, 
          0.010824 0.00311765 -0.19133, 0.011221 0.000794527 -0.193995, 0.00878 0.00331269 -0.196302, 0.010394 0.00558438 -0.196693, 
          0.011956 0.00338906 -0.194581, 0.012144 0.00112742 -0.196635, 0.011078 0.00248681 -0.19866, 0.011391 0.00312031 -0.198035, 
          0.018112 -0.0587306 -0.0584903, 0.014657 -0.057075 -0.0614736, 0.014389 -0.0534029 -0.0588235, 0.016388 -0.0576623 -0.0542961, 
          0.017047 -0.0612992 -0.0629832, 0.014285 -0.0651148 -0.0587032, 0.014633 -0.0663297 -0.0636142, 
          0.015005 -0.0595422 -0.0655026, 0.012319 -0.0561134 -0.0620473, 0.011623 -0.0533405 -0.0583905, 
          0.010695 -0.0574332 -0.0566883, 0.013816 -0.0630471 -0.0541458, 0.01681 -0.0637478 -0.0675613, 0.015542 -0.0681164 -0.0682858, 
          0.01041 -0.065402 -0.0589679, 0.011009 -0.0668348 -0.0638258, 0.01189 -0.0685306 -0.0685715, 0.012874 -0.0591962 -0.0654839, 
          0.01605 -0.0617243 -0.0694619, 0.008602 -0.0546675 -0.0633495, 0.006944 -0.0522573 -0.0594394, 0.009669 -0.0628596 -0.054714, 
          0.004188 -0.061165 -0.0565003, 0.002852 -0.0555025 -0.0595928, 0.017583 -0.0658514 -0.0720506, 0.016635 -0.070051 -0.0728642, 
          0.013147 -0.0702933 -0.0731631, 0.004425 -0.0630104 -0.0607768, 0.00663 -0.0640508 -0.064992, 0.008485 -0.0656431 -0.0691687, 
          0.009942 -0.0675674 -0.0733262, 0.01359 -0.0617962 -0.0692858, 0.009705 -0.0587216 -0.0660793, 0.017148 -0.0638635 -0.0734112, 
          0.004794 -0.056536 -0.063975, 0.019719 -0.0673457 -0.0762424, 0.017566 -0.0716557 -0.077502, 0.015059 -0.0716968 -0.0775759, 
          0.011125 -0.0694917 -0.0774757, 0.006267 -0.0595658 -0.0675316, 0.007848 -0.0630128 -0.0713008, 
          0.009477 -0.0655841 -0.0754538, 0.010694 -0.0656565 -0.0797747, 0.010761 -0.0618886 -0.0698567, 
          0.014348 -0.0639135 -0.0733941, 0.017602 -0.0661487 -0.0774824, 0.021743 -0.068878 -0.0803492, 0.018365 -0.0739715 -0.0822361, 
          0.016586 -0.0738063 -0.0820323, 0.012118 -0.071575 -0.081642, 0.012352 -0.0642763 -0.0844518, 0.011939 -0.0640442 -0.074347, 
          0.013413 -0.0650379 -0.0789672, 0.014565 -0.0643829 -0.0840218, 0.014948 -0.065425 -0.0777929, 0.018507 -0.0670421 -0.0817776, 
          0.021388 -0.0715156 -0.0848301, 0.019666 -0.0719375 -0.0860227, 0.017428 -0.0719467 -0.0863057, 0.012392 -0.070765 -0.0854017, 
          0.012196 -0.0669909 -0.0877727, 0.014898 -0.0677861 -0.086757, 0.016463 -0.0660514 -0.0820814, 0.01638 -0.0688023 -0.0856862, 
          0.019007 -0.0701915 -0.0847601, 0.01693 -0.0700144 -0.0858103, 0.009671 0.0253945 -0.136214, 0.010486 0.0223739 -0.135827, 
          0.012823 0.0245183 -0.141554, 0.013229 0.0259175 -0.141323, 0.00668 0.0243506 -0.131157, 0.006596 0.0251615 -0.133817, 
          0.005237 0.0250419 -0.128194, 0.008794 0.0214735 -0.129958, 0.008604 0.0206122 -0.135442, 0.011286 0.0215 -0.140618, 
          0.009697 0.0218028 -0.145995, 0.008602 0.0251511 -0.139276, 0.009416 0.0249852 -0.145379, 0.005889 0.0239998 -0.124611, 
          0.004617 0.0249006 -0.122389, 0.004345 0.0237341 -0.134231, 0.002635 0.0231986 -0.128601, 0.001443 0.0234772 -0.122801, 
          0.007714 0.0196409 -0.129439, 0.006868 0.0212724 -0.123898, 0.009433 0.0160033 -0.137779, 0.012995 0.0169034 -0.142694, 
          0.009659 0.0194775 -0.146315, 0.007864 0.0237327 -0.146004, 0.006419 0.0246628 -0.139703, 0.005228 0.0221827 -0.141026, 
          0.005746 0.0239322 -0.117818, 0.003954 0.0248612 -0.116583, 0.000886 0.0237939 -0.116881, 0.00377 0.0210913 -0.135259, 
          0.00174 0.0202307 -0.129706, 0.000186 0.0197643 -0.123968, -0.000897 0.019415 -0.11806, 0.006552 0.0186516 -0.123569, 
          0.006672 0.0155528 -0.132117, 0.006231 0.0206594 -0.117615, 0.006784 0.0159441 -0.135487, 0.00812 0.0166317 -0.141081, 
          0.009172 0.0179343 -0.146618, 0.005332 0.0187371 -0.145567, 0.005321 0.0185395 -0.139987, 0.004126 0.0174037 -0.134713, 
          0.005997 0.0238933 -0.111398, 0.003611 0.0252808 -0.11079, 0.000377 0.0240386 -0.110973, -0.002024 0.0190197 -0.112187, 
          0.002496 0.0163249 -0.129485, 0.001092 0.0158282 -0.124122, 0.000167 0.0154035 -0.118653, -0.000782 0.0149349 -0.11318, 
          0.00647 0.0146779 -0.125692, 0.00592 0.0177673 -0.117617, 0.005523 0.0152736 -0.129888, 0.006495 0.0208804 -0.111221, 
          0.007546 0.0236222 -0.105227, 0.004213 0.0256214 -0.105053, -0.001251 0.0246692 -0.105306, -0.00303 0.0190004 -0.106274, 
          -0.00199 0.0144352 -0.107773, 0.004116 0.0145701 -0.124271, 0.002982 0.0137905 -0.118628, 0.003448 0.012636 -0.113003, 
          0.003201 0.0107624 -0.107559, 0.005582 0.0140149 -0.119403, 0.006089 0.0171672 -0.111501, 0.00875 0.0210101 -0.105376, 
          0.005885 0.0238301 -0.099042, -0.000906 0.0230776 -0.0996754, -0.002746 0.01767 -0.100443, -0.001815 0.0135356 -0.102288, 
          0.002995 0.0103909 -0.101877, 0.005358 0.0136461 -0.112913, 0.007807 0.0123346 -0.107266, 0.007695 0.0118386 -0.100983, 
          0.009053 0.0165512 -0.106472, 0.008178 0.0211719 -0.0993309, 0.00377 0.0181823 -0.101353, 0.008323 0.016067 -0.100498, 
          0.016791 0.0166976 -0.173801, 0.018373 0.0218129 -0.170871, 0.015724 0.0258809 -0.170976, 0.012156 0.0208257 -0.172411, 
          0.016857 0.0178026 -0.17638, 0.012663 0.021846 -0.175866, 0.018676 0.0224003 -0.174215, 0.01617 0.0260678 -0.174777, 
          0.016743 0.0183963 -0.179161, 0.01405 0.0218664 -0.179112, 0.016006 0.0244211 -0.178258, 0.018241 0.0220506 -0.177552, 
          0.016954 0.0192154 -0.181637, 0.01473 0.0216966 -0.18264, 0.016392 0.0239551 -0.18201, 0.018568 0.0221099 -0.180958, 
          0.018479 0.0190274 -0.184077, 0.015528 0.0215988 -0.18616, 0.0175 0.0240689 -0.186063, 0.01911 0.0216113 -0.184246, 
          0.019691 0.0190245 -0.186564, 0.01735 0.0212164 -0.1891, 0.018945 0.023468 -0.18963, 0.020417 0.0215538 -0.187344, 
          0.020755 0.0190904 -0.189089, 0.019785 0.0201958 -0.191195, 0.020052 0.0209002 -0.190644, 0.01473 0.018717 -0.14319, 
          0.012983 0.0241741 -0.143079, 0.007668 0.0274625 -0.143743, 0.004247 0.0224599 -0.144519, 0.005403 0.0179878 -0.14471, 
          0.013357 0.0186519 -0.148295, 0.010947 0.0157536 -0.143701, 0.011203 0.0165401 -0.148114, 0.012507 0.0233722 -0.147963, 
          0.009157 0.0270627 -0.148594, 0.005555 0.0225692 -0.149201, 0.006541 0.0187862 -0.149175, 0.01341 0.0187828 -0.153445, 
          0.011643 0.0172364 -0.152731, 0.008221 0.0182868 -0.153526, 0.012171 0.0224213 -0.152861, 0.00987 0.0257106 -0.15369, 
          0.006888 0.0227975 -0.153861, 0.014446 0.0183454 -0.158948, 0.011953 0.0174817 -0.157339, 0.009499 0.0180832 -0.158049, 
          0.007914 0.0223237 -0.158637, 0.012824 0.0221974 -0.157791, 0.010697 0.0251654 -0.158973, 0.013242 0.0174752 -0.161807, 
          0.016444 0.0182817 -0.163616, 0.010425 0.0185975 -0.162686, 0.008771 0.0220869 -0.163452, 0.012364 0.0244264 -0.164025, 
          0.014395 0.0220306 -0.162467, 0.014431 0.0175216 -0.166312, 0.011753 0.0193509 -0.167113, 0.019482 0.0189097 -0.167357, 
          0.01004 0.0219741 -0.168224, 0.013667 0.0258445 -0.168973, 0.016355 0.0219339 -0.167131, 0.014224 0.0193438 -0.171019, 
          0.015212 0.0176969 -0.170904, 0.012598 0.022582 -0.172109, 0.016588 0.0176401 -0.170726, 0.012953 0.0227908 -0.17237, 
          0.016242 0.0205476 -0.171355, -3.7e-005 0.0110241 -0.0940258, -0.004081 0.00997602 -0.097938, 0.000405 0.0142135 -0.101114, 
          0.000326 0.0117224 -0.0999834, -0.000401 0.00996781 -0.088149, 0.007207 0.011156 -0.0954799, 0.007318 0.0106681 -0.0890925, 
          -0.004345 0.00858878 -0.0919569, -0.003278 0.0193211 -0.0953114, -0.000128 0.0170421 -0.100291, 0.002119 0.0168485 -0.0998385, 
          0.004146 0.0149306 -0.0997659, -0.001853 0.00989846 -0.0823109, 0.004089 0.0118106 -0.0834324, 0.007792 0.0141434 -0.0962323, 
          0.007707 0.0147862 -0.0902048, 0.004727 0.014114 -0.0841993, -0.005627 0.0200117 -0.089605, -0.00589 0.00971168 -0.0858008, 
          -0.000114 0.0219429 -0.0943625, -0.000212 0.0189274 -0.0999301, 0.003644 0.0160781 -0.100328, 0.003621 0.0205872 -0.0989404, 
          0.003628 0.0220601 -0.0978666, -0.003377 0.00997314 -0.076436, 0.00085 0.0119781 -0.0776866, 0.002337 0.0136446 -0.0784249, 
          0.007759 0.0208931 -0.0940917, 0.008208 0.0202456 -0.0883871, 0.004351 0.0180525 -0.0834934, 0.000796 0.0178756 -0.0784133, 
          -0.00661 0.0190725 -0.0835722, -0.000384 0.0225518 -0.08822, -0.006932 0.0102697 -0.0795032, 0.006692 0.024732 -0.0929217, 
          -0.004197 0.00962788 -0.0704847, -0.00087 0.0111821 -0.0714679, 0.000773 0.0141364 -0.0722943, -0.000739 0.0177283 -0.0724681, 
          0.005932 0.0237139 -0.0868229, 0.001343 0.020228 -0.0842001, -0.000817 0.0191059 -0.0780042, -0.002375 0.018805 -0.071613, 
          -0.00241 0.0213924 -0.0823541, -0.007337 0.0176113 -0.077519, -0.008184 0.0107197 -0.0732256, -0.004388 0.00931766 -0.0644854, 
          -0.001216 0.0112813 -0.064991, -0.000187 0.0141054 -0.0660072, -0.001356 0.0173023 -0.0661518, -0.003655 0.0185208 -0.0655478, 
          -0.005056 0.0203559 -0.0767662, -0.007229 0.0185133 -0.0712038, -0.008298 0.016843 -0.0652944, -0.008448 0.016349 -0.071546, 
          -0.008759 0.0106737 -0.0668815, -0.004249 0.00907044 -0.0584762, -0.000993 0.0108964 -0.0585177, 
          -0.000582 0.0130904 -0.0597434, -0.001963 0.0164443 -0.0599051, -0.00424 0.0179998 -0.0592594, -0.008574 0.0158939 -0.0591007, 
          -0.009336 0.0153929 -0.0654963, -0.009741 0.0146597 -0.0593457, -0.008585 0.0101758 -0.0604861, 
          -0.004244 0.0084342 -0.0525027, -0.001064 0.00917338 -0.0522753, -0.000253 0.0120094 -0.0534966, 
          -0.002137 0.0156162 -0.0537845, -0.00407 0.0174089 -0.0528589, -0.008496 0.0153809 -0.0528723, -0.009754 0.0139517 -0.0531811, 
          -0.008245 0.0095809 -0.0541306, -0.00434 0.0073189 -0.0465908, -0.001845 0.00719321 -0.0462027, 0.00021 0.0115404 -0.0471642, 
          -0.001162 0.0155031 -0.0476104, -0.003376 0.017041 -0.0464826, -0.008386 0.0149519 -0.0466389, -0.00972 0.0131095 -0.0470395, 
          -0.007974 0.00885396 -0.0477791, -0.00426 0.00585355 -0.0407577, -0.001833 0.00571642 -0.0396616, 
          0.00093 0.0110385 -0.0408818, -0.000474 0.015636 -0.0414125, -0.005468 0.0164959 -0.0402781, -0.008526 0.0147778 -0.0403958, 
          -0.009976 0.0120684 -0.0409306, -0.008338 0.00815099 -0.0414575, -0.004739 0.00592438 -0.0346887, 
          0.002597 0.00471761 -0.0344018, 0.003315 0.00916593 -0.0352573, 0.001975 0.0148319 -0.0352948, -0.005877 0.0160339 -0.0340378, 
          -0.009338 0.0152668 -0.0342062, -0.010732 0.0115833 -0.0347942, -0.009485 0.007865 -0.0351623, 
          -0.004489 0.00615097 -0.0301849, 0.003977 0.00452635 -0.0297016, 0.003594 0.00756757 -0.029433, 0.000461 0.0153738 -0.0291863, 
          -0.004158 0.0159633 -0.0298017, -0.009917 0.0132643 -0.0284576, -0.010319 0.01102 -0.0288698, -0.008543 0.00758414 -0.029962, 
          -0.003739 0.0088576 -0.0268831, 0.013449 -0.0735902 -0.0894524, 0.010885 -0.0725372 -0.0918453, 0.013218 -0.0741557 -0.093804, 
          0.015077 -0.0743017 -0.0925189, 0.017981 -0.0748996 -0.0873344, 0.012318 -0.0718747 -0.0862028, 
          0.010243 -0.0708802 -0.0880846, 0.012267 -0.0696603 -0.0919816, 0.013341 -0.0712663 -0.0932983, 0.015195 -0.076235 -0.0978783, 
          0.015747 -0.0743428 -0.0989368, 0.01762 -0.0756859 -0.0915788, 0.016962 -0.0777501 -0.0967341, 0.017414 -0.0726646 -0.0836072, 
          0.020415 -0.0766434 -0.090842, 0.020736 -0.0762036 -0.0873774, 0.014028 -0.0694284 -0.0871767, 0.011218 -0.0691139 -0.088998, 
          0.016556 -0.0675433 -0.0907962, 0.016504 -0.0693958 -0.0926128, 0.017973 -0.0731686 -0.0987338, 0.016205 -0.0780125 -0.101101, 
          0.018076 -0.0786443 -0.10082, 0.016592 -0.0761816 -0.102492, 0.018699 -0.0757142 -0.10319, 0.020444 -0.0777785 -0.0960711, 
          0.022148 -0.0791219 -0.100369, 0.020107 -0.0733124 -0.0833156, 0.01813 -0.0698793 -0.0857394, 0.0214 -0.0737428 -0.0914173, 
          0.021572 -0.0728616 -0.088618, 0.015587 -0.0667284 -0.0883969, 0.019225 -0.0687137 -0.0899573, 0.019374 -0.0704874 -0.0920929, 
          0.020101 -0.0673606 -0.0874354, 0.020015 -0.0737302 -0.0981233, 0.020805 -0.0759216 -0.102462, 0.017094 -0.0786523 -0.107071, 
          0.019779 -0.0801633 -0.103347, 0.018586 -0.0772439 -0.106549, 0.022672 -0.0800683 -0.104588, 0.021283 -0.0779005 -0.106032, 
          0.021001 -0.0753771 -0.096789, 0.021985 -0.0769935 -0.101114, 0.021802 -0.071283 -0.0853713, 0.023093 -0.0788913 -0.105878, 
          0.019134 -0.0795465 -0.108572, 0.021156 -0.0789453 -0.108387, 0.022275 -0.0801948 -0.108928]
        }
        creaseAngle 0.610865
        normal Normal { vector [
          # normals 1640
          0.17922 -0.097408 0.978975, 0.622705 -0.025553 0.782039, 0.853612 0.110264 0.509106, 0.372361 0.398545 0.838158, 
          -0.69469 0.225697 0.682983, -0.821172 -0.291951 0.490349, -0.074335 -0.710148 0.700118, 0.592808 -0.543451 0.594339, 
          0.94489 0.012781 0.327138, 0.954551 0.089047 0.284434, 0.956697 0.019833 0.290409, 0.953485 0.171093 0.248181, 
          -0.641483 0.480562 0.597963, 0.504039 0.844443 0.181276, -0.902091 0.239272 0.359139, -0.967229 0.220657 -0.125609, 
          -0.993833 0.076592 -0.080182, -0.666683 -0.744575 -0.033796, 0.286417 -0.957273 -0.039927, 0.994253 -0.082259 0.068513, 
          0.938066 -0.31735 -0.138999, 0.980387 -0.048513 0.191017, 0.878619 0.199862 0.433686, 0.983131 0.136154 0.122126, 
          -0.687807 0.725255 0.030435, -0.918494 0.08896 0.385298, 0.78461 0.412774 -0.462606, -0.951848 0.21606 0.217492, 
          -0.914283 0.388075 -0.116119, -0.887225 0.288428 -0.360057, -0.907722 0.384487 -0.167962, -0.889762 0.188257 -0.415791, 
          -0.331893 -0.488306 -0.807096, 0.621171 -0.400621 -0.673535, 0.999159 -0.040547 0.00607, 0.939553 -0.223115 -0.259732, 
          0.992381 -0.12234 -0.014565, 0.965264 -0.244179 -0.092966, 0.974073 -0.043722 0.221971, 0.943002 -0.211053 -0.257301, 
          -0.971866 0.227695 -0.060267, -0.523203 0.350505 -0.776792, -0.977895 0.075331 0.195054, 0.671725 -0.205963 -0.711593, 
          -0.891931 0.397971 -0.214659, -0.748027 0.529681 -0.399867, -0.799756 0.391503 -0.455099, -0.327057 0.142716 -0.934166, 
          0.659068 -0.139525 -0.739028, 0.949053 -0.165215 -0.268333, -0.920778 0.219154 -0.322707, -0.97237 0.142916 -0.184584, 
          -0.376783 0.13415 -0.916536, -0.913077 0.133383 -0.385356, -0.853085 0.41909 -0.31082, -0.939933 0.255109 -0.226814, 
          -0.744683 -0.417926 -0.52037, -0.336565 -0.917493 -0.211968, -0.522786 -0.850115 0.063243, -0.93494 -0.209361 -0.286452, 
          -0.531549 -0.189611 -0.825532, -0.868917 -0.014985 -0.49473, 0.058525 -0.327819 -0.942926, 0.302021 -0.952153 0.046775, 
          0.249768 -0.823002 0.51018, -0.798514 -0.380159 0.466749, 0.194007 -0.489953 0.849887, -0.975548 -0.054698 -0.212872, 
          -0.294866 0.367299 -0.882126, -0.654486 0.358113 -0.665885, -0.934949 0.157394 -0.317957, -0.943698 0.16074 -0.28913, 
          -0.976515 0.011959 -0.215119, 0.627717 -0.343347 -0.698631, 0.236235 0.369033 -0.898892, 0.332164 -0.942727 -0.030548, 
          0.119314 -0.522348 0.844344, 0.56299 -0.199476 0.80203, -0.794408 0.077186 0.60246, 0.047938 0.06618 0.996656, 
          0.485059 0.014008 0.874369, -0.330398 0.55341 -0.764574, -0.711429 0.61985 -0.331141, -0.800895 0.28573 0.526238, 
          0.41027 0.300063 -0.861186, 0.588737 -0.424203 -0.688071, 0.490775 -0.871256 -0.007314, 0.237067 -0.259105 0.936303, 
          0.067069 0.0517 0.996408, 0.216107 0.098411 0.971397, 0.208632 0.39103 0.89642, 0.612318 0.141172 0.777906, 
          0.335281 0.179145 0.924929, 0.228314 0.709923 -0.666245, 0.642225 0.738726 0.204524, 0.482279 0.402752 -0.777944, 
          0.588927 -0.305338 -0.748287, 0.699712 -0.462427 0.544576, 0.865857 -0.420974 -0.270321, 0.770716 -0.633336 0.069873, 
          0.606676 -0.772484 0.18765, 0.354529 -0.596307 0.720227, 0.118905 -0.384764 0.915324, 0.167685 -0.219264 0.961148, 
          0.761151 0.621806 0.184407, 0.452265 0.597845 0.661844, 0.340868 0.154683 0.927298, 0.453813 0.593892 -0.664339, 
          0.530142 0.475094 -0.702307, 0.979677 0.121976 -0.159231, 0.896401 -0.286149 0.338502, 0.363155 0.930356 -0.05055, 
          0.521314 0.513831 0.681329, 0.750774 0.591984 0.293076, 0.316139 -0.651947 -0.689218, 0.298793 -0.774541 -0.557502, 
          0.272832 -0.52959 -0.803179, 0.221933 -0.381047 -0.897524, 0.264364 -0.86244 -0.431636, 0.699084 -0.327982 -0.635382, 
          0.215297 -0.857637 -0.467018, 0.050278 -0.882167 -0.468246, -0.004247 -0.637336 -0.770574, 0.002384 -0.143363 -0.989667, 
          0.098744 0.009279 -0.99507, 0.179538 -0.231876 -0.956033, 0.381921 -0.775465 -0.502783, 0.550916 0.147954 -0.821341, 
          0.936894 0.034749 -0.347882, 0.9588 -0.185569 -0.215099, 0.866847 -0.491218 -0.08533, -0.109733 -0.981016 -0.159892, 
          0.33463 -0.896154 -0.291429, -0.782748 -0.470625 0.407207, -0.940557 0.092249 -0.326869, -0.788778 0.554499 -0.265255, 
          -0.026188 0.505273 -0.862562, 0.040032 0.770068 -0.636704, -0.562875 0.781711 -0.268515, 0.762863 0.637971 -0.105042, 
          0.968648 0.026566 0.247013, 0.858823 -0.463438 0.218286, 0.614424 -0.645876 0.45313, 0.050079 -0.247647 0.967555, 
          -0.500727 0.312119 0.807375, -0.71393 0.537057 0.449303, -0.632447 0.71115 0.307043, -0.735957 0.651285 0.184921, 
          0.575101 0.800502 0.168687, -0.324078 0.930462 0.170923, -0.749135 0.629894 0.205013, 0.797359 0.443456 0.409348, 
          0.816441 -0.251649 0.519709, 0.147637 -0.224111 0.963316, -0.161778 0.32273 0.932563, -0.520263 0.551404 0.652135, 
          -0.005681 0.664527 0.747243, -0.638235 0.475724 0.605262, 0.205404 0.136835 0.969064, -0.227845 0.094733 0.969078, 
          -0.426438 0.063732 0.902269, 0.885588 -0.347159 -0.308567, 0.521878 -0.146017 -0.84043, 0.814935 0.330942 -0.475771, 
          0.954789 -0.273635 -0.1162, 0.922374 -0.286963 -0.258608, 0.958082 -0.284483 0.033875, 0.607593 -0.465288 -0.64369, 
          -0.387391 0.344315 -0.855205, -0.273067 0.782424 -0.559684, 0.873723 0.477245 0.094049, -0.189538 0.981765 0.014611, 
          0.951545 -0.304587 -0.042287, 0.954991 -0.295315 0.027935, 0.89215 -0.363223 0.268584, 0.917609 -0.358432 0.171816, 
          0.885286 -0.323439 0.33415, -0.617686 -0.340794 -0.708748, 0.524624 -0.851236 -0.012963, -0.883107 0.406598 -0.234095, 
          -0.732906 0.67321 -0.098169, -0.700519 0.712514 -0.039961, 0.862891 -0.020245 0.504985, -0.306406 0.829111 0.467644, 
          -0.771031 0.630972 0.08594, 0.447311 -0.826677 0.341347, 0.462523 -0.428277 0.776306, -0.70055 -0.707151 -0.095751, 
          -0.926353 0.287649 -0.243162, -0.843644 0.525287 0.11108, -0.394115 0.117446 0.911526, -0.826174 0.45773 0.328511, 
          -0.64181 -0.467686 0.607741, -0.962922 0.267569 0.034457, -0.858101 0.375896 0.349806, -0.10542 -0.517771 -0.848999, 
          -0.716706 -0.648203 -0.257227, -0.819378 0.01292 -0.573107, 0.076144 -0.270247 -0.959775, 0.061979 -0.542195 -0.837964, 
          0.435623 -0.15568 -0.886564, -0.045823 -0.954247 0.295488, -0.564625 -0.308886 0.765368, -0.772783 -0.103843 0.626117, 
          -0.381446 0.547751 -0.744626, -0.738423 0.478079 0.475575, 0.129337 0.245695 -0.96068, 0.657715 -0.675986 -0.332347, 
          0.167193 0.410569 -0.89637, 0.564635 0.436494 -0.700471, 0.909348 -0.200288 -0.364652, -0.312505 -0.470419 0.825256, 
          0.489916 -0.711346 0.503953, -0.207253 -0.030304 0.977818, 0.293263 0.789303 -0.539443, -0.243556 0.915372 0.320584, 
          0.694698 0.713198 0.093505, 0.824793 -0.051128 0.563119, 0.115444 -0.334485 0.935303, 0.364277 -0.13548 0.921383, 
          0.369929 0.477143 0.797174, 0.853313 -0.475056 0.214891, 0.593047 -0.802069 0.070574, 0.56256 -0.75137 -0.34492, 
          0.967079 -0.170192 -0.189191, 0.852147 -0.235206 0.467465, 0.982378 -0.106529 0.153574, 0.906535 -0.211732 0.365189, 
          0.443499 -0.332225 0.832427, -0.424731 -0.898774 -0.10867, -0.170511 -0.776547 -0.606549, 0.249588 -0.538511 -0.804806, 
          -0.220834 -0.379844 -0.898304, 0.999637 0.011377 -0.024434, 0.945475 -0.068265 -0.318461, 0.733692 0.259055 0.628161, 
          0.935488 0.034356 0.351685, 0.993504 0.027102 0.110527, -0.800471 -0.288547 0.525344, 0.089693 0.570723 0.816229, 
          -0.808247 -0.379006 -0.450656, -0.726896 -0.323139 -0.605973, -0.572102 -0.233739 -0.786171, 0.065869 0.399363 -0.914423, 
          -0.521734 0.486322 -0.700917, -0.450568 0.435079 -0.779548, 0.998796 -0.026367 -0.041369, 0.903191 0.261112 -0.340687, 
          0.699665 0.653149 0.289596, 0.914081 0.260327 0.310942, 0.979098 0.201362 -0.02863, 0.905925 0.405467 0.12205, 
          -0.761101 0.53473 0.367136, -0.925167 -0.235007 -0.298056, 0.222446 0.916559 0.33232, -0.811359 -0.066956 -0.580701, 
          0.228368 0.875636 -0.42557, -0.496508 0.669741 -0.552201, -0.534159 0.551945 -0.640336, 0.788407 0.600295 -0.134388, 
          -0.868565 0.263201 -0.419904, -0.511802 0.84375 -0.161691, -0.685497 0.476904 -0.550142, -0.305478 -0.810302 -0.500094, 
          -0.921613 -0.386684 -0.033233, -0.967362 -0.236171 -0.091837, -0.122977 -0.617034 -0.777268, 0.547249 -0.341132 -0.764295, 
          -0.486052 -0.505641 -0.712798, 0.783331 -0.426909 -0.45182, -0.939641 -0.303527 -0.157946, -0.987508 -0.157467 0.005596, 
          -0.918394 0.123346 -0.375949, 0.782042 -0.267659 -0.562822, -0.232555 0.517611 -0.823406, 0.941106 -0.241037 -0.237107, 
          0.442859 -0.381634 -0.811315, 0.990827 -0.124278 0.053073, -0.599454 -0.622073 -0.503667, 0.996729 -0.077134 0.0241, 
          -0.932244 -0.344242 -0.111439, -0.968895 0.237248 -0.070391, -0.997009 0.045685 0.062332, -0.948344 -0.206345 0.240968, 
          -0.862226 -0.341728 0.373883, -0.893023 -0.368176 0.258759, 0.85778 0.444119 -0.258787, 0.932547 -0.216202 -0.28916, 
          -0.523289 0.815702 0.246574, 0.940331 -0.117185 -0.319445, 0.936141 0.245248 0.251977, 0.529898 -0.821074 -0.21224, 
          0.911767 0.111433 0.395301, -0.437385 -0.881776 0.176537, 0.986113 -0.084589 0.142918, -0.620863 0.525987 0.581263, 
          -0.410473 0.347912 0.842893, -0.411377 -0.191669 0.891085, 0.985335 -0.026707 -0.168527, 0.688927 0.592222 0.417914, 
          0.99899 -0.024263 0.037827, 0.535042 0.495206 0.684472, 0.772402 -0.191961 0.60543, 0.578978 0.452031 0.678567, 
          -0.02465 0.080913 -0.996416, 0.551224 -0.06131 -0.832102, 0.199843 -0.523132 -0.82849, 0.195148 -0.365945 -0.909946, 
          -0.123008 0.252361 -0.959783, 0.324744 0.192646 -0.925975, 0.060638 0.284357 -0.956799, 0.620143 0.051756 -0.78278, 
          0.987971 -0.056099 -0.144104, 0.889698 -0.35393 -0.288393, -0.014739 -0.976889 0.21324, 0.547623 -0.836412 -0.022895, 
          0.082812 0.049385 -0.995341, -0.515143 -0.816313 -0.261267, -0.271046 0.554516 -0.786795, -0.13427 0.827556 -0.545089, 
          -0.189492 0.305159 -0.933258, 0.833649 -0.359539 -0.419239, 0.581716 0.146538 -0.800083, 0.953692 -0.216793 -0.208499, 
          0.455076 -0.480636 0.749597, -0.077636 -0.545561 0.834467, 0.087088 -0.247924 -0.964857, -0.778151 0.063699 0.624838, 
          -0.649648 -0.632922 -0.421149, -0.378962 0.901289 -0.20992, -0.398221 0.755084 -0.520834, -0.435669 -0.303433 -0.84742, 
          -0.866851 0.060487 -0.494884, 0.885799 -0.288839 -0.363226, 0.703151 0.596112 0.387593, 0.957203 -0.071797 0.280371, 
          0.7617 -0.222399 0.608566, 0.435672 0.032929 0.899503, 0.70336 0.422479 -0.571661, 0.933971 0.357326 0.004023, 
          0.984 0.084307 0.156961, 0.487146 -0.318043 -0.81335, 0.758695 0.223253 -0.611997, -0.399848 -0.146177 -0.90485, 
          -0.128675 -0.036613 -0.991011, 0.974948 0.196938 -0.103403, 0.926898 0.296837 0.229667, 0.993715 -0.028969 0.10813, 
          0.665454 -0.745747 0.032135, -0.35022 -0.14885 -0.924765, -0.282873 -0.583342 -0.761377, 0.710429 0.020458 -0.703472, 
          0.0724 -0.079126 -0.994232, -0.781586 -0.229079 -0.580212, -0.814953 -0.216979 -0.537375, -0.787256 -0.171709 -0.592236, 
          0.961637 0.194889 0.193061, 0.981761 0.127483 -0.141044, 0.636051 0.214372 0.741271, 0.910219 -0.135168 0.391447, 
          0.570281 -0.810999 -0.130612, -0.45082 -0.872218 -0.189729, -0.721443 -0.224283 -0.655146, -0.943159 -0.292042 -0.158626, 
          0.739825 -0.08776 -0.667051, 0.020124 -0.13276 -0.990944, -0.737843 -0.145994 -0.658995, -0.962181 -0.272394 -0.003068, 
          -0.963395 -0.265971 0.033612, -0.982084 -0.186721 0.025419, -0.989385 -0.144444 0.015919, 0.996686 0.075055 0.031367, 
          0.644576 0.091597 0.759034, 0.993885 -0.01906 -0.10876, -0.239492 -0.097807 0.965959, -0.196906 -0.093702 0.975934, 
          0.098325 -0.824526 0.557215, -0.715301 -0.397731 0.574591, -0.833318 -0.184044 0.521258, -0.746924 -0.229935 0.623886, 
          0.761709 -0.200912 -0.615982, 0.012083 -0.200656 -0.979587, -0.728439 -0.215891 -0.650206, -0.988185 -0.151999 -0.019658, 
          -0.680782 -0.230113 0.695403, -0.710633 -0.149084 0.687586, -0.736617 -0.094665 0.669652, -0.733825 -0.150414 0.662478, 
          0.727833 0.012613 0.685638, 0.999878 -0.001548 0.015569, -0.135785 -0.090728 0.986575, 0.959818 -0.245407 -0.136104, 
          0.752897 -0.173253 -0.634924, 0.101292 -0.01907 -0.994674, -0.73994 -0.043977 -0.671234, -0.998378 -0.055879 0.010907, 
          -0.773955 -0.057375 0.630636, -0.111252 -0.064778 0.991679, -0.060432 -0.06147 0.996278, 0.042373 -0.197067 0.979474, 
          -0.036814 -0.092129 0.995066, 0.726494 0.003347 0.687165, 0.955412 -0.295057 -0.011369, 0.909231 -0.225889 -0.349675, 
          0.431208 0.600027 -0.673815, -0.362272 0.764514 -0.533177, -0.735038 0.675818 0.054664, -0.643386 0.589043 0.488961, 
          -0.232682 0.5966 0.768067, 0.768437 -0.300424 0.565022, 0.793422 -0.189414 0.57845, 0.477848 0.638752 0.60304, 
          0.96863 -0.247582 -0.021434, 0.73978 0.645737 -0.189075, -0.044917 0.99261 0.112731, 0.773159 0.626751 0.096996, 
          0.57435 0.748881 0.330605, 0.827847 0.037231 -0.559718, 0.102398 0.670306 -0.734986, -0.837942 0.523496 -0.154291, 
          -0.686307 0.451108 0.570512, 0.035641 0.108401 0.993468, 0.942151 -0.28275 0.18001, 0.255102 -0.241089 0.936376, 
          0.780647 -0.182614 -0.597698, -0.125894 -0.168788 -0.977579, -0.979428 -0.141739 -0.143635, -0.680382 -0.20383 0.703941, 
          0.967224 -0.120327 0.223606, 0.323634 -0.160161 0.932529, -0.634565 -0.139292 0.760214, 0.815966 -0.102809 -0.568885, 
          -0.036965 -0.094919 -0.994799, -0.980705 -0.122911 -0.152024, 0.939625 0.101285 0.326873, 0.226125 -0.087463 0.970164, 
          -0.565514 -0.12509 0.815197, -0.985357 -0.113947 -0.126836, 0.822603 0.109783 -0.557917, -0.070059 -0.027557 -0.997162, 
          0.881851 0.248161 0.400942, 0.066797 -0.087458 0.993926, -0.5324 -0.201925 0.822056, -0.991654 -0.038728 -0.122973, 
          -0.029105 0.148686 -0.988456, 0.733421 0.25546 -0.629947, 0.902711 0.13379 0.408916, -0.108582 -0.128594 0.985735, 
          -0.543153 -0.322308 0.775308, -0.952807 -0.302741 0.0225, -0.114956 -0.200346 -0.972958, 0.731694 -0.081367 -0.67676, 
          0.650941 -0.753846 0.0893912, -0.195257 -0.540174 0.818588, -0.511011 -0.679882 0.525955, -0.759492 -0.580332 0.293916, 
          -0.469538 -0.827215 -0.308625, 0.379224 -0.900109 -0.214458, -0.146713 0.466218 0.87242, 0.962616 0.269011 0.031692, 
          0.237684 0.828912 -0.50637, -0.919129 0.393772 -0.012023, 0.293179 -0.330475 0.897125, -0.966115 -0.218851 0.13684, 
          0.962396 -0.135206 -0.235611, -0.12978 -0.198505 -0.971469, 0.268312 -0.282009 0.92113, -0.981226 -0.147183 0.124633, 
          -0.174159 -0.268217 -0.947485, 0.943693 -0.223715 -0.243713, 0.282545 -0.074442 0.956361, -0.977361 -0.141961 0.156886, 
          -0.198964 -0.090736 -0.975797, 0.940946 0.058569 -0.333451, 0.400095 0.077299 0.913208, -0.9116 -0.303198 0.277589, 
          -0.160519 -0.031669 -0.986525, 0.896725 0.189837 -0.399808, 0.485884 0.124391 0.865126, -0.736557 -0.555661 0.385648, 
          -0.296914 -0.619469 -0.726705, 0.894749 0.052858 -0.443431, 0.930223 -0.311428 0.19416, -0.266317 -0.788863 0.553868, 
          0.409096 -0.781633 -0.47084, 0.74468 0.496944 -0.445532, 0.92745 0.350445 0.130482, 0.966064 0.073678 0.247571, 
          0.573604 -0.164518 -0.802442, 0.800616 0.317781 -0.507966, -0.324574 -0.002866 -0.945856, -0.047768 0.118265 -0.991832, 
          0.975892 0.218162 0.006278, 0.90213 0.259582 0.344642, 0.982948 -0.022394 0.182513, 0.700779 -0.713 -0.02322, 
          -0.273241 -0.001083 -0.961945, -0.200619 -0.44984 -0.870285, 0.762515 0.143091 -0.630948, 0.151963 0.082929 -0.984901, 
          -0.72999 -0.137939 -0.669393, -0.766362 -0.133859 -0.628308, -0.734621 -0.083067 -0.673373, 0.939384 0.170275 0.297597, 
          0.986292 0.160153 -0.039733, 0.57454 0.098768 0.812496, 0.885247 -0.1681 0.433681, 0.621041 -0.7571 -0.202752, 
          -0.412738 -0.838208 -0.356446, -0.664386 -0.12096 -0.737536, -0.923905 -0.265545 -0.275472, 0.792523 0.038931 -0.608598, 
          0.101534 0.032139 -0.994313, -0.680366 -0.04794 -0.731303, -0.954904 -0.27133 -0.120576, -0.958929 -0.271024 -0.083677, 
          -0.976987 -0.196783 -0.082293, -0.983905 -0.156461 -0.08632, 0.988571 0.085708 0.124022, 0.581256 -0.018832 0.813503, 
          0.999412 0.020989 -0.027119, -0.312258 -0.244443 0.91801, -0.270484 -0.24125 0.932007, 0.082429 -0.892774 0.4429, 
          -0.748883 -0.489414 0.446819, -0.867434 -0.268412 0.418943, -0.788994 -0.324325 0.521826, 0.815961 -0.072697 -0.573518, 
          0.094469 -0.032266 -0.995005, -0.670991 -0.113624 -0.732708, -0.979836 -0.15798 -0.12233, -0.728917 -0.33428 0.597442, 
          -0.758668 -0.258749 0.597889, -0.783999 -0.206474 0.585418, -0.779736 -0.256609 0.571108, 0.671264 -0.078535 0.737046, 
          0.995028 0.01785 0.097987, -0.210409 -0.238932 0.947966, 0.978664 -0.184906 -0.089589, 0.807644 -0.04563 -0.587902, 
          0.179625 0.138579 -0.973925, -0.683446 0.047158 -0.728477, -0.993988 -0.074779 -0.079973, -0.819095 -0.167013 0.548808, 
          -0.186716 -0.215263 0.95854, -0.136346 -0.211877 0.967739, -0.028364 -0.332348 0.94273, -0.112205 -0.239424 0.96441, 
          0.670075 -0.087506 0.737117, 0.967274 -0.252387 0.026102, 0.943786 -0.136508 -0.301054, 0.466516 0.702823 -0.537031, 
          -0.34278 0.827298 -0.445062, -0.760637 0.641377 0.100333, -0.697899 0.489895 0.522436, -0.314533 0.466415 0.826757, 
          0.736089 -0.350303 0.579189, 0.752592 -0.247752 0.610102, 0.405543 0.549997 0.730095, 0.978022 -0.207082 0.024286, 
          0.729899 0.683193 -0.022246, -0.085803 0.961018 0.262834, 0.741273 0.620375 0.256222, 0.458403 0.806313 0.373799, 
          0.874998 0.118196 -0.469476, 0.11037 0.674235 -0.730223, -0.850549 0.465035 -0.245579, -0.774361 0.414469 0.478101, 
          0.93881 -0.194137 0.28451, -0.085191 0.138571 0.986682, 0.173228 -0.197355 0.964906, 0.85303 -0.117478 -0.508467, 
          -0.008995 -0.166933 -0.985927, -0.950581 -0.194594 -0.241929, -0.736071 -0.226973 0.637717, 0.944235 -0.044984 0.326184, 
          0.234036 -0.119461 0.964861, -0.700206 -0.164419 0.694751, 0.877512 -0.042727 -0.477648, 0.074976 -0.093615 -0.992781, 
          -0.951691 -0.177397 -0.250627, 0.893183 0.155888 0.421809, 0.127535 -0.059817 0.990029, -0.638162 -0.146208 0.755892, 
          -0.958858 -0.169176 -0.227969, 0.867568 0.151228 -0.473767, 0.036392 -0.035033 -0.998723, -0.032743 -0.070302 0.996988, 
          0.825122 0.292834 0.483137, -0.600094 -0.214486 0.770638, -0.969255 -0.100655 -0.22453, 0.064269 0.127822 -0.989713, 
          0.778718 0.280799 -0.561026, -0.202557 -0.119108 0.972, -0.5989 -0.327822 0.730652, 0.853892 0.182718 0.487322, 
          -0.936613 -0.343491 -0.069066, 0.012307 -0.199395 -0.979842, 0.802416 -0.032992 -0.595853, -0.514036 -0.692579 0.506065, 
          -0.232232 -0.54101 0.808317, -0.75883 -0.603216 0.245576, 0.705841 -0.685123 0.179986, -0.379075 -0.859599 -0.342625, 
          0.487317 -0.861243 -0.144163, -0.30396 0.458927 0.834862, 0.952572 0.224211 0.205758, 0.309589 0.832985 -0.458574, 
          -0.889877 0.432697 -0.14454, 0.13173 -0.320261 0.938126, -0.987045 -0.158217 -0.026638, 0.983262 -0.166669 -0.073605, 
          0.03896 -0.166607 -0.985253, 0.10522 -0.274788 0.95573, -0.994969 -0.089431 -0.045147, -0.011853 -0.228543 -0.973462, 
          0.965773 -0.245634 -0.083346, 0.118151 -0.083493 0.989479, -0.996371 -0.084371 -0.011213, -0.031697 -0.064815 -0.997394, 
          0.986238 0.013873 -0.164746, 0.248783 0.049753 0.967281, -0.963103 -0.243597 0.114422, 0.006272 -0.015111 -0.999866, 
          0.960144 0.136599 -0.243851, 0.347349 0.088548 0.933546, -0.821161 -0.514449 0.247055, -0.19283 -0.576943 -0.793696, 
          0.957813 0.011809 -0.28715, 0.881158 -0.32111 0.347059, -0.370637 -0.773385 0.514299, 0.479803 -0.768233 -0.423801, 
          -0.937175 -0.060944 -0.343495, -0.868052 0.487338 -0.094805, -0.505479 0.398126 -0.765498, -0.699102 -0.193317 -0.688393, 
          -0.94661 -0.312823 0.077916, -0.561683 -0.781652 -0.271167, -0.777455 0.441881 0.447555, -0.278387 0.87057 -0.405721, 
          -0.116837 0.605291 -0.787383, -0.405734 -0.336716 -0.849707, -0.241792 -0.88943 -0.387879, -0.524727 -0.788455 -0.320936, 
          -0.914124 -0.405297 -0.010561, -0.827647 0.139772 0.543567, -0.209254 -0.846787 -0.489045, -0.212962 0.891694 0.39941, 
          -0.330056 0.546865 0.769416, 0.491544 0.816334 -0.303287, 0.336092 0.710809 -0.617893, 0.33394 0.03376 -0.94199, 
          0.121437 -0.868464 -0.480648, 0.583231 -0.736277 -0.343129, -0.47833 -0.663891 -0.574847, -0.890078 -0.379685 -0.252192, 
          -0.846192 0.225079 0.48301, -0.059996 -0.719522 -0.691874, 0.55251 -0.587447 -0.591303, 0.535195 0.656234 0.531905, 
          0.328849 0.602501 0.727221, -0.315898 0.570018 0.758477, 0.857505 0.484486 -0.173084, 0.896616 0.132601 -0.42249, 
          0.729057 -0.615767 -0.298842, 0.950688 0.258959 0.170685, 0.880718 0.30932 0.358687, 0.995473 -0.018739 0.093182, 
          -0.394522 -0.608725 -0.688336, -0.057147 -0.664626 -0.744987, -0.771858 -0.458049 -0.440937, -0.921599 0.173254 0.34733, 
          0.597892 -0.493932 -0.631314, 0.946095 0.304692 0.109854, 0.280224 0.671489 0.685987, -0.3428 0.607638 0.716425, 
          0.197083 0.707178 0.679012, -0.107127 -0.521771 -0.846333, -0.547533 -0.507269 -0.665497, 0.47289 -0.308016 -0.825531, 
          -0.962617 -0.213047 -0.167271, -0.844347 0.365996 0.391313, 0.89307 0.449288 -0.023784, 0.166716 0.772266 0.613035, 
          -0.34776 0.690563 0.634181, -0.280687 -0.548895 -0.787355, -0.801844 -0.477486 -0.35924, 0.332015 -0.384756 -0.861237, 
          -0.034406 -0.626044 -0.779028, 0.727271 0.042471 -0.685035, 0.90685 0.310227 -0.285277, -0.973325 -0.193059 0.123965, 
          -0.790877 0.4731 0.388188, 0.747676 0.627421 0.217539, 0.061347 0.848418 0.52576, -0.345577 0.733859 0.584832, 
          0.308473 -0.710213 -0.632805, -0.328321 -0.938208 0.109409, -0.577699 -0.601595 0.551676, 0.425322 -0.808552 -0.406626, 
          0.3258 -0.833378 -0.44647, 0.562226 -0.763266 -0.318318, 0.962485 -0.144941 0.229379, 0.899666 0.076552 0.429814, 
          -0.735623 0.149469 0.660694, 0.378748 0.53904 0.75232, -0.282156 0.497262 0.820438, 0.054765 0.370876 0.927066, 
          0.272326 -0.888081 0.370338, -0.011979 -0.410141 0.911944, 0.530605 -0.717305 0.451588, 0.391242 -0.296818 0.871108, 
          0.23808 0.050824 0.969915, -0.363022 -0.430194 0.826528, 0.008161 -0.208327 0.978025, 0.59496 -0.253181 0.762838, 
          0.314673 -0.209323 0.925832, 0.22885 -0.453873 0.861178, 0.490482 0.053356 0.869816, 0.280415 0.195907 0.939674, 
          0.107805 0.114534 0.987553, -0.781283 -0.543186 -0.307483, -0.762616 -0.645647 0.039471, -0.201039 -0.886164 0.417489, 
          -0.514404 0.055309 0.855762, -0.97564 -0.200631 0.088734, 0.930265 -0.355494 0.090728, 0.703327 -0.637743 0.314031, 
          0.385088 -0.703602 0.597203, 0.752043 0.338144 0.565765, 0.997761 0.020956 0.063514, 0.024956 -0.990353 0.136301, 
          0.166899 0.332276 0.928298, 0.2454 0.30963 0.918645, 0.288314 0.389592 0.874696, -0.518962 -0.446283 -0.729047, 
          -0.770065 -0.542101 -0.336344, -0.549764 -0.834903 -0.026378, -0.873253 -0.297212 -0.386128, -0.544822 -0.380726 -0.747139, 
          -0.641221 0.118287 0.758185, -0.972026 -0.16607 0.16609, 0.902645 -0.354466 -0.244103, 0.380557 -0.896062 -0.228581, 
          0.388977 -0.881007 0.269302, 0.97235 0.229854 -0.041258, 0.998827 -0.033036 -0.035415, 0.739399 0.516241 0.432186, 
          0.886178 0.433264 -0.164228, -0.055245 -0.849316 -0.524986, -0.479939 -0.793539 -0.374105, 0.022347 0.271759 0.962106, 
          0.251291 0.262693 0.931582, 0.462218 0.37603 0.803092, 0.270443 -0.473572 -0.838206, -0.449115 -0.515505 -0.729761, 
          -0.387051 -0.194661 -0.901276, -0.356583 -0.21399 -0.909427, -0.912576 -0.15447 -0.378608, -0.530923 -0.165459 -0.83111, 
          -0.684988 0.077447 0.724426, -0.984098 -0.116039 0.134484, 0.655544 -0.692925 -0.300196, 0.918513 0.278292 -0.280868, 
          0.886541 -0.02945 -0.461711, 0.900746 0.42067 -0.108139, 0.868763 0.492685 -0.050134, 0.708708 0.368251 0.601767, 
          0.882682 0.446792 0.145771, -0.089672 0.213115 0.972903, 0.191739 0.202594 0.960308, 0.493138 0.21037 0.844132, 
          0.293044 0.328228 -0.897993, -0.173725 -0.018794 -0.984615, 0.0244 0.328654 -0.944135, -0.955548 -0.156988 -0.249567, 
          -0.680582 -0.188407 -0.708033, -0.72664 0.055478 0.684775, -0.979668 -0.165784 0.112984, 0.698757 0.467799 -0.541205, 
          0.463033 0.677534 -0.571444, 0.944228 0.326538 -0.042494, 0.852844 0.405425 -0.329071, 0.747756 0.230801 0.622569, 
          0.872142 0.304368 0.383052, -0.183085 0.187259 0.965098, 0.205046 0.189955 0.960142, 0.540589 0.204317 0.816099, 
          0.351111 0.394057 -0.849376, -0.323399 -0.089315 -0.942038, 0.320673 0.088663 -0.943031, -0.973586 -0.155721 -0.166974, 
          -0.850445 -0.195704 -0.488306, -0.707018 0.100268 0.700052, -0.985195 -0.090454 0.145634, 0.726605 0.192061 -0.659665, 
          0.491826 0.159524 -0.855955, 0.980879 0.175597 -0.0839221, 0.877101 0.112894 -0.46685, 0.814395 0.140044 0.563159, 
          0.942191 0.170264 0.288594, -0.174985 0.180857 0.967818, 0.19857 0.148572 0.96876, 0.56578 0.141606 0.812306, 
          0.396166 0.03907 -0.917347, -0.564319 -0.106504 -0.818658, 0.075409 -0.019539 -0.996961, -0.980872 -0.096045 -0.16931, 
          -0.881228 -0.134416 -0.453178, -0.645689 0.133662 0.751812, -0.967965 0.019211 0.250348, 0.728335 0.007289 -0.685183, 
          0.556433 -0.01656 -0.830728, 0.990822 0.077101 -0.111029, 0.890475 0.023303 -0.454436, 0.826996 0.04149 0.560675, 
          0.978648 0.037912 0.202017, -0.150013 0.144439 0.978077, 0.076604 0.084995 0.993432, 0.431762 0.04782 0.900719, 
          0.218875 -0.094217 -0.971194, -0.64979 -0.103634 -0.753016, -0.264811 -0.112376 -0.95773, -0.985133 -0.037463 -0.167661, 
          -0.819074 -0.098043 -0.565248, -0.622709 0.124396 0.772502, -0.934318 0.073326 0.348818, 0.710774 -0.027791 -0.702871, 
          0.475784 -0.078519 -0.876051, 0.988035 -0.009942 -0.15391, 0.892536 0.02383 -0.450346, 0.733466 0.007735 0.679682, 
          0.977414 -0.022755 0.210103, -0.211731 0.095219 0.972678, -0.082573 0.035113 0.995966, 0.193127 0.000804 0.981173, 
          0.036982 -0.134666 -0.990201, -0.652083 -0.106783 -0.75059, -0.451282 -0.133866 -0.882284, -0.993234 -0.005104 -0.116017, 
          -0.791541 -0.081773 -0.60562, -0.645523 0.078159 0.759731, -0.90857 0.072428 0.411405, 0.731594 -0.040999 -0.680507, 
          0.477292 -0.066959 -0.87619, 0.989935 -0.070172 -0.122904, 0.869115 -0.058913 -0.491089, 0.60397 0.009249 0.796954, 
          0.951436 0.031527 0.306227, -0.334134 0.055224 0.940906, -0.152738 0.019565 0.988073, 0.0905391 0.010786 0.995835, 
          0.021971 -0.136717 -0.990367, -0.659437 -0.108901 -0.74383, -0.489583 -0.124435 -0.863032, -0.998978 -0.019544 -0.040762, 
          -0.831162 -0.066716 -0.552014, -0.69022 0.041237 0.722423, -0.894698 0.005505 0.446637, 0.747337 -0.152675 -0.646667, 
          0.58181 -0.104271 -0.806613, 0.995888 -0.090356 0.006552, 0.888186 -0.182877 -0.421523, 0.531876 -0.117338 0.838654, 
          0.909933 -0.01524 0.414476, -0.476623 0.05883 0.877137, -0.237264 0.00169 0.971444, 0.076389 -0.000672 0.997078, 
          0.069675 -0.174815 -0.982133, -0.688169 -0.137691 -0.712365, -0.46663 -0.130902 -0.874712, -0.996208 -0.07852 0.037481, 
          -0.888415 -0.089637 -0.450205, -0.730581 0.072245 0.678994, -0.885423 -0.027332 0.463981, 0.742279 -0.238189 -0.626329, 
          0.551164 -0.239655 -0.799239, 0.966547 -0.239392 0.092081, 0.926608 -0.172173 -0.334295, 0.547152 -0.158088 0.821969, 
          0.774788 -0.387131 0.499833, -0.559535 0.017899 0.828613, -0.024083 0.448572 0.893422, 0.174813 0.032633 0.984061, 
          0.020288 -0.247206 -0.968751, -0.74684 -0.22016 -0.627502, -0.493777 -0.230876 -0.83838, -0.99405 -0.009052 0.108548, 
          -0.927308 -0.195633 -0.319103, -0.615984 0.554678 0.559371, -0.855826 0.172144 0.487779, 0.716955 -0.281392 -0.637804, 
          0.463618 -0.26535 -0.845369, 0.972265 -0.233884 0.00012, 0.899456 -0.303017 -0.314897, 0.699507 0.41782 0.579756, 
          0.955981 -0.199188 0.215463, 0.034662 0.999394 0.003114, -0.056818 -0.287898 -0.955974, -0.791406 -0.144202 -0.594039, 
          -0.510697 -0.304663 -0.803971, -0.867245 0.492431 0.073473, -0.978998 -0.009389 -0.203654, 0.615215 -0.233623 -0.752948, 
          0.291243 -0.270063 -0.917738, 0.926537 0.360468 -0.107669, 0.905198 -0.055552 -0.421343, 0.536677 0.470727 -0.700281, 
          -0.425829 0.469953 -0.773184, -0.807418 0.420229 -0.414105, -0.220473 -0.154949 -0.963007, -0.525552 0.013771 -0.85065, 
          -0.036221 -0.053752 -0.997897, -0.018063 -0.064346 0.997764, -0.342832 -0.552482 0.759756, -0.031167 -0.931986 0.361151, 
          0.105094 -0.727492 0.67802, 0.267568 0.0990871 0.958431, 0.656363 -0.257044 0.709306, 0.667465 0.30005 0.681514, 
          -0.621714 -0.076431 0.779506, -0.836687 -0.45427 -0.305931, -0.418165 -0.901947 -0.107843, 0.041518 -0.998951 0.019323, 
          0.319627 -0.838123 0.442027, 0.214273 0.221662 0.95129, 0.634691 0.435128 0.638617, 0.911717 -0.399784 0.094576, 
          0.960264 0.267155 0.080754, 0.889097 0.452354 -0.069872, -0.840346 -0.283984 -0.461706, -0.716152 0.002622 0.69794, 
          -0.422096 -0.376291 -0.824767, -0.302335 -0.855107 -0.421172, 0.267217 -0.950392 0.159216, 0.417394 -0.858137 -0.298971, 
          -0.116872 -0.773821 -0.622529, 0.19062 0.143591 0.971105, 0.630654 0.301563 0.715077, 0.937822 0.347105 -0.002929, 
          0.927527 -0.270102 -0.258339, 0.905293 0.366076 -0.215482, 0.760639 0.498894 -0.415371, 0.793316 0.296361 -0.531808, 
          -0.861118 -0.115231 -0.495174, -0.346151 -0.096171 -0.933237, -0.75144 -0.031306 0.659058, 0.343285 -0.405577 -0.84715, 
          0.13901 0.102213 0.985002, 0.702716 0.163882 0.692339, 0.977709 0.203551 0.051505, 0.77388 0.106461 -0.62432, 
          0.569425 0.429483 -0.700927, 0.500647 0.537072 -0.678901, 0.425316 0.18794 -0.885316, 0.264869 0.031884 -0.963757, 
          -0.214807 0.164284 -0.96274, -0.907846 -0.162423 -0.386567, -0.790174 -0.049532 0.610877, 0.123188 0.071274 0.989821, 
          0.772243 0.076878 0.630659, 0.993054 0.117539 0.005258, 0.767195 0.069553 -0.637632, 0.098446 -0.020696 -0.994927, 
          -0.250513 0.024919 -0.967793, -0.44596 -0.009117 -0.895007, -0.537298 -0.025411 -0.84301, -0.951294 -0.154785 -0.266612, 
          -0.773632 -0.008708 0.633575, 0.077466 0.017698 0.996838, 0.786272 -0.013804 0.617726, 0.997249 0.022695 -0.070561, 
          0.804442 0.054791 -0.5915, 0.080827 -0.013585 -0.996636, -0.574544 -0.029264 -0.81795, -0.971222 -0.082476 -0.223439, 
          -0.97402 -0.028846 -0.224619, -0.719953 0.014251 0.693877, -0.043902 -0.036778 0.998359, 0.687093 -0.048308 0.724961, 
          0.996882 -0.060846 -0.050237, 0.797586 -0.060171 -0.600196, 0.155921 -0.036365 -0.9871, -0.606092 -0.02664 -0.794949, 
          -0.980078 -0.008791 -0.198418, -0.704473 0.00688 0.709698, -0.154228 -0.075349 0.985158, 0.540765 -0.070831 0.838186, 
          0.995522 -0.06381 0.069737, 0.777292 -0.143799 -0.612486, 0.114671 -0.134612 -0.984241, -0.636032 -0.049825 -0.770052, 
          -0.989237 -0.036293 -0.14175, -0.724673 -0.031366 0.688379, -0.199097 -0.113702 0.973361, 0.468962 -0.265853 0.842257, 
          0.971831 -0.194698 0.132806, 0.765788 -0.149201 -0.625546, 0.060112 -0.177211 -0.982335, -0.694833 -0.161405 -0.700825, 
          -0.985824 -0.120136 -0.117124, -0.74017 -0.109866 0.663384, -0.258027 0.013071 0.966049, 0.583783 -0.25765 0.769944, 
          0.97492 -0.221643 0.020124, 0.706828 -0.097838 -0.700587, -0.140285 -0.117509 -0.983113, -0.819599 -0.010358 -0.572844, 
          -0.971581 0.005549 -0.236641, -0.75975 -0.119147 0.639206, -0.233507 0.546744 0.80408, 0.367433 0.693353 0.619883, 
          0.880049 0.405616 -0.246962, 0.608287 0.518826 -0.600672, 0.008526 0.465174 -0.885178, -0.738576 0.53731 -0.407189, 
          -0.704965 0.707778 -0.045556, -0.600625 0.593121 0.53615, 0.114402 0.991795 -0.057052, 0.001578 -0.367406 0.930059, 
          -0.341635 -0.754781 0.559992, -0.065631 -0.996367 0.054273, 0.081164 -0.909044 0.408719, 0.293536 -0.205719 0.93355, 
          0.658219 -0.493244 0.568734, 0.693253 0.060142 0.71818, -0.606787 -0.28791 0.740889, -0.858317 -0.319129 -0.401807, 
          -0.45386 -0.814253 -0.361945, -0.004993 -0.957673 -0.287816, 0.28228 -0.949164 0.139307, 0.245205 -0.079521 0.966204, 
          0.66345 0.20795 0.718743, 0.887985 -0.454525 -0.06993, 0.971891 0.199037 0.12575, 0.901849 0.429795 0.0441, 
          -0.861069 -0.105145 -0.497498, -0.699726 -0.180676 0.691187, -0.454806 -0.102548 -0.884667, -0.347487 -0.680489 -0.645126, 
          0.218995 -0.963709 -0.152665, 0.359151 -0.749527 -0.556076, -0.166378 -0.553084 -0.816343, 0.2188 -0.161879 0.962248, 
          0.657645 0.053774 0.751406, 0.949696 0.304812 0.071881, 0.904396 -0.22248 -0.364103, 0.914304 0.385856 -0.123142, 
          0.767142 0.584829 -0.263568, 0.792148 0.421712 -0.441204, -0.876387 0.072787 -0.476075, -0.371093 0.20396 -0.905919, 
          -0.737273 -0.200919 0.645027, 0.299646 -0.151702 -0.941912, 0.165755 -0.205004 0.964624, 0.724621 -0.07811 0.684707, 
          0.98638 0.145228 0.077229, 0.763575 0.263781 -0.589383, 0.567954 0.607219 -0.555619, 0.50338 0.708818 -0.494151, 
          0.413051 0.438341 -0.798277, 0.244454 0.314681 -0.91718, -0.231789 0.460433 -0.856899, -0.922578 -0.005158 -0.385776, 
          -0.777804 -0.202592 0.594959, 0.148672 -0.2364 0.960214, 0.78922 -0.148274 0.595942, 0.997267 0.073677 0.005558, 
          0.754987 0.231682 -0.613447, 0.074746 0.278919 -0.957401, -0.271233 0.330377 -0.904037, -0.466506 0.282322 -0.838252, 
          -0.556888 0.254313 -0.790696, -0.962977 -0.03242 -0.267628, -0.75858 -0.169895 0.629041, 0.100793 -0.289879 0.951741, 
          0.798561 -0.234721 0.554262, 0.995251 0.002619 -0.097309, 0.792514 0.201356 -0.575654, 0.057302 0.287312 -0.956122, 
          -0.593514 0.244438 -0.766806, -0.97884 0.026664 -0.202884, -0.979055 0.080437 -0.187035, -0.702306 -0.167811 0.691813, 
          -0.022851 -0.339336 0.940388, 0.700274 -0.297525 0.648919, 0.990371 -0.069285 -0.119857, 0.786729 0.118728 -0.605773, 
          0.147764 0.277529 -0.949286, -0.624395 0.2414 -0.742871, -0.98351 0.092542 -0.155384, -0.686842 -0.18045 0.70405, 
          -0.086845 -0.357147 0.930002, 0.543823 -0.316962 0.77704, 0.993974 -0.094753 -0.055113, 0.741188 0.097866 -0.664126, 
          0.177579 0.242579 -0.953741, -0.635458 0.225158 -0.738578, -0.992775 0.048402 -0.1098, -0.709503 -0.210985 0.672377, 
          -0.037431 -0.389958 0.920071, 0.565043 -0.472768 0.676178, 0.982433 -0.186585 -0.003337, 0.686412 0.088833 -0.721767, 
          0.090427 0.206098 -0.974344, -0.658319 0.185003 -0.729651, -0.990938 0.014987 -0.133478, -0.721541 -0.266111 0.63919, 
          -0.079213 -0.307047 0.948392, 0.603743 -0.436791 0.666864, 0.947488 -0.301568 -0.106407, 0.675068 0.048578 -0.736155, 
          0.068317 0.205227 -0.976327, -0.703405 0.127815 -0.699203, -0.984909 0.06728 -0.159459, -0.765883 -0.245651 0.594204, 
          0.006608 0.251438 0.967851, 0.316674 0.190664 0.929174, 0.815819 0.354998 0.456526, 0.675566 0.584264 -0.449718, 
          0.240515 0.715599 -0.655798, -0.378623 0.773568 -0.50817, -0.797636 0.602895 0.017147, -0.660685 0.490376 0.568354, 
          0.088373 0.937803 0.335732, 0.774199 0.38149 -0.505056, 0.948256 0.305647 0.085966, 0.969255 0.053709 0.240124, 
          0.57094 -0.291741 -0.767408, 0.816527 0.19872 -0.542027, -0.326357 -0.107685 -0.939093, -0.042025 -0.011224 -0.999054, 
          0.986865 0.160493 -0.018414, 0.917544 0.247813 0.31097, 0.981084 -0.046887 0.187817, 0.671772 -0.736768 0.07678, 
          -0.275198 -0.110655 -0.954998, -0.222911 -0.544394 -0.808669, 0.767643 0.018055 -0.640624, 0.154024 -0.054414 -0.986568, 
          -0.738977 -0.181232 -0.648897, -0.774682 -0.170058 -0.609055, -0.739962 -0.129008 -0.660161, 0.948455 0.154076 0.276936, 
          0.993522 0.098871 -0.056025, 0.583121 0.170846 0.794218, 0.878723 -0.150264 0.453064, 0.589788 -0.801797 -0.096291, 
          -0.459288 -0.854301 -0.243362, -0.672604 -0.1771 -0.718498, -0.939321 -0.243135 -0.241994, 0.792586 -0.07957 -0.604547, 
          0.101114 -0.101482 -0.989686, -0.683722 -0.105712 -0.722045, -0.969963 -0.226963 -0.087519, -0.973795 -0.221634 -0.051012, 
          -0.986909 -0.149692 -0.060022, -0.991324 -0.111633 -0.069388, 0.991999 0.048784 0.116439, 0.582135 0.057876 0.81103, 
          0.999167 -0.032501 -0.024685, -0.322425 -0.099775 0.941322, -0.280809 -0.096986 0.954851, 0.038403 -0.824491 0.56457, 
          -0.774204 -0.382312 0.504426, -0.880071 -0.159549 0.447235, -0.805017 -0.203101 0.557403, 0.811411 -0.182814 -0.55515, 
          0.090672 -0.162665 -0.982506, -0.678381 -0.168984 -0.715013, -0.987481 -0.117789 -0.104917, -0.745459 -0.205912 0.633949, 
          -0.770531 -0.13236 0.623508, -0.792701 -0.083139 0.603915, -0.791234 -0.132813 0.596916, 0.667752 -0.013486 0.744262, 
          0.994808 -0.019231 0.099936, -0.220437 -0.095663 0.970699, 0.969927 -0.236192 -0.058776, 0.804505 -0.158827 -0.572316, 
          0.184743 -0.001524 -0.982786, -0.681457 -0.014849 -0.731708, -0.996692 -0.032632 -0.07443, -0.825627 -0.048522 0.562125, 
          -0.196112 -0.072965 0.977863, -0.145634 -0.071105 0.98678, -0.043644 -0.194367 0.979958, -0.122659 -0.098918 0.987507, 
          0.665933 -0.021792 0.745694, 0.95594 -0.286251 0.065115, 0.936876 -0.216227 -0.274791, 0.502917 0.598467 -0.623628, 
          -0.299836 0.774824 -0.556549, -0.727514 0.68598 0.012438, -0.670579 0.588806 0.451255, -0.290196 0.58845 0.754661, 
          0.720914 -0.2972 0.626063, 0.74068 -0.195179 0.642882, 0.433162 0.622588 0.651733, 0.968044 -0.244161 0.057242, 
          0.763532 0.636814 -0.107176, -0.035862 0.990311 0.134155, 0.772016 0.610821 0.175752, 0.419676 0.808787 0.411991, 
          0.871046 0.180012 -0.457029, 0.082197 0.712991 -0.696339, -0.863813 0.449328 -0.227887, -0.791871 0.36807 0.487304, 
          0.944211 -0.170108 0.282008, -0.098615 0.093996 0.990676, 0.175635 -0.233037 0.956476, 0.86011 -0.058769 -0.506712, 
          0.001355 -0.110856 -0.993836, -0.944341 -0.206507 -0.256076, -0.731648 -0.275092 0.623712, 0.943519 -0.028726 0.330071, 
          0.233317 -0.156231 0.959768, -0.697793 -0.216503 0.682797, 0.881164 0.012178 -0.472654, 0.082628 -0.037013 -0.995893, 
          -0.945736 -0.189358 -0.264059, 0.887014 0.158233 0.433785, 0.124679 -0.103674 0.986766, -0.636461 -0.200108 0.744899, 
          -0.952955 -0.18298 -0.241652, 0.864495 0.198288 -0.461877, 0.041463 0.018115 -0.998976, -0.035101 -0.119337 0.992233, 
          0.81716 0.287446 0.499624, -0.596191 -0.265355 0.757722, -0.964975 -0.117292 -0.23466, 0.064013 0.175075 -0.982472, 
          0.77252 0.325739 -0.545075, -0.203145 -0.170622 0.964168, -0.591583 -0.373059 0.714742, 0.849338 0.179581 0.496362, 
          -0.928639 -0.360221 -0.088716, 0.027095 -0.143459 -0.989285, 0.805851 0.023433 -0.591654, -0.492759 -0.72541 0.480593, 
          -0.214041 -0.584445 0.782694, -0.745698 -0.627902 0.222875, 0.733407 -0.661184 0.157957, -0.35149 -0.854075 -0.38342, 
          0.526973 -0.831971 -0.173559, -0.343816 0.341531 0.874727, 0.928488 0.301615 0.216654, 0.19378 0.901718 -0.386463, 
          -0.933089 0.348368 -0.089351, 0.185634 -0.383239 0.904803, -0.967342 -0.251877 -0.028427, 0.993658 -0.051662 -0.09987, 
          0.038713 -0.060376 -0.997425, 0.154802 -0.344105 0.926082, -0.982017 -0.184031 -0.042143, -0.005795 -0.126313 -0.991974, 
          0.985026 -0.128019 -0.115478, 0.148399 -0.161252 0.975692, -0.983188 -0.182451 -0.007337, -0.044758 0.031109 -0.998513, 
          0.976202 0.131391 -0.172529, 0.265326 -0.017164 0.964006, -0.93249 -0.346464 0.102102, -0.014309 0.081754 -0.99655, 
          0.936127 0.254259 -0.242939, 0.36025 0.033763 0.932245, -0.760486 -0.615407 0.207209, -0.150085 -0.509975 -0.846995, 
          0.945062 0.13843 -0.296132, 0.918893 -0.247856 0.306926, -0.271701 -0.850084 0.45115, 0.556739 -0.661563 -0.50237, 
          0.998562 -0.041427 -0.034041, 0.52248 -0.543831 -0.656705, 0.432396 0.159541 -0.887457, 0.570239 0.804155 -0.167816, 
          0.989703 -0.114919 -0.085338, 0.503899 0.345797 0.791524, 0.541207 0.285362 0.790989, 0.592916 -0.383695 -0.707975, 
          0.369204 -0.506931 -0.778915, 0.224939 -0.001505 -0.974372, -0.177196 0.905009 -0.38673, 0.092833 0.877415 0.470664, 
          0.99433 0.083823 -0.065439, 0.5548 0.373619 0.743375, -0.243718 0.313578 0.917753, -0.265693 0.227371 0.936862, 
          -0.30815 0.266372 0.913285, 0.189049 -0.599967 -0.777368, 0.593365 -0.286124 -0.752364, 0.031169 -0.639142 -0.768457, 
          -0.039839 0.121697 -0.991767, -0.323869 0.817385 0.476435, -0.825408 0.549827 0.128031, -0.754755 0.18206 -0.630237, 
          0.962298 0.271995 -0.00097, 0.561635 0.388342 0.730587, -0.291749 0.254622 0.921982, -0.806344 0.003709 0.591435, 
          -0.767412 -0.104132 0.632641, -0.798651 -0.035469 0.600749, -0.817968 -0.029436 0.57451, 0.040182 -0.522357 -0.85178, 
          0.099015 -0.681466 -0.725121, 0.479909 -0.280879 -0.831141, -0.728574 -0.564534 -0.38792, 0.947002 0.309223 -0.086993, 
          0.45308 0.453349 0.767589, -0.226353 0.296226 0.927909, -0.819725 -0.046933 0.570831, -0.615787 -0.674661 -0.406987, 
          -0.747921 -0.559939 -0.356486, -0.861489 -0.363977 -0.354059, -0.845135 -0.143869 -0.514829, 0.046198 -0.542356 -0.838878, 
          0.082657 -0.40243 -0.911712, 0.377315 -0.237634 -0.895077, 0.979861 0.150258 -0.131509, 0.437426 0.092447 0.89449, 
          -0.238939 0.01186 0.970962, -0.846815 0.013496 0.531716, -0.659899 -0.48882 -0.570604, -0.042571 -0.375725 -0.925753, 
          0.04599 -0.041881 -0.998064, 0.397269 -0.22044 -0.890833, 0.279737 -0.143715 -0.949259, 0.451346 -0.334392 -0.827326, 
          0.500277 -0.633463 -0.590294, 0.493202 -0.65658 0.570661, -0.090443 -0.828481 0.552666, -0.480164 -0.67199 0.563801, 
          -0.448359 -0.893832 0.006288, 0.503825 -0.737316 -0.450029, 0.534469 -0.238228 -0.81092, 0.656193 -0.589026 -0.471656, 
          0.433378 -0.663641 -0.609725, 0.311023 -0.915303 -0.255902, 0.742719 0.478437 -0.468472, 0.923357 0.366145 0.115543, 
          0.963793 0.096704 0.248499, 0.580425 -0.203339 -0.788518, 0.800607 0.29653 -0.520671, -0.318491 -0.058732 -0.946105, 
          -0.042387 0.062323 -0.997156, 0.973742 0.227655 -0.000683, 0.897575 0.287129 0.334538, 0.981989 -0.002808 0.188917, 
          0.707467 -0.706438 0.020856, -0.26745 -0.057572 -0.96185, -0.191158 -0.499769 -0.844801, 0.764857 0.114975 -0.633856, 
          0.157297 0.029289 -0.987117, -0.724628 -0.182242 -0.664606, -0.761221 -0.176118 -0.624119, -0.729688 -0.127591 -0.67177, 
          0.935897 0.195773 0.292866, 0.984965 0.167285 -0.043116, 0.568614 0.149601 0.808886, 0.884166 -0.13515 0.447197, 
          0.629356 -0.761186 -0.156544, -0.402629 -0.860841 -0.311195, -0.658787 -0.168478 -0.733222, -0.91967 -0.28952 -0.265302, 
          0.795754 0.0125 -0.605491, 0.107045 -0.02249 -0.994, -0.675414 -0.0952758 -0.731259, -0.951595 -0.28681 -0.11049, 
          -0.955851 -0.284472 -0.073647, -0.974595 -0.210484 -0.076557, -0.981845 -0.170626 -0.082866, 0.986976 0.102024 0.124373, 
          0.576719 0.032359 0.816301, 0.999318 0.029073 -0.022766, -0.315185 -0.195718 0.92863, -0.273765 -0.191387 0.942562, 
          0.0885081 -0.865767 0.492559, -0.746901 -0.470879 0.46948, -0.867356 -0.253001 0.428584, -0.789068 -0.302276 0.53479, 
          0.820073 -0.096895 -0.563997, 0.100588 -0.087001 -0.991117, -0.665393 -0.160845 -0.728959, -0.977562 -0.173936 -0.118822, 
          -0.729457 -0.307272 0.611127, -0.75985 -0.232224 0.607207, -0.785543 -0.181095 0.591716, -0.780728 -0.231813 0.580282, 
          0.667525 -0.03084 0.743948, 0.994223 0.032921 0.10216, -0.213626 -0.187527 0.958748, 0.980873 -0.180206 -0.073581, 
          0.81169 -0.070568 -0.57981, 0.184091 0.085626 -0.979172, -0.679432 -0.000266 -0.733738, -0.992751 -0.088617 -0.08119, 
          -0.820826 -0.143816 0.552776, -0.190656 -0.163108 0.968011, -0.140362 -0.158776 0.977286, -0.031035 -0.279377 0.95968, 
          -0.115863 -0.186119 0.975672, 0.666282 -0.039633 0.744646, 0.969417 -0.241162 0.045508, 0.946865 -0.144004 -0.287593, 
          0.463171 0.676349 -0.572735, -0.34772 0.797834 -0.492495, -0.767135 0.63866 0.060148, -0.705507 0.511637 0.490395, 
          -0.32386 0.508868 0.797602, 0.735708 -0.310297 0.602038, 0.751015 -0.205949 0.627345, 0.395768 0.593785 0.700562, 
          0.979724 -0.196075 0.041183, 0.723585 0.687921 -0.056485, -0.096354 0.973322 0.208231, 0.733841 0.640851 0.22536, 
          -0.337889 0.416987 0.843773, 0.912219 0.376295 0.162045, 0.153003 0.864832 -0.47818, -0.952907 0.283075 -0.108798, 
          0.220579 -0.281243 0.933942, -0.949266 -0.313967 0.017851, 0.993304 -0.008575 -0.115209, 0.023739 -0.172598 -0.984706, 
          0.187877 -0.240251 0.952356, -0.968808 -0.247813 -0.000887, -0.016016 -0.241746 -0.970207, 0.988264 -0.089569 -0.123742, 
          0.171428 -0.049012 0.983977, -0.969576 -0.242545 0.033069, -0.062625 -0.083776 -0.994515, 0.963463 0.168617 -0.208103, 
          0.27818 0.103049 0.954985, -0.906033 -0.392443 0.15841, -0.033361 -0.028699 -0.999031, 0.914791 0.284393 -0.28684, 
          0.367498 0.15681 0.916709, -0.717151 -0.635127 0.286892, -0.131156 -0.611944 -0.77995, 0.930711 0.160334 -0.328741, 
          0.934956 -0.171163 0.310742, -0.220244 -0.814859 0.536188, 0.578313 -0.688207 -0.438093, 0.397876 0.852166 0.339865, 
          0.866201 0.160934 -0.473071, 0.064855 0.649131 -0.757907, -0.880677 0.392065 -0.265882, -0.803997 0.377489 0.459446, 
          0.949132 -0.114192 0.293442, -0.098954 0.17356 0.979839, 0.183063 -0.143611 0.972555, 0.86139 -0.077222 -0.502039, 
          0.007034 -0.208436 -0.978011, -0.933208 -0.272292 -0.234478, -0.720458 -0.252114 0.646048, 0.943685 0.036652 0.32881, 
          0.2384 -0.061782 0.9692, -0.68927 -0.184955 0.700499, 0.880287 0.000378 -0.474441, 0.085562 -0.129587 -0.98787, 
          -0.935494 -0.255672 -0.243892, 0.878038 0.237369 0.415579, 0.127772 -0.008776 0.991765, -0.628787 -0.159948 0.760949, 
          -0.943288 -0.247223 -0.221559, 0.856414 0.193208 -0.478775, 0.042881 -0.074332 -0.996311, -0.031538 -0.030365 0.999041, 
          0.800021 0.371453 0.471157, -0.586306 -0.224418 0.778384, -0.958622 -0.179256 -0.22116, 0.058798 0.090338 -0.994174, 
          0.758852 0.312208 -0.571551, -0.197377 -0.092313 0.975972, -0.576802 -0.338994 0.743225, 0.836485 0.264092 0.480154, 
          -0.90928 -0.412461 -0.055547, 0.030555 -0.238824 -0.970582, 0.805053 -0.000264 -0.593203, -0.465503 -0.705702 0.534127, 
          -0.196442 -0.521916 0.830069, -0.714734 -0.645194 0.269965, 0.75256 -0.624339 0.209416, -0.315207 -0.898155 -0.306533, 
          0.548351 -0.829326 -0.107373, -0.008345 -0.187946 0.982144, -0.331532 -0.648523 0.685204, -0.037209 -0.97053 0.238089, 
          0.0988319 -0.814097 0.572257, 0.278699 -0.018919 0.960192, 0.659512 -0.356873 0.661578, 0.674862 0.215346 0.705824, 
          -0.614323 -0.165211 0.771565, -0.839338 -0.41644 -0.349412, -0.421285 -0.881962 -0.211335, 0.029693 -0.99411 -0.104233, 
          0.306711 -0.896808 0.318846, 0.225903 0.10958 0.967967, 0.640675 0.359666 0.678363, 0.902296 -0.430006 0.030945, 
          0.962537 0.251014 0.102538, 0.887593 0.460115 -0.02177, -0.846269 -0.224129 -0.483317, -0.709324 -0.072116 0.701184, 
          -0.431734 -0.280007 -0.857439, -0.312617 -0.799595 -0.512756, 0.250158 -0.967614 0.033841, 0.393086 -0.827592 -0.400718, 
          -0.131888 -0.700342 -0.701518, 0.201993 0.02707 0.979013, 0.638854 0.214199 0.738908, 0.938426 0.344206 0.029657, 
          0.918455 -0.256088 -0.30143, 0.90498 0.386493 -0.177859, 0.755204 0.550716 -0.355498, 0.788974 0.358421 -0.499053, 
          -0.867323 -0.04603 -0.495613, -0.356692 0.019677 -0.934015, -0.745204 -0.101872 0.65901, 0.324633 -0.313987 -0.892203, 
          0.150272 -0.016622 0.988505, 0.711168 0.074493 0.699064, 0.979711 0.1896 0.064951, 0.768515 0.174893 -0.615465, 
          0.561953 0.512033 -0.649639, 0.493085 0.621005 -0.609278, 0.417522 0.295709 -0.859204, 0.255549 0.146802 -0.955586, 
          -0.226148 0.285242 -0.931394, -0.913188 -0.107311 -0.393157, -0.784483 -0.114267 0.609532, 0.134303 -0.048904 0.989733, 
          0.779737 -0.008743 0.626046, 0.99429 0.106407 0.008056, 0.761389 0.138534 -0.63332, 0.087903 0.098525 -0.991245, 
          -0.26067 0.147393 -0.95411, -0.455874 0.105996 -0.88371, -0.546546 0.084432 -0.833162, -0.955405 -0.113584 -0.272581, 
          -0.767072 -0.075156 0.637144, 0.088175 -0.104525 0.990606, 0.792609 -0.101061 0.601297, 0.996663 0.017528 -0.079722, 
          0.799003 0.117157 -0.589804, 0.070339 0.10641 -0.991831, -0.583448 0.077876 -0.808408, -0.974479 -0.043968 -0.220131, 
          -0.976648 0.011785 -0.214521, -0.712334 -0.059475 0.699316, -0.033885 -0.159152 0.986672, 0.694237 -0.148313 0.7043, 
          0.995003 -0.07112 -0.070084, 0.79015 -0.000502 -0.612913, 0.145251 0.080648 -0.986102, -0.614745 0.078276 -0.784832, 
          -0.982175 0.029321 -0.185669, -0.696735 -0.069151 0.713988, -0.14505 -0.195686 0.96988, 0.548789 -0.183279 0.815622, 
          0.99487 -0.088805 0.048452, 0.750232 -0.021156 -0.660837, 0.118886 0.040877 -0.992066, -0.644657 0.051745 -0.762718, 
          -0.991115 -0.005835 -0.132881, -0.717678 -0.105846 0.688284, -0.229352 -0.146652 0.962232, 0.467997 -0.373888 0.800741, 
          0.956547 -0.264638 0.122412, 0.65709 -0.082759 -0.749255, -0.036596 0.031035 -0.998848, -0.708535 -0.074695 -0.701711, 
          -0.992419 -0.081032 -0.092401, -0.730927 -0.114964 0.672702, -0.295427 -0.001326 0.955364, 0.566367 -0.296159 0.769102, 
          0.97176 -0.235336 0.017302, 0.659453 -0.095346 -0.745675, -0.056937 0.110622 -0.99223, -0.71585 0.027174 -0.697726, 
          -0.9997 -0.016904 -0.017751, -0.715614 -0.038197 0.697451, -0.276766 0.30214 0.912202, 0.242895 0.455249 0.856592, 
          0.90868 0.404429 -0.103623, 0.613891 0.559401 -0.556963, -0.03524 0.467241 -0.883428, -0.500182 0.614998 -0.609587, 
          -0.880888 0.455412 0.128981, -0.637502 0.374171 0.673489, -0.070811 0.981519 0.17778, -0.421737 0.189007 0.8868, 
          -0.885369 -0.272129 0.376918, -0.804824 -0.377305 0.458149, -0.437517 0.223672 0.870948, -0.39649 0.259637 0.880559, 
          -0.581285 0.711276 0.395214, -0.946487 0.315458 -0.068184, -0.572181 -0.641388 -0.511107, -0.52333 -0.678232 -0.515875, 
          -0.841817 -0.021184 0.539347, -0.71022 -0.511258 -0.483946, -0.383194 0.273397 0.882279, -0.384992 0.249321 0.888606, 
          -0.353475 0.919804 0.170341, 0.213492 0.164197 0.963048, 0.461174 0.339583 0.819757, -0.324326 0.758509 -0.565223, 
          -0.608304 0.087297 -0.788889, 0.095144 -0.533472 -0.84045, 0.084241 -0.633367 -0.769253, -0.017833 -0.507934 -0.861212, 
          -0.878163 -0.045864 0.476158, -0.235008 0.297146 0.92546, -0.812923 -0.436887 -0.385079, -0.045074 -0.469494 -0.881785, 
          0.537177 0.301371 0.787792, 0.641014 0.330252 0.692845, 0.570215 0.817948 0.076255, -0.031777 0.810656 -0.58466, 
          0.993495 -0.105745 -0.042264, 0.999945 0.000649 0.010453, -0.235184 0.424291 -0.874452, 0.772295 -0.392852 -0.499228, 
          0.671285 -0.401375 -0.623117, 0.470291 0.138867 -0.871517, 0.638083 -0.266339 -0.722436, 0.482945 -0.332287 -0.810154, 
          -0.756579 -0.646058 -0.100984, -0.209805 0.149708 0.966214, -0.314033 -0.537295 -0.78275, 0.685802 0.2531 0.68236, 
          0.352853 -0.403749 -0.844086, 0.974495 0.03911 -0.220974, 0.934894 0.044456 -0.352132, 0.866487 0.343609 -0.362123, 
          0.831984 -0.227848 -0.505853, -0.403603 -0.837616 0.368109, 0.165442 -0.659986 -0.732835, 0.539379 -0.637625 0.550005]
        }
        coordIndex [
          0, 1, 2, -1,0, 2, 3, -1,4, 0, 3, -1,5, 6, 0, -1,5, 0, 4, -1,6, 1, 0, -1,6, 7, 1, -1,
          1, 8, 9, -1,1, 9, 2, -1,7, 8, 1, -1,2, 9, 10, -1,2, 10, 11, -1,3, 2, 11, -1,4, 3, 
          12, -1,3, 11, 13, -1,12, 3, 13, -1,14, 4, 12, -1,15, 5, 4, -1,15, 4, 14, -1,16, 17, 
          5, -1,16, 5, 15, -1,17, 6, 5, -1,17, 18, 6, -1,18, 7, 6, -1,7, 19, 8, -1,18, 20, 
          7, -1,20, 19, 7, -1,21, 9, 8, -1,21, 8, 19, -1,21, 10, 9, -1,11, 10, 22, -1,21, 22, 
          10, -1,11, 22, 23, -1,13, 11, 23, -1,12, 13, 24, -1,14, 12, 25, -1,25, 12, 24, -1,
          13, 23, 26, -1,24, 13, 26, -1,27, 14, 25, -1,28, 15, 14, -1,28, 14, 27, -1,29, 16, 
          15, -1,29, 15, 28, -1,30, 31, 16, -1,30, 16, 29, -1,31, 17, 16, -1,31, 32, 17, -1,
          32, 18, 17, -1,32, 33, 18, -1,33, 20, 18, -1,20, 34, 19, -1,21, 19, 34, -1,33, 35, 
          20, -1,35, 34, 20, -1,21, 34, 36, -1,21, 36, 37, -1,21, 37, 38, -1,21, 38, 22, -1,
          23, 22, 38, -1,23, 38, 39, -1,26, 23, 39, -1,25, 24, 40, -1,24, 26, 41, -1,40, 24, 
          41, -1,27, 25, 42, -1,42, 25, 40, -1,26, 39, 43, -1,41, 26, 43, -1,27, 42, 44, -1,
          28, 27, 44, -1,29, 28, 44, -1,30, 29, 44, -1,45, 31, 30, -1,45, 30, 44, -1,45, 46, 
          31, -1,46, 32, 31, -1,46, 47, 32, -1,47, 33, 32, -1,47, 48, 33, -1,48, 35, 33, -1,
          35, 36, 34, -1,48, 49, 35, -1,49, 36, 35, -1,49, 37, 36, -1,39, 38, 37, -1,39, 37, 
          49, -1,43, 39, 49, -1,40, 41, 50, -1,42, 40, 51, -1,51, 40, 50, -1,41, 43, 52, -1,
          50, 41, 52, -1,42, 51, 44, -1,43, 49, 48, -1,52, 43, 48, -1,51, 53, 44, -1,53, 54, 
          44, -1,54, 45, 44, -1,54, 46, 45, -1,55, 47, 46, -1,54, 55, 46, -1,52, 48, 47, -1,
          55, 52, 47, -1,51, 50, 53, -1,50, 52, 55, -1,53, 50, 55, -1,53, 55, 54, -1,56, 57, 
          58, -1,56, 58, 59, -1,60, 57, 56, -1,56, 59, 61, -1,60, 56, 61, -1,60, 62, 57, -1,
          57, 63, 64, -1,57, 64, 58, -1,62, 63, 57, -1,59, 58, 65, -1,58, 64, 66, -1,58, 66, 
          65, -1,59, 65, 67, -1,59, 67, 61, -1,68, 62, 60, -1,68, 60, 61, -1,69, 68, 61, -1,
          70, 69, 61, -1,71, 70, 61, -1,72, 71, 61, -1,67, 72, 61, -1,62, 73, 63, -1,68, 74, 
          62, -1,74, 73, 62, -1,63, 75, 76, -1,63, 76, 64, -1,73, 75, 63, -1,64, 76, 77, -1,
          64, 77, 66, -1,67, 65, 78, -1,65, 66, 79, -1,65, 79, 78, -1,66, 77, 80, -1,66, 80, 
          79, -1,67, 78, 72, -1,69, 74, 68, -1,69, 81, 74, -1,70, 81, 69, -1,70, 82, 81, -1,
          71, 82, 70, -1,71, 83, 82, -1,72, 83, 71, -1,72, 78, 83, -1,74, 84, 73, -1,73, 85, 
          75, -1,84, 85, 73, -1,81, 84, 74, -1,85, 86, 75, -1,86, 76, 75, -1,86, 87, 76, -1,
          76, 87, 88, -1,76, 88, 77, -1,77, 88, 89, -1,77, 89, 80, -1,78, 79, 90, -1,78, 90, 
          83, -1,79, 80, 91, -1,79, 91, 90, -1,80, 89, 92, -1,80, 92, 91, -1,81, 93, 84, -1,
          82, 93, 81, -1,82, 94, 93, -1,83, 94, 82, -1,83, 90, 94, -1,84, 95, 85, -1,93, 95, 
          84, -1,85, 96, 86, -1,95, 96, 85, -1,86, 97, 87, -1,96, 98, 86, -1,86, 98, 99, -1,
          86, 99, 97, -1,97, 100, 87, -1,87, 100, 101, -1,87, 101, 88, -1,88, 101, 102, -1,
          88, 102, 89, -1,89, 102, 103, -1,89, 103, 92, -1,90, 91, 104, -1,90, 104, 94, -1,
          91, 92, 105, -1,91, 105, 104, -1,92, 103, 106, -1,92, 106, 105, -1,93, 107, 95, -1,
          94, 107, 93, -1,94, 104, 107, -1,95, 108, 96, -1,107, 108, 95, -1,96, 109, 98, -1,
          108, 109, 96, -1,97, 99, 100, -1,110, 98, 109, -1,110, 99, 98, -1,110, 100, 99, -1,
          110, 101, 100, -1,110, 102, 101, -1,110, 103, 102, -1,110, 106, 103, -1,104, 105, 
          111, -1,104, 111, 107, -1,105, 106, 112, -1,105, 112, 111, -1,110, 112, 106, -1,107, 
          111, 108, -1,108, 113, 109, -1,111, 113, 108, -1,110, 109, 113, -1,110, 113, 112, -1,
          111, 112, 113, -1,114, 115, 116, -1,114, 116, 117, -1,118, 115, 114, -1,119, 114, 
          117, -1,119, 118, 114, -1,118, 120, 115, -1,115, 121, 122, -1,115, 122, 116, -1,120, 
          121, 115, -1,117, 116, 123, -1,116, 122, 124, -1,116, 124, 123, -1,117, 123, 125, -1,
          119, 117, 125, -1,126, 120, 118, -1,119, 126, 118, -1,119, 125, 127, -1,119, 127, 
          128, -1,119, 128, 129, -1,119, 129, 130, -1,119, 130, 126, -1,120, 131, 121, -1,126, 
          132, 120, -1,132, 131, 120, -1,121, 133, 134, -1,121, 134, 122, -1,131, 133, 121, -1,
          122, 134, 135, -1,122, 135, 124, -1,125, 123, 136, -1,123, 124, 137, -1,123, 137, 
          136, -1,124, 135, 138, -1,124, 138, 137, -1,125, 136, 127, -1,130, 132, 126, -1,127, 
          136, 139, -1,127, 139, 128, -1,128, 139, 140, -1,128, 140, 129, -1,129, 140, 141, -1,
          129, 141, 130, -1,130, 141, 132, -1,132, 142, 131, -1,131, 143, 133, -1,142, 143, 
          131, -1,141, 142, 132, -1,133, 144, 145, -1,133, 145, 134, -1,143, 144, 133, -1,134, 
          145, 146, -1,134, 146, 135, -1,135, 146, 147, -1,135, 147, 138, -1,136, 137, 148, -1,
          136, 148, 139, -1,137, 138, 149, -1,137, 149, 148, -1,138, 147, 150, -1,138, 150, 
          149, -1,139, 148, 151, -1,139, 151, 140, -1,140, 151, 152, -1,140, 152, 141, -1,141, 
          152, 142, -1,142, 153, 143, -1,152, 153, 142, -1,143, 154, 144, -1,153, 154, 143, -1,
          145, 144, 155, -1,144, 154, 155, -1,146, 145, 155, -1,147, 146, 155, -1,150, 147, 
          155, -1,148, 149, 156, -1,148, 156, 151, -1,149, 150, 157, -1,149, 157, 156, -1,157, 
          150, 155, -1,151, 156, 158, -1,151, 158, 152, -1,152, 158, 153, -1,153, 159, 154, -1,
          158, 159, 153, -1,154, 159, 155, -1,159, 160, 155, -1,160, 157, 155, -1,156, 157, 
          160, -1,156, 160, 158, -1,158, 160, 159, -1,161, 162, 163, -1,161, 163, 164, -1,165, 
          162, 161, -1,166, 165, 161, -1,166, 161, 164, -1,165, 167, 162, -1,167, 168, 162, -1,
          162, 168, 169, -1,162, 169, 163, -1,164, 163, 170, -1,163, 169, 171, -1,163, 171, 
          170, -1,164, 170, 172, -1,166, 164, 172, -1,173, 167, 165, -1,166, 173, 165, -1,166, 
          174, 173, -1,166, 172, 175, -1,166, 175, 176, -1,166, 176, 174, -1,167, 177, 168, -1,
          173, 178, 167, -1,178, 177, 167, -1,177, 179, 168, -1,168, 179, 180, -1,168, 180, 
          169, -1,169, 180, 181, -1,169, 181, 171, -1,172, 170, 182, -1,170, 171, 183, -1,170, 
          183, 182, -1,171, 181, 184, -1,171, 184, 183, -1,172, 182, 175, -1,174, 178, 173, -1,
          174, 185, 178, -1,176, 185, 174, -1,175, 182, 186, -1,175, 186, 176, -1,176, 186, 
          185, -1,178, 187, 177, -1,187, 188, 177, -1,177, 188, 179, -1,185, 187, 178, -1,179, 
          188, 189, -1,180, 179, 189, -1,181, 180, 189, -1,184, 181, 189, -1,182, 183, 190, -1,
          182, 190, 186, -1,183, 184, 191, -1,183, 191, 190, -1,191, 184, 189, -1,185, 192, 
          187, -1,186, 192, 185, -1,186, 190, 192, -1,187, 193, 188, -1,192, 193, 187, -1,188, 
          193, 189, -1,193, 194, 189, -1,194, 191, 189, -1,190, 191, 194, -1,190, 194, 192, -1,
          192, 194, 193, -1,195, 196, 197, -1,195, 197, 198, -1,199, 196, 195, -1,200, 195, 
          198, -1,200, 199, 195, -1,199, 201, 196, -1,196, 202, 203, -1,196, 203, 197, -1,201, 
          202, 196, -1,198, 197, 204, -1,197, 203, 205, -1,197, 205, 204, -1,198, 204, 206, -1,
          200, 198, 206, -1,207, 201, 199, -1,200, 207, 199, -1,200, 206, 208, -1,200, 208, 
          209, -1,200, 209, 210, -1,200, 210, 207, -1,201, 211, 202, -1,207, 212, 201, -1,212, 
          211, 201, -1,213, 202, 211, -1,213, 203, 202, -1,213, 205, 203, -1,206, 204, 214, -1,
          204, 205, 215, -1,204, 215, 214, -1,213, 215, 205, -1,206, 214, 208, -1,210, 212, 
          207, -1,208, 214, 216, -1,208, 216, 209, -1,209, 216, 217, -1,209, 217, 210, -1,210, 
          217, 212, -1,212, 218, 211, -1,213, 211, 218, -1,217, 218, 212, -1,213, 218, 219, -1,
          213, 219, 220, -1,213, 220, 215, -1,214, 215, 220, -1,214, 220, 216, -1,216, 220, 
          219, -1,216, 219, 217, -1,217, 219, 218, -1,221, 222, 223, -1,221, 223, 224, -1,225, 
          222, 221, -1,226, 221, 224, -1,227, 225, 221, -1,227, 221, 226, -1,225, 228, 222, -1,
          222, 229, 230, -1,222, 230, 223, -1,228, 229, 222, -1,224, 223, 231, -1,223, 230, 
          232, -1,223, 232, 231, -1,226, 224, 233, -1,224, 231, 234, -1,233, 224, 234, -1,235, 
          228, 225, -1,236, 235, 225, -1,236, 225, 227, -1,237, 226, 233, -1,237, 227, 226, -1,
          237, 236, 227, -1,228, 238, 229, -1,235, 239, 228, -1,239, 238, 228, -1,229, 240, 
          241, -1,229, 241, 230, -1,238, 240, 229, -1,230, 241, 242, -1,230, 242, 232, -1,234, 
          231, 243, -1,231, 232, 244, -1,231, 244, 243, -1,232, 242, 245, -1,232, 245, 244, -1,
          233, 234, 246, -1,237, 233, 246, -1,234, 243, 247, -1,246, 234, 247, -1,248, 239, 
          235, -1,249, 248, 235, -1,249, 235, 236, -1,237, 249, 236, -1,237, 246, 250, -1,237, 
          250, 251, -1,237, 251, 249, -1,239, 252, 238, -1,238, 253, 240, -1,252, 253, 238, -1,
          248, 254, 239, -1,254, 252, 239, -1,241, 240, 255, -1,240, 253, 255, -1,242, 241, 
          255, -1,245, 242, 255, -1,247, 243, 256, -1,243, 244, 257, -1,243, 257, 256, -1,244, 
          245, 258, -1,244, 258, 257, -1,258, 245, 255, -1,246, 247, 250, -1,247, 256, 259, -1,
          250, 247, 259, -1,259, 254, 248, -1,251, 259, 248, -1,251, 248, 249, -1,250, 259, 
          251, -1,252, 260, 253, -1,254, 261, 252, -1,261, 260, 252, -1,253, 260, 255, -1,259, 
          256, 254, -1,256, 261, 254, -1,260, 262, 255, -1,262, 258, 255, -1,256, 257, 261, -1,
          257, 258, 262, -1,257, 262, 261, -1,261, 262, 260, -1,263, 264, 265, -1,263, 265, 
          266, -1,267, 268, 263, -1,267, 263, 269, -1,269, 263, 266, -1,268, 264, 263, -1,268, 
          270, 264, -1,264, 270, 271, -1,265, 264, 271, -1,266, 265, 272, -1,272, 265, 271, -1,
          269, 266, 273, -1,266, 272, 274, -1,273, 266, 274, -1,275, 276, 267, -1,275, 267, 
          277, -1,277, 267, 269, -1,276, 268, 267, -1,276, 278, 268, -1,278, 270, 268, -1,277, 
          269, 279, -1,279, 269, 273, -1,278, 280, 270, -1,270, 280, 271, -1,281, 272, 271, -1,
          282, 281, 271, -1,283, 282, 271, -1,284, 283, 271, -1,285, 284, 271, -1,280, 285, 
          271, -1,274, 272, 281, -1,273, 274, 286, -1,279, 273, 287, -1,287, 273, 286, -1,274, 
          281, 288, -1,286, 274, 288, -1,289, 276, 275, -1,290, 275, 277, -1,289, 275, 290, -1,
          289, 291, 276, -1,291, 278, 276, -1,277, 279, 292, -1,290, 277, 292, -1,291, 293, 
          278, -1,293, 280, 278, -1,279, 287, 294, -1,292, 279, 294, -1,293, 285, 280, -1,288, 
          281, 282, -1,288, 282, 295, -1,295, 282, 283, -1,295, 283, 296, -1,296, 283, 284, -1,
          296, 284, 297, -1,297, 284, 285, -1,297, 285, 293, -1,287, 286, 298, -1,286, 288, 
          299, -1,298, 286, 299, -1,294, 287, 298, -1,299, 288, 295, -1,300, 291, 289, -1,300, 
          289, 290, -1,292, 301, 290, -1,290, 301, 302, -1,290, 302, 300, -1,300, 302, 291, -1,
          302, 293, 291, -1,294, 303, 292, -1,292, 303, 301, -1,302, 297, 293, -1,298, 299, 
          294, -1,294, 299, 303, -1,299, 295, 303, -1,303, 295, 296, -1,303, 296, 301, -1,301, 
          296, 297, -1,301, 297, 302, -1,304, 305, 306, -1,304, 306, 307, -1,308, 305, 304, -1,
          307, 309, 304, -1,304, 309, 310, -1,304, 310, 308, -1,308, 311, 305, -1,305, 312, 
          313, -1,305, 313, 306, -1,311, 312, 305, -1,307, 306, 314, -1,306, 313, 315, -1,306, 
          315, 314, -1,307, 316, 309, -1,307, 314, 317, -1,317, 316, 307, -1,318, 311, 308, -1,
          308, 310, 319, -1,308, 319, 318, -1,309, 316, 320, -1,310, 309, 320, -1,319, 310, 
          320, -1,311, 321, 312, -1,318, 322, 311, -1,322, 321, 311, -1,323, 313, 312, -1,323, 
          312, 321, -1,323, 315, 313, -1,314, 315, 324, -1,314, 324, 325, -1,317, 314, 325, -1,
          323, 324, 315, -1,317, 326, 316, -1,316, 326, 320, -1,317, 325, 327, -1,328, 326, 
          317, -1,317, 327, 328, -1,329, 322, 318, -1,318, 319, 330, -1,318, 330, 329, -1,330, 
          319, 320, -1,326, 331, 320, -1,332, 330, 320, -1,331, 332, 320, -1,322, 333, 321, -1,
          323, 321, 333, -1,329, 334, 322, -1,334, 333, 322, -1,323, 333, 335, -1,323, 335, 
          336, -1,323, 336, 324, -1,325, 324, 336, -1,325, 336, 337, -1,337, 327, 325, -1,328, 
          331, 326, -1,327, 337, 334, -1,327, 334, 329, -1,329, 332, 327, -1,327, 332, 331, -1,
          327, 331, 328, -1,329, 330, 332, -1,334, 335, 333, -1,337, 335, 334, -1,337, 336, 
          335, -1,338, 339, 340, -1,338, 340, 341, -1,342, 339, 338, -1,343, 338, 341, -1,344, 
          342, 338, -1,344, 338, 343, -1,342, 345, 339, -1,339, 346, 347, -1,339, 347, 340, -1,
          345, 346, 339, -1,340, 347, 348, -1,341, 340, 348, -1,343, 341, 349, -1,348, 350, 
          341, -1,350, 349, 341, -1,351, 345, 342, -1,352, 351, 342, -1,352, 342, 344, -1,353, 
          343, 349, -1,354, 344, 343, -1,354, 343, 353, -1,355, 352, 344, -1,355, 344, 354, -1,
          345, 356, 346, -1,351, 357, 345, -1,357, 356, 345, -1,346, 358, 359, -1,346, 359, 
          347, -1,356, 358, 346, -1,347, 359, 360, -1,347, 360, 348, -1,361, 348, 360, -1,348, 
          361, 350, -1,353, 349, 362, -1,349, 350, 362, -1,363, 362, 350, -1,363, 350, 361, -1,
          364, 357, 351, -1,365, 364, 351, -1,365, 351, 352, -1,366, 365, 352, -1,366, 352, 
          355, -1,367, 353, 362, -1,368, 354, 353, -1,368, 353, 367, -1,369, 355, 354, -1,369, 
          354, 368, -1,370, 366, 355, -1,370, 355, 369, -1,357, 371, 356, -1,356, 372, 358, -1,
          371, 372, 356, -1,364, 373, 357, -1,373, 371, 357, -1,358, 374, 375, -1,358, 375, 
          359, -1,372, 374, 358, -1,359, 376, 360, -1,359, 375, 376, -1,361, 360, 376, -1,361, 
          376, 377, -1,378, 363, 361, -1,378, 361, 377, -1,367, 362, 363, -1,379, 367, 363, -1,
          379, 363, 378, -1,380, 373, 364, -1,381, 380, 364, -1,381, 364, 365, -1,382, 381, 
          365, -1,382, 365, 366, -1,383, 382, 366, -1,383, 366, 370, -1,384, 368, 367, -1,384, 
          367, 379, -1,385, 369, 368, -1,385, 368, 384, -1,386, 370, 369, -1,386, 369, 385, -1,
          387, 383, 370, -1,387, 370, 386, -1,371, 388, 372, -1,373, 389, 371, -1,389, 388, 
          371, -1,372, 390, 374, -1,388, 390, 372, -1,380, 391, 373, -1,391, 389, 373, -1,374, 
          379, 378, -1,374, 378, 375, -1,390, 379, 374, -1,375, 378, 377, -1,375, 377, 376, -1,
          390, 384, 379, -1,392, 391, 380, -1,393, 392, 380, -1,393, 380, 381, -1,394, 393, 
          381, -1,394, 381, 382, -1,395, 394, 382, -1,395, 382, 383, -1,396, 395, 383, -1,396, 
          383, 387, -1,397, 385, 384, -1,397, 384, 390, -1,398, 386, 385, -1,398, 385, 397, -1,
          399, 387, 386, -1,399, 386, 398, -1,400, 396, 387, -1,400, 387, 399, -1,389, 401, 
          388, -1,388, 397, 390, -1,401, 397, 388, -1,391, 402, 389, -1,402, 401, 389, -1,392, 
          403, 391, -1,403, 402, 391, -1,404, 403, 392, -1,404, 392, 393, -1,405, 404, 393, -1,
          405, 393, 394, -1,406, 405, 394, -1,406, 394, 395, -1,407, 406, 395, -1,407, 395, 
          396, -1,408, 407, 396, -1,408, 396, 400, -1,401, 398, 397, -1,409, 399, 398, -1,409, 
          398, 401, -1,410, 400, 399, -1,410, 399, 409, -1,411, 408, 400, -1,411, 400, 410, -1,
          402, 409, 401, -1,403, 412, 402, -1,412, 409, 402, -1,404, 413, 403, -1,413, 412, 
          403, -1,404, 405, 414, -1,413, 404, 414, -1,405, 406, 414, -1,406, 407, 414, -1,407, 
          408, 414, -1,408, 411, 414, -1,412, 410, 409, -1,415, 411, 410, -1,415, 410, 412, -1,
          411, 415, 414, -1,413, 415, 412, -1,415, 413, 414, -1,416, 417, 418, -1,416, 418, 
          419, -1,420, 417, 416, -1,421, 416, 419, -1,422, 420, 416, -1,422, 416, 421, -1,420, 
          423, 417, -1,417, 424, 425, -1,417, 425, 418, -1,423, 424, 417, -1,418, 425, 426, -1,
          419, 418, 426, -1,421, 419, 427, -1,426, 428, 419, -1,428, 427, 419, -1,429, 423, 
          420, -1,430, 429, 420, -1,430, 420, 422, -1,431, 421, 427, -1,432, 422, 421, -1,432, 
          421, 431, -1,433, 430, 422, -1,433, 422, 432, -1,423, 434, 424, -1,429, 435, 423, -1,
          435, 434, 423, -1,424, 436, 437, -1,424, 437, 425, -1,434, 436, 424, -1,425, 437, 
          438, -1,425, 438, 426, -1,439, 426, 438, -1,426, 439, 428, -1,431, 427, 440, -1,427, 
          428, 440, -1,441, 440, 428, -1,441, 428, 439, -1,442, 435, 429, -1,443, 442, 429, -1,
          443, 429, 430, -1,444, 443, 430, -1,444, 430, 433, -1,445, 431, 440, -1,446, 432, 
          431, -1,446, 431, 445, -1,447, 433, 432, -1,447, 432, 446, -1,448, 444, 433, -1,448, 
          433, 447, -1,435, 449, 434, -1,434, 450, 436, -1,449, 450, 434, -1,442, 451, 435, -1,
          451, 449, 435, -1,436, 452, 453, -1,436, 453, 437, -1,450, 452, 436, -1,437, 454, 
          438, -1,437, 453, 454, -1,439, 438, 454, -1,439, 454, 455, -1,456, 441, 439, -1,456, 
          439, 455, -1,445, 440, 441, -1,457, 445, 441, -1,457, 441, 456, -1,458, 451, 442, -1,
          459, 458, 442, -1,459, 442, 443, -1,460, 459, 443, -1,460, 443, 444, -1,461, 460, 
          444, -1,461, 444, 448, -1,462, 446, 445, -1,462, 445, 457, -1,463, 447, 446, -1,463, 
          446, 462, -1,464, 448, 447, -1,464, 447, 463, -1,465, 461, 448, -1,465, 448, 464, -1,
          449, 466, 450, -1,451, 467, 449, -1,467, 466, 449, -1,450, 468, 452, -1,466, 468, 
          450, -1,458, 469, 451, -1,469, 467, 451, -1,452, 457, 456, -1,452, 456, 453, -1,468, 
          457, 452, -1,453, 456, 455, -1,453, 455, 454, -1,468, 462, 457, -1,470, 469, 458, -1,
          471, 470, 458, -1,471, 458, 459, -1,472, 471, 459, -1,472, 459, 460, -1,473, 472, 
          460, -1,473, 460, 461, -1,474, 473, 461, -1,474, 461, 465, -1,475, 463, 462, -1,475, 
          462, 468, -1,476, 464, 463, -1,476, 463, 475, -1,477, 465, 464, -1,477, 464, 476, -1,
          478, 474, 465, -1,478, 465, 477, -1,467, 479, 466, -1,466, 475, 468, -1,479, 475, 
          466, -1,469, 480, 467, -1,480, 479, 467, -1,470, 481, 469, -1,481, 480, 469, -1,482, 
          481, 470, -1,482, 470, 471, -1,483, 482, 471, -1,483, 471, 472, -1,484, 483, 472, -1,
          484, 472, 473, -1,485, 484, 473, -1,485, 473, 474, -1,486, 485, 474, -1,486, 474, 
          478, -1,479, 476, 475, -1,487, 477, 476, -1,487, 476, 479, -1,488, 478, 477, -1,488, 
          477, 487, -1,489, 486, 478, -1,489, 478, 488, -1,480, 487, 479, -1,481, 490, 480, -1,
          490, 487, 480, -1,482, 491, 481, -1,491, 490, 481, -1,482, 483, 492, -1,491, 482, 
          492, -1,483, 484, 492, -1,484, 485, 492, -1,485, 486, 492, -1,486, 489, 492, -1,490, 
          488, 487, -1,493, 489, 488, -1,493, 488, 490, -1,489, 493, 492, -1,491, 493, 490, -1,
          493, 491, 492, -1,494, 495, 496, -1,494, 496, 497, -1,494, 497, 498, -1,494, 498, 
          499, -1,495, 494, 500, -1,494, 499, 501, -1,494, 501, 500, -1,495, 500, 502, -1,496, 
          495, 502, -1,496, 502, 503, -1,497, 496, 503, -1,497, 503, 504, -1,498, 497, 504, -1,
          498, 504, 505, -1,499, 498, 505, -1,499, 505, 501, -1,502, 500, 506, -1,500, 501, 
          507, -1,500, 507, 506, -1,501, 505, 508, -1,501, 508, 507, -1,502, 506, 509, -1,503, 
          502, 509, -1,503, 509, 510, -1,504, 503, 510, -1,504, 510, 511, -1,505, 504, 511, -1,
          505, 511, 508, -1,509, 506, 512, -1,506, 507, 513, -1,506, 513, 512, -1,507, 508, 
          514, -1,507, 514, 513, -1,508, 511, 515, -1,508, 515, 514, -1,509, 512, 516, -1,510, 
          509, 516, -1,510, 516, 517, -1,511, 510, 517, -1,511, 517, 515, -1,516, 512, 518, -1,
          512, 513, 519, -1,512, 519, 518, -1,513, 514, 520, -1,513, 520, 519, -1,514, 515, 
          521, -1,514, 521, 520, -1,515, 517, 522, -1,515, 522, 521, -1,516, 518, 523, -1,517, 
          516, 523, -1,517, 523, 522, -1,523, 518, 524, -1,518, 519, 525, -1,518, 525, 524, -1,
          519, 520, 526, -1,519, 526, 525, -1,520, 521, 527, -1,520, 527, 526, -1,521, 522, 
          528, -1,521, 528, 527, -1,522, 523, 529, -1,522, 529, 528, -1,523, 524, 529, -1,529, 
          524, 530, -1,524, 525, 531, -1,524, 531, 530, -1,525, 526, 532, -1,525, 532, 531, -1,
          526, 527, 533, -1,526, 533, 532, -1,527, 528, 534, -1,527, 534, 533, -1,528, 529, 
          535, -1,528, 535, 534, -1,529, 530, 535, -1,535, 530, 531, -1,535, 531, 532, -1,534, 
          535, 532, -1,534, 532, 533, -1,536, 537, 538, -1,536, 538, 539, -1,537, 536, 540, -1,
          536, 539, 541, -1,536, 541, 540, -1,537, 540, 542, -1,538, 537, 542, -1,538, 542, 
          543, -1,539, 538, 543, -1,539, 543, 541, -1,542, 540, 544, -1,540, 541, 545, -1,540, 
          545, 544, -1,541, 543, 546, -1,541, 546, 545, -1,542, 544, 547, -1,543, 542, 547, -1,
          543, 547, 546, -1,547, 544, 548, -1,544, 545, 549, -1,544, 549, 548, -1,545, 546, 
          550, -1,545, 550, 549, -1,546, 547, 551, -1,546, 551, 550, -1,547, 548, 551, -1,551, 
          548, 552, -1,548, 549, 553, -1,548, 553, 552, -1,549, 550, 554, -1,549, 554, 553, -1,
          550, 551, 555, -1,550, 555, 554, -1,551, 552, 555, -1,555, 552, 556, -1,552, 553, 
          557, -1,552, 557, 556, -1,553, 554, 558, -1,553, 558, 557, -1,554, 555, 559, -1,554, 
          559, 558, -1,555, 556, 559, -1,559, 556, 560, -1,556, 557, 561, -1,556, 561, 560, -1,
          557, 558, 562, -1,557, 562, 561, -1,558, 559, 562, -1,559, 560, 562, -1,562, 560, 
          561, -1,563, 564, 565, -1,563, 565, 566, -1,567, 564, 563, -1,568, 563, 566, -1,569, 
          567, 563, -1,569, 563, 568, -1,567, 570, 564, -1,564, 571, 572, -1,564, 572, 565, -1,
          570, 571, 564, -1,565, 572, 573, -1,566, 565, 573, -1,568, 566, 574, -1,573, 575, 
          566, -1,575, 574, 566, -1,576, 570, 567, -1,577, 576, 567, -1,577, 567, 569, -1,578, 
          568, 574, -1,579, 569, 568, -1,579, 568, 578, -1,580, 577, 569, -1,580, 569, 579, -1,
          570, 581, 571, -1,576, 582, 570, -1,582, 581, 570, -1,571, 583, 584, -1,571, 584, 
          572, -1,581, 583, 571, -1,572, 584, 585, -1,572, 585, 573, -1,586, 573, 585, -1,573, 
          586, 575, -1,578, 574, 587, -1,574, 575, 587, -1,588, 587, 575, -1,588, 575, 586, -1,
          589, 582, 576, -1,590, 589, 576, -1,590, 576, 577, -1,591, 590, 577, -1,591, 577, 
          580, -1,592, 578, 587, -1,593, 579, 578, -1,593, 578, 592, -1,594, 580, 579, -1,594, 
          579, 593, -1,595, 591, 580, -1,595, 580, 594, -1,582, 596, 581, -1,581, 597, 583, -1,
          596, 597, 581, -1,589, 598, 582, -1,598, 596, 582, -1,583, 599, 600, -1,583, 600, 
          584, -1,597, 599, 583, -1,584, 601, 585, -1,584, 600, 601, -1,586, 585, 601, -1,586, 
          601, 602, -1,603, 588, 586, -1,603, 586, 602, -1,592, 587, 588, -1,604, 592, 588, -1,
          604, 588, 603, -1,605, 598, 589, -1,606, 605, 589, -1,606, 589, 590, -1,607, 606, 
          590, -1,607, 590, 591, -1,608, 607, 591, -1,608, 591, 595, -1,609, 593, 592, -1,609, 
          592, 604, -1,610, 594, 593, -1,610, 593, 609, -1,611, 595, 594, -1,611, 594, 610, -1,
          612, 608, 595, -1,612, 595, 611, -1,596, 613, 597, -1,598, 614, 596, -1,614, 613, 
          596, -1,597, 615, 599, -1,613, 615, 597, -1,605, 616, 598, -1,616, 614, 598, -1,599, 
          604, 603, -1,599, 603, 600, -1,615, 604, 599, -1,600, 603, 602, -1,600, 602, 601, -1,
          615, 609, 604, -1,617, 616, 605, -1,618, 617, 605, -1,618, 605, 606, -1,619, 618, 
          606, -1,619, 606, 607, -1,620, 619, 607, -1,620, 607, 608, -1,621, 620, 608, -1,621, 
          608, 612, -1,622, 610, 609, -1,622, 609, 615, -1,623, 611, 610, -1,623, 610, 622, -1,
          624, 612, 611, -1,624, 611, 623, -1,625, 621, 612, -1,625, 612, 624, -1,614, 626, 
          613, -1,613, 622, 615, -1,626, 622, 613, -1,616, 627, 614, -1,627, 626, 614, -1,617, 
          628, 616, -1,628, 627, 616, -1,629, 628, 617, -1,629, 617, 618, -1,630, 629, 618, -1,
          630, 618, 619, -1,631, 630, 619, -1,631, 619, 620, -1,632, 631, 620, -1,632, 620, 
          621, -1,633, 632, 621, -1,633, 621, 625, -1,626, 623, 622, -1,634, 624, 623, -1,634, 
          623, 626, -1,635, 625, 624, -1,635, 624, 634, -1,636, 633, 625, -1,636, 625, 635, -1,
          627, 634, 626, -1,628, 637, 627, -1,637, 634, 627, -1,629, 638, 628, -1,638, 637, 
          628, -1,629, 630, 639, -1,638, 629, 639, -1,630, 631, 639, -1,631, 632, 639, -1,632, 
          633, 639, -1,633, 636, 639, -1,637, 635, 634, -1,640, 636, 635, -1,640, 635, 637, -1,
          636, 640, 639, -1,638, 640, 637, -1,640, 638, 639, -1,641, 642, 643, -1,641, 643, 
          644, -1,641, 644, 645, -1,642, 641, 646, -1,641, 647, 648, -1,641, 648, 646, -1,645, 
          647, 641, -1,642, 646, 649, -1,643, 642, 649, -1,643, 649, 650, -1,644, 643, 650, -1,
          644, 650, 651, -1,645, 644, 651, -1,645, 651, 652, -1,647, 645, 652, -1,649, 646, 
          653, -1,646, 648, 654, -1,646, 654, 653, -1,647, 652, 648, -1,648, 652, 655, -1,648, 
          655, 654, -1,649, 653, 656, -1,650, 649, 656, -1,650, 656, 657, -1,651, 650, 657, -1,
          651, 657, 658, -1,652, 651, 658, -1,652, 658, 655, -1,656, 653, 659, -1,653, 654, 
          660, -1,653, 660, 659, -1,654, 655, 661, -1,654, 661, 660, -1,655, 658, 662, -1,655, 
          662, 661, -1,656, 659, 663, -1,657, 656, 663, -1,657, 663, 664, -1,658, 657, 664, -1,
          658, 664, 662, -1,659, 665, 666, -1,663, 659, 666, -1,659, 660, 665, -1,660, 661, 
          667, -1,660, 667, 665, -1,661, 662, 668, -1,661, 668, 667, -1,662, 664, 669, -1,662, 
          669, 668, -1,664, 663, 670, -1,663, 666, 670, -1,664, 670, 669, -1,666, 665, 671, -1,
          665, 667, 672, -1,665, 672, 671, -1,670, 666, 673, -1,666, 671, 673, -1,667, 668, 
          674, -1,667, 674, 672, -1,668, 669, 675, -1,668, 675, 674, -1,669, 670, 676, -1,669, 
          676, 675, -1,670, 673, 676, -1,671, 672, 677, -1,671, 677, 678, -1,673, 671, 678, -1,
          672, 674, 679, -1,672, 679, 677, -1,676, 673, 680, -1,673, 678, 680, -1,674, 675, 
          681, -1,674, 681, 679, -1,675, 676, 682, -1,675, 682, 681, -1,676, 680, 682, -1,681, 
          682, 677, -1,681, 677, 679, -1,682, 678, 677, -1,682, 680, 678, -1,683, 684, 685, -1,
          683, 685, 686, -1,684, 683, 687, -1,683, 686, 688, -1,683, 688, 687, -1,684, 687, 
          689, -1,685, 684, 689, -1,685, 689, 690, -1,686, 685, 690, -1,686, 690, 688, -1,689, 
          687, 691, -1,687, 688, 692, -1,687, 692, 691, -1,688, 690, 693, -1,688, 693, 692, -1,
          689, 691, 694, -1,690, 689, 694, -1,690, 694, 693, -1,694, 691, 695, -1,691, 692, 
          696, -1,691, 696, 695, -1,692, 693, 697, -1,692, 697, 696, -1,693, 694, 698, -1,693, 
          698, 697, -1,694, 695, 698, -1,698, 695, 699, -1,695, 696, 700, -1,695, 700, 699, -1,
          696, 697, 701, -1,696, 701, 700, -1,697, 698, 702, -1,697, 702, 701, -1,698, 699, 
          702, -1,702, 699, 703, -1,699, 700, 704, -1,699, 704, 703, -1,700, 701, 705, -1,700, 
          705, 704, -1,701, 702, 706, -1,701, 706, 705, -1,702, 703, 706, -1,706, 703, 707, -1,
          703, 704, 708, -1,703, 708, 707, -1,704, 705, 709, -1,704, 709, 708, -1,705, 706, 
          709, -1,706, 707, 709, -1,709, 707, 708, -1,710, 711, 712, -1,712, 713, 710, -1,711, 
          710, 714, -1,710, 713, 715, -1,710, 715, 714, -1,711, 714, 716, -1,717, 712, 711, -1,
          717, 711, 716, -1,717, 718, 712, -1,713, 712, 718, -1,713, 718, 719, -1,720, 715, 
          713, -1,720, 713, 719, -1,714, 715, 721, -1,714, 721, 722, -1,714, 722, 723, -1,714, 
          723, 716, -1,724, 721, 715, -1,724, 715, 720, -1,717, 716, 725, -1,726, 725, 716, -1,
          726, 716, 723, -1,727, 718, 717, -1,727, 717, 725, -1,727, 728, 718, -1,719, 718, 
          729, -1,729, 718, 728, -1,719, 729, 730, -1,719, 730, 720, -1,720, 730, 731, -1,720, 
          731, 724, -1,722, 721, 732, -1,724, 732, 721, -1,722, 732, 733, -1,734, 723, 722, -1,
          734, 722, 733, -1,726, 723, 734, -1,724, 735, 732, -1,724, 731, 736, -1,724, 736, 
          735, -1,727, 725, 737, -1,737, 725, 726, -1,737, 726, 738, -1,726, 734, 739, -1,738, 
          726, 739, -1,740, 728, 727, -1,740, 727, 737, -1,729, 728, 741, -1,741, 728, 740, -1,
          729, 741, 742, -1,729, 742, 730, -1,742, 731, 730, -1,743, 736, 731, -1,743, 731, 
          744, -1,731, 742, 745, -1,731, 745, 744, -1,733, 732, 746, -1,747, 746, 732, -1,747, 
          732, 735, -1,733, 746, 748, -1,749, 734, 733, -1,749, 733, 748, -1,739, 734, 749, -1,
          735, 736, 750, -1,735, 750, 747, -1,751, 750, 736, -1,751, 736, 743, -1,740, 737, 
          745, -1,737, 738, 744, -1,737, 744, 745, -1,738, 739, 752, -1,744, 738, 752, -1,739, 
          749, 753, -1,752, 739, 753, -1,745, 741, 740, -1,745, 742, 741, -1,744, 752, 743, -1,
          743, 752, 754, -1,743, 754, 751, -1,755, 756, 746, -1,755, 746, 747, -1,756, 748, 
          746, -1,757, 755, 747, -1,757, 747, 750, -1,756, 758, 748, -1,749, 748, 758, -1,749, 
          758, 759, -1,759, 753, 749, -1,760, 757, 750, -1,760, 750, 751, -1,761, 760, 751, -1,
          761, 751, 754, -1,752, 753, 754, -1,759, 762, 753, -1,754, 753, 762, -1,754, 762, 
          761, -1,763, 764, 755, -1,755, 765, 763, -1,766, 765, 755, -1,766, 755, 757, -1,755, 
          764, 756, -1,764, 758, 756, -1,757, 767, 766, -1,767, 757, 768, -1,768, 757, 760, -1,
          764, 769, 758, -1,759, 758, 769, -1,759, 769, 770, -1,770, 762, 759, -1,768, 760, 
          771, -1,772, 771, 760, -1,772, 760, 761, -1,761, 762, 773, -1,761, 773, 772, -1,770, 
          773, 762, -1,765, 774, 763, -1,763, 774, 775, -1,763, 775, 764, -1,764, 776, 769, -1,
          775, 776, 764, -1,765, 777, 774, -1,778, 777, 765, -1,778, 765, 766, -1,766, 767, 
          779, -1,766, 779, 778, -1,780, 779, 767, -1,780, 767, 768, -1,781, 780, 768, -1,781, 
          768, 771, -1,769, 782, 770, -1,769, 776, 782, -1,782, 773, 770, -1,783, 781, 771, -1,
          772, 783, 771, -1,772, 773, 784, -1,772, 784, 785, -1,772, 785, 783, -1,782, 784, 
          773, -1,775, 774, 777, -1,775, 777, 786, -1,786, 776, 775, -1,786, 787, 776, -1,787, 
          782, 776, -1,786, 777, 778, -1,786, 778, 788, -1,788, 778, 779, -1,788, 779, 780, -1,
          780, 781, 789, -1,780, 789, 788, -1,789, 781, 783, -1,787, 784, 782, -1,789, 783, 
          785, -1,785, 784, 787, -1,785, 787, 789, -1,788, 787, 786, -1,788, 789, 787, -1,790, 
          791, 792, -1,793, 790, 794, -1,795, 790, 792, -1,791, 790, 796, -1,790, 797, 796, -1,
          790, 795, 794, -1,797, 790, 798, -1,790, 793, 798, -1,791, 799, 800, -1,791, 801, 
          792, -1,802, 791, 796, -1,801, 791, 800, -1,799, 791, 803, -1,791, 802, 803, -1,801, 
          795, 792, -1,804, 793, 805, -1,793, 806, 805, -1,807, 793, 808, -1,793, 804, 808, -1,
          806, 793, 794, -1,793, 807, 798, -1,795, 806, 794, -1,795, 801, 809, -1,806, 795, 
          809, -1,797, 802, 796, -1,807, 797, 798, -1,802, 797, 810, -1,797, 811, 810, -1,811, 
          797, 812, -1,797, 807, 812, -1,799, 813, 814, -1,799, 815, 800, -1,816, 799, 803, -1,
          815, 799, 814, -1,813, 799, 817, -1,799, 816, 817, -1,815, 801, 800, -1,801, 815, 
          809, -1,802, 816, 803, -1,818, 802, 810, -1,816, 802, 819, -1,802, 818, 819, -1,820, 
          804, 821, -1,822, 821, 804, -1,823, 804, 824, -1,804, 820, 824, -1,822, 804, 805, -1,
          804, 823, 808, -1,806, 822, 805, -1,822, 806, 809, -1,823, 807, 808, -1,825, 807, 
          826, -1,807, 823, 826, -1,807, 825, 812, -1,821, 822, 809, -1,827, 821, 809, -1,828, 
          827, 809, -1,815, 828, 809, -1,811, 818, 810, -1,825, 811, 812, -1,818, 811, 829, -1,
          811, 830, 829, -1,830, 811, 831, -1,811, 825, 831, -1,813, 832, 833, -1,813, 828, 
          814, -1,834, 813, 817, -1,828, 813, 833, -1,832, 813, 835, -1,813, 834, 835, -1,828, 
          815, 814, -1,816, 834, 817, -1,836, 816, 819, -1,834, 816, 837, -1,816, 836, 837, -1,
          818, 836, 819, -1,838, 818, 829, -1,836, 818, 839, -1,818, 838, 839, -1,832, 820, 
          840, -1,820, 821, 840, -1,841, 820, 842, -1,820, 832, 842, -1,820, 841, 824, -1,821, 
          827, 840, -1,841, 823, 824, -1,843, 823, 844, -1,823, 841, 844, -1,823, 843, 826, -1,
          843, 825, 826, -1,845, 825, 846, -1,825, 843, 846, -1,825, 845, 831, -1,832, 827, 
          833, -1,827, 828, 833, -1,827, 832, 840, -1,830, 838, 829, -1,845, 830, 831, -1,838, 
          830, 847, -1,830, 848, 847, -1,848, 830, 849, -1,830, 845, 849, -1,850, 832, 835, -1,
          832, 850, 842, -1,834, 850, 835, -1,851, 834, 837, -1,850, 834, 852, -1,834, 851, 
          852, -1,836, 851, 837, -1,853, 836, 839, -1,851, 836, 854, -1,836, 853, 854, -1,838, 
          853, 839, -1,855, 838, 847, -1,853, 838, 856, -1,838, 855, 856, -1,850, 841, 842, -1,
          857, 841, 858, -1,841, 850, 858, -1,841, 857, 844, -1,857, 843, 844, -1,859, 843, 
          860, -1,843, 857, 860, -1,843, 859, 846, -1,859, 845, 846, -1,861, 845, 862, -1,845, 
          859, 862, -1,845, 861, 849, -1,848, 855, 847, -1,861, 848, 849, -1,855, 848, 863, -1,
          848, 864, 863, -1,864, 848, 865, -1,848, 861, 865, -1,866, 850, 852, -1,850, 866, 
          858, -1,851, 866, 852, -1,867, 851, 854, -1,866, 851, 868, -1,851, 867, 868, -1,853, 
          867, 854, -1,869, 853, 856, -1,867, 853, 870, -1,853, 869, 870, -1,855, 869, 856, -1,
          871, 855, 863, -1,869, 855, 872, -1,855, 871, 872, -1,866, 857, 858, -1,873, 857, 
          874, -1,857, 866, 874, -1,857, 873, 860, -1,873, 859, 860, -1,875, 859, 876, -1,859, 
          873, 876, -1,859, 875, 862, -1,875, 861, 862, -1,877, 861, 878, -1,861, 875, 878, -1,
          861, 877, 865, -1,864, 871, 863, -1,877, 864, 865, -1,871, 864, 879, -1,864, 880, 
          879, -1,880, 864, 881, -1,864, 877, 881, -1,882, 866, 868, -1,866, 882, 874, -1,867, 
          882, 868, -1,883, 867, 870, -1,882, 867, 884, -1,867, 883, 884, -1,869, 883, 870, -1,
          885, 869, 872, -1,883, 869, 886, -1,869, 885, 886, -1,871, 885, 872, -1,887, 871, 
          879, -1,885, 871, 888, -1,871, 887, 888, -1,882, 873, 874, -1,889, 873, 890, -1,873, 
          882, 890, -1,873, 889, 876, -1,889, 875, 876, -1,891, 875, 892, -1,875, 889, 892, -1,
          875, 891, 878, -1,891, 877, 878, -1,893, 877, 894, -1,877, 891, 894, -1,877, 893, 
          881, -1,880, 887, 879, -1,893, 880, 881, -1,887, 880, 895, -1,880, 896, 895, -1,896, 
          880, 897, -1,880, 893, 897, -1,898, 882, 884, -1,882, 898, 890, -1,883, 898, 884, -1,
          899, 883, 886, -1,898, 883, 900, -1,883, 899, 900, -1,885, 899, 886, -1,901, 885, 
          888, -1,899, 885, 902, -1,885, 901, 902, -1,887, 901, 888, -1,903, 887, 895, -1,901, 
          887, 904, -1,887, 903, 904, -1,898, 889, 890, -1,905, 889, 906, -1,889, 898, 906, -1,
          889, 905, 892, -1,905, 891, 892, -1,907, 891, 908, -1,891, 905, 908, -1,891, 907, 
          894, -1,907, 893, 894, -1,909, 893, 910, -1,893, 907, 910, -1,893, 909, 897, -1,896, 
          903, 895, -1,909, 896, 897, -1,903, 896, 911, -1,896, 912, 911, -1,912, 896, 913, -1,
          896, 909, 913, -1,914, 898, 900, -1,898, 914, 906, -1,899, 914, 900, -1,915, 899, 
          902, -1,914, 899, 916, -1,899, 915, 916, -1,901, 915, 902, -1,917, 901, 904, -1,915, 
          901, 918, -1,901, 917, 918, -1,903, 917, 904, -1,919, 903, 911, -1,917, 903, 920, -1,
          903, 919, 920, -1,914, 905, 906, -1,921, 905, 922, -1,905, 914, 922, -1,905, 921, 
          908, -1,921, 907, 908, -1,923, 907, 924, -1,907, 921, 924, -1,907, 923, 910, -1,923, 
          909, 910, -1,925, 909, 926, -1,909, 923, 926, -1,909, 925, 913, -1,912, 919, 911, -1,
          925, 912, 913, -1,919, 912, 927, -1,912, 928, 927, -1,928, 912, 929, -1,912, 925, 
          929, -1,930, 914, 916, -1,914, 930, 922, -1,915, 930, 916, -1,931, 915, 918, -1,930, 
          915, 932, -1,915, 931, 932, -1,917, 931, 918, -1,933, 917, 920, -1,931, 917, 934, -1,
          917, 933, 934, -1,919, 933, 920, -1,935, 919, 927, -1,933, 919, 936, -1,919, 935, 
          936, -1,930, 921, 922, -1,937, 921, 938, -1,921, 930, 938, -1,921, 937, 924, -1,937, 
          923, 924, -1,939, 923, 940, -1,923, 937, 940, -1,923, 939, 926, -1,939, 925, 926, -1,
          941, 925, 942, -1,925, 939, 942, -1,925, 941, 929, -1,928, 935, 927, -1,941, 928, 
          929, -1,935, 928, 943, -1,928, 944, 943, -1,944, 928, 945, -1,928, 941, 945, -1,946, 
          930, 932, -1,930, 946, 938, -1,931, 946, 932, -1,947, 931, 934, -1,946, 931, 948, -1,
          931, 947, 948, -1,933, 947, 934, -1,949, 933, 936, -1,947, 933, 950, -1,933, 949, 
          950, -1,935, 949, 936, -1,951, 935, 943, -1,949, 935, 952, -1,935, 951, 952, -1,946, 
          937, 938, -1,953, 937, 954, -1,937, 946, 954, -1,937, 953, 940, -1,953, 939, 940, -1,
          955, 939, 956, -1,939, 953, 956, -1,939, 955, 942, -1,955, 941, 942, -1,957, 941, 
          958, -1,941, 955, 958, -1,941, 957, 945, -1,944, 951, 943, -1,957, 944, 945, -1,951, 
          944, 959, -1,944, 960, 959, -1,960, 944, 961, -1,944, 957, 961, -1,962, 946, 948, -1,
          946, 962, 954, -1,947, 962, 948, -1,963, 947, 950, -1,962, 947, 964, -1,947, 963, 
          964, -1,949, 963, 950, -1,965, 949, 952, -1,963, 949, 966, -1,949, 965, 966, -1,951, 
          965, 952, -1,967, 951, 959, -1,965, 951, 968, -1,951, 967, 968, -1,962, 953, 954, -1,
          969, 953, 970, -1,953, 962, 970, -1,953, 969, 956, -1,969, 955, 956, -1,971, 955, 
          972, -1,955, 969, 972, -1,955, 971, 958, -1,971, 957, 958, -1,973, 957, 974, -1,957, 
          971, 974, -1,957, 973, 961, -1,960, 967, 959, -1,973, 960, 961, -1,975, 967, 960, -1,
          975, 960, 973, -1,976, 962, 964, -1,962, 976, 970, -1,963, 976, 964, -1,977, 963, 
          966, -1,976, 963, 978, -1,963, 977, 978, -1,965, 977, 966, -1,979, 965, 968, -1,977, 
          965, 980, -1,965, 979, 980, -1,967, 979, 968, -1,975, 979, 967, -1,976, 969, 970, -1,
          981, 969, 982, -1,969, 976, 982, -1,969, 981, 972, -1,981, 971, 972, -1,983, 971, 
          984, -1,971, 981, 984, -1,971, 983, 974, -1,983, 973, 974, -1,975, 973, 983, -1,975, 
          983, 985, -1,975, 985, 986, -1,975, 986, 987, -1,975, 987, 979, -1,988, 976, 978, -1,
          976, 988, 982, -1,977, 988, 978, -1,987, 977, 980, -1,988, 977, 989, -1,977, 987, 
          989, -1,979, 987, 980, -1,988, 981, 982, -1,985, 981, 990, -1,981, 988, 990, -1,981, 
          985, 984, -1,985, 983, 984, -1,986, 985, 990, -1,987, 986, 989, -1,986, 988, 989, -1,
          988, 986, 990, -1,991, 992, 993, -1,991, 993, 994, -1,995, 992, 991, -1,996, 991, 
          994, -1,997, 995, 991, -1,997, 991, 996, -1,995, 998, 992, -1,992, 999, 1000, -1,
          992, 1000, 993, -1,998, 999, 992, -1,993, 1000, 1001, -1,994, 993, 1001, -1,996, 
          994, 1002, -1,1002, 994, 1001, -1,1003, 998, 995, -1,1004, 1003, 995, -1,1004, 995, 
          997, -1,1005, 996, 1002, -1,1006, 997, 996, -1,1006, 996, 1005, -1,1007, 1004, 997, -1,
          1007, 997, 1006, -1,998, 1008, 999, -1,1003, 1009, 998, -1,1009, 1008, 998, -1,999, 
          1010, 1011, -1,999, 1011, 1000, -1,1008, 1010, 999, -1,1000, 1011, 1001, -1,1012, 
          1002, 1001, -1,1013, 1012, 1001, -1,1014, 1013, 1001, -1,1011, 1014, 1001, -1,1005, 
          1002, 1012, -1,1015, 1009, 1003, -1,1016, 1015, 1003, -1,1016, 1003, 1004, -1,1017, 
          1016, 1004, -1,1017, 1004, 1007, -1,1018, 1005, 1013, -1,1019, 1006, 1005, -1,1019, 
          1005, 1018, -1,1012, 1013, 1005, -1,1020, 1007, 1006, -1,1020, 1006, 1019, -1,1021, 
          1017, 1007, -1,1021, 1007, 1020, -1,1009, 1022, 1008, -1,1008, 1023, 1010, -1,1022, 
          1023, 1008, -1,1015, 1024, 1009, -1,1024, 1022, 1009, -1,1010, 1025, 1014, -1,1010, 
          1014, 1011, -1,1023, 1025, 1010, -1,1025, 1018, 1013, -1,1025, 1013, 1014, -1,1026, 
          1024, 1015, -1,1027, 1026, 1015, -1,1027, 1015, 1016, -1,1028, 1027, 1016, -1,1028, 
          1016, 1017, -1,1029, 1028, 1017, -1,1029, 1017, 1021, -1,1030, 1019, 1018, -1,1030, 
          1018, 1025, -1,1031, 1020, 1019, -1,1031, 1019, 1030, -1,1032, 1021, 1020, -1,1032, 
          1020, 1031, -1,1033, 1029, 1021, -1,1033, 1021, 1032, -1,1022, 1034, 1023, -1,1024, 
          1035, 1022, -1,1035, 1034, 1022, -1,1023, 1030, 1025, -1,1034, 1030, 1023, -1,1026, 
          1036, 1024, -1,1036, 1035, 1024, -1,1037, 1036, 1026, -1,1038, 1037, 1026, -1,1038, 
          1026, 1027, -1,1039, 1038, 1027, -1,1039, 1027, 1028, -1,1040, 1039, 1028, -1,1040, 
          1028, 1029, -1,1041, 1040, 1029, -1,1041, 1029, 1033, -1,1034, 1031, 1030, -1,1042, 
          1032, 1031, -1,1042, 1031, 1034, -1,1043, 1033, 1032, -1,1043, 1032, 1042, -1,1044, 
          1041, 1033, -1,1044, 1033, 1043, -1,1035, 1042, 1034, -1,1036, 1045, 1035, -1,1045, 
          1042, 1035, -1,1037, 1046, 1036, -1,1046, 1045, 1036, -1,1047, 1046, 1037, -1,1048, 
          1047, 1037, -1,1048, 1037, 1038, -1,1049, 1048, 1038, -1,1049, 1038, 1039, -1,1050, 
          1049, 1039, -1,1050, 1039, 1040, -1,1051, 1050, 1040, -1,1051, 1040, 1041, -1,1052, 
          1051, 1041, -1,1052, 1041, 1044, -1,1045, 1043, 1042, -1,1053, 1044, 1043, -1,1053, 
          1043, 1045, -1,1054, 1052, 1044, -1,1054, 1044, 1053, -1,1046, 1053, 1045, -1,1047, 
          1055, 1046, -1,1055, 1053, 1046, -1,1056, 1055, 1047, -1,1057, 1056, 1047, -1,1057, 
          1047, 1048, -1,1058, 1057, 1048, -1,1058, 1048, 1049, -1,1059, 1058, 1049, -1,1059, 
          1049, 1050, -1,1060, 1059, 1050, -1,1060, 1050, 1051, -1,1061, 1060, 1051, -1,1061, 
          1051, 1052, -1,1062, 1061, 1052, -1,1062, 1052, 1054, -1,1055, 1054, 1053, -1,1063, 
          1062, 1054, -1,1063, 1054, 1055, -1,1056, 1063, 1055, -1,1064, 1063, 1056, -1,1065, 
          1064, 1056, -1,1065, 1056, 1057, -1,1066, 1065, 1057, -1,1066, 1057, 1058, -1,1067, 
          1066, 1058, -1,1067, 1058, 1059, -1,1068, 1067, 1059, -1,1068, 1059, 1060, -1,1069, 
          1068, 1060, -1,1069, 1060, 1061, -1,1070, 1069, 1061, -1,1070, 1061, 1062, -1,1071, 
          1070, 1062, -1,1071, 1062, 1063, -1,1064, 1071, 1063, -1,1072, 1071, 1064, -1,1073, 
          1072, 1064, -1,1073, 1064, 1065, -1,1074, 1073, 1065, -1,1074, 1065, 1066, -1,1075, 
          1074, 1066, -1,1075, 1066, 1067, -1,1076, 1075, 1067, -1,1076, 1067, 1068, -1,1077, 
          1076, 1068, -1,1077, 1068, 1069, -1,1078, 1077, 1069, -1,1078, 1069, 1070, -1,1079, 
          1078, 1070, -1,1079, 1070, 1071, -1,1072, 1079, 1071, -1,1080, 1079, 1072, -1,1081, 
          1080, 1072, -1,1081, 1072, 1073, -1,1082, 1081, 1073, -1,1082, 1073, 1074, -1,1083, 
          1082, 1074, -1,1083, 1074, 1075, -1,1084, 1083, 1075, -1,1084, 1075, 1076, -1,1085, 
          1084, 1076, -1,1085, 1076, 1077, -1,1086, 1085, 1077, -1,1086, 1077, 1078, -1,1087, 
          1086, 1078, -1,1087, 1078, 1079, -1,1080, 1087, 1079, -1,1088, 1087, 1080, -1,1089, 
          1088, 1080, -1,1089, 1080, 1081, -1,1090, 1089, 1081, -1,1090, 1081, 1082, -1,1091, 
          1090, 1082, -1,1091, 1082, 1083, -1,1092, 1091, 1083, -1,1092, 1083, 1084, -1,1093, 
          1092, 1084, -1,1093, 1084, 1085, -1,1094, 1093, 1085, -1,1094, 1085, 1086, -1,1095, 
          1094, 1086, -1,1095, 1086, 1087, -1,1088, 1095, 1087, -1,1096, 1095, 1088, -1,1096, 
          1088, 1089, -1,1096, 1089, 1090, -1,1096, 1090, 1091, -1,1096, 1091, 1092, -1,1096, 
          1092, 1093, -1,1096, 1093, 1094, -1,1096, 1094, 1095, -1,1097, 1098, 1099, -1,1097, 
          1099, 1100, -1,1101, 1098, 1097, -1,1102, 1097, 1100, -1,1103, 1101, 1097, -1,1103, 
          1097, 1102, -1,1101, 1104, 1098, -1,1098, 1105, 1106, -1,1098, 1106, 1099, -1,1104, 
          1105, 1098, -1,1099, 1106, 1107, -1,1100, 1099, 1107, -1,1102, 1100, 1108, -1,1108, 
          1100, 1107, -1,1109, 1104, 1101, -1,1110, 1109, 1101, -1,1110, 1101, 1103, -1,1111, 
          1102, 1108, -1,1112, 1103, 1102, -1,1112, 1102, 1111, -1,1113, 1110, 1103, -1,1113, 
          1103, 1112, -1,1104, 1114, 1105, -1,1109, 1115, 1104, -1,1115, 1114, 1104, -1,1105, 
          1116, 1117, -1,1105, 1117, 1106, -1,1114, 1116, 1105, -1,1106, 1117, 1107, -1,1118, 
          1108, 1107, -1,1119, 1118, 1107, -1,1120, 1119, 1107, -1,1117, 1120, 1107, -1,1111, 
          1108, 1118, -1,1121, 1115, 1109, -1,1122, 1121, 1109, -1,1122, 1109, 1110, -1,1123, 
          1122, 1110, -1,1123, 1110, 1113, -1,1124, 1111, 1119, -1,1125, 1112, 1111, -1,1125, 
          1111, 1124, -1,1118, 1119, 1111, -1,1126, 1113, 1112, -1,1126, 1112, 1125, -1,1127, 
          1123, 1113, -1,1127, 1113, 1126, -1,1115, 1128, 1114, -1,1114, 1129, 1116, -1,1128, 
          1129, 1114, -1,1121, 1130, 1115, -1,1130, 1128, 1115, -1,1116, 1131, 1120, -1,1116, 
          1120, 1117, -1,1129, 1131, 1116, -1,1131, 1124, 1119, -1,1131, 1119, 1120, -1,1132, 
          1130, 1121, -1,1133, 1132, 1121, -1,1133, 1121, 1122, -1,1134, 1133, 1122, -1,1134, 
          1122, 1123, -1,1135, 1134, 1123, -1,1135, 1123, 1127, -1,1136, 1125, 1124, -1,1136, 
          1124, 1131, -1,1137, 1126, 1125, -1,1137, 1125, 1136, -1,1138, 1127, 1126, -1,1138, 
          1126, 1137, -1,1139, 1135, 1127, -1,1139, 1127, 1138, -1,1128, 1140, 1129, -1,1130, 
          1141, 1128, -1,1141, 1140, 1128, -1,1129, 1136, 1131, -1,1140, 1136, 1129, -1,1132, 
          1142, 1130, -1,1142, 1141, 1130, -1,1143, 1142, 1132, -1,1144, 1143, 1132, -1,1144, 
          1132, 1133, -1,1145, 1144, 1133, -1,1145, 1133, 1134, -1,1146, 1145, 1134, -1,1146, 
          1134, 1135, -1,1147, 1146, 1135, -1,1147, 1135, 1139, -1,1140, 1137, 1136, -1,1148, 
          1138, 1137, -1,1148, 1137, 1140, -1,1149, 1139, 1138, -1,1149, 1138, 1148, -1,1150, 
          1147, 1139, -1,1150, 1139, 1149, -1,1141, 1148, 1140, -1,1142, 1151, 1141, -1,1151, 
          1148, 1141, -1,1143, 1152, 1142, -1,1152, 1151, 1142, -1,1153, 1152, 1143, -1,1154, 
          1153, 1143, -1,1154, 1143, 1144, -1,1155, 1154, 1144, -1,1155, 1144, 1145, -1,1156, 
          1155, 1145, -1,1156, 1145, 1146, -1,1157, 1156, 1146, -1,1157, 1146, 1147, -1,1158, 
          1157, 1147, -1,1158, 1147, 1150, -1,1151, 1149, 1148, -1,1159, 1150, 1149, -1,1159, 
          1149, 1151, -1,1160, 1158, 1150, -1,1160, 1150, 1159, -1,1152, 1159, 1151, -1,1153, 
          1161, 1152, -1,1161, 1159, 1152, -1,1162, 1161, 1153, -1,1163, 1162, 1153, -1,1163, 
          1153, 1154, -1,1164, 1163, 1154, -1,1164, 1154, 1155, -1,1165, 1164, 1155, -1,1165, 
          1155, 1156, -1,1166, 1165, 1156, -1,1166, 1156, 1157, -1,1167, 1166, 1157, -1,1167, 
          1157, 1158, -1,1168, 1167, 1158, -1,1168, 1158, 1160, -1,1161, 1160, 1159, -1,1169, 
          1168, 1160, -1,1169, 1160, 1161, -1,1162, 1169, 1161, -1,1170, 1169, 1162, -1,1171, 
          1170, 1162, -1,1171, 1162, 1163, -1,1172, 1171, 1163, -1,1172, 1163, 1164, -1,1173, 
          1172, 1164, -1,1173, 1164, 1165, -1,1174, 1173, 1165, -1,1174, 1165, 1166, -1,1175, 
          1174, 1166, -1,1175, 1166, 1167, -1,1176, 1175, 1167, -1,1176, 1167, 1168, -1,1177, 
          1176, 1168, -1,1177, 1168, 1169, -1,1170, 1177, 1169, -1,1178, 1177, 1170, -1,1179, 
          1178, 1170, -1,1179, 1170, 1171, -1,1180, 1179, 1171, -1,1180, 1171, 1172, -1,1181, 
          1180, 1172, -1,1181, 1172, 1173, -1,1182, 1181, 1173, -1,1182, 1173, 1174, -1,1183, 
          1182, 1174, -1,1183, 1174, 1175, -1,1184, 1183, 1175, -1,1184, 1175, 1176, -1,1185, 
          1184, 1176, -1,1185, 1176, 1177, -1,1178, 1185, 1177, -1,1186, 1185, 1178, -1,1187, 
          1186, 1178, -1,1187, 1178, 1179, -1,1188, 1187, 1179, -1,1188, 1179, 1180, -1,1189, 
          1188, 1180, -1,1189, 1180, 1181, -1,1190, 1189, 1181, -1,1190, 1181, 1182, -1,1191, 
          1190, 1182, -1,1191, 1182, 1183, -1,1192, 1191, 1183, -1,1192, 1183, 1184, -1,1193, 
          1192, 1184, -1,1193, 1184, 1185, -1,1186, 1193, 1185, -1,1194, 1193, 1186, -1,1195, 
          1194, 1186, -1,1195, 1186, 1187, -1,1196, 1195, 1187, -1,1196, 1187, 1188, -1,1197, 
          1196, 1188, -1,1197, 1188, 1189, -1,1198, 1197, 1189, -1,1198, 1189, 1190, -1,1199, 
          1198, 1190, -1,1199, 1190, 1191, -1,1200, 1199, 1191, -1,1200, 1191, 1192, -1,1201, 
          1200, 1192, -1,1201, 1192, 1193, -1,1194, 1201, 1193, -1,1202, 1201, 1194, -1,1202, 
          1194, 1195, -1,1202, 1195, 1196, -1,1202, 1196, 1197, -1,1202, 1197, 1198, -1,1202, 
          1198, 1199, -1,1202, 1199, 1200, -1,1202, 1200, 1201, -1,1203, 1204, 1205, -1,1203, 
          1205, 1206, -1,1207, 1204, 1203, -1,1208, 1203, 1206, -1,1209, 1207, 1203, -1,1209, 
          1203, 1208, -1,1207, 1210, 1204, -1,1204, 1211, 1212, -1,1204, 1212, 1205, -1,1210, 
          1211, 1204, -1,1205, 1212, 1213, -1,1206, 1205, 1213, -1,1208, 1206, 1214, -1,1213, 
          1215, 1206, -1,1215, 1214, 1206, -1,1216, 1210, 1207, -1,1217, 1216, 1207, -1,1217, 
          1207, 1209, -1,1218, 1208, 1214, -1,1219, 1209, 1208, -1,1219, 1208, 1218, -1,1220, 
          1217, 1209, -1,1220, 1209, 1219, -1,1210, 1221, 1211, -1,1216, 1222, 1210, -1,1222, 
          1221, 1210, -1,1211, 1223, 1224, -1,1211, 1224, 1212, -1,1221, 1223, 1211, -1,1212, 
          1224, 1225, -1,1212, 1225, 1213, -1,1226, 1213, 1225, -1,1213, 1226, 1215, -1,1218, 
          1214, 1227, -1,1214, 1215, 1227, -1,1228, 1227, 1215, -1,1228, 1215, 1226, -1,1229, 
          1222, 1216, -1,1230, 1229, 1216, -1,1230, 1216, 1217, -1,1231, 1230, 1217, -1,1231, 
          1217, 1220, -1,1232, 1218, 1227, -1,1233, 1219, 1218, -1,1233, 1218, 1232, -1,1234, 
          1220, 1219, -1,1234, 1219, 1233, -1,1235, 1231, 1220, -1,1235, 1220, 1234, -1,1222, 
          1236, 1221, -1,1221, 1237, 1223, -1,1236, 1237, 1221, -1,1229, 1238, 1222, -1,1238, 
          1236, 1222, -1,1223, 1239, 1240, -1,1223, 1240, 1224, -1,1237, 1239, 1223, -1,1224, 
          1241, 1225, -1,1224, 1240, 1241, -1,1226, 1225, 1241, -1,1226, 1241, 1242, -1,1243, 
          1228, 1226, -1,1243, 1226, 1242, -1,1232, 1227, 1228, -1,1244, 1232, 1228, -1,1244, 
          1228, 1243, -1,1245, 1238, 1229, -1,1246, 1245, 1229, -1,1246, 1229, 1230, -1,1247, 
          1246, 1230, -1,1247, 1230, 1231, -1,1248, 1247, 1231, -1,1248, 1231, 1235, -1,1249, 
          1233, 1232, -1,1249, 1232, 1244, -1,1250, 1234, 1233, -1,1250, 1233, 1249, -1,1251, 
          1235, 1234, -1,1251, 1234, 1250, -1,1252, 1248, 1235, -1,1252, 1235, 1251, -1,1236, 
          1253, 1237, -1,1238, 1254, 1236, -1,1254, 1253, 1236, -1,1237, 1255, 1239, -1,1253, 
          1255, 1237, -1,1245, 1256, 1238, -1,1256, 1254, 1238, -1,1239, 1244, 1243, -1,1239, 
          1243, 1240, -1,1255, 1244, 1239, -1,1240, 1243, 1242, -1,1240, 1242, 1241, -1,1255, 
          1249, 1244, -1,1257, 1256, 1245, -1,1258, 1257, 1245, -1,1258, 1245, 1246, -1,1259, 
          1258, 1246, -1,1259, 1246, 1247, -1,1260, 1259, 1247, -1,1260, 1247, 1248, -1,1261, 
          1260, 1248, -1,1261, 1248, 1252, -1,1262, 1250, 1249, -1,1262, 1249, 1255, -1,1263, 
          1251, 1250, -1,1263, 1250, 1262, -1,1264, 1252, 1251, -1,1264, 1251, 1263, -1,1265, 
          1261, 1252, -1,1265, 1252, 1264, -1,1254, 1266, 1253, -1,1253, 1262, 1255, -1,1266, 
          1262, 1253, -1,1256, 1267, 1254, -1,1267, 1266, 1254, -1,1257, 1268, 1256, -1,1268, 
          1267, 1256, -1,1269, 1268, 1257, -1,1269, 1257, 1258, -1,1270, 1269, 1258, -1,1270, 
          1258, 1259, -1,1271, 1270, 1259, -1,1271, 1259, 1260, -1,1272, 1271, 1260, -1,1272, 
          1260, 1261, -1,1273, 1272, 1261, -1,1273, 1261, 1265, -1,1266, 1263, 1262, -1,1274, 
          1264, 1263, -1,1274, 1263, 1266, -1,1275, 1265, 1264, -1,1275, 1264, 1274, -1,1276, 
          1273, 1265, -1,1276, 1265, 1275, -1,1267, 1274, 1266, -1,1268, 1277, 1267, -1,1277, 
          1274, 1267, -1,1269, 1278, 1268, -1,1278, 1277, 1268, -1,1269, 1270, 1279, -1,1278, 
          1269, 1279, -1,1270, 1271, 1279, -1,1271, 1272, 1279, -1,1272, 1273, 1279, -1,1273, 
          1276, 1279, -1,1277, 1275, 1274, -1,1280, 1276, 1275, -1,1280, 1275, 1277, -1,1276, 
          1280, 1279, -1,1278, 1280, 1277, -1,1280, 1278, 1279, -1,1281, 1282, 1283, -1,1281, 
          1283, 1284, -1,1281, 1284, 1285, -1,1282, 1281, 1286, -1,1281, 1287, 1288, -1,1281, 
          1288, 1286, -1,1285, 1287, 1281, -1,1282, 1286, 1289, -1,1283, 1282, 1289, -1,1283, 
          1289, 1290, -1,1284, 1283, 1290, -1,1284, 1290, 1291, -1,1285, 1284, 1291, -1,1285, 
          1291, 1292, -1,1287, 1285, 1292, -1,1289, 1286, 1293, -1,1286, 1288, 1294, -1,1286, 
          1294, 1293, -1,1287, 1292, 1288, -1,1288, 1292, 1295, -1,1288, 1295, 1294, -1,1289, 
          1293, 1296, -1,1290, 1289, 1296, -1,1290, 1296, 1297, -1,1291, 1290, 1297, -1,1291, 
          1297, 1298, -1,1292, 1291, 1298, -1,1292, 1298, 1295, -1,1296, 1293, 1299, -1,1293, 
          1294, 1300, -1,1293, 1300, 1299, -1,1294, 1295, 1301, -1,1294, 1301, 1300, -1,1295, 
          1298, 1302, -1,1295, 1302, 1301, -1,1296, 1299, 1303, -1,1297, 1296, 1303, -1,1297, 
          1303, 1304, -1,1298, 1297, 1304, -1,1298, 1304, 1302, -1,1299, 1305, 1306, -1,1303, 
          1299, 1306, -1,1299, 1300, 1305, -1,1300, 1301, 1307, -1,1300, 1307, 1305, -1,1301, 
          1302, 1308, -1,1301, 1308, 1307, -1,1302, 1304, 1309, -1,1302, 1309, 1308, -1,1304, 
          1303, 1310, -1,1303, 1306, 1310, -1,1304, 1310, 1309, -1,1306, 1305, 1311, -1,1305, 
          1307, 1312, -1,1305, 1312, 1311, -1,1310, 1306, 1313, -1,1306, 1311, 1313, -1,1307, 
          1308, 1314, -1,1307, 1314, 1312, -1,1308, 1309, 1315, -1,1308, 1315, 1314, -1,1309, 
          1310, 1316, -1,1309, 1316, 1315, -1,1310, 1313, 1316, -1,1311, 1312, 1317, -1,1311, 
          1317, 1318, -1,1313, 1311, 1318, -1,1312, 1314, 1319, -1,1312, 1319, 1317, -1,1316, 
          1313, 1320, -1,1313, 1318, 1320, -1,1314, 1315, 1321, -1,1314, 1321, 1319, -1,1315, 
          1316, 1322, -1,1315, 1322, 1321, -1,1316, 1320, 1322, -1,1321, 1322, 1317, -1,1321, 
          1317, 1319, -1,1322, 1318, 1317, -1,1322, 1320, 1318, -1,1323, 1324, 1325, -1,1323, 
          1325, 1326, -1,1324, 1323, 1327, -1,1323, 1326, 1328, -1,1323, 1328, 1327, -1,1324, 
          1327, 1329, -1,1325, 1324, 1329, -1,1325, 1329, 1330, -1,1326, 1325, 1330, -1,1326, 
          1330, 1328, -1,1329, 1327, 1331, -1,1327, 1328, 1332, -1,1327, 1332, 1331, -1,1328, 
          1330, 1333, -1,1328, 1333, 1332, -1,1329, 1331, 1334, -1,1330, 1329, 1334, -1,1330, 
          1334, 1333, -1,1334, 1331, 1335, -1,1331, 1332, 1336, -1,1331, 1336, 1335, -1,1332, 
          1333, 1337, -1,1332, 1337, 1336, -1,1333, 1334, 1338, -1,1333, 1338, 1337, -1,1334, 
          1335, 1338, -1,1338, 1335, 1339, -1,1335, 1336, 1340, -1,1335, 1340, 1339, -1,1336, 
          1337, 1341, -1,1336, 1341, 1340, -1,1337, 1338, 1342, -1,1337, 1342, 1341, -1,1338, 
          1339, 1342, -1,1342, 1339, 1343, -1,1339, 1340, 1344, -1,1339, 1344, 1343, -1,1340, 
          1341, 1345, -1,1340, 1345, 1344, -1,1341, 1342, 1346, -1,1341, 1346, 1345, -1,1342, 
          1343, 1346, -1,1346, 1343, 1347, -1,1343, 1344, 1348, -1,1343, 1348, 1347, -1,1344, 
          1345, 1349, -1,1344, 1349, 1348, -1,1345, 1346, 1349, -1,1346, 1347, 1349, -1,1349, 
          1347, 1348, -1,1350, 1351, 1352, -1,1350, 1352, 1353, -1,1354, 1351, 1350, -1,1355, 
          1350, 1353, -1,1356, 1354, 1350, -1,1356, 1350, 1355, -1,1354, 1357, 1351, -1,1351, 
          1358, 1359, -1,1351, 1359, 1352, -1,1357, 1358, 1351, -1,1352, 1359, 1360, -1,1353, 
          1352, 1360, -1,1355, 1353, 1361, -1,1361, 1353, 1360, -1,1362, 1357, 1354, -1,1363, 
          1362, 1354, -1,1363, 1354, 1356, -1,1364, 1355, 1361, -1,1365, 1356, 1355, -1,1365, 
          1355, 1364, -1,1366, 1363, 1356, -1,1366, 1356, 1365, -1,1357, 1367, 1358, -1,1362, 
          1368, 1357, -1,1368, 1367, 1357, -1,1358, 1369, 1370, -1,1358, 1370, 1359, -1,1367, 
          1369, 1358, -1,1359, 1370, 1360, -1,1371, 1361, 1360, -1,1372, 1371, 1360, -1,1373, 
          1372, 1360, -1,1370, 1373, 1360, -1,1364, 1361, 1371, -1,1374, 1368, 1362, -1,1375, 
          1374, 1362, -1,1375, 1362, 1363, -1,1376, 1375, 1363, -1,1376, 1363, 1366, -1,1377, 
          1364, 1371, -1,1378, 1365, 1364, -1,1378, 1364, 1377, -1,1379, 1366, 1365, -1,1379, 
          1365, 1378, -1,1380, 1376, 1366, -1,1380, 1366, 1379, -1,1368, 1381, 1367, -1,1367, 
          1382, 1369, -1,1381, 1382, 1367, -1,1374, 1383, 1368, -1,1383, 1381, 1368, -1,1369, 
          1384, 1373, -1,1369, 1373, 1370, -1,1382, 1384, 1369, -1,1377, 1371, 1372, -1,1384, 
          1377, 1372, -1,1384, 1372, 1373, -1,1385, 1383, 1374, -1,1386, 1385, 1374, -1,1386, 
          1374, 1375, -1,1387, 1386, 1375, -1,1387, 1375, 1376, -1,1388, 1387, 1376, -1,1388, 
          1376, 1380, -1,1389, 1378, 1377, -1,1389, 1377, 1384, -1,1390, 1379, 1378, -1,1390, 
          1378, 1389, -1,1391, 1380, 1379, -1,1391, 1379, 1390, -1,1392, 1388, 1380, -1,1392, 
          1380, 1391, -1,1381, 1393, 1382, -1,1383, 1394, 1381, -1,1394, 1393, 1381, -1,1382, 
          1389, 1384, -1,1393, 1389, 1382, -1,1385, 1395, 1383, -1,1395, 1394, 1383, -1,1396, 
          1395, 1385, -1,1397, 1396, 1385, -1,1397, 1385, 1386, -1,1398, 1397, 1386, -1,1398, 
          1386, 1387, -1,1399, 1398, 1387, -1,1399, 1387, 1388, -1,1400, 1399, 1388, -1,1400, 
          1388, 1392, -1,1393, 1390, 1389, -1,1401, 1391, 1390, -1,1401, 1390, 1393, -1,1402, 
          1392, 1391, -1,1402, 1391, 1401, -1,1403, 1400, 1392, -1,1403, 1392, 1402, -1,1394, 
          1401, 1393, -1,1395, 1404, 1394, -1,1404, 1401, 1394, -1,1396, 1405, 1395, -1,1405, 
          1404, 1395, -1,1406, 1405, 1396, -1,1407, 1406, 1396, -1,1407, 1396, 1397, -1,1408, 
          1407, 1397, -1,1408, 1397, 1398, -1,1409, 1408, 1398, -1,1409, 1398, 1399, -1,1410, 
          1409, 1399, -1,1410, 1399, 1400, -1,1411, 1410, 1400, -1,1411, 1400, 1403, -1,1404, 
          1402, 1401, -1,1412, 1403, 1402, -1,1412, 1402, 1404, -1,1413, 1411, 1403, -1,1413, 
          1403, 1412, -1,1405, 1412, 1404, -1,1406, 1414, 1405, -1,1414, 1412, 1405, -1,1406, 
          1407, 1415, -1,1414, 1406, 1415, -1,1407, 1408, 1415, -1,1408, 1409, 1415, -1,1409, 
          1410, 1415, -1,1410, 1411, 1415, -1,1411, 1413, 1415, -1,1414, 1413, 1412, -1,1413, 
          1414, 1415, -1,1416, 1417, 1418, -1,1416, 1418, 1419, -1,1420, 1417, 1416, -1,1421, 
          1416, 1419, -1,1422, 1420, 1416, -1,1422, 1416, 1421, -1,1420, 1423, 1417, -1,1417, 
          1424, 1425, -1,1417, 1425, 1418, -1,1423, 1424, 1417, -1,1418, 1425, 1426, -1,1419, 
          1418, 1426, -1,1421, 1419, 1427, -1,1426, 1428, 1419, -1,1428, 1427, 1419, -1,1429, 
          1423, 1420, -1,1430, 1429, 1420, -1,1430, 1420, 1422, -1,1431, 1421, 1427, -1,1432, 
          1422, 1421, -1,1432, 1421, 1431, -1,1433, 1430, 1422, -1,1433, 1422, 1432, -1,1423, 
          1434, 1424, -1,1429, 1435, 1423, -1,1435, 1434, 1423, -1,1424, 1436, 1437, -1,1424, 
          1437, 1425, -1,1434, 1436, 1424, -1,1425, 1437, 1438, -1,1425, 1438, 1426, -1,1439, 
          1426, 1438, -1,1426, 1439, 1428, -1,1431, 1427, 1440, -1,1427, 1428, 1440, -1,1441, 
          1440, 1428, -1,1441, 1428, 1439, -1,1442, 1435, 1429, -1,1443, 1442, 1429, -1,1443, 
          1429, 1430, -1,1444, 1443, 1430, -1,1444, 1430, 1433, -1,1445, 1431, 1440, -1,1446, 
          1432, 1431, -1,1446, 1431, 1445, -1,1447, 1433, 1432, -1,1447, 1432, 1446, -1,1448, 
          1444, 1433, -1,1448, 1433, 1447, -1,1435, 1449, 1434, -1,1434, 1450, 1436, -1,1449, 
          1450, 1434, -1,1442, 1451, 1435, -1,1451, 1449, 1435, -1,1436, 1452, 1453, -1,1436, 
          1453, 1437, -1,1450, 1452, 1436, -1,1437, 1454, 1438, -1,1437, 1453, 1454, -1,1439, 
          1438, 1454, -1,1439, 1454, 1455, -1,1456, 1441, 1439, -1,1456, 1439, 1455, -1,1445, 
          1440, 1441, -1,1457, 1445, 1441, -1,1457, 1441, 1456, -1,1458, 1451, 1442, -1,1459, 
          1458, 1442, -1,1459, 1442, 1443, -1,1460, 1459, 1443, -1,1460, 1443, 1444, -1,1461, 
          1460, 1444, -1,1461, 1444, 1448, -1,1462, 1446, 1445, -1,1462, 1445, 1457, -1,1463, 
          1447, 1446, -1,1463, 1446, 1462, -1,1464, 1448, 1447, -1,1464, 1447, 1463, -1,1465, 
          1461, 1448, -1,1465, 1448, 1464, -1,1449, 1466, 1450, -1,1451, 1467, 1449, -1,1467, 
          1466, 1449, -1,1450, 1468, 1452, -1,1466, 1468, 1450, -1,1458, 1469, 1451, -1,1469, 
          1467, 1451, -1,1452, 1457, 1456, -1,1452, 1456, 1453, -1,1468, 1457, 1452, -1,1453, 
          1456, 1455, -1,1453, 1455, 1454, -1,1468, 1462, 1457, -1,1470, 1469, 1458, -1,1471, 
          1470, 1458, -1,1471, 1458, 1459, -1,1472, 1471, 1459, -1,1472, 1459, 1460, -1,1473, 
          1472, 1460, -1,1473, 1460, 1461, -1,1474, 1473, 1461, -1,1474, 1461, 1465, -1,1475, 
          1463, 1462, -1,1475, 1462, 1468, -1,1476, 1464, 1463, -1,1476, 1463, 1475, -1,1477, 
          1465, 1464, -1,1477, 1464, 1476, -1,1478, 1474, 1465, -1,1478, 1465, 1477, -1,1467, 
          1479, 1466, -1,1466, 1475, 1468, -1,1479, 1475, 1466, -1,1469, 1480, 1467, -1,1480, 
          1479, 1467, -1,1470, 1481, 1469, -1,1481, 1480, 1469, -1,1482, 1481, 1470, -1,1482, 
          1470, 1471, -1,1483, 1482, 1471, -1,1483, 1471, 1472, -1,1484, 1483, 1472, -1,1484, 
          1472, 1473, -1,1485, 1484, 1473, -1,1485, 1473, 1474, -1,1486, 1485, 1474, -1,1486, 
          1474, 1478, -1,1479, 1476, 1475, -1,1487, 1477, 1476, -1,1487, 1476, 1479, -1,1488, 
          1478, 1477, -1,1488, 1477, 1487, -1,1489, 1486, 1478, -1,1489, 1478, 1488, -1,1480, 
          1487, 1479, -1,1481, 1490, 1480, -1,1490, 1487, 1480, -1,1482, 1491, 1481, -1,1491, 
          1490, 1481, -1,1482, 1483, 1492, -1,1491, 1482, 1492, -1,1483, 1484, 1492, -1,1484, 
          1485, 1492, -1,1485, 1486, 1492, -1,1486, 1489, 1492, -1,1490, 1488, 1487, -1,1493, 
          1489, 1488, -1,1493, 1488, 1490, -1,1489, 1493, 1492, -1,1491, 1493, 1490, -1,1493, 
          1491, 1492, -1,1494, 1495, 1496, -1,1494, 1496, 1497, -1,1495, 1494, 1498, -1,1494, 
          1497, 1499, -1,1494, 1499, 1498, -1,1495, 1498, 1500, -1,1496, 1495, 1500, -1,1496, 
          1500, 1501, -1,1497, 1496, 1501, -1,1497, 1501, 1499, -1,1500, 1498, 1502, -1,1498, 
          1499, 1503, -1,1498, 1503, 1502, -1,1499, 1501, 1504, -1,1499, 1504, 1503, -1,1500, 
          1502, 1505, -1,1501, 1500, 1505, -1,1501, 1505, 1504, -1,1505, 1502, 1506, -1,1502, 
          1503, 1507, -1,1502, 1507, 1506, -1,1503, 1504, 1508, -1,1503, 1508, 1507, -1,1504, 
          1505, 1509, -1,1504, 1509, 1508, -1,1505, 1506, 1509, -1,1509, 1506, 1510, -1,1506, 
          1507, 1511, -1,1506, 1511, 1510, -1,1507, 1508, 1512, -1,1507, 1512, 1511, -1,1508, 
          1509, 1513, -1,1508, 1513, 1512, -1,1509, 1510, 1513, -1,1513, 1510, 1514, -1,1510, 
          1511, 1515, -1,1510, 1515, 1514, -1,1511, 1512, 1516, -1,1511, 1516, 1515, -1,1512, 
          1513, 1517, -1,1512, 1517, 1516, -1,1513, 1514, 1517, -1,1517, 1514, 1518, -1,1514, 
          1515, 1519, -1,1514, 1519, 1518, -1,1515, 1516, 1520, -1,1515, 1520, 1519, -1,1516, 
          1517, 1520, -1,1517, 1518, 1520, -1,1520, 1518, 1519, -1,1521, 1522, 1523, -1,1521, 
          1523, 1524, -1,1521, 1524, 1525, -1,1522, 1521, 1526, -1,1521, 1527, 1528, -1,1521, 
          1528, 1526, -1,1525, 1527, 1521, -1,1522, 1526, 1529, -1,1523, 1522, 1529, -1,1523, 
          1529, 1530, -1,1524, 1523, 1530, -1,1524, 1530, 1531, -1,1525, 1524, 1531, -1,1525, 
          1531, 1532, -1,1527, 1525, 1532, -1,1529, 1526, 1533, -1,1526, 1528, 1534, -1,1526, 
          1534, 1533, -1,1527, 1532, 1528, -1,1528, 1532, 1535, -1,1528, 1535, 1534, -1,1529, 
          1533, 1536, -1,1530, 1529, 1536, -1,1530, 1536, 1537, -1,1531, 1530, 1537, -1,1531, 
          1537, 1538, -1,1532, 1531, 1538, -1,1532, 1538, 1535, -1,1536, 1533, 1539, -1,1533, 
          1534, 1540, -1,1533, 1540, 1539, -1,1534, 1535, 1541, -1,1534, 1541, 1540, -1,1535, 
          1538, 1542, -1,1535, 1542, 1541, -1,1536, 1539, 1543, -1,1537, 1536, 1543, -1,1537, 
          1543, 1544, -1,1538, 1537, 1544, -1,1538, 1544, 1542, -1,1539, 1545, 1546, -1,1543, 
          1539, 1546, -1,1539, 1540, 1545, -1,1540, 1541, 1547, -1,1540, 1547, 1545, -1,1541, 
          1542, 1548, -1,1541, 1548, 1547, -1,1542, 1544, 1549, -1,1542, 1549, 1548, -1,1544, 
          1543, 1550, -1,1543, 1546, 1550, -1,1544, 1550, 1549, -1,1546, 1545, 1551, -1,1545, 
          1547, 1552, -1,1545, 1552, 1551, -1,1550, 1546, 1553, -1,1546, 1551, 1553, -1,1547, 
          1548, 1554, -1,1547, 1554, 1552, -1,1548, 1549, 1555, -1,1548, 1555, 1554, -1,1549, 
          1550, 1556, -1,1549, 1556, 1555, -1,1550, 1553, 1556, -1,1551, 1552, 1557, -1,1551, 
          1557, 1558, -1,1553, 1551, 1558, -1,1552, 1554, 1559, -1,1552, 1559, 1557, -1,1556, 
          1553, 1560, -1,1553, 1558, 1560, -1,1554, 1555, 1561, -1,1554, 1561, 1559, -1,1555, 
          1556, 1562, -1,1555, 1562, 1561, -1,1556, 1560, 1562, -1,1561, 1562, 1557, -1,1561, 
          1557, 1559, -1,1562, 1558, 1557, -1,1562, 1560, 1558, -1,1563, 1564, 1565, -1,1563, 
          1565, 1566, -1,1567, 1564, 1563, -1,1568, 1563, 1566, -1,1569, 1567, 1563, -1,1569, 
          1563, 1568, -1,1567, 1570, 1564, -1,1564, 1571, 1572, -1,1564, 1572, 1565, -1,1570, 
          1571, 1564, -1,1565, 1572, 1573, -1,1566, 1565, 1573, -1,1568, 1566, 1574, -1,1574, 
          1566, 1573, -1,1575, 1570, 1567, -1,1576, 1575, 1567, -1,1576, 1567, 1569, -1,1577, 
          1568, 1574, -1,1578, 1569, 1568, -1,1578, 1568, 1577, -1,1579, 1576, 1569, -1,1579, 
          1569, 1578, -1,1570, 1580, 1571, -1,1575, 1581, 1570, -1,1581, 1580, 1570, -1,1571, 
          1582, 1583, -1,1571, 1583, 1572, -1,1580, 1582, 1571, -1,1572, 1583, 1573, -1,1584, 
          1574, 1573, -1,1585, 1584, 1573, -1,1586, 1585, 1573, -1,1583, 1586, 1573, -1,1577, 
          1574, 1584, -1,1587, 1581, 1575, -1,1588, 1587, 1575, -1,1588, 1575, 1576, -1,1589, 
          1588, 1576, -1,1589, 1576, 1579, -1,1590, 1577, 1585, -1,1591, 1578, 1577, -1,1591, 
          1577, 1590, -1,1584, 1585, 1577, -1,1592, 1579, 1578, -1,1592, 1578, 1591, -1,1593, 
          1589, 1579, -1,1593, 1579, 1592, -1,1581, 1594, 1580, -1,1580, 1595, 1582, -1,1594, 
          1595, 1580, -1,1587, 1596, 1581, -1,1596, 1594, 1581, -1,1582, 1597, 1586, -1,1582, 
          1586, 1583, -1,1595, 1597, 1582, -1,1597, 1590, 1585, -1,1597, 1585, 1586, -1,1598, 
          1596, 1587, -1,1599, 1598, 1587, -1,1599, 1587, 1588, -1,1600, 1599, 1588, -1,1600, 
          1588, 1589, -1,1601, 1600, 1589, -1,1601, 1589, 1593, -1,1602, 1591, 1590, -1,1602, 
          1590, 1597, -1,1603, 1592, 1591, -1,1603, 1591, 1602, -1,1604, 1593, 1592, -1,1604, 
          1592, 1603, -1,1605, 1601, 1593, -1,1605, 1593, 1604, -1,1594, 1606, 1595, -1,1596, 
          1607, 1594, -1,1607, 1606, 1594, -1,1595, 1602, 1597, -1,1606, 1602, 1595, -1,1598, 
          1608, 1596, -1,1608, 1607, 1596, -1,1609, 1608, 1598, -1,1610, 1609, 1598, -1,1610, 
          1598, 1599, -1,1611, 1610, 1599, -1,1611, 1599, 1600, -1,1612, 1611, 1600, -1,1612, 
          1600, 1601, -1,1613, 1612, 1601, -1,1613, 1601, 1605, -1,1606, 1603, 1602, -1,1614, 
          1604, 1603, -1,1614, 1603, 1606, -1,1615, 1605, 1604, -1,1615, 1604, 1614, -1,1616, 
          1613, 1605, -1,1616, 1605, 1615, -1,1607, 1614, 1606, -1,1608, 1617, 1607, -1,1617, 
          1614, 1607, -1,1609, 1618, 1608, -1,1618, 1617, 1608, -1,1619, 1618, 1609, -1,1620, 
          1619, 1609, -1,1620, 1609, 1610, -1,1621, 1620, 1610, -1,1621, 1610, 1611, -1,1622, 
          1621, 1611, -1,1622, 1611, 1612, -1,1623, 1622, 1612, -1,1623, 1612, 1613, -1,1624, 
          1623, 1613, -1,1624, 1613, 1616, -1,1617, 1615, 1614, -1,1625, 1616, 1615, -1,1625, 
          1615, 1617, -1,1626, 1624, 1616, -1,1626, 1616, 1625, -1,1618, 1625, 1617, -1,1619, 
          1627, 1618, -1,1627, 1625, 1618, -1,1628, 1627, 1619, -1,1629, 1628, 1619, -1,1629, 
          1619, 1620, -1,1630, 1629, 1620, -1,1630, 1620, 1621, -1,1631, 1630, 1621, -1,1631, 
          1621, 1622, -1,1632, 1631, 1622, -1,1632, 1622, 1623, -1,1633, 1632, 1623, -1,1633, 
          1623, 1624, -1,1634, 1633, 1624, -1,1634, 1624, 1626, -1,1627, 1626, 1625, -1,1635, 
          1634, 1626, -1,1635, 1626, 1627, -1,1628, 1635, 1627, -1,1636, 1635, 1628, -1,1637, 
          1636, 1628, -1,1637, 1628, 1629, -1,1638, 1637, 1629, -1,1638, 1629, 1630, -1,1639, 
          1638, 1630, -1,1639, 1630, 1631, -1,1640, 1639, 1631, -1,1640, 1631, 1632, -1,1641, 
          1640, 1632, -1,1641, 1632, 1633, -1,1642, 1641, 1633, -1,1642, 1633, 1634, -1,1643, 
          1642, 1634, -1,1643, 1634, 1635, -1,1636, 1643, 1635, -1,1644, 1643, 1636, -1,1645, 
          1644, 1636, -1,1645, 1636, 1637, -1,1646, 1645, 1637, -1,1646, 1637, 1638, -1,1647, 
          1646, 1638, -1,1647, 1638, 1639, -1,1648, 1647, 1639, -1,1648, 1639, 1640, -1,1649, 
          1648, 1640, -1,1649, 1640, 1641, -1,1650, 1649, 1641, -1,1650, 1641, 1642, -1,1651, 
          1650, 1642, -1,1651, 1642, 1643, -1,1644, 1651, 1643, -1,1652, 1651, 1644, -1,1653, 
          1652, 1644, -1,1653, 1644, 1645, -1,1654, 1653, 1645, -1,1654, 1645, 1646, -1,1655, 
          1654, 1646, -1,1655, 1646, 1647, -1,1656, 1655, 1647, -1,1656, 1647, 1648, -1,1657, 
          1656, 1648, -1,1657, 1648, 1649, -1,1658, 1657, 1649, -1,1658, 1649, 1650, -1,1659, 
          1658, 1650, -1,1659, 1650, 1651, -1,1652, 1659, 1651, -1,1660, 1659, 1652, -1,1661, 
          1660, 1652, -1,1661, 1652, 1653, -1,1662, 1661, 1653, -1,1662, 1653, 1654, -1,1663, 
          1662, 1654, -1,1663, 1654, 1655, -1,1664, 1663, 1655, -1,1664, 1655, 1656, -1,1665, 
          1664, 1656, -1,1665, 1656, 1657, -1,1666, 1665, 1657, -1,1666, 1657, 1658, -1,1667, 
          1666, 1658, -1,1667, 1658, 1659, -1,1660, 1667, 1659, -1,1668, 1667, 1660, -1,1668, 
          1660, 1661, -1,1668, 1661, 1662, -1,1668, 1662, 1663, -1,1668, 1663, 1664, -1,1668, 
          1664, 1665, -1,1668, 1665, 1666, -1,1668, 1666, 1667, -1,1669, 1670, 1671, -1,1669, 
          1671, 1672, -1,1672, 1673, 1669, -1,1673, 1674, 1669, -1,1669, 1674, 1675, -1,1669, 
          1675, 1670, -1,1671, 1670, 1676, -1,1676, 1670, 1675, -1,1671, 1676, 1677, -1,1672, 
          1671, 1678, -1,1671, 1677, 1679, -1,1671, 1679, 1678, -1,1672, 1680, 1673, -1,1672, 
          1678, 1681, -1,1672, 1681, 1680, -1,1673, 1682, 1674, -1,1673, 1680, 1683, -1,1673, 
          1683, 1684, -1,1682, 1673, 1684, -1,1682, 1685, 1674, -1,1674, 1685, 1675, -1,1676, 
          1675, 1686, -1,1675, 1685, 1686, -1,1676, 1687, 1688, -1,1676, 1688, 1677, -1,1686, 
          1687, 1676, -1,1677, 1688, 1689, -1,1677, 1689, 1679, -1,1678, 1690, 1691, -1,1678, 
          1691, 1681, -1,1678, 1679, 1692, -1,1678, 1692, 1690, -1,1679, 1689, 1693, -1,1679, 
          1693, 1692, -1,1680, 1681, 1694, -1,1680, 1694, 1683, -1,1681, 1691, 1695, -1,1681, 
          1695, 1694, -1,1682, 1684, 1696, -1,1697, 1682, 1696, -1,1682, 1697, 1685, -1,1684, 
          1683, 1698, -1,1698, 1683, 1694, -1,1684, 1698, 1699, -1,1699, 1696, 1684, -1,1686, 
          1685, 1700, -1,1697, 1700, 1685, -1,1686, 1700, 1687, -1,1687, 1701, 1702, -1,1687, 
          1702, 1688, -1,1687, 1700, 1703, -1,1687, 1703, 1701, -1,1688, 1702, 1704, -1,1688, 
          1704, 1689, -1,1689, 1704, 1705, -1,1689, 1705, 1693, -1,1690, 1706, 1707, -1,1690, 
          1707, 1691, -1,1690, 1692, 1708, -1,1690, 1708, 1706, -1,1691, 1707, 1709, -1,1691, 
          1709, 1695, -1,1692, 1693, 1708, -1,1693, 1705, 1710, -1,1693, 1710, 1708, -1,1698, 
          1694, 1711, -1,1711, 1694, 1695, -1,1711, 1695, 1712, -1,1712, 1695, 1709, -1,1699, 
          1713, 1696, -1,1697, 1696, 1713, -1,1713, 1703, 1697, -1,1697, 1703, 1700, -1,1711, 
          1702, 1698, -1,1698, 1702, 1701, -1,1698, 1701, 1699, -1,1701, 1713, 1699, -1,1701, 
          1703, 1713, -1,1711, 1704, 1702, -1,1712, 1705, 1704, -1,1712, 1704, 1711, -1,1714, 
          1710, 1705, -1,1714, 1705, 1712, -1,1706, 1715, 1707, -1,1716, 1715, 1706, -1,1716, 
          1706, 1708, -1,1717, 1709, 1707, -1,1707, 1715, 1717, -1,1708, 1710, 1716, -1,1712, 
          1709, 1714, -1,1717, 1714, 1709, -1,1716, 1710, 1714, -1,1717, 1716, 1714, -1,1717, 
          1715, 1716, -1
        ]
        normalPerVertex TRUE
        normalIndex [
          0, 1, 2, -1,0, 2, 3, -1,4, 0, 3, -1,5, 6, 0, -1,5, 0, 4, -1,6, 1, 0, -1,6, 7, 1, -1,
          1, 8, 9, -1,1, 9, 2, -1,7, 8, 1, -1,2, 9, 10, -1,2, 10, 11, -1,3, 2, 11, -1,4, 3, 
          12, -1,3, 11, 13, -1,12, 3, 13, -1,14, 4, 12, -1,15, 5, 4, -1,15, 4, 14, -1,16, 17, 
          5, -1,16, 5, 15, -1,17, 6, 5, -1,17, 18, 6, -1,18, 7, 6, -1,7, 19, 8, -1,18, 20, 
          7, -1,20, 19, 7, -1,21, 9, 8, -1,21, 8, 19, -1,21, 10, 9, -1,11, 10, 22, -1,21, 22, 
          10, -1,11, 22, 23, -1,13, 11, 23, -1,12, 13, 24, -1,14, 12, 25, -1,25, 12, 24, -1,
          13, 23, 26, -1,24, 13, 26, -1,27, 14, 25, -1,28, 15, 14, -1,28, 14, 27, -1,29, 16, 
          15, -1,29, 15, 28, -1,30, 31, 16, -1,30, 16, 29, -1,31, 17, 16, -1,31, 32, 17, -1,
          32, 18, 17, -1,32, 33, 18, -1,33, 20, 18, -1,20, 34, 19, -1,21, 19, 34, -1,33, 35, 
          20, -1,35, 34, 20, -1,21, 34, 36, -1,21, 36, 37, -1,21, 37, 38, -1,21, 38, 22, -1,
          23, 22, 38, -1,23, 38, 39, -1,26, 23, 39, -1,25, 24, 40, -1,24, 26, 41, -1,40, 24, 
          41, -1,27, 25, 42, -1,42, 25, 40, -1,26, 39, 43, -1,41, 26, 43, -1,27, 42, 44, -1,
          28, 27, 44, -1,29, 28, 44, -1,30, 29, 44, -1,45, 31, 30, -1,45, 30, 44, -1,45, 46, 
          31, -1,46, 32, 31, -1,46, 47, 32, -1,47, 33, 32, -1,47, 48, 33, -1,48, 35, 33, -1,
          35, 36, 34, -1,48, 49, 35, -1,49, 36, 35, -1,49, 37, 36, -1,39, 38, 37, -1,39, 37, 
          49, -1,43, 39, 49, -1,40, 41, 50, -1,42, 40, 51, -1,51, 40, 50, -1,41, 43, 52, -1,
          50, 41, 52, -1,42, 51, 44, -1,43, 49, 48, -1,52, 43, 48, -1,51, 53, 44, -1,53, 54, 
          44, -1,54, 45, 44, -1,54, 46, 45, -1,55, 47, 46, -1,54, 55, 46, -1,52, 48, 47, -1,
          55, 52, 47, -1,51, 50, 53, -1,50, 52, 55, -1,53, 50, 55, -1,53, 55, 54, -1,56, 57, 
          58, -1,56, 58, 59, -1,60, 57, 56, -1,56, 59, 61, -1,60, 56, 61, -1,60, 62, 57, -1,
          57, 63, 64, -1,57, 64, 58, -1,62, 63, 57, -1,59, 58, 65, -1,58, 64, 66, -1,58, 66, 
          65, -1,59, 65, 67, -1,59, 67, 61, -1,68, 62, 60, -1,68, 60, 61, -1,69, 68, 61, -1,
          70, 69, 61, -1,71, 70, 61, -1,72, 71, 61, -1,67, 72, 61, -1,62, 73, 63, -1,68, 74, 
          62, -1,74, 73, 62, -1,63, 75, 76, -1,63, 76, 64, -1,73, 75, 63, -1,64, 76, 77, -1,
          64, 77, 66, -1,67, 65, 78, -1,65, 66, 79, -1,65, 79, 78, -1,66, 77, 80, -1,66, 80, 
          79, -1,67, 78, 72, -1,69, 74, 68, -1,69, 81, 74, -1,70, 81, 69, -1,70, 82, 81, -1,
          71, 82, 70, -1,71, 83, 82, -1,72, 83, 71, -1,72, 78, 83, -1,74, 84, 73, -1,73, 85, 
          75, -1,84, 85, 73, -1,81, 84, 74, -1,85, 86, 75, -1,86, 76, 75, -1,86, 87, 76, -1,
          76, 87, 88, -1,76, 88, 77, -1,77, 88, 89, -1,77, 89, 80, -1,78, 79, 90, -1,78, 90, 
          83, -1,79, 80, 91, -1,79, 91, 90, -1,80, 89, 92, -1,80, 92, 91, -1,81, 93, 84, -1,
          82, 93, 81, -1,82, 94, 93, -1,83, 94, 82, -1,83, 90, 94, -1,84, 95, 85, -1,93, 95, 
          84, -1,85, 96, 86, -1,95, 96, 85, -1,86, 97, 87, -1,96, 98, 86, -1,86, 98, 99, -1,
          86, 99, 97, -1,97, 100, 87, -1,87, 100, 101, -1,87, 101, 88, -1,88, 101, 102, -1,
          88, 102, 89, -1,89, 102, 103, -1,89, 103, 92, -1,90, 91, 104, -1,90, 104, 94, -1,
          91, 92, 105, -1,91, 105, 104, -1,92, 103, 106, -1,92, 106, 105, -1,93, 107, 95, -1,
          94, 107, 93, -1,94, 104, 107, -1,95, 108, 96, -1,107, 108, 95, -1,96, 109, 98, -1,
          108, 109, 96, -1,97, 99, 100, -1,110, 98, 109, -1,110, 99, 98, -1,110, 100, 99, -1,
          110, 101, 100, -1,110, 102, 101, -1,110, 103, 102, -1,110, 106, 103, -1,104, 105, 
          111, -1,104, 111, 107, -1,105, 106, 112, -1,105, 112, 111, -1,110, 112, 106, -1,107, 
          111, 108, -1,108, 113, 109, -1,111, 113, 108, -1,110, 109, 113, -1,110, 113, 112, -1,
          111, 112, 113, -1,114, 115, 116, -1,114, 116, 117, -1,118, 115, 114, -1,119, 114, 
          117, -1,119, 118, 114, -1,118, 120, 115, -1,115, 121, 122, -1,115, 122, 116, -1,120, 
          121, 115, -1,117, 116, 123, -1,116, 122, 124, -1,116, 124, 123, -1,117, 123, 125, -1,
          119, 117, 125, -1,126, 120, 118, -1,119, 126, 118, -1,119, 125, 127, -1,119, 127, 
          128, -1,119, 128, 129, -1,119, 129, 130, -1,119, 130, 126, -1,120, 131, 121, -1,126, 
          132, 120, -1,132, 131, 120, -1,121, 133, 134, -1,121, 134, 122, -1,131, 133, 121, -1,
          122, 134, 135, -1,122, 135, 124, -1,125, 123, 136, -1,123, 124, 137, -1,123, 137, 
          136, -1,124, 135, 138, -1,124, 138, 137, -1,125, 136, 127, -1,130, 132, 126, -1,127, 
          136, 139, -1,127, 139, 128, -1,128, 139, 140, -1,128, 140, 129, -1,129, 140, 141, -1,
          129, 141, 130, -1,130, 141, 132, -1,132, 142, 131, -1,131, 143, 133, -1,142, 143, 
          131, -1,141, 142, 132, -1,133, 144, 145, -1,133, 145, 134, -1,143, 144, 133, -1,134, 
          145, 146, -1,134, 146, 135, -1,135, 146, 147, -1,135, 147, 138, -1,136, 137, 148, -1,
          136, 148, 139, -1,137, 138, 149, -1,137, 149, 148, -1,138, 147, 150, -1,138, 150, 
          149, -1,139, 148, 151, -1,139, 151, 140, -1,140, 151, 152, -1,140, 152, 141, -1,141, 
          152, 142, -1,142, 153, 143, -1,152, 153, 142, -1,143, 154, 144, -1,153, 154, 143, -1,
          145, 144, 155, -1,144, 154, 155, -1,146, 145, 155, -1,147, 146, 155, -1,150, 147, 
          155, -1,148, 149, 156, -1,148, 156, 151, -1,149, 150, 157, -1,149, 157, 156, -1,157, 
          150, 155, -1,151, 156, 158, -1,151, 158, 152, -1,152, 158, 153, -1,153, 159, 154, -1,
          158, 159, 153, -1,154, 159, 155, -1,159, 160, 155, -1,160, 157, 155, -1,156, 157, 
          160, -1,156, 160, 158, -1,158, 160, 159, -1,161, 162, 163, -1,161, 163, 164, -1,165, 
          162, 161, -1,166, 165, 161, -1,166, 161, 164, -1,165, 167, 162, -1,167, 168, 162, -1,
          162, 168, 169, -1,162, 169, 163, -1,164, 163, 170, -1,163, 169, 171, -1,163, 171, 
          170, -1,164, 170, 172, -1,166, 164, 172, -1,173, 167, 165, -1,166, 173, 165, -1,166, 
          174, 173, -1,166, 172, 175, -1,166, 175, 176, -1,166, 176, 174, -1,167, 177, 168, -1,
          173, 178, 167, -1,178, 177, 167, -1,177, 179, 168, -1,168, 179, 180, -1,168, 180, 
          169, -1,169, 180, 181, -1,169, 181, 171, -1,172, 170, 182, -1,170, 171, 183, -1,170, 
          183, 182, -1,171, 181, 184, -1,171, 184, 183, -1,172, 182, 175, -1,174, 178, 173, -1,
          174, 185, 178, -1,176, 185, 174, -1,175, 182, 186, -1,175, 186, 176, -1,176, 186, 
          185, -1,178, 187, 177, -1,187, 188, 177, -1,177, 188, 179, -1,185, 187, 178, -1,179, 
          188, 189, -1,180, 179, 189, -1,181, 180, 189, -1,184, 181, 189, -1,182, 183, 190, -1,
          182, 190, 186, -1,183, 184, 191, -1,183, 191, 190, -1,191, 184, 189, -1,185, 192, 
          187, -1,186, 192, 185, -1,186, 190, 192, -1,187, 193, 188, -1,192, 193, 187, -1,188, 
          193, 189, -1,193, 194, 189, -1,194, 191, 189, -1,190, 191, 194, -1,190, 194, 192, -1,
          192, 194, 193, -1,195, 196, 197, -1,195, 197, 198, -1,199, 196, 195, -1,200, 195, 
          198, -1,200, 199, 195, -1,199, 201, 196, -1,196, 202, 203, -1,196, 203, 197, -1,201, 
          202, 196, -1,198, 197, 204, -1,197, 203, 205, -1,197, 205, 204, -1,198, 204, 206, -1,
          200, 198, 206, -1,207, 201, 199, -1,200, 207, 199, -1,200, 206, 208, -1,200, 208, 
          209, -1,200, 209, 210, -1,200, 210, 207, -1,201, 211, 202, -1,207, 212, 201, -1,212, 
          211, 201, -1,213, 202, 211, -1,213, 203, 202, -1,213, 205, 203, -1,206, 204, 214, -1,
          204, 205, 215, -1,204, 215, 214, -1,213, 215, 205, -1,206, 214, 208, -1,210, 212, 
          207, -1,208, 214, 216, -1,208, 216, 209, -1,209, 216, 217, -1,209, 217, 210, -1,210, 
          217, 212, -1,212, 218, 211, -1,213, 211, 218, -1,217, 218, 212, -1,213, 218, 219, -1,
          213, 219, 220, -1,213, 220, 215, -1,214, 215, 220, -1,214, 220, 216, -1,216, 220, 
          219, -1,216, 219, 217, -1,217, 219, 218, -1,221, 222, 223, -1,221, 223, 224, -1,225, 
          222, 221, -1,226, 221, 224, -1,227, 225, 221, -1,227, 221, 226, -1,225, 228, 222, -1,
          222, 229, 230, -1,222, 230, 223, -1,228, 229, 222, -1,224, 223, 231, -1,223, 230, 
          232, -1,223, 232, 231, -1,226, 224, 233, -1,224, 231, 234, -1,233, 224, 234, -1,235, 
          228, 225, -1,236, 235, 225, -1,236, 225, 227, -1,237, 226, 233, -1,237, 227, 226, -1,
          237, 236, 227, -1,228, 238, 229, -1,235, 239, 228, -1,239, 238, 228, -1,229, 240, 
          241, -1,229, 241, 230, -1,238, 240, 229, -1,230, 241, 242, -1,230, 242, 232, -1,234, 
          231, 243, -1,231, 232, 244, -1,231, 244, 243, -1,232, 242, 245, -1,232, 245, 244, -1,
          233, 234, 246, -1,237, 233, 246, -1,234, 243, 247, -1,246, 234, 247, -1,248, 239, 
          235, -1,249, 248, 235, -1,249, 235, 236, -1,237, 249, 236, -1,237, 246, 250, -1,237, 
          250, 251, -1,237, 251, 249, -1,239, 252, 238, -1,238, 253, 240, -1,252, 253, 238, -1,
          248, 254, 239, -1,254, 252, 239, -1,241, 240, 255, -1,240, 253, 255, -1,242, 241, 
          255, -1,245, 242, 255, -1,247, 243, 256, -1,243, 244, 257, -1,243, 257, 256, -1,244, 
          245, 258, -1,244, 258, 257, -1,258, 245, 255, -1,246, 247, 250, -1,247, 256, 259, -1,
          250, 247, 259, -1,259, 254, 248, -1,251, 259, 248, -1,251, 248, 249, -1,250, 259, 
          251, -1,252, 260, 253, -1,254, 261, 252, -1,261, 260, 252, -1,253, 260, 255, -1,259, 
          256, 254, -1,256, 261, 254, -1,260, 262, 255, -1,262, 258, 255, -1,256, 257, 261, -1,
          257, 258, 262, -1,257, 262, 261, -1,261, 262, 260, -1,263, 264, 265, -1,263, 265, 
          266, -1,267, 268, 263, -1,267, 263, 269, -1,269, 263, 266, -1,268, 264, 263, -1,268, 
          270, 264, -1,264, 270, 271, -1,265, 264, 271, -1,266, 265, 272, -1,272, 265, 271, -1,
          269, 266, 273, -1,266, 272, 274, -1,273, 266, 274, -1,275, 276, 267, -1,275, 267, 
          277, -1,277, 267, 269, -1,276, 268, 267, -1,276, 278, 268, -1,278, 270, 268, -1,277, 
          269, 279, -1,279, 269, 273, -1,278, 280, 270, -1,270, 280, 271, -1,281, 272, 271, -1,
          282, 281, 271, -1,283, 282, 271, -1,284, 283, 271, -1,285, 284, 271, -1,280, 285, 
          271, -1,274, 272, 281, -1,273, 274, 286, -1,279, 273, 287, -1,287, 273, 286, -1,274, 
          281, 288, -1,286, 274, 288, -1,289, 276, 275, -1,290, 275, 277, -1,289, 275, 290, -1,
          289, 291, 276, -1,291, 278, 276, -1,277, 279, 292, -1,290, 277, 292, -1,291, 293, 
          278, -1,293, 280, 278, -1,279, 287, 294, -1,292, 279, 294, -1,293, 285, 280, -1,288, 
          281, 282, -1,288, 282, 295, -1,295, 282, 283, -1,295, 283, 296, -1,296, 283, 284, -1,
          296, 284, 297, -1,297, 284, 285, -1,297, 285, 293, -1,287, 286, 298, -1,286, 288, 
          299, -1,298, 286, 299, -1,294, 287, 298, -1,299, 288, 295, -1,300, 291, 289, -1,300, 
          289, 290, -1,292, 301, 290, -1,290, 301, 302, -1,290, 302, 300, -1,300, 302, 291, -1,
          302, 293, 291, -1,294, 303, 292, -1,292, 303, 301, -1,302, 297, 293, -1,298, 299, 
          294, -1,294, 299, 303, -1,299, 295, 303, -1,303, 295, 296, -1,303, 296, 301, -1,301, 
          296, 297, -1,301, 297, 302, -1,304, 305, 306, -1,304, 306, 307, -1,308, 305, 304, -1,
          307, 309, 304, -1,304, 309, 310, -1,304, 310, 308, -1,308, 311, 305, -1,305, 312, 
          313, -1,305, 313, 306, -1,311, 312, 305, -1,307, 306, 314, -1,306, 313, 315, -1,306, 
          315, 314, -1,307, 316, 309, -1,307, 314, 317, -1,317, 316, 307, -1,318, 311, 308, -1,
          308, 310, 319, -1,308, 319, 318, -1,309, 316, 320, -1,310, 309, 320, -1,319, 310, 
          320, -1,311, 321, 312, -1,318, 322, 311, -1,322, 321, 311, -1,323, 313, 312, -1,323, 
          312, 321, -1,323, 315, 313, -1,314, 315, 324, -1,314, 324, 325, -1,317, 314, 325, -1,
          323, 324, 315, -1,317, 326, 316, -1,316, 326, 320, -1,317, 325, 327, -1,328, 326, 
          317, -1,317, 327, 328, -1,329, 322, 318, -1,318, 319, 330, -1,318, 330, 329, -1,330, 
          319, 320, -1,326, 331, 320, -1,332, 330, 320, -1,331, 332, 320, -1,322, 333, 321, -1,
          323, 321, 333, -1,329, 334, 322, -1,334, 333, 322, -1,323, 333, 335, -1,323, 335, 
          336, -1,323, 336, 324, -1,325, 324, 336, -1,325, 336, 337, -1,337, 327, 325, -1,328, 
          331, 326, -1,327, 337, 334, -1,327, 334, 329, -1,329, 332, 327, -1,327, 332, 331, -1,
          327, 331, 328, -1,329, 330, 332, -1,334, 335, 333, -1,337, 335, 334, -1,337, 336, 
          335, -1,338, 339, 340, -1,338, 340, 341, -1,342, 339, 338, -1,343, 338, 341, -1,344, 
          342, 338, -1,344, 338, 343, -1,342, 345, 339, -1,339, 346, 347, -1,339, 347, 340, -1,
          345, 346, 339, -1,340, 347, 348, -1,341, 340, 348, -1,343, 341, 349, -1,348, 350, 
          341, -1,350, 349, 341, -1,351, 345, 342, -1,352, 351, 342, -1,352, 342, 344, -1,353, 
          343, 349, -1,354, 344, 343, -1,354, 343, 353, -1,355, 352, 344, -1,355, 344, 354, -1,
          345, 356, 346, -1,351, 357, 345, -1,357, 356, 345, -1,346, 358, 359, -1,346, 359, 
          347, -1,356, 358, 346, -1,347, 359, 360, -1,347, 360, 348, -1,361, 348, 360, -1,348, 
          361, 350, -1,353, 349, 362, -1,349, 350, 362, -1,363, 362, 350, -1,363, 350, 361, -1,
          364, 357, 351, -1,365, 364, 351, -1,365, 351, 352, -1,366, 365, 352, -1,366, 352, 
          355, -1,367, 353, 362, -1,368, 354, 353, -1,368, 353, 367, -1,369, 355, 354, -1,369, 
          354, 368, -1,370, 366, 355, -1,370, 355, 369, -1,357, 371, 356, -1,356, 372, 358, -1,
          371, 372, 356, -1,364, 373, 357, -1,373, 371, 357, -1,358, 374, 375, -1,358, 375, 
          359, -1,372, 374, 358, -1,359, 376, 360, -1,359, 375, 376, -1,361, 360, 376, -1,361, 
          376, 377, -1,378, 363, 361, -1,378, 361, 377, -1,367, 362, 363, -1,379, 367, 363, -1,
          379, 363, 378, -1,380, 373, 364, -1,381, 380, 364, -1,381, 364, 365, -1,382, 381, 
          365, -1,382, 365, 366, -1,383, 382, 366, -1,383, 366, 370, -1,384, 368, 367, -1,384, 
          367, 379, -1,385, 369, 368, -1,385, 368, 384, -1,386, 370, 369, -1,386, 369, 385, -1,
          387, 383, 370, -1,387, 370, 386, -1,371, 388, 372, -1,373, 389, 371, -1,389, 388, 
          371, -1,372, 390, 374, -1,388, 390, 372, -1,380, 391, 373, -1,391, 389, 373, -1,374, 
          379, 378, -1,374, 378, 375, -1,390, 379, 374, -1,375, 378, 377, -1,375, 377, 376, -1,
          390, 384, 379, -1,392, 391, 380, -1,393, 392, 380, -1,393, 380, 381, -1,394, 393, 
          381, -1,394, 381, 382, -1,395, 394, 382, -1,395, 382, 383, -1,396, 395, 383, -1,396, 
          383, 387, -1,397, 385, 384, -1,397, 384, 390, -1,398, 386, 385, -1,398, 385, 397, -1,
          399, 387, 386, -1,399, 386, 398, -1,400, 396, 387, -1,400, 387, 399, -1,389, 401, 
          388, -1,388, 397, 390, -1,401, 397, 388, -1,391, 402, 389, -1,402, 401, 389, -1,392, 
          403, 391, -1,403, 402, 391, -1,404, 403, 392, -1,404, 392, 393, -1,405, 404, 393, -1,
          405, 393, 394, -1,406, 405, 394, -1,406, 394, 395, -1,407, 406, 395, -1,407, 395, 
          396, -1,408, 407, 396, -1,408, 396, 400, -1,401, 398, 397, -1,409, 399, 398, -1,409, 
          398, 401, -1,410, 400, 399, -1,410, 399, 409, -1,411, 408, 400, -1,411, 400, 410, -1,
          402, 409, 401, -1,403, 412, 402, -1,412, 409, 402, -1,404, 413, 403, -1,413, 412, 
          403, -1,404, 405, 414, -1,413, 404, 414, -1,405, 406, 414, -1,406, 407, 414, -1,407, 
          408, 414, -1,408, 411, 414, -1,412, 410, 409, -1,415, 411, 410, -1,415, 410, 412, -1,
          411, 415, 414, -1,413, 415, 412, -1,415, 413, 414, -1,338, 339, 340, -1,338, 340, 
          341, -1,342, 339, 338, -1,343, 338, 341, -1,344, 342, 338, -1,344, 338, 343, -1,342, 
          345, 339, -1,339, 346, 347, -1,339, 347, 340, -1,345, 346, 339, -1,340, 347, 348, -1,
          341, 340, 348, -1,343, 341, 349, -1,348, 350, 341, -1,350, 349, 341, -1,351, 345, 
          342, -1,352, 351, 342, -1,352, 342, 344, -1,353, 343, 349, -1,354, 344, 343, -1,354, 
          343, 353, -1,355, 352, 344, -1,355, 344, 354, -1,345, 356, 346, -1,351, 357, 345, -1,
          357, 356, 345, -1,346, 358, 359, -1,346, 359, 347, -1,356, 358, 346, -1,347, 359, 
          360, -1,347, 360, 348, -1,361, 348, 360, -1,348, 361, 350, -1,353, 349, 362, -1,349, 
          350, 362, -1,363, 362, 350, -1,363, 350, 361, -1,364, 357, 351, -1,365, 364, 351, -1,
          365, 351, 352, -1,366, 365, 352, -1,366, 352, 355, -1,367, 353, 362, -1,368, 354, 
          353, -1,368, 353, 367, -1,369, 355, 354, -1,369, 354, 368, -1,370, 366, 355, -1,370, 
          355, 369, -1,357, 371, 356, -1,356, 372, 358, -1,371, 372, 356, -1,364, 373, 357, -1,
          373, 371, 357, -1,358, 374, 375, -1,358, 375, 359, -1,372, 374, 358, -1,359, 376, 
          360, -1,359, 375, 376, -1,361, 360, 376, -1,361, 376, 377, -1,378, 363, 361, -1,378, 
          361, 377, -1,367, 362, 363, -1,379, 367, 363, -1,379, 363, 378, -1,380, 373, 364, -1,
          381, 380, 364, -1,381, 364, 365, -1,382, 381, 365, -1,382, 365, 366, -1,383, 382, 
          366, -1,383, 366, 370, -1,384, 368, 367, -1,384, 367, 379, -1,385, 369, 368, -1,385, 
          368, 384, -1,386, 370, 369, -1,386, 369, 385, -1,387, 383, 370, -1,387, 370, 386, -1,
          371, 388, 372, -1,373, 389, 371, -1,389, 388, 371, -1,372, 390, 374, -1,388, 390, 
          372, -1,380, 391, 373, -1,391, 389, 373, -1,374, 379, 378, -1,374, 378, 375, -1,390, 
          379, 374, -1,375, 378, 377, -1,375, 377, 376, -1,390, 384, 379, -1,392, 391, 380, -1,
          393, 392, 380, -1,393, 380, 381, -1,394, 393, 381, -1,394, 381, 382, -1,395, 394, 
          382, -1,395, 382, 383, -1,396, 395, 383, -1,396, 383, 387, -1,397, 385, 384, -1,397, 
          384, 390, -1,398, 386, 385, -1,398, 385, 397, -1,399, 387, 386, -1,399, 386, 398, -1,
          400, 396, 387, -1,400, 387, 399, -1,389, 401, 388, -1,388, 397, 390, -1,401, 397, 
          388, -1,391, 402, 389, -1,402, 401, 389, -1,392, 403, 391, -1,403, 402, 391, -1,404, 
          403, 392, -1,404, 392, 393, -1,405, 404, 393, -1,405, 393, 394, -1,406, 405, 394, -1,
          406, 394, 395, -1,407, 406, 395, -1,407, 395, 396, -1,408, 407, 396, -1,408, 396, 
          400, -1,401, 398, 397, -1,409, 399, 398, -1,409, 398, 401, -1,410, 400, 399, -1,410, 
          399, 409, -1,411, 408, 400, -1,411, 400, 410, -1,402, 409, 401, -1,403, 412, 402, -1,
          412, 409, 402, -1,404, 413, 403, -1,413, 412, 403, -1,404, 405, 414, -1,413, 404, 
          414, -1,405, 406, 414, -1,406, 407, 414, -1,407, 408, 414, -1,408, 411, 414, -1,412, 
          410, 409, -1,415, 411, 410, -1,415, 410, 412, -1,411, 415, 414, -1,413, 415, 412, -1,
          415, 413, 414, -1,416, 417, 418, -1,416, 418, 419, -1,416, 419, 420, -1,416, 420, 
          421, -1,417, 416, 422, -1,416, 421, 423, -1,416, 423, 422, -1,417, 422, 424, -1,418, 
          417, 424, -1,418, 424, 425, -1,419, 418, 425, -1,419, 425, 426, -1,420, 419, 426, -1,
          420, 426, 427, -1,421, 420, 427, -1,421, 427, 423, -1,424, 422, 428, -1,422, 423, 
          429, -1,422, 429, 428, -1,423, 427, 430, -1,423, 430, 429, -1,424, 428, 431, -1,425, 
          424, 431, -1,425, 431, 432, -1,426, 425, 432, -1,426, 432, 433, -1,427, 426, 433, -1,
          427, 433, 430, -1,431, 428, 434, -1,428, 429, 435, -1,428, 435, 434, -1,429, 430, 
          436, -1,429, 436, 435, -1,430, 433, 437, -1,430, 437, 436, -1,431, 434, 438, -1,432, 
          431, 438, -1,432, 438, 439, -1,433, 432, 439, -1,433, 439, 437, -1,438, 434, 440, -1,
          434, 435, 441, -1,434, 441, 440, -1,435, 436, 442, -1,435, 442, 441, -1,436, 437, 
          443, -1,436, 443, 442, -1,437, 439, 444, -1,437, 444, 443, -1,438, 440, 445, -1,439, 
          438, 445, -1,439, 445, 444, -1,445, 440, 446, -1,440, 441, 447, -1,440, 447, 446, -1,
          441, 442, 448, -1,441, 448, 447, -1,442, 443, 449, -1,442, 449, 448, -1,443, 444, 
          450, -1,443, 450, 449, -1,444, 445, 451, -1,444, 451, 450, -1,445, 446, 451, -1,451, 
          446, 452, -1,446, 447, 453, -1,446, 453, 452, -1,447, 448, 454, -1,447, 454, 453, -1,
          448, 449, 455, -1,448, 455, 454, -1,449, 450, 456, -1,449, 456, 455, -1,450, 451, 
          457, -1,450, 457, 456, -1,451, 452, 457, -1,457, 452, 453, -1,457, 453, 454, -1,456, 
          457, 454, -1,456, 454, 455, -1,458, 459, 460, -1,458, 460, 461, -1,459, 458, 462, -1,
          458, 461, 463, -1,458, 463, 462, -1,459, 462, 464, -1,460, 459, 464, -1,460, 464, 
          465, -1,461, 460, 465, -1,461, 465, 463, -1,464, 462, 466, -1,462, 463, 467, -1,462, 
          467, 466, -1,463, 465, 468, -1,463, 468, 467, -1,464, 466, 469, -1,465, 464, 469, -1,
          465, 469, 468, -1,469, 466, 470, -1,466, 467, 471, -1,466, 471, 470, -1,467, 468, 
          472, -1,467, 472, 471, -1,468, 469, 473, -1,468, 473, 472, -1,469, 470, 473, -1,473, 
          470, 474, -1,470, 471, 475, -1,470, 475, 474, -1,471, 472, 476, -1,471, 476, 475, -1,
          472, 473, 477, -1,472, 477, 476, -1,473, 474, 477, -1,477, 474, 478, -1,474, 475, 
          479, -1,474, 479, 478, -1,475, 476, 480, -1,475, 480, 479, -1,476, 477, 481, -1,476, 
          481, 480, -1,477, 478, 481, -1,481, 478, 482, -1,478, 479, 483, -1,478, 483, 482, -1,
          479, 480, 484, -1,479, 484, 483, -1,480, 481, 484, -1,481, 482, 484, -1,484, 482, 
          483, -1,485, 486, 487, -1,485, 487, 488, -1,489, 486, 485, -1,490, 485, 488, -1,491, 
          489, 485, -1,491, 485, 490, -1,489, 492, 486, -1,486, 493, 494, -1,486, 494, 487, -1,
          492, 493, 486, -1,487, 494, 495, -1,488, 487, 495, -1,490, 488, 496, -1,495, 497, 
          488, -1,497, 496, 488, -1,498, 492, 489, -1,499, 498, 489, -1,499, 489, 491, -1,500, 
          490, 496, -1,501, 491, 490, -1,501, 490, 500, -1,502, 499, 491, -1,502, 491, 501, -1,
          492, 503, 493, -1,498, 504, 492, -1,504, 503, 492, -1,493, 505, 506, -1,493, 506, 
          494, -1,503, 505, 493, -1,494, 506, 507, -1,494, 507, 495, -1,508, 495, 507, -1,495, 
          508, 497, -1,500, 496, 509, -1,496, 497, 509, -1,510, 509, 497, -1,510, 497, 508, -1,
          511, 504, 498, -1,512, 511, 498, -1,512, 498, 499, -1,513, 512, 499, -1,513, 499, 
          502, -1,514, 500, 509, -1,515, 501, 500, -1,515, 500, 514, -1,516, 502, 501, -1,516, 
          501, 515, -1,517, 513, 502, -1,517, 502, 516, -1,504, 518, 503, -1,503, 519, 505, -1,
          518, 519, 503, -1,511, 520, 504, -1,520, 518, 504, -1,505, 521, 522, -1,505, 522, 
          506, -1,519, 521, 505, -1,506, 523, 507, -1,506, 522, 523, -1,508, 507, 523, -1,508, 
          523, 524, -1,525, 510, 508, -1,525, 508, 524, -1,514, 509, 510, -1,526, 514, 510, -1,
          526, 510, 525, -1,527, 520, 511, -1,528, 527, 511, -1,528, 511, 512, -1,529, 528, 
          512, -1,529, 512, 513, -1,530, 529, 513, -1,530, 513, 517, -1,531, 515, 514, -1,531, 
          514, 526, -1,532, 516, 515, -1,532, 515, 531, -1,533, 517, 516, -1,533, 516, 532, -1,
          534, 530, 517, -1,534, 517, 533, -1,518, 535, 519, -1,520, 536, 518, -1,536, 535, 
          518, -1,519, 537, 521, -1,535, 537, 519, -1,527, 538, 520, -1,538, 536, 520, -1,521, 
          526, 525, -1,521, 525, 522, -1,537, 526, 521, -1,522, 525, 524, -1,522, 524, 523, -1,
          537, 531, 526, -1,539, 538, 527, -1,540, 539, 527, -1,540, 527, 528, -1,541, 540, 
          528, -1,541, 528, 529, -1,542, 541, 529, -1,542, 529, 530, -1,543, 542, 530, -1,543, 
          530, 534, -1,544, 532, 531, -1,544, 531, 537, -1,545, 533, 532, -1,545, 532, 544, -1,
          546, 534, 533, -1,546, 533, 545, -1,547, 543, 534, -1,547, 534, 546, -1,536, 548, 
          535, -1,535, 544, 537, -1,548, 544, 535, -1,538, 549, 536, -1,549, 548, 536, -1,539, 
          550, 538, -1,550, 549, 538, -1,551, 550, 539, -1,551, 539, 540, -1,552, 551, 540, -1,
          552, 540, 541, -1,553, 552, 541, -1,553, 541, 542, -1,554, 553, 542, -1,554, 542, 
          543, -1,555, 554, 543, -1,555, 543, 547, -1,548, 545, 544, -1,556, 546, 545, -1,556, 
          545, 548, -1,557, 547, 546, -1,557, 546, 556, -1,558, 555, 547, -1,558, 547, 557, -1,
          549, 556, 548, -1,550, 559, 549, -1,559, 556, 549, -1,551, 560, 550, -1,560, 559, 
          550, -1,551, 552, 561, -1,560, 551, 561, -1,552, 553, 561, -1,553, 554, 561, -1,554, 
          555, 561, -1,555, 558, 561, -1,559, 557, 556, -1,562, 558, 557, -1,562, 557, 559, -1,
          558, 562, 561, -1,560, 562, 559, -1,562, 560, 561, -1,563, 564, 565, -1,563, 565, 
          566, -1,563, 566, 567, -1,564, 563, 568, -1,563, 569, 570, -1,563, 570, 568, -1,567, 
          569, 563, -1,564, 568, 571, -1,565, 564, 571, -1,565, 571, 572, -1,566, 565, 572, -1,
          566, 572, 573, -1,567, 566, 573, -1,567, 573, 574, -1,569, 567, 574, -1,571, 568, 
          575, -1,568, 570, 576, -1,568, 576, 575, -1,569, 574, 570, -1,570, 574, 577, -1,570, 
          577, 576, -1,571, 575, 578, -1,572, 571, 578, -1,572, 578, 579, -1,573, 572, 579, -1,
          573, 579, 580, -1,574, 573, 580, -1,574, 580, 577, -1,578, 575, 581, -1,575, 576, 
          582, -1,575, 582, 581, -1,576, 577, 583, -1,576, 583, 582, -1,577, 580, 584, -1,577, 
          584, 583, -1,578, 581, 585, -1,579, 578, 585, -1,579, 585, 586, -1,580, 579, 586, -1,
          580, 586, 584, -1,581, 587, 588, -1,585, 581, 588, -1,581, 582, 587, -1,582, 583, 
          589, -1,582, 589, 587, -1,583, 584, 590, -1,583, 590, 589, -1,584, 586, 591, -1,584, 
          591, 590, -1,586, 585, 592, -1,585, 588, 592, -1,586, 592, 591, -1,588, 587, 593, -1,
          587, 589, 594, -1,587, 594, 593, -1,592, 588, 595, -1,588, 593, 595, -1,589, 590, 
          596, -1,589, 596, 594, -1,590, 591, 597, -1,590, 597, 596, -1,591, 592, 598, -1,591, 
          598, 597, -1,592, 595, 598, -1,593, 594, 599, -1,593, 599, 600, -1,595, 593, 600, -1,
          594, 596, 601, -1,594, 601, 599, -1,598, 595, 602, -1,595, 600, 602, -1,596, 597, 
          603, -1,596, 603, 601, -1,597, 598, 604, -1,597, 604, 603, -1,598, 602, 604, -1,603, 
          604, 599, -1,603, 599, 601, -1,604, 600, 599, -1,604, 602, 600, -1,605, 606, 607, -1,
          605, 607, 608, -1,606, 605, 609, -1,605, 608, 610, -1,605, 610, 609, -1,606, 609, 
          611, -1,607, 606, 611, -1,607, 611, 612, -1,608, 607, 612, -1,608, 612, 610, -1,611, 
          609, 613, -1,609, 610, 614, -1,609, 614, 613, -1,610, 612, 615, -1,610, 615, 614, -1,
          611, 613, 616, -1,612, 611, 616, -1,612, 616, 615, -1,616, 613, 617, -1,613, 614, 
          618, -1,613, 618, 617, -1,614, 615, 619, -1,614, 619, 618, -1,615, 616, 620, -1,615, 
          620, 619, -1,616, 617, 620, -1,620, 617, 621, -1,617, 618, 622, -1,617, 622, 621, -1,
          618, 619, 623, -1,618, 623, 622, -1,619, 620, 624, -1,619, 624, 623, -1,620, 621, 
          624, -1,624, 621, 625, -1,621, 622, 626, -1,621, 626, 625, -1,622, 623, 627, -1,622, 
          627, 626, -1,623, 624, 628, -1,623, 628, 627, -1,624, 625, 628, -1,628, 625, 629, -1,
          625, 626, 630, -1,625, 630, 629, -1,626, 627, 631, -1,626, 631, 630, -1,627, 628, 
          631, -1,628, 629, 631, -1,631, 629, 630, -1,632, 633, 634, -1,634, 635, 632, -1,633, 
          632, 636, -1,632, 635, 637, -1,632, 637, 636, -1,633, 636, 638, -1,639, 634, 633, -1,
          639, 633, 638, -1,639, 640, 634, -1,635, 634, 640, -1,635, 640, 641, -1,642, 637, 
          635, -1,642, 635, 641, -1,636, 637, 643, -1,636, 643, 644, -1,636, 644, 645, -1,636, 
          645, 638, -1,646, 643, 637, -1,646, 637, 642, -1,639, 638, 647, -1,648, 647, 638, -1,
          648, 638, 645, -1,649, 640, 639, -1,649, 639, 647, -1,649, 650, 640, -1,641, 640, 
          651, -1,651, 640, 650, -1,641, 651, 652, -1,641, 652, 642, -1,642, 652, 653, -1,642, 
          653, 646, -1,644, 643, 654, -1,646, 654, 643, -1,644, 654, 655, -1,656, 645, 644, -1,
          656, 644, 655, -1,648, 645, 656, -1,646, 657, 654, -1,646, 653, 658, -1,646, 658, 
          657, -1,649, 647, 659, -1,659, 647, 648, -1,659, 648, 660, -1,648, 656, 661, -1,660, 
          648, 661, -1,662, 650, 649, -1,662, 649, 659, -1,651, 650, 663, -1,663, 650, 662, -1,
          651, 663, 664, -1,651, 664, 652, -1,664, 653, 652, -1,665, 658, 653, -1,665, 653, 
          666, -1,653, 664, 667, -1,653, 667, 666, -1,655, 654, 668, -1,669, 668, 654, -1,669, 
          654, 657, -1,655, 668, 670, -1,671, 656, 655, -1,671, 655, 670, -1,661, 656, 671, -1,
          657, 658, 672, -1,657, 672, 669, -1,673, 672, 658, -1,673, 658, 665, -1,662, 659, 
          667, -1,659, 660, 666, -1,659, 666, 667, -1,660, 661, 674, -1,666, 660, 674, -1,661, 
          671, 675, -1,674, 661, 675, -1,667, 663, 662, -1,667, 664, 663, -1,666, 674, 665, -1,
          665, 674, 676, -1,665, 676, 673, -1,677, 678, 668, -1,677, 668, 669, -1,678, 670, 
          668, -1,679, 677, 669, -1,679, 669, 672, -1,678, 680, 670, -1,671, 670, 680, -1,671, 
          680, 681, -1,681, 675, 671, -1,682, 679, 672, -1,682, 672, 673, -1,683, 682, 673, -1,
          683, 673, 676, -1,674, 675, 676, -1,681, 684, 675, -1,676, 675, 684, -1,676, 684, 
          683, -1,685, 686, 677, -1,677, 687, 685, -1,688, 687, 677, -1,688, 677, 679, -1,677, 
          686, 678, -1,686, 680, 678, -1,679, 689, 688, -1,689, 679, 690, -1,690, 679, 682, -1,
          686, 691, 680, -1,681, 680, 691, -1,681, 691, 692, -1,692, 684, 681, -1,690, 682, 
          693, -1,694, 693, 682, -1,694, 682, 683, -1,683, 684, 695, -1,683, 695, 694, -1,692, 
          695, 684, -1,687, 696, 685, -1,685, 696, 697, -1,685, 697, 686, -1,686, 698, 691, -1,
          697, 698, 686, -1,687, 699, 696, -1,700, 699, 687, -1,700, 687, 688, -1,688, 689, 
          701, -1,688, 701, 700, -1,702, 701, 689, -1,702, 689, 690, -1,703, 702, 690, -1,703, 
          690, 693, -1,691, 704, 692, -1,691, 698, 704, -1,704, 695, 692, -1,705, 703, 693, -1,
          694, 705, 693, -1,694, 695, 706, -1,694, 706, 707, -1,694, 707, 705, -1,704, 706, 
          695, -1,697, 696, 699, -1,697, 699, 708, -1,708, 698, 697, -1,708, 709, 698, -1,709, 
          704, 698, -1,708, 699, 700, -1,708, 700, 710, -1,710, 700, 701, -1,710, 701, 702, -1,
          702, 703, 711, -1,702, 711, 710, -1,711, 703, 705, -1,709, 706, 704, -1,711, 705, 
          707, -1,707, 706, 709, -1,707, 709, 711, -1,710, 709, 708, -1,710, 711, 709, -1,712, 
          713, 714, -1,715, 712, 716, -1,717, 712, 714, -1,713, 712, 718, -1,712, 719, 718, -1,
          712, 717, 716, -1,719, 712, 720, -1,712, 715, 720, -1,713, 721, 722, -1,713, 723, 
          714, -1,724, 713, 718, -1,723, 713, 722, -1,721, 713, 725, -1,713, 724, 725, -1,723, 
          717, 714, -1,726, 715, 727, -1,715, 728, 727, -1,729, 715, 730, -1,715, 726, 730, -1,
          728, 715, 716, -1,715, 729, 720, -1,717, 728, 716, -1,717, 723, 731, -1,728, 717, 
          731, -1,719, 724, 718, -1,729, 719, 720, -1,724, 719, 732, -1,719, 733, 732, -1,733, 
          719, 734, -1,719, 729, 734, -1,721, 735, 736, -1,721, 737, 722, -1,738, 721, 725, -1,
          737, 721, 736, -1,735, 721, 739, -1,721, 738, 739, -1,737, 723, 722, -1,723, 737, 
          731, -1,724, 738, 725, -1,740, 724, 732, -1,738, 724, 741, -1,724, 740, 741, -1,742, 
          726, 743, -1,744, 743, 726, -1,745, 726, 746, -1,726, 742, 746, -1,744, 726, 727, -1,
          726, 745, 730, -1,728, 744, 727, -1,744, 728, 731, -1,745, 729, 730, -1,747, 729, 
          748, -1,729, 745, 748, -1,729, 747, 734, -1,743, 744, 731, -1,749, 743, 731, -1,750, 
          749, 731, -1,737, 750, 731, -1,733, 740, 732, -1,747, 733, 734, -1,740, 733, 751, -1,
          733, 752, 751, -1,752, 733, 753, -1,733, 747, 753, -1,735, 754, 755, -1,735, 750, 
          736, -1,756, 735, 739, -1,750, 735, 755, -1,754, 735, 757, -1,735, 756, 757, -1,750, 
          737, 736, -1,738, 756, 739, -1,758, 738, 741, -1,756, 738, 759, -1,738, 758, 759, -1,
          740, 758, 741, -1,760, 740, 751, -1,758, 740, 761, -1,740, 760, 761, -1,754, 742, 
          762, -1,742, 743, 762, -1,763, 742, 764, -1,742, 754, 764, -1,742, 763, 746, -1,743, 
          749, 762, -1,763, 745, 746, -1,765, 745, 766, -1,745, 763, 766, -1,745, 765, 748, -1,
          765, 747, 748, -1,767, 747, 768, -1,747, 765, 768, -1,747, 767, 753, -1,754, 749, 
          755, -1,749, 750, 755, -1,749, 754, 762, -1,752, 760, 751, -1,767, 752, 753, -1,760, 
          752, 769, -1,752, 770, 769, -1,770, 752, 771, -1,752, 767, 771, -1,772, 754, 757, -1,
          754, 772, 764, -1,756, 772, 757, -1,773, 756, 759, -1,772, 756, 774, -1,756, 773, 
          774, -1,758, 773, 759, -1,775, 758, 761, -1,773, 758, 776, -1,758, 775, 776, -1,760, 
          775, 761, -1,777, 760, 769, -1,775, 760, 778, -1,760, 777, 778, -1,772, 763, 764, -1,
          779, 763, 780, -1,763, 772, 780, -1,763, 779, 766, -1,779, 765, 766, -1,781, 765, 
          782, -1,765, 779, 782, -1,765, 781, 768, -1,781, 767, 768, -1,783, 767, 784, -1,767, 
          781, 784, -1,767, 783, 771, -1,770, 777, 769, -1,783, 770, 771, -1,777, 770, 785, -1,
          770, 786, 785, -1,786, 770, 787, -1,770, 783, 787, -1,788, 772, 774, -1,772, 788, 
          780, -1,773, 788, 774, -1,789, 773, 776, -1,788, 773, 790, -1,773, 789, 790, -1,775, 
          789, 776, -1,791, 775, 778, -1,789, 775, 792, -1,775, 791, 792, -1,777, 791, 778, -1,
          793, 777, 785, -1,791, 777, 794, -1,777, 793, 794, -1,788, 779, 780, -1,795, 779, 
          796, -1,779, 788, 796, -1,779, 795, 782, -1,795, 781, 782, -1,797, 781, 798, -1,781, 
          795, 798, -1,781, 797, 784, -1,797, 783, 784, -1,799, 783, 800, -1,783, 797, 800, -1,
          783, 799, 787, -1,786, 793, 785, -1,799, 786, 787, -1,793, 786, 801, -1,786, 802, 
          801, -1,802, 786, 803, -1,786, 799, 803, -1,804, 788, 790, -1,788, 804, 796, -1,789, 
          804, 790, -1,805, 789, 792, -1,804, 789, 806, -1,789, 805, 806, -1,791, 805, 792, -1,
          807, 791, 794, -1,805, 791, 808, -1,791, 807, 808, -1,793, 807, 794, -1,809, 793, 
          801, -1,807, 793, 810, -1,793, 809, 810, -1,804, 795, 796, -1,811, 795, 812, -1,795, 
          804, 812, -1,795, 811, 798, -1,811, 797, 798, -1,813, 797, 814, -1,797, 811, 814, -1,
          797, 813, 800, -1,813, 799, 800, -1,815, 799, 816, -1,799, 813, 816, -1,799, 815, 
          803, -1,802, 809, 801, -1,815, 802, 803, -1,809, 802, 817, -1,802, 818, 817, -1,818, 
          802, 819, -1,802, 815, 819, -1,820, 804, 806, -1,804, 820, 812, -1,805, 820, 806, -1,
          821, 805, 808, -1,820, 805, 822, -1,805, 821, 822, -1,807, 821, 808, -1,823, 807, 
          810, -1,821, 807, 824, -1,807, 823, 824, -1,809, 823, 810, -1,825, 809, 817, -1,823, 
          809, 826, -1,809, 825, 826, -1,820, 811, 812, -1,827, 811, 828, -1,811, 820, 828, -1,
          811, 827, 814, -1,827, 813, 814, -1,829, 813, 830, -1,813, 827, 830, -1,813, 829, 
          816, -1,829, 815, 816, -1,831, 815, 832, -1,815, 829, 832, -1,815, 831, 819, -1,818, 
          825, 817, -1,831, 818, 819, -1,825, 818, 833, -1,818, 834, 833, -1,834, 818, 835, -1,
          818, 831, 835, -1,836, 820, 822, -1,820, 836, 828, -1,821, 836, 822, -1,837, 821, 
          824, -1,836, 821, 838, -1,821, 837, 838, -1,823, 837, 824, -1,839, 823, 826, -1,837, 
          823, 840, -1,823, 839, 840, -1,825, 839, 826, -1,841, 825, 833, -1,839, 825, 842, -1,
          825, 841, 842, -1,836, 827, 828, -1,843, 827, 844, -1,827, 836, 844, -1,827, 843, 
          830, -1,843, 829, 830, -1,845, 829, 846, -1,829, 843, 846, -1,829, 845, 832, -1,845, 
          831, 832, -1,847, 831, 848, -1,831, 845, 848, -1,831, 847, 835, -1,834, 841, 833, -1,
          847, 834, 835, -1,841, 834, 849, -1,834, 850, 849, -1,850, 834, 851, -1,834, 847, 
          851, -1,852, 836, 838, -1,836, 852, 844, -1,837, 852, 838, -1,853, 837, 840, -1,852, 
          837, 854, -1,837, 853, 854, -1,839, 853, 840, -1,855, 839, 842, -1,853, 839, 856, -1,
          839, 855, 856, -1,841, 855, 842, -1,857, 841, 849, -1,855, 841, 858, -1,841, 857, 
          858, -1,852, 843, 844, -1,859, 843, 860, -1,843, 852, 860, -1,843, 859, 846, -1,859, 
          845, 846, -1,861, 845, 862, -1,845, 859, 862, -1,845, 861, 848, -1,861, 847, 848, -1,
          863, 847, 864, -1,847, 861, 864, -1,847, 863, 851, -1,850, 857, 849, -1,863, 850, 
          851, -1,857, 850, 865, -1,850, 866, 865, -1,866, 850, 867, -1,850, 863, 867, -1,868, 
          852, 854, -1,852, 868, 860, -1,853, 868, 854, -1,869, 853, 856, -1,868, 853, 870, -1,
          853, 869, 870, -1,855, 869, 856, -1,871, 855, 858, -1,869, 855, 872, -1,855, 871, 
          872, -1,857, 871, 858, -1,873, 857, 865, -1,871, 857, 874, -1,857, 873, 874, -1,868, 
          859, 860, -1,875, 859, 876, -1,859, 868, 876, -1,859, 875, 862, -1,875, 861, 862, -1,
          877, 861, 878, -1,861, 875, 878, -1,861, 877, 864, -1,877, 863, 864, -1,879, 863, 
          880, -1,863, 877, 880, -1,863, 879, 867, -1,866, 873, 865, -1,879, 866, 867, -1,873, 
          866, 881, -1,866, 882, 881, -1,882, 866, 883, -1,866, 879, 883, -1,884, 868, 870, -1,
          868, 884, 876, -1,869, 884, 870, -1,885, 869, 872, -1,884, 869, 886, -1,869, 885, 
          886, -1,871, 885, 872, -1,887, 871, 874, -1,885, 871, 888, -1,871, 887, 888, -1,873, 
          887, 874, -1,889, 873, 881, -1,887, 873, 890, -1,873, 889, 890, -1,884, 875, 876, -1,
          891, 875, 892, -1,875, 884, 892, -1,875, 891, 878, -1,891, 877, 878, -1,893, 877, 
          894, -1,877, 891, 894, -1,877, 893, 880, -1,893, 879, 880, -1,895, 879, 896, -1,879, 
          893, 896, -1,879, 895, 883, -1,882, 889, 881, -1,895, 882, 883, -1,897, 889, 882, -1,
          897, 882, 895, -1,898, 884, 886, -1,884, 898, 892, -1,885, 898, 886, -1,899, 885, 
          888, -1,898, 885, 900, -1,885, 899, 900, -1,887, 899, 888, -1,901, 887, 890, -1,899, 
          887, 902, -1,887, 901, 902, -1,889, 901, 890, -1,897, 901, 889, -1,898, 891, 892, -1,
          903, 891, 904, -1,891, 898, 904, -1,891, 903, 894, -1,903, 893, 894, -1,905, 893, 
          906, -1,893, 903, 906, -1,893, 905, 896, -1,905, 895, 896, -1,897, 895, 905, -1,897, 
          905, 907, -1,897, 907, 908, -1,897, 908, 909, -1,897, 909, 901, -1,910, 898, 900, -1,
          898, 910, 904, -1,899, 910, 900, -1,909, 899, 902, -1,910, 899, 911, -1,899, 909, 
          911, -1,901, 909, 902, -1,910, 903, 904, -1,907, 903, 912, -1,903, 910, 912, -1,903, 
          907, 906, -1,907, 905, 906, -1,908, 907, 912, -1,909, 908, 911, -1,908, 910, 911, -1,
          910, 908, 912, -1,913, 914, 915, -1,913, 915, 916, -1,917, 914, 913, -1,918, 913, 
          916, -1,919, 917, 913, -1,919, 913, 918, -1,917, 920, 914, -1,914, 921, 922, -1,914, 
          922, 915, -1,920, 921, 914, -1,915, 922, 923, -1,916, 915, 923, -1,918, 916, 924, -1,
          924, 916, 923, -1,925, 920, 917, -1,926, 925, 917, -1,926, 917, 919, -1,927, 918, 
          924, -1,928, 919, 918, -1,928, 918, 927, -1,929, 926, 919, -1,929, 919, 928, -1,920, 
          930, 921, -1,925, 931, 920, -1,931, 930, 920, -1,921, 932, 933, -1,921, 933, 922, -1,
          930, 932, 921, -1,922, 933, 923, -1,934, 924, 923, -1,935, 934, 923, -1,936, 935, 
          923, -1,933, 936, 923, -1,927, 924, 934, -1,937, 931, 925, -1,938, 937, 925, -1,938, 
          925, 926, -1,939, 938, 926, -1,939, 926, 929, -1,940, 927, 935, -1,941, 928, 927, -1,
          941, 927, 940, -1,934, 935, 927, -1,942, 929, 928, -1,942, 928, 941, -1,943, 939, 
          929, -1,943, 929, 942, -1,931, 944, 930, -1,930, 945, 932, -1,944, 945, 930, -1,937, 
          946, 931, -1,946, 944, 931, -1,932, 947, 936, -1,932, 936, 933, -1,945, 947, 932, -1,
          947, 940, 935, -1,947, 935, 936, -1,948, 946, 937, -1,949, 948, 937, -1,949, 937, 
          938, -1,950, 949, 938, -1,950, 938, 939, -1,951, 950, 939, -1,951, 939, 943, -1,952, 
          941, 940, -1,952, 940, 947, -1,953, 942, 941, -1,953, 941, 952, -1,954, 943, 942, -1,
          954, 942, 953, -1,955, 951, 943, -1,955, 943, 954, -1,944, 956, 945, -1,946, 957, 
          944, -1,957, 956, 944, -1,945, 952, 947, -1,956, 952, 945, -1,948, 958, 946, -1,958, 
          957, 946, -1,959, 958, 948, -1,960, 959, 948, -1,960, 948, 949, -1,961, 960, 949, -1,
          961, 949, 950, -1,962, 961, 950, -1,962, 950, 951, -1,963, 962, 951, -1,963, 951, 
          955, -1,956, 953, 952, -1,964, 954, 953, -1,964, 953, 956, -1,965, 955, 954, -1,965, 
          954, 964, -1,966, 963, 955, -1,966, 955, 965, -1,957, 964, 956, -1,958, 967, 957, -1,
          967, 964, 957, -1,959, 968, 958, -1,968, 967, 958, -1,969, 968, 959, -1,970, 969, 
          959, -1,970, 959, 960, -1,971, 970, 960, -1,971, 960, 961, -1,972, 971, 961, -1,972, 
          961, 962, -1,973, 972, 962, -1,973, 962, 963, -1,974, 973, 963, -1,974, 963, 966, -1,
          967, 965, 964, -1,975, 966, 965, -1,975, 965, 967, -1,976, 974, 966, -1,976, 966, 
          975, -1,968, 975, 967, -1,969, 977, 968, -1,977, 975, 968, -1,978, 977, 969, -1,979, 
          978, 969, -1,979, 969, 970, -1,980, 979, 970, -1,980, 970, 971, -1,981, 980, 971, -1,
          981, 971, 972, -1,982, 981, 972, -1,982, 972, 973, -1,983, 982, 973, -1,983, 973, 
          974, -1,984, 983, 974, -1,984, 974, 976, -1,977, 976, 975, -1,985, 984, 976, -1,985, 
          976, 977, -1,978, 985, 977, -1,986, 985, 978, -1,987, 986, 978, -1,987, 978, 979, -1,
          988, 987, 979, -1,988, 979, 980, -1,989, 988, 980, -1,989, 980, 981, -1,990, 989, 
          981, -1,990, 981, 982, -1,991, 990, 982, -1,991, 982, 983, -1,992, 991, 983, -1,992, 
          983, 984, -1,993, 992, 984, -1,993, 984, 985, -1,986, 993, 985, -1,994, 993, 986, -1,
          995, 994, 986, -1,995, 986, 987, -1,996, 995, 987, -1,996, 987, 988, -1,997, 996, 
          988, -1,997, 988, 989, -1,998, 997, 989, -1,998, 989, 990, -1,999, 998, 990, -1,999, 
          990, 991, -1,1000, 999, 991, -1,1000, 991, 992, -1,1001, 1000, 992, -1,1001, 992, 
          993, -1,994, 1001, 993, -1,1002, 1001, 994, -1,1003, 1002, 994, -1,1003, 994, 995, -1,
          1004, 1003, 995, -1,1004, 995, 996, -1,1005, 1004, 996, -1,1005, 996, 997, -1,1006, 
          1005, 997, -1,1006, 997, 998, -1,1007, 1006, 998, -1,1007, 998, 999, -1,1008, 1007, 
          999, -1,1008, 999, 1000, -1,1009, 1008, 1000, -1,1009, 1000, 1001, -1,1002, 1009, 
          1001, -1,1010, 1009, 1002, -1,1011, 1010, 1002, -1,1011, 1002, 1003, -1,1012, 1011, 
          1003, -1,1012, 1003, 1004, -1,1013, 1012, 1004, -1,1013, 1004, 1005, -1,1014, 1013, 
          1005, -1,1014, 1005, 1006, -1,1015, 1014, 1006, -1,1015, 1006, 1007, -1,1016, 1015, 
          1007, -1,1016, 1007, 1008, -1,1017, 1016, 1008, -1,1017, 1008, 1009, -1,1010, 1017, 
          1009, -1,1018, 1017, 1010, -1,1018, 1010, 1011, -1,1018, 1011, 1012, -1,1018, 1012, 
          1013, -1,1018, 1013, 1014, -1,1018, 1014, 1015, -1,1018, 1015, 1016, -1,1018, 1016, 
          1017, -1,1019, 1020, 1021, -1,1019, 1021, 1022, -1,1023, 1020, 1019, -1,1024, 1019, 
          1022, -1,1025, 1023, 1019, -1,1025, 1019, 1024, -1,1023, 1026, 1020, -1,1020, 1027, 
          1028, -1,1020, 1028, 1021, -1,1026, 1027, 1020, -1,1021, 1028, 1029, -1,1022, 1021, 
          1029, -1,1024, 1022, 1030, -1,1030, 1022, 1029, -1,1031, 1026, 1023, -1,1032, 1031, 
          1023, -1,1032, 1023, 1025, -1,1033, 1024, 1030, -1,1034, 1025, 1024, -1,1034, 1024, 
          1033, -1,1035, 1032, 1025, -1,1035, 1025, 1034, -1,1026, 1036, 1027, -1,1031, 1037, 
          1026, -1,1037, 1036, 1026, -1,1027, 1038, 1039, -1,1027, 1039, 1028, -1,1036, 1038, 
          1027, -1,1028, 1039, 1029, -1,1040, 1030, 1029, -1,1041, 1040, 1029, -1,1042, 1041, 
          1029, -1,1039, 1042, 1029, -1,1033, 1030, 1040, -1,1043, 1037, 1031, -1,1044, 1043, 
          1031, -1,1044, 1031, 1032, -1,1045, 1044, 1032, -1,1045, 1032, 1035, -1,1046, 1033, 
          1041, -1,1047, 1034, 1033, -1,1047, 1033, 1046, -1,1040, 1041, 1033, -1,1048, 1035, 
          1034, -1,1048, 1034, 1047, -1,1049, 1045, 1035, -1,1049, 1035, 1048, -1,1037, 1050, 
          1036, -1,1036, 1051, 1038, -1,1050, 1051, 1036, -1,1043, 1052, 1037, -1,1052, 1050, 
          1037, -1,1038, 1053, 1042, -1,1038, 1042, 1039, -1,1051, 1053, 1038, -1,1053, 1046, 
          1041, -1,1053, 1041, 1042, -1,1054, 1052, 1043, -1,1055, 1054, 1043, -1,1055, 1043, 
          1044, -1,1056, 1055, 1044, -1,1056, 1044, 1045, -1,1057, 1056, 1045, -1,1057, 1045, 
          1049, -1,1058, 1047, 1046, -1,1058, 1046, 1053, -1,1059, 1048, 1047, -1,1059, 1047, 
          1058, -1,1060, 1049, 1048, -1,1060, 1048, 1059, -1,1061, 1057, 1049, -1,1061, 1049, 
          1060, -1,1050, 1062, 1051, -1,1052, 1063, 1050, -1,1063, 1062, 1050, -1,1051, 1058, 
          1053, -1,1062, 1058, 1051, -1,1054, 1064, 1052, -1,1064, 1063, 1052, -1,1065, 1064, 
          1054, -1,1066, 1065, 1054, -1,1066, 1054, 1055, -1,1067, 1066, 1055, -1,1067, 1055, 
          1056, -1,1068, 1067, 1056, -1,1068, 1056, 1057, -1,1069, 1068, 1057, -1,1069, 1057, 
          1061, -1,1062, 1059, 1058, -1,1070, 1060, 1059, -1,1070, 1059, 1062, -1,1071, 1061, 
          1060, -1,1071, 1060, 1070, -1,1072, 1069, 1061, -1,1072, 1061, 1071, -1,1063, 1070, 
          1062, -1,1064, 1073, 1063, -1,1073, 1070, 1063, -1,1065, 1074, 1064, -1,1074, 1073, 
          1064, -1,1075, 1074, 1065, -1,1076, 1075, 1065, -1,1076, 1065, 1066, -1,1077, 1076, 
          1066, -1,1077, 1066, 1067, -1,1078, 1077, 1067, -1,1078, 1067, 1068, -1,1079, 1078, 
          1068, -1,1079, 1068, 1069, -1,1080, 1079, 1069, -1,1080, 1069, 1072, -1,1073, 1071, 
          1070, -1,1081, 1072, 1071, -1,1081, 1071, 1073, -1,1082, 1080, 1072, -1,1082, 1072, 
          1081, -1,1074, 1081, 1073, -1,1075, 1083, 1074, -1,1083, 1081, 1074, -1,1084, 1083, 
          1075, -1,1085, 1084, 1075, -1,1085, 1075, 1076, -1,1086, 1085, 1076, -1,1086, 1076, 
          1077, -1,1087, 1086, 1077, -1,1087, 1077, 1078, -1,1088, 1087, 1078, -1,1088, 1078, 
          1079, -1,1089, 1088, 1079, -1,1089, 1079, 1080, -1,1090, 1089, 1080, -1,1090, 1080, 
          1082, -1,1083, 1082, 1081, -1,1091, 1090, 1082, -1,1091, 1082, 1083, -1,1084, 1091, 
          1083, -1,1092, 1091, 1084, -1,1093, 1092, 1084, -1,1093, 1084, 1085, -1,1094, 1093, 
          1085, -1,1094, 1085, 1086, -1,1095, 1094, 1086, -1,1095, 1086, 1087, -1,1096, 1095, 
          1087, -1,1096, 1087, 1088, -1,1097, 1096, 1088, -1,1097, 1088, 1089, -1,1098, 1097, 
          1089, -1,1098, 1089, 1090, -1,1099, 1098, 1090, -1,1099, 1090, 1091, -1,1092, 1099, 
          1091, -1,1100, 1099, 1092, -1,1101, 1100, 1092, -1,1101, 1092, 1093, -1,1102, 1101, 
          1093, -1,1102, 1093, 1094, -1,1103, 1102, 1094, -1,1103, 1094, 1095, -1,1104, 1103, 
          1095, -1,1104, 1095, 1096, -1,1105, 1104, 1096, -1,1105, 1096, 1097, -1,1106, 1105, 
          1097, -1,1106, 1097, 1098, -1,1107, 1106, 1098, -1,1107, 1098, 1099, -1,1100, 1107, 
          1099, -1,1108, 1107, 1100, -1,1109, 1108, 1100, -1,1109, 1100, 1101, -1,1110, 1109, 
          1101, -1,1110, 1101, 1102, -1,1111, 1110, 1102, -1,1111, 1102, 1103, -1,1112, 1111, 
          1103, -1,1112, 1103, 1104, -1,1113, 1112, 1104, -1,1113, 1104, 1105, -1,1114, 1113, 
          1105, -1,1114, 1105, 1106, -1,1115, 1114, 1106, -1,1115, 1106, 1107, -1,1108, 1115, 
          1107, -1,1116, 1115, 1108, -1,1117, 1116, 1108, -1,1117, 1108, 1109, -1,1118, 1117, 
          1109, -1,1118, 1109, 1110, -1,1119, 1118, 1110, -1,1119, 1110, 1111, -1,1120, 1119, 
          1111, -1,1120, 1111, 1112, -1,1121, 1120, 1112, -1,1121, 1112, 1113, -1,1122, 1121, 
          1113, -1,1122, 1113, 1114, -1,1123, 1122, 1114, -1,1123, 1114, 1115, -1,1116, 1123, 
          1115, -1,1124, 1123, 1116, -1,1124, 1116, 1117, -1,1124, 1117, 1118, -1,1124, 1118, 
          1119, -1,1124, 1119, 1120, -1,1124, 1120, 1121, -1,1124, 1121, 1122, -1,1124, 1122, 
          1123, -1,1125, 1126, 1127, -1,1125, 1127, 1128, -1,1129, 1126, 1125, -1,1130, 1125, 
          1128, -1,1131, 1129, 1125, -1,1131, 1125, 1130, -1,1129, 1132, 1126, -1,1126, 1133, 
          1134, -1,1126, 1134, 1127, -1,1132, 1133, 1126, -1,1127, 1134, 1135, -1,1128, 1127, 
          1135, -1,1130, 1128, 1136, -1,1135, 1137, 1128, -1,1137, 1136, 1128, -1,1138, 1132, 
          1129, -1,1139, 1138, 1129, -1,1139, 1129, 1131, -1,1140, 1130, 1136, -1,1141, 1131, 
          1130, -1,1141, 1130, 1140, -1,1142, 1139, 1131, -1,1142, 1131, 1141, -1,1132, 1143, 
          1133, -1,1138, 1144, 1132, -1,1144, 1143, 1132, -1,1133, 1145, 1146, -1,1133, 1146, 
          1134, -1,1143, 1145, 1133, -1,1134, 1146, 1147, -1,1134, 1147, 1135, -1,1148, 1135, 
          1147, -1,1135, 1148, 1137, -1,1140, 1136, 1149, -1,1136, 1137, 1149, -1,1150, 1149, 
          1137, -1,1150, 1137, 1148, -1,1151, 1144, 1138, -1,1152, 1151, 1138, -1,1152, 1138, 
          1139, -1,1153, 1152, 1139, -1,1153, 1139, 1142, -1,1154, 1140, 1149, -1,1155, 1141, 
          1140, -1,1155, 1140, 1154, -1,1156, 1142, 1141, -1,1156, 1141, 1155, -1,1157, 1153, 
          1142, -1,1157, 1142, 1156, -1,1144, 1158, 1143, -1,1143, 1159, 1145, -1,1158, 1159, 
          1143, -1,1151, 1160, 1144, -1,1160, 1158, 1144, -1,1145, 1161, 1162, -1,1145, 1162, 
          1146, -1,1159, 1161, 1145, -1,1146, 1163, 1147, -1,1146, 1162, 1163, -1,1148, 1147, 
          1163, -1,1148, 1163, 1164, -1,1165, 1150, 1148, -1,1165, 1148, 1164, -1,1154, 1149, 
          1150, -1,1166, 1154, 1150, -1,1166, 1150, 1165, -1,1167, 1160, 1151, -1,1168, 1167, 
          1151, -1,1168, 1151, 1152, -1,1169, 1168, 1152, -1,1169, 1152, 1153, -1,1170, 1169, 
          1153, -1,1170, 1153, 1157, -1,1171, 1155, 1154, -1,1171, 1154, 1166, -1,1172, 1156, 
          1155, -1,1172, 1155, 1171, -1,1173, 1157, 1156, -1,1173, 1156, 1172, -1,1174, 1170, 
          1157, -1,1174, 1157, 1173, -1,1158, 1175, 1159, -1,1160, 1176, 1158, -1,1176, 1175, 
          1158, -1,1159, 1177, 1161, -1,1175, 1177, 1159, -1,1167, 1178, 1160, -1,1178, 1176, 
          1160, -1,1161, 1166, 1165, -1,1161, 1165, 1162, -1,1177, 1166, 1161, -1,1162, 1165, 
          1164, -1,1162, 1164, 1163, -1,1177, 1171, 1166, -1,1179, 1178, 1167, -1,1180, 1179, 
          1167, -1,1180, 1167, 1168, -1,1181, 1180, 1168, -1,1181, 1168, 1169, -1,1182, 1181, 
          1169, -1,1182, 1169, 1170, -1,1183, 1182, 1170, -1,1183, 1170, 1174, -1,1184, 1172, 
          1171, -1,1184, 1171, 1177, -1,1185, 1173, 1172, -1,1185, 1172, 1184, -1,1186, 1174, 
          1173, -1,1186, 1173, 1185, -1,1187, 1183, 1174, -1,1187, 1174, 1186, -1,1176, 1188, 
          1175, -1,1175, 1184, 1177, -1,1188, 1184, 1175, -1,1178, 1189, 1176, -1,1189, 1188, 
          1176, -1,1179, 1190, 1178, -1,1190, 1189, 1178, -1,1191, 1190, 1179, -1,1191, 1179, 
          1180, -1,1192, 1191, 1180, -1,1192, 1180, 1181, -1,1193, 1192, 1181, -1,1193, 1181, 
          1182, -1,1194, 1193, 1182, -1,1194, 1182, 1183, -1,1195, 1194, 1183, -1,1195, 1183, 
          1187, -1,1188, 1185, 1184, -1,1196, 1186, 1185, -1,1196, 1185, 1188, -1,1197, 1187, 
          1186, -1,1197, 1186, 1196, -1,1198, 1195, 1187, -1,1198, 1187, 1197, -1,1189, 1196, 
          1188, -1,1190, 1199, 1189, -1,1199, 1196, 1189, -1,1191, 1200, 1190, -1,1200, 1199, 
          1190, -1,1191, 1192, 1201, -1,1200, 1191, 1201, -1,1192, 1193, 1201, -1,1193, 1194, 
          1201, -1,1194, 1195, 1201, -1,1195, 1198, 1201, -1,1199, 1197, 1196, -1,1202, 1198, 
          1197, -1,1202, 1197, 1199, -1,1198, 1202, 1201, -1,1200, 1202, 1199, -1,1202, 1200, 
          1201, -1,1203, 1204, 1205, -1,1203, 1205, 1206, -1,1203, 1206, 1207, -1,1204, 1203, 
          1208, -1,1203, 1209, 1210, -1,1203, 1210, 1208, -1,1207, 1209, 1203, -1,1204, 1208, 
          1211, -1,1205, 1204, 1211, -1,1205, 1211, 1212, -1,1206, 1205, 1212, -1,1206, 1212, 
          1213, -1,1207, 1206, 1213, -1,1207, 1213, 1214, -1,1209, 1207, 1214, -1,1211, 1208, 
          1215, -1,1208, 1210, 1216, -1,1208, 1216, 1215, -1,1209, 1214, 1210, -1,1210, 1214, 
          1217, -1,1210, 1217, 1216, -1,1211, 1215, 1218, -1,1212, 1211, 1218, -1,1212, 1218, 
          1219, -1,1213, 1212, 1219, -1,1213, 1219, 1220, -1,1214, 1213, 1220, -1,1214, 1220, 
          1217, -1,1218, 1215, 1221, -1,1215, 1216, 1222, -1,1215, 1222, 1221, -1,1216, 1217, 
          1223, -1,1216, 1223, 1222, -1,1217, 1220, 1224, -1,1217, 1224, 1223, -1,1218, 1221, 
          1225, -1,1219, 1218, 1225, -1,1219, 1225, 1226, -1,1220, 1219, 1226, -1,1220, 1226, 
          1224, -1,1221, 1227, 1228, -1,1225, 1221, 1228, -1,1221, 1222, 1227, -1,1222, 1223, 
          1229, -1,1222, 1229, 1227, -1,1223, 1224, 1230, -1,1223, 1230, 1229, -1,1224, 1226, 
          1231, -1,1224, 1231, 1230, -1,1226, 1225, 1232, -1,1225, 1228, 1232, -1,1226, 1232, 
          1231, -1,1228, 1227, 1233, -1,1227, 1229, 1234, -1,1227, 1234, 1233, -1,1232, 1228, 
          1235, -1,1228, 1233, 1235, -1,1229, 1230, 1236, -1,1229, 1236, 1234, -1,1230, 1231, 
          1237, -1,1230, 1237, 1236, -1,1231, 1232, 1238, -1,1231, 1238, 1237, -1,1232, 1235, 
          1238, -1,1233, 1234, 1239, -1,1233, 1239, 1240, -1,1235, 1233, 1240, -1,1234, 1236, 
          1241, -1,1234, 1241, 1239, -1,1238, 1235, 1242, -1,1235, 1240, 1242, -1,1236, 1237, 
          1243, -1,1236, 1243, 1241, -1,1237, 1238, 1244, -1,1237, 1244, 1243, -1,1238, 1242, 
          1244, -1,1243, 1244, 1239, -1,1243, 1239, 1241, -1,1244, 1240, 1239, -1,1244, 1242, 
          1240, -1,1245, 1246, 1247, -1,1245, 1247, 1248, -1,1246, 1245, 1249, -1,1245, 1248, 
          1250, -1,1245, 1250, 1249, -1,1246, 1249, 1251, -1,1247, 1246, 1251, -1,1247, 1251, 
          1252, -1,1248, 1247, 1252, -1,1248, 1252, 1250, -1,1251, 1249, 1253, -1,1249, 1250, 
          1254, -1,1249, 1254, 1253, -1,1250, 1252, 1255, -1,1250, 1255, 1254, -1,1251, 1253, 
          1256, -1,1252, 1251, 1256, -1,1252, 1256, 1255, -1,1256, 1253, 1257, -1,1253, 1254, 
          1258, -1,1253, 1258, 1257, -1,1254, 1255, 1259, -1,1254, 1259, 1258, -1,1255, 1256, 
          1260, -1,1255, 1260, 1259, -1,1256, 1257, 1260, -1,1260, 1257, 1261, -1,1257, 1258, 
          1262, -1,1257, 1262, 1261, -1,1258, 1259, 1263, -1,1258, 1263, 1262, -1,1259, 1260, 
          1264, -1,1259, 1264, 1263, -1,1260, 1261, 1264, -1,1264, 1261, 1265, -1,1261, 1262, 
          1266, -1,1261, 1266, 1265, -1,1262, 1263, 1267, -1,1262, 1267, 1266, -1,1263, 1264, 
          1268, -1,1263, 1268, 1267, -1,1264, 1265, 1268, -1,1268, 1265, 1269, -1,1265, 1266, 
          1270, -1,1265, 1270, 1269, -1,1266, 1267, 1271, -1,1266, 1271, 1270, -1,1267, 1268, 
          1271, -1,1268, 1269, 1271, -1,1271, 1269, 1270, -1,1272, 1273, 1274, -1,1272, 1274, 
          1275, -1,1276, 1273, 1272, -1,1277, 1272, 1275, -1,1278, 1276, 1272, -1,1278, 1272, 
          1277, -1,1276, 1279, 1273, -1,1273, 1280, 1281, -1,1273, 1281, 1274, -1,1279, 1280, 
          1273, -1,1274, 1281, 1282, -1,1275, 1274, 1282, -1,1277, 1275, 1283, -1,1283, 1275, 
          1282, -1,1284, 1279, 1276, -1,1285, 1284, 1276, -1,1285, 1276, 1278, -1,1286, 1277, 
          1283, -1,1287, 1278, 1277, -1,1287, 1277, 1286, -1,1288, 1285, 1278, -1,1288, 1278, 
          1287, -1,1279, 1289, 1280, -1,1284, 1290, 1279, -1,1290, 1289, 1279, -1,1280, 1291, 
          1292, -1,1280, 1292, 1281, -1,1289, 1291, 1280, -1,1281, 1292, 1282, -1,1293, 1283, 
          1282, -1,1294, 1293, 1282, -1,1295, 1294, 1282, -1,1292, 1295, 1282, -1,1286, 1283, 
          1293, -1,1296, 1290, 1284, -1,1297, 1296, 1284, -1,1297, 1284, 1285, -1,1298, 1297, 
          1285, -1,1298, 1285, 1288, -1,1299, 1286, 1293, -1,1300, 1287, 1286, -1,1300, 1286, 
          1299, -1,1301, 1288, 1287, -1,1301, 1287, 1300, -1,1302, 1298, 1288, -1,1302, 1288, 
          1301, -1,1290, 1303, 1289, -1,1289, 1304, 1291, -1,1303, 1304, 1289, -1,1296, 1305, 
          1290, -1,1305, 1303, 1290, -1,1291, 1306, 1295, -1,1291, 1295, 1292, -1,1304, 1306, 
          1291, -1,1299, 1293, 1294, -1,1306, 1299, 1294, -1,1306, 1294, 1295, -1,1307, 1305, 
          1296, -1,1308, 1307, 1296, -1,1308, 1296, 1297, -1,1309, 1308, 1297, -1,1309, 1297, 
          1298, -1,1310, 1309, 1298, -1,1310, 1298, 1302, -1,1311, 1300, 1299, -1,1311, 1299, 
          1306, -1,1312, 1301, 1300, -1,1312, 1300, 1311, -1,1313, 1302, 1301, -1,1313, 1301, 
          1312, -1,1314, 1310, 1302, -1,1314, 1302, 1313, -1,1303, 1315, 1304, -1,1305, 1316, 
          1303, -1,1316, 1315, 1303, -1,1304, 1311, 1306, -1,1315, 1311, 1304, -1,1307, 1317, 
          1305, -1,1317, 1316, 1305, -1,1318, 1317, 1307, -1,1319, 1318, 1307, -1,1319, 1307, 
          1308, -1,1320, 1319, 1308, -1,1320, 1308, 1309, -1,1321, 1320, 1309, -1,1321, 1309, 
          1310, -1,1322, 1321, 1310, -1,1322, 1310, 1314, -1,1315, 1312, 1311, -1,1323, 1313, 
          1312, -1,1323, 1312, 1315, -1,1324, 1314, 1313, -1,1324, 1313, 1323, -1,1325, 1322, 
          1314, -1,1325, 1314, 1324, -1,1316, 1323, 1315, -1,1317, 1326, 1316, -1,1326, 1323, 
          1316, -1,1318, 1327, 1317, -1,1327, 1326, 1317, -1,1328, 1327, 1318, -1,1329, 1328, 
          1318, -1,1329, 1318, 1319, -1,1330, 1329, 1319, -1,1330, 1319, 1320, -1,1331, 1330, 
          1320, -1,1331, 1320, 1321, -1,1332, 1331, 1321, -1,1332, 1321, 1322, -1,1333, 1332, 
          1322, -1,1333, 1322, 1325, -1,1326, 1324, 1323, -1,1334, 1325, 1324, -1,1334, 1324, 
          1326, -1,1335, 1333, 1325, -1,1335, 1325, 1334, -1,1327, 1334, 1326, -1,1328, 1336, 
          1327, -1,1336, 1334, 1327, -1,1328, 1329, 1337, -1,1336, 1328, 1337, -1,1329, 1330, 
          1337, -1,1330, 1331, 1337, -1,1331, 1332, 1337, -1,1332, 1333, 1337, -1,1333, 1335, 
          1337, -1,1336, 1335, 1334, -1,1335, 1336, 1337, -1,1338, 1339, 1340, -1,1338, 1340, 
          1341, -1,1342, 1339, 1338, -1,1343, 1338, 1341, -1,1344, 1342, 1338, -1,1344, 1338, 
          1343, -1,1342, 1345, 1339, -1,1339, 1346, 1347, -1,1339, 1347, 1340, -1,1345, 1346, 
          1339, -1,1340, 1347, 1348, -1,1341, 1340, 1348, -1,1343, 1341, 1349, -1,1348, 1350, 
          1341, -1,1350, 1349, 1341, -1,1351, 1345, 1342, -1,1352, 1351, 1342, -1,1352, 1342, 
          1344, -1,1353, 1343, 1349, -1,1354, 1344, 1343, -1,1354, 1343, 1353, -1,1355, 1352, 
          1344, -1,1355, 1344, 1354, -1,1345, 1356, 1346, -1,1351, 1357, 1345, -1,1357, 1356, 
          1345, -1,1346, 1358, 1359, -1,1346, 1359, 1347, -1,1356, 1358, 1346, -1,1347, 1359, 
          1360, -1,1347, 1360, 1348, -1,1361, 1348, 1360, -1,1348, 1361, 1350, -1,1353, 1349, 
          1362, -1,1349, 1350, 1362, -1,1363, 1362, 1350, -1,1363, 1350, 1361, -1,1364, 1357, 
          1351, -1,1365, 1364, 1351, -1,1365, 1351, 1352, -1,1366, 1365, 1352, -1,1366, 1352, 
          1355, -1,1367, 1353, 1362, -1,1368, 1354, 1353, -1,1368, 1353, 1367, -1,1369, 1355, 
          1354, -1,1369, 1354, 1368, -1,1370, 1366, 1355, -1,1370, 1355, 1369, -1,1357, 1371, 
          1356, -1,1356, 1372, 1358, -1,1371, 1372, 1356, -1,1364, 1373, 1357, -1,1373, 1371, 
          1357, -1,1358, 1374, 1375, -1,1358, 1375, 1359, -1,1372, 1374, 1358, -1,1359, 1376, 
          1360, -1,1359, 1375, 1376, -1,1361, 1360, 1376, -1,1361, 1376, 1377, -1,1378, 1363, 
          1361, -1,1378, 1361, 1377, -1,1367, 1362, 1363, -1,1379, 1367, 1363, -1,1379, 1363, 
          1378, -1,1380, 1373, 1364, -1,1381, 1380, 1364, -1,1381, 1364, 1365, -1,1382, 1381, 
          1365, -1,1382, 1365, 1366, -1,1383, 1382, 1366, -1,1383, 1366, 1370, -1,1384, 1368, 
          1367, -1,1384, 1367, 1379, -1,1385, 1369, 1368, -1,1385, 1368, 1384, -1,1386, 1370, 
          1369, -1,1386, 1369, 1385, -1,1387, 1383, 1370, -1,1387, 1370, 1386, -1,1371, 1388, 
          1372, -1,1373, 1389, 1371, -1,1389, 1388, 1371, -1,1372, 1390, 1374, -1,1388, 1390, 
          1372, -1,1380, 1391, 1373, -1,1391, 1389, 1373, -1,1374, 1379, 1378, -1,1374, 1378, 
          1375, -1,1390, 1379, 1374, -1,1375, 1378, 1377, -1,1375, 1377, 1376, -1,1390, 1384, 
          1379, -1,1392, 1391, 1380, -1,1393, 1392, 1380, -1,1393, 1380, 1381, -1,1394, 1393, 
          1381, -1,1394, 1381, 1382, -1,1395, 1394, 1382, -1,1395, 1382, 1383, -1,1396, 1395, 
          1383, -1,1396, 1383, 1387, -1,1397, 1385, 1384, -1,1397, 1384, 1390, -1,1398, 1386, 
          1385, -1,1398, 1385, 1397, -1,1399, 1387, 1386, -1,1399, 1386, 1398, -1,1400, 1396, 
          1387, -1,1400, 1387, 1399, -1,1389, 1401, 1388, -1,1388, 1397, 1390, -1,1401, 1397, 
          1388, -1,1391, 1402, 1389, -1,1402, 1401, 1389, -1,1392, 1403, 1391, -1,1403, 1402, 
          1391, -1,1404, 1403, 1392, -1,1404, 1392, 1393, -1,1405, 1404, 1393, -1,1405, 1393, 
          1394, -1,1406, 1405, 1394, -1,1406, 1394, 1395, -1,1407, 1406, 1395, -1,1407, 1395, 
          1396, -1,1408, 1407, 1396, -1,1408, 1396, 1400, -1,1401, 1398, 1397, -1,1409, 1399, 
          1398, -1,1409, 1398, 1401, -1,1410, 1400, 1399, -1,1410, 1399, 1409, -1,1411, 1408, 
          1400, -1,1411, 1400, 1410, -1,1402, 1409, 1401, -1,1403, 1412, 1402, -1,1412, 1409, 
          1402, -1,1404, 1413, 1403, -1,1413, 1412, 1403, -1,1404, 1405, 1414, -1,1413, 1404, 
          1414, -1,1405, 1406, 1414, -1,1406, 1407, 1414, -1,1407, 1408, 1414, -1,1408, 1411, 
          1414, -1,1412, 1410, 1409, -1,1415, 1411, 1410, -1,1415, 1410, 1412, -1,1411, 1415, 
          1414, -1,1413, 1415, 1412, -1,1415, 1413, 1414, -1,1416, 1417, 1418, -1,1416, 1418, 
          1419, -1,1417, 1416, 1420, -1,1416, 1419, 1421, -1,1416, 1421, 1420, -1,1417, 1420, 
          1422, -1,1418, 1417, 1422, -1,1418, 1422, 1423, -1,1419, 1418, 1423, -1,1419, 1423, 
          1421, -1,1422, 1420, 1424, -1,1420, 1421, 1425, -1,1420, 1425, 1424, -1,1421, 1423, 
          1426, -1,1421, 1426, 1425, -1,1422, 1424, 1427, -1,1423, 1422, 1427, -1,1423, 1427, 
          1426, -1,1427, 1424, 1428, -1,1424, 1425, 1429, -1,1424, 1429, 1428, -1,1425, 1426, 
          1430, -1,1425, 1430, 1429, -1,1426, 1427, 1431, -1,1426, 1431, 1430, -1,1427, 1428, 
          1431, -1,1431, 1428, 1432, -1,1428, 1429, 1433, -1,1428, 1433, 1432, -1,1429, 1430, 
          1434, -1,1429, 1434, 1433, -1,1430, 1431, 1435, -1,1430, 1435, 1434, -1,1431, 1432, 
          1435, -1,1435, 1432, 1436, -1,1432, 1433, 1437, -1,1432, 1437, 1436, -1,1433, 1434, 
          1438, -1,1433, 1438, 1437, -1,1434, 1435, 1439, -1,1434, 1439, 1438, -1,1435, 1436, 
          1439, -1,1439, 1436, 1440, -1,1436, 1437, 1441, -1,1436, 1441, 1440, -1,1437, 1438, 
          1442, -1,1437, 1442, 1441, -1,1438, 1439, 1442, -1,1439, 1440, 1442, -1,1442, 1440, 
          1441, -1,1443, 1444, 1445, -1,1443, 1445, 1446, -1,1443, 1446, 1447, -1,1444, 1443, 
          1448, -1,1443, 1449, 1450, -1,1443, 1450, 1448, -1,1447, 1449, 1443, -1,1444, 1448, 
          1451, -1,1445, 1444, 1451, -1,1445, 1451, 1452, -1,1446, 1445, 1452, -1,1446, 1452, 
          1453, -1,1447, 1446, 1453, -1,1447, 1453, 1454, -1,1449, 1447, 1454, -1,1451, 1448, 
          1455, -1,1448, 1450, 1456, -1,1448, 1456, 1455, -1,1449, 1454, 1450, -1,1450, 1454, 
          1457, -1,1450, 1457, 1456, -1,1451, 1455, 1458, -1,1452, 1451, 1458, -1,1452, 1458, 
          1459, -1,1453, 1452, 1459, -1,1453, 1459, 1460, -1,1454, 1453, 1460, -1,1454, 1460, 
          1457, -1,1458, 1455, 1461, -1,1455, 1456, 1462, -1,1455, 1462, 1461, -1,1456, 1457, 
          1463, -1,1456, 1463, 1462, -1,1457, 1460, 1464, -1,1457, 1464, 1463, -1,1458, 1461, 
          1465, -1,1459, 1458, 1465, -1,1459, 1465, 1466, -1,1460, 1459, 1466, -1,1460, 1466, 
          1464, -1,1461, 1467, 1468, -1,1465, 1461, 1468, -1,1461, 1462, 1467, -1,1462, 1463, 
          1469, -1,1462, 1469, 1467, -1,1463, 1464, 1470, -1,1463, 1470, 1469, -1,1464, 1466, 
          1471, -1,1464, 1471, 1470, -1,1466, 1465, 1472, -1,1465, 1468, 1472, -1,1466, 1472, 
          1471, -1,1468, 1467, 1473, -1,1467, 1469, 1474, -1,1467, 1474, 1473, -1,1472, 1468, 
          1475, -1,1468, 1473, 1475, -1,1469, 1470, 1476, -1,1469, 1476, 1474, -1,1470, 1471, 
          1477, -1,1470, 1477, 1476, -1,1471, 1472, 1478, -1,1471, 1478, 1477, -1,1472, 1475, 
          1478, -1,1473, 1474, 1479, -1,1473, 1479, 1480, -1,1475, 1473, 1480, -1,1474, 1476, 
          1481, -1,1474, 1481, 1479, -1,1478, 1475, 1482, -1,1475, 1480, 1482, -1,1476, 1477, 
          1483, -1,1476, 1483, 1481, -1,1477, 1478, 1484, -1,1477, 1484, 1483, -1,1478, 1482, 
          1484, -1,1483, 1484, 1479, -1,1483, 1479, 1481, -1,1484, 1480, 1479, -1,1484, 1482, 
          1480, -1,1485, 1486, 1487, -1,1485, 1487, 1488, -1,1489, 1486, 1485, -1,1490, 1485, 
          1488, -1,1491, 1489, 1485, -1,1491, 1485, 1490, -1,1489, 1492, 1486, -1,1486, 1493, 
          1494, -1,1486, 1494, 1487, -1,1492, 1493, 1486, -1,1487, 1494, 1495, -1,1488, 1487, 
          1495, -1,1490, 1488, 1496, -1,1496, 1488, 1495, -1,1497, 1492, 1489, -1,1498, 1497, 
          1489, -1,1498, 1489, 1491, -1,1499, 1490, 1496, -1,1500, 1491, 1490, -1,1500, 1490, 
          1499, -1,1501, 1498, 1491, -1,1501, 1491, 1500, -1,1492, 1502, 1493, -1,1497, 1503, 
          1492, -1,1503, 1502, 1492, -1,1493, 1504, 1505, -1,1493, 1505, 1494, -1,1502, 1504, 
          1493, -1,1494, 1505, 1495, -1,1506, 1496, 1495, -1,1507, 1506, 1495, -1,1508, 1507, 
          1495, -1,1505, 1508, 1495, -1,1499, 1496, 1506, -1,1509, 1503, 1497, -1,1510, 1509, 
          1497, -1,1510, 1497, 1498, -1,1511, 1510, 1498, -1,1511, 1498, 1501, -1,1512, 1499, 
          1507, -1,1513, 1500, 1499, -1,1513, 1499, 1512, -1,1506, 1507, 1499, -1,1514, 1501, 
          1500, -1,1514, 1500, 1513, -1,1515, 1511, 1501, -1,1515, 1501, 1514, -1,1503, 1516, 
          1502, -1,1502, 1517, 1504, -1,1516, 1517, 1502, -1,1509, 1518, 1503, -1,1518, 1516, 
          1503, -1,1504, 1519, 1508, -1,1504, 1508, 1505, -1,1517, 1519, 1504, -1,1519, 1512, 
          1507, -1,1519, 1507, 1508, -1,1520, 1518, 1509, -1,1521, 1520, 1509, -1,1521, 1509, 
          1510, -1,1522, 1521, 1510, -1,1522, 1510, 1511, -1,1523, 1522, 1511, -1,1523, 1511, 
          1515, -1,1524, 1513, 1512, -1,1524, 1512, 1519, -1,1525, 1514, 1513, -1,1525, 1513, 
          1524, -1,1526, 1515, 1514, -1,1526, 1514, 1525, -1,1527, 1523, 1515, -1,1527, 1515, 
          1526, -1,1516, 1528, 1517, -1,1518, 1529, 1516, -1,1529, 1528, 1516, -1,1517, 1524, 
          1519, -1,1528, 1524, 1517, -1,1520, 1530, 1518, -1,1530, 1529, 1518, -1,1531, 1530, 
          1520, -1,1532, 1531, 1520, -1,1532, 1520, 1521, -1,1533, 1532, 1521, -1,1533, 1521, 
          1522, -1,1534, 1533, 1522, -1,1534, 1522, 1523, -1,1535, 1534, 1523, -1,1535, 1523, 
          1527, -1,1528, 1525, 1524, -1,1536, 1526, 1525, -1,1536, 1525, 1528, -1,1537, 1527, 
          1526, -1,1537, 1526, 1536, -1,1538, 1535, 1527, -1,1538, 1527, 1537, -1,1529, 1536, 
          1528, -1,1530, 1539, 1529, -1,1539, 1536, 1529, -1,1531, 1540, 1530, -1,1540, 1539, 
          1530, -1,1541, 1540, 1531, -1,1542, 1541, 1531, -1,1542, 1531, 1532, -1,1543, 1542, 
          1532, -1,1543, 1532, 1533, -1,1544, 1543, 1533, -1,1544, 1533, 1534, -1,1545, 1544, 
          1534, -1,1545, 1534, 1535, -1,1546, 1545, 1535, -1,1546, 1535, 1538, -1,1539, 1537, 
          1536, -1,1547, 1538, 1537, -1,1547, 1537, 1539, -1,1548, 1546, 1538, -1,1548, 1538, 
          1547, -1,1540, 1547, 1539, -1,1541, 1549, 1540, -1,1549, 1547, 1540, -1,1550, 1549, 
          1541, -1,1551, 1550, 1541, -1,1551, 1541, 1542, -1,1552, 1551, 1542, -1,1552, 1542, 
          1543, -1,1553, 1552, 1543, -1,1553, 1543, 1544, -1,1554, 1553, 1544, -1,1554, 1544, 
          1545, -1,1555, 1554, 1545, -1,1555, 1545, 1546, -1,1556, 1555, 1546, -1,1556, 1546, 
          1548, -1,1549, 1548, 1547, -1,1557, 1556, 1548, -1,1557, 1548, 1549, -1,1550, 1557, 
          1549, -1,1558, 1557, 1550, -1,1559, 1558, 1550, -1,1559, 1550, 1551, -1,1560, 1559, 
          1551, -1,1560, 1551, 1552, -1,1561, 1560, 1552, -1,1561, 1552, 1553, -1,1562, 1561, 
          1553, -1,1562, 1553, 1554, -1,1563, 1562, 1554, -1,1563, 1554, 1555, -1,1564, 1563, 
          1555, -1,1564, 1555, 1556, -1,1565, 1564, 1556, -1,1565, 1556, 1557, -1,1558, 1565, 
          1557, -1,1566, 1565, 1558, -1,1567, 1566, 1558, -1,1567, 1558, 1559, -1,1568, 1567, 
          1559, -1,1568, 1559, 1560, -1,1569, 1568, 1560, -1,1569, 1560, 1561, -1,1570, 1569, 
          1561, -1,1570, 1561, 1562, -1,1571, 1570, 1562, -1,1571, 1562, 1563, -1,1572, 1571, 
          1563, -1,1572, 1563, 1564, -1,1573, 1572, 1564, -1,1573, 1564, 1565, -1,1566, 1573, 
          1565, -1,1574, 1573, 1566, -1,1575, 1574, 1566, -1,1575, 1566, 1567, -1,1576, 1575, 
          1567, -1,1576, 1567, 1568, -1,1577, 1576, 1568, -1,1577, 1568, 1569, -1,1578, 1577, 
          1569, -1,1578, 1569, 1570, -1,1579, 1578, 1570, -1,1579, 1570, 1571, -1,1580, 1579, 
          1571, -1,1580, 1571, 1572, -1,1581, 1580, 1572, -1,1581, 1572, 1573, -1,1574, 1581, 
          1573, -1,1582, 1581, 1574, -1,1583, 1582, 1574, -1,1583, 1574, 1575, -1,1584, 1583, 
          1575, -1,1584, 1575, 1576, -1,1585, 1584, 1576, -1,1585, 1576, 1577, -1,1586, 1585, 
          1577, -1,1586, 1577, 1578, -1,1587, 1586, 1578, -1,1587, 1578, 1579, -1,1588, 1587, 
          1579, -1,1588, 1579, 1580, -1,1589, 1588, 1580, -1,1589, 1580, 1581, -1,1582, 1589, 
          1581, -1,1590, 1589, 1582, -1,1590, 1582, 1583, -1,1590, 1583, 1584, -1,1590, 1584, 
          1585, -1,1590, 1585, 1586, -1,1590, 1586, 1587, -1,1590, 1587, 1588, -1,1590, 1588, 
          1589, -1,1591, 1592, 1593, -1,1591, 1593, 1594, -1,1594, 1595, 1591, -1,1595, 1596, 
          1591, -1,1591, 1596, 1597, -1,1591, 1597, 1592, -1,1593, 1592, 1598, -1,1598, 1592, 
          1597, -1,1593, 1598, 1599, -1,1594, 1593, 1600, -1,1593, 1599, 1601, -1,1593, 1601, 
          1600, -1,1594, 1602, 1595, -1,1594, 1600, 1603, -1,1594, 1603, 1602, -1,1595, 1604, 
          1596, -1,1595, 1602, 1605, -1,1595, 1605, 1606, -1,1604, 1595, 1606, -1,1604, 1607, 
          1596, -1,1596, 1607, 1597, -1,1598, 1597, 1608, -1,1597, 1607, 1608, -1,1598, 1609, 
          1610, -1,1598, 1610, 1599, -1,1608, 1609, 1598, -1,1599, 1610, 1611, -1,1599, 1611, 
          1601, -1,1600, 1612, 1613, -1,1600, 1613, 1603, -1,1600, 1601, 1614, -1,1600, 1614, 
          1612, -1,1601, 1611, 1615, -1,1601, 1615, 1614, -1,1602, 1603, 1616, -1,1602, 1616, 
          1605, -1,1603, 1613, 1617, -1,1603, 1617, 1616, -1,1604, 1606, 1618, -1,1619, 1604, 
          1618, -1,1604, 1619, 1607, -1,1606, 1605, 1620, -1,1620, 1605, 1616, -1,1606, 1620, 
          1621, -1,1621, 1618, 1606, -1,1608, 1607, 1622, -1,1619, 1622, 1607, -1,1608, 1622, 
          1609, -1,1609, 1623, 1624, -1,1609, 1624, 1610, -1,1609, 1622, 1625, -1,1609, 1625, 
          1623, -1,1610, 1624, 1626, -1,1610, 1626, 1611, -1,1611, 1626, 1627, -1,1611, 1627, 
          1615, -1,1612, 1628, 1629, -1,1612, 1629, 1613, -1,1612, 1614, 1630, -1,1612, 1630, 
          1628, -1,1613, 1629, 1631, -1,1613, 1631, 1617, -1,1614, 1615, 1630, -1,1615, 1627, 
          1632, -1,1615, 1632, 1630, -1,1620, 1616, 1633, -1,1633, 1616, 1617, -1,1633, 1617, 
          1634, -1,1634, 1617, 1631, -1,1621, 1635, 1618, -1,1619, 1618, 1635, -1,1635, 1625, 
          1619, -1,1619, 1625, 1622, -1,1633, 1624, 1620, -1,1620, 1624, 1623, -1,1620, 1623, 
          1621, -1,1623, 1635, 1621, -1,1623, 1625, 1635, -1,1633, 1626, 1624, -1,1634, 1627, 
          1626, -1,1634, 1626, 1633, -1,1636, 1632, 1627, -1,1636, 1627, 1634, -1,1628, 1637, 
          1629, -1,1638, 1637, 1628, -1,1638, 1628, 1630, -1,1639, 1631, 1629, -1,1629, 1637, 
          1639, -1,1630, 1632, 1638, -1,1634, 1631, 1636, -1,1639, 1636, 1631, -1,1638, 1632, 
          1636, -1,1639, 1638, 1636, -1,1639, 1637, 1638, -1
        ]
      }
    }
  ]
}
