# 
# Wavefront OBJ file
# Converted by the DEEP Exploration 2.00.1211
# Right Hemisphere, LTD
# http://www.righthemisphere.com/
# 
mtllib jaw.mtl
# object Object #0
g Object__0
v 0.094317 -0.039218 -0.000777
v 0.094146 -0.037586 -0.000693
v 0.09404 -0.036924 2.3e-005
v 0.094007 -0.038456 2.3e-005
v 0.094724 -0.040041 -0.001636
v 0.095173 -0.038714 -0.002399
v 0.092927 -0.041628 2.3e-005
v 0.089285 -0.043327 -0.000583
v 0.09745 -0.034646 -0.001179
v 0.095514 -0.033212 2.3e-005
v 0.097559 -0.033852 -0.003219
v 0.094146 -0.037586 0.000693
v 0.094317 -0.039218 0.000777
v 0.09745 -0.034646 0.001179
v 0.089285 -0.043327 0.000583
v 0.095071 -0.039286 -0.003704
v 0.094662 -0.037536 -0.00359
v 0.093333 -0.043071 -0.002912
v 0.09332 -0.041821 -0.004924
v 0.087263 -0.049287 -0.001294
v 0.086926 -0.048142 2.3e-005
v 0.087263 -0.049287 0.001294
v 0.087145 -0.048905 -0.003846
v 0.098896 -0.027129 -0.000719
v 0.09872 -0.027389 2.4e-005
v 0.098895 -0.027693 -0.003328
v 0.098896 -0.027129 0.000719
v 0.09416 -0.03574 -0.004493
v 0.096596 -0.030605 -0.00452
v 0.096845 -0.027615 -0.004155
v 0.095173 -0.038714 0.002399
v 0.094724 -0.040041 0.001636
v 0.097559 -0.033852 0.003219
v 0.098895 -0.027693 0.003328
v 0.093333 -0.043071 0.002912
v 0.087145 -0.048905 0.003846
v 0.094086 -0.038494 -0.005118
v 0.086856 -0.047473 -0.004776
v 0.088854 -0.04559 -0.006052
v 0.09305 -0.042626 -0.00674
v 0.09471 -0.039412 -0.006256
v 0.088534 -0.055085 2.3e-005
v 0.088345 -0.054327 -0.003259
v 0.088345 -0.054327 0.003259
v 0.087595 -0.053857 -0.007538
v 0.097417 -0.02703 -0.001603
v 0.097346 -0.027275 -0.003671
v 0.097931 -0.027826 2.4e-005
v 0.097417 -0.02703 0.001603
v 0.097733 -0.027825 -0.000189
v 0.097346 -0.027275 0.003671
v 0.094642 -0.036904 -0.005881
v 0.096449 -0.033631 -0.006199
v 0.096412 -0.026301 -0.005598
v 0.095242 -0.031117 -0.004407
v 0.096157 -0.030033 -0.002936
v 0.094579 -0.029135 -0.005541
v 0.094662 -0.037536 0.00359
v 0.095071 -0.039286 0.003704
v 0.09332 -0.041821 0.004924
v 0.096596 -0.030605 0.00452
v 0.09416 -0.03574 0.004493
v 0.096845 -0.027615 0.004155
v 0.086856 -0.047473 0.004776
v 0.087595 -0.053857 0.007538
v 0.086725 -0.048634 -0.006882
v 0.094837 -0.03917 -0.008323
v 0.092741 -0.042778 -0.00878
v 0.08661 -0.048242 -0.009434
v 0.086789 -0.048676 -0.008438
v 0.094817 -0.037916 -0.008016
v 0.088917 -0.057939 -0.004362
v 0.08945 -0.058208 2.3e-005
v 0.088917 -0.057939 0.004362
v 0.087577 -0.057355 -0.008787
v 0.087577 -0.057355 0.008787
v 0.085999 -0.056609 -0.01302
v 0.086345 -0.052819 -0.011553
v 0.096669 -0.030639 2.4e-005
v 0.096514 -0.030569 -0.000635
v 0.096157 -0.030033 0.002936
v 0.096514 -0.030569 0.000635
v 0.095242 -0.031117 0.004407
v 0.096395 -0.033883 -0.008015
v 0.096963 -0.02964 -0.007361
v 0.096443 -0.02575 -0.007386
v 0.092576 -0.035262 -0.005096
v 0.09226 -0.030908 -0.006425
v 0.08991 -0.034884 -0.007395
v 0.093681 -0.031823 -0.00299
v 0.091975 -0.035587 -0.004266
v 0.095016 -0.030739 -0.003075
v 0.093629 -0.02842 -0.009034
v 0.091932 -0.030473 -0.008437
v 0.095636 -0.025952 -0.008606
v 0.094086 -0.038494 0.005118
v 0.09305 -0.042626 0.00674
v 0.088854 -0.04559 0.006052
v 0.09471 -0.039412 0.006256
v 0.096449 -0.033631 0.006199
v 0.094642 -0.036904 0.005881
v 0.096412 -0.026301 0.005598
v 0.094579 -0.029135 0.005541
v 0.086345 -0.052819 0.011553
v 0.085999 -0.056609 0.01302
v 0.086789 -0.048676 0.008438
v 0.086725 -0.048634 0.006882
v 0.08661 -0.048242 0.009434
v 0.094191 -0.039472 -0.010335
v 0.094148 -0.036976 -0.009709
v 0.092128 -0.042171 -0.011276
v 0.085917 -0.047795 -0.011389
v 0.095546 -0.034067 -0.009738
v 0.0892 -0.060582 -0.004345
v 0.089817 -0.06068 2.4e-005
v 0.087881 -0.06031 -0.008719
v 0.0892 -0.060582 0.004345
v 0.087881 -0.06031 0.008719
v 0.086161 -0.059845 -0.012899
v 0.086161 -0.059845 0.012899
v 0.082804 -0.055944 -0.017295
v 0.083322 -0.052374 -0.015546
v 0.083277 -0.058827 -0.016697
v 0.085557 -0.048491 -0.012916
v 0.084878 -0.048676 -0.014899
v 0.093322 -0.036253 2.3e-005
v 0.092615 -0.033317 -0.001658
v 0.090755 -0.036533 -0.001863
v 0.094337 -0.031553 -0.000979
v 0.090755 -0.036533 0.001863
v 0.092615 -0.033317 0.001658
v 0.094337 -0.031553 0.000979
v 0.095016 -0.030739 0.003075
v 0.093681 -0.031823 0.00299
v 0.08991 -0.034884 0.007395
v 0.09226 -0.030908 0.006425
v 0.092576 -0.035262 0.005096
v 0.091975 -0.035587 0.004266
v 0.096164 -0.029004 -0.009316
v 0.08992 -0.037668 -0.004928
v 0.089095 -0.036956 -0.007134
v 0.089959 -0.034908 -0.009201
v 0.088054 -0.036746 -0.009349
v 0.089497 -0.038081 -0.004638
v 0.089499 -0.038082 -0.002319
v 0.09167 -0.030643 -0.009974
v 0.094239 -0.027286 -0.01059
v 0.094961 -0.02761 -0.010423
v 0.090278 -0.033822 -0.010226
v 0.092741 -0.042778 0.00878
v 0.094837 -0.03917 0.008323
v 0.094817 -0.037916 0.008016
v 0.096395 -0.033883 0.008015
v 0.096963 -0.02964 0.007361
v 0.096443 -0.02575 0.007386
v 0.091932 -0.030473 0.008437
v 0.093629 -0.02842 0.009034
v 0.095636 -0.025952 0.008606
v 0.084988 -0.052374 0.015546
v 0.084469 -0.055944 0.017295
v 0.085917 -0.047795 0.011389
v 0.085557 -0.048491 0.012916
v 0.084878 -0.048676 0.014899
v 0.084942 -0.058827 0.016697
v 0.092128 -0.042171 0.011276
v 0.093831 -0.038672 -0.011303
v 0.093152 -0.034936 -0.010816
v 0.093234 -0.039303 -0.014107
v 0.093289 -0.039026 -0.012291
v 0.087296 -0.043239 -0.013287
v 0.094606 -0.030265 -0.010508
v 0.088743 -0.064431 -0.005062
v 0.088823 -0.063242 2.4e-005
v 0.087909 -0.064235 -0.010009
v 0.088743 -0.064431 0.005062
v 0.085959 -0.064778 -0.014195
v 0.087909 -0.064235 0.010009
v 0.085959 -0.064778 0.014195
v 0.083565 -0.062136 -0.017682
v 0.083565 -0.062136 0.017682
v 0.081286 -0.053387 -0.02167
v 0.081689 -0.052022 -0.019596
v 0.081434 -0.057195 -0.020549
v 0.083572 -0.047834 -0.017795
v 0.080888 -0.060532 -0.021039
v 0.08673 -0.043557 -0.014786
v 0.085834 -0.043413 -0.015978
v 0.089705 -0.038184 2.2e-005
v 0.089499 -0.038082 0.002319
v 0.089497 -0.038081 0.004638
v 0.088054 -0.036746 0.009349
v 0.089959 -0.034908 0.009201
v 0.089095 -0.036956 0.007134
v 0.08992 -0.037668 0.004928
v 0.086207 -0.039462 -0.007935
v 0.087123 -0.040728 -0.004276
v 0.087544 -0.036494 -0.009806
v 0.087302 -0.041946 2.1e-005
v 0.089886 -0.030407 -0.011584
v 0.087992 -0.034241 -0.011304
v 0.09239 -0.028151 -0.010961
v 0.094348 -0.024809 -0.01178
v 0.095581 -0.027611 -0.012296
v 0.094813 -0.025859 -0.013431
v 0.087415 -0.03643 -0.011082
v 0.094191 -0.039472 0.010335
v 0.094148 -0.036976 0.009709
v 0.095546 -0.034067 0.009738
v 0.096164 -0.029004 0.009316
v 0.090278 -0.033822 0.010226
v 0.09167 -0.030643 0.009974
v 0.094239 -0.027286 0.01059
v 0.094961 -0.02761 0.010423
v 0.083355 -0.052022 0.019595
v 0.082951 -0.053387 0.02167
v 0.083572 -0.047834 0.017795
v 0.083099 -0.057195 0.020549
v 0.087296 -0.043239 0.013287
v 0.08673 -0.043557 0.014786
v 0.085834 -0.043413 0.015978
v 0.082554 -0.060532 0.021039
v 0.093289 -0.039026 0.012291
v 0.093234 -0.039303 0.014107
v 0.093831 -0.038672 0.011303
v 0.093091 -0.036759 -0.012177
v 0.095531 -0.032088 -0.012494
v 0.09314 -0.037404 -0.014283
v 0.091506 -0.03845 -0.017254
v 0.091507 -0.037219 -0.016694
v 0.087911 -0.067088 -0.005264
v 0.087528 -0.067117 2.4e-005
v 0.086843 -0.067815 -0.010614
v 0.087911 -0.067088 0.005264
v 0.084653 -0.067398 -0.015221
v 0.086843 -0.067815 0.010614
v 0.081453 -0.066304 -0.018796
v 0.084653 -0.067398 0.015221
v 0.081453 -0.066304 0.018796
v 0.078516 -0.064691 -0.022477
v 0.078516 -0.064691 0.022477
v 0.079139 -0.05481 -0.023581
v 0.078002 -0.052346 -0.022249
v 0.079655 -0.050546 -0.022826
v 0.081648 -0.043427 -0.021488
v 0.078103 -0.059208 -0.02431
v 0.088475 -0.041597 -0.017596
v 0.087002 -0.039943 -0.018936
v 0.075602 -0.062088 -0.025759
v 0.087123 -0.040728 0.004276
v 0.086207 -0.039462 0.007935
v 0.087544 -0.036494 0.009806
v 0.075274 -0.052345 -0.009157
v 0.07579 -0.055172 -0.005771
v 0.084597 -0.038191 -0.011403
v 0.074738 -0.048583 -0.012073
v 0.075537 -0.055863 1.9e-005
v 0.07579 -0.055172 0.005771
v 0.087937 -0.030374 -0.013715
v 0.08696 -0.034036 -0.013521
v 0.089438 -0.027391 -0.014768
v 0.085699 -0.0359 -0.012952
v 0.093734 -0.023968 -0.012971
v 0.0929 -0.024158 -0.014452
v 0.095582 -0.030991 -0.013741
v 0.093776 -0.025117 -0.015357
v 0.093152 -0.034936 0.010816
v 0.094606 -0.030265 0.010508
v 0.087415 -0.03643 0.011082
v 0.087992 -0.034241 0.011304
v 0.089886 -0.030407 0.011584
v 0.09239 -0.028151 0.010961
v 0.094348 -0.024809 0.01178
v 0.095581 -0.027611 0.012296
v 0.094813 -0.025859 0.013431
v 0.079655 -0.050546 0.022826
v 0.078002 -0.052346 0.022249
v 0.081648 -0.043427 0.021488
v 0.080805 -0.05481 0.023581
v 0.087002 -0.039943 0.018936
v 0.088475 -0.041597 0.017596
v 0.078103 -0.059208 0.02431
v 0.091506 -0.03845 0.017254
v 0.075602 -0.062088 0.025759
v 0.093091 -0.036759 0.012177
v 0.09314 -0.037404 0.014283
v 0.091507 -0.037219 0.016694
v 0.094897 -0.03434 -0.014079
v 0.092743 -0.033373 -0.016665
v 0.089234 -0.036706 -0.018508
v 0.088571 -0.033283 -0.016744
v 0.088154 -0.03432 -0.019074
v 0.085527 -0.069359 -0.006249
v 0.085689 -0.069352 2.3e-005
v 0.083975 -0.069339 -0.011804
v 0.085527 -0.069359 0.006249
v 0.081555 -0.06884 -0.016761
v 0.083975 -0.069339 0.011804
v 0.078577 -0.067318 -0.020971
v 0.081555 -0.06884 0.016761
v 0.075205 -0.065607 -0.024613
v 0.078577 -0.067318 0.020971
v 0.075205 -0.065607 0.024613
v 0.071652 -0.063631 -0.027687
v 0.071652 -0.063631 0.027687
v 0.076778 -0.052294 -0.02633
v 0.076319 -0.051167 -0.024274
v 0.075289 -0.057728 -0.027533
v 0.079156 -0.047517 -0.024692
v 0.082098 -0.041238 -0.024688
v 0.085507 -0.0389 -0.020806
v 0.082221 -0.037886 -0.02327
v 0.072573 -0.060076 -0.029181
v 0.087916 -0.036055 -0.019894
v 0.068303 -0.061254 -0.031005
v 0.075274 -0.052345 0.009157
v 0.074738 -0.048583 0.012073
v 0.084597 -0.038191 0.011403
v 0.074845 -0.057554 -0.009009
v 0.075741 -0.059103 -0.004724
v 0.073821 -0.055355 -0.012619
v 0.075867 -0.060741 1.9e-005
v 0.08237 -0.037097 -0.014559
v 0.073952 -0.044384 -0.014525
v 0.084439 -0.035582 -0.01513
v 0.072664 -0.051789 -0.0153
v 0.075741 -0.059103 0.004724
v 0.074845 -0.057554 0.009009
v 0.088527 -0.027824 -0.015988
v 0.085924 -0.032914 -0.016462
v 0.088391 -0.02917 -0.016808
v 0.090158 -0.027714 -0.01692
v 0.094246 -0.029549 -0.016124
v 0.090122 -0.029659 -0.017005
v 0.095531 -0.032088 0.012494
v 0.085699 -0.0359 0.012952
v 0.08696 -0.034036 0.013521
v 0.087937 -0.030374 0.013715
v 0.089438 -0.027391 0.014768
v 0.0929 -0.024158 0.014452
v 0.093734 -0.023968 0.012971
v 0.095582 -0.030991 0.013741
v 0.093776 -0.025117 0.015357
v 0.079156 -0.047517 0.024692
v 0.076319 -0.051167 0.024274
v 0.082098 -0.041238 0.024688
v 0.076778 -0.052294 0.026329
v 0.085507 -0.0389 0.020806
v 0.082221 -0.037886 0.02327
v 0.075289 -0.057728 0.027533
v 0.089234 -0.036706 0.018508
v 0.087916 -0.036055 0.019894
v 0.072573 -0.060076 0.029181
v 0.068303 -0.061254 0.031005
v 0.094897 -0.03434 0.014079
v 0.092743 -0.033373 0.016665
v 0.088571 -0.033283 0.016744
v 0.088154 -0.03432 0.019074
v 0.089936 -0.030705 -0.019352
v 0.087549 -0.036495 -0.021432
v 0.087608 -0.034976 -0.021375
v 0.089371 -0.030728 -0.021625
v 0.083885 -0.069977 -0.00599
v 0.084053 -0.069851 2.2e-005
v 0.082482 -0.069767 -0.011577
v 0.083885 -0.069977 0.00599
v 0.07982 -0.069188 -0.016379
v 0.082482 -0.069767 0.011577
v 0.076406 -0.068203 -0.020254
v 0.07982 -0.069188 0.016379
v 0.072823 -0.066735 -0.023703
v 0.076406 -0.068203 0.020254
v 0.069196 -0.064392 -0.026582
v 0.072823 -0.066735 0.023703
v 0.069196 -0.064392 0.026582
v 0.064244 -0.061306 -0.029359
v 0.064244 -0.061306 0.029359
v 0.07406 -0.053274 -0.029428
v 0.075247 -0.049338 -0.028759
v 0.072441 -0.05675 -0.030612
v 0.076748 -0.046255 -0.02776
v 0.069408 -0.058089 -0.032398
v 0.078089 -0.039563 -0.028354
v 0.078395 -0.036618 -0.026453
v 0.085189 -0.035646 -0.022704
v 0.083947 -0.035033 -0.023327
v 0.082543 -0.035266 -0.024751
v 0.063452 -0.058578 -0.033965
v 0.059667 -0.059175 -0.031824
v 0.073821 -0.055355 0.012619
v 0.072664 -0.051789 0.0153
v 0.073952 -0.044384 0.014525
v 0.08237 -0.037097 0.014559
v 0.084439 -0.035582 0.01513
v 0.078336 -0.066983 -0.010798
v 0.079583 -0.067248 -0.005914
v 0.075759 -0.065689 -0.014436
v 0.079943 -0.068119 2.1e-005
v 0.072789 -0.063698 -0.017337
v 0.079583 -0.067248 0.005914
v 0.079533 -0.036249 -0.01724
v 0.074153 -0.042372 -0.01751
v 0.083426 -0.035082 -0.015791
v 0.080966 -0.034171 -0.018088
v 0.070536 -0.048615 -0.017802
v 0.084472 -0.033745 -0.016349
v 0.069746 -0.061769 -0.020037
v 0.078336 -0.066983 0.010798
v 0.075759 -0.065689 0.014436
v 0.086095 -0.027009 -0.015705
v 0.086588 -0.026111 -0.01726
v 0.086979 -0.026286 -0.01808
v 0.084704 -0.030041 -0.015957
v 0.089985 -0.026228 -0.019154
v 0.087375 -0.025334 -0.018342
v 0.090394 -0.027819 -0.019268
v 0.085924 -0.032914 0.016462
v 0.088527 -0.027824 0.015988
v 0.088391 -0.02917 0.016808
v 0.090158 -0.027714 0.01692
v 0.094246 -0.029549 0.016124
v 0.090122 -0.029659 0.017005
v 0.076748 -0.046255 0.02776
v 0.075247 -0.049338 0.028759
v 0.078089 -0.039563 0.028354
v 0.07406 -0.053274 0.029428
v 0.078395 -0.036618 0.026453
v 0.072441 -0.05675 0.030612
v 0.087549 -0.036495 0.021432
v 0.085189 -0.035646 0.022704
v 0.083947 -0.035033 0.023327
v 0.082543 -0.035266 0.024751
v 0.069408 -0.058089 0.032398
v 0.087608 -0.034976 0.021375
v 0.063452 -0.058578 0.033965
v 0.059667 -0.059175 0.031824
v 0.089936 -0.030705 0.019352
v 0.089371 -0.030728 0.021625
v 0.090236 -0.028302 -0.021084
v 0.085406 -0.033889 -0.022135
v 0.08751 -0.029616 -0.022425
v 0.087424 -0.026763 -0.022022
v 0.082614 -0.070456 -0.005901
v 0.082345 -0.069677 2.2e-005
v 0.08176 -0.070612 -0.01158
v 0.082614 -0.070456 0.005901
v 0.078413 -0.069585 -0.015369
v 0.08176 -0.070612 0.01158
v 0.075016 -0.068225 -0.018888
v 0.078413 -0.069585 0.015369
v 0.071498 -0.066602 -0.022191
v 0.075016 -0.068225 0.018888
v 0.068448 -0.064098 -0.025698
v 0.071498 -0.066602 0.022191
v 0.063724 -0.061592 -0.028771
v 0.068448 -0.064098 0.025698
v 0.063724 -0.061592 0.028771
v 0.059295 -0.058836 -0.031328
v 0.059295 -0.058836 0.031328
v 0.071402 -0.051903 -0.03259
v 0.072448 -0.048647 -0.031973
v 0.069638 -0.054671 -0.033574
v 0.073916 -0.045469 -0.030988
v 0.064903 -0.056069 -0.035233
v 0.058892 -0.055703 -0.036284
v 0.074485 -0.039025 -0.031843
v 0.074483 -0.035612 -0.029373
v 0.070661 -0.044175 -0.03358
v 0.077765 -0.032906 -0.027782
v 0.0789 -0.03315 -0.026879
v 0.080714 -0.034667 -0.025569
v 0.08347 -0.032006 -0.021089
v 0.082277 -0.033269 -0.024377
v 0.080902 -0.032907 -0.025261
v 0.055099 -0.056206 -0.034158
v 0.054876 -0.055961 -0.033735
v 0.072789 -0.063698 0.017337
v 0.069746 -0.061769 0.020037
v 0.070536 -0.048615 0.017802
v 0.074153 -0.042372 0.01751
v 0.079533 -0.036249 0.01724
v 0.080966 -0.034171 0.018088
v 0.083426 -0.035082 0.015791
v 0.084472 -0.033745 0.016349
v 0.076229 -0.035451 -0.019297
v 0.070298 -0.042924 -0.019593
v 0.079396 -0.033091 -0.018394
v 0.076794 -0.033659 -0.019192
v 0.080482 -0.033932 -0.018284
v 0.06657 -0.048175 -0.019969
v 0.082097 -0.031951 -0.018619
v 0.06567 -0.059292 -0.022768
v 0.082818 -0.02864 -0.018032
v 0.083631 -0.026191 -0.018003
v 0.085219 -0.026339 -0.018424
v 0.08655 -0.024687 -0.020548
v 0.089133 -0.025846 -0.020607
v 0.084704 -0.030041 0.015957
v 0.086095 -0.027009 0.015705
v 0.086588 -0.026111 0.01726
v 0.086979 -0.026286 0.01808
v 0.089985 -0.026228 0.019154
v 0.087375 -0.025334 0.018342
v 0.090394 -0.027819 0.019268
v 0.073916 -0.045469 0.030988
v 0.072448 -0.048647 0.031973
v 0.071402 -0.051903 0.03259
v 0.074483 -0.035612 0.029373
v 0.074485 -0.039025 0.031843
v 0.070661 -0.044175 0.03358
v 0.069638 -0.054671 0.033574
v 0.0789 -0.03315 0.026879
v 0.077765 -0.032906 0.027782
v 0.080714 -0.034667 0.025569
v 0.064903 -0.056069 0.035233
v 0.085406 -0.033889 0.022135
v 0.08347 -0.032006 0.021089
v 0.082277 -0.033269 0.024377
v 0.080902 -0.032907 0.025261
v 0.058892 -0.055703 0.036284
v 0.08751 -0.029616 0.022425
v 0.055099 -0.056206 0.034158
v 0.054876 -0.055961 0.033735
v 0.090236 -0.028302 0.021084
v 0.087424 -0.026763 0.022022
v 0.084631 -0.028047 -0.021544
v 0.083867 -0.026297 -0.02035
v 0.06194 -0.058266 -0.025717
v 0.06567 -0.059292 0.022768
v 0.058213 -0.056121 -0.028383
v 0.06194 -0.058266 0.025717
v 0.058213 -0.056121 0.028383
v 0.054462 -0.053433 -0.030648
v 0.054462 -0.053433 0.030648
v 0.068763 -0.049925 -0.035402
v 0.069633 -0.046156 -0.034879
v 0.066042 -0.051857 -0.036816
v 0.060527 -0.053745 -0.037552
v 0.054173 -0.0529 -0.038345
v 0.050587 -0.053159 -0.036545
v 0.070019 -0.037124 -0.035443
v 0.070803 -0.034111 -0.032041
v 0.070452 -0.04211 -0.035899
v 0.072741 -0.031973 -0.030338
v 0.074934 -0.033056 -0.029567
v 0.077009 -0.033154 -0.028489
v 0.066137 -0.043897 -0.037232
v 0.076345 -0.030962 -0.024975
v 0.078656 -0.031481 -0.025229
v 0.083912 -0.028278 -0.02432
v 0.083666 -0.025918 -0.023415
v 0.082153 -0.028053 -0.025688
v 0.080363 -0.027537 -0.025993
v 0.050376 -0.053057 -0.035937
v 0.050706 -0.051021 -0.033014
v 0.06657 -0.048175 0.019969
v 0.070298 -0.042924 0.019593
v 0.076229 -0.035451 0.019297
v 0.076794 -0.033659 0.019192
v 0.079396 -0.033091 0.018394
v 0.080482 -0.033932 0.018284
v 0.082097 -0.031951 0.018619
v 0.082818 -0.02864 0.018032
v 0.072628 -0.034663 -0.020822
v 0.063351 -0.044762 -0.02068
v 0.075086 -0.033437 -0.020048
v 0.073564 -0.032685 -0.021155
v 0.062671 -0.049202 -0.022117
v 0.081144 -0.030554 -0.019503
v 0.081664 -0.03081 -0.019047
v 0.077319 -0.03237 -0.019192
v 0.075746 -0.031593 -0.020811
v 0.083295 -0.026594 -0.019279
v 0.083631 -0.026191 0.018003
v 0.085219 -0.026339 0.018424
v 0.08655 -0.024687 0.020548
v 0.089133 -0.025846 0.020607
v 0.069633 -0.046156 0.034879
v 0.068763 -0.049925 0.035402
v 0.066042 -0.051857 0.036816
v 0.070803 -0.034111 0.032041
v 0.070019 -0.037124 0.035443
v 0.074934 -0.033056 0.029567
v 0.072741 -0.031973 0.030338
v 0.077009 -0.033154 0.028489
v 0.070452 -0.04211 0.035899
v 0.066137 -0.043897 0.037232
v 0.060527 -0.053745 0.037552
v 0.078656 -0.031481 0.025229
v 0.076345 -0.030962 0.024975
v 0.054173 -0.0529 0.038345
v 0.084631 -0.028047 0.021544
v 0.083912 -0.028278 0.02432
v 0.083666 -0.025918 0.023415
v 0.082153 -0.028053 0.025688
v 0.080363 -0.027537 0.025993
v 0.050587 -0.053159 0.036545
v 0.050376 -0.053057 0.035937
v 0.050706 -0.051021 0.033014
v 0.083867 -0.026297 0.02035
v 0.08285 -0.024144 -0.022733
v 0.081288 -0.024008 -0.022051
v 0.08118 -0.025367 -0.020301
v 0.080945 -0.024985 -0.018968
v 0.059023 -0.049348 -0.024858
v 0.062671 -0.049202 0.022117
v 0.055457 -0.048221 -0.02755
v 0.059023 -0.049348 0.024858
v 0.055457 -0.048221 0.02755
v 0.051893 -0.045992 -0.029521
v 0.051893 -0.045992 0.029521
v 0.064922 -0.047318 -0.038105
v 0.062494 -0.049319 -0.039449
v 0.056001 -0.051719 -0.039721
v 0.049436 -0.050688 -0.040779
v 0.046228 -0.05055 -0.039572
v 0.045836 -0.050569 -0.038335
v 0.065394 -0.033914 -0.037681
v 0.06566 -0.031572 -0.034001
v 0.067188 -0.039811 -0.038173
v 0.06406 -0.037193 -0.040211
v 0.070124 -0.031302 -0.03082
v 0.068177 -0.030341 -0.031356
v 0.065408 -0.041793 -0.039689
v 0.072542 -0.03001 -0.0292
v 0.075018 -0.031549 -0.029259
v 0.07036 -0.030175 -0.030278
v 0.076318 -0.03157 -0.027845
v 0.061227 -0.045491 -0.04043
v 0.077982 -0.026745 -0.025208
v 0.077773 -0.026928 -0.028551
v 0.077553 -0.025146 -0.027675
v 0.082116 -0.024657 -0.024493
v 0.080565 -0.023684 -0.022227
v 0.079631 -0.024394 -0.025003
v 0.077887 -0.024454 -0.025094
v 0.046958 -0.04811 -0.035023
v 0.050704 -0.043042 -0.031069
v 0.063351 -0.044762 0.02068
v 0.072628 -0.034663 0.020822
v 0.073564 -0.032685 0.021155
v 0.075086 -0.033437 0.020048
v 0.075746 -0.031593 0.020811
v 0.077319 -0.03237 0.019192
v 0.081144 -0.030554 0.019503
v 0.081664 -0.03081 0.019047
v 0.083295 -0.026594 0.019279
v 0.068904 -0.033953 -0.02204
v 0.059319 -0.04567 -0.022371
v 0.070633 -0.032786 -0.021636
v 0.06889 -0.032547 -0.022742
v 0.074371 -0.031231 -0.021685
v 0.071958 -0.030661 -0.022455
v 0.081309 -0.025702 -0.018
v 0.078695 -0.027632 -0.018343
v 0.076533 -0.026373 -0.019878
v 0.077212 -0.024716 -0.022709
v 0.064922 -0.047318 0.038105
v 0.062494 -0.049319 0.039449
v 0.056001 -0.051719 0.039721
v 0.06566 -0.031572 0.034001
v 0.065394 -0.033914 0.037681
v 0.070124 -0.031302 0.03082
v 0.068177 -0.030341 0.031356
v 0.06406 -0.037193 0.040211
v 0.067188 -0.039811 0.038173
v 0.076318 -0.03157 0.027845
v 0.075018 -0.031549 0.029259
v 0.072542 -0.03001 0.0292
v 0.07036 -0.030175 0.030278
v 0.065408 -0.041793 0.039689
v 0.061227 -0.045491 0.04043
v 0.049436 -0.050688 0.040779
v 0.077982 -0.026745 0.025208
v 0.077773 -0.026928 0.028551
v 0.077553 -0.025146 0.027675
v 0.046228 -0.05055 0.039572
v 0.081288 -0.024008 0.022051
v 0.08285 -0.024144 0.022733
v 0.082116 -0.024657 0.024493
v 0.080565 -0.023684 0.022227
v 0.079631 -0.024394 0.025003
v 0.077887 -0.024454 0.025094
v 0.045836 -0.050569 0.038335
v 0.046958 -0.04811 0.035023
v 0.050704 -0.043042 0.031069
v 0.08118 -0.025367 0.020301
v 0.080945 -0.024985 0.018968
v 0.080017 -0.024568 -0.021175
v 0.079492 -0.024332 -0.019301
v 0.055496 -0.044609 -0.023748
v 0.059319 -0.04567 0.022371
v 0.054786 -0.041086 -0.024778
v 0.055496 -0.044609 0.023748
v 0.054786 -0.041086 0.024778
v 0.051317 -0.038226 -0.026154
v 0.051317 -0.038226 0.026154
v 0.058036 -0.048248 -0.041274
v 0.051573 -0.048918 -0.041445
v 0.044909 -0.047775 -0.043151
v 0.042044 -0.047478 -0.042668
v 0.041349 -0.047578 -0.040495
v 0.043203 -0.045232 -0.037031
v 0.060826 -0.028562 -0.039583
v 0.062232 -0.028635 -0.034825
v 0.06112 -0.033895 -0.041619
v 0.063813 -0.028795 -0.032927
v 0.06508 -0.029421 -0.032043
v 0.065906 -0.029524 -0.031877
v 0.062188 -0.038796 -0.041911
v 0.058762 -0.035307 -0.043033
v 0.068135 -0.028772 -0.029996
v 0.067209 -0.028315 -0.029883
v 0.057552 -0.043247 -0.042412
v 0.074484 -0.026859 -0.030281
v 0.076193 -0.027626 -0.029715
v 0.071392 -0.026601 -0.030995
v 0.06909 -0.025568 -0.030451
v 0.054356 -0.045106 -0.042724
v 0.07626 -0.024 -0.02852
v 0.076774 -0.024518 -0.027049
v 0.075736 -0.024053 -0.027951
v 0.078595 -0.023929 -0.023586
v 0.078172 -0.025147 -0.022571
v 0.076776 -0.024797 -0.023706
v 0.047519 -0.039626 -0.032515
v 0.048346 -0.034907 -0.027684
v 0.068904 -0.033953 0.02204
v 0.06889 -0.032547 0.022742
v 0.070633 -0.032786 0.021636
v 0.071958 -0.030661 0.022455
v 0.074371 -0.031231 0.021685
v 0.077212 -0.024716 0.022709
v 0.076533 -0.026373 0.019878
v 0.078695 -0.027632 0.018343
v 0.081309 -0.025702 0.018
v 0.065118 -0.033257 -0.023018
v 0.067156 -0.03169 -0.023559
v 0.069713 -0.029857 -0.022714
v 0.068413 -0.029836 -0.024128
v 0.073349 -0.028046 -0.021179
v 0.071308 -0.027407 -0.021717
v 0.077884 -0.024453 -0.020436
v 0.075457 -0.023075 -0.022203
v 0.074166 -0.02306 -0.023618
v 0.058036 -0.048248 0.041274
v 0.051573 -0.048918 0.041445
v 0.044909 -0.047775 0.043151
v 0.062232 -0.028635 0.034825
v 0.060826 -0.028562 0.039583
v 0.06508 -0.029421 0.032043
v 0.063813 -0.028795 0.032927
v 0.065906 -0.029524 0.031877
v 0.06112 -0.033895 0.041619
v 0.068135 -0.028772 0.029996
v 0.067209 -0.028315 0.029883
v 0.062188 -0.038796 0.041911
v 0.058762 -0.035307 0.043033
v 0.076193 -0.027626 0.029715
v 0.074484 -0.026859 0.030281
v 0.071392 -0.026601 0.030995
v 0.06909 -0.025568 0.030451
v 0.057552 -0.043247 0.042412
v 0.054356 -0.045106 0.042724
v 0.042044 -0.047478 0.042668
v 0.07626 -0.024 0.02852
v 0.076774 -0.024518 0.027049
v 0.075736 -0.024053 0.027951
v 0.041349 -0.047578 0.040495
v 0.080017 -0.024568 0.021175
v 0.078595 -0.023929 0.023586
v 0.078172 -0.025147 0.022571
v 0.076776 -0.024797 0.023706
v 0.043203 -0.045232 0.037031
v 0.047519 -0.039626 0.032515
v 0.048346 -0.034907 0.027684
v 0.079492 -0.024332 0.019301
v 0.061299 -0.032501 -0.023806
v 0.065118 -0.033257 0.023018
v 0.057497 -0.031654 -0.024692
v 0.061299 -0.032501 0.023806
v 0.057497 -0.031654 0.024692
v 0.053829 -0.030571 -0.025864
v 0.053829 -0.030571 0.025864
v 0.047316 -0.045978 -0.043407
v 0.04044 -0.045387 -0.046029
v 0.037367 -0.045018 -0.045166
v 0.036977 -0.045146 -0.043318
v 0.039413 -0.042447 -0.039113
v 0.042805 -0.035684 -0.033674
v 0.056915 -0.02323 -0.040778
v 0.056398 -0.023585 -0.036866
v 0.058445 -0.030047 -0.042443
v 0.057837 -0.024917 -0.034483
v 0.059564 -0.026392 -0.033945
v 0.061537 -0.027366 -0.033147
v 0.054659 -0.032852 -0.044025
v 0.063629 -0.027473 -0.031816
v 0.064921 -0.028111 -0.030681
v 0.061324 -0.027566 -0.031842
v 0.065711 -0.027258 -0.029434
v 0.056055 -0.040671 -0.043209
v 0.052149 -0.038097 -0.044754
v 0.068319 -0.024945 -0.029826
v 0.066609 -0.024731 -0.028352
v 0.052325 -0.042965 -0.044134
v 0.074264 -0.024511 -0.029115
v 0.072396 -0.02396 -0.030193
v 0.069904 -0.023961 -0.029687
v 0.043189 -0.043275 -0.045896
v 0.073669 -0.023401 -0.02875
v 0.074278 -0.024805 -0.025519
v 0.072025 -0.024636 -0.026057
v 0.070344 -0.024446 -0.026652
v 0.045942 -0.03127 -0.029637
v 0.05049 -0.028947 -0.027355
v 0.067156 -0.03169 0.023559
v 0.068413 -0.029836 0.024128
v 0.069713 -0.029857 0.022714
v 0.071308 -0.027407 0.021717
v 0.073349 -0.028046 0.021179
v 0.075457 -0.023075 0.022203
v 0.074166 -0.02306 0.023618
v 0.077884 -0.024453 0.020436
v 0.065329 -0.029862 -0.023818
v 0.062942 -0.029305 -0.024327
v 0.067179 -0.028605 -0.024471
v 0.06953 -0.026043 -0.022767
v 0.067185 -0.023871 -0.024496
v 0.071804 -0.023408 -0.023141
v 0.069547 -0.022682 -0.023389
v 0.047316 -0.045978 0.043407
v 0.04044 -0.045387 0.046029
v 0.037367 -0.045018 0.045166
v 0.056398 -0.023585 0.036866
v 0.056915 -0.02323 0.040778
v 0.059564 -0.026392 0.033945
v 0.057837 -0.024917 0.034483
v 0.061537 -0.027366 0.033147
v 0.058445 -0.030047 0.042443
v 0.065711 -0.027258 0.029434
v 0.064921 -0.028111 0.030681
v 0.063629 -0.027473 0.031816
v 0.061324 -0.027566 0.031842
v 0.054659 -0.032852 0.044025
v 0.068319 -0.024945 0.029826
v 0.066609 -0.024731 0.028352
v 0.056055 -0.040671 0.043209
v 0.052149 -0.038097 0.044754
v 0.074264 -0.024511 0.029115
v 0.072396 -0.02396 0.030193
v 0.069904 -0.023961 0.029687
v 0.052325 -0.042965 0.044134
v 0.043189 -0.043275 0.045896
v 0.036977 -0.045146 0.043318
v 0.073669 -0.023401 0.02875
v 0.074278 -0.024805 0.025519
v 0.072025 -0.024636 0.026057
v 0.070344 -0.024446 0.026652
v 0.039413 -0.042447 0.039113
v 0.042805 -0.035684 0.033674
v 0.045942 -0.03127 0.029637
v 0.05049 -0.028947 0.027355
v 0.059832 -0.028695 -0.023988
v 0.062942 -0.029305 0.024327
v 0.065329 -0.029862 0.023818
v 0.056957 -0.028506 -0.024982
v 0.053755 -0.026315 -0.026124
v 0.059832 -0.028695 0.023988
v 0.053755 -0.026315 0.026124
v 0.056957 -0.028506 0.024982
v 0.036005 -0.042989 -0.048628
v 0.032594 -0.043263 -0.047778
v 0.032445 -0.042931 -0.046068
v 0.0356 -0.039693 -0.041217
v 0.04025 -0.031651 -0.035203
v 0.041465 -0.028734 -0.032517
v 0.054115 -0.01813 -0.041322
v 0.051544 -0.018409 -0.038227
v 0.0562 -0.025815 -0.042774
v 0.054564 -0.021283 -0.042865
v 0.050609 -0.019178 -0.036364
v 0.053392 -0.021796 -0.034943
v 0.056335 -0.023871 -0.034034
v 0.050352 -0.030878 -0.045449
v 0.056619 -0.024938 -0.030486
v 0.055794 -0.024226 -0.032702
v 0.058862 -0.026667 -0.031821
v 0.048242 -0.035639 -0.046397
v 0.064433 -0.024884 -0.03176
v 0.06604 -0.024764 -0.030625
v 0.062334 -0.023942 -0.031506
v 0.059795 -0.023367 -0.031223
v 0.047954 -0.040923 -0.045936
v 0.041845 -0.038499 -0.047762
v 0.068174 -0.023472 -0.02949
v 0.069915 -0.022847 -0.029119
v 0.067138 -0.023008 -0.028073
v 0.065484 -0.021411 -0.028871
v 0.038915 -0.04093 -0.048348
v 0.071424 -0.022671 -0.029009
v 0.031251 -0.040441 -0.050634
v 0.070019 -0.022606 -0.024471
v 0.067341 -0.023653 -0.026312
v 0.047262 -0.027117 -0.028987
v 0.050929 -0.02553 -0.026325
v 0.049148 -0.024967 -0.026631
v 0.067179 -0.028605 0.024471
v 0.067185 -0.023871 0.024496
v 0.06953 -0.026043 0.022767
v 0.069547 -0.022682 0.023389
v 0.071804 -0.023408 0.023141
v 0.063289 -0.027306 -0.023507
v 0.060109 -0.02604 -0.023652
v 0.064136 -0.024934 -0.022202
v 0.065546 -0.023136 -0.021979
v 0.065374 -0.022216 -0.024503
v 0.036005 -0.042989 0.048628
v 0.032594 -0.043263 0.047778
v 0.032445 -0.042931 0.046068
v 0.051544 -0.018409 0.038227
v 0.054115 -0.01813 0.041322
v 0.053392 -0.021796 0.034943
v 0.050609 -0.019178 0.036364
v 0.056335 -0.023871 0.034034
v 0.0562 -0.025815 0.042774
v 0.054564 -0.021283 0.042865
v 0.058862 -0.026667 0.031821
v 0.056619 -0.024938 0.030486
v 0.055794 -0.024226 0.032702
v 0.050352 -0.030878 0.045449
v 0.06604 -0.024764 0.030625
v 0.064433 -0.024884 0.03176
v 0.062334 -0.023942 0.031506
v 0.059795 -0.023367 0.031223
v 0.048242 -0.035639 0.046397
v 0.069915 -0.022847 0.029119
v 0.068174 -0.023472 0.02949
v 0.067138 -0.023008 0.028073
v 0.065484 -0.021411 0.028871
v 0.047954 -0.040923 0.045936
v 0.041845 -0.038499 0.047762
v 0.071424 -0.022671 0.029009
v 0.038915 -0.04093 0.048348
v 0.031251 -0.040441 0.050634
v 0.0356 -0.039693 0.041217
v 0.070019 -0.022606 0.02447
v 0.067341 -0.023653 0.026312
v 0.04025 -0.031651 0.035203
v 0.041465 -0.028734 0.032517
v 0.047262 -0.027117 0.028987
v 0.049148 -0.024967 0.026631
v 0.050929 -0.02553 0.026325
v 0.057542 -0.026321 -0.025215
v 0.060109 -0.02604 0.023652
v 0.063289 -0.027306 0.023507
v 0.051586 -0.024623 -0.026354
v 0.055526 -0.024399 -0.027251
v 0.057542 -0.026321 0.025215
v 0.051586 -0.024623 0.026354
v 0.055526 -0.024399 0.027251
v 0.027652 -0.040612 -0.049445
v 0.027685 -0.040071 -0.047657
v 0.032008 -0.036214 -0.042591
v 0.037249 -0.03025 -0.038358
v 0.038535 -0.02674 -0.035527
v 0.042229 -0.025587 -0.031037
v 0.051534 -0.011894 -0.041578
v 0.047669 -0.011534 -0.039627
v 0.053568 -0.016522 -0.042963
v 0.052635 -0.011737 -0.043312
v 0.048443 -0.016256 -0.036025
v 0.04742 -0.013276 -0.038118
v 0.047342 -0.027179 -0.046781
v 0.043047 -0.022755 -0.048022
v 0.049252 -0.020056 -0.035226
v 0.047495 -0.018884 -0.035
v 0.052952 -0.0222 -0.034915
v 0.042707 -0.032472 -0.04782
v 0.057211 -0.022484 -0.03015
v 0.056513 -0.021052 -0.031825
v 0.053283 -0.019601 -0.033497
v 0.03793 -0.035494 -0.049076
v 0.064236 -0.021981 -0.030063
v 0.062861 -0.021929 -0.029922
v 0.060458 -0.020008 -0.028809
v 0.057424 -0.021173 -0.028556
v 0.034191 -0.039263 -0.050618
v 0.029992 -0.036476 -0.05205
v 0.064968 -0.02118 -0.026998
v 0.063754 -0.0212 -0.02765
v 0.026199 -0.037972 -0.051956
v 0.023397 -0.036559 -0.050592
v 0.06413 -0.022777 -0.025694
v 0.047233 -0.024326 -0.028222
v 0.049505 -0.021121 -0.024962
v 0.052384 -0.0213 -0.023969
v 0.064136 -0.024934 0.022202
v 0.065546 -0.023136 0.021979
v 0.065374 -0.022216 0.024503
v 0.06061 -0.024576 -0.022319
v 0.062212 -0.022758 -0.022917
v 0.061976 -0.02294 -0.024193
v 0.027652 -0.040612 0.049445
v 0.027685 -0.040071 0.047657
v 0.032008 -0.036214 0.042591
v 0.047669 -0.011534 0.039627
v 0.051534 -0.011894 0.041578
v 0.04742 -0.013276 0.038118
v 0.048443 -0.016256 0.036025
v 0.052635 -0.011737 0.043312
v 0.053568 -0.016522 0.042963
v 0.052952 -0.0222 0.034915
v 0.049252 -0.020056 0.035226
v 0.047495 -0.018884 0.035
v 0.047342 -0.027179 0.046781
v 0.043047 -0.022755 0.048022
v 0.057211 -0.022484 0.03015
v 0.056513 -0.021052 0.031825
v 0.053283 -0.019601 0.033497
v 0.042707 -0.032472 0.04782
v 0.064236 -0.021981 0.030063
v 0.062861 -0.021929 0.029922
v 0.060458 -0.020008 0.028809
v 0.057424 -0.021173 0.028556
v 0.03793 -0.035494 0.049076
v 0.064968 -0.02118 0.026998
v 0.063754 -0.0212 0.02765
v 0.034191 -0.039263 0.050618
v 0.029992 -0.036476 0.05205
v 0.026199 -0.037972 0.051956
v 0.023397 -0.036559 0.050592
v 0.037249 -0.03025 0.038358
v 0.06413 -0.022777 0.025694
v 0.038535 -0.02674 0.035527
v 0.042229 -0.025587 0.031037
v 0.047233 -0.024326 0.028222
v 0.049505 -0.021121 0.024962
v 0.052384 -0.0213 0.023969
v 0.058194 -0.022362 -0.022493
v 0.06061 -0.024576 0.022319
v 0.055983 -0.022499 -0.026152
v 0.058194 -0.022362 0.022493
v 0.055983 -0.022499 0.026152
v 0.023675 -0.035796 -0.048515
v 0.028709 -0.031981 -0.043029
v 0.034325 -0.027631 -0.040698
v 0.036188 -0.023811 -0.03804
v 0.04033 -0.023639 -0.033986
v 0.043954 -0.016831 -0.033785
v 0.050934 -0.002627 -0.04268
v 0.048829 -0.003757 -0.04226
v 0.051909 -0.00696 -0.043806
v 0.046535 -0.010365 -0.038945
v 0.046446 -0.007529 -0.039847
v 0.042016 -0.017687 -0.049005
v 0.045276 -0.01269 -0.048526
v 0.043534 -0.020395 -0.032028
v 0.043427 -0.013158 -0.036418
v 0.042905 -0.009803 -0.038037
v 0.039846 -0.028587 -0.049085
v 0.038522 -0.023756 -0.05046
v 0.050543 -0.018083 -0.033671
v 0.048233 -0.017611 -0.033416
v 0.034967 -0.031369 -0.050025
v 0.056498 -0.019638 -0.030203
v 0.053833 -0.018153 -0.031931
v 0.051197 -0.01697 -0.032394
v 0.027226 -0.031096 -0.05211
v 0.062742 -0.020746 -0.0283
v 0.060535 -0.020043 -0.028045
v 0.057059 -0.021009 -0.027484
v 0.055698 -0.018149 -0.028244
v 0.055072 -0.018998 -0.027965
v 0.022637 -0.032925 -0.05179
v 0.020868 -0.02681 -0.051427
v 0.062025 -0.022961 -0.026009
v 0.020823 -0.030772 -0.050737
v 0.0208 -0.030282 -0.049083
v 0.047479 -0.021973 -0.027122
v 0.048021 -0.018925 -0.025705
v 0.050556 -0.019786 -0.024962
v 0.053539 -0.019718 -0.023968
v 0.062212 -0.022758 0.022917
v 0.061976 -0.02294 0.024193
v 0.059732 -0.020526 -0.023592
v 0.060326 -0.020792 -0.024702
v 0.060086 -0.021526 -0.026257
v 0.023675 -0.035796 0.048515
v 0.028709 -0.031981 0.043029
v 0.034325 -0.027631 0.040698
v 0.048829 -0.003757 0.04226
v 0.050934 -0.002627 0.04268
v 0.046535 -0.010365 0.038945
v 0.046446 -0.007529 0.039847
v 0.051909 -0.00696 0.043806
v 0.043954 -0.016831 0.033785
v 0.043427 -0.013158 0.036418
v 0.042905 -0.009803 0.038037
v 0.043534 -0.020395 0.032028
v 0.042016 -0.017687 0.049005
v 0.045276 -0.01269 0.048526
v 0.050543 -0.018083 0.033671
v 0.048233 -0.017611 0.033416
v 0.039846 -0.028587 0.049085
v 0.038522 -0.023756 0.05046
v 0.056498 -0.019638 0.030203
v 0.053833 -0.018153 0.031931
v 0.051197 -0.01697 0.032394
v 0.034967 -0.031369 0.050025
v 0.062742 -0.020746 0.0283
v 0.060535 -0.020043 0.028045
v 0.057059 -0.021009 0.027484
v 0.055698 -0.018149 0.028244
v 0.055072 -0.018998 0.027965
v 0.027226 -0.031096 0.05211
v 0.062025 -0.022961 0.026009
v 0.022637 -0.032925 0.05179
v 0.020868 -0.02681 0.051427
v 0.020823 -0.030772 0.050737
v 0.0208 -0.030282 0.049083
v 0.036188 -0.023811 0.03804
v 0.04033 -0.023639 0.033986
v 0.047479 -0.021973 0.027122
v 0.048021 -0.018925 0.025705
v 0.050556 -0.019786 0.024962
v 0.053539 -0.019718 0.023968
v 0.053102 -0.018956 -0.0257
v 0.053587 -0.020581 -0.027369
v 0.059732 -0.020526 0.023592
v 0.053102 -0.018956 0.0257
v 0.053587 -0.020581 0.027369
v 0.060326 -0.020792 0.024702
v 0.060086 -0.021526 0.026257
v 0.026889 -0.026895 -0.043684
v 0.032563 -0.02295 -0.041295
v 0.034785 -0.019454 -0.03967
v 0.039316 -0.020098 -0.036049
v 0.040215 -0.016142 -0.037498
v 0.052903 0.006005 -0.043814
v 0.049671 0.004189 -0.043309
v 0.052045 -0.002093 -0.044078
v 0.052623 0.002783 -0.044267
v 0.046954 0.000886 -0.042917
v 0.046059 -0.002389 -0.04167
v 0.045872 -0.004454 -0.040953
v 0.046878 -0.007734 -0.048095
v 0.042817 -0.00759 -0.039229
v 0.042568 -0.004993 -0.040642
v 0.036983 -0.018932 -0.051484
v 0.03861 -0.013677 -0.052159
v 0.045767 -0.018477 -0.029586
v 0.039431 -0.012364 -0.039256
v 0.038924 -0.00861 -0.041243
v 0.034003 -0.026036 -0.05152
v 0.032997 -0.020672 -0.052371
v 0.048065 -0.016129 -0.031003
v 0.025352 -0.025039 -0.051943
v 0.052645 -0.01762 -0.029722
v 0.051096 -0.01636 -0.0308
v 0.020927 -0.020319 -0.051607
v 0.051121 -0.020316 -0.027626
v 0.019446 -0.024438 -0.050922
v 0.019013 -0.01791 -0.05081
v 0.018858 -0.024312 -0.048977
v 0.025919 -0.021331 -0.043929
v 0.04802 -0.018082 -0.026439
v 0.049932 -0.019505 -0.028761
v 0.026889 -0.026895 0.043684
v 0.032563 -0.02295 0.041295
v 0.034785 -0.019454 0.03967
v 0.049671 0.004189 0.043309
v 0.052903 0.006005 0.043814
v 0.046059 -0.002389 0.04167
v 0.046954 0.000886 0.042917
v 0.045872 -0.004454 0.040953
v 0.052623 0.002783 0.044267
v 0.052045 -0.002093 0.044078
v 0.042817 -0.00759 0.039229
v 0.042568 -0.004993 0.040642
v 0.046878 -0.007734 0.048095
v 0.039316 -0.020098 0.036049
v 0.040215 -0.016142 0.037498
v 0.039431 -0.012364 0.039256
v 0.038924 -0.00861 0.041243
v 0.045767 -0.018477 0.029586
v 0.036983 -0.018932 0.051484
v 0.03861 -0.013677 0.052159
v 0.048065 -0.016129 0.031003
v 0.034003 -0.026036 0.05152
v 0.032997 -0.020672 0.052371
v 0.052645 -0.01762 0.029722
v 0.051096 -0.01636 0.0308
v 0.025352 -0.025039 0.051943
v 0.051121 -0.020316 0.027626
v 0.020927 -0.020319 0.051607
v 0.019446 -0.024438 0.050922
v 0.019013 -0.01791 0.05081
v 0.018858 -0.024312 0.048977
v 0.025919 -0.021331 0.043929
v 0.04802 -0.018082 0.026439
v 0.049932 -0.019505 0.028761
v 0.031398 -0.018003 -0.041962
v 0.034293 -0.01511 -0.040451
v 0.03356 -0.010275 -0.041258
v 0.054886 0.013693 -0.043961
v 0.051526 0.011013 -0.043987
v 0.053372 0.007592 -0.044508
v 0.054428 0.012318 -0.044823
v 0.049733 0.009423 -0.044136
v 0.047785 0.004498 -0.043624
v 0.048408 -0.002749 -0.047403
v 0.049059 0.002206 -0.047744
v 0.04259 -0.000676 -0.043314
v 0.042372 -0.003043 -0.041834
v 0.042865 0.001053 -0.044562
v 0.038444 -0.008455 -0.052277
v 0.038538 -0.004752 -0.043079
v 0.033706 -0.015289 -0.053344
v 0.032646 -0.009864 -0.05394
v 0.046344 -0.017329 -0.029073
v 0.033482 -0.005808 -0.043197
v 0.033117 -0.001386 -0.045475
v 0.025812 -0.019288 -0.052501
v 0.02903 -0.013632 -0.053634
v 0.047827 -0.016865 -0.030239
v 0.024014 -0.014378 -0.052662
v 0.050132 -0.01678 -0.030204
v 0.019726 -0.0114 -0.051156
v 0.018578 -0.017927 -0.048677
v 0.019118 -0.011523 -0.048675
v 0.025459 -0.016078 -0.043668
v 0.032659 -0.013706 -0.044431
v 0.048434 -0.018267 -0.029327
v 0.031398 -0.018003 0.041962
v 0.034293 -0.01511 0.040451
v 0.051526 0.011013 0.043987
v 0.054886 0.013693 0.043961
v 0.047785 0.004498 0.043624
v 0.049733 0.009423 0.044136
v 0.054428 0.012318 0.044823
v 0.053372 0.007592 0.044508
v 0.042372 -0.003043 0.041834
v 0.04259 -0.000676 0.043314
v 0.042865 0.001053 0.044562
v 0.048408 -0.002749 0.047403
v 0.049059 0.002206 0.047744
v 0.038538 -0.004752 0.043079
v 0.038444 -0.008455 0.052277
v 0.03356 -0.010275 0.041258
v 0.033482 -0.005808 0.043197
v 0.033117 -0.001386 0.045475
v 0.046344 -0.017329 0.029073
v 0.033706 -0.015289 0.053344
v 0.032646 -0.009864 0.05394
v 0.047827 -0.016865 0.030239
v 0.025812 -0.019288 0.052501
v 0.02903 -0.013632 0.053634
v 0.050132 -0.01678 0.030204
v 0.024014 -0.014378 0.052662
v 0.019726 -0.0114 0.051156
v 0.018578 -0.017927 0.048677
v 0.019118 -0.011523 0.048675
v 0.025459 -0.016078 0.043668
v 0.032659 -0.013706 0.044431
v 0.048434 -0.018267 0.029327
v 0.031077 -0.009386 -0.045576
v 0.05546 0.018053 -0.044612
v 0.053666 0.018013 -0.045206
v 0.05579 0.016964 -0.045209
v 0.051417 0.018807 -0.045465
v 0.048896 0.007368 -0.048848
v 0.04988 0.012447 -0.04841
v 0.043032 0.00314 -0.04552
v 0.043726 0.005894 -0.046768
v 0.038395 -0.003271 -0.052023
v 0.038554 0.001995 -0.052228
v 0.037919 -0.001142 -0.04516
v 0.037192 0.002152 -0.047663
v 0.032001 -0.004335 -0.054045
v 0.031582 0.002599 -0.047589
v 0.029134 -0.007588 -0.054337
v 0.027838 -0.0017 -0.054767
v 0.028612 -0.00506 -0.046296
v 0.026093 -0.000911 -0.047471
v 0.024556 -0.008086 -0.053901
v 0.022644 -0.001977 -0.054333
v 0.019774 -0.004954 -0.052251
v 0.018322 -0.005402 -0.050102
v 0.023212 -0.011262 -0.044921
v 0.02082 -0.006657 -0.04704
v 0.053666 0.018013 0.045206
v 0.05546 0.018053 0.044612
v 0.051417 0.018807 0.045465
v 0.05579 0.016964 0.045209
v 0.043032 0.00314 0.04552
v 0.043726 0.005894 0.046768
v 0.048896 0.007368 0.048848
v 0.04988 0.012447 0.04841
v 0.037919 -0.001142 0.04516
v 0.037192 0.002152 0.047663
v 0.038395 -0.003271 0.052023
v 0.038554 0.001995 0.052228
v 0.031582 0.002599 0.047589
v 0.032001 -0.004335 0.054045
v 0.031077 -0.009386 0.045576
v 0.028612 -0.00506 0.046296
v 0.026093 -0.000911 0.047471
v 0.029134 -0.007588 0.054337
v 0.027838 -0.0017 0.054767
v 0.024556 -0.008086 0.053901
v 0.022644 -0.001977 0.054333
v 0.019774 -0.004954 0.052251
v 0.018322 -0.005402 0.050102
v 0.023212 -0.011262 0.044921
v 0.02082 -0.006657 0.04704
v 0.056578 0.023071 -0.045291
v 0.056511 0.021861 -0.046371
v 0.054888 0.023285 -0.045884
v 0.052872 0.023975 -0.046171
v 0.052663 0.019118 -0.047907
v 0.04833 0.018478 -0.046458
v 0.038539 0.007213 -0.051875
v 0.044878 0.017088 -0.051588
v 0.036878 0.005526 -0.050198
v 0.040492 0.007491 -0.050769
v 0.034891 0.008709 -0.051964
v 0.032606 0.001296 -0.054125
v 0.031251 0.006473 -0.053499
v 0.028657 0.00568 -0.049673
v 0.026506 0.00965 -0.051376
v 0.025638 0.003892 -0.055549
v 0.024276 0.00373 -0.048407
v 0.021413 0.004215 -0.055542
v 0.020423 0.010401 -0.057292
v 0.018758 -0.001983 -0.049217
v 0.0181 0.003459 -0.049978
v 0.018882 0.001426 -0.053296
v 0.018545 0.007403 -0.055626
v 0.017448 0.000704 -0.051596
v 0.052872 0.023975 0.046171
v 0.054888 0.023285 0.045884
v 0.056578 0.023071 0.045291
v 0.056511 0.021861 0.046371
v 0.04833 0.018478 0.046458
v 0.052663 0.019118 0.047907
v 0.036878 0.005526 0.050198
v 0.040492 0.007491 0.050769
v 0.034891 0.008709 0.051964
v 0.038539 0.007213 0.051875
v 0.044878 0.017088 0.051588
v 0.028657 0.00568 0.049673
v 0.026506 0.00965 0.051376
v 0.032606 0.001296 0.054125
v 0.031251 0.006473 0.053499
v 0.024276 0.00373 0.048407
v 0.025638 0.003892 0.055549
v 0.018758 -0.001983 0.049217
v 0.018101 0.003459 0.049978
v 0.021413 0.004215 0.055542
v 0.020423 0.010401 0.057292
v 0.018882 0.001426 0.053296
v 0.018545 0.007403 0.055626
v 0.017448 0.000704 0.051596
v 0.055973 0.026771 -0.046369
v 0.056023 0.02582 -0.04745
v 0.054287 0.026994 -0.046962
v 0.051477 0.024969 -0.049345
v 0.052242 0.027065 -0.04779
v 0.038653 0.012727 -0.053215
v 0.04288 0.017148 -0.051903
v 0.047175 0.025241 -0.05071
v 0.031145 0.011169 -0.053814
v 0.034518 0.011051 -0.05364
v 0.02382 0.013555 -0.052193
v 0.025203 0.009776 -0.056109
v 0.027469 0.012375 -0.055457
v 0.021905 0.008154 -0.048922
v 0.020937 0.012808 -0.047803
v 0.021704 0.015527 -0.059912
v 0.017613 0.009024 -0.049208
v 0.01834 0.013644 -0.057396
v 0.018245 0.019088 -0.060708
v 0.016075 0.006909 -0.052083
v 0.014209 0.012894 -0.051615
v 0.052242 0.027065 0.04779
v 0.054287 0.026994 0.046962
v 0.055973 0.026771 0.046369
v 0.056023 0.02582 0.04745
v 0.051477 0.024969 0.049345
v 0.038653 0.012727 0.053215
v 0.04288 0.017148 0.051903
v 0.047175 0.025241 0.05071
v 0.02382 0.013555 0.052193
v 0.034518 0.011051 0.05364
v 0.031145 0.011169 0.053814
v 0.021905 0.008154 0.048922
v 0.020937 0.012808 0.047803
v 0.025203 0.009776 0.056109
v 0.027469 0.012375 0.055457
v 0.017613 0.009024 0.049208
v 0.021704 0.015527 0.059912
v 0.016075 0.006909 0.052083
v 0.014209 0.012894 0.051615
v 0.01834 0.013644 0.057396
v 0.018245 0.019088 0.060708
v 0.053776 0.028478 -0.049178
v 0.049448 0.028762 -0.050794
v 0.027377 0.013347 -0.054889
v 0.021637 0.022372 -0.053165
v 0.022631 0.019091 -0.057275
v 0.023012 0.017355 -0.059969
v 0.017021 0.01412 -0.0471
v 0.020495 0.018596 -0.045191
v 0.016184 0.021042 -0.044655
v 0.023043 0.017962 -0.061757
v 0.013212 0.018476 -0.048855
v 0.018441 0.024573 -0.061274
v 0.015417 0.02358 -0.057135
v 0.012948 0.022641 -0.050985
v 0.053776 0.028478 0.049178
v 0.049448 0.028762 0.050794
v 0.022631 0.019091 0.057275
v 0.021637 0.022372 0.053165
v 0.027377 0.013347 0.054889
v 0.017021 0.01412 0.0471
v 0.020495 0.018596 0.045191
v 0.016184 0.021042 0.044655
v 0.023012 0.017355 0.059969
v 0.013212 0.018476 0.048855
v 0.023043 0.017962 0.061757
v 0.018441 0.024573 0.061274
v 0.015417 0.02358 0.057135
v 0.012948 0.022641 0.050985
v 0.022305 0.025139 -0.054664
v 0.021078 0.025122 -0.050666
v 0.019338 0.019789 -0.044771
v 0.023252 0.023745 -0.058437
v 0.012367 0.021684 -0.047864
v 0.01301 0.025084 -0.047016
v 0.015573 0.025049 -0.044428
v 0.018709 0.0235 -0.043781
v 0.020983 0.025171 -0.060987
v 0.016839 0.02629 -0.056912
v 0.019848 0.027279 -0.056392
v 0.014815 0.026667 -0.051526
v 0.023252 0.023745 0.058437
v 0.022305 0.025139 0.054664
v 0.021078 0.025122 0.050666
v 0.019338 0.019789 0.044771
v 0.012367 0.021684 0.047864
v 0.01301 0.025084 0.047016
v 0.015573 0.025049 0.044428
v 0.018709 0.0235 0.043781
v 0.020983 0.025171 0.060987
v 0.019848 0.027279 0.056392
v 0.016839 0.02629 0.056912
v 0.014815 0.026667 0.051526
v 0.017593 0.027465 -0.049963
v 0.017593 0.027465 0.049963
# 1459 verticies
vn 0.866379 -0.386548 0.316178
vn 0.843669 -0.186999 0.503243
vn 0.672081 -0.537316 0.509508
vn 0.971243 -0.098082 -0.216949
vn 0.790523 -0.216881 -0.572745
vn 0.845537 -0.434418 -0.310401
vn 0.704193 -0.646516 0.29348
vn 0.759037 -0.279967 -0.587776
vn 0.745719 -0.650378 -0.144605
vn 0.965748 -0.209288 -0.153391
vn 0.891776 -0.363215 -0.269836
vn 0.785547 -0.544391 -0.294202
vn 0.995013 -0.094752 -0.031149
vn 0.850723 -0.522539 -0.056769
vn 0.991894 -0.028322 -0.123875
vn 0.983668 0.16508 -0.071737
vn 0.95967 -0.279238 0.032557
vn 0.979789 -0.169611 -0.106046
vn 0.978835 0.2032 0.024343
vn 0.999055 -0.043116 0.005561
vn 0.676361 0.734474 0.055523
vn -0.544169 0.784925 0.296263
vn 0.301062 0.951766 0.059195
vn 0.652069 0.458824 -0.603561
vn -0.273781 0.949766 -0.151622
vn -0.860524 0.361304 0.359108
vn -0.686938 0.701154 -0.19105
vn 0.703718 0.710024 -0.025424
vn -0.869133 0.373177 0.324572
vn 0.136269 0.852353 -0.504901
vn -0.295661 0.926899 0.231177
vn 0.666187 0.415827 0.619098
vn 0.948367 -0.224848 0.223704
vn 0.879859 0.394255 0.26535
vn 0.896542 -0.131509 -0.422987
vn 0.780275 -0.509504 0.362735
vn 0.829435 -0.188957 0.525674
vn 0.686343 -0.384052 0.617606
vn 0.981514 -0.027973 0.189338
vn 0.194882 0.773239 0.603426
vn 0.875515 -0.468361 0.118794
vn 0.978782 0.070879 -0.192253
vn 0.778383 -0.562966 0.277829
vn 0.923641 -0.375206 -0.078155
vn 0.744 -0.60958 0.273634
vn 0.934382 -0.34972 -0.068016
vn -0.821989 0.53465 0.196173
vn -0.821573 0.569796 -0.018704
vn -0.699823 0.636049 0.325098
vn -0.826412 0.542756 -0.149865
vn -0.733832 0.66766 -0.125386
vn 0.135046 0.990253 0.034086
vn 0.984796 0.080873 -0.153743
vn -0.710593 0.519161 0.474899
vn -0.753283 0.587484 0.29568
vn -0.686744 0.436951 0.580911
vn -0.533427 0.844909 -0.039795
vn -0.704477 0.699146 -0.122092
vn 0.855547 -0.463387 0.230894
vn 0.99149 -0.088612 0.095367
vn 0.885788 -0.180355 0.427611
vn 0.919411 0.338723 -0.199877
vn 0.960173 -0.206441 -0.18828
vn 0.796679 -0.543069 -0.26529
vn 0.983563 0.093146 0.154686
vn 0.889646 -0.43537 -0.137777
vn 0.936141 -0.349533 0.038286
vn 0.923643 -0.375199 0.078156
vn 0.891894 -0.352182 -0.283714
vn 0.916384 0.039764 -0.398321
vn 0.934676 -0.220558 -0.278811
vn 0.926883 -0.19847 -0.318588
vn -0.572743 0.706272 0.416107
vn -0.74029 0.446986 0.50217
vn -0.74771 0.412285 -0.52053
vn -0.606781 0.654559 -0.450965
vn -0.578512 0.815585 0.01207
vn -0.759222 0.570894 -0.31251
vn -0.714904 0.383896 -0.584411
vn -0.693878 0.502439 -0.515838
vn -0.748491 0.658506 0.078297
vn -0.748469 0.63292 -0.198007
vn -0.73695 0.631607 0.240785
vn -0.671323 0.691296 0.267276
vn -0.730556 0.68019 0.060243
vn -0.630158 0.774188 0.059447
vn -0.7298 0.498715 0.467627
vn -0.811092 0.554827 0.185192
vn -0.323199 0.735266 0.595757
vn 0.925403 0.358378 -0.123262
vn 0.505295 0.6603 -0.55559
vn 0.786826 0.046845 -0.615395
vn 0.785475 -0.603344 -0.137863
vn 0.969172 0.047952 0.241672
vn 0.162545 0.986471 0.021309
vn 0.836902 -0.202761 0.508413
vn 0.957713 0.069674 0.279161
vn 0.902833 -0.358042 0.238113
vn 0.87367 -0.093741 0.477402
vn 0.913407 -0.124397 -0.387574
vn 0.907034 -0.13883 -0.397513
vn 0.854744 -0.447198 -0.263489
vn 0.921954 -0.088713 -0.377003
vn 0.757837 -0.23049 -0.610375
vn 0.846573 -0.088585 -0.52485
vn 0.980083 -0.159054 -0.118907
vn -0.733998 0.65705 -0.171849
vn -0.789126 0.527159 -0.315252
vn -0.752343 0.637158 0.167364
vn -0.726489 0.683811 0.06795
vn 0.98535 -0.167506 -0.032061
vn -0.720487 0.580149 0.379902
vn -0.602737 0.594608 0.532118
vn -0.689383 0.599026 0.407331
vn -0.515751 0.604713 0.606897
vn -0.756867 0.609822 0.235094
vn -0.715577 0.685616 0.13372
vn -0.535154 0.517729 0.667508
vn -0.631499 0.395098 0.667163
vn 0.211397 0.713063 0.66847
vn 0.98625 0.068068 0.150592
vn -0.830994 0.52397 -0.186826
vn -0.718452 0.518454 -0.463715
vn -0.615898 0.716997 -0.326474
vn -0.296173 0.595269 -0.746951
vn 0.777555 0.048988 0.626904
vn 0.528394 0.845636 0.075494
vn 0.86493 0.458003 -0.205256
vn 0.689088 -0.448562 0.569166
vn 0.884583 -0.112675 0.452568
vn 0.900478 -0.151039 0.407832
vn 0.881199 -0.150296 0.448218
vn 0.754523 -0.565807 -0.332502
vn 0.896405 -0.374887 -0.236468
vn 0.87474 -0.475104 -0.095427
vn 0.945984 -0.197156 0.257379
vn 0.701002 0.422281 -0.574696
vn 0.595367 0.24056 -0.766596
vn 0.814085 0.00262 -0.58074
vn 0.618166 -0.386055 -0.684713
vn 0.778226 -0.627057 -0.034116
vn 0.856232 -0.352099 -0.378013
vn 0.736756 -0.613951 -0.283293
vn 0.760068 -0.269402 -0.591371
vn -0.78011 0.58672 -0.217228
vn -0.781197 0.615925 -0.101817
vn -0.59324 0.689874 -0.414898
vn -0.694873 0.593896 -0.40551
vn -0.603767 0.523606 -0.601084
vn -0.685459 0.607158 -0.401877
vn 0.461166 0.877011 -0.134828
vn 0.881093 0.427281 -0.202748
vn 0.946239 0.010051 -0.323313
vn 0.588354 0.377521 -0.715065
vn 0.003083 0.919352 -0.393423
vn -0.643616 0.548638 0.533624
vn -0.506351 0.559939 0.655802
vn -0.615526 0.532563 0.580951
vn 0.830684 -0.088921 0.549597
vn 0.751416 -0.168387 0.637981
vn 0.86994 -0.044186 0.491175
vn 0.985059 -0.132415 0.110111
vn -0.632881 0.387204 -0.670474
vn -0.516718 0.470527 -0.715267
vn 0.187374 0.678741 -0.710072
vn 0.983071 0.10967 -0.146778
vn 0.78271 0.059053 0.619579
vn 0.639778 -0.442044 0.628714
vn 0.437036 0.059777 0.897456
vn 0.691774 0.209689 0.690999
vn 0.753757 -0.60923 0.246351
vn 0.875137 -0.246604 0.416319
vn 0.781869 -0.618507 0.078299
vn 0.652025 -0.503523 0.566859
vn 0.780038 -0.444444 0.440466
vn 0.747085 -0.548502 0.375512
vn 0.755054 -0.343484 0.558491
vn 0.907899 -0.291312 -0.301424
vn 0.699131 0.064829 -0.712048
vn 0.68232 0.14935 -0.715636
vn 0.64137 -0.045883 -0.765859
vn 0.378011 -0.102343 -0.920127
vn 0.673669 -0.196748 -0.712362
vn 0.650304 -0.349808 -0.674344
vn 0.523059 -0.339128 -0.781922
vn -0.57611 0.813465 0.079819
vn 0.284037 0.888125 0.361327
vn -0.746713 0.470869 0.46979
vn 0.223976 0.936544 0.269666
vn 0.043888 0.779159 -0.625288
vn 0.581561 0.050886 -0.811909
vn 0.792151 -0.023802 -0.609861
vn 0.962443 -0.202881 -0.180394
vn -0.673314 0.513097 -0.532334
vn -0.636215 0.533231 -0.55758
vn -0.622657 0.616331 -0.482114
vn 0.863639 0.459515 0.207302
vn 0.522035 0.852681 -0.020358
vn 0.948784 0.028939 0.314596
vn 0.588341 0.377529 0.715071
vn 0.013849 0.945915 0.324118
vn 0.560097 -0.355997 0.748036
vn 0.616336 -0.476178 0.627204
vn 0.709079 -0.336763 0.619515
vn 0.651498 0.119037 0.749253
vn 0.696583 0.088769 0.711964
vn 0.381297 -0.103276 0.918666
vn 0.583628 0.027516 0.811555
vn 0.959256 -0.059662 -0.276167
vn 0.868484 -0.225654 -0.44138
vn 0.695804 -0.22011 -0.683673
vn 0.674436 0.126777 -0.727368
vn 0.348936 0.086679 -0.933129
vn 0.556538 -0.172611 -0.812694
vn 0.583348 -0.136152 -0.800729
vn 0.567872 -0.011561 -0.823036
vn -0.304796 0.581395 0.754374
vn -0.458782 0.593378 0.661379
vn -0.389193 0.594216 0.703872
vn -0.313876 0.332161 0.889467
vn -0.302381 0.243245 0.921628
vn -0.185428 0.370969 0.909944
vn 0.221824 0.940779 0.256378
vn 0.099651 0.930342 0.352893
vn -0.320696 -0.009737 0.947132
vn 0.70731 0.646438 0.286062
vn 0.048422 0.793663 0.606428
vn 0.998792 0.044585 -0.020653
vn 0.946957 -0.319912 -0.030491
vn 0.902021 -0.292466 0.317523
vn -0.742009 0.417806 -0.524271
vn 0.296037 0.861767 -0.411971
vn -0.586026 0.788912 -0.184908
vn 0.220377 0.934394 -0.279895
vn 0.041633 0.787139 0.615369
vn 0.594549 0.081401 0.799928
vn 0.784969 -0.024803 0.619038
vn 0.872367 -0.230684 0.430999
vn 0.716839 -0.235063 0.65642
vn 0.535979 -0.298269 0.789786
vn 0.378283 0.071613 0.922916
vn 0.674436 0.126777 0.727368
vn 0.590858 -0.107883 0.79953
vn 0.55702 -0.041329 0.82947
vn 0.947749 -0.027373 0.31784
vn 0.12471 0.10205 -0.986931
vn 0.720375 -0.17194 -0.671934
vn 0.729041 -0.172141 -0.66247
vn 0.675892 -0.085919 -0.731976
vn 0.689928 0.054612 -0.721815
vn 0.471705 0.338328 -0.814266
vn 0.49099 0.140839 -0.859705
vn 0.568603 0.14511 -0.809712
vn 0.721773 0.013864 -0.691991
vn -0.418112 0.596638 -0.684986
vn -0.474961 0.597046 -0.646489
vn -0.332408 0.545865 -0.769114
vn -0.33541 0.309533 -0.889769
vn -0.281741 0.228548 -0.931873
vn -0.516852 0.33742 0.786773
vn -0.106856 0.323716 0.940101
vn -0.230935 0.479953 0.846353
vn -0.81247 0.227666 0.536713
vn -0.442556 0.868533 0.223147
vn -0.248023 0.968317 -0.029094
vn -0.158976 0.981381 0.107786
vn 0.527033 0.75118 -0.397448
vn -0.313657 0.007158 -0.949509
vn -0.185428 0.370969 -0.909944
vn 0.226237 0.943223 -0.243203
vn 0.103265 0.934165 -0.341574
vn 0.73639 0.617865 -0.27563
vn 0.048422 0.793663 -0.606428
vn 0.954381 -0.291557 0.064428
vn 0.997673 0.042342 0.053436
vn 0.678369 0.002522 0.734717
vn 0.680427 -0.156561 0.715897
vn 0.663941 -0.264087 0.6996
vn 0.394383 0.04108 0.918027
vn 0.334318 0.142364 0.931646
vn 0.127723 0.107132 0.986007
vn 0.718324 -0.182576 0.671325
vn 0.556301 0.181942 0.810819
vn 0.725666 0.038827 0.686951
vn 0.057005 0.354316 -0.933387
vn 0.770319 0.179588 -0.611847
vn 0.040448 -0.003399 -0.999176
vn 0.504182 0.399875 -0.765441
vn 0.046477 0.98385 -0.172857
vn 0.464798 0.087835 -0.881049
vn 0.724806 0.181218 -0.664693
vn 0.59045 0.004245 -0.807063
vn 0.525152 0.337719 -0.781128
vn 0.69914 0.501546 -0.509564
vn 0.900857 -0.056733 -0.430393
vn 0.880988 0.422456 -0.213053
vn 0.430281 0.089327 -0.898264
vn 0.444076 -0.005535 -0.895972
vn -0.30259 0.462897 -0.833166
vn -0.135539 0.371441 -0.91851
vn -0.379107 0.272079 -0.884449
vn -0.46143 0.241752 0.853603
vn -0.392292 0.215395 0.894266
vn -0.376241 0.245457 0.893417
vn -0.263308 0.42539 0.865859
vn -0.256338 0.143135 0.955931
vn -0.414163 0.226414 0.881593
vn -0.193668 -0.052197 0.979678
vn -0.20768 0.866654 0.45363
vn -0.701209 0.206321 -0.682449
vn -0.44292 0.87145 -0.210704
vn -0.169686 0.985427 0.011873
vn -0.255531 0.959595 0.117822
vn 0.547177 0.722582 0.422461
vn 0.620757 -0.02634 0.783561
vn 0.707007 0.286086 0.646757
vn 0.463741 0.108336 0.879322
vn 0.484963 0.284435 0.826987
vn 0.677033 0.332684 0.656466
vn 0.013405 0.04139 0.999053
vn 0.908231 -0.037434 0.416791
vn 0.82616 0.280354 0.488734
vn 0.476128 0.446727 0.757454
vn 0.455646 0.029349 0.889677
vn 0.334813 0.01681 0.942135
vn 0.760186 0.155129 0.630914
vn 0.035463 0.377727 0.925238
vn 0.03282 0.921051 0.388057
vn 0.393211 0.773088 0.497715
vn 0.330196 0.847723 0.415133
vn 0.769694 -0.104416 -0.629816
vn 0.614016 0.111741 -0.781344
vn 0.744256 0.338799 -0.575585
vn 0.355904 0.464692 -0.810798
vn 0.319607 0.296512 -0.899962
vn 0.458023 0.419532 -0.783714
vn 0.914179 -0.011076 -0.40516
vn 0.91268 -0.05303 -0.40522
vn -0.324693 0.2965 -0.898144
vn -0.418654 0.172925 -0.89153
vn -0.495514 0.261987 -0.828148
vn -0.256338 0.143135 -0.955931
vn -0.254443 0.454478 -0.853644
vn -0.174433 -0.019529 -0.984475
vn -0.233894 0.177172 -0.955983
vn -0.108135 0.908541 -0.40356
vn -0.157733 0.283046 0.946047
vn -0.291936 0.203041 0.934638
vn -0.277305 0.322645 0.904987
vn 0.012193 0.11921 0.992794
vn -0.338683 0.230117 0.912327
vn 0.218992 0.808218 0.54665
vn 0.51804 0.367337 0.772462
vn 0.330876 0.255124 0.908533
vn 0.320263 0.450676 0.83326
vn 0.634496 0.313706 0.706402
vn 0.587775 0.043232 0.807869
vn 0.688467 -0.084195 0.720364
vn 0.917019 0.100304 0.386025
vn 0.880788 -0.15999 0.445664
vn 0.4632 0.804291 -0.372239
vn 0.328917 0.899769 -0.286757
vn -0.023506 0.970411 0.240311
vn 0.308804 0.875235 0.372295
vn -0.149018 0.794336 0.588918
vn 0.464275 0.653398 -0.597929
vn 0.310739 0.685203 -0.65874
vn 0.496046 0.657474 -0.567156
vn 0.349829 0.60703 -0.713537
vn -0.062526 0.441464 -0.895098
vn 0.031988 0.312731 -0.949303
vn 0.080371 0.992433 0.092827
vn 0.280093 0.947043 -0.157029
vn 0.806126 0.544435 -0.231843
vn 0.017078 0.998653 -0.048999
vn -0.342302 0.295907 -0.891778
vn -0.402329 0.099978 -0.91002
vn -0.260709 0.126428 -0.957103
vn 0.012193 0.11921 -0.992794
vn -0.346415 0.215861 -0.912908
vn 0.209475 0.868092 -0.450041
vn -0.366573 0.257625 0.89401
vn -0.044365 -0.011209 0.998953
vn -0.217019 0.089457 0.97206
vn -0.312992 0.393564 0.864375
vn -0.710037 0.426991 0.559934
vn -0.517719 0.820805 0.241341
vn 0.166029 0.785016 0.596812
vn 0.494821 0.608769 0.620123
vn 0.306074 0.686111 0.659977
vn 0.456009 0.666642 0.589613
vn 0.333816 0.568242 0.752109
vn -0.06253 0.441458 0.8951
vn -0.01934 0.229792 0.973048
vn 0.6397 0.496223 0.586981
vn -0.015495 0.868818 0.494889
vn 0.157149 0.987428 0.017056
vn 0.420475 0.904284 0.073964
vn -0.05867 0.997236 -0.045592
vn 0.026447 0.986623 0.160858
vn -0.137111 0.797529 -0.587494
vn 0.761542 0.564593 -0.318259
vn 0.705984 0.52873 -0.471203
vn 0.549294 0.222715 -0.805403
vn 0.543013 0.178884 -0.820449
vn 0.584187 0.807706 0.0796
vn 0.361118 0.927532 -0.096322
vn 0.619209 0.756354 -0.210969
vn 0.500508 0.798997 -0.333309
vn 0.459128 0.485155 -0.744195
vn -0.285859 0.218656 -0.932992
vn -0.474566 0.269349 -0.837997
vn 0.270572 0.238636 -0.932654
vn -0.073105 0.431832 -0.898987
vn 0.164764 0.954593 -0.248203
vn -0.214452 0.949515 0.228978
vn -0.371667 0.90133 0.222415
vn 0.286218 0.874892 -0.390696
vn -0.217683 -0.010639 -0.975962
vn 0.005628 -0.027693 -0.999601
vn -0.210058 0.217561 -0.953175
vn -0.096426 0.277828 -0.955779
vn 0.205627 0.792356 -0.574361
vn -0.589781 0.380252 -0.712437
vn -0.492498 0.84895 -0.19165
vn 0.075187 0.230948 0.970057
vn -0.179777 0.258716 0.949077
vn -0.184697 0.329342 0.92597
vn -0.307558 0.137242 0.94158
vn -0.259024 0.647934 0.716302
vn -0.501415 0.08113 0.861395
vn 0.077947 0.963237 0.257097
vn 0.620665 0.720742 0.308716
vn 0.376332 0.854289 0.358558
vn 0.584534 0.807879 -0.075174
vn 0.481642 0.683165 0.548914
vn 0.563325 0.235977 0.791821
vn 0.679148 0.463745 0.568946
vn 0.751707 0.497966 0.432395
vn 0.587908 0.222225 0.777804
vn 0.403113 0.493829 0.770476
vn -0.291494 0.1771 0.940035
vn -0.487369 0.30616 0.817764
vn 0.238271 0.255638 0.93695
vn -0.10945 0.504126 0.856667
vn 0.148996 0.97182 0.182666
vn -0.33255 0.941467 -0.055237
vn -0.159357 0.976906 -0.142337
vn 0.258431 0.901154 0.348044
vn -0.151415 0.406842 -0.900863
vn -0.174095 0.265128 -0.948366
vn 0.046557 0.090815 -0.994779
vn -0.34427 0.044859 0.937798
vn -0.296232 0.0964511 0.950234
vn -0.307383 -0.033055 0.951012
vn -0.212127 0.062329 -0.975252
vn -0.233474 0.07907 -0.969143
vn -0.352677 0.115237 -0.928622
vn -0.425605 -0.048333 0.903617
vn -0.390189 0.077004 0.917509
vn -0.165931 0.15572 0.973765
vn -0.1693 0.155132 -0.973279
vn -0.372809 0.096508 -0.922876
vn -0.349146 -0.035674 -0.936389
vn 0.542942 0.219709 -0.810519
vn 0.290624 0.615243 0.732812
vn 0.403059 0.832311 0.380527
vn 0.602313 0.776077 0.186878
vn 0.56834 0.815644 0.108238
vn 0.669366 0.70656 -0.22961
vn 0.260271 0.793309 -0.550381
vn 0.310402 0.78472 -0.536531
vn -0.156538 0.808955 -0.566647
vn 0.641011 0.58675 -0.494802
vn 0.822339 0.09637 -0.560778
vn 0.263918 0.957849 -0.113459
vn 0.18017 0.975539 0.125947
vn 0.291015 0.952192 -0.092957
vn 0.263034 0.964684 -0.014084
vn -0.037143 0.98183 -0.186094
vn -0.219261 -0.066561 0.973393
vn -0.437259 0.054214 -0.8977
vn -0.259008 0.647942 -0.716301
vn -0.275898 0.10014 -0.955956
vn 0.107577 0.956272 -0.271976
vn 0.096138 -0.008178 0.995334
vn 0.252065 -0.349949 0.902219
vn 0.01692 -0.3141 0.949239
vn 0.146453 0.645401 0.749673
vn 0.300466 0.422015 0.85535
vn 0.284419 0.958659 -0.008927
vn 0.644247 0.759414 -0.090751
vn 0.444276 0.805087 -0.393006
vn 0.294627 0.588856 -0.752625
vn 0.6112 0.781642 -0.124382
vn 0.545129 0.200876 0.813931
vn 0.724711 0.664821 0.181124
vn 0.260641 0.782364 0.565662
vn 0.310402 0.78472 0.536531
vn -0.183417 0.844191 0.503686
vn 0.78048 0.125626 0.612429
vn 0.636063 0.614505 0.466698
vn 0.192027 0.975794 -0.10465
vn 0.212544 0.972717 -0.092993
vn 0.24395 0.961816 0.124087
vn -0.023615 0.970005 0.241935
vn 0.345383 0.93118 -0.116682
vn -0.143699 -0.083062 -0.986129
vn -0.484183 -0.095762 0.86971
vn -0.0209 -0.122045 0.992305
vn -0.251937 -0.110594 0.961404
vn -0.024017 -0.08693 -0.995925
vn -0.251927 -0.110596 -0.961406
vn -0.490148 -0.043162 -0.87057
vn 0.812451 0.199009 -0.548014
vn 0.867461 0.475231 0.147196
vn 0.673863 0.191899 -0.713501
vn 0.496127 0.531925 0.686232
vn 0.349324 0.855402 0.382439
vn 0.49375 0.356411 0.79321
vn 0.315041 0.788583 0.528097
vn 0.433418 0.845996 0.310549
vn 0.717221 0.651921 -0.246158
vn 0.027214 0.868575 -0.49481
vn 0.342228 0.939308 0.024095
vn -0.670627 -0.122942 0.731536
vn -0.587831 -0.145892 0.79572
vn -0.482255 -0.212299 0.849917
vn -0.624024 0.008337 0.781361
vn -0.500988 -0.145801 0.853085
vn -0.009375 -0.425327 -0.904991
vn 0.25151 -0.396896 -0.882732
vn 0.137297 -0.13071 -0.981868
vn 0.211256 0.620838 -0.754938
vn 0.300466 0.422015 -0.85535
vn 0.410011 0.896056 -0.170218
vn -0.301476 -0.363194 0.881591
vn -0.193858 -0.161783 0.967598
vn 0.118432 0.806674 0.579008
vn 0.685704 0.174638 0.70662
vn 0.911409 0.410268 0.031834
vn 0.795488 0.132886 0.591219
vn 0.459786 0.837387 -0.295602
vn 0.357867 0.864768 -0.35229
vn 0.472535 0.508328 -0.71994
vn 0.322478 0.794411 -0.514704
vn 0.463348 0.357323 -0.810944
vn 0.80042 0.550225 0.237867
vn -0.022534 0.938853 0.343581
vn 0.434404 0.867717 -0.241581
vn -0.424422 -0.193826 -0.884476
vn -0.496857 -0.05277 -0.866226
vn -0.679025 -0.13139 -0.722261
vn -0.610458 0.084418 -0.787537
vn -0.49971 -0.11471 -0.858564
vn -0.516744 0.11682 0.848132
vn -0.200021 -0.201033 -0.958946
vn -0.301614 -0.296874 -0.906033
vn 0.0685 -0.381464 0.921842
vn 0.058981 0.731838 0.678921
vn -0.516744 0.11682 -0.848132
vn 0.065294 -0.343495 -0.936882
vn -0.080987 0.774753 -0.627055
vn 0.466414 0.385736 0.796032
vn 0.529992 0.48418 0.696189
vn 0.532657 0.366406 0.762904
vn -0.30928 0.363951 0.87857
vn -0.41077 0.687302 0.59907
vn -0.385641 0.807484 -0.446375
vn 0.419642 0.74381 0.520238
vn 0.561094 0.827531 -0.01912
vn 0.74541 0.59482 -0.300919
vn 0.198054 0.493717 0.846769
vn 0.167658 0.906089 0.38845
vn 0.354945 0.897172 0.262862
vn 0.145081 0.886896 0.438597
vn 0.143346 0.97262 0.182928
vn -0.096045 0.99481 -0.033606
vn 0.387234 0.920831 -0.046046
vn -0.749832 -0.349247 0.561941
vn -0.612798 0.228227 0.756565
vn -0.102999 0.791918 0.601878
vn 0.257525 0.513043 0.818821
vn 0.131087 0.796997 -0.589586
vn 0.199758 0.945751 0.256227
vn 0.402803 0.902364 -0.153262
vn 0.604156 0.360629 -0.710593
vn 0.511419 0.483161 -0.710638
vn 0.486683 0.385642 -0.783849
vn -0.41077 0.687302 -0.59907
vn -0.335321 0.354313 -0.872939
vn -0.41264 0.758705 0.504077
vn 0.763505 0.55135 0.336264
vn 0.602528 0.797559 -0.029312
vn 0.564222 0.639687 -0.521972
vn 0.224375 0.412547 -0.882871
vn 0.065578 0.920176 -0.385974
vn 0.077445 0.943802 -0.32131
vn 0.140853 0.903622 -0.40451
vn 0.294168 0.935108 -0.197583
vn 0.400058 0.908654 0.119589
vn 0.080743 0.971204 -0.22415
vn -0.749836 -0.349233 -0.561944
vn -0.612798 0.228227 -0.756565
vn -0.104007 0.792749 -0.60061
vn 0.257342 0.51811 -0.815682
vn 0.131171 0.98676 0.09539
vn 0.199758 0.945751 -0.256227
vn 0.114706 0.955354 0.27229
vn 0.297069 0.953493 -0.051004
vn -0.564031 0.223637 0.794893
vn -0.609136 0.196284 0.768392
vn 0.992144 -0.088591 -0.088328
vn 0.557258 0.117796 0.821941
vn 0.988719 0.047726 -0.141972
vn 0.068717 0.412916 0.908173
vn 0.130184 0.419998 0.898139
vn 0.288271 0.259574 0.921695
vn 0.278301 0.386422 0.879333
vn -0.84154 0.52484 0.127879
vn -0.248326 0.96759 -0.045858
vn 0.272373 0.887688 0.371245
vn 0.31638 0.816841 -0.482363
vn 0.353623 0.903685 0.241462
vn 0.084344 0.951455 0.296006
vn 0.0929231 0.714896 0.693028
vn -0.013202 0.947784 0.31864
vn -0.136192 0.857205 0.49664
vn 0.337095 0.21939 -0.915552
vn 0.194213 0.42061 -0.88621
vn 0.116487 0.372778 -0.92058
vn 0.314804 0.386829 -0.866754
vn 0.957921 0.034114 0.284998
vn 0.688287 0.098671 -0.718697
vn 0.992116 -0.078695 0.097531
vn -0.668801 0.142104 -0.729734
vn -0.634422 0.201467 -0.746271
vn -0.84154 0.52484 -0.127879
vn -0.268078 0.960687 0.072212
vn 0.273312 0.859548 0.431831
vn 0.147485 0.885631 -0.440347
vn 0.054403 0.966334 -0.251472
vn 0.202502 0.853669 -0.479836
vn 0.103451 0.967023 -0.232731
vn 0.014695 0.921199 -0.388813
vn -0.138079 0.855769 -0.498591
vn 0.938542 -0.205566 -0.277275
vn 0.665023 -0.057348 0.744618
vn 0.976376 -0.15218 -0.153399
vn -0.338827 0.343956 0.875723
vn -0.155461 0.418157 0.894973
vn 0.007015 0.179722 0.983692
vn -0.281777 0.437412 0.853974
vn -0.354541 0.387411 0.851007
vn -0.231688 0.438525 0.868341
vn 0.01489 0.859387 0.511109
vn 0.135395 0.684745 0.716096
vn 0.325059 0.765702 0.555011
vn 0.220999 0.845498 0.4861
vn 0.081879 0.587715 0.804914
vn 0.199691 0.605293 0.770548
vn 0.048272 0.129111 -0.990455
vn -0.074388 0.378306 -0.922687
vn -0.253316 0.347233 -0.902918
vn 0.978442 -0.142208 0.149758
vn 0.686911 -0.051244 -0.724933
vn 0.953181 -0.195059 0.231081
vn -0.168402 0.45979 -0.871914
vn -0.373633 0.409492 -0.832295
vn -0.234223 0.468587 -0.851802
vn 0.01489 0.859387 -0.511109
vn 0.135395 0.684745 -0.716096
vn 0.177752 0.803347 -0.568364
vn 0.257134 0.781025 -0.569107
vn -0.008843 0.592592 -0.805454
vn 0.199691 0.605293 -0.770548
vn -0.431308 0.517573 0.738981
vn -0.232382 0.519362 0.822351
vn -0.393983 0.519726 0.758065
vn -0.307974 0.55742 -0.770996
vn -0.24523 0.511398 -0.82361
vn -0.340963 0.502942 -0.794225
vn -0.489237 0.348373 0.799552
vn -0.365026 0.222849 0.903933
vn -0.548134 0.289541 0.784675
vn -0.304829 0.277786 0.910996
vn 0.479975 -0.138292 -0.866314
vn 0.460843 -0.146611 -0.875288
vn 0.318947 -0.076286 -0.944697
vn 0.241318 -0.081486 -0.967019
vn -0.378979 0.174062 0.908888
vn -0.546472 0.306839 -0.779242
vn -0.32081 0.239453 -0.916375
vn -0.501856 0.312277 -0.806612
vn -0.207161 0.302383 -0.930403
vn -0.488227 0.08673 -0.868396
vn 0.358657 -0.102385 0.927837
vn 0.463724 -0.140626 0.874748
vn 0.435638 -0.125771 0.891292
vn 0.271272 -0.110106 0.956184
vn -0.472756 0.45179 0.756563
vn 0.382398 -0.122579 -0.915831
vn -0.664188 0.735047 -0.136233
vn -0.137789 0.518996 0.843598
vn -0.70694 0.495558 -0.504636
vn 0.114531 0.926817 -0.35762
vn -0.306341 0.350425 -0.885075
vn 0.535938 0.786133 -0.307839
vn 0.637846 0.513049 0.574399
vn -0.389079 0.611439 -0.689028
vn -0.220921 0.471486 -0.853754
vn -0.633141 0.767233 0.102408
vn -0.625186 0.551969 0.55179
vn 0.372744 -0.137299 0.917721
vn -0.084759 0.919329 0.384253
vn 0.504175 0.80161 0.321292
vn 0.57916 0.49096 -0.650793
vn -0.184673 0.480535 0.857311
vn 0.751966 0.058505 -0.6566
vn 0.299937 0.943479 -0.141011
vn 0.601568 0.686002 0.40929
vn -0.245451 0.583601 0.774057
vn 0.652316 0.234518 -0.720754
vn 0.660701 0.745592 -0.086987
vn 0.946835 0.134832 0.292103
vn 0.967947 0.237153 0.082685
vn 0.649123 -0.116804 0.751662
vn 0.518007 -0.090301 -0.850597
vn 0.345739 -0.430182 -0.833911
vn 0.863178 -0.121514 -0.490059
vn 0.565122 -0.098926 0.819055
vn 0.674891 -0.151972 -0.722099
vn -0.606922 -0.275887 -0.74534
vn -0.46658 0.318666 -0.825079
vn -0.878606 0.137635 -0.457283
vn 0.276689 0.921568 0.272314
vn -0.14801 0.607209 -0.780635
vn 0.60505 0.674962 -0.422304
vn 0.74988 0.04772 0.65985
vn 0.96795 0.237146 -0.082676
vn 0.946834 0.134828 -0.292108
vn 0.660705 0.745585 0.087012
vn 0.503726 -0.162353 -0.84847
vn 0.656674 0.229876 0.718287
vn 0.528815 -0.104598 -0.842267
vn 0.863178 -0.121514 0.490059
vn 0.167864 -0.424573 0.889696
vn 0.370059 -0.116382 0.92169
vn 0.674891 -0.151972 0.722099
vn -0.605193 -0.272279 0.748068
vn -0.463226 0.315128 0.828321
vn -0.8719 0.133114 0.471244
vn 0.928246 0.310391 0.204979
vn 0.870238 0.374602 0.319935
vn 0.65144 -0.03065 0.758081
vn 0.963583 0.254195 -0.083019
vn -0.921848 -0.346453 0.173684
vn -0.362036 -0.412061 0.836143
vn -0.411263 -0.283095 0.866441
vn -0.97755 0.009612 0.210486
vn -0.848673 0.304702 0.432332
vn -0.335357 0.54766 0.766553
vn 0.347324 0.204505 0.915174
vn 0.400586 0.644202 -0.651563
vn -0.96256 0.0926579 -0.254739
vn -0.587225 0.720187 -0.369457
vn -0.750708 0.646018 -0.138199
vn 0.965468 0.242237 0.095882
vn 0.933384 0.302073 -0.19377
vn 0.887753 0.332636 -0.318196
vn 0.65144 -0.03065 -0.758081
vn -0.428131 -0.281881 -0.858631
vn -0.458343 -0.402456 -0.792433
vn -0.920386 -0.370113 -0.126121
vn -0.97755 0.009612 -0.210486
vn -0.825652 0.321421 -0.463667
vn -0.22098 0.522614 -0.823433
vn 0.407269 0.151669 -0.900627
vn -0.958717 0.08851 0.270236
vn 0.408296 0.623196 0.667025
vn -0.565033 0.728632 0.387084
vn -0.723372 0.677349 0.133909
vn 0.904016 -0.17754 0.388889
vn 0.991304 -0.123779 -0.04466
vn 0.89831 -0.075912 0.432754
vn 0.651911 -0.23616 0.720583
vn 0.906704 -0.318858 0.276074
vn 0.92096 -0.387431 0.041583
vn 0.880431 -0.261562 -0.395508
vn 0.857361 -0.467929 -0.214418
vn 0.993114 0.093749 -0.070255
vn 0.979265 -0.171397 -0.107996
vn 0.950347 -0.168389 0.261699
vn 0.977778 0.206479 -0.036295
vn 0.9342 -0.2275 0.274798
vn 0.988186 -0.153136 -0.006096
vn 0.968496 -0.220745 -0.115271
vn 0.779771 -0.605019 -0.160963
vn 0.966245 -0.21009 -0.149108
vn 0.983951 0.103943 -0.145038
vn 0.98461 0.174591 -0.007849
vn 0.974135 0.183039 0.132505
vn 0.961338 0.051585 -0.270498
vn 0.958313 0.120631 0.259006
vn 0.885603 0.06012 -0.460536
vn 0.958504 -0.265091 -0.104865
vn -0.771313 0.439375 0.460463
vn 0.975736 -0.200345 -0.088328
vn 0.908688 -0.232677 -0.346623
vn 0.947075 0.06328 0.314712
vn 0.977424 0.051762 -0.204848
vn 0.998701 -0.050948 -0.000819
vn 0.944811 0.071582 -0.319701
vn 0.976778 -0.043682 0.209753
vn 0.945915 0.064465 0.317945
vn 0.877775 0.084828 -0.471504
vn 0.940441 0.07232 0.332175
vn 0.872471 0.091573 -0.480009
vn 0.869196 -0.008064 -0.494401
vn 0.866709 0.023285 -0.498271
vn 0.862639 -0.258535 -0.434757
vn -0.780678 0.60771 -0.145706
vn -0.721219 0.634432 0.278098
vn -0.779339 0.483254 -0.398869
vn -0.760885 0.425951 -0.489509
vn -0.859743 0.469592 0.200811
vn -0.69687 0.475619 0.536804
vn 0.783324 -0.587445 0.203255
vn 0.963139 -0.205243 0.173893
vn 0.979185 -0.179497 0.094752
vn 0.964755 -0.221658 0.141828
vn 0.934089 0.071152 0.34988
vn 0.944607 0.054601 0.323631
vn 0.910273 -0.069706 0.408098
vn 0.935842 -0.008034 0.352328
vn 0.980618 -0.139847 -0.13723
vn 0.962854 -0.270018 -0.00131
vn 0.946965 -0.098939 -0.305726
vn 0.956312 -0.257909 0.137658
vn 0.863098 -0.050785 -0.502476
vn 0.94488 -0.105709 0.309884
vn 0.90241 -0.043606 0.428666
vn 0.803338 -0.057366 -0.592754
vn 0.870718 -0.159114 0.465331
vn 0.789153 0.091627 -0.607323
vn 0.772781 -0.147947 -0.617188
vn -0.784765 0.615911 -0.069271
vn -0.801889 0.555437 -0.220145
vn -0.810458 0.58545 0.020157
vn -0.67226 0.367395 0.642718
vn -0.676176 0.428366 -0.599407
vn 0.742209 -0.118753 0.659564
vn 0.773014 -0.204651 0.600473
vn 0.96984 -0.151458 0.190972
vn 0.95929 -0.103024 -0.262963
vn 0.813247 -0.581816 -0.010922
vn 0.860165 -0.510008 -0.002962
vn 0.764792 -0.603098 -0.226641
vn 0.864835 -0.501392 0.025809
vn 0.729989 -0.42862 -0.532354
vn 0.816929 -0.521051 0.247251
vn 0.672215 -0.309153 -0.672719
vn 0.732744 -0.426073 0.530611
vn 0.719885 -0.340413 0.604884
vn 0.630834 -0.329367 -0.702542
vn 0.663268 -0.315962 0.678412
vn 0.705414 0.307126 -0.6388
vn 0.715501 -0.162843 -0.679368
vn 0.586322 -0.36303 -0.72418
vn -0.823843 0.309528 0.474841
vn -0.916247 0.331601 0.224793
vn -0.720179 0.289256 0.630613
vn -0.946175 0.323581 0.006875
vn -0.926414 0.309211 -0.214816
vn -0.78582 0.424755 0.449522
vn -0.639908 0.356242 -0.680889
vn 0.611349 0.091493 0.786054
vn 0.628348 -0.168067 0.759561
vn 0.580592 -0.307275 0.753986
vn 0.991261 -0.121308 -0.051831
vn 0.933623 -0.196028 0.299869
vn 0.446177 -0.89494 -0.002799
vn 0.540362 -0.841429 -0.002359
vn 0.359623 -0.922663 -0.139154
vn 0.543191 -0.839261 0.024168
vn 0.409503 -0.799967 -0.438589
vn 0.468091 -0.866139 0.175197
vn 0.417237 -0.665433 -0.61896
vn 0.379308 -0.824572 0.419769
vn 0.336268 -0.665219 -0.666639
vn 0.388002 -0.696877 0.603172
vn 0.397289 -0.604525 0.690443
vn 0.219505 -0.708917 -0.670265
vn 0.322806 -0.620041 0.715085
vn 0.862795 0.068053 -0.500952
vn 0.818645 -0.038876 -0.572983
vn 0.696733 -0.226524 -0.680624
vn 0.650692 -0.276735 -0.707119
vn 0.702558 0.032395 -0.710889
vn 0.497388 -0.498542 -0.709972
vn 0.094416 -0.780615 -0.61784
vn -0.841445 0.286965 -0.457845
vn -0.75562 0.260372 -0.601037
vn -0.938124 -0.111 0.328028
vn -0.976309 -0.178927 0.121679
vn -0.859024 -0.042825 0.510142
vn -0.969421 -0.245174 0.010584
vn -0.652684 0.369794 0.661253
vn -0.723001 0.042767 0.689522
vn -0.965126 -0.238703 -0.107487
vn -0.935343 -0.17292 -0.308596
vn -0.739581 0.457706 -0.493482
vn 0.621526 -0.432785 0.652995
vn 0.8193 0.073525 0.568632
vn 0.73079 -0.177424 0.659141
vn 0.826398 0.290885 0.482132
vn 0.653686 -0.185208 0.733753
vn 0.585312 -0.363334 0.724844
vn 0.212746 -0.70109 0.680597
vn 0.749901 -0.235097 -0.618367
vn 0.441274 -0.89434 -0.073712
vn 0.227861 -0.973686 -0.003974
vn 0.339554 -0.924898 -0.171073
vn 0.221798 -0.973744 0.05127
vn 0.094612 -0.964786 -0.24543
vn 0.414808 -0.880941 0.227765
vn 0.000114 -0.942357 -0.334608
vn 0.281915 -0.89143 0.35479
vn -0.143804 -0.922614 -0.357915
vn 0.031379 -0.930042 0.366111
vn -0.21328 -0.875988 -0.432615
vn -0.074907 -0.901319 0.426629
vn -0.196446 -0.886914 0.418082
vn -0.270376 -0.896205 -0.35173
vn -0.202804 -0.876965 0.435664
vn 0.795231 -0.174167 -0.580753
vn 0.796569 -0.156875 -0.583839
vn 0.632574 -0.329827 -0.70076
vn 0.336627 -0.620405 -0.708365
vn -0.01719 -0.792315 -0.60987
vn -0.398495 -0.895183 -0.199622
vn -0.871605 -0.120004 -0.475294
vn -0.775984 -0.061341 -0.627763
vn -0.703119 0.319292 -0.635355
vn -0.799505 -0.511854 0.314319
vn -0.79376 -0.598688 0.107318
vn -0.74771 -0.419413 0.514803
vn -0.742046 -0.66861 0.048255
vn -0.726772 -0.333771 0.600333
vn -0.775524 -0.628336 -0.061285
vn -0.43195 0.473222 0.767776
vn -0.562344 0.384578 0.732031
vn -0.583096 0.076142 0.808828
vn -0.726875 -0.31075 0.612444
vn -0.786599 -0.559998 -0.260124
vn -0.765253 -0.489651 -0.417886
vn 0.818799 -0.090033 0.566977
vn 0.840064 0.039036 0.541081
vn 0.689723 -0.190175 0.698653
vn 0.496553 -0.410639 0.764729
vn 0.085814 -0.715825 0.692986
vn -0.287641 -0.876031 0.387083
vn 0.746275 -0.207533 0.632458
vn -0.054 -0.998534 0.003776
vn -0.224968 -0.973385 0.043714
vn -0.157979 -0.986894 0.032913
vn -0.284257 -0.958681 0.011342
vn -0.374085 -0.917032 0.13825
vn -0.129426 -0.989544 0.063657
vn -0.495885 -0.848765 0.183565
vn -0.233221 -0.97094 0.05369
vn -0.615211 -0.770032 0.169015
vn -0.466138 -0.88035 -0.087743
vn -0.602731 -0.79679 0.042914
vn -0.560271 -0.813432 -0.156283
vn -0.545595 -0.828292 0.127511
vn -0.57674 -0.794358 -0.190699
vn -0.512352 -0.856259 -0.065695
vn -0.597453 -0.752696 0.276584
vn -0.559284 -0.824636 -0.084716
vn 0.684979 -0.165605 -0.709492
vn 0.707643 -0.037757 -0.70556
vn 0.512451 -0.39453 -0.762719
vn 0.195343 -0.645147 -0.738666
vn -0.095689 -0.773603 -0.626404
vn 0.781783 0.250611 -0.570972
vn 0.766743 -0.16129 -0.621362
vn -0.421124 -0.863833 -0.276491
vn -0.614918 -0.752571 0.235611
vn -0.750478 -0.378373 -0.541864
vn -0.694441 -0.317191 -0.645864
vn -0.62952 0.011979 -0.776892
vn -0.590329 0.354015 -0.725386
vn -0.404255 0.510431 -0.758972
vn -0.401363 0.151109 0.903368
vn -0.544719 -0.090133 0.833761
vn -0.697798 -0.384099 0.604604
vn 0.692033 -0.091547 0.716038
vn 0.704667 -0.116489 0.699911
vn 0.666272 0.185761 0.722201
vn 0.736539 -0.110063 0.66738
vn 0.60526 -0.251785 0.755158
vn 0.343684 -0.477147 0.808834
vn -0.016501 -0.704886 0.709129
vn -0.437822 -0.864599 0.246536
vn -0.639018 -0.724541 -0.258255
vn -0.663108 -0.474451 0.578951
vn -0.642868 -0.355544 -0.67846
vn -0.665762 -0.497888 0.555759
vn -0.655795 -0.441539 -0.612353
vn -0.678088 -0.480767 -0.555931
vn -0.655726 -0.496046 0.569177
vn -0.673215 -0.479131 -0.563218
vn 0.600671 -0.104674 -0.792615
vn 0.624397 -0.143489 -0.767814
vn 0.424747 -0.369774 -0.826352
vn 0.128248 -0.639775 -0.757786
vn -0.110759 -0.793595 -0.59828
vn -0.360161 -0.881398 -0.305649
vn 0.583426 -0.289913 -0.75866
vn 0.105366 0.400862 -0.910059
vn 0.322517 0.069436 -0.944013
vn -0.581695 -0.789391 0.196194
vn -0.63203 -0.458889 0.624467
vn -0.563253 0.074985 -0.822875
vn -0.41486 0.260613 -0.871764
vn -0.421121 -0.03741 0.906233
vn -0.569848 -0.300055 0.76501
vn -0.689029 0.31543 0.65249
vn 0.714807 -0.10256 0.69176
vn 0.606754 -0.091836 0.789567
vn 0.47727 -0.299112 0.826284
vn 0.728326 -0.20744 0.653078
vn 0.19678 -0.574201 0.794714
vn -0.00595 0.191838 0.981409
vn -0.076794 -0.767358 0.636604
vn 0.018155 0.123168 0.99222
vn -0.397265 -0.883662 0.247634
vn -0.632271 -0.73093 -0.256854
vn -0.66743 -0.462092 -0.583959
vn -0.613537 -0.405628 0.677523
vn -0.614849 -0.058258 -0.78649
vn -0.629028 -0.388039 0.673609
vn -0.630155 -0.274817 -0.72621
vn -0.642248 -0.389776 -0.659994
vn -0.709457 -0.273998 0.649304
vn -0.702538 -0.315428 -0.637923
vn 0.541767 -0.214642 -0.81266
vn 0.340272 -0.418266 -0.842181
vn 0.13169 -0.58719 -0.798665
vn -0.050941 -0.709968 -0.70239
vn -0.331984 -0.875172 -0.351938
vn -0.584763 -0.785118 0.204066
vn 0.653095 0.493019 -0.574804
vn 0.592075 0.152693 -0.791285
vn 0.563017 -0.161325 -0.810547
vn 0.276048 0.052176 -0.959727
vn 0.500457 -0.019027 -0.865552
vn 0.179527 0.179969 -0.967151
vn 0.420817 -0.349034 -0.83731
vn 0.815062 0.12852 -0.564939
vn 0.311586 0.71316 -0.627946
vn 0.305411 0.80235 -0.512795
vn -0.611439 -0.390767 0.688072
vn -0.72387 -0.267491 0.635972
vn -0.447518 0.171103 -0.877753
vn -0.493736 0.320113 -0.80855
vn -0.292714 0.266889 0.918199
vn -0.510178 -0.142592 0.848166
vn -0.301029 0.292135 0.907766
vn 0.635861 -0.096717 0.76572
vn 0.394956 -0.295275 0.869955
vn 0.141824 -0.550425 0.822751
vn 0.635358 0.444544 0.631428
vn 0.625852 0.200282 0.753788
vn 0.44972 0.059953 0.891155
vn 0.230725 0.025713 0.972679
vn 0.109042 0.104799 0.988497
vn 0.590204 -0.176742 0.787668
vn 0.564329 -0.175462 0.806689
vn -0.089785 -0.741346 0.66509
vn 0.243087 -0.036957 0.9693
vn -0.363164 -0.878479 0.310462
vn 0.252251 0.534832 0.806427
vn 0.008022 0.657477 0.753432
vn -0.633201 -0.739855 -0.227315
vn -0.652407 -0.39722 -0.645431
vn -0.705896 -0.261524 -0.658268
vn -0.033668 0.96228 0.26997
vn -0.510418 -0.147386 0.847202
vn -0.515929 0.011733 -0.856551
vn -0.60848 -0.075228 0.789995
vn -0.514475 -0.149563 -0.844361
vn -0.571576 -0.077489 -0.816882
vn -0.64236 -0.130454 0.755219
vn -0.591873 -0.071527 -0.802851
vn 0.242686 -0.413857 -0.877397
vn 0.198066 -0.370532 -0.907456
vn 0.038872 -0.58198 -0.812273
vn -0.329177 -0.879035 -0.344876
vn -0.606939 -0.755101 0.247887
vn -0.623642 -0.356058 0.695911
vn 0.432085 -0.045919 -0.900663
vn 0.331872 0.01032 -0.943268
vn 0.296531 -0.203358 -0.933121
vn 0.263929 -0.032764 -0.963986
vn 0.44145 0.001988 -0.897284
vn 0.07769 0.068493 -0.994622
vn 0.227173 -0.289508 -0.929827
vn 0.439369 0.638646 -0.631733
vn 0.178705 0.98198 0.06148
vn -0.607962 -0.324182 0.724768
vn -0.550274 -0.152854 0.820874
vn -0.381019 0.214586 -0.899321
vn -0.397701 0.221859 -0.890288
vn -0.406999 0.098246 0.90813
vn -0.464341 0.148843 0.87306
vn 0.305204 -0.278496 0.910654
vn 0.13375 -0.415426 0.89974
vn -0.041624 -0.659192 0.750822
vn 0.452297 -0.026679 0.891468
vn 0.367378 0.031939 0.929523
vn 0.493242 0.05192 0.868341
vn 0.311097 0.033261 0.949796
vn 0.072094 0.067927 0.995082
vn 0.295322 -0.178567 0.938562
vn 0.200008 -0.293348 0.93485
vn -0.330697 -0.879487 0.342261
vn 0.499449 0.748856 0.435622
vn 0.194488 0.968036 -0.158366
vn -0.621847 -0.742941 -0.24768
vn 0.011427 0.977599 -0.210165
vn -0.626474 -0.321263 -0.710155
vn -0.628158 -0.347342 -0.696255
vn -0.568761 -0.182075 -0.802097
vn -0.254771 0.187791 0.948592
vn -0.159063 0.16505 -0.973374
vn 0.248361 -0.288952 -0.924567
vn 0.10324 -0.601317 -0.792312
vn -0.291561 -0.919649 -0.263129
vn -0.573165 -0.740277 0.351386
vn -0.622372 -0.348982 0.700617
vn -0.619804 -0.284551 0.731351
vn 0.317329 0.05291 -0.946838
vn 0.408219 0.512099 -0.75572
vn 0.72504 0.247305 -0.642773
vn 0.058321 0.809204 -0.584626
vn 0.275872 -0.065845 -0.958936
vn 0.295783 -0.051017 -0.953892
vn 0.267495 -0.225921 -0.9367
vn 0.372505 0.462959 -0.804307
vn 0.180135 0.479896 -0.858633
vn 0.246294 -0.377295 -0.892742
vn 0.114418 0.989218 -0.091414
vn -0.587763 -0.115007 0.800817
vn -0.357447 0.205056 -0.911144
vn -0.406891 0.060963 -0.91144
vn -0.060312 0.060627 0.996337
vn 0.171766 -0.380058 0.908874
vn 0.024102 -0.674002 0.738336
vn -0.269725 -0.915316 0.299074
vn 0.671849 0.286531 0.683021
vn 0.336494 0.316553 0.886885
vn 0.045042 0.56001 0.82726
vn 0.322346 0.035605 0.945952
vn 0.22713 -0.116774 0.966838
vn 0.285087 -0.073073 0.955712
vn 0.356324 0.630178 0.689861
vn 0.150087 0.485712 0.861138
vn 0.21006 -0.286766 0.934687
vn 0.240811 -0.382378 0.892075
vn -0.56822 -0.771961 -0.284961
vn 0.129968 0.983916 0.122549
vn -0.627135 -0.326739 -0.707067
vn -0.624304 -0.295831 -0.722999
vn -0.58003 -0.103155 -0.808037
vn -0.004869 -0.045755 -0.998941
vn 0.079257 -0.628205 -0.774
vn -0.327939 -0.91779 -0.22387
vn -0.546407 -0.703862 0.453892
vn -0.565801 -0.345611 0.748613
vn -0.656359 -0.221249 0.721278
vn -0.707481 -0.141666 0.692388
vn 0.595979 0.593217 0.541205
vn 0.34439 0.04597 -0.937701
vn 0.295209 -0.055882 -0.953797
vn 0.262472 0.289626 -0.920448
vn -0.028936 0.388868 -0.920839
vn -0.168976 0.456102 -0.873738
vn 0.299794 -0.103857 -0.948334
vn 0.305734 0.000951 -0.952116
vn 0.207458 -0.408222 -0.888997
vn -0.120021 -0.832527 -0.540828
vn 0.080824 -0.621972 0.778857
vn -0.296741 -0.908977 0.292756
vn -0.577658 -0.729675 -0.365904
vn 0.664031 0.600733 -0.445178
vn 0.344338 0.046898 0.937674
vn 0.249377 0.232663 0.940042
vn -0.036744 0.327692 0.94407
vn -0.14701 0.406809 0.901607
vn 0.319014 -0.038853 0.946953
vn 0.272275 -0.172026 0.946717
vn 0.291017 -0.044807 0.955668
vn 0.249008 -0.337407 0.907828
vn 0.063687 -0.604657 0.793936
vn -0.615718 -0.338857 -0.711384
vn -0.656169 -0.241645 -0.714877
vn -0.645121 0.00924 -0.764024
vn -0.503892 -0.863767 -0.000566
vn -0.599092 -0.604776 0.524724
vn -0.477326 -0.299844 0.825986
vn -0.573495 -0.172883 0.800759
vn -0.729495 -0.11166 0.674811
vn 0.634049 0.37249 0.677667
vn 0.912812 0.194679 -0.35899
vn 0.350761 0.02912 -0.936012
vn 0.411542 0.008629 -0.91135
vn 0.278056 -0.048108 -0.959359
vn 0.412421 0.375429 -0.830038
vn 0.786614 0.226845 -0.574265
vn 0.480366 0.462681 -0.7451
vn 0.278712 -0.028753 -0.959944
vn 0.312982 0.732134 -0.604998
vn 0.254986 0.785188 -0.564325
vn -0.068995 0.890177 -0.450361
vn 0.069124 -0.471382 -0.879216
vn 0.006368 -0.269366 -0.963017
vn -0.45544 -0.836689 -0.304181
vn -0.751221 -0.657621 0.05659
vn -0.428593 -0.85769 0.284034
vn -0.639447 -0.60859 -0.469816
vn -0.547906 -0.315791 -0.774645
vn 0.857558 0.29715 -0.419876
vn 0.849016 0.103009 0.518229
vn 0.357651 0.037057 0.93312
vn 0.389758 -0.005758 0.920899
vn 0.457572 0.303378 0.835817
vn 0.816535 0.189766 0.545215
vn 0.475645 0.450818 0.755331
vn 0.297523 -0.038704 0.95393
vn 0.272534 0.798818 0.536298
vn 0.194441 0.738213 0.645937
vn -0.069339 0.820662 0.567191
vn 0.306495 -0.013328 0.951779
vn 0.237245 -0.227337 0.944475
vn 0.19094 -0.074399 0.978778
vn -0.110689 -0.517212 0.848669
vn -0.70284 -0.652748 0.28273
vn -0.626795 -0.253885 -0.736661
vn -0.725614 -0.056855 -0.685749
vn -0.738171 -0.439518 0.511789
vn -0.47139 -0.19445 0.860221
vn -0.475952 -0.095507 0.87427
vn -0.634408 -0.020784 0.772719
vn 0.503032 -0.067965 -0.861591
vn 0.55197 -0.092404 -0.828729
vn -0.145566 0.475568 0.867552
vn -0.169083 0.415411 0.893781
vn 0.337928 -0.090821 -0.93678
vn 0.386687 -0.150648 -0.909823
vn 0.199768 0.684719 -0.700894
vn 0.212303 -0.153596 -0.965057
vn 0.529173 0.719416 -0.449907
vn 0.008506 -0.101048 -0.994845
vn -0.525691 -0.447468 -0.723479
vn -0.276576 -0.0481 -0.959788
vn -0.864384 -0.348096 -0.362864
vn -0.86987 -0.303492 0.388868
vn -0.747979 -0.41616 -0.517047
vn -0.518221 -0.194418 -0.832856
vn -0.566211 -0.171096 -0.806307
vn -0.139235 0.489936 -0.860567
vn -0.122584 0.442655 -0.888273
vn 0.665842 -0.193476 0.72057
vn 0.693232 -0.201862 0.691868
vn 0.166234 0.619537 0.767163
vn 0.323475 -0.096673 0.941286
vn 0.568735 -0.293525 0.768365
vn 0.527004 0.744181 0.41044
vn 0.297987 -0.115669 0.947536
vn 0.109627 -0.059528 0.992189
vn -0.295547 -0.228677 0.927555
vn -0.294044 -0.050956 0.954433
vn -0.878623 -0.317338 0.356817
vn -0.848485 -0.22023 -0.481219
vn -0.723552 -0.108137 -0.681747
vn -0.486811 -0.123086 0.864792
vn -0.421654 -0.025952 0.906385
vn -0.506552 0.034552 0.861517
vn -0.470009 0.226422 0.853127
vn 0.571267 -0.06632 -0.818081
vn 0.383176 -0.161134 -0.909512
vn 0.37912 -0.080039 -0.921879
vn -0.372084 0.286289 0.882945
vn 0.14638 -0.183552 -0.97205
vn 0.137728 -0.168429 -0.976044
vn -0.052284 -0.126967 -0.990528
vn -0.239447 -0.024377 -0.970603
vn -0.767999 -0.102633 -0.632174
vn -0.760563 0.003983 -0.649252
vn -0.924595 -0.163138 0.344252
vn -0.356185 -0.084458 0.930591
vn -0.523165 -0.067189 -0.849579
vn -0.506017 -0.057369 -0.860614
vn -0.645154 -0.018872 -0.763819
vn 0.532207 -0.055328 0.844804
vn -0.559598 0.216233 -0.800059
vn -0.43082 0.294203 -0.853135
vn 0.548545 -0.288222 0.784873
vn 0.339039 -0.069308 0.938216
vn 0.212901 -0.169099 0.96233
vn 0.150451 -0.164798 0.974785
vn 0.000818 -0.116994 0.993132
vn -0.252512 -0.022713 0.967327
vn -0.824771 -0.119417 0.552713
vn -0.750027 0.010476 0.661324
vn -0.909625 -0.127035 -0.39553
vn -0.471283 -0.066981 -0.879435
vn -0.505031 0.069056 0.860334
vn -0.613327 0.14549 0.776313
vn -0.603738 0.217419 0.766961
vn 0.653004 -0.012259 0.757255
vn -0.199336 0.179782 0.963298
vn 0.868 -0.229931 -0.440123
vn -0.444429 0.302178 0.84331
vn 0.57073 -0.097058 -0.815381
vn 0.559292 -0.163346 -0.812718
vn -0.329161 0.447868 0.831305
vn 0.361386 -0.023345 -0.932124
vn -0.281137 0.412836 0.866331
vn 0.156603 -0.126892 -0.979476
vn 0.199197 -0.01558 -0.979836
vn -0.295135 0.22083 0.929586
vn -0.131959 0.289672 0.947986
vn -0.066571 -0.139401 -0.987996
vn -0.040599 -0.131895 -0.990432
vn -0.248837 -0.090699 -0.964289
vn -0.688352 -0.037373 -0.724413
vn -0.933477 0.005719 0.358592
vn -0.97178 0.043047 0.231928
vn -0.274041 0.055589 0.96011
vn -0.48121 0.143455 0.864788
vn -0.524917 0.097764 -0.84552
vn -0.611333 0.161324 -0.774756
vn -0.129346 0.171992 -0.97657
vn 0.662777 -0.070756 -0.745467
vn -0.371455 0.320198 -0.87149
vn 0.913113 -0.259681 0.314309
vn -0.288378 0.503686 -0.814333
vn 0.588873 -0.098948 0.802146
vn 0.603838 -0.165089 0.779824
vn -0.308425 0.455236 -0.835245
vn 0.364585 -0.025876 0.93081
vn -0.613145 0.212965 -0.760723
vn -0.473931 0.132876 -0.870479
vn -0.271988 0.213309 -0.938361
vn 0.138628 -0.128319 0.981996
vn 0.160162 -0.018961 0.986909
vn -0.08122 -0.126988 0.988573
vn -0.062457 -0.123022 0.990437
vn -0.280572 -0.075246 0.956879
vn -0.767784 -0.01603 0.640509
vn -0.934805 -0.033379 -0.353588
vn -0.944355 -0.001855 -0.328922
vn -0.368597 0.010053 -0.929535
vn -0.54574 0.138339 -0.826456
vn -0.268073 0.157423 0.95045
vn 0.454431 0.075539 0.887573
vn -0.235008 0.196192 0.951987
vn 0.903279 -0.208671 -0.37489
vn 0.500496 -0.151459 -0.852387
vn -0.522822 0.457733 0.719123
vn 0.355019 -0.074102 -0.931918
vn 0.299137 -0.033225 -0.953632
vn -0.159806 0.51554 0.841832
vn 0.2411 -0.00739 -0.970472
vn 0.006872 0.383335 0.923584
vn 0.047086 -0.067902 -0.99658
vn 0.182223 -0.026633 -0.982896
vn -0.187968 0.227617 0.955436
vn -0.117632 0.223236 0.967641
vn -0.261726 -0.148421 -0.953662
vn -0.173285 -0.15183 -0.973098
vn -0.602081 -0.163832 -0.781446
vn -0.997489 -0.057248 0.041688
vn -0.374232 0.194858 0.906632
vn -0.490457 0.206464 0.846655
vn -0.21573 0.206034 -0.954469
vn 0.494135 0.044947 -0.868222
vn 0.917356 -0.207621 0.339635
vn -0.427732 0.454135 -0.781541
vn 0.566541 -0.160351 0.808281
vn -0.187213 0.481044 -0.856474
vn 0.380195 -0.074344 0.921914
vn 0.338687 -0.032892 0.940324
vn -0.116121 0.328349 -0.937392
vn 0.209092 -0.008333 0.97786
vn -0.408814 0.085216 -0.908631
vn -0.261252 0.184034 -0.947565
vn -0.190293 0.186073 -0.963932
vn -0.006838 -0.078881 0.996861
vn 0.042672 -0.067785 0.996787
vn -0.279872 -0.13919 0.949894
vn -0.270827 -0.168472 0.947771
vn -0.70021 -0.15511 0.696884
vn -0.981985 -0.094355 -0.163716
vn -0.339681 0.161745 -0.926529
vn -0.450019 0.190359 -0.872494
vn 0.447697 0.163517 0.879107
vn 0.906465 -0.095001 -0.411456
vn -0.258012 0.240663 0.935688
vn -0.089939 0.407419 0.908802
vn 0.303405 0.054762 -0.951287
vn 0.3252 0.039903 -0.944803
vn 0.167121 0.401454 0.900503
vn 0.367877 0.2779 0.887377
vn 0.440882 0.043643 -0.896503
vn 0.049277 0.135207 0.989591
vn -0.07898 -0.161095 -0.983774
vn 0.10879 -0.21258 -0.971069
vn -0.613992 0.077705 0.785478
vn -0.548376 -0.106532 0.829418
vn -0.550428 -0.233956 -0.801432
vn -0.581085 -0.26094 -0.770877
vn -0.977517 -0.188623 -0.094242
vn -0.161933 0.263937 -0.95085
vn 0.482171 0.187918 -0.855686
vn 0.879004 -0.060484 0.472963
vn -0.248155 0.32719 -0.911793
vn 0.015174 0.336055 -0.94172
vn 0.147967 0.168033 -0.974613
vn 0.256207 0.04318 0.965657
vn 0.250022 0.02111 0.96801
vn -0.098132 0.083901 -0.99163
vn 0.160049 -0.016711 0.986968
vn -0.576065 0.098354 -0.811465
vn -0.578942 -0.102162 -0.808944
vn -0.22233 -0.203448 0.953508
vn -0.141888 -0.218979 0.965358
vn -0.599095 -0.246128 0.76191
vn -0.572986 -0.2716 0.773254
vn -0.979164 -0.19254 0.064549
vn 0.324326 -0.051313 0.944553
vn -0.398584 -0.29647 0.867892
vn -0.618774 -0.308264 -0.722559
vn -0.968699 -0.244383 -0.043573
vn -0.946321 -0.31015 0.091015
vn 0.080669 -0.117997 -0.989732
vn -0.511524 -0.324374 -0.795691
vn -0.964243 -0.255973 0.068656
vn -0.929248 -0.369063 0.017054
vn -0.592074 -0.302896 0.746795
vn -0.651383 0.565022 -0.506409
vn -0.213071 0.686303 0.695406
vn 0.200587 0.967294 -0.155263
vn 0.233597 0.957896 0.166939
vn 0.08187 0.986239 0.143634
vn 0.199082 0.963298 -0.180067
# 1459 normals
usemtl Material__1
f  5//1 1//2 8//3
f  16//4 17//5 5//1
f  17//5 6//6 5//1
f  18//7 5//1 8//3
f  17//5 11//8 6//6
f  15//9 13//10 32//11
f  15//9 32//11 35//12
f  37//13 16//4 19//14
f  20//15 43//16 23//17
f  36//18 44//19 22//20
f  24//21 46//22 25//23
f  26//24 47//25 24//21
f  47//25 46//22 24//21
f  25//23 46//22 48//26
f  25//23 49//27 27//28
f  50//29 49//27 25//23
f  30//30 47//25 26//24
f  27//28 51//31 34//32
f  27//28 49//27 51//31
f  53//33 54//34 29//35
f  54//34 30//30 29//35
f  32//11 31//36 58//37
f  31//36 33//38 58//37
f  32//11 58//37 59//39
f  34//32 51//31 63//40
f  38//41 45//42 39//43
f  39//43 66//44 40//45
f  45//42 66//44 39//43
f  66//44 70//46 40//45
f  66//44 45//42 70//46
f  48//26 46//22 50//29
f  50//29 46//22 56//47
f  46//22 47//25 56//47
f  79//48 48//26 80//49
f  48//26 50//29 80//49
f  81//50 48//26 82//51
f  82//51 48//26 50//29
f  48//26 49//27 50//29
f  81//50 49//27 48//26
f  81//50 51//31 49//27
f  80//49 50//29 56//47
f  82//51 50//29 79//48
f  86//52 54//34 85//53
f  54//34 86//52 57//54
f  55//55 57//54 88//56
f  92//57 55//55 90//58
f  56//47 55//55 92//57
f  80//49 56//47 92//57
f  60//59 59//39 96//60
f  61//61 102//62 100//63
f  61//61 63//40 102//62
f  98//64 65//65 64//66
f  106//67 65//65 107//68
f  98//64 107//68 65//65
f  69//69 78//70 112//71
f  112//71 78//70 124//72
f  79//48 129//73 127//74
f  79//48 80//49 129//73
f  131//75 132//76 79//48
f  132//76 82//51 79//48
f  133//77 83//78 81//50
f  133//77 81//50 82//51
f  136//79 103//80 83//78
f  134//81 83//78 133//77
f  91//82 87//83 140//84
f  127//74 129//73 90//58
f  91//82 140//84 144//85
f  93//86 146//87 94//88
f  93//86 147//89 146//87
f  148//90 95//91 139//92
f  97//93 107//68 98//64
f  97//93 106//67 107//68
f  154//94 102//62 155//95
f  103//80 155//95 102//62
f  161//96 104//97 108//98
f  162//99 104//97 161//96
f  166//100 109//101 111//102
f  167//103 113//104 110//105
f  169//106 166//100 111//102
f  134//81 132//76 131//75
f  194//107 137//108 138//109
f  190//110 194//107 138//109
f  171//111 148//90 139//92
f  141//112 195//113 140//84
f  143//114 195//113 141//112
f  197//115 195//113 143//114
f  144//85 196//116 145//117
f  146//87 201//118 199//119
f  146//87 147//89 201//118
f  148//90 202//120 147//89
f  147//89 202//120 201//118
f  203//121 148//90 171//111
f  156//122 211//123 157//124
f  211//123 212//125 157//124
f  209//126 158//127 213//128
f  165//129 224//130 222//131
f  165//129 206//132 224//130
f  186//133 168//134 170//135
f  203//121 171//111 226//136
f  181//137 242//138 182//139
f  242//138 243//140 182//139
f  187//141 184//142 246//143
f  246//143 228//144 187//141
f  189//145 249//146 190//110
f  191//147 250//148 251//149
f  193//150 250//148 191//147
f  194//107 250//148 193//150
f  262//151 202//120 204//152
f  264//153 203//121 226//136
f  204//152 203//121 264//153
f  265//154 204//152 264//153
f  265//154 263//155 204//152
f  263//155 262//151 204//152
f  261//156 254//157 205//158
f  207//159 208//160 266//161
f  209//126 213//128 267//162
f  270//163 271//164 211//123
f  271//164 212//125 211//123
f  212//125 272//165 213//128
f  271//164 272//165 212//125
f  267//162 213//128 273//166
f  214//167 275//168 276//169
f  214//167 276//169 215//170
f  280//171 216//172 220//173
f  218//174 223//175 219//176
f  220//173 282//177 280//171
f  264//153 226//136 287//178
f  289//179 229//180 228//144
f  290//181 288//182 229//180
f  244//183 310//184 247//185
f  260//186 328//187 258//188
f  260//186 330//189 328//187
f  331//190 263//155 265//154
f  332//191 265//154 264//153
f  333//192 265//154 332//191
f  333//192 331//190 265//154
f  334//193 267//162 273//166
f  268//194 317//195 335//196
f  274//197 272//165 340//198
f  334//193 273//166 341//199
f  341//199 273//166 274//197
f  341//199 274//197 342//200
f  274//197 339//201 342//200
f  274//197 340//198 339//201
f  279//202 347//203 277//204
f  282//177 286//205 350//206
f  286//205 355//207 356//208
f  290//181 333//192 288//182
f  333//192 332//191 288//182
f  291//209 289//179 313//210
f  359//211 313//210 310//184
f  385//212 384//213 311//214
f  385//212 311//214 386//215
f  386//215 311//214 383//216
f  402//217 322//218 324//219
f  324//219 405//220 402//217
f  324//219 329//221 405//220
f  329//221 328//187 409//222
f  328//187 410//223 409//222
f  328//187 411//224 410//223
f  328//187 330//189 411//224
f  329//221 412//225 405//220
f  329//221 409//222 412//225
f  330//189 331//190 413//226
f  414//227 330//189 413//226
f  330//189 414//227 411//224
f  413//226 331//190 333//192
f  415//228 333//192 358//229
f  333//192 415//228 413//226
f  354//230 334//193 341//199
f  337//231 417//232 338//233
f  417//232 418//234 338//233
f  342//200 339//201 419//235
f  341//199 342//200 420//236
f  420//236 342//200 421//237
f  342//200 419//235 421//237
f  347//203 351//238 428//239
f  348//240 429//241 430//242
f  431//243 348//240 430//242
f  426//244 348//240 431//243
f  351//238 350//206 357//245
f  355//207 421//237 356//208
f  355//207 420//236 421//237
f  384//213 439//246 359//211
f  439//246 360//247 359//211
f  380//248 462//249 382//250
f  469//251 470//252 383//216
f  470//252 386//215 383//216
f  385//212 471//253 384//213
f  471//253 439//246 384//213
f  472//254 385//212 386//215
f  472//254 471//253 385//212
f  393//255 392//256 482//257
f  482//257 483//258 393//255
f  483//258 416//259 393//255
f  490//260 488//261 403//262
f  409//222 492//263 412//225
f  409//222 493//264 492//263
f  410//223 493//264 409//222
f  411//224 495//265 494//266
f  414//227 495//265 411//224
f  496//267 414//227 413//226
f  495//265 414//227 496//267
f  483//258 497//268 416//259
f  497//268 498//269 416//259
f  498//269 417//232 416//259
f  498//269 499//270 417//232
f  499//270 500//271 417//232
f  500//271 418//234 417//232
f  501//272 419//235 418//234
f  501//272 418//234 502//273
f  500//271 502//273 418//234
f  421//237 419//235 501//272
f  436//274 421//237 503//275
f  501//272 503//275 421//237
f  424//276 504//277 422//278
f  426//244 513//279 511//280
f  426//244 431//243 513//279
f  428//239 515//281 429//241
f  428//239 433//282 515//281
f  429//241 516//283 430//242
f  429//241 515//281 516//283
f  431//243 430//242 517//284
f  430//242 516//283 517//284
f  441//285 496//267 438//286
f  471//253 440//287 439//246
f  441//285 495//265 496//267
f  525//288 526//289 441//285
f  526//289 495//265 441//285
f  544//290 545//291 466//292
f  545//291 468//293 466//292
f  545//291 547//294 468//293
f  549//295 471//253 472//254
f  550//296 471//253 549//295
f  550//296 525//288 471//253
f  473//297 551//298 472//254
f  551//298 549//295 472//254
f  481//299 560//300 561//301
f  565//302 484//303 487//304
f  486//305 568//306 487//304
f  569//307 568//306 486//305
f  568//306 570//308 487//304
f  493//264 572//309 492//263
f  494//266 572//309 493//264
f  497//268 562//310 498//269
f  562//310 573//311 498//269
f  498//269 573//311 499//270
f  574//312 575//313 500//271
f  500//271 575//313 502//273
f  501//272 502//273 576//314
f  576//314 502//273 575//313
f  507//315 584//316 582//317
f  507//315 512//318 584//316
f  512//318 589//319 584//316
f  515//281 520//320 516//283
f  517//284 516//283 592//321
f  592//321 516//283 593//322
f  516//283 591//323 593//322
f  517//284 594//324 518//325
f  517//284 592//321 594//324
f  523//326 576//314 524//327
f  576//314 575//313 524//327
f  524//327 599//328 591//323
f  524//327 575//313 599//328
f  601//329 526//289 525//288
f  602//330 526//289 601//329
f  542//331 619//332 540//333
f  621//334 543//335 541//336
f  627//337 547//294 545//291
f  630//338 547//294 627//337
f  558//339 557//340 641//341
f  558//339 644//342 559//343
f  558//339 643//344 644//342
f  559//343 644//342 645//345
f  562//310 646//346 573//311
f  649//347 563//348 566//349
f  568//306 653//350 570//308
f  569//307 653//350 568//306
f  569//307 572//309 653//350
f  653//350 654//351 570//308
f  572//309 603//352 653//350
f  573//311 646//346 574//312
f  580//353 583//354 662//355
f  581//356 665//357 585//358
f  584//316 589//319 666//359
f  666//359 589//319 674//360
f  591//323 599//328 677//361
f  677//361 599//328 686//362
f  633//363 601//329 600//364
f  653//350 603//352 654//351
f  603//352 689//365 654//351
f  707//366 708//367 618//368
f  708//367 622//369 618//368
f  708//367 712//370 622//369
f  712//370 711//371 622//369
f  720//372 635//373 631//374
f  720//372 724//375 635//373
f  640//376 639//377 729//378
f  643//344 735//379 644//342
f  643//344 734//380 735//379
f  644//342 735//379 645//345
f  735//379 646//346 645//345
f  735//379 687//381 646//346
f  651//382 740//383 652//384
f  651//382 656//385 740//383
f  654//351 689//365 655//386
f  742//387 656//385 655//386
f  689//365 742//387 655//386
f  656//385 743//388 740//383
f  742//387 724//375 656//385
f  660//389 752//390 750//391
f  660//389 663//392 752//390
f  663//392 755//393 752//390
f  663//392 754//394 755//393
f  675//395 682//396 766//397
f  678//398 677//361 680//399
f  682//396 772//400 766//397
f  734//380 687//381 735//379
f  734//380 776//401 687//381
f  790//402 703//403 792//404
f  792//404 703//403 705//405
f  794//406 795//407 704//408
f  795//407 706//409 704//408
f  800//410 712//370 708//367
f  712//370 717//411 711//371
f  712//370 803//412 717//411
f  800//410 804//413 712//370
f  804//413 803//412 712//370
f  803//412 808//414 717//411
f  811//415 724//375 720//372
f  724//375 723//416 722//417
f  723//416 724//375 742//387
f  724//375 811//415 744//418
f  730//419 820//420 731//421
f  820//420 732//422 731//421
f  820//420 821//423 732//422
f  733//424 732//422 823//425
f  732//422 772//400 823//425
f  733//424 776//401 734//380
f  733//424 823//425 776//401
f  824//426 736//427 737//428
f  741//429 830//430 827//431
f  741//429 829//432 830//430
f  744//418 829//432 743//388
f  748//433 838//434 836//435
f  748//433 751//436 838//434
f  839//437 749//438 835//439
f  753//440 749//438 839//437
f  752//390 755//393 840//441
f  754//394 761//442 755//393
f  761//442 845//443 755//393
f  755//393 846//444 840//441
f  755//393 845//443 846//444
f  761//442 851//445 845//443
f  766//397 772//400 856//446
f  770//447 771//448 772//400
f  823//425 772//400 771//448
f  822//449 856//446 772//400
f  816//450 778//451 865//452
f  866//453 779//454 863//455
f  868//456 781//457 870//458
f  815//459 782//460 867//461
f  869//462 783//463 862//464
f  879//465 790//402 792//404
f  882//466 883//467 791//468
f  883//467 793//469 791//468
f  793//469 885//470 794//406
f  885//470 887//471 794//406
f  804//413 897//472 803//412
f  897//472 895//473 803//412
f  898//474 804//413 890//475
f  898//474 897//472 804//413
f  900//476 813//477 810//478
f  813//477 903//479 902//480
f  815//459 867//461 905//481
f  909//482 910//483 819//484
f  910//483 911//485 819//484
f  821//423 911//485 822//449
f  826//486 914//487 912//488
f  826//486 828//489 914//487
f  830//430 828//489 827//431
f  828//489 915//490 914//487
f  828//489 916//491 915//490
f  828//489 903//479 916//491
f  902//480 828//489 830//430
f  902//480 903//479 828//489
f  829//432 902//480 830//430
f  834//492 924//493 922//494
f  834//492 837//495 924//493
f  839//437 835//439 925//496
f  836//435 928//497 837//495
f  836//435 927//498 928//497
f  845//443 938//499 846//444
f  845//443 937//500 938//499
f  931//501 846//444 939//502
f  846//444 938//499 939//502
f  855//503 858//504 942//505
f  946//506 947//507 858//504
f  952//508 869//462 862//464
f  953//509 867//461 866//453
f  867//461 956//510 905//481
f  867//461 957//511 956//510
f  953//509 957//511 867//461
f  952//508 959//512 869//462
f  959//512 960//513 869//462
f  870//458 869//462 958//514
f  869//462 960//513 958//514
f  969//515 877//516 880//517
f  881//518 975//519 882//466
f  971//520 976//521 881//518
f  976//521 975//519 881//518
f  882//466 977//522 883//467
f  975//519 977//522 882//466
f  977//522 886//523 883//467
f  895//473 903//479 896//524
f  897//472 903//479 895//473
f  989//525 897//472 898//474
f  989//525 903//479 897//472
f  994//526 904//527 906//528
f  904//527 994//526 966//529
f  956//510 906//528 905//481
f  906//528 995//530 994//526
f  955//531 997//532 907//533
f  997//532 908//534 907//533
f  997//532 998//535 908//534
f  998//535 999//536 908//534
f  999//536 947//507 908//534
f  909//482 908//534 910//483
f  910//483 908//534 946//506
f  908//534 947//507 946//506
f  910//483 946//506 911//485
f  913//537 1000//538 953//509
f  914//487 915//490 1000//538
f  915//490 1001//539 1000//538
f  915//490 916//491 1001//539
f  926//540 921//541 1011//542
f  924//493 1012//543 922//494
f  922//494 1013//544 923//545
f  922//494 1012//543 1013//544
f  923//545 1014//546 1009//547
f  923//545 1013//544 1014//546
f  924//493 929//548 1012//543
f  936//549 947//507 937//500
f  937//500 947//507 938//499
f  939//502 938//499 1026//550
f  938//499 947//507 1026//550
f  951//551 950//552 1036//553
f  1035//554 1036//553 950//552
f  1036//553 1037//555 951//551
f  952//508 951//551 959//512
f  1039//556 957//511 953//509
f  1000//538 1039//556 953//509
f  958//514 1040//557 954//558
f  957//511 996//559 956//510
f  957//511 1041//560 996//559
f  1039//556 1041//560 957//511
f  958//514 960//513 1042//561
f  958//514 1042//561 1040//557
f  959//512 1038//562 960//513
f  1038//562 1043//563 960//513
f  960//513 1043//563 1042//561
f  1053//564 972//565 968//566
f  1049//567 1057//568 971//520
f  1057//568 976//521 971//520
f  1057//568 1063//569 976//521
f  1072//570 986//571 1065//572
f  1073//573 986//571 1072//570
f  1073//573 1071//574 986//571
f  1069//575 1076//576 990//577
f  993//578 1076//576 1002//579
f  995//530 1079//580 994//526
f  994//526 1079//580 1049//567
f  995//530 1080//581 1079//580
f  995//530 1081//582 1080//581
f  1041//560 1082//583 996//559
f  1040//557 998//535 997//532
f  1040//557 1083//584 998//535
f  1083//584 999//536 998//535
f  1000//538 1001//539 1039//556
f  1001//539 1085//585 1039//556
f  1001//539 1002//579 1085//585
f  1002//579 1086//586 1085//585
f  1006//587 1008//588 1093//589
f  1009//547 1099//590 1096//591
f  1009//547 1014//546 1099//590
f  1014//546 1103//592 1099//590
f  1106//593 1024//594 1113//595
f  1113//595 1024//594 1114//596
f  1024//594 1112//597 1114//596
f  1027//598 1116//599 1110//600
f  1084//601 1116//599 1033//602
f  1036//553 1123//603 1037//555
f  1096//591 1123//603 1036//553
f  1123//603 1124//604 1037//555
f  1124//604 1125//605 1037//555
f  1038//562 1126//606 1043//563
f  1085//585 1041//560 1039//556
f  1042//561 1083//584 1040//557
f  1041//560 1127//607 1082//583
f  1086//586 1041//560 1085//585
f  1042//561 1043//563 1129//608
f  1042//561 1129//608 1083//584
f  1126//606 1130//609 1043//563
f  1129//608 1043//563 1132//610
f  1137//611 1048//612 1049//567
f  1079//580 1057//568 1049//567
f  1141//613 1050//614 1052//615
f  1144//616 1145//617 1051//618
f  1145//617 1054//619 1051//618
f  1057//568 1151//620 1063//569
f  1079//580 1080//581 1057//568
f  1080//581 1151//620 1057//568
f  1151//620 1156//621 1063//569
f  1156//621 1159//622 1067//623
f  1071//574 1087//624 1070//625
f  1128//626 1071//574 1073//573
f  1161//627 1128//626 1073//573
f  1080//581 1166//628 1151//620
f  1081//582 1166//628 1080//581
f  1127//607 1081//582 1082//583
f  1127//607 1161//627 1081//582
f  1129//608 1084//601 1083//584
f  1129//608 1132//610 1084//601
f  1091//629 1175//630 1173//631
f  1091//629 1094//632 1175//630
f  1095//633 1092//634 1177//635
f  1096//591 1099//590 1123//603
f  1096//591 1122//636 1181//637
f  1103//592 1185//638 1099//590
f  1099//590 1124//604 1123//603
f  1099//590 1185//638 1124//604
f  1103//592 1188//639 1185//638
f  1108//640 1192//641 1188//639
f  1111//642 1133//643 1112//597
f  1114//596 1112//597 1131//644
f  1114//596 1131//644 1194//645
f  1185//638 1200//646 1124//604
f  1124//604 1200//646 1125//605
f  1126//606 1125//605 1130//609
f  1125//605 1194//645 1130//609
f  1128//626 1161//627 1127//607
f  1130//609 1194//645 1131//644
f  1207//647 1139//648 1142//649
f  1210//650 1143//651 1140//652
f  1148//653 1153//654 1147//655
f  1151//620 1220//656 1156//621
f  1166//628 1220//656 1151//620
f  1156//621 1225//657 1159//622
f  1220//656 1225//657 1156//621
f  1167//658 1161//627 1158//659
f  1225//657 1227//660 1159//622
f  1166//628 1167//658 1220//656
f  1233//661 1167//658 1227//660
f  1167//658 1233//661 1220//656
f  1171//662 1174//663 1238//664
f  1176//665 1172//666 1241//667
f  1178//668 1184//669 1179//670
f  1188//639 1252//671 1185//638
f  1185//638 1252//671 1200//646
f  1192//641 1255//672 1188//639
f  1188//639 1255//672 1252//671
f  1191//673 1194//645 1201//674
f  1192//641 1258//675 1255//672
f  1252//671 1201//674 1200//646
f  1258//675 1201//674 1265//676
f  1252//671 1265//676 1201//674
f  1215//677 1277//678 1213//679
f  1220//656 1233//661 1225//657
f  1225//657 1233//661 1227//660
f  1243//680 1299//681 1244//682
f  1255//672 1265//676 1252//671
f  1258//675 1265//676 1255//672
f  1274//683 1270//684 1321//685
f  1270//684 1319//686 1321//685
f  1320//687 1272//688 1323//689
f  1272//688 1322//690 1323//689
f  1325//691 1274//683 1321//685
f  1344//692 1293//693 1296//694
f  1344//692 1340//695 1293//693
f  1344//692 1296//694 1347//696
f  1350//697 1298//698 1345//699
f  1350//697 1349//700 1298//698
f  1319//686 1368//701 1321//685
f  1367//702 1320//687 1323//689
f  1369//703 1326//704 1321//685
f  1326//704 1325//691 1321//685
f  1370//705 1369//703 1321//685
f  1322//690 1373//706 1369//703
f  1371//707 1367//702 1323//689
f  1371//707 1323//689 1370//705
f  1369//703 1373//706 1326//704
f  1373//706 1372//708 1326//704
f  1374//709 1326//704 1372//708
f  1344//692 1385//710 1340//695
f  1344//692 1348//711 1390//712
f  1344//692 1347//696 1348//711
f  1344//692 1390//712 1391//713
f  1350//697 1345//699 1389//714
f  1348//711 1394//715 1390//712
f  1348//711 1395//716 1394//715
f  1395//716 1348//711 1393//717
f  1390//712 1394//715 1349//700
f  1350//697 1389//714 1392//718
f  1391//713 1350//697 1392//718
f  1365//719 1406//720 1364//721
f  1406//720 1366//722 1364//721
f  1406//720 1365//719 1367//702
f  1366//722 1406//720 1368//701
f  1372//708 1376//723 1408//724
f  1372//708 1408//724 1374//709
f  1409//725 1374//709 1410//726
f  1374//709 1408//724 1410//726
f  1409//725 1378//727 1374//709
f  1375//728 1379//729 1411//730
f  1411//730 1376//723 1375//728
f  1408//724 1376//723 1410//726
f  1376//723 1411//730 1410//726
f  1409//725 1413//731 1378//727
f  1411//730 1379//729 1415//732
f  1415//732 1379//729 1382//733
f  1382//733 1417//734 1415//732
f  1417//734 1382//733 1418//735
f  1385//710 1420//736 1386//737
f  1387//738 1386//737 1420//736
f  1387//738 1420//736 1388//739
f  1389//714 1388//739 1420//736
f  1422//740 1393//717 1423//741
f  1422//740 1424//742 1393//717
f  1393//717 1424//742 1395//716
f  1393//717 1397//743 1423//741
f  1424//742 1399//744 1395//716
f  1397//743 1426//745 1423//741
f  1428//746 1401//747 1398//748
f  1398//748 1399//744 1428//746
f  1422//740 1399//744 1424//742
f  1422//740 1428//746 1399//744
f  1430//749 1401//747 1428//746
f  1405//750 1401//747 1430//749
f  1430//749 1431//751 1405//750
f  1432//752 1405//750 1431//751
f  1434//753 1409//725 1410//726
f  1434//753 1435//754 1409//725
f  1435//754 1436//755 1409//725
f  1436//755 1413//731 1409//725
f  1411//730 1415//732 1410//726
f  1415//732 1437//756 1410//726
f  1437//756 1434//753 1410//726
f  1416//757 1412//758 1414//759
f  1414//759 1413//731 1436//755
f  1416//757 1414//759 1438//760
f  1414//759 1439//761 1438//760
f  1439//761 1414//759 1440//762
f  1441//763 1440//762 1414//759
f  1441//763 1414//759 1436//755
f  1437//756 1415//732 1442//764
f  1442//764 1415//732 1417//734
f  1419//765 1416//757 1438//760
f  1443//766 1417//734 1418//735
f  1445//767 1419//765 1438//760
f  1422//740 1430//749 1428//746
f  1422//740 1446//768 1430//749
f  1422//740 1447//769 1446//768
f  1422//740 1423//741 1447//769
f  1423//741 1448//770 1447//769
f  1423//741 1449//771 1448//770
f  1423//741 1426//745 1449//771
f  1427//772 1425//773 1429//774
f  1449//771 1426//745 1427//772
f  1450//775 1427//772 1429//774
f  1450//775 1451//776 1427//772
f  1452//777 1427//772 1451//776
f  1427//772 1452//777 1453//778
f  1449//771 1427//772 1453//778
f  1450//775 1429//774 1433//779
f  1454//780 1430//749 1446//768
f  1431//751 1430//749 1454//780
f  1432//752 1431//751 1456//781
f  1450//775 1433//779 1457//782
f  1441//763 1436//755 1435//754
f  1439//761 1445//767 1438//760
f  1448//770 1449//771 1453//778
f  1450//775 1457//782 1451//776
f  1//2 2//783 3//784
f  1//2 3//784 4//785
f  5//1 6//6 2//783
f  5//1 2//783 1//2
f  1//2 4//785 7//786
f  1//2 7//786 8//3
f  2//783 9//787 10//788
f  2//783 10//788 3//784
f  6//6 11//8 9//787
f  6//6 9//787 2//783
f  4//785 3//784 12//789
f  4//785 12//789 13//10
f  3//784 10//788 14//790
f  3//784 14//790 12//789
f  15//9 7//786 4//785
f  15//9 4//785 13//10
f  16//4 5//1 18//7
f  16//4 18//7 19//14
f  20//15 8//3 7//786
f  20//15 7//786 21//791
f  21//791 7//786 15//9
f  21//791 15//9 22//20
f  23//17 18//7 8//3
f  23//17 8//3 20//15
f  9//787 24//21 25//23
f  9//787 25//23 10//788
f  11//8 26//24 24//21
f  11//8 24//21 9//787
f  10//788 25//23 27//28
f  10//788 27//28 14//790
f  28//792 29//35 11//8
f  28//792 11//8 17//5
f  29//35 30//30 26//24
f  29//35 26//24 11//8
f  13//10 12//789 31//36
f  13//10 31//36 32//11
f  12//789 14//790 33//38
f  12//789 33//38 31//36
f  14//790 27//28 34//32
f  14//790 34//32 33//38
f  22//20 15//9 35//12
f  22//20 35//12 36//18
f  37//13 28//792 17//5
f  37//13 17//5 16//4
f  38//41 19//14 18//7
f  38//41 18//7 23//17
f  39//43 40//45 19//14
f  39//43 19//14 38//41
f  41//793 37//13 19//14
f  41//793 19//14 40//45
f  42//794 43//16 20//15
f  42//794 20//15 21//791
f  21//791 22//20 44//19
f  21//791 44//19 42//794
f  43//16 45//42 38//41
f  43//16 38//41 23//17
f  41//793 52//795 28//792
f  41//793 28//792 37//13
f  52//795 53//33 29//35
f  52//795 29//35 28//792
f  47//25 30//30 55//55
f  47//25 55//55 56//47
f  30//30 54//34 57//54
f  30//30 57//54 55//55
f  60//59 35//12 32//11
f  60//59 32//11 59//39
f  58//37 33//38 61//61
f  58//37 61//61 62//796
f  33//38 34//32 63//40
f  33//38 63//40 61//61
f  36//18 35//12 60//59
f  36//18 60//59 64//66
f  36//18 64//66 65//65
f  36//18 65//65 44//19
f  67//797 41//793 40//45
f  67//797 40//45 68//798
f  69//69 68//798 40//45
f  69//69 40//45 70//46
f  67//797 71//799 52//795
f  67//797 52//795 41//793
f  72//800 43//16 42//794
f  72//800 42//794 73//801
f  73//801 42//794 44//19
f  73//801 44//19 74//802
f  75//803 45//42 43//16
f  75//803 43//16 72//800
f  74//802 44//19 65//65
f  74//802 65//65 76//804
f  77//805 78//70 45//42
f  77//805 45//42 75//803
f  45//42 78//70 69//69
f  45//42 69//69 70//46
f  81//50 83//78 63//40
f  81//50 63//40 51//31
f  84//806 53//33 52//795
f  84//806 52//795 71//799
f  85//53 54//34 53//33
f  85//53 53//33 84//806
f  87//83 55//55 88//56
f  87//83 88//56 89//807
f  90//58 55//55 87//83
f  90//58 87//83 91//82
f  88//56 57//54 93//86
f  88//56 93//86 94//88
f  86//52 95//91 93//86
f  86//52 93//86 57//54
f  59//39 58//37 62//796
f  59//39 62//796 96//60
f  64//66 60//59 97//93
f  64//66 97//93 98//64
f  97//93 60//59 96//60
f  97//93 96//60 99//808
f  62//796 61//61 100//63
f  62//796 100//63 101//809
f  96//60 62//796 101//809
f  96//60 101//809 99//808
f  83//78 103//80 102//62
f  83//78 102//62 63//40
f  76//804 65//65 104//97
f  76//804 104//97 105//810
f  106//67 108//98 104//97
f  106//67 104//97 65//65
f  109//101 110//105 71//799
f  109//101 71//799 67//797
f  109//101 67//797 68//798
f  109//101 68//798 111//102
f  69//69 112//71 111//102
f  69//69 111//102 68//798
f  110//105 113//104 84//806
f  110//105 84//806 71//799
f  114//811 72//800 73//801
f  114//811 73//801 115//812
f  116//813 75//803 72//800
f  116//813 72//800 114//811
f  115//812 73//801 74//802
f  115//812 74//802 117//814
f  117//814 74//802 76//804
f  117//814 76//804 118//815
f  119//816 77//805 75//803
f  119//816 75//803 116//813
f  118//815 76//804 105//810
f  118//815 105//810 120//817
f  121//818 122//819 78//70
f  121//818 78//70 77//805
f  123//820 121//818 77//805
f  123//820 77//805 119//816
f  78//70 122//819 125//821
f  78//70 125//821 124//72
f  126//822 79//48 127//74
f  126//822 127//74 128//823
f  130//824 131//75 79//48
f  130//824 79//48 126//822
f  129//73 80//49 92//57
f  129//73 92//57 90//58
f  134//81 133//77 82//51
f  134//81 82//51 132//76
f  135//825 136//79 83//78
f  135//825 83//78 137//108
f  138//109 137//108 83//78
f  138//109 83//78 134//81
f  113//104 139//92 85//53
f  113//104 85//53 84//806
f  139//92 95//91 86//52
f  139//92 86//52 85//53
f  140//84 87//83 89//807
f  140//84 89//807 141//112
f  89//807 88//56 94//88
f  89//807 94//88 142//826
f  141//112 89//807 142//826
f  141//112 142//826 143//114
f  128//823 127//74 90//58
f  128//823 90//58 91//82
f  145//117 128//823 91//82
f  145//117 91//82 144//85
f  95//91 148//90 147//89
f  95//91 147//89 93//86
f  94//88 146//87 149//827
f  94//88 149//827 142//826
f  150//828 97//93 99//808
f  150//828 99//808 151//829
f  106//67 97//93 150//828
f  106//67 150//828 108//98
f  99//808 101//809 152//830
f  99//808 152//830 151//829
f  152//830 101//809 100//63
f  152//830 100//63 153//831
f  153//831 100//63 102//62
f  153//831 102//62 154//94
f  156//122 157//124 103//80
f  156//122 103//80 136//79
f  103//80 157//124 158//127
f  103//80 158//127 155//95
f  105//810 104//97 159//832
f  105//810 159//832 160//833
f  162//99 163//834 159//832
f  162//99 159//832 104//97
f  120//817 105//810 160//833
f  120//817 160//833 164//835
f  150//828 165//129 161//96
f  150//828 161//96 108//98
f  166//100 167//103 110//105
f  166//100 110//105 109//101
f  168//134 169//106 111//102
f  168//134 111//102 170//135
f  112//71 124//72 170//135
f  112//71 170//135 111//102
f  167//103 171//111 139//92
f  167//103 139//92 113//104
f  172//836 114//811 115//812
f  172//836 115//812 173//837
f  174//838 116//813 114//811
f  174//838 114//811 172//836
f  173//837 115//812 117//814
f  173//837 117//814 175//839
f  176//840 119//816 116//813
f  176//840 116//813 174//838
f  175//839 117//814 118//815
f  175//839 118//815 177//841
f  177//841 118//815 120//817
f  177//841 120//817 178//842
f  179//843 123//820 119//816
f  179//843 119//816 176//840
f  178//842 120//817 164//835
f  178//842 164//835 180//844
f  181//137 182//139 122//819
f  181//137 122//819 121//818
f  183//845 181//137 121//818
f  183//845 121//818 123//820
f  122//819 182//139 184//142
f  122//819 184//142 125//821
f  185//846 183//845 123//820
f  185//846 123//820 179//843
f  124//72 125//821 186//133
f  124//72 186//133 170//135
f  125//821 184//142 187//141
f  125//821 187//141 186//133
f  188//847 126//822 128//823
f  188//847 128//823 145//117
f  189//145 130//824 126//822
f  189//145 126//822 188//847
f  190//110 138//109 130//824
f  190//110 130//824 189//145
f  138//109 134//81 131//75
f  138//109 131//75 130//824
f  191//147 192//848 135//825
f  191//147 135//825 193//150
f  192//848 156//122 136//79
f  192//848 136//79 135//825
f  193//150 135//825 137//108
f  193//150 137//108 194//107
f  195//113 196//116 144//85
f  195//113 144//85 140//84
f  143//114 142//826 149//827
f  143//114 149//827 197//115
f  196//116 198//849 188//847
f  196//116 188//847 145//117
f  149//827 146//87 199//119
f  149//827 199//119 200//850
f  202//120 148//90 203//121
f  202//120 203//121 204//152
f  197//115 149//827 200//850
f  197//115 200//850 205//158
f  165//129 150//828 151//829
f  165//129 151//829 206//132
f  151//829 152//830 207//159
f  151//829 207//159 206//132
f  152//830 153//831 208//160
f  152//830 208//160 207//159
f  153//831 154//94 209//126
f  153//831 209//126 208//160
f  154//94 155//95 158//127
f  154//94 158//127 209//126
f  192//848 210//851 211//123
f  192//848 211//123 156//122
f  157//124 212//125 213//128
f  157//124 213//128 158//127
f  160//833 159//832 214//167
f  160//833 214//167 215//170
f  163//834 216//172 214//167
f  163//834 214//167 159//832
f  164//835 160//833 215//170
f  164//835 215//170 217//852
f  165//129 218//174 162//99
f  165//129 162//99 161//96
f  218//174 219//176 163//834
f  218//174 163//834 162//99
f  219//176 220//173 216//172
f  219//176 216//172 163//834
f  180//844 164//835 217//852
f  180//844 217//852 221//853
f  218//174 165//129 222//131
f  218//174 222//131 223//175
f  169//106 225//854 167//103
f  169//106 167//103 166//100
f  226//136 171//111 167//103
f  226//136 167//103 225//854
f  168//134 227//855 225//854
f  168//134 225//854 169//106
f  228//144 229//180 227//855
f  228//144 227//855 168//134
f  228//144 168//134 186//133
f  228//144 186//133 187//141
f  230//856 172//836 173//837
f  230//856 173//837 231//857
f  232//858 174//838 172//836
f  232//858 172//836 230//856
f  231//857 173//837 175//839
f  231//857 175//839 233//859
f  234//860 176//840 174//838
f  234//860 174//838 232//858
f  233//859 175//839 177//841
f  233//859 177//841 235//861
f  236//862 179//843 176//840
f  236//862 176//840 234//860
f  235//861 177//841 178//842
f  235//861 178//842 237//863
f  237//863 178//842 180//844
f  237//863 180//844 238//864
f  239//865 185//846 179//843
f  239//865 179//843 236//862
f  238//864 180//844 221//853
f  238//864 221//853 240//866
f  241//867 242//138 181//137
f  241//867 181//137 183//845
f  182//139 243//140 244//183
f  182//139 244//183 184//142
f  245//868 241//867 183//845
f  245//868 183//845 185//846
f  246//143 184//142 244//183
f  246//143 244//183 247//185
f  248//869 245//868 185//846
f  248//869 185//846 239//865
f  189//145 188//847 198//849
f  189//145 198//849 249//146
f  194//107 190//110 249//146
f  194//107 249//146 250//148
f  251//149 210//851 192//848
f  251//149 192//848 191//147
f  195//113 252//870 253//871
f  195//113 253//871 196//116
f  254//157 255//872 252//870
f  254//157 252//870 195//113
f  254//157 195//113 197//115
f  254//157 197//115 205//158
f  196//116 253//871 256//873
f  196//116 256//873 198//849
f  198//849 256//873 257//874
f  198//849 257//874 249//146
f  200//850 199//119 258//188
f  200//850 258//188 259//875
f  199//119 201//118 260//186
f  199//119 260//186 258//188
f  205//158 200//850 259//875
f  205//158 259//875 261//156
f  206//132 207//159 266//161
f  206//132 266//161 224//130
f  208//160 209//126 267//162
f  208//160 267//162 266//161
f  268//194 269//876 210//851
f  268//194 210//851 251//149
f  269//876 270//163 211//123
f  269//876 211//123 210//851
f  274//197 273//166 213//128
f  274//197 213//128 272//165
f  216//172 277//204 275//168
f  216//172 275//168 214//167
f  217//852 215//170 276//169
f  217//852 276//169 278//877
f  279//202 277//204 216//172
f  279//202 216//172 280//171
f  221//853 217//852 278//877
f  221//853 278//877 281//878
f  220//173 219//176 223//175
f  220//173 223//175 282//177
f  240//866 221//853 281//878
f  240//866 281//878 283//879
f  224//130 266//161 284//880
f  224//130 284//880 222//131
f  222//131 284//880 285//881
f  222//131 285//881 223//175
f  223//175 285//881 286//205
f  223//175 286//205 282//177
f  287//178 226//136 225//854
f  287//178 225//854 227//855
f  229//180 288//182 287//178
f  229//180 287//178 227//855
f  289//179 228//144 246//143
f  289//179 246//143 247//185
f  289//179 291//209 290//181
f  289//179 290//181 229//180
f  292//882 230//856 231//857
f  292//882 231//857 293//883
f  294//884 232//858 230//856
f  294//884 230//856 292//882
f  293//883 231//857 233//859
f  293//883 233//859 295//885
f  296//886 234//860 232//858
f  296//886 232//858 294//884
f  295//885 233//859 235//861
f  295//885 235//861 297//887
f  298//888 236//862 234//860
f  298//888 234//860 296//886
f  297//887 235//861 237//863
f  297//887 237//863 299//889
f  300//890 239//865 236//862
f  300//890 236//862 298//888
f  299//889 237//863 238//864
f  299//889 238//864 301//891
f  301//891 238//864 240//866
f  301//891 240//866 302//892
f  303//893 248//869 239//865
f  303//893 239//865 300//890
f  302//892 240//866 283//879
f  302//892 283//879 304//894
f  305//895 306//896 242//138
f  305//895 242//138 241//867
f  307//897 305//895 241//867
f  307//897 241//867 245//868
f  306//896 308//898 243//140
f  306//896 243//140 242//138
f  243//140 308//898 309//899
f  243//140 309//899 244//183
f  309//899 311//214 310//184
f  309//899 310//184 244//183
f  312//900 307//897 245//868
f  312//900 245//868 248//869
f  313//210 289//179 247//185
f  313//210 247//185 310//184
f  314//901 312//900 248//869
f  314//901 248//869 303//893
f  249//146 257//874 315//902
f  249//146 315//902 250//148
f  250//148 315//902 316//903
f  250//148 316//903 317//195
f  268//194 251//149 250//148
f  268//194 250//148 317//195
f  252//870 318//904 319//905
f  252//870 319//905 253//871
f  255//872 320//906 318//904
f  255//872 318//904 252//870
f  253//871 319//905 321//907
f  253//871 321//907 256//873
f  322//218 323//908 255//872
f  322//218 255//872 254//157
f  322//218 254//157 261//156
f  322//218 261//156 324//219
f  323//908 325//909 320//906
f  323//908 320//906 255//872
f  256//873 321//907 326//910
f  256//873 326//910 257//874
f  257//874 326//910 327//911
f  257//874 327//911 315//902
f  258//188 328//187 329//221
f  258//188 329//221 259//875
f  261//156 259//875 329//221
f  261//156 329//221 324//219
f  263//155 331//190 330//189
f  263//155 330//189 260//186
f  288//182 332//191 264//153
f  288//182 264//153 287//178
f  284//880 266//161 267//162
f  284//880 267//162 334//193
f  335//196 336//912 269//876
f  335//196 269//876 268//194
f  336//912 337//231 270//163
f  336//912 270//163 269//876
f  337//231 338//233 271//164
f  337//231 271//164 270//163
f  276//169 275//168 343//913
f  276//169 343//913 344//914
f  277//204 345//915 343//913
f  277//204 343//913 275//168
f  278//877 276//169 344//914
f  278//877 344//914 346//916
f  277//204 347//203 348//240
f  277//204 348//240 345//915
f  281//878 278//877 346//916
f  281//878 346//916 349//917
f  347//203 279//202 350//206
f  347//203 350//206 351//238
f  279//202 280//171 282//177
f  279//202 282//177 350//206
f  283//879 281//878 349//917
f  283//879 349//917 352//918
f  304//894 283//879 352//918
f  304//894 352//918 353//919
f  285//881 284//880 334//193
f  285//881 334//193 354//230
f  285//881 354//230 355//207
f  285//881 355//207 286//205
f  286//205 356//208 357//245
f  286//205 357//245 350//206
f  358//229 333//192 290//181
f  358//229 290//181 291//209
f  359//211 360//247 291//209
f  359//211 291//209 313//210
f  360//247 361//920 358//229
f  360//247 358//229 291//209
f  362//921 292//882 293//883
f  362//921 293//883 363//922
f  364//923 294//884 292//882
f  364//923 292//882 362//921
f  363//922 293//883 295//885
f  363//922 295//885 365//924
f  366//925 296//886 294//884
f  366//925 294//884 364//923
f  365//924 295//885 297//887
f  365//924 297//887 367//926
f  368//927 298//888 296//886
f  368//927 296//886 366//925
f  367//926 297//887 299//889
f  367//926 299//889 369//928
f  370//929 300//890 298//888
f  370//929 298//888 368//927
f  369//928 299//889 301//891
f  369//928 301//891 371//930
f  372//931 303//893 300//890
f  372//931 300//890 370//929
f  371//930 301//891 302//892
f  371//930 302//892 373//932
f  373//932 302//892 304//894
f  373//932 304//894 374//933
f  375//934 314//901 303//893
f  375//934 303//893 372//931
f  374//933 304//894 353//919
f  374//933 353//919 376//935
f  377//936 378//937 306//896
f  377//936 306//896 305//895
f  379//938 377//936 305//895
f  379//938 305//895 307//897
f  378//937 380//248 308//898
f  378//937 308//898 306//896
f  381//939 379//938 307//897
f  381//939 307//897 312//900
f  308//898 380//248 382//250
f  308//898 382//250 309//899
f  382//250 383//216 311//214
f  382//250 311//214 309//899
f  384//213 359//211 310//184
f  384//213 310//184 311//214
f  387//940 381//939 312//900
f  387//940 312//900 314//901
f  388//941 387//940 314//901
f  388//941 314//901 375//934
f  315//902 327//911 389//942
f  315//902 389//942 316//903
f  316//903 389//942 390//943
f  316//903 390//943 391//944
f  317//195 316//903 391//944
f  317//195 391//944 392//256
f  393//255 335//196 317//195
f  393//255 317//195 392//256
f  318//904 394//945 395//946
f  318//904 395//946 319//905
f  320//906 396//947 394//945
f  320//906 394//945 318//904
f  319//905 395//946 397//948
f  319//905 397//948 321//907
f  325//909 398//949 396//947
f  325//909 396//947 320//906
f  321//907 397//948 399//950
f  321//907 399//950 326//910
f  400//951 401//952 323//908
f  400//951 323//908 322//218
f  400//951 322//218 402//217
f  400//951 402//217 403//262
f  401//952 404//953 325//909
f  401//952 325//909 323//908
f  404//953 406//954 398//949
f  404//953 398//949 325//909
f  326//910 399//950 407//955
f  326//910 407//955 327//911
f  327//911 407//955 408//956
f  327//911 408//956 389//942
f  393//255 416//259 336//912
f  393//255 336//912 335//196
f  336//912 416//259 417//232
f  336//912 417//232 337//231
f  338//233 418//234 419//235
f  338//233 419//235 339//201
f  354//230 341//199 420//236
f  354//230 420//236 355//207
f  344//914 343//913 422//278
f  344//914 422//278 423//957
f  345//915 424//276 422//278
f  345//915 422//278 343//913
f  346//916 344//914 423//957
f  346//916 423//957 425//958
f  345//915 348//240 426//244
f  345//915 426//244 424//276
f  349//917 346//916 425//958
f  349//917 425//958 427//959
f  348//240 347//203 428//239
f  348//240 428//239 429//241
f  352//918 349//917 427//959
f  352//918 427//959 432//960
f  351//238 357//245 433//282
f  351//238 433//282 428//239
f  353//919 352//918 432//960
f  353//919 432//960 434//961
f  376//935 353//919 434//961
f  376//935 434//961 435//962
f  357//245 356//208 421//237
f  357//245 421//237 436//274
f  357//245 436//274 437//963
f  357//245 437//963 433//282
f  361//920 438//286 415//228
f  361//920 415//228 358//229
f  439//246 440//287 361//920
f  439//246 361//920 360//247
f  440//287 441//285 438//286
f  440//287 438//286 361//920
f  442//964 362//921 363//922
f  442//964 363//922 443//965
f  444//966 364//923 362//921
f  444//966 362//921 442//964
f  443//965 363//922 365//924
f  443//965 365//924 445//967
f  446//968 366//925 364//923
f  446//968 364//923 444//966
f  445//967 365//924 367//926
f  445//967 367//926 447//969
f  448//970 368//927 366//925
f  448//970 366//925 446//968
f  447//969 367//926 369//928
f  447//969 369//928 449//971
f  450//972 370//929 368//927
f  450//972 368//927 448//970
f  449//971 369//928 371//930
f  449//971 371//930 451//973
f  452//974 372//931 370//929
f  452//974 370//929 450//972
f  451//973 371//930 373//932
f  451//973 373//932 453//975
f  454//976 375//934 372//931
f  454//976 372//931 452//974
f  453//975 373//932 374//933
f  453//975 374//933 455//977
f  455//977 374//933 376//935
f  455//977 376//935 456//978
f  457//979 388//941 375//934
f  457//979 375//934 454//976
f  456//978 376//935 435//962
f  456//978 435//962 458//980
f  459//981 460//982 378//937
f  459//981 378//937 377//936
f  461//983 459//981 377//936
f  461//983 377//936 379//938
f  460//982 462//249 380//248
f  460//982 380//248 378//937
f  463//984 461//983 379//938
f  463//984 379//938 381//939
f  464//985 463//984 381//939
f  464//985 381//939 387//940
f  465//986 466//292 383//216
f  465//986 383//216 382//250
f  462//249 467//987 465//986
f  462//249 465//986 382//250
f  468//293 469//251 383//216
f  468//293 383//216 466//292
f  470//252 473//297 472//254
f  470//252 472//254 386//215
f  474//988 464//985 387//940
f  474//988 387//940 388//941
f  475//989 474//988 388//941
f  475//989 388//941 457//979
f  389//942 408//956 476//990
f  389//942 476//990 390//943
f  390//943 476//990 477//991
f  390//943 477//991 478//992
f  391//944 390//943 478//992
f  391//944 478//992 479//993
f  392//256 391//944 479//993
f  392//256 479//993 480//994
f  481//299 482//257 392//256
f  481//299 392//256 480//994
f  446//968 444//966 394//945
f  446//968 394//945 396//947
f  444//966 442//964 395//946
f  444//966 395//946 394//945
f  442//964 443//965 397//948
f  442//964 397//948 395//946
f  448//970 446//968 396//947
f  448//970 396//947 398//949
f  399//950 397//948 443//965
f  399//950 443//965 445//967
f  450//972 448//970 398//949
f  450//972 398//949 406//954
f  407//955 399//950 445//967
f  407//955 445//967 447//969
f  484//303 485//995 401//952
f  484//303 401//952 400//951
f  484//303 400//951 486//305
f  484//303 486//305 487//304
f  486//305 400//951 403//262
f  486//305 403//262 488//261
f  485//995 489//996 404//953
f  485//995 404//953 401//952
f  402//217 405//220 490//260
f  402//217 490//260 403//262
f  489//996 491//997 406//954
f  489//996 406//954 404//953
f  405//220 412//225 492//263
f  405//220 492//263 490//260
f  452//974 450//972 406//954
f  452//974 406//954 491//997
f  408//956 407//955 447//969
f  408//956 447//969 449//971
f  476//990 408//956 449//971
f  476//990 449//971 451//973
f  410//223 411//224 494//266
f  410//223 494//266 493//264
f  438//286 496//267 413//226
f  438//286 413//226 415//228
f  423//957 422//278 504//277
f  423//957 504//277 505//998
f  425//958 423//957 505//998
f  425//958 505//998 506//999
f  424//276 426//244 507//315
f  424//276 507//315 508//1000
f  424//276 508//1000 509//1001
f  424//276 509//1001 504//277
f  427//959 425//958 506//999
f  427//959 506//999 510//1002
f  507//315 426//244 511//280
f  507//315 511//280 512//318
f  432//960 427//959 510//1002
f  432//960 510//1002 514//1003
f  431//243 517//284 518//325
f  431//243 518//325 513//279
f  434//961 432//960 514//1003
f  434//961 514//1003 519//1004
f  433//282 437//963 520//320
f  433//282 520//320 515//281
f  435//962 434//961 519//1004
f  435//962 519//1004 521//1005
f  458//980 435//962 521//1005
f  458//980 521//1005 522//1006
f  436//274 503//275 523//326
f  436//274 523//326 437//963
f  437//963 523//326 524//327
f  437//963 524//327 520//320
f  471//253 525//288 441//285
f  471//253 441//285 440//287
f  477//991 476//990 451//973
f  477//991 451//973 453//975
f  454//976 452//974 491//997
f  454//976 491//997 527//1007
f  528//1008 477//991 453//975
f  528//1008 453//975 455//977
f  457//979 454//976 527//1007
f  457//979 527//1007 529//1009
f  530//1010 528//1008 455//977
f  530//1010 455//977 456//978
f  531//1011 530//1010 456//978
f  531//1011 456//978 458//980
f  475//989 457//979 529//1009
f  475//989 529//1009 532//1012
f  533//1013 531//1011 458//980
f  533//1013 458//980 522//1006
f  534//1014 535//1015 460//982
f  534//1014 460//982 459//981
f  536//1016 534//1014 459//981
f  536//1016 459//981 461//983
f  535//1015 467//987 462//249
f  535//1015 462//249 460//982
f  537//1017 536//1016 461//983
f  537//1017 461//983 463//984
f  538//1018 537//1017 463//984
f  538//1018 463//984 464//985
f  539//1019 538//1018 464//985
f  539//1019 464//985 474//988
f  540//333 541//336 466//292
f  540//333 466//292 465//986
f  467//987 542//331 540//333
f  467//987 540//333 465//986
f  543//335 544//290 466//292
f  543//335 466//292 541//336
f  546//1020 542//331 467//987
f  546//1020 467//987 535//1015
f  468//293 547//294 548//1021
f  468//293 548//1021 469//251
f  469//251 548//1021 473//297
f  469//251 473//297 470//252
f  548//1021 552//1022 551//298
f  548//1021 551//298 473//297
f  553//1023 539//1019 474//988
f  553//1023 474//988 475//989
f  553//1023 475//989 532//1012
f  553//1023 532//1012 554//1024
f  478//992 477//991 528//1008
f  478//992 528//1008 555//1025
f  479//993 478//992 555//1025
f  479//993 555//1025 556//1026
f  480//994 479//993 556//1026
f  480//994 556//1026 557//340
f  558//339 559//343 480//994
f  558//339 480//994 557//340
f  560//300 481//299 480//994
f  560//300 480//994 559//343
f  481//299 561//301 483//258
f  481//299 483//258 482//257
f  561//301 562//310 497//268
f  561//301 497//268 483//258
f  563//348 564//1027 485//995
f  563//348 485//995 484//303
f  563//348 484//303 565//302
f  563//348 565//302 566//349
f  564//1027 567//1028 489//996
f  564//1027 489//996 485//995
f  488//261 490//260 569//307
f  488//261 569//307 486//305
f  487//304 570//308 571//1029
f  487//304 571//1029 565//302
f  567//1028 527//1007 491//997
f  567//1028 491//997 489//996
f  492//263 572//309 569//307
f  492//263 569//307 490//260
f  494//266 495//265 526//289
f  494//266 526//289 572//309
f  573//311 574//312 500//271
f  573//311 500//271 499//270
f  503//275 501//272 576//314
f  503//275 576//314 523//326
f  505//998 504//277 509//1001
f  505//998 509//1001 577//1030
f  506//999 505//998 577//1030
f  506//999 577//1030 578//1031
f  510//1002 506//999 578//1031
f  510//1002 578//1031 579//1032
f  508//1000 507//315 580//353
f  508//1000 580//353 581//356
f  580//353 507//315 582//317
f  580//353 582//317 583//354
f  508//1000 581//356 585//358
f  508//1000 585//358 509//1001
f  577//1030 509//1001 585//358
f  577//1030 585//358 586//1033
f  514//1003 510//1002 579//1032
f  514//1003 579//1032 587//1034
f  513//279 518//325 588//1035
f  513//279 588//1035 511//280
f  511//280 588//1035 589//319
f  511//280 589//319 512//318
f  519//1004 514//1003 587//1034
f  519//1004 587//1034 590//1036
f  520//320 524//327 591//323
f  520//320 591//323 516//283
f  518//325 594//324 595//1037
f  518//325 595//1037 588//1035
f  521//1005 519//1004 590//1036
f  521//1005 590//1036 596//1038
f  522//1006 521//1005 596//1038
f  522//1006 596//1038 597//1039
f  598//1040 533//1013 522//1006
f  598//1040 522//1006 597//1039
f  600//364 601//329 525//288
f  600//364 525//288 550//296
f  572//309 526//289 602//330
f  572//309 602//330 603//352
f  604//1041 529//1009 527//1007
f  604//1041 527//1007 567//1028
f  555//1025 528//1008 530//1010
f  555//1025 530//1010 605//1042
f  606//1043 532//1012 529//1009
f  606//1043 529//1009 604//1041
f  605//1042 530//1010 531//1011
f  605//1042 531//1011 607//1044
f  607//1044 531//1011 533//1013
f  607//1044 533//1013 608//1045
f  609//1046 554//1024 532//1012
f  609//1046 532//1012 606//1043
f  608//1045 533//1013 598//1040
f  608//1045 598//1040 610//1047
f  611//1048 546//1020 535//1015
f  611//1048 535//1015 534//1014
f  612//1049 611//1048 534//1014
f  612//1049 534//1014 536//1016
f  613//1050 612//1049 536//1016
f  613//1050 536//1016 537//1017
f  614//1051 613//1050 537//1017
f  614//1051 537//1017 538//1018
f  615//1052 614//1051 538//1018
f  615//1052 538//1018 539//1019
f  616//1053 615//1052 539//1019
f  616//1053 539//1019 553//1023
f  617//1054 618//368 541//336
f  617//1054 541//336 540//333
f  540//333 619//332 620//1055
f  540//333 620//1055 617//1054
f  622//369 621//334 541//336
f  622//369 541//336 618//368
f  623//1056 619//332 542//331
f  623//1056 542//331 546//1020
f  543//335 624//1057 625//1058
f  543//335 625//1058 544//290
f  621//334 626//1059 624//1057
f  621//334 624//1057 543//335
f  544//290 625//1058 627//337
f  544//290 627//337 545//291
f  628//1060 623//1056 546//1020
f  628//1060 546//1020 611//1048
f  547//294 629//1061 552//1022
f  547//294 552//1022 548//1021
f  630//338 631//374 629//1061
f  630//338 629//1061 547//294
f  551//298 632//1062 550//296
f  551//298 550//296 549//295
f  632//1062 633//363 600//364
f  632//1062 600//364 550//296
f  552//1022 634//1063 632//1062
f  552//1022 632//1062 551//298
f  616//1053 553//1023 554//1024
f  616//1053 554//1024 636//1064
f  637//1065 636//1064 554//1024
f  637//1065 554//1024 609//1046
f  556//1026 555//1025 605//1042
f  556//1026 605//1042 638//1066
f  557//340 556//1026 638//1066
f  557//340 638//1066 639//377
f  640//376 641//341 557//340
f  640//376 557//340 639//377
f  641//341 642//1067 643//344
f  641//341 643//344 558//339
f  559//343 645//345 561//301
f  559//343 561//301 560//300
f  561//301 645//345 646//346
f  561//301 646//346 562//310
f  647//1068 648//1069 564//1027
f  647//1068 564//1027 563//348
f  647//1068 563//348 649//347
f  647//1068 649//347 650//1070
f  648//1069 604//1041 567//1028
f  648//1069 567//1028 564//1027
f  565//302 571//1029 651//382
f  565//302 651//382 566//349
f  566//349 651//382 652//384
f  566//349 652//384 649//347
f  570//308 654//351 655//386
f  570//308 655//386 571//1029
f  655//386 656//385 651//382
f  655//386 651//382 571//1029
f  646//346 599//328 575//313
f  646//346 575//313 574//312
f  578//1031 577//1030 586//1033
f  578//1031 586//1033 657//1071
f  579//1032 578//1031 657//1071
f  579//1032 657//1071 658//1072
f  587//1034 579//1032 658//1072
f  587//1034 658//1072 659//1073
f  581//356 580//353 660//389
f  581//356 660//389 661//1074
f  660//389 580//353 662//355
f  660//389 662//355 663//392
f  661//1074 664//1075 665//357
f  661//1074 665//357 581//356
f  584//316 666//359 667//1076
f  584//316 667//1076 582//317
f  582//317 667//1076 668//1077
f  582//317 668//1077 583//354
f  583//354 668//1077 669//1078
f  583//354 669//1078 662//355
f  586//1033 585//358 665//357
f  586//1033 665//357 670//1079
f  657//1071 586//1033 670//1079
f  657//1071 670//1079 671//1080
f  590//1036 587//1034 659//1073
f  590//1036 659//1073 672//1081
f  588//1035 595//1037 673//1082
f  588//1035 673//1082 589//319
f  589//319 673//1082 675//395
f  589//319 675//395 674//360
f  596//1038 590//1036 672//1081
f  596//1038 672//1081 676//1083
f  593//322 591//323 677//361
f  593//322 677//361 678//398
f  592//321 593//322 679//1084
f  592//321 679//1084 594//324
f  593//322 678//398 680//399
f  593//322 680//399 679//1084
f  594//324 679//1084 681//1085
f  594//324 681//1085 595//1037
f  597//1039 596//1038 676//1083
f  597//1039 676//1083 683//1086
f  684//1087 598//1040 597//1039
f  684//1087 597//1039 683//1086
f  610//1047 598//1040 684//1087
f  610//1047 684//1087 685//1088
f  687//381 686//362 599//328
f  687//381 599//328 646//346
f  633//363 688//1089 602//330
f  633//363 602//330 601//329
f  603//352 602//330 688//1089
f  603//352 688//1089 689//365
f  690//1090 606//1043 604//1041
f  690//1090 604//1041 648//1069
f  638//1066 605//1042 607//1044
f  638//1066 607//1044 691//1091
f  692//1092 609//1046 606//1043
f  692//1092 606//1043 690//1090
f  691//1091 607//1044 608//1045
f  691//1091 608//1045 693//1093
f  693//1093 608//1045 610//1047
f  693//1093 610//1047 694//1094
f  695//1095 637//1065 609//1046
f  695//1095 609//1046 692//1092
f  694//1094 610//1047 685//1088
f  694//1094 685//1088 696//1096
f  697//1097 628//1060 611//1048
f  697//1097 611//1048 612//1049
f  698//1098 697//1097 612//1049
f  698//1098 612//1049 613//1050
f  699//1099 698//1098 613//1050
f  699//1099 613//1050 614//1051
f  700//1100 699//1099 614//1051
f  700//1100 614//1051 615//1052
f  701//1101 700//1100 615//1052
f  701//1101 615//1052 616//1053
f  701//1101 616//1053 636//1064
f  701//1101 636//1064 702//1102
f  703//403 704//408 618//368
f  703//403 618//368 617//1054
f  703//403 617//1054 620//1055
f  703//403 620//1055 705//405
f  706//409 707//366 618//368
f  706//409 618//368 704//408
f  709//1103 620//1055 619//332
f  709//1103 619//332 623//1056
f  710//1104 705//405 620//1055
f  710//1104 620//1055 709//1103
f  622//369 711//371 626//1059
f  622//369 626//1059 621//334
f  713//1105 709//1103 623//1056
f  713//1105 623//1056 628//1060
f  624//1057 714//1106 715//1107
f  624//1057 715//1107 625//1058
f  626//1059 716//1108 714//1106
f  626//1059 714//1106 624//1057
f  625//1058 715//1107 630//338
f  625//1058 630//338 627//337
f  711//371 717//411 716//1108
f  711//371 716//1108 626//1059
f  718//1109 713//1105 628//1060
f  718//1109 628//1060 697//1097
f  715//1107 719//1110 631//374
f  715//1107 631//374 630//338
f  719//1110 721//1111 720//372
f  719//1110 720//372 631//374
f  634//1063 722//417 633//363
f  634//1063 633//363 632//1062
f  722//417 723//416 688//1089
f  722//417 688//1089 633//363
f  635//373 724//375 722//417
f  635//373 722//417 634//1063
f  725//1112 702//1102 636//1064
f  725//1112 636//1064 637//1065
f  726//1113 725//1112 637//1065
f  726//1113 637//1065 695//1095
f  639//377 638//1066 691//1091
f  639//377 691//1091 727//1114
f  728//1115 729//378 639//377
f  728//1115 639//377 727//1114
f  729//378 730//419 731//421
f  729//378 731//421 640//376
f  640//376 731//421 642//1067
f  640//376 642//1067 641//341
f  642//1067 731//421 732//422
f  642//1067 732//422 733//424
f  642//1067 733//424 734//380
f  642//1067 734//380 643//344
f  736//427 690//1090 648//1069
f  736//427 648//1069 647//1068
f  736//427 647//1068 650//1070
f  736//427 650//1070 737//428
f  649//347 652//384 738//1116
f  649//347 738//1116 650//1070
f  650//1070 738//1116 739//1117
f  650//1070 739//1117 737//428
f  740//383 741//429 738//1116
f  740//383 738//1116 652//384
f  656//385 724//375 744//418
f  656//385 744//418 743//388
f  658//1072 657//1071 671//1080
f  658//1072 671//1080 745//1118
f  659//1073 658//1072 745//1118
f  659//1073 745//1118 746//1119
f  672//1081 659//1073 746//1119
f  672//1081 746//1119 747//1120
f  661//1074 660//389 748//433
f  661//1074 748//433 749//438
f  748//433 660//389 750//391
f  748//433 750//391 751//436
f  753//440 664//1075 661//1074
f  753//440 661//1074 749//438
f  662//355 669//1078 754//394
f  662//355 754//394 663//392
f  670//1079 665//357 664//1075
f  670//1079 664//1075 756//1121
f  756//1121 664//1075 753//440
f  756//1121 753//440 757//1122
f  666//359 674//360 758//1123
f  666//359 758//1123 667//1076
f  667//1076 758//1123 759//1124
f  667//1076 759//1124 668//1077
f  668//1077 759//1124 760//1125
f  668//1077 760//1125 669//1078
f  669//1078 760//1125 761//442
f  669//1078 761//442 754//394
f  671//1080 670//1079 756//1121
f  671//1080 756//1121 762//1126
f  745//1118 671//1080 762//1126
f  745//1118 762//1126 763//1127
f  676//1083 672//1081 747//1120
f  676//1083 747//1120 764//1128
f  674//360 675//395 765//1129
f  674//360 765//1129 758//1123
f  675//395 766//397 767//1130
f  675//395 767//1130 765//1129
f  683//1086 676//1083 764//1128
f  683//1086 764//1128 768//1131
f  677//361 686//362 769//1132
f  677//361 769//1132 680//399
f  679//1084 680//399 770//447
f  679//1084 770//447 681//1085
f  680//399 769//1132 771//448
f  680//399 771//448 770//447
f  681//1085 770//447 772//400
f  681//1085 772//400 682//396
f  773//1133 684//1087 683//1086
f  773//1133 683//1086 768//1131
f  685//1088 684//1087 773//1133
f  685//1088 773//1133 774//1134
f  696//1096 685//1088 774//1134
f  696//1096 774//1134 775//1135
f  776//401 769//1132 686//362
f  776//401 686//362 687//381
f  689//365 688//1089 723//416
f  689//365 723//416 742//387
f  777//1136 692//1092 690//1090
f  777//1136 690//1090 736//427
f  727//1114 691//1091 693//1093
f  727//1114 693//1093 778//451
f  779//454 695//1095 692//1092
f  779//454 692//1092 777//1136
f  778//451 693//1093 694//1094
f  778//451 694//1094 780//1137
f  780//1137 694//1094 696//1096
f  780//1137 696//1096 781//457
f  782//460 726//1113 695//1095
f  782//460 695//1095 779//454
f  781//457 696//1096 775//1135
f  781//457 775//1135 783//463
f  784//1138 718//1109 697//1097
f  784//1138 697//1097 698//1098
f  785//1139 784//1138 698//1098
f  785//1139 698//1098 699//1099
f  786//1140 785//1139 699//1099
f  786//1140 699//1099 700//1100
f  787//1141 786//1140 700//1100
f  787//1141 700//1100 701//1101
f  701//1101 702//1102 788//1142
f  701//1101 788//1142 787//1141
f  789//1143 788//1142 702//1102
f  789//1143 702//1102 725//1112
f  790//402 791//468 704//408
f  790//402 704//408 703//403
f  793//469 794//406 704//408
f  793//469 704//408 791//468
f  796//1144 792//404 705//405
f  796//1144 705//405 710//1104
f  706//409 797//1145 798//1146
f  706//409 798//1146 707//366
f  795//407 799//1147 797//1145
f  795//407 797//1145 706//409
f  798//1146 800//410 708//367
f  798//1146 708//367 707//366
f  801//1148 710//1104 709//1103
f  801//1148 709//1103 713//1105
f  802//1149 796//1144 710//1104
f  802//1149 710//1104 801//1148
f  805//1150 801//1148 713//1105
f  805//1150 713//1105 718//1109
f  714//1106 806//1151 719//1110
f  714//1106 719//1110 715//1107
f  716//1108 807//1152 806//1151
f  716//1108 806//1151 714//1106
f  717//411 808//414 807//1152
f  717//411 807//1152 716//1108
f  809//1153 805//1150 718//1109
f  809//1153 718//1109 784//1138
f  806//1151 810//478 721//1111
f  806//1151 721//1111 719//1110
f  721//1111 812//1154 811//415
f  721//1111 811//415 720//372
f  810//478 813//477 812//1154
f  810//478 812//1154 721//1111
f  814//1155 789//1143 725//1112
f  814//1155 725//1112 726//1113
f  815//459 814//1155 726//1113
f  815//459 726//1113 782//460
f  816//450 728//1115 727//1114
f  816//450 727//1114 778//451
f  816//450 817//1156 818//1157
f  816//450 818//1157 728//1115
f  728//1115 818//1157 730//419
f  728//1115 730//419 729//378
f  730//419 818//1157 819//484
f  730//419 819//484 820//420
f  821//423 822//449 772//400
f  821//423 772//400 732//422
f  777//1136 736//427 824//426
f  777//1136 824//426 825//1158
f  739//1117 826//486 824//426
f  739//1117 824//426 737//428
f  738//1116 741//429 827//431
f  738//1116 827//431 739//1117
f  827//431 828//489 826//486
f  827//431 826//486 739//1117
f  743//388 829//432 741//429
f  743//388 741//429 740//383
f  744//418 811//415 812//1154
f  744//418 812//1154 829//432
f  746//1119 745//1118 763//1127
f  746//1119 763//1127 831//1159
f  747//1120 746//1119 831//1159
f  747//1120 831//1159 832//1160
f  764//1128 747//1120 832//1160
f  764//1128 832//1160 833//1161
f  749//438 748//433 834//492
f  749//438 834//492 835//439
f  834//492 748//433 836//435
f  834//492 836//435 837//495
f  750//391 752//390 840//441
f  750//391 840//441 841//1162
f  750//391 841//1162 842//1163
f  750//391 842//1163 751//436
f  751//436 842//1163 843//1164
f  751//436 843//1164 838//434
f  757//1122 753//440 839//437
f  757//1122 839//437 844//1165
f  762//1126 756//1121 757//1122
f  762//1126 757//1122 847//1166
f  847//1166 757//1122 844//1165
f  847//1166 844//1165 848//1167
f  758//1123 765//1129 849//1168
f  758//1123 849//1168 759//1124
f  759//1124 849//1168 850//1169
f  759//1124 850//1169 760//1125
f  760//1125 850//1169 851//445
f  760//1125 851//445 761//442
f  763//1127 762//1126 847//1166
f  763//1127 847//1166 852//1170
f  831//1159 763//1127 852//1170
f  831//1159 852//1170 853//1171
f  768//1131 764//1128 833//1161
f  768//1131 833//1161 854//1172
f  765//1129 767//1130 855//503
f  765//1129 855//503 849//1168
f  766//397 856//446 857//1173
f  766//397 857//1173 767//1130
f  767//1130 857//1173 858//504
f  767//1130 858//504 855//503
f  854//1172 859//1174 773//1133
f  854//1172 773//1133 768//1131
f  823//425 771//448 769//1132
f  823//425 769//1132 776//401
f  774//1134 773//1133 859//1174
f  774//1134 859//1174 860//1175
f  775//1135 774//1134 860//1175
f  775//1135 860//1175 861//1176
f  783//463 775//1135 861//1176
f  783//463 861//1176 862//464
f  779//454 777//1136 825//1158
f  779//454 825//1158 863//455
f  864//1177 865//452 778//451
f  864//1177 778//451 780//1137
f  782//460 779//454 866//453
f  782//460 866//453 867//461
f  868//456 864//1177 780//1137
f  868//456 780//1137 781//457
f  869//462 870//458 781//457
f  869//462 781//457 783//463
f  871//1178 809//1153 784//1138
f  871//1178 784//1138 785//1139
f  872//1179 871//1178 785//1139
f  872//1179 785//1139 786//1140
f  873//1180 872//1179 786//1140
f  873//1180 786//1140 787//1141
f  873//1180 787//1141 788//1142
f  873//1180 788//1142 874//1181
f  875//1182 874//1181 788//1142
f  875//1182 788//1142 789//1143
f  876//1183 875//1182 789//1143
f  876//1183 789//1143 814//1155
f  877//516 878//1184 791//468
f  877//516 791//468 790//402
f  877//516 790//402 879//465
f  877//516 879//465 880//517
f  881//518 882//466 791//468
f  881//518 791//468 878//1184
f  884//1185 879//465 792//404
f  884//1185 792//404 796//1144
f  886//523 885//470 793//469
f  886//523 793//469 883//467
f  794//406 887//471 799//1147
f  794//406 799//1147 795//407
f  888//1186 884//1185 796//1144
f  888//1186 796//1144 802//1149
f  797//1145 889//1187 890//475
f  797//1145 890//475 798//1146
f  799//1147 891//1188 889//1187
f  799//1147 889//1187 797//1145
f  890//475 804//413 800//410
f  890//475 800//410 798//1146
f  887//471 892//1189 891//1188
f  887//471 891//1188 799//1147
f  893//1190 802//1149 801//1148
f  893//1190 801//1148 805//1150
f  894//1191 888//1186 802//1149
f  894//1191 802//1149 893//1190
f  803//412 895//473 896//524
f  803//412 896//524 808//414
f  899//1192 893//1190 805//1150
f  899//1192 805//1150 809//1153
f  807//1152 900//476 810//478
f  807//1152 810//478 806//1151
f  808//414 896//524 900//476
f  808//414 900//476 807//1152
f  901//1193 899//1192 809//1153
f  901//1193 809//1153 871//1178
f  829//432 812//1154 813//477
f  829//432 813//477 902//480
f  896//524 903//479 813//477
f  896//524 813//477 900//476
f  904//527 876//1183 814//1155
f  904//527 814//1155 815//459
f  904//527 815//459 905//481
f  904//527 905//481 906//528
f  816//450 865//452 907//533
f  816//450 907//533 817//1156
f  817//1156 907//533 908//534
f  817//1156 908//534 909//482
f  817//1156 909//482 819//484
f  817//1156 819//484 818//1157
f  820//420 819//484 911//485
f  820//420 911//485 821//423
f  911//485 857//1173 856//446
f  911//485 856//446 822//449
f  824//426 826//486 912//488
f  824//426 912//488 825//1158
f  825//1158 912//488 913//537
f  825//1158 913//537 863//455
f  832//1160 831//1159 853//1171
f  832//1160 853//1171 917//1194
f  833//1161 832//1160 917//1194
f  833//1161 917//1194 918//1195
f  854//1172 833//1161 918//1195
f  854//1172 918//1195 919//1196
f  835//439 834//492 920//1197
f  835//439 920//1197 921//541
f  920//1197 834//492 922//494
f  920//1197 922//494 923//545
f  926//540 925//496 835//439
f  926//540 835//439 921//541
f  838//434 843//1164 927//498
f  838//434 927//498 836//435
f  924//493 837//495 928//497
f  924//493 928//497 929//548
f  844//1165 839//437 925//496
f  844//1165 925//496 930//1198
f  841//1162 840//441 846//444
f  841//1162 846//444 931//501
f  841//1162 931//501 932//1199
f  841//1162 932//1199 842//1163
f  842//1163 932//1199 933//1200
f  842//1163 933//1200 843//1164
f  843//1164 933//1200 934//1201
f  843//1164 934//1201 927//498
f  848//1167 844//1165 930//1198
f  848//1167 930//1198 935//1202
f  851//445 936//549 937//500
f  851//445 937//500 845//443
f  852//1170 847//1166 848//1167
f  852//1170 848//1167 940//1203
f  940//1203 848//1167 935//1202
f  940//1203 935//1202 941//1204
f  849//1168 855//503 942//505
f  849//1168 942//505 850//1169
f  850//1169 942//505 936//549
f  850//1169 936//549 851//445
f  853//1171 852//1170 940//1203
f  853//1171 940//1203 943//1205
f  917//1194 853//1171 943//1205
f  917//1194 943//1205 944//1206
f  945//1207 859//1174 854//1172
f  945//1207 854//1172 919//1196
f  946//506 858//504 857//1173
f  946//506 857//1173 911//485
f  942//505 858//504 947//507
f  942//505 947//507 936//549
f  860//1175 859//1174 945//1207
f  860//1175 945//1207 948//1208
f  861//1176 860//1175 948//1208
f  861//1176 948//1208 949//1209
f  862//464 861//1176 949//1209
f  862//464 949//1209 950//552
f  951//551 952//508 862//464
f  951//551 862//464 950//552
f  863//455 913//537 953//509
f  863//455 953//509 866//453
f  868//456 954//558 955//531
f  868//456 955//531 864//1177
f  864//1177 955//531 907//533
f  864//1177 907//533 865//452
f  870//458 958//514 954//558
f  870//458 954//558 868//456
f  961//1210 901//1193 871//1178
f  961//1210 871//1178 872//1179
f  962//1211 961//1210 872//1179
f  962//1211 872//1179 873//1180
f  962//1211 873//1180 874//1181
f  962//1211 874//1181 963//1212
f  964//1213 963//1212 874//1181
f  964//1213 874//1181 875//1182
f  965//1214 964//1213 875//1182
f  965//1214 875//1182 876//1183
f  966//529 965//1214 876//1183
f  966//529 876//1183 904//527
f  967//1215 968//566 878//1184
f  967//1215 878//1184 877//516
f  967//1215 877//516 969//515
f  967//1215 969//515 970//1216
f  973//1217 880//517 879//465
f  973//1217 879//465 884//1185
f  974//1218 969//515 880//517
f  974//1218 880//517 973//1217
f  978//1219 973//1217 884//1185
f  978//1219 884//1185 888//1186
f  885//470 979//1220 892//1189
f  885//470 892//1189 887//471
f  980//1221 979//1220 885//470
f  980//1221 885//470 886//523
f  977//522 981//1222 980//1221
f  977//522 980//1221 886//523
f  982//1223 978//1219 888//1186
f  982//1223 888//1186 894//1191
f  889//1187 983//1224 898//474
f  889//1187 898//474 890//475
f  891//1188 984//1225 983//1224
f  891//1188 983//1224 889//1187
f  892//1189 985//1226 984//1225
f  892//1189 984//1225 891//1188
f  979//1220 986//571 985//1226
f  979//1220 985//1226 892//1189
f  987//1227 894//1191 893//1190
f  987//1227 893//1190 899//1192
f  988//1228 982//1223 894//1191
f  988//1228 894//1191 987//1227
f  983//1224 990//577 989//525
f  983//1224 989//525 898//474
f  991//1229 987//1227 899//1192
f  991//1229 899//1192 901//1193
f  992//1230 991//1229 901//1193
f  992//1230 901//1193 961//1210
f  993//578 916//491 903//479
f  993//578 903//479 989//525
f  956//510 996//559 995//530
f  956//510 995//530 906//528
f  912//488 914//487 1000//538
f  912//488 1000//538 913//537
f  916//491 993//578 1002//579
f  916//491 1002//579 1001//539
f  918//1195 917//1194 944//1206
f  918//1195 944//1206 1003//1231
f  919//1196 918//1195 1003//1231
f  919//1196 1003//1231 1004//1232
f  1005//1233 945//1207 919//1196
f  1005//1233 919//1196 1004//1232
f  921//541 920//1197 1006//587
f  921//541 1006//587 1007//1234
f  1010//1235 1011//542 921//541
f  1010//1235 921//541 1007//1234
f  930//1198 925//496 926//540
f  930//1198 926//540 1015//1236
f  1015//1236 926//540 1011//542
f  1015//1236 1011//542 1016//1237
f  927//498 934//1201 1017//1238
f  927//498 1017//1238 928//497
f  929//548 928//497 1017//1238
f  929//548 1017//1238 1018//1239
f  929//548 1018//1239 1019//1240
f  929//548 1019//1240 1012//543
f  935//1202 930//1198 1015//1236
f  935//1202 1015//1236 1020//1241
f  931//501 939//502 1021//1242
f  931//501 1021//1242 932//1199
f  932//1199 1021//1242 1022//1243
f  932//1199 1022//1243 933//1200
f  933//1200 1022//1243 1023//1244
f  933//1200 1023//1244 934//1201
f  934//1201 1023//1244 1024//594
f  934//1201 1024//594 1017//1238
f  941//1204 935//1202 1020//1241
f  941//1204 1020//1241 1025//1245
f  939//502 1026//550 1027//598
f  939//502 1027//598 1021//1242
f  943//1205 940//1203 941//1204
f  943//1205 941//1204 1028//1246
f  1028//1246 941//1204 1025//1245
f  1028//1246 1025//1245 1029//1247
f  944//1206 943//1205 1028//1246
f  944//1206 1028//1246 1030//1248
f  1003//1231 944//1206 1030//1248
f  1003//1231 1030//1248 1031//1249
f  948//1208 945//1207 1005//1233
f  948//1208 1005//1233 1032//1250
f  1026//550 947//507 999//536
f  1026//550 999//536 1033//602
f  949//1209 948//1208 1032//1250
f  949//1209 1032//1250 1034//1251
f  950//552 949//1209 1034//1251
f  950//552 1034//1251 1035//554
f  951//551 1037//555 1038//562
f  951//551 1038//562 959//512
f  954//558 1040//557 997//532
f  954//558 997//532 955//531
f  1044//1252 992//1230 961//1210
f  1044//1252 961//1210 962//1211
f  1044//1252 962//1211 963//1212
f  1044//1252 963//1212 1045//1253
f  1046//1254 1045//1253 963//1212
f  1046//1254 963//1212 964//1213
f  1047//1255 1046//1254 964//1213
f  1047//1255 964//1213 965//1214
f  1048//612 1047//1255 965//1214
f  1048//612 965//1214 966//529
f  966//529 994//526 1049//567
f  966//529 1049//567 1048//612
f  1050//614 1051//618 968//566
f  1050//614 968//566 967//1215
f  967//1215 970//1216 1052//615
f  967//1215 1052//615 1050//614
f  1053//564 968//566 1051//618
f  1053//564 1051//618 1054//619
f  1055//1256 970//1216 969//515
f  1055//1256 969//515 974//1218
f  1056//1257 1052//615 970//1216
f  1056//1257 970//1216 1055//1256
f  972//565 1058//1258 1049//567
f  972//565 1049//567 971//520
f  1053//564 1059//1259 1058//1258
f  1053//564 1058//1258 972//565
f  1060//1260 974//1218 973//1217
f  1060//1260 973//1217 978//1219
f  1061//1261 1055//1256 974//1218
f  1061//1261 974//1218 1060//1260
f  975//519 1062//1262 981//1222
f  975//519 981//1222 977//522
f  976//521 1063//569 1062//1262
f  976//521 1062//1262 975//519
f  1064//1263 1060//1260 978//1219
f  1064//1263 978//1219 982//1223
f  1065//572 986//571 979//1220
f  1065//572 979//1220 980//1221
f  981//1222 1066//1264 1065//572
f  981//1222 1065//572 980//1221
f  1062//1262 1067//623 1066//1264
f  1062//1262 1066//1264 981//1222
f  1068//1265 1064//1263 982//1223
f  1068//1265 982//1223 988//1228
f  984//1225 1069//575 990//577
f  984//1225 990//577 983//1224
f  985//1226 1070//625 1069//575
f  985//1226 1069//575 984//1225
f  986//571 1071//574 1070//625
f  986//571 1070//625 985//1226
f  1074//1266 988//1228 987//1227
f  1074//1266 987//1227 991//1229
f  1075//1267 1068//1265 988//1228
f  1075//1267 988//1228 1074//1266
f  990//577 1076//576 993//578
f  990//577 993//578 989//525
f  1077//1268 1074//1266 991//1229
f  1077//1268 991//1229 992//1230
f  1078//1269 1077//1268 992//1230
f  1078//1269 992//1230 1044//1252
f  996//559 1082//583 1081//582
f  996//559 1081//582 995//530
f  1083//584 1084//601 1033//602
f  1083//584 1033//602 999//536
f  1002//579 1076//576 1087//624
f  1002//579 1087//624 1086//586
f  1004//1232 1003//1231 1031//1249
f  1004//1232 1031//1249 1088//1270
f  1089//1271 1005//1233 1004//1232
f  1089//1271 1004//1232 1088//1270
f  1032//1250 1005//1233 1089//1271
f  1032//1250 1089//1271 1090//1272
f  1007//1234 1006//587 1091//629
f  1007//1234 1091//629 1092//634
f  1094//632 1091//629 1006//587
f  1094//632 1006//587 1093//589
f  1092//634 1095//633 1010//1235
f  1092//634 1010//1235 1007//1234
f  1009//547 1096//591 1097//1273
f  1009//547 1097//1273 1008//588
f  1008//588 1097//1273 1098//1274
f  1008//588 1098//1274 1093//589
f  1016//1237 1011//542 1010//1235
f  1016//1237 1010//1235 1100//1275
f  1100//1275 1010//1235 1095//633
f  1100//1275 1095//633 1101//1276
f  1012//543 1019//1240 1102//1277
f  1012//543 1102//1277 1013//544
f  1013//544 1102//1277 1103//592
f  1013//544 1103//592 1014//546
f  1020//1241 1015//1236 1016//1237
f  1020//1241 1016//1237 1104//1278
f  1104//1278 1016//1237 1100//1275
f  1104//1278 1100//1275 1105//1279
f  1018//1239 1017//1238 1024//594
f  1018//1239 1024//594 1106//593
f  1018//1239 1106//593 1107//1280
f  1018//1239 1107//1280 1019//1240
f  1019//1240 1107//1280 1108//640
f  1019//1240 1108//640 1102//1277
f  1025//1245 1020//1241 1104//1278
f  1025//1245 1104//1278 1109//1281
f  1021//1242 1027//598 1110//600
f  1021//1242 1110//600 1022//1243
f  1022//1243 1110//600 1111//642
f  1022//1243 1111//642 1023//1244
f  1023//1244 1111//642 1112//597
f  1023//1244 1112//597 1024//594
f  1029//1247 1025//1245 1109//1281
f  1029//1247 1109//1281 1115//1282
f  1026//550 1033//602 1116//599
f  1026//550 1116//599 1027//598
f  1030//1248 1028//1246 1029//1247
f  1030//1248 1029//1247 1117//1283
f  1117//1283 1029//1247 1115//1282
f  1117//1283 1115//1282 1118//1284
f  1031//1249 1030//1248 1117//1283
f  1031//1249 1117//1283 1119//1285
f  1088//1270 1031//1249 1119//1285
f  1088//1270 1119//1285 1120//1286
f  1034//1251 1032//1250 1090//1272
f  1034//1251 1090//1272 1121//1287
f  1035//554 1034//1251 1121//1287
f  1035//554 1121//1287 1122//636
f  1122//636 1096//591 1036//553
f  1122//636 1036//553 1035//554
f  1037//555 1125//605 1126//606
f  1037//555 1126//606 1038//562
f  1041//560 1071//574 1128//626
f  1041//560 1128//626 1127//607
f  1086//586 1087//624 1071//574
f  1086//586 1071//574 1041//560
f  1130//609 1131//644 1112//597
f  1130//609 1112//597 1043//563
f  1043//563 1112//597 1133//643
f  1043//563 1133//643 1132//610
f  1078//1269 1044//1252 1045//1253
f  1078//1269 1045//1253 1134//1288
f  1135//1289 1134//1288 1045//1253
f  1135//1289 1045//1253 1046//1254
f  1136//1290 1135//1289 1046//1254
f  1136//1290 1046//1254 1047//1255
f  1137//611 1136//1290 1047//1255
f  1137//611 1047//1255 1048//612
f  1138//1291 1137//611 1049//567
f  1138//1291 1049//567 1058//1258
f  1139//648 1140//652 1051//618
f  1139//648 1051//618 1050//614
f  1139//648 1050//614 1141//613
f  1139//648 1141//613 1142//649
f  1143//651 1144//616 1051//618
f  1143//651 1051//618 1140//652
f  1146//1292 1141//613 1052//615
f  1146//1292 1052//615 1056//1257
f  1054//619 1147//655 1059//1259
f  1054//619 1059//1259 1053//564
f  1145//617 1148//653 1147//655
f  1145//617 1147//655 1054//619
f  1149//1293 1056//1257 1055//1256
f  1149//1293 1055//1256 1061//1261
f  1150//1294 1146//1292 1056//1257
f  1150//1294 1056//1257 1149//1293
f  1152//1295 1138//1291 1058//1258
f  1152//1295 1058//1258 1059//1259
f  1153//654 1152//1295 1059//1259
f  1153//654 1059//1259 1147//655
f  1154//1296 1061//1261 1060//1260
f  1154//1296 1060//1260 1064//1263
f  1155//1297 1149//1293 1061//1261
f  1155//1297 1061//1261 1154//1296
f  1063//569 1156//621 1067//623
f  1063//569 1067//623 1062//1262
f  1157//1298 1154//1296 1064//1263
f  1157//1298 1064//1263 1068//1265
f  1066//1264 1158//659 1072//570
f  1066//1264 1072//570 1065//572
f  1067//623 1159//622 1158//659
f  1067//623 1158//659 1066//1264
f  1160//1299 1157//1298 1068//1265
f  1160//1299 1068//1265 1075//1267
f  1070//625 1087//624 1076//576
f  1070//625 1076//576 1069//575
f  1158//659 1161//627 1073//573
f  1158//659 1073//573 1072//570
f  1162//1300 1075//1267 1074//1266
f  1162//1300 1074//1266 1077//1268
f  1163//1301 1160//1299 1075//1267
f  1163//1301 1075//1267 1162//1300
f  1164//1302 1162//1300 1077//1268
f  1164//1302 1077//1268 1078//1269
f  1164//1302 1078//1269 1134//1288
f  1164//1302 1134//1288 1165//1303
f  1081//582 1161//627 1167//658
f  1081//582 1167//658 1166//628
f  1132//610 1133//643 1116//599
f  1132//610 1116//599 1084//601
f  1168//1304 1089//1271 1088//1270
f  1168//1304 1088//1270 1120//1286
f  1090//1272 1089//1271 1168//1304
f  1090//1272 1168//1304 1169//1305
f  1121//1287 1090//1272 1169//1305
f  1121//1287 1169//1305 1170//1306
f  1092//634 1091//629 1171//662
f  1092//634 1171//662 1172//666
f  1171//662 1091//629 1173//631
f  1171//662 1173//631 1174//663
f  1176//665 1177//635 1092//634
f  1176//665 1092//634 1172//666
f  1093//589 1098//1274 1178//668
f  1093//589 1178//668 1094//632
f  1094//632 1178//668 1179//670
f  1094//632 1179//670 1175//630
f  1101//1276 1095//633 1177//635
f  1101//1276 1177//635 1180//1307
f  1097//1273 1096//591 1181//637
f  1097//1273 1181//637 1182//1308
f  1098//1274 1097//1273 1182//1308
f  1098//1274 1182//1308 1183//1309
f  1178//668 1098//1274 1183//1309
f  1178//668 1183//1309 1184//669
f  1105//1279 1100//1275 1101//1276
f  1105//1279 1101//1276 1186//1310
f  1186//1310 1101//1276 1180//1307
f  1186//1310 1180//1307 1187//1311
f  1102//1277 1108//640 1188//639
f  1102//1277 1188//639 1103//592
f  1109//1281 1104//1278 1105//1279
f  1109//1281 1105//1279 1189//1312
f  1189//1312 1105//1279 1186//1310
f  1189//1312 1186//1310 1190//1313
f  1106//593 1113//595 1191//673
f  1106//593 1191//673 1107//1280
f  1107//1280 1191//673 1192//641
f  1107//1280 1192//641 1108//640
f  1115//1282 1109//1281 1189//1312
f  1115//1282 1189//1312 1193//1314
f  1110//600 1116//599 1133//643
f  1110//600 1133//643 1111//642
f  1113//595 1114//596 1194//645
f  1113//595 1194//645 1191//673
f  1118//1284 1115//1282 1193//1314
f  1118//1284 1193//1314 1195//1315
f  1119//1285 1117//1283 1118//1284
f  1119//1285 1118//1284 1196//1316
f  1196//1316 1118//1284 1195//1315
f  1196//1316 1195//1315 1197//1317
f  1120//1286 1119//1285 1196//1316
f  1120//1286 1196//1316 1198//1318
f  1199//1319 1168//1304 1120//1286
f  1199//1319 1120//1286 1198//1318
f  1122//636 1121//1287 1170//1306
f  1122//636 1170//1306 1181//637
f  1200//646 1201//674 1194//645
f  1200//646 1194//645 1125//605
f  1202//1320 1165//1303 1134//1288
f  1202//1320 1134//1288 1135//1289
f  1203//1321 1202//1320 1135//1289
f  1203//1321 1135//1289 1136//1290
f  1138//1291 1203//1321 1136//1290
f  1138//1291 1136//1290 1137//611
f  1152//1295 1204//1322 1203//1321
f  1152//1295 1203//1321 1138//1291
f  1205//1323 1206//1324 1140//652
f  1205//1323 1140//652 1139//648
f  1205//1323 1139//648 1207//647
f  1205//1323 1207//647 1208//1325
f  1209//1326 1210//650 1140//652
f  1209//1326 1140//652 1206//1324
f  1211//1327 1142//649 1141//613
f  1211//1327 1141//613 1146//1292
f  1212//1328 1207//647 1142//649
f  1212//1328 1142//649 1211//1327
f  1143//651 1213//679 1214//1329
f  1143//651 1214//1329 1144//616
f  1210//650 1215//677 1213//679
f  1210//650 1213//679 1143//651
f  1144//616 1214//1329 1148//653
f  1144//616 1148//653 1145//617
f  1216//1330 1211//1327 1146//1292
f  1216//1330 1146//1292 1150//1294
f  1217//1331 1153//654 1148//653
f  1217//1331 1148//653 1214//1329
f  1218//1332 1150//1294 1149//1293
f  1218//1332 1149//1293 1155//1297
f  1219//1333 1216//1330 1150//1294
f  1219//1333 1150//1294 1218//1332
f  1153//654 1221//1334 1204//1322
f  1153//654 1204//1322 1152//1295
f  1217//1331 1222//1335 1221//1334
f  1217//1331 1221//1334 1153//654
f  1223//1336 1155//1297 1154//1296
f  1223//1336 1154//1296 1157//1298
f  1224//1337 1218//1332 1155//1297
f  1224//1337 1155//1297 1223//1336
f  1226//1338 1223//1336 1157//1298
f  1226//1338 1157//1298 1160//1299
f  1159//622 1227//660 1167//658
f  1159//622 1167//658 1158//659
f  1228//1339 1226//1338 1160//1299
f  1228//1339 1160//1299 1163//1301
f  1229//1340 1163//1301 1162//1300
f  1229//1340 1162//1300 1164//1302
f  1230//1341 1228//1339 1163//1301
f  1230//1341 1163//1301 1229//1340
f  1229//1340 1164//1302 1165//1303
f  1229//1340 1165//1303 1231//1342
f  1232//1343 1231//1342 1165//1303
f  1232//1343 1165//1303 1202//1320
f  1169//1305 1168//1304 1199//1319
f  1169//1305 1199//1319 1234//1344
f  1170//1306 1169//1305 1234//1344
f  1170//1306 1234//1344 1235//1345
f  1181//637 1170//1306 1235//1345
f  1181//637 1235//1345 1182//1308
f  1172//666 1171//662 1236//1346
f  1172//666 1236//1346 1237//1347
f  1236//1346 1171//662 1238//664
f  1236//1346 1238//664 1239//1348
f  1240//1349 1241//667 1172//666
f  1240//1349 1172//666 1237//1347
f  1175//630 1179//670 1242//1350
f  1175//630 1242//1350 1173//631
f  1173//631 1242//1350 1243//680
f  1173//631 1243//680 1174//663
f  1174//663 1243//680 1244//682
f  1174//663 1244//682 1238//664
f  1180//1307 1177//635 1176//665
f  1180//1307 1176//665 1245//1351
f  1245//1351 1176//665 1241//667
f  1245//1351 1241//667 1246//1352
f  1242//1350 1179//670 1184//669
f  1242//1350 1184//669 1247//1353
f  1187//1311 1180//1307 1245//1351
f  1187//1311 1245//1351 1248//1354
f  1182//1308 1235//1345 1249//1355
f  1182//1308 1249//1355 1183//1309
f  1183//1309 1249//1355 1250//1356
f  1183//1309 1250//1356 1184//669
f  1184//669 1250//1356 1251//1357
f  1184//669 1251//1357 1247//1353
f  1190//1313 1186//1310 1187//1311
f  1190//1313 1187//1311 1253//1358
f  1253//1358 1187//1311 1248//1354
f  1253//1358 1248//1354 1254//1359
f  1193//1314 1189//1312 1190//1313
f  1193//1314 1190//1313 1256//1360
f  1256//1360 1190//1313 1253//1358
f  1256//1360 1253//1358 1257//1361
f  1191//673 1201//674 1258//675
f  1191//673 1258//675 1192//641
f  1195//1315 1193//1314 1256//1360
f  1195//1315 1256//1360 1259//1362
f  1197//1317 1195//1315 1259//1362
f  1197//1317 1259//1362 1260//1363
f  1198//1318 1196//1316 1197//1317
f  1198//1318 1197//1317 1261//1364
f  1261//1364 1197//1317 1260//1363
f  1261//1364 1260//1363 1262//1365
f  1263//1366 1199//1319 1198//1318
f  1263//1366 1198//1318 1261//1364
f  1234//1344 1199//1319 1263//1366
f  1234//1344 1263//1366 1264//1367
f  1204//1322 1232//1343 1202//1320
f  1204//1322 1202//1320 1203//1321
f  1221//1334 1266//1368 1232//1343
f  1221//1334 1232//1343 1204//1322
f  1267//1369 1268//1370 1206//1324
f  1267//1369 1206//1324 1205//1323
f  1267//1369 1205//1323 1208//1325
f  1267//1369 1208//1325 1269//1371
f  1270//684 1209//1326 1206//1324
f  1270//684 1206//1324 1268//1370
f  1271//1372 1208//1325 1207//647
f  1271//1372 1207//647 1212//1328
f  1272//688 1269//1371 1208//1325
f  1272//688 1208//1325 1271//1372
f  1209//1326 1273//1373 1215//677
f  1209//1326 1215//677 1210//650
f  1270//684 1274//683 1273//1373
f  1270//684 1273//1373 1209//1326
f  1275//1374 1212//1328 1211//1327
f  1275//1374 1211//1327 1216//1330
f  1276//1375 1271//1372 1212//1328
f  1276//1375 1212//1328 1275//1374
f  1277//678 1217//1331 1214//1329
f  1277//678 1214//1329 1213//679
f  1278//1376 1277//678 1215//677
f  1278//1376 1215//677 1273//1373
f  1279//1377 1275//1374 1216//1330
f  1279//1377 1216//1330 1219//1333
f  1277//678 1280//1378 1222//1335
f  1277//678 1222//1335 1217//1331
f  1281//1379 1219//1333 1218//1332
f  1281//1379 1218//1332 1224//1337
f  1282//1380 1279//1377 1219//1333
f  1282//1380 1219//1333 1281//1379
f  1222//1335 1283//1381 1266//1368
f  1222//1335 1266//1368 1221//1334
f  1280//1378 1284//1382 1283//1381
f  1280//1378 1283//1381 1222//1335
f  1285//1383 1224//1337 1223//1336
f  1285//1383 1223//1336 1226//1338
f  1286//1384 1281//1379 1224//1337
f  1286//1384 1224//1337 1285//1383
f  1287//1385 1285//1383 1226//1338
f  1287//1385 1226//1338 1228//1339
f  1288//1386 1287//1385 1228//1339
f  1288//1386 1228//1339 1230//1341
f  1230//1341 1229//1340 1231//1342
f  1230//1341 1231//1342 1289//1387
f  1288//1386 1230//1341 1289//1387
f  1288//1386 1289//1387 1290//1388
f  1266//1368 1289//1387 1231//1342
f  1266//1368 1231//1342 1232//1343
f  1235//1345 1234//1344 1264//1367
f  1235//1345 1264//1367 1249//1355
f  1237//1347 1236//1346 1291//1389
f  1237//1347 1291//1389 1292//1390
f  1291//1389 1236//1346 1239//1348
f  1291//1389 1239//1348 1293//693
f  1294//1391 1240//1349 1237//1347
f  1294//1391 1237//1347 1292//1390
f  1238//664 1244//682 1295//1392
f  1238//664 1295//1392 1239//1348
f  1239//1348 1295//1392 1296//694
f  1239//1348 1296//694 1293//693
f  1246//1352 1241//667 1240//1349
f  1246//1352 1240//1349 1297//1393
f  1297//1393 1240//1349 1294//1391
f  1297//1393 1294//1391 1298//698
f  1243//680 1242//1350 1247//1353
f  1243//680 1247//1353 1299//681
f  1295//1392 1244//682 1299//681
f  1295//1392 1299//681 1300//1394
f  1248//1354 1245//1351 1246//1352
f  1248//1354 1246//1352 1301//1395
f  1301//1395 1246//1352 1297//1393
f  1301//1395 1297//1393 1302//1396
f  1247//1353 1251//1357 1303//1397
f  1247//1353 1303//1397 1299//681
f  1254//1359 1248//1354 1301//1395
f  1254//1359 1301//1395 1304//1398
f  1249//1355 1264//1367 1305//1399
f  1249//1355 1305//1399 1250//1356
f  1250//1356 1305//1399 1306//1400
f  1250//1356 1306//1400 1251//1357
f  1251//1357 1306//1400 1307//1401
f  1251//1357 1307//1401 1303//1397
f  1257//1361 1253//1358 1254//1359
f  1257//1361 1254//1359 1308//1402
f  1308//1402 1254//1359 1304//1398
f  1308//1402 1304//1398 1309//1403
f  1259//1362 1256//1360 1257//1361
f  1259//1362 1257//1361 1310//1404
f  1310//1404 1257//1361 1308//1402
f  1310//1404 1308//1402 1311//1405
f  1260//1363 1259//1362 1310//1404
f  1260//1363 1310//1404 1312//1406
f  1262//1365 1260//1363 1312//1406
f  1262//1365 1312//1406 1313//1407
f  1314//1408 1263//1366 1261//1364
f  1314//1408 1261//1364 1262//1365
f  1315//1409 1314//1408 1262//1365
f  1315//1409 1262//1365 1313//1407
f  1264//1367 1263//1366 1314//1408
f  1264//1367 1314//1408 1305//1399
f  1283//1381 1290//1388 1289//1387
f  1283//1381 1289//1387 1266//1368
f  1316//1410 1267//1369 1269//1371
f  1316//1410 1269//1371 1317//1411
f  1316//1410 1318//1412 1268//1370
f  1316//1410 1268//1370 1267//1369
f  1318//1412 1319//686 1270//684
f  1318//1412 1270//684 1268//1370
f  1269//1371 1272//688 1320//687
f  1269//1371 1320//687 1317//1411
f  1322//690 1272//688 1271//1372
f  1322//690 1271//1372 1276//1375
f  1273//1373 1274//683 1324//1413
f  1273//1373 1324//1413 1278//1376
f  1325//691 1326//704 1324//1413
f  1325//691 1324//1413 1274//683
f  1327//1414 1276//1375 1275//1374
f  1327//1414 1275//1374 1279//1377
f  1328//1415 1322//690 1276//1375
f  1328//1415 1276//1375 1327//1414
f  1278//1376 1329//1416 1280//1378
f  1278//1376 1280//1378 1277//678
f  1324//1413 1330//1417 1329//1416
f  1324//1413 1329//1416 1278//1376
f  1331//1418 1327//1414 1279//1377
f  1331//1418 1279//1377 1282//1380
f  1329//1416 1332//1419 1284//1382
f  1329//1416 1284//1382 1280//1378
f  1333//1420 1282//1380 1281//1379
f  1333//1420 1281//1379 1286//1384
f  1334//1421 1331//1418 1282//1380
f  1334//1421 1282//1380 1333//1420
f  1284//1382 1335//1422 1290//1388
f  1284//1382 1290//1388 1283//1381
f  1332//1419 1336//1423 1335//1422
f  1332//1419 1335//1422 1284//1382
f  1337//1424 1286//1384 1285//1383
f  1337//1424 1285//1383 1287//1385
f  1338//1425 1333//1420 1286//1384
f  1338//1425 1286//1384 1337//1424
f  1339//1426 1337//1424 1287//1385
f  1339//1426 1287//1385 1288//1386
f  1339//1426 1288//1386 1290//1388
f  1339//1426 1290//1388 1335//1422
f  1291//1389 1293//693 1340//695
f  1291//1389 1340//695 1341//1427
f  1292//1390 1291//1389 1341//1427
f  1292//1390 1341//1427 1342//1428
f  1343//1429 1294//1391 1292//1390
f  1343//1429 1292//1390 1342//1428
f  1343//1429 1345//699 1298//698
f  1343//1429 1298//698 1294//1391
f  1300//1394 1346//1430 1296//694
f  1300//1394 1296//694 1295//1392
f  1296//694 1346//1430 1348//711
f  1296//694 1348//711 1347//696
f  1302//1396 1297//1393 1298//698
f  1302//1396 1298//698 1349//700
f  1299//681 1303//1397 1351//1431
f  1299//681 1351//1431 1300//1394
f  1300//1394 1351//1431 1352//1432
f  1300//1394 1352//1432 1346//1430
f  1304//1398 1301//1395 1302//1396
f  1304//1398 1302//1396 1353//1433
f  1353//1433 1302//1396 1349//700
f  1353//1433 1349//700 1354//1434
f  1303//1397 1307//1401 1355//1435
f  1303//1397 1355//1435 1351//1431
f  1309//1403 1304//1398 1353//1433
f  1309//1403 1353//1433 1356//1436
f  1305//1399 1314//1408 1315//1409
f  1305//1399 1315//1409 1306//1400
f  1306//1400 1315//1409 1357//1437
f  1306//1400 1357//1437 1307//1401
f  1307//1401 1357//1437 1358//1438
f  1307//1401 1358//1438 1355//1435
f  1311//1405 1308//1402 1309//1403
f  1311//1405 1309//1403 1359//1439
f  1359//1439 1309//1403 1356//1436
f  1359//1439 1356//1436 1360//1440
f  1312//1406 1310//1404 1311//1405
f  1312//1406 1311//1405 1361//1441
f  1361//1441 1311//1405 1359//1439
f  1361//1441 1359//1439 1362//1442
f  1313//1407 1312//1406 1361//1441
f  1313//1407 1361//1441 1363//1443
f  1357//1437 1315//1409 1313//1407
f  1357//1437 1313//1407 1363//1443
f  1364//721 1316//1410 1317//1411
f  1364//721 1317//1411 1365//719
f  1364//721 1366//722 1318//1412
f  1364//721 1318//1412 1316//1410
f  1317//1411 1320//687 1367//702
f  1317//1411 1367//702 1365//719
f  1366//722 1368//701 1319//686
f  1366//722 1319//686 1318//1412
f  1371//707 1370//705 1321//685
f  1371//707 1321//685 1368//701
f  1370//705 1323//689 1322//690
f  1370//705 1322//690 1369//703
f  1322//690 1328//1415 1372//708
f  1322//690 1372//708 1373//706
f  1326//704 1374//709 1330//1417
f  1326//704 1330//1417 1324//1413
f  1375//728 1328//1415 1327//1414
f  1375//728 1327//1414 1331//1418
f  1328//1415 1375//728 1376//723
f  1328//1415 1376//723 1372//708
f  1330//1417 1377//1444 1332//1419
f  1330//1417 1332//1419 1329//1416
f  1374//709 1378//727 1377//1444
f  1374//709 1377//1444 1330//1417
f  1379//729 1375//728 1331//1418
f  1379//729 1331//1418 1334//1421
f  1377//1444 1380//1445 1336//1423
f  1377//1444 1336//1423 1332//1419
f  1381//1446 1334//1421 1333//1420
f  1381//1446 1333//1420 1338//1425
f  1382//733 1379//729 1334//1421
f  1382//733 1334//1421 1381//1446
f  1383//1447 1339//1426 1335//1422
f  1383//1447 1335//1422 1336//1423
f  1336//1423 1380//1445 1384//1448
f  1336//1423 1384//1448 1383//1447
f  1383//1447 1338//1425 1337//1424
f  1383//1447 1337//1424 1339//1426
f  1384//1448 1381//1446 1338//1425
f  1384//1448 1338//1425 1383//1447
f  1341//1427 1340//695 1385//710
f  1341//1427 1385//710 1386//737
f  1342//1428 1341//1427 1386//737
f  1342//1428 1386//737 1387//738
f  1388//739 1343//1429 1342//1428
f  1388//739 1342//1428 1387//738
f  1388//739 1389//714 1345//699
f  1388//739 1345//699 1343//1429
f  1385//710 1344//692 1391//713
f  1385//710 1391//713 1392//718
f  1346//1430 1352//1432 1393//717
f  1346//1430 1393//717 1348//711
f  1390//712 1349//700 1350//697
f  1390//712 1350//697 1391//713
f  1394//715 1395//716 1354//1434
f  1394//715 1354//1434 1349//700
f  1351//1431 1355//1435 1396//1449
f  1351//1431 1396//1449 1352//1432
f  1352//1432 1396//1449 1397//743
f  1352//1432 1397//743 1393//717
f  1356//1436 1353//1433 1354//1434
f  1356//1436 1354//1434 1398//748
f  1395//716 1399//744 1398//748
f  1395//716 1398//748 1354//1434
f  1355//1435 1358//1438 1400//1450
f  1355//1435 1400//1450 1396//1449
f  1360//1440 1356//1436 1398//748
f  1360//1440 1398//748 1401//747
f  1358//1438 1357//1437 1363//1443
f  1358//1438 1363//1443 1402//1451
f  1402//1451 1403//1452 1400//1450
f  1402//1451 1400//1450 1358//1438
f  1362//1442 1359//1439 1360//1440
f  1362//1442 1360//1440 1404//1453
f  1404//1453 1360//1440 1401//747
f  1404//1453 1401//747 1405//750
f  1363//1443 1361//1441 1362//1442
f  1363//1443 1362//1442 1402//1451
f  1402//1451 1362//1442 1404//1453
f  1402//1451 1404//1453 1403//1452
f  1406//720 1367//702 1371//707
f  1406//720 1371//707 1407//1454
f  1407//1454 1371//707 1368//701
f  1407//1454 1368//701 1406//720
f  1378//727 1412//758 1380//1445
f  1378//727 1380//1445 1377//1444
f  1412//758 1378//727 1413//731
f  1412//758 1413//731 1414//759
f  1412//758 1416//757 1384//1448
f  1412//758 1384//1448 1380//1445
f  1416//757 1382//733 1381//1446
f  1416//757 1381//1446 1384//1448
f  1382//733 1416//757 1419//765
f  1382//733 1419//765 1418//735
f  1420//736 1385//710 1392//718
f  1420//736 1392//718 1421//1455
f  1421//1455 1392//718 1389//714
f  1421//1455 1389//714 1420//736
f  1396//1449 1400//1450 1425//773
f  1396//1449 1425//773 1397//743
f  1427//772 1426//745 1397//743
f  1427//772 1397//743 1425//773
f  1400//1450 1403//1452 1429//774
f  1400//1450 1429//774 1425//773
f  1403//1452 1404//1453 1405//750
f  1403//1452 1405//750 1429//774
f  1432//752 1433//779 1429//774
f  1432//752 1429//774 1405//750
f  1417//734 1443//766 1444//1456
f  1417//734 1444//1456 1442//764
f  1418//735 1419//765 1445//767
f  1418//735 1445//767 1443//766
f  1454//780 1455//1457 1456//781
f  1454//780 1456//781 1431//751
f  1456//781 1457//782 1433//779
f  1456//781 1433//779 1432//752
f  1458//1458 1435//754 1434//753
f  1458//1458 1434//753 1444//1456
f  1434//753 1437//756 1442//764
f  1434//753 1442//764 1444//1456
f  1440//762 1441//763 1435//754
f  1440//762 1435//754 1458//1458
f  1458//1458 1445//767 1439//761
f  1458//1458 1439//761 1440//762
f  1444//1456 1443//766 1445//767
f  1444//1456 1445//767 1458//1458
f  1455//1457 1454//780 1446//768
f  1455//1457 1446//768 1447//769
f  1455//1457 1447//769 1448//770
f  1455//1457 1448//770 1459//1459
f  1459//1459 1448//770 1453//778
f  1459//1459 1453//778 1452//777
f  1452//777 1451//776 1457//782
f  1452//777 1457//782 1459//1459
f  1459//1459 1457//782 1456//781
f  1459//1459 1456//781 1455//1457
f  262//151 263//155 260//186
f  262//151 260//186 201//118
f  262//151 201//118 202//120
f  272//165 271//164 338//233
f  272//165 338//233 339//201
f  272//165 339//201 340//198
f  629//1061 631//374 635//373
f  629//1061 635//373 634//1063
f  629//1061 634//1063 552//1022
f  595//1037 681//1085 682//396
f  595//1037 682//396 675//395
f  595//1037 675//395 673//1082
f  971//520 881//518 878//1184
f  971//520 878//1184 968//566
f  971//520 968//566 972//565
f  1008//588 1006//587 920//1197
f  1008//588 920//1197 923//545
f  1008//588 923//545 1009//547
