#VRML V2.0 utf8 
Transform { 
 children [ 
    Shape { 
   geometry IndexedFaceSet { 
   solid FALSE 
    coord DEF bone Coordinate{ 
     point [ 
	 -0.067328   0.027970   0.056436,
	 -0.061134   0.022393   0.058263,
	 -0.072420   0.027462   0.063284,
	 -0.064703   0.030416   0.055985,
	 -0.070325   0.023957   0.048620,
	 -0.062625   0.020576   0.052446,
	 -0.066613   0.027719   0.046781,
	 -0.060516   0.022513   0.064299,
	 -0.058718   0.024193   0.056306,
	 -0.057101   0.024672   0.062342,
	 -0.072945   0.026907   0.068593,
	 -0.077044   0.031276   0.069166,
	 -0.060220   0.018233   0.045943,
	 -0.058716   0.021300   0.051149,
	 -0.066468   0.016714   0.048568,
	 -0.058655   0.020943   0.070031,
	 -0.054719   0.022997   0.067878,
	 -0.072870   0.033623   0.076631,
	 -0.072257   0.027019   0.078504,
	 -0.051921   0.021388   0.073397,
	 -0.055260   0.018664   0.075358,
	 -0.063378   0.030319   0.081513,
	 -0.064841   0.024648   0.084876,
	 -0.056039   0.025543   0.087808,
	 -0.049086   0.017514   0.077772,
	 -0.051169   0.015673   0.080171,
	 -0.055824   0.021377   0.090019,
	 -0.047391   0.021001   0.093186,
	 -0.047001   0.016697   0.094430,
	 -0.042819   0.015404   0.080525,
	 -0.045634   0.012808   0.083097,
	 -0.037640   0.016260   0.096900,
	 -0.038264   0.011165   0.097704,
	 -0.038214   0.010448   0.082750,
	 -0.036338   0.011883   0.081824,
	 -0.028352   0.006556   0.100135,
	 -0.027908   0.010830   0.099607,
	 -0.032570   0.006868   0.080753,
	 -0.031237   0.007408   0.081114,
	 -0.030848   0.001163   0.078344,
	 -0.018514   0.001409   0.099384,
	 -0.018513   0.004531   0.099958,
	 -0.027454   0.002556   0.078226,
	 -0.026431  -0.002837   0.075307,
	 -0.022725  -0.001090   0.074905,
	 -0.010691  -0.004914   0.096229,
	 -0.010133  -0.002077   0.096969,
	 -0.017622  -0.004756   0.071982,
	 -0.020733  -0.006340   0.072873,
	 -0.003566  -0.008010   0.091317,
	 -0.005077  -0.011389   0.090991,
	  0.000167  -0.013084   0.083550,
	 -0.012465  -0.008126   0.068798,
	 -0.016387  -0.010120   0.069720,
	 -0.000582  -0.017042   0.084378,
	  0.004543  -0.018275   0.076101,
	  0.002616  -0.023033   0.077579,
	 -0.007928  -0.011344   0.064984,
	 -0.013271  -0.013956   0.065490,
	  0.009341  -0.023779   0.069043,
	  0.006008  -0.027971   0.070159,
	 -0.009881  -0.017571   0.061328,
	 -0.004302  -0.014662   0.060587,
	  0.081875  -0.300947   0.151320,
	  0.091983  -0.294658   0.151961,
	  0.074301  -0.285543   0.158591,
	  0.064601  -0.291382   0.157414,
	  0.089698  -0.302114   0.142697,
	  0.072009  -0.295272   0.150545,
	  0.073978  -0.282478   0.158413,
	  0.093205  -0.291098   0.151716,
	  0.056308  -0.275142   0.163109,
	  0.054703  -0.271560   0.162166,
	  0.046719  -0.281088   0.161639,
	  0.089687  -0.299666   0.142518,
	  0.092119  -0.292271   0.148487,
	  0.054415  -0.285503   0.156081,
	  0.072306  -0.292553   0.150606,
	  0.054114  -0.273473   0.161181,
	  0.071904  -0.283985   0.157281,
	  0.034724  -0.260996   0.166917,
	  0.037059  -0.265668   0.168216,
	  0.035584  -0.263264   0.166151,
	  0.027411  -0.271906   0.165396,
	  0.035617  -0.276269   0.162185,
	  0.054651  -0.283209   0.156406,
	  0.037094  -0.271927   0.162665,
	  0.014066  -0.251429   0.167924,
	  0.015782  -0.255157   0.168478,
	  0.018355  -0.254781   0.170612,
	  0.018392  -0.262003   0.166141,
	  0.007426  -0.263816   0.167640,
	  0.015938  -0.267930   0.165039,
	 -0.006789  -0.242447   0.167975,
	 -0.003954  -0.247478   0.167562,
	 -0.002187  -0.255920   0.165809,
	 -0.000891  -0.244955   0.171187,
	 -0.003850  -0.259810   0.165996,
	 -0.012371  -0.256468   0.166027,
	 -0.023365  -0.240288   0.161696,
	 -0.026976  -0.233578   0.161891,
	 -0.020666  -0.246407   0.160641,
	 -0.023205  -0.252375   0.160105,
	 -0.020431  -0.236471   0.166621,
	 -0.031140  -0.247800   0.160066,
	 -0.041938  -0.231393   0.155741,
	 -0.039575  -0.238647   0.154121,
	 -0.046658  -0.224821   0.154511,
	 -0.042162  -0.244363   0.153869,
	 -0.049725  -0.240817   0.152183,
	 -0.039388  -0.228027   0.160218,
	 -0.060171  -0.225527   0.146470,
	 -0.057705  -0.232215   0.145002,
	 -0.059616  -0.237863   0.143643,
	 -0.065602  -0.218635   0.143822,
	 -0.066759  -0.234484   0.141326,
	 -0.057928  -0.220421   0.152131,
	 -0.076112  -0.220044   0.134074,
	 -0.074252  -0.227147   0.133060,
	 -0.075382  -0.231463   0.131288,
	 -0.082429  -0.229080   0.128499,
	 -0.081710  -0.215035   0.129667,
	 -0.074890  -0.216873   0.139774,
	 -0.087233  -0.221046   0.118396,
	 -0.088927  -0.212142   0.120532,
	 -0.087554  -0.226741   0.115726,
	 -0.094065  -0.223266   0.112898,
	 -0.089728  -0.213127   0.125535,
	 -0.095358  -0.209040   0.115484,
	 -0.096326  -0.218564   0.099780,
	 -0.095211  -0.213574   0.102068,
	 -0.098404  -0.204644   0.104818,
	 -0.100826  -0.213146   0.097489,
	 -0.102026  -0.205888   0.110670,
	 -0.100730  -0.198480   0.099774,
	 -0.100207  -0.200903   0.082453,
	 -0.096683  -0.205939   0.085334,
	 -0.095959  -0.202389   0.086234,
	 -0.097362  -0.196070   0.087721,
	 -0.104749  -0.197649   0.093193,
	 -0.101697  -0.188034   0.082251,
	 -0.104165  -0.189301   0.075584,
	 -0.099547  -0.191792   0.065776,
	 -0.094835  -0.193927   0.070702,
	 -0.093523  -0.191682   0.070450,
	 -0.095303  -0.187767   0.070503,
	 -0.097412  -0.177498   0.065381,
	 -0.101242  -0.184391   0.057235,
	 -0.092099  -0.186243   0.051100,
	 -0.089450  -0.186550   0.055049,
	 -0.086286  -0.185121   0.054105,
	 -0.088216  -0.180930   0.054019,
	 -0.092372  -0.171238   0.047007,
	 -0.090760  -0.177549   0.043668,
	 -0.077111  -0.184466   0.038506,
	 -0.073220  -0.180732   0.040294,
	 -0.078008  -0.178073   0.043386,
	 -0.075309  -0.176571   0.040270,
	  0.099151  -0.265246   0.145859,
	  0.101937  -0.253363   0.148234,
	  0.085711  -0.243650   0.159518,
	  0.096901  -0.266594   0.142385,
	  0.083109  -0.256804   0.156372,
	  0.100377  -0.249692   0.145422,
	  0.084500  -0.241273   0.158914,
	  0.066652  -0.231746   0.168536,
	  0.068727  -0.233415   0.168977,
	  0.081325  -0.258684   0.155774,
	  0.094051  -0.258607   0.140573,
	  0.068653  -0.246400   0.167658,
	  0.094308  -0.248631   0.147639,
	  0.063608  -0.231504   0.168583,
	  0.064474  -0.240637   0.164612,
	  0.080016  -0.250877   0.154555,
	  0.047050  -0.222180   0.173477,
	  0.045579  -0.222417   0.173565,
	  0.049481  -0.224482   0.174105,
	  0.065800  -0.247589   0.167225,
	  0.050825  -0.237501   0.174192,
	  0.046975  -0.231033   0.171095,
	  0.047405  -0.237451   0.173775,
	  0.026492  -0.214238   0.175724,
	  0.026877  -0.212969   0.176305,
	  0.027569  -0.223975   0.174299,
	  0.030128  -0.214807   0.177033,
	  0.031540  -0.229736   0.177095,
	  0.029696  -0.229324   0.175020,
	  0.008668  -0.214900   0.173810,
	  0.007934  -0.204595   0.176230,
	  0.006915  -0.203203   0.175305,
	  0.009405  -0.221309   0.174528,
	  0.010306  -0.205706   0.176579,
	  0.011781  -0.222994   0.177670,
	 -0.010772  -0.207786   0.171730,
	 -0.012678  -0.212897   0.175066,
	 -0.011433  -0.197262   0.173875,
	 -0.013646  -0.194831   0.173384,
	 -0.007255  -0.214493   0.175359,
	 -0.009649  -0.197345   0.174420,
	 -0.029083  -0.198825   0.168605,
	 -0.032984  -0.205004   0.172989,
	 -0.026410  -0.206185   0.173891,
	 -0.030165  -0.188644   0.170664,
	 -0.033434  -0.185482   0.169280,
	 -0.029822  -0.189771   0.171880,
	 -0.048652  -0.194564   0.162942,
	 -0.052305  -0.196769   0.166771,
	 -0.045102  -0.198245   0.168695,
	 -0.049256  -0.182609   0.165752,
	 -0.048639  -0.182169   0.163687,
	 -0.054094  -0.179598   0.163574,
	 -0.071069  -0.193802   0.156163,
	 -0.065970  -0.188134   0.153113,
	 -0.063238  -0.191077   0.161187,
	 -0.068359  -0.178145   0.156410,
	 -0.072782  -0.175113   0.152310,
	 -0.066470  -0.178230   0.153634,
	 -0.080247  -0.188739   0.149175,
	 -0.086385  -0.189367   0.140862,
	 -0.082037  -0.183717   0.140294,
	 -0.085419  -0.173768   0.143509,
	 -0.089569  -0.171314   0.137889,
	 -0.082647  -0.175052   0.140656,
	 -0.095557  -0.183823   0.135409,
	 -0.100308  -0.175031   0.128406,
	 -0.097535  -0.185480   0.123550,
	 -0.092718  -0.175587   0.124371,
	 -0.102141  -0.165865   0.121142,
	 -0.096210  -0.167780   0.126157,
	 -0.103119  -0.179837   0.116412,
	 -0.106131  -0.168237   0.109005,
	 -0.104520  -0.158449   0.099659,
	 -0.100946  -0.175541   0.103986,
	 -0.097725  -0.169762   0.104320,
	 -0.100200  -0.160902   0.106361,
	 -0.103064  -0.171414   0.096749,
	 -0.106304  -0.160883   0.088103,
	 -0.101186  -0.150035   0.078733,
	 -0.099900  -0.154527   0.085918,
	 -0.100617  -0.165373   0.084347,
	 -0.096066  -0.161645   0.084424,
	 -0.102191  -0.162794   0.077025,
	 -0.103535  -0.156470   0.066403,
	 -0.098514  -0.144705   0.056890,
	 -0.094560  -0.150660   0.065531,
	 -0.090436  -0.157616   0.064217,
	 -0.094727  -0.158356   0.065902,
	 -0.096405  -0.156001   0.060123,
	 -0.093119  -0.150406   0.049727,
	 -0.081927  -0.146952   0.049576,
	 -0.081439  -0.148319   0.045945,
	 -0.081779  -0.158027   0.047735,
	  0.083090  -0.205797   0.148958,
	  0.083597  -0.208324   0.150274,
	  0.096200  -0.213532   0.133186,
	  0.080398  -0.207568   0.147534,
	  0.093772  -0.215232   0.131906,
	  0.066824  -0.198520   0.161118,
	  0.066230  -0.201528   0.162608,
	  0.064690  -0.213950   0.161562,
	  0.081151  -0.221707   0.148173,
	  0.098241  -0.218415   0.136044,
	  0.096077  -0.231057   0.133767,
	  0.065535  -0.201195   0.159366,
	  0.091235  -0.223902   0.130596,
	  0.077490  -0.217752   0.145857,
	  0.048223  -0.190870   0.169172,
	  0.047214  -0.192458   0.169994,
	  0.046113  -0.204900   0.170654,
	  0.044994  -0.205986   0.169807,
	  0.063444  -0.214478   0.160502,
	  0.078869  -0.223171   0.147381,
	  0.092975  -0.230540   0.131649,
	  0.063011  -0.209114   0.159118,
	  0.045781  -0.193457   0.167994,
	  0.028003  -0.185010   0.174816,
	  0.028693  -0.183012   0.173994,
	  0.024254  -0.195645   0.175370,
	  0.024220  -0.197233   0.173734,
	  0.044490  -0.203078   0.167420,
	  0.025278  -0.195221   0.171598,
	  0.026859  -0.184436   0.172752,
	  0.006272  -0.178270   0.177831,
	  0.006432  -0.188504   0.176207,
	  0.008599  -0.175440   0.176249,
	  0.005332  -0.189463   0.175210,
	  0.006087  -0.187034   0.173914,
	  0.007699  -0.177197   0.172936,
	 -0.014676  -0.179461   0.175025,
	 -0.013163  -0.167980   0.176150,
	 -0.015055  -0.180649   0.173414,
	 -0.012001  -0.166626   0.173533,
	 -0.012971  -0.177655   0.172384,
	 -0.011827  -0.168156   0.171801,
	 -0.035498  -0.172243   0.169064,
	 -0.033978  -0.173467   0.167937,
	 -0.033489  -0.160723   0.172361,
	 -0.031937  -0.171574   0.167162,
	 -0.030324  -0.159853   0.170207,
	 -0.031618  -0.160750   0.168249,
	 -0.055482  -0.164807   0.162099,
	 -0.054895  -0.165680   0.160945,
	 -0.050141  -0.163116   0.160347,
	 -0.053887  -0.152546   0.166364,
	 -0.050363  -0.152620   0.161918,
	 -0.049636  -0.151860   0.164480,
	 -0.075083  -0.160067   0.152412,
	 -0.074412  -0.160124   0.151792,
	 -0.067989  -0.154807   0.151928,
	 -0.067562  -0.145831   0.151792,
	 -0.071881  -0.147235   0.154968,
	 -0.068469  -0.144752   0.153894,
	 -0.090732  -0.155536   0.136840,
	 -0.090658  -0.156117   0.137073,
	 -0.083241  -0.149753   0.137968,
	 -0.084321  -0.139357   0.139529,
	 -0.086082  -0.138715   0.140838,
	 -0.087968  -0.142017   0.140710,
	 -0.103050  -0.148497   0.119230,
	 -0.100331  -0.150375   0.117467,
	 -0.094970  -0.142352   0.121605,
	 -0.095400  -0.134156   0.122224,
	 -0.095795  -0.133894   0.126029,
	 -0.101336  -0.139554   0.123063,
	 -0.104977  -0.135794   0.099250,
	 -0.101795  -0.137984   0.098453,
	 -0.097677  -0.135508   0.101319,
	 -0.098559  -0.125693   0.102453,
	 -0.098574  -0.125257   0.105613,
	 -0.104202  -0.128475   0.103729,
	 -0.100789  -0.128832   0.076117,
	 -0.102752  -0.128026   0.078074,
	 -0.095478  -0.127967   0.079492,
	 -0.095939  -0.120613   0.079663,
	 -0.097713  -0.117097   0.085160,
	 -0.102709  -0.119879   0.082423,
	 -0.088480  -0.125612   0.059578,
	 -0.094922  -0.126297   0.060225,
	 -0.096780  -0.121654   0.058819,
	 -0.089780  -0.119217   0.058929,
	 -0.092780  -0.113791   0.062886,
	 -0.096505  -0.116524   0.060142,
	 -0.074627  -0.121502   0.044404,
	 -0.073898  -0.126474   0.045684,
	 -0.079676  -0.131679   0.046128,
	 -0.086245  -0.118600   0.041782,
	 -0.083698  -0.124956   0.042922,
	 -0.080301  -0.117123   0.044162,
	  0.071878  -0.183501   0.140447,
	  0.084174  -0.172713   0.126968,
	  0.084092  -0.186904   0.123283,
	  0.073575  -0.166813   0.144306,
	  0.059253  -0.183594   0.155808,
	  0.073123  -0.190428   0.140837,
	  0.059324  -0.172610   0.151542,
	  0.089498  -0.187806   0.127794,
	  0.085887  -0.171997   0.128007,
	  0.083672  -0.192599   0.121888,
	  0.056825  -0.166365   0.154025,
	  0.074711  -0.168751   0.144779,
	  0.041336  -0.175718   0.167973,
	  0.059747  -0.179159   0.158246,
	  0.041499  -0.179513   0.165971,
	  0.075756  -0.185722   0.145113,
	  0.042051  -0.167030   0.160560,
	  0.075446  -0.171887   0.146712,
	  0.087690  -0.175511   0.129536,
	  0.058546  -0.164651   0.154843,
	  0.039361  -0.162730   0.162552,
	  0.022397  -0.168858   0.174546,
	  0.022589  -0.157295   0.173160,
	  0.040780  -0.163771   0.166750,
	  0.058290  -0.166460   0.156632,
	  0.023307  -0.171524   0.172371,
	  0.024498  -0.160498   0.168049,
	  0.041710  -0.161757   0.163960,
	  0.021943  -0.156535   0.169307,
	  0.003117  -0.161115   0.178444,
	  0.004224  -0.149152   0.176507,
	  0.006929  -0.148608   0.173515,
	  0.024495  -0.155968   0.170653,
	  0.004879  -0.162660   0.176730,
	  0.006283  -0.152771   0.171347,
	  0.003843  -0.149739   0.171989,
	 -0.016228  -0.153021   0.176973,
	 -0.014330  -0.140608   0.175701,
	 -0.010655  -0.140408   0.173908,
	 -0.013859  -0.140775   0.170965,
	 -0.014090  -0.154604   0.176352,
	 -0.012080  -0.144915   0.170579,
	 -0.035150  -0.143895   0.173249,
	 -0.032924  -0.133269   0.171752,
	 -0.028214  -0.132865   0.170498,
	 -0.031461  -0.132583   0.166595,
	 -0.030445  -0.137912   0.166718,
	 -0.033022  -0.147242   0.171609,
	 -0.050775  -0.127031   0.164009,
	 -0.054035  -0.138853   0.165142,
	 -0.046007  -0.127660   0.165158,
	 -0.048961  -0.126072   0.159819,
	 -0.048943  -0.135121   0.160298,
	 -0.051810  -0.141870   0.164539,
	 -0.062125  -0.121339   0.155657,
	 -0.068009  -0.121786   0.154129,
	 -0.071637  -0.132200   0.154658,
	 -0.065589  -0.121174   0.149782,
	 -0.065917  -0.130013   0.150329,
	 -0.069299  -0.135709   0.154405,
	 -0.081083  -0.115477   0.137994,
	 -0.077899  -0.116196   0.144907,
	 -0.083871  -0.116023   0.142051,
	 -0.087799  -0.127700   0.140607,
	 -0.081650  -0.123592   0.138603,
	 -0.085057  -0.129835   0.141159,
	 -0.092628  -0.113977   0.121058,
	 -0.095113  -0.121088   0.123454,
	 -0.090141  -0.111700   0.129880,
	 -0.098036  -0.115526   0.126755,
	 -0.100923  -0.123664   0.123220,
	 -0.098356  -0.127260   0.123943,
	 -0.097982  -0.109208   0.101100,
	 -0.099203  -0.115307   0.103679,
	 -0.101675  -0.119819   0.103817,
	 -0.096820  -0.107348   0.110801,
	 -0.102329  -0.107397   0.107387,
	 -0.103392  -0.116825   0.101821,
	 -0.096230  -0.099102   0.082015,
	 -0.096049  -0.107981   0.083160,
	 -0.099104  -0.108347   0.084565,
	 -0.101477  -0.107560   0.080268,
	 -0.096308  -0.099064   0.091140,
	 -0.101458  -0.101823   0.085637,
	 -0.090553  -0.102247   0.070146,
	 -0.093283  -0.092211   0.071641,
	 -0.090293  -0.106203   0.065749,
	 -0.092369  -0.104190   0.066755,
	 -0.094877  -0.095887   0.067487,
	 -0.076743  -0.103771   0.046419,
	 -0.075979  -0.099319   0.048265,
	 -0.084961  -0.088768   0.052963,
	 -0.079376  -0.108237   0.047097,
	 -0.083392  -0.103864   0.044938,
	 -0.081652  -0.086827   0.138922,
	 -0.069149  -0.094047   0.149996,
	 -0.066553  -0.091831   0.150368,
	 -0.078402  -0.086697   0.135495,
	 -0.092247  -0.082749   0.122570,
	 -0.084209  -0.088709   0.137696,
	 -0.090184  -0.081916   0.121172,
	 -0.070245  -0.101665   0.149167,
	 -0.053728  -0.109079   0.158216,
	 -0.052855  -0.099601   0.160230,
	 -0.064351  -0.091674   0.147123,
	 -0.050323  -0.096740   0.159956,
	 -0.090040  -0.090258   0.119002,
	 -0.079357  -0.095716   0.134214,
	 -0.095884  -0.084114   0.121360,
	 -0.095520  -0.077190   0.102813,
	 -0.100234  -0.079302   0.104250,
	 -0.085383  -0.097635   0.136141,
	 -0.095411  -0.086539   0.100260,
	 -0.072267  -0.104655   0.145354,
	 -0.055558  -0.109604   0.155702,
	 -0.036204  -0.112119   0.165852,
	 -0.038113  -0.115615   0.163636,
	 -0.034972  -0.104503   0.167169,
	 -0.064691  -0.100522   0.145446,
	 -0.049150  -0.098259   0.156085,
	 -0.033068  -0.102258   0.166562,
	 -0.099507  -0.087958   0.095285,
	 -0.097841  -0.095302   0.114703,
	 -0.086681  -0.099937   0.131641,
	 -0.097657  -0.092015   0.120633,
	 -0.100218  -0.078614   0.101880,
	 -0.094422  -0.073056   0.083470,
	 -0.093536  -0.081757   0.080727,
	 -0.098041  -0.072253   0.085118,
	 -0.098207  -0.080489   0.075176,
	 -0.049552  -0.106492   0.155535,
	 -0.033694  -0.112706   0.163141,
	 -0.019361  -0.120430   0.168302,
	 -0.018165  -0.120044   0.170239,
	 -0.016024  -0.117494   0.167191,
	 -0.016526  -0.110051   0.171214,
	 -0.032380  -0.102843   0.162553,
	 -0.014634  -0.106791   0.168621,
	 -0.101041  -0.079111   0.081023,
	 -0.103094  -0.087419   0.100940,
	 -0.099249  -0.073150   0.081248,
	 -0.085024  -0.079593   0.062896,
	 -0.087618  -0.070658   0.065236,
	 -0.092319  -0.078412   0.060136,
	 -0.090074  -0.068479   0.067022,
	 -0.094295  -0.073201   0.064926,
	 -0.014865  -0.107452   0.165909,
	  0.002221  -0.121645   0.166959,
	 -0.000237  -0.125684   0.169586,
	  0.001364  -0.123174   0.170784,
	  0.002989  -0.111801   0.165311,
	  0.002104  -0.116145   0.171362,
	  0.003889  -0.111128   0.168872,
	 -0.091863  -0.068400   0.065502,
	 -0.079744  -0.082369   0.044442,
	 -0.074050  -0.082797   0.046961,
	 -0.074757  -0.068627   0.051109,
	 -0.081006  -0.074773   0.048806,
	 -0.078043  -0.067700   0.050970,
	 -0.079937  -0.070116   0.048565,
	  0.020218  -0.117368   0.161432,
	  0.019763  -0.127093   0.162869,
	  0.018721  -0.130865   0.166184,
	  0.020169  -0.128989   0.167700,
	  0.021559  -0.115100   0.163552,
	  0.020989  -0.120161   0.167545,
	  0.036364  -0.122485   0.153627,
	  0.038485  -0.120092   0.155519,
	  0.036135  -0.133093   0.155211,
	  0.036439  -0.135511   0.157789,
	  0.037760  -0.133694   0.158841,
	  0.038172  -0.124925   0.158521,
	  0.050299  -0.129249   0.142384,
	  0.053315  -0.126306   0.144173,
	  0.053748  -0.129722   0.146731,
	  0.050969  -0.138501   0.144282,
	  0.051950  -0.142216   0.146270,
	  0.054050  -0.139120   0.147867,
	  0.061884  -0.133631   0.127441,
	  0.064542  -0.132454   0.128620,
	  0.065567  -0.135733   0.130736,
	  0.066606  -0.145255   0.132299,
	  0.063356  -0.144769   0.130366,
	  0.064342  -0.149197   0.131030,
	  0.072044  -0.140149   0.112033,
	  0.075711  -0.139005   0.113021,
	  0.077529  -0.141456   0.114825,
	  0.078486  -0.151652   0.116258,
	  0.075581  -0.155989   0.114519,
	  0.072811  -0.151831   0.114355,
	  0.001806  -0.089420   0.162782,
	  0.019403  -0.104789   0.159417,
	  0.020413  -0.094106   0.156537,
	 -0.017718  -0.086622   0.164893,
	  0.000583  -0.099124   0.164893,
	 -0.019857  -0.083767   0.162069,
	 -0.000438  -0.086596   0.159113,
	  0.036266  -0.108583   0.150783,
	  0.037502  -0.106341   0.150008,
	  0.018198  -0.106152   0.160327,
	  0.018271  -0.090784   0.153700,
	  0.038024  -0.098040   0.147466,
	 -0.019019  -0.093760   0.165736,
	 -0.038279  -0.077352   0.158041,
	 -0.038681  -0.081543   0.162535,
	 -0.001376  -0.101729   0.164241,
	 -0.017588  -0.085165   0.157963,
	 -0.035678  -0.080269   0.155088,
	  0.000993  -0.088364   0.156730,
	  0.050046  -0.114556   0.136159,
	  0.033928  -0.107096   0.145927,
	  0.048598  -0.112205   0.133782,
	  0.051927  -0.111761   0.136203,
	  0.016992  -0.104201   0.154970,
	  0.018789  -0.090494   0.151226,
	  0.035764  -0.095270   0.144864,
	  0.052511  -0.102150   0.133585,
	 -0.021318  -0.097357   0.163514,
	 -0.038031  -0.087468   0.161926,
	 -0.052591  -0.074097   0.149069,
	 -0.056354  -0.071137   0.151954,
	 -0.054290  -0.074548   0.154332,
	 -0.001106  -0.100307   0.160129,
	 -0.037332  -0.088005   0.157429,
	 -0.019283  -0.093873   0.159893,
	 -0.055761  -0.084486   0.153545,
	  0.058145  -0.119255   0.117698,
	  0.060179  -0.121983   0.118940,
	  0.035339  -0.094590   0.142709,
	  0.050184  -0.098496   0.131038,
	  0.058931  -0.105604   0.115119,
	  0.061234  -0.119619   0.118786,
	  0.050389  -0.099596   0.131288,
	  0.061806  -0.109176   0.116611,
	 -0.040508  -0.091371   0.159885,
	 -0.056545  -0.081654   0.155618,
	 -0.071048  -0.076031   0.144396,
	 -0.068452  -0.067771   0.140371,
	 -0.072297  -0.063782   0.141886,
	 -0.070077  -0.066409   0.144782,
	 -0.058976  -0.084145   0.154638,
	 -0.075483  -0.076512   0.144331,
	  0.062773  -0.111644   0.096598,
	  0.063750  -0.125480   0.099198,
	  0.068567  -0.127564   0.100034,
	  0.059963  -0.105454   0.114150,
	  0.063823  -0.111871   0.094537,
	  0.069510  -0.124083   0.099781,
	  0.068173  -0.113836   0.097307,
	 -0.073314  -0.074561   0.145948,
	 -0.084745  -0.067656   0.132939,
	 -0.089707  -0.067254   0.131888,
	 -0.081250  -0.058425   0.128940,
	 -0.086006  -0.056278   0.128812,
	 -0.084981  -0.059601   0.132551,
	 -0.087504  -0.066397   0.133087,
	 -0.094867  -0.058444   0.118456,
	 -0.098854  -0.057949   0.117828,
	 -0.091408  -0.052689   0.113296,
	 -0.095891  -0.048187   0.112498,
	 -0.096410  -0.052203   0.117152,
	 -0.096406  -0.051577   0.099369,
	 -0.102154  -0.051935   0.095478,
	 -0.102976  -0.047540   0.098484,
	 -0.095712  -0.045890   0.095504,
	 -0.098524  -0.040064   0.095241,
	 -0.095086  -0.047455   0.079525,
	 -0.100479  -0.041154   0.078482,
	 -0.101499  -0.046063   0.078501,
	 -0.096121  -0.037259   0.078007,
	 -0.092121  -0.042113   0.076568,
	 -0.088385  -0.049965   0.062679,
	 -0.086812  -0.049433   0.061478,
	 -0.090643  -0.037721   0.064885,
	 -0.092517  -0.039773   0.065044,
	 -0.092351  -0.045885   0.063045,
	 -0.083613  -0.045753   0.060034,
	 -0.083249  -0.051590   0.044650,
	 -0.079281  -0.055664   0.044197,
	 -0.076814  -0.053670   0.044738,
	 -0.078341  -0.039919   0.048787,
	 -0.072748  -0.048605   0.045517,
	 -0.083919  -0.046858   0.047124,
	 -0.033493  -0.049189   0.147026,
	 -0.034323  -0.057303   0.150894,
	 -0.017012  -0.062219   0.153437,
	 -0.049881  -0.043749   0.141890,
	 -0.044078  -0.043443   0.139047,
	 -0.028747  -0.048730   0.143942,
	 -0.016809  -0.054806   0.149799,
	 -0.036960  -0.059521   0.150555,
	 -0.019821  -0.065975   0.153231,
	 -0.050560  -0.050508   0.145399,
	 -0.002920  -0.072585   0.150068,
	 -0.000601  -0.069506   0.149708,
	 -0.058046  -0.036623   0.131689,
	 -0.063819  -0.035885   0.132753,
	 -0.046139  -0.046482   0.137073,
	 -0.059046  -0.038261   0.129985,
	 -0.031397  -0.052802   0.141051,
	 -0.012816  -0.054123   0.145141,
	 -0.000100  -0.059566   0.145504,
	 -0.053276  -0.052206   0.145021,
	 -0.036668  -0.061582   0.150908,
	 -0.019623  -0.066951   0.152076,
	 -0.002752  -0.071349   0.149130,
	 -0.065182  -0.043136   0.136510,
	  0.012845  -0.073862   0.140306,
	  0.012944  -0.076955   0.141255,
	  0.014914  -0.073940   0.140831,
	 -0.070346  -0.030160   0.120015,
	 -0.069763  -0.027866   0.122123,
	 -0.075573  -0.027797   0.120746,
	 -0.052370  -0.055407   0.144653,
	 -0.066652  -0.047270   0.136459,
	 -0.079157  -0.038855   0.125675,
	 -0.015771  -0.056320   0.141856,
	  0.002729  -0.058030   0.139823,
	  0.015674  -0.063207   0.137341,
	 -0.066884  -0.043043   0.135182,
	 -0.000458  -0.061051   0.138412,
	  0.014326  -0.063661   0.132024,
	 -0.077251  -0.033414   0.125644,
	  0.027710  -0.068900   0.123281,
	  0.026775  -0.078223   0.129282,
	  0.027188  -0.080608   0.129467,
	  0.029385  -0.076716   0.129408,
	 -0.079328  -0.023917   0.106648,
	 -0.089101  -0.029611   0.112411,
	 -0.079270  -0.020982   0.108783,
	 -0.085688  -0.019507   0.107299,
	 -0.080678  -0.036208   0.124188,
	 -0.090288  -0.028091   0.109304,
	  0.018020  -0.060663   0.133017,
	  0.030102  -0.067985   0.127259,
	  0.031619  -0.064838   0.123417,
	 -0.088129  -0.025415   0.112205,
	  0.042395  -0.071369   0.111356,
	  0.039394  -0.073004   0.111824,
	  0.038660  -0.083939   0.116209,
	  0.039068  -0.087188   0.116003,
	  0.041632  -0.081983   0.116014,
	 -0.089696  -0.022415   0.094989,
	 -0.084137  -0.019500   0.090380,
	 -0.093531  -0.021203   0.091149,
	 -0.084050  -0.014589   0.092788,
	 -0.089059  -0.012534   0.090460,
	 -0.092293  -0.018105   0.094594,
	  0.042561  -0.073609   0.114758,
	  0.050261  -0.076786   0.096487,
	  0.050296  -0.077853   0.098068,
	  0.046808  -0.078335   0.097052,
	  0.047705  -0.089918   0.100922,
	  0.048698  -0.092843   0.100399,
	  0.050837  -0.088382   0.100642,
	 -0.086341  -0.019942   0.076924,
	 -0.091298  -0.012498   0.073766,
	 -0.081837  -0.016141   0.073505,
	 -0.090683  -0.012181   0.075943,
	 -0.083147  -0.009235   0.075494,
	 -0.087864  -0.008529   0.073971,
	  0.052288  -0.080745   0.078881,
	  0.055870  -0.082214   0.080266,
	  0.057557  -0.092472   0.083005,
	  0.049504  -0.082410   0.080229,
	  0.051392  -0.093078   0.082054,
	  0.054234  -0.096199   0.081925,
	 -0.079625  -0.022700   0.059439,
	 -0.085035  -0.020215   0.061781,
	 -0.083007  -0.014122   0.062490,
	 -0.075056  -0.018957   0.057720,
	 -0.080713  -0.011769   0.062934,
	 -0.076839  -0.011550   0.059332,
	 -0.077045  -0.026110   0.044891,
	 -0.070964  -0.029203   0.044128,
	 -0.074562  -0.020136   0.046218,
	 -0.073126  -0.018235   0.047121,
	 -0.063168  -0.023455   0.047266,
	 -0.068261  -0.017809   0.045544,
	 -0.031430  -0.026439   0.134721,
	 -0.033429  -0.032767   0.135051,
	 -0.021524  -0.040140   0.130870,
	 -0.042716  -0.017175   0.128827,
	 -0.037765  -0.014988   0.118610,
	 -0.026982  -0.022193   0.121947,
	 -0.020025  -0.036286   0.132090,
	 -0.012327  -0.030771   0.116311,
	 -0.044202  -0.022875   0.129897,
	 -0.022690  -0.023708   0.117258,
	 -0.009499  -0.045793   0.124440,
	 -0.001494  -0.035237   0.112283,
	 -0.048549  -0.007192   0.113205,
	 -0.054452  -0.009225   0.122175,
	 -0.043537  -0.011045   0.111162,
	 -0.033582  -0.017939   0.115247,
	 -0.015346  -0.029786   0.121492,
	 -0.008166  -0.042358   0.124677,
	 -0.003770  -0.035867   0.117017,
	 -0.054738  -0.014253   0.122660,
	  0.003165  -0.048877   0.117486,
	  0.008876  -0.038496   0.106293,
	  0.007763  -0.039395   0.110426,
	 -0.057131  -0.000129   0.104898,
	 -0.052607  -0.004405   0.105065,
	 -0.063616   0.000011   0.112980,
	 -0.064480  -0.005630   0.114222,
	  0.004428  -0.046466   0.117275,
	  0.014486  -0.052476   0.108553,
	  0.018270  -0.042126   0.098979,
	  0.018417  -0.042746   0.102290,
	  0.016407  -0.050864   0.109069,
	 -0.062942   0.006345   0.093235,
	 -0.059860   0.001439   0.095814,
	 -0.071021   0.001706   0.102073,
	 -0.070538   0.007243   0.100488,
	  0.023329  -0.056502   0.097257,
	  0.025348  -0.046589   0.089518,
	  0.026393  -0.047336   0.091805,
	  0.025752  -0.055481   0.097978,
	 -0.062794   0.006254   0.082857,
	 -0.067469   0.012867   0.080996,
	 -0.075896   0.006714   0.088665,
	 -0.074463   0.013886   0.086503,
	  0.030638  -0.061039   0.084928,
	  0.031524  -0.050589   0.079173,
	  0.033056  -0.052298   0.080335,
	  0.033464  -0.060489   0.085443,
	 -0.076410   0.006954   0.074171,
	 -0.063831   0.008025   0.072748,
	 -0.069970   0.013699   0.069279,
	 -0.077901   0.014123   0.072331,
	  0.034391  -0.064717   0.070453,
	  0.035240  -0.056228   0.068176,
	  0.035994  -0.057705   0.067425,
	  0.037821  -0.066493   0.071582,
	 -0.072606   0.003972   0.059927,
	 -0.071186   0.001750   0.061403,
	 -0.062735   0.006884   0.060612,
	 -0.067455   0.007002   0.060263,
	 -0.064405   0.004300   0.047981,
	 -0.068989  -0.002340   0.048262,
	 -0.057170   0.004980   0.049489,
	 -0.048851  -0.310358   0.096223,
	 -0.046105  -0.302943   0.101100,
	 -0.041282  -0.309460   0.104805,
	 -0.043507  -0.315386   0.101457,
	 -0.048742  -0.312050   0.099010,
	 -0.053979  -0.304759   0.091141,
	 -0.053786  -0.306579   0.093611,
	 -0.050464  -0.297031   0.095844,
	 -0.045685  -0.303887   0.103346,
	 -0.041749  -0.312024   0.106605,
	 -0.040273  -0.312284   0.105501,
	 -0.042979  -0.314180   0.104989,
	 -0.045038  -0.308683   0.103150,
	 -0.050238  -0.302891   0.097543,
	 -0.057186  -0.299024   0.084781,
	 -0.057301  -0.300614   0.087578,
	 -0.055528  -0.298068   0.091252,
	 -0.050855  -0.297339   0.097533,
	 -0.053227  -0.290785   0.089589,
	 -0.055494  -0.290511   0.091543,
	 -0.059665  -0.293166   0.078170,
	 -0.060590  -0.294904   0.081160,
	 -0.059255  -0.291829   0.085042,
	 -0.058198  -0.284996   0.083437,
	 -0.055138  -0.284731   0.082925,
	 -0.058831  -0.286956   0.071585,
	 -0.060556  -0.289083   0.074114,
	 -0.061137  -0.286414   0.077445,
	 -0.058838  -0.278371   0.075846,
	 -0.055056  -0.279848   0.075146,
	 -0.058552  -0.282111   0.063762,
	 -0.061330  -0.284060   0.066480,
	 -0.062375  -0.280660   0.069964,
	 -0.059141  -0.271475   0.068730,
	 -0.054502  -0.273961   0.068209,
	 -0.055321  -0.277927   0.056435,
	 -0.060751  -0.278860   0.059123,
	 -0.062306  -0.274771   0.062458,
	 -0.055473  -0.266114   0.060942,
	 -0.052936  -0.268847   0.060660,
	 -0.052734  -0.274900   0.048137,
	 -0.058711  -0.275138   0.051056,
	 -0.060107  -0.270653   0.054198,
	 -0.050447  -0.261001   0.053885,
	 -0.048379  -0.265883   0.053571,
	 -0.046904  -0.270689   0.043047,
	 -0.058768  -0.270919   0.043234,
	 -0.060306  -0.266346   0.045805,
	 -0.046362  -0.257975   0.046024,
	 -0.044655  -0.261635   0.046437,
	 -0.007868  -0.322720   0.142974,
	  0.005151  -0.330059   0.139762,
	  0.003063  -0.328144   0.142295,
	 -0.003495  -0.316018   0.146712,
	 -0.018694  -0.317017   0.142109,
	 -0.006548  -0.328306   0.139638,
	 -0.014703  -0.310236   0.147049,
	  0.003365  -0.330088   0.135889,
	  0.005302  -0.324769   0.144297,
	  0.007243  -0.324425   0.140050,
	 -0.001820  -0.316832   0.143255,
	 -0.012994  -0.310926   0.144657,
	 -0.017434  -0.322128   0.139535,
	 -0.029072  -0.310459   0.141676,
	 -0.025694  -0.304091   0.145753,
	 -0.007585  -0.327162   0.138607,
	 -0.023976  -0.304814   0.142791,
	 -0.017521  -0.321128   0.137926,
	 -0.027734  -0.315053   0.139593,
	 -0.039156  -0.303480   0.140416,
	 -0.036508  -0.297708   0.143918,
	 -0.034625  -0.297828   0.141652,
	 -0.027721  -0.315524   0.137197,
	 -0.037836  -0.307543   0.138692,
	 -0.048767  -0.296170   0.137320,
	 -0.046901  -0.291343   0.139945,
	 -0.045192  -0.291968   0.137186,
	 -0.036672  -0.308250   0.134577,
	 -0.047936  -0.302351   0.132994,
	 -0.058678  -0.290715   0.131706,
	 -0.056739  -0.285024   0.134102,
	 -0.055550  -0.286441   0.131425,
	 -0.046755  -0.303794   0.130017,
	 -0.058139  -0.295996   0.128961,
	 -0.068089  -0.284250   0.126084,
	 -0.066347  -0.278949   0.127466,
	 -0.064896  -0.279040   0.125806,
	 -0.055303  -0.297305   0.124454,
	 -0.067977  -0.290086   0.123029,
	 -0.075868  -0.277920   0.117613,
	 -0.075028  -0.271855   0.120403,
	 -0.073371  -0.271869   0.118123,
	 -0.062895  -0.289451   0.119514,
	 -0.075941  -0.283117   0.115048,
	 -0.082515  -0.271469   0.108117,
	 -0.083146  -0.266244   0.110914,
	 -0.080302  -0.264683   0.108539,
	 -0.070516  -0.283421   0.111814,
	 -0.080793  -0.275624   0.104346,
	 -0.086090  -0.263931   0.097134,
	 -0.085718  -0.259878   0.098275,
	 -0.083423  -0.257965   0.096032,
	 -0.076024  -0.276345   0.102757,
	 -0.082767  -0.269663   0.091370,
	 -0.086253  -0.258556   0.083776,
	 -0.087244  -0.253971   0.085328,
	 -0.084075  -0.251428   0.082892,
	 -0.079766  -0.270206   0.091517,
	 -0.083135  -0.262665   0.078938,
	 -0.087487  -0.250808   0.072601,
	 -0.086351  -0.246240   0.073159,
	 -0.082849  -0.244381   0.070210,
	 -0.079650  -0.263414   0.079997,
	 -0.081328  -0.256680   0.066157,
	 -0.083543  -0.245457   0.059967,
	 -0.082746  -0.238995   0.061421,
	 -0.077864  -0.237937   0.059879,
	 -0.079554  -0.256400   0.068621,
	 -0.078832  -0.248087   0.055317,
	 -0.075094  -0.233854   0.051129,
	 -0.076984  -0.238870   0.050296,
	 -0.069289  -0.232532   0.050336,
	 -0.075034  -0.249461   0.058538,
	 -0.069869  -0.243618   0.046449,
	 -0.066016  -0.231534   0.042730,
	 -0.069166  -0.238671   0.040349,
	 -0.068039  -0.244197   0.049537,
	 -0.059254  -0.235383   0.043683,
	 -0.063689  -0.242573   0.039120,
	 -0.058109  -0.241099   0.043503,
	  0.039419  -0.318733   0.151705,
	  0.036486  -0.317659   0.148973,
	  0.058294  -0.323979   0.141912,
	  0.059651  -0.325822   0.144700,
	  0.023595  -0.301382   0.160122,
	  0.021440  -0.310378   0.156284,
	  0.042971  -0.309826   0.156514,
	  0.017237  -0.308873   0.152386,
	  0.057690  -0.320596   0.143462,
	  0.036924  -0.313794   0.149305,
	  0.074326  -0.326194   0.140321,
	  0.074156  -0.323284   0.141442,
	  0.064998  -0.317919   0.151136,
	  0.075265  -0.327969   0.143833,
	  0.004736  -0.291384   0.161418,
	  0.002410  -0.288153   0.159348,
	  0.021814  -0.298102   0.157870,
	  0.002829  -0.301395   0.157531,
	  0.041705  -0.306840   0.155040,
	 -0.002511  -0.299973   0.153555,
	  0.018862  -0.305890   0.153071,
	  0.061095  -0.315181   0.147958,
	  0.078107  -0.319273   0.146394,
	  0.039916  -0.307682   0.154240,
	  0.080562  -0.318725   0.148634,
	  0.080717  -0.321835   0.149976,
	  0.063842  -0.315777   0.149686,
	 -0.014508  -0.282123   0.158941,
	 -0.016683  -0.277970   0.156459,
	  0.002704  -0.289269   0.159211,
	 -0.016330  -0.280345   0.156795,
	  0.020686  -0.299642   0.156564,
	 -0.015689  -0.292905   0.154114,
	 -0.021821  -0.291173   0.149327,
	  0.000767  -0.296851   0.154378,
	 -0.032525  -0.271898   0.154208,
	 -0.035668  -0.268278   0.151696,
	 -0.034789  -0.271703   0.151879,
	 -0.017426  -0.288252   0.151653,
	 -0.034941  -0.279488   0.146940,
	 -0.033609  -0.284235   0.149524,
	 -0.040380  -0.281586   0.144330,
	 -0.050695  -0.262674   0.148180,
	 -0.054440  -0.259794   0.145100,
	 -0.052215  -0.262842   0.145227,
	 -0.052042  -0.271162   0.140593,
	 -0.058371  -0.274009   0.136141,
	 -0.051350  -0.275994   0.143553,
	 -0.067590  -0.254250   0.139395,
	 -0.070727  -0.251370   0.134768,
	 -0.067699  -0.254069   0.135754,
	 -0.067189  -0.263127   0.131435,
	 -0.073630  -0.264994   0.125892,
	 -0.066923  -0.268039   0.134355,
	 -0.082076  -0.246476   0.127799,
	 -0.084398  -0.243106   0.122304,
	 -0.081204  -0.246371   0.123940,
	 -0.080288  -0.256108   0.120217,
	 -0.086451  -0.257415   0.113319,
	 -0.080447  -0.260196   0.123090,
	 -0.094306  -0.237659   0.115229,
	 -0.093503  -0.234497   0.110892,
	 -0.092084  -0.238581   0.110614,
	 -0.091206  -0.249074   0.107419,
	 -0.094810  -0.248834   0.098835,
	 -0.092208  -0.253855   0.109999,
	 -0.102465  -0.231176   0.099824,
	 -0.100241  -0.226242   0.093744,
	 -0.096803  -0.230968   0.095725,
	 -0.094690  -0.240814   0.092908,
	 -0.098554  -0.244038   0.096732,
	 -0.096840  -0.238184   0.084775,
	 -0.102294  -0.221392   0.085163,
	 -0.099151  -0.216675   0.079110,
	 -0.096247  -0.222983   0.080576,
	 -0.093796  -0.230758   0.079452,
	 -0.095877  -0.231644   0.076149,
	 -0.100169  -0.232737   0.083861,
	 -0.104002  -0.216879   0.070174,
	 -0.096427  -0.207280   0.063829,
	 -0.093317  -0.213170   0.066718,
	 -0.090544  -0.220513   0.066433,
	 -0.096265  -0.219145   0.056868,
	 -0.101269  -0.225717   0.071316,
	 -0.102150  -0.212324   0.053315,
	 -0.089474  -0.199493   0.049139,
	 -0.084793  -0.206607   0.052458,
	 -0.082897  -0.214000   0.052811,
	 -0.087374  -0.213810   0.048784,
	 -0.100216  -0.217424   0.054807,
	 -0.087166  -0.204840   0.043945,
	 -0.073322  -0.202961   0.039779,
	 -0.072658  -0.211636   0.038960,
	 -0.070693  -0.205936   0.040173,
	 -0.088843  -0.208101   0.044972,
	 -0.072420   0.027462  -0.019284,
	 -0.061134   0.022393  -0.014263,
	 -0.067328   0.027970  -0.012436,
	 -0.077044   0.031276  -0.025166,
	 -0.072945   0.026907  -0.024593,
	 -0.064703   0.030416  -0.011985,
	 -0.060516   0.022513  -0.020299,
	 -0.057101   0.024672  -0.018342,
	 -0.058718   0.024193  -0.012306,
	 -0.062625   0.020576  -0.008446,
	 -0.070325   0.023957  -0.004620,
	 -0.066613   0.027719  -0.002781,
	 -0.072870   0.033623  -0.032631,
	 -0.072257   0.027019  -0.034504,
	 -0.058655   0.020943  -0.026031,
	 -0.058716   0.021300  -0.007149,
	 -0.060220   0.018233  -0.001943,
	 -0.054719   0.022997  -0.023878,
	 -0.066468   0.016714  -0.004568,
	 -0.064841   0.024648  -0.040876,
	 -0.063378   0.030319  -0.037513,
	 -0.055260   0.018664  -0.031358,
	 -0.051921   0.021388  -0.029397,
	 -0.055824   0.021377  -0.046019,
	 -0.051169   0.015673  -0.036171,
	 -0.056039   0.025543  -0.043808,
	 -0.049086   0.017514  -0.033772,
	 -0.047001   0.016697  -0.050430,
	 -0.045634   0.012808  -0.039097,
	 -0.042819   0.015404  -0.036525,
	 -0.047391   0.021001  -0.049186,
	 -0.038264   0.011165  -0.053704,
	 -0.038214   0.010448  -0.038750,
	 -0.036338   0.011883  -0.037824,
	 -0.037640   0.016260  -0.052900,
	 -0.032570   0.006868  -0.036753,
	 -0.028352   0.006556  -0.056135,
	 -0.031237   0.007408  -0.037114,
	 -0.027908   0.010830  -0.055607,
	 -0.027454   0.002556  -0.034226,
	 -0.030848   0.001163  -0.034344,
	 -0.018514   0.001409  -0.055384,
	 -0.018513   0.004531  -0.055958,
	 -0.022725  -0.001090  -0.030905,
	 -0.010133  -0.002077  -0.052969,
	 -0.026431  -0.002837  -0.031307,
	 -0.010691  -0.004914  -0.052229,
	 -0.017622  -0.004756  -0.027982,
	 -0.003566  -0.008010  -0.047317,
	 -0.005077  -0.011389  -0.046991,
	 -0.020733  -0.006340  -0.028873,
	 -0.012465  -0.008126  -0.024798,
	  0.000167  -0.013084  -0.039550,
	 -0.000582  -0.017042  -0.040378,
	 -0.016387  -0.010120  -0.025720,
	 -0.007928  -0.011344  -0.020984,
	  0.004543  -0.018275  -0.032101,
	  0.002616  -0.023033  -0.033579,
	 -0.013271  -0.013956  -0.021490,
	 -0.004302  -0.014662  -0.016587,
	  0.009341  -0.023779  -0.025043,
	  0.006008  -0.027971  -0.026159,
	 -0.009881  -0.017571  -0.017328,
	 -0.044655  -0.261635  -0.002437,
	 -0.046362  -0.257975  -0.002024,
	 -0.058768  -0.270919   0.000766,
	 -0.046904  -0.270689   0.000953,
	 -0.048379  -0.265883  -0.009571,
	 -0.050447  -0.261001  -0.009885,
	 -0.060306  -0.266346  -0.001805,
	 -0.060107  -0.270653  -0.010198,
	 -0.058711  -0.275138  -0.007056,
	 -0.052734  -0.274900  -0.004137,
	 -0.052936  -0.268847  -0.016660,
	 -0.055473  -0.266114  -0.016942,
	 -0.062306  -0.274771  -0.018458,
	 -0.060751  -0.278860  -0.015123,
	 -0.055321  -0.277927  -0.012435,
	 -0.054502  -0.273961  -0.024209,
	 -0.059141  -0.271475  -0.024730,
	 -0.062375  -0.280660  -0.025964,
	 -0.061330  -0.284060  -0.022480,
	 -0.058552  -0.282111  -0.019762,
	 -0.055056  -0.279848  -0.031146,
	 -0.058838  -0.278371  -0.031846,
	 -0.061137  -0.286414  -0.033445,
	 -0.060556  -0.289083  -0.030114,
	 -0.058831  -0.286956  -0.027585,
	 -0.055138  -0.284731  -0.038925,
	 -0.058198  -0.284996  -0.039437,
	 -0.059255  -0.291829  -0.041042,
	 -0.060590  -0.294904  -0.037160,
	 -0.059665  -0.293166  -0.034170,
	 -0.055494  -0.290511  -0.047543,
	 -0.053227  -0.290785  -0.045589,
	 -0.055528  -0.298068  -0.047252,
	 -0.057301  -0.300614  -0.043578,
	 -0.057186  -0.299024  -0.040781,
	 -0.050238  -0.302891  -0.053543,
	 -0.050855  -0.297339  -0.053533,
	 -0.050464  -0.297031  -0.051844,
	 -0.053786  -0.306579  -0.049611,
	 -0.053979  -0.304759  -0.047141,
	 -0.045038  -0.308683  -0.059150,
	 -0.048742  -0.312050  -0.055010,
	 -0.045685  -0.303887  -0.059346,
	 -0.046105  -0.302943  -0.057100,
	 -0.048851  -0.310358  -0.052223,
	 -0.042979  -0.314180  -0.060989,
	 -0.041749  -0.312024  -0.062605,
	 -0.043507  -0.315386  -0.057457,
	 -0.041282  -0.309460  -0.060805,
	 -0.040273  -0.312284  -0.061501,
	 -0.063689  -0.242573   0.004880,
	 -0.058109  -0.241099   0.000497,
	 -0.059254  -0.235383   0.000317,
	 -0.068039  -0.244197  -0.005537,
	 -0.069166  -0.238671   0.003651,
	 -0.069869  -0.243618  -0.002449,
	 -0.066016  -0.231534   0.001270,
	 -0.069289  -0.232532  -0.006336,
	 -0.075034  -0.249461  -0.014538,
	 -0.076984  -0.238870  -0.006296,
	 -0.078832  -0.248087  -0.011317,
	 -0.075094  -0.233854  -0.007129,
	 -0.077864  -0.237937  -0.015879,
	 -0.082746  -0.238995  -0.017421,
	 -0.079554  -0.256400  -0.024621,
	 -0.083543  -0.245457  -0.015967,
	 -0.081328  -0.256680  -0.022157,
	 -0.082849  -0.244381  -0.026210,
	 -0.086351  -0.246240  -0.029159,
	 -0.087487  -0.250808  -0.028601,
	 -0.079650  -0.263414  -0.035997,
	 -0.083135  -0.262665  -0.034938,
	 -0.084075  -0.251428  -0.038892,
	 -0.087244  -0.253971  -0.041328,
	 -0.086253  -0.258556  -0.039776,
	 -0.079766  -0.270206  -0.047517,
	 -0.082767  -0.269663  -0.047370,
	 -0.083423  -0.257965  -0.052032,
	 -0.085718  -0.259878  -0.054275,
	 -0.086090  -0.263931  -0.053134,
	 -0.076024  -0.276345  -0.058757,
	 -0.080793  -0.275624  -0.060346,
	 -0.080302  -0.264683  -0.064539,
	 -0.083146  -0.266244  -0.066914,
	 -0.082515  -0.271469  -0.064117,
	 -0.070516  -0.283421  -0.067814,
	 -0.075941  -0.283117  -0.071048,
	 -0.073371  -0.271869  -0.074123,
	 -0.075028  -0.271855  -0.076403,
	 -0.075868  -0.277920  -0.073613,
	 -0.062895  -0.289451  -0.075514,
	 -0.067977  -0.290086  -0.079029,
	 -0.064896  -0.279040  -0.081806,
	 -0.066347  -0.278949  -0.083466,
	 -0.068089  -0.284250  -0.082084,
	 -0.055303  -0.297305  -0.080454,
	 -0.058139  -0.295996  -0.084961,
	 -0.055550  -0.286441  -0.087425,
	 -0.056739  -0.285024  -0.090102,
	 -0.058678  -0.290715  -0.087706,
	 -0.046755  -0.303794  -0.086017,
	 -0.047936  -0.302351  -0.088994,
	 -0.045192  -0.291968  -0.093186,
	 -0.046901  -0.291343  -0.095945,
	 -0.048767  -0.296170  -0.093320,
	 -0.036672  -0.308250  -0.090577,
	 -0.037836  -0.307543  -0.094692,
	 -0.034625  -0.297828  -0.097652,
	 -0.036508  -0.297708  -0.099918,
	 -0.039156  -0.303480  -0.096416,
	 -0.027721  -0.315524  -0.093197,
	 -0.027734  -0.315053  -0.095593,
	 -0.023976  -0.304814  -0.098791,
	 -0.025694  -0.304091  -0.101753,
	 -0.029072  -0.310459  -0.097676,
	 -0.017521  -0.321128  -0.093926,
	 -0.017434  -0.322128  -0.095535,
	 -0.012994  -0.310926  -0.100657,
	 -0.014703  -0.310236  -0.103049,
	 -0.018694  -0.317017  -0.098109,
	 -0.007585  -0.327162  -0.094607,
	 -0.006548  -0.328306  -0.095638,
	 -0.001820  -0.316832  -0.099255,
	 -0.003495  -0.316018  -0.102712,
	 -0.007868  -0.322720  -0.098974,
	  0.003365  -0.330088  -0.091889,
	  0.005151  -0.330059  -0.095762,
	  0.007243  -0.324425  -0.096050,
	  0.005302  -0.324769  -0.100297,
	  0.003063  -0.328144  -0.098295,
	 -0.070693  -0.205936   0.003827,
	 -0.088843  -0.208101  -0.000972,
	 -0.072658  -0.211636   0.005040,
	 -0.073322  -0.202961   0.004221,
	 -0.084793  -0.206607  -0.008458,
	 -0.087166  -0.204840   0.000055,
	 -0.100216  -0.217424  -0.010807,
	 -0.087374  -0.213810  -0.004784,
	 -0.082897  -0.214000  -0.008811,
	 -0.089474  -0.199493  -0.005139,
	 -0.093317  -0.213170  -0.022718,
	 -0.096427  -0.207280  -0.019829,
	 -0.102150  -0.212324  -0.009315,
	 -0.101269  -0.225717  -0.027316,
	 -0.096265  -0.219145  -0.012868,
	 -0.090544  -0.220513  -0.022433,
	 -0.104002  -0.216879  -0.026174,
	 -0.096247  -0.222983  -0.036576,
	 -0.099151  -0.216675  -0.035110,
	 -0.102294  -0.221392  -0.041163,
	 -0.100169  -0.232737  -0.039861,
	 -0.095877  -0.231644  -0.032149,
	 -0.093796  -0.230758  -0.035452,
	 -0.096803  -0.230968  -0.051725,
	 -0.100241  -0.226242  -0.049744,
	 -0.102465  -0.231176  -0.055824,
	 -0.098554  -0.244038  -0.052732,
	 -0.096840  -0.238184  -0.040775,
	 -0.094690  -0.240814  -0.048908,
	 -0.092084  -0.238581  -0.066614,
	 -0.093503  -0.234497  -0.066892,
	 -0.094306  -0.237659  -0.071229,
	 -0.092208  -0.253855  -0.065999,
	 -0.094810  -0.248834  -0.054835,
	 -0.091206  -0.249074  -0.063419,
	 -0.081204  -0.246371  -0.079940,
	 -0.084398  -0.243106  -0.078304,
	 -0.082076  -0.246476  -0.083799,
	 -0.080447  -0.260196  -0.079090,
	 -0.086451  -0.257415  -0.069319,
	 -0.080288  -0.256108  -0.076217,
	 -0.067699  -0.254069  -0.091754,
	 -0.070727  -0.251370  -0.090768,
	 -0.067590  -0.254250  -0.095395,
	 -0.066923  -0.268039  -0.090355,
	 -0.073630  -0.264994  -0.081892,
	 -0.067189  -0.263127  -0.087435,
	 -0.052215  -0.262842  -0.101227,
	 -0.054440  -0.259794  -0.101100,
	 -0.050695  -0.262674  -0.104180,
	 -0.051350  -0.275994  -0.099553,
	 -0.058371  -0.274009  -0.092141,
	 -0.052042  -0.271162  -0.096593,
	 -0.034789  -0.271703  -0.107879,
	 -0.035668  -0.268278  -0.107696,
	 -0.032525  -0.271898  -0.110208,
	 -0.033609  -0.284235  -0.105524,
	 -0.040380  -0.281586  -0.100330,
	 -0.034941  -0.279488  -0.102940,
	 -0.016330  -0.280345  -0.112795,
	 -0.016683  -0.277970  -0.112459,
	 -0.014508  -0.282123  -0.114941,
	 -0.015689  -0.292905  -0.110114,
	 -0.021821  -0.291173  -0.105327,
	 -0.017426  -0.288252  -0.107653,
	  0.002704  -0.289269  -0.115211,
	  0.002410  -0.288153  -0.115348,
	  0.004736  -0.291384  -0.117418,
	  0.002829  -0.301395  -0.113531,
	 -0.002511  -0.299973  -0.109555,
	  0.000767  -0.296851  -0.110378,
	  0.020686  -0.299642  -0.112564,
	  0.021814  -0.298102  -0.113870,
	  0.023595  -0.301382  -0.116122,
	  0.021440  -0.310378  -0.112284,
	  0.017237  -0.308873  -0.108386,
	  0.018862  -0.305890  -0.109071,
	  0.039916  -0.307682  -0.110240,
	  0.041705  -0.306840  -0.111040,
	  0.042971  -0.309826  -0.112514,
	  0.039419  -0.318733  -0.107705,
	  0.036486  -0.317659  -0.104973,
	  0.036924  -0.313794  -0.105305,
	  0.061095  -0.315181  -0.103958,
	  0.063842  -0.315777  -0.105686,
	  0.064998  -0.317919  -0.107136,
	  0.059651  -0.325822  -0.100700,
	  0.058294  -0.323979  -0.097912,
	  0.057690  -0.320596  -0.099462,
	  0.078107  -0.319273  -0.102394,
	  0.080562  -0.318725  -0.104634,
	  0.080717  -0.321835  -0.105976,
	  0.075265  -0.327969  -0.099833,
	  0.074326  -0.326194  -0.096321,
	  0.074156  -0.323284  -0.097442,
	 -0.075309  -0.176571   0.003730,
	 -0.073220  -0.180732   0.003706,
	 -0.078008  -0.178073   0.000614,
	 -0.077111  -0.184466   0.005494,
	 -0.090760  -0.177549   0.000332,
	 -0.092372  -0.171238  -0.003007,
	 -0.088216  -0.180930  -0.010019,
	 -0.086286  -0.185121  -0.010105,
	 -0.089450  -0.186550  -0.011049,
	 -0.092099  -0.186243  -0.007100,
	 -0.101242  -0.184391  -0.013235,
	 -0.097412  -0.177498  -0.021381,
	 -0.095303  -0.187767  -0.026503,
	 -0.093523  -0.191682  -0.026450,
	 -0.094835  -0.193927  -0.026702,
	 -0.099547  -0.191792  -0.021776,
	 -0.104165  -0.189301  -0.031584,
	 -0.101697  -0.188034  -0.038251,
	 -0.104749  -0.197649  -0.049193,
	 -0.097362  -0.196070  -0.043721,
	 -0.095959  -0.202389  -0.042234,
	 -0.096683  -0.205939  -0.041334,
	 -0.100207  -0.200903  -0.038453,
	 -0.100730  -0.198480  -0.055774,
	 -0.102026  -0.205888  -0.066670,
	 -0.100826  -0.213146  -0.053489,
	 -0.098404  -0.204644  -0.060818,
	 -0.095211  -0.213574  -0.058068,
	 -0.096326  -0.218564  -0.055780,
	 -0.095358  -0.209040  -0.071484,
	 -0.089728  -0.213127  -0.081535,
	 -0.094065  -0.223266  -0.068898,
	 -0.087554  -0.226741  -0.071726,
	 -0.088927  -0.212142  -0.076532,
	 -0.087233  -0.221046  -0.074396,
	 -0.074890  -0.216873  -0.095774,
	 -0.081710  -0.215035  -0.085667,
	 -0.082429  -0.229080  -0.084499,
	 -0.075382  -0.231463  -0.087288,
	 -0.074252  -0.227147  -0.089060,
	 -0.076112  -0.220044  -0.090074,
	 -0.057928  -0.220421  -0.108131,
	 -0.066759  -0.234484  -0.097326,
	 -0.065602  -0.218635  -0.099822,
	 -0.059616  -0.237863  -0.099643,
	 -0.057705  -0.232215  -0.101002,
	 -0.060171  -0.225527  -0.102470,
	 -0.039388  -0.228027  -0.116218,
	 -0.049725  -0.240817  -0.108183,
	 -0.042162  -0.244363  -0.109869,
	 -0.046658  -0.224821  -0.110511,
	 -0.039575  -0.238647  -0.110121,
	 -0.041938  -0.231393  -0.111741,
	 -0.020431  -0.236471  -0.122621,
	 -0.031140  -0.247800  -0.116066,
	 -0.023205  -0.252375  -0.116105,
	 -0.020666  -0.246407  -0.116641,
	 -0.026976  -0.233578  -0.117891,
	 -0.023365  -0.240288  -0.117696,
	 -0.012371  -0.256468  -0.122027,
	 -0.000891  -0.244955  -0.127187,
	 -0.003850  -0.259810  -0.121996,
	 -0.002187  -0.255920  -0.121809,
	 -0.003954  -0.247478  -0.123562,
	 -0.006789  -0.242447  -0.123975,
	  0.007426  -0.263816  -0.123640,
	  0.015938  -0.267930  -0.121039,
	  0.018355  -0.254781  -0.126612,
	  0.018392  -0.262003  -0.122141,
	  0.015782  -0.255157  -0.124478,
	  0.014066  -0.251429  -0.123924,
	  0.035617  -0.276269  -0.118185,
	  0.027411  -0.271906  -0.121396,
	  0.037094  -0.271927  -0.118665,
	  0.037059  -0.265668  -0.124216,
	  0.035584  -0.263264  -0.122151,
	  0.034724  -0.260996  -0.122917,
	  0.054415  -0.285503  -0.112081,
	  0.054651  -0.283209  -0.112406,
	  0.046719  -0.281088  -0.117639,
	  0.054114  -0.273473  -0.117181,
	  0.056308  -0.275142  -0.119109,
	  0.054703  -0.271560  -0.118166,
	  0.072306  -0.292553  -0.106606,
	  0.072009  -0.295272  -0.106545,
	  0.071904  -0.283985  -0.113281,
	  0.064601  -0.291382  -0.113414,
	  0.073978  -0.282478  -0.114413,
	  0.074301  -0.285543  -0.114591,
	  0.089687  -0.299666  -0.098518,
	  0.092119  -0.292271  -0.104487,
	  0.089698  -0.302114  -0.098697,
	  0.081875  -0.300947  -0.107320,
	  0.093205  -0.291098  -0.107716,
	  0.091983  -0.294658  -0.107961,
	 -0.081439  -0.148319  -0.001945,
	 -0.093119  -0.150406  -0.005727,
	 -0.081779  -0.158027  -0.003735,
	 -0.081927  -0.146952  -0.005576,
	 -0.098514  -0.144705  -0.012890,
	 -0.096405  -0.156001  -0.016123,
	 -0.103535  -0.156470  -0.022403,
	 -0.094727  -0.158356  -0.021902,
	 -0.090436  -0.157616  -0.020217,
	 -0.094560  -0.150660  -0.021531,
	 -0.106304  -0.160883  -0.044103,
	 -0.101186  -0.150035  -0.034733,
	 -0.102191  -0.162794  -0.033025,
	 -0.103064  -0.171414  -0.052749,
	 -0.100617  -0.165373  -0.040347,
	 -0.096066  -0.161645  -0.040424,
	 -0.099900  -0.154527  -0.041918,
	 -0.103119  -0.179837  -0.072412,
	 -0.106131  -0.168237  -0.065005,
	 -0.104520  -0.158449  -0.055659,
	 -0.100946  -0.175541  -0.059986,
	 -0.097725  -0.169762  -0.060320,
	 -0.100200  -0.160902  -0.062361,
	 -0.095557  -0.183823  -0.091409,
	 -0.097535  -0.185480  -0.079550,
	 -0.100308  -0.175031  -0.084406,
	 -0.102141  -0.165865  -0.077142,
	 -0.092718  -0.175587  -0.080371,
	 -0.096210  -0.167780  -0.082157,
	 -0.086385  -0.189367  -0.096862,
	 -0.080247  -0.188739  -0.105175,
	 -0.082037  -0.183717  -0.096294,
	 -0.085419  -0.173768  -0.099509,
	 -0.089569  -0.171314  -0.093889,
	 -0.082647  -0.175052  -0.096656,
	 -0.065970  -0.188134  -0.109113,
	 -0.071069  -0.193802  -0.112163,
	 -0.063238  -0.191077  -0.117187,
	 -0.066470  -0.178230  -0.109634,
	 -0.068359  -0.178145  -0.112410,
	 -0.072782  -0.175113  -0.108310,
	 -0.048639  -0.182169  -0.119687,
	 -0.048652  -0.194564  -0.118942,
	 -0.052305  -0.196769  -0.122771,
	 -0.045102  -0.198245  -0.124695,
	 -0.054094  -0.179598  -0.119574,
	 -0.049256  -0.182609  -0.121752,
	 -0.030165  -0.188644  -0.126664,
	 -0.033434  -0.185482  -0.125280,
	 -0.029083  -0.198825  -0.124605,
	 -0.032984  -0.205004  -0.128989,
	 -0.026410  -0.206185  -0.129891,
	 -0.029822  -0.189771  -0.127880,
	 -0.013646  -0.194831  -0.129384,
	 -0.011433  -0.197262  -0.129875,
	 -0.009649  -0.197345  -0.130420,
	 -0.010772  -0.207786  -0.127730,
	 -0.012678  -0.212897  -0.131066,
	 -0.007255  -0.214493  -0.131359,
	  0.006915  -0.203203  -0.131305,
	  0.010306  -0.205706  -0.132579,
	  0.007934  -0.204595  -0.132230,
	  0.011781  -0.222994  -0.133670,
	  0.008668  -0.214900  -0.129810,
	  0.009405  -0.221309  -0.130528,
	  0.030128  -0.214807  -0.133033,
	  0.026877  -0.212969  -0.132305,
	  0.031540  -0.229736  -0.133095,
	  0.026492  -0.214238  -0.131724,
	  0.029696  -0.229324  -0.131020,
	  0.027569  -0.223975  -0.130299,
	  0.049481  -0.224482  -0.130105,
	  0.050825  -0.237501  -0.130192,
	  0.047050  -0.222180  -0.129477,
	  0.047405  -0.237451  -0.129775,
	  0.045579  -0.222417  -0.129565,
	  0.046975  -0.231033  -0.127095,
	  0.068727  -0.233415  -0.124977,
	  0.068653  -0.246400  -0.123658,
	  0.065800  -0.247589  -0.123225,
	  0.066652  -0.231746  -0.124536,
	  0.064474  -0.240637  -0.120612,
	  0.063608  -0.231504  -0.124583,
	  0.085711  -0.243650  -0.115518,
	  0.083109  -0.256804  -0.112372,
	  0.081325  -0.258684  -0.111774,
	  0.080016  -0.250877  -0.110555,
	  0.084500  -0.241273  -0.114914,
	  0.099151  -0.265246  -0.101859,
	  0.101937  -0.253363  -0.104234,
	  0.096901  -0.266594  -0.098385,
	  0.094051  -0.258607  -0.096573,
	  0.094308  -0.248631  -0.103639,
	  0.100377  -0.249692  -0.101422,
	 -0.079676  -0.131679  -0.002128,
	 -0.074627  -0.121502  -0.000404,
	 -0.083698  -0.124956   0.001078,
	 -0.073898  -0.126474  -0.001684,
	 -0.096780  -0.121654  -0.014819,
	 -0.094922  -0.126297  -0.016225,
	 -0.088480  -0.125612  -0.015578,
	 -0.086245  -0.118600   0.002218,
	 -0.080301  -0.117123  -0.000162,
	 -0.089780  -0.119217  -0.014929,
	 -0.096505  -0.116524  -0.016142,
	 -0.102709  -0.119879  -0.038423,
	 -0.102752  -0.128026  -0.034074,
	 -0.100789  -0.128832  -0.032117,
	 -0.095478  -0.127967  -0.035492,
	 -0.092780  -0.113791  -0.018886,
	 -0.095939  -0.120613  -0.035663,
	 -0.097713  -0.117097  -0.041160,
	 -0.104202  -0.128475  -0.059729,
	 -0.098574  -0.125257  -0.061613,
	 -0.104977  -0.135794  -0.055250,
	 -0.101795  -0.137984  -0.054453,
	 -0.097677  -0.135508  -0.057319,
	 -0.098559  -0.125693  -0.058453,
	 -0.101336  -0.139554  -0.079063,
	 -0.095795  -0.133894  -0.082029,
	 -0.095400  -0.134156  -0.078224,
	 -0.103050  -0.148497  -0.075230,
	 -0.100331  -0.150375  -0.073467,
	 -0.094970  -0.142352  -0.077605,
	 -0.087968  -0.142017  -0.096710,
	 -0.086082  -0.138715  -0.096838,
	 -0.084321  -0.139357  -0.095529,
	 -0.083241  -0.149753  -0.093968,
	 -0.090732  -0.155536  -0.092840,
	 -0.090658  -0.156117  -0.093073,
	 -0.068469  -0.144752  -0.109894,
	 -0.071881  -0.147235  -0.110968,
	 -0.067562  -0.145831  -0.107792,
	 -0.067989  -0.154807  -0.107928,
	 -0.074412  -0.160124  -0.107792,
	 -0.075083  -0.160067  -0.108412,
	 -0.049636  -0.151860  -0.120480,
	 -0.050363  -0.152620  -0.117918,
	 -0.053887  -0.152546  -0.122364,
	 -0.050141  -0.163116  -0.116347,
	 -0.054895  -0.165680  -0.116945,
	 -0.055482  -0.164807  -0.118099,
	 -0.030324  -0.159853  -0.126207,
	 -0.031618  -0.160750  -0.124249,
	 -0.031937  -0.171574  -0.123162,
	 -0.033489  -0.160723  -0.128361,
	 -0.033978  -0.173467  -0.123937,
	 -0.035498  -0.172243  -0.125064,
	 -0.012001  -0.166626  -0.129533,
	 -0.011827  -0.168156  -0.127801,
	 -0.012971  -0.177655  -0.128384,
	 -0.015055  -0.180649  -0.129414,
	 -0.013163  -0.167980  -0.132150,
	 -0.014676  -0.179461  -0.131025,
	  0.008599  -0.175440  -0.132249,
	  0.007699  -0.177197  -0.128936,
	  0.006087  -0.187034  -0.129914,
	  0.005332  -0.189463  -0.131210,
	  0.006432  -0.188504  -0.132207,
	  0.006272  -0.178270  -0.133831,
	  0.026859  -0.184436  -0.128752,
	  0.028693  -0.183012  -0.129994,
	  0.025278  -0.195221  -0.127598,
	  0.024220  -0.197233  -0.129734,
	  0.024254  -0.195645  -0.131370,
	  0.028003  -0.185010  -0.130816,
	  0.045781  -0.193457  -0.123994,
	  0.044490  -0.203078  -0.123420,
	  0.048223  -0.190870  -0.125172,
	  0.044994  -0.205986  -0.125807,
	  0.046113  -0.204900  -0.126654,
	  0.047214  -0.192458  -0.125994,
	  0.063011  -0.209114  -0.115118,
	  0.065535  -0.201195  -0.115366,
	  0.063444  -0.214478  -0.116502,
	  0.066824  -0.198520  -0.117118,
	  0.064690  -0.213950  -0.117562,
	  0.066230  -0.201528  -0.118608,
	  0.077490  -0.217752  -0.101857,
	  0.078869  -0.223171  -0.103381,
	  0.080398  -0.207568  -0.103534,
	  0.081151  -0.221707  -0.104173,
	  0.083090  -0.205797  -0.104958,
	  0.083597  -0.208324  -0.106274,
	  0.092975  -0.230540  -0.087649,
	  0.091235  -0.223902  -0.086596,
	  0.096077  -0.231057  -0.089767,
	  0.093772  -0.215232  -0.087906,
	  0.098241  -0.218415  -0.092044,
	  0.096200  -0.213532  -0.089186,
	 -0.084961  -0.088768  -0.008963,
	 -0.083392  -0.103864  -0.000938,
	 -0.075979  -0.099319  -0.004265,
	 -0.094877  -0.095887  -0.023487,
	 -0.093283  -0.092211  -0.027641,
	 -0.079376  -0.108237  -0.003097,
	 -0.076743  -0.103771  -0.002419,
	 -0.092369  -0.104190  -0.022755,
	 -0.090293  -0.106203  -0.021749,
	 -0.090553  -0.102247  -0.026146,
	 -0.101458  -0.101823  -0.041637,
	 -0.101477  -0.107560  -0.036268,
	 -0.096308  -0.099064  -0.047140,
	 -0.096230  -0.099102  -0.038015,
	 -0.099104  -0.108347  -0.040565,
	 -0.096049  -0.107981  -0.039160,
	 -0.103392  -0.116825  -0.057821,
	 -0.102329  -0.107397  -0.063387,
	 -0.101675  -0.119819  -0.059817,
	 -0.096820  -0.107348  -0.066801,
	 -0.097982  -0.109208  -0.057100,
	 -0.099203  -0.115307  -0.059679,
	 -0.098356  -0.127260  -0.079943,
	 -0.100923  -0.123664  -0.079220,
	 -0.098036  -0.115526  -0.082755,
	 -0.095113  -0.121088  -0.079454,
	 -0.090141  -0.111700  -0.085880,
	 -0.092628  -0.113977  -0.077058,
	 -0.085057  -0.129835  -0.097159,
	 -0.081650  -0.123592  -0.094603,
	 -0.087799  -0.127700  -0.096607,
	 -0.083871  -0.116023  -0.098051,
	 -0.081083  -0.115477  -0.093994,
	 -0.077899  -0.116196  -0.100907,
	 -0.065917  -0.130013  -0.106329,
	 -0.069299  -0.135709  -0.110405,
	 -0.065589  -0.121174  -0.105782,
	 -0.071637  -0.132200  -0.110658,
	 -0.068009  -0.121786  -0.110129,
	 -0.062125  -0.121339  -0.111657,
	 -0.048943  -0.135121  -0.116298,
	 -0.048961  -0.126072  -0.115819,
	 -0.051810  -0.141870  -0.120539,
	 -0.046007  -0.127660  -0.121158,
	 -0.054035  -0.138853  -0.121142,
	 -0.050775  -0.127031  -0.120009,
	 -0.031461  -0.132583  -0.122595,
	 -0.030445  -0.137912  -0.122718,
	 -0.028214  -0.132865  -0.126498,
	 -0.033022  -0.147242  -0.127609,
	 -0.032924  -0.133269  -0.127752,
	 -0.035150  -0.143895  -0.129249,
	 -0.013859  -0.140775  -0.126965,
	 -0.010655  -0.140408  -0.129908,
	 -0.012080  -0.144915  -0.126579,
	 -0.014330  -0.140608  -0.131701,
	 -0.014090  -0.154604  -0.132352,
	 -0.016228  -0.153021  -0.132973,
	  0.006929  -0.148608  -0.129515,
	  0.003843  -0.149739  -0.127989,
	  0.004224  -0.149152  -0.132507,
	  0.006283  -0.152771  -0.127347,
	  0.003117  -0.161115  -0.134444,
	  0.004879  -0.162660  -0.132730,
	  0.024495  -0.155968  -0.126653,
	  0.022589  -0.157295  -0.129160,
	  0.021943  -0.156535  -0.125307,
	  0.022397  -0.168858  -0.130546,
	  0.024498  -0.160498  -0.124049,
	  0.023307  -0.171524  -0.128371,
	  0.041710  -0.161757  -0.119960,
	  0.040780  -0.163771  -0.122750,
	  0.041336  -0.175718  -0.123973,
	  0.039361  -0.162730  -0.118552,
	  0.041499  -0.179513  -0.121971,
	  0.042051  -0.167030  -0.116560,
	  0.058546  -0.164651  -0.110843,
	  0.058290  -0.166460  -0.112632,
	  0.059747  -0.179159  -0.114246,
	  0.059253  -0.183594  -0.111808,
	  0.056825  -0.166365  -0.110025,
	  0.059324  -0.172610  -0.107542,
	  0.074711  -0.168751  -0.100779,
	  0.075446  -0.171887  -0.102712,
	  0.075756  -0.185722  -0.101113,
	  0.073123  -0.190428  -0.096837,
	  0.071878  -0.183501  -0.096447,
	  0.073575  -0.166813  -0.100306,
	  0.085887  -0.171997  -0.084007,
	  0.087690  -0.175511  -0.085536,
	  0.089498  -0.187806  -0.083794,
	  0.083672  -0.192599  -0.077888,
	  0.084092  -0.186904  -0.079283,
	  0.084174  -0.172713  -0.082968,
	  0.072811  -0.151831  -0.070355,
	  0.075581  -0.155989  -0.070519,
	  0.078486  -0.151652  -0.072258,
	  0.072044  -0.140149  -0.068033,
	  0.064342  -0.149197  -0.087030,
	  0.063356  -0.144769  -0.086366,
	  0.066606  -0.145255  -0.088299,
	  0.077529  -0.141456  -0.070825,
	  0.075711  -0.139005  -0.069021,
	  0.065567  -0.135733  -0.086736,
	  0.061884  -0.133631  -0.083441,
	  0.054050  -0.139120  -0.103867,
	  0.051950  -0.142216  -0.102270,
	  0.050969  -0.138501  -0.100282,
	  0.053748  -0.129722  -0.102731,
	  0.064542  -0.132454  -0.084620,
	  0.053315  -0.126306  -0.100173,
	  0.050299  -0.129249  -0.098384,
	  0.038172  -0.124925  -0.114521,
	  0.037760  -0.133694  -0.114841,
	  0.036439  -0.135511  -0.113789,
	  0.036135  -0.133093  -0.111211,
	  0.038485  -0.120092  -0.111519,
	  0.036364  -0.122485  -0.109627,
	  0.020989  -0.120161  -0.123545,
	  0.021559  -0.115100  -0.119552,
	  0.020169  -0.128989  -0.123700,
	  0.018721  -0.130865  -0.122184,
	  0.019763  -0.127093  -0.118869,
	  0.020218  -0.117368  -0.117432,
	  0.003889  -0.111128  -0.124872,
	  0.002104  -0.116145  -0.127362,
	  0.002989  -0.111801  -0.121311,
	  0.001364  -0.123174  -0.126784,
	 -0.000237  -0.125684  -0.125586,
	  0.002221  -0.121645  -0.122959,
	 -0.014865  -0.107452  -0.121909,
	 -0.014634  -0.106791  -0.124621,
	 -0.016526  -0.110051  -0.127214,
	 -0.016024  -0.117494  -0.123191,
	 -0.018165  -0.120044  -0.126239,
	 -0.019361  -0.120430  -0.124302,
	 -0.032380  -0.102843  -0.118553,
	 -0.033694  -0.112706  -0.119141,
	 -0.033068  -0.102258  -0.122562,
	 -0.034972  -0.104503  -0.123169,
	 -0.038113  -0.115615  -0.119636,
	 -0.036204  -0.112119  -0.121852,
	 -0.049552  -0.106492  -0.111535,
	 -0.049150  -0.098259  -0.112085,
	 -0.055558  -0.109604  -0.111702,
	 -0.050323  -0.096740  -0.115956,
	 -0.052855  -0.099601  -0.116230,
	 -0.053728  -0.109079  -0.114216,
	 -0.064691  -0.100522  -0.101446,
	 -0.072267  -0.104655  -0.101354,
	 -0.064351  -0.091674  -0.103123,
	 -0.070245  -0.101665  -0.105167,
	 -0.066553  -0.091831  -0.106368,
	 -0.069149  -0.094047  -0.105996,
	 -0.086681  -0.099937  -0.087641,
	 -0.079357  -0.095716  -0.090214,
	 -0.085383  -0.097635  -0.092141,
	 -0.078402  -0.086697  -0.091495,
	 -0.084209  -0.088709  -0.093696,
	 -0.081652  -0.086827  -0.094922,
	 -0.097841  -0.095302  -0.070703,
	 -0.097657  -0.092015  -0.076633,
	 -0.090040  -0.090258  -0.075002,
	 -0.095884  -0.084114  -0.077360,
	 -0.090184  -0.081916  -0.077172,
	 -0.092247  -0.082749  -0.078570,
	 -0.099507  -0.087958  -0.051285,
	 -0.103094  -0.087419  -0.056940,
	 -0.100218  -0.078614  -0.057880,
	 -0.095411  -0.086539  -0.056260,
	 -0.100234  -0.079302  -0.060250,
	 -0.095520  -0.077190  -0.058813,
	 -0.098207  -0.080489  -0.031176,
	 -0.101041  -0.079111  -0.037023,
	 -0.099249  -0.073150  -0.037248,
	 -0.098041  -0.072253  -0.041118,
	 -0.093536  -0.081757  -0.036727,
	 -0.094422  -0.073056  -0.039470,
	 -0.094295  -0.073201  -0.020926,
	 -0.092319  -0.078412  -0.016136,
	 -0.091863  -0.068400  -0.021502,
	 -0.090074  -0.068479  -0.023022,
	 -0.087618  -0.070658  -0.021236,
	 -0.085024  -0.079593  -0.018896,
	 -0.081006  -0.074773  -0.004806,
	 -0.079937  -0.070116  -0.004565,
	 -0.079744  -0.082369  -0.000442,
	 -0.078043  -0.067700  -0.006970,
	 -0.074757  -0.068627  -0.007109,
	 -0.074050  -0.082797  -0.002961,
	 -0.078341  -0.039919  -0.004787,
	 -0.083919  -0.046858  -0.003124,
	 -0.072748  -0.048605  -0.001517,
	 -0.092517  -0.039773  -0.021044,
	 -0.090643  -0.037721  -0.020885,
	 -0.083249  -0.051590  -0.000650,
	 -0.092351  -0.045885  -0.019045,
	 -0.079281  -0.055664  -0.000197,
	 -0.076814  -0.053670  -0.000738,
	 -0.083613  -0.045753  -0.016034,
	 -0.101499  -0.046063  -0.034501,
	 -0.100479  -0.041154  -0.034482,
	 -0.096121  -0.037259  -0.034007,
	 -0.088385  -0.049965  -0.018679,
	 -0.086812  -0.049433  -0.017478,
	 -0.092121  -0.042113  -0.032568,
	 -0.095086  -0.047455  -0.035525,
	 -0.102154  -0.051935  -0.051478,
	 -0.102976  -0.047540  -0.054484,
	 -0.098524  -0.040064  -0.051241,
	 -0.095712  -0.045890  -0.051504,
	 -0.096406  -0.051577  -0.055369,
	 -0.098854  -0.057949  -0.073828,
	 -0.094867  -0.058444  -0.074456,
	 -0.096410  -0.052203  -0.073152,
	 -0.095891  -0.048187  -0.068498,
	 -0.091408  -0.052689  -0.069296,
	 -0.087504  -0.066397  -0.089087,
	 -0.089707  -0.067254  -0.087888,
	 -0.084745  -0.067656  -0.088939,
	 -0.081250  -0.058425  -0.084940,
	 -0.084981  -0.059601  -0.088551,
	 -0.086006  -0.056278  -0.084812,
	 -0.073314  -0.074561  -0.101948,
	 -0.075483  -0.076512  -0.100331,
	 -0.071048  -0.076031  -0.100396,
	 -0.068452  -0.067771  -0.096371,
	 -0.072297  -0.063782  -0.097886,
	 -0.070077  -0.066409  -0.100782,
	 -0.056545  -0.081654  -0.111618,
	 -0.058976  -0.084145  -0.110638,
	 -0.055761  -0.084486  -0.109545,
	 -0.052591  -0.074097  -0.105069,
	 -0.056354  -0.071137  -0.107954,
	 -0.054290  -0.074548  -0.110332,
	 -0.038031  -0.087468  -0.117926,
	 -0.040508  -0.091371  -0.115885,
	 -0.037332  -0.088005  -0.113429,
	 -0.035678  -0.080269  -0.111088,
	 -0.038279  -0.077352  -0.114041,
	 -0.038681  -0.081543  -0.118535,
	 -0.021318  -0.097357  -0.119514,
	 -0.019019  -0.093760  -0.121736,
	 -0.019283  -0.093873  -0.115893,
	 -0.017588  -0.085165  -0.113963,
	 -0.019857  -0.083767  -0.118069,
	 -0.017718  -0.086622  -0.120893,
	 -0.001376  -0.101729  -0.120241,
	 -0.001106  -0.100307  -0.116129,
	  0.000583  -0.099124  -0.120893,
	  0.000993  -0.088364  -0.112730,
	 -0.000438  -0.086596  -0.115113,
	  0.001806  -0.089420  -0.118782,
	  0.018198  -0.106152  -0.116327,
	  0.016992  -0.104201  -0.110970,
	  0.018789  -0.090494  -0.107226,
	  0.019403  -0.104789  -0.115417,
	  0.018271  -0.090784  -0.109700,
	  0.020413  -0.094106  -0.112537,
	  0.033928  -0.107096  -0.101927,
	  0.036266  -0.108583  -0.106783,
	  0.035339  -0.094590  -0.098709,
	  0.035764  -0.095270  -0.100864,
	  0.037502  -0.106341  -0.106008,
	  0.038024  -0.098040  -0.103466,
	  0.048598  -0.112205  -0.089782,
	  0.050184  -0.098496  -0.087038,
	  0.050046  -0.114556  -0.092159,
	  0.050389  -0.099596  -0.087288,
	  0.052511  -0.102150  -0.089585,
	  0.051927  -0.111761  -0.092203,
	  0.058145  -0.119255  -0.073698,
	  0.058931  -0.105604  -0.071119,
	  0.059963  -0.105454  -0.070150,
	  0.060179  -0.121983  -0.074940,
	  0.061806  -0.109176  -0.072611,
	  0.061234  -0.119619  -0.074786,
	  0.062773  -0.111644  -0.052598,
	  0.063750  -0.125480  -0.055198,
	  0.063823  -0.111871  -0.050537,
	  0.068173  -0.113836  -0.053307,
	  0.068567  -0.127564  -0.056034,
	  0.069510  -0.124083  -0.055781,
	 -0.073126  -0.018235  -0.003121,
	 -0.074562  -0.020136  -0.002218,
	 -0.068261  -0.017809  -0.001544,
	 -0.080713  -0.011769  -0.018934,
	 -0.083007  -0.014122  -0.018490,
	 -0.077045  -0.026110  -0.000891,
	 -0.085035  -0.020215  -0.017781,
	 -0.070964  -0.029203  -0.000128,
	 -0.063168  -0.023455  -0.003266,
	 -0.076839  -0.011550  -0.015332,
	 -0.087864  -0.008529  -0.029971,
	 -0.090683  -0.012181  -0.031943,
	 -0.091298  -0.012498  -0.029766,
	 -0.079625  -0.022700  -0.015439,
	 -0.086341  -0.019942  -0.032924,
	 -0.075056  -0.018957  -0.013720,
	 -0.083147  -0.009235  -0.031494,
	 -0.092293  -0.018105  -0.050594,
	 -0.089059  -0.012534  -0.046460,
	 -0.093531  -0.021203  -0.047149,
	 -0.089696  -0.022415  -0.050989,
	 -0.081837  -0.016141  -0.029505,
	 -0.084137  -0.019500  -0.046380,
	 -0.084050  -0.014589  -0.048788,
	 -0.090288  -0.028091  -0.065304,
	 -0.088129  -0.025415  -0.068205,
	 -0.085688  -0.019507  -0.063299,
	 -0.089101  -0.029611  -0.068411,
	 -0.079328  -0.023917  -0.062648,
	 -0.079270  -0.020982  -0.064783,
	 -0.079157  -0.038855  -0.081675,
	 -0.080678  -0.036208  -0.080188,
	 -0.077251  -0.033414  -0.081644,
	 -0.075573  -0.027797  -0.076746,
	 -0.070346  -0.030160  -0.076015,
	 -0.069763  -0.027866  -0.078123,
	 -0.059046  -0.038261  -0.085985,
	 -0.066652  -0.047270  -0.092459,
	 -0.066884  -0.043043  -0.091182,
	 -0.065182  -0.043136  -0.092510,
	 -0.063819  -0.035885  -0.088753,
	 -0.058046  -0.036623  -0.087689,
	 -0.046139  -0.046482  -0.093073,
	 -0.044078  -0.043443  -0.095047,
	 -0.052370  -0.055407  -0.100653,
	 -0.053276  -0.052206  -0.101021,
	 -0.050560  -0.050508  -0.101399,
	 -0.049881  -0.043749  -0.097890,
	 -0.028747  -0.048730  -0.099942,
	 -0.031397  -0.052802  -0.097051,
	 -0.033493  -0.049189  -0.103026,
	 -0.036668  -0.061582  -0.106908,
	 -0.036960  -0.059521  -0.106555,
	 -0.034323  -0.057303  -0.106894,
	 -0.012816  -0.054123  -0.101141,
	 -0.016809  -0.054806  -0.105799,
	 -0.015771  -0.056320  -0.097856,
	 -0.017012  -0.062219  -0.109437,
	 -0.019623  -0.066951  -0.108076,
	 -0.019821  -0.065975  -0.109231,
	 -0.000100  -0.059566  -0.101504,
	  0.002729  -0.058030  -0.095823,
	 -0.000601  -0.069506  -0.105708,
	 -0.000458  -0.061051  -0.094412,
	 -0.002920  -0.072585  -0.106068,
	 -0.002752  -0.071349  -0.105130,
	  0.015674  -0.063207  -0.093341,
	  0.014914  -0.073940  -0.096831,
	  0.018020  -0.060663  -0.089017,
	  0.012944  -0.076955  -0.097255,
	  0.014326  -0.063661  -0.088024,
	  0.012845  -0.073862  -0.096306,
	  0.030102  -0.067985  -0.083259,
	  0.029385  -0.076716  -0.085408,
	  0.027188  -0.080608  -0.085467,
	  0.031619  -0.064838  -0.079417,
	  0.026775  -0.078223  -0.085282,
	  0.027710  -0.068900  -0.079281,
	  0.041632  -0.081983  -0.072014,
	  0.042561  -0.073609  -0.070758,
	  0.039068  -0.087188  -0.072003,
	  0.038660  -0.083939  -0.072209,
	  0.042395  -0.071369  -0.067356,
	  0.039394  -0.073004  -0.067824,
	  0.050837  -0.088382  -0.056642,
	  0.048698  -0.092843  -0.056399,
	  0.050296  -0.077853  -0.054068,
	  0.047705  -0.089918  -0.056922,
	  0.046808  -0.078335  -0.053052,
	  0.050261  -0.076786  -0.052487,
	  0.054234  -0.096199  -0.037925,
	  0.057557  -0.092472  -0.039005,
	  0.051392  -0.093078  -0.038054,
	  0.055870  -0.082214  -0.036266,
	  0.049504  -0.082410  -0.036229,
	  0.052288  -0.080745  -0.034881,
	  0.035994  -0.057705  -0.023425,
	  0.035240  -0.056228  -0.024176,
	  0.037821  -0.066493  -0.027582,
	  0.033056  -0.052298  -0.036335,
	  0.031524  -0.050589  -0.035173,
	  0.034391  -0.064717  -0.026453,
	  0.030638  -0.061039  -0.040928,
	  0.033464  -0.060489  -0.041443,
	  0.026393  -0.047336  -0.047805,
	  0.025348  -0.046589  -0.045518,
	  0.023329  -0.056502  -0.053257,
	  0.025752  -0.055481  -0.053978,
	  0.018417  -0.042746  -0.058290,
	  0.018270  -0.042126  -0.054979,
	  0.014486  -0.052476  -0.064553,
	  0.016407  -0.050864  -0.065069,
	  0.007763  -0.039395  -0.066426,
	  0.008876  -0.038496  -0.062293,
	  0.003165  -0.048877  -0.073486,
	  0.004428  -0.046466  -0.073275,
	 -0.003770  -0.035867  -0.073017,
	 -0.001494  -0.035237  -0.068283,
	 -0.009499  -0.045793  -0.080440,
	 -0.008166  -0.042358  -0.080677,
	 -0.015346  -0.029786  -0.077492,
	 -0.012327  -0.030771  -0.072311,
	 -0.021524  -0.040140  -0.086870,
	 -0.020025  -0.036286  -0.088090,
	 -0.026982  -0.022193  -0.077947,
	 -0.022690  -0.023708  -0.073258,
	 -0.033429  -0.032767  -0.091051,
	 -0.031430  -0.026439  -0.090721,
	 -0.037765  -0.014988  -0.074610,
	 -0.033582  -0.017939  -0.071247,
	 -0.044202  -0.022875  -0.085897,
	 -0.042716  -0.017175  -0.084827,
	 -0.048549  -0.007192  -0.069205,
	 -0.043537  -0.011045  -0.067162,
	 -0.054738  -0.014253  -0.078660,
	 -0.054452  -0.009225  -0.078175,
	 -0.057131  -0.000129  -0.060898,
	 -0.052607  -0.004405  -0.061065,
	 -0.064480  -0.005630  -0.070222,
	 -0.063616   0.000011  -0.068980,
	 -0.059860   0.001439  -0.051814,
	 -0.062942   0.006345  -0.049235,
	 -0.071021   0.001706  -0.058073,
	 -0.070538   0.007243  -0.056488,
	 -0.075896   0.006714  -0.044665,
	 -0.062794   0.006254  -0.038857,
	 -0.067469   0.012867  -0.036996,
	 -0.074463   0.013886  -0.042503,
	 -0.077901   0.014123  -0.028331,
	 -0.076410   0.006954  -0.030171,
	 -0.063831   0.008025  -0.028748,
	 -0.069970   0.013699  -0.025279,
	 -0.067455   0.007002  -0.016263,
	 -0.072606   0.003972  -0.015927,
	 -0.071186   0.001750  -0.017403,
	 -0.062735   0.006884  -0.016612,
	 -0.064405   0.004300  -0.003981,
	 -0.057170   0.004980  -0.005489,
	 -0.068989  -0.002340  -0.004262,
	  0.013452  -0.012033   0.022000,
	  0.009298  -0.009306   0.022000,
	  0.009106  -0.009377   0.035966,
	  0.020742  -0.023520   0.005266,
	  0.022432  -0.025031   0.022000,
	  0.012100  -0.010717   0.004252,
	  0.012100  -0.010717   0.039748,
	  0.009106  -0.009377   0.008034,
	  0.002500  -0.009993   0.022000,
	  0.000177  -0.013214   0.035223,
	  0.002955  -0.016621   0.039487,
	  0.019265  -0.029449  -0.010376,
	  0.012478  -0.017204  -0.009524,
	  0.025801  -0.035192   0.001927,
	  0.029343  -0.038170   0.022000,
	  0.025801  -0.035192   0.042073,
	  0.020742  -0.023520   0.038734,
	  0.003851  -0.017809  -0.007610,
	  0.002955  -0.016621   0.004513,
	  0.000177  -0.013214   0.008777,
	  0.003851  -0.017809   0.051610,
	  0.012478  -0.017204   0.053524,
	  0.001018  -0.016978   0.006105,
	  0.006552  -0.015930   0.022000,
	  0.001018  -0.016978   0.037895,
	  0.012707  -0.036584   0.053663,
	  0.011453  -0.035445  -0.012294,
	  0.012707  -0.036584  -0.009663,
	  0.017766  -0.028645  -0.012545,
	  0.023312  -0.039721   0.000221,
	  0.010713  -0.016495  -0.010905,
	  0.028116  -0.046395   0.005163,
	  0.030581  -0.042276   0.008291,
	  0.036052  -0.050479   0.011135,
	  0.042564  -0.060751   0.022000,
	  0.030581  -0.042276   0.035709,
	  0.023312  -0.039721   0.043779,
	  0.019265  -0.029449   0.054376,
	  0.002690  -0.017318  -0.008613,
	  0.018322  -0.039418   0.003178,
	  0.011453  -0.035445   0.056294,
	  0.002690  -0.017318   0.052613,
	  0.010713  -0.016495   0.054905,
	  0.013204  -0.027779   0.006527,
	  0.015188  -0.029124   0.022000,
	  0.013204  -0.027779   0.037473,
	  0.017766  -0.028645   0.056545,
	  0.018322  -0.039418   0.040822,
	  0.001528  -0.016827  -0.009617,
	  0.010200  -0.034307  -0.014924,
	  0.016267  -0.027841  -0.014714,
	  0.023092  -0.046506   0.009543,
	  0.008947  -0.015786  -0.012287,
	  0.028453  -0.054772   0.012406,
	  0.030679  -0.050128   0.006213,
	  0.032852  -0.055417   0.004547,
	  0.042014  -0.062612   0.006946,
	  0.044034  -0.061339   0.012807,
	  0.051316  -0.075615   0.013088,
	  0.051013  -0.075871   0.022000,
	  0.044034  -0.061339   0.031193,
	  0.036052  -0.050479   0.032865,
	  0.028116  -0.046395   0.038837,
	  0.022072  -0.042278   0.022000,
	  0.016267  -0.027841   0.058714,
	  0.010200  -0.034307   0.058924,
	  0.001528  -0.016827   0.053617,
	  0.008947  -0.015786   0.056287,
	  0.023092  -0.046506   0.034457,
	  0.000366  -0.016336  -0.010620,
	  0.007181  -0.015077  -0.013668,
	  0.008946  -0.033168  -0.017555,
	  0.014769  -0.027037  -0.016883,
	  0.035047  -0.064997   0.022000,
	  0.036129  -0.065805   0.014128,
	  0.041725  -0.070018   0.005068,
	  0.035293  -0.057380   0.001457,
	  0.042831  -0.061915   0.001845,
	  0.044161  -0.068161   0.000539,
	  0.043592  -0.068406   0.005639,
	  0.050405  -0.079455   0.005215,
	  0.055919  -0.086405   0.007295,
	  0.057755  -0.085352   0.012594,
	  0.057276  -0.086420   0.022000,
	  0.051316  -0.075615   0.030912,
	  0.042014  -0.062612   0.037054,
	  0.043592  -0.068406   0.038361,
	  0.032852  -0.055417   0.039453,
	  0.030679  -0.050128   0.037787,
	  0.028453  -0.054772   0.031594,
	  0.014769  -0.027037   0.060883,
	  0.007181  -0.015077   0.057668,
	  0.008946  -0.033168   0.061555,
	  0.000366  -0.016336   0.054620,
	 -0.000795  -0.015845  -0.011623,
	  0.005416  -0.014368  -0.015050,
	  0.013270  -0.026233  -0.019052,
	  0.007693  -0.032029  -0.020186,
	  0.043392  -0.080176   0.022000,
	  0.043430  -0.080070   0.029593,
	  0.036129  -0.065805   0.029872,
	  0.044630  -0.082396   0.004741,
	  0.043430  -0.080070   0.014407,
	  0.042042  -0.070533   0.000242,
	  0.036902  -0.058663  -0.002123,
	  0.043414  -0.061621  -0.003323,
	  0.044252  -0.068090  -0.004553,
	  0.042646  -0.070217  -0.004924,
	  0.052478  -0.081811  -0.000428,
	  0.057449  -0.094777  -0.002520,
	  0.057072  -0.095352   0.004274,
	  0.062339  -0.100745   0.011305,
	  0.062640  -0.100828   0.022000,
	  0.057755  -0.085352   0.031406,
	  0.050405  -0.079455   0.038785,
	  0.042831  -0.061915   0.042155,
	  0.035293  -0.057380   0.042543,
	  0.041725  -0.070018   0.038932,
	  0.044161  -0.068161   0.043461,
	  0.042042  -0.070533   0.043758,
	  0.013270  -0.026233   0.063052,
	  0.005416  -0.014368   0.059050,
	 -0.000795  -0.015845   0.055623,
	  0.007693  -0.032029   0.064186,
	 -0.001957  -0.015354  -0.012626,
	  0.003650  -0.013659  -0.016431,
	  0.011772  -0.025429  -0.021221,
	  0.006439  -0.030890  -0.022817,
	  0.049527  -0.090798   0.022000,
	  0.049652  -0.089929   0.030052,
	  0.044630  -0.082396   0.039259,
	  0.045056  -0.085480  -0.001287,
	  0.051561  -0.098016   0.003469,
	  0.049652  -0.089929   0.013948,
	  0.037648  -0.059240  -0.006236,
	  0.043764  -0.061756  -0.008565,
	  0.043809  -0.068255  -0.009639,
	  0.042413  -0.070349  -0.010093,
	  0.053327  -0.083865  -0.006525,
	  0.058061  -0.095120  -0.009290,
	  0.051630  -0.097844  -0.009544,
	  0.051255  -0.097677  -0.003044,
	  0.058842  -0.103290   0.006525,
	  0.062320  -0.107074   0.005306,
	  0.070237  -0.113732   0.013062,
	  0.069785  -0.115430   0.022000,
	  0.062339  -0.100745   0.032695,
	  0.055919  -0.086405   0.036705,
	  0.045056  -0.085480   0.045287,
	  0.052478  -0.081811   0.044428,
	  0.057072  -0.095352   0.039726,
	  0.043414  -0.061621   0.047323,
	  0.036902  -0.058663   0.046123,
	  0.042646  -0.070217   0.048924,
	  0.044252  -0.068090   0.048553,
	  0.011772  -0.025429   0.065221,
	  0.003650  -0.013659   0.060431,
	 -0.001957  -0.015354   0.056626,
	  0.006439  -0.030890   0.066817,
	 -0.003119  -0.014863  -0.013629,
	  0.001884  -0.012950  -0.017813,
	  0.010273  -0.024625  -0.023390,
	  0.005186  -0.029752  -0.025447,
	  0.055190  -0.105037   0.022000,
	  0.054691  -0.105065   0.031416,
	  0.051561  -0.098016   0.040531,
	  0.051255  -0.097677   0.047044,
	  0.046410  -0.086773  -0.007820,
	  0.054691  -0.105065   0.012584,
	  0.043450  -0.061433  -0.013659,
	  0.037549  -0.059147  -0.010423,
	  0.043167  -0.068165  -0.014698,
	  0.040515  -0.070067  -0.014982,
	  0.053688  -0.084696  -0.012903,
	  0.058952  -0.095212  -0.016031,
	  0.051793  -0.098485  -0.016034,
	  0.047575  -0.086977  -0.014515,
	  0.057276  -0.111659   0.004180,
	  0.064878  -0.111395  -0.002878,
	  0.071278  -0.124275  -0.006048,
	  0.069821  -0.125882   0.003851,
	  0.074025  -0.131359   0.007304,
	  0.075143  -0.132120   0.022000,
	  0.074025  -0.131359   0.036696,
	  0.070237  -0.113732   0.030938,
	  0.062320  -0.107074   0.038694,
	  0.058842  -0.103290   0.037475,
	  0.046410  -0.086773   0.051820,
	  0.051630  -0.097844   0.053544,
	  0.053327  -0.083865   0.050525,
	  0.057449  -0.094777   0.046520,
	  0.043764  -0.061756   0.052565,
	  0.037648  -0.059240   0.050236,
	  0.042413  -0.070349   0.054093,
	  0.043809  -0.068255   0.053639,
	  0.010273  -0.024625   0.067390,
	  0.001884  -0.012950   0.061813,
	 -0.003119  -0.014863   0.057629,
	  0.005186  -0.029752   0.069447,
	  0.062385  -0.119610   0.022000,
	  0.062458  -0.118126   0.029638,
	  0.057276  -0.111659   0.039820,
	  0.058061  -0.095120   0.053290,
	  0.062458  -0.118126   0.014362,
	  0.042589  -0.067444  -0.019713,
	  0.042188  -0.060079  -0.018462,
	  0.036617  -0.058409  -0.014379,
	  0.039086  -0.069083  -0.019769,
	  0.054015  -0.084395  -0.019338,
	  0.059880  -0.094412  -0.022750,
	  0.051558  -0.099201  -0.022512,
	  0.048504  -0.086375  -0.021184,
	  0.058949  -0.115702  -0.004050,
	  0.061721  -0.128038   0.004288,
	  0.068406  -0.114683  -0.011277,
	  0.072678  -0.124621  -0.015947,
	  0.063940  -0.132177  -0.014225,
	  0.063133  -0.130246  -0.004897,
	  0.069332  -0.140375   0.002052,
	  0.075954  -0.138517   0.001922,
	  0.066876  -0.135397   0.008500,
	  0.080699  -0.142597   0.009508,
	  0.079869  -0.143655   0.022000,
	  0.075954  -0.138517   0.042078,
	  0.066876  -0.135397   0.035500,
	  0.069821  -0.125882   0.040149,
	  0.080699  -0.142597   0.034492,
	  0.058949  -0.115702   0.048050,
	  0.064878  -0.111395   0.046878,
	  0.051793  -0.098485   0.060034,
	  0.047575  -0.086977   0.058515,
	  0.058952  -0.095212   0.060031,
	  0.053688  -0.084696   0.056903,
	  0.043450  -0.061433   0.057659,
	  0.037549  -0.059147   0.054423,
	  0.040515  -0.070067   0.058982,
	  0.043167  -0.068165   0.058698,
	  0.068216  -0.136033   0.022000,
	  0.061721  -0.128038   0.039712,
	  0.063133  -0.130246   0.048897,
	  0.042013  -0.066204  -0.024690,
	  0.040098  -0.057905  -0.023028,
	  0.034883  -0.057046  -0.018197,
	  0.039924  -0.067231  -0.024616,
	  0.054585  -0.083278  -0.025625,
	  0.060184  -0.094703  -0.029483,
	  0.052164  -0.099296  -0.028960,
	  0.049436  -0.084888  -0.027686,
	  0.061288  -0.118363  -0.012593,
	  0.068485  -0.116606  -0.020433,
	  0.072425  -0.127633  -0.025624,
	  0.065899  -0.132662  -0.023517,
	  0.061910  -0.120204  -0.021651,
	  0.078875  -0.142659  -0.009274,
	  0.071176  -0.144975  -0.008640,
	  0.074120  -0.156848   0.002372,
	  0.073477  -0.146677   0.010716,
	  0.078248  -0.153953  -0.000029,
	  0.079005  -0.156541  -0.011967,
	  0.073117  -0.147469   0.022000,
	  0.083635  -0.156668   0.007864,
	  0.083445  -0.155296   0.022000,
	  0.069332  -0.140375   0.041948,
	  0.071176  -0.144975   0.052640,
	  0.078875  -0.142659   0.053274,
	  0.078248  -0.153953   0.044029,
	  0.073477  -0.146677   0.033284,
	  0.071278  -0.124275   0.050048,
	  0.083635  -0.156668   0.036136,
	  0.063940  -0.132177   0.058225,
	  0.061288  -0.118363   0.056593,
	  0.068406  -0.114683   0.055277,
	  0.059880  -0.094412   0.066750,
	  0.051558  -0.099201   0.066512,
	  0.048504  -0.086375   0.065184,
	  0.054015  -0.084395   0.063338,
	  0.042188  -0.060079   0.062462,
	  0.036617  -0.058409   0.058379,
	  0.039086  -0.069083   0.063769,
	  0.042589  -0.067444   0.063713,
	  0.072678  -0.124621   0.059947,
	  0.055358  -0.081365  -0.031792,
	  0.059839  -0.096198  -0.036230,
	  0.053565  -0.098804  -0.035381,
	  0.050386  -0.082518  -0.034015,
	  0.068813  -0.116654  -0.029920,
	  0.073171  -0.128099  -0.035711,
	  0.067324  -0.132203  -0.032919,
	  0.062769  -0.119963  -0.030897,
	  0.081001  -0.144808  -0.020875,
	  0.079618  -0.159084  -0.023988,
	  0.074058  -0.146322  -0.019918,
	  0.072931  -0.158834  -0.009177,
	  0.076739  -0.167252   0.003262,
	  0.076999  -0.160416   0.008973,
	  0.077047  -0.158910   0.022000,
	  0.081988  -0.164540   0.005635,
	  0.074636  -0.159852  -0.021033,
	  0.076999  -0.160416   0.035027,
	  0.087856  -0.167207   0.008671,
	  0.086262  -0.161924   0.022000,
	  0.087856  -0.167207   0.035329,
	  0.072931  -0.158834   0.053177,
	  0.074120  -0.156848   0.041628,
	  0.074636  -0.159852   0.065033,
	  0.074058  -0.146322   0.063918,
	  0.079005  -0.156541   0.055967,
	  0.081001  -0.144808   0.064875,
	  0.081988  -0.164540   0.038365,
	  0.065899  -0.132662   0.067517,
	  0.072425  -0.127633   0.069624,
	  0.061910  -0.120204   0.065651,
	  0.068485  -0.116606   0.064433,
	  0.060184  -0.094703   0.073483,
	  0.054585  -0.083278   0.069625,
	  0.052164  -0.099296   0.072960,
	  0.049436  -0.084888   0.071686,
	  0.040098  -0.057905   0.067028,
	  0.034883  -0.057046   0.062197,
	  0.039924  -0.067231   0.068616,
	  0.042013  -0.066204   0.068690,
	  0.069639  -0.114987  -0.039214,
	  0.072549  -0.127515  -0.045706,
	  0.067224  -0.131602  -0.042437,
	  0.063602  -0.117250  -0.039591,
	  0.082339  -0.145104  -0.032882,
	  0.080225  -0.160252  -0.036080,
	  0.075532  -0.159302  -0.032897,
	  0.074404  -0.146305  -0.031574,
	  0.080986  -0.168925  -0.009617,
	  0.086689  -0.178975  -0.008212,
	  0.082056  -0.175557   0.002637,
	  0.081416  -0.170845   0.009748,
	  0.079950  -0.165490   0.022000,
	  0.087735  -0.174277   0.006177,
	  0.086943  -0.167178  -0.007406,
	  0.076739  -0.167252   0.040738,
	  0.081416  -0.170845   0.034252,
	  0.089995  -0.175482   0.010208,
	  0.087570  -0.168115   0.022000,
	  0.089995  -0.175482   0.033792,
	  0.087735  -0.174277   0.037823,
	  0.079618  -0.159084   0.067988,
	  0.080225  -0.160252   0.080080,
	  0.075532  -0.159302   0.076897,
	  0.074404  -0.146305   0.075574,
	  0.082339  -0.145104   0.076882,
	  0.080986  -0.168925   0.053617,
	  0.086943  -0.167178   0.051406,
	  0.067324  -0.132203   0.076919,
	  0.073171  -0.128099   0.079711,
	  0.068813  -0.116654   0.073920,
	  0.062769  -0.119963   0.074897,
	  0.059839  -0.096198   0.080230,
	  0.055358  -0.081365   0.075792,
	  0.050386  -0.082518   0.078015,
	  0.053565  -0.098804   0.079381,
	  0.068839  -0.111848  -0.048281,
	  0.069667  -0.126581  -0.055420,
	  0.066420  -0.130988  -0.051916,
	  0.064192  -0.112064  -0.047540,
	  0.083099  -0.145060  -0.045076,
	  0.080859  -0.158812  -0.048201,
	  0.075609  -0.158053  -0.044738,
	  0.075448  -0.146532  -0.043393,
	  0.084385  -0.171482  -0.022752,
	  0.090081  -0.183731  -0.019054,
	  0.094903  -0.182955  -0.016661,
	  0.091559  -0.177136  -0.005616,
	  0.087485  -0.176795   0.006670,
	  0.083902  -0.178924   0.011226,
	  0.081535  -0.171524   0.022000,
	  0.083902  -0.178924   0.032774,
	  0.091059  -0.170640  -0.020655,
	  0.086689  -0.178975   0.052212,
	  0.082056  -0.175557   0.041363,
	  0.087485  -0.176795   0.037330,
	  0.090865  -0.181250   0.010840,
	  0.088665  -0.173197   0.022000,
	  0.090865  -0.181250   0.033160,
	  0.091559  -0.177136   0.049616,
	  0.080859  -0.158812   0.092201,
	  0.083099  -0.145060   0.089076,
	  0.075609  -0.158053   0.088738,
	  0.075448  -0.146532   0.087393,
	  0.084385  -0.171482   0.066752,
	  0.090081  -0.183731   0.063054,
	  0.091059  -0.170640   0.064655,
	  0.067224  -0.131602   0.086437,
	  0.072549  -0.127515   0.089706,
	  0.069639  -0.114987   0.083214,
	  0.063602  -0.117250   0.083591,
	  0.082491  -0.143514  -0.056906,
	  0.081057  -0.156188  -0.060216,
	  0.075417  -0.156987  -0.056585,
	  0.076641  -0.145257  -0.054813,
	  0.086248  -0.175449  -0.035947,
	  0.093096  -0.192329  -0.027408,
	  0.098299  -0.190282  -0.026238,
	  0.092148  -0.174395  -0.034409,
	  0.081957  -0.179022   0.008508,
	  0.085916  -0.186910  -0.003243,
	  0.091283  -0.197512   0.014715,
	  0.091176  -0.186994   0.012788,
	  0.093127  -0.186302  -0.003518,
	  0.085092  -0.184511   0.011806,
	  0.082854  -0.176480   0.022000,
	  0.085092  -0.184511   0.032194,
	  0.081957  -0.179022   0.035492,
	  0.094903  -0.182955   0.060661,
	  0.085916  -0.186910   0.047243,
	  0.091176  -0.186994   0.031212,
	  0.091283  -0.197512   0.029285,
	  0.093127  -0.186302   0.047518,
	  0.090561  -0.178771   0.022000,
	  0.081057  -0.156188   0.104216,
	  0.082491  -0.143514   0.100906,
	  0.076641  -0.145257   0.098813,
	  0.075417  -0.156987   0.100585,
	  0.086248  -0.175449   0.079947,
	  0.093096  -0.192329   0.071408,
	  0.098299  -0.190282   0.070238,
	  0.092148  -0.174395   0.078409,
	  0.066420  -0.130988   0.095916,
	  0.069667  -0.126581   0.099420,
	  0.068839  -0.111848   0.092281,
	  0.064192  -0.112064   0.091540,
	  0.079732  -0.139057  -0.067955,
	  0.080555  -0.153073  -0.072054,
	  0.074859  -0.156320  -0.068451,
	  0.075207  -0.139744  -0.065217,
	  0.088192  -0.176116  -0.047065,
	  0.091010  -0.187360  -0.042570,
	  0.093709  -0.190652  -0.039258,
	  0.097617  -0.203454  -0.031261,
	  0.102091  -0.201664  -0.031725,
	  0.093774  -0.176805  -0.046171,
	  0.099009  -0.189564  -0.039784,
	  0.087853  -0.207022   0.006377,
	  0.083066  -0.194527   0.013393,
	  0.090598  -0.195798  -0.014156,
	  0.093873  -0.217188  -0.003220,
	  0.096788  -0.207759   0.005253,
	  0.090593  -0.198719   0.022000,
	  0.097351  -0.196638  -0.013774,
	  0.085835  -0.190012   0.013681,
	  0.084892  -0.181974   0.022000,
	  0.085835  -0.190012   0.030319,
	  0.083066  -0.194527   0.030607,
	  0.087853  -0.207022   0.037623,
	  0.090598  -0.195798   0.058156,
	  0.093873  -0.217188   0.047220,
	  0.096788  -0.207759   0.038747,
	  0.097351  -0.196638   0.057774,
	  0.080555  -0.153073   0.116054,
	  0.079732  -0.139057   0.111955,
	  0.075207  -0.139744   0.109217,
	  0.074859  -0.156320   0.112451,
	  0.088192  -0.176116   0.091065,
	  0.091010  -0.187360   0.086570,
	  0.093709  -0.190652   0.083258,
	  0.102091  -0.201664   0.075725,
	  0.097617  -0.203454   0.075261,
	  0.098079  -0.204091   0.084628,
	  0.093774  -0.176805   0.090171,
	  0.099009  -0.189564   0.083784,
	  0.087452  -0.176409  -0.053087,
	  0.090357  -0.187866  -0.049340,
	  0.094789  -0.186610  -0.053199,
	  0.095437  -0.185686  -0.046111,
	  0.098079  -0.204091  -0.040628,
	  0.103878  -0.209775  -0.032464,
	  0.099891  -0.210010  -0.033803,
	  0.100219  -0.215987  -0.046720,
	  0.106920  -0.215320  -0.048778,
	  0.103713  -0.203733  -0.040746,
	  0.093056  -0.177478  -0.053273,
	  0.087391  -0.208277   0.013649,
	  0.086434  -0.201068   0.022000,
	  0.100782  -0.218279  -0.004756,
	  0.095327  -0.204634  -0.025061,
	  0.098712  -0.227521  -0.013274,
	  0.103223  -0.228114  -0.015825,
	  0.086733  -0.212552   0.015390,
	  0.087391  -0.208277   0.030351,
	  0.086733  -0.212552   0.028610,
	  0.087175  -0.218144   0.022000,
	  0.101669  -0.206316  -0.024529,
	  0.100782  -0.218279   0.048756,
	  0.095327  -0.204634   0.069061,
	  0.103223  -0.228114   0.059825,
	  0.098712  -0.227521   0.057274,
	  0.099891  -0.210010   0.077803,
	  0.101669  -0.206316   0.068529,
	  0.090357  -0.187866   0.093340,
	  0.087452  -0.176409   0.097087,
	  0.094789  -0.186610   0.097199,
	  0.095437  -0.185686   0.090111,
	  0.103878  -0.209775   0.076464,
	  0.103713  -0.203733   0.084746,
	  0.100219  -0.215987   0.090720,
	  0.093056  -0.177478   0.097273,
	  0.087451  -0.176534  -0.059172,
	  0.089173  -0.187782  -0.056230,
	  0.091692  -0.177364  -0.060314,
	  0.094352  -0.187994  -0.060182,
	  0.101491  -0.218861  -0.059690,
	  0.104045  -0.232975  -0.064174,
	  0.105710  -0.232367  -0.052049,
	  0.103018  -0.239092  -0.023971,
	  0.107285  -0.220640  -0.062044,
	  0.109044  -0.231824  -0.051967,
	  0.107670  -0.238873  -0.025232,
	  0.107670  -0.238873   0.069231,
	  0.103018  -0.239092   0.067971,
	  0.094352  -0.187994   0.104182,
	  0.089173  -0.187782   0.100229,
	  0.087451  -0.176534   0.103172,
	  0.091692  -0.177364   0.104314,
	  0.106920  -0.215320   0.092778,
	  0.101491  -0.218861   0.103690,
	  0.104045  -0.232975   0.108174,
	  0.105710  -0.232367   0.096049,
	  0.086978  -0.176199  -0.065201,
	  0.088642  -0.188175  -0.063258,
	  0.094173  -0.189545  -0.067070,
	  0.091630  -0.178084  -0.067480,
	  0.098968  -0.217035  -0.073100,
	  0.099666  -0.232262  -0.075601,
	  0.104038  -0.232791  -0.076921,
	  0.107244  -0.233441  -0.064513,
	  0.104155  -0.239546  -0.046233,
	  0.110581  -0.255939  -0.035980,
	  0.106836  -0.249174  -0.057343,
	  0.105018  -0.253433  -0.036782,
	  0.104522  -0.219197  -0.075948,
	  0.110004  -0.240306  -0.049233,
	  0.105018  -0.253433   0.080782,
	  0.110581  -0.255939   0.079980,
	  0.109044  -0.231824   0.095967,
	  0.110004  -0.240306   0.093233,
	  0.113658  -0.250089   0.103917,
	  0.104155  -0.239546   0.090233,
	  0.094173  -0.189545   0.111070,
	  0.091630  -0.178084   0.111480,
	  0.088642  -0.188175   0.107258,
	  0.086978  -0.176199   0.109201,
	  0.107285  -0.220640   0.106044,
	  0.099666  -0.232262   0.119601,
	  0.098968  -0.217035   0.117100,
	  0.104038  -0.232791   0.120921,
	  0.107244  -0.233441   0.108513,
	  0.086933  -0.174544  -0.071087,
	  0.088098  -0.190762  -0.069671,
	  0.093318  -0.190986  -0.073747,
	  0.091399  -0.176363  -0.074431,
	  0.094109  -0.213003  -0.085487,
	  0.094651  -0.230449  -0.086676,
	  0.099826  -0.230276  -0.088805,
	  0.099916  -0.215943  -0.089088,
	  0.114412  -0.265603  -0.044474,
	  0.113658  -0.250089  -0.059917,
	  0.106808  -0.253574  -0.071236,
	  0.108216  -0.265664  -0.058962,
	  0.105746  -0.265841  -0.072133,
	  0.107282  -0.262939  -0.044958,
	  0.114412  -0.265603   0.088474,
	  0.107282  -0.262939   0.088958,
	  0.106836  -0.249174   0.101343,
	  0.113872  -0.260552   0.105444,
	  0.106808  -0.253574   0.115236,
	  0.111395  -0.253645   0.118093,
	  0.093318  -0.190986   0.117747,
	  0.091399  -0.176363   0.118431,
	  0.086933  -0.174544   0.115087,
	  0.088098  -0.190762   0.113671,
	  0.104522  -0.219197   0.119948,
	  0.099826  -0.230276   0.132805,
	  0.094651  -0.230449   0.130676,
	  0.094109  -0.213003   0.129487,
	  0.099916  -0.215943   0.133088,
	  0.086104  -0.173762  -0.077067,
	  0.086903  -0.192146  -0.076398,
	  0.091795  -0.192209  -0.080575,
	  0.092386  -0.177492  -0.081449,
	  0.117991  -0.274898  -0.053444,
	  0.115452  -0.272879  -0.067648,
	  0.113872  -0.260552  -0.061444,
	  0.111395  -0.253645  -0.074093,
	  0.104063  -0.252601  -0.085516,
	  0.102143  -0.266607  -0.086540,
	  0.111130  -0.273099  -0.065370,
	  0.108761  -0.265665  -0.061718,
	  0.107063  -0.267231  -0.088877,
	  0.112108  -0.265645  -0.075151,
	  0.110433  -0.272172  -0.052725,
	  0.117991  -0.274898   0.097444,
	  0.110433  -0.272172   0.096725,
	  0.108216  -0.265664   0.102962,
	  0.105746  -0.265841   0.116133,
	  0.112108  -0.265645   0.119151,
	  0.111130  -0.273099   0.109370,
	  0.115452  -0.272879   0.111648,
	  0.102143  -0.266607   0.130540,
	  0.104063  -0.252601   0.129516,
	  0.107665  -0.254103   0.132449,
	  0.091795  -0.192209   0.124575,
	  0.092386  -0.177492   0.125449,
	  0.086104  -0.173762   0.121067,
	  0.086903  -0.192146   0.120398,
	  0.118172  -0.284667  -0.059344,
	  0.108933  -0.279952  -0.068230,
	  0.114886  -0.279401  -0.070722,
	  0.107665  -0.254103  -0.088449,
	  0.098845  -0.249725  -0.098893,
	  0.095172  -0.264976  -0.099452,
	  0.101112  -0.266531  -0.102256,
	  0.103526  -0.251399  -0.102433,
	  0.111670  -0.280949  -0.058443,
	  0.118172  -0.284667   0.103344,
	  0.114886  -0.279401   0.114722,
	  0.111670  -0.280949   0.102443,
	  0.107063  -0.267231   0.132877,
	  0.108933  -0.279952   0.112230,
	  0.101112  -0.266531   0.146256,
	  0.095172  -0.264976   0.143452,
	  0.098845  -0.249725   0.142893,
	  0.103526  -0.251399   0.146433,
	  0.114660  -0.294940  -0.065243,
	  0.112503  -0.284760  -0.081909,
	  0.105762  -0.283427  -0.074140,
	  0.108101  -0.290539  -0.063405,
	  0.114660  -0.294940   0.109243,
	  0.105762  -0.283427   0.118140,
	  0.112503  -0.284760   0.119798,
	  0.108101  -0.290539   0.107405,
	  0.109833  -0.305198  -0.072202,
	  0.104911  -0.304812  -0.084328,
	  0.108012  -0.296797  -0.085649,
	  0.108934  -0.288805  -0.083483,
	  0.101846  -0.286107  -0.082097,
	  0.102365  -0.299808  -0.069468,
	  0.109833  -0.305198   0.116202,
	  0.104911  -0.304812   0.128328,
	  0.108012  -0.296797   0.129649,
	  0.101846  -0.286107   0.126097,
	  0.108934  -0.288805   0.127483,
	  0.102365  -0.299808   0.113468,
	  0.103306  -0.314914  -0.078528,
	  0.101346  -0.313009  -0.087433,
	  0.094960  -0.309158  -0.085737,
	  0.099662  -0.301648  -0.082693,
	  0.104662  -0.302992  -0.088413,
	  0.106690  -0.291480  -0.087414,
	  0.098887  -0.288333  -0.084752,
	  0.100158  -0.299955  -0.086191,
	  0.098065  -0.307612  -0.077640,
	  0.103306  -0.314914   0.122528,
	  0.101346  -0.313009   0.131433,
	  0.099662  -0.301648   0.126693,
	  0.094960  -0.309158   0.129737,
	  0.104662  -0.302992   0.132413,
	  0.100158  -0.299955   0.130191,
	  0.098887  -0.288333   0.128752,
	  0.106690  -0.291480   0.131414,
	  0.098065  -0.307612   0.121640,
	  0.095379  -0.322353  -0.085773,
	  0.095789  -0.318130  -0.092419,
	  0.090990  -0.313526  -0.088416,
	  0.090938  -0.315754  -0.083824,
	  0.102742  -0.302419  -0.092372,
	  0.103081  -0.292113  -0.091251,
	  0.096602  -0.290020  -0.087925,
	  0.097578  -0.298513  -0.089112,
	  0.095379  -0.322353   0.129773,
	  0.095789  -0.318130   0.136419,
	  0.090990  -0.313526   0.132416,
	  0.090938  -0.315754   0.127824,
	  0.102742  -0.302419   0.136372,
	  0.103081  -0.292113   0.135251,
	  0.097578  -0.298513   0.133112,
	  0.096602  -0.290020   0.131925,
	  0.086285  -0.328024  -0.093166,
	  0.089018  -0.321521  -0.097529,
	  0.084668  -0.317963  -0.092932,
	  0.081906  -0.321179  -0.090111,
	  0.100561  -0.302609  -0.096234,
	  0.100151  -0.292177  -0.095614,
	  0.095088  -0.291127  -0.091680,
	  0.094843  -0.297847  -0.092108,
	  0.089018  -0.321521   0.141528,
	  0.086285  -0.328024   0.137166,
	  0.084669  -0.317963   0.136932,
	  0.081906  -0.321179   0.134111,
	  0.100561  -0.302609   0.140234,
	  0.100151  -0.292177   0.139614,
	  0.095088  -0.291127   0.135680,
	  0.094843  -0.297847   0.136108,
	  0.076617  -0.327510  -0.100439,
	  0.081153  -0.321126  -0.104433,
	  0.077931  -0.318891  -0.099859,
	  0.074253  -0.322839  -0.095170,
	  0.097691  -0.302630  -0.099656,
	  0.098200  -0.292565  -0.100365,
	  0.093270  -0.291397  -0.095472,
	  0.092090  -0.297304  -0.095104,
	  0.078748  -0.320345   0.144557,
	  0.080806  -0.322273   0.148708,
	  0.076405  -0.327041   0.144716,
	  0.075550  -0.323953   0.141079,
	  0.097691  -0.302630   0.143656,
	  0.098200  -0.292565   0.144365,
	  0.093270  -0.291397   0.139472,
	  0.092090  -0.297304   0.139104,
	  0.094196  -0.302495  -0.102682,
	  0.094371  -0.293136  -0.104001,
	  0.090550  -0.292167  -0.098691,
	  0.089411  -0.297362  -0.098248,
	  0.094196  -0.302495   0.146682,
	  0.094371  -0.293136   0.148001,
	  0.090550  -0.292167   0.142691,
	  0.089411  -0.297362   0.142248,
     ]    } 
    coordIndex [ 
	     0,      1,      2, -1 
	     3,      0,      2, -1 
	     4,      5,      0, -1 
	     6,      0,      3, -1 
	     6,      4,      0, -1 
	     0,      5,      1, -1 
	     2,      1,      7, -1 
	     5,      8,      1, -1 
	     1,      9,      7, -1 
	     1,      8,      9, -1 
	     2,      7,     10, -1 
	    11,      3,      2, -1 
	     2,     10,     11, -1 
	    12,      3,     13, -1 
	    12,      6,      3, -1 
	     8,     13,      3, -1 
	    11,      8,      3, -1 
	     4,      6,     12, -1 
	     4,     12,     14, -1 
	     4,     14,      5, -1 
	    14,     13,      5, -1 
	     5,     13,      8, -1 
	    10,      7,     15, -1 
	     7,     16,     15, -1 
	     7,      9,     16, -1 
	     8,     11,      9, -1 
	     9,     17,     16, -1 
	     9,     11,     17, -1 
	    11,     10,     18, -1 
	    10,     15,     18, -1 
	    11,     18,     17, -1 
	    14,     12,     13, -1 
	    15,     19,     20, -1 
	    15,     16,     19, -1 
	    18,     15,     20, -1 
	    16,     21,     19, -1 
	    16,     17,     21, -1 
	    17,     22,     21, -1 
	    17,     18,     22, -1 
	    18,     20,     22, -1 
	    19,     21,     23, -1 
	    20,     19,     24, -1 
	    19,     23,     24, -1 
	    22,     20,     25, -1 
	    20,     24,     25, -1 
	    21,     26,     23, -1 
	    21,     22,     26, -1 
	    22,     25,     26, -1 
	    24,     23,     27, -1 
	    23,     26,     28, -1 
	    23,     28,     27, -1 
	    24,     27,     29, -1 
	    25,     24,     29, -1 
	    25,     29,     30, -1 
	    26,     25,     30, -1 
	    26,     30,     28, -1 
	    29,     27,     31, -1 
	    27,     28,     32, -1 
	    27,     32,     31, -1 
	    28,     30,     33, -1 
	    28,     33,     32, -1 
	    29,     31,     34, -1 
	    30,     29,     34, -1 
	    30,     34,     33, -1 
	    31,     32,     35, -1 
	    34,     31,     36, -1 
	    31,     35,     36, -1 
	    32,     37,     35, -1 
	    32,     33,     37, -1 
	    33,     38,     37, -1 
	    33,     34,     38, -1 
	    34,     36,     38, -1 
	    35,     39,     40, -1 
	    35,     37,     39, -1 
	    36,     35,     40, -1 
	    36,     40,     41, -1 
	    38,     36,     41, -1 
	    37,     42,     39, -1 
	    37,     38,     42, -1 
	    38,     41,     42, -1 
	    40,     39,     43, -1 
	    39,     44,     43, -1 
	    39,     42,     44, -1 
	    40,     43,     45, -1 
	    41,     40,     45, -1 
	    41,     45,     46, -1 
	    42,     41,     46, -1 
	    42,     46,     44, -1 
	    43,     44,     47, -1 
	    45,     43,     48, -1 
	    43,     47,     48, -1 
	    44,     46,     49, -1 
	    44,     49,     47, -1 
	    45,     48,     50, -1 
	    46,     45,     50, -1 
	    46,     50,     49, -1 
	    47,     49,     51, -1 
	    47,     51,     52, -1 
	    48,     47,     52, -1 
	    50,     48,     53, -1 
	    48,     52,     53, -1 
	    49,     54,     51, -1 
	    49,     50,     54, -1 
	    50,     53,     54, -1 
	    52,     51,     55, -1 
	    51,     54,     56, -1 
	    51,     56,     55, -1 
	    52,     55,     57, -1 
	    53,     52,     57, -1 
	    53,     57,     58, -1 
	    54,     53,     58, -1 
	    54,     58,     56, -1 
	    57,     55,     59, -1 
	    55,     56,     60, -1 
	    55,     60,     59, -1 
	    56,     58,     61, -1 
	    56,     61,     60, -1 
	    58,     57,     62, -1 
	    57,     59,     62, -1 
	    58,     62,     61, -1 
	    59,     61,     62, -1 
	    59,     60,     61, -1 
	    63,     64,     65, -1 
	    63,     65,     66, -1 
	    64,     63,     67, -1 
	    63,     66,     68, -1 
	    68,     67,     63, -1 
	    64,     69,     65, -1 
	    64,     70,     69, -1 
	    64,     67,     70, -1 
	    66,     65,     71, -1 
	    65,     69,     72, -1 
	    65,     72,     71, -1 
	    68,     66,     73, -1 
	    66,     71,     73, -1 
	    67,     74,     75, -1 
	    67,     75,     70, -1 
	    74,     67,     68, -1 
	    68,     73,     76, -1 
	    77,     68,     76, -1 
	    74,     68,     77, -1 
	    69,     78,     72, -1 
	    69,     79,     78, -1 
	    70,     79,     69, -1 
	    70,     75,     79, -1 
	    71,     80,     81, -1 
	    71,     72,     80, -1 
	    73,     71,     81, -1 
	    72,     82,     80, -1 
	    72,     78,     82, -1 
	    76,     73,     83, -1 
	    73,     81,     83, -1 
	    75,     74,     77, -1 
	    75,     77,     79, -1 
	    76,     83,     84, -1 
	    77,     76,     85, -1 
	    85,     76,     84, -1 
	    79,     77,     85, -1 
	    78,     86,     82, -1 
	    79,     85,     78, -1 
	    78,     85,     86, -1 
	    81,     80,     87, -1 
	    80,     82,     88, -1 
	    80,     88,     87, -1 
	    83,     81,     89, -1 
	    81,     87,     89, -1 
	    82,     90,     88, -1 
	    82,     86,     90, -1 
	    83,     89,     91, -1 
	    84,     83,     91, -1 
	    84,     91,     92, -1 
	    85,     84,     86, -1 
	    86,     84,     92, -1 
	    86,     92,     90, -1 
	    89,     87,     93, -1 
	    87,     88,     94, -1 
	    87,     94,     93, -1 
	    88,     90,     95, -1 
	    88,     95,     94, -1 
	    91,     89,     96, -1 
	    89,     93,     96, -1 
	    90,     92,     97, -1 
	    90,     97,     95, -1 
	    91,     96,     98, -1 
	    92,     91,     98, -1 
	    92,     98,     97, -1 
	    93,     94,     99, -1 
	    93,     99,    100, -1 
	    96,     93,    100, -1 
	    94,     95,    101, -1 
	    94,    101,     99, -1 
	    95,     97,    102, -1 
	    95,    102,    101, -1 
	    98,     96,    103, -1 
	    96,    100,    103, -1 
	    97,    104,    102, -1 
	    97,     98,    104, -1 
	    98,    103,    104, -1 
	   100,     99,    105, -1 
	    99,    101,    106, -1 
	    99,    106,    105, -1 
	   100,    105,    107, -1 
	   103,    100,    107, -1 
	   101,    102,    108, -1 
	   101,    108,    106, -1 
	   102,    104,    109, -1 
	   102,    109,    108, -1 
	   104,    103,    110, -1 
	   103,    107,    110, -1 
	   104,    110,    109, -1 
	   107,    105,    111, -1 
	   105,    106,    112, -1 
	   105,    112,    111, -1 
	   106,    108,    113, -1 
	   106,    113,    112, -1 
	   110,    107,    114, -1 
	   107,    111,    114, -1 
	   108,    109,    115, -1 
	   108,    115,    113, -1 
	   109,    110,    116, -1 
	   109,    116,    115, -1 
	   110,    114,    116, -1 
	   114,    111,    117, -1 
	   111,    112,    118, -1 
	   111,    118,    117, -1 
	   112,    113,    119, -1 
	   112,    119,    118, -1 
	   113,    115,    120, -1 
	   113,    120,    119, -1 
	   116,    114,    121, -1 
	   114,    117,    121, -1 
	   115,    116,    122, -1 
	   115,    122,    120, -1 
	   116,    121,    122, -1 
	   117,    118,    123, -1 
	   121,    117,    124, -1 
	   117,    123,    124, -1 
	   118,    119,    125, -1 
	   118,    125,    123, -1 
	   119,    120,    126, -1 
	   119,    126,    125, -1 
	   120,    122,    127, -1 
	   120,    127,    126, -1 
	   122,    121,    128, -1 
	   121,    124,    128, -1 
	   122,    128,    127, -1 
	   123,    125,    129, -1 
	   123,    129,    130, -1 
	   124,    123,    130, -1 
	   124,    130,    131, -1 
	   128,    124,    131, -1 
	   125,    126,    132, -1 
	   125,    132,    129, -1 
	   126,    133,    132, -1 
	   126,    127,    133, -1 
	   127,    134,    133, -1 
	   127,    128,    134, -1 
	   128,    131,    134, -1 
	   129,    132,    135, -1 
	   129,    135,    136, -1 
	   130,    129,    136, -1 
	   131,    130,    137, -1 
	   130,    136,    137, -1 
	   131,    137,    138, -1 
	   134,    131,    138, -1 
	   132,    133,    139, -1 
	   132,    139,    135, -1 
	   133,    134,    140, -1 
	   133,    140,    139, -1 
	   134,    138,    140, -1 
	   135,    139,    141, -1 
	   135,    141,    142, -1 
	   136,    135,    142, -1 
	   137,    136,    143, -1 
	   136,    142,    143, -1 
	   138,    137,    144, -1 
	   137,    143,    144, -1 
	   140,    138,    145, -1 
	   138,    144,    145, -1 
	   139,    140,    146, -1 
	   139,    146,    141, -1 
	   140,    145,    146, -1 
	   142,    141,    147, -1 
	   147,    141,    146, -1 
	   142,    147,    148, -1 
	   143,    142,    148, -1 
	   144,    143,    149, -1 
	   143,    148,    149, -1 
	   145,    144,    150, -1 
	   144,    149,    150, -1 
	   146,    145,    151, -1 
	   145,    150,    151, -1 
	   146,    151,    152, -1 
	   152,    147,    146, -1 
	   153,    147,    152, -1 
	   148,    147,    153, -1 
	   148,    153,    154, -1 
	   148,    154,    149, -1 
	   149,    154,    150, -1 
	   154,    155,    150, -1 
	   151,    150,    155, -1 
	   152,    151,    156, -1 
	   151,    155,    156, -1 
	   153,    152,    157, -1 
	   152,    156,    157, -1 
	   154,    153,    157, -1 
	   154,    157,    155, -1 
	   156,    155,    157, -1 
	   158,    159,    160, -1 
	   159,    158,    161, -1 
	   158,    160,    162, -1 
	   161,    158,    162, -1 
	   159,    163,    164, -1 
	   159,    164,    160, -1 
	   159,    161,    163, -1 
	   160,    164,    165, -1 
	   160,    165,    166, -1 
	   162,    160,    166, -1 
	   161,    162,    167, -1 
	   168,    161,    167, -1 
	   161,    168,    163, -1 
	   167,    162,    169, -1 
	   162,    166,    169, -1 
	   168,    170,    163, -1 
	   163,    170,    164, -1 
	   164,    171,    165, -1 
	   171,    164,    172, -1 
	   172,    164,    173, -1 
	   164,    170,    173, -1 
	   166,    165,    174, -1 
	   165,    175,    174, -1 
	   165,    171,    175, -1 
	   166,    174,    176, -1 
	   169,    166,    176, -1 
	   168,    167,    173, -1 
	   173,    167,    177, -1 
	   167,    169,    177, -1 
	   170,    168,    173, -1 
	   177,    169,    178, -1 
	   169,    176,    178, -1 
	   171,    179,    175, -1 
	   171,    172,    179, -1 
	   172,    180,    179, -1 
	   172,    177,    180, -1 
	   173,    177,    172, -1 
	   174,    181,    182, -1 
	   174,    175,    181, -1 
	   176,    174,    182, -1 
	   175,    183,    181, -1 
	   175,    179,    183, -1 
	   176,    182,    184, -1 
	   178,    176,    184, -1 
	   177,    178,    180, -1 
	   180,    178,    185, -1 
	   178,    184,    185, -1 
	   179,    186,    183, -1 
	   179,    180,    186, -1 
	   180,    185,    186, -1 
	   181,    187,    188, -1 
	   181,    183,    187, -1 
	   182,    181,    188, -1 
	   182,    188,    189, -1 
	   184,    182,    189, -1 
	   183,    186,    190, -1 
	   183,    190,    187, -1 
	   184,    189,    191, -1 
	   185,    184,    191, -1 
	   186,    185,    192, -1 
	   185,    191,    192, -1 
	   186,    192,    190, -1 
	   188,    187,    193, -1 
	   187,    190,    194, -1 
	   187,    194,    193, -1 
	   188,    193,    195, -1 
	   189,    188,    195, -1 
	   189,    195,    196, -1 
	   191,    189,    196, -1 
	   190,    197,    194, -1 
	   190,    192,    197, -1 
	   192,    191,    198, -1 
	   191,    196,    198, -1 
	   192,    198,    197, -1 
	   195,    193,    199, -1 
	   193,    194,    200, -1 
	   193,    200,    199, -1 
	   194,    201,    200, -1 
	   194,    197,    201, -1 
	   195,    199,    202, -1 
	   196,    195,    202, -1 
	   196,    202,    203, -1 
	   198,    196,    203, -1 
	   197,    198,    204, -1 
	   197,    204,    201, -1 
	   198,    203,    204, -1 
	   202,    199,    205, -1 
	   199,    206,    205, -1 
	   199,    200,    206, -1 
	   200,    201,    207, -1 
	   200,    207,    206, -1 
	   201,    204,    208, -1 
	   201,    208,    207, -1 
	   202,    205,    209, -1 
	   203,    202,    209, -1 
	   203,    209,    210, -1 
	   204,    203,    210, -1 
	   204,    210,    208, -1 
	   205,    206,    211, -1 
	   209,    205,    212, -1 
	   205,    211,    212, -1 
	   206,    207,    213, -1 
	   206,    213,    211, -1 
	   207,    214,    213, -1 
	   207,    208,    214, -1 
	   208,    215,    214, -1 
	   208,    210,    215, -1 
	   210,    209,    216, -1 
	   209,    212,    216, -1 
	   210,    216,    215, -1 
	   211,    217,    218, -1 
	   211,    213,    217, -1 
	   212,    211,    218, -1 
	   212,    218,    219, -1 
	   216,    212,    219, -1 
	   213,    220,    217, -1 
	   213,    214,    220, -1 
	   214,    221,    220, -1 
	   214,    215,    221, -1 
	   215,    216,    222, -1 
	   215,    222,    221, -1 
	   216,    219,    222, -1 
	   218,    217,    223, -1 
	   217,    224,    223, -1 
	   217,    220,    224, -1 
	   218,    223,    225, -1 
	   219,    218,    225, -1 
	   219,    225,    226, -1 
	   222,    219,    226, -1 
	   220,    221,    227, -1 
	   220,    227,    224, -1 
	   221,    222,    228, -1 
	   221,    228,    227, -1 
	   222,    226,    228, -1 
	   225,    223,    229, -1 
	   223,    230,    229, -1 
	   223,    224,    230, -1 
	   224,    227,    231, -1 
	   224,    231,    230, -1 
	   226,    225,    232, -1 
	   225,    229,    232, -1 
	   226,    232,    233, -1 
	   228,    226,    233, -1 
	   227,    228,    234, -1 
	   227,    234,    231, -1 
	   228,    233,    234, -1 
	   232,    229,    235, -1 
	   229,    236,    235, -1 
	   229,    230,    236, -1 
	   230,    237,    236, -1 
	   230,    231,    237, -1 
	   231,    238,    237, -1 
	   231,    234,    238, -1 
	   232,    235,    239, -1 
	   233,    232,    239, -1 
	   233,    239,    240, -1 
	   234,    233,    240, -1 
	   234,    240,    238, -1 
	   239,    235,    241, -1 
	   235,    242,    241, -1 
	   235,    236,    242, -1 
	   236,    243,    242, -1 
	   236,    237,    243, -1 
	   237,    238,    244, -1 
	   237,    244,    243, -1 
	   238,    240,    245, -1 
	   238,    245,    244, -1 
	   240,    239,    246, -1 
	   239,    241,    246, -1 
	   240,    246,    245, -1 
	   246,    241,    247, -1 
	   241,    242,    247, -1 
	   242,    248,    247, -1 
	   242,    243,    248, -1 
	   243,    244,    249, -1 
	   243,    249,    250, -1 
	   248,    243,    250, -1 
	   249,    244,    245, -1 
	   245,    246,    251, -1 
	   249,    245,    251, -1 
	   246,    247,    251, -1 
	   247,    248,    251, -1 
	   251,    248,    250, -1 
	   251,    250,    249, -1 
	   252,    253,    254, -1 
	   255,    252,    256, -1 
	   252,    254,    256, -1 
	   257,    258,    252, -1 
	   258,    253,    252, -1 
	   257,    252,    255, -1 
	   258,    259,    253, -1 
	   259,    260,    253, -1 
	   253,    260,    261, -1 
	   253,    261,    254, -1 
	   254,    262,    256, -1 
	   261,    262,    254, -1 
	   263,    257,    255, -1 
	   255,    256,    264, -1 
	   263,    255,    265, -1 
	   265,    255,    264, -1 
	   256,    262,    264, -1 
	   266,    257,    263, -1 
	   267,    258,    257, -1 
	   266,    267,    257, -1 
	   267,    268,    258, -1 
	   268,    259,    258, -1 
	   268,    269,    259, -1 
	   269,    270,    259, -1 
	   259,    270,    260, -1 
	   270,    271,    260, -1 
	   260,    271,    262, -1 
	   260,    262,    261, -1 
	   264,    262,    272, -1 
	   271,    272,    262, -1 
	   273,    263,    265, -1 
	   274,    263,    273, -1 
	   274,    266,    263, -1 
	   265,    264,    272, -1 
	   273,    265,    271, -1 
	   271,    265,    272, -1 
	   275,    267,    266, -1 
	   276,    266,    274, -1 
	   276,    275,    266, -1 
	   275,    277,    267, -1 
	   277,    268,    267, -1 
	   277,    278,    268, -1 
	   278,    269,    268, -1 
	   269,    279,    270, -1 
	   280,    279,    269, -1 
	   280,    269,    278, -1 
	   270,    273,    271, -1 
	   279,    273,    270, -1 
	   279,    274,    273, -1 
	   281,    276,    274, -1 
	   281,    274,    279, -1 
	   282,    283,    275, -1 
	   283,    277,    275, -1 
	   282,    275,    276, -1 
	   284,    282,    276, -1 
	   284,    276,    281, -1 
	   285,    278,    277, -1 
	   277,    283,    285, -1 
	   286,    280,    278, -1 
	   286,    278,    285, -1 
	   280,    281,    279, -1 
	   286,    287,    280, -1 
	   287,    281,    280, -1 
	   287,    284,    281, -1 
	   288,    283,    282, -1 
	   289,    288,    282, -1 
	   289,    282,    284, -1 
	   290,    285,    283, -1 
	   288,    290,    283, -1 
	   291,    284,    287, -1 
	   291,    289,    284, -1 
	   290,    292,    285, -1 
	   292,    286,    285, -1 
	   292,    293,    286, -1 
	   293,    287,    286, -1 
	   293,    291,    287, -1 
	   294,    295,    288, -1 
	   294,    288,    289, -1 
	   295,    290,    288, -1 
	   296,    294,    289, -1 
	   296,    289,    291, -1 
	   295,    297,    290, -1 
	   297,    292,    290, -1 
	   298,    291,    293, -1 
	   298,    296,    291, -1 
	   297,    299,    292, -1 
	   299,    293,    292, -1 
	   299,    298,    293, -1 
	   300,    301,    294, -1 
	   300,    294,    296, -1 
	   301,    295,    294, -1 
	   301,    302,    295, -1 
	   302,    297,    295, -1 
	   303,    300,    296, -1 
	   303,    296,    298, -1 
	   302,    304,    297, -1 
	   304,    299,    297, -1 
	   305,    303,    298, -1 
	   305,    298,    299, -1 
	   304,    305,    299, -1 
	   306,    307,    300, -1 
	   307,    301,    300, -1 
	   306,    300,    303, -1 
	   307,    308,    301, -1 
	   308,    302,    301, -1 
	   309,    304,    302, -1 
	   308,    309,    302, -1 
	   310,    303,    305, -1 
	   310,    306,    303, -1 
	   309,    311,    304, -1 
	   311,    305,    304, -1 
	   311,    310,    305, -1 
	   312,    313,    306, -1 
	   313,    307,    306, -1 
	   312,    306,    310, -1 
	   313,    314,    307, -1 
	   314,    308,    307, -1 
	   315,    309,    308, -1 
	   314,    315,    308, -1 
	   315,    316,    309, -1 
	   316,    311,    309, -1 
	   317,    312,    310, -1 
	   317,    310,    311, -1 
	   316,    317,    311, -1 
	   318,    312,    317, -1 
	   319,    313,    312, -1 
	   318,    319,    312, -1 
	   319,    320,    313, -1 
	   320,    314,    313, -1 
	   321,    315,    314, -1 
	   320,    321,    314, -1 
	   321,    322,    315, -1 
	   322,    316,    315, -1 
	   322,    323,    316, -1 
	   323,    317,    316, -1 
	   323,    318,    317, -1 
	   324,    318,    323, -1 
	   325,    319,    318, -1 
	   324,    325,    318, -1 
	   325,    326,    319, -1 
	   326,    320,    319, -1 
	   327,    321,    320, -1 
	   326,    327,    320, -1 
	   328,    322,    321, -1 
	   327,    328,    321, -1 
	   329,    323,    322, -1 
	   328,    329,    322, -1 
	   329,    324,    323, -1 
	   330,    325,    324, -1 
	   331,    330,    324, -1 
	   331,    324,    329, -1 
	   332,    326,    325, -1 
	   330,    332,    325, -1 
	   333,    327,    326, -1 
	   332,    333,    326, -1 
	   334,    328,    327, -1 
	   333,    334,    327, -1 
	   335,    329,    328, -1 
	   334,    335,    328, -1 
	   335,    331,    329, -1 
	   336,    332,    330, -1 
	   337,    336,    330, -1 
	   337,    330,    331, -1 
	   338,    331,    335, -1 
	   338,    337,    331, -1 
	   339,    333,    332, -1 
	   336,    339,    332, -1 
	   340,    334,    333, -1 
	   339,    340,    333, -1 
	   340,    341,    334, -1 
	   341,    335,    334, -1 
	   341,    338,    335, -1 
	   342,    339,    336, -1 
	   343,    342,    336, -1 
	   336,    337,    344, -1 
	   336,    344,    343, -1 
	   344,    337,    338, -1 
	   338,    341,    345, -1 
	   338,    345,    346, -1 
	   346,    344,    338, -1 
	   342,    347,    339, -1 
	   347,    340,    339, -1 
	   347,    345,    340, -1 
	   345,    341,    340, -1 
	   342,    345,    347, -1 
	   344,    342,    343, -1 
	   345,    342,    346, -1 
	   346,    342,    344, -1 
	   348,    349,    350, -1 
	   348,    351,    349, -1 
	   352,    348,    353, -1 
	   353,    348,    350, -1 
	   354,    351,    348, -1 
	   352,    354,    348, -1 
	   355,    350,    349, -1 
	   355,    349,    356, -1 
	   351,    356,    349, -1 
	   353,    350,    357, -1 
	   355,    357,    350, -1 
	   354,    358,    351, -1 
	   351,    359,    356, -1 
	   358,    359,    351, -1 
	   360,    352,    361, -1 
	   360,    362,    352, -1 
	   361,    352,    353, -1 
	   362,    354,    352, -1 
	   361,    353,    363, -1 
	   363,    353,    357, -1 
	   364,    358,    354, -1 
	   362,    364,    354, -1 
	   365,    363,    355, -1 
	   365,    355,    366, -1 
	   363,    357,    355, -1 
	   355,    356,    366, -1 
	   359,    366,    356, -1 
	   358,    367,    359, -1 
	   368,    367,    358, -1 
	   364,    368,    358, -1 
	   359,    365,    366, -1 
	   367,    365,    359, -1 
	   369,    362,    360, -1 
	   370,    369,    360, -1 
	   371,    360,    361, -1 
	   370,    360,    371, -1 
	   372,    361,    363, -1 
	   371,    361,    372, -1 
	   369,    373,    362, -1 
	   373,    364,    362, -1 
	   372,    363,    365, -1 
	   374,    368,    364, -1 
	   373,    374,    364, -1 
	   367,    372,    365, -1 
	   375,    372,    367, -1 
	   368,    375,    367, -1 
	   376,    375,    368, -1 
	   374,    376,    368, -1 
	   377,    373,    369, -1 
	   378,    369,    370, -1 
	   378,    377,    369, -1 
	   379,    370,    380, -1 
	   379,    378,    370, -1 
	   380,    370,    371, -1 
	   375,    371,    372, -1 
	   380,    371,    375, -1 
	   381,    374,    373, -1 
	   377,    381,    373, -1 
	   382,    376,    374, -1 
	   381,    382,    374, -1 
	   376,    380,    375, -1 
	   383,    380,    376, -1 
	   382,    383,    376, -1 
	   384,    381,    377, -1 
	   385,    377,    378, -1 
	   385,    384,    377, -1 
	   386,    378,    379, -1 
	   386,    385,    378, -1 
	   387,    379,    383, -1 
	   387,    386,    379, -1 
	   383,    379,    380, -1 
	   384,    388,    381, -1 
	   388,    382,    381, -1 
	   389,    383,    382, -1 
	   388,    389,    382, -1 
	   389,    387,    383, -1 
	   390,    388,    384, -1 
	   391,    384,    385, -1 
	   391,    390,    384, -1 
	   392,    385,    386, -1 
	   392,    391,    385, -1 
	   393,    386,    387, -1 
	   393,    392,    386, -1 
	   394,    393,    387, -1 
	   394,    387,    389, -1 
	   395,    389,    388, -1 
	   390,    395,    388, -1 
	   395,    394,    389, -1 
	   396,    397,    390, -1 
	   396,    390,    391, -1 
	   397,    395,    390, -1 
	   398,    396,    391, -1 
	   398,    391,    392, -1 
	   399,    392,    393, -1 
	   399,    398,    392, -1 
	   400,    393,    394, -1 
	   400,    399,    393, -1 
	   401,    394,    395, -1 
	   401,    400,    394, -1 
	   397,    401,    395, -1 
	   402,    396,    398, -1 
	   402,    403,    396, -1 
	   403,    397,    396, -1 
	   403,    404,    397, -1 
	   404,    401,    397, -1 
	   405,    398,    399, -1 
	   405,    402,    398, -1 
	   406,    405,    399, -1 
	   406,    399,    400, -1 
	   407,    400,    401, -1 
	   407,    406,    400, -1 
	   404,    407,    401, -1 
	   408,    402,    405, -1 
	   408,    409,    402, -1 
	   409,    403,    402, -1 
	   410,    404,    403, -1 
	   409,    410,    403, -1 
	   411,    407,    404, -1 
	   410,    411,    404, -1 
	   412,    408,    405, -1 
	   412,    405,    406, -1 
	   413,    412,    406, -1 
	   413,    406,    407, -1 
	   411,    413,    407, -1 
	   414,    409,    408, -1 
	   415,    414,    408, -1 
	   415,    408,    412, -1 
	   416,    410,    409, -1 
	   414,    416,    409, -1 
	   417,    411,    410, -1 
	   416,    417,    410, -1 
	   417,    418,    411, -1 
	   418,    413,    411, -1 
	   419,    412,    413, -1 
	   419,    415,    412, -1 
	   418,    419,    413, -1 
	   420,    416,    414, -1 
	   421,    420,    414, -1 
	   421,    414,    415, -1 
	   422,    421,    415, -1 
	   422,    415,    419, -1 
	   423,    417,    416, -1 
	   420,    423,    416, -1 
	   424,    418,    417, -1 
	   423,    424,    417, -1 
	   424,    425,    418, -1 
	   425,    419,    418, -1 
	   425,    422,    419, -1 
	   426,    423,    420, -1 
	   427,    426,    420, -1 
	   427,    420,    421, -1 
	   428,    427,    421, -1 
	   428,    421,    422, -1 
	   429,    428,    422, -1 
	   429,    422,    425, -1 
	   430,    424,    423, -1 
	   426,    430,    423, -1 
	   431,    425,    424, -1 
	   430,    431,    424, -1 
	   431,    429,    425, -1 
	   427,    432,    426, -1 
	   430,    426,    433, -1 
	   426,    432,    433, -1 
	   434,    432,    427, -1 
	   434,    427,    428, -1 
	   435,    434,    428, -1 
	   435,    428,    429, -1 
	   436,    429,    431, -1 
	   436,    435,    429, -1 
	   433,    431,    430, -1 
	   433,    436,    431, -1 
	   432,    434,    437, -1 
	   438,    433,    432, -1 
	   432,    437,    438, -1 
	   439,    436,    433, -1 
	   438,    439,    433, -1 
	   437,    434,    440, -1 
	   441,    440,    434, -1 
	   441,    434,    435, -1 
	   436,    441,    435, -1 
	   436,    439,    441, -1 
	   441,    438,    437, -1 
	   441,    437,    440, -1 
	   438,    441,    439, -1 
	   442,    443,    444, -1 
	   445,    442,    444, -1 
	   446,    447,    442, -1 
	   448,    442,    445, -1 
	   448,    446,    442, -1 
	   442,    447,    443, -1 
	   443,    449,    450, -1 
	   443,    450,    451, -1 
	   447,    449,    443, -1 
	   444,    443,    451, -1 
	   445,    444,    452, -1 
	   444,    451,    453, -1 
	   452,    444,    453, -1 
	   454,    445,    455, -1 
	   455,    445,    452, -1 
	   454,    448,    445, -1 
	   446,    456,    447, -1 
	   457,    446,    448, -1 
	   457,    458,    446, -1 
	   458,    456,    446, -1 
	   456,    459,    447, -1 
	   447,    459,    449, -1 
	   460,    457,    448, -1 
	   460,    448,    454, -1 
	   459,    461,    449, -1 
	   449,    461,    462, -1 
	   449,    462,    450, -1 
	   451,    450,    463, -1 
	   450,    462,    464, -1 
	   450,    464,    463, -1 
	   451,    463,    465, -1 
	   453,    451,    465, -1 
	   466,    452,    467, -1 
	   452,    453,    467, -1 
	   455,    452,    466, -1 
	   453,    465,    468, -1 
	   467,    453,    468, -1 
	   469,    460,    454, -1 
	   469,    454,    470, -1 
	   470,    454,    455, -1 
	   471,    455,    466, -1 
	   470,    455,    471, -1 
	   456,    472,    459, -1 
	   458,    473,    456, -1 
	   473,    472,    456, -1 
	   474,    458,    457, -1 
	   475,    474,    457, -1 
	   475,    457,    460, -1 
	   474,    476,    458, -1 
	   476,    473,    458, -1 
	   459,    471,    461, -1 
	   472,    471,    459, -1 
	   477,    460,    469, -1 
	   477,    475,    460, -1 
	   471,    466,    461, -1 
	   461,    478,    462, -1 
	   461,    466,    478, -1 
	   462,    478,    479, -1 
	   462,    479,    464, -1 
	   463,    464,    480, -1 
	   463,    480,    481, -1 
	   465,    463,    481, -1 
	   464,    479,    482, -1 
	   464,    482,    480, -1 
	   468,    465,    483, -1 
	   465,    481,    483, -1 
	   466,    467,    478, -1 
	   478,    467,    484, -1 
	   467,    468,    484, -1 
	   468,    483,    485, -1 
	   484,    468,    485, -1 
	   486,    469,    487, -1 
	   486,    477,    469, -1 
	   487,    469,    470, -1 
	   487,    470,    472, -1 
	   472,    470,    471, -1 
	   473,    487,    472, -1 
	   476,    488,    473, -1 
	   488,    487,    473, -1 
	   489,    474,    475, -1 
	   490,    476,    474, -1 
	   489,    490,    474, -1 
	   491,    489,    475, -1 
	   491,    475,    477, -1 
	   492,    488,    476, -1 
	   490,    492,    476, -1 
	   493,    491,    477, -1 
	   493,    477,    486, -1 
	   478,    484,    479, -1 
	   479,    484,    494, -1 
	   479,    494,    482, -1 
	   480,    495,    496, -1 
	   480,    482,    495, -1 
	   481,    480,    496, -1 
	   481,    496,    497, -1 
	   483,    481,    497, -1 
	   482,    494,    498, -1 
	   482,    498,    495, -1 
	   485,    483,    499, -1 
	   483,    497,    499, -1 
	   484,    485,    494, -1 
	   494,    485,    500, -1 
	   485,    499,    500, -1 
	   501,    486,    488, -1 
	   488,    486,    487, -1 
	   501,    493,    486, -1 
	   492,    501,    488, -1 
	   502,    489,    491, -1 
	   503,    490,    489, -1 
	   502,    503,    489, -1 
	   503,    504,    490, -1 
	   504,    492,    490, -1 
	   505,    502,    491, -1 
	   505,    491,    493, -1 
	   504,    506,    492, -1 
	   506,    501,    492, -1 
	   507,    493,    501, -1 
	   507,    505,    493, -1 
	   494,    500,    498, -1 
	   495,    508,    509, -1 
	   495,    498,    508, -1 
	   496,    495,    509, -1 
	   497,    496,    510, -1 
	   496,    509,    510, -1 
	   497,    510,    511, -1 
	   499,    497,    511, -1 
	   498,    500,    512, -1 
	   498,    512,    508, -1 
	   500,    499,    513, -1 
	   499,    511,    513, -1 
	   500,    513,    512, -1 
	   506,    507,    501, -1 
	   507,    502,    505, -1 
	   507,    503,    502, -1 
	   504,    503,    507, -1 
	   504,    507,    506, -1 
	   509,    508,    514, -1 
	   508,    515,    514, -1 
	   508,    512,    515, -1 
	   509,    514,    516, -1 
	   510,    509,    516, -1 
	   510,    516,    517, -1 
	   511,    510,    517, -1 
	   511,    517,    518, -1 
	   513,    511,    518, -1 
	   512,    519,    515, -1 
	   512,    513,    519, -1 
	   513,    518,    519, -1 
	   516,    514,    520, -1 
	   514,    521,    520, -1 
	   514,    515,    521, -1 
	   515,    522,    521, -1 
	   515,    519,    522, -1 
	   516,    520,    523, -1 
	   517,    516,    523, -1 
	   517,    523,    524, -1 
	   518,    517,    524, -1 
	   518,    524,    525, -1 
	   519,    518,    525, -1 
	   519,    525,    522, -1 
	   523,    520,    526, -1 
	   520,    527,    526, -1 
	   520,    521,    527, -1 
	   521,    528,    527, -1 
	   521,    522,    528, -1 
	   522,    529,    528, -1 
	   522,    525,    529, -1 
	   523,    526,    530, -1 
	   524,    523,    530, -1 
	   524,    530,    531, -1 
	   525,    524,    531, -1 
	   525,    531,    529, -1 
	   530,    526,    532, -1 
	   526,    533,    532, -1 
	   526,    527,    533, -1 
	   527,    534,    533, -1 
	   527,    528,    534, -1 
	   528,    535,    534, -1 
	   528,    529,    535, -1 
	   529,    536,    535, -1 
	   529,    531,    536, -1 
	   530,    532,    537, -1 
	   531,    530,    537, -1 
	   531,    537,    536, -1 
	   535,    532,    533, -1 
	   535,    537,    532, -1 
	   535,    533,    534, -1 
	   535,    536,    537, -1 
	   538,    539,    540, -1 
	   541,    542,    538, -1 
	   543,    541,    538, -1 
	   543,    538,    544, -1 
	   538,    542,    539, -1 
	   544,    538,    540, -1 
	   539,    545,    546, -1 
	   539,    547,    545, -1 
	   540,    539,    546, -1 
	   542,    547,    539, -1 
	   548,    540,    549, -1 
	   540,    546,    549, -1 
	   544,    540,    548, -1 
	   541,    550,    542, -1 
	   551,    541,    543, -1 
	   551,    552,    541, -1 
	   552,    550,    541, -1 
	   542,    553,    547, -1 
	   550,    553,    542, -1 
	   554,    543,    544, -1 
	   555,    543,    554, -1 
	   555,    551,    543, -1 
	   556,    544,    548, -1 
	   554,    544,    556, -1 
	   546,    545,    557, -1 
	   545,    558,    559, -1 
	   545,    559,    557, -1 
	   547,    558,    545, -1 
	   546,    557,    560, -1 
	   549,    546,    560, -1 
	   547,    561,    558, -1 
	   553,    561,    547, -1 
	   562,    548,    563, -1 
	   548,    549,    563, -1 
	   556,    548,    562, -1 
	   563,    549,    564, -1 
	   549,    560,    564, -1 
	   550,    565,    553, -1 
	   566,    565,    550, -1 
	   552,    566,    550, -1 
	   567,    551,    555, -1 
	   567,    568,    551, -1 
	   568,    552,    551, -1 
	   568,    569,    552, -1 
	   569,    566,    552, -1 
	   553,    570,    561, -1 
	   565,    570,    553, -1 
	   571,    554,    572, -1 
	   571,    555,    554, -1 
	   572,    554,    556, -1 
	   573,    555,    571, -1 
	   573,    567,    555, -1 
	   570,    556,    562, -1 
	   572,    556,    570, -1 
	   557,    574,    575, -1 
	   560,    557,    575, -1 
	   557,    559,    574, -1 
	   558,    576,    577, -1 
	   558,    577,    559, -1 
	   561,    576,    558, -1 
	   559,    577,    578, -1 
	   559,    578,    574, -1 
	   560,    575,    579, -1 
	   564,    560,    579, -1 
	   570,    562,    561, -1 
	   561,    562,    576, -1 
	   562,    563,    576, -1 
	   576,    563,    580, -1 
	   563,    564,    580, -1 
	   580,    564,    581, -1 
	   564,    579,    581, -1 
	   582,    572,    565, -1 
	   566,    582,    565, -1 
	   565,    572,    570, -1 
	   569,    583,    566, -1 
	   583,    582,    566, -1 
	   584,    567,    573, -1 
	   584,    585,    567, -1 
	   585,    568,    567, -1 
	   586,    569,    568, -1 
	   585,    586,    568, -1 
	   586,    587,    569, -1 
	   587,    583,    569, -1 
	   588,    571,    582, -1 
	   588,    573,    571, -1 
	   582,    571,    572, -1 
	   589,    573,    588, -1 
	   589,    584,    573, -1 
	   574,    590,    591, -1 
	   574,    578,    590, -1 
	   575,    574,    591, -1 
	   575,    591,    592, -1 
	   579,    575,    592, -1 
	   576,    580,    577, -1 
	   577,    593,    578, -1 
	   577,    580,    593, -1 
	   578,    594,    590, -1 
	   578,    593,    594, -1 
	   579,    592,    595, -1 
	   581,    579,    595, -1 
	   580,    581,    593, -1 
	   593,    581,    596, -1 
	   581,    595,    596, -1 
	   583,    588,    582, -1 
	   597,    588,    583, -1 
	   587,    597,    583, -1 
	   598,    585,    584, -1 
	   599,    584,    589, -1 
	   599,    598,    584, -1 
	   598,    600,    585, -1 
	   600,    586,    585, -1 
	   600,    601,    586, -1 
	   601,    587,    586, -1 
	   601,    602,    587, -1 
	   602,    597,    587, -1 
	   597,    589,    588, -1 
	   603,    589,    597, -1 
	   603,    599,    589, -1 
	   596,    590,    594, -1 
	   595,    590,    596, -1 
	   595,    591,    590, -1 
	   595,    592,    591, -1 
	   593,    596,    594, -1 
	   602,    603,    597, -1 
	   604,    600,    598, -1 
	   604,    598,    605, -1 
	   598,    599,    605, -1 
	   605,    599,    603, -1 
	   604,    606,    600, -1 
	   606,    601,    600, -1 
	   607,    602,    601, -1 
	   606,    607,    601, -1 
	   608,    603,    602, -1 
	   607,    608,    602, -1 
	   608,    605,    603, -1 
	   609,    606,    604, -1 
	   610,    609,    604, -1 
	   610,    604,    605, -1 
	   611,    605,    608, -1 
	   611,    610,    605, -1 
	   612,    607,    606, -1 
	   609,    612,    606, -1 
	   613,    608,    607, -1 
	   612,    613,    607, -1 
	   613,    611,    608, -1 
	   614,    609,    610, -1 
	   614,    612,    609, -1 
	   615,    610,    611, -1 
	   615,    616,    610, -1 
	   614,    610,    616, -1 
	   617,    615,    611, -1 
	   617,    611,    613, -1 
	   618,    613,    612, -1 
	   614,    618,    612, -1 
	   618,    617,    613, -1 
	   619,    614,    616, -1 
	   619,    620,    614, -1 
	   620,    618,    614, -1 
	   621,    622,    615, -1 
	   621,    615,    617, -1 
	   622,    616,    615, -1 
	   623,    619,    616, -1 
	   622,    623,    616, -1 
	   624,    621,    617, -1 
	   617,    618,    624, -1 
	   620,    624,    618, -1 
	   625,    626,    619, -1 
	   626,    620,    619, -1 
	   625,    619,    623, -1 
	   626,    627,    620, -1 
	   627,    624,    620, -1 
	   628,    622,    621, -1 
	   629,    628,    621, -1 
	   629,    621,    624, -1 
	   628,    630,    622, -1 
	   630,    623,    622, -1 
	   630,    625,    623, -1 
	   627,    629,    624, -1 
	   629,    626,    625, -1 
	   629,    625,    630, -1 
	   629,    627,    626, -1 
	   629,    630,    628, -1 
	   631,    632,    633, -1 
	   634,    632,    631, -1 
	   635,    634,    631, -1 
	   635,    631,    636, -1 
	   636,    631,    637, -1 
	   631,    633,    637, -1 
	   632,    638,    639, -1 
	   632,    639,    633, -1 
	   640,    638,    632, -1 
	   634,    640,    632, -1 
	   633,    641,    642, -1 
	   637,    633,    642, -1 
	   633,    639,    641, -1 
	   643,    634,    635, -1 
	   644,    640,    634, -1 
	   643,    644,    634, -1 
	   645,    635,    636, -1 
	   646,    643,    635, -1 
	   646,    635,    645, -1 
	   647,    636,    648, -1 
	   636,    637,    648, -1 
	   645,    636,    647, -1 
	   648,    637,    649, -1 
	   637,    642,    649, -1 
	   640,    650,    638, -1 
	   650,    651,    638, -1 
	   638,    651,    652, -1 
	   638,    652,    639, -1 
	   639,    652,    653, -1 
	   639,    653,    641, -1 
	   644,    654,    640, -1 
	   654,    650,    640, -1 
	   641,    655,    656, -1 
	   641,    653,    655, -1 
	   642,    641,    656, -1 
	   642,    656,    657, -1 
	   649,    642,    657, -1 
	   658,    659,    643, -1 
	   659,    644,    643, -1 
	   658,    643,    646, -1 
	   660,    654,    644, -1 
	   659,    660,    644, -1 
	   661,    645,    647, -1 
	   662,    645,    661, -1 
	   662,    646,    645, -1 
	   663,    646,    662, -1 
	   663,    658,    646, -1 
	   647,    648,    664, -1 
	   661,    647,    651, -1 
	   651,    647,    664, -1 
	   664,    648,    665, -1 
	   648,    649,    665, -1 
	   665,    649,    666, -1 
	   649,    657,    666, -1 
	   650,    661,    651, -1 
	   654,    667,    650, -1 
	   667,    661,    650, -1 
	   651,    664,    652, -1 
	   652,    664,    668, -1 
	   652,    668,    653, -1 
	   653,    669,    655, -1 
	   653,    668,    669, -1 
	   670,    667,    654, -1 
	   660,    670,    654, -1 
	   655,    669,    671, -1 
	   656,    655,    672, -1 
	   655,    671,    672, -1 
	   657,    656,    673, -1 
	   656,    672,    673, -1 
	   657,    673,    674, -1 
	   666,    657,    674, -1 
	   675,    659,    658, -1 
	   676,    675,    658, -1 
	   676,    658,    663, -1 
	   677,    660,    659, -1 
	   675,    677,    659, -1 
	   677,    678,    660, -1 
	   678,    670,    660, -1 
	   667,    662,    661, -1 
	   679,    662,    667, -1 
	   679,    663,    662, -1 
	   680,    663,    679, -1 
	   680,    676,    663, -1 
	   664,    665,    668, -1 
	   668,    665,    681, -1 
	   665,    666,    681, -1 
	   681,    666,    682, -1 
	   666,    674,    682, -1 
	   670,    679,    667, -1 
	   668,    681,    669, -1 
	   669,    683,    671, -1 
	   669,    681,    683, -1 
	   684,    679,    670, -1 
	   678,    684,    670, -1 
	   671,    683,    685, -1 
	   672,    671,    686, -1 
	   671,    685,    686, -1 
	   672,    686,    687, -1 
	   673,    672,    687, -1 
	   674,    673,    688, -1 
	   673,    687,    688, -1 
	   674,    688,    689, -1 
	   682,    674,    689, -1 
	   690,    691,    675, -1 
	   690,    675,    676, -1 
	   691,    677,    675, -1 
	   692,    690,    676, -1 
	   692,    676,    680, -1 
	   693,    678,    677, -1 
	   691,    693,    677, -1 
	   694,    684,    678, -1 
	   693,    694,    678, -1 
	   684,    680,    679, -1 
	   695,    692,    680, -1 
	   695,    680,    684, -1 
	   681,    682,    683, -1 
	   683,    682,    696, -1 
	   682,    689,    696, -1 
	   683,    696,    685, -1 
	   694,    695,    684, -1 
	   686,    685,    697, -1 
	   685,    698,    697, -1 
	   685,    696,    698, -1 
	   687,    686,    699, -1 
	   686,    697,    699, -1 
	   687,    699,    700, -1 
	   688,    687,    700, -1 
	   689,    688,    701, -1 
	   688,    700,    701, -1 
	   696,    689,    702, -1 
	   689,    701,    702, -1 
	   703,    691,    690, -1 
	   704,    690,    692, -1 
	   704,    703,    690, -1 
	   703,    705,    691, -1 
	   705,    693,    691, -1 
	   706,    692,    695, -1 
	   706,    704,    692, -1 
	   707,    694,    693, -1 
	   705,    707,    693, -1 
	   707,    708,    694, -1 
	   708,    695,    694, -1 
	   708,    706,    695, -1 
	   696,    702,    698, -1 
	   699,    697,    709, -1 
	   697,    710,    709, -1 
	   697,    698,    710, -1 
	   698,    711,    710, -1 
	   698,    702,    711, -1 
	   700,    699,    712, -1 
	   699,    709,    712, -1 
	   701,    700,    713, -1 
	   700,    712,    713, -1 
	   702,    701,    714, -1 
	   701,    713,    714, -1 
	   702,    714,    711, -1 
	   715,    705,    703, -1 
	   716,    703,    704, -1 
	   716,    715,    703, -1 
	   717,    704,    706, -1 
	   717,    716,    704, -1 
	   715,    718,    705, -1 
	   718,    707,    705, -1 
	   719,    706,    708, -1 
	   719,    717,    706, -1 
	   718,    720,    707, -1 
	   720,    708,    707, -1 
	   720,    719,    708, -1 
	   712,    709,    710, -1 
	   712,    710,    711, -1 
	   711,    714,    712, -1 
	   714,    713,    712, -1 
	   721,    722,    715, -1 
	   722,    718,    715, -1 
	   721,    715,    716, -1 
	   723,    716,    717, -1 
	   723,    721,    716, -1 
	   724,    717,    719, -1 
	   724,    723,    717, -1 
	   725,    720,    718, -1 
	   722,    725,    718, -1 
	   726,    719,    720, -1 
	   726,    724,    719, -1 
	   725,    726,    720, -1 
	   726,    722,    721, -1 
	   726,    721,    723, -1 
	   726,    725,    722, -1 
	   726,    723,    724, -1 
	   727,    728,    729, -1 
	   730,    728,    727, -1 
	   731,    727,    732, -1 
	   731,    730,    727, -1 
	   727,    729,    733, -1 
	   732,    727,    733, -1 
	   728,    734,    729, -1 
	   730,    735,    728, -1 
	   735,    736,    728, -1 
	   728,    736,    734, -1 
	   733,    729,    737, -1 
	   729,    738,    737, -1 
	   729,    734,    738, -1 
	   739,    730,    731, -1 
	   739,    740,    730, -1 
	   740,    735,    730, -1 
	   741,    731,    742, -1 
	   741,    739,    731, -1 
	   742,    731,    732, -1 
	   742,    732,    736, -1 
	   732,    733,    743, -1 
	   736,    732,    743, -1 
	   733,    737,    744, -1 
	   743,    733,    744, -1 
	   736,    743,    734, -1 
	   734,    743,    745, -1 
	   734,    745,    738, -1 
	   740,    746,    735, -1 
	   746,    742,    735, -1 
	   735,    742,    736, -1 
	   744,    737,    747, -1 
	   737,    738,    748, -1 
	   737,    748,    747, -1 
	   738,    745,    749, -1 
	   738,    749,    748, -1 
	   750,    740,    739, -1 
	   751,    750,    739, -1 
	   751,    739,    741, -1 
	   752,    746,    740, -1 
	   750,    752,    740, -1 
	   746,    741,    742, -1 
	   753,    751,    741, -1 
	   753,    741,    746, -1 
	   743,    744,    745, -1 
	   744,    747,    754, -1 
	   745,    744,    754, -1 
	   745,    754,    749, -1 
	   752,    753,    746, -1 
	   754,    747,    755, -1 
	   747,    748,    756, -1 
	   747,    756,    755, -1 
	   748,    749,    757, -1 
	   748,    757,    756, -1 
	   749,    754,    758, -1 
	   749,    758,    757, -1 
	   759,    752,    750, -1 
	   760,    759,    750, -1 
	   760,    750,    751, -1 
	   761,    760,    751, -1 
	   761,    751,    753, -1 
	   762,    753,    752, -1 
	   759,    762,    752, -1 
	   762,    761,    753, -1 
	   754,    755,    758, -1 
	   758,    755,    763, -1 
	   755,    756,    764, -1 
	   755,    764,    763, -1 
	   756,    757,    765, -1 
	   756,    765,    764, -1 
	   757,    758,    766, -1 
	   757,    766,    765, -1 
	   758,    763,    766, -1 
	   767,    768,    759, -1 
	   767,    759,    760, -1 
	   768,    762,    759, -1 
	   769,    760,    761, -1 
	   769,    767,    760, -1 
	   770,    769,    761, -1 
	   770,    761,    762, -1 
	   768,    770,    762, -1 
	   766,    763,    771, -1 
	   763,    764,    772, -1 
	   763,    772,    771, -1 
	   764,    765,    773, -1 
	   764,    773,    772, -1 
	   765,    766,    774, -1 
	   765,    774,    773, -1 
	   766,    771,    774, -1 
	   775,    767,    769, -1 
	   775,    776,    767, -1 
	   776,    768,    767, -1 
	   776,    777,    768, -1 
	   777,    770,    768, -1 
	   778,    769,    770, -1 
	   778,    775,    769, -1 
	   777,    778,    770, -1 
	   774,    771,    779, -1 
	   771,    772,    780, -1 
	   771,    780,    779, -1 
	   772,    773,    781, -1 
	   772,    781,    780, -1 
	   773,    774,    782, -1 
	   773,    782,    781, -1 
	   774,    779,    782, -1 
	   783,    775,    778, -1 
	   784,    776,    775, -1 
	   775,    783,    784, -1 
	   785,    777,    776, -1 
	   784,    785,    776, -1 
	   785,    786,    777, -1 
	   786,    778,    777, -1 
	   786,    783,    778, -1 
	   782,    779,    780, -1 
	   782,    780,    781, -1 
	   787,    783,    786, -1 
	   787,    788,    783, -1 
	   788,    784,    783, -1 
	   788,    785,    784, -1 
	   788,    789,    785, -1 
	   789,    786,    785, -1 
	   789,    787,    786, -1 
	   787,    789,    788, -1 
	   790,    791,    792, -1 
	   790,    792,    793, -1 
	   794,    790,    793, -1 
	   795,    791,    790, -1 
	   796,    795,    790, -1 
	   796,    790,    794, -1 
	   795,    797,    791, -1 
	   797,    798,    791, -1 
	   792,    791,    798, -1 
	   792,    799,    800, -1 
	   799,    792,    798, -1 
	   792,    800,    793, -1 
	   800,    801,    793, -1 
	   794,    793,    801, -1 
	   802,    794,    801, -1 
	   803,    796,    794, -1 
	   803,    794,    802, -1 
	   804,    797,    795, -1 
	   805,    804,    795, -1 
	   805,    795,    796, -1 
	   806,    805,    796, -1 
	   806,    796,    803, -1 
	   797,    807,    798, -1 
	   804,    808,    797, -1 
	   808,    807,    797, -1 
	   798,    802,    799, -1 
	   807,    802,    798, -1 
	   800,    799,    801, -1 
	   802,    801,    799, -1 
	   807,    803,    802, -1 
	   809,    806,    803, -1 
	   809,    803,    807, -1 
	   810,    808,    804, -1 
	   811,    810,    804, -1 
	   811,    804,    805, -1 
	   812,    811,    805, -1 
	   812,    805,    806, -1 
	   813,    812,    806, -1 
	   813,    806,    809, -1 
	   808,    809,    807, -1 
	   810,    814,    808, -1 
	   814,    809,    808, -1 
	   814,    813,    809, -1 
	   815,    814,    810, -1 
	   816,    815,    810, -1 
	   816,    810,    811, -1 
	   817,    816,    811, -1 
	   817,    811,    812, -1 
	   818,    812,    813, -1 
	   818,    817,    812, -1 
	   819,    818,    813, -1 
	   819,    813,    814, -1 
	   815,    819,    814, -1 
	   820,    819,    815, -1 
	   821,    820,    815, -1 
	   821,    815,    816, -1 
	   822,    821,    816, -1 
	   822,    816,    817, -1 
	   823,    822,    817, -1 
	   823,    817,    818, -1 
	   824,    823,    818, -1 
	   824,    818,    819, -1 
	   820,    824,    819, -1 
	   825,    824,    820, -1 
	   826,    825,    820, -1 
	   826,    820,    821, -1 
	   827,    826,    821, -1 
	   827,    821,    822, -1 
	   828,    822,    823, -1 
	   828,    827,    822, -1 
	   829,    828,    823, -1 
	   829,    823,    824, -1 
	   825,    829,    824, -1 
	   830,    829,    825, -1 
	   831,    830,    825, -1 
	   831,    825,    826, -1 
	   832,    826,    827, -1 
	   832,    831,    826, -1 
	   833,    827,    828, -1 
	   833,    832,    827, -1 
	   834,    833,    828, -1 
	   834,    828,    829, -1 
	   830,    834,    829, -1 
	   835,    834,    830, -1 
	   836,    835,    830, -1 
	   836,    830,    831, -1 
	   837,    831,    832, -1 
	   837,    836,    831, -1 
	   838,    837,    832, -1 
	   838,    832,    833, -1 
	   839,    838,    833, -1 
	   839,    833,    834, -1 
	   835,    839,    834, -1 
	   836,    839,    835, -1 
	   836,    837,    838, -1 
	   836,    838,    839, -1 
	   840,    841,    842, -1 
	   843,    840,    842, -1 
	   844,    845,    840, -1 
	   846,    844,    840, -1 
	   846,    840,    843, -1 
	   840,    845,    841, -1 
	   845,    847,    841, -1 
	   842,    841,    848, -1 
	   841,    849,    848, -1 
	   841,    847,    849, -1 
	   843,    842,    848, -1 
	   848,    850,    843, -1 
	   843,    850,    851, -1 
	   843,    851,    846, -1 
	   844,    852,    845, -1 
	   853,    852,    844, -1 
	   854,    853,    844, -1 
	   854,    844,    846, -1 
	   845,    855,    847, -1 
	   852,    855,    845, -1 
	   846,    851,    856, -1 
	   846,    856,    854, -1 
	   850,    849,    847, -1 
	   850,    847,    855, -1 
	   848,    849,    850, -1 
	   851,    850,    855, -1 
	   851,    855,    857, -1 
	   856,    851,    857, -1 
	   852,    857,    855, -1 
	   853,    858,    852, -1 
	   858,    857,    852, -1 
	   859,    858,    853, -1 
	   860,    859,    853, -1 
	   860,    853,    854, -1 
	   854,    856,    861, -1 
	   854,    861,    860, -1 
	   856,    857,    862, -1 
	   861,    856,    862, -1 
	   858,    862,    857, -1 
	   859,    863,    858, -1 
	   863,    862,    858, -1 
	   864,    863,    859, -1 
	   865,    864,    859, -1 
	   865,    859,    860, -1 
	   860,    861,    866, -1 
	   860,    866,    865, -1 
	   861,    862,    867, -1 
	   866,    861,    867, -1 
	   863,    867,    862, -1 
	   864,    868,    863, -1 
	   868,    867,    863, -1 
	   869,    868,    864, -1 
	   870,    869,    864, -1 
	   870,    864,    865, -1 
	   865,    866,    871, -1 
	   865,    871,    870, -1 
	   866,    867,    872, -1 
	   871,    866,    872, -1 
	   868,    872,    867, -1 
	   869,    873,    868, -1 
	   873,    872,    868, -1 
	   874,    873,    869, -1 
	   875,    874,    869, -1 
	   875,    869,    870, -1 
	   870,    871,    876, -1 
	   870,    876,    875, -1 
	   871,    872,    877, -1 
	   876,    871,    877, -1 
	   873,    877,    872, -1 
	   874,    878,    873, -1 
	   878,    877,    873, -1 
	   879,    878,    874, -1 
	   880,    879,    874, -1 
	   880,    874,    875, -1 
	   875,    876,    881, -1 
	   875,    881,    880, -1 
	   876,    877,    882, -1 
	   881,    876,    882, -1 
	   878,    882,    877, -1 
	   879,    883,    878, -1 
	   883,    882,    878, -1 
	   884,    883,    879, -1 
	   885,    884,    879, -1 
	   885,    879,    880, -1 
	   880,    881,    886, -1 
	   880,    886,    885, -1 
	   881,    882,    887, -1 
	   886,    881,    887, -1 
	   883,    887,    882, -1 
	   884,    888,    883, -1 
	   888,    887,    883, -1 
	   889,    888,    884, -1 
	   890,    889,    884, -1 
	   890,    884,    885, -1 
	   885,    886,    891, -1 
	   885,    891,    890, -1 
	   886,    887,    892, -1 
	   891,    886,    892, -1 
	   888,    892,    887, -1 
	   889,    893,    888, -1 
	   893,    892,    888, -1 
	   894,    893,    889, -1 
	   895,    894,    889, -1 
	   895,    889,    890, -1 
	   890,    896,    895, -1 
	   890,    891,    896, -1 
	   891,    892,    897, -1 
	   896,    891,    897, -1 
	   893,    897,    892, -1 
	   894,    898,    893, -1 
	   898,    897,    893, -1 
	   899,    898,    894, -1 
	   900,    899,    894, -1 
	   900,    894,    895, -1 
	   895,    896,    901, -1 
	   895,    901,    900, -1 
	   896,    897,    902, -1 
	   901,    896,    902, -1 
	   898,    902,    897, -1 
	   899,    903,    898, -1 
	   903,    902,    898, -1 
	   904,    903,    899, -1 
	   905,    904,    899, -1 
	   905,    899,    900, -1 
	   900,    906,    905, -1 
	   900,    901,    906, -1 
	   901,    902,    907, -1 
	   906,    901,    907, -1 
	   903,    907,    902, -1 
	   904,    908,    903, -1 
	   908,    907,    903, -1 
	   909,    904,    905, -1 
	   909,    910,    904, -1 
	   910,    908,    904, -1 
	   905,    906,    911, -1 
	   905,    911,    909, -1 
	   906,    907,    912, -1 
	   911,    906,    912, -1 
	   908,    912,    907, -1 
	   910,    913,    908, -1 
	   913,    912,    908, -1 
	   914,    910,    909, -1 
	   909,    911,    914, -1 
	   915,    913,    910, -1 
	   914,    915,    910, -1 
	   911,    912,    916, -1 
	   911,    917,    914, -1 
	   916,    917,    911, -1 
	   913,    916,    912, -1 
	   915,    918,    913, -1 
	   918,    916,    913, -1 
	   915,    914,    917, -1 
	   915,    917,    918, -1 
	   918,    919,    916, -1 
	   917,    916,    919, -1 
	   917,    919,    918, -1 
	   920,    921,    922, -1 
	   920,    922,    923, -1 
	   924,    925,    920, -1 
	   924,    920,    926, -1 
	   925,    921,    920, -1 
	   926,    920,    923, -1 
	   925,    927,    921, -1 
	   921,    928,    922, -1 
	   927,    929,    921, -1 
	   921,    929,    928, -1 
	   923,    922,    930, -1 
	   922,    928,    931, -1 
	   922,    931,    930, -1 
	   932,    923,    933, -1 
	   926,    923,    932, -1 
	   923,    930,    933, -1 
	   934,    925,    924, -1 
	   924,    935,    934, -1 
	   924,    936,    935, -1 
	   926,    936,    924, -1 
	   934,    937,    925, -1 
	   937,    927,    925, -1 
	   932,    938,    926, -1 
	   926,    938,    936, -1 
	   937,    939,    927, -1 
	   927,    940,    929, -1 
	   939,    940,    927, -1 
	   929,    941,    928, -1 
	   928,    942,    931, -1 
	   928,    941,    942, -1 
	   929,    943,    941, -1 
	   940,    943,    929, -1 
	   933,    930,    944, -1 
	   931,    944,    930, -1 
	   931,    942,    944, -1 
	   932,    933,    945, -1 
	   945,    946,    932, -1 
	   932,    946,    938, -1 
	   933,    944,    945, -1 
	   947,    937,    934, -1 
	   934,    935,    948, -1 
	   934,    948,    947, -1 
	   949,    935,    936, -1 
	   950,    948,    935, -1 
	   950,    935,    949, -1 
	   951,    936,    938, -1 
	   949,    936,    951, -1 
	   947,    952,    937, -1 
	   952,    939,    937, -1 
	   951,    938,    943, -1 
	   943,    938,    946, -1 
	   952,    953,    939, -1 
	   939,    954,    940, -1 
	   953,    954,    939, -1 
	   940,    951,    943, -1 
	   954,    951,    940, -1 
	   941,    944,    942, -1 
	   941,    946,    944, -1 
	   943,    946,    941, -1 
	   945,    944,    946, -1 
	   955,    952,    947, -1 
	   947,    948,    956, -1 
	   947,    956,    955, -1 
	   957,    956,    948, -1 
	   957,    948,    950, -1 
	   954,    949,    951, -1 
	   958,    950,    949, -1 
	   958,    949,    954, -1 
	   959,    957,    950, -1 
	   959,    950,    958, -1 
	   960,    953,    952, -1 
	   955,    960,    952, -1 
	   960,    961,    953, -1 
	   953,    958,    954, -1 
	   961,    958,    953, -1 
	   962,    960,    955, -1 
	   955,    956,    963, -1 
	   955,    963,    962, -1 
	   964,    963,    956, -1 
	   964,    956,    957, -1 
	   965,    964,    957, -1 
	   965,    957,    959, -1 
	   961,    959,    958, -1 
	   966,    965,    959, -1 
	   966,    959,    961, -1 
	   962,    967,    960, -1 
	   967,    961,    960, -1 
	   967,    966,    961, -1 
	   968,    967,    962, -1 
	   962,    969,    968, -1 
	   962,    963,    969, -1 
	   970,    969,    963, -1 
	   970,    963,    964, -1 
	   971,    964,    965, -1 
	   971,    970,    964, -1 
	   972,    971,    965, -1 
	   972,    965,    966, -1 
	   973,    972,    966, -1 
	   973,    966,    967, -1 
	   968,    973,    967, -1 
	   974,    973,    968, -1 
	   968,    969,    975, -1 
	   968,    975,    974, -1 
	   976,    975,    969, -1 
	   976,    969,    970, -1 
	   977,    976,    970, -1 
	   977,    970,    971, -1 
	   978,    977,    971, -1 
	   978,    971,    972, -1 
	   979,    978,    972, -1 
	   979,    972,    973, -1 
	   974,    979,    973, -1 
	   980,    979,    974, -1 
	   974,    981,    980, -1 
	   974,    975,    981, -1 
	   982,    981,    975, -1 
	   982,    975,    976, -1 
	   983,    982,    976, -1 
	   983,    976,    977, -1 
	   984,    983,    977, -1 
	   984,    977,    978, -1 
	   985,    984,    978, -1 
	   985,    978,    979, -1 
	   980,    985,    979, -1 
	   986,    985,    980, -1 
	   980,    987,    986, -1 
	   987,    980,    981, -1 
	   988,    987,    981, -1 
	   988,    981,    982, -1 
	   989,    988,    982, -1 
	   989,    982,    983, -1 
	   984,    989,    983, -1 
	   990,    991,    984, -1 
	   990,    984,    985, -1 
	   984,    991,    989, -1 
	   986,    990,    985, -1 
	   992,    990,    986, -1 
	   986,    987,    993, -1 
	   986,    993,    992, -1 
	   994,    993,    987, -1 
	   994,    987,    988, -1 
	   995,    994,    988, -1 
	   995,    988,    989, -1 
	   996,    995,    989, -1 
	   996,    989,    991, -1 
	   992,    997,    990, -1 
	   997,    991,    990, -1 
	   997,    996,    991, -1 
	   998,    997,    992, -1 
	   992,    993,    999, -1 
	   992,    999,    998, -1 
	  1000,    993,    994, -1 
	  1000,    999,    993, -1 
	  1001,   1000,    994, -1 
	  1001,    994,    995, -1 
	  1002,   1001,    995, -1 
	  1002,    995,    996, -1 
	  1003,    996,    997, -1 
	  1003,   1002,    996, -1 
	   998,   1003,    997, -1 
	  1004,   1003,    998, -1 
	   998,    999,   1005, -1 
	   998,   1005,   1004, -1 
	  1006,    999,   1000, -1 
	  1006,   1005,    999, -1 
	  1007,   1006,   1000, -1 
	  1000,   1001,   1007, -1 
	  1008,   1001,   1002, -1 
	  1008,   1007,   1001, -1 
	  1009,   1008,   1002, -1 
	  1009,   1002,   1003, -1 
	  1004,   1009,   1003, -1 
	  1004,   1005,   1010, -1 
	  1010,   1009,   1004, -1 
	  1005,   1011,   1010, -1 
	  1005,   1006,   1011, -1 
	  1012,   1013,   1006, -1 
	  1006,   1007,   1012, -1 
	  1013,   1011,   1006, -1 
	  1012,   1007,   1008, -1 
	  1012,   1008,   1014, -1 
	  1014,   1008,   1009, -1 
	  1010,   1014,   1009, -1 
	  1014,   1010,   1011, -1 
	  1014,   1011,   1013, -1 
	  1012,   1014,   1013, -1 
	  1015,   1016,   1017, -1 
	  1018,   1019,   1015, -1 
	  1015,   1020,   1018, -1 
	  1019,   1021,   1015, -1 
	  1021,   1016,   1015, -1 
	  1015,   1017,   1020, -1 
	  1022,   1023,   1016, -1 
	  1021,   1022,   1016, -1 
	  1016,   1023,   1024, -1 
	  1016,   1024,   1017, -1 
	  1017,   1025,   1026, -1 
	  1020,   1017,   1026, -1 
	  1017,   1024,   1025, -1 
	  1027,   1028,   1018, -1 
	  1028,   1019,   1018, -1 
	  1027,   1018,   1022, -1 
	  1022,   1018,   1023, -1 
	  1020,   1023,   1018, -1 
	  1028,   1029,   1019, -1 
	  1029,   1021,   1019, -1 
	  1020,   1030,   1023, -1 
	  1020,   1026,   1031, -1 
	  1030,   1020,   1031, -1 
	  1032,   1022,   1021, -1 
	  1029,   1032,   1021, -1 
	  1032,   1027,   1022, -1 
	  1023,   1030,   1024, -1 
	  1024,   1030,   1033, -1 
	  1024,   1033,   1025, -1 
	  1033,   1031,   1025, -1 
	  1031,   1026,   1025, -1 
	  1034,   1028,   1027, -1 
	  1035,   1034,   1027, -1 
	  1035,   1027,   1032, -1 
	  1034,   1036,   1028, -1 
	  1036,   1029,   1028, -1 
	  1037,   1032,   1029, -1 
	  1036,   1037,   1029, -1 
	  1030,   1031,   1033, -1 
	  1037,   1035,   1032, -1 
	  1038,   1039,   1034, -1 
	  1038,   1034,   1035, -1 
	  1039,   1036,   1034, -1 
	  1040,   1038,   1035, -1 
	  1040,   1035,   1037, -1 
	  1039,   1041,   1036, -1 
	  1041,   1037,   1036, -1 
	  1041,   1040,   1037, -1 
	  1042,   1043,   1038, -1 
	  1043,   1039,   1038, -1 
	  1042,   1038,   1040, -1 
	  1043,   1044,   1039, -1 
	  1044,   1041,   1039, -1 
	  1045,   1042,   1040, -1 
	  1045,   1040,   1041, -1 
	  1044,   1045,   1041, -1 
	  1046,   1047,   1042, -1 
	  1047,   1043,   1042, -1 
	  1046,   1042,   1045, -1 
	  1047,   1048,   1043, -1 
	  1048,   1044,   1043, -1 
	  1048,   1049,   1044, -1 
	  1049,   1045,   1044, -1 
	  1049,   1046,   1045, -1 
	  1050,   1047,   1046, -1 
	  1051,   1050,   1046, -1 
	  1051,   1046,   1049, -1 
	  1052,   1048,   1047, -1 
	  1050,   1052,   1047, -1 
	  1052,   1053,   1048, -1 
	  1053,   1049,   1048, -1 
	  1053,   1051,   1049, -1 
	  1054,   1052,   1050, -1 
	  1055,   1054,   1050, -1 
	  1055,   1050,   1051, -1 
	  1056,   1051,   1053, -1 
	  1056,   1055,   1051, -1 
	  1054,   1057,   1052, -1 
	  1057,   1053,   1052, -1 
	  1057,   1056,   1053, -1 
	  1058,   1059,   1054, -1 
	  1059,   1057,   1054, -1 
	  1058,   1054,   1055, -1 
	  1060,   1058,   1055, -1 
	  1060,   1055,   1056, -1 
	  1061,   1056,   1057, -1 
	  1061,   1060,   1056, -1 
	  1059,   1061,   1057, -1 
	  1062,   1063,   1058, -1 
	  1063,   1059,   1058, -1 
	  1062,   1058,   1060, -1 
	  1063,   1064,   1059, -1 
	  1064,   1061,   1059, -1 
	  1065,   1062,   1060, -1 
	  1065,   1060,   1061, -1 
	  1064,   1065,   1061, -1 
	  1066,   1062,   1065, -1 
	  1066,   1067,   1062, -1 
	  1067,   1063,   1062, -1 
	  1068,   1064,   1063, -1 
	  1067,   1068,   1063, -1 
	  1068,   1069,   1064, -1 
	  1069,   1065,   1064, -1 
	  1069,   1066,   1065, -1 
	  1070,   1066,   1069, -1 
	  1070,   1071,   1066, -1 
	  1071,   1067,   1066, -1 
	  1071,   1072,   1067, -1 
	  1072,   1068,   1067, -1 
	  1072,   1073,   1068, -1 
	  1073,   1069,   1068, -1 
	  1073,   1070,   1069, -1 
	  1074,   1075,   1070, -1 
	  1074,   1070,   1073, -1 
	  1075,   1071,   1070, -1 
	  1075,   1076,   1071, -1 
	  1076,   1072,   1071, -1 
	  1076,   1077,   1072, -1 
	  1077,   1073,   1072, -1 
	  1077,   1074,   1073, -1 
	  1074,   1077,   1075, -1 
	  1077,   1076,   1075, -1 
	  1078,   1079,   1080, -1 
	  1081,   1078,   1080, -1 
	  1082,   1078,   1081, -1 
	  1082,   1083,   1078, -1 
	  1083,   1079,   1078, -1 
	  1079,   1084,   1080, -1 
	  1083,   1085,   1079, -1 
	  1085,   1084,   1079, -1 
	  1086,   1080,   1084, -1 
	  1086,   1087,   1080, -1 
	  1087,   1081,   1080, -1 
	  1087,   1082,   1081, -1 
	  1088,   1082,   1087, -1 
	  1088,   1089,   1082, -1 
	  1089,   1083,   1082, -1 
	  1090,   1085,   1083, -1 
	  1089,   1090,   1083, -1 
	  1085,   1086,   1084, -1 
	  1091,   1086,   1085, -1 
	  1090,   1091,   1085, -1 
	  1091,   1092,   1086, -1 
	  1092,   1087,   1086, -1 
	  1092,   1088,   1087, -1 
	  1093,   1088,   1092, -1 
	  1093,   1094,   1088, -1 
	  1094,   1089,   1088, -1 
	  1095,   1090,   1089, -1 
	  1094,   1095,   1089, -1 
	  1095,   1096,   1090, -1 
	  1096,   1091,   1090, -1 
	  1096,   1097,   1091, -1 
	  1097,   1092,   1091, -1 
	  1097,   1093,   1092, -1 
	  1098,   1093,   1097, -1 
	  1098,   1099,   1093, -1 
	  1099,   1094,   1093, -1 
	  1099,   1100,   1094, -1 
	  1100,   1095,   1094, -1 
	  1100,   1101,   1095, -1 
	  1101,   1096,   1095, -1 
	  1101,   1102,   1096, -1 
	  1102,   1097,   1096, -1 
	  1102,   1098,   1097, -1 
	  1103,   1098,   1102, -1 
	  1103,   1104,   1098, -1 
	  1104,   1099,   1098, -1 
	  1105,   1100,   1099, -1 
	  1104,   1105,   1099, -1 
	  1105,   1106,   1100, -1 
	  1106,   1101,   1100, -1 
	  1106,   1107,   1101, -1 
	  1107,   1102,   1101, -1 
	  1107,   1103,   1102, -1 
	  1108,   1104,   1103, -1 
	  1109,   1108,   1103, -1 
	  1109,   1103,   1107, -1 
	  1108,   1110,   1104, -1 
	  1110,   1105,   1104, -1 
	  1110,   1111,   1105, -1 
	  1111,   1106,   1105, -1 
	  1111,   1112,   1106, -1 
	  1112,   1107,   1106, -1 
	  1112,   1109,   1107, -1 
	  1113,   1110,   1108, -1 
	  1114,   1113,   1108, -1 
	  1114,   1108,   1109, -1 
	  1115,   1114,   1109, -1 
	  1115,   1109,   1112, -1 
	  1113,   1116,   1110, -1 
	  1116,   1111,   1110, -1 
	  1116,   1117,   1111, -1 
	  1117,   1112,   1111, -1 
	  1117,   1115,   1112, -1 
	  1118,   1113,   1114, -1 
	  1118,   1119,   1113, -1 
	  1119,   1116,   1113, -1 
	  1120,   1118,   1114, -1 
	  1120,   1114,   1115, -1 
	  1121,   1120,   1115, -1 
	  1121,   1115,   1117, -1 
	  1119,   1122,   1116, -1 
	  1122,   1117,   1116, -1 
	  1122,   1121,   1117, -1 
	  1123,   1119,   1118, -1 
	  1124,   1123,   1118, -1 
	  1124,   1118,   1120, -1 
	  1123,   1125,   1119, -1 
	  1125,   1122,   1119, -1 
	  1120,   1121,   1126, -1 
	  1120,   1126,   1124, -1 
	  1126,   1121,   1122, -1 
	  1125,   1126,   1122, -1 
	  1125,   1123,   1127, -1 
	  1123,   1124,   1127, -1 
	  1127,   1124,   1126, -1 
	  1125,   1127,   1126, -1 
	  1128,   1129,   1130, -1 
	  1131,   1129,   1128, -1 
	  1128,   1130,   1132, -1 
	  1133,   1131,   1128, -1 
	  1133,   1128,   1132, -1 
	  1129,   1131,   1130, -1 
	  1130,   1134,   1132, -1 
	  1135,   1130,   1131, -1 
	  1134,   1130,   1135, -1 
	  1136,   1131,   1133, -1 
	  1131,   1136,   1135, -1 
	  1137,   1132,   1134, -1 
	  1137,   1133,   1132, -1 
	  1138,   1136,   1133, -1 
	  1138,   1133,   1137, -1 
	  1134,   1135,   1139, -1 
	  1139,   1137,   1134, -1 
	  1136,   1140,   1135, -1 
	  1139,   1135,   1141, -1 
	  1135,   1140,   1141, -1 
	  1142,   1136,   1138, -1 
	  1136,   1142,   1140, -1 
	  1143,   1138,   1137, -1 
	  1143,   1137,   1139, -1 
	  1144,   1142,   1138, -1 
	  1144,   1138,   1143, -1 
	  1141,   1143,   1139, -1 
	  1142,   1145,   1140, -1 
	  1140,   1145,   1146, -1 
	  1141,   1140,   1146, -1 
	  1146,   1147,   1141, -1 
	  1147,   1143,   1141, -1 
	  1148,   1142,   1144, -1 
	  1142,   1148,   1145, -1 
	  1147,   1144,   1143, -1 
	  1149,   1148,   1144, -1 
	  1149,   1144,   1147, -1 
	  1148,   1150,   1145, -1 
	  1146,   1145,   1151, -1 
	  1145,   1150,   1151, -1 
	  1151,   1152,   1146, -1 
	  1152,   1147,   1146, -1 
	  1152,   1149,   1147, -1 
	  1153,   1148,   1149, -1 
	  1148,   1153,   1150, -1 
	  1154,   1153,   1149, -1 
	  1154,   1149,   1152, -1 
	  1153,   1155,   1150, -1 
	  1150,   1155,   1156, -1 
	  1151,   1150,   1156, -1 
	  1156,   1157,   1151, -1 
	  1157,   1152,   1151, -1 
	  1157,   1154,   1152, -1 
	  1158,   1153,   1154, -1 
	  1153,   1158,   1155, -1 
	  1159,   1158,   1154, -1 
	  1159,   1154,   1157, -1 
	  1158,   1160,   1155, -1 
	  1156,   1155,   1161, -1 
	  1155,   1160,   1161, -1 
	  1161,   1162,   1156, -1 
	  1162,   1157,   1156, -1 
	  1162,   1159,   1157, -1 
	  1163,   1158,   1159, -1 
	  1158,   1163,   1160, -1 
	  1164,   1163,   1159, -1 
	  1164,   1159,   1162, -1 
	  1163,   1165,   1160, -1 
	  1161,   1160,   1166, -1 
	  1160,   1165,   1166, -1 
	  1166,   1167,   1161, -1 
	  1167,   1162,   1161, -1 
	  1167,   1164,   1162, -1 
	  1168,   1163,   1164, -1 
	  1163,   1168,   1165, -1 
	  1169,   1168,   1164, -1 
	  1169,   1164,   1167, -1 
	  1168,   1170,   1165, -1 
	  1166,   1165,   1171, -1 
	  1165,   1170,   1171, -1 
	  1171,   1172,   1166, -1 
	  1172,   1167,   1166, -1 
	  1172,   1169,   1167, -1 
	  1173,   1168,   1169, -1 
	  1168,   1173,   1170, -1 
	  1174,   1173,   1169, -1 
	  1174,   1169,   1172, -1 
	  1173,   1175,   1170, -1 
	  1171,   1170,   1176, -1 
	  1170,   1175,   1176, -1 
	  1176,   1177,   1171, -1 
	  1177,   1172,   1171, -1 
	  1177,   1174,   1172, -1 
	  1178,   1173,   1174, -1 
	  1173,   1178,   1175, -1 
	  1179,   1178,   1174, -1 
	  1179,   1174,   1177, -1 
	  1178,   1180,   1175, -1 
	  1176,   1175,   1181, -1 
	  1175,   1180,   1181, -1 
	  1181,   1182,   1176, -1 
	  1182,   1177,   1176, -1 
	  1182,   1179,   1177, -1 
	  1183,   1178,   1179, -1 
	  1178,   1183,   1180, -1 
	  1184,   1183,   1179, -1 
	  1184,   1179,   1182, -1 
	  1183,   1185,   1180, -1 
	  1181,   1180,   1186, -1 
	  1180,   1185,   1186, -1 
	  1186,   1187,   1181, -1 
	  1187,   1182,   1181, -1 
	  1187,   1184,   1182, -1 
	  1188,   1183,   1184, -1 
	  1183,   1188,   1185, -1 
	  1189,   1188,   1184, -1 
	  1189,   1184,   1187, -1 
	  1188,   1190,   1185, -1 
	  1186,   1185,   1191, -1 
	  1185,   1190,   1191, -1 
	  1191,   1192,   1186, -1 
	  1192,   1187,   1186, -1 
	  1192,   1189,   1187, -1 
	  1193,   1188,   1189, -1 
	  1188,   1193,   1190, -1 
	  1194,   1193,   1189, -1 
	  1194,   1189,   1192, -1 
	  1193,   1195,   1190, -1 
	  1191,   1190,   1196, -1 
	  1190,   1195,   1196, -1 
	  1196,   1197,   1191, -1 
	  1197,   1192,   1191, -1 
	  1197,   1194,   1192, -1 
	  1193,   1198,   1195, -1 
	  1198,   1193,   1194, -1 
	  1199,   1198,   1194, -1 
	  1199,   1194,   1197, -1 
	  1198,   1200,   1195, -1 
	  1196,   1195,   1201, -1 
	  1195,   1200,   1201, -1 
	  1201,   1202,   1196, -1 
	  1202,   1197,   1196, -1 
	  1202,   1199,   1197, -1 
	  1198,   1203,   1200, -1 
	  1203,   1198,   1199, -1 
	  1204,   1203,   1199, -1 
	  1204,   1199,   1202, -1 
	  1200,   1205,   1206, -1 
	  1203,   1205,   1200, -1 
	  1201,   1200,   1206, -1 
	  1206,   1207,   1201, -1 
	  1207,   1202,   1201, -1 
	  1207,   1204,   1202, -1 
	  1205,   1203,   1204, -1 
	  1206,   1205,   1204, -1 
	  1206,   1204,   1207, -1 
	  1208,   1209,   1210, -1 
	  1208,   1211,   1209, -1 
	  1212,   1211,   1208, -1 
	  1212,   1208,   1210, -1 
	  1211,   1213,   1209, -1 
	  1214,   1209,   1213, -1 
	  1214,   1215,   1209, -1 
	  1209,   1215,   1210, -1 
	  1215,   1216,   1210, -1 
	  1210,   1216,   1212, -1 
	  1211,   1212,   1217, -1 
	  1213,   1211,   1217, -1 
	  1218,   1212,   1216, -1 
	  1219,   1217,   1212, -1 
	  1218,   1219,   1212, -1 
	  1220,   1214,   1213, -1 
	  1213,   1217,   1220, -1 
	  1221,   1214,   1220, -1 
	  1221,   1222,   1214, -1 
	  1222,   1215,   1214, -1 
	  1223,   1216,   1215, -1 
	  1222,   1223,   1215, -1 
	  1216,   1223,   1218, -1 
	  1220,   1217,   1224, -1 
	  1217,   1219,   1224, -1 
	  1225,   1218,   1223, -1 
	  1226,   1219,   1218, -1 
	  1225,   1226,   1218, -1 
	  1224,   1219,   1227, -1 
	  1219,   1226,   1227, -1 
	  1224,   1221,   1220, -1 
	  1228,   1221,   1224, -1 
	  1229,   1222,   1221, -1 
	  1228,   1229,   1221, -1 
	  1229,   1230,   1222, -1 
	  1230,   1223,   1222, -1 
	  1230,   1225,   1223, -1 
	  1227,   1228,   1224, -1 
	  1231,   1225,   1230, -1 
	  1231,   1232,   1225, -1 
	  1232,   1226,   1225, -1 
	  1227,   1226,   1233, -1 
	  1226,   1232,   1233, -1 
	  1234,   1228,   1227, -1 
	  1233,   1234,   1227, -1 
	  1235,   1229,   1228, -1 
	  1234,   1235,   1228, -1 
	  1235,   1236,   1229, -1 
	  1236,   1230,   1229, -1 
	  1236,   1231,   1230, -1 
	  1237,   1231,   1236, -1 
	  1237,   1238,   1231, -1 
	  1238,   1232,   1231, -1 
	  1238,   1239,   1232, -1 
	  1233,   1232,   1239, -1 
	  1240,   1234,   1233, -1 
	  1239,   1240,   1233, -1 
	  1240,   1241,   1234, -1 
	  1241,   1235,   1234, -1 
	  1236,   1235,   1241, -1 
	  1242,   1236,   1241, -1 
	  1242,   1237,   1236, -1 
	  1243,   1237,   1242, -1 
	  1243,   1244,   1237, -1 
	  1244,   1238,   1237, -1 
	  1238,   1244,   1245, -1 
	  1239,   1238,   1245, -1 
	  1246,   1240,   1239, -1 
	  1245,   1246,   1239, -1 
	  1246,   1247,   1240, -1 
	  1247,   1241,   1240, -1 
	  1247,   1248,   1241, -1 
	  1248,   1242,   1241, -1 
	  1248,   1243,   1242, -1 
	  1249,   1243,   1248, -1 
	  1249,   1250,   1243, -1 
	  1250,   1244,   1243, -1 
	  1245,   1244,   1251, -1 
	  1244,   1250,   1251, -1 
	  1252,   1246,   1245, -1 
	  1251,   1252,   1245, -1 
	  1252,   1253,   1246, -1 
	  1253,   1247,   1246, -1 
	  1253,   1254,   1247, -1 
	  1254,   1248,   1247, -1 
	  1254,   1249,   1248, -1 
	  1255,   1249,   1254, -1 
	  1255,   1256,   1249, -1 
	  1256,   1250,   1249, -1 
	  1250,   1256,   1257, -1 
	  1251,   1250,   1257, -1 
	  1258,   1252,   1251, -1 
	  1257,   1258,   1251, -1 
	  1258,   1259,   1252, -1 
	  1259,   1253,   1252, -1 
	  1259,   1260,   1253, -1 
	  1260,   1254,   1253, -1 
	  1260,   1255,   1254, -1 
	  1261,   1255,   1260, -1 
	  1261,   1262,   1255, -1 
	  1262,   1256,   1255, -1 
	  1257,   1256,   1263, -1 
	  1256,   1262,   1263, -1 
	  1264,   1258,   1257, -1 
	  1263,   1264,   1257, -1 
	  1264,   1265,   1258, -1 
	  1265,   1259,   1258, -1 
	  1265,   1266,   1259, -1 
	  1266,   1260,   1259, -1 
	  1266,   1261,   1260, -1 
	  1267,   1261,   1266, -1 
	  1267,   1268,   1261, -1 
	  1268,   1262,   1261, -1 
	  1263,   1262,   1269, -1 
	  1262,   1268,   1269, -1 
	  1270,   1264,   1263, -1 
	  1269,   1270,   1263, -1 
	  1271,   1265,   1264, -1 
	  1270,   1271,   1264, -1 
	  1271,   1272,   1265, -1 
	  1272,   1266,   1265, -1 
	  1272,   1267,   1266, -1 
	  1273,   1267,   1272, -1 
	  1273,   1274,   1267, -1 
	  1274,   1268,   1267, -1 
	  1269,   1268,   1275, -1 
	  1268,   1274,   1275, -1 
	  1276,   1270,   1269, -1 
	  1275,   1276,   1269, -1 
	  1277,   1271,   1270, -1 
	  1276,   1277,   1270, -1 
	  1277,   1278,   1271, -1 
	  1278,   1272,   1271, -1 
	  1278,   1273,   1272, -1 
	  1279,   1273,   1278, -1 
	  1279,   1280,   1273, -1 
	  1280,   1274,   1273, -1 
	  1274,   1280,   1281, -1 
	  1275,   1274,   1281, -1 
	  1282,   1276,   1275, -1 
	  1281,   1282,   1275, -1 
	  1283,   1277,   1276, -1 
	  1282,   1283,   1276, -1 
	  1284,   1278,   1277, -1 
	  1283,   1284,   1277, -1 
	  1284,   1279,   1278, -1 
	  1285,   1279,   1284, -1 
	  1285,   1286,   1279, -1 
	  1286,   1280,   1279, -1 
	  1281,   1280,   1287, -1 
	  1280,   1286,   1287, -1 
	  1288,   1282,   1281, -1 
	  1287,   1288,   1281, -1 
	  1289,   1283,   1282, -1 
	  1288,   1289,   1282, -1 
	  1290,   1284,   1283, -1 
	  1289,   1290,   1283, -1 
	  1290,   1285,   1284, -1 
	  1291,   1285,   1290, -1 
	  1291,   1292,   1285, -1 
	  1292,   1286,   1285, -1 
	  1286,   1292,   1293, -1 
	  1287,   1286,   1293, -1 
	  1293,   1294,   1287, -1 
	  1294,   1288,   1287, -1 
	  1294,   1295,   1288, -1 
	  1295,   1289,   1288, -1 
	  1296,   1290,   1289, -1 
	  1295,   1296,   1289, -1 
	  1296,   1291,   1290, -1 
	  1297,   1298,   1291, -1 
	  1297,   1291,   1296, -1 
	  1298,   1292,   1291, -1 
	  1292,   1298,   1299, -1 
	  1293,   1292,   1299, -1 
	  1299,   1300,   1293, -1 
	  1300,   1294,   1293, -1 
	  1300,   1301,   1294, -1 
	  1301,   1295,   1294, -1 
	  1301,   1302,   1295, -1 
	  1302,   1296,   1295, -1 
	  1302,   1297,   1296, -1 
	  1298,   1297,   1302, -1 
	  1301,   1298,   1302, -1 
	  1298,   1301,   1300, -1 
	  1299,   1298,   1300, -1 
	  1303,   1304,   1305, -1 
	  1304,   1303,   1306, -1 
	  1303,   1307,   1306, -1 
	  1303,   1305,   1308, -1 
	  1303,   1308,   1307, -1 
	  1305,   1304,   1309, -1 
	  1304,   1310,   1309, -1 
	  1310,   1304,   1306, -1 
	  1305,   1309,   1308, -1 
	  1310,   1306,   1311, -1 
	  1311,   1306,   1312, -1 
	  1306,   1307,   1312, -1 
	  1307,   1313,   1312, -1 
	  1308,   1313,   1307, -1 
	  1314,   1313,   1308, -1 
	  1308,   1309,   1314, -1 
	  1309,   1310,   1315, -1 
	  1309,   1315,   1314, -1 
	  1310,   1311,   1316, -1 
	  1310,   1316,   1315, -1 
	  1311,   1312,   1317, -1 
	  1311,   1317,   1316, -1 
	  1312,   1318,   1317, -1 
	  1312,   1313,   1318, -1 
	  1314,   1319,   1313, -1 
	  1313,   1319,   1318, -1 
	  1314,   1315,   1320, -1 
	  1319,   1314,   1321, -1 
	  1314,   1320,   1321, -1 
	  1315,   1316,   1322, -1 
	  1315,   1322,   1320, -1 
	  1316,   1317,   1323, -1 
	  1316,   1323,   1322, -1 
	  1317,   1318,   1324, -1 
	  1317,   1324,   1323, -1 
	  1318,   1325,   1324, -1 
	  1318,   1319,   1325, -1 
	  1319,   1321,   1325, -1 
	  1320,   1322,   1326, -1 
	  1321,   1320,   1327, -1 
	  1320,   1326,   1327, -1 
	  1325,   1321,   1328, -1 
	  1321,   1327,   1328, -1 
	  1322,   1329,   1326, -1 
	  1322,   1323,   1329, -1 
	  1323,   1324,   1330, -1 
	  1323,   1330,   1329, -1 
	  1324,   1331,   1330, -1 
	  1324,   1325,   1331, -1 
	  1325,   1328,   1331, -1 
	  1326,   1329,   1332, -1 
	  1326,   1332,   1333, -1 
	  1327,   1326,   1333, -1 
	  1327,   1333,   1334, -1 
	  1328,   1327,   1334, -1 
	  1331,   1328,   1335, -1 
	  1328,   1334,   1335, -1 
	  1329,   1336,   1332, -1 
	  1329,   1330,   1336, -1 
	  1330,   1337,   1336, -1 
	  1330,   1331,   1337, -1 
	  1331,   1335,   1337, -1 
	  1333,   1332,   1338, -1 
	  1332,   1336,   1339, -1 
	  1332,   1339,   1338, -1 
	  1334,   1333,   1340, -1 
	  1333,   1338,   1340, -1 
	  1335,   1334,   1341, -1 
	  1334,   1340,   1341, -1 
	  1337,   1335,   1342, -1 
	  1335,   1341,   1342, -1 
	  1336,   1337,   1343, -1 
	  1336,   1343,   1339, -1 
	  1337,   1342,   1343, -1 
	  1338,   1339,   1344, -1 
	  1340,   1338,   1345, -1 
	  1338,   1344,   1345, -1 
	  1339,   1343,   1346, -1 
	  1339,   1346,   1344, -1 
	  1341,   1340,   1347, -1 
	  1340,   1345,   1347, -1 
	  1342,   1341,   1348, -1 
	  1341,   1347,   1348, -1 
	  1343,   1342,   1349, -1 
	  1342,   1348,   1349, -1 
	  1343,   1349,   1346, -1 
	  1344,   1346,   1350, -1 
	  1345,   1344,   1351, -1 
	  1344,   1350,   1351, -1 
	  1347,   1345,   1352, -1 
	  1345,   1351,   1352, -1 
	  1346,   1349,   1353, -1 
	  1346,   1353,   1350, -1 
	  1348,   1347,   1354, -1 
	  1347,   1352,   1354, -1 
	  1349,   1348,   1355, -1 
	  1348,   1354,   1355, -1 
	  1349,   1355,   1353, -1 
	  1350,   1353,   1356, -1 
	  1351,   1350,   1357, -1 
	  1350,   1356,   1357, -1 
	  1352,   1351,   1358, -1 
	  1351,   1357,   1358, -1 
	  1354,   1352,   1359, -1 
	  1352,   1358,   1359, -1 
	  1353,   1360,   1356, -1 
	  1353,   1355,   1360, -1 
	  1355,   1354,   1361, -1 
	  1354,   1359,   1361, -1 
	  1355,   1361,   1360, -1 
	  1357,   1356,   1362, -1 
	  1356,   1360,   1363, -1 
	  1356,   1363,   1362, -1 
	  1357,   1362,   1364, -1 
	  1358,   1357,   1364, -1 
	  1359,   1358,   1365, -1 
	  1358,   1364,   1365, -1 
	  1361,   1359,   1366, -1 
	  1359,   1365,   1366, -1 
	  1360,   1367,   1363, -1 
	  1360,   1361,   1367, -1 
	  1361,   1366,   1367, -1 
	  1362,   1363,   1368, -1 
	  1364,   1362,   1369, -1 
	  1362,   1368,   1369, -1 
	  1363,   1367,   1370, -1 
	  1363,   1370,   1368, -1 
	  1365,   1364,   1371, -1 
	  1364,   1369,   1371, -1 
	  1366,   1365,   1372, -1 
	  1365,   1371,   1372, -1 
	  1367,   1366,   1373, -1 
	  1366,   1372,   1373, -1 
	  1367,   1373,   1370, -1 
	  1369,   1368,   1374, -1 
	  1368,   1375,   1374, -1 
	  1368,   1370,   1375, -1 
	  1369,   1374,   1376, -1 
	  1371,   1369,   1376, -1 
	  1370,   1373,   1377, -1 
	  1370,   1377,   1375, -1 
	  1371,   1376,   1378, -1 
	  1372,   1371,   1378, -1 
	  1373,   1372,   1379, -1 
	  1372,   1378,   1379, -1 
	  1373,   1379,   1377, -1 
	  1374,   1375,   1380, -1 
	  1374,   1380,   1381, -1 
	  1376,   1374,   1381, -1 
	  1375,   1382,   1380, -1 
	  1375,   1377,   1382, -1 
	  1376,   1381,   1383, -1 
	  1378,   1376,   1383, -1 
	  1377,   1384,   1382, -1 
	  1377,   1379,   1384, -1 
	  1378,   1383,   1385, -1 
	  1379,   1378,   1385, -1 
	  1379,   1385,   1384, -1 
	  1381,   1380,   1386, -1 
	  1380,   1387,   1386, -1 
	  1380,   1382,   1387, -1 
	  1381,   1386,   1388, -1 
	  1383,   1381,   1388, -1 
	  1382,   1389,   1387, -1 
	  1382,   1384,   1389, -1 
	  1383,   1388,   1390, -1 
	  1385,   1383,   1390, -1 
	  1384,   1391,   1389, -1 
	  1384,   1385,   1391, -1 
	  1385,   1390,   1391, -1 
	  1386,   1392,   1393, -1 
	  1388,   1386,   1393, -1 
	  1386,   1387,   1392, -1 
	  1387,   1394,   1392, -1 
	  1395,   1394,   1387, -1 
	  1387,   1389,   1395, -1 
	  1388,   1393,   1396, -1 
	  1390,   1388,   1396, -1 
	  1389,   1391,   1395, -1 
	  1390,   1396,   1397, -1 
	  1391,   1390,   1397, -1 
	  1391,   1397,   1395, -1 
	  1393,   1392,   1394, -1 
	  1396,   1393,   1394, -1 
	  1396,   1394,   1397, -1 
	  1394,   1395,   1397, -1 
	  1398,   1399,   1400, -1 
	  1401,   1398,   1400, -1 
	  1398,   1402,   1399, -1 
	  1398,   1401,   1402, -1 
	  1400,   1399,   1403, -1 
	  1403,   1399,   1404, -1 
	  1399,   1402,   1404, -1 
	  1400,   1403,   1405, -1 
	  1400,   1406,   1401, -1 
	  1400,   1405,   1406, -1 
	  1406,   1407,   1401, -1 
	  1401,   1407,   1402, -1 
	  1404,   1402,   1408, -1 
	  1402,   1409,   1408, -1 
	  1402,   1407,   1409, -1 
	  1403,   1404,   1410, -1 
	  1403,   1410,   1405, -1 
	  1410,   1404,   1411, -1 
	  1404,   1408,   1411, -1 
	  1405,   1410,   1412, -1 
	  1406,   1405,   1413, -1 
	  1405,   1412,   1413, -1 
	  1407,   1406,   1414, -1 
	  1406,   1413,   1414, -1 
	  1407,   1414,   1409, -1 
	  1411,   1408,   1415, -1 
	  1408,   1416,   1415, -1 
	  1408,   1409,   1416, -1 
	  1409,   1417,   1416, -1 
	  1409,   1414,   1417, -1 
	  1410,   1411,   1412, -1 
	  1411,   1415,   1418, -1 
	  1412,   1411,   1418, -1 
	  1413,   1412,   1419, -1 
	  1412,   1418,   1419, -1 
	  1414,   1413,   1420, -1 
	  1413,   1419,   1420, -1 
	  1414,   1420,   1417, -1 
	  1415,   1416,   1421, -1 
	  1415,   1421,   1422, -1 
	  1418,   1415,   1422, -1 
	  1416,   1417,   1423, -1 
	  1416,   1423,   1421, -1 
	  1417,   1420,   1424, -1 
	  1417,   1424,   1423, -1 
	  1419,   1418,   1425, -1 
	  1418,   1422,   1425, -1 
	  1420,   1419,   1426, -1 
	  1419,   1425,   1426, -1 
	  1420,   1426,   1424, -1 
	  1422,   1421,   1427, -1 
	  1421,   1423,   1428, -1 
	  1421,   1428,   1427, -1 
	  1425,   1422,   1429, -1 
	  1422,   1427,   1429, -1 
	  1423,   1424,   1430, -1 
	  1423,   1430,   1428, -1 
	  1424,   1426,   1431, -1 
	  1424,   1431,   1430, -1 
	  1425,   1429,   1432, -1 
	  1426,   1425,   1432, -1 
	  1426,   1432,   1431, -1 
	  1429,   1427,   1433, -1 
	  1427,   1434,   1433, -1 
	  1427,   1428,   1434, -1 
	  1428,   1435,   1434, -1 
	  1428,   1430,   1435, -1 
	  1432,   1429,   1436, -1 
	  1429,   1433,   1436, -1 
	  1430,   1437,   1435, -1 
	  1430,   1431,   1437, -1 
	  1431,   1432,   1438, -1 
	  1431,   1438,   1437, -1 
	  1432,   1436,   1438, -1 
	  1436,   1433,   1439, -1 
	  1433,   1434,   1440, -1 
	  1433,   1440,   1439, -1 
	  1434,   1435,   1441, -1 
	  1434,   1441,   1440, -1 
	  1435,   1437,   1442, -1 
	  1435,   1442,   1441, -1 
	  1438,   1436,   1443, -1 
	  1436,   1439,   1443, -1 
	  1437,   1438,   1444, -1 
	  1437,   1444,   1442, -1 
	  1438,   1443,   1444, -1 
	  1439,   1440,   1445, -1 
	  1439,   1445,   1446, -1 
	  1443,   1439,   1446, -1 
	  1440,   1441,   1447, -1 
	  1440,   1447,   1445, -1 
	  1441,   1442,   1448, -1 
	  1441,   1448,   1447, -1 
	  1442,   1449,   1448, -1 
	  1442,   1444,   1449, -1 
	  1443,   1446,   1450, -1 
	  1444,   1443,   1450, -1 
	  1444,   1450,   1449, -1 
	  1446,   1445,   1451, -1 
	  1445,   1452,   1451, -1 
	  1445,   1447,   1452, -1 
	  1446,   1451,   1453, -1 
	  1450,   1446,   1453, -1 
	  1447,   1448,   1454, -1 
	  1447,   1454,   1452, -1 
	  1448,   1455,   1454, -1 
	  1448,   1449,   1455, -1 
	  1449,   1450,   1456, -1 
	  1449,   1456,   1455, -1 
	  1450,   1453,   1456, -1 
	  1451,   1452,   1457, -1 
	  1451,   1457,   1458, -1 
	  1453,   1451,   1458, -1 
	  1452,   1459,   1457, -1 
	  1452,   1454,   1459, -1 
	  1456,   1453,   1460, -1 
	  1453,   1458,   1460, -1 
	  1454,   1455,   1461, -1 
	  1454,   1461,   1459, -1 
	  1455,   1462,   1461, -1 
	  1455,   1456,   1462, -1 
	  1456,   1460,   1462, -1 
	  1458,   1457,   1463, -1 
	  1457,   1464,   1463, -1 
	  1457,   1459,   1464, -1 
	  1458,   1463,   1465, -1 
	  1460,   1458,   1465, -1 
	  1459,   1466,   1464, -1 
	  1459,   1461,   1466, -1 
	  1460,   1465,   1467, -1 
	  1462,   1460,   1467, -1 
	  1461,   1468,   1466, -1 
	  1461,   1462,   1468, -1 
	  1462,   1467,   1468, -1 
	  1463,   1469,   1470, -1 
	  1463,   1464,   1469, -1 
	  1465,   1463,   1470, -1 
	  1464,   1471,   1469, -1 
	  1464,   1466,   1471, -1 
	  1465,   1470,   1472, -1 
	  1467,   1465,   1472, -1 
	  1466,   1473,   1471, -1 
	  1466,   1468,   1473, -1 
	  1467,   1472,   1474, -1 
	  1468,   1467,   1474, -1 
	  1468,   1474,   1473, -1 
	  1469,   1475,   1476, -1 
	  1470,   1469,   1476, -1 
	  1469,   1471,   1475, -1 
	  1470,   1476,   1477, -1 
	  1472,   1470,   1477, -1 
	  1471,   1478,   1475, -1 
	  1471,   1473,   1478, -1 
	  1472,   1477,   1479, -1 
	  1474,   1472,   1479, -1 
	  1473,   1474,   1480, -1 
	  1473,   1480,   1478, -1 
	  1474,   1479,   1480, -1 
	  1475,   1481,   1482, -1 
	  1476,   1475,   1482, -1 
	  1475,   1478,   1481, -1 
	  1476,   1482,   1483, -1 
	  1477,   1476,   1483, -1 
	  1477,   1483,   1484, -1 
	  1479,   1477,   1484, -1 
	  1478,   1480,   1485, -1 
	  1478,   1485,   1481, -1 
	  1484,   1485,   1479, -1 
	  1479,   1485,   1480, -1 
	  1482,   1481,   1486, -1 
	  1481,   1485,   1487, -1 
	  1481,   1487,   1486, -1 
	  1482,   1486,   1488, -1 
	  1483,   1482,   1488, -1 
	  1483,   1488,   1489, -1 
	  1484,   1483,   1489, -1 
	  1484,   1489,   1490, -1 
	  1484,   1490,   1485, -1 
	  1485,   1490,   1491, -1 
	  1485,   1491,   1487, -1 
	  1488,   1486,   1487, -1 
	  1491,   1488,   1487, -1 
	  1491,   1489,   1488, -1 
	  1491,   1490,   1489, -1 
	  1492,   1493,   1494, -1 
	  1495,   1493,   1492, -1 
	  1496,   1492,   1494, -1 
	  1496,   1497,   1492, -1 
	  1495,   1492,   1498, -1 
	  1492,   1497,   1498, -1 
	  1494,   1493,   1499, -1 
	  1500,   1499,   1493, -1 
	  1501,   1500,   1493, -1 
	  1498,   1493,   1495, -1 
	  1498,   1501,   1493, -1 
	  1494,   1499,   1496, -1 
	  1499,   1502,   1496, -1 
	  1503,   1496,   1502, -1 
	  1504,   1497,   1496, -1 
	  1503,   1504,   1496, -1 
	  1504,   1505,   1497, -1 
	  1505,   1498,   1497, -1 
	  1506,   1501,   1498, -1 
	  1505,   1506,   1498, -1 
	  1507,   1502,   1499, -1 
	  1507,   1499,   1500, -1 
	  1501,   1507,   1500, -1 
	  1508,   1507,   1501, -1 
	  1506,   1508,   1501, -1 
	  1509,   1503,   1502, -1 
	  1509,   1502,   1507, -1 
	  1510,   1504,   1503, -1 
	  1511,   1503,   1509, -1 
	  1511,   1510,   1503, -1 
	  1510,   1512,   1504, -1 
	  1512,   1505,   1504, -1 
	  1513,   1506,   1505, -1 
	  1512,   1513,   1505, -1 
	  1514,   1508,   1506, -1 
	  1513,   1514,   1506, -1 
	  1508,   1509,   1507, -1 
	  1515,   1509,   1508, -1 
	  1514,   1515,   1508, -1 
	  1515,   1511,   1509, -1 
	  1516,   1512,   1510, -1 
	  1517,   1510,   1511, -1 
	  1517,   1516,   1510, -1 
	  1518,   1511,   1515, -1 
	  1518,   1517,   1511, -1 
	  1519,   1513,   1512, -1 
	  1516,   1519,   1512, -1 
	  1520,   1514,   1513, -1 
	  1519,   1520,   1513, -1 
	  1521,   1515,   1514, -1 
	  1520,   1521,   1514, -1 
	  1521,   1518,   1515, -1 
	  1522,   1519,   1516, -1 
	  1523,   1522,   1516, -1 
	  1523,   1516,   1517, -1 
	  1524,   1523,   1517, -1 
	  1524,   1517,   1518, -1 
	  1525,   1518,   1521, -1 
	  1525,   1524,   1518, -1 
	  1526,   1520,   1519, -1 
	  1522,   1526,   1519, -1 
	  1527,   1521,   1520, -1 
	  1526,   1527,   1520, -1 
	  1527,   1525,   1521, -1 
	  1528,   1522,   1523, -1 
	  1528,   1529,   1522, -1 
	  1529,   1526,   1522, -1 
	  1530,   1528,   1523, -1 
	  1530,   1523,   1524, -1 
	  1531,   1524,   1525, -1 
	  1531,   1530,   1524, -1 
	  1532,   1531,   1525, -1 
	  1532,   1525,   1527, -1 
	  1529,   1533,   1526, -1 
	  1533,   1527,   1526, -1 
	  1533,   1532,   1527, -1 
	  1534,   1529,   1528, -1 
	  1535,   1534,   1528, -1 
	  1535,   1528,   1530, -1 
	  1536,   1533,   1529, -1 
	  1534,   1536,   1529, -1 
	  1537,   1530,   1531, -1 
	  1537,   1535,   1530, -1 
	  1538,   1537,   1531, -1 
	  1538,   1531,   1532, -1 
	  1539,   1538,   1532, -1 
	  1539,   1532,   1533, -1 
	  1536,   1539,   1533, -1 
	  1540,   1536,   1534, -1 
	  1541,   1534,   1535, -1 
	  1541,   1540,   1534, -1 
	  1542,   1541,   1535, -1 
	  1542,   1535,   1537, -1 
	  1540,   1543,   1536, -1 
	  1543,   1539,   1536, -1 
	  1544,   1542,   1537, -1 
	  1544,   1537,   1538, -1 
	  1545,   1544,   1538, -1 
	  1545,   1538,   1539, -1 
	  1543,   1545,   1539, -1 
	  1546,   1543,   1540, -1 
	  1547,   1540,   1541, -1 
	  1547,   1546,   1540, -1 
	  1548,   1547,   1541, -1 
	  1548,   1541,   1542, -1 
	  1549,   1548,   1542, -1 
	  1549,   1542,   1544, -1 
	  1546,   1550,   1543, -1 
	  1550,   1545,   1543, -1 
	  1551,   1549,   1544, -1 
	  1551,   1544,   1545, -1 
	  1550,   1551,   1545, -1 
	  1552,   1550,   1546, -1 
	  1553,   1546,   1547, -1 
	  1553,   1552,   1546, -1 
	  1554,   1553,   1547, -1 
	  1554,   1547,   1548, -1 
	  1555,   1554,   1548, -1 
	  1555,   1548,   1549, -1 
	  1556,   1549,   1551, -1 
	  1556,   1555,   1549, -1 
	  1552,   1557,   1550, -1 
	  1557,   1551,   1550, -1 
	  1557,   1556,   1551, -1 
	  1558,   1552,   1553, -1 
	  1558,   1559,   1552, -1 
	  1559,   1557,   1552, -1 
	  1560,   1558,   1553, -1 
	  1560,   1553,   1554, -1 
	  1555,   1561,   1554, -1 
	  1561,   1560,   1554, -1 
	  1555,   1556,   1562, -1 
	  1562,   1561,   1555, -1 
	  1563,   1562,   1556, -1 
	  1563,   1556,   1557, -1 
	  1559,   1563,   1557, -1 
	  1564,   1559,   1558, -1 
	  1565,   1558,   1560, -1 
	  1565,   1564,   1558, -1 
	  1566,   1563,   1559, -1 
	  1564,   1566,   1559, -1 
	  1561,   1567,   1560, -1 
	  1567,   1565,   1560, -1 
	  1568,   1567,   1561, -1 
	  1568,   1561,   1562, -1 
	  1569,   1568,   1562, -1 
	  1569,   1562,   1563, -1 
	  1566,   1569,   1563, -1 
	  1570,   1564,   1565, -1 
	  1571,   1566,   1564, -1 
	  1570,   1571,   1564, -1 
	  1572,   1570,   1565, -1 
	  1572,   1565,   1567, -1 
	  1573,   1569,   1566, -1 
	  1571,   1573,   1566, -1 
	  1574,   1572,   1567, -1 
	  1574,   1567,   1568, -1 
	  1575,   1574,   1568, -1 
	  1575,   1568,   1569, -1 
	  1573,   1575,   1569, -1 
	  1576,   1571,   1570, -1 
	  1577,   1576,   1570, -1 
	  1577,   1570,   1572, -1 
	  1576,   1578,   1571, -1 
	  1578,   1573,   1571, -1 
	  1579,   1577,   1572, -1 
	  1579,   1572,   1574, -1 
	  1578,   1580,   1573, -1 
	  1580,   1575,   1573, -1 
	  1581,   1579,   1574, -1 
	  1581,   1574,   1575, -1 
	  1580,   1581,   1575, -1 
	  1582,   1583,   1576, -1 
	  1582,   1576,   1577, -1 
	  1583,   1578,   1576, -1 
	  1584,   1582,   1577, -1 
	  1584,   1577,   1579, -1 
	  1583,   1585,   1578, -1 
	  1585,   1580,   1578, -1 
	  1586,   1584,   1579, -1 
	  1586,   1579,   1581, -1 
	  1585,   1587,   1580, -1 
	  1587,   1581,   1580, -1 
	  1587,   1586,   1581, -1 
	  1582,   1584,   1583, -1 
	  1583,   1584,   1585, -1 
	  1585,   1584,   1587, -1 
	  1587,   1584,   1586, -1 
	  1588,   1589,   1590, -1 
	  1589,   1588,   1591, -1 
	  1592,   1588,   1590, -1 
	  1592,   1591,   1588, -1 
	  1593,   1594,   1589, -1 
	  1594,   1590,   1589, -1 
	  1595,   1589,   1591, -1 
	  1595,   1596,   1589, -1 
	  1596,   1593,   1589, -1 
	  1590,   1594,   1597, -1 
	  1597,   1592,   1590, -1 
	  1598,   1591,   1592, -1 
	  1599,   1595,   1591, -1 
	  1598,   1599,   1591, -1 
	  1600,   1598,   1592, -1 
	  1592,   1597,   1601, -1 
	  1592,   1601,   1600, -1 
	  1593,   1596,   1594, -1 
	  1594,   1596,   1597, -1 
	  1599,   1602,   1595, -1 
	  1602,   1596,   1595, -1 
	  1602,   1603,   1596, -1 
	  1603,   1597,   1596, -1 
	  1601,   1597,   1603, -1 
	  1604,   1599,   1598, -1 
	  1605,   1598,   1600, -1 
	  1605,   1604,   1598, -1 
	  1604,   1606,   1599, -1 
	  1606,   1602,   1599, -1 
	  1607,   1600,   1601, -1 
	  1607,   1605,   1600, -1 
	  1608,   1601,   1603, -1 
	  1608,   1607,   1601, -1 
	  1606,   1609,   1602, -1 
	  1609,   1603,   1602, -1 
	  1609,   1608,   1603, -1 
	  1610,   1606,   1604, -1 
	  1611,   1610,   1604, -1 
	  1611,   1604,   1605, -1 
	  1612,   1605,   1607, -1 
	  1612,   1611,   1605, -1 
	  1610,   1613,   1606, -1 
	  1613,   1609,   1606, -1 
	  1614,   1607,   1608, -1 
	  1614,   1612,   1607, -1 
	  1615,   1608,   1609, -1 
	  1615,   1614,   1608, -1 
	  1613,   1615,   1609, -1 
	  1616,   1610,   1611, -1 
	  1617,   1613,   1610, -1 
	  1616,   1617,   1610, -1 
	  1618,   1616,   1611, -1 
	  1618,   1611,   1612, -1 
	  1619,   1612,   1614, -1 
	  1619,   1618,   1612, -1 
	  1617,   1620,   1613, -1 
	  1620,   1615,   1613, -1 
	  1621,   1614,   1615, -1 
	  1621,   1619,   1614, -1 
	  1620,   1621,   1615, -1 
	  1622,   1617,   1616, -1 
	  1623,   1622,   1616, -1 
	  1623,   1616,   1618, -1 
	  1622,   1624,   1617, -1 
	  1624,   1620,   1617, -1 
	  1625,   1618,   1619, -1 
	  1625,   1623,   1618, -1 
	  1626,   1619,   1621, -1 
	  1626,   1625,   1619, -1 
	  1627,   1621,   1620, -1 
	  1624,   1627,   1620, -1 
	  1627,   1626,   1621, -1 
	  1628,   1622,   1623, -1 
	  1628,   1629,   1622, -1 
	  1629,   1624,   1622, -1 
	  1630,   1623,   1625, -1 
	  1630,   1628,   1623, -1 
	  1631,   1627,   1624, -1 
	  1629,   1631,   1624, -1 
	  1632,   1630,   1625, -1 
	  1632,   1625,   1626, -1 
	  1633,   1632,   1626, -1 
	  1633,   1626,   1627, -1 
	  1631,   1633,   1627, -1 
	  1634,   1629,   1628, -1 
	  1635,   1628,   1630, -1 
	  1635,   1634,   1628, -1 
	  1636,   1631,   1629, -1 
	  1634,   1636,   1629, -1 
	  1637,   1630,   1632, -1 
	  1637,   1635,   1630, -1 
	  1636,   1638,   1631, -1 
	  1638,   1633,   1631, -1 
	  1639,   1637,   1632, -1 
	  1639,   1632,   1633, -1 
	  1638,   1639,   1633, -1 
	  1640,   1634,   1635, -1 
	  1640,   1641,   1634, -1 
	  1641,   1636,   1634, -1 
	  1642,   1635,   1637, -1 
	  1642,   1640,   1635, -1 
	  1643,   1638,   1636, -1 
	  1641,   1643,   1636, -1 
	  1644,   1637,   1639, -1 
	  1644,   1642,   1637, -1 
	  1645,   1639,   1638, -1 
	  1643,   1645,   1638, -1 
	  1645,   1644,   1639, -1 
	  1646,   1641,   1640, -1 
	  1647,   1646,   1640, -1 
	  1647,   1640,   1642, -1 
	  1646,   1648,   1641, -1 
	  1648,   1643,   1641, -1 
	  1649,   1642,   1644, -1 
	  1649,   1647,   1642, -1 
	  1650,   1645,   1643, -1 
	  1648,   1650,   1643, -1 
	  1651,   1649,   1644, -1 
	  1651,   1644,   1645, -1 
	  1650,   1651,   1645, -1 
	  1652,   1646,   1647, -1 
	  1652,   1653,   1646, -1 
	  1653,   1648,   1646, -1 
	  1654,   1652,   1647, -1 
	  1654,   1647,   1649, -1 
	  1653,   1655,   1648, -1 
	  1655,   1650,   1648, -1 
	  1656,   1649,   1651, -1 
	  1656,   1654,   1649, -1 
	  1657,   1651,   1650, -1 
	  1655,   1657,   1650, -1 
	  1657,   1656,   1651, -1 
	  1658,   1659,   1652, -1 
	  1659,   1653,   1652, -1 
	  1658,   1652,   1654, -1 
	  1659,   1660,   1653, -1 
	  1660,   1655,   1653, -1 
	  1661,   1658,   1654, -1 
	  1661,   1654,   1656, -1 
	  1660,   1662,   1655, -1 
	  1662,   1657,   1655, -1 
	  1663,   1661,   1656, -1 
	  1663,   1656,   1657, -1 
	  1662,   1663,   1657, -1 
	  1664,   1665,   1658, -1 
	  1665,   1659,   1658, -1 
	  1664,   1658,   1661, -1 
	  1665,   1666,   1659, -1 
	  1666,   1660,   1659, -1 
	  1666,   1667,   1660, -1 
	  1667,   1662,   1660, -1 
	  1668,   1664,   1661, -1 
	  1668,   1661,   1663, -1 
	  1667,   1669,   1662, -1 
	  1669,   1663,   1662, -1 
	  1669,   1668,   1663, -1 
	  1670,   1671,   1664, -1 
	  1671,   1665,   1664, -1 
	  1670,   1664,   1668, -1 
	  1671,   1672,   1665, -1 
	  1672,   1666,   1665, -1 
	  1672,   1673,   1666, -1 
	  1673,   1667,   1666, -1 
	  1673,   1674,   1667, -1 
	  1674,   1669,   1667, -1 
	  1675,   1670,   1668, -1 
	  1675,   1668,   1669, -1 
	  1674,   1675,   1669, -1 
	  1676,   1677,   1670, -1 
	  1677,   1671,   1670, -1 
	  1676,   1670,   1675, -1 
	  1677,   1678,   1671, -1 
	  1678,   1672,   1671, -1 
	  1678,   1679,   1672, -1 
	  1679,   1673,   1672, -1 
	  1679,   1680,   1673, -1 
	  1680,   1674,   1673, -1 
	  1680,   1681,   1674, -1 
	  1681,   1675,   1674, -1 
	  1681,   1676,   1675, -1 
	  1677,   1676,   1678, -1 
	  1676,   1681,   1678, -1 
	  1680,   1679,   1678, -1 
	  1681,   1680,   1678, -1 
	  1682,   1683,   1684, -1 
	  1685,   1682,   1684, -1 
	  1683,   1682,   1686, -1 
	  1682,   1687,   1686, -1 
	  1682,   1685,   1687, -1 
	  1683,   1686,   1688, -1 
	  1684,   1683,   1688, -1 
	  1689,   1690,   1684, -1 
	  1690,   1685,   1684, -1 
	  1684,   1688,   1691, -1 
	  1689,   1684,   1691, -1 
	  1685,   1690,   1692, -1 
	  1685,   1692,   1687, -1 
	  1688,   1686,   1693, -1 
	  1686,   1694,   1693, -1 
	  1686,   1687,   1694, -1 
	  1687,   1695,   1694, -1 
	  1687,   1692,   1695, -1 
	  1688,   1693,   1696, -1 
	  1691,   1688,   1696, -1 
	  1689,   1691,   1697, -1 
	  1690,   1689,   1697, -1 
	  1690,   1697,   1692, -1 
	  1691,   1696,   1698, -1 
	  1697,   1691,   1698, -1 
	  1692,   1697,   1699, -1 
	  1692,   1699,   1695, -1 
	  1696,   1693,   1700, -1 
	  1693,   1701,   1700, -1 
	  1693,   1694,   1701, -1 
	  1694,   1702,   1701, -1 
	  1694,   1695,   1702, -1 
	  1695,   1703,   1702, -1 
	  1695,   1699,   1703, -1 
	  1696,   1700,   1704, -1 
	  1698,   1696,   1704, -1 
	  1697,   1698,   1699, -1 
	  1698,   1704,   1705, -1 
	  1699,   1698,   1705, -1 
	  1699,   1705,   1703, -1 
	  1700,   1701,   1706, -1 
	  1700,   1706,   1707, -1 
	  1704,   1700,   1707, -1 
	  1701,   1708,   1706, -1 
	  1701,   1702,   1708, -1 
	  1702,   1709,   1708, -1 
	  1702,   1703,   1709, -1 
	  1703,   1710,   1709, -1 
	  1703,   1705,   1710, -1 
	  1704,   1707,   1711, -1 
	  1705,   1704,   1711, -1 
	  1705,   1711,   1710, -1 
	  1707,   1706,   1712, -1 
	  1706,   1708,   1713, -1 
	  1706,   1713,   1712, -1 
	  1711,   1707,   1714, -1 
	  1707,   1712,   1714, -1 
	  1708,   1715,   1713, -1 
	  1708,   1709,   1715, -1 
	  1709,   1710,   1716, -1 
	  1709,   1716,   1715, -1 
	  1710,   1717,   1716, -1 
	  1710,   1711,   1717, -1 
	  1711,   1714,   1717, -1 
	  1714,   1712,   1718, -1 
	  1712,   1713,   1719, -1 
	  1712,   1719,   1718, -1 
	  1713,   1715,   1720, -1 
	  1713,   1720,   1719, -1 
	  1717,   1714,   1721, -1 
	  1714,   1718,   1721, -1 
	  1715,   1722,   1720, -1 
	  1715,   1716,   1722, -1 
	  1716,   1723,   1722, -1 
	  1716,   1717,   1723, -1 
	  1717,   1721,   1723, -1 
	  1718,   1719,   1724, -1 
	  1721,   1718,   1725, -1 
	  1718,   1724,   1725, -1 
	  1719,   1726,   1724, -1 
	  1719,   1720,   1726, -1 
	  1720,   1722,   1727, -1 
	  1720,   1727,   1726, -1 
	  1723,   1721,   1728, -1 
	  1721,   1725,   1728, -1 
	  1722,   1729,   1727, -1 
	  1722,   1723,   1729, -1 
	  1723,   1728,   1729, -1 
	  1725,   1724,   1730, -1 
	  1724,   1726,   1731, -1 
	  1724,   1731,   1730, -1 
	  1728,   1725,   1732, -1 
	  1725,   1730,   1732, -1 
	  1726,   1733,   1731, -1 
	  1726,   1727,   1733, -1 
	  1727,   1734,   1733, -1 
	  1727,   1729,   1734, -1 
	  1729,   1728,   1735, -1 
	  1728,   1732,   1735, -1 
	  1729,   1735,   1734, -1 
	  1730,   1731,   1736, -1 
	  1730,   1736,   1737, -1 
	  1732,   1730,   1737, -1 
	  1731,   1733,   1738, -1 
	  1731,   1738,   1736, -1 
	  1735,   1732,   1739, -1 
	  1732,   1737,   1739, -1 
	  1733,   1740,   1738, -1 
	  1733,   1734,   1740, -1 
	  1734,   1741,   1740, -1 
	  1734,   1735,   1741, -1 
	  1735,   1739,   1741, -1 
	  1737,   1736,   1742, -1 
	  1736,   1743,   1742, -1 
	  1736,   1738,   1743, -1 
	  1739,   1737,   1744, -1 
	  1737,   1742,   1744, -1 
	  1738,   1745,   1743, -1 
	  1738,   1740,   1745, -1 
	  1739,   1744,   1746, -1 
	  1741,   1739,   1746, -1 
	  1740,   1747,   1745, -1 
	  1740,   1741,   1747, -1 
	  1741,   1746,   1747, -1 
	  1742,   1748,   1749, -1 
	  1742,   1743,   1748, -1 
	  1744,   1742,   1749, -1 
	  1743,   1750,   1748, -1 
	  1743,   1745,   1750, -1 
	  1744,   1749,   1751, -1 
	  1746,   1744,   1751, -1 
	  1745,   1752,   1750, -1 
	  1745,   1747,   1752, -1 
	  1746,   1751,   1753, -1 
	  1747,   1746,   1753, -1 
	  1747,   1753,   1752, -1 
	  1748,   1754,   1755, -1 
	  1749,   1748,   1755, -1 
	  1748,   1750,   1754, -1 
	  1749,   1755,   1756, -1 
	  1751,   1749,   1756, -1 
	  1750,   1757,   1754, -1 
	  1750,   1752,   1757, -1 
	  1751,   1756,   1758, -1 
	  1753,   1751,   1758, -1 
	  1752,   1759,   1757, -1 
	  1752,   1753,   1759, -1 
	  1753,   1758,   1759, -1 
	  1754,   1760,   1761, -1 
	  1755,   1754,   1761, -1 
	  1754,   1757,   1760, -1 
	  1755,   1761,   1762, -1 
	  1756,   1755,   1762, -1 
	  1756,   1762,   1763, -1 
	  1758,   1756,   1763, -1 
	  1757,   1764,   1760, -1 
	  1757,   1759,   1764, -1 
	  1758,   1763,   1765, -1 
	  1759,   1758,   1765, -1 
	  1759,   1765,   1764, -1 
	  1761,   1760,   1766, -1 
	  1760,   1767,   1766, -1 
	  1760,   1764,   1767, -1 
	  1761,   1766,   1768, -1 
	  1762,   1761,   1768, -1 
	  1762,   1768,   1769, -1 
	  1763,   1762,   1769, -1 
	  1763,   1769,   1770, -1 
	  1765,   1763,   1770, -1 
	  1764,   1771,   1767, -1 
	  1764,   1765,   1771, -1 
	  1765,   1770,   1771, -1 
	  1766,   1772,   1773, -1 
	  1768,   1766,   1773, -1 
	  1766,   1767,   1772, -1 
	  1767,   1774,   1772, -1 
	  1767,   1771,   1774, -1 
	  1768,   1773,   1775, -1 
	  1769,   1768,   1775, -1 
	  1769,   1775,   1776, -1 
	  1770,   1769,   1776, -1 
	  1770,   1776,   1777, -1 
	  1771,   1770,   1777, -1 
	  1771,   1777,   1774, -1 
	  1772,   1774,   1773, -1 
	  1775,   1773,   1776, -1 
	  1773,   1777,   1776, -1 
	  1774,   1777,   1773, -1 
	  1778,   1779,   1780, -1 
	  1781,   1779,   1778, -1 
	  1782,   1778,   1780, -1 
	  1782,   1781,   1778, -1 
	  1779,   1783,   1780, -1 
	  1784,   1783,   1779, -1 
	  1781,   1784,   1779, -1 
	  1785,   1786,   1780, -1 
	  1783,   1785,   1780, -1 
	  1787,   1780,   1786, -1 
	  1787,   1782,   1780, -1 
	  1788,   1784,   1781, -1 
	  1789,   1788,   1781, -1 
	  1789,   1781,   1782, -1 
	  1790,   1782,   1787, -1 
	  1790,   1789,   1782, -1 
	  1784,   1791,   1783, -1 
	  1791,   1785,   1783, -1 
	  1788,   1791,   1784, -1 
	  1792,   1786,   1785, -1 
	  1791,   1792,   1785, -1 
	  1792,   1787,   1786, -1 
	  1793,   1787,   1792, -1 
	  1787,   1793,   1790, -1 
	  1788,   1794,   1791, -1 
	  1788,   1795,   1794, -1 
	  1795,   1788,   1789, -1 
	  1796,   1789,   1790, -1 
	  1796,   1795,   1789, -1 
	  1797,   1790,   1793, -1 
	  1797,   1796,   1790, -1 
	  1794,   1792,   1791, -1 
	  1794,   1793,   1792, -1 
	  1798,   1793,   1794, -1 
	  1798,   1797,   1793, -1 
	  1799,   1798,   1794, -1 
	  1795,   1799,   1794, -1 
	  1800,   1795,   1796, -1 
	  1800,   1801,   1795, -1 
	  1801,   1799,   1795, -1 
	  1802,   1796,   1797, -1 
	  1802,   1800,   1796, -1 
	  1803,   1797,   1798, -1 
	  1803,   1802,   1797, -1 
	  1804,   1798,   1799, -1 
	  1804,   1803,   1798, -1 
	  1801,   1804,   1799, -1 
	  1805,   1800,   1802, -1 
	  1805,   1806,   1800, -1 
	  1800,   1806,   1807, -1 
	  1800,   1807,   1801, -1 
	  1808,   1804,   1801, -1 
	  1807,   1808,   1801, -1 
	  1809,   1802,   1803, -1 
	  1809,   1805,   1802, -1 
	  1810,   1803,   1804, -1 
	  1810,   1809,   1803, -1 
	  1808,   1810,   1804, -1 
	  1811,   1805,   1809, -1 
	  1812,   1806,   1805, -1 
	  1811,   1812,   1805, -1 
	  1813,   1807,   1806, -1 
	  1812,   1813,   1806, -1 
	  1814,   1808,   1807, -1 
	  1813,   1814,   1807, -1 
	  1815,   1810,   1808, -1 
	  1814,   1815,   1808, -1 
	  1816,   1809,   1810, -1 
	  1816,   1811,   1809, -1 
	  1815,   1816,   1810, -1 
	  1817,   1811,   1816, -1 
	  1817,   1818,   1811, -1 
	  1818,   1812,   1811, -1 
	  1819,   1813,   1812, -1 
	  1818,   1819,   1812, -1 
	  1820,   1814,   1813, -1 
	  1819,   1820,   1813, -1 
	  1821,   1815,   1814, -1 
	  1820,   1821,   1814, -1 
	  1822,   1816,   1815, -1 
	  1821,   1822,   1815, -1 
	  1822,   1817,   1816, -1 
	  1823,   1817,   1822, -1 
	  1824,   1818,   1817, -1 
	  1823,   1824,   1817, -1 
	  1825,   1819,   1818, -1 
	  1824,   1825,   1818, -1 
	  1826,   1820,   1819, -1 
	  1825,   1826,   1819, -1 
	  1827,   1821,   1820, -1 
	  1826,   1827,   1820, -1 
	  1828,   1822,   1821, -1 
	  1827,   1828,   1821, -1 
	  1828,   1823,   1822, -1 
	  1829,   1824,   1823, -1 
	  1830,   1823,   1828, -1 
	  1830,   1829,   1823, -1 
	  1831,   1825,   1824, -1 
	  1829,   1831,   1824, -1 
	  1832,   1826,   1825, -1 
	  1831,   1832,   1825, -1 
	  1833,   1827,   1826, -1 
	  1832,   1833,   1826, -1 
	  1834,   1828,   1827, -1 
	  1833,   1834,   1827, -1 
	  1834,   1830,   1828, -1 
	  1835,   1829,   1830, -1 
	  1835,   1836,   1829, -1 
	  1836,   1831,   1829, -1 
	  1837,   1835,   1830, -1 
	  1837,   1830,   1834, -1 
	  1836,   1838,   1831, -1 
	  1838,   1832,   1831, -1 
	  1838,   1839,   1832, -1 
	  1839,   1833,   1832, -1 
	  1840,   1834,   1833, -1 
	  1839,   1840,   1833, -1 
	  1840,   1837,   1834, -1 
	  1841,   1842,   1835, -1 
	  1842,   1836,   1835, -1 
	  1841,   1835,   1837, -1 
	  1842,   1843,   1836, -1 
	  1843,   1838,   1836, -1 
	  1844,   1841,   1837, -1 
	  1844,   1837,   1840, -1 
	  1843,   1845,   1838, -1 
	  1845,   1839,   1838, -1 
	  1845,   1846,   1839, -1 
	  1846,   1840,   1839, -1 
	  1846,   1844,   1840, -1 
	  1847,   1842,   1841, -1 
	  1848,   1847,   1841, -1 
	  1848,   1841,   1844, -1 
	  1847,   1849,   1842, -1 
	  1849,   1843,   1842, -1 
	  1849,   1850,   1843, -1 
	  1850,   1845,   1843, -1 
	  1851,   1848,   1844, -1 
	  1851,   1844,   1846, -1 
	  1850,   1852,   1845, -1 
	  1852,   1846,   1845, -1 
	  1852,   1851,   1846, -1 
	  1853,   1854,   1847, -1 
	  1854,   1849,   1847, -1 
	  1853,   1847,   1848, -1 
	  1855,   1853,   1848, -1 
	  1855,   1848,   1851, -1 
	  1854,   1856,   1849, -1 
	  1856,   1850,   1849, -1 
	  1856,   1857,   1850, -1 
	  1857,   1852,   1850, -1 
	  1858,   1855,   1851, -1 
	  1858,   1851,   1852, -1 
	  1857,   1858,   1852, -1 
	  1859,   1860,   1853, -1 
	  1860,   1854,   1853, -1 
	  1859,   1853,   1855, -1 
	  1860,   1861,   1854, -1 
	  1861,   1856,   1854, -1 
	  1862,   1859,   1855, -1 
	  1862,   1855,   1858, -1 
	  1861,   1863,   1856, -1 
	  1863,   1857,   1856, -1 
	  1864,   1858,   1857, -1 
	  1863,   1864,   1857, -1 
	  1864,   1862,   1858, -1 
	  1865,   1860,   1859, -1 
	  1866,   1865,   1859, -1 
	  1866,   1859,   1862, -1 
	  1865,   1867,   1860, -1 
	  1867,   1861,   1860, -1 
	  1867,   1868,   1861, -1 
	  1868,   1863,   1861, -1 
	  1869,   1866,   1862, -1 
	  1869,   1862,   1864, -1 
	  1870,   1864,   1863, -1 
	  1868,   1870,   1863, -1 
	  1870,   1869,   1864, -1 
	  1865,   1866,   1870, -1 
	  1868,   1865,   1870, -1 
	  1867,   1865,   1868, -1 
	  1866,   1869,   1870, -1 
	  1871,   1872,   1873, -1 
	  1874,   1871,   1873, -1 
	  1875,   1872,   1871, -1 
	  1874,   1875,   1871, -1 
	  1872,   1876,   1873, -1 
	  1877,   1876,   1872, -1 
	  1875,   1877,   1872, -1 
	  1878,   1879,   1873, -1 
	  1876,   1878,   1873, -1 
	  1880,   1873,   1879, -1 
	  1880,   1874,   1873, -1 
	  1881,   1874,   1880, -1 
	  1882,   1875,   1874, -1 
	  1881,   1882,   1874, -1 
	  1883,   1877,   1875, -1 
	  1882,   1883,   1875, -1 
	  1877,   1884,   1876, -1 
	  1884,   1878,   1876, -1 
	  1885,   1884,   1877, -1 
	  1883,   1885,   1877, -1 
	  1886,   1879,   1878, -1 
	  1884,   1886,   1878, -1 
	  1886,   1880,   1879, -1 
	  1887,   1881,   1880, -1 
	  1887,   1880,   1886, -1 
	  1888,   1882,   1881, -1 
	  1889,   1888,   1881, -1 
	  1889,   1881,   1887, -1 
	  1890,   1883,   1882, -1 
	  1888,   1890,   1882, -1 
	  1891,   1885,   1883, -1 
	  1890,   1891,   1883, -1 
	  1892,   1886,   1884, -1 
	  1885,   1892,   1884, -1 
	  1893,   1892,   1885, -1 
	  1891,   1893,   1885, -1 
	  1892,   1887,   1886, -1 
	  1894,   1887,   1892, -1 
	  1894,   1889,   1887, -1 
	  1895,   1890,   1888, -1 
	  1896,   1895,   1888, -1 
	  1896,   1888,   1889, -1 
	  1897,   1889,   1894, -1 
	  1897,   1896,   1889, -1 
	  1895,   1898,   1890, -1 
	  1898,   1891,   1890, -1 
	  1898,   1899,   1891, -1 
	  1899,   1893,   1891, -1 
	  1893,   1894,   1892, -1 
	  1900,   1894,   1893, -1 
	  1899,   1900,   1893, -1 
	  1900,   1897,   1894, -1 
	  1901,   1898,   1895, -1 
	  1902,   1895,   1896, -1 
	  1902,   1901,   1895, -1 
	  1903,   1896,   1897, -1 
	  1903,   1902,   1896, -1 
	  1904,   1903,   1897, -1 
	  1904,   1897,   1900, -1 
	  1901,   1905,   1898, -1 
	  1905,   1899,   1898, -1 
	  1906,   1900,   1899, -1 
	  1905,   1906,   1899, -1 
	  1906,   1904,   1900, -1 
	  1907,   1905,   1901, -1 
	  1908,   1907,   1901, -1 
	  1908,   1901,   1902, -1 
	  1909,   1902,   1903, -1 
	  1909,   1908,   1902, -1 
	  1910,   1903,   1904, -1 
	  1910,   1909,   1903, -1 
	  1911,   1904,   1906, -1 
	  1911,   1910,   1904, -1 
	  1907,   1912,   1905, -1 
	  1912,   1906,   1905, -1 
	  1912,   1911,   1906, -1 
	  1913,   1907,   1908, -1 
	  1913,   1914,   1907, -1 
	  1914,   1912,   1907, -1 
	  1915,   1908,   1909, -1 
	  1915,   1913,   1908, -1 
	  1916,   1915,   1909, -1 
	  1916,   1909,   1910, -1 
	  1917,   1916,   1910, -1 
	  1917,   1910,   1911, -1 
	  1918,   1911,   1912, -1 
	  1918,   1917,   1911, -1 
	  1914,   1918,   1912, -1 
	  1919,   1914,   1913, -1 
	  1920,   1913,   1915, -1 
	  1920,   1919,   1913, -1 
	  1919,   1921,   1914, -1 
	  1921,   1918,   1914, -1 
	  1922,   1920,   1915, -1 
	  1922,   1915,   1916, -1 
	  1923,   1922,   1916, -1 
	  1923,   1916,   1917, -1 
	  1924,   1917,   1918, -1 
	  1924,   1923,   1917, -1 
	  1921,   1924,   1918, -1 
	  1925,   1919,   1920, -1 
	  1925,   1926,   1919, -1 
	  1926,   1921,   1919, -1 
	  1927,   1920,   1922, -1 
	  1927,   1925,   1920, -1 
	  1926,   1928,   1921, -1 
	  1928,   1924,   1921, -1 
	  1929,   1927,   1922, -1 
	  1929,   1922,   1923, -1 
	  1930,   1929,   1923, -1 
	  1930,   1923,   1924, -1 
	  1928,   1930,   1924, -1 
	  1931,   1926,   1925, -1 
	  1932,   1931,   1925, -1 
	  1932,   1925,   1927, -1 
	  1931,   1933,   1926, -1 
	  1933,   1928,   1926, -1 
	  1934,   1927,   1929, -1 
	  1934,   1932,   1927, -1 
	  1935,   1930,   1928, -1 
	  1933,   1935,   1928, -1 
	  1936,   1934,   1929, -1 
	  1936,   1929,   1930, -1 
	  1935,   1936,   1930, -1 
	  1937,   1931,   1932, -1 
	  1937,   1938,   1931, -1 
	  1938,   1933,   1931, -1 
	  1939,   1937,   1932, -1 
	  1939,   1932,   1934, -1 
	  1938,   1940,   1933, -1 
	  1940,   1935,   1933, -1 
	  1941,   1939,   1934, -1 
	  1941,   1934,   1936, -1 
	  1942,   1936,   1935, -1 
	  1940,   1942,   1935, -1 
	  1942,   1941,   1936, -1 
	  1943,   1944,   1937, -1 
	  1944,   1938,   1937, -1 
	  1943,   1937,   1939, -1 
	  1944,   1945,   1938, -1 
	  1945,   1940,   1938, -1 
	  1946,   1943,   1939, -1 
	  1946,   1939,   1941, -1 
	  1945,   1947,   1940, -1 
	  1947,   1942,   1940, -1 
	  1948,   1946,   1941, -1 
	  1948,   1941,   1942, -1 
	  1947,   1948,   1942, -1 
	  1949,   1944,   1943, -1 
	  1950,   1949,   1943, -1 
	  1950,   1943,   1946, -1 
	  1949,   1951,   1944, -1 
	  1951,   1945,   1944, -1 
	  1951,   1952,   1945, -1 
	  1952,   1947,   1945, -1 
	  1953,   1950,   1946, -1 
	  1953,   1946,   1948, -1 
	  1952,   1954,   1947, -1 
	  1954,   1948,   1947, -1 
	  1954,   1953,   1948, -1 
	  1955,   1956,   1949, -1 
	  1956,   1951,   1949, -1 
	  1955,   1949,   1950, -1 
	  1957,   1955,   1950, -1 
	  1957,   1950,   1953, -1 
	  1956,   1958,   1951, -1 
	  1958,   1952,   1951, -1 
	  1958,   1959,   1952, -1 
	  1959,   1954,   1952, -1 
	  1960,   1957,   1953, -1 
	  1960,   1953,   1954, -1 
	  1959,   1960,   1954, -1 
	  1961,   1956,   1955, -1 
	  1962,   1961,   1955, -1 
	  1962,   1955,   1957, -1 
	  1961,   1963,   1956, -1 
	  1963,   1958,   1956, -1 
	  1964,   1962,   1957, -1 
	  1964,   1957,   1960, -1 
	  1963,   1965,   1958, -1 
	  1965,   1959,   1958, -1 
	  1965,   1966,   1959, -1 
	  1966,   1960,   1959, -1 
	  1966,   1964,   1960, -1 
	  1965,   1963,   1961, -1 
	  1965,   1961,   1962, -1 
	  1962,   1964,   1965, -1 
	  1964,   1966,   1965, -1 
	  1967,   1968,   1969, -1 
	  1967,   1969,   1970, -1 
	  1968,   1967,   1971, -1 
	  1967,   1970,   1971, -1 
	  1968,   1972,   1969, -1 
	  1972,   1968,   1973, -1 
	  1968,   1971,   1973, -1 
	  1969,   1972,   1974, -1 
	  1969,   1974,   1970, -1 
	  1970,   1974,   1975, -1 
	  1971,   1970,   1976, -1 
	  1970,   1975,   1976, -1 
	  1973,   1971,   1977, -1 
	  1971,   1976,   1977, -1 
	  1972,   1973,   1974, -1 
	  1974,   1973,   1978, -1 
	  1973,   1977,   1978, -1 
	  1974,   1978,   1975, -1 
	  1975,   1978,   1979, -1 
	  1976,   1975,   1980, -1 
	  1975,   1979,   1980, -1 
	  1977,   1976,   1981, -1 
	  1976,   1980,   1981, -1 
	  1978,   1977,   1982, -1 
	  1977,   1981,   1982, -1 
	  1978,   1982,   1979, -1 
	  1979,   1982,   1983, -1 
	  1980,   1979,   1984, -1 
	  1979,   1983,   1984, -1 
	  1981,   1980,   1985, -1 
	  1980,   1984,   1985, -1 
	  1982,   1981,   1986, -1 
	  1981,   1985,   1986, -1 
	  1982,   1986,   1983, -1 
	  1983,   1986,   1987, -1 
	  1984,   1983,   1988, -1 
	  1983,   1987,   1988, -1 
	  1985,   1984,   1989, -1 
	  1984,   1988,   1989, -1 
	  1986,   1985,   1990, -1 
	  1985,   1989,   1990, -1 
	  1986,   1990,   1987, -1 
	  1987,   1990,   1991, -1 
	  1988,   1987,   1992, -1 
	  1987,   1991,   1992, -1 
	  1988,   1992,   1993, -1 
	  1989,   1988,   1993, -1 
	  1990,   1989,   1994, -1 
	  1989,   1993,   1994, -1 
	  1990,   1994,   1991, -1 
	  1991,   1994,   1995, -1 
	  1991,   1995,   1996, -1 
	  1992,   1991,   1996, -1 
	  1992,   1996,   1997, -1 
	  1993,   1992,   1997, -1 
	  1994,   1993,   1998, -1 
	  1993,   1997,   1998, -1 
	  1994,   1998,   1995, -1 
	  1995,   1998,   1999, -1 
	  1995,   1999,   2000, -1 
	  1996,   1995,   2000, -1 
	  1996,   2000,   2001, -1 
	  1997,   1996,   2001, -1 
	  1998,   1997,   2002, -1 
	  1997,   2001,   2002, -1 
	  1998,   2002,   1999, -1 
	  1999,   2002,   2003, -1 
	  1999,   2003,   2004, -1 
	  2000,   1999,   2004, -1 
	  2001,   2000,   2005, -1 
	  2000,   2004,   2005, -1 
	  2002,   2001,   2006, -1 
	  2001,   2005,   2006, -1 
	  2002,   2006,   2003, -1 
	  2003,   2006,   2007, -1 
	  2004,   2003,   2008, -1 
	  2003,   2007,   2008, -1 
	  2005,   2004,   2009, -1 
	  2004,   2008,   2009, -1 
	  2006,   2005,   2010, -1 
	  2005,   2009,   2010, -1 
	  2006,   2010,   2007, -1 
	  2008,   2007,   2011, -1 
	  2007,   2012,   2011, -1 
	  2007,   2010,   2012, -1 
	  2009,   2008,   2013, -1 
	  2008,   2011,   2013, -1 
	  2010,   2009,   2014, -1 
	  2009,   2013,   2014, -1 
	  2010,   2014,   2012, -1 
	  2013,   2011,   2015, -1 
	  2011,   2012,   2016, -1 
	  2011,   2016,   2015, -1 
	  2012,   2014,   2017, -1 
	  2012,   2017,   2016, -1 
	  2014,   2013,   2018, -1 
	  2013,   2015,   2018, -1 
	  2014,   2018,   2017, -1 
	  2018,   2015,   2019, -1 
	  2015,   2020,   2019, -1 
	  2015,   2016,   2020, -1 
	  2016,   2017,   2021, -1 
	  2016,   2021,   2020, -1 
	  2017,   2018,   2022, -1 
	  2017,   2022,   2021, -1 
	  2018,   2019,   2022, -1 
	  2022,   2019,   2023, -1 
	  2019,   2024,   2023, -1 
	  2019,   2020,   2024, -1 
	  2025,   2024,   2020, -1 
	  2020,   2021,   2025, -1 
	  2021,   2026,   2025, -1 
	  2021,   2022,   2026, -1 
	  2022,   2023,   2026, -1 
	  2023,   2024,   2027, -1 
	  2023,   2027,   2028, -1 
	  2026,   2023,   2028, -1 
	  2024,   2025,   2029, -1 
	  2024,   2029,   2027, -1 
	  2025,   2026,   2029, -1 
	  2026,   2028,   2029, -1 
	  2029,   2028,   2027, -1 
	  2030,   2031,   2032, -1 
	  2033,   2030,   2034, -1 
	  2033,   2035,   2030, -1 
	  2035,   2031,   2030, -1 
	  2034,   2030,   2036, -1 
	  2030,   2032,   2036, -1 
	  2037,   2038,   2031, -1 
	  2031,   2038,   2039, -1 
	  2031,   2039,   2032, -1 
	  2035,   2037,   2031, -1 
	  2032,   2040,   2036, -1 
	  2032,   2039,   2040, -1 
	  2033,   2041,   2042, -1 
	  2033,   2043,   2041, -1 
	  2035,   2033,   2042, -1 
	  2044,   2033,   2034, -1 
	  2044,   2043,   2033, -1 
	  2034,   2045,   2044, -1 
	  2034,   2046,   2045, -1 
	  2034,   2036,   2046, -1 
	  2035,   2042,   2047, -1 
	  2048,   2035,   2047, -1 
	  2035,   2049,   2037, -1 
	  2035,   2048,   2049, -1 
	  2050,   2051,   2036, -1 
	  2050,   2036,   2040, -1 
	  2051,   2046,   2036, -1 
	  2037,   2049,   2038, -1 
	  2052,   2038,   2049, -1 
	  2052,   2053,   2038, -1 
	  2039,   2038,   2053, -1 
	  2040,   2039,   2054, -1 
	  2039,   2053,   2054, -1 
	  2055,   2040,   2054, -1 
	  2055,   2050,   2040, -1 
	  2056,   2041,   2057, -1 
	  2056,   2058,   2041, -1 
	  2058,   2042,   2041, -1 
	  2041,   2059,   2057, -1 
	  2041,   2043,   2059, -1 
	  2060,   2047,   2042, -1 
	  2058,   2060,   2042, -1 
	  2061,   2043,   2062, -1 
	  2061,   2059,   2043, -1 
	  2062,   2043,   2044, -1 
	  2063,   2044,   2064, -1 
	  2063,   2062,   2044, -1 
	  2064,   2044,   2065, -1 
	  2044,   2045,   2065, -1 
	  2065,   2045,   2066, -1 
	  2051,   2045,   2046, -1 
	  2051,   2067,   2045, -1 
	  2055,   2045,   2067, -1 
	  2055,   2066,   2045, -1 
	  2068,   2057,   2047, -1 
	  2060,   2068,   2047, -1 
	  2069,   2047,   2057, -1 
	  2069,   2048,   2047, -1 
	  2069,   2052,   2048, -1 
	  2052,   2049,   2048, -1 
	  2050,   2070,   2071, -1 
	  2050,   2055,   2070, -1 
	  2051,   2050,   2071, -1 
	  2051,   2071,   2072, -1 
	  2067,   2051,   2072, -1 
	  2069,   2073,   2052, -1 
	  2074,   2052,   2073, -1 
	  2074,   2053,   2052, -1 
	  2075,   2053,   2074, -1 
	  2075,   2054,   2053, -1 
	  2055,   2054,   2075, -1 
	  2055,   2076,   2070, -1 
	  2055,   2067,   2076, -1 
	  2055,   2077,   2066, -1 
	  2055,   2075,   2077, -1 
	  2056,   2068,   2078, -1 
	  2078,   2079,   2056, -1 
	  2068,   2056,   2057, -1 
	  2079,   2058,   2056, -1 
	  2059,   2069,   2057, -1 
	  2079,   2080,   2058, -1 
	  2080,   2060,   2058, -1 
	  2081,   2059,   2061, -1 
	  2081,   2069,   2059, -1 
	  2082,   2068,   2060, -1 
	  2080,   2082,   2060, -1 
	  2083,   2061,   2084, -1 
	  2083,   2081,   2061, -1 
	  2084,   2061,   2062, -1 
	  2084,   2062,   2063, -1 
	  2084,   2063,   2085, -1 
	  2086,   2063,   2087, -1 
	  2086,   2085,   2063, -1 
	  2087,   2063,   2064, -1 
	  2088,   2064,   2089, -1 
	  2088,   2087,   2064, -1 
	  2089,   2064,   2090, -1 
	  2064,   2091,   2090, -1 
	  2064,   2065,   2091, -1 
	  2091,   2065,   2092, -1 
	  2065,   2066,   2092, -1 
	  2092,   2066,   2077, -1 
	  2067,   2072,   2076, -1 
	  2082,   2078,   2068, -1 
	  2093,   2069,   2081, -1 
	  2074,   2069,   2093, -1 
	  2074,   2073,   2069, -1 
	  2070,   2076,   2094, -1 
	  2070,   2094,   2095, -1 
	  2071,   2070,   2095, -1 
	  2072,   2071,   2096, -1 
	  2071,   2095,   2096, -1 
	  2076,   2072,   2097, -1 
	  2072,   2096,   2097, -1 
	  2093,   2075,   2074, -1 
	  2093,   2077,   2075, -1 
	  2076,   2097,   2094, -1 
	  2098,   2077,   2093, -1 
	  2092,   2077,   2098, -1 
	  2079,   2078,   2099, -1 
	  2100,   2078,   2082, -1 
	  2100,   2099,   2078, -1 
	  2099,   2101,   2079, -1 
	  2101,   2080,   2079, -1 
	  2101,   2102,   2080, -1 
	  2102,   2082,   2080, -1 
	  2103,   2081,   2083, -1 
	  2103,   2093,   2081, -1 
	  2102,   2100,   2082, -1 
	  2104,   2083,   2085, -1 
	  2083,   2084,   2085, -1 
	  2104,   2103,   2083, -1 
	  2104,   2085,   2105, -1 
	  2106,   2105,   2085, -1 
	  2107,   2085,   2086, -1 
	  2107,   2106,   2085, -1 
	  2108,   2086,   2109, -1 
	  2108,   2107,   2086, -1 
	  2109,   2086,   2087, -1 
	  2109,   2087,   2088, -1 
	  2110,   2109,   2088, -1 
	  2111,   2088,   2112, -1 
	  2111,   2110,   2088, -1 
	  2112,   2088,   2089, -1 
	  2112,   2089,   2113, -1 
	  2113,   2089,   2114, -1 
	  2089,   2090,   2114, -1 
	  2090,   2115,   2116, -1 
	  2114,   2090,   2116, -1 
	  2090,   2117,   2115, -1 
	  2090,   2091,   2117, -1 
	  2117,   2091,   2118, -1 
	  2091,   2092,   2118, -1 
	  2118,   2092,   2098, -1 
	  2119,   2093,   2103, -1 
	  2119,   2098,   2093, -1 
	  2095,   2094,   2120, -1 
	  2094,   2121,   2120, -1 
	  2094,   2097,   2121, -1 
	  2095,   2120,   2122, -1 
	  2096,   2095,   2122, -1 
	  2096,   2122,   2123, -1 
	  2097,   2096,   2123, -1 
	  2097,   2123,   2121, -1 
	  2118,   2098,   2119, -1 
	  2101,   2099,   2124, -1 
	  2125,   2099,   2100, -1 
	  2125,   2124,   2099, -1 
	  2126,   2100,   2102, -1 
	  2126,   2125,   2100, -1 
	  2124,   2127,   2101, -1 
	  2127,   2102,   2101, -1 
	  2127,   2126,   2102, -1 
	  2128,   2103,   2104, -1 
	  2129,   2103,   2128, -1 
	  2129,   2130,   2103, -1 
	  2119,   2103,   2130, -1 
	  2131,   2104,   2105, -1 
	  2131,   2132,   2104, -1 
	  2128,   2104,   2132, -1 
	  2131,   2105,   2109, -1 
	  2133,   2109,   2105, -1 
	  2106,   2133,   2105, -1 
	  2134,   2133,   2106, -1 
	  2135,   2106,   2107, -1 
	  2135,   2134,   2106, -1 
	  2136,   2107,   2108, -1 
	  2136,   2135,   2107, -1 
	  2137,   2108,   2133, -1 
	  2137,   2136,   2108, -1 
	  2133,   2108,   2109, -1 
	  2131,   2109,   2110, -1 
	  2138,   2131,   2110, -1 
	  2139,   2110,   2140, -1 
	  2139,   2138,   2110, -1 
	  2140,   2110,   2111, -1 
	  2140,   2111,   2112, -1 
	  2140,   2112,   2141, -1 
	  2141,   2112,   2113, -1 
	  2141,   2113,   2142, -1 
	  2142,   2113,   2143, -1 
	  2113,   2114,   2143, -1 
	  2114,   2116,   2144, -1 
	  2143,   2114,   2144, -1 
	  2116,   2115,   2145, -1 
	  2115,   2146,   2145, -1 
	  2115,   2117,   2146, -1 
	  2144,   2116,   2147, -1 
	  2147,   2116,   2148, -1 
	  2116,   2145,   2148, -1 
	  2147,   2117,   2130, -1 
	  2117,   2119,   2130, -1 
	  2117,   2118,   2119, -1 
	  2117,   2149,   2146, -1 
	  2117,   2147,   2149, -1 
	  2122,   2120,   2150, -1 
	  2120,   2151,   2150, -1 
	  2120,   2121,   2151, -1 
	  2121,   2152,   2151, -1 
	  2121,   2123,   2152, -1 
	  2123,   2122,   2153, -1 
	  2122,   2150,   2153, -1 
	  2123,   2153,   2152, -1 
	  2154,   2127,   2124, -1 
	  2155,   2124,   2125, -1 
	  2155,   2154,   2124, -1 
	  2156,   2125,   2126, -1 
	  2156,   2155,   2125, -1 
	  2157,   2126,   2127, -1 
	  2157,   2156,   2126, -1 
	  2154,   2157,   2127, -1 
	  2158,   2128,   2132, -1 
	  2159,   2128,   2158, -1 
	  2159,   2129,   2128, -1 
	  2147,   2129,   2160, -1 
	  2160,   2129,   2159, -1 
	  2147,   2130,   2129, -1 
	  2161,   2162,   2131, -1 
	  2138,   2161,   2131, -1 
	  2162,   2163,   2131, -1 
	  2163,   2132,   2131, -1 
	  2158,   2132,   2163, -1 
	  2134,   2137,   2133, -1 
	  2164,   2137,   2134, -1 
	  2165,   2134,   2135, -1 
	  2165,   2164,   2134, -1 
	  2166,   2135,   2136, -1 
	  2166,   2165,   2135, -1 
	  2167,   2136,   2137, -1 
	  2167,   2166,   2136, -1 
	  2164,   2167,   2137, -1 
	  2168,   2161,   2138, -1 
	  2169,   2138,   2139, -1 
	  2169,   2168,   2138, -1 
	  2170,   2139,   2171, -1 
	  2170,   2169,   2139, -1 
	  2171,   2139,   2140, -1 
	  2162,   2140,   2172, -1 
	  2171,   2140,   2162, -1 
	  2172,   2140,   2141, -1 
	  2172,   2141,   2173, -1 
	  2173,   2141,   2174, -1 
	  2174,   2141,   2142, -1 
	  2174,   2142,   2175, -1 
	  2175,   2142,   2176, -1 
	  2142,   2143,   2176, -1 
	  2176,   2143,   2177, -1 
	  2143,   2144,   2177, -1 
	  2144,   2178,   2179, -1 
	  2144,   2160,   2178, -1 
	  2144,   2147,   2160, -1 
	  2177,   2144,   2180, -1 
	  2180,   2144,   2179, -1 
	  2148,   2145,   2181, -1 
	  2145,   2182,   2181, -1 
	  2145,   2146,   2182, -1 
	  2146,   2183,   2182, -1 
	  2146,   2149,   2183, -1 
	  2147,   2148,   2149, -1 
	  2149,   2148,   2184, -1 
	  2148,   2181,   2184, -1 
	  2149,   2184,   2183, -1 
	  2153,   2150,   2185, -1 
	  2150,   2186,   2185, -1 
	  2150,   2151,   2186, -1 
	  2151,   2187,   2186, -1 
	  2151,   2152,   2187, -1 
	  2152,   2188,   2187, -1 
	  2152,   2153,   2188, -1 
	  2153,   2185,   2188, -1 
	  2157,   2154,   2189, -1 
	  2190,   2154,   2155, -1 
	  2190,   2189,   2154, -1 
	  2191,   2190,   2155, -1 
	  2191,   2155,   2156, -1 
	  2192,   2156,   2157, -1 
	  2192,   2191,   2156, -1 
	  2157,   2189,   2192, -1 
	  2193,   2158,   2163, -1 
	  2194,   2158,   2193, -1 
	  2194,   2159,   2158, -1 
	  2195,   2159,   2194, -1 
	  2160,   2159,   2195, -1 
	  2160,   2196,   2178, -1 
	  2160,   2195,   2196, -1 
	  2161,   2171,   2162, -1 
	  2168,   2197,   2161, -1 
	  2197,   2171,   2161, -1 
	  2198,   2162,   2172, -1 
	  2198,   2163,   2162, -1 
	  2193,   2163,   2198, -1 
	  2199,   2164,   2165, -1 
	  2199,   2200,   2164, -1 
	  2200,   2167,   2164, -1 
	  2201,   2165,   2166, -1 
	  2201,   2199,   2165, -1 
	  2202,   2166,   2167, -1 
	  2202,   2201,   2166, -1 
	  2200,   2202,   2167, -1 
	  2203,   2197,   2168, -1 
	  2204,   2168,   2169, -1 
	  2204,   2203,   2168, -1 
	  2205,   2169,   2170, -1 
	  2205,   2204,   2169, -1 
	  2206,   2170,   2197, -1 
	  2206,   2205,   2170, -1 
	  2197,   2170,   2171, -1 
	  2207,   2172,   2173, -1 
	  2207,   2198,   2172, -1 
	  2208,   2207,   2173, -1 
	  2209,   2173,   2210, -1 
	  2209,   2208,   2173, -1 
	  2210,   2173,   2174, -1 
	  2211,   2210,   2174, -1 
	  2212,   2174,   2175, -1 
	  2212,   2211,   2174, -1 
	  2175,   2213,   2212, -1 
	  2175,   2214,   2213, -1 
	  2175,   2176,   2214, -1 
	  2215,   2176,   2216, -1 
	  2214,   2176,   2215, -1 
	  2176,   2180,   2216, -1 
	  2176,   2177,   2180, -1 
	  2179,   2178,   2217, -1 
	  2178,   2218,   2217, -1 
	  2178,   2196,   2218, -1 
	  2179,   2217,   2219, -1 
	  2220,   2179,   2219, -1 
	  2180,   2179,   2220, -1 
	  2216,   2180,   2195, -1 
	  2195,   2180,   2220, -1 
	  2184,   2181,   2221, -1 
	  2181,   2222,   2221, -1 
	  2181,   2182,   2222, -1 
	  2182,   2223,   2222, -1 
	  2182,   2183,   2223, -1 
	  2183,   2224,   2223, -1 
	  2183,   2184,   2224, -1 
	  2184,   2221,   2224, -1 
	  2188,   2185,   2225, -1 
	  2185,   2226,   2225, -1 
	  2185,   2186,   2226, -1 
	  2186,   2227,   2226, -1 
	  2186,   2187,   2227, -1 
	  2187,   2228,   2227, -1 
	  2187,   2188,   2228, -1 
	  2188,   2225,   2228, -1 
	  2191,   2192,   2189, -1 
	  2190,   2191,   2189, -1 
	  2229,   2193,   2198, -1 
	  2230,   2193,   2229, -1 
	  2230,   2194,   2193, -1 
	  2216,   2195,   2194, -1 
	  2216,   2194,   2231, -1 
	  2231,   2194,   2230, -1 
	  2195,   2220,   2196, -1 
	  2196,   2232,   2218, -1 
	  2196,   2220,   2232, -1 
	  2203,   2206,   2197, -1 
	  2233,   2198,   2207, -1 
	  2229,   2198,   2233, -1 
	  2234,   2199,   2201, -1 
	  2234,   2235,   2199, -1 
	  2235,   2200,   2199, -1 
	  2236,   2202,   2200, -1 
	  2235,   2236,   2200, -1 
	  2237,   2201,   2202, -1 
	  2237,   2234,   2201, -1 
	  2236,   2237,   2202, -1 
	  2238,   2206,   2203, -1 
	  2239,   2203,   2204, -1 
	  2239,   2238,   2203, -1 
	  2240,   2204,   2205, -1 
	  2240,   2239,   2204, -1 
	  2241,   2205,   2206, -1 
	  2241,   2240,   2205, -1 
	  2238,   2241,   2206, -1 
	  2242,   2243,   2207, -1 
	  2208,   2242,   2207, -1 
	  2243,   2233,   2207, -1 
	  2244,   2242,   2208, -1 
	  2245,   2208,   2209, -1 
	  2245,   2244,   2208, -1 
	  2246,   2209,   2247, -1 
	  2246,   2245,   2209, -1 
	  2247,   2209,   2210, -1 
	  2247,   2210,   2243, -1 
	  2211,   2243,   2210, -1 
	  2248,   2211,   2249, -1 
	  2248,   2250,   2211, -1 
	  2211,   2250,   2243, -1 
	  2249,   2211,   2251, -1 
	  2251,   2211,   2212, -1 
	  2251,   2212,   2252, -1 
	  2252,   2212,   2213, -1 
	  2253,   2213,   2254, -1 
	  2255,   2254,   2213, -1 
	  2256,   2213,   2253, -1 
	  2252,   2213,   2256, -1 
	  2214,   2255,   2213, -1 
	  2214,   2215,   2255, -1 
	  2215,   2257,   2258, -1 
	  2215,   2231,   2257, -1 
	  2215,   2216,   2231, -1 
	  2255,   2215,   2258, -1 
	  2217,   2218,   2259, -1 
	  2217,   2259,   2260, -1 
	  2219,   2217,   2260, -1 
	  2218,   2261,   2259, -1 
	  2218,   2232,   2261, -1 
	  2219,   2260,   2262, -1 
	  2232,   2219,   2262, -1 
	  2220,   2219,   2232, -1 
	  2224,   2221,   2263, -1 
	  2221,   2264,   2263, -1 
	  2221,   2222,   2264, -1 
	  2222,   2265,   2264, -1 
	  2222,   2223,   2265, -1 
	  2223,   2266,   2265, -1 
	  2223,   2224,   2266, -1 
	  2224,   2263,   2266, -1 
	  2225,   2227,   2228, -1 
	  2225,   2226,   2227, -1 
	  2229,   2250,   2267, -1 
	  2229,   2233,   2250, -1 
	  2267,   2230,   2229, -1 
	  2268,   2230,   2254, -1 
	  2231,   2230,   2268, -1 
	  2267,   2254,   2230, -1 
	  2231,   2269,   2257, -1 
	  2231,   2268,   2269, -1 
	  2232,   2262,   2261, -1 
	  2250,   2233,   2243, -1 
	  2270,   2234,   2237, -1 
	  2270,   2235,   2234, -1 
	  2270,   2271,   2235, -1 
	  2271,   2236,   2235, -1 
	  2272,   2237,   2236, -1 
	  2271,   2272,   2236, -1 
	  2270,   2237,   2273, -1 
	  2272,   2273,   2237, -1 
	  2274,   2241,   2238, -1 
	  2275,   2238,   2239, -1 
	  2275,   2274,   2238, -1 
	  2276,   2239,   2240, -1 
	  2276,   2275,   2239, -1 
	  2277,   2240,   2241, -1 
	  2277,   2276,   2240, -1 
	  2274,   2277,   2241, -1 
	  2244,   2278,   2242, -1 
	  2278,   2247,   2242, -1 
	  2242,   2247,   2243, -1 
	  2279,   2278,   2244, -1 
	  2280,   2244,   2245, -1 
	  2280,   2279,   2244, -1 
	  2281,   2245,   2246, -1 
	  2281,   2280,   2245, -1 
	  2282,   2246,   2278, -1 
	  2282,   2281,   2246, -1 
	  2278,   2246,   2247, -1 
	  2283,   2248,   2249, -1 
	  2283,   2284,   2248, -1 
	  2284,   2285,   2248, -1 
	  2285,   2286,   2248, -1 
	  2286,   2250,   2248, -1 
	  2287,   2249,   2251, -1 
	  2288,   2249,   2287, -1 
	  2288,   2283,   2249, -1 
	  2289,   2250,   2286, -1 
	  2289,   2267,   2250, -1 
	  2290,   2287,   2251, -1 
	  2290,   2251,   2252, -1 
	  2290,   2252,   2291, -1 
	  2291,   2252,   2256, -1 
	  2253,   2254,   2292, -1 
	  2253,   2293,   2294, -1 
	  2253,   2292,   2293, -1 
	  2295,   2253,   2294, -1 
	  2256,   2253,   2295, -1 
	  2292,   2254,   2296, -1 
	  2255,   2268,   2254, -1 
	  2296,   2254,   2267, -1 
	  2268,   2255,   2297, -1 
	  2255,   2258,   2297, -1 
	  2256,   2295,   2298, -1 
	  2291,   2256,   2298, -1 
	  2257,   2299,   2300, -1 
	  2258,   2257,   2300, -1 
	  2257,   2269,   2299, -1 
	  2258,   2300,   2301, -1 
	  2297,   2258,   2301, -1 
	  2259,   2302,   2303, -1 
	  2259,   2261,   2302, -1 
	  2260,   2259,   2303, -1 
	  2262,   2260,   2304, -1 
	  2260,   2303,   2304, -1 
	  2261,   2305,   2302, -1 
	  2261,   2262,   2305, -1 
	  2262,   2304,   2305, -1 
	  2266,   2263,   2306, -1 
	  2263,   2307,   2306, -1 
	  2263,   2264,   2307, -1 
	  2264,   2308,   2307, -1 
	  2264,   2265,   2308, -1 
	  2265,   2309,   2308, -1 
	  2265,   2266,   2309, -1 
	  2266,   2306,   2309, -1 
	  2296,   2267,   2289, -1 
	  2268,   2297,   2269, -1 
	  2269,   2297,   2310, -1 
	  2269,   2310,   2299, -1 
	  2272,   2270,   2273, -1 
	  2270,   2272,   2271, -1 
	  2311,   2277,   2274, -1 
	  2312,   2274,   2275, -1 
	  2312,   2311,   2274, -1 
	  2313,   2275,   2276, -1 
	  2313,   2312,   2275, -1 
	  2314,   2313,   2276, -1 
	  2314,   2276,   2277, -1 
	  2311,   2314,   2277, -1 
	  2279,   2282,   2278, -1 
	  2315,   2282,   2279, -1 
	  2316,   2279,   2280, -1 
	  2316,   2315,   2279, -1 
	  2317,   2280,   2281, -1 
	  2317,   2316,   2280, -1 
	  2318,   2281,   2282, -1 
	  2318,   2317,   2281, -1 
	  2315,   2318,   2282, -1 
	  2319,   2284,   2283, -1 
	  2320,   2283,   2288, -1 
	  2320,   2319,   2283, -1 
	  2319,   2321,   2284, -1 
	  2321,   2322,   2284, -1 
	  2284,   2322,   2285, -1 
	  2323,   2285,   2287, -1 
	  2322,   2287,   2285, -1 
	  2324,   2285,   2323, -1 
	  2324,   2286,   2285, -1 
	  2325,   2286,   2324, -1 
	  2325,   2289,   2286, -1 
	  2323,   2287,   2326, -1 
	  2322,   2288,   2287, -1 
	  2287,   2290,   2326, -1 
	  2327,   2288,   2322, -1 
	  2327,   2320,   2288, -1 
	  2328,   2289,   2325, -1 
	  2328,   2296,   2289, -1 
	  2326,   2290,   2329, -1 
	  2330,   2290,   2291, -1 
	  2330,   2329,   2290, -1 
	  2291,   2331,   2330, -1 
	  2291,   2298,   2331, -1 
	  2292,   2332,   2293, -1 
	  2292,   2333,   2332, -1 
	  2292,   2296,   2333, -1 
	  2293,   2334,   2335, -1 
	  2293,   2332,   2334, -1 
	  2294,   2293,   2335, -1 
	  2336,   2294,   2337, -1 
	  2294,   2335,   2337, -1 
	  2295,   2294,   2336, -1 
	  2338,   2295,   2333, -1 
	  2333,   2295,   2336, -1 
	  2338,   2298,   2295, -1 
	  2333,   2296,   2328, -1 
	  2297,   2301,   2310, -1 
	  2331,   2298,   2338, -1 
	  2300,   2299,   2339, -1 
	  2299,   2340,   2339, -1 
	  2299,   2310,   2340, -1 
	  2301,   2300,   2341, -1 
	  2300,   2339,   2341, -1 
	  2301,   2341,   2342, -1 
	  2310,   2301,   2342, -1 
	  2303,   2302,   2343, -1 
	  2302,   2344,   2343, -1 
	  2302,   2305,   2344, -1 
	  2304,   2303,   2345, -1 
	  2303,   2343,   2345, -1 
	  2305,   2304,   2346, -1 
	  2304,   2345,   2346, -1 
	  2305,   2346,   2344, -1 
	  2309,   2306,   2347, -1 
	  2306,   2348,   2347, -1 
	  2306,   2307,   2348, -1 
	  2307,   2349,   2348, -1 
	  2307,   2308,   2349, -1 
	  2308,   2350,   2349, -1 
	  2308,   2309,   2350, -1 
	  2309,   2347,   2350, -1 
	  2310,   2342,   2340, -1 
	  2312,   2314,   2311, -1 
	  2314,   2312,   2313, -1 
	  2351,   2318,   2315, -1 
	  2352,   2315,   2316, -1 
	  2352,   2351,   2315, -1 
	  2353,   2316,   2317, -1 
	  2353,   2352,   2316, -1 
	  2354,   2317,   2318, -1 
	  2354,   2353,   2317, -1 
	  2351,   2354,   2318, -1 
	  2355,   2321,   2319, -1 
	  2356,   2319,   2320, -1 
	  2356,   2355,   2319, -1 
	  2357,   2320,   2327, -1 
	  2357,   2356,   2320, -1 
	  2358,   2327,   2321, -1 
	  2355,   2358,   2321, -1 
	  2321,   2327,   2322, -1 
	  2359,   2323,   2326, -1 
	  2359,   2360,   2323, -1 
	  2360,   2361,   2323, -1 
	  2361,   2362,   2323, -1 
	  2362,   2324,   2323, -1 
	  2325,   2324,   2362, -1 
	  2325,   2362,   2363, -1 
	  2363,   2328,   2325, -1 
	  2364,   2326,   2329, -1 
	  2365,   2326,   2364, -1 
	  2365,   2359,   2326, -1 
	  2358,   2357,   2327, -1 
	  2366,   2328,   2367, -1 
	  2366,   2333,   2328, -1 
	  2363,   2367,   2328, -1 
	  2364,   2329,   2368, -1 
	  2368,   2329,   2330, -1 
	  2368,   2330,   2369, -1 
	  2369,   2330,   2331, -1 
	  2370,   2331,   2371, -1 
	  2369,   2331,   2370, -1 
	  2331,   2338,   2371, -1 
	  2332,   2372,   2334, -1 
	  2332,   2336,   2372, -1 
	  2333,   2336,   2332, -1 
	  2338,   2333,   2366, -1 
	  2334,   2373,   2374, -1 
	  2334,   2372,   2373, -1 
	  2335,   2334,   2374, -1 
	  2335,   2374,   2375, -1 
	  2337,   2335,   2375, -1 
	  2336,   2337,   2372, -1 
	  2372,   2337,   2376, -1 
	  2337,   2375,   2376, -1 
	  2338,   2377,   2378, -1 
	  2338,   2366,   2377, -1 
	  2371,   2338,   2378, -1 
	  2341,   2339,   2379, -1 
	  2339,   2380,   2379, -1 
	  2339,   2340,   2380, -1 
	  2340,   2381,   2380, -1 
	  2340,   2342,   2381, -1 
	  2342,   2341,   2382, -1 
	  2341,   2379,   2382, -1 
	  2342,   2382,   2381, -1 
	  2345,   2343,   2383, -1 
	  2343,   2384,   2383, -1 
	  2343,   2344,   2384, -1 
	  2344,   2385,   2384, -1 
	  2344,   2346,   2385, -1 
	  2345,   2383,   2386, -1 
	  2346,   2345,   2386, -1 
	  2346,   2386,   2385, -1 
	  2347,   2348,   2349, -1 
	  2349,   2350,   2347, -1 
	  2387,   2354,   2351, -1 
	  2388,   2351,   2352, -1 
	  2388,   2387,   2351, -1 
	  2389,   2352,   2353, -1 
	  2389,   2388,   2352, -1 
	  2390,   2353,   2354, -1 
	  2390,   2389,   2353, -1 
	  2387,   2390,   2354, -1 
	  2391,   2358,   2355, -1 
	  2392,   2355,   2356, -1 
	  2392,   2391,   2355, -1 
	  2393,   2356,   2357, -1 
	  2393,   2392,   2356, -1 
	  2394,   2357,   2358, -1 
	  2394,   2393,   2357, -1 
	  2391,   2394,   2358, -1 
	  2395,   2359,   2365, -1 
	  2395,   2396,   2359, -1 
	  2396,   2360,   2359, -1 
	  2397,   2398,   2360, -1 
	  2396,   2397,   2360, -1 
	  2360,   2398,   2361, -1 
	  2398,   2364,   2361, -1 
	  2361,   2364,   2399, -1 
	  2361,   2399,   2362, -1 
	  2399,   2400,   2362, -1 
	  2401,   2362,   2400, -1 
	  2401,   2363,   2362, -1 
	  2402,   2363,   2401, -1 
	  2402,   2367,   2363, -1 
	  2398,   2365,   2364, -1 
	  2399,   2364,   2368, -1 
	  2403,   2395,   2365, -1 
	  2403,   2365,   2398, -1 
	  2366,   2404,   2377, -1 
	  2366,   2405,   2404, -1 
	  2366,   2367,   2405, -1 
	  2367,   2402,   2406, -1 
	  2367,   2406,   2405, -1 
	  2407,   2368,   2369, -1 
	  2399,   2368,   2407, -1 
	  2407,   2369,   2408, -1 
	  2408,   2369,   2370, -1 
	  2408,   2370,   2409, -1 
	  2409,   2370,   2371, -1 
	  2405,   2371,   2410, -1 
	  2406,   2371,   2405, -1 
	  2371,   2378,   2410, -1 
	  2409,   2371,   2406, -1 
	  2372,   2376,   2373, -1 
	  2374,   2373,   2411, -1 
	  2373,   2412,   2411, -1 
	  2373,   2376,   2412, -1 
	  2374,   2411,   2413, -1 
	  2375,   2374,   2413, -1 
	  2375,   2413,   2414, -1 
	  2376,   2375,   2414, -1 
	  2376,   2414,   2412, -1 
	  2378,   2377,   2415, -1 
	  2377,   2416,   2415, -1 
	  2377,   2404,   2416, -1 
	  2378,   2415,   2417, -1 
	  2410,   2378,   2417, -1 
	  2382,   2379,   2418, -1 
	  2379,   2419,   2418, -1 
	  2379,   2380,   2419, -1 
	  2380,   2420,   2419, -1 
	  2380,   2381,   2420, -1 
	  2381,   2421,   2420, -1 
	  2381,   2382,   2421, -1 
	  2382,   2418,   2421, -1 
	  2384,   2386,   2383, -1 
	  2384,   2385,   2386, -1 
	  2390,   2387,   2388, -1 
	  2388,   2389,   2390, -1 
	  2422,   2394,   2391, -1 
	  2423,   2391,   2392, -1 
	  2423,   2422,   2391, -1 
	  2424,   2392,   2393, -1 
	  2424,   2423,   2392, -1 
	  2425,   2393,   2394, -1 
	  2425,   2424,   2393, -1 
	  2422,   2425,   2394, -1 
	  2426,   2427,   2395, -1 
	  2427,   2396,   2395, -1 
	  2426,   2395,   2403, -1 
	  2427,   2428,   2396, -1 
	  2428,   2397,   2396, -1 
	  2429,   2403,   2397, -1 
	  2428,   2429,   2397, -1 
	  2397,   2403,   2398, -1 
	  2430,   2399,   2431, -1 
	  2400,   2399,   2430, -1 
	  2432,   2399,   2433, -1 
	  2399,   2407,   2433, -1 
	  2399,   2432,   2434, -1 
	  2399,   2434,   2431, -1 
	  2435,   2400,   2430, -1 
	  2436,   2400,   2435, -1 
	  2436,   2401,   2400, -1 
	  2437,   2401,   2436, -1 
	  2437,   2402,   2401, -1 
	  2438,   2406,   2402, -1 
	  2438,   2402,   2437, -1 
	  2429,   2426,   2403, -1 
	  2404,   2410,   2439, -1 
	  2404,   2439,   2416, -1 
	  2405,   2410,   2404, -1 
	  2440,   2406,   2438, -1 
	  2441,   2406,   2442, -1 
	  2441,   2409,   2406, -1 
	  2443,   2442,   2406, -1 
	  2440,   2443,   2406, -1 
	  2433,   2407,   2408, -1 
	  2433,   2408,   2444, -1 
	  2444,   2408,   2409, -1 
	  2444,   2409,   2441, -1 
	  2410,   2417,   2439, -1 
	  2413,   2411,   2445, -1 
	  2411,   2446,   2445, -1 
	  2411,   2412,   2446, -1 
	  2412,   2447,   2446, -1 
	  2412,   2414,   2447, -1 
	  2413,   2445,   2448, -1 
	  2414,   2413,   2448, -1 
	  2414,   2448,   2447, -1 
	  2417,   2415,   2449, -1 
	  2415,   2450,   2449, -1 
	  2415,   2416,   2450, -1 
	  2416,   2451,   2450, -1 
	  2416,   2439,   2451, -1 
	  2417,   2449,   2452, -1 
	  2439,   2417,   2452, -1 
	  2421,   2418,   2453, -1 
	  2418,   2454,   2453, -1 
	  2418,   2419,   2454, -1 
	  2419,   2455,   2454, -1 
	  2419,   2420,   2455, -1 
	  2420,   2456,   2455, -1 
	  2420,   2421,   2456, -1 
	  2421,   2453,   2456, -1 
	  2457,   2425,   2422, -1 
	  2458,   2422,   2423, -1 
	  2458,   2457,   2422, -1 
	  2459,   2423,   2424, -1 
	  2459,   2458,   2423, -1 
	  2460,   2424,   2425, -1 
	  2460,   2459,   2424, -1 
	  2457,   2460,   2425, -1 
	  2461,   2462,   2426, -1 
	  2462,   2463,   2426, -1 
	  2463,   2427,   2426, -1 
	  2461,   2426,   2429, -1 
	  2464,   2465,   2427, -1 
	  2465,   2428,   2427, -1 
	  2464,   2427,   2463, -1 
	  2429,   2428,   2465, -1 
	  2466,   2461,   2429, -1 
	  2467,   2466,   2429, -1 
	  2467,   2429,   2465, -1 
	  2430,   2431,   2468, -1 
	  2469,   2430,   2468, -1 
	  2469,   2435,   2430, -1 
	  2431,   2434,   2470, -1 
	  2431,   2470,   2471, -1 
	  2468,   2431,   2471, -1 
	  2472,   2432,   2473, -1 
	  2432,   2433,   2473, -1 
	  2432,   2472,   2434, -1 
	  2473,   2433,   2444, -1 
	  2434,   2474,   2470, -1 
	  2434,   2472,   2474, -1 
	  2475,   2435,   2469, -1 
	  2476,   2435,   2475, -1 
	  2476,   2436,   2435, -1 
	  2477,   2436,   2476, -1 
	  2477,   2437,   2436, -1 
	  2478,   2437,   2477, -1 
	  2438,   2437,   2478, -1 
	  2479,   2440,   2438, -1 
	  2479,   2438,   2478, -1 
	  2439,   2452,   2451, -1 
	  2480,   2443,   2440, -1 
	  2481,   2440,   2479, -1 
	  2481,   2480,   2440, -1 
	  2444,   2441,   2473, -1 
	  2473,   2441,   2442, -1 
	  2473,   2442,   2482, -1 
	  2443,   2482,   2442, -1 
	  2480,   2483,   2443, -1 
	  2483,   2482,   2443, -1 
	  2448,   2445,   2484, -1 
	  2445,   2485,   2484, -1 
	  2445,   2446,   2485, -1 
	  2446,   2486,   2485, -1 
	  2446,   2447,   2486, -1 
	  2447,   2487,   2486, -1 
	  2447,   2448,   2487, -1 
	  2448,   2484,   2487, -1 
	  2452,   2449,   2488, -1 
	  2449,   2489,   2488, -1 
	  2449,   2490,   2489, -1 
	  2449,   2450,   2490, -1 
	  2450,   2491,   2492, -1 
	  2450,   2451,   2491, -1 
	  2493,   2450,   2492, -1 
	  2493,   2490,   2450, -1 
	  2491,   2451,   2452, -1 
	  2452,   2488,   2494, -1 
	  2452,   2494,   2495, -1 
	  2491,   2452,   2495, -1 
	  2453,   2455,   2456, -1 
	  2455,   2453,   2454, -1 
	  2458,   2460,   2457, -1 
	  2458,   2459,   2460, -1 
	  2496,   2497,   2461, -1 
	  2497,   2462,   2461, -1 
	  2496,   2461,   2466, -1 
	  2497,   2498,   2462, -1 
	  2498,   2499,   2462, -1 
	  2463,   2462,   2499, -1 
	  2467,   2463,   2499, -1 
	  2500,   2463,   2467, -1 
	  2464,   2463,   2500, -1 
	  2501,   2464,   2502, -1 
	  2501,   2465,   2464, -1 
	  2503,   2464,   2500, -1 
	  2503,   2502,   2464, -1 
	  2465,   2504,   2505, -1 
	  2465,   2501,   2504, -1 
	  2505,   2467,   2465, -1 
	  2506,   2496,   2466, -1 
	  2506,   2466,   2499, -1 
	  2467,   2499,   2466, -1 
	  2505,   2500,   2467, -1 
	  2507,   2508,   2468, -1 
	  2468,   2472,   2507, -1 
	  2472,   2468,   2509, -1 
	  2468,   2471,   2509, -1 
	  2508,   2469,   2468, -1 
	  2508,   2476,   2469, -1 
	  2476,   2475,   2469, -1 
	  2470,   2474,   2510, -1 
	  2471,   2470,   2510, -1 
	  2471,   2511,   2512, -1 
	  2509,   2471,   2512, -1 
	  2510,   2511,   2471, -1 
	  2473,   2507,   2472, -1 
	  2472,   2509,   2474, -1 
	  2473,   2513,   2507, -1 
	  2514,   2515,   2473, -1 
	  2482,   2514,   2473, -1 
	  2473,   2516,   2513, -1 
	  2515,   2516,   2473, -1 
	  2474,   2517,   2510, -1 
	  2474,   2509,   2517, -1 
	  2478,   2476,   2508, -1 
	  2478,   2477,   2476, -1 
	  2479,   2478,   2508, -1 
	  2479,   2508,   2514, -1 
	  2514,   2482,   2479, -1 
	  2518,   2479,   2482, -1 
	  2518,   2481,   2479, -1 
	  2519,   2483,   2480, -1 
	  2519,   2480,   2481, -1 
	  2520,   2521,   2481, -1 
	  2520,   2481,   2518, -1 
	  2481,   2522,   2519, -1 
	  2481,   2521,   2522, -1 
	  2483,   2518,   2482, -1 
	  2519,   2523,   2483, -1 
	  2523,   2518,   2483, -1 
	  2485,   2487,   2484, -1 
	  2485,   2486,   2487, -1 
	  2488,   2524,   2525, -1 
	  2488,   2489,   2524, -1 
	  2494,   2488,   2525, -1 
	  2489,   2526,   2524, -1 
	  2527,   2489,   2490, -1 
	  2489,   2527,   2526, -1 
	  2527,   2490,   2495, -1 
	  2495,   2490,   2493, -1 
	  2522,   2491,   2528, -1 
	  2522,   2492,   2491, -1 
	  2529,   2528,   2491, -1 
	  2491,   2495,   2529, -1 
	  2493,   2492,   2522, -1 
	  2529,   2493,   2530, -1 
	  2495,   2493,   2529, -1 
	  2493,   2522,   2530, -1 
	  2494,   2525,   2531, -1 
	  2527,   2494,   2531, -1 
	  2494,   2527,   2495, -1 
	  2532,   2533,   2496, -1 
	  2533,   2497,   2496, -1 
	  2534,   2496,   2506, -1 
	  2534,   2532,   2496, -1 
	  2535,   2498,   2497, -1 
	  2533,   2535,   2497, -1 
	  2535,   2534,   2498, -1 
	  2534,   2506,   2498, -1 
	  2498,   2506,   2499, -1 
	  2503,   2500,   2505, -1 
	  2501,   2502,   2517, -1 
	  2504,   2501,   2512, -1 
	  2509,   2501,   2517, -1 
	  2509,   2512,   2501, -1 
	  2517,   2502,   2510, -1 
	  2511,   2502,   2503, -1 
	  2510,   2502,   2511, -1 
	  2504,   2503,   2505, -1 
	  2536,   2503,   2504, -1 
	  2536,   2537,   2503, -1 
	  2537,   2538,   2503, -1 
	  2503,   2538,   2539, -1 
	  2511,   2503,   2539, -1 
	  2540,   2536,   2504, -1 
	  2540,   2504,   2541, -1 
	  2541,   2504,   2542, -1 
	  2504,   2512,   2542, -1 
	  2507,   2513,   2508, -1 
	  2508,   2515,   2514, -1 
	  2513,   2516,   2508, -1 
	  2508,   2516,   2515, -1 
	  2511,   2539,   2542, -1 
	  2512,   2511,   2542, -1 
	  2523,   2520,   2518, -1 
	  2519,   2522,   2523, -1 
	  2543,   2521,   2520, -1 
	  2543,   2520,   2528, -1 
	  2523,   2528,   2520, -1 
	  2543,   2544,   2521, -1 
	  2544,   2522,   2521, -1 
	  2523,   2522,   2528, -1 
	  2544,   2530,   2522, -1 
	  2524,   2526,   2545, -1 
	  2524,   2545,   2546, -1 
	  2525,   2524,   2546, -1 
	  2525,   2546,   2547, -1 
	  2531,   2525,   2547, -1 
	  2526,   2548,   2545, -1 
	  2526,   2531,   2548, -1 
	  2527,   2531,   2526, -1 
	  2529,   2549,   2528, -1 
	  2543,   2528,   2549, -1 
	  2529,   2530,   2549, -1 
	  2549,   2530,   2550, -1 
	  2530,   2551,   2550, -1 
	  2530,   2552,   2551, -1 
	  2544,   2552,   2530, -1 
	  2531,   2547,   2548, -1 
	  2553,   2554,   2532, -1 
	  2554,   2533,   2532, -1 
	  2553,   2532,   2534, -1 
	  2555,   2535,   2533, -1 
	  2554,   2555,   2533, -1 
	  2556,   2553,   2534, -1 
	  2556,   2534,   2535, -1 
	  2555,   2556,   2535, -1 
	  2557,   2558,   2536, -1 
	  2558,   2537,   2536, -1 
	  2557,   2536,   2540, -1 
	  2558,   2559,   2537, -1 
	  2559,   2560,   2537, -1 
	  2537,   2560,   2538, -1 
	  2561,   2538,   2541, -1 
	  2560,   2541,   2538, -1 
	  2538,   2561,   2539, -1 
	  2562,   2542,   2539, -1 
	  2539,   2563,   2564, -1 
	  2539,   2561,   2563, -1 
	  2562,   2539,   2564, -1 
	  2565,   2557,   2540, -1 
	  2565,   2540,   2560, -1 
	  2560,   2540,   2541, -1 
	  2566,   2561,   2541, -1 
	  2542,   2566,   2541, -1 
	  2566,   2542,   2562, -1 
	  2567,   2543,   2568, -1 
	  2567,   2544,   2543, -1 
	  2543,   2549,   2569, -1 
	  2569,   2570,   2543, -1 
	  2571,   2543,   2570, -1 
	  2571,   2568,   2543, -1 
	  2544,   2572,   2552, -1 
	  2567,   2572,   2544, -1 
	  2546,   2545,   2573, -1 
	  2545,   2574,   2573, -1 
	  2545,   2548,   2574, -1 
	  2546,   2573,   2575, -1 
	  2547,   2546,   2575, -1 
	  2547,   2575,   2576, -1 
	  2548,   2547,   2576, -1 
	  2548,   2576,   2574, -1 
	  2549,   2550,   2577, -1 
	  2569,   2549,   2577, -1 
	  2550,   2578,   2579, -1 
	  2550,   2551,   2578, -1 
	  2577,   2550,   2579, -1 
	  2551,   2580,   2578, -1 
	  2551,   2581,   2580, -1 
	  2552,   2581,   2551, -1 
	  2552,   2569,   2581, -1 
	  2569,   2552,   2572, -1 
	  2582,   2583,   2553, -1 
	  2583,   2554,   2553, -1 
	  2582,   2553,   2556, -1 
	  2583,   2584,   2554, -1 
	  2584,   2555,   2554, -1 
	  2584,   2585,   2555, -1 
	  2585,   2556,   2555, -1 
	  2585,   2582,   2556, -1 
	  2586,   2587,   2557, -1 
	  2587,   2558,   2557, -1 
	  2586,   2557,   2565, -1 
	  2587,   2588,   2558, -1 
	  2588,   2559,   2558, -1 
	  2588,   2589,   2559, -1 
	  2589,   2565,   2559, -1 
	  2559,   2565,   2560, -1 
	  2561,   2566,   2563, -1 
	  2590,   2562,   2564, -1 
	  2591,   2562,   2590, -1 
	  2566,   2562,   2591, -1 
	  2563,   2591,   2592, -1 
	  2566,   2591,   2563, -1 
	  2593,   2563,   2594, -1 
	  2563,   2592,   2594, -1 
	  2564,   2563,   2593, -1 
	  2564,   2593,   2595, -1 
	  2595,   2590,   2564, -1 
	  2589,   2586,   2565, -1 
	  2567,   2596,   2597, -1 
	  2567,   2568,   2596, -1 
	  2597,   2598,   2567, -1 
	  2567,   2598,   2572, -1 
	  2599,   2568,   2571, -1 
	  2599,   2596,   2568, -1 
	  2569,   2572,   2570, -1 
	  2569,   2577,   2581, -1 
	  2598,   2570,   2572, -1 
	  2598,   2571,   2570, -1 
	  2600,   2571,   2598, -1 
	  2600,   2601,   2571, -1 
	  2601,   2599,   2571, -1 
	  2575,   2573,   2602, -1 
	  2573,   2603,   2602, -1 
	  2573,   2574,   2603, -1 
	  2574,   2576,   2604, -1 
	  2574,   2604,   2603, -1 
	  2575,   2602,   2605, -1 
	  2576,   2575,   2605, -1 
	  2576,   2605,   2604, -1 
	  2577,   2579,   2606, -1 
	  2581,   2577,   2606, -1 
	  2578,   2607,   2608, -1 
	  2578,   2580,   2607, -1 
	  2579,   2578,   2608, -1 
	  2579,   2608,   2609, -1 
	  2606,   2579,   2609, -1 
	  2580,   2610,   2607, -1 
	  2580,   2606,   2610, -1 
	  2581,   2606,   2580, -1 
	  2611,   2612,   2582, -1 
	  2612,   2583,   2582, -1 
	  2611,   2582,   2585, -1 
	  2612,   2613,   2583, -1 
	  2613,   2584,   2583, -1 
	  2613,   2614,   2584, -1 
	  2614,   2585,   2584, -1 
	  2614,   2611,   2585, -1 
	  2587,   2586,   2589, -1 
	  2588,   2587,   2589, -1 
	  2615,   2590,   2595, -1 
	  2590,   2616,   2617, -1 
	  2590,   2615,   2616, -1 
	  2591,   2590,   2617, -1 
	  2591,   2618,   2592, -1 
	  2591,   2617,   2618, -1 
	  2592,   2618,   2619, -1 
	  2594,   2592,   2620, -1 
	  2592,   2619,   2620, -1 
	  2593,   2616,   2621, -1 
	  2594,   2622,   2593, -1 
	  2617,   2593,   2622, -1 
	  2593,   2617,   2616, -1 
	  2595,   2593,   2621, -1 
	  2594,   2620,   2623, -1 
	  2624,   2594,   2623, -1 
	  2594,   2624,   2622, -1 
	  2625,   2615,   2595, -1 
	  2595,   2621,   2625, -1 
	  2597,   2596,   2626, -1 
	  2599,   2626,   2596, -1 
	  2597,   2626,   2627, -1 
	  2627,   2628,   2597, -1 
	  2597,   2628,   2598, -1 
	  2629,   2598,   2628, -1 
	  2629,   2600,   2598, -1 
	  2630,   2628,   2599, -1 
	  2631,   2599,   2628, -1 
	  2631,   2632,   2599, -1 
	  2599,   2632,   2626, -1 
	  2601,   2630,   2599, -1 
	  2633,   2600,   2629, -1 
	  2633,   2634,   2600, -1 
	  2634,   2601,   2600, -1 
	  2634,   2635,   2601, -1 
	  2635,   2630,   2601, -1 
	  2605,   2602,   2636, -1 
	  2602,   2637,   2636, -1 
	  2602,   2603,   2637, -1 
	  2603,   2604,   2638, -1 
	  2603,   2638,   2637, -1 
	  2604,   2639,   2638, -1 
	  2604,   2605,   2639, -1 
	  2605,   2636,   2639, -1 
	  2606,   2609,   2610, -1 
	  2610,   2608,   2607, -1 
	  2610,   2609,   2608, -1 
	  2612,   2611,   2613, -1 
	  2611,   2614,   2613, -1 
	  2640,   2615,   2625, -1 
	  2616,   2615,   2640, -1 
	  2641,   2621,   2616, -1 
	  2642,   2641,   2616, -1 
	  2616,   2640,   2642, -1 
	  2617,   2622,   2624, -1 
	  2617,   2624,   2618, -1 
	  2618,   2643,   2619, -1 
	  2618,   2624,   2643, -1 
	  2619,   2643,   2644, -1 
	  2620,   2619,   2645, -1 
	  2619,   2644,   2645, -1 
	  2620,   2645,   2646, -1 
	  2623,   2620,   2646, -1 
	  2625,   2621,   2641, -1 
	  2623,   2646,   2647, -1 
	  2643,   2623,   2647, -1 
	  2624,   2623,   2643, -1 
	  2648,   2640,   2625, -1 
	  2625,   2641,   2648, -1 
	  2627,   2626,   2649, -1 
	  2650,   2649,   2626, -1 
	  2650,   2626,   2632, -1 
	  2627,   2649,   2651, -1 
	  2651,   2631,   2627, -1 
	  2627,   2631,   2628, -1 
	  2628,   2630,   2629, -1 
	  2652,   2633,   2629, -1 
	  2652,   2629,   2630, -1 
	  2635,   2652,   2630, -1 
	  2651,   2653,   2631, -1 
	  2632,   2631,   2653, -1 
	  2632,   2653,   2650, -1 
	  2654,   2655,   2633, -1 
	  2654,   2633,   2652, -1 
	  2655,   2634,   2633, -1 
	  2656,   2635,   2634, -1 
	  2655,   2656,   2634, -1 
	  2656,   2657,   2635, -1 
	  2657,   2652,   2635, -1 
	  2636,   2638,   2639, -1 
	  2636,   2637,   2638, -1 
	  2658,   2640,   2648, -1 
	  2659,   2640,   2658, -1 
	  2659,   2642,   2640, -1 
	  2660,   2641,   2642, -1 
	  2661,   2641,   2660, -1 
	  2661,   2648,   2641, -1 
	  2659,   2660,   2642, -1 
	  2643,   2647,   2644, -1 
	  2645,   2644,   2647, -1 
	  2645,   2647,   2646, -1 
	  2661,   2658,   2648, -1 
	  2651,   2649,   2662, -1 
	  2662,   2649,   2650, -1 
	  2650,   2653,   2663, -1 
	  2650,   2663,   2664, -1 
	  2662,   2650,   2664, -1 
	  2663,   2653,   2651, -1 
	  2663,   2651,   2665, -1 
	  2651,   2662,   2665, -1 
	  2657,   2654,   2652, -1 
	  2654,   2657,   2656, -1 
	  2654,   2656,   2655, -1 
	  2666,   2667,   2658, -1 
	  2666,   2658,   2661, -1 
	  2659,   2658,   2668, -1 
	  2667,   2668,   2658, -1 
	  2659,   2668,   2669, -1 
	  2670,   2660,   2659, -1 
	  2669,   2670,   2659, -1 
	  2671,   2660,   2670, -1 
	  2671,   2661,   2660, -1 
	  2671,   2666,   2661, -1 
	  2665,   2662,   2672, -1 
	  2662,   2673,   2672, -1 
	  2662,   2674,   2673, -1 
	  2674,   2662,   2664, -1 
	  2664,   2663,   2675, -1 
	  2675,   2663,   2665, -1 
	  2664,   2675,   2676, -1 
	  2676,   2674,   2664, -1 
	  2675,   2665,   2677, -1 
	  2665,   2672,   2677, -1 
	  2678,   2666,   2671, -1 
	  2679,   2667,   2666, -1 
	  2678,   2679,   2666, -1 
	  2679,   2680,   2667, -1 
	  2680,   2681,   2667, -1 
	  2668,   2667,   2682, -1 
	  2682,   2667,   2681, -1 
	  2669,   2668,   2682, -1 
	  2669,   2682,   2683, -1 
	  2684,   2670,   2669, -1 
	  2683,   2684,   2669, -1 
	  2681,   2671,   2670, -1 
	  2685,   2681,   2670, -1 
	  2684,   2685,   2670, -1 
	  2671,   2681,   2686, -1 
	  2686,   2678,   2671, -1 
	  2677,   2672,   2687, -1 
	  2672,   2688,   2687, -1 
	  2672,   2673,   2688, -1 
	  2673,   2689,   2690, -1 
	  2673,   2690,   2688, -1 
	  2689,   2673,   2691, -1 
	  2691,   2673,   2674, -1 
	  2691,   2674,   2676, -1 
	  2675,   2689,   2692, -1 
	  2675,   2692,   2693, -1 
	  2675,   2677,   2689, -1 
	  2676,   2675,   2693, -1 
	  2676,   2693,   2694, -1 
	  2694,   2691,   2676, -1 
	  2695,   2689,   2677, -1 
	  2677,   2687,   2695, -1 
	  2696,   2678,   2686, -1 
	  2696,   2697,   2678, -1 
	  2697,   2679,   2678, -1 
	  2698,   2680,   2679, -1 
	  2697,   2698,   2679, -1 
	  2680,   2698,   2699, -1 
	  2686,   2680,   2699, -1 
	  2681,   2680,   2686, -1 
	  2685,   2682,   2681, -1 
	  2700,   2701,   2682, -1 
	  2701,   2683,   2682, -1 
	  2700,   2682,   2685, -1 
	  2701,   2702,   2683, -1 
	  2702,   2684,   2683, -1 
	  2703,   2685,   2684, -1 
	  2702,   2703,   2684, -1 
	  2703,   2700,   2685, -1 
	  2699,   2696,   2686, -1 
	  2695,   2687,   2704, -1 
	  2687,   2705,   2704, -1 
	  2687,   2688,   2705, -1 
	  2688,   2690,   2706, -1 
	  2688,   2706,   2705, -1 
	  2695,   2690,   2689, -1 
	  2689,   2691,   2692, -1 
	  2707,   2706,   2690, -1 
	  2707,   2690,   2695, -1 
	  2692,   2691,   2708, -1 
	  2691,   2694,   2709, -1 
	  2691,   2709,   2708, -1 
	  2693,   2692,   2710, -1 
	  2692,   2708,   2710, -1 
	  2694,   2693,   2711, -1 
	  2693,   2710,   2711, -1 
	  2694,   2711,   2709, -1 
	  2695,   2704,   2707, -1 
	  2712,   2696,   2699, -1 
	  2712,   2713,   2696, -1 
	  2713,   2697,   2696, -1 
	  2714,   2698,   2697, -1 
	  2713,   2714,   2697, -1 
	  2699,   2698,   2715, -1 
	  2698,   2714,   2715, -1 
	  2715,   2712,   2699, -1 
	  2716,   2717,   2700, -1 
	  2717,   2701,   2700, -1 
	  2716,   2700,   2703, -1 
	  2717,   2718,   2701, -1 
	  2718,   2702,   2701, -1 
	  2719,   2703,   2702, -1 
	  2718,   2719,   2702, -1 
	  2719,   2716,   2703, -1 
	  2704,   2720,   2721, -1 
	  2707,   2704,   2721, -1 
	  2704,   2705,   2720, -1 
	  2705,   2706,   2722, -1 
	  2705,   2722,   2720, -1 
	  2723,   2706,   2707, -1 
	  2723,   2722,   2706, -1 
	  2707,   2721,   2723, -1 
	  2710,   2708,   2724, -1 
	  2708,   2709,   2725, -1 
	  2708,   2725,   2724, -1 
	  2709,   2711,   2726, -1 
	  2709,   2726,   2725, -1 
	  2711,   2710,   2727, -1 
	  2710,   2724,   2727, -1 
	  2711,   2727,   2726, -1 
	  2728,   2729,   2712, -1 
	  2728,   2712,   2715, -1 
	  2729,   2713,   2712, -1 
	  2729,   2730,   2713, -1 
	  2730,   2714,   2713, -1 
	  2714,   2730,   2731, -1 
	  2715,   2714,   2731, -1 
	  2731,   2728,   2715, -1 
	  2732,   2733,   2716, -1 
	  2733,   2717,   2716, -1 
	  2732,   2716,   2719, -1 
	  2733,   2734,   2717, -1 
	  2734,   2718,   2717, -1 
	  2735,   2719,   2718, -1 
	  2734,   2735,   2718, -1 
	  2735,   2732,   2719, -1 
	  2720,   2722,   2736, -1 
	  2720,   2736,   2737, -1 
	  2721,   2720,   2737, -1 
	  2723,   2721,   2738, -1 
	  2721,   2737,   2738, -1 
	  2739,   2722,   2723, -1 
	  2722,   2739,   2736, -1 
	  2723,   2738,   2739, -1 
	  2727,   2724,   2740, -1 
	  2724,   2741,   2740, -1 
	  2724,   2725,   2741, -1 
	  2725,   2726,   2742, -1 
	  2725,   2742,   2741, -1 
	  2726,   2727,   2743, -1 
	  2726,   2743,   2742, -1 
	  2727,   2740,   2743, -1 
	  2728,   2731,   2729, -1 
	  2731,   2730,   2729, -1 
	  2744,   2745,   2732, -1 
	  2745,   2733,   2732, -1 
	  2744,   2732,   2735, -1 
	  2745,   2746,   2733, -1 
	  2746,   2734,   2733, -1 
	  2747,   2735,   2734, -1 
	  2746,   2747,   2734, -1 
	  2747,   2744,   2735, -1 
	  2737,   2736,   2739, -1 
	  2737,   2739,   2738, -1 
	  2743,   2740,   2748, -1 
	  2740,   2749,   2748, -1 
	  2740,   2741,   2749, -1 
	  2741,   2742,   2750, -1 
	  2741,   2750,   2749, -1 
	  2742,   2751,   2750, -1 
	  2742,   2743,   2751, -1 
	  2743,   2748,   2751, -1 
	  2746,   2745,   2744, -1 
	  2746,   2744,   2747, -1 
	  2751,   2748,   2749, -1 
	  2751,   2749,   2750, -1 
    ] 
   colorPerVertex FALSE 
    colorIndex [ 
	  1, 
	  1, 
	  1, 
	  1, 
	  1, 
	  1, 
	  1, 
	  1, 
	  1, 
	  1, 
	  1, 
	  1, 
	  1, 
	  1, 
	  1, 
	  1, 
	  1, 
	  1, 
	  1, 
	  1, 
	  1, 
	  1, 
	  1, 
	  1, 
	  1, 
	  1, 
	  1, 
	  1, 
	  1, 
	  1, 
	  1, 
	  1, 
	  1, 
	  1, 
	  1, 
	  1, 
	  1, 
	  1, 
	  1, 
	  1, 
	  1, 
	  1, 
	  1, 
	  1, 
	  1, 
	  1, 
	  1, 
	  1, 
	  1, 
	  1, 
	  1, 
	  1, 
	  1, 
	  1, 
	  1, 
	  1, 
	  1, 
	  1, 
	  1, 
	  1, 
	  1, 
	  1, 
	  1, 
	  1, 
	  1, 
	  1, 
	  1, 
	  1, 
	  1, 
	  1, 
	  1, 
	  1, 
	  1, 
	  1, 
	  1, 
	  1, 
	  1, 
	  1, 
	  1, 
	  1, 
	  1, 
	  1, 
	  1, 
	  1, 
	  1, 
	  1, 
	  1, 
	  1, 
	  1, 
	  1, 
	  1, 
	  1, 
	  1, 
	  1, 
	  1, 
	  1, 
	  1, 
	  1, 
	  1, 
	  1, 
	  1, 
	  1, 
	  1, 
	  1, 
	  1, 
	  1, 
	  1, 
	  1, 
	  1, 
	  1, 
	  1, 
	  1, 
	  1, 
	  1, 
	  1, 
	  1, 
	  1, 
	  1, 
	  1, 
	  1, 
	  1, 
	  1, 
	  1, 
	  1, 
	  1, 
	  1, 
	  1, 
	  1, 
	  1, 
	  1, 
	  1, 
	  1, 
	  1, 
	  1, 
	  1, 
	  1, 
	  1, 
	  1, 
	  1, 
	  1, 
	  1, 
	  1, 
	  1, 
	  1, 
	  1, 
	  1, 
	  1, 
	  1, 
	  1, 
	  1, 
	  1, 
	  1, 
	  1, 
	  1, 
	  1, 
	  1, 
	  1, 
	  1, 
	  1, 
	  1, 
	  1, 
	  1, 
	  1, 
	  1, 
	  1, 
	  1, 
	  1, 
	  1, 
	  1, 
	  1, 
	  1, 
	  1, 
	  1, 
	  1, 
	  1, 
	  1, 
	  1, 
	  1, 
	  1, 
	  1, 
	  1, 
	  1, 
	  1, 
	  1, 
	  1, 
	  1, 
	  1, 
	  1, 
	  1, 
	  1, 
	  1, 
	  1, 
	  1, 
	  1, 
	  1, 
	  1, 
	  1, 
	  1, 
	  1, 
	  1, 
	  1, 
	  1, 
	  1, 
	  1, 
	  1, 
	  1, 
	  1, 
	  1, 
	  1, 
	  1, 
	  1, 
	  1, 
	  1, 
	  1, 
	  1, 
	  1, 
	  1, 
	  1, 
	  1, 
	  1, 
	  1, 
	  1, 
	  1, 
	  1, 
	  1, 
	  1, 
	  1, 
	  1, 
	  1, 
	  1, 
	  1, 
	  1, 
	  1, 
	  1, 
	  1, 
	  1, 
	  1, 
	  1, 
	  1, 
	  1, 
	  1, 
	  1, 
	  1, 
	  1, 
	  1, 
	  1, 
	  1, 
	  1, 
	  1, 
	  1, 
	  1, 
	  1, 
	  1, 
	  1, 
	  1, 
	  1, 
	  1, 
	  1, 
	  1, 
	  1, 
	  1, 
	  1, 
	  1, 
	  1, 
	  1, 
	  1, 
	  1, 
	  1, 
	  1, 
	  1, 
	  1, 
	  1, 
	  1, 
	  1, 
	  1, 
	  1, 
	  1, 
	  1, 
	  1, 
	  1, 
	  1, 
	  1, 
	  1, 
	  1, 
	  1, 
	  1, 
	  1, 
	  1, 
	  1, 
	  1, 
	  1, 
	  1, 
	  1, 
	  1, 
	  1, 
	  1, 
	  1, 
	  1, 
	  1, 
	  1, 
	  1, 
	  1, 
	  1, 
	  1, 
	  1, 
	  1, 
	  1, 
	  1, 
	  1, 
	  1, 
	  1, 
	  1, 
	  1, 
	  1, 
	  1, 
	  1, 
	  1, 
	  1, 
	  1, 
	  1, 
	  1, 
	  1, 
	  1, 
	  1, 
	  1, 
	  1, 
	  1, 
	  1, 
	  1, 
	  1, 
	  1, 
	  1, 
	  1, 
	  1, 
	  1, 
	  1, 
	  1, 
	  1, 
	  1, 
	  1, 
	  1, 
	  1, 
	  1, 
	  1, 
	  1, 
	  1, 
	  1, 
	  1, 
	  1, 
	  1, 
	  1, 
	  1, 
	  1, 
	  1, 
	  1, 
	  1, 
	  1, 
	  1, 
	  1, 
	  1, 
	  1, 
	  1, 
	  1, 
	  1, 
	  1, 
	  1, 
	  1, 
	  1, 
	  1, 
	  1, 
	  1, 
	  1, 
	  1, 
	  1, 
	  1, 
	  1, 
	  1, 
	  1, 
	  1, 
	  1, 
	  1, 
	  1, 
	  1, 
	  1, 
	  1, 
	  1, 
	  1, 
	  1, 
	  1, 
	  1, 
	  1, 
	  1, 
	  1, 
	  1, 
	  1, 
	  1, 
	  1, 
	  1, 
	  1, 
	  1, 
	  1, 
	  1, 
	  1, 
	  1, 
	  1, 
	  1, 
	  1, 
	  1, 
	  1, 
	  1, 
	  1, 
	  1, 
	  1, 
	  1, 
	  1, 
	  1, 
	  1, 
	  1, 
	  1, 
	  1, 
	  1, 
	  1, 
	  1, 
	  1, 
	  1, 
	  1, 
	  1, 
	  1, 
	  1, 
	  1, 
	  1, 
	  1, 
	  1, 
	  1, 
	  1, 
	  1, 
	  1, 
	  1, 
	  1, 
	  1, 
	  1, 
	  1, 
	  1, 
	  1, 
	  1, 
	  1, 
	  1, 
	  1, 
	  1, 
	  1, 
	  1, 
	  1, 
	  1, 
	  1, 
	  1, 
	  1, 
	  1, 
	  1, 
	  1, 
	  1, 
	  1, 
	  1, 
	  1, 
	  1, 
	  1, 
	  1, 
	  1, 
	  1, 
	  1, 
	  1, 
	  1, 
	  1, 
	  1, 
	  1, 
	  1, 
	  1, 
	  1, 
	  1, 
	  1, 
	  1, 
	  1, 
	  1, 
	  1, 
	  1, 
	  1, 
	  1, 
	  1, 
	  1, 
	  1, 
	  1, 
	  1, 
	  1, 
	  1, 
	  1, 
	  1, 
	  1, 
	  1, 
	  1, 
	  1, 
	  1, 
	  1, 
	  1, 
	  1, 
	  1, 
	  1, 
	  1, 
	  1, 
	  1, 
	  1, 
	  1, 
	  1, 
	  1, 
	  1, 
	  1, 
	  1, 
	  1, 
	  1, 
	  1, 
	  1, 
	  1, 
	  1, 
	  1, 
	  1, 
	  1, 
	  1, 
	  1, 
	  1, 
	  1, 
	  1, 
	  1, 
	  1, 
	  1, 
	  1, 
	  1, 
	  1, 
	  1, 
	  1, 
	  1, 
	  1, 
	  1, 
	  1, 
	  1, 
	  1, 
	  1, 
	  1, 
	  1, 
	  1, 
	  1, 
	  1, 
	  1, 
	  1, 
	  1, 
	  1, 
	  1, 
	  1, 
	  1, 
	  1, 
	  1, 
	  1, 
	  1, 
	  1, 
	  1, 
	  1, 
	  1, 
	  1, 
	  1, 
	  1, 
	  1, 
	  1, 
	  1, 
	  1, 
	  1, 
	  1, 
	  1, 
	  1, 
	  1, 
	  1, 
	  1, 
	  1, 
	  1, 
	  1, 
	  1, 
	  1, 
	  1, 
	  1, 
	  1, 
	  1, 
	  1, 
	  1, 
	  1, 
	  1, 
	  1, 
	  1, 
	  1, 
	  1, 
	  1, 
	  1, 
	  1, 
	  1, 
	  1, 
	  1, 
	  1, 
	  1, 
	  1, 
	  1, 
	  1, 
	  1, 
	  1, 
	  1, 
	  1, 
	  1, 
	  1, 
	  1, 
	  1, 
	  1, 
	  1, 
	  1, 
	  1, 
	  1, 
	  1, 
	  1, 
	  1, 
	  1, 
	  1, 
	  1, 
	  1, 
	  1, 
	  1, 
	  1, 
	  1, 
	  1, 
	  1, 
	  1, 
	  1, 
	  1, 
	  1, 
	  1, 
	  1, 
	  1, 
	  1, 
	  1, 
	  1, 
	  1, 
	  1, 
	  1, 
	  1, 
	  1, 
	  1, 
	  1, 
	  1, 
	  1, 
	  1, 
	  1, 
	  1, 
	  1, 
	  1, 
	  1, 
	  1, 
	  1, 
	  1, 
	  1, 
	  1, 
	  1, 
	  1, 
	  1, 
	  1, 
	  1, 
	  1, 
	  1, 
	  1, 
	  1, 
	  1, 
	  1, 
	  1, 
	  1, 
	  1, 
	  1, 
	  1, 
	  1, 
	  1, 
	  1, 
	  1, 
	  1, 
	  1, 
	  1, 
	  1, 
	  1, 
	  1, 
	  1, 
	  1, 
	  1, 
	  1, 
	  1, 
	  1, 
	  1, 
	  1, 
	  1, 
	  1, 
	  1, 
	  1, 
	  1, 
	  1, 
	  1, 
	  1, 
	  1, 
	  1, 
	  1, 
	  1, 
	  1, 
	  1, 
	  1, 
	  1, 
	  1, 
	  1, 
	  1, 
	  1, 
	  1, 
	  1, 
	  1, 
	  1, 
	  1, 
	  1, 
	  1, 
	  1, 
	  1, 
	  1, 
	  1, 
	  1, 
	  1, 
	  1, 
	  1, 
	  1, 
	  1, 
	  1, 
	  1, 
	  1, 
	  1, 
	  1, 
	  1, 
	  1, 
	  1, 
	  1, 
	  1, 
	  1, 
	  1, 
	  1, 
	  1, 
	  1, 
	  1, 
	  1, 
	  1, 
	  1, 
	  1, 
	  1, 
	  1, 
	  1, 
	  1, 
	  1, 
	  1, 
	  1, 
	  1, 
	  1, 
	  1, 
	  1, 
	  1, 
	  1, 
	  1, 
	  1, 
	  1, 
	  1, 
	  1, 
	  1, 
	  1, 
	  1, 
	  1, 
	  1, 
	  1, 
	  1, 
	  1, 
	  1, 
	  1, 
	  1, 
	  1, 
	  1, 
	  1, 
	  1, 
	  1, 
	  1, 
	  1, 
	  1, 
	  1, 
	  1, 
	  1, 
	  1, 
	  1, 
	  1, 
	  1, 
	  1, 
	  1, 
	  1, 
	  1, 
	  1, 
	  1, 
	  1, 
	  1, 
	  1, 
	  1, 
	  1, 
	  1, 
	  1, 
	  1, 
	  1, 
	  1, 
	  1, 
	  1, 
	  1, 
	  1, 
	  1, 
	  1, 
	  1, 
	  1, 
	  1, 
	  1, 
	  1, 
	  1, 
	  1, 
	  1, 
	  1, 
	  1, 
	  1, 
	  1, 
	  1, 
	  1, 
	  1, 
	  1, 
	  1, 
	  1, 
	  1, 
	  1, 
	  1, 
	  1, 
	  1, 
	  1, 
	  1, 
	  1, 
	  1, 
	  1, 
	  1, 
	  1, 
	  1, 
	  1, 
	  1, 
	  1, 
	  1, 
	  1, 
	  1, 
	  1, 
	  1, 
	  1, 
	  1, 
	  1, 
	  1, 
	  1, 
	  1, 
	  1, 
	  1, 
	  1, 
	  1, 
	  1, 
	  1, 
	  1, 
	  1, 
	  1, 
	  1, 
	  1, 
	  1, 
	  1, 
	  1, 
	  1, 
	  1, 
	  1, 
	  1, 
	  1, 
	  1, 
	  1, 
	  1, 
	  1, 
	  1, 
	  1, 
	  1, 
	  1, 
	  1, 
	  1, 
	  1, 
	  1, 
	  1, 
	  1, 
	  1, 
	  1, 
	  1, 
	  1, 
	  1, 
	  1, 
	  1, 
	  1, 
	  1, 
	  1, 
	  1, 
	  1, 
	  1, 
	  1, 
	  1, 
	  1, 
	  1, 
	  1, 
	  1, 
	  1, 
	  1, 
	  1, 
	  1, 
	  1, 
	  1, 
	  1, 
	  1, 
	  1, 
	  1, 
	  1, 
	  1, 
	  1, 
	  1, 
	  1, 
	  1, 
	  1, 
	  1, 
	  1, 
	  1, 
	  1, 
	  1, 
	  1, 
	  1, 
	  1, 
	  1, 
	  1, 
	  1, 
	  1, 
	  1, 
	  1, 
	  1, 
	  1, 
	  1, 
	  1, 
	  1, 
	  1, 
	  1, 
	  1, 
	  1, 
	  1, 
	  1, 
	  1, 
	  1, 
	  1, 
	  1, 
	  1, 
	  1, 
	  1, 
	  1, 
	  1, 
	  1, 
	  1, 
	  1, 
	  1, 
	  1, 
	  1, 
	  1, 
	  1, 
	  1, 
	  1, 
	  1, 
	  1, 
	  1, 
	  1, 
	  1, 
	  1, 
	  1, 
	  1, 
	  1, 
	  1, 
	  1, 
	  1, 
	  1, 
	  1, 
	  1, 
	  1, 
	  1, 
	  1, 
	  1, 
	  1, 
	  1, 
	  1, 
	  1, 
	  1, 
	  1, 
	  1, 
	  1, 
	  1, 
	  1, 
	  1, 
	  1, 
	  1, 
	  1, 
	  1, 
	  1, 
	  1, 
	  1, 
	  1, 
	  1, 
	  1, 
	  1, 
	  1, 
	  1, 
	  1, 
	  1, 
	  1, 
	  1, 
	  1, 
	  1, 
	  1, 
	  1, 
	  1, 
	  1, 
	  1, 
	  1, 
	  1, 
	  1, 
	  1, 
	  1, 
	  1, 
	  1, 
	  1, 
	  1, 
	  1, 
	  1, 
	  1, 
	  1, 
	  1, 
	  1, 
	  1, 
	  1, 
	  1, 
	  1, 
	  1, 
	  1, 
	  1, 
	  1, 
	  1, 
	  1, 
	  1, 
	  1, 
	  1, 
	  1, 
	  1, 
	  1, 
	  1, 
	  1, 
	  1, 
	  1, 
	  1, 
	  1, 
	  1, 
	  1, 
	  1, 
	  1, 
	  1, 
	  1, 
	  1, 
	  1, 
	  1, 
	  1, 
	  1, 
	  1, 
	  1, 
	  1, 
	  1, 
	  1, 
	  1, 
	  1, 
	  1, 
	  1, 
	  1, 
	  1, 
	  1, 
	  1, 
	  1, 
	  1, 
	  1, 
	  1, 
	  1, 
	  1, 
	  1, 
	  1, 
	  1, 
	  1, 
	  1, 
	  1, 
	  1, 
	  1, 
	  1, 
	  1, 
	  1, 
	  1, 
	  1, 
	  1, 
	  1, 
	  1, 
	  1, 
	  1, 
	  1, 
	  1, 
	  1, 
	  1, 
	  1, 
	  1, 
	  1, 
	  1, 
	  1, 
	  1, 
	  1, 
	  1, 
	  1, 
	  1, 
	  1, 
	  1, 
	  1, 
	  1, 
	  1, 
	  1, 
	  1, 
	  1, 
	  1, 
	  1, 
	  1, 
	  1, 
	  1, 
	  1, 
	  1, 
	  1, 
	  1, 
	  1, 
	  1, 
	  1, 
	  1, 
	  1, 
	  1, 
	  1, 
	  1, 
	  1, 
	  1, 
	  1, 
	  1, 
	  1, 
	  1, 
	  1, 
	  1, 
	  1, 
	  1, 
	  1, 
	  1, 
	  1, 
	  1, 
	  1, 
	  1, 
	  1, 
	  1, 
	  1, 
	  1, 
	  1, 
	  1, 
	  1, 
	  1, 
	  1, 
	  1, 
	  1, 
	  1, 
	  1, 
	  1, 
	  1, 
	  1, 
	  1, 
	  1, 
	  1, 
	  1, 
	  1, 
	  1, 
	  1, 
	  1, 
	  1, 
	  1, 
	  1, 
	  1, 
	  1, 
	  1, 
	  1, 
	  1, 
	  1, 
	  1, 
	  1, 
	  1, 
	  1, 
	  1, 
	  1, 
	  1, 
	  1, 
	  1, 
	  1, 
	  1, 
	  1, 
	  1, 
	  1, 
	  1, 
	  1, 
	  1, 
	  1, 
	  1, 
	  1, 
	  1, 
	  1, 
	  1, 
	  1, 
	  1, 
	  1, 
	  1, 
	  1, 
	  1, 
	  1, 
	  1, 
	  1, 
	  1, 
	  1, 
	  1, 
	  1, 
	  1, 
	  1, 
	  1, 
	  1, 
	  1, 
	  1, 
	  1, 
	  1, 
	  1, 
	  1, 
	  1, 
	  1, 
	  1, 
	  1, 
	  1, 
	  1, 
	  1, 
	  1, 
	  1, 
	  1, 
	  1, 
	  1, 
	  1, 
	  1, 
	  1, 
	  1, 
	  1, 
	  1, 
	  1, 
	  1, 
	  1, 
	  1, 
	  1, 
	  1, 
	  1, 
	  1, 
	  1, 
	  1, 
	  1, 
	  1, 
	  1, 
	  1, 
	  1, 
	  1, 
	  1, 
	  1, 
	  1, 
	  1, 
	  1, 
	  1, 
	  1, 
	  1, 
	  1, 
	  1, 
	  1, 
	  1, 
	  1, 
	  1, 
	  1, 
	  1, 
	  1, 
	  1, 
	  1, 
	  1, 
	  1, 
	  1, 
	  1, 
	  1, 
	  1, 
	  1, 
	  1, 
	  1, 
	  1, 
	  1, 
	  1, 
	  1, 
	  1, 
	  1, 
	  1, 
	  1, 
	  1, 
	  1, 
	  1, 
	  1, 
	  1, 
	  1, 
	  1, 
	  1, 
	  1, 
	  1, 
	  1, 
	  1, 
	  1, 
	  1, 
	  1, 
	  1, 
	  1, 
	  1, 
	  1, 
	  1, 
	  1, 
	  1, 
	  1, 
	  1, 
	  1, 
	  1, 
	  1, 
	  1, 
	  1, 
	  1, 
	  1, 
	  1, 
	  1, 
	  1, 
	  1, 
	  1, 
	  1, 
	  1, 
	  1, 
	  1, 
	  1, 
	  1, 
	  1, 
	  1, 
	  1, 
	  1, 
	  1, 
	  1, 
	  1, 
	  1, 
	  1, 
	  1, 
	  1, 
	  1, 
	  1, 
	  1, 
	  1, 
	  1, 
	  1, 
	  1, 
	  1, 
	  1, 
	  1, 
	  1, 
	  1, 
	  1, 
	  1, 
	  1, 
	  1, 
	  1, 
	  1, 
	  1, 
	  1, 
	  1, 
	  1, 
	  1, 
	  1, 
	  1, 
	  1, 
	  1, 
	  1, 
	  1, 
	  1, 
	  1, 
	  1, 
	  1, 
	  1, 
	  1, 
	  1, 
	  1, 
	  1, 
	  1, 
	  1, 
	  1, 
	  1, 
	  1, 
	  1, 
	  1, 
	  1, 
	  1, 
	  1, 
	  1, 
	  1, 
	  1, 
	  1, 
	  1, 
	  1, 
	  1, 
	  1, 
	  1, 
	  1, 
	  1, 
	  1, 
	  1, 
	  1, 
	  1, 
	  1, 
	  1, 
	  1, 
	  1, 
	  1, 
	  1, 
	  1, 
	  1, 
	  1, 
	  1, 
	  1, 
	  1, 
	  1, 
	  1, 
	  1, 
	  1, 
	  1, 
	  1, 
	  1, 
	  1, 
	  1, 
	  1, 
	  1, 
	  1, 
	  1, 
	  1, 
	  1, 
	  1, 
	  1, 
	  1, 
	  1, 
	  1, 
	  1, 
	  1, 
	  1, 
	  1, 
	  1, 
	  1, 
	  1, 
	  1, 
	  1, 
	  1, 
	  1, 
	  1, 
	  1, 
	  1, 
	  1, 
	  1, 
	  1, 
	  1, 
	  1, 
	  1, 
	  1, 
	  1, 
	  1, 
	  1, 
	  1, 
	  1, 
	  1, 
	  1, 
	  1, 
	  1, 
	  1, 
	  1, 
	  1, 
	  1, 
	  1, 
	  1, 
	  1, 
	  1, 
	  1, 
	  1, 
	  1, 
	  1, 
	  1, 
	  1, 
	  1, 
	  1, 
	  1, 
	  1, 
	  1, 
	  1, 
	  1, 
	  1, 
	  1, 
	  1, 
	  1, 
	  1, 
	  1, 
	  1, 
	  1, 
	  1, 
	  1, 
	  1, 
	  1, 
	  1, 
	  1, 
	  1, 
	  1, 
	  1, 
	  1, 
	  1, 
	  1, 
	  1, 
	  1, 
	  1, 
	  1, 
	  1, 
	  1, 
	  1, 
	  1, 
	  1, 
	  1, 
	  1, 
	  1, 
	  1, 
	  1, 
	  1, 
	  1, 
	  1, 
	  1, 
	  1, 
	  1, 
	  1, 
	  1, 
	  1, 
	  1, 
	  1, 
	  1, 
	  1, 
	  1, 
	  1, 
	  1, 
	  1, 
	  1, 
	  1, 
	  1, 
	  1, 
	  1, 
	  1, 
	  1, 
	  1, 
	  1, 
	  1, 
	  1, 
	  1, 
	  1, 
	  1, 
	  1, 
	  1, 
	  1, 
	  1, 
	  1, 
	  1, 
	  1, 
	  1, 
	  1, 
	  1, 
	  1, 
	  1, 
	  1, 
	  1, 
	  1, 
	  1, 
	  1, 
	  1, 
	  1, 
	  1, 
	  1, 
	  1, 
	  1, 
	  1, 
	  1, 
	  1, 
	  1, 
	  1, 
	  1, 
	  1, 
	  1, 
	  1, 
	  1, 
	  1, 
	  1, 
	  1, 
	  1, 
	  1, 
	  1, 
	  1, 
	  1, 
	  1, 
	  1, 
	  1, 
	  1, 
	  1, 
	  1, 
	  1, 
	  1, 
	  1, 
	  1, 
	  1, 
	  1, 
	  1, 
	  1, 
	  1, 
	  1, 
	  1, 
	  1, 
	  1, 
	  1, 
	  1, 
	  1, 
	  1, 
	  1, 
	  1, 
	  1, 
	  1, 
	  1, 
	  1, 
	  1, 
	  1, 
	  1, 
	  1, 
	  1, 
	  1, 
	  1, 
	  1, 
	  1, 
	  1, 
	  1, 
	  1, 
	  1, 
	  1, 
	  1, 
	  1, 
	  1, 
	  1, 
	  1, 
	  1, 
	  1, 
	  1, 
	  1, 
	  1, 
	  1, 
	  1, 
	  1, 
	  1, 
	  1, 
	  1, 
	  1, 
	  1, 
	  1, 
	  1, 
	  1, 
	  1, 
	  1, 
	  1, 
	  1, 
	  1, 
	  1, 
	  1, 
	  1, 
	  1, 
	  1, 
	  1, 
	  1, 
	  1, 
	  1, 
	  1, 
	  1, 
	  1, 
	  1, 
	  1, 
	  1, 
	  1, 
	  1, 
	  1, 
	  1, 
	  1, 
	  1, 
	  1, 
	  1, 
	  1, 
	  1, 
	  1, 
	  1, 
	  1, 
	  1, 
	  1, 
	  1, 
	  1, 
	  1, 
	  1, 
	  1, 
	  1, 
	  1, 
	  1, 
	  1, 
	  1, 
	  1, 
	  1, 
	  1, 
	  1, 
	  1, 
	  1, 
	  1, 
	  1, 
	  1, 
	  1, 
	  1, 
	  1, 
	  1, 
	  1, 
	  1, 
	  1, 
	  1, 
	  1, 
	  1, 
	  1, 
	  1, 
	  1, 
	  1, 
	  1, 
	  1, 
	  1, 
	  1, 
	  1, 
	  1, 
	  1, 
	  1, 
	  1, 
	  1, 
	  1, 
	  1, 
	  1, 
	  1, 
	  1, 
	  1, 
	  1, 
	  1, 
	  1, 
	  1, 
	  1, 
	  1, 
	  1, 
	  1, 
	  1, 
	  1, 
	  1, 
	  1, 
	  1, 
	  1, 
	  1, 
	  1, 
	  1, 
	  1, 
	  1, 
	  1, 
	  1, 
	  1, 
	  1, 
	  1, 
	  1, 
	  1, 
	  1, 
	  1, 
	  1, 
	  1, 
	  1, 
	  1, 
	  1, 
	  1, 
	  1, 
	  1, 
	  1, 
	  1, 
	  1, 
	  1, 
	  1, 
	  1, 
	  1, 
	  1, 
	  1, 
	  1, 
	  1, 
	  1, 
	  1, 
	  1, 
	  1, 
	  1, 
	  1, 
	  1, 
	  1, 
	  1, 
	  1, 
	  1, 
	  1, 
	  1, 
	  1, 
	  1, 
	  1, 
	  1, 
	  1, 
	  1, 
	  1, 
	  1, 
	  1, 
	  1, 
	  1, 
	  1, 
	  1, 
	  1, 
	  1, 
	  1, 
	  1, 
	  1, 
	  1, 
	  1, 
	  1, 
	  1, 
	  1, 
	  1, 
	  1, 
	  1, 
	  1, 
	  1, 
	  1, 
	  1, 
	  1, 
	  1, 
	  1, 
	  1, 
	  1, 
	  1, 
	  1, 
	  1, 
	  1, 
	  1, 
	  1, 
	  1, 
	  1, 
	  1, 
	  1, 
	  1, 
	  1, 
	  1, 
	  1, 
	  1, 
	  1, 
	  1, 
	  1, 
	  1, 
	  1, 
	  1, 
	  1, 
	  1, 
	  1, 
	  1, 
	  1, 
	  1, 
	  1, 
	  1, 
	  1, 
	  1, 
	  1, 
	  1, 
	  1, 
	  1, 
	  1, 
	  1, 
	  1, 
	  1, 
	  1, 
	  1, 
	  1, 
	  1, 
	  1, 
	  1, 
	  1, 
	  1, 
	  1, 
	  1, 
	  1, 
	  1, 
	  1, 
	  1, 
	  1, 
	  1, 
	  1, 
	  1, 
	  1, 
	  1, 
	  1, 
	  1, 
	  1, 
	  1, 
	  1, 
	  1, 
	  1, 
	  1, 
	  1, 
	  1, 
	  1, 
	  1, 
	  1, 
	  1, 
	  1, 
	  1, 
	  1, 
	  1, 
	  1, 
	  1, 
	  1, 
	  1, 
	  1, 
	  1, 
	  1, 
	  1, 
	  1, 
	  1, 
	  1, 
	  1, 
	  1, 
	  1, 
	  1, 
	  1, 
	  1, 
	  1, 
	  1, 
	  1, 
	  1, 
	  1, 
	  1, 
	  1, 
	  1, 
	  1, 
	  1, 
	  1, 
	  1, 
	  1, 
	  1, 
	  1, 
	  1, 
	  1, 
	  1, 
	  1, 
	  1, 
	  1, 
	  1, 
	  1, 
	  1, 
	  1, 
	  1, 
	  1, 
	  1, 
	  1, 
	  1, 
	  1, 
	  1, 
	  1, 
	  1, 
	  1, 
	  1, 
	  1, 
	  1, 
	  1, 
	  1, 
	  1, 
	  1, 
	  1, 
	  1, 
	  1, 
	  1, 
	  1, 
	  1, 
	  1, 
	  1, 
	  1, 
	  1, 
	  1, 
	  1, 
	  1, 
	  1, 
	  1, 
	  1, 
	  1, 
	  1, 
	  1, 
	  1, 
	  1, 
	  1, 
	  1, 
	  1, 
	  1, 
	  1, 
	  1, 
	  1, 
	  1, 
	  1, 
	  1, 
	  1, 
	  1, 
	  1, 
	  1, 
	  1, 
	  1, 
	  1, 
	  1, 
	  1, 
	  1, 
	  1, 
	  1, 
	  1, 
	  1, 
	  1, 
	  1, 
	  1, 
	  1, 
	  1, 
	  1, 
	  1, 
	  1, 
	  1, 
	  1, 
	  1, 
	  1, 
	  1, 
	  1, 
	  1, 
	  1, 
	  1, 
	  1, 
	  1, 
	  1, 
	  1, 
	  1, 
	  1, 
	  1, 
	  1, 
	  1, 
	  1, 
	  1, 
	  1, 
	  1, 
	  1, 
	  1, 
	  1, 
	  1, 
	  1, 
	  1, 
	  1, 
	  1, 
	  1, 
	  1, 
	  1, 
	  1, 
	  1, 
	  1, 
	  1, 
	  1, 
	  1, 
	  1, 
	  1, 
	  1, 
	  1, 
	  1, 
	  1, 
	  1, 
	  1, 
	  1, 
	  1, 
	  1, 
	  1, 
	  1, 
	  1, 
	  1, 
	  1, 
	  1, 
	  1, 
	  1, 
	  1, 
	  1, 
	  1, 
	  1, 
	  1, 
	  1, 
	  1, 
	  1, 
	  1, 
	  1, 
	  1, 
	  1, 
	  1, 
	  1, 
	  1, 
	  1, 
	  1, 
	  1, 
	  1, 
	  1, 
	  1, 
	  1, 
	  1, 
	  1, 
	  1, 
	  1, 
	  1, 
	  1, 
	  1, 
	  1, 
	  1, 
	  1, 
	  1, 
	  1, 
	  1, 
	  1, 
	  1, 
	  1, 
	  1, 
	  1, 
	  1, 
	  1, 
	  1, 
	  1, 
	  1, 
	  1, 
	  1, 
	  1, 
	  1, 
	  1, 
	  1, 
	  1, 
	  1, 
	  1, 
	  1, 
	  1, 
	  1, 
	  1, 
	  1, 
	  1, 
	  1, 
	  1, 
	  1, 
	  1, 
	  1, 
	  1, 
	  1, 
	  1, 
	  1, 
	  1, 
	  1, 
	  1, 
	  1, 
	  1, 
	  1, 
	  1, 
	  1, 
	  1, 
	  1, 
	  1, 
	  1, 
	  1, 
	  1, 
	  1, 
	  1, 
	  1, 
	  1, 
	  1, 
	  1, 
	  1, 
	  1, 
	  1, 
	  1, 
	  1, 
	  1, 
	  1, 
	  1, 
	  1, 
	  1, 
	  1, 
	  1, 
	  1, 
	  1, 
	  1, 
	  1, 
	  1, 
	  1, 
	  1, 
	  1, 
	  1, 
	  1, 
	  1, 
	  1, 
	  1, 
	  1, 
	  1, 
	  1, 
	  1, 
	  1, 
	  1, 
	  1, 
	  1, 
	  1, 
	  1, 
	  1, 
	  1, 
	  1, 
	  1, 
	  1, 
	  1, 
	  1, 
	  1, 
	  1, 
	  1, 
	  1, 
	  1, 
	  1, 
	  1, 
	  1, 
	  1, 
	  1, 
	  1, 
	  1, 
	  1, 
	  1, 
	  1, 
	  1, 
	  1, 
	  1, 
	  1, 
	  1, 
	  1, 
	  1, 
	  1, 
	  1, 
	  1, 
	  1, 
	  1, 
	  1, 
	  1, 
	  1, 
	  1, 
	  1, 
	  1, 
	  1, 
	  1, 
	  1, 
	  1, 
	  1, 
	  1, 
	  1, 
	  1, 
	  1, 
	  1, 
	  1, 
	  1, 
	  1, 
	  1, 
	  1, 
	  1, 
	  1, 
	  1, 
	  1, 
	  1, 
	  1, 
	  1, 
	  1, 
	  1, 
	  1, 
	  1, 
	  1, 
	  1, 
	  1, 
	  1, 
	  1, 
	  1, 
	  1, 
	  1, 
	  1, 
	  1, 
	  1, 
	  1, 
	  1, 
	  1, 
	  1, 
	  1, 
	  1, 
	  1, 
	  1, 
	  1, 
	  1, 
	  1, 
	  1, 
	  1, 
	  1, 
	  1, 
	  1, 
	  1, 
	  1, 
	  1, 
	  1, 
	  1, 
	  1, 
	  1, 
	  1, 
	  1, 
	  1, 
	  1, 
	  1, 
	  1, 
	  1, 
	  1, 
	  1, 
	  1, 
	  1, 
	  1, 
	  1, 
	  1, 
	  1, 
	  1, 
	  1, 
	  1, 
	  1, 
	  1, 
	  1, 
	  1, 
	  1, 
	  1, 
	  1, 
	  1, 
	  1, 
	  1, 
	  1, 
	  1, 
	  1, 
	  1, 
	  1, 
	  1, 
	  1, 
	  1, 
	  1, 
	  1, 
	  1, 
	  1, 
	  1, 
	  1, 
	  1, 
	  1, 
	  1, 
	  1, 
	  1, 
	  1, 
	  1, 
	  1, 
	  1, 
	  1, 
	  1, 
	  1, 
	  1, 
	  1, 
	  1, 
	  1, 
	  1, 
	  1, 
	  1, 
	  1, 
	  1, 
	  1, 
	  1, 
	  1, 
	  1, 
	  1, 
	  1, 
	  1, 
	  1, 
	  1, 
	  1, 
	  1, 
	  1, 
	  1, 
	  1, 
	  1, 
	  1, 
	  1, 
	  1, 
	  1, 
	  1, 
	  1, 
	  1, 
	  1, 
	  1, 
	  1, 
	  1, 
	  1, 
	  1, 
	  1, 
	  1, 
	  1, 
	  1, 
	  1, 
	  1, 
	  1, 
	  1, 
	  1, 
	  1, 
	  1, 
	  1, 
	  1, 
	  1, 
	  1, 
	  1, 
	  1, 
	  1, 
	  1, 
	  1, 
	  1, 
	  1, 
	  1, 
	  1, 
	  1, 
	  1, 
	  1, 
	  1, 
	  1, 
	  1, 
	  1, 
	  1, 
	  1, 
	  1, 
	  1, 
	  1, 
	  1, 
	  1, 
	  1, 
	  1, 
	  1, 
	  1, 
	  1, 
	  1, 
	  1, 
	  1, 
	  1, 
	  1, 
	  1, 
	  1, 
	  1, 
	  1, 
	  1, 
	  1, 
	  1, 
	  1, 
	  1, 
	  1, 
	  1, 
	  1, 
	  1, 
	  1, 
	  1, 
	  1, 
	  1, 
	  1, 
	  1, 
	  1, 
	  1, 
	  1, 
	  1, 
	  1, 
	  1, 
	  1, 
	  1, 
	  1, 
	  1, 
	  1, 
	  1, 
	  1, 
	  1, 
	  1, 
	  1, 
	  1, 
	  1, 
	  1, 
	  1, 
	  1, 
	  1, 
	  1, 
	  1, 
	  1, 
	  1, 
	  1, 
	  1, 
	  1, 
	  1, 
	  1, 
	  1, 
	  1, 
	  1, 
	  1, 
	  1, 
	  1, 
	  1, 
	  1, 
	  1, 
	  1, 
	  1, 
	  1, 
	  1, 
	  1, 
	  1, 
	  1, 
	  1, 
	  1, 
	  1, 
	  1, 
	  1, 
	  1, 
	  1, 
	  1, 
	  1, 
	  1, 
	  1, 
	  1, 
	  1, 
	  1, 
	  1, 
	  1, 
	  1, 
	  1, 
	  1, 
	  1, 
	  1, 
	  1, 
	  1, 
	  1, 
	  1, 
	  1, 
	  1, 
	  1, 
	  1, 
	  1, 
	  1, 
	  1, 
	  1, 
	  1, 
	  1, 
	  1, 
	  1, 
	  1, 
	  1, 
	  1, 
	  1, 
	  1, 
	  1, 
	  1, 
	  1, 
	  1, 
	  1, 
	  1, 
	  1, 
	  1, 
	  1, 
	  1, 
	  1, 
	  1, 
	  1, 
	  1, 
	  1, 
	  1, 
	  1, 
	  1, 
	  1, 
	  1, 
	  1, 
	  1, 
	  1, 
	  1, 
	  1, 
	  1, 
	  1, 
	  1, 
	  1, 
	  1, 
	  1, 
	  1, 
	  1, 
	  1, 
	  1, 
	  1, 
	  1, 
	  1, 
	  1, 
	  1, 
	  1, 
	  1, 
	  1, 
	  1, 
	  1, 
	  1, 
	  1, 
	  1, 
	  1, 
	  1, 
	  1, 
	  1, 
	  1, 
	  1, 
	  1, 
	  1, 
	  1, 
	  1, 
	  1, 
	  1, 
	  1, 
	  1, 
	  1, 
	  1, 
	  1, 
	  1, 
	  1, 
	  1, 
	  1, 
	  1, 
	  1, 
	  1, 
	  1, 
	  1, 
	  1, 
	  1, 
	  1, 
	  1, 
	  1, 
	  1, 
	  1, 
	  1, 
	  1, 
	  1, 
	  1, 
	  1, 
	  1, 
	  1, 
	  1, 
	  1, 
	  1, 
	  1, 
	  1, 
	  1, 
	  1, 
	  1, 
	  1, 
	  1, 
	  1, 
	  1, 
	  1, 
	  1, 
	  1, 
	  1, 
	  1, 
	  1, 
	  1, 
	  1, 
	  1, 
	  1, 
	  1, 
	  1, 
	  1, 
	  1, 
	  1, 
	  1, 
	  1, 
	  1, 
	  1, 
	  1, 
	  1, 
	  1, 
	  1, 
	  1, 
	  1, 
	  1, 
	  1, 
	  1, 
	  1, 
	  1, 
	  1, 
	  1, 
	  1, 
	  1, 
	  1, 
	  1, 
	  1, 
	  1, 
	  1, 
	  1, 
	  1, 
	  1, 
	  1, 
	  1, 
	  1, 
	  1, 
	  1, 
	  1, 
	  1, 
	  1, 
	  1, 
	  1, 
	  1, 
	  1, 
	  1, 
	  1, 
	  1, 
	  1, 
	  1, 
	  1, 
	  1, 
	  1, 
	  1, 
	  1, 
	  1, 
	  1, 
    ] 
normal Normal { 
vector [ 
	 -0.999539   0.006705  -0.029620,
	  0.024388  -0.999636  -0.011557,
	 -0.746240  -0.537439  -0.392792,
	  0.124744   0.896409  -0.425311,
	 -0.950355  -0.213598  -0.226277,
	 -0.101855  -0.817332   0.567092,
	 -0.388446   0.730562  -0.561595,
	 -0.001665  -0.983843  -0.179025,
	  0.985007  -0.075310   0.155211,
	  0.916581   0.067046  -0.394189,
	 -0.530921  -0.845011  -0.063877,
	 -0.824359   0.553201  -0.120002,
	  0.400830   0.013851  -0.916048,
	  0.865288  -0.468584   0.178062,
	 -0.081946  -0.937044   0.339461,
	 -0.064714  -0.962565  -0.263211,
	  0.867364  -0.036173  -0.496358,
	 -0.163286   0.902530   0.398469,
	 -0.706914  -0.647232   0.285243,
	  0.840833  -0.037449  -0.539998,
	 -0.167420  -0.925651  -0.339325,
	  0.147193   0.877170   0.457063,
	 -0.637334  -0.334017   0.694433,
	  0.212918   0.802116   0.557921,
	  0.646025  -0.003529  -0.763308,
	 -0.282731  -0.919154  -0.274260,
	 -0.584796  -0.259599   0.768519,
	  0.146135   0.826819   0.543152,
	 -0.516023  -0.389529   0.762881,
	  0.404406   0.156388  -0.901110,
	 -0.345649  -0.871371  -0.348194,
	  0.227286   0.775778   0.588650,
	 -0.508027  -0.470734   0.721330,
	 -0.451015  -0.670895  -0.588630,
	  0.274709   0.341879  -0.898696,
	 -0.460236  -0.390189   0.797455,
	  0.404811   0.675051   0.616794,
	 -0.635805  -0.230687  -0.736570,
	  0.316027   0.630161  -0.709242,
	 -0.773854  -0.254213  -0.580108,
	 -0.257791  -0.561058   0.786612,
	  0.592766   0.513102   0.620769,
	  0.243798   0.704390  -0.666632,
	 -0.685187  -0.478840  -0.548846,
	  0.143711   0.735325  -0.662303,
	 -0.151407  -0.653299   0.741806,
	  0.721886   0.450774   0.525056,
	  0.116356   0.692359  -0.712110,
	 -0.710718  -0.472653  -0.521036,
	  0.848721   0.427025   0.311964,
	 -0.041925  -0.714826   0.698044,
	  0.870269   0.454340   0.190280,
	  0.095457   0.752592  -0.651531,
	 -0.814321  -0.311174  -0.489951,
	  0.152363  -0.727683   0.668777,
	  0.878411   0.385131   0.282962,
	  0.189762  -0.741588   0.643458,
	  0.132022   0.820291  -0.556501,
	 -0.876651  -0.177056  -0.447365,
	  0.853696   0.115855  -0.507720,
	  0.526281  -0.809959   0.258835,
	 -0.389381  -0.632130  -0.669921,
	  0.011423   0.491927  -0.870561,
	 -0.063654  -0.846285   0.528914,
	  0.531412  -0.325245   0.782187,
	  0.247859  -0.079295   0.965546,
	 -0.198586  -0.692818   0.693229,
	  0.697224  -0.601568  -0.389865,
	 -0.548728  -0.613164  -0.568268,
	  0.547649   0.825142   0.138641,
	  0.895183   0.402813  -0.190758,
	  0.266247   0.050829   0.962564,
	  0.465044   0.883113  -0.062011,
	 -0.259575  -0.755462   0.601580,
	  0.006260   0.206303  -0.978468,
	  0.497094   0.541391  -0.678081,
	 -0.511010  -0.617513  -0.597952,
	 -0.179290   0.376827  -0.908767,
	  0.028607   0.440988  -0.897057,
	  0.058000   0.629592  -0.774758,
	  0.460208   0.868812  -0.182685,
	  0.233866   0.112452   0.965744,
	 -0.005068   0.359521  -0.933123,
	 -0.191995  -0.669035   0.718004,
	 -0.466963  -0.691128  -0.551622,
	 -0.101683   0.342091  -0.934149,
	 -0.073514   0.288090  -0.954777,
	  0.397261   0.723651  -0.564369,
	  0.025050   0.152737  -0.987949,
	  0.288658   0.425136   0.857867,
	  0.022032   0.237336  -0.971178,
	 -0.236740  -0.644460   0.727066,
	 -0.170047  -0.140722  -0.975336,
	  0.440047   0.708822  -0.551299,
	  0.222793   0.179241  -0.958246,
	  0.194122   0.108691  -0.974937,
	  0.205888   0.599456   0.773475,
	 -0.062509  -0.262278  -0.962966,
	 -0.377730  -0.476539   0.793871,
	  0.396410   0.288087  -0.871702,
	  0.483919   0.674073  -0.558076,
	  0.346167   0.129358  -0.929212,
	 -0.183050  -0.827197  -0.531261,
	  0.049756   0.631432   0.773833,
	 -0.478014  -0.584485   0.655652,
	  0.459707   0.264675  -0.847713,
	  0.441202   0.137569  -0.886801,
	  0.510214   0.703057  -0.495371,
	 -0.105852  -0.820656  -0.561532,
	 -0.524087  -0.566204   0.636196,
	 -0.107041   0.590420   0.799967,
	  0.575844   0.253202  -0.777362,
	  0.563822   0.216721  -0.796955,
	  0.088148  -0.779843  -0.619738,
	  0.553641   0.695944  -0.457323,
	 -0.596016  -0.588385   0.546414,
	 -0.259471   0.666919   0.698494,
	  0.721270   0.272499  -0.636799,
	  0.710351   0.230480  -0.665041,
	  0.272456  -0.708415  -0.651088,
	 -0.630279  -0.690487   0.354931,
	  0.553494   0.782037  -0.286465,
	 -0.425712   0.558275   0.712108,
	  0.847683   0.201904  -0.490580,
	  0.754142   0.593412  -0.281305,
	  0.326775  -0.684856  -0.651299,
	 -0.693576  -0.707559   0.135321,
	 -0.693255   0.120447   0.710556,
	  0.658317   0.747113  -0.091878,
	  0.335169  -0.651700  -0.680404,
	  0.969813   0.111581  -0.216824,
	  0.874278   0.478097   0.084030,
	 -0.803941  -0.565797  -0.183176,
	 -0.836524   0.291639   0.463870,
	  0.694626   0.673657   0.252350,
	 -0.732696  -0.550245  -0.400482,
	  0.544925  -0.676946  -0.494774,
	  0.998758  -0.042114   0.026627,
	  0.851870   0.431940   0.296219,
	 -0.996374   0.084962   0.004518,
	  0.061773   0.860288   0.506052,
	 -0.990870  -0.058726  -0.121355,
	 -0.479750  -0.752181  -0.451735,
	  0.627257  -0.727251  -0.278668,
	  0.967350  -0.211816   0.139166,
	  0.790716   0.427107   0.438575,
	 -0.309937   0.871168   0.380795,
	 -0.897129  -0.116389  -0.426160,
	 -0.225892  -0.840585  -0.492330,
	  0.441519  -0.894652  -0.068257,
	  0.820851  -0.338736   0.459848,
	  0.679751   0.450593   0.578710,
	 -0.091041   0.994128   0.058483,
	 -0.524806  -0.051739  -0.849648,
	  0.178946  -0.773689  -0.607770,
	  0.878717   0.111160   0.464220,
	  0.552821   0.477921   0.682628,
	  0.388767   0.717208  -0.578336,
	  0.561234  -0.562746   0.606905,
	  0.960661   0.180277   0.211258,
	  0.593265   0.174770   0.785807,
	  0.595403  -0.674652  -0.436280,
	  0.317896  -0.469645   0.823636,
	  0.515611   0.546824  -0.659644,
	  0.201790   0.888392  -0.412360,
	  0.404457   0.872440  -0.274342,
	  0.521365   0.333831   0.785325,
	 -0.473046  -0.869278   0.143469,
	 -0.384081   0.131972  -0.913819,
	  0.285054  -0.308187   0.907615,
	 -0.290767   0.622310  -0.726763,
	 -0.088382   0.469121  -0.878700,
	 -0.417867   0.022225  -0.908237,
	 -0.591626   0.135912  -0.794674,
	  0.375921   0.865707  -0.330508,
	 -0.067476   0.261890  -0.962736,
	  0.386902   0.396805   0.832378,
	 -0.529741  -0.844422   0.079533,
	  0.097320  -0.292482   0.951306,
	 -0.230990  -0.012341  -0.972878,
	 -0.479786  -0.856448  -0.190534,
	  0.048964   0.233872  -0.971034,
	  0.389962   0.814272  -0.429989,
	 -0.053638   0.013029  -0.998475,
	  0.294606   0.499444   0.814717,
	 -0.135350  -0.491417   0.860343,
	 -0.334048  -0.739571  -0.584334,
	  0.032468  -0.021830  -0.999234,
	  0.040556  -0.045278  -0.998151,
	  0.425066   0.645733  -0.634309,
	 -0.270756  -0.702275  -0.658408,
	  0.110861   0.373690   0.920905,
	 -0.304294  -0.664423   0.682603,
	  0.058740  -0.164923  -0.984556,
	 -0.352733  -0.935712  -0.004838,
	  0.129626  -0.043162  -0.990623,
	  0.426355   0.824890  -0.371184,
	 -0.181048  -0.254127   0.950074,
	 -0.012468   0.279567   0.960045,
	  0.135350  -0.252811  -0.958001,
	 -0.489002  -0.842062   0.227615,
	 -0.123266   0.136088   0.982998,
	  0.242946  -0.009352  -0.969995,
	  0.367717   0.920376   0.133013,
	 -0.090327   0.294178   0.951473,
	  0.288553  -0.398898  -0.870412,
	 -0.366906  -0.827237   0.425510,
	 -0.216599   0.300501   0.928862,
	 -0.314850   0.193258   0.929258,
	  0.456146   0.311677  -0.833539,
	  0.146065   0.921964   0.358675,
	 -0.354395  -0.924100   0.142981,
	  0.490159  -0.276142  -0.826735,
	 -0.453688   0.173229   0.874162,
	 -0.413798   0.364541   0.834195,
	  0.047206   0.946909   0.318016,
	  0.570029   0.473621  -0.671380,
	 -0.667680  -0.092632   0.738663,
	 -0.110719  -0.978356  -0.174818,
	  0.691539  -0.185299  -0.698168,
	 -0.625163   0.273082   0.731161,
	 -0.100753   0.907831   0.407053,
	  0.685768   0.542453  -0.485250,
	 -0.834548  -0.368031   0.409978,
	 -0.857970   0.120501   0.499367,
	  0.110630  -0.913358  -0.391839,
	  0.896066  -0.031640  -0.442791,
	 -0.505867   0.710896   0.488595,
	  0.634066   0.772811  -0.026879,
	 -0.824967  -0.559396  -0.080659,
	 -0.984519   0.071907   0.159850,
	 -0.536129   0.774188   0.336449,
	  0.341914  -0.826569  -0.447079,
	  0.977682  -0.136383  -0.159806,
	  0.594552   0.768259   0.237247,
	 -0.504757  -0.784501  -0.360248,
	 -0.997531   0.031282  -0.062882,
	 -0.268865   0.919802   0.285788,
	  0.685278   0.656570   0.315135,
	  0.417483  -0.851635  -0.316901,
	  0.942736  -0.332114   0.030803,
	 -0.138774  -0.907089  -0.397405,
	 -0.782861  -0.469528  -0.408255,
	 -0.476794   0.850926  -0.220436,
	  0.655022   0.636318   0.407487,
	  0.884992  -0.212368   0.414353,
	  0.115458  -0.973926  -0.195288,
	 -0.339110  -0.831512  -0.439991,
	 -0.571466  -0.252938  -0.780672,
	  0.766317   0.536554   0.353366,
	  0.144995   0.574779  -0.805361,
	  0.302543  -0.896888  -0.322583,
	  0.394380   0.918932   0.005414,
	  0.695416   0.144892   0.703848,
	  0.781545   0.503245  -0.368689,
	 -0.435800   0.531366  -0.726449,
	 -0.024614   0.450568  -0.892403,
	  0.349635   0.932685   0.088626,
	  0.525547   0.131083   0.840606,
	  0.258842  -0.531330   0.806653,
	  0.381370  -0.534172   0.754465,
	  0.899969   0.014544   0.435710,
	  0.759283  -0.512119  -0.401526,
	 -0.351527   0.408540  -0.842332,
	 -0.256570   0.078492  -0.963333,
	 -0.712156  -0.034365  -0.701180,
	  0.334245   0.940153   0.066272,
	  0.350627   0.128911   0.927601,
	  0.145372  -0.360723   0.921274,
	 -0.360750  -0.932049   0.033827,
	 -0.430715  -0.896609  -0.102848,
	 -0.537072  -0.841580  -0.057420,
	 -0.473533  -0.587774  -0.655963,
	 -0.561853  -0.066105  -0.824592,
	 -0.181683   0.329000  -0.926688,
	  0.214638   0.114119   0.970004,
	  0.350782   0.932227   0.088907,
	 -0.012338  -0.358637   0.933395,
	 -0.372412  -0.927261  -0.038693,
	 -0.390891  -0.205102  -0.897295,
	 -0.253877  -0.295363  -0.921036,
	  0.029652   0.408986  -0.912059,
	  0.072949   0.110746   0.991168,
	 -0.143017  -0.371805   0.917228,
	  0.364125   0.922093   0.130989,
	 -0.360378  -0.921622  -0.144017,
	 -0.139614  -0.287975  -0.947406,
	  0.183180   0.426900  -0.885552,
	 -0.314560  -0.463740   0.828249,
	 -0.013933   0.325871   0.945312,
	 -0.275675  -0.934726  -0.224257,
	  0.361430   0.932324  -0.011814,
	  0.072495  -0.203353  -0.976418,
	  0.249602   0.361138  -0.898486,
	 -0.409022  -0.551484   0.727026,
	 -0.229036  -0.916382  -0.328307,
	 -0.097562   0.367694   0.924815,
	  0.238024  -0.176972  -0.955000,
	  0.352193   0.935922  -0.003076,
	  0.386981   0.421874  -0.819920,
	 -0.436491  -0.632393   0.639965,
	 -0.164599  -0.917763  -0.361412,
	  0.311296  -0.208158  -0.927235,
	 -0.224357   0.421241   0.878760,
	  0.513548   0.521846  -0.681135,
	  0.291809   0.952436   0.087823,
	 -0.609835  -0.444843   0.655908,
	  0.111052  -0.889516  -0.443203,
	  0.463994  -0.228781  -0.855786,
	  0.573038   0.547537  -0.609779,
	 -0.463971   0.416740   0.781702,
	  0.094076   0.943778   0.316910,
	 -0.791914  -0.110147   0.600617,
	  0.076567  -0.938348  -0.337106,
	  0.701238  -0.208682  -0.681702,
	  0.673043   0.623088  -0.398466,
	 -0.174585   0.884634   0.432369,
	 -0.682964   0.211220   0.699247,
	 -0.890412  -0.437362   0.126020,
	  0.080515  -0.930199  -0.358117,
	  0.902060  -0.184897  -0.390002,
	  0.911011   0.352311  -0.214328,
	 -0.069887   0.932024   0.355594,
	 -0.867748   0.230946   0.440088,
	 -0.918147  -0.366280  -0.151145,
	 -0.046422  -0.900657  -0.432044,
	  0.946109  -0.291826  -0.140410,
	  0.993429   0.114227   0.007162,
	  0.354662   0.885923   0.298923,
	 -0.888005   0.410939   0.206340,
	 -0.223798  -0.932730  -0.282718,
	 -0.921869  -0.284437  -0.263161,
	  0.868343  -0.494747   0.034735,
	  0.968679   0.139901   0.205156,
	  0.411003   0.885014   0.218692,
	 -0.857243   0.514912   0.000145,
	  0.652918  -0.539486   0.531651,
	 -0.467441  -0.851967  -0.235904,
	 -0.866717  -0.223077  -0.446136,
	  0.847299   0.272728   0.455746,
	  0.452300   0.881420   0.136103,
	 -0.734393   0.634418  -0.241207,
	  0.790264   0.259943  -0.554899,
	  0.910470  -0.345527   0.227276,
	 -0.078274  -0.855807  -0.511339,
	 -0.386897   0.425898  -0.817877,
	 -0.290515  -0.416482  -0.861477,
	  0.593235   0.802176  -0.067717,
	 -0.762122   0.004682  -0.647416,
	 -0.168707   0.442522  -0.880745,
	 -0.345028   0.145023  -0.927321,
	 -0.249512   0.833445  -0.493065,
	 -0.349755  -0.926793   0.136845,
	 -0.461313  -0.886203   0.042819,
	 -0.556526  -0.048885  -0.829391,
	  0.959254  -0.050962  -0.277911,
	  0.725266   0.630891  -0.275617,
	  0.477413  -0.823086  -0.307581,
	 -0.324719   0.516604  -0.792261,
	  0.625284   0.665655   0.407336,
	  0.359973  -0.180285   0.915378,
	  0.503502  -0.219287   0.835703,
	 -0.366065  -0.930313   0.022674,
	  0.582746  -0.427984   0.690823,
	 -0.439067  -0.060209  -0.896435,
	  0.693802   0.253211   0.674183,
	  0.900210   0.354283   0.253193,
	  0.235032   0.971975   0.004970,
	 -0.243062   0.500192  -0.831101,
	  0.155678  -0.252668   0.954947,
	  0.390720   0.414473   0.821918,
	  0.472249   0.396238   0.787386,
	  0.543396   0.354380   0.761010,
	 -0.474375  -0.865052  -0.163261,
	 -0.323676  -0.073084  -0.943341,
	  0.303090   0.950655   0.066266,
	 -0.034117   0.521000  -0.852875,
	 -0.109905  -0.392724   0.913065,
	  0.288773   0.475108   0.831193,
	  0.431966   0.896024  -0.102698,
	  0.379016   0.925387  -0.002534,
	 -0.445038  -0.854804  -0.266930,
	 -0.116789  -0.109312  -0.987123,
	  0.140829   0.421294  -0.895923,
	 -0.287485  -0.379466   0.879408,
	  0.087600   0.463172   0.881929,
	  0.421198   0.904327   0.069173,
	  0.311025   0.406006  -0.859315,
	 -0.383990  -0.899728  -0.207465,
	  0.081238  -0.137851  -0.987116,
	 -0.400321  -0.274768   0.874211,
	 -0.088210   0.478589   0.873597,
	  0.282554   0.924261   0.256719,
	  0.432429   0.462288  -0.774141,
	  0.218388  -0.223674  -0.949882,
	 -0.319916  -0.937195  -0.138994,
	 -0.261190   0.468028   0.844233,
	 -0.484214  -0.186839   0.854768,
	  0.150736   0.919966   0.361858,
	  0.506932   0.609154  -0.609877,
	  0.322571  -0.329664  -0.887282,
	 -0.291931  -0.951449  -0.097573,
	  0.166967   0.944156   0.284061,
	 -0.382339   0.442519   0.811168,
	 -0.605573  -0.160375   0.779462,
	  0.606284   0.510820  -0.609494,
	  0.435602  -0.355599  -0.826922,
	 -0.282556  -0.951747  -0.119750,
	  0.679386   0.504406  -0.532925,
	  0.045990   0.952425   0.301283,
	 -0.524680   0.484074   0.700274,
	 -0.735236  -0.286497   0.614287,
	  0.606818  -0.301087  -0.735607,
	 -0.183518  -0.961233  -0.205799,
	  0.922685   0.104295  -0.371181,
	  0.792973  -0.385668  -0.471650,
	  0.346629   0.929669   0.124756,
	 -0.691580   0.495286   0.525745,
	 -0.905896  -0.274322   0.322646,
	 -0.093660  -0.928176  -0.360164,
	  0.992734  -0.047476  -0.110563,
	  0.820609  -0.514150  -0.249502,
	  0.363633  -0.842514  -0.397419,
	  0.533687   0.801260   0.270483,
	 -0.782180   0.562624   0.267672,
	 -0.958744  -0.273731  -0.076684,
	  0.986177  -0.070716   0.149846,
	  0.859923  -0.498810   0.108259,
	  0.138473  -0.937880  -0.318130,
	 -0.704693  -0.550346  -0.447802,
	  0.214987   0.916921   0.336208,
	 -0.893660   0.448288  -0.020248,
	  0.885564  -0.114758   0.450118,
	  0.419627   0.805852   0.417751,
	  0.111349  -0.992920   0.041364,
	 -0.699167  -0.576210  -0.423258,
	 -0.907548   0.197938  -0.370376,
	  0.917874  -0.373231  -0.134931,
	  0.922255   0.371742  -0.106081,
	 -0.338199   0.776684  -0.531397,
	  0.226602  -0.859435  -0.458283,
	 -0.518895  -0.166468  -0.838472,
	 -0.288696   0.782532   0.551633,
	 -0.531060   0.145822   0.834692,
	 -0.135618   0.794836   0.591476,
	  0.633880   0.707930  -0.311498,
	 -0.372743   0.835385   0.403974,
	 -0.663673   0.258103   0.702083,
	  0.623816   0.778208  -0.072427,
	 -0.618660  -0.266173   0.739197,
	 -0.515129  -0.340983   0.786367,
	 -0.415211   0.120693   0.901683,
	  0.578666   0.664509  -0.472836,
	  0.045583   0.850481   0.524028,
	  0.818661  -0.297424  -0.491256,
	  0.663112  -0.229277  -0.712541,
	 -0.829111   0.223743   0.512361,
	  0.576664   0.795376   0.186642,
	 -0.340592   0.890786   0.300829,
	 -0.750337  -0.232155   0.618949,
	  0.846193  -0.469535  -0.251981,
	 -0.264599  -0.958759  -0.103771,
	 -0.246973  -0.946860  -0.206058,
	 -0.396808  -0.321084   0.859912,
	 -0.271650  -0.949371  -0.157798,
	 -0.252787   0.138087   0.957617,
	  0.517750  -0.231576  -0.823594,
	  0.526530   0.582190  -0.619533,
	  0.140547   0.875924   0.461523,
	 -0.029399  -0.922659  -0.384495,
	 -0.106152  -0.939316  -0.326218,
	 -0.220364  -0.954570  -0.200590,
	 -0.909561  -0.132831   0.393770,
	 -0.950869   0.268012   0.154978,
	  0.683534   0.636139   0.357921,
	  0.685191  -0.728334   0.006539,
	 -0.097436   0.954588   0.281544,
	 -0.485857  -0.782644  -0.389116,
	  0.374238  -0.288011  -0.881474,
	  0.222658  -0.277054  -0.934700,
	 -0.299328  -0.909031  -0.289939,
	 -0.254696  -0.435670   0.863320,
	  0.037428  -0.253023  -0.966736,
	 -0.031265   0.223427   0.974219,
	  0.385256   0.588064  -0.711167,
	  0.219598   0.893918   0.390752,
	 -0.956062  -0.054950  -0.287969,
	 -0.983236  -0.182103  -0.009210,
	 -0.792103   0.610379   0.003289,
	  0.590947  -0.719297   0.365231,
	  0.780558   0.323847   0.534652,
	 -0.667899  -0.587802  -0.456508,
	  0.217239   0.921336   0.322409,
	 -0.849588   0.211231  -0.483304,
	  0.225587   0.542468  -0.809221,
	 -0.177733  -0.269080  -0.946577,
	 -0.301566  -0.948467  -0.097305,
	 -0.008303  -0.290788   0.956751,
	  0.010577   0.462765  -0.886418,
	  0.141155   0.199349   0.969709,
	  0.271808   0.879793   0.389980,
	 -0.602776   0.761939  -0.236875,
	 -0.552571  -0.470648  -0.687863,
	  0.960333  -0.203354  -0.190809,
	  0.763529   0.644909  -0.033410,
	 -0.762396   0.214434  -0.610549,
	 -0.003572   0.965617  -0.259946,
	 -0.319877   0.475225  -0.819658,
	 -0.220836   0.314970  -0.923052,
	 -0.394443  -0.308038  -0.865752,
	 -0.305045  -0.947633   0.094547,
	  0.195037  -0.359024   0.912722,
	  0.345769   0.928523   0.135238,
	  0.387044   0.241948   0.889752,
	 -0.400814   0.324383  -0.856810,
	  0.355207   0.934570  -0.020165,
	 -0.572408  -0.381198  -0.725973,
	 -0.270079  -0.953249   0.135548,
	  0.401605  -0.323461   0.856788,
	  0.559876   0.246885   0.790940,
	 -0.571743   0.356929  -0.738723,
	  0.364386   0.919863  -0.145171,
	  0.735246   0.290073   0.612595,
	 -0.716587  -0.371755  -0.590171,
	 -0.360202  -0.919145   0.159455,
	  0.586474  -0.274597   0.762000,
	 -0.638331   0.422268  -0.643602,
	  0.339342   0.934594  -0.106679,
	  0.814493   0.324995   0.480603,
	  0.735935  -0.215322   0.641901,
	 -0.830518  -0.269216  -0.487610,
	 -0.303943  -0.926566   0.221572,
	 -0.359647   0.043786  -0.932060,
	  0.387438   0.622605  -0.679893,
	  0.908248   0.396323   0.134217,
	  0.894008  -0.111280  -0.434011,
	  0.384602  -0.923025  -0.010317,
	 -0.515313  -0.251750  -0.819192,
	  0.278727   0.540689   0.793704,
	  0.407511   0.177065   0.895870,
	  0.431298   0.517527   0.739019,
	  0.091201   0.471503   0.877136,
	  0.166907   0.034677   0.985363,
	  0.237272   0.955782   0.173732,
	  0.215797   0.976121   0.024883,
	  0.120014  -0.795777   0.593578,
	  0.582227   0.018422   0.812818,
	  0.045275  -0.804418   0.592337,
	  0.315208   0.917180   0.243774,
	  0.590981   0.501551   0.631813,
	 -0.119266  -0.161005   0.979721,
	  0.294798   0.940908   0.166693,
	 -0.176563   0.325924   0.928762,
	 -0.183109  -0.881578   0.435077,
	  0.117133   0.455126  -0.882689,
	  0.336944   0.345476  -0.875851,
	 -0.049056   0.449174  -0.892096,
	 -0.069005  -0.903652   0.422673,
	 -0.530574  -0.622262  -0.575570,
	 -0.784147  -0.445017  -0.432520,
	  0.751874  -0.135488   0.645236,
	 -0.404723  -0.624655  -0.667836,
	 -0.088314   0.713939  -0.694617,
	  0.442647   0.847811   0.292027,
	  0.779204   0.450781   0.435474,
	 -0.321073  -0.915621   0.241974,
	 -0.329704  -0.156530   0.931018,
	  0.471291   0.265489  -0.841071,
	  0.201492   0.922872   0.328188,
	 -0.315276   0.337400   0.886996,
	 -0.256559  -0.577893  -0.774737,
	  0.008414  -0.536115  -0.844103,
	 -0.082887  -0.441327  -0.893510,
	  0.050751  -0.690127  -0.721907,
	 -0.903635  -0.357920  -0.235238,
	  0.085195  -0.906154   0.414278,
	 -0.089290   0.763600  -0.639485,
	 -0.596552   0.411810  -0.688867,
	 -0.801014   0.385086  -0.458351,
	  0.876430  -0.119499   0.466466,
	  0.709840   0.607318   0.356781,
	  0.890224   0.355091   0.285327,
	 -0.403476  -0.902804   0.148835,
	 -0.367864   0.102969   0.924161,
	  0.191778  -0.610684  -0.768301,
	  0.630080   0.186982  -0.753683,
	  0.174793   0.889555   0.422066,
	 -0.356878   0.467817   0.808570,
	 -0.505673  -0.759509   0.409194,
	 -0.634402  -0.737016   0.233113,
	 -0.673833  -0.169009  -0.719295,
	 -0.549172  -0.553380  -0.626243,
	  0.672788  -0.739831  -0.002494,
	  0.479720   0.874129  -0.075945,
	 -0.434680   0.753460  -0.493306,
	  0.847102  -0.138268  -0.513128,
	  0.906821   0.184058  -0.379208,
	 -0.526315   0.165697   0.833988,
	  0.235038  -0.676983  -0.697461,
	 -0.469998  -0.856204  -0.214515,
	  0.787196   0.231169  -0.571737,
	  0.040815   0.887922   0.458180,
	 -0.504783   0.486946   0.712796,
	 -0.610721   0.294435   0.735070,
	  0.321982  -0.821727  -0.470204,
	 -0.872934  -0.468288   0.136725,
	  0.950864   0.143309  -0.274445,
	  0.150417   0.897996   0.413496,
	 -0.683903   0.500549   0.530780,
	  0.690945  -0.675845  -0.256572,
	 -0.554226  -0.798122  -0.236294,
	 -0.922785   0.353266   0.153854,
	  0.990393   0.132582   0.039281,
	  0.062338   0.924869   0.375142,
	  0.568219  -0.819287   0.076786,
	 -0.880558   0.429360  -0.200667,
	 -0.821741  -0.441493  -0.360315,
	  0.053693   0.984091   0.169356,
	  0.941147   0.080242   0.328336,
	 -0.267595  -0.962736   0.039151,
	  0.676597  -0.566065   0.470943,
	  0.119195   0.991301   0.055804,
	 -0.778353   0.380005  -0.499763,
	 -0.876690  -0.199522  -0.437729,
	  0.854887  -0.000854   0.518814,
	 -0.651228  -0.179053  -0.737457,
	  0.279480  -0.832923  -0.477630,
	  0.740371  -0.635371   0.219440,
	 -0.231415   0.740313  -0.631177,
	  0.699490   0.284580  -0.655537,
	 -0.560645   0.363462  -0.744024,
	  0.072886   0.703075   0.707371,
	 -0.133015   0.266054   0.954737,
	  0.096969   0.197360   0.975523,
	  0.002475   0.711570   0.702611,
	  0.481861   0.835438  -0.264296,
	  0.381570   0.870341  -0.311306,
	  0.272207   0.674231   0.686525,
	 -0.233241  -0.016080   0.972286,
	 -0.233877  -0.516339   0.823830,
	 -0.253286   0.356196   0.899428,
	 -0.323963  -0.902339   0.284310,
	  0.402265   0.109492   0.908952,
	  0.589833   0.799135  -0.116106,
	 -0.132053   0.685794   0.715715,
	  0.262780  -0.208791  -0.941994,
	  0.441352  -0.225780  -0.868465,
	  0.130324  -0.114684  -0.984816,
	  0.287711   0.939997  -0.183378,
	  0.436904   0.603853   0.666691,
	 -0.450905   0.016872   0.892413,
	 -0.428380  -0.853655   0.296251,
	 -0.364025  -0.931382   0.003667,
	 -0.414973  -0.701831  -0.578990,
	 -0.419590   0.358119   0.834083,
	 -0.570856  -0.389059  -0.723019,
	 -0.264178  -0.946920   0.183172,
	  0.558900   0.000696   0.829235,
	  0.602867  -0.287369  -0.744292,
	  0.583718   0.810723   0.044735,
	 -0.180946   0.738054   0.650026,
	 -0.552291  -0.828475   0.092762,
	 -0.665979  -0.736062   0.121180,
	 -0.256538  -0.858252  -0.444514,
	 -0.108404   0.016966  -0.993962,
	  0.198573   0.964347  -0.174941,
	  0.545298   0.451620   0.706179,
	 -0.571756   0.081959   0.816320,
	 -0.326504  -0.046191  -0.944066,
	 -0.485263   0.002807  -0.874364,
	 -0.436548   0.480349   0.760717,
	 -0.619041   0.069840  -0.782247,
	 -0.703386  -0.247779  -0.666224,
	 -0.310140  -0.932378   0.185701,
	  0.651890  -0.087980   0.753192,
	  0.737702  -0.431405  -0.519313,
	  0.212173  -0.843276  -0.493830,
	  0.663769   0.742509   0.089956,
	 -0.158871   0.843623   0.512894,
	 -0.692699   0.119988   0.711175,
	 -0.914240   0.065558   0.399834,
	  0.223467   0.968390  -0.110826,
	  0.682495   0.274300   0.677466,
	  0.279496   0.934046  -0.222353,
	 -0.690116   0.477817   0.543536,
	  0.282990   0.919603  -0.272483,
	 -0.716803   0.283065  -0.637234,
	 -0.830648  -0.138898  -0.539195,
	 -0.340727  -0.900165   0.271309,
	  0.752213  -0.161264   0.638881,
	  0.078400  -0.942324  -0.325391,
	  0.853208  -0.495380  -0.163204,
	 -0.857497  -0.479691  -0.185997,
	  0.751375   0.628949   0.199646,
	 -0.310074   0.888765   0.337567,
	 -0.860707   0.462279   0.213263,
	  0.831893   0.269021   0.485367,
	  0.205587   0.954820  -0.214600,
	  0.910831   0.294395   0.289342,
	 -0.833356   0.387297  -0.394359,
	 -0.933548  -0.189384  -0.304338,
	 -0.103005  -0.940315   0.324342,
	  0.866289  -0.215927   0.450465,
	 -0.049543  -0.998711  -0.010996,
	 -0.917089  -0.070571  -0.392387,
	  0.909955  -0.337460   0.241046,
	 -0.737166   0.657010  -0.157875,
	  0.687932   0.674464   0.268044,
	 -0.539379   0.828544  -0.150282,
	 -0.235202   0.771339  -0.591368,
	  0.836363   0.193445  -0.512909,
	  0.930342  -0.192835  -0.311896,
	 -0.502412  -0.139887  -0.853237,
	 -0.837058  -0.392709  -0.380937,
	  0.314338  -0.800262  -0.510659,
	  0.174506  -0.924676   0.338411,
	 -0.884646  -0.304131  -0.353420,
	 -0.580253   0.646588  -0.495208,
	  0.759842  -0.307852   0.572596,
	 -0.564000   0.622848  -0.542184,
	  0.409598   0.912265   0.001549,
	 -0.610560  -0.323126  -0.723053,
	  0.355754  -0.895354  -0.267919,
	 -0.545796   0.482065  -0.685361,
	 -0.413718   0.701484  -0.580307,
	  0.960634  -0.004992   0.277774,
	 -0.056396   0.564278  -0.823656,
	  0.299963   0.431501   0.850781,
	 -0.689172  -0.612268   0.387518,
	 -0.410485  -0.865586   0.286815,
	  0.055446   0.619985   0.782652,
	  0.514762   0.836251   0.188959,
	  0.525249   0.794355   0.305144,
	  0.478562   0.176517   0.860128,
	  0.010008   0.514857  -0.857218,
	 -0.715506  -0.586113   0.380163,
	  0.283028   0.282667  -0.916512,
	 -0.216815  -0.953321   0.210167,
	 -0.158232   0.689338  -0.706948,
	  0.511315   0.840612   0.178684,
	 -0.077199   0.628134   0.774266,
	  0.483551  -0.004809  -0.875303,
	  0.386430   0.093750  -0.917542,
	  0.557098   0.714963   0.422458,
	  0.542122   0.146363   0.827455,
	  0.529747   0.678966   0.508305,
	 -0.769201  -0.577925   0.272639,
	 -0.187937  -0.946655   0.261770,
	 -0.174410   0.678909  -0.713206,
	  0.551995   0.647888   0.524921,
	  0.604092   0.787402   0.122763,
	  0.628585  -0.186583  -0.755028,
	 -0.153087   0.706694   0.690759,
	 -0.835174  -0.523603   0.168295,
	  0.555163   0.052521   0.830082,
	 -0.387309  -0.908884   0.154666,
	 -0.224740   0.688833  -0.689203,
	  0.676035   0.614659   0.406412,
	  0.603474  -0.219421   0.766599,
	  0.657718   0.742050   0.129496,
	  0.744850  -0.435321  -0.505662,
	 -0.845846  -0.529197   0.067046,
	 -0.313367   0.765305   0.562236,
	 -0.492616  -0.869730   0.029989,
	 -0.291010   0.750157  -0.593782,
	  0.769856   0.584312   0.256713,
	  0.665528  -0.392483   0.634846,
	  0.871306  -0.457983  -0.176286,
	  0.578624   0.809132   0.102462,
	 -0.782989  -0.621748   0.018923,
	 -0.483475   0.819698   0.307161,
	 -0.621332  -0.782457   0.041337,
	 -0.195446   0.769622  -0.607851,
	  0.852537   0.505203   0.133982,
	  0.660785  -0.534132   0.527319,
	 -0.552850  -0.833237  -0.008566,
	  0.967436  -0.235958   0.091604,
	  0.275790   0.931298  -0.237959,
	 -0.796506   0.528856  -0.293071,
	 -0.474009  -0.829816  -0.294486,
	 -0.719478  -0.092355  -0.688347,
	  0.867802   0.490240  -0.081145,
	  0.491816  -0.715947  -0.495516,
	 -0.913809   0.134233  -0.383321,
	 -0.132448  -0.967899   0.213611,
	  0.998547   0.038732   0.037472,
	 -0.166704   0.878348  -0.448012,
	 -0.335688   0.686584  -0.644915,
	 -0.192313  -0.913423  -0.358711,
	  0.441095   0.634286  -0.634915,
	  0.303010  -0.478210  -0.824318,
	  0.852896   0.366162  -0.372147,
	  0.899308   0.429001  -0.084869,
	  0.403467  -0.786793  -0.467088,
	 -0.779903  -0.540110   0.316281,
	  0.301789  -0.534398  -0.789520,
	 -0.820101  -0.569249   0.058218,
	  0.912811   0.364533  -0.184100,
	  0.252200   0.646326   0.720179,
	 -0.064065   0.000968   0.997945,
	  0.856662  -0.390788   0.336772,
	 -0.330375  -0.640366   0.693386,
	 -0.764887  -0.077816   0.639447,
	 -0.770611  -0.032659   0.636468,
	  0.321264  -0.635623  -0.701977,
	 -0.846605  -0.531627  -0.025153,
	 -0.837707   0.025514   0.545524,
	 -0.170942   0.532133   0.829225,
	  0.940013   0.339232  -0.036027,
	 -0.384270   0.537934   0.750309,
	  0.375354  -0.649098  -0.661650,
	 -0.856698  -0.476010  -0.198704,
	 -0.894310   0.121105   0.430747,
	 -0.466515   0.617304   0.633482,
	  0.896370   0.399493   0.192162,
	  0.559025  -0.681345  -0.472504,
	 -0.713132  -0.572087  -0.405165,
	 -0.961128   0.130633   0.243245,
	 -0.337595   0.670290   0.660864,
	  0.910068   0.301310   0.284585,
	  0.536334  -0.747617  -0.391681,
	 -0.578890  -0.677244  -0.454122,
	 -0.989707   0.117143   0.082201,
	 -0.307665   0.732956   0.606727,
	  0.897412   0.215483   0.384992,
	  0.532501  -0.815068  -0.228269,
	 -0.625882  -0.611240  -0.484415,
	 -0.961040   0.274853  -0.029278,
	 -0.134103   0.799734   0.585186,
	  0.880425   0.114763   0.460089,
	  0.462825  -0.874468  -0.145254,
	 -0.661821  -0.657460  -0.360193,
	 -0.937806   0.344672  -0.041483,
	  0.003048   0.862583   0.505907,
	  0.848856  -0.076359   0.523080,
	  0.708600  -0.577350  -0.405651,
	 -0.272231  -0.259235  -0.926654,
	 -0.935941   0.251972  -0.246016,
	 -0.177525   0.902430  -0.392562,
	  0.947111   0.259488  -0.188802,
	 -0.253751  -0.549662   0.795916,
	  0.319733  -0.837344   0.443424,
	 -0.115008  -0.628126   0.769566,
	  0.337749   0.357265   0.870797,
	 -0.316512  -0.463562   0.827605,
	 -0.351158  -0.875131   0.332917,
	  0.189397   0.433520   0.881016,
	  0.148757  -0.386316  -0.910292,
	  0.685627  -0.018608   0.727715,
	  0.960541   0.200039  -0.193248,
	  0.433529   0.777129  -0.456206,
	  0.429143   0.761814  -0.485259,
	 -0.512457  -0.821705   0.249376,
	 -0.349036  -0.426411   0.834474,
	  0.140190   0.403085   0.904361,
	 -0.214146  -0.253707  -0.943279,
	  0.486766   0.736976  -0.468962,
	 -0.137905  -0.334458  -0.932266,
	 -0.528550  -0.729082   0.434827,
	 -0.459420  -0.389890   0.798072,
	  0.029084   0.439872   0.897589,
	  0.560964   0.754749  -0.340107,
	 -0.216700  -0.493891  -0.842088,
	 -0.591833  -0.702702   0.394897,
	 -0.579171  -0.357641   0.732566,
	 -0.009408   0.589345   0.807827,
	  0.575559   0.740370  -0.347251,
	  0.011498  -0.544241  -0.838850,
	 -0.579648  -0.702733   0.412523,
	 -0.599833  -0.281372   0.749019,
	 -0.043147   0.629873   0.775498,
	  0.659818   0.647735  -0.380893,
	  0.090896  -0.591466  -0.801190,
	 -0.632807  -0.678125   0.373767,
	 -0.688788  -0.215293   0.692257,
	 -0.132466   0.584488   0.800516,
	  0.686349   0.700296  -0.196240,
	  0.268392  -0.412367  -0.870586,
	 -0.695778  -0.707139   0.125888,
	 -0.820411  -0.235424   0.521058,
	 -0.335671   0.546281   0.767399,
	  0.700226   0.712010  -0.052202,
	  0.428238  -0.327787  -0.842121,
	 -0.696181  -0.716232  -0.048419,
	 -0.934520  -0.266047   0.236414,
	 -0.680147   0.437776   0.588007,
	  0.619669   0.769361   0.155224,
	  0.530072  -0.416166  -0.738803,
	 -0.658781  -0.715695  -0.231921,
	 -0.971169  -0.236014   0.033597,
	 -0.777165   0.494670   0.388993,
	  0.511483   0.805307   0.299775,
	  0.678700  -0.491807  -0.545428,
	 -0.602653  -0.730328  -0.321606,
	 -0.966645  -0.238241  -0.094016,
	 -0.815085   0.500457   0.291854,
	  0.437062   0.792548   0.425258,
	  0.760774  -0.519357  -0.389219,
	 -0.526943  -0.744995  -0.409039,
	 -0.973083  -0.121973  -0.195528,
	 -0.667716   0.656612   0.350735,
	  0.510391   0.688534   0.515192,
	  0.887776  -0.416812  -0.195249,
	 -0.257257  -0.789889  -0.556681,
	 -0.881973  -0.045375  -0.469110,
	 -0.666017   0.739233   0.099783,
	  0.470493   0.603612   0.643652,
	  0.930500  -0.364899  -0.031927,
	 -0.265757  -0.692758  -0.670417,
	 -0.669153   0.693702  -0.266481,
	 -0.778082   0.034512  -0.627214,
	  0.379770   0.697073   0.608165,
	  0.752914  -0.641495   0.146984,
	 -0.291792  -0.803202  -0.519350,
	 -0.257604   0.821123  -0.509311,
	 -0.403578  -0.001079  -0.914945,
	  0.581951  -0.679772   0.446366,
	  0.801025   0.563915  -0.200897,
	  0.131896  -0.619588  -0.773766,
	  0.878439  -0.477385   0.021193,
	 -0.206175  -0.850480   0.483917,
	 -0.424259  -0.562302  -0.709804,
	 -0.279603  -0.365569  -0.887796,
	 -0.151197  -0.954047   0.258716,
	  0.223531   0.159441   0.961568,
	 -0.278454  -0.752096   0.597340,
	  0.242557   0.027171   0.969757,
	 -0.389395  -0.594702  -0.703350,
	 -0.060666   0.502934  -0.862193,
	 -0.063696   0.406567  -0.911398,
	  0.323543  -0.400760  -0.857153,
	  0.247797   0.463498  -0.850745,
	  0.181720  -0.016462   0.983213,
	  0.464757  -0.882962   0.066175,
	  0.060969   0.175045   0.982671,
	  0.482173   0.800688  -0.355539,
	  0.420864   0.893151  -0.158601,
	 -0.367557  -0.686423   0.627475,
	  0.389558   0.918400  -0.069174,
	 -0.306889  -0.670969  -0.674996,
	  0.056183   0.372173  -0.926462,
	  0.127966   0.849880  -0.511204,
	  0.238019   0.685575  -0.687992,
	  0.114274   0.664492  -0.738506,
	  0.743150   0.532531  -0.405141,
	  0.488115   0.081933   0.868925,
	  0.277071   0.910214   0.307803,
	 -0.114066   0.151846   0.981800,
	  0.526644   0.800034  -0.287389,
	  0.206688   0.386491  -0.898835,
	  0.295223   0.235822  -0.925868,
	  0.145164   0.513182  -0.845915,
	 -0.447973  -0.636092   0.628257,
	 -0.195532  -0.690390  -0.696512,
	  0.203820   0.328840  -0.922129,
	 -0.166153   0.234833   0.957730,
	  0.511124   0.847687  -0.142052,
	  0.393712   0.229106  -0.890225,
	  0.350104   0.352565  -0.867828,
	  0.439242   0.326327  -0.837005,
	 -0.488889  -0.629042   0.604395,
	 -0.091263  -0.699768  -0.708517,
	 -0.234988   0.331415   0.913753,
	  0.478046   0.878326  -0.003916,
	  0.542760   0.330826  -0.771988,
	  0.546936   0.311116  -0.777218,
	 -0.065872  -0.742309  -0.666812,
	 -0.557899  -0.603741   0.569426,
	 -0.337276   0.419357   0.842843,
	  0.483332   0.874277   0.045068,
	  0.676403   0.432986  -0.595821,
	  0.663262   0.248292  -0.705999,
	  0.002409  -0.771759  -0.635911,
	 -0.666655  -0.555835   0.496607,
	 -0.435356   0.401069   0.805983,
	  0.573225   0.818395   0.040543,
	  0.766606   0.429115  -0.477677,
	  0.770302   0.256512  -0.583811,
	  0.165806  -0.777687  -0.606391,
	 -0.719657  -0.568337   0.398857,
	 -0.670741   0.336459   0.660986,
	  0.559100   0.805926   0.194655,
	  0.902515   0.320796  -0.287327,
	  0.893125   0.203276  -0.401256,
	  0.405875  -0.644315  -0.648169,
	 -0.793910  -0.588155   0.154212,
	 -0.831170   0.350500   0.431632,
	  0.254134   0.850487   0.460529,
	  0.919285   0.387970   0.066286,
	  0.953669  -0.176175  -0.243883,
	 -0.876569  -0.454250  -0.159011,
	 -0.149358  -0.786330  -0.599481,
	 -0.896856   0.372110   0.239133,
	  0.248943   0.790158   0.560070,
	  0.837671   0.401168   0.370637,
	  0.972441  -0.221370  -0.073177,
	  0.140481  -0.828632  -0.541880,
	 -0.867199  -0.441823  -0.229690,
	 -0.972025   0.233782   0.022657,
	 -0.023797   0.860603   0.508721,
	  0.743918   0.412720   0.525593,
	  0.895902  -0.436455   0.082870,
	  0.185925  -0.855334  -0.483565,
	 -0.696967  -0.630677  -0.341297,
	 -0.880147   0.001782  -0.474699,
	 -0.367944   0.928698  -0.046239,
	  0.652647   0.375709   0.657947,
	  0.829321  -0.373885   0.415255,
	 -0.011532  -0.862305  -0.506258,
	 -0.449340  -0.558680  -0.697116,
	 -0.494044   0.130038  -0.859657,
	  0.129390   0.680799  -0.720952,
	  0.466461  -0.842373  -0.269856,
	  0.778143   0.204146  -0.593984,
	 -0.373799  -0.214824  -0.902289,
	 -0.746240  -0.537439   0.392792,
	  0.024388  -0.999636   0.011557,
	 -0.999539   0.006705   0.029620,
	 -0.824359   0.553201   0.120002,
	 -0.530921  -0.845011   0.063877,
	  0.124744   0.896409   0.425311,
	 -0.001665  -0.983843   0.179025,
	  0.916581   0.067046   0.394189,
	  0.985007  -0.075310  -0.155211,
	 -0.101855  -0.817332  -0.567092,
	 -0.950355  -0.213598   0.226277,
	 -0.388446   0.730562   0.561595,
	 -0.163286   0.902530  -0.398469,
	 -0.706914  -0.647232  -0.285243,
	 -0.064714  -0.962565   0.263211,
	  0.865288  -0.468584  -0.178062,
	  0.400830   0.013851   0.916048,
	  0.867364  -0.036173   0.496358,
	 -0.081946  -0.937044  -0.339461,
	 -0.637334  -0.334017  -0.694433,
	  0.147193   0.877170  -0.457063,
	 -0.167420  -0.925651   0.339325,
	  0.840833  -0.037449   0.539998,
	 -0.584796  -0.259599  -0.768519,
	 -0.282731  -0.919154   0.274260,
	  0.212918   0.802116  -0.557921,
	  0.646025  -0.003529   0.763308,
	 -0.516023  -0.389529  -0.762881,
	 -0.345649  -0.871371   0.348194,
	  0.404406   0.156388   0.901110,
	  0.146135   0.826819  -0.543152,
	 -0.508027  -0.470734  -0.721330,
	 -0.451015  -0.670895   0.588630,
	  0.274709   0.341879   0.898696,
	  0.227286   0.775778  -0.588650,
	 -0.635805  -0.230687   0.736570,
	 -0.460236  -0.390189  -0.797455,
	  0.316027   0.630161   0.709242,
	  0.404811   0.675051  -0.616794,
	  0.243798   0.704390   0.666632,
	 -0.773854  -0.254213   0.580108,
	 -0.257791  -0.561058  -0.786612,
	  0.592766   0.513102  -0.620769,
	  0.143711   0.735325   0.662303,
	  0.721886   0.450774  -0.525056,
	 -0.685187  -0.478840   0.548846,
	 -0.151407  -0.653299  -0.741806,
	  0.116356   0.692359   0.712110,
	  0.848721   0.427025  -0.311964,
	 -0.041925  -0.714826  -0.698044,
	 -0.710718  -0.472653   0.521036,
	  0.095457   0.752592   0.651531,
	  0.870269   0.454340  -0.190280,
	  0.152363  -0.727683  -0.668777,
	 -0.814321  -0.311174   0.489951,
	  0.132022   0.820291   0.556501,
	  0.878411   0.385131  -0.282962,
	  0.189762  -0.741588  -0.643458,
	 -0.876651  -0.177056   0.447365,
	  0.011423   0.491927   0.870561,
	  0.853696   0.115855   0.507720,
	  0.526281  -0.809959  -0.258835,
	 -0.389381  -0.632130   0.669921,
	  0.947111   0.259488   0.188802,
	 -0.177525   0.902430   0.392562,
	 -0.272231  -0.259235   0.926654,
	  0.708600  -0.577350   0.405651,
	  0.848856  -0.076359  -0.523080,
	  0.003048   0.862583  -0.505907,
	 -0.935941   0.251972   0.246016,
	 -0.937806   0.344672   0.041483,
	 -0.661821  -0.657460   0.360193,
	  0.462825  -0.874468   0.145254,
	  0.880425   0.114763  -0.460089,
	 -0.134103   0.799734  -0.585186,
	 -0.961040   0.274853   0.029278,
	 -0.625882  -0.611240   0.484415,
	  0.532501  -0.815068   0.228269,
	  0.897412   0.215483  -0.384992,
	 -0.307665   0.732956  -0.606727,
	 -0.989707   0.117143  -0.082201,
	 -0.578890  -0.677244   0.454122,
	  0.536334  -0.747617   0.391681,
	  0.910068   0.301310  -0.284585,
	 -0.337595   0.670290  -0.660864,
	 -0.961128   0.130633  -0.243245,
	 -0.713132  -0.572087   0.405165,
	  0.559025  -0.681345   0.472504,
	  0.896370   0.399493  -0.192162,
	 -0.466515   0.617304  -0.633482,
	 -0.894310   0.121105  -0.430747,
	 -0.856698  -0.476010   0.198704,
	  0.375354  -0.649098   0.661650,
	 -0.384270   0.537934  -0.750309,
	  0.940013   0.339232   0.036027,
	 -0.837707   0.025514  -0.545524,
	 -0.846605  -0.531627   0.025153,
	  0.321264  -0.635623   0.701977,
	 -0.770611  -0.032659  -0.636468,
	 -0.170942   0.532133  -0.829225,
	  0.912811   0.364533   0.184100,
	 -0.820101  -0.569249  -0.058218,
	  0.301789  -0.534398   0.789520,
	 -0.764887  -0.077816  -0.639447,
	 -0.779903  -0.540110  -0.316281,
	  0.252200   0.646326  -0.720179,
	  0.852896   0.366162   0.372147,
	  0.303010  -0.478210   0.824318,
	 -0.330375  -0.640366  -0.693386,
	 -0.064065   0.000968  -0.997945,
	  0.403467  -0.786793   0.467088,
	  0.899308   0.429001   0.084869,
	  0.856662  -0.390788  -0.336772,
	  0.131896  -0.619588   0.773766,
	  0.878439  -0.477385  -0.021193,
	  0.801025   0.563915   0.200897,
	  0.581951  -0.679772  -0.446366,
	 -0.403578  -0.001079   0.914945,
	 -0.291792  -0.803202   0.519350,
	 -0.257604   0.821123   0.509311,
	  0.379770   0.697073  -0.608165,
	  0.752914  -0.641495  -0.146984,
	 -0.778082   0.034512   0.627214,
	 -0.265757  -0.692758   0.670417,
	 -0.669153   0.693702   0.266481,
	  0.470493   0.603612  -0.643652,
	 -0.666017   0.739233  -0.099783,
	  0.930500  -0.364899   0.031927,
	 -0.881973  -0.045375   0.469110,
	 -0.257257  -0.789889   0.556681,
	  0.510391   0.688534  -0.515192,
	 -0.667716   0.656612  -0.350735,
	 -0.973083  -0.121973   0.195528,
	  0.887776  -0.416812   0.195249,
	 -0.526943  -0.744995   0.409039,
	  0.437062   0.792548  -0.425258,
	 -0.815085   0.500457  -0.291854,
	 -0.966645  -0.238241   0.094016,
	  0.760774  -0.519357   0.389219,
	 -0.602653  -0.730328   0.321606,
	  0.511483   0.805307  -0.299775,
	 -0.777165   0.494670  -0.388993,
	 -0.971169  -0.236014  -0.033597,
	  0.678700  -0.491807   0.545428,
	 -0.658781  -0.715695   0.231921,
	  0.619669   0.769361  -0.155224,
	 -0.680147   0.437776  -0.588007,
	 -0.934520  -0.266047  -0.236414,
	  0.530072  -0.416166   0.738803,
	 -0.696181  -0.716232   0.048419,
	  0.700226   0.712010   0.052202,
	 -0.335671   0.546281  -0.767399,
	 -0.820411  -0.235424  -0.521058,
	  0.428238  -0.327787   0.842121,
	 -0.695778  -0.707139  -0.125888,
	  0.686349   0.700296   0.196240,
	 -0.132466   0.584488  -0.800516,
	 -0.688788  -0.215293  -0.692257,
	  0.268392  -0.412367   0.870586,
	 -0.632807  -0.678125  -0.373767,
	  0.659818   0.647735   0.380893,
	 -0.043147   0.629873  -0.775498,
	 -0.599833  -0.281372  -0.749019,
	  0.090896  -0.591466   0.801190,
	 -0.579648  -0.702733  -0.412523,
	  0.575559   0.740370   0.347251,
	 -0.009408   0.589345  -0.807827,
	 -0.579171  -0.357641  -0.732566,
	  0.011498  -0.544241   0.838850,
	 -0.591833  -0.702702  -0.394897,
	  0.560964   0.754749   0.340107,
	  0.029084   0.439872  -0.897589,
	 -0.459420  -0.389890  -0.798072,
	 -0.216700  -0.493891   0.842088,
	 -0.528550  -0.729082  -0.434827,
	  0.486766   0.736976   0.468962,
	  0.140190   0.403085  -0.904361,
	 -0.349036  -0.426411  -0.834474,
	 -0.137905  -0.334458   0.932266,
	 -0.512457  -0.821705  -0.249376,
	  0.429143   0.761814   0.485259,
	  0.189397   0.433520  -0.881016,
	 -0.316512  -0.463562  -0.827605,
	 -0.214146  -0.253707   0.943279,
	 -0.351158  -0.875131  -0.332917,
	  0.433529   0.777129   0.456206,
	  0.337749   0.357265  -0.870797,
	 -0.253751  -0.549662  -0.795916,
	  0.148757  -0.386316   0.910292,
	  0.319733  -0.837344  -0.443424,
	  0.960541   0.200039   0.193248,
	  0.685627  -0.018608  -0.727715,
	 -0.115008  -0.628126  -0.769566,
	  0.778143   0.204146   0.593984,
	 -0.373799  -0.214824   0.902289,
	  0.466461  -0.842373   0.269856,
	  0.129390   0.680799   0.720952,
	  0.652647   0.375709  -0.657947,
	 -0.494044   0.130038   0.859657,
	 -0.449340  -0.558680   0.697116,
	 -0.011532  -0.862305   0.506258,
	  0.829321  -0.373885  -0.415255,
	 -0.367944   0.928698   0.046239,
	  0.743918   0.412720  -0.525593,
	 -0.023797   0.860603  -0.508721,
	 -0.880147   0.001782   0.474699,
	 -0.696967  -0.630677   0.341297,
	  0.185925  -0.855334   0.483565,
	  0.895902  -0.436455  -0.082870,
	 -0.972025   0.233782  -0.022657,
	  0.837671   0.401168  -0.370637,
	  0.248943   0.790158  -0.560070,
	 -0.896856   0.372110  -0.239133,
	 -0.867199  -0.441823   0.229690,
	  0.140481  -0.828632   0.541880,
	  0.972441  -0.221370   0.073177,
	  0.919285   0.387970  -0.066286,
	  0.254134   0.850487  -0.460529,
	 -0.831170   0.350500  -0.431632,
	 -0.876569  -0.454250   0.159011,
	 -0.149358  -0.786330   0.599481,
	  0.953669  -0.176175   0.243883,
	  0.902515   0.320796   0.287327,
	  0.559100   0.805926  -0.194655,
	 -0.670741   0.336459  -0.660986,
	 -0.793910  -0.588155  -0.154212,
	  0.405875  -0.644315   0.648169,
	  0.893125   0.203276   0.401256,
	  0.766606   0.429115   0.477677,
	  0.573225   0.818395  -0.040543,
	 -0.435356   0.401069  -0.805983,
	 -0.719657  -0.568337  -0.398857,
	  0.165806  -0.777687   0.606391,
	  0.770302   0.256512   0.583811,
	  0.676403   0.432986   0.595821,
	  0.483332   0.874277  -0.045068,
	 -0.337276   0.419357  -0.842843,
	 -0.666655  -0.555835  -0.496607,
	  0.002409  -0.771759   0.635911,
	  0.663262   0.248292   0.705999,
	  0.542760   0.330826   0.771988,
	  0.478046   0.878326   0.003916,
	 -0.234988   0.331415  -0.913753,
	 -0.557899  -0.603741  -0.569426,
	 -0.065872  -0.742309   0.666812,
	  0.546936   0.311116   0.777218,
	  0.393712   0.229106   0.890225,
	  0.511124   0.847687   0.142052,
	 -0.166153   0.234833  -0.957730,
	 -0.488889  -0.629042  -0.604395,
	 -0.091263  -0.699768   0.708517,
	  0.439242   0.326327   0.837005,
	  0.295223   0.235822   0.925868,
	  0.526644   0.800034   0.287389,
	 -0.114066   0.151846  -0.981800,
	 -0.447973  -0.636092  -0.628257,
	 -0.195532  -0.690390   0.696512,
	  0.350104   0.352565   0.867828,
	  0.206688   0.386491   0.898835,
	  0.482173   0.800688   0.355539,
	  0.060969   0.175045  -0.982671,
	 -0.367557  -0.686423  -0.627475,
	 -0.306889  -0.670969   0.674996,
	  0.203820   0.328840   0.922129,
	  0.145164   0.513182   0.845915,
	  0.420864   0.893151   0.158601,
	  0.223531   0.159441  -0.961568,
	 -0.278454  -0.752096  -0.597340,
	 -0.389395  -0.594702   0.703350,
	  0.056183   0.372173   0.926462,
	  0.114274   0.664492   0.738506,
	  0.389558   0.918400   0.069174,
	  0.242557   0.027171  -0.969757,
	 -0.206175  -0.850480  -0.483917,
	 -0.424259  -0.562302   0.709804,
	 -0.063696   0.406567   0.911398,
	  0.127966   0.849880   0.511204,
	  0.277071   0.910214  -0.307803,
	  0.181720  -0.016462  -0.983213,
	 -0.151197  -0.954047  -0.258716,
	 -0.279603  -0.365569   0.887796,
	 -0.060666   0.502934   0.862193,
	  0.238019   0.685575   0.687992,
	  0.743150   0.532531   0.405141,
	  0.488115   0.081933  -0.868925,
	  0.464757  -0.882962  -0.066175,
	  0.323543  -0.400760   0.857153,
	  0.247797   0.463498   0.850745,
	  0.388767   0.717208   0.578336,
	  0.878717   0.111160  -0.464220,
	  0.552821   0.477921  -0.682628,
	  0.178946  -0.773689   0.607770,
	 -0.524806  -0.051739   0.849648,
	 -0.091041   0.994128  -0.058483,
	  0.679751   0.450593  -0.578710,
	  0.820851  -0.338736  -0.459848,
	  0.441519  -0.894652   0.068257,
	 -0.225892  -0.840585   0.492330,
	 -0.897129  -0.116389   0.426160,
	 -0.309937   0.871168  -0.380795,
	  0.790716   0.427107  -0.438575,
	  0.967350  -0.211816  -0.139166,
	  0.627257  -0.727251   0.278668,
	 -0.479750  -0.752181   0.451735,
	 -0.990870  -0.058726   0.121355,
	  0.061773   0.860288  -0.506052,
	 -0.996374   0.084962  -0.004518,
	  0.851870   0.431940  -0.296219,
	  0.998758  -0.042114  -0.026627,
	  0.544925  -0.676946   0.494774,
	 -0.732696  -0.550245   0.400482,
	  0.694626   0.673657  -0.252350,
	 -0.836524   0.291639  -0.463870,
	 -0.803941  -0.565797   0.183176,
	  0.874278   0.478097  -0.084030,
	  0.969813   0.111581   0.216824,
	  0.335169  -0.651700   0.680404,
	  0.658317   0.747113   0.091878,
	 -0.693255   0.120447  -0.710556,
	 -0.693576  -0.707559  -0.135321,
	  0.326775  -0.684856   0.651299,
	  0.754142   0.593412   0.281305,
	  0.847683   0.201904   0.490580,
	 -0.425712   0.558275  -0.712108,
	  0.553494   0.782037   0.286465,
	 -0.630279  -0.690487  -0.354931,
	  0.272456  -0.708415   0.651088,
	  0.710351   0.230480   0.665041,
	  0.721270   0.272499   0.636799,
	 -0.259471   0.666919  -0.698494,
	 -0.596016  -0.588385  -0.546414,
	  0.553641   0.695944   0.457323,
	  0.088148  -0.779843   0.619738,
	  0.563822   0.216721   0.796955,
	  0.575844   0.253202   0.777362,
	 -0.107041   0.590420  -0.799967,
	 -0.524087  -0.566204  -0.636196,
	 -0.105852  -0.820656   0.561532,
	  0.510214   0.703057   0.495371,
	  0.441202   0.137569   0.886801,
	  0.459707   0.264675   0.847713,
	  0.049756   0.631432  -0.773833,
	 -0.478014  -0.584485  -0.655652,
	 -0.183050  -0.827197   0.531261,
	  0.346167   0.129358   0.929212,
	  0.483919   0.674073   0.558076,
	  0.396410   0.288087   0.871702,
	 -0.377730  -0.476539  -0.793871,
	  0.205888   0.599456  -0.773475,
	 -0.062509  -0.262278   0.962966,
	  0.194122   0.108691   0.974937,
	  0.222793   0.179241   0.958246,
	  0.440047   0.708822   0.551299,
	 -0.236740  -0.644460  -0.727066,
	 -0.170047  -0.140722   0.975336,
	  0.288658   0.425136  -0.857867,
	  0.022032   0.237336   0.971178,
	  0.025050   0.152737   0.987949,
	  0.397261   0.723651   0.564369,
	 -0.466963  -0.691128   0.551622,
	 -0.191995  -0.669035  -0.718004,
	 -0.073514   0.288090   0.954777,
	  0.233866   0.112452  -0.965744,
	 -0.005068   0.359521   0.933123,
	  0.460208   0.868812   0.182685,
	 -0.511010  -0.617513   0.597952,
	 -0.101683   0.342091   0.934149,
	 -0.259575  -0.755462  -0.601580,
	  0.028607   0.440988   0.897057,
	  0.266247   0.050829  -0.962564,
	  0.465044   0.883113   0.062011,
	 -0.179290   0.376827   0.908767,
	 -0.548728  -0.613164   0.568268,
	  0.058000   0.629592   0.774758,
	 -0.198586  -0.692818  -0.693229,
	  0.547649   0.825142  -0.138641,
	  0.247859  -0.079295  -0.965546,
	  0.006260   0.206303   0.978468,
	  0.497094   0.541391   0.678081,
	  0.697224  -0.601568   0.389865,
	 -0.063654  -0.846285  -0.528914,
	  0.895183   0.402813   0.190758,
	  0.531412  -0.325245  -0.782187,
	  0.144995   0.574779   0.805361,
	 -0.571466  -0.252938   0.780672,
	  0.302543  -0.896888   0.322583,
	  0.766317   0.536554  -0.353366,
	 -0.476794   0.850926   0.220436,
	 -0.339110  -0.831512   0.439991,
	 -0.782861  -0.469528   0.408255,
	  0.115458  -0.973926   0.195288,
	  0.884992  -0.212368  -0.414353,
	  0.655022   0.636318  -0.407487,
	 -0.997531   0.031282   0.062882,
	 -0.268865   0.919802  -0.285788,
	 -0.138774  -0.907089   0.397405,
	 -0.504757  -0.784501   0.360248,
	  0.417483  -0.851635   0.316901,
	  0.942736  -0.332114  -0.030803,
	  0.685278   0.656570  -0.315135,
	 -0.824967  -0.559396   0.080659,
	 -0.984519   0.071907  -0.159850,
	 -0.536129   0.774188  -0.336449,
	  0.341914  -0.826569   0.447079,
	  0.977682  -0.136383   0.159806,
	  0.594552   0.768259  -0.237247,
	 -0.834548  -0.368031  -0.409978,
	  0.110630  -0.913358   0.391839,
	 -0.857970   0.120501  -0.499367,
	 -0.505867   0.710896  -0.488595,
	  0.896066  -0.031640   0.442791,
	  0.634066   0.772811   0.026879,
	 -0.110719  -0.978356   0.174818,
	 -0.667680  -0.092632  -0.738663,
	  0.691539  -0.185299   0.698168,
	 -0.625163   0.273082  -0.731161,
	 -0.100753   0.907831  -0.407053,
	  0.685768   0.542453   0.485250,
	  0.490159  -0.276142   0.826735,
	 -0.354395  -0.924100  -0.142981,
	 -0.453688   0.173229  -0.874162,
	  0.570029   0.473621   0.671380,
	 -0.413798   0.364541  -0.834195,
	  0.047206   0.946909  -0.318016,
	  0.456146   0.311677   0.833539,
	  0.288553  -0.398898   0.870412,
	 -0.366906  -0.827237  -0.425510,
	 -0.216599   0.300501  -0.928862,
	  0.146065   0.921964  -0.358675,
	 -0.314850   0.193258  -0.929258,
	  0.242946  -0.009352   0.969995,
	  0.367717   0.920376  -0.133013,
	  0.135350  -0.252811   0.958001,
	 -0.489002  -0.842062  -0.227615,
	 -0.123266   0.136088  -0.982998,
	 -0.090327   0.294178  -0.951473,
	  0.426355   0.824890   0.371184,
	  0.129626  -0.043162   0.990623,
	 -0.012468   0.279567  -0.960045,
	  0.058740  -0.164923   0.984556,
	 -0.352733  -0.935712   0.004838,
	 -0.181048  -0.254127  -0.950074,
	  0.425066   0.645733   0.634309,
	  0.110861   0.373690  -0.920905,
	  0.040556  -0.045278   0.998151,
	 -0.304294  -0.664423  -0.682603,
	  0.032468  -0.021830   0.999234,
	 -0.270756  -0.702275   0.658408,
	  0.294606   0.499444  -0.814717,
	  0.389962   0.814272   0.429989,
	 -0.135350  -0.491417  -0.860343,
	  0.048964   0.233872   0.971034,
	 -0.334048  -0.739571   0.584334,
	 -0.053638   0.013029   0.998475,
	  0.386902   0.396805  -0.832378,
	  0.097320  -0.292482  -0.951306,
	  0.375921   0.865707   0.330508,
	 -0.479786  -0.856448   0.190534,
	 -0.067476   0.261890   0.962736,
	 -0.230990  -0.012341   0.972878,
	  0.521365   0.333831  -0.785325,
	  0.285054  -0.308187  -0.907615,
	 -0.529741  -0.844422  -0.079533,
	  0.404457   0.872440   0.274342,
	 -0.417867   0.022225   0.908237,
	 -0.088382   0.469121   0.878700,
	  0.593265   0.174770  -0.785807,
	  0.317896  -0.469645  -0.823636,
	 -0.473046  -0.869278  -0.143469,
	 -0.591626   0.135912   0.794674,
	  0.201790   0.888392   0.412360,
	  0.561234  -0.562746  -0.606905,
	  0.960661   0.180277  -0.211258,
	  0.595403  -0.674652   0.436280,
	 -0.384081   0.131972   0.913819,
	 -0.290767   0.622310   0.726763,
	  0.515611   0.546824   0.659644,
	 -0.078274  -0.855807   0.511339,
	  0.790264   0.259943   0.554899,
	 -0.290515  -0.416482   0.861477,
	  0.910470  -0.345527  -0.227276,
	 -0.866717  -0.223077   0.446136,
	 -0.467441  -0.851967   0.235904,
	  0.652918  -0.539486  -0.531651,
	 -0.386897   0.425898   0.817877,
	  0.593235   0.802176   0.067717,
	  0.847299   0.272728  -0.455746,
	 -0.734393   0.634418   0.241207,
	 -0.857243   0.514912  -0.000145,
	 -0.921869  -0.284437   0.263161,
	 -0.223798  -0.932730   0.282718,
	  0.868343  -0.494747  -0.034735,
	  0.452300   0.881420  -0.136103,
	  0.968679   0.139901  -0.205156,
	  0.411003   0.885014  -0.218692,
	 -0.888005   0.410939  -0.206340,
	  0.354662   0.885923  -0.298923,
	 -0.918147  -0.366280   0.151145,
	 -0.046422  -0.900657   0.432044,
	  0.946109  -0.291826   0.140410,
	  0.993429   0.114227  -0.007162,
	 -0.867748   0.230946  -0.440088,
	 -0.069887   0.932024  -0.355594,
	  0.911011   0.352311   0.214328,
	 -0.890412  -0.437362  -0.126020,
	  0.080515  -0.930199   0.358117,
	  0.902060  -0.184897   0.390002,
	 -0.682964   0.211220  -0.699247,
	 -0.174585   0.884634  -0.432369,
	  0.673043   0.623088   0.398466,
	  0.701238  -0.208682   0.681702,
	 -0.791914  -0.110147  -0.600617,
	  0.076567  -0.938348   0.337106,
	  0.094076   0.943778  -0.316910,
	 -0.463971   0.416740  -0.781702,
	  0.573038   0.547537   0.609779,
	  0.463994  -0.228781   0.855786,
	  0.111052  -0.889516   0.443203,
	 -0.609835  -0.444843  -0.655908,
	  0.291809   0.952436  -0.087823,
	  0.513548   0.521846   0.681135,
	 -0.224357   0.421241  -0.878760,
	  0.311296  -0.208158   0.927235,
	 -0.164599  -0.917763   0.361412,
	 -0.436491  -0.632393  -0.639965,
	  0.352193   0.935922   0.003076,
	  0.386981   0.421874   0.819920,
	  0.238024  -0.176972   0.955000,
	 -0.097562   0.367694  -0.924815,
	 -0.229036  -0.916382   0.328307,
	 -0.409022  -0.551484  -0.727026,
	  0.361430   0.932324   0.011814,
	  0.249602   0.361138   0.898486,
	  0.072495  -0.203353   0.976418,
	 -0.275675  -0.934726   0.224257,
	 -0.013933   0.325871  -0.945312,
	 -0.314560  -0.463740  -0.828249,
	  0.364125   0.922093  -0.130989,
	  0.183180   0.426900   0.885552,
	 -0.139614  -0.287975   0.947406,
	 -0.360378  -0.921622   0.144017,
	 -0.143017  -0.371805  -0.917228,
	  0.072949   0.110746  -0.991168,
	  0.029652   0.408986   0.912059,
	  0.350782   0.932227  -0.088907,
	 -0.253877  -0.295363   0.921036,
	 -0.372412  -0.927261   0.038693,
	 -0.012338  -0.358637  -0.933395,
	  0.214638   0.114119  -0.970004,
	 -0.181683   0.329000   0.926688,
	 -0.390891  -0.205102   0.897295,
	  0.334245   0.940153  -0.066272,
	 -0.360750  -0.932049  -0.033827,
	  0.145372  -0.360723  -0.921274,
	  0.350627   0.128911  -0.927601,
	 -0.561853  -0.066105   0.824592,
	 -0.351527   0.408540   0.842332,
	 -0.430715  -0.896609   0.102848,
	  0.349635   0.932685  -0.088626,
	  0.258842  -0.531330  -0.806653,
	  0.525547   0.131083  -0.840606,
	 -0.712156  -0.034365   0.701180,
	 -0.537072  -0.841580   0.057420,
	 -0.435800   0.531366   0.726449,
	  0.381370  -0.534172  -0.754465,
	  0.394380   0.918932  -0.005414,
	  0.695416   0.144892  -0.703848,
	 -0.473533  -0.587774   0.655963,
	 -0.256570   0.078492   0.963333,
	  0.759283  -0.512119   0.401526,
	 -0.024614   0.450568   0.892403,
	  0.899969   0.014544  -0.435710,
	  0.781545   0.503245   0.368689,
	 -0.338199   0.776684   0.531397,
	 -0.518895  -0.166468   0.838472,
	  0.922255   0.371742   0.106081,
	 -0.907548   0.197938   0.370376,
	  0.419627   0.805852  -0.417751,
	  0.226602  -0.859435   0.458283,
	  0.917874  -0.373231   0.134931,
	 -0.699167  -0.576210   0.423258,
	  0.111349  -0.992920  -0.041364,
	  0.885564  -0.114758  -0.450118,
	 -0.893660   0.448288   0.020248,
	 -0.704693  -0.550346   0.447802,
	  0.214987   0.916921  -0.336208,
	  0.986177  -0.070716  -0.149846,
	  0.138473  -0.937880   0.318130,
	  0.859923  -0.498810  -0.108259,
	 -0.958744  -0.273731   0.076684,
	 -0.782180   0.562624  -0.267672,
	  0.363633  -0.842514   0.397419,
	  0.533687   0.801260  -0.270483,
	  0.992734  -0.047476   0.110563,
	  0.820609  -0.514150   0.249502,
	 -0.093660  -0.928176   0.360164,
	 -0.905896  -0.274322  -0.322646,
	 -0.691580   0.495286  -0.525745,
	  0.792973  -0.385668   0.471650,
	  0.346629   0.929669  -0.124756,
	  0.922685   0.104295   0.371181,
	 -0.183518  -0.961233   0.205799,
	  0.606818  -0.301087   0.735607,
	 -0.735236  -0.286497  -0.614287,
	 -0.524680   0.484074  -0.700274,
	  0.679386   0.504406   0.532925,
	  0.045990   0.952425  -0.301283,
	  0.435602  -0.355599   0.826922,
	 -0.282556  -0.951747   0.119750,
	  0.606284   0.510820   0.609494,
	 -0.605573  -0.160375  -0.779462,
	 -0.382339   0.442519  -0.811168,
	  0.166967   0.944156  -0.284061,
	  0.322571  -0.329664   0.887282,
	  0.506932   0.609154   0.609877,
	 -0.291931  -0.951449   0.097573,
	  0.150736   0.919966  -0.361858,
	 -0.484214  -0.186839  -0.854768,
	 -0.261190   0.468028  -0.844233,
	  0.432429   0.462288   0.774141,
	  0.218388  -0.223674   0.949882,
	  0.282554   0.924261  -0.256719,
	 -0.319916  -0.937195   0.138994,
	 -0.088210   0.478589  -0.873597,
	 -0.400321  -0.274768  -0.874211,
	  0.311025   0.406006   0.859315,
	  0.421198   0.904327  -0.069173,
	  0.081238  -0.137851   0.987116,
	  0.087600   0.463172  -0.881929,
	 -0.383990  -0.899728   0.207465,
	 -0.287485  -0.379466  -0.879408,
	  0.431966   0.896024   0.102698,
	  0.140829   0.421294   0.895923,
	  0.288773   0.475108  -0.831193,
	 -0.116789  -0.109312   0.987123,
	 -0.109905  -0.392724  -0.913065,
	 -0.445038  -0.854804   0.266930,
	  0.379016   0.925387   0.002534,
	  0.390720   0.414473  -0.821918,
	 -0.034117   0.521000   0.852875,
	  0.155678  -0.252668  -0.954947,
	 -0.323676  -0.073084   0.943341,
	 -0.474375  -0.865052   0.163261,
	  0.303090   0.950655  -0.066266,
	  0.472249   0.396238  -0.787386,
	  0.359973  -0.180285  -0.915378,
	 -0.243062   0.500192   0.831101,
	 -0.366065  -0.930313  -0.022674,
	 -0.439067  -0.060209   0.896435,
	  0.235032   0.971975  -0.004970,
	  0.543396   0.354380  -0.761010,
	  0.503502  -0.219287  -0.835703,
	 -0.349755  -0.926793  -0.136845,
	 -0.324719   0.516604   0.792261,
	 -0.556526  -0.048885   0.829391,
	  0.625284   0.665655  -0.407336,
	  0.693802   0.253211  -0.674183,
	  0.582746  -0.427984  -0.690823,
	 -0.461313  -0.886203  -0.042819,
	 -0.762122   0.004682   0.647416,
	 -0.249512   0.833445   0.493065,
	  0.725266   0.630891   0.275617,
	  0.900210   0.354283  -0.253193,
	  0.959254  -0.050962   0.277911,
	  0.477413  -0.823086   0.307581,
	 -0.345028   0.145023   0.927321,
	 -0.168707   0.442522   0.880745,
	 -0.515313  -0.251750   0.819192,
	  0.384602  -0.923025   0.010317,
	  0.894008  -0.111280   0.434011,
	 -0.359647   0.043786   0.932060,
	 -0.303943  -0.926566  -0.221572,
	 -0.830518  -0.269216   0.487610,
	  0.735935  -0.215322  -0.641901,
	  0.908248   0.396323  -0.134217,
	  0.387438   0.622605   0.679893,
	  0.814493   0.324995  -0.480603,
	 -0.638331   0.422268   0.643602,
	  0.586474  -0.274597  -0.762000,
	 -0.360202  -0.919145  -0.159455,
	 -0.716587  -0.371755   0.590171,
	  0.735246   0.290073  -0.612595,
	  0.339342   0.934594   0.106679,
	  0.364386   0.919863   0.145171,
	 -0.571743   0.356929   0.738723,
	  0.559876   0.246885  -0.790940,
	  0.401605  -0.323461  -0.856788,
	 -0.270079  -0.953249  -0.135548,
	 -0.572408  -0.381198   0.725973,
	  0.355207   0.934570   0.020165,
	 -0.400814   0.324383   0.856810,
	  0.387044   0.241948  -0.889752,
	  0.345769   0.928523  -0.135238,
	  0.195037  -0.359024  -0.912722,
	 -0.305045  -0.947633  -0.094547,
	 -0.394443  -0.308038   0.865752,
	 -0.220836   0.314970   0.923052,
	  0.271808   0.879793  -0.389980,
	  0.141155   0.199349  -0.969709,
	  0.010577   0.462765   0.886418,
	 -0.008303  -0.290788  -0.956751,
	 -0.301566  -0.948467   0.097305,
	 -0.177733  -0.269080   0.946577,
	  0.225587   0.542468   0.809221,
	  0.219598   0.893918  -0.390752,
	 -0.031265   0.223427  -0.974219,
	  0.037428  -0.253023   0.966736,
	 -0.254696  -0.435670  -0.863320,
	 -0.299328  -0.909031   0.289939,
	  0.385256   0.588064   0.711167,
	  0.222658  -0.277054   0.934700,
	  0.140547   0.875924  -0.461523,
	 -0.252787   0.138087  -0.957617,
	 -0.271650  -0.949371   0.157798,
	 -0.396808  -0.321084  -0.859912,
	  0.374238  -0.288011   0.881474,
	  0.526530   0.582190   0.619533,
	 -0.246973  -0.946860   0.206058,
	  0.045583   0.850481  -0.524028,
	 -0.415211   0.120693  -0.901683,
	 -0.515129  -0.340983  -0.786367,
	  0.517750  -0.231576   0.823594,
	 -0.264599  -0.958759   0.103771,
	  0.578666   0.664509   0.472836,
	 -0.618660  -0.266173  -0.739197,
	 -0.135618   0.794836  -0.591476,
	 -0.531060   0.145822  -0.834692,
	 -0.220364  -0.954570   0.200590,
	  0.663112  -0.229277   0.712541,
	 -0.750337  -0.232155  -0.618949,
	  0.633880   0.707930   0.311498,
	 -0.663673   0.258103  -0.702083,
	 -0.288696   0.782532  -0.551633,
	 -0.106152  -0.939316   0.326218,
	 -0.909561  -0.132831  -0.393770,
	  0.818661  -0.297424   0.491256,
	 -0.829111   0.223743  -0.512361,
	  0.623816   0.778208   0.072427,
	 -0.372743   0.835385  -0.403974,
	 -0.029399  -0.922659   0.384495,
	 -0.983236  -0.182103   0.009210,
	 -0.950869   0.268012  -0.154978,
	  0.846193  -0.469535   0.251981,
	 -0.340592   0.890786  -0.300829,
	  0.576664   0.795376  -0.186642,
	 -0.485857  -0.782644   0.389116,
	 -0.956062  -0.054950   0.287969,
	 -0.792103   0.610379  -0.003289,
	 -0.097436   0.954588  -0.281544,
	  0.685191  -0.728334  -0.006539,
	  0.683534   0.636139  -0.357921,
	 -0.849588   0.211231   0.483304,
	 -0.667899  -0.587802   0.456508,
	 -0.602776   0.761939   0.236875,
	  0.217239   0.921336  -0.322409,
	  0.780558   0.323847  -0.534652,
	  0.590947  -0.719297  -0.365231,
	 -0.762396   0.214434   0.610549,
	 -0.319877   0.475225   0.819658,
	 -0.552571  -0.470648   0.687863,
	 -0.003572   0.965617   0.259946,
	  0.763529   0.644909   0.033410,
	  0.960333  -0.203354   0.190809,
	 -0.231415   0.740313   0.631177,
	 -0.560645   0.363462   0.744024,
	  0.699490   0.284580   0.655537,
	 -0.778353   0.380005   0.499763,
	  0.119195   0.991301  -0.055804,
	 -0.651228  -0.179053   0.737457,
	 -0.876690  -0.199522   0.437729,
	  0.279480  -0.832923   0.477630,
	  0.740371  -0.635371  -0.219440,
	  0.854887  -0.000854  -0.518814,
	 -0.821741  -0.441493   0.360315,
	 -0.880558   0.429360   0.200667,
	  0.053693   0.984091  -0.169356,
	 -0.267595  -0.962736  -0.039151,
	  0.676597  -0.566065  -0.470943,
	  0.941147   0.080242  -0.328336,
	  0.568219  -0.819287  -0.076786,
	 -0.554226  -0.798122   0.236294,
	 -0.922785   0.353266  -0.153854,
	  0.062338   0.924869  -0.375142,
	  0.990393   0.132582  -0.039281,
	  0.690945  -0.675845   0.256572,
	 -0.872934  -0.468288  -0.136725,
	  0.321982  -0.821727   0.470204,
	 -0.683903   0.500549  -0.530780,
	  0.150417   0.897996  -0.413496,
	  0.950864   0.143309   0.274445,
	 -0.610721   0.294435  -0.735070,
	 -0.469998  -0.856204   0.214515,
	  0.235038  -0.676983   0.697461,
	  0.787196   0.231169   0.571737,
	 -0.504783   0.486946  -0.712796,
	  0.040815   0.887922  -0.458180,
	 -0.526315   0.165697  -0.833988,
	 -0.634402  -0.737016  -0.233113,
	  0.191778  -0.610684   0.768301,
	  0.630080   0.186982   0.753683,
	  0.174793   0.889555  -0.422066,
	 -0.356878   0.467817  -0.808570,
	 -0.367864   0.102969  -0.924161,
	 -0.505673  -0.759509  -0.409194,
	  0.050751  -0.690127   0.721907,
	  0.471291   0.265489   0.841071,
	  0.201492   0.922872  -0.328188,
	 -0.315276   0.337400  -0.886996,
	 -0.329704  -0.156530  -0.931018,
	 -0.403476  -0.902804  -0.148835,
	  0.008414  -0.536115   0.844103,
	  0.336944   0.345476   0.875851,
	  0.294798   0.940908  -0.166693,
	 -0.176563   0.325924  -0.928762,
	 -0.321073  -0.915621  -0.241974,
	 -0.119266  -0.161005  -0.979721,
	 -0.082887  -0.441327   0.893510,
	  0.117133   0.455126   0.882689,
	  0.237272   0.955782  -0.173732,
	  0.091201   0.471503  -0.877136,
	 -0.183109  -0.881578  -0.435077,
	 -0.256559  -0.577893   0.774737,
	  0.166907   0.034677  -0.985363,
	 -0.049056   0.449174   0.892096,
	  0.215797   0.976121  -0.024883,
	  0.278727   0.540689  -0.793704,
	  0.045275  -0.804418  -0.592337,
	 -0.404723  -0.624655   0.667836,
	 -0.088314   0.713939   0.694617,
	  0.407511   0.177065  -0.895870,
	  0.315208   0.917180  -0.243774,
	  0.431298   0.517527  -0.739019,
	 -0.530574  -0.622262   0.575570,
	  0.120014  -0.795777  -0.593578,
	 -0.089290   0.763600   0.639485,
	  0.442647   0.847811  -0.292027,
	  0.582227   0.018422  -0.812818,
	  0.590981   0.501551  -0.631813,
	 -0.784147  -0.445017   0.432520,
	 -0.596552   0.411810   0.688867,
	 -0.069005  -0.903652  -0.422673,
	  0.709840   0.607318  -0.356781,
	  0.779204   0.450781  -0.435474,
	  0.751874  -0.135488  -0.645236,
	 -0.903635  -0.357920   0.235238,
	 -0.801014   0.385086   0.458351,
	  0.479720   0.874129   0.075945,
	  0.085195  -0.906154  -0.414278,
	  0.890224   0.355091  -0.285327,
	  0.876430  -0.119499  -0.466466,
	 -0.673833  -0.169009   0.719295,
	 -0.549172  -0.553380   0.626243,
	 -0.434680   0.753460   0.493306,
	  0.906821   0.184058   0.379208,
	  0.672788  -0.739831   0.002494,
	  0.847102  -0.138268   0.513128,
	 -0.413718   0.701484   0.580307,
	 -0.545796   0.482065   0.685361,
	 -0.056396   0.564278   0.823656,
	 -0.564000   0.622848   0.542184,
	 -0.580253   0.646588   0.495208,
	 -0.610560  -0.323126   0.723053,
	 -0.884646  -0.304131   0.353420,
	  0.355754  -0.895354   0.267919,
	  0.960634  -0.004992  -0.277774,
	  0.409598   0.912265  -0.001549,
	 -0.539379   0.828544   0.150282,
	 -0.737166   0.657010   0.157875,
	 -0.917089  -0.070571   0.392387,
	  0.174506  -0.924676  -0.338411,
	 -0.049543  -0.998711   0.010996,
	  0.759842  -0.307852  -0.572596,
	  0.687932   0.674464  -0.268044,
	 -0.860707   0.462279  -0.213263,
	 -0.310074   0.888765  -0.337567,
	 -0.857497  -0.479691   0.185997,
	  0.078400  -0.942324   0.325391,
	  0.909955  -0.337460  -0.241046,
	  0.853208  -0.495380   0.163204,
	  0.751375   0.628949  -0.199646,
	 -0.914240   0.065558  -0.399834,
	 -0.690116   0.477817  -0.543536,
	 -0.158871   0.843623  -0.512894,
	  0.212173  -0.843276   0.493830,
	  0.737702  -0.431405   0.519313,
	  0.663769   0.742509  -0.089956,
	 -0.256538  -0.858252   0.444514,
	 -0.692699   0.119988  -0.711175,
	 -0.436548   0.480349  -0.760717,
	 -0.180946   0.738054  -0.650026,
	  0.602867  -0.287369   0.744292,
	  0.583718   0.810723  -0.044735,
	  0.441352  -0.225780   0.868465,
	 -0.665979  -0.736062  -0.121180,
	 -0.571756   0.081959  -0.816320,
	 -0.419590   0.358119  -0.834083,
	 -0.132053   0.685794  -0.715715,
	  0.589833   0.799135   0.116106,
	  0.262780  -0.208791   0.941994,
	  0.481861   0.835438   0.264296,
	 -0.552291  -0.828475  -0.092762,
	 -0.450905   0.016872  -0.892413,
	 -0.253286   0.356196  -0.899428,
	  0.002475   0.711570  -0.702611,
	  0.381570   0.870341   0.311306,
	  0.130324  -0.114684   0.984816,
	  0.072886   0.703075  -0.707371,
	 -0.428380  -0.853655  -0.296251,
	 -0.233241  -0.016080  -0.972286,
	 -0.133015   0.266054  -0.954737,
	  0.287711   0.939997   0.183378,
	  0.272207   0.674231  -0.686525,
	 -0.108404   0.016966   0.993962,
	  0.096969   0.197360  -0.975523,
	 -0.364025  -0.931382  -0.003667,
	 -0.233877  -0.516339  -0.823830,
	  0.436904   0.603853  -0.666691,
	  0.198573   0.964347   0.174941,
	  0.402265   0.109492  -0.908952,
	 -0.326504  -0.046191   0.944066,
	 -0.323963  -0.902339  -0.284310,
	 -0.414973  -0.701831   0.578990,
	  0.545298   0.451620  -0.706179,
	  0.558900   0.000696  -0.829235,
	  0.223467   0.968390   0.110826,
	 -0.264178  -0.946920  -0.183172,
	 -0.485263   0.002807   0.874364,
	 -0.570856  -0.389059   0.723019,
	  0.682495   0.274300  -0.677466,
	  0.651890  -0.087980  -0.753192,
	 -0.310140  -0.932378  -0.185701,
	  0.279496   0.934046   0.222353,
	 -0.703386  -0.247779   0.666224,
	 -0.619041   0.069840   0.782247,
	  0.752213  -0.161264  -0.638881,
	  0.831893   0.269021  -0.485367,
	 -0.340727  -0.900165  -0.271309,
	 -0.830648  -0.138898   0.539195,
	  0.282990   0.919603   0.272483,
	 -0.716803   0.283065   0.637234,
	  0.866289  -0.215927  -0.450465,
	 -0.103005  -0.940315  -0.324342,
	  0.910831   0.294395  -0.289342,
	 -0.933548  -0.189384   0.304338,
	 -0.833356   0.387297   0.394359,
	  0.205587   0.954820   0.214600,
	  0.314338  -0.800262   0.510659,
	  0.930342  -0.192835   0.311896,
	 -0.837058  -0.392709   0.380937,
	  0.836363   0.193445   0.512909,
	 -0.502412  -0.139887   0.853237,
	 -0.235202   0.771339   0.591368,
	  0.867802   0.490240   0.081145,
	 -0.719478  -0.092355   0.688347,
	  0.491816  -0.715947   0.495516,
	  0.852537   0.505203  -0.133982,
	 -0.195446   0.769622   0.607851,
	 -0.474009  -0.829816   0.294486,
	 -0.621332  -0.782457  -0.041337,
	  0.660785  -0.534132  -0.527319,
	  0.769856   0.584312  -0.256713,
	 -0.291010   0.750157   0.593782,
	 -0.492616  -0.869730  -0.029989,
	  0.665528  -0.392483  -0.634846,
	  0.676035   0.614659  -0.406412,
	 -0.224740   0.688833   0.689203,
	 -0.387309  -0.908884  -0.154666,
	  0.603474  -0.219421  -0.766599,
	  0.551995   0.647888  -0.524921,
	 -0.174410   0.678909   0.713206,
	 -0.187937  -0.946655  -0.261770,
	  0.555163   0.052521  -0.830082,
	  0.529747   0.678966  -0.508305,
	 -0.158232   0.689338   0.706948,
	 -0.216815  -0.953321  -0.210167,
	  0.542122   0.146363  -0.827455,
	  0.557098   0.714963  -0.422458,
	  0.010008   0.514857   0.857218,
	 -0.410485  -0.865586  -0.286815,
	  0.478562   0.176517  -0.860128,
	  0.525249   0.794355  -0.305144,
	  0.283028   0.282667   0.916512,
	 -0.689172  -0.612268  -0.387518,
	  0.299963   0.431501  -0.850781,
	  0.514762   0.836251  -0.188959,
	  0.386430   0.093750   0.917542,
	 -0.715506  -0.586113  -0.380163,
	  0.055446   0.619985  -0.782652,
	  0.511315   0.840612  -0.178684,
	  0.483551  -0.004809   0.875303,
	 -0.769201  -0.577925  -0.272639,
	 -0.077199   0.628134  -0.774266,
	  0.604092   0.787402  -0.122763,
	  0.628585  -0.186583   0.755028,
	 -0.835174  -0.523603  -0.168295,
	 -0.153087   0.706694  -0.690759,
	  0.744850  -0.435321   0.505662,
	  0.657718   0.742050  -0.129496,
	 -0.845846  -0.529197  -0.067046,
	 -0.313367   0.765305  -0.562236,
	 -0.782989  -0.621748  -0.018923,
	  0.871306  -0.457983   0.176286,
	  0.578624   0.809132  -0.102462,
	 -0.483475   0.819698  -0.307161,
	 -0.796506   0.528856   0.293071,
	 -0.552850  -0.833237   0.008566,
	  0.967436  -0.235958  -0.091604,
	  0.275790   0.931298   0.237959,
	 -0.166704   0.878348   0.448012,
	 -0.913809   0.134233   0.383321,
	 -0.132448  -0.967899  -0.213611,
	  0.998547   0.038732  -0.037472,
	 -0.335688   0.686584   0.644915,
	  0.441095   0.634286   0.634915,
	 -0.192313  -0.913423   0.358711,
	  0.685581   0.727973  -0.005773,
	  0.162420   0.985801   0.042618,
	 -0.043191   0.950152   0.308781,
	  0.856044   0.498999  -0.134862,
	  0.861548   0.507301   0.019505,
	  0.178815   0.928865  -0.324400,
	  0.324637   0.910692   0.255441,
	 -0.128406   0.972145  -0.196074,
	 -0.903459   0.416047   0.103280,
	 -0.820165   0.503491   0.271710,
	 -0.691139   0.446152   0.568573,
	  0.831883  -0.087289  -0.548043,
	  0.595561   0.747858  -0.293285,
	  0.886723   0.189388  -0.421728,
	  0.871379   0.490425  -0.013478,
	  0.896077   0.215347   0.388164,
	  0.857912   0.491108   0.150997,
	 -0.776081   0.553605   0.302024,
	 -0.769803   0.225429  -0.597147,
	 -0.681525   0.558368  -0.473021,
	 -0.904759   0.383290  -0.185741,
	  0.548487   0.818736   0.169802,
	 -0.876967  -0.478042   0.049035,
	 -0.819035  -0.571268  -0.053236,
	 -0.930354  -0.345857   0.121754,
	 -0.298854  -0.839414   0.453950,
	 -0.192610  -0.957523  -0.214598,
	 -0.397888  -0.914115  -0.077964,
	  0.791836  -0.046923  -0.608929,
	  0.210205  -0.698117  -0.684431,
	  0.459814   0.886356  -0.054254,
	  0.122634  -0.401154  -0.907764,
	  0.817011   0.311028  -0.485545,
	  0.781241   0.503467  -0.369031,
	  0.849803   0.527072   0.005490,
	  0.860179   0.308646   0.405993,
	  0.426330  -0.497631   0.755385,
	  0.818848   0.057644   0.571109,
	 -0.583163   0.383601   0.716081,
	 -0.768479  -0.639784  -0.010830,
	 -0.193946  -0.957982   0.211317,
	 -0.594672   0.365132  -0.716271,
	  0.469397   0.880341   0.068307,
	 -0.731088  -0.588759   0.344779,
	 -0.841808  -0.535844   0.065037,
	 -0.804405  -0.559144  -0.200724,
	  0.792607  -0.041818   0.608297,
	 -0.677334  -0.721388   0.144285,
	 -0.597065   0.358443   0.717657,
	 -0.167820  -0.958140  -0.231960,
	  0.800484  -0.011991  -0.599235,
	 -0.711487  -0.646019  -0.276490,
	  0.444641   0.895044  -0.034509,
	 -0.761529  -0.529249  -0.374124,
	  0.149547   0.030636  -0.988280,
	 -0.324659   0.279387  -0.903625,
	  0.868624   0.466784  -0.166149,
	  0.856341   0.473791  -0.205430,
	  0.842163   0.504619  -0.190058,
	  0.865694   0.500572  -0.000984,
	  0.831974   0.502408   0.235384,
	  0.764449   0.443287   0.468096,
	  0.167491  -0.364551   0.915997,
	 -0.875569  -0.482685  -0.019848,
	  0.800815  -0.008569   0.598851,
	 -0.168234  -0.958708   0.229296,
	 -0.607880   0.340835  -0.717157,
	  0.453821   0.889812   0.047760,
	 -0.702353  -0.625277   0.340191,
	 -0.610190   0.333935   0.718440,
	  0.430203   0.902594  -0.015786,
	 -0.142331  -0.957829  -0.249612,
	  0.808046   0.022871  -0.588675,
	 -0.857451  -0.514543   0.004879,
	 -0.862557  -0.473454  -0.178428,
	 -0.642908  -0.596043  -0.481042,
	 -0.627418   0.665980  -0.403506,
	  0.832544   0.546531   0.090415,
	  0.965710  -0.247604   0.078083,
	  0.873421   0.029027  -0.486100,
	  0.697150   0.539666  -0.471956,
	  0.794495   0.408387  -0.449442,
	  0.896135   0.413899  -0.160096,
	  0.904191   0.426930  -0.012988,
	  0.848487   0.504223   0.160715,
	  0.779449   0.621337   0.079992,
	  0.930599   0.179915   0.318773,
	 -0.442724   0.037450   0.895876,
	 -0.208311  -0.191611   0.959110,
	 -0.823669  -0.516341   0.234439,
	  0.808060   0.024548   0.588588,
	  0.438910   0.898090   0.028153,
	 -0.141606  -0.958482   0.247508,
	 -0.620251   0.317236  -0.717391,
	 -0.622450   0.310223   0.718552,
	  0.416468   0.909149   0.001808,
	  0.814627   0.057928  -0.577085,
	 -0.115756  -0.956655  -0.267230,
	 -0.870405  -0.492336  -0.000483,
	 -0.889427  -0.450512   0.077194,
	 -0.829100  -0.514657   0.218453,
	 -0.849246  -0.041137  -0.526393,
	 -0.868323  -0.495802  -0.013946,
	 -0.159955  -0.986031  -0.046457,
	 -0.678785   0.666372  -0.308544,
	  0.825843   0.563816   0.009801,
	  0.972300  -0.233701  -0.004117,
	 -0.118403  -0.991785  -0.048404,
	  0.414405   0.876533  -0.244863,
	  0.918139  -0.383736   0.098826,
	  0.858432  -0.126563  -0.497068,
	  0.867557   0.381597  -0.318950,
	  0.917220   0.398315   0.007328,
	  0.888006   0.431947   0.157694,
	  0.495439   0.584252   0.642799,
	  0.801541   0.586102  -0.118393,
	 -0.554931   0.731711   0.395791,
	 -0.438582  -0.687754   0.578480,
	  0.950309  -0.301341  -0.078146,
	 -0.089612  -0.990073   0.108279,
	  0.814275   0.057610   0.577613,
	  0.424627   0.905315   0.009843,
	 -0.631721   0.294560  -0.717051,
	 -0.113952  -0.957261   0.265830,
	 -0.633695   0.287361   0.718230,
	  0.403320   0.914878   0.018196,
	  0.820079   0.093370  -0.564582,
	 -0.088135  -0.954520  -0.284822,
	 -0.901686  -0.432230  -0.011819,
	 -0.898397  -0.438675  -0.021152,
	 -0.946429  -0.234260   0.222247,
	 -0.919349   0.313712  -0.237450,
	 -0.670708  -0.707312  -0.223294,
	 -0.908184  -0.417480   0.030189,
	 -0.720238   0.693222  -0.026450,
	  0.833025   0.552421  -0.029996,
	  0.946950  -0.299876  -0.115585,
	 -0.089792  -0.995873  -0.013188,
	  0.388499   0.909747  -0.146389,
	  0.918936  -0.381576   0.099778,
	 -0.369773  -0.929036   0.012685,
	 -0.328584  -0.943378  -0.045506,
	  0.061686   0.045100  -0.997076,
	  0.614371   0.585193  -0.529242,
	  0.902992   0.385859  -0.188991,
	  0.928695   0.370569   0.014326,
	  0.866207   0.382349   0.321705,
	  0.807992   0.350126   0.473878,
	 -0.918154   0.285270   0.274982,
	  0.417924   0.887637   0.193497,
	  0.891226   0.035501   0.452169,
	  0.796169   0.603200  -0.047591,
	 -0.665783   0.725028   0.176259,
	 -0.077192  -0.990000   0.118073,
	  0.957203  -0.289416  -0.000762,
	  0.819602   0.091022   0.565657,
	  0.411015   0.911598  -0.007463,
	 -0.642209   0.272786  -0.716349,
	 -0.085000  -0.955022   0.284092,
	 -0.965123   0.070210  -0.252207,
	  0.009796   0.988493  -0.150952,
	  0.345206   0.383485  -0.856605,
	  0.155412  -0.454494  -0.877088,
	 -0.912327  -0.409402   0.007091,
	 -0.910556  -0.397349   0.114025,
	 -0.436684  -0.854448   0.281471,
	 -0.334807  -0.940880  -0.051471,
	 -0.910947   0.368334  -0.185758,
	 -0.902696  -0.412255  -0.123233,
	  0.829414   0.556844  -0.044682,
	 -0.655983   0.690705   0.304323,
	  0.866127  -0.469875  -0.170414,
	 -0.241649  -0.970108  -0.022295,
	  0.364826   0.931051   0.006816,
	  0.935814  -0.340185   0.092342,
	 -0.408343  -0.911883   0.041524,
	 -0.906784   0.414756  -0.075630,
	 -0.893734   0.196691  -0.403178,
	  0.352736   0.894241  -0.275517,
	  0.962351  -0.235578   0.135587,
	  0.880139  -0.302927  -0.365502,
	  0.566209   0.326055  -0.757031,
	  0.935368   0.352009   0.034297,
	  0.846114   0.363034   0.390253,
	  0.888851   0.382887   0.251679,
	  0.369110   0.659907   0.654431,
	  0.061686   0.045100   0.997076,
	 -0.905893   0.361554   0.220536,
	 -0.351209  -0.936100  -0.019203,
	  0.416755   0.901564   0.116177,
	  0.928469  -0.370388  -0.027526,
	  0.815671   0.578471   0.007169,
	 -0.679256   0.730782  -0.067601,
	 -0.126530  -0.990367   0.056251,
	  0.953373  -0.290714   0.081023,
	  0.378757   0.053477   0.923950,
	  0.300367   0.847553   0.437532,
	 -0.657142   0.737525   0.155628,
	 -0.564506  -0.678301   0.470362,
	 -0.922068  -0.386398   0.022071,
	 -0.914793  -0.386466  -0.117466,
	 -0.953591  -0.000685   0.301105,
	  0.925635  -0.368124  -0.087661,
	 -0.914250  -0.380099   0.140251,
	  0.898556  -0.385312  -0.210075,
	  0.792118   0.609556  -0.031456,
	 -0.620007   0.655445   0.431257,
	 -0.202772  -0.962834  -0.178421,
	  0.349873   0.931914   0.095530,
	  0.956813  -0.279745   0.079069,
	 -0.417309  -0.908309  -0.028759,
	 -0.890679   0.454531   0.009619,
	 -0.877451   0.330854  -0.347297,
	 -0.718913  -0.663829  -0.206143,
	  0.371282   0.894853  -0.247766,
	  0.963139  -0.220821   0.153630,
	 -0.322207  -0.943194   0.081046,
	 -0.408246  -0.912210   0.034770,
	 -0.819717   0.390838  -0.418700,
	  0.765622   0.513809  -0.387070,
	 -0.923417  -0.345295  -0.167546,
	  0.922390   0.336513  -0.189619,
	  0.938103   0.346337   0.003549,
	  0.313469   0.760059   0.569252,
	 -0.806299  -0.270638   0.525963,
	  0.829922  -0.094213   0.549867,
	  0.927193   0.327445   0.181915,
	 -0.888259   0.309873   0.339079,
	  0.375752   0.900537   0.218730,
	 -0.356611  -0.934111  -0.016299,
	 -0.892582   0.439760   0.099547,
	  0.932600  -0.343149  -0.111831,
	  0.388557   0.921134  -0.023158,
	  0.831761   0.554023   0.035094,
	 -0.653291   0.729963  -0.200909,
	 -0.311054  -0.948335   0.062495,
	  0.907150  -0.374213   0.192467,
	 -0.927900  -0.372135   0.022739,
	 -0.510424  -0.859478   0.027651,
	 -0.314151  -0.940688  -0.128120,
	  0.558457  -0.301670  -0.772736,
	  0.416323   0.871124  -0.260419,
	 -0.837233   0.247006  -0.487882,
	 -0.426276  -0.417307  -0.802586,
	  0.384927   0.907335   0.169042,
	  0.952068  -0.297517   0.071069,
	 -0.410695  -0.905831  -0.103919,
	 -0.876821   0.478853   0.043428,
	 -0.880914   0.420814  -0.216579,
	  0.372473   0.922528  -0.101022,
	  0.967718  -0.249391   0.036420,
	 -0.277858  -0.960618   0.002838,
	 -0.908694   0.400065  -0.119258,
	  0.634203   0.756904  -0.157742,
	 -0.838460   0.499002  -0.219048,
	 -0.905120  -0.425002   0.011462,
	 -0.929680  -0.359290   0.081273,
	  0.816781  -0.273009  -0.508266,
	  0.825286  -0.533126   0.186225,
	 -0.930121  -0.367239   0.003361,
	  0.922279   0.248887  -0.295733,
	  0.945688   0.324948  -0.009058,
	 -0.979747   0.104153   0.171021,
	 -0.799365   0.510531   0.316819,
	  0.595966   0.797114   0.097134,
	  0.927451  -0.134656   0.348860,
	 -0.926482  -0.365855  -0.088210,
	  0.933484  -0.309813  -0.180622,
	  0.883983   0.202249   0.421508,
	 -0.316043  -0.947366  -0.051129,
	 -0.867877   0.390395   0.307214,
	  0.373660   0.915925   0.146493,
	  0.947867  -0.301398  -0.103473,
	 -0.376112  -0.926543  -0.007647,
	 -0.876602   0.479121   0.044853,
	  0.353367   0.921689  -0.160066,
	  0.811787   0.582942   0.034360,
	 -0.644447   0.733895  -0.214677,
	 -0.421226  -0.889626   0.176450,
	  0.867650  -0.425543   0.257092,
	  0.970993  -0.222773  -0.086857,
	  0.226318   0.971529  -0.070091,
	  0.819457   0.074702  -0.568252,
	 -0.102476  -0.880842  -0.462186,
	 -0.685808   0.317393  -0.654926,
	  0.370952   0.927420   0.047829,
	  0.954708  -0.297536  -0.002119,
	 -0.305800  -0.948877  -0.078222,
	 -0.923387   0.383179  -0.023044,
	  0.666618   0.745081  -0.021801,
	  0.707767  -0.694894   0.127238,
	 -0.784944   0.603868  -0.138586,
	 -0.465960  -0.883076   0.055294,
	 -0.904621  -0.327143  -0.273200,
	 -0.931593  -0.293005   0.215136,
	 -0.936773  -0.349937   0.000619,
	  0.540167   0.505073  -0.673142,
	 -0.589229  -0.807779   0.017358,
	 -0.936469  -0.313698  -0.156902,
	  0.843993   0.259762  -0.469255,
	  0.952592   0.304190   0.006081,
	  0.901096   0.280278   0.330863,
	 -0.495915  -0.863897  -0.088034,
	 -0.607804  -0.784269   0.124483,
	 -0.664734  -0.743639   0.071622,
	 -0.795636   0.583237   0.163703,
	  0.844969  -0.509795  -0.161666,
	  0.663483   0.747586  -0.030095,
	  0.447750   0.420100   0.789326,
	 -0.313259  -0.949539   0.015643,
	  0.965849  -0.245740  -0.082140,
	 -0.914476   0.376770   0.147576,
	  0.336112   0.935859   0.105810,
	  0.941464  -0.324439  -0.091571,
	  0.367312   0.898872  -0.238981,
	 -0.428873  -0.900573   0.070959,
	 -0.874204   0.485449   0.010352,
	  0.522158   0.540122   0.660015,
	 -0.455485   0.885353   0.093187,
	 -0.678280  -0.379844   0.629011,
	  0.634020  -0.504004   0.586513,
	  0.459647   0.877094   0.139392,
	  0.946278  -0.298618  -0.124038,
	 -0.370219  -0.921954  -0.113745,
	 -0.869828   0.458606   0.181877,
	  0.700715   0.712113   0.043512,
	  0.574308  -0.818473   0.016461,
	 -0.723183  -0.688874  -0.049579,
	 -0.782493   0.620327  -0.053839,
	 -0.883069   0.359110  -0.302041,
	 -0.479222  -0.863407   0.157718,
	 -0.329728  -0.940521   0.081848,
	 -0.892447  -0.444097   0.079480,
	 -0.942898  -0.333064  -0.003582,
	  0.921358  -0.000281  -0.388714,
	  0.457384   0.888229  -0.042998,
	 -0.956022  -0.265065   0.125549,
	 -0.869318  -0.483481  -0.102629,
	  0.963427   0.112220  -0.243342,
	  0.977897   0.208734   0.012098,
	  0.972552   0.176300   0.151860,
	  0.895278   0.009588   0.445405,
	  0.759185  -0.636771  -0.134762,
	  0.619277  -0.784999  -0.016475,
	 -0.765289  -0.637943   0.085799,
	 -0.783401   0.619711   0.047349,
	  0.695555   0.717128  -0.043931,
	 -0.883069   0.359110   0.302041,
	  0.457384   0.888229   0.042998,
	 -0.306106  -0.946877   0.098609,
	  0.947534  -0.317153  -0.039922,
	  0.383027   0.913074  -0.139949,
	 -0.928996   0.369534   0.020278,
	  0.724668  -0.558578   0.403544,
	  0.559480   0.656914   0.505417,
	 -0.567710   0.778949   0.266352,
	 -0.491964  -0.315437   0.811462,
	  0.233351   0.971936  -0.029786,
	  0.615607   0.075160  -0.784461,
	 -0.273873  -0.830955  -0.484260,
	 -0.885887   0.307060  -0.347734,
	  0.698160   0.715641   0.020744,
	  0.596923  -0.798134  -0.081645,
	 -0.790551  -0.606288  -0.086285,
	 -0.786372   0.617740  -0.003914,
	 -0.849114   0.467218  -0.246398,
	 -0.560182  -0.763773   0.320697,
	  0.767578  -0.455787   0.450647,
	  0.807195  -0.418701   0.416084,
	  0.485968   0.161451  -0.858935,
	 -0.998305  -0.058180   0.001577,
	 -0.966737  -0.255530   0.011153,
	 -0.998364  -0.057159  -0.001110,
	  0.548104   0.828114  -0.117509,
	 -0.479222  -0.863407  -0.157718,
	 -0.329728  -0.940521  -0.081848,
	  0.341574   0.171418   0.924090,
	  0.969368   0.067240  -0.236229,
	  0.975042   0.220445  -0.026400,
	  0.935684   0.035442   0.351054,
	  0.807195  -0.418701  -0.416084,
	  0.552873  -0.824265   0.122142,
	  0.690698   0.719605  -0.071445,
	 -0.743929  -0.659472   0.108014,
	 -0.753823   0.656631   0.024222,
	 -0.849114   0.467218   0.246398,
	 -0.560182  -0.763773  -0.320697,
	  0.548104   0.828114   0.117509,
	 -0.309392  -0.938943   0.150544,
	  0.918705  -0.369630   0.139124,
	  0.523503   0.815368  -0.247223,
	 -0.889278   0.436825  -0.135532,
	  0.654882   0.751707   0.077886,
	  0.721976  -0.677199  -0.141956,
	 -0.743431  -0.668278  -0.026736,
	 -0.720097   0.654954   0.229119,
	 -0.933638   0.318453  -0.164034,
	 -0.667006  -0.571117   0.478464,
	  0.582280  -0.394491   0.710864,
	  0.696295   0.715991  -0.050303,
	 -0.939966   0.320731   0.116603,
	 -0.751999   0.311897  -0.580705,
	  0.983979   0.176341   0.026240,
	  0.970301   0.020518  -0.241028,
	  0.649479   0.690902  -0.317539,
	 -0.893427  -0.065230   0.444447,
	 -0.964064  -0.264612  -0.023691,
	 -0.909529  -0.055415  -0.411930,
	 -0.939966   0.320731  -0.116603,
	  0.767578  -0.455787  -0.450647,
	 -0.751999   0.311897   0.580705,
	  0.962715  -0.052614   0.265351,
	  0.983979   0.176341  -0.026240,
	  0.649479   0.690902   0.317539,
	  0.989141   0.141952  -0.038082,
	  0.661910  -0.721290   0.204001,
	  0.726044   0.665965  -0.171323,
	 -0.742612   0.647388  -0.171510,
	 -0.676757  -0.726304   0.120341,
	 -0.933638   0.318453   0.164034,
	 -0.732112  -0.545146  -0.408445,
	  0.582280  -0.394491  -0.710864,
	  0.696295   0.715991   0.050303,
	 -0.781165  -0.206435   0.589208,
	  0.660623  -0.525937   0.535693,
	  0.380737   0.719165   0.581241,
	 -0.616424   0.779268   0.112975,
	  0.209142   0.974676  -0.079162,
	  0.480914  -0.202717  -0.853011,
	 -0.491527  -0.742268  -0.455455,
	 -0.874989   0.397211  -0.276798,
	 -0.773896   0.629780  -0.066802,
	 -0.529350  -0.845590  -0.069039,
	 -0.714823  -0.571266  -0.403339,
	 -0.739623  -0.381803   0.554243,
	  0.831997   0.103174   0.545103,
	  0.652809   0.738959  -0.166672,
	  0.805405   0.116853  -0.581092,
	 -0.812561  -0.577872   0.076214,
	 -0.962648   0.063375   0.263233,
	 -0.506530   0.522927  -0.685548,
	 -0.719240  -0.641964   0.265662,
	  0.886680  -0.260475   0.382036,
	  0.993013  -0.118005   0.000000,
	  0.721228   0.629909  -0.288177,
	 -0.956413   0.250930   0.149362,
	 -0.999714  -0.005531  -0.023277,
	 -0.986937   0.062752  -0.148382,
	 -0.962648   0.063375  -0.263233,
	 -0.812561  -0.577872  -0.076214,
	 -0.506530   0.522927   0.685548,
	 -0.778202  -0.603924  -0.172269,
	  0.886680  -0.260475  -0.382036,
	  0.721228   0.629909   0.288177,
	  0.391478  -0.751674   0.530783,
	  0.409470   0.595315   0.691327,
	 -0.613159   0.788091  -0.054292,
	 -0.863137  -0.139721   0.485254,
	 -0.773896   0.629780   0.066802,
	 -0.529350  -0.845590   0.069039,
	 -0.643441  -0.601771   0.473133,
	  0.686998   0.012229  -0.726557,
	 -0.553231  -0.462468  -0.692862,
	 -0.797687  -0.125924   0.589778,
	  0.652809   0.738959   0.166672,
	  0.805405   0.116853   0.581092,
	 -0.551508   0.833934   0.019828,
	 -0.541748  -0.828364   0.142555,
	  0.880158  -0.473856  -0.027960,
	  0.772097  -0.477530  -0.419324,
	 -0.584152   0.029756  -0.811099,
	  0.858273   0.232934   0.457285,
	 -0.965717   0.257156  -0.035519,
	 -0.960508   0.047760  -0.274121,
	  0.851803   0.510279  -0.118521,
	  0.473177   0.451390  -0.756538,
	  0.788367   0.601181  -0.130611,
	 -0.308398  -0.951214  -0.009134,
	 -0.995131  -0.098556   0.000000,
	  0.790501  -0.265535   0.551905,
	 -0.605989   0.466856  -0.644068,
	 -0.699775  -0.596987   0.392328,
	  0.772361  -0.297694   0.561103,
	 -0.077728  -0.565018  -0.821409,
	 -0.308398  -0.951214   0.009134,
	 -0.077728  -0.565018   0.821409,
	 -0.163344  -0.986569   0.000000,
	  0.620235   0.743112  -0.251184,
	  0.709840  -0.358230  -0.606464,
	 -0.398425   0.614768   0.680674,
	  0.765457  -0.289020  -0.574929,
	 -0.327571  -0.708992  -0.624521,
	 -0.996438  -0.001085  -0.084318,
	  0.740404   0.646405   0.184289,
	 -0.541748  -0.828363  -0.142561,
	 -0.710130   0.703452  -0.029505,
	  0.880158  -0.473856   0.027960,
	  0.772097  -0.477530   0.419324,
	  0.906309   0.324707  -0.270498,
	  0.654858   0.439632   0.614724,
	 -0.931934   0.139092   0.334892,
	  0.701011   0.703984   0.113976,
	 -0.854900   0.515567   0.057755,
	 -0.662473  -0.740278   0.114536,
	  0.640590   0.764565  -0.071309,
	  0.839977  -0.541316   0.037627,
	 -0.743405   0.668422  -0.023676,
	 -0.648400  -0.755814   0.091233,
	 -0.654648  -0.739495  -0.156793,
	 -0.850720  -0.419426   0.316792,
	  0.778474   0.613860  -0.130973,
	  0.870527  -0.353659  -0.342212,
	  0.846741  -0.182703   0.499650,
	  0.843855  -0.181102  -0.505085,
	 -0.910537  -0.351415  -0.217784,
	  0.839980  -0.541311  -0.037626,
	 -0.662471  -0.740279  -0.114537,
	 -0.685220   0.727000  -0.044091,
	  0.710599   0.699123   0.079218,
	  0.751710   0.617141   0.232525,
	 -0.743405   0.668422   0.023676,
	 -0.648400  -0.755814  -0.091233,
	 -0.654648  -0.739495   0.156793,
	 -0.622320   0.774212   0.115386,
	 -0.667815  -0.715856   0.203896,
	  0.758078  -0.646938   0.082400,
	  0.784516   0.618370   0.046412,
	 -0.526027   0.775824   0.348416,
	 -0.669508  -0.731958   0.126477,
	  0.604285  -0.748145  -0.274079,
	  0.690236  -0.715874  -0.105354,
	 -0.732672  -0.088538  -0.674798,
	  0.640990  -0.350680   0.682755,
	 -0.895290   0.334688  -0.294007,
	 -0.812078  -0.468695   0.347641,
	  0.831888   0.542968  -0.114669,
	  0.653773   0.479234  -0.585590,
	 -0.701591  -0.537505  -0.467824,
	  0.752868  -0.289079  -0.591290,
	  0.870526  -0.353659   0.342213,
	  0.387923   0.546850   0.741937,
	  0.752406   0.622730   0.214692,
	 -0.818942  -0.074715   0.568992,
	  0.758083  -0.646932  -0.082396,
	  0.784516   0.618370  -0.046412,
	 -0.667817  -0.715855  -0.203891,
	 -0.622320   0.774212  -0.115386,
	  0.778474   0.613860   0.130973,
	 -0.669508  -0.731958  -0.126477,
	 -0.526027   0.775824  -0.348416,
	  0.604285  -0.748145   0.274079,
	  0.690236  -0.715874   0.105354,
	 -0.528160   0.807396   0.262978,
	 -0.610141  -0.755393   0.238973,
	  0.760577  -0.638829   0.115846,
	  0.810984   0.584238   0.031154,
	 -0.294301   0.939590  -0.174807,
	 -0.861168  -0.349039  -0.369542,
	  0.144918  -0.779227  -0.609757,
	  0.497994   0.299039  -0.813989,
	  0.771224  -0.342429   0.536616,
	  0.743466   0.632036  -0.218605,
	 -0.684478   0.728911  -0.013385,
	 -0.891733  -0.358207  -0.276584,
	 -0.588543  -0.799948   0.117049,
	 -0.715896  -0.577816   0.391946,
	  0.336061  -0.544603  -0.768421,
	 -0.757671  -0.529086  -0.382102,
	 -0.894336   0.332337   0.299525,
	  0.948000   0.166232   0.271409,
	 -0.684478   0.728911   0.013385,
	  0.701225   0.687696   0.188036,
	  0.760577  -0.638829  -0.115846,
	  0.810984   0.584238  -0.031154,
	 -0.528160   0.807396  -0.262978,
	 -0.610141  -0.755393  -0.238973,
	  0.831888   0.542968   0.114669,
	  0.144918  -0.779227   0.609757,
	 -0.861168  -0.349039   0.369542,
	 -0.294301   0.939590   0.174807,
	  0.497994   0.299039   0.813989,
	 -0.516844   0.645374  -0.562463,
	 -0.906833  -0.410214  -0.096845,
	 -0.013735  -0.822373  -0.568783,
	  0.806199   0.408975  -0.427530,
	  0.478088  -0.501882   0.720796,
	  0.418098   0.500419  -0.758139,
	  0.972202  -0.172032  -0.158833,
	  0.701225   0.687696  -0.188036,
	 -0.499688   0.824128   0.266695,
	 -0.752709  -0.616481   0.231042,
	 -0.903732   0.150176  -0.400893,
	  0.392017  -0.915830   0.087053,
	  0.625543  -0.752589  -0.205685,
	  0.815322  -0.569132  -0.106483,
	 -0.718842  -0.431849   0.544769,
	  0.838574  -0.320683  -0.440404,
	 -0.701514  -0.525104  -0.481813,
	 -0.860071  -0.501257   0.094974,
	 -0.699890  -0.701203  -0.135894,
	  0.816624  -0.567118   0.107253,
	 -0.888073   0.182581   0.421889,
	  0.217571   0.452437   0.864849,
	 -0.752709  -0.616481  -0.231042,
	 -0.499688   0.824128  -0.266695,
	  0.803279   0.567398   0.181116,
	 -0.013735  -0.822373   0.568783,
	  0.806199   0.408975   0.427530,
	 -0.516844   0.645374   0.562463,
	 -0.906833  -0.410214   0.096845,
	  0.839802  -0.365016   0.401866,
	 -0.881891   0.416339  -0.221202,
	  0.318678   0.703965  -0.634726,
	  0.803279   0.567398  -0.181116,
	 -0.286471   0.948191  -0.137359,
	 -0.952478  -0.147613  -0.266452,
	  0.046822  -0.843692  -0.534781,
	  0.445618   0.337748  -0.829066,
	 -0.547720  -0.371972   0.749427,
	  0.501888  -0.522440  -0.689322,
	  0.668781   0.400819   0.626160,
	 -0.762109  -0.159095  -0.627598,
	  0.625543  -0.752589   0.205685,
	 -0.732766   0.578247   0.358726,
	 -0.156303  -0.660129   0.734711,
	 -0.974597  -0.223774   0.009253,
	 -0.390405   0.808717   0.439954,
	  0.706129   0.351212   0.614843,
	  0.765056  -0.550604   0.333952,
	  0.553269   0.450828  -0.700462,
	 -0.680850   0.732347   0.010514,
	 -0.623722  -0.160988   0.764888,
	  0.859696  -0.466266  -0.208611,
	 -0.661018   0.741766   0.113307,
	  0.663134   0.482043   0.572615,
	 -0.619198  -0.159234  -0.768921,
	  0.653139  -0.637374   0.408857,
	  0.636052  -0.257492  -0.727418,
	  0.768771  -0.138684  -0.624306,
	  0.306162   0.414451  -0.857027,
	 -0.810035   0.566155  -0.152682,
	 -0.776675  -0.077238   0.625149,
	  0.653139  -0.637374  -0.408857,
	  0.636052  -0.257492   0.727418,
	  0.875521  -0.145113   0.460875,
	 -0.783052   0.621937  -0.004845,
	  0.517433   0.473226   0.712966,
	 -0.731686  -0.149631  -0.665016,
	  0.406861  -0.805605   0.430656,
	  0.598450   0.071453  -0.797967,
	 -0.583568   0.659543  -0.473763,
	 -0.974996   0.010422  -0.221979,
	  0.445797  -0.561325  -0.697266,
	  0.505531   0.586869  -0.632474,
	 -0.691133   0.719424   0.069024,
	 -0.828347  -0.509961   0.231906,
	 -0.782322   0.016008   0.622669,
	  0.406861  -0.805605  -0.430656,
	  0.598450   0.071453   0.797967,
	 -0.974996   0.010422   0.221979,
	 -0.583568   0.659543   0.473763,
	  0.445797  -0.561325   0.697266,
	 -0.828347  -0.509961  -0.231906,
	 -0.691133   0.719424  -0.069024,
	  0.505531   0.586869   0.632474,
	 -0.782322   0.016008  -0.622669,
	  0.309287  -0.866699   0.391375,
	  0.602870   0.101533  -0.791353,
	 -0.426755   0.837588  -0.341067,
	 -0.685903   0.081506   0.723114,
	  0.382795  -0.856234  -0.346888,
	  0.611438   0.605231  -0.509744,
	 -0.637768   0.755024   0.152283,
	 -0.693466  -0.549891   0.465537,
	  0.309284  -0.866705  -0.391364,
	  0.602855   0.101511   0.791367,
	 -0.426745   0.837580   0.341099,
	 -0.685903   0.081506  -0.723114,
	  0.382795  -0.856234   0.346888,
	  0.611438   0.605231   0.509744,
	 -0.693466  -0.549891  -0.465537,
	 -0.637768   0.755024  -0.152283,
	  0.143951  -0.974655   0.171249,
	  0.661504   0.200297  -0.722699,
	 -0.243783   0.957616  -0.153431,
	 -0.672475   0.073498   0.736461,
	  0.423159  -0.881098  -0.211193,
	  0.636862   0.669237  -0.382792,
	 -0.559778   0.795470   0.232111,
	 -0.717121  -0.492845   0.492789,
	  0.638777   0.198657   0.743303,
	  0.126521  -0.973808  -0.188919,
	 -0.312638   0.924528   0.217957,
	 -0.729998   0.069833  -0.679872,
	  0.423159  -0.881098   0.211193,
	  0.636862   0.669237   0.382792,
	 -0.559778   0.795470  -0.232111,
	 -0.717121  -0.492845  -0.492789,
	 -0.516275  -0.856071   0.024536,
	 -0.155288  -0.036982  -0.987177,
	 -0.240400   0.918253  -0.314672,
	 -0.926609   0.369010   0.072298,
	  0.255059  -0.908435  -0.331195,
	  0.567505   0.642968  -0.514325,
	 -0.504966   0.820321   0.268483,
	 -0.729430  -0.391600   0.560876,
	 -0.317472   0.885863   0.338317,
	 -0.215560   0.047207   0.975349,
	 -0.583001  -0.809426  -0.070275,
	 -0.921407   0.388078  -0.020125,
	  0.255059  -0.908435   0.331195,
	  0.567505   0.642968   0.514325,
	 -0.504966   0.820321  -0.268483,
	 -0.729430  -0.391600  -0.560876,
	 -0.621627  -0.630498  -0.464814,
	  0.225567   0.299801  -0.926951,
	 -0.666372   0.660085  -0.346751,
	 -0.942936  -0.109234   0.314547,
	 -0.449497  -0.847972   0.280885,
	 -0.054081   0.270818   0.961110,
	 -0.553238   0.820837   0.141967,
	 -0.990157  -0.095049  -0.102740,
     ]    } 
normalIndex      [ 
	     3,      0,      1, -1 
	     3,      3,      0, -1 
	     3,      4,      5, -1 
	     3,      6,      0, -1 
	     3,      6,      4, -1 
	     3,      0,      5, -1 
	     3,      2,      1, -1 
	     3,      5,      8, -1 
	     3,      1,      9, -1 
	     3,      1,      8, -1 
	     3,      2,      7, -1 
	     3,     11,      3, -1 
	     3,      2,     10, -1 
	     3,     12,      3, -1 
	     3,     12,      6, -1 
	     3,      8,     13, -1 
	     3,     11,      8, -1 
	     3,      4,      6, -1 
	     3,      4,     12, -1 
	     3,      4,     14, -1 
	     3,     14,     13, -1 
	     3,      5,     13, -1 
	     3,     10,      7, -1 
	     3,      7,     16, -1 
	     3,      7,      9, -1 
	     3,      8,     11, -1 
	     3,      9,     17, -1 
	     3,      9,     11, -1 
	     3,     11,     10, -1 
	     3,     10,     15, -1 
	     3,     11,     18, -1 
	     3,     14,     12, -1 
	     3,     15,     19, -1 
	     3,     15,     16, -1 
	     3,     18,     15, -1 
	     3,     16,     21, -1 
	     3,     16,     17, -1 
	     3,     17,     22, -1 
	     3,     17,     18, -1 
	     3,     18,     20, -1 
	     3,     19,     21, -1 
	     3,     20,     19, -1 
	     3,     19,     23, -1 
	     3,     22,     20, -1 
	     3,     20,     24, -1 
	     3,     21,     26, -1 
	     3,     21,     22, -1 
	     3,     22,     25, -1 
	     3,     24,     23, -1 
	     3,     23,     26, -1 
	     3,     23,     28, -1 
	     3,     24,     27, -1 
	     3,     25,     24, -1 
	     3,     25,     29, -1 
	     3,     26,     25, -1 
	     3,     26,     30, -1 
	     3,     29,     27, -1 
	     3,     27,     28, -1 
	     3,     27,     32, -1 
	     3,     28,     30, -1 
	     3,     28,     33, -1 
	     3,     29,     31, -1 
	     3,     30,     29, -1 
	     3,     30,     34, -1 
	     3,     31,     32, -1 
	     3,     34,     31, -1 
	     3,     31,     35, -1 
	     3,     32,     37, -1 
	     3,     32,     33, -1 
	     3,     33,     38, -1 
	     3,     33,     34, -1 
	     3,     34,     36, -1 
	     3,     35,     39, -1 
	     3,     35,     37, -1 
	     3,     36,     35, -1 
	     3,     36,     40, -1 
	     3,     38,     36, -1 
	     3,     37,     42, -1 
	     3,     37,     38, -1 
	     3,     38,     41, -1 
	     3,     40,     39, -1 
	     3,     39,     44, -1 
	     3,     39,     42, -1 
	     3,     40,     43, -1 
	     3,     41,     40, -1 
	     3,     41,     45, -1 
	     3,     42,     41, -1 
	     3,     42,     46, -1 
	     3,     43,     44, -1 
	     3,     45,     43, -1 
	     3,     43,     47, -1 
	     3,     44,     46, -1 
	     3,     44,     49, -1 
	     3,     45,     48, -1 
	     3,     46,     45, -1 
	     3,     46,     50, -1 
	     3,     47,     49, -1 
	     3,     47,     51, -1 
	     3,     48,     47, -1 
	     3,     50,     48, -1 
	     3,     48,     52, -1 
	     3,     49,     54, -1 
	     3,     49,     50, -1 
	     3,     50,     53, -1 
	     3,     52,     51, -1 
	     3,     51,     54, -1 
	     3,     51,     56, -1 
	     3,     52,     55, -1 
	     3,     53,     52, -1 
	     3,     53,     57, -1 
	     3,     54,     53, -1 
	     3,     54,     58, -1 
	     3,     57,     55, -1 
	     3,     55,     56, -1 
	     3,     55,     60, -1 
	     3,     56,     58, -1 
	     3,     56,     61, -1 
	     3,     58,     57, -1 
	     3,     57,     59, -1 
	     3,     58,     62, -1 
	     3,     59,     61, -1 
	     3,     59,     60, -1 
	     3,     63,     64, -1 
	     3,     63,     65, -1 
	     3,     64,     63, -1 
	     3,     63,     66, -1 
	     3,     68,     67, -1 
	     3,     64,     69, -1 
	     3,     64,     70, -1 
	     3,     64,     67, -1 
	     3,     66,     65, -1 
	     3,     65,     69, -1 
	     3,     65,     72, -1 
	     3,     68,     66, -1 
	     3,     66,     71, -1 
	     3,     67,     74, -1 
	     3,     67,     75, -1 
	     3,     74,     67, -1 
	     3,     68,     73, -1 
	     3,     77,     68, -1 
	     3,     74,     68, -1 
	     3,     69,     78, -1 
	     3,     69,     79, -1 
	     3,     70,     79, -1 
	     3,     70,     75, -1 
	     3,     71,     80, -1 
	     3,     71,     72, -1 
	     3,     73,     71, -1 
	     3,     72,     82, -1 
	     3,     72,     78, -1 
	     3,     76,     73, -1 
	     3,     73,     81, -1 
	     3,     75,     74, -1 
	     3,     75,     77, -1 
	     3,     76,     83, -1 
	     3,     77,     76, -1 
	     3,     85,     76, -1 
	     3,     79,     77, -1 
	     3,     78,     86, -1 
	     3,     79,     85, -1 
	     3,     78,     85, -1 
	     3,     81,     80, -1 
	     3,     80,     82, -1 
	     3,     80,     88, -1 
	     3,     83,     81, -1 
	     3,     81,     87, -1 
	     3,     82,     90, -1 
	     3,     82,     86, -1 
	     3,     83,     89, -1 
	     3,     84,     83, -1 
	     3,     84,     91, -1 
	     3,     85,     84, -1 
	     3,     86,     84, -1 
	     3,     86,     92, -1 
	     3,     89,     87, -1 
	     3,     87,     88, -1 
	     3,     87,     94, -1 
	     3,     88,     90, -1 
	     3,     88,     95, -1 
	     3,     91,     89, -1 
	     3,     89,     93, -1 
	     3,     90,     92, -1 
	     3,     90,     97, -1 
	     3,     91,     96, -1 
	     3,     92,     91, -1 
	     3,     92,     98, -1 
	     3,     93,     94, -1 
	     3,     93,     99, -1 
	     3,     96,     93, -1 
	     3,     94,     95, -1 
	     3,     94,    101, -1 
	     3,     95,     97, -1 
	     3,     95,    102, -1 
	     3,     98,     96, -1 
	     3,     96,    100, -1 
	     3,     97,    104, -1 
	     3,     97,     98, -1 
	     3,     98,    103, -1 
	     3,    100,     99, -1 
	     3,     99,    101, -1 
	     3,     99,    106, -1 
	     3,    100,    105, -1 
	     3,    103,    100, -1 
	     3,    101,    102, -1 
	     3,    101,    108, -1 
	     3,    102,    104, -1 
	     3,    102,    109, -1 
	     3,    104,    103, -1 
	     3,    103,    107, -1 
	     3,    104,    110, -1 
	     3,    107,    105, -1 
	     3,    105,    106, -1 
	     3,    105,    112, -1 
	     3,    106,    108, -1 
	     3,    106,    113, -1 
	     3,    110,    107, -1 
	     3,    107,    111, -1 
	     3,    108,    109, -1 
	     3,    108,    115, -1 
	     3,    109,    110, -1 
	     3,    109,    116, -1 
	     3,    110,    114, -1 
	     3,    114,    111, -1 
	     3,    111,    112, -1 
	     3,    111,    118, -1 
	     3,    112,    113, -1 
	     3,    112,    119, -1 
	     3,    113,    115, -1 
	     3,    113,    120, -1 
	     3,    116,    114, -1 
	     3,    114,    117, -1 
	     3,    115,    116, -1 
	     3,    115,    122, -1 
	     3,    116,    121, -1 
	     3,    117,    118, -1 
	     3,    121,    117, -1 
	     3,    117,    123, -1 
	     3,    118,    119, -1 
	     3,    118,    125, -1 
	     3,    119,    120, -1 
	     3,    119,    126, -1 
	     3,    120,    122, -1 
	     3,    120,    127, -1 
	     3,    122,    121, -1 
	     3,    121,    124, -1 
	     3,    122,    128, -1 
	     3,    123,    125, -1 
	     3,    123,    129, -1 
	     3,    124,    123, -1 
	     3,    124,    130, -1 
	     3,    128,    124, -1 
	     3,    125,    126, -1 
	     3,    125,    132, -1 
	     3,    126,    133, -1 
	     3,    126,    127, -1 
	     3,    127,    134, -1 
	     3,    127,    128, -1 
	     3,    128,    131, -1 
	     3,    129,    132, -1 
	     3,    129,    135, -1 
	     3,    130,    129, -1 
	     3,    131,    130, -1 
	     3,    130,    136, -1 
	     3,    131,    137, -1 
	     3,    134,    131, -1 
	     3,    132,    133, -1 
	     3,    132,    139, -1 
	     3,    133,    134, -1 
	     3,    133,    140, -1 
	     3,    134,    138, -1 
	     3,    135,    139, -1 
	     3,    135,    141, -1 
	     3,    136,    135, -1 
	     3,    137,    136, -1 
	     3,    136,    142, -1 
	     3,    138,    137, -1 
	     3,    137,    143, -1 
	     3,    140,    138, -1 
	     3,    138,    144, -1 
	     3,    139,    140, -1 
	     3,    139,    146, -1 
	     3,    140,    145, -1 
	     3,    142,    141, -1 
	     3,    147,    141, -1 
	     3,    142,    147, -1 
	     3,    143,    142, -1 
	     3,    144,    143, -1 
	     3,    143,    148, -1 
	     3,    145,    144, -1 
	     3,    144,    149, -1 
	     3,    146,    145, -1 
	     3,    145,    150, -1 
	     3,    146,    151, -1 
	     3,    152,    147, -1 
	     3,    153,    147, -1 
	     3,    148,    147, -1 
	     3,    148,    153, -1 
	     3,    148,    154, -1 
	     3,    149,    154, -1 
	     3,    154,    155, -1 
	     3,    151,    150, -1 
	     3,    152,    151, -1 
	     3,    151,    155, -1 
	     3,    153,    152, -1 
	     3,    152,    156, -1 
	     3,    154,    153, -1 
	     3,    154,    157, -1 
	     3,    156,    155, -1 
	     3,    158,    159, -1 
	     3,    159,    158, -1 
	     3,    158,    160, -1 
	     3,    161,    158, -1 
	     3,    159,    163, -1 
	     3,    159,    164, -1 
	     3,    159,    161, -1 
	     3,    160,    164, -1 
	     3,    160,    165, -1 
	     3,    162,    160, -1 
	     3,    161,    162, -1 
	     3,    168,    161, -1 
	     3,    161,    168, -1 
	     3,    167,    162, -1 
	     3,    162,    166, -1 
	     3,    168,    170, -1 
	     3,    163,    170, -1 
	     3,    164,    171, -1 
	     3,    171,    164, -1 
	     3,    172,    164, -1 
	     3,    164,    170, -1 
	     3,    166,    165, -1 
	     3,    165,    175, -1 
	     3,    165,    171, -1 
	     3,    166,    174, -1 
	     3,    169,    166, -1 
	     3,    168,    167, -1 
	     3,    173,    167, -1 
	     3,    167,    169, -1 
	     3,    170,    168, -1 
	     3,    177,    169, -1 
	     3,    169,    176, -1 
	     3,    171,    179, -1 
	     3,    171,    172, -1 
	     3,    172,    180, -1 
	     3,    172,    177, -1 
	     3,    173,    177, -1 
	     3,    174,    181, -1 
	     3,    174,    175, -1 
	     3,    176,    174, -1 
	     3,    175,    183, -1 
	     3,    175,    179, -1 
	     3,    176,    182, -1 
	     3,    178,    176, -1 
	     3,    177,    178, -1 
	     3,    180,    178, -1 
	     3,    178,    184, -1 
	     3,    179,    186, -1 
	     3,    179,    180, -1 
	     3,    180,    185, -1 
	     3,    181,    187, -1 
	     3,    181,    183, -1 
	     3,    182,    181, -1 
	     3,    182,    188, -1 
	     3,    184,    182, -1 
	     3,    183,    186, -1 
	     3,    183,    190, -1 
	     3,    184,    189, -1 
	     3,    185,    184, -1 
	     3,    186,    185, -1 
	     3,    185,    191, -1 
	     3,    186,    192, -1 
	     3,    188,    187, -1 
	     3,    187,    190, -1 
	     3,    187,    194, -1 
	     3,    188,    193, -1 
	     3,    189,    188, -1 
	     3,    189,    195, -1 
	     3,    191,    189, -1 
	     3,    190,    197, -1 
	     3,    190,    192, -1 
	     3,    192,    191, -1 
	     3,    191,    196, -1 
	     3,    192,    198, -1 
	     3,    195,    193, -1 
	     3,    193,    194, -1 
	     3,    193,    200, -1 
	     3,    194,    201, -1 
	     3,    194,    197, -1 
	     3,    195,    199, -1 
	     3,    196,    195, -1 
	     3,    196,    202, -1 
	     3,    198,    196, -1 
	     3,    197,    198, -1 
	     3,    197,    204, -1 
	     3,    198,    203, -1 
	     3,    202,    199, -1 
	     3,    199,    206, -1 
	     3,    199,    200, -1 
	     3,    200,    201, -1 
	     3,    200,    207, -1 
	     3,    201,    204, -1 
	     3,    201,    208, -1 
	     3,    202,    205, -1 
	     3,    203,    202, -1 
	     3,    203,    209, -1 
	     3,    204,    203, -1 
	     3,    204,    210, -1 
	     3,    205,    206, -1 
	     3,    209,    205, -1 
	     3,    205,    211, -1 
	     3,    206,    207, -1 
	     3,    206,    213, -1 
	     3,    207,    214, -1 
	     3,    207,    208, -1 
	     3,    208,    215, -1 
	     3,    208,    210, -1 
	     3,    210,    209, -1 
	     3,    209,    212, -1 
	     3,    210,    216, -1 
	     3,    211,    217, -1 
	     3,    211,    213, -1 
	     3,    212,    211, -1 
	     3,    212,    218, -1 
	     3,    216,    212, -1 
	     3,    213,    220, -1 
	     3,    213,    214, -1 
	     3,    214,    221, -1 
	     3,    214,    215, -1 
	     3,    215,    216, -1 
	     3,    215,    222, -1 
	     3,    216,    219, -1 
	     3,    218,    217, -1 
	     3,    217,    224, -1 
	     3,    217,    220, -1 
	     3,    218,    223, -1 
	     3,    219,    218, -1 
	     3,    219,    225, -1 
	     3,    222,    219, -1 
	     3,    220,    221, -1 
	     3,    220,    227, -1 
	     3,    221,    222, -1 
	     3,    221,    228, -1 
	     3,    222,    226, -1 
	     3,    225,    223, -1 
	     3,    223,    230, -1 
	     3,    223,    224, -1 
	     3,    224,    227, -1 
	     3,    224,    231, -1 
	     3,    226,    225, -1 
	     3,    225,    229, -1 
	     3,    226,    232, -1 
	     3,    228,    226, -1 
	     3,    227,    228, -1 
	     3,    227,    234, -1 
	     3,    228,    233, -1 
	     3,    232,    229, -1 
	     3,    229,    236, -1 
	     3,    229,    230, -1 
	     3,    230,    237, -1 
	     3,    230,    231, -1 
	     3,    231,    238, -1 
	     3,    231,    234, -1 
	     3,    232,    235, -1 
	     3,    233,    232, -1 
	     3,    233,    239, -1 
	     3,    234,    233, -1 
	     3,    234,    240, -1 
	     3,    239,    235, -1 
	     3,    235,    242, -1 
	     3,    235,    236, -1 
	     3,    236,    243, -1 
	     3,    236,    237, -1 
	     3,    237,    238, -1 
	     3,    237,    244, -1 
	     3,    238,    240, -1 
	     3,    238,    245, -1 
	     3,    240,    239, -1 
	     3,    239,    241, -1 
	     3,    240,    246, -1 
	     3,    246,    241, -1 
	     3,    241,    242, -1 
	     3,    242,    248, -1 
	     3,    242,    243, -1 
	     3,    243,    244, -1 
	     3,    243,    249, -1 
	     3,    248,    243, -1 
	     3,    249,    244, -1 
	     3,    245,    246, -1 
	     3,    249,    245, -1 
	     3,    246,    247, -1 
	     3,    247,    248, -1 
	     3,    251,    248, -1 
	     3,    251,    250, -1 
	     3,    252,    253, -1 
	     3,    255,    252, -1 
	     3,    252,    254, -1 
	     3,    257,    258, -1 
	     3,    258,    253, -1 
	     3,    257,    252, -1 
	     3,    258,    259, -1 
	     3,    259,    260, -1 
	     3,    253,    260, -1 
	     3,    253,    261, -1 
	     3,    254,    262, -1 
	     3,    261,    262, -1 
	     3,    263,    257, -1 
	     3,    255,    256, -1 
	     3,    263,    255, -1 
	     3,    265,    255, -1 
	     3,    256,    262, -1 
	     3,    266,    257, -1 
	     3,    267,    258, -1 
	     3,    266,    267, -1 
	     3,    267,    268, -1 
	     3,    268,    259, -1 
	     3,    268,    269, -1 
	     3,    269,    270, -1 
	     3,    259,    270, -1 
	     3,    270,    271, -1 
	     3,    260,    271, -1 
	     3,    260,    262, -1 
	     3,    264,    262, -1 
	     3,    271,    272, -1 
	     3,    273,    263, -1 
	     3,    274,    263, -1 
	     3,    274,    266, -1 
	     3,    265,    264, -1 
	     3,    273,    265, -1 
	     3,    271,    265, -1 
	     3,    275,    267, -1 
	     3,    276,    266, -1 
	     3,    276,    275, -1 
	     3,    275,    277, -1 
	     3,    277,    268, -1 
	     3,    277,    278, -1 
	     3,    278,    269, -1 
	     3,    269,    279, -1 
	     3,    280,    279, -1 
	     3,    280,    269, -1 
	     3,    270,    273, -1 
	     3,    279,    273, -1 
	     3,    279,    274, -1 
	     3,    281,    276, -1 
	     3,    281,    274, -1 
	     3,    282,    283, -1 
	     3,    283,    277, -1 
	     3,    282,    275, -1 
	     3,    284,    282, -1 
	     3,    284,    276, -1 
	     3,    285,    278, -1 
	     3,    277,    283, -1 
	     3,    286,    280, -1 
	     3,    286,    278, -1 
	     3,    280,    281, -1 
	     3,    286,    287, -1 
	     3,    287,    281, -1 
	     3,    287,    284, -1 
	     3,    288,    283, -1 
	     3,    289,    288, -1 
	     3,    289,    282, -1 
	     3,    290,    285, -1 
	     3,    288,    290, -1 
	     3,    291,    284, -1 
	     3,    291,    289, -1 
	     3,    290,    292, -1 
	     3,    292,    286, -1 
	     3,    292,    293, -1 
	     3,    293,    287, -1 
	     3,    293,    291, -1 
	     3,    294,    295, -1 
	     3,    294,    288, -1 
	     3,    295,    290, -1 
	     3,    296,    294, -1 
	     3,    296,    289, -1 
	     3,    295,    297, -1 
	     3,    297,    292, -1 
	     3,    298,    291, -1 
	     3,    298,    296, -1 
	     3,    297,    299, -1 
	     3,    299,    293, -1 
	     3,    299,    298, -1 
	     3,    300,    301, -1 
	     3,    300,    294, -1 
	     3,    301,    295, -1 
	     3,    301,    302, -1 
	     3,    302,    297, -1 
	     3,    303,    300, -1 
	     3,    303,    296, -1 
	     3,    302,    304, -1 
	     3,    304,    299, -1 
	     3,    305,    303, -1 
	     3,    305,    298, -1 
	     3,    304,    305, -1 
	     3,    306,    307, -1 
	     3,    307,    301, -1 
	     3,    306,    300, -1 
	     3,    307,    308, -1 
	     3,    308,    302, -1 
	     3,    309,    304, -1 
	     3,    308,    309, -1 
	     3,    310,    303, -1 
	     3,    310,    306, -1 
	     3,    309,    311, -1 
	     3,    311,    305, -1 
	     3,    311,    310, -1 
	     3,    312,    313, -1 
	     3,    313,    307, -1 
	     3,    312,    306, -1 
	     3,    313,    314, -1 
	     3,    314,    308, -1 
	     3,    315,    309, -1 
	     3,    314,    315, -1 
	     3,    315,    316, -1 
	     3,    316,    311, -1 
	     3,    317,    312, -1 
	     3,    317,    310, -1 
	     3,    316,    317, -1 
	     3,    318,    312, -1 
	     3,    319,    313, -1 
	     3,    318,    319, -1 
	     3,    319,    320, -1 
	     3,    320,    314, -1 
	     3,    321,    315, -1 
	     3,    320,    321, -1 
	     3,    321,    322, -1 
	     3,    322,    316, -1 
	     3,    322,    323, -1 
	     3,    323,    317, -1 
	     3,    323,    318, -1 
	     3,    324,    318, -1 
	     3,    325,    319, -1 
	     3,    324,    325, -1 
	     3,    325,    326, -1 
	     3,    326,    320, -1 
	     3,    327,    321, -1 
	     3,    326,    327, -1 
	     3,    328,    322, -1 
	     3,    327,    328, -1 
	     3,    329,    323, -1 
	     3,    328,    329, -1 
	     3,    329,    324, -1 
	     3,    330,    325, -1 
	     3,    331,    330, -1 
	     3,    331,    324, -1 
	     3,    332,    326, -1 
	     3,    330,    332, -1 
	     3,    333,    327, -1 
	     3,    332,    333, -1 
	     3,    334,    328, -1 
	     3,    333,    334, -1 
	     3,    335,    329, -1 
	     3,    334,    335, -1 
	     3,    335,    331, -1 
	     3,    336,    332, -1 
	     3,    337,    336, -1 
	     3,    337,    330, -1 
	     3,    338,    331, -1 
	     3,    338,    337, -1 
	     3,    339,    333, -1 
	     3,    336,    339, -1 
	     3,    340,    334, -1 
	     3,    339,    340, -1 
	     3,    340,    341, -1 
	     3,    341,    335, -1 
	     3,    341,    338, -1 
	     3,    342,    339, -1 
	     3,    343,    342, -1 
	     3,    336,    337, -1 
	     3,    336,    344, -1 
	     3,    344,    337, -1 
	     3,    338,    341, -1 
	     3,    338,    345, -1 
	     3,    346,    344, -1 
	     3,    342,    347, -1 
	     3,    347,    340, -1 
	     3,    347,    345, -1 
	     3,    345,    341, -1 
	     3,    342,    345, -1 
	     3,    344,    342, -1 
	     3,    345,    342, -1 
	     3,    346,    342, -1 
	     3,    348,    349, -1 
	     3,    348,    351, -1 
	     3,    352,    348, -1 
	     3,    353,    348, -1 
	     3,    354,    351, -1 
	     3,    352,    354, -1 
	     3,    355,    350, -1 
	     3,    355,    349, -1 
	     3,    351,    356, -1 
	     3,    353,    350, -1 
	     3,    355,    357, -1 
	     3,    354,    358, -1 
	     3,    351,    359, -1 
	     3,    358,    359, -1 
	     3,    360,    352, -1 
	     3,    360,    362, -1 
	     3,    361,    352, -1 
	     3,    362,    354, -1 
	     3,    361,    353, -1 
	     3,    363,    353, -1 
	     3,    364,    358, -1 
	     3,    362,    364, -1 
	     3,    365,    363, -1 
	     3,    365,    355, -1 
	     3,    363,    357, -1 
	     3,    355,    356, -1 
	     3,    359,    366, -1 
	     3,    358,    367, -1 
	     3,    368,    367, -1 
	     3,    364,    368, -1 
	     3,    359,    365, -1 
	     3,    367,    365, -1 
	     3,    369,    362, -1 
	     3,    370,    369, -1 
	     3,    371,    360, -1 
	     3,    370,    360, -1 
	     3,    372,    361, -1 
	     3,    371,    361, -1 
	     3,    369,    373, -1 
	     3,    373,    364, -1 
	     3,    372,    363, -1 
	     3,    374,    368, -1 
	     3,    373,    374, -1 
	     3,    367,    372, -1 
	     3,    375,    372, -1 
	     3,    368,    375, -1 
	     3,    376,    375, -1 
	     3,    374,    376, -1 
	     3,    377,    373, -1 
	     3,    378,    369, -1 
	     3,    378,    377, -1 
	     3,    379,    370, -1 
	     3,    379,    378, -1 
	     3,    380,    370, -1 
	     3,    375,    371, -1 
	     3,    380,    371, -1 
	     3,    381,    374, -1 
	     3,    377,    381, -1 
	     3,    382,    376, -1 
	     3,    381,    382, -1 
	     3,    376,    380, -1 
	     3,    383,    380, -1 
	     3,    382,    383, -1 
	     3,    384,    381, -1 
	     3,    385,    377, -1 
	     3,    385,    384, -1 
	     3,    386,    378, -1 
	     3,    386,    385, -1 
	     3,    387,    379, -1 
	     3,    387,    386, -1 
	     3,    383,    379, -1 
	     3,    384,    388, -1 
	     3,    388,    382, -1 
	     3,    389,    383, -1 
	     3,    388,    389, -1 
	     3,    389,    387, -1 
	     3,    390,    388, -1 
	     3,    391,    384, -1 
	     3,    391,    390, -1 
	     3,    392,    385, -1 
	     3,    392,    391, -1 
	     3,    393,    386, -1 
	     3,    393,    392, -1 
	     3,    394,    393, -1 
	     3,    394,    387, -1 
	     3,    395,    389, -1 
	     3,    390,    395, -1 
	     3,    395,    394, -1 
	     3,    396,    397, -1 
	     3,    396,    390, -1 
	     3,    397,    395, -1 
	     3,    398,    396, -1 
	     3,    398,    391, -1 
	     3,    399,    392, -1 
	     3,    399,    398, -1 
	     3,    400,    393, -1 
	     3,    400,    399, -1 
	     3,    401,    394, -1 
	     3,    401,    400, -1 
	     3,    397,    401, -1 
	     3,    402,    396, -1 
	     3,    402,    403, -1 
	     3,    403,    397, -1 
	     3,    403,    404, -1 
	     3,    404,    401, -1 
	     3,    405,    398, -1 
	     3,    405,    402, -1 
	     3,    406,    405, -1 
	     3,    406,    399, -1 
	     3,    407,    400, -1 
	     3,    407,    406, -1 
	     3,    404,    407, -1 
	     3,    408,    402, -1 
	     3,    408,    409, -1 
	     3,    409,    403, -1 
	     3,    410,    404, -1 
	     3,    409,    410, -1 
	     3,    411,    407, -1 
	     3,    410,    411, -1 
	     3,    412,    408, -1 
	     3,    412,    405, -1 
	     3,    413,    412, -1 
	     3,    413,    406, -1 
	     3,    411,    413, -1 
	     3,    414,    409, -1 
	     3,    415,    414, -1 
	     3,    415,    408, -1 
	     3,    416,    410, -1 
	     3,    414,    416, -1 
	     3,    417,    411, -1 
	     3,    416,    417, -1 
	     3,    417,    418, -1 
	     3,    418,    413, -1 
	     3,    419,    412, -1 
	     3,    419,    415, -1 
	     3,    418,    419, -1 
	     3,    420,    416, -1 
	     3,    421,    420, -1 
	     3,    421,    414, -1 
	     3,    422,    421, -1 
	     3,    422,    415, -1 
	     3,    423,    417, -1 
	     3,    420,    423, -1 
	     3,    424,    418, -1 
	     3,    423,    424, -1 
	     3,    424,    425, -1 
	     3,    425,    419, -1 
	     3,    425,    422, -1 
	     3,    426,    423, -1 
	     3,    427,    426, -1 
	     3,    427,    420, -1 
	     3,    428,    427, -1 
	     3,    428,    421, -1 
	     3,    429,    428, -1 
	     3,    429,    422, -1 
	     3,    430,    424, -1 
	     3,    426,    430, -1 
	     3,    431,    425, -1 
	     3,    430,    431, -1 
	     3,    431,    429, -1 
	     3,    427,    432, -1 
	     3,    430,    426, -1 
	     3,    426,    432, -1 
	     3,    434,    432, -1 
	     3,    434,    427, -1 
	     3,    435,    434, -1 
	     3,    435,    428, -1 
	     3,    436,    429, -1 
	     3,    436,    435, -1 
	     3,    433,    431, -1 
	     3,    433,    436, -1 
	     3,    432,    434, -1 
	     3,    438,    433, -1 
	     3,    432,    437, -1 
	     3,    439,    436, -1 
	     3,    438,    439, -1 
	     3,    437,    434, -1 
	     3,    441,    440, -1 
	     3,    441,    434, -1 
	     3,    436,    441, -1 
	     3,    436,    439, -1 
	     3,    441,    438, -1 
	     3,    441,    437, -1 
	     3,    438,    441, -1 
	     3,    442,    443, -1 
	     3,    445,    442, -1 
	     3,    446,    447, -1 
	     3,    448,    442, -1 
	     3,    448,    446, -1 
	     3,    442,    447, -1 
	     3,    443,    449, -1 
	     3,    443,    450, -1 
	     3,    447,    449, -1 
	     3,    444,    443, -1 
	     3,    445,    444, -1 
	     3,    444,    451, -1 
	     3,    452,    444, -1 
	     3,    454,    445, -1 
	     3,    455,    445, -1 
	     3,    454,    448, -1 
	     3,    446,    456, -1 
	     3,    457,    446, -1 
	     3,    457,    458, -1 
	     3,    458,    456, -1 
	     3,    456,    459, -1 
	     3,    447,    459, -1 
	     3,    460,    457, -1 
	     3,    460,    448, -1 
	     3,    459,    461, -1 
	     3,    449,    461, -1 
	     3,    449,    462, -1 
	     3,    451,    450, -1 
	     3,    450,    462, -1 
	     3,    450,    464, -1 
	     3,    451,    463, -1 
	     3,    453,    451, -1 
	     3,    466,    452, -1 
	     3,    452,    453, -1 
	     3,    455,    452, -1 
	     3,    453,    465, -1 
	     3,    467,    453, -1 
	     3,    469,    460, -1 
	     3,    469,    454, -1 
	     3,    470,    454, -1 
	     3,    471,    455, -1 
	     3,    470,    455, -1 
	     3,    456,    472, -1 
	     3,    458,    473, -1 
	     3,    473,    472, -1 
	     3,    474,    458, -1 
	     3,    475,    474, -1 
	     3,    475,    457, -1 
	     3,    474,    476, -1 
	     3,    476,    473, -1 
	     3,    459,    471, -1 
	     3,    472,    471, -1 
	     3,    477,    460, -1 
	     3,    477,    475, -1 
	     3,    471,    466, -1 
	     3,    461,    478, -1 
	     3,    461,    466, -1 
	     3,    462,    478, -1 
	     3,    462,    479, -1 
	     3,    463,    464, -1 
	     3,    463,    480, -1 
	     3,    465,    463, -1 
	     3,    464,    479, -1 
	     3,    464,    482, -1 
	     3,    468,    465, -1 
	     3,    465,    481, -1 
	     3,    466,    467, -1 
	     3,    478,    467, -1 
	     3,    467,    468, -1 
	     3,    468,    483, -1 
	     3,    484,    468, -1 
	     3,    486,    469, -1 
	     3,    486,    477, -1 
	     3,    487,    469, -1 
	     3,    487,    470, -1 
	     3,    472,    470, -1 
	     3,    473,    487, -1 
	     3,    476,    488, -1 
	     3,    488,    487, -1 
	     3,    489,    474, -1 
	     3,    490,    476, -1 
	     3,    489,    490, -1 
	     3,    491,    489, -1 
	     3,    491,    475, -1 
	     3,    492,    488, -1 
	     3,    490,    492, -1 
	     3,    493,    491, -1 
	     3,    493,    477, -1 
	     3,    478,    484, -1 
	     3,    479,    484, -1 
	     3,    479,    494, -1 
	     3,    480,    495, -1 
	     3,    480,    482, -1 
	     3,    481,    480, -1 
	     3,    481,    496, -1 
	     3,    483,    481, -1 
	     3,    482,    494, -1 
	     3,    482,    498, -1 
	     3,    485,    483, -1 
	     3,    483,    497, -1 
	     3,    484,    485, -1 
	     3,    494,    485, -1 
	     3,    485,    499, -1 
	     3,    501,    486, -1 
	     3,    488,    486, -1 
	     3,    501,    493, -1 
	     3,    492,    501, -1 
	     3,    502,    489, -1 
	     3,    503,    490, -1 
	     3,    502,    503, -1 
	     3,    503,    504, -1 
	     3,    504,    492, -1 
	     3,    505,    502, -1 
	     3,    505,    491, -1 
	     3,    504,    506, -1 
	     3,    506,    501, -1 
	     3,    507,    493, -1 
	     3,    507,    505, -1 
	     3,    494,    500, -1 
	     3,    495,    508, -1 
	     3,    495,    498, -1 
	     3,    496,    495, -1 
	     3,    497,    496, -1 
	     3,    496,    509, -1 
	     3,    497,    510, -1 
	     3,    499,    497, -1 
	     3,    498,    500, -1 
	     3,    498,    512, -1 
	     3,    500,    499, -1 
	     3,    499,    511, -1 
	     3,    500,    513, -1 
	     3,    506,    507, -1 
	     3,    507,    502, -1 
	     3,    507,    503, -1 
	     3,    504,    503, -1 
	     3,    504,    507, -1 
	     3,    509,    508, -1 
	     3,    508,    515, -1 
	     3,    508,    512, -1 
	     3,    509,    514, -1 
	     3,    510,    509, -1 
	     3,    510,    516, -1 
	     3,    511,    510, -1 
	     3,    511,    517, -1 
	     3,    513,    511, -1 
	     3,    512,    519, -1 
	     3,    512,    513, -1 
	     3,    513,    518, -1 
	     3,    516,    514, -1 
	     3,    514,    521, -1 
	     3,    514,    515, -1 
	     3,    515,    522, -1 
	     3,    515,    519, -1 
	     3,    516,    520, -1 
	     3,    517,    516, -1 
	     3,    517,    523, -1 
	     3,    518,    517, -1 
	     3,    518,    524, -1 
	     3,    519,    518, -1 
	     3,    519,    525, -1 
	     3,    523,    520, -1 
	     3,    520,    527, -1 
	     3,    520,    521, -1 
	     3,    521,    528, -1 
	     3,    521,    522, -1 
	     3,    522,    529, -1 
	     3,    522,    525, -1 
	     3,    523,    526, -1 
	     3,    524,    523, -1 
	     3,    524,    530, -1 
	     3,    525,    524, -1 
	     3,    525,    531, -1 
	     3,    530,    526, -1 
	     3,    526,    533, -1 
	     3,    526,    527, -1 
	     3,    527,    534, -1 
	     3,    527,    528, -1 
	     3,    528,    535, -1 
	     3,    528,    529, -1 
	     3,    529,    536, -1 
	     3,    529,    531, -1 
	     3,    530,    532, -1 
	     3,    531,    530, -1 
	     3,    531,    537, -1 
	     3,    535,    532, -1 
	     3,    535,    537, -1 
	     3,    535,    533, -1 
	     3,    535,    536, -1 
	     3,    538,    539, -1 
	     3,    541,    542, -1 
	     3,    543,    541, -1 
	     3,    543,    538, -1 
	     3,    538,    542, -1 
	     3,    544,    538, -1 
	     3,    539,    545, -1 
	     3,    539,    547, -1 
	     3,    540,    539, -1 
	     3,    542,    547, -1 
	     3,    548,    540, -1 
	     3,    540,    546, -1 
	     3,    544,    540, -1 
	     3,    541,    550, -1 
	     3,    551,    541, -1 
	     3,    551,    552, -1 
	     3,    552,    550, -1 
	     3,    542,    553, -1 
	     3,    550,    553, -1 
	     3,    554,    543, -1 
	     3,    555,    543, -1 
	     3,    555,    551, -1 
	     3,    556,    544, -1 
	     3,    554,    544, -1 
	     3,    546,    545, -1 
	     3,    545,    558, -1 
	     3,    545,    559, -1 
	     3,    547,    558, -1 
	     3,    546,    557, -1 
	     3,    549,    546, -1 
	     3,    547,    561, -1 
	     3,    553,    561, -1 
	     3,    562,    548, -1 
	     3,    548,    549, -1 
	     3,    556,    548, -1 
	     3,    563,    549, -1 
	     3,    549,    560, -1 
	     3,    550,    565, -1 
	     3,    566,    565, -1 
	     3,    552,    566, -1 
	     3,    567,    551, -1 
	     3,    567,    568, -1 
	     3,    568,    552, -1 
	     3,    568,    569, -1 
	     3,    569,    566, -1 
	     3,    553,    570, -1 
	     3,    565,    570, -1 
	     3,    571,    554, -1 
	     3,    571,    555, -1 
	     3,    572,    554, -1 
	     3,    573,    555, -1 
	     3,    573,    567, -1 
	     3,    570,    556, -1 
	     3,    572,    556, -1 
	     3,    557,    574, -1 
	     3,    560,    557, -1 
	     3,    557,    559, -1 
	     3,    558,    576, -1 
	     3,    558,    577, -1 
	     3,    561,    576, -1 
	     3,    559,    577, -1 
	     3,    559,    578, -1 
	     3,    560,    575, -1 
	     3,    564,    560, -1 
	     3,    570,    562, -1 
	     3,    561,    562, -1 
	     3,    562,    563, -1 
	     3,    576,    563, -1 
	     3,    563,    564, -1 
	     3,    580,    564, -1 
	     3,    564,    579, -1 
	     3,    582,    572, -1 
	     3,    566,    582, -1 
	     3,    565,    572, -1 
	     3,    569,    583, -1 
	     3,    583,    582, -1 
	     3,    584,    567, -1 
	     3,    584,    585, -1 
	     3,    585,    568, -1 
	     3,    586,    569, -1 
	     3,    585,    586, -1 
	     3,    586,    587, -1 
	     3,    587,    583, -1 
	     3,    588,    571, -1 
	     3,    588,    573, -1 
	     3,    582,    571, -1 
	     3,    589,    573, -1 
	     3,    589,    584, -1 
	     3,    574,    590, -1 
	     3,    574,    578, -1 
	     3,    575,    574, -1 
	     3,    575,    591, -1 
	     3,    579,    575, -1 
	     3,    576,    580, -1 
	     3,    577,    593, -1 
	     3,    577,    580, -1 
	     3,    578,    594, -1 
	     3,    578,    593, -1 
	     3,    579,    592, -1 
	     3,    581,    579, -1 
	     3,    580,    581, -1 
	     3,    593,    581, -1 
	     3,    581,    595, -1 
	     3,    583,    588, -1 
	     3,    597,    588, -1 
	     3,    587,    597, -1 
	     3,    598,    585, -1 
	     3,    599,    584, -1 
	     3,    599,    598, -1 
	     3,    598,    600, -1 
	     3,    600,    586, -1 
	     3,    600,    601, -1 
	     3,    601,    587, -1 
	     3,    601,    602, -1 
	     3,    602,    597, -1 
	     3,    597,    589, -1 
	     3,    603,    589, -1 
	     3,    603,    599, -1 
	     3,    596,    590, -1 
	     3,    595,    590, -1 
	     3,    595,    591, -1 
	     3,    595,    592, -1 
	     3,    593,    596, -1 
	     3,    602,    603, -1 
	     3,    604,    600, -1 
	     3,    604,    598, -1 
	     3,    598,    599, -1 
	     3,    605,    599, -1 
	     3,    604,    606, -1 
	     3,    606,    601, -1 
	     3,    607,    602, -1 
	     3,    606,    607, -1 
	     3,    608,    603, -1 
	     3,    607,    608, -1 
	     3,    608,    605, -1 
	     3,    609,    606, -1 
	     3,    610,    609, -1 
	     3,    610,    604, -1 
	     3,    611,    605, -1 
	     3,    611,    610, -1 
	     3,    612,    607, -1 
	     3,    609,    612, -1 
	     3,    613,    608, -1 
	     3,    612,    613, -1 
	     3,    613,    611, -1 
	     3,    614,    609, -1 
	     3,    614,    612, -1 
	     3,    615,    610, -1 
	     3,    615,    616, -1 
	     3,    614,    610, -1 
	     3,    617,    615, -1 
	     3,    617,    611, -1 
	     3,    618,    613, -1 
	     3,    614,    618, -1 
	     3,    618,    617, -1 
	     3,    619,    614, -1 
	     3,    619,    620, -1 
	     3,    620,    618, -1 
	     3,    621,    622, -1 
	     3,    621,    615, -1 
	     3,    622,    616, -1 
	     3,    623,    619, -1 
	     3,    622,    623, -1 
	     3,    624,    621, -1 
	     3,    617,    618, -1 
	     3,    620,    624, -1 
	     3,    625,    626, -1 
	     3,    626,    620, -1 
	     3,    625,    619, -1 
	     3,    626,    627, -1 
	     3,    627,    624, -1 
	     3,    628,    622, -1 
	     3,    629,    628, -1 
	     3,    629,    621, -1 
	     3,    628,    630, -1 
	     3,    630,    623, -1 
	     3,    630,    625, -1 
	     3,    627,    629, -1 
	     3,    629,    626, -1 
	     3,    629,    625, -1 
	     3,    629,    627, -1 
	     3,    629,    630, -1 
	     3,    631,    632, -1 
	     3,    634,    632, -1 
	     3,    635,    634, -1 
	     3,    635,    631, -1 
	     3,    636,    631, -1 
	     3,    631,    633, -1 
	     3,    632,    638, -1 
	     3,    632,    639, -1 
	     3,    640,    638, -1 
	     3,    634,    640, -1 
	     3,    633,    641, -1 
	     3,    637,    633, -1 
	     3,    633,    639, -1 
	     3,    643,    634, -1 
	     3,    644,    640, -1 
	     3,    643,    644, -1 
	     3,    645,    635, -1 
	     3,    646,    643, -1 
	     3,    646,    635, -1 
	     3,    647,    636, -1 
	     3,    636,    637, -1 
	     3,    645,    636, -1 
	     3,    648,    637, -1 
	     3,    637,    642, -1 
	     3,    640,    650, -1 
	     3,    650,    651, -1 
	     3,    638,    651, -1 
	     3,    638,    652, -1 
	     3,    639,    652, -1 
	     3,    639,    653, -1 
	     3,    644,    654, -1 
	     3,    654,    650, -1 
	     3,    641,    655, -1 
	     3,    641,    653, -1 
	     3,    642,    641, -1 
	     3,    642,    656, -1 
	     3,    649,    642, -1 
	     3,    658,    659, -1 
	     3,    659,    644, -1 
	     3,    658,    643, -1 
	     3,    660,    654, -1 
	     3,    659,    660, -1 
	     3,    661,    645, -1 
	     3,    662,    645, -1 
	     3,    662,    646, -1 
	     3,    663,    646, -1 
	     3,    663,    658, -1 
	     3,    647,    648, -1 
	     3,    661,    647, -1 
	     3,    651,    647, -1 
	     3,    664,    648, -1 
	     3,    648,    649, -1 
	     3,    665,    649, -1 
	     3,    649,    657, -1 
	     3,    650,    661, -1 
	     3,    654,    667, -1 
	     3,    667,    661, -1 
	     3,    651,    664, -1 
	     3,    652,    664, -1 
	     3,    652,    668, -1 
	     3,    653,    669, -1 
	     3,    653,    668, -1 
	     3,    670,    667, -1 
	     3,    660,    670, -1 
	     3,    655,    669, -1 
	     3,    656,    655, -1 
	     3,    655,    671, -1 
	     3,    657,    656, -1 
	     3,    656,    672, -1 
	     3,    657,    673, -1 
	     3,    666,    657, -1 
	     3,    675,    659, -1 
	     3,    676,    675, -1 
	     3,    676,    658, -1 
	     3,    677,    660, -1 
	     3,    675,    677, -1 
	     3,    677,    678, -1 
	     3,    678,    670, -1 
	     3,    667,    662, -1 
	     3,    679,    662, -1 
	     3,    679,    663, -1 
	     3,    680,    663, -1 
	     3,    680,    676, -1 
	     3,    664,    665, -1 
	     3,    668,    665, -1 
	     3,    665,    666, -1 
	     3,    681,    666, -1 
	     3,    666,    674, -1 
	     3,    670,    679, -1 
	     3,    668,    681, -1 
	     3,    669,    683, -1 
	     3,    669,    681, -1 
	     3,    684,    679, -1 
	     3,    678,    684, -1 
	     3,    671,    683, -1 
	     3,    672,    671, -1 
	     3,    671,    685, -1 
	     3,    672,    686, -1 
	     3,    673,    672, -1 
	     3,    674,    673, -1 
	     3,    673,    687, -1 
	     3,    674,    688, -1 
	     3,    682,    674, -1 
	     3,    690,    691, -1 
	     3,    690,    675, -1 
	     3,    691,    677, -1 
	     3,    692,    690, -1 
	     3,    692,    676, -1 
	     3,    693,    678, -1 
	     3,    691,    693, -1 
	     3,    694,    684, -1 
	     3,    693,    694, -1 
	     3,    684,    680, -1 
	     3,    695,    692, -1 
	     3,    695,    680, -1 
	     3,    681,    682, -1 
	     3,    683,    682, -1 
	     3,    682,    689, -1 
	     3,    683,    696, -1 
	     3,    694,    695, -1 
	     3,    686,    685, -1 
	     3,    685,    698, -1 
	     3,    685,    696, -1 
	     3,    687,    686, -1 
	     3,    686,    697, -1 
	     3,    687,    699, -1 
	     3,    688,    687, -1 
	     3,    689,    688, -1 
	     3,    688,    700, -1 
	     3,    696,    689, -1 
	     3,    689,    701, -1 
	     3,    703,    691, -1 
	     3,    704,    690, -1 
	     3,    704,    703, -1 
	     3,    703,    705, -1 
	     3,    705,    693, -1 
	     3,    706,    692, -1 
	     3,    706,    704, -1 
	     3,    707,    694, -1 
	     3,    705,    707, -1 
	     3,    707,    708, -1 
	     3,    708,    695, -1 
	     3,    708,    706, -1 
	     3,    696,    702, -1 
	     3,    699,    697, -1 
	     3,    697,    710, -1 
	     3,    697,    698, -1 
	     3,    698,    711, -1 
	     3,    698,    702, -1 
	     3,    700,    699, -1 
	     3,    699,    709, -1 
	     3,    701,    700, -1 
	     3,    700,    712, -1 
	     3,    702,    701, -1 
	     3,    701,    713, -1 
	     3,    702,    714, -1 
	     3,    715,    705, -1 
	     3,    716,    703, -1 
	     3,    716,    715, -1 
	     3,    717,    704, -1 
	     3,    717,    716, -1 
	     3,    715,    718, -1 
	     3,    718,    707, -1 
	     3,    719,    706, -1 
	     3,    719,    717, -1 
	     3,    718,    720, -1 
	     3,    720,    708, -1 
	     3,    720,    719, -1 
	     3,    712,    709, -1 
	     3,    712,    710, -1 
	     3,    711,    714, -1 
	     3,    714,    713, -1 
	     3,    721,    722, -1 
	     3,    722,    718, -1 
	     3,    721,    715, -1 
	     3,    723,    716, -1 
	     3,    723,    721, -1 
	     3,    724,    717, -1 
	     3,    724,    723, -1 
	     3,    725,    720, -1 
	     3,    722,    725, -1 
	     3,    726,    719, -1 
	     3,    726,    724, -1 
	     3,    725,    726, -1 
	     3,    726,    722, -1 
	     3,    726,    721, -1 
	     3,    726,    725, -1 
	     3,    726,    723, -1 
	     3,    727,    728, -1 
	     3,    730,    728, -1 
	     3,    731,    727, -1 
	     3,    731,    730, -1 
	     3,    727,    729, -1 
	     3,    732,    727, -1 
	     3,    728,    734, -1 
	     3,    730,    735, -1 
	     3,    735,    736, -1 
	     3,    728,    736, -1 
	     3,    733,    729, -1 
	     3,    729,    738, -1 
	     3,    729,    734, -1 
	     3,    739,    730, -1 
	     3,    739,    740, -1 
	     3,    740,    735, -1 
	     3,    741,    731, -1 
	     3,    741,    739, -1 
	     3,    742,    731, -1 
	     3,    742,    732, -1 
	     3,    732,    733, -1 
	     3,    736,    732, -1 
	     3,    733,    737, -1 
	     3,    743,    733, -1 
	     3,    736,    743, -1 
	     3,    734,    743, -1 
	     3,    734,    745, -1 
	     3,    740,    746, -1 
	     3,    746,    742, -1 
	     3,    735,    742, -1 
	     3,    744,    737, -1 
	     3,    737,    738, -1 
	     3,    737,    748, -1 
	     3,    738,    745, -1 
	     3,    738,    749, -1 
	     3,    750,    740, -1 
	     3,    751,    750, -1 
	     3,    751,    739, -1 
	     3,    752,    746, -1 
	     3,    750,    752, -1 
	     3,    746,    741, -1 
	     3,    753,    751, -1 
	     3,    753,    741, -1 
	     3,    743,    744, -1 
	     3,    744,    747, -1 
	     3,    745,    744, -1 
	     3,    745,    754, -1 
	     3,    752,    753, -1 
	     3,    754,    747, -1 
	     3,    747,    748, -1 
	     3,    747,    756, -1 
	     3,    748,    749, -1 
	     3,    748,    757, -1 
	     3,    749,    754, -1 
	     3,    749,    758, -1 
	     3,    759,    752, -1 
	     3,    760,    759, -1 
	     3,    760,    750, -1 
	     3,    761,    760, -1 
	     3,    761,    751, -1 
	     3,    762,    753, -1 
	     3,    759,    762, -1 
	     3,    762,    761, -1 
	     3,    754,    755, -1 
	     3,    758,    755, -1 
	     3,    755,    756, -1 
	     3,    755,    764, -1 
	     3,    756,    757, -1 
	     3,    756,    765, -1 
	     3,    757,    758, -1 
	     3,    757,    766, -1 
	     3,    758,    763, -1 
	     3,    767,    768, -1 
	     3,    767,    759, -1 
	     3,    768,    762, -1 
	     3,    769,    760, -1 
	     3,    769,    767, -1 
	     3,    770,    769, -1 
	     3,    770,    761, -1 
	     3,    768,    770, -1 
	     3,    766,    763, -1 
	     3,    763,    764, -1 
	     3,    763,    772, -1 
	     3,    764,    765, -1 
	     3,    764,    773, -1 
	     3,    765,    766, -1 
	     3,    765,    774, -1 
	     3,    766,    771, -1 
	     3,    775,    767, -1 
	     3,    775,    776, -1 
	     3,    776,    768, -1 
	     3,    776,    777, -1 
	     3,    777,    770, -1 
	     3,    778,    769, -1 
	     3,    778,    775, -1 
	     3,    777,    778, -1 
	     3,    774,    771, -1 
	     3,    771,    772, -1 
	     3,    771,    780, -1 
	     3,    772,    773, -1 
	     3,    772,    781, -1 
	     3,    773,    774, -1 
	     3,    773,    782, -1 
	     3,    774,    779, -1 
	     3,    783,    775, -1 
	     3,    784,    776, -1 
	     3,    775,    783, -1 
	     3,    785,    777, -1 
	     3,    784,    785, -1 
	     3,    785,    786, -1 
	     3,    786,    778, -1 
	     3,    786,    783, -1 
	     3,    782,    779, -1 
	     3,    782,    780, -1 
	     3,    787,    783, -1 
	     3,    787,    788, -1 
	     3,    788,    784, -1 
	     3,    788,    785, -1 
	     3,    788,    789, -1 
	     3,    789,    786, -1 
	     3,    789,    787, -1 
	     3,    787,    789, -1 
	     3,    790,    791, -1 
	     3,    790,    792, -1 
	     3,    794,    790, -1 
	     3,    795,    791, -1 
	     3,    796,    795, -1 
	     3,    796,    790, -1 
	     3,    795,    797, -1 
	     3,    797,    798, -1 
	     3,    792,    791, -1 
	     3,    792,    799, -1 
	     3,    799,    792, -1 
	     3,    792,    800, -1 
	     3,    800,    801, -1 
	     3,    794,    793, -1 
	     3,    802,    794, -1 
	     3,    803,    796, -1 
	     3,    803,    794, -1 
	     3,    804,    797, -1 
	     3,    805,    804, -1 
	     3,    805,    795, -1 
	     3,    806,    805, -1 
	     3,    806,    796, -1 
	     3,    797,    807, -1 
	     3,    804,    808, -1 
	     3,    808,    807, -1 
	     3,    798,    802, -1 
	     3,    807,    802, -1 
	     3,    800,    799, -1 
	     3,    802,    801, -1 
	     3,    807,    803, -1 
	     3,    809,    806, -1 
	     3,    809,    803, -1 
	     3,    810,    808, -1 
	     3,    811,    810, -1 
	     3,    811,    804, -1 
	     3,    812,    811, -1 
	     3,    812,    805, -1 
	     3,    813,    812, -1 
	     3,    813,    806, -1 
	     3,    808,    809, -1 
	     3,    810,    814, -1 
	     3,    814,    809, -1 
	     3,    814,    813, -1 
	     3,    815,    814, -1 
	     3,    816,    815, -1 
	     3,    816,    810, -1 
	     3,    817,    816, -1 
	     3,    817,    811, -1 
	     3,    818,    812, -1 
	     3,    818,    817, -1 
	     3,    819,    818, -1 
	     3,    819,    813, -1 
	     3,    815,    819, -1 
	     3,    820,    819, -1 
	     3,    821,    820, -1 
	     3,    821,    815, -1 
	     3,    822,    821, -1 
	     3,    822,    816, -1 
	     3,    823,    822, -1 
	     3,    823,    817, -1 
	     3,    824,    823, -1 
	     3,    824,    818, -1 
	     3,    820,    824, -1 
	     3,    825,    824, -1 
	     3,    826,    825, -1 
	     3,    826,    820, -1 
	     3,    827,    826, -1 
	     3,    827,    821, -1 
	     3,    828,    822, -1 
	     3,    828,    827, -1 
	     3,    829,    828, -1 
	     3,    829,    823, -1 
	     3,    825,    829, -1 
	     3,    830,    829, -1 
	     3,    831,    830, -1 
	     3,    831,    825, -1 
	     3,    832,    826, -1 
	     3,    832,    831, -1 
	     3,    833,    827, -1 
	     3,    833,    832, -1 
	     3,    834,    833, -1 
	     3,    834,    828, -1 
	     3,    830,    834, -1 
	     3,    835,    834, -1 
	     3,    836,    835, -1 
	     3,    836,    830, -1 
	     3,    837,    831, -1 
	     3,    837,    836, -1 
	     3,    838,    837, -1 
	     3,    838,    832, -1 
	     3,    839,    838, -1 
	     3,    839,    833, -1 
	     3,    835,    839, -1 
	     3,    836,    839, -1 
	     3,    836,    837, -1 
	     3,    836,    838, -1 
	     3,    840,    841, -1 
	     3,    843,    840, -1 
	     3,    844,    845, -1 
	     3,    846,    844, -1 
	     3,    846,    840, -1 
	     3,    840,    845, -1 
	     3,    845,    847, -1 
	     3,    842,    841, -1 
	     3,    841,    849, -1 
	     3,    841,    847, -1 
	     3,    843,    842, -1 
	     3,    848,    850, -1 
	     3,    843,    850, -1 
	     3,    843,    851, -1 
	     3,    844,    852, -1 
	     3,    853,    852, -1 
	     3,    854,    853, -1 
	     3,    854,    844, -1 
	     3,    845,    855, -1 
	     3,    852,    855, -1 
	     3,    846,    851, -1 
	     3,    846,    856, -1 
	     3,    850,    849, -1 
	     3,    850,    847, -1 
	     3,    848,    849, -1 
	     3,    851,    850, -1 
	     3,    851,    855, -1 
	     3,    856,    851, -1 
	     3,    852,    857, -1 
	     3,    853,    858, -1 
	     3,    858,    857, -1 
	     3,    859,    858, -1 
	     3,    860,    859, -1 
	     3,    860,    853, -1 
	     3,    854,    856, -1 
	     3,    854,    861, -1 
	     3,    856,    857, -1 
	     3,    861,    856, -1 
	     3,    858,    862, -1 
	     3,    859,    863, -1 
	     3,    863,    862, -1 
	     3,    864,    863, -1 
	     3,    865,    864, -1 
	     3,    865,    859, -1 
	     3,    860,    861, -1 
	     3,    860,    866, -1 
	     3,    861,    862, -1 
	     3,    866,    861, -1 
	     3,    863,    867, -1 
	     3,    864,    868, -1 
	     3,    868,    867, -1 
	     3,    869,    868, -1 
	     3,    870,    869, -1 
	     3,    870,    864, -1 
	     3,    865,    866, -1 
	     3,    865,    871, -1 
	     3,    866,    867, -1 
	     3,    871,    866, -1 
	     3,    868,    872, -1 
	     3,    869,    873, -1 
	     3,    873,    872, -1 
	     3,    874,    873, -1 
	     3,    875,    874, -1 
	     3,    875,    869, -1 
	     3,    870,    871, -1 
	     3,    870,    876, -1 
	     3,    871,    872, -1 
	     3,    876,    871, -1 
	     3,    873,    877, -1 
	     3,    874,    878, -1 
	     3,    878,    877, -1 
	     3,    879,    878, -1 
	     3,    880,    879, -1 
	     3,    880,    874, -1 
	     3,    875,    876, -1 
	     3,    875,    881, -1 
	     3,    876,    877, -1 
	     3,    881,    876, -1 
	     3,    878,    882, -1 
	     3,    879,    883, -1 
	     3,    883,    882, -1 
	     3,    884,    883, -1 
	     3,    885,    884, -1 
	     3,    885,    879, -1 
	     3,    880,    881, -1 
	     3,    880,    886, -1 
	     3,    881,    882, -1 
	     3,    886,    881, -1 
	     3,    883,    887, -1 
	     3,    884,    888, -1 
	     3,    888,    887, -1 
	     3,    889,    888, -1 
	     3,    890,    889, -1 
	     3,    890,    884, -1 
	     3,    885,    886, -1 
	     3,    885,    891, -1 
	     3,    886,    887, -1 
	     3,    891,    886, -1 
	     3,    888,    892, -1 
	     3,    889,    893, -1 
	     3,    893,    892, -1 
	     3,    894,    893, -1 
	     3,    895,    894, -1 
	     3,    895,    889, -1 
	     3,    890,    896, -1 
	     3,    890,    891, -1 
	     3,    891,    892, -1 
	     3,    896,    891, -1 
	     3,    893,    897, -1 
	     3,    894,    898, -1 
	     3,    898,    897, -1 
	     3,    899,    898, -1 
	     3,    900,    899, -1 
	     3,    900,    894, -1 
	     3,    895,    896, -1 
	     3,    895,    901, -1 
	     3,    896,    897, -1 
	     3,    901,    896, -1 
	     3,    898,    902, -1 
	     3,    899,    903, -1 
	     3,    903,    902, -1 
	     3,    904,    903, -1 
	     3,    905,    904, -1 
	     3,    905,    899, -1 
	     3,    900,    906, -1 
	     3,    900,    901, -1 
	     3,    901,    902, -1 
	     3,    906,    901, -1 
	     3,    903,    907, -1 
	     3,    904,    908, -1 
	     3,    908,    907, -1 
	     3,    909,    904, -1 
	     3,    909,    910, -1 
	     3,    910,    908, -1 
	     3,    905,    906, -1 
	     3,    905,    911, -1 
	     3,    906,    907, -1 
	     3,    911,    906, -1 
	     3,    908,    912, -1 
	     3,    910,    913, -1 
	     3,    913,    912, -1 
	     3,    914,    910, -1 
	     3,    909,    911, -1 
	     3,    915,    913, -1 
	     3,    914,    915, -1 
	     3,    911,    912, -1 
	     3,    911,    917, -1 
	     3,    916,    917, -1 
	     3,    913,    916, -1 
	     3,    915,    918, -1 
	     3,    918,    916, -1 
	     3,    915,    914, -1 
	     3,    915,    917, -1 
	     3,    918,    919, -1 
	     3,    917,    916, -1 
	     3,    917,    919, -1 
	     3,    920,    921, -1 
	     3,    920,    922, -1 
	     3,    924,    925, -1 
	     3,    924,    920, -1 
	     3,    925,    921, -1 
	     3,    926,    920, -1 
	     3,    925,    927, -1 
	     3,    921,    928, -1 
	     3,    927,    929, -1 
	     3,    921,    929, -1 
	     3,    923,    922, -1 
	     3,    922,    928, -1 
	     3,    922,    931, -1 
	     3,    932,    923, -1 
	     3,    926,    923, -1 
	     3,    923,    930, -1 
	     3,    934,    925, -1 
	     3,    924,    935, -1 
	     3,    924,    936, -1 
	     3,    926,    936, -1 
	     3,    934,    937, -1 
	     3,    937,    927, -1 
	     3,    932,    938, -1 
	     3,    926,    938, -1 
	     3,    937,    939, -1 
	     3,    927,    940, -1 
	     3,    939,    940, -1 
	     3,    929,    941, -1 
	     3,    928,    942, -1 
	     3,    928,    941, -1 
	     3,    929,    943, -1 
	     3,    940,    943, -1 
	     3,    933,    930, -1 
	     3,    931,    944, -1 
	     3,    931,    942, -1 
	     3,    932,    933, -1 
	     3,    945,    946, -1 
	     3,    932,    946, -1 
	     3,    933,    944, -1 
	     3,    947,    937, -1 
	     3,    934,    935, -1 
	     3,    934,    948, -1 
	     3,    949,    935, -1 
	     3,    950,    948, -1 
	     3,    950,    935, -1 
	     3,    951,    936, -1 
	     3,    949,    936, -1 
	     3,    947,    952, -1 
	     3,    952,    939, -1 
	     3,    951,    938, -1 
	     3,    943,    938, -1 
	     3,    952,    953, -1 
	     3,    939,    954, -1 
	     3,    953,    954, -1 
	     3,    940,    951, -1 
	     3,    954,    951, -1 
	     3,    941,    944, -1 
	     3,    941,    946, -1 
	     3,    943,    946, -1 
	     3,    945,    944, -1 
	     3,    955,    952, -1 
	     3,    947,    948, -1 
	     3,    947,    956, -1 
	     3,    957,    956, -1 
	     3,    957,    948, -1 
	     3,    954,    949, -1 
	     3,    958,    950, -1 
	     3,    958,    949, -1 
	     3,    959,    957, -1 
	     3,    959,    950, -1 
	     3,    960,    953, -1 
	     3,    955,    960, -1 
	     3,    960,    961, -1 
	     3,    953,    958, -1 
	     3,    961,    958, -1 
	     3,    962,    960, -1 
	     3,    955,    956, -1 
	     3,    955,    963, -1 
	     3,    964,    963, -1 
	     3,    964,    956, -1 
	     3,    965,    964, -1 
	     3,    965,    957, -1 
	     3,    961,    959, -1 
	     3,    966,    965, -1 
	     3,    966,    959, -1 
	     3,    962,    967, -1 
	     3,    967,    961, -1 
	     3,    967,    966, -1 
	     3,    968,    967, -1 
	     3,    962,    969, -1 
	     3,    962,    963, -1 
	     3,    970,    969, -1 
	     3,    970,    963, -1 
	     3,    971,    964, -1 
	     3,    971,    970, -1 
	     3,    972,    971, -1 
	     3,    972,    965, -1 
	     3,    973,    972, -1 
	     3,    973,    966, -1 
	     3,    968,    973, -1 
	     3,    974,    973, -1 
	     3,    968,    969, -1 
	     3,    968,    975, -1 
	     3,    976,    975, -1 
	     3,    976,    969, -1 
	     3,    977,    976, -1 
	     3,    977,    970, -1 
	     3,    978,    977, -1 
	     3,    978,    971, -1 
	     3,    979,    978, -1 
	     3,    979,    972, -1 
	     3,    974,    979, -1 
	     3,    980,    979, -1 
	     3,    974,    981, -1 
	     3,    974,    975, -1 
	     3,    982,    981, -1 
	     3,    982,    975, -1 
	     3,    983,    982, -1 
	     3,    983,    976, -1 
	     3,    984,    983, -1 
	     3,    984,    977, -1 
	     3,    985,    984, -1 
	     3,    985,    978, -1 
	     3,    980,    985, -1 
	     3,    986,    985, -1 
	     3,    980,    987, -1 
	     3,    987,    980, -1 
	     3,    988,    987, -1 
	     3,    988,    981, -1 
	     3,    989,    988, -1 
	     3,    989,    982, -1 
	     3,    984,    989, -1 
	     3,    990,    991, -1 
	     3,    990,    984, -1 
	     3,    984,    991, -1 
	     3,    986,    990, -1 
	     3,    992,    990, -1 
	     3,    986,    987, -1 
	     3,    986,    993, -1 
	     3,    994,    993, -1 
	     3,    994,    987, -1 
	     3,    995,    994, -1 
	     3,    995,    988, -1 
	     3,    996,    995, -1 
	     3,    996,    989, -1 
	     3,    992,    997, -1 
	     3,    997,    991, -1 
	     3,    997,    996, -1 
	     3,    998,    997, -1 
	     3,    992,    993, -1 
	     3,    992,    999, -1 
	     3,   1000,    993, -1 
	     3,   1000,    999, -1 
	     3,   1001,   1000, -1 
	     3,   1001,    994, -1 
	     3,   1002,   1001, -1 
	     3,   1002,    995, -1 
	     3,   1003,    996, -1 
	     3,   1003,   1002, -1 
	     3,    998,   1003, -1 
	     3,   1004,   1003, -1 
	     3,    998,    999, -1 
	     3,    998,   1005, -1 
	     3,   1006,    999, -1 
	     3,   1006,   1005, -1 
	     3,   1007,   1006, -1 
	     3,   1000,   1001, -1 
	     3,   1008,   1001, -1 
	     3,   1008,   1007, -1 
	     3,   1009,   1008, -1 
	     3,   1009,   1002, -1 
	     3,   1004,   1009, -1 
	     3,   1004,   1005, -1 
	     3,   1010,   1009, -1 
	     3,   1005,   1011, -1 
	     3,   1005,   1006, -1 
	     3,   1012,   1013, -1 
	     3,   1006,   1007, -1 
	     3,   1013,   1011, -1 
	     3,   1012,   1007, -1 
	     3,   1012,   1008, -1 
	     3,   1014,   1008, -1 
	     3,   1010,   1014, -1 
	     3,   1014,   1010, -1 
	     3,   1014,   1011, -1 
	     3,   1012,   1014, -1 
	     3,   1015,   1016, -1 
	     3,   1018,   1019, -1 
	     3,   1015,   1020, -1 
	     3,   1019,   1021, -1 
	     3,   1021,   1016, -1 
	     3,   1015,   1017, -1 
	     3,   1022,   1023, -1 
	     3,   1021,   1022, -1 
	     3,   1016,   1023, -1 
	     3,   1016,   1024, -1 
	     3,   1017,   1025, -1 
	     3,   1020,   1017, -1 
	     3,   1017,   1024, -1 
	     3,   1027,   1028, -1 
	     3,   1028,   1019, -1 
	     3,   1027,   1018, -1 
	     3,   1022,   1018, -1 
	     3,   1020,   1023, -1 
	     3,   1028,   1029, -1 
	     3,   1029,   1021, -1 
	     3,   1020,   1030, -1 
	     3,   1020,   1026, -1 
	     3,   1030,   1020, -1 
	     3,   1032,   1022, -1 
	     3,   1029,   1032, -1 
	     3,   1032,   1027, -1 
	     3,   1023,   1030, -1 
	     3,   1024,   1030, -1 
	     3,   1024,   1033, -1 
	     3,   1033,   1031, -1 
	     3,   1031,   1026, -1 
	     3,   1034,   1028, -1 
	     3,   1035,   1034, -1 
	     3,   1035,   1027, -1 
	     3,   1034,   1036, -1 
	     3,   1036,   1029, -1 
	     3,   1037,   1032, -1 
	     3,   1036,   1037, -1 
	     3,   1030,   1031, -1 
	     3,   1037,   1035, -1 
	     3,   1038,   1039, -1 
	     3,   1038,   1034, -1 
	     3,   1039,   1036, -1 
	     3,   1040,   1038, -1 
	     3,   1040,   1035, -1 
	     3,   1039,   1041, -1 
	     3,   1041,   1037, -1 
	     3,   1041,   1040, -1 
	     3,   1042,   1043, -1 
	     3,   1043,   1039, -1 
	     3,   1042,   1038, -1 
	     3,   1043,   1044, -1 
	     3,   1044,   1041, -1 
	     3,   1045,   1042, -1 
	     3,   1045,   1040, -1 
	     3,   1044,   1045, -1 
	     3,   1046,   1047, -1 
	     3,   1047,   1043, -1 
	     3,   1046,   1042, -1 
	     3,   1047,   1048, -1 
	     3,   1048,   1044, -1 
	     3,   1048,   1049, -1 
	     3,   1049,   1045, -1 
	     3,   1049,   1046, -1 
	     3,   1050,   1047, -1 
	     3,   1051,   1050, -1 
	     3,   1051,   1046, -1 
	     3,   1052,   1048, -1 
	     3,   1050,   1052, -1 
	     3,   1052,   1053, -1 
	     3,   1053,   1049, -1 
	     3,   1053,   1051, -1 
	     3,   1054,   1052, -1 
	     3,   1055,   1054, -1 
	     3,   1055,   1050, -1 
	     3,   1056,   1051, -1 
	     3,   1056,   1055, -1 
	     3,   1054,   1057, -1 
	     3,   1057,   1053, -1 
	     3,   1057,   1056, -1 
	     3,   1058,   1059, -1 
	     3,   1059,   1057, -1 
	     3,   1058,   1054, -1 
	     3,   1060,   1058, -1 
	     3,   1060,   1055, -1 
	     3,   1061,   1056, -1 
	     3,   1061,   1060, -1 
	     3,   1059,   1061, -1 
	     3,   1062,   1063, -1 
	     3,   1063,   1059, -1 
	     3,   1062,   1058, -1 
	     3,   1063,   1064, -1 
	     3,   1064,   1061, -1 
	     3,   1065,   1062, -1 
	     3,   1065,   1060, -1 
	     3,   1064,   1065, -1 
	     3,   1066,   1062, -1 
	     3,   1066,   1067, -1 
	     3,   1067,   1063, -1 
	     3,   1068,   1064, -1 
	     3,   1067,   1068, -1 
	     3,   1068,   1069, -1 
	     3,   1069,   1065, -1 
	     3,   1069,   1066, -1 
	     3,   1070,   1066, -1 
	     3,   1070,   1071, -1 
	     3,   1071,   1067, -1 
	     3,   1071,   1072, -1 
	     3,   1072,   1068, -1 
	     3,   1072,   1073, -1 
	     3,   1073,   1069, -1 
	     3,   1073,   1070, -1 
	     3,   1074,   1075, -1 
	     3,   1074,   1070, -1 
	     3,   1075,   1071, -1 
	     3,   1075,   1076, -1 
	     3,   1076,   1072, -1 
	     3,   1076,   1077, -1 
	     3,   1077,   1073, -1 
	     3,   1077,   1074, -1 
	     3,   1074,   1077, -1 
	     3,   1077,   1076, -1 
	     3,   1078,   1079, -1 
	     3,   1081,   1078, -1 
	     3,   1082,   1078, -1 
	     3,   1082,   1083, -1 
	     3,   1083,   1079, -1 
	     3,   1079,   1084, -1 
	     3,   1083,   1085, -1 
	     3,   1085,   1084, -1 
	     3,   1086,   1080, -1 
	     3,   1086,   1087, -1 
	     3,   1087,   1081, -1 
	     3,   1087,   1082, -1 
	     3,   1088,   1082, -1 
	     3,   1088,   1089, -1 
	     3,   1089,   1083, -1 
	     3,   1090,   1085, -1 
	     3,   1089,   1090, -1 
	     3,   1085,   1086, -1 
	     3,   1091,   1086, -1 
	     3,   1090,   1091, -1 
	     3,   1091,   1092, -1 
	     3,   1092,   1087, -1 
	     3,   1092,   1088, -1 
	     3,   1093,   1088, -1 
	     3,   1093,   1094, -1 
	     3,   1094,   1089, -1 
	     3,   1095,   1090, -1 
	     3,   1094,   1095, -1 
	     3,   1095,   1096, -1 
	     3,   1096,   1091, -1 
	     3,   1096,   1097, -1 
	     3,   1097,   1092, -1 
	     3,   1097,   1093, -1 
	     3,   1098,   1093, -1 
	     3,   1098,   1099, -1 
	     3,   1099,   1094, -1 
	     3,   1099,   1100, -1 
	     3,   1100,   1095, -1 
	     3,   1100,   1101, -1 
	     3,   1101,   1096, -1 
	     3,   1101,   1102, -1 
	     3,   1102,   1097, -1 
	     3,   1102,   1098, -1 
	     3,   1103,   1098, -1 
	     3,   1103,   1104, -1 
	     3,   1104,   1099, -1 
	     3,   1105,   1100, -1 
	     3,   1104,   1105, -1 
	     3,   1105,   1106, -1 
	     3,   1106,   1101, -1 
	     3,   1106,   1107, -1 
	     3,   1107,   1102, -1 
	     3,   1107,   1103, -1 
	     3,   1108,   1104, -1 
	     3,   1109,   1108, -1 
	     3,   1109,   1103, -1 
	     3,   1108,   1110, -1 
	     3,   1110,   1105, -1 
	     3,   1110,   1111, -1 
	     3,   1111,   1106, -1 
	     3,   1111,   1112, -1 
	     3,   1112,   1107, -1 
	     3,   1112,   1109, -1 
	     3,   1113,   1110, -1 
	     3,   1114,   1113, -1 
	     3,   1114,   1108, -1 
	     3,   1115,   1114, -1 
	     3,   1115,   1109, -1 
	     3,   1113,   1116, -1 
	     3,   1116,   1111, -1 
	     3,   1116,   1117, -1 
	     3,   1117,   1112, -1 
	     3,   1117,   1115, -1 
	     3,   1118,   1113, -1 
	     3,   1118,   1119, -1 
	     3,   1119,   1116, -1 
	     3,   1120,   1118, -1 
	     3,   1120,   1114, -1 
	     3,   1121,   1120, -1 
	     3,   1121,   1115, -1 
	     3,   1119,   1122, -1 
	     3,   1122,   1117, -1 
	     3,   1122,   1121, -1 
	     3,   1123,   1119, -1 
	     3,   1124,   1123, -1 
	     3,   1124,   1118, -1 
	     3,   1123,   1125, -1 
	     3,   1125,   1122, -1 
	     3,   1120,   1121, -1 
	     3,   1120,   1126, -1 
	     3,   1126,   1121, -1 
	     3,   1125,   1126, -1 
	     3,   1125,   1123, -1 
	     3,   1123,   1124, -1 
	     3,   1127,   1124, -1 
	     3,   1125,   1127, -1 
	     3,   1128,   1129, -1 
	     3,   1131,   1129, -1 
	     3,   1128,   1130, -1 
	     3,   1133,   1131, -1 
	     3,   1133,   1128, -1 
	     3,   1129,   1131, -1 
	     3,   1130,   1134, -1 
	     3,   1135,   1130, -1 
	     3,   1134,   1130, -1 
	     3,   1136,   1131, -1 
	     3,   1131,   1136, -1 
	     3,   1137,   1132, -1 
	     3,   1137,   1133, -1 
	     3,   1138,   1136, -1 
	     3,   1138,   1133, -1 
	     3,   1134,   1135, -1 
	     3,   1139,   1137, -1 
	     3,   1136,   1140, -1 
	     3,   1139,   1135, -1 
	     3,   1135,   1140, -1 
	     3,   1142,   1136, -1 
	     3,   1136,   1142, -1 
	     3,   1143,   1138, -1 
	     3,   1143,   1137, -1 
	     3,   1144,   1142, -1 
	     3,   1144,   1138, -1 
	     3,   1141,   1143, -1 
	     3,   1142,   1145, -1 
	     3,   1140,   1145, -1 
	     3,   1141,   1140, -1 
	     3,   1146,   1147, -1 
	     3,   1147,   1143, -1 
	     3,   1148,   1142, -1 
	     3,   1142,   1148, -1 
	     3,   1147,   1144, -1 
	     3,   1149,   1148, -1 
	     3,   1149,   1144, -1 
	     3,   1148,   1150, -1 
	     3,   1146,   1145, -1 
	     3,   1145,   1150, -1 
	     3,   1151,   1152, -1 
	     3,   1152,   1147, -1 
	     3,   1152,   1149, -1 
	     3,   1153,   1148, -1 
	     3,   1148,   1153, -1 
	     3,   1154,   1153, -1 
	     3,   1154,   1149, -1 
	     3,   1153,   1155, -1 
	     3,   1150,   1155, -1 
	     3,   1151,   1150, -1 
	     3,   1156,   1157, -1 
	     3,   1157,   1152, -1 
	     3,   1157,   1154, -1 
	     3,   1158,   1153, -1 
	     3,   1153,   1158, -1 
	     3,   1159,   1158, -1 
	     3,   1159,   1154, -1 
	     3,   1158,   1160, -1 
	     3,   1156,   1155, -1 
	     3,   1155,   1160, -1 
	     3,   1161,   1162, -1 
	     3,   1162,   1157, -1 
	     3,   1162,   1159, -1 
	     3,   1163,   1158, -1 
	     3,   1158,   1163, -1 
	     3,   1164,   1163, -1 
	     3,   1164,   1159, -1 
	     3,   1163,   1165, -1 
	     3,   1161,   1160, -1 
	     3,   1160,   1165, -1 
	     3,   1166,   1167, -1 
	     3,   1167,   1162, -1 
	     3,   1167,   1164, -1 
	     3,   1168,   1163, -1 
	     3,   1163,   1168, -1 
	     3,   1169,   1168, -1 
	     3,   1169,   1164, -1 
	     3,   1168,   1170, -1 
	     3,   1166,   1165, -1 
	     3,   1165,   1170, -1 
	     3,   1171,   1172, -1 
	     3,   1172,   1167, -1 
	     3,   1172,   1169, -1 
	     3,   1173,   1168, -1 
	     3,   1168,   1173, -1 
	     3,   1174,   1173, -1 
	     3,   1174,   1169, -1 
	     3,   1173,   1175, -1 
	     3,   1171,   1170, -1 
	     3,   1170,   1175, -1 
	     3,   1176,   1177, -1 
	     3,   1177,   1172, -1 
	     3,   1177,   1174, -1 
	     3,   1178,   1173, -1 
	     3,   1173,   1178, -1 
	     3,   1179,   1178, -1 
	     3,   1179,   1174, -1 
	     3,   1178,   1180, -1 
	     3,   1176,   1175, -1 
	     3,   1175,   1180, -1 
	     3,   1181,   1182, -1 
	     3,   1182,   1177, -1 
	     3,   1182,   1179, -1 
	     3,   1183,   1178, -1 
	     3,   1178,   1183, -1 
	     3,   1184,   1183, -1 
	     3,   1184,   1179, -1 
	     3,   1183,   1185, -1 
	     3,   1181,   1180, -1 
	     3,   1180,   1185, -1 
	     3,   1186,   1187, -1 
	     3,   1187,   1182, -1 
	     3,   1187,   1184, -1 
	     3,   1188,   1183, -1 
	     3,   1183,   1188, -1 
	     3,   1189,   1188, -1 
	     3,   1189,   1184, -1 
	     3,   1188,   1190, -1 
	     3,   1186,   1185, -1 
	     3,   1185,   1190, -1 
	     3,   1191,   1192, -1 
	     3,   1192,   1187, -1 
	     3,   1192,   1189, -1 
	     3,   1193,   1188, -1 
	     3,   1188,   1193, -1 
	     3,   1194,   1193, -1 
	     3,   1194,   1189, -1 
	     3,   1193,   1195, -1 
	     3,   1191,   1190, -1 
	     3,   1190,   1195, -1 
	     3,   1196,   1197, -1 
	     3,   1197,   1192, -1 
	     3,   1197,   1194, -1 
	     3,   1193,   1198, -1 
	     3,   1198,   1193, -1 
	     3,   1199,   1198, -1 
	     3,   1199,   1194, -1 
	     3,   1198,   1200, -1 
	     3,   1196,   1195, -1 
	     3,   1195,   1200, -1 
	     3,   1201,   1202, -1 
	     3,   1202,   1197, -1 
	     3,   1202,   1199, -1 
	     3,   1198,   1203, -1 
	     3,   1203,   1198, -1 
	     3,   1204,   1203, -1 
	     3,   1204,   1199, -1 
	     3,   1200,   1205, -1 
	     3,   1203,   1205, -1 
	     3,   1201,   1200, -1 
	     3,   1206,   1207, -1 
	     3,   1207,   1202, -1 
	     3,   1207,   1204, -1 
	     3,   1205,   1203, -1 
	     3,   1206,   1205, -1 
	     3,   1206,   1204, -1 
	     3,   1208,   1209, -1 
	     3,   1208,   1211, -1 
	     3,   1212,   1211, -1 
	     3,   1212,   1208, -1 
	     3,   1211,   1213, -1 
	     3,   1214,   1209, -1 
	     3,   1214,   1215, -1 
	     3,   1209,   1215, -1 
	     3,   1215,   1216, -1 
	     3,   1210,   1216, -1 
	     3,   1211,   1212, -1 
	     3,   1213,   1211, -1 
	     3,   1218,   1212, -1 
	     3,   1219,   1217, -1 
	     3,   1218,   1219, -1 
	     3,   1220,   1214, -1 
	     3,   1213,   1217, -1 
	     3,   1221,   1214, -1 
	     3,   1221,   1222, -1 
	     3,   1222,   1215, -1 
	     3,   1223,   1216, -1 
	     3,   1222,   1223, -1 
	     3,   1216,   1223, -1 
	     3,   1220,   1217, -1 
	     3,   1217,   1219, -1 
	     3,   1225,   1218, -1 
	     3,   1226,   1219, -1 
	     3,   1225,   1226, -1 
	     3,   1224,   1219, -1 
	     3,   1219,   1226, -1 
	     3,   1224,   1221, -1 
	     3,   1228,   1221, -1 
	     3,   1229,   1222, -1 
	     3,   1228,   1229, -1 
	     3,   1229,   1230, -1 
	     3,   1230,   1223, -1 
	     3,   1230,   1225, -1 
	     3,   1227,   1228, -1 
	     3,   1231,   1225, -1 
	     3,   1231,   1232, -1 
	     3,   1232,   1226, -1 
	     3,   1227,   1226, -1 
	     3,   1226,   1232, -1 
	     3,   1234,   1228, -1 
	     3,   1233,   1234, -1 
	     3,   1235,   1229, -1 
	     3,   1234,   1235, -1 
	     3,   1235,   1236, -1 
	     3,   1236,   1230, -1 
	     3,   1236,   1231, -1 
	     3,   1237,   1231, -1 
	     3,   1237,   1238, -1 
	     3,   1238,   1232, -1 
	     3,   1238,   1239, -1 
	     3,   1233,   1232, -1 
	     3,   1240,   1234, -1 
	     3,   1239,   1240, -1 
	     3,   1240,   1241, -1 
	     3,   1241,   1235, -1 
	     3,   1236,   1235, -1 
	     3,   1242,   1236, -1 
	     3,   1242,   1237, -1 
	     3,   1243,   1237, -1 
	     3,   1243,   1244, -1 
	     3,   1244,   1238, -1 
	     3,   1238,   1244, -1 
	     3,   1239,   1238, -1 
	     3,   1246,   1240, -1 
	     3,   1245,   1246, -1 
	     3,   1246,   1247, -1 
	     3,   1247,   1241, -1 
	     3,   1247,   1248, -1 
	     3,   1248,   1242, -1 
	     3,   1248,   1243, -1 
	     3,   1249,   1243, -1 
	     3,   1249,   1250, -1 
	     3,   1250,   1244, -1 
	     3,   1245,   1244, -1 
	     3,   1244,   1250, -1 
	     3,   1252,   1246, -1 
	     3,   1251,   1252, -1 
	     3,   1252,   1253, -1 
	     3,   1253,   1247, -1 
	     3,   1253,   1254, -1 
	     3,   1254,   1248, -1 
	     3,   1254,   1249, -1 
	     3,   1255,   1249, -1 
	     3,   1255,   1256, -1 
	     3,   1256,   1250, -1 
	     3,   1250,   1256, -1 
	     3,   1251,   1250, -1 
	     3,   1258,   1252, -1 
	     3,   1257,   1258, -1 
	     3,   1258,   1259, -1 
	     3,   1259,   1253, -1 
	     3,   1259,   1260, -1 
	     3,   1260,   1254, -1 
	     3,   1260,   1255, -1 
	     3,   1261,   1255, -1 
	     3,   1261,   1262, -1 
	     3,   1262,   1256, -1 
	     3,   1257,   1256, -1 
	     3,   1256,   1262, -1 
	     3,   1264,   1258, -1 
	     3,   1263,   1264, -1 
	     3,   1264,   1265, -1 
	     3,   1265,   1259, -1 
	     3,   1265,   1266, -1 
	     3,   1266,   1260, -1 
	     3,   1266,   1261, -1 
	     3,   1267,   1261, -1 
	     3,   1267,   1268, -1 
	     3,   1268,   1262, -1 
	     3,   1263,   1262, -1 
	     3,   1262,   1268, -1 
	     3,   1270,   1264, -1 
	     3,   1269,   1270, -1 
	     3,   1271,   1265, -1 
	     3,   1270,   1271, -1 
	     3,   1271,   1272, -1 
	     3,   1272,   1266, -1 
	     3,   1272,   1267, -1 
	     3,   1273,   1267, -1 
	     3,   1273,   1274, -1 
	     3,   1274,   1268, -1 
	     3,   1269,   1268, -1 
	     3,   1268,   1274, -1 
	     3,   1276,   1270, -1 
	     3,   1275,   1276, -1 
	     3,   1277,   1271, -1 
	     3,   1276,   1277, -1 
	     3,   1277,   1278, -1 
	     3,   1278,   1272, -1 
	     3,   1278,   1273, -1 
	     3,   1279,   1273, -1 
	     3,   1279,   1280, -1 
	     3,   1280,   1274, -1 
	     3,   1274,   1280, -1 
	     3,   1275,   1274, -1 
	     3,   1282,   1276, -1 
	     3,   1281,   1282, -1 
	     3,   1283,   1277, -1 
	     3,   1282,   1283, -1 
	     3,   1284,   1278, -1 
	     3,   1283,   1284, -1 
	     3,   1284,   1279, -1 
	     3,   1285,   1279, -1 
	     3,   1285,   1286, -1 
	     3,   1286,   1280, -1 
	     3,   1281,   1280, -1 
	     3,   1280,   1286, -1 
	     3,   1288,   1282, -1 
	     3,   1287,   1288, -1 
	     3,   1289,   1283, -1 
	     3,   1288,   1289, -1 
	     3,   1290,   1284, -1 
	     3,   1289,   1290, -1 
	     3,   1290,   1285, -1 
	     3,   1291,   1285, -1 
	     3,   1291,   1292, -1 
	     3,   1292,   1286, -1 
	     3,   1286,   1292, -1 
	     3,   1287,   1286, -1 
	     3,   1293,   1294, -1 
	     3,   1294,   1288, -1 
	     3,   1294,   1295, -1 
	     3,   1295,   1289, -1 
	     3,   1296,   1290, -1 
	     3,   1295,   1296, -1 
	     3,   1296,   1291, -1 
	     3,   1297,   1298, -1 
	     3,   1297,   1291, -1 
	     3,   1298,   1292, -1 
	     3,   1292,   1298, -1 
	     3,   1293,   1292, -1 
	     3,   1299,   1300, -1 
	     3,   1300,   1294, -1 
	     3,   1300,   1301, -1 
	     3,   1301,   1295, -1 
	     3,   1301,   1302, -1 
	     3,   1302,   1296, -1 
	     3,   1302,   1297, -1 
	     3,   1298,   1297, -1 
	     3,   1301,   1298, -1 
	     3,   1298,   1301, -1 
	     3,   1299,   1298, -1 
	     3,   1303,   1304, -1 
	     3,   1304,   1303, -1 
	     3,   1303,   1307, -1 
	     3,   1303,   1305, -1 
	     3,   1303,   1308, -1 
	     3,   1305,   1304, -1 
	     3,   1304,   1310, -1 
	     3,   1310,   1304, -1 
	     3,   1305,   1309, -1 
	     3,   1310,   1306, -1 
	     3,   1311,   1306, -1 
	     3,   1306,   1307, -1 
	     3,   1307,   1313, -1 
	     3,   1308,   1313, -1 
	     3,   1314,   1313, -1 
	     3,   1308,   1309, -1 
	     3,   1309,   1310, -1 
	     3,   1309,   1315, -1 
	     3,   1310,   1311, -1 
	     3,   1310,   1316, -1 
	     3,   1311,   1312, -1 
	     3,   1311,   1317, -1 
	     3,   1312,   1318, -1 
	     3,   1312,   1313, -1 
	     3,   1314,   1319, -1 
	     3,   1313,   1319, -1 
	     3,   1314,   1315, -1 
	     3,   1319,   1314, -1 
	     3,   1314,   1320, -1 
	     3,   1315,   1316, -1 
	     3,   1315,   1322, -1 
	     3,   1316,   1317, -1 
	     3,   1316,   1323, -1 
	     3,   1317,   1318, -1 
	     3,   1317,   1324, -1 
	     3,   1318,   1325, -1 
	     3,   1318,   1319, -1 
	     3,   1319,   1321, -1 
	     3,   1320,   1322, -1 
	     3,   1321,   1320, -1 
	     3,   1320,   1326, -1 
	     3,   1325,   1321, -1 
	     3,   1321,   1327, -1 
	     3,   1322,   1329, -1 
	     3,   1322,   1323, -1 
	     3,   1323,   1324, -1 
	     3,   1323,   1330, -1 
	     3,   1324,   1331, -1 
	     3,   1324,   1325, -1 
	     3,   1325,   1328, -1 
	     3,   1326,   1329, -1 
	     3,   1326,   1332, -1 
	     3,   1327,   1326, -1 
	     3,   1327,   1333, -1 
	     3,   1328,   1327, -1 
	     3,   1331,   1328, -1 
	     3,   1328,   1334, -1 
	     3,   1329,   1336, -1 
	     3,   1329,   1330, -1 
	     3,   1330,   1337, -1 
	     3,   1330,   1331, -1 
	     3,   1331,   1335, -1 
	     3,   1333,   1332, -1 
	     3,   1332,   1336, -1 
	     3,   1332,   1339, -1 
	     3,   1334,   1333, -1 
	     3,   1333,   1338, -1 
	     3,   1335,   1334, -1 
	     3,   1334,   1340, -1 
	     3,   1337,   1335, -1 
	     3,   1335,   1341, -1 
	     3,   1336,   1337, -1 
	     3,   1336,   1343, -1 
	     3,   1337,   1342, -1 
	     3,   1338,   1339, -1 
	     3,   1340,   1338, -1 
	     3,   1338,   1344, -1 
	     3,   1339,   1343, -1 
	     3,   1339,   1346, -1 
	     3,   1341,   1340, -1 
	     3,   1340,   1345, -1 
	     3,   1342,   1341, -1 
	     3,   1341,   1347, -1 
	     3,   1343,   1342, -1 
	     3,   1342,   1348, -1 
	     3,   1343,   1349, -1 
	     3,   1344,   1346, -1 
	     3,   1345,   1344, -1 
	     3,   1344,   1350, -1 
	     3,   1347,   1345, -1 
	     3,   1345,   1351, -1 
	     3,   1346,   1349, -1 
	     3,   1346,   1353, -1 
	     3,   1348,   1347, -1 
	     3,   1347,   1352, -1 
	     3,   1349,   1348, -1 
	     3,   1348,   1354, -1 
	     3,   1349,   1355, -1 
	     3,   1350,   1353, -1 
	     3,   1351,   1350, -1 
	     3,   1350,   1356, -1 
	     3,   1352,   1351, -1 
	     3,   1351,   1357, -1 
	     3,   1354,   1352, -1 
	     3,   1352,   1358, -1 
	     3,   1353,   1360, -1 
	     3,   1353,   1355, -1 
	     3,   1355,   1354, -1 
	     3,   1354,   1359, -1 
	     3,   1355,   1361, -1 
	     3,   1357,   1356, -1 
	     3,   1356,   1360, -1 
	     3,   1356,   1363, -1 
	     3,   1357,   1362, -1 
	     3,   1358,   1357, -1 
	     3,   1359,   1358, -1 
	     3,   1358,   1364, -1 
	     3,   1361,   1359, -1 
	     3,   1359,   1365, -1 
	     3,   1360,   1367, -1 
	     3,   1360,   1361, -1 
	     3,   1361,   1366, -1 
	     3,   1362,   1363, -1 
	     3,   1364,   1362, -1 
	     3,   1362,   1368, -1 
	     3,   1363,   1367, -1 
	     3,   1363,   1370, -1 
	     3,   1365,   1364, -1 
	     3,   1364,   1369, -1 
	     3,   1366,   1365, -1 
	     3,   1365,   1371, -1 
	     3,   1367,   1366, -1 
	     3,   1366,   1372, -1 
	     3,   1367,   1373, -1 
	     3,   1369,   1368, -1 
	     3,   1368,   1375, -1 
	     3,   1368,   1370, -1 
	     3,   1369,   1374, -1 
	     3,   1371,   1369, -1 
	     3,   1370,   1373, -1 
	     3,   1370,   1377, -1 
	     3,   1371,   1376, -1 
	     3,   1372,   1371, -1 
	     3,   1373,   1372, -1 
	     3,   1372,   1378, -1 
	     3,   1373,   1379, -1 
	     3,   1374,   1375, -1 
	     3,   1374,   1380, -1 
	     3,   1376,   1374, -1 
	     3,   1375,   1382, -1 
	     3,   1375,   1377, -1 
	     3,   1376,   1381, -1 
	     3,   1378,   1376, -1 
	     3,   1377,   1384, -1 
	     3,   1377,   1379, -1 
	     3,   1378,   1383, -1 
	     3,   1379,   1378, -1 
	     3,   1379,   1385, -1 
	     3,   1381,   1380, -1 
	     3,   1380,   1387, -1 
	     3,   1380,   1382, -1 
	     3,   1381,   1386, -1 
	     3,   1383,   1381, -1 
	     3,   1382,   1389, -1 
	     3,   1382,   1384, -1 
	     3,   1383,   1388, -1 
	     3,   1385,   1383, -1 
	     3,   1384,   1391, -1 
	     3,   1384,   1385, -1 
	     3,   1385,   1390, -1 
	     3,   1386,   1392, -1 
	     3,   1388,   1386, -1 
	     3,   1386,   1387, -1 
	     3,   1387,   1394, -1 
	     3,   1395,   1394, -1 
	     3,   1387,   1389, -1 
	     3,   1388,   1393, -1 
	     3,   1390,   1388, -1 
	     3,   1389,   1391, -1 
	     3,   1390,   1396, -1 
	     3,   1391,   1390, -1 
	     3,   1391,   1397, -1 
	     3,   1393,   1392, -1 
	     3,   1396,   1393, -1 
	     3,   1396,   1394, -1 
	     3,   1394,   1395, -1 
	     3,   1398,   1399, -1 
	     3,   1401,   1398, -1 
	     3,   1398,   1402, -1 
	     3,   1398,   1401, -1 
	     3,   1400,   1399, -1 
	     3,   1403,   1399, -1 
	     3,   1399,   1402, -1 
	     3,   1400,   1403, -1 
	     3,   1400,   1406, -1 
	     3,   1400,   1405, -1 
	     3,   1406,   1407, -1 
	     3,   1401,   1407, -1 
	     3,   1404,   1402, -1 
	     3,   1402,   1409, -1 
	     3,   1402,   1407, -1 
	     3,   1403,   1404, -1 
	     3,   1403,   1410, -1 
	     3,   1410,   1404, -1 
	     3,   1404,   1408, -1 
	     3,   1405,   1410, -1 
	     3,   1406,   1405, -1 
	     3,   1405,   1412, -1 
	     3,   1407,   1406, -1 
	     3,   1406,   1413, -1 
	     3,   1407,   1414, -1 
	     3,   1411,   1408, -1 
	     3,   1408,   1416, -1 
	     3,   1408,   1409, -1 
	     3,   1409,   1417, -1 
	     3,   1409,   1414, -1 
	     3,   1410,   1411, -1 
	     3,   1411,   1415, -1 
	     3,   1412,   1411, -1 
	     3,   1413,   1412, -1 
	     3,   1412,   1418, -1 
	     3,   1414,   1413, -1 
	     3,   1413,   1419, -1 
	     3,   1414,   1420, -1 
	     3,   1415,   1416, -1 
	     3,   1415,   1421, -1 
	     3,   1418,   1415, -1 
	     3,   1416,   1417, -1 
	     3,   1416,   1423, -1 
	     3,   1417,   1420, -1 
	     3,   1417,   1424, -1 
	     3,   1419,   1418, -1 
	     3,   1418,   1422, -1 
	     3,   1420,   1419, -1 
	     3,   1419,   1425, -1 
	     3,   1420,   1426, -1 
	     3,   1422,   1421, -1 
	     3,   1421,   1423, -1 
	     3,   1421,   1428, -1 
	     3,   1425,   1422, -1 
	     3,   1422,   1427, -1 
	     3,   1423,   1424, -1 
	     3,   1423,   1430, -1 
	     3,   1424,   1426, -1 
	     3,   1424,   1431, -1 
	     3,   1425,   1429, -1 
	     3,   1426,   1425, -1 
	     3,   1426,   1432, -1 
	     3,   1429,   1427, -1 
	     3,   1427,   1434, -1 
	     3,   1427,   1428, -1 
	     3,   1428,   1435, -1 
	     3,   1428,   1430, -1 
	     3,   1432,   1429, -1 
	     3,   1429,   1433, -1 
	     3,   1430,   1437, -1 
	     3,   1430,   1431, -1 
	     3,   1431,   1432, -1 
	     3,   1431,   1438, -1 
	     3,   1432,   1436, -1 
	     3,   1436,   1433, -1 
	     3,   1433,   1434, -1 
	     3,   1433,   1440, -1 
	     3,   1434,   1435, -1 
	     3,   1434,   1441, -1 
	     3,   1435,   1437, -1 
	     3,   1435,   1442, -1 
	     3,   1438,   1436, -1 
	     3,   1436,   1439, -1 
	     3,   1437,   1438, -1 
	     3,   1437,   1444, -1 
	     3,   1438,   1443, -1 
	     3,   1439,   1440, -1 
	     3,   1439,   1445, -1 
	     3,   1443,   1439, -1 
	     3,   1440,   1441, -1 
	     3,   1440,   1447, -1 
	     3,   1441,   1442, -1 
	     3,   1441,   1448, -1 
	     3,   1442,   1449, -1 
	     3,   1442,   1444, -1 
	     3,   1443,   1446, -1 
	     3,   1444,   1443, -1 
	     3,   1444,   1450, -1 
	     3,   1446,   1445, -1 
	     3,   1445,   1452, -1 
	     3,   1445,   1447, -1 
	     3,   1446,   1451, -1 
	     3,   1450,   1446, -1 
	     3,   1447,   1448, -1 
	     3,   1447,   1454, -1 
	     3,   1448,   1455, -1 
	     3,   1448,   1449, -1 
	     3,   1449,   1450, -1 
	     3,   1449,   1456, -1 
	     3,   1450,   1453, -1 
	     3,   1451,   1452, -1 
	     3,   1451,   1457, -1 
	     3,   1453,   1451, -1 
	     3,   1452,   1459, -1 
	     3,   1452,   1454, -1 
	     3,   1456,   1453, -1 
	     3,   1453,   1458, -1 
	     3,   1454,   1455, -1 
	     3,   1454,   1461, -1 
	     3,   1455,   1462, -1 
	     3,   1455,   1456, -1 
	     3,   1456,   1460, -1 
	     3,   1458,   1457, -1 
	     3,   1457,   1464, -1 
	     3,   1457,   1459, -1 
	     3,   1458,   1463, -1 
	     3,   1460,   1458, -1 
	     3,   1459,   1466, -1 
	     3,   1459,   1461, -1 
	     3,   1460,   1465, -1 
	     3,   1462,   1460, -1 
	     3,   1461,   1468, -1 
	     3,   1461,   1462, -1 
	     3,   1462,   1467, -1 
	     3,   1463,   1469, -1 
	     3,   1463,   1464, -1 
	     3,   1465,   1463, -1 
	     3,   1464,   1471, -1 
	     3,   1464,   1466, -1 
	     3,   1465,   1470, -1 
	     3,   1467,   1465, -1 
	     3,   1466,   1473, -1 
	     3,   1466,   1468, -1 
	     3,   1467,   1472, -1 
	     3,   1468,   1467, -1 
	     3,   1468,   1474, -1 
	     3,   1469,   1475, -1 
	     3,   1470,   1469, -1 
	     3,   1469,   1471, -1 
	     3,   1470,   1476, -1 
	     3,   1472,   1470, -1 
	     3,   1471,   1478, -1 
	     3,   1471,   1473, -1 
	     3,   1472,   1477, -1 
	     3,   1474,   1472, -1 
	     3,   1473,   1474, -1 
	     3,   1473,   1480, -1 
	     3,   1474,   1479, -1 
	     3,   1475,   1481, -1 
	     3,   1476,   1475, -1 
	     3,   1475,   1478, -1 
	     3,   1476,   1482, -1 
	     3,   1477,   1476, -1 
	     3,   1477,   1483, -1 
	     3,   1479,   1477, -1 
	     3,   1478,   1480, -1 
	     3,   1478,   1485, -1 
	     3,   1484,   1485, -1 
	     3,   1479,   1485, -1 
	     3,   1482,   1481, -1 
	     3,   1481,   1485, -1 
	     3,   1481,   1487, -1 
	     3,   1482,   1486, -1 
	     3,   1483,   1482, -1 
	     3,   1483,   1488, -1 
	     3,   1484,   1483, -1 
	     3,   1484,   1489, -1 
	     3,   1484,   1490, -1 
	     3,   1485,   1490, -1 
	     3,   1485,   1491, -1 
	     3,   1488,   1486, -1 
	     3,   1491,   1488, -1 
	     3,   1491,   1489, -1 
	     3,   1491,   1490, -1 
	     3,   1492,   1493, -1 
	     3,   1495,   1493, -1 
	     3,   1496,   1492, -1 
	     3,   1496,   1497, -1 
	     3,   1495,   1492, -1 
	     3,   1492,   1497, -1 
	     3,   1494,   1493, -1 
	     3,   1500,   1499, -1 
	     3,   1501,   1500, -1 
	     3,   1498,   1493, -1 
	     3,   1498,   1501, -1 
	     3,   1494,   1499, -1 
	     3,   1499,   1502, -1 
	     3,   1503,   1496, -1 
	     3,   1504,   1497, -1 
	     3,   1503,   1504, -1 
	     3,   1504,   1505, -1 
	     3,   1505,   1498, -1 
	     3,   1506,   1501, -1 
	     3,   1505,   1506, -1 
	     3,   1507,   1502, -1 
	     3,   1507,   1499, -1 
	     3,   1501,   1507, -1 
	     3,   1508,   1507, -1 
	     3,   1506,   1508, -1 
	     3,   1509,   1503, -1 
	     3,   1509,   1502, -1 
	     3,   1510,   1504, -1 
	     3,   1511,   1503, -1 
	     3,   1511,   1510, -1 
	     3,   1510,   1512, -1 
	     3,   1512,   1505, -1 
	     3,   1513,   1506, -1 
	     3,   1512,   1513, -1 
	     3,   1514,   1508, -1 
	     3,   1513,   1514, -1 
	     3,   1508,   1509, -1 
	     3,   1515,   1509, -1 
	     3,   1514,   1515, -1 
	     3,   1515,   1511, -1 
	     3,   1516,   1512, -1 
	     3,   1517,   1510, -1 
	     3,   1517,   1516, -1 
	     3,   1518,   1511, -1 
	     3,   1518,   1517, -1 
	     3,   1519,   1513, -1 
	     3,   1516,   1519, -1 
	     3,   1520,   1514, -1 
	     3,   1519,   1520, -1 
	     3,   1521,   1515, -1 
	     3,   1520,   1521, -1 
	     3,   1521,   1518, -1 
	     3,   1522,   1519, -1 
	     3,   1523,   1522, -1 
	     3,   1523,   1516, -1 
	     3,   1524,   1523, -1 
	     3,   1524,   1517, -1 
	     3,   1525,   1518, -1 
	     3,   1525,   1524, -1 
	     3,   1526,   1520, -1 
	     3,   1522,   1526, -1 
	     3,   1527,   1521, -1 
	     3,   1526,   1527, -1 
	     3,   1527,   1525, -1 
	     3,   1528,   1522, -1 
	     3,   1528,   1529, -1 
	     3,   1529,   1526, -1 
	     3,   1530,   1528, -1 
	     3,   1530,   1523, -1 
	     3,   1531,   1524, -1 
	     3,   1531,   1530, -1 
	     3,   1532,   1531, -1 
	     3,   1532,   1525, -1 
	     3,   1529,   1533, -1 
	     3,   1533,   1527, -1 
	     3,   1533,   1532, -1 
	     3,   1534,   1529, -1 
	     3,   1535,   1534, -1 
	     3,   1535,   1528, -1 
	     3,   1536,   1533, -1 
	     3,   1534,   1536, -1 
	     3,   1537,   1530, -1 
	     3,   1537,   1535, -1 
	     3,   1538,   1537, -1 
	     3,   1538,   1531, -1 
	     3,   1539,   1538, -1 
	     3,   1539,   1532, -1 
	     3,   1536,   1539, -1 
	     3,   1540,   1536, -1 
	     3,   1541,   1534, -1 
	     3,   1541,   1540, -1 
	     3,   1542,   1541, -1 
	     3,   1542,   1535, -1 
	     3,   1540,   1543, -1 
	     3,   1543,   1539, -1 
	     3,   1544,   1542, -1 
	     3,   1544,   1537, -1 
	     3,   1545,   1544, -1 
	     3,   1545,   1538, -1 
	     3,   1543,   1545, -1 
	     3,   1546,   1543, -1 
	     3,   1547,   1540, -1 
	     3,   1547,   1546, -1 
	     3,   1548,   1547, -1 
	     3,   1548,   1541, -1 
	     3,   1549,   1548, -1 
	     3,   1549,   1542, -1 
	     3,   1546,   1550, -1 
	     3,   1550,   1545, -1 
	     3,   1551,   1549, -1 
	     3,   1551,   1544, -1 
	     3,   1550,   1551, -1 
	     3,   1552,   1550, -1 
	     3,   1553,   1546, -1 
	     3,   1553,   1552, -1 
	     3,   1554,   1553, -1 
	     3,   1554,   1547, -1 
	     3,   1555,   1554, -1 
	     3,   1555,   1548, -1 
	     3,   1556,   1549, -1 
	     3,   1556,   1555, -1 
	     3,   1552,   1557, -1 
	     3,   1557,   1551, -1 
	     3,   1557,   1556, -1 
	     3,   1558,   1552, -1 
	     3,   1558,   1559, -1 
	     3,   1559,   1557, -1 
	     3,   1560,   1558, -1 
	     3,   1560,   1553, -1 
	     3,   1555,   1561, -1 
	     3,   1561,   1560, -1 
	     3,   1555,   1556, -1 
	     3,   1562,   1561, -1 
	     3,   1563,   1562, -1 
	     3,   1563,   1556, -1 
	     3,   1559,   1563, -1 
	     3,   1564,   1559, -1 
	     3,   1565,   1558, -1 
	     3,   1565,   1564, -1 
	     3,   1566,   1563, -1 
	     3,   1564,   1566, -1 
	     3,   1561,   1567, -1 
	     3,   1567,   1565, -1 
	     3,   1568,   1567, -1 
	     3,   1568,   1561, -1 
	     3,   1569,   1568, -1 
	     3,   1569,   1562, -1 
	     3,   1566,   1569, -1 
	     3,   1570,   1564, -1 
	     3,   1571,   1566, -1 
	     3,   1570,   1571, -1 
	     3,   1572,   1570, -1 
	     3,   1572,   1565, -1 
	     3,   1573,   1569, -1 
	     3,   1571,   1573, -1 
	     3,   1574,   1572, -1 
	     3,   1574,   1567, -1 
	     3,   1575,   1574, -1 
	     3,   1575,   1568, -1 
	     3,   1573,   1575, -1 
	     3,   1576,   1571, -1 
	     3,   1577,   1576, -1 
	     3,   1577,   1570, -1 
	     3,   1576,   1578, -1 
	     3,   1578,   1573, -1 
	     3,   1579,   1577, -1 
	     3,   1579,   1572, -1 
	     3,   1578,   1580, -1 
	     3,   1580,   1575, -1 
	     3,   1581,   1579, -1 
	     3,   1581,   1574, -1 
	     3,   1580,   1581, -1 
	     3,   1582,   1583, -1 
	     3,   1582,   1576, -1 
	     3,   1583,   1578, -1 
	     3,   1584,   1582, -1 
	     3,   1584,   1577, -1 
	     3,   1583,   1585, -1 
	     3,   1585,   1580, -1 
	     3,   1586,   1584, -1 
	     3,   1586,   1579, -1 
	     3,   1585,   1587, -1 
	     3,   1587,   1581, -1 
	     3,   1587,   1586, -1 
	     3,   1582,   1584, -1 
	     3,   1583,   1584, -1 
	     3,   1585,   1584, -1 
	     3,   1587,   1584, -1 
	     3,   1588,   1589, -1 
	     3,   1589,   1588, -1 
	     3,   1592,   1588, -1 
	     3,   1592,   1591, -1 
	     3,   1593,   1594, -1 
	     3,   1594,   1590, -1 
	     3,   1595,   1589, -1 
	     3,   1595,   1596, -1 
	     3,   1596,   1593, -1 
	     3,   1590,   1594, -1 
	     3,   1597,   1592, -1 
	     3,   1598,   1591, -1 
	     3,   1599,   1595, -1 
	     3,   1598,   1599, -1 
	     3,   1600,   1598, -1 
	     3,   1592,   1597, -1 
	     3,   1592,   1601, -1 
	     3,   1593,   1596, -1 
	     3,   1594,   1596, -1 
	     3,   1599,   1602, -1 
	     3,   1602,   1596, -1 
	     3,   1602,   1603, -1 
	     3,   1603,   1597, -1 
	     3,   1601,   1597, -1 
	     3,   1604,   1599, -1 
	     3,   1605,   1598, -1 
	     3,   1605,   1604, -1 
	     3,   1604,   1606, -1 
	     3,   1606,   1602, -1 
	     3,   1607,   1600, -1 
	     3,   1607,   1605, -1 
	     3,   1608,   1601, -1 
	     3,   1608,   1607, -1 
	     3,   1606,   1609, -1 
	     3,   1609,   1603, -1 
	     3,   1609,   1608, -1 
	     3,   1610,   1606, -1 
	     3,   1611,   1610, -1 
	     3,   1611,   1604, -1 
	     3,   1612,   1605, -1 
	     3,   1612,   1611, -1 
	     3,   1610,   1613, -1 
	     3,   1613,   1609, -1 
	     3,   1614,   1607, -1 
	     3,   1614,   1612, -1 
	     3,   1615,   1608, -1 
	     3,   1615,   1614, -1 
	     3,   1613,   1615, -1 
	     3,   1616,   1610, -1 
	     3,   1617,   1613, -1 
	     3,   1616,   1617, -1 
	     3,   1618,   1616, -1 
	     3,   1618,   1611, -1 
	     3,   1619,   1612, -1 
	     3,   1619,   1618, -1 
	     3,   1617,   1620, -1 
	     3,   1620,   1615, -1 
	     3,   1621,   1614, -1 
	     3,   1621,   1619, -1 
	     3,   1620,   1621, -1 
	     3,   1622,   1617, -1 
	     3,   1623,   1622, -1 
	     3,   1623,   1616, -1 
	     3,   1622,   1624, -1 
	     3,   1624,   1620, -1 
	     3,   1625,   1618, -1 
	     3,   1625,   1623, -1 
	     3,   1626,   1619, -1 
	     3,   1626,   1625, -1 
	     3,   1627,   1621, -1 
	     3,   1624,   1627, -1 
	     3,   1627,   1626, -1 
	     3,   1628,   1622, -1 
	     3,   1628,   1629, -1 
	     3,   1629,   1624, -1 
	     3,   1630,   1623, -1 
	     3,   1630,   1628, -1 
	     3,   1631,   1627, -1 
	     3,   1629,   1631, -1 
	     3,   1632,   1630, -1 
	     3,   1632,   1625, -1 
	     3,   1633,   1632, -1 
	     3,   1633,   1626, -1 
	     3,   1631,   1633, -1 
	     3,   1634,   1629, -1 
	     3,   1635,   1628, -1 
	     3,   1635,   1634, -1 
	     3,   1636,   1631, -1 
	     3,   1634,   1636, -1 
	     3,   1637,   1630, -1 
	     3,   1637,   1635, -1 
	     3,   1636,   1638, -1 
	     3,   1638,   1633, -1 
	     3,   1639,   1637, -1 
	     3,   1639,   1632, -1 
	     3,   1638,   1639, -1 
	     3,   1640,   1634, -1 
	     3,   1640,   1641, -1 
	     3,   1641,   1636, -1 
	     3,   1642,   1635, -1 
	     3,   1642,   1640, -1 
	     3,   1643,   1638, -1 
	     3,   1641,   1643, -1 
	     3,   1644,   1637, -1 
	     3,   1644,   1642, -1 
	     3,   1645,   1639, -1 
	     3,   1643,   1645, -1 
	     3,   1645,   1644, -1 
	     3,   1646,   1641, -1 
	     3,   1647,   1646, -1 
	     3,   1647,   1640, -1 
	     3,   1646,   1648, -1 
	     3,   1648,   1643, -1 
	     3,   1649,   1642, -1 
	     3,   1649,   1647, -1 
	     3,   1650,   1645, -1 
	     3,   1648,   1650, -1 
	     3,   1651,   1649, -1 
	     3,   1651,   1644, -1 
	     3,   1650,   1651, -1 
	     3,   1652,   1646, -1 
	     3,   1652,   1653, -1 
	     3,   1653,   1648, -1 
	     3,   1654,   1652, -1 
	     3,   1654,   1647, -1 
	     3,   1653,   1655, -1 
	     3,   1655,   1650, -1 
	     3,   1656,   1649, -1 
	     3,   1656,   1654, -1 
	     3,   1657,   1651, -1 
	     3,   1655,   1657, -1 
	     3,   1657,   1656, -1 
	     3,   1658,   1659, -1 
	     3,   1659,   1653, -1 
	     3,   1658,   1652, -1 
	     3,   1659,   1660, -1 
	     3,   1660,   1655, -1 
	     3,   1661,   1658, -1 
	     3,   1661,   1654, -1 
	     3,   1660,   1662, -1 
	     3,   1662,   1657, -1 
	     3,   1663,   1661, -1 
	     3,   1663,   1656, -1 
	     3,   1662,   1663, -1 
	     3,   1664,   1665, -1 
	     3,   1665,   1659, -1 
	     3,   1664,   1658, -1 
	     3,   1665,   1666, -1 
	     3,   1666,   1660, -1 
	     3,   1666,   1667, -1 
	     3,   1667,   1662, -1 
	     3,   1668,   1664, -1 
	     3,   1668,   1661, -1 
	     3,   1667,   1669, -1 
	     3,   1669,   1663, -1 
	     3,   1669,   1668, -1 
	     3,   1670,   1671, -1 
	     3,   1671,   1665, -1 
	     3,   1670,   1664, -1 
	     3,   1671,   1672, -1 
	     3,   1672,   1666, -1 
	     3,   1672,   1673, -1 
	     3,   1673,   1667, -1 
	     3,   1673,   1674, -1 
	     3,   1674,   1669, -1 
	     3,   1675,   1670, -1 
	     3,   1675,   1668, -1 
	     3,   1674,   1675, -1 
	     3,   1676,   1677, -1 
	     3,   1677,   1671, -1 
	     3,   1676,   1670, -1 
	     3,   1677,   1678, -1 
	     3,   1678,   1672, -1 
	     3,   1678,   1679, -1 
	     3,   1679,   1673, -1 
	     3,   1679,   1680, -1 
	     3,   1680,   1674, -1 
	     3,   1680,   1681, -1 
	     3,   1681,   1675, -1 
	     3,   1681,   1676, -1 
	     3,   1677,   1676, -1 
	     3,   1676,   1681, -1 
	     3,   1680,   1679, -1 
	     3,   1681,   1680, -1 
	     3,   1682,   1683, -1 
	     3,   1685,   1682, -1 
	     3,   1683,   1682, -1 
	     3,   1682,   1687, -1 
	     3,   1682,   1685, -1 
	     3,   1683,   1686, -1 
	     3,   1684,   1683, -1 
	     3,   1689,   1690, -1 
	     3,   1690,   1685, -1 
	     3,   1684,   1688, -1 
	     3,   1689,   1684, -1 
	     3,   1685,   1690, -1 
	     3,   1685,   1692, -1 
	     3,   1688,   1686, -1 
	     3,   1686,   1694, -1 
	     3,   1686,   1687, -1 
	     3,   1687,   1695, -1 
	     3,   1687,   1692, -1 
	     3,   1688,   1693, -1 
	     3,   1691,   1688, -1 
	     3,   1689,   1691, -1 
	     3,   1690,   1689, -1 
	     3,   1690,   1697, -1 
	     3,   1691,   1696, -1 
	     3,   1697,   1691, -1 
	     3,   1692,   1697, -1 
	     3,   1692,   1699, -1 
	     3,   1696,   1693, -1 
	     3,   1693,   1701, -1 
	     3,   1693,   1694, -1 
	     3,   1694,   1702, -1 
	     3,   1694,   1695, -1 
	     3,   1695,   1703, -1 
	     3,   1695,   1699, -1 
	     3,   1696,   1700, -1 
	     3,   1698,   1696, -1 
	     3,   1697,   1698, -1 
	     3,   1698,   1704, -1 
	     3,   1699,   1698, -1 
	     3,   1699,   1705, -1 
	     3,   1700,   1701, -1 
	     3,   1700,   1706, -1 
	     3,   1704,   1700, -1 
	     3,   1701,   1708, -1 
	     3,   1701,   1702, -1 
	     3,   1702,   1709, -1 
	     3,   1702,   1703, -1 
	     3,   1703,   1710, -1 
	     3,   1703,   1705, -1 
	     3,   1704,   1707, -1 
	     3,   1705,   1704, -1 
	     3,   1705,   1711, -1 
	     3,   1707,   1706, -1 
	     3,   1706,   1708, -1 
	     3,   1706,   1713, -1 
	     3,   1711,   1707, -1 
	     3,   1707,   1712, -1 
	     3,   1708,   1715, -1 
	     3,   1708,   1709, -1 
	     3,   1709,   1710, -1 
	     3,   1709,   1716, -1 
	     3,   1710,   1717, -1 
	     3,   1710,   1711, -1 
	     3,   1711,   1714, -1 
	     3,   1714,   1712, -1 
	     3,   1712,   1713, -1 
	     3,   1712,   1719, -1 
	     3,   1713,   1715, -1 
	     3,   1713,   1720, -1 
	     3,   1717,   1714, -1 
	     3,   1714,   1718, -1 
	     3,   1715,   1722, -1 
	     3,   1715,   1716, -1 
	     3,   1716,   1723, -1 
	     3,   1716,   1717, -1 
	     3,   1717,   1721, -1 
	     3,   1718,   1719, -1 
	     3,   1721,   1718, -1 
	     3,   1718,   1724, -1 
	     3,   1719,   1726, -1 
	     3,   1719,   1720, -1 
	     3,   1720,   1722, -1 
	     3,   1720,   1727, -1 
	     3,   1723,   1721, -1 
	     3,   1721,   1725, -1 
	     3,   1722,   1729, -1 
	     3,   1722,   1723, -1 
	     3,   1723,   1728, -1 
	     3,   1725,   1724, -1 
	     3,   1724,   1726, -1 
	     3,   1724,   1731, -1 
	     3,   1728,   1725, -1 
	     3,   1725,   1730, -1 
	     3,   1726,   1733, -1 
	     3,   1726,   1727, -1 
	     3,   1727,   1734, -1 
	     3,   1727,   1729, -1 
	     3,   1729,   1728, -1 
	     3,   1728,   1732, -1 
	     3,   1729,   1735, -1 
	     3,   1730,   1731, -1 
	     3,   1730,   1736, -1 
	     3,   1732,   1730, -1 
	     3,   1731,   1733, -1 
	     3,   1731,   1738, -1 
	     3,   1735,   1732, -1 
	     3,   1732,   1737, -1 
	     3,   1733,   1740, -1 
	     3,   1733,   1734, -1 
	     3,   1734,   1741, -1 
	     3,   1734,   1735, -1 
	     3,   1735,   1739, -1 
	     3,   1737,   1736, -1 
	     3,   1736,   1743, -1 
	     3,   1736,   1738, -1 
	     3,   1739,   1737, -1 
	     3,   1737,   1742, -1 
	     3,   1738,   1745, -1 
	     3,   1738,   1740, -1 
	     3,   1739,   1744, -1 
	     3,   1741,   1739, -1 
	     3,   1740,   1747, -1 
	     3,   1740,   1741, -1 
	     3,   1741,   1746, -1 
	     3,   1742,   1748, -1 
	     3,   1742,   1743, -1 
	     3,   1744,   1742, -1 
	     3,   1743,   1750, -1 
	     3,   1743,   1745, -1 
	     3,   1744,   1749, -1 
	     3,   1746,   1744, -1 
	     3,   1745,   1752, -1 
	     3,   1745,   1747, -1 
	     3,   1746,   1751, -1 
	     3,   1747,   1746, -1 
	     3,   1747,   1753, -1 
	     3,   1748,   1754, -1 
	     3,   1749,   1748, -1 
	     3,   1748,   1750, -1 
	     3,   1749,   1755, -1 
	     3,   1751,   1749, -1 
	     3,   1750,   1757, -1 
	     3,   1750,   1752, -1 
	     3,   1751,   1756, -1 
	     3,   1753,   1751, -1 
	     3,   1752,   1759, -1 
	     3,   1752,   1753, -1 
	     3,   1753,   1758, -1 
	     3,   1754,   1760, -1 
	     3,   1755,   1754, -1 
	     3,   1754,   1757, -1 
	     3,   1755,   1761, -1 
	     3,   1756,   1755, -1 
	     3,   1756,   1762, -1 
	     3,   1758,   1756, -1 
	     3,   1757,   1764, -1 
	     3,   1757,   1759, -1 
	     3,   1758,   1763, -1 
	     3,   1759,   1758, -1 
	     3,   1759,   1765, -1 
	     3,   1761,   1760, -1 
	     3,   1760,   1767, -1 
	     3,   1760,   1764, -1 
	     3,   1761,   1766, -1 
	     3,   1762,   1761, -1 
	     3,   1762,   1768, -1 
	     3,   1763,   1762, -1 
	     3,   1763,   1769, -1 
	     3,   1765,   1763, -1 
	     3,   1764,   1771, -1 
	     3,   1764,   1765, -1 
	     3,   1765,   1770, -1 
	     3,   1766,   1772, -1 
	     3,   1768,   1766, -1 
	     3,   1766,   1767, -1 
	     3,   1767,   1774, -1 
	     3,   1767,   1771, -1 
	     3,   1768,   1773, -1 
	     3,   1769,   1768, -1 
	     3,   1769,   1775, -1 
	     3,   1770,   1769, -1 
	     3,   1770,   1776, -1 
	     3,   1771,   1770, -1 
	     3,   1771,   1777, -1 
	     3,   1772,   1774, -1 
	     3,   1775,   1773, -1 
	     3,   1773,   1777, -1 
	     3,   1774,   1777, -1 
	     3,   1778,   1779, -1 
	     3,   1781,   1779, -1 
	     3,   1782,   1778, -1 
	     3,   1782,   1781, -1 
	     3,   1779,   1783, -1 
	     3,   1784,   1783, -1 
	     3,   1781,   1784, -1 
	     3,   1785,   1786, -1 
	     3,   1783,   1785, -1 
	     3,   1787,   1780, -1 
	     3,   1787,   1782, -1 
	     3,   1788,   1784, -1 
	     3,   1789,   1788, -1 
	     3,   1789,   1781, -1 
	     3,   1790,   1782, -1 
	     3,   1790,   1789, -1 
	     3,   1784,   1791, -1 
	     3,   1791,   1785, -1 
	     3,   1788,   1791, -1 
	     3,   1792,   1786, -1 
	     3,   1791,   1792, -1 
	     3,   1792,   1787, -1 
	     3,   1793,   1787, -1 
	     3,   1787,   1793, -1 
	     3,   1788,   1794, -1 
	     3,   1788,   1795, -1 
	     3,   1795,   1788, -1 
	     3,   1796,   1789, -1 
	     3,   1796,   1795, -1 
	     3,   1797,   1790, -1 
	     3,   1797,   1796, -1 
	     3,   1794,   1792, -1 
	     3,   1794,   1793, -1 
	     3,   1798,   1793, -1 
	     3,   1798,   1797, -1 
	     3,   1799,   1798, -1 
	     3,   1795,   1799, -1 
	     3,   1800,   1795, -1 
	     3,   1800,   1801, -1 
	     3,   1801,   1799, -1 
	     3,   1802,   1796, -1 
	     3,   1802,   1800, -1 
	     3,   1803,   1797, -1 
	     3,   1803,   1802, -1 
	     3,   1804,   1798, -1 
	     3,   1804,   1803, -1 
	     3,   1801,   1804, -1 
	     3,   1805,   1800, -1 
	     3,   1805,   1806, -1 
	     3,   1800,   1806, -1 
	     3,   1800,   1807, -1 
	     3,   1808,   1804, -1 
	     3,   1807,   1808, -1 
	     3,   1809,   1802, -1 
	     3,   1809,   1805, -1 
	     3,   1810,   1803, -1 
	     3,   1810,   1809, -1 
	     3,   1808,   1810, -1 
	     3,   1811,   1805, -1 
	     3,   1812,   1806, -1 
	     3,   1811,   1812, -1 
	     3,   1813,   1807, -1 
	     3,   1812,   1813, -1 
	     3,   1814,   1808, -1 
	     3,   1813,   1814, -1 
	     3,   1815,   1810, -1 
	     3,   1814,   1815, -1 
	     3,   1816,   1809, -1 
	     3,   1816,   1811, -1 
	     3,   1815,   1816, -1 
	     3,   1817,   1811, -1 
	     3,   1817,   1818, -1 
	     3,   1818,   1812, -1 
	     3,   1819,   1813, -1 
	     3,   1818,   1819, -1 
	     3,   1820,   1814, -1 
	     3,   1819,   1820, -1 
	     3,   1821,   1815, -1 
	     3,   1820,   1821, -1 
	     3,   1822,   1816, -1 
	     3,   1821,   1822, -1 
	     3,   1822,   1817, -1 
	     3,   1823,   1817, -1 
	     3,   1824,   1818, -1 
	     3,   1823,   1824, -1 
	     3,   1825,   1819, -1 
	     3,   1824,   1825, -1 
	     3,   1826,   1820, -1 
	     3,   1825,   1826, -1 
	     3,   1827,   1821, -1 
	     3,   1826,   1827, -1 
	     3,   1828,   1822, -1 
	     3,   1827,   1828, -1 
	     3,   1828,   1823, -1 
	     3,   1829,   1824, -1 
	     3,   1830,   1823, -1 
	     3,   1830,   1829, -1 
	     3,   1831,   1825, -1 
	     3,   1829,   1831, -1 
	     3,   1832,   1826, -1 
	     3,   1831,   1832, -1 
	     3,   1833,   1827, -1 
	     3,   1832,   1833, -1 
	     3,   1834,   1828, -1 
	     3,   1833,   1834, -1 
	     3,   1834,   1830, -1 
	     3,   1835,   1829, -1 
	     3,   1835,   1836, -1 
	     3,   1836,   1831, -1 
	     3,   1837,   1835, -1 
	     3,   1837,   1830, -1 
	     3,   1836,   1838, -1 
	     3,   1838,   1832, -1 
	     3,   1838,   1839, -1 
	     3,   1839,   1833, -1 
	     3,   1840,   1834, -1 
	     3,   1839,   1840, -1 
	     3,   1840,   1837, -1 
	     3,   1841,   1842, -1 
	     3,   1842,   1836, -1 
	     3,   1841,   1835, -1 
	     3,   1842,   1843, -1 
	     3,   1843,   1838, -1 
	     3,   1844,   1841, -1 
	     3,   1844,   1837, -1 
	     3,   1843,   1845, -1 
	     3,   1845,   1839, -1 
	     3,   1845,   1846, -1 
	     3,   1846,   1840, -1 
	     3,   1846,   1844, -1 
	     3,   1847,   1842, -1 
	     3,   1848,   1847, -1 
	     3,   1848,   1841, -1 
	     3,   1847,   1849, -1 
	     3,   1849,   1843, -1 
	     3,   1849,   1850, -1 
	     3,   1850,   1845, -1 
	     3,   1851,   1848, -1 
	     3,   1851,   1844, -1 
	     3,   1850,   1852, -1 
	     3,   1852,   1846, -1 
	     3,   1852,   1851, -1 
	     3,   1853,   1854, -1 
	     3,   1854,   1849, -1 
	     3,   1853,   1847, -1 
	     3,   1855,   1853, -1 
	     3,   1855,   1848, -1 
	     3,   1854,   1856, -1 
	     3,   1856,   1850, -1 
	     3,   1856,   1857, -1 
	     3,   1857,   1852, -1 
	     3,   1858,   1855, -1 
	     3,   1858,   1851, -1 
	     3,   1857,   1858, -1 
	     3,   1859,   1860, -1 
	     3,   1860,   1854, -1 
	     3,   1859,   1853, -1 
	     3,   1860,   1861, -1 
	     3,   1861,   1856, -1 
	     3,   1862,   1859, -1 
	     3,   1862,   1855, -1 
	     3,   1861,   1863, -1 
	     3,   1863,   1857, -1 
	     3,   1864,   1858, -1 
	     3,   1863,   1864, -1 
	     3,   1864,   1862, -1 
	     3,   1865,   1860, -1 
	     3,   1866,   1865, -1 
	     3,   1866,   1859, -1 
	     3,   1865,   1867, -1 
	     3,   1867,   1861, -1 
	     3,   1867,   1868, -1 
	     3,   1868,   1863, -1 
	     3,   1869,   1866, -1 
	     3,   1869,   1862, -1 
	     3,   1870,   1864, -1 
	     3,   1868,   1870, -1 
	     3,   1870,   1869, -1 
	     3,   1865,   1866, -1 
	     3,   1868,   1865, -1 
	     3,   1867,   1865, -1 
	     3,   1866,   1869, -1 
	     3,   1871,   1872, -1 
	     3,   1874,   1871, -1 
	     3,   1875,   1872, -1 
	     3,   1874,   1875, -1 
	     3,   1872,   1876, -1 
	     3,   1877,   1876, -1 
	     3,   1875,   1877, -1 
	     3,   1878,   1879, -1 
	     3,   1876,   1878, -1 
	     3,   1880,   1873, -1 
	     3,   1880,   1874, -1 
	     3,   1881,   1874, -1 
	     3,   1882,   1875, -1 
	     3,   1881,   1882, -1 
	     3,   1883,   1877, -1 
	     3,   1882,   1883, -1 
	     3,   1877,   1884, -1 
	     3,   1884,   1878, -1 
	     3,   1885,   1884, -1 
	     3,   1883,   1885, -1 
	     3,   1886,   1879, -1 
	     3,   1884,   1886, -1 
	     3,   1886,   1880, -1 
	     3,   1887,   1881, -1 
	     3,   1887,   1880, -1 
	     3,   1888,   1882, -1 
	     3,   1889,   1888, -1 
	     3,   1889,   1881, -1 
	     3,   1890,   1883, -1 
	     3,   1888,   1890, -1 
	     3,   1891,   1885, -1 
	     3,   1890,   1891, -1 
	     3,   1892,   1886, -1 
	     3,   1885,   1892, -1 
	     3,   1893,   1892, -1 
	     3,   1891,   1893, -1 
	     3,   1892,   1887, -1 
	     3,   1894,   1887, -1 
	     3,   1894,   1889, -1 
	     3,   1895,   1890, -1 
	     3,   1896,   1895, -1 
	     3,   1896,   1888, -1 
	     3,   1897,   1889, -1 
	     3,   1897,   1896, -1 
	     3,   1895,   1898, -1 
	     3,   1898,   1891, -1 
	     3,   1898,   1899, -1 
	     3,   1899,   1893, -1 
	     3,   1893,   1894, -1 
	     3,   1900,   1894, -1 
	     3,   1899,   1900, -1 
	     3,   1900,   1897, -1 
	     3,   1901,   1898, -1 
	     3,   1902,   1895, -1 
	     3,   1902,   1901, -1 
	     3,   1903,   1896, -1 
	     3,   1903,   1902, -1 
	     3,   1904,   1903, -1 
	     3,   1904,   1897, -1 
	     3,   1901,   1905, -1 
	     3,   1905,   1899, -1 
	     3,   1906,   1900, -1 
	     3,   1905,   1906, -1 
	     3,   1906,   1904, -1 
	     3,   1907,   1905, -1 
	     3,   1908,   1907, -1 
	     3,   1908,   1901, -1 
	     3,   1909,   1902, -1 
	     3,   1909,   1908, -1 
	     3,   1910,   1903, -1 
	     3,   1910,   1909, -1 
	     3,   1911,   1904, -1 
	     3,   1911,   1910, -1 
	     3,   1907,   1912, -1 
	     3,   1912,   1906, -1 
	     3,   1912,   1911, -1 
	     3,   1913,   1907, -1 
	     3,   1913,   1914, -1 
	     3,   1914,   1912, -1 
	     3,   1915,   1908, -1 
	     3,   1915,   1913, -1 
	     3,   1916,   1915, -1 
	     3,   1916,   1909, -1 
	     3,   1917,   1916, -1 
	     3,   1917,   1910, -1 
	     3,   1918,   1911, -1 
	     3,   1918,   1917, -1 
	     3,   1914,   1918, -1 
	     3,   1919,   1914, -1 
	     3,   1920,   1913, -1 
	     3,   1920,   1919, -1 
	     3,   1919,   1921, -1 
	     3,   1921,   1918, -1 
	     3,   1922,   1920, -1 
	     3,   1922,   1915, -1 
	     3,   1923,   1922, -1 
	     3,   1923,   1916, -1 
	     3,   1924,   1917, -1 
	     3,   1924,   1923, -1 
	     3,   1921,   1924, -1 
	     3,   1925,   1919, -1 
	     3,   1925,   1926, -1 
	     3,   1926,   1921, -1 
	     3,   1927,   1920, -1 
	     3,   1927,   1925, -1 
	     3,   1926,   1928, -1 
	     3,   1928,   1924, -1 
	     3,   1929,   1927, -1 
	     3,   1929,   1922, -1 
	     3,   1930,   1929, -1 
	     3,   1930,   1923, -1 
	     3,   1928,   1930, -1 
	     3,   1931,   1926, -1 
	     3,   1932,   1931, -1 
	     3,   1932,   1925, -1 
	     3,   1931,   1933, -1 
	     3,   1933,   1928, -1 
	     3,   1934,   1927, -1 
	     3,   1934,   1932, -1 
	     3,   1935,   1930, -1 
	     3,   1933,   1935, -1 
	     3,   1936,   1934, -1 
	     3,   1936,   1929, -1 
	     3,   1935,   1936, -1 
	     3,   1937,   1931, -1 
	     3,   1937,   1938, -1 
	     3,   1938,   1933, -1 
	     3,   1939,   1937, -1 
	     3,   1939,   1932, -1 
	     3,   1938,   1940, -1 
	     3,   1940,   1935, -1 
	     3,   1941,   1939, -1 
	     3,   1941,   1934, -1 
	     3,   1942,   1936, -1 
	     3,   1940,   1942, -1 
	     3,   1942,   1941, -1 
	     3,   1943,   1944, -1 
	     3,   1944,   1938, -1 
	     3,   1943,   1937, -1 
	     3,   1944,   1945, -1 
	     3,   1945,   1940, -1 
	     3,   1946,   1943, -1 
	     3,   1946,   1939, -1 
	     3,   1945,   1947, -1 
	     3,   1947,   1942, -1 
	     3,   1948,   1946, -1 
	     3,   1948,   1941, -1 
	     3,   1947,   1948, -1 
	     3,   1949,   1944, -1 
	     3,   1950,   1949, -1 
	     3,   1950,   1943, -1 
	     3,   1949,   1951, -1 
	     3,   1951,   1945, -1 
	     3,   1951,   1952, -1 
	     3,   1952,   1947, -1 
	     3,   1953,   1950, -1 
	     3,   1953,   1946, -1 
	     3,   1952,   1954, -1 
	     3,   1954,   1948, -1 
	     3,   1954,   1953, -1 
	     3,   1955,   1956, -1 
	     3,   1956,   1951, -1 
	     3,   1955,   1949, -1 
	     3,   1957,   1955, -1 
	     3,   1957,   1950, -1 
	     3,   1956,   1958, -1 
	     3,   1958,   1952, -1 
	     3,   1958,   1959, -1 
	     3,   1959,   1954, -1 
	     3,   1960,   1957, -1 
	     3,   1960,   1953, -1 
	     3,   1959,   1960, -1 
	     3,   1961,   1956, -1 
	     3,   1962,   1961, -1 
	     3,   1962,   1955, -1 
	     3,   1961,   1963, -1 
	     3,   1963,   1958, -1 
	     3,   1964,   1962, -1 
	     3,   1964,   1957, -1 
	     3,   1963,   1965, -1 
	     3,   1965,   1959, -1 
	     3,   1965,   1966, -1 
	     3,   1966,   1960, -1 
	     3,   1966,   1964, -1 
	     3,   1965,   1963, -1 
	     3,   1965,   1961, -1 
	     3,   1962,   1964, -1 
	     3,   1964,   1966, -1 
	     3,   1967,   1968, -1 
	     3,   1967,   1969, -1 
	     3,   1968,   1967, -1 
	     3,   1967,   1970, -1 
	     3,   1968,   1972, -1 
	     3,   1972,   1968, -1 
	     3,   1968,   1971, -1 
	     3,   1969,   1972, -1 
	     3,   1969,   1974, -1 
	     3,   1970,   1974, -1 
	     3,   1971,   1970, -1 
	     3,   1970,   1975, -1 
	     3,   1973,   1971, -1 
	     3,   1971,   1976, -1 
	     3,   1972,   1973, -1 
	     3,   1974,   1973, -1 
	     3,   1973,   1977, -1 
	     3,   1974,   1978, -1 
	     3,   1975,   1978, -1 
	     3,   1976,   1975, -1 
	     3,   1975,   1979, -1 
	     3,   1977,   1976, -1 
	     3,   1976,   1980, -1 
	     3,   1978,   1977, -1 
	     3,   1977,   1981, -1 
	     3,   1978,   1982, -1 
	     3,   1979,   1982, -1 
	     3,   1980,   1979, -1 
	     3,   1979,   1983, -1 
	     3,   1981,   1980, -1 
	     3,   1980,   1984, -1 
	     3,   1982,   1981, -1 
	     3,   1981,   1985, -1 
	     3,   1982,   1986, -1 
	     3,   1983,   1986, -1 
	     3,   1984,   1983, -1 
	     3,   1983,   1987, -1 
	     3,   1985,   1984, -1 
	     3,   1984,   1988, -1 
	     3,   1986,   1985, -1 
	     3,   1985,   1989, -1 
	     3,   1986,   1990, -1 
	     3,   1987,   1990, -1 
	     3,   1988,   1987, -1 
	     3,   1987,   1991, -1 
	     3,   1988,   1992, -1 
	     3,   1989,   1988, -1 
	     3,   1990,   1989, -1 
	     3,   1989,   1993, -1 
	     3,   1990,   1994, -1 
	     3,   1991,   1994, -1 
	     3,   1991,   1995, -1 
	     3,   1992,   1991, -1 
	     3,   1992,   1996, -1 
	     3,   1993,   1992, -1 
	     3,   1994,   1993, -1 
	     3,   1993,   1997, -1 
	     3,   1994,   1998, -1 
	     3,   1995,   1998, -1 
	     3,   1995,   1999, -1 
	     3,   1996,   1995, -1 
	     3,   1996,   2000, -1 
	     3,   1997,   1996, -1 
	     3,   1998,   1997, -1 
	     3,   1997,   2001, -1 
	     3,   1998,   2002, -1 
	     3,   1999,   2002, -1 
	     3,   1999,   2003, -1 
	     3,   2000,   1999, -1 
	     3,   2001,   2000, -1 
	     3,   2000,   2004, -1 
	     3,   2002,   2001, -1 
	     3,   2001,   2005, -1 
	     3,   2002,   2006, -1 
	     3,   2003,   2006, -1 
	     3,   2004,   2003, -1 
	     3,   2003,   2007, -1 
	     3,   2005,   2004, -1 
	     3,   2004,   2008, -1 
	     3,   2006,   2005, -1 
	     3,   2005,   2009, -1 
	     3,   2006,   2010, -1 
	     3,   2008,   2007, -1 
	     3,   2007,   2012, -1 
	     3,   2007,   2010, -1 
	     3,   2009,   2008, -1 
	     3,   2008,   2011, -1 
	     3,   2010,   2009, -1 
	     3,   2009,   2013, -1 
	     3,   2010,   2014, -1 
	     3,   2013,   2011, -1 
	     3,   2011,   2012, -1 
	     3,   2011,   2016, -1 
	     3,   2012,   2014, -1 
	     3,   2012,   2017, -1 
	     3,   2014,   2013, -1 
	     3,   2013,   2015, -1 
	     3,   2014,   2018, -1 
	     3,   2018,   2015, -1 
	     3,   2015,   2020, -1 
	     3,   2015,   2016, -1 
	     3,   2016,   2017, -1 
	     3,   2016,   2021, -1 
	     3,   2017,   2018, -1 
	     3,   2017,   2022, -1 
	     3,   2018,   2019, -1 
	     3,   2022,   2019, -1 
	     3,   2019,   2024, -1 
	     3,   2019,   2020, -1 
	     3,   2025,   2024, -1 
	     3,   2020,   2021, -1 
	     3,   2021,   2026, -1 
	     3,   2021,   2022, -1 
	     3,   2022,   2023, -1 
	     3,   2023,   2024, -1 
	     3,   2023,   2027, -1 
	     3,   2026,   2023, -1 
	     3,   2024,   2025, -1 
	     3,   2024,   2029, -1 
	     3,   2025,   2026, -1 
	     3,   2026,   2028, -1 
	     3,   2029,   2028, -1 
	     3,   2030,   2031, -1 
	     3,   2033,   2030, -1 
	     3,   2033,   2035, -1 
	     3,   2035,   2031, -1 
	     3,   2034,   2030, -1 
	     3,   2030,   2032, -1 
	     3,   2037,   2038, -1 
	     3,   2031,   2038, -1 
	     3,   2031,   2039, -1 
	     3,   2035,   2037, -1 
	     3,   2032,   2040, -1 
	     3,   2032,   2039, -1 
	     3,   2033,   2041, -1 
	     3,   2033,   2043, -1 
	     3,   2035,   2033, -1 
	     3,   2044,   2033, -1 
	     3,   2044,   2043, -1 
	     3,   2034,   2045, -1 
	     3,   2034,   2046, -1 
	     3,   2034,   2036, -1 
	     3,   2035,   2042, -1 
	     3,   2048,   2035, -1 
	     3,   2035,   2049, -1 
	     3,   2035,   2048, -1 
	     3,   2050,   2051, -1 
	     3,   2050,   2036, -1 
	     3,   2051,   2046, -1 
	     3,   2037,   2049, -1 
	     3,   2052,   2038, -1 
	     3,   2052,   2053, -1 
	     3,   2039,   2038, -1 
	     3,   2040,   2039, -1 
	     3,   2039,   2053, -1 
	     3,   2055,   2040, -1 
	     3,   2055,   2050, -1 
	     3,   2056,   2041, -1 
	     3,   2056,   2058, -1 
	     3,   2058,   2042, -1 
	     3,   2041,   2059, -1 
	     3,   2041,   2043, -1 
	     3,   2060,   2047, -1 
	     3,   2058,   2060, -1 
	     3,   2061,   2043, -1 
	     3,   2061,   2059, -1 
	     3,   2062,   2043, -1 
	     3,   2063,   2044, -1 
	     3,   2063,   2062, -1 
	     3,   2064,   2044, -1 
	     3,   2044,   2045, -1 
	     3,   2065,   2045, -1 
	     3,   2051,   2045, -1 
	     3,   2051,   2067, -1 
	     3,   2055,   2045, -1 
	     3,   2055,   2066, -1 
	     3,   2068,   2057, -1 
	     3,   2060,   2068, -1 
	     3,   2069,   2047, -1 
	     3,   2069,   2048, -1 
	     3,   2069,   2052, -1 
	     3,   2052,   2049, -1 
	     3,   2050,   2070, -1 
	     3,   2050,   2055, -1 
	     3,   2051,   2050, -1 
	     3,   2051,   2071, -1 
	     3,   2067,   2051, -1 
	     3,   2069,   2073, -1 
	     3,   2074,   2052, -1 
	     3,   2074,   2053, -1 
	     3,   2075,   2053, -1 
	     3,   2075,   2054, -1 
	     3,   2055,   2054, -1 
	     3,   2055,   2076, -1 
	     3,   2055,   2067, -1 
	     3,   2055,   2077, -1 
	     3,   2055,   2075, -1 
	     3,   2056,   2068, -1 
	     3,   2078,   2079, -1 
	     3,   2068,   2056, -1 
	     3,   2079,   2058, -1 
	     3,   2059,   2069, -1 
	     3,   2079,   2080, -1 
	     3,   2080,   2060, -1 
	     3,   2081,   2059, -1 
	     3,   2081,   2069, -1 
	     3,   2082,   2068, -1 
	     3,   2080,   2082, -1 
	     3,   2083,   2061, -1 
	     3,   2083,   2081, -1 
	     3,   2084,   2061, -1 
	     3,   2084,   2062, -1 
	     3,   2084,   2063, -1 
	     3,   2086,   2063, -1 
	     3,   2086,   2085, -1 
	     3,   2087,   2063, -1 
	     3,   2088,   2064, -1 
	     3,   2088,   2087, -1 
	     3,   2089,   2064, -1 
	     3,   2064,   2091, -1 
	     3,   2064,   2065, -1 
	     3,   2091,   2065, -1 
	     3,   2065,   2066, -1 
	     3,   2092,   2066, -1 
	     3,   2067,   2072, -1 
	     3,   2082,   2078, -1 
	     3,   2093,   2069, -1 
	     3,   2074,   2069, -1 
	     3,   2074,   2073, -1 
	     3,   2070,   2076, -1 
	     3,   2070,   2094, -1 
	     3,   2071,   2070, -1 
	     3,   2072,   2071, -1 
	     3,   2071,   2095, -1 
	     3,   2076,   2072, -1 
	     3,   2072,   2096, -1 
	     3,   2093,   2075, -1 
	     3,   2093,   2077, -1 
	     3,   2076,   2097, -1 
	     3,   2098,   2077, -1 
	     3,   2092,   2077, -1 
	     3,   2079,   2078, -1 
	     3,   2100,   2078, -1 
	     3,   2100,   2099, -1 
	     3,   2099,   2101, -1 
	     3,   2101,   2080, -1 
	     3,   2101,   2102, -1 
	     3,   2102,   2082, -1 
	     3,   2103,   2081, -1 
	     3,   2103,   2093, -1 
	     3,   2102,   2100, -1 
	     3,   2104,   2083, -1 
	     3,   2083,   2084, -1 
	     3,   2104,   2103, -1 
	     3,   2104,   2085, -1 
	     3,   2106,   2105, -1 
	     3,   2107,   2085, -1 
	     3,   2107,   2106, -1 
	     3,   2108,   2086, -1 
	     3,   2108,   2107, -1 
	     3,   2109,   2086, -1 
	     3,   2109,   2087, -1 
	     3,   2110,   2109, -1 
	     3,   2111,   2088, -1 
	     3,   2111,   2110, -1 
	     3,   2112,   2088, -1 
	     3,   2112,   2089, -1 
	     3,   2113,   2089, -1 
	     3,   2089,   2090, -1 
	     3,   2090,   2115, -1 
	     3,   2114,   2090, -1 
	     3,   2090,   2117, -1 
	     3,   2090,   2091, -1 
	     3,   2117,   2091, -1 
	     3,   2091,   2092, -1 
	     3,   2118,   2092, -1 
	     3,   2119,   2093, -1 
	     3,   2119,   2098, -1 
	     3,   2095,   2094, -1 
	     3,   2094,   2121, -1 
	     3,   2094,   2097, -1 
	     3,   2095,   2120, -1 
	     3,   2096,   2095, -1 
	     3,   2096,   2122, -1 
	     3,   2097,   2096, -1 
	     3,   2097,   2123, -1 
	     3,   2118,   2098, -1 
	     3,   2101,   2099, -1 
	     3,   2125,   2099, -1 
	     3,   2125,   2124, -1 
	     3,   2126,   2100, -1 
	     3,   2126,   2125, -1 
	     3,   2124,   2127, -1 
	     3,   2127,   2102, -1 
	     3,   2127,   2126, -1 
	     3,   2128,   2103, -1 
	     3,   2129,   2103, -1 
	     3,   2129,   2130, -1 
	     3,   2119,   2103, -1 
	     3,   2131,   2104, -1 
	     3,   2131,   2132, -1 
	     3,   2128,   2104, -1 
	     3,   2131,   2105, -1 
	     3,   2133,   2109, -1 
	     3,   2106,   2133, -1 
	     3,   2134,   2133, -1 
	     3,   2135,   2106, -1 
	     3,   2135,   2134, -1 
	     3,   2136,   2107, -1 
	     3,   2136,   2135, -1 
	     3,   2137,   2108, -1 
	     3,   2137,   2136, -1 
	     3,   2133,   2108, -1 
	     3,   2131,   2109, -1 
	     3,   2138,   2131, -1 
	     3,   2139,   2110, -1 
	     3,   2139,   2138, -1 
	     3,   2140,   2110, -1 
	     3,   2140,   2111, -1 
	     3,   2140,   2112, -1 
	     3,   2141,   2112, -1 
	     3,   2141,   2113, -1 
	     3,   2142,   2113, -1 
	     3,   2113,   2114, -1 
	     3,   2114,   2116, -1 
	     3,   2143,   2114, -1 
	     3,   2116,   2115, -1 
	     3,   2115,   2146, -1 
	     3,   2115,   2117, -1 
	     3,   2144,   2116, -1 
	     3,   2147,   2116, -1 
	     3,   2116,   2145, -1 
	     3,   2147,   2117, -1 
	     3,   2117,   2119, -1 
	     3,   2117,   2118, -1 
	     3,   2117,   2149, -1 
	     3,   2117,   2147, -1 
	     3,   2122,   2120, -1 
	     3,   2120,   2151, -1 
	     3,   2120,   2121, -1 
	     3,   2121,   2152, -1 
	     3,   2121,   2123, -1 
	     3,   2123,   2122, -1 
	     3,   2122,   2150, -1 
	     3,   2123,   2153, -1 
	     3,   2154,   2127, -1 
	     3,   2155,   2124, -1 
	     3,   2155,   2154, -1 
	     3,   2156,   2125, -1 
	     3,   2156,   2155, -1 
	     3,   2157,   2126, -1 
	     3,   2157,   2156, -1 
	     3,   2154,   2157, -1 
	     3,   2158,   2128, -1 
	     3,   2159,   2128, -1 
	     3,   2159,   2129, -1 
	     3,   2147,   2129, -1 
	     3,   2160,   2129, -1 
	     3,   2147,   2130, -1 
	     3,   2161,   2162, -1 
	     3,   2138,   2161, -1 
	     3,   2162,   2163, -1 
	     3,   2163,   2132, -1 
	     3,   2158,   2132, -1 
	     3,   2134,   2137, -1 
	     3,   2164,   2137, -1 
	     3,   2165,   2134, -1 
	     3,   2165,   2164, -1 
	     3,   2166,   2135, -1 
	     3,   2166,   2165, -1 
	     3,   2167,   2136, -1 
	     3,   2167,   2166, -1 
	     3,   2164,   2167, -1 
	     3,   2168,   2161, -1 
	     3,   2169,   2138, -1 
	     3,   2169,   2168, -1 
	     3,   2170,   2139, -1 
	     3,   2170,   2169, -1 
	     3,   2171,   2139, -1 
	     3,   2162,   2140, -1 
	     3,   2171,   2140, -1 
	     3,   2172,   2140, -1 
	     3,   2172,   2141, -1 
	     3,   2173,   2141, -1 
	     3,   2174,   2141, -1 
	     3,   2174,   2142, -1 
	     3,   2175,   2142, -1 
	     3,   2142,   2143, -1 
	     3,   2176,   2143, -1 
	     3,   2143,   2144, -1 
	     3,   2144,   2178, -1 
	     3,   2144,   2160, -1 
	     3,   2144,   2147, -1 
	     3,   2177,   2144, -1 
	     3,   2180,   2144, -1 
	     3,   2148,   2145, -1 
	     3,   2145,   2182, -1 
	     3,   2145,   2146, -1 
	     3,   2146,   2183, -1 
	     3,   2146,   2149, -1 
	     3,   2147,   2148, -1 
	     3,   2149,   2148, -1 
	     3,   2148,   2181, -1 
	     3,   2149,   2184, -1 
	     3,   2153,   2150, -1 
	     3,   2150,   2186, -1 
	     3,   2150,   2151, -1 
	     3,   2151,   2187, -1 
	     3,   2151,   2152, -1 
	     3,   2152,   2188, -1 
	     3,   2152,   2153, -1 
	     3,   2153,   2185, -1 
	     3,   2157,   2154, -1 
	     3,   2190,   2154, -1 
	     3,   2190,   2189, -1 
	     3,   2191,   2190, -1 
	     3,   2191,   2155, -1 
	     3,   2192,   2156, -1 
	     3,   2192,   2191, -1 
	     3,   2157,   2189, -1 
	     3,   2193,   2158, -1 
	     3,   2194,   2158, -1 
	     3,   2194,   2159, -1 
	     3,   2195,   2159, -1 
	     3,   2160,   2159, -1 
	     3,   2160,   2196, -1 
	     3,   2160,   2195, -1 
	     3,   2161,   2171, -1 
	     3,   2168,   2197, -1 
	     3,   2197,   2171, -1 
	     3,   2198,   2162, -1 
	     3,   2198,   2163, -1 
	     3,   2193,   2163, -1 
	     3,   2199,   2164, -1 
	     3,   2199,   2200, -1 
	     3,   2200,   2167, -1 
	     3,   2201,   2165, -1 
	     3,   2201,   2199, -1 
	     3,   2202,   2166, -1 
	     3,   2202,   2201, -1 
	     3,   2200,   2202, -1 
	     3,   2203,   2197, -1 
	     3,   2204,   2168, -1 
	     3,   2204,   2203, -1 
	     3,   2205,   2169, -1 
	     3,   2205,   2204, -1 
	     3,   2206,   2170, -1 
	     3,   2206,   2205, -1 
	     3,   2197,   2170, -1 
	     3,   2207,   2172, -1 
	     3,   2207,   2198, -1 
	     3,   2208,   2207, -1 
	     3,   2209,   2173, -1 
	     3,   2209,   2208, -1 
	     3,   2210,   2173, -1 
	     3,   2211,   2210, -1 
	     3,   2212,   2174, -1 
	     3,   2212,   2211, -1 
	     3,   2175,   2213, -1 
	     3,   2175,   2214, -1 
	     3,   2175,   2176, -1 
	     3,   2215,   2176, -1 
	     3,   2214,   2176, -1 
	     3,   2176,   2180, -1 
	     3,   2176,   2177, -1 
	     3,   2179,   2178, -1 
	     3,   2178,   2218, -1 
	     3,   2178,   2196, -1 
	     3,   2179,   2217, -1 
	     3,   2220,   2179, -1 
	     3,   2180,   2179, -1 
	     3,   2216,   2180, -1 
	     3,   2195,   2180, -1 
	     3,   2184,   2181, -1 
	     3,   2181,   2222, -1 
	     3,   2181,   2182, -1 
	     3,   2182,   2223, -1 
	     3,   2182,   2183, -1 
	     3,   2183,   2224, -1 
	     3,   2183,   2184, -1 
	     3,   2184,   2221, -1 
	     3,   2188,   2185, -1 
	     3,   2185,   2226, -1 
	     3,   2185,   2186, -1 
	     3,   2186,   2227, -1 
	     3,   2186,   2187, -1 
	     3,   2187,   2228, -1 
	     3,   2187,   2188, -1 
	     3,   2188,   2225, -1 
	     3,   2191,   2192, -1 
	     3,   2190,   2191, -1 
	     3,   2229,   2193, -1 
	     3,   2230,   2193, -1 
	     3,   2230,   2194, -1 
	     3,   2216,   2195, -1 
	     3,   2216,   2194, -1 
	     3,   2231,   2194, -1 
	     3,   2195,   2220, -1 
	     3,   2196,   2232, -1 
	     3,   2196,   2220, -1 
	     3,   2203,   2206, -1 
	     3,   2233,   2198, -1 
	     3,   2229,   2198, -1 
	     3,   2234,   2199, -1 
	     3,   2234,   2235, -1 
	     3,   2235,   2200, -1 
	     3,   2236,   2202, -1 
	     3,   2235,   2236, -1 
	     3,   2237,   2201, -1 
	     3,   2237,   2234, -1 
	     3,   2236,   2237, -1 
	     3,   2238,   2206, -1 
	     3,   2239,   2203, -1 
	     3,   2239,   2238, -1 
	     3,   2240,   2204, -1 
	     3,   2240,   2239, -1 
	     3,   2241,   2205, -1 
	     3,   2241,   2240, -1 
	     3,   2238,   2241, -1 
	     3,   2242,   2243, -1 
	     3,   2208,   2242, -1 
	     3,   2243,   2233, -1 
	     3,   2244,   2242, -1 
	     3,   2245,   2208, -1 
	     3,   2245,   2244, -1 
	     3,   2246,   2209, -1 
	     3,   2246,   2245, -1 
	     3,   2247,   2209, -1 
	     3,   2247,   2210, -1 
	     3,   2211,   2243, -1 
	     3,   2248,   2211, -1 
	     3,   2248,   2250, -1 
	     3,   2211,   2250, -1 
	     3,   2249,   2211, -1 
	     3,   2251,   2211, -1 
	     3,   2251,   2212, -1 
	     3,   2252,   2212, -1 
	     3,   2253,   2213, -1 
	     3,   2255,   2254, -1 
	     3,   2256,   2213, -1 
	     3,   2252,   2213, -1 
	     3,   2214,   2255, -1 
	     3,   2214,   2215, -1 
	     3,   2215,   2257, -1 
	     3,   2215,   2231, -1 
	     3,   2215,   2216, -1 
	     3,   2255,   2215, -1 
	     3,   2217,   2218, -1 
	     3,   2217,   2259, -1 
	     3,   2219,   2217, -1 
	     3,   2218,   2261, -1 
	     3,   2218,   2232, -1 
	     3,   2219,   2260, -1 
	     3,   2232,   2219, -1 
	     3,   2220,   2219, -1 
	     3,   2224,   2221, -1 
	     3,   2221,   2264, -1 
	     3,   2221,   2222, -1 
	     3,   2222,   2265, -1 
	     3,   2222,   2223, -1 
	     3,   2223,   2266, -1 
	     3,   2223,   2224, -1 
	     3,   2224,   2263, -1 
	     3,   2225,   2227, -1 
	     3,   2225,   2226, -1 
	     3,   2229,   2250, -1 
	     3,   2229,   2233, -1 
	     3,   2267,   2230, -1 
	     3,   2268,   2230, -1 
	     3,   2231,   2230, -1 
	     3,   2267,   2254, -1 
	     3,   2231,   2269, -1 
	     3,   2231,   2268, -1 
	     3,   2232,   2262, -1 
	     3,   2250,   2233, -1 
	     3,   2270,   2234, -1 
	     3,   2270,   2235, -1 
	     3,   2270,   2271, -1 
	     3,   2271,   2236, -1 
	     3,   2272,   2237, -1 
	     3,   2271,   2272, -1 
	     3,   2270,   2237, -1 
	     3,   2272,   2273, -1 
	     3,   2274,   2241, -1 
	     3,   2275,   2238, -1 
	     3,   2275,   2274, -1 
	     3,   2276,   2239, -1 
	     3,   2276,   2275, -1 
	     3,   2277,   2240, -1 
	     3,   2277,   2276, -1 
	     3,   2274,   2277, -1 
	     3,   2244,   2278, -1 
	     3,   2278,   2247, -1 
	     3,   2242,   2247, -1 
	     3,   2279,   2278, -1 
	     3,   2280,   2244, -1 
	     3,   2280,   2279, -1 
	     3,   2281,   2245, -1 
	     3,   2281,   2280, -1 
	     3,   2282,   2246, -1 
	     3,   2282,   2281, -1 
	     3,   2278,   2246, -1 
	     3,   2283,   2248, -1 
	     3,   2283,   2284, -1 
	     3,   2284,   2285, -1 
	     3,   2285,   2286, -1 
	     3,   2286,   2250, -1 
	     3,   2287,   2249, -1 
	     3,   2288,   2249, -1 
	     3,   2288,   2283, -1 
	     3,   2289,   2250, -1 
	     3,   2289,   2267, -1 
	     3,   2290,   2287, -1 
	     3,   2290,   2251, -1 
	     3,   2290,   2252, -1 
	     3,   2291,   2252, -1 
	     3,   2253,   2254, -1 
	     3,   2253,   2293, -1 
	     3,   2253,   2292, -1 
	     3,   2295,   2253, -1 
	     3,   2256,   2253, -1 
	     3,   2292,   2254, -1 
	     3,   2255,   2268, -1 
	     3,   2296,   2254, -1 
	     3,   2268,   2255, -1 
	     3,   2255,   2258, -1 
	     3,   2256,   2295, -1 
	     3,   2291,   2256, -1 
	     3,   2257,   2299, -1 
	     3,   2258,   2257, -1 
	     3,   2257,   2269, -1 
	     3,   2258,   2300, -1 
	     3,   2297,   2258, -1 
	     3,   2259,   2302, -1 
	     3,   2259,   2261, -1 
	     3,   2260,   2259, -1 
	     3,   2262,   2260, -1 
	     3,   2260,   2303, -1 
	     3,   2261,   2305, -1 
	     3,   2261,   2262, -1 
	     3,   2262,   2304, -1 
	     3,   2266,   2263, -1 
	     3,   2263,   2307, -1 
	     3,   2263,   2264, -1 
	     3,   2264,   2308, -1 
	     3,   2264,   2265, -1 
	     3,   2265,   2309, -1 
	     3,   2265,   2266, -1 
	     3,   2266,   2306, -1 
	     3,   2296,   2267, -1 
	     3,   2268,   2297, -1 
	     3,   2269,   2297, -1 
	     3,   2269,   2310, -1 
	     3,   2272,   2270, -1 
	     3,   2270,   2272, -1 
	     3,   2311,   2277, -1 
	     3,   2312,   2274, -1 
	     3,   2312,   2311, -1 
	     3,   2313,   2275, -1 
	     3,   2313,   2312, -1 
	     3,   2314,   2313, -1 
	     3,   2314,   2276, -1 
	     3,   2311,   2314, -1 
	     3,   2279,   2282, -1 
	     3,   2315,   2282, -1 
	     3,   2316,   2279, -1 
	     3,   2316,   2315, -1 
	     3,   2317,   2280, -1 
	     3,   2317,   2316, -1 
	     3,   2318,   2281, -1 
	     3,   2318,   2317, -1 
	     3,   2315,   2318, -1 
	     3,   2319,   2284, -1 
	     3,   2320,   2283, -1 
	     3,   2320,   2319, -1 
	     3,   2319,   2321, -1 
	     3,   2321,   2322, -1 
	     3,   2284,   2322, -1 
	     3,   2323,   2285, -1 
	     3,   2322,   2287, -1 
	     3,   2324,   2285, -1 
	     3,   2324,   2286, -1 
	     3,   2325,   2286, -1 
	     3,   2325,   2289, -1 
	     3,   2323,   2287, -1 
	     3,   2322,   2288, -1 
	     3,   2287,   2290, -1 
	     3,   2327,   2288, -1 
	     3,   2327,   2320, -1 
	     3,   2328,   2289, -1 
	     3,   2328,   2296, -1 
	     3,   2326,   2290, -1 
	     3,   2330,   2290, -1 
	     3,   2330,   2329, -1 
	     3,   2291,   2331, -1 
	     3,   2291,   2298, -1 
	     3,   2292,   2332, -1 
	     3,   2292,   2333, -1 
	     3,   2292,   2296, -1 
	     3,   2293,   2334, -1 
	     3,   2293,   2332, -1 
	     3,   2294,   2293, -1 
	     3,   2336,   2294, -1 
	     3,   2294,   2335, -1 
	     3,   2295,   2294, -1 
	     3,   2338,   2295, -1 
	     3,   2333,   2295, -1 
	     3,   2338,   2298, -1 
	     3,   2333,   2296, -1 
	     3,   2297,   2301, -1 
	     3,   2331,   2298, -1 
	     3,   2300,   2299, -1 
	     3,   2299,   2340, -1 
	     3,   2299,   2310, -1 
	     3,   2301,   2300, -1 
	     3,   2300,   2339, -1 
	     3,   2301,   2341, -1 
	     3,   2310,   2301, -1 
	     3,   2303,   2302, -1 
	     3,   2302,   2344, -1 
	     3,   2302,   2305, -1 
	     3,   2304,   2303, -1 
	     3,   2303,   2343, -1 
	     3,   2305,   2304, -1 
	     3,   2304,   2345, -1 
	     3,   2305,   2346, -1 
	     3,   2309,   2306, -1 
	     3,   2306,   2348, -1 
	     3,   2306,   2307, -1 
	     3,   2307,   2349, -1 
	     3,   2307,   2308, -1 
	     3,   2308,   2350, -1 
	     3,   2308,   2309, -1 
	     3,   2309,   2347, -1 
	     3,   2310,   2342, -1 
	     3,   2312,   2314, -1 
	     3,   2314,   2312, -1 
	     3,   2351,   2318, -1 
	     3,   2352,   2315, -1 
	     3,   2352,   2351, -1 
	     3,   2353,   2316, -1 
	     3,   2353,   2352, -1 
	     3,   2354,   2317, -1 
	     3,   2354,   2353, -1 
	     3,   2351,   2354, -1 
	     3,   2355,   2321, -1 
	     3,   2356,   2319, -1 
	     3,   2356,   2355, -1 
	     3,   2357,   2320, -1 
	     3,   2357,   2356, -1 
	     3,   2358,   2327, -1 
	     3,   2355,   2358, -1 
	     3,   2321,   2327, -1 
	     3,   2359,   2323, -1 
	     3,   2359,   2360, -1 
	     3,   2360,   2361, -1 
	     3,   2361,   2362, -1 
	     3,   2362,   2324, -1 
	     3,   2325,   2324, -1 
	     3,   2325,   2362, -1 
	     3,   2363,   2328, -1 
	     3,   2364,   2326, -1 
	     3,   2365,   2326, -1 
	     3,   2365,   2359, -1 
	     3,   2358,   2357, -1 
	     3,   2366,   2328, -1 
	     3,   2366,   2333, -1 
	     3,   2363,   2367, -1 
	     3,   2364,   2329, -1 
	     3,   2368,   2329, -1 
	     3,   2368,   2330, -1 
	     3,   2369,   2330, -1 
	     3,   2370,   2331, -1 
	     3,   2369,   2331, -1 
	     3,   2331,   2338, -1 
	     3,   2332,   2372, -1 
	     3,   2332,   2336, -1 
	     3,   2333,   2336, -1 
	     3,   2338,   2333, -1 
	     3,   2334,   2373, -1 
	     3,   2334,   2372, -1 
	     3,   2335,   2334, -1 
	     3,   2335,   2374, -1 
	     3,   2337,   2335, -1 
	     3,   2336,   2337, -1 
	     3,   2372,   2337, -1 
	     3,   2337,   2375, -1 
	     3,   2338,   2377, -1 
	     3,   2338,   2366, -1 
	     3,   2371,   2338, -1 
	     3,   2341,   2339, -1 
	     3,   2339,   2380, -1 
	     3,   2339,   2340, -1 
	     3,   2340,   2381, -1 
	     3,   2340,   2342, -1 
	     3,   2342,   2341, -1 
	     3,   2341,   2379, -1 
	     3,   2342,   2382, -1 
	     3,   2345,   2343, -1 
	     3,   2343,   2384, -1 
	     3,   2343,   2344, -1 
	     3,   2344,   2385, -1 
	     3,   2344,   2346, -1 
	     3,   2345,   2383, -1 
	     3,   2346,   2345, -1 
	     3,   2346,   2386, -1 
	     3,   2347,   2348, -1 
	     3,   2349,   2350, -1 
	     3,   2387,   2354, -1 
	     3,   2388,   2351, -1 
	     3,   2388,   2387, -1 
	     3,   2389,   2352, -1 
	     3,   2389,   2388, -1 
	     3,   2390,   2353, -1 
	     3,   2390,   2389, -1 
	     3,   2387,   2390, -1 
	     3,   2391,   2358, -1 
	     3,   2392,   2355, -1 
	     3,   2392,   2391, -1 
	     3,   2393,   2356, -1 
	     3,   2393,   2392, -1 
	     3,   2394,   2357, -1 
	     3,   2394,   2393, -1 
	     3,   2391,   2394, -1 
	     3,   2395,   2359, -1 
	     3,   2395,   2396, -1 
	     3,   2396,   2360, -1 
	     3,   2397,   2398, -1 
	     3,   2396,   2397, -1 
	     3,   2360,   2398, -1 
	     3,   2398,   2364, -1 
	     3,   2361,   2364, -1 
	     3,   2361,   2399, -1 
	     3,   2399,   2400, -1 
	     3,   2401,   2362, -1 
	     3,   2401,   2363, -1 
	     3,   2402,   2363, -1 
	     3,   2402,   2367, -1 
	     3,   2398,   2365, -1 
	     3,   2399,   2364, -1 
	     3,   2403,   2395, -1 
	     3,   2403,   2365, -1 
	     3,   2366,   2404, -1 
	     3,   2366,   2405, -1 
	     3,   2366,   2367, -1 
	     3,   2367,   2402, -1 
	     3,   2367,   2406, -1 
	     3,   2407,   2368, -1 
	     3,   2399,   2368, -1 
	     3,   2407,   2369, -1 
	     3,   2408,   2369, -1 
	     3,   2408,   2370, -1 
	     3,   2409,   2370, -1 
	     3,   2405,   2371, -1 
	     3,   2406,   2371, -1 
	     3,   2371,   2378, -1 
	     3,   2409,   2371, -1 
	     3,   2372,   2376, -1 
	     3,   2374,   2373, -1 
	     3,   2373,   2412, -1 
	     3,   2373,   2376, -1 
	     3,   2374,   2411, -1 
	     3,   2375,   2374, -1 
	     3,   2375,   2413, -1 
	     3,   2376,   2375, -1 
	     3,   2376,   2414, -1 
	     3,   2378,   2377, -1 
	     3,   2377,   2416, -1 
	     3,   2377,   2404, -1 
	     3,   2378,   2415, -1 
	     3,   2410,   2378, -1 
	     3,   2382,   2379, -1 
	     3,   2379,   2419, -1 
	     3,   2379,   2380, -1 
	     3,   2380,   2420, -1 
	     3,   2380,   2381, -1 
	     3,   2381,   2421, -1 
	     3,   2381,   2382, -1 
	     3,   2382,   2418, -1 
	     3,   2384,   2386, -1 
	     3,   2384,   2385, -1 
	     3,   2390,   2387, -1 
	     3,   2388,   2389, -1 
	     3,   2422,   2394, -1 
	     3,   2423,   2391, -1 
	     3,   2423,   2422, -1 
	     3,   2424,   2392, -1 
	     3,   2424,   2423, -1 
	     3,   2425,   2393, -1 
	     3,   2425,   2424, -1 
	     3,   2422,   2425, -1 
	     3,   2426,   2427, -1 
	     3,   2427,   2396, -1 
	     3,   2426,   2395, -1 
	     3,   2427,   2428, -1 
	     3,   2428,   2397, -1 
	     3,   2429,   2403, -1 
	     3,   2428,   2429, -1 
	     3,   2397,   2403, -1 
	     3,   2430,   2399, -1 
	     3,   2400,   2399, -1 
	     3,   2432,   2399, -1 
	     3,   2399,   2407, -1 
	     3,   2399,   2432, -1 
	     3,   2399,   2434, -1 
	     3,   2435,   2400, -1 
	     3,   2436,   2400, -1 
	     3,   2436,   2401, -1 
	     3,   2437,   2401, -1 
	     3,   2437,   2402, -1 
	     3,   2438,   2406, -1 
	     3,   2438,   2402, -1 
	     3,   2429,   2426, -1 
	     3,   2404,   2410, -1 
	     3,   2404,   2439, -1 
	     3,   2405,   2410, -1 
	     3,   2440,   2406, -1 
	     3,   2441,   2406, -1 
	     3,   2441,   2409, -1 
	     3,   2443,   2442, -1 
	     3,   2440,   2443, -1 
	     3,   2433,   2407, -1 
	     3,   2433,   2408, -1 
	     3,   2444,   2408, -1 
	     3,   2444,   2409, -1 
	     3,   2410,   2417, -1 
	     3,   2413,   2411, -1 
	     3,   2411,   2446, -1 
	     3,   2411,   2412, -1 
	     3,   2412,   2447, -1 
	     3,   2412,   2414, -1 
	     3,   2413,   2445, -1 
	     3,   2414,   2413, -1 
	     3,   2414,   2448, -1 
	     3,   2417,   2415, -1 
	     3,   2415,   2450, -1 
	     3,   2415,   2416, -1 
	     3,   2416,   2451, -1 
	     3,   2416,   2439, -1 
	     3,   2417,   2449, -1 
	     3,   2439,   2417, -1 
	     3,   2421,   2418, -1 
	     3,   2418,   2454, -1 
	     3,   2418,   2419, -1 
	     3,   2419,   2455, -1 
	     3,   2419,   2420, -1 
	     3,   2420,   2456, -1 
	     3,   2420,   2421, -1 
	     3,   2421,   2453, -1 
	     3,   2457,   2425, -1 
	     3,   2458,   2422, -1 
	     3,   2458,   2457, -1 
	     3,   2459,   2423, -1 
	     3,   2459,   2458, -1 
	     3,   2460,   2424, -1 
	     3,   2460,   2459, -1 
	     3,   2457,   2460, -1 
	     3,   2461,   2462, -1 
	     3,   2462,   2463, -1 
	     3,   2463,   2427, -1 
	     3,   2461,   2426, -1 
	     3,   2464,   2465, -1 
	     3,   2465,   2428, -1 
	     3,   2464,   2427, -1 
	     3,   2429,   2428, -1 
	     3,   2466,   2461, -1 
	     3,   2467,   2466, -1 
	     3,   2467,   2429, -1 
	     3,   2430,   2431, -1 
	     3,   2469,   2430, -1 
	     3,   2469,   2435, -1 
	     3,   2431,   2434, -1 
	     3,   2431,   2470, -1 
	     3,   2468,   2431, -1 
	     3,   2472,   2432, -1 
	     3,   2432,   2433, -1 
	     3,   2432,   2472, -1 
	     3,   2473,   2433, -1 
	     3,   2434,   2474, -1 
	     3,   2434,   2472, -1 
	     3,   2475,   2435, -1 
	     3,   2476,   2435, -1 
	     3,   2476,   2436, -1 
	     3,   2477,   2436, -1 
	     3,   2477,   2437, -1 
	     3,   2478,   2437, -1 
	     3,   2438,   2437, -1 
	     3,   2479,   2440, -1 
	     3,   2479,   2438, -1 
	     3,   2439,   2452, -1 
	     3,   2480,   2443, -1 
	     3,   2481,   2440, -1 
	     3,   2481,   2480, -1 
	     3,   2444,   2441, -1 
	     3,   2473,   2441, -1 
	     3,   2473,   2442, -1 
	     3,   2443,   2482, -1 
	     3,   2480,   2483, -1 
	     3,   2483,   2482, -1 
	     3,   2448,   2445, -1 
	     3,   2445,   2485, -1 
	     3,   2445,   2446, -1 
	     3,   2446,   2486, -1 
	     3,   2446,   2447, -1 
	     3,   2447,   2487, -1 
	     3,   2447,   2448, -1 
	     3,   2448,   2484, -1 
	     3,   2452,   2449, -1 
	     3,   2449,   2489, -1 
	     3,   2449,   2490, -1 
	     3,   2449,   2450, -1 
	     3,   2450,   2491, -1 
	     3,   2450,   2451, -1 
	     3,   2493,   2450, -1 
	     3,   2493,   2490, -1 
	     3,   2491,   2451, -1 
	     3,   2452,   2488, -1 
	     3,   2452,   2494, -1 
	     3,   2491,   2452, -1 
	     3,   2453,   2455, -1 
	     3,   2455,   2453, -1 
	     3,   2458,   2460, -1 
	     3,   2458,   2459, -1 
	     3,   2496,   2497, -1 
	     3,   2497,   2462, -1 
	     3,   2496,   2461, -1 
	     3,   2497,   2498, -1 
	     3,   2498,   2499, -1 
	     3,   2463,   2462, -1 
	     3,   2467,   2463, -1 
	     3,   2500,   2463, -1 
	     3,   2464,   2463, -1 
	     3,   2501,   2464, -1 
	     3,   2501,   2465, -1 
	     3,   2503,   2464, -1 
	     3,   2503,   2502, -1 
	     3,   2465,   2504, -1 
	     3,   2465,   2501, -1 
	     3,   2505,   2467, -1 
	     3,   2506,   2496, -1 
	     3,   2506,   2466, -1 
	     3,   2467,   2499, -1 
	     3,   2505,   2500, -1 
	     3,   2507,   2508, -1 
	     3,   2468,   2472, -1 
	     3,   2472,   2468, -1 
	     3,   2468,   2471, -1 
	     3,   2508,   2469, -1 
	     3,   2508,   2476, -1 
	     3,   2476,   2475, -1 
	     3,   2470,   2474, -1 
	     3,   2471,   2470, -1 
	     3,   2471,   2511, -1 
	     3,   2509,   2471, -1 
	     3,   2510,   2511, -1 
	     3,   2473,   2507, -1 
	     3,   2472,   2509, -1 
	     3,   2473,   2513, -1 
	     3,   2514,   2515, -1 
	     3,   2482,   2514, -1 
	     3,   2473,   2516, -1 
	     3,   2515,   2516, -1 
	     3,   2474,   2517, -1 
	     3,   2474,   2509, -1 
	     3,   2478,   2476, -1 
	     3,   2478,   2477, -1 
	     3,   2479,   2478, -1 
	     3,   2479,   2508, -1 
	     3,   2514,   2482, -1 
	     3,   2518,   2479, -1 
	     3,   2518,   2481, -1 
	     3,   2519,   2483, -1 
	     3,   2519,   2480, -1 
	     3,   2520,   2521, -1 
	     3,   2520,   2481, -1 
	     3,   2481,   2522, -1 
	     3,   2481,   2521, -1 
	     3,   2483,   2518, -1 
	     3,   2519,   2523, -1 
	     3,   2523,   2518, -1 
	     3,   2485,   2487, -1 
	     3,   2485,   2486, -1 
	     3,   2488,   2524, -1 
	     3,   2488,   2489, -1 
	     3,   2494,   2488, -1 
	     3,   2489,   2526, -1 
	     3,   2527,   2489, -1 
	     3,   2489,   2527, -1 
	     3,   2527,   2490, -1 
	     3,   2495,   2490, -1 
	     3,   2522,   2491, -1 
	     3,   2522,   2492, -1 
	     3,   2529,   2528, -1 
	     3,   2491,   2495, -1 
	     3,   2493,   2492, -1 
	     3,   2529,   2493, -1 
	     3,   2495,   2493, -1 
	     3,   2493,   2522, -1 
	     3,   2494,   2525, -1 
	     3,   2527,   2494, -1 
	     3,   2494,   2527, -1 
	     3,   2532,   2533, -1 
	     3,   2533,   2497, -1 
	     3,   2534,   2496, -1 
	     3,   2534,   2532, -1 
	     3,   2535,   2498, -1 
	     3,   2533,   2535, -1 
	     3,   2535,   2534, -1 
	     3,   2534,   2506, -1 
	     3,   2498,   2506, -1 
	     3,   2503,   2500, -1 
	     3,   2501,   2502, -1 
	     3,   2504,   2501, -1 
	     3,   2509,   2501, -1 
	     3,   2509,   2512, -1 
	     3,   2517,   2502, -1 
	     3,   2511,   2502, -1 
	     3,   2510,   2502, -1 
	     3,   2504,   2503, -1 
	     3,   2536,   2503, -1 
	     3,   2536,   2537, -1 
	     3,   2537,   2538, -1 
	     3,   2503,   2538, -1 
	     3,   2511,   2503, -1 
	     3,   2540,   2536, -1 
	     3,   2540,   2504, -1 
	     3,   2541,   2504, -1 
	     3,   2504,   2512, -1 
	     3,   2507,   2513, -1 
	     3,   2508,   2515, -1 
	     3,   2513,   2516, -1 
	     3,   2508,   2516, -1 
	     3,   2511,   2539, -1 
	     3,   2512,   2511, -1 
	     3,   2523,   2520, -1 
	     3,   2519,   2522, -1 
	     3,   2543,   2521, -1 
	     3,   2543,   2520, -1 
	     3,   2523,   2528, -1 
	     3,   2543,   2544, -1 
	     3,   2544,   2522, -1 
	     3,   2523,   2522, -1 
	     3,   2544,   2530, -1 
	     3,   2524,   2526, -1 
	     3,   2524,   2545, -1 
	     3,   2525,   2524, -1 
	     3,   2525,   2546, -1 
	     3,   2531,   2525, -1 
	     3,   2526,   2548, -1 
	     3,   2526,   2531, -1 
	     3,   2527,   2531, -1 
	     3,   2529,   2549, -1 
	     3,   2543,   2528, -1 
	     3,   2529,   2530, -1 
	     3,   2549,   2530, -1 
	     3,   2530,   2551, -1 
	     3,   2530,   2552, -1 
	     3,   2544,   2552, -1 
	     3,   2531,   2547, -1 
	     3,   2553,   2554, -1 
	     3,   2554,   2533, -1 
	     3,   2553,   2532, -1 
	     3,   2555,   2535, -1 
	     3,   2554,   2555, -1 
	     3,   2556,   2553, -1 
	     3,   2556,   2534, -1 
	     3,   2555,   2556, -1 
	     3,   2557,   2558, -1 
	     3,   2558,   2537, -1 
	     3,   2557,   2536, -1 
	     3,   2558,   2559, -1 
	     3,   2559,   2560, -1 
	     3,   2537,   2560, -1 
	     3,   2561,   2538, -1 
	     3,   2560,   2541, -1 
	     3,   2538,   2561, -1 
	     3,   2562,   2542, -1 
	     3,   2539,   2563, -1 
	     3,   2539,   2561, -1 
	     3,   2562,   2539, -1 
	     3,   2565,   2557, -1 
	     3,   2565,   2540, -1 
	     3,   2560,   2540, -1 
	     3,   2566,   2561, -1 
	     3,   2542,   2566, -1 
	     3,   2566,   2542, -1 
	     3,   2567,   2543, -1 
	     3,   2567,   2544, -1 
	     3,   2543,   2549, -1 
	     3,   2569,   2570, -1 
	     3,   2571,   2543, -1 
	     3,   2571,   2568, -1 
	     3,   2544,   2572, -1 
	     3,   2567,   2572, -1 
	     3,   2546,   2545, -1 
	     3,   2545,   2574, -1 
	     3,   2545,   2548, -1 
	     3,   2546,   2573, -1 
	     3,   2547,   2546, -1 
	     3,   2547,   2575, -1 
	     3,   2548,   2547, -1 
	     3,   2548,   2576, -1 
	     3,   2549,   2550, -1 
	     3,   2569,   2549, -1 
	     3,   2550,   2578, -1 
	     3,   2550,   2551, -1 
	     3,   2577,   2550, -1 
	     3,   2551,   2580, -1 
	     3,   2551,   2581, -1 
	     3,   2552,   2581, -1 
	     3,   2552,   2569, -1 
	     3,   2569,   2552, -1 
	     3,   2582,   2583, -1 
	     3,   2583,   2554, -1 
	     3,   2582,   2553, -1 
	     3,   2583,   2584, -1 
	     3,   2584,   2555, -1 
	     3,   2584,   2585, -1 
	     3,   2585,   2556, -1 
	     3,   2585,   2582, -1 
	     3,   2586,   2587, -1 
	     3,   2587,   2558, -1 
	     3,   2586,   2557, -1 
	     3,   2587,   2588, -1 
	     3,   2588,   2559, -1 
	     3,   2588,   2589, -1 
	     3,   2589,   2565, -1 
	     3,   2559,   2565, -1 
	     3,   2561,   2566, -1 
	     3,   2590,   2562, -1 
	     3,   2591,   2562, -1 
	     3,   2566,   2562, -1 
	     3,   2563,   2591, -1 
	     3,   2566,   2591, -1 
	     3,   2593,   2563, -1 
	     3,   2563,   2592, -1 
	     3,   2564,   2563, -1 
	     3,   2564,   2593, -1 
	     3,   2595,   2590, -1 
	     3,   2589,   2586, -1 
	     3,   2567,   2596, -1 
	     3,   2567,   2568, -1 
	     3,   2597,   2598, -1 
	     3,   2567,   2598, -1 
	     3,   2599,   2568, -1 
	     3,   2599,   2596, -1 
	     3,   2569,   2572, -1 
	     3,   2569,   2577, -1 
	     3,   2598,   2570, -1 
	     3,   2598,   2571, -1 
	     3,   2600,   2571, -1 
	     3,   2600,   2601, -1 
	     3,   2601,   2599, -1 
	     3,   2575,   2573, -1 
	     3,   2573,   2603, -1 
	     3,   2573,   2574, -1 
	     3,   2574,   2576, -1 
	     3,   2574,   2604, -1 
	     3,   2575,   2602, -1 
	     3,   2576,   2575, -1 
	     3,   2576,   2605, -1 
	     3,   2577,   2579, -1 
	     3,   2581,   2577, -1 
	     3,   2578,   2607, -1 
	     3,   2578,   2580, -1 
	     3,   2579,   2578, -1 
	     3,   2579,   2608, -1 
	     3,   2606,   2579, -1 
	     3,   2580,   2610, -1 
	     3,   2580,   2606, -1 
	     3,   2581,   2606, -1 
	     3,   2611,   2612, -1 
	     3,   2612,   2583, -1 
	     3,   2611,   2582, -1 
	     3,   2612,   2613, -1 
	     3,   2613,   2584, -1 
	     3,   2613,   2614, -1 
	     3,   2614,   2585, -1 
	     3,   2614,   2611, -1 
	     3,   2587,   2586, -1 
	     3,   2588,   2587, -1 
	     3,   2615,   2590, -1 
	     3,   2590,   2616, -1 
	     3,   2590,   2615, -1 
	     3,   2591,   2590, -1 
	     3,   2591,   2618, -1 
	     3,   2591,   2617, -1 
	     3,   2592,   2618, -1 
	     3,   2594,   2592, -1 
	     3,   2592,   2619, -1 
	     3,   2593,   2616, -1 
	     3,   2594,   2622, -1 
	     3,   2617,   2593, -1 
	     3,   2593,   2617, -1 
	     3,   2595,   2593, -1 
	     3,   2594,   2620, -1 
	     3,   2624,   2594, -1 
	     3,   2594,   2624, -1 
	     3,   2625,   2615, -1 
	     3,   2595,   2621, -1 
	     3,   2597,   2596, -1 
	     3,   2599,   2626, -1 
	     3,   2597,   2626, -1 
	     3,   2627,   2628, -1 
	     3,   2597,   2628, -1 
	     3,   2629,   2598, -1 
	     3,   2629,   2600, -1 
	     3,   2630,   2628, -1 
	     3,   2631,   2599, -1 
	     3,   2631,   2632, -1 
	     3,   2599,   2632, -1 
	     3,   2601,   2630, -1 
	     3,   2633,   2600, -1 
	     3,   2633,   2634, -1 
	     3,   2634,   2601, -1 
	     3,   2634,   2635, -1 
	     3,   2635,   2630, -1 
	     3,   2605,   2602, -1 
	     3,   2602,   2637, -1 
	     3,   2602,   2603, -1 
	     3,   2603,   2604, -1 
	     3,   2603,   2638, -1 
	     3,   2604,   2639, -1 
	     3,   2604,   2605, -1 
	     3,   2605,   2636, -1 
	     3,   2606,   2609, -1 
	     3,   2610,   2608, -1 
	     3,   2610,   2609, -1 
	     3,   2612,   2611, -1 
	     3,   2611,   2614, -1 
	     3,   2640,   2615, -1 
	     3,   2616,   2615, -1 
	     3,   2641,   2621, -1 
	     3,   2642,   2641, -1 
	     3,   2616,   2640, -1 
	     3,   2617,   2622, -1 
	     3,   2617,   2624, -1 
	     3,   2618,   2643, -1 
	     3,   2618,   2624, -1 
	     3,   2619,   2643, -1 
	     3,   2620,   2619, -1 
	     3,   2619,   2644, -1 
	     3,   2620,   2645, -1 
	     3,   2623,   2620, -1 
	     3,   2625,   2621, -1 
	     3,   2623,   2646, -1 
	     3,   2643,   2623, -1 
	     3,   2624,   2623, -1 
	     3,   2648,   2640, -1 
	     3,   2625,   2641, -1 
	     3,   2627,   2626, -1 
	     3,   2650,   2649, -1 
	     3,   2650,   2626, -1 
	     3,   2627,   2649, -1 
	     3,   2651,   2631, -1 
	     3,   2627,   2631, -1 
	     3,   2628,   2630, -1 
	     3,   2652,   2633, -1 
	     3,   2652,   2629, -1 
	     3,   2635,   2652, -1 
	     3,   2651,   2653, -1 
	     3,   2632,   2631, -1 
	     3,   2632,   2653, -1 
	     3,   2654,   2655, -1 
	     3,   2654,   2633, -1 
	     3,   2655,   2634, -1 
	     3,   2656,   2635, -1 
	     3,   2655,   2656, -1 
	     3,   2656,   2657, -1 
	     3,   2657,   2652, -1 
	     3,   2636,   2638, -1 
	     3,   2636,   2637, -1 
	     3,   2658,   2640, -1 
	     3,   2659,   2640, -1 
	     3,   2659,   2642, -1 
	     3,   2660,   2641, -1 
	     3,   2661,   2641, -1 
	     3,   2661,   2648, -1 
	     3,   2659,   2660, -1 
	     3,   2643,   2647, -1 
	     3,   2645,   2644, -1 
	     3,   2645,   2647, -1 
	     3,   2661,   2658, -1 
	     3,   2651,   2649, -1 
	     3,   2662,   2649, -1 
	     3,   2650,   2653, -1 
	     3,   2650,   2663, -1 
	     3,   2662,   2650, -1 
	     3,   2663,   2653, -1 
	     3,   2663,   2651, -1 
	     3,   2651,   2662, -1 
	     3,   2657,   2654, -1 
	     3,   2654,   2657, -1 
	     3,   2654,   2656, -1 
	     3,   2666,   2667, -1 
	     3,   2666,   2658, -1 
	     3,   2659,   2658, -1 
	     3,   2667,   2668, -1 
	     3,   2659,   2668, -1 
	     3,   2670,   2660, -1 
	     3,   2669,   2670, -1 
	     3,   2671,   2660, -1 
	     3,   2671,   2661, -1 
	     3,   2671,   2666, -1 
	     3,   2665,   2662, -1 
	     3,   2662,   2673, -1 
	     3,   2662,   2674, -1 
	     3,   2674,   2662, -1 
	     3,   2664,   2663, -1 
	     3,   2675,   2663, -1 
	     3,   2664,   2675, -1 
	     3,   2676,   2674, -1 
	     3,   2675,   2665, -1 
	     3,   2665,   2672, -1 
	     3,   2678,   2666, -1 
	     3,   2679,   2667, -1 
	     3,   2678,   2679, -1 
	     3,   2679,   2680, -1 
	     3,   2680,   2681, -1 
	     3,   2668,   2667, -1 
	     3,   2682,   2667, -1 
	     3,   2669,   2668, -1 
	     3,   2669,   2682, -1 
	     3,   2684,   2670, -1 
	     3,   2683,   2684, -1 
	     3,   2681,   2671, -1 
	     3,   2685,   2681, -1 
	     3,   2684,   2685, -1 
	     3,   2671,   2681, -1 
	     3,   2686,   2678, -1 
	     3,   2677,   2672, -1 
	     3,   2672,   2688, -1 
	     3,   2672,   2673, -1 
	     3,   2673,   2689, -1 
	     3,   2673,   2690, -1 
	     3,   2689,   2673, -1 
	     3,   2691,   2673, -1 
	     3,   2691,   2674, -1 
	     3,   2675,   2689, -1 
	     3,   2675,   2692, -1 
	     3,   2675,   2677, -1 
	     3,   2676,   2675, -1 
	     3,   2676,   2693, -1 
	     3,   2694,   2691, -1 
	     3,   2695,   2689, -1 
	     3,   2677,   2687, -1 
	     3,   2696,   2678, -1 
	     3,   2696,   2697, -1 
	     3,   2697,   2679, -1 
	     3,   2698,   2680, -1 
	     3,   2697,   2698, -1 
	     3,   2680,   2698, -1 
	     3,   2686,   2680, -1 
	     3,   2681,   2680, -1 
	     3,   2685,   2682, -1 
	     3,   2700,   2701, -1 
	     3,   2701,   2683, -1 
	     3,   2700,   2682, -1 
	     3,   2701,   2702, -1 
	     3,   2702,   2684, -1 
	     3,   2703,   2685, -1 
	     3,   2702,   2703, -1 
	     3,   2703,   2700, -1 
	     3,   2699,   2696, -1 
	     3,   2695,   2687, -1 
	     3,   2687,   2705, -1 
	     3,   2687,   2688, -1 
	     3,   2688,   2690, -1 
	     3,   2688,   2706, -1 
	     3,   2695,   2690, -1 
	     3,   2689,   2691, -1 
	     3,   2707,   2706, -1 
	     3,   2707,   2690, -1 
	     3,   2692,   2691, -1 
	     3,   2691,   2694, -1 
	     3,   2691,   2709, -1 
	     3,   2693,   2692, -1 
	     3,   2692,   2708, -1 
	     3,   2694,   2693, -1 
	     3,   2693,   2710, -1 
	     3,   2694,   2711, -1 
	     3,   2695,   2704, -1 
	     3,   2712,   2696, -1 
	     3,   2712,   2713, -1 
	     3,   2713,   2697, -1 
	     3,   2714,   2698, -1 
	     3,   2713,   2714, -1 
	     3,   2699,   2698, -1 
	     3,   2698,   2714, -1 
	     3,   2715,   2712, -1 
	     3,   2716,   2717, -1 
	     3,   2717,   2701, -1 
	     3,   2716,   2700, -1 
	     3,   2717,   2718, -1 
	     3,   2718,   2702, -1 
	     3,   2719,   2703, -1 
	     3,   2718,   2719, -1 
	     3,   2719,   2716, -1 
	     3,   2704,   2720, -1 
	     3,   2707,   2704, -1 
	     3,   2704,   2705, -1 
	     3,   2705,   2706, -1 
	     3,   2705,   2722, -1 
	     3,   2723,   2706, -1 
	     3,   2723,   2722, -1 
	     3,   2707,   2721, -1 
	     3,   2710,   2708, -1 
	     3,   2708,   2709, -1 
	     3,   2708,   2725, -1 
	     3,   2709,   2711, -1 
	     3,   2709,   2726, -1 
	     3,   2711,   2710, -1 
	     3,   2710,   2724, -1 
	     3,   2711,   2727, -1 
	     3,   2728,   2729, -1 
	     3,   2728,   2712, -1 
	     3,   2729,   2713, -1 
	     3,   2729,   2730, -1 
	     3,   2730,   2714, -1 
	     3,   2714,   2730, -1 
	     3,   2715,   2714, -1 
	     3,   2731,   2728, -1 
	     3,   2732,   2733, -1 
	     3,   2733,   2717, -1 
	     3,   2732,   2716, -1 
	     3,   2733,   2734, -1 
	     3,   2734,   2718, -1 
	     3,   2735,   2719, -1 
	     3,   2734,   2735, -1 
	     3,   2735,   2732, -1 
	     3,   2720,   2722, -1 
	     3,   2720,   2736, -1 
	     3,   2721,   2720, -1 
	     3,   2723,   2721, -1 
	     3,   2721,   2737, -1 
	     3,   2739,   2722, -1 
	     3,   2722,   2739, -1 
	     3,   2723,   2738, -1 
	     3,   2727,   2724, -1 
	     3,   2724,   2741, -1 
	     3,   2724,   2725, -1 
	     3,   2725,   2726, -1 
	     3,   2725,   2742, -1 
	     3,   2726,   2727, -1 
	     3,   2726,   2743, -1 
	     3,   2727,   2740, -1 
	     3,   2728,   2731, -1 
	     3,   2731,   2730, -1 
	     3,   2744,   2745, -1 
	     3,   2745,   2733, -1 
	     3,   2744,   2732, -1 
	     3,   2745,   2746, -1 
	     3,   2746,   2734, -1 
	     3,   2747,   2735, -1 
	     3,   2746,   2747, -1 
	     3,   2747,   2744, -1 
	     3,   2737,   2736, -1 
	     3,   2737,   2739, -1 
	     3,   2743,   2740, -1 
	     3,   2740,   2749, -1 
	     3,   2740,   2741, -1 
	     3,   2741,   2742, -1 
	     3,   2741,   2750, -1 
	     3,   2742,   2751, -1 
	     3,   2742,   2743, -1 
	     3,   2743,   2748, -1 
	     3,   2746,   2745, -1 
	     3,   2746,   2744, -1 
	     3,   2751,   2748, -1 
	     3,   2751,   2749, -1 
    ] 
normalPerVertex  TRUE 
   } 
  } 
 ] 
} 
