#VRML V2.0 utf8 
Transform { 
 children [ 
    Shape { 
appearance Appearance {
              material DEF surface Material {
              diffuseColor 0.8 0.8 0.8
              ambientIntensity 0.2
              specularColor 0.4 0.4 0.4
              emissiveColor 0 0 0
              shininess 0.25
              transparency 0
            }
          }
   geometry IndexedFaceSet { 
   solid FALSE 
    coord DEF bone Coordinate{ 
     point [ 
	 -0.072428  -0.180405  -0.041622,
	 -0.074672  -0.177178  -0.043939,
	 -0.076916  -0.173952  -0.046256,
	 -0.073823  -0.173458  -0.047553,
	 -0.072122  -0.178564  -0.043895,
	 -0.067497  -0.180244  -0.028972,
	 -0.069389  -0.180525  -0.029564,
	 -0.073432  -0.174734  -0.032092,
	 -0.077392  -0.168572  -0.038291,
	 -0.080093  -0.159393  -0.044030,
	 -0.080326  -0.165558  -0.051948,
	 -0.075461  -0.170344  -0.049416,
	 -0.077099  -0.167230  -0.051279,
	 -0.066248  -0.172481  -0.035901,
	 -0.066089  -0.176652  -0.031515,
	 -0.062292  -0.164987  -0.017275,
	 -0.065391  -0.164522  -0.016990,
	 -0.068136  -0.161452  -0.019215,
	 -0.072163  -0.156300  -0.023150,
	 -0.074814  -0.146341  -0.029128,
	 -0.073774  -0.141904  -0.033100,
	 -0.081153  -0.153597  -0.048809,
	 -0.083402  -0.156814  -0.055692,
	 -0.080653  -0.160033  -0.055369,
	 -0.068694  -0.167587  -0.040403,
	 -0.072000  -0.160621  -0.043115,
	 -0.065225  -0.156637  -0.022995,
	 -0.063777  -0.161992  -0.020210,
	 -0.063094  -0.154242  -0.014642,
	 -0.065997  -0.153717  -0.014150,
	 -0.067528  -0.151825  -0.014435,
	 -0.072353  -0.145578  -0.019101,
	 -0.073733  -0.139690  -0.023635,
	 -0.072256  -0.134465  -0.027033,
	 -0.074827  -0.136048  -0.035583,
	 -0.072294  -0.129264  -0.028690,
	 -0.082218  -0.146161  -0.050902,
	 -0.085355  -0.150296  -0.057548,
	 -0.090948  -0.130188  -0.064650,
	 -0.088375  -0.138474  -0.063671,
	 -0.075734  -0.151992  -0.046645,
	 -0.065679  -0.151829  -0.025347,
	 -0.067279  -0.145272  -0.029078,
	 -0.063594  -0.146303  -0.018519,
	 -0.062712  -0.150709  -0.015473,
	 -0.062868  -0.131059  -0.009071,
	 -0.067666  -0.130183  -0.007759,
	 -0.069429  -0.128632  -0.008531,
	 -0.070433  -0.126543  -0.010884,
	 -0.069159  -0.121750  -0.014374,
	 -0.068205  -0.118371  -0.018399,
	 -0.068100  -0.115493  -0.019995,
	 -0.080280  -0.117135  -0.041745,
	 -0.076594  -0.109263  -0.033811,
	 -0.070959  -0.098979  -0.026665,
	 -0.087901  -0.125457  -0.055376,
	 -0.091508  -0.103132  -0.062471,
	 -0.094331  -0.107852  -0.068850,
	 -0.093092  -0.109324  -0.070730,
	 -0.082775  -0.131375  -0.053757,
	 -0.070720  -0.137592  -0.032232,
	 -0.063914  -0.142696  -0.019923,
	 -0.065243  -0.137483  -0.023159,
	 -0.059879  -0.129615  -0.012833,
	 -0.060793  -0.130779  -0.010576,
	 -0.060876  -0.115943  -0.002629,
	 -0.062297  -0.114994  -0.000456,
	 -0.064018  -0.113156  -0.000957,
	 -0.064433  -0.111625  -0.003673,
	 -0.064166  -0.109128  -0.007251,
	 -0.063034  -0.106233  -0.012851,
	 -0.062881  -0.104165  -0.015061,
	 -0.065916  -0.092245  -0.021577,
	 -0.084342  -0.095351  -0.047906,
	 -0.080080  -0.089546  -0.041132,
	 -0.073414  -0.084060  -0.032909,
	 -0.067695  -0.080252  -0.026902,
	 -0.092571  -0.092674  -0.064360,
	 -0.086368  -0.071901  -0.059391,
	 -0.093634  -0.082216  -0.066249,
	 -0.095356  -0.090506  -0.069606,
	 -0.096373  -0.080800  -0.071155,
	 -0.095772  -0.077406  -0.071001,
	 -0.086598  -0.103365  -0.060935,
	 -0.076043  -0.120889  -0.038728,
	 -0.068809  -0.128215  -0.027380,
	 -0.060377  -0.128134  -0.014322,
	 -0.061365  -0.125657  -0.016787,
	 -0.055582  -0.113960  -0.007019,
	 -0.058532  -0.113520  -0.002593,
	 -0.052458  -0.103152   0.001431,
	 -0.054310  -0.102514   0.002523,
	 -0.056073  -0.100962   0.001751,
	 -0.056507  -0.098326  -0.000085,
	 -0.056290  -0.095646  -0.004442,
	 -0.054520  -0.094467  -0.008617,
	 -0.054754  -0.092407  -0.011643,
	 -0.058632  -0.084551  -0.016391,
	 -0.060013  -0.074130  -0.021290,
	 -0.081480  -0.064834  -0.054631,
	 -0.075736  -0.058659  -0.048481,
	 -0.068871  -0.053765  -0.041442,
	 -0.061099  -0.050422  -0.031718,
	 -0.087912  -0.062444  -0.061175,
	 -0.083699  -0.056981  -0.056985,
	 -0.093508  -0.070300  -0.065873,
	 -0.097378  -0.075074  -0.070555,
	 -0.087155  -0.071981  -0.063310,
	 -0.095965  -0.062359  -0.071514,
	 -0.079569  -0.094957  -0.046407,
	 -0.072544  -0.115053  -0.031275,
	 -0.066165  -0.117042  -0.021310,
	 -0.054173  -0.112837  -0.009322,
	 -0.055247  -0.111421  -0.011826,
	 -0.049532  -0.101586  -0.005415,
	 -0.052120  -0.103014  -0.000837,
	 -0.043896  -0.092266   0.002751,
	 -0.046120  -0.091734   0.003420,
	 -0.048405  -0.089408   0.003690,
	 -0.048838  -0.087736   0.002873,
	 -0.048700  -0.086112  -0.001529,
	 -0.046797  -0.084697  -0.006277,
	 -0.047375  -0.082834  -0.009330,
	 -0.049481  -0.077107  -0.012407,
	 -0.050568  -0.069087  -0.015406,
	 -0.053540  -0.051479  -0.022633,
	 -0.077631  -0.052429  -0.049158,
	 -0.071929  -0.047992  -0.041755,
	 -0.064275  -0.044508  -0.031582,
	 -0.056027  -0.045159  -0.022429,
	 -0.089610  -0.057602  -0.060136,
	 -0.085233  -0.054452  -0.055874,
	 -0.081212  -0.049794  -0.046663,
	 -0.092692  -0.061880  -0.063686,
	 -0.097498  -0.068893  -0.069689,
	 -0.078646  -0.066991  -0.054270,
	 -0.087370  -0.057326  -0.063720,
	 -0.092514  -0.046672  -0.072706,
	 -0.096748  -0.058754  -0.070194,
	 -0.075262  -0.090831  -0.039632,
	 -0.068665  -0.107760  -0.024539,
	 -0.059875  -0.101648  -0.015252,
	 -0.048172  -0.100265  -0.008502,
	 -0.048621  -0.097530  -0.010731,
	 -0.042958  -0.090920  -0.003842,
	 -0.044281  -0.091946  -0.000481,
	 -0.041532  -0.089951   0.003177,
	 -0.043320  -0.088143   0.003916,
	 -0.045816  -0.086267   0.004090,
	 -0.047176  -0.084860   0.002222,
	 -0.045948  -0.083301  -0.000793,
	 -0.044530  -0.081372  -0.006020,
	 -0.044678  -0.078728  -0.008492,
	 -0.045943  -0.072833  -0.011575,
	 -0.047319  -0.066794  -0.014200,
	 -0.049336  -0.053488  -0.017330,
	 -0.051046  -0.045619  -0.017409,
	 -0.076204  -0.046230  -0.038810,
	 -0.069479  -0.041033  -0.029408,
	 -0.063393  -0.035952  -0.019794,
	 -0.056489  -0.035822  -0.013920,
	 -0.090866  -0.054525  -0.057868,
	 -0.086860  -0.053678  -0.052897,
	 -0.086288  -0.051268  -0.039880,
	 -0.083624  -0.048622  -0.031283,
	 -0.093745  -0.057407  -0.062346,
	 -0.073563  -0.063868  -0.047149,
	 -0.078991  -0.053208  -0.055504,
	 -0.082874  -0.044608  -0.065480,
	 -0.094096  -0.048965  -0.071510,
	 -0.087660  -0.034167  -0.071634,
	 -0.090302  -0.036489  -0.071416,
	 -0.092121  -0.041584  -0.070463,
	 -0.096146  -0.056116  -0.070422,
	 -0.095544  -0.053477  -0.070650,
	 -0.094950  -0.054582  -0.061598,
	 -0.069932  -0.086013  -0.033156,
	 -0.061504  -0.096822  -0.017730,
	 -0.051430  -0.091572  -0.012453,
	 -0.040669  -0.089879  -0.007661,
	 -0.041804  -0.087645  -0.009556,
	 -0.040383  -0.088172  -0.003315,
	 -0.041846  -0.088947   0.000106,
	 -0.039285  -0.087483   0.004063,
	 -0.040956  -0.085828   0.004342,
	 -0.043387  -0.083274   0.004683,
	 -0.043259  -0.080474   0.003469,
	 -0.043499  -0.079925  -0.000329,
	 -0.041680  -0.077493  -0.005244,
	 -0.041345  -0.075373  -0.007247,
	 -0.042968  -0.070065  -0.010247,
	 -0.043116  -0.063851  -0.012064,
	 -0.045282  -0.054213  -0.013361,
	 -0.047347  -0.047497  -0.012455,
	 -0.050392  -0.039055  -0.008804,
	 -0.076888  -0.041504  -0.023914,
	 -0.068855  -0.032573  -0.016606,
	 -0.059759  -0.031302  -0.011398,
	 -0.052306  -0.032524  -0.005668,
	 -0.092946  -0.052731  -0.056486,
	 -0.088486  -0.052905  -0.049920,
	 -0.088137  -0.051739  -0.039686,
	 -0.084196  -0.048152  -0.030516,
	 -0.078564  -0.040327  -0.023128,
	 -0.067908  -0.062175  -0.039791,
	 -0.072421  -0.051787  -0.048884,
	 -0.074147  -0.043223  -0.056486,
	 -0.077658  -0.033552  -0.067060,
	 -0.092222  -0.050239  -0.062782,
	 -0.088684  -0.045546  -0.064753,
	 -0.088493  -0.031236  -0.070464,
	 -0.079808  -0.020010  -0.070117,
	 -0.086263  -0.041103  -0.065691,
	 -0.084612  -0.036632  -0.065958,
	 -0.093498  -0.052143  -0.062335,
	 -0.092013  -0.051988  -0.055942,
	 -0.062157  -0.078774  -0.025193,
	 -0.053630  -0.086749  -0.013664,
	 -0.043897  -0.081856  -0.010328,
	 -0.037875  -0.086782  -0.006654,
	 -0.037931  -0.083561  -0.008575,
	 -0.038109  -0.085318  -0.002549,
	 -0.039417  -0.085954   0.000700,
	 -0.036221  -0.084766   0.004547,
	 -0.038731  -0.083755   0.005348,
	 -0.039804  -0.081167   0.006022,
	 -0.040889  -0.078645   0.004408,
	 -0.040676  -0.076431   0.000568,
	 -0.038471  -0.073515  -0.004047,
	 -0.038801  -0.071410  -0.006222,
	 -0.039262  -0.066604  -0.008581,
	 -0.040402  -0.062298  -0.010597,
	 -0.042204  -0.055004  -0.011228,
	 -0.043633  -0.049528  -0.009412,
	 -0.046645  -0.042777  -0.005745,
	 -0.047625  -0.035975  -0.001565,
	 -0.070219  -0.029513  -0.015793,
	 -0.063272  -0.025529  -0.008978,
	 -0.054607  -0.026001  -0.003348,
	 -0.047308  -0.030935   0.001914,
	 -0.089993  -0.052545  -0.048285,
	 -0.088376  -0.047553  -0.040530,
	 -0.085248  -0.042772  -0.032484,
	 -0.079950  -0.037227  -0.025004,
	 -0.069381  -0.026944  -0.018338,
	 -0.066572  -0.051640  -0.041689,
	 -0.061752  -0.061570  -0.031046,
	 -0.069409  -0.042917  -0.051063,
	 -0.068597  -0.034490  -0.060091,
	 -0.071687  -0.021274  -0.066505,
	 -0.090845  -0.050576  -0.057328,
	 -0.086851  -0.046779  -0.058713,
	 -0.082823  -0.042605  -0.060223,
	 -0.084827  -0.025126  -0.069826,
	 -0.079206  -0.017580  -0.068944,
	 -0.076151  -0.015878  -0.069734,
	 -0.081143  -0.030967  -0.065400,
	 -0.080620  -0.039475  -0.060623,
	 -0.078586  -0.036492  -0.060852,
	 -0.089807  -0.049546  -0.048825,
	 -0.054812  -0.073822  -0.018593,
	 -0.046441  -0.077230  -0.011567,
	 -0.040396  -0.078351  -0.009269,
	 -0.035797  -0.083501  -0.006601,
	 -0.035993  -0.080045  -0.008458,
	 -0.035848  -0.082473  -0.001785,
	 -0.037544  -0.083604   0.001154,
	 -0.034471  -0.082741   0.005968,
	 -0.035532  -0.081752   0.006274,
	 -0.037235  -0.078409   0.006552,
	 -0.038131  -0.075356   0.004637,
	 -0.037455  -0.072457   0.001755,
	 -0.036279  -0.069751  -0.003058,
	 -0.036033  -0.066620  -0.005222,
	 -0.036467  -0.063984  -0.007058,
	 -0.037138  -0.060103  -0.008999,
	 -0.039451  -0.054118  -0.008468,
	 -0.041041  -0.048788  -0.006473,
	 -0.042080  -0.045271  -0.004112,
	 -0.042894  -0.037792   0.001686,
	 -0.043218  -0.033495   0.003982,
	 -0.063474  -0.023025  -0.009828,
	 -0.056278  -0.020236  -0.000614,
	 -0.047201  -0.025855   0.004792,
	 -0.042458  -0.030285   0.006374,
	 -0.086458  -0.045449  -0.041578,
	 -0.083710  -0.039813  -0.034982,
	 -0.078336  -0.034697  -0.028224,
	 -0.068390  -0.027100  -0.019363,
	 -0.062635  -0.021908  -0.010849,
	 -0.060976  -0.052214  -0.034865,
	 -0.064293  -0.044563  -0.045101,
	 -0.055721  -0.060407  -0.024662,
	 -0.062296  -0.036804  -0.055386,
	 -0.062935  -0.024257  -0.061476,
	 -0.065302  -0.011627  -0.064127,
	 -0.088858  -0.048954  -0.050192,
	 -0.085592  -0.046974  -0.052809,
	 -0.081602  -0.044673  -0.054972,
	 -0.074974  -0.022777  -0.064401,
	 -0.067853  -0.012339  -0.062079,
	 -0.076572  -0.015105  -0.067242,
	 -0.070816  -0.028074  -0.060926,
	 -0.078902  -0.042060  -0.054902,
	 -0.065388  -0.031791  -0.057902,
	 -0.083491  -0.044328  -0.042937,
	 -0.048003  -0.068313  -0.015149,
	 -0.042700  -0.072524  -0.010642,
	 -0.037799  -0.075208  -0.008861,
	 -0.032844  -0.079676  -0.006679,
	 -0.033607  -0.077335  -0.008151,
	 -0.032660  -0.078874  -0.000474,
	 -0.034166  -0.079952   0.002680,
	 -0.029865  -0.079942   0.007008,
	 -0.031863  -0.078587   0.007666,
	 -0.033286  -0.076202   0.008320,
	 -0.034335  -0.072419   0.005960,
	 -0.033519  -0.069282   0.002514,
	 -0.032071  -0.065311  -0.000145,
	 -0.032630  -0.062052  -0.002028,
	 -0.033218  -0.059558  -0.003678,
	 -0.033150  -0.055944  -0.004267,
	 -0.033027  -0.052035  -0.004585,
	 -0.035007  -0.047827  -0.004295,
	 -0.035539  -0.044985  -0.003369,
	 -0.038315  -0.039489   0.000392,
	 -0.038163  -0.035617   0.002773,
	 -0.037043  -0.032838   0.003797,
	 -0.054875  -0.017721  -0.006738,
	 -0.046899  -0.023813   0.006723,
	 -0.054484  -0.018400   0.001593,
	 -0.052419  -0.015249  -0.002958,
	 -0.041423  -0.029055   0.007864,
	 -0.081444  -0.039098  -0.036384,
	 -0.076189  -0.033363  -0.029691,
	 -0.067399  -0.027255  -0.020389,
	 -0.060447  -0.022249  -0.012296,
	 -0.052397  -0.024670  -0.008345,
	 -0.059069  -0.046207  -0.037680,
	 -0.055418  -0.053085  -0.028315,
	 -0.058161  -0.038382  -0.049353,
	 -0.048558  -0.058589  -0.019428,
	 -0.054645  -0.027573  -0.056766,
	 -0.052373  -0.029208  -0.053532,
	 -0.058217  -0.015413  -0.058569,
	 -0.080017  -0.044358  -0.045216,
	 -0.076550  -0.044395  -0.047488,
	 -0.073012  -0.043271  -0.050114,
	 -0.059326  -0.016149  -0.057024,
	 -0.053462  -0.020459  -0.053959,
	 -0.061473  -0.035044  -0.055017,
	 -0.050765  -0.024100  -0.051733,
	 -0.075609  -0.042843  -0.038649,
	 -0.043506  -0.065938  -0.012749,
	 -0.039263  -0.069701  -0.009736,
	 -0.035020  -0.072012  -0.008246,
	 -0.030029  -0.076672  -0.005285,
	 -0.029691  -0.072477  -0.007403,
	 -0.027230  -0.074319   0.000951,
	 -0.028122  -0.075580   0.003609,
	 -0.024069  -0.075759   0.009362,
	 -0.026492  -0.074163   0.010716,
	 -0.028596  -0.070836   0.010177,
	 -0.030445  -0.066355   0.007204,
	 -0.029577  -0.063020   0.004424,
	 -0.029675  -0.060086   0.002232,
	 -0.030082  -0.057064   0.000274,
	 -0.029997  -0.055043  -0.000691,
	 -0.030198  -0.052538  -0.001541,
	 -0.030699  -0.049948  -0.002133,
	 -0.031061  -0.047592  -0.002789,
	 -0.032140  -0.045010  -0.002107,
	 -0.033545  -0.041609  -0.000171,
	 -0.033583  -0.037791   0.001994,
	 -0.032071  -0.036658   0.001152,
	 -0.037706  -0.030339   0.005687,
	 -0.031673  -0.037334  -0.001741,
	 -0.035165  -0.031654   0.001065,
	 -0.034675  -0.027575   0.003476,
	 -0.045547  -0.026396  -0.005812,
	 -0.046901  -0.018752  -0.003070,
	 -0.044632  -0.016854  -0.001282,
	 -0.044975  -0.018500   0.011430,
	 -0.046560  -0.014823   0.010743,
	 -0.040661  -0.011170   0.001526,
	 -0.038561  -0.012042   0.001829,
	 -0.038550  -0.024046   0.014523,
	 -0.068419  -0.040586  -0.031233,
	 -0.059605  -0.039645  -0.022980,
	 -0.053576  -0.040127  -0.019275,
	 -0.046323  -0.039336  -0.013876,
	 -0.040573  -0.038860  -0.010547,
	 -0.054431  -0.047824  -0.031685,
	 -0.053355  -0.041281  -0.043227,
	 -0.048961  -0.052635  -0.022127,
	 -0.046850  -0.031241  -0.049515,
	 -0.044103  -0.057477  -0.016291,
	 -0.052831  -0.020535  -0.054286,
	 -0.050318  -0.023947  -0.052547,
	 -0.071013  -0.045169  -0.041339,
	 -0.067407  -0.044963  -0.044190,
	 -0.055285  -0.036196  -0.048570,
	 -0.045525  -0.028506  -0.047883,
	 -0.044809  -0.028744  -0.049231,
	 -0.065085  -0.043951  -0.034102,
	 -0.039902  -0.063451  -0.011525,
	 -0.035336  -0.066909  -0.008873,
	 -0.030582  -0.068876  -0.007525,
	 -0.025697  -0.071896  -0.003329,
	 -0.024283  -0.068789  -0.005359,
	 -0.023452  -0.071626   0.004302,
	 -0.023761  -0.073693   0.006832,
	 -0.018018  -0.069617   0.006348,
	 -0.019568  -0.070993   0.009220,
	 -0.022438  -0.069551   0.011388,
	 -0.025601  -0.066183   0.012171,
	 -0.027245  -0.062219   0.010304,
	 -0.027373  -0.058718   0.007203,
	 -0.026485  -0.055861   0.004938,
	 -0.026246  -0.053696   0.003785,
	 -0.026329  -0.051333   0.002485,
	 -0.026091  -0.049550   0.001445,
	 -0.026524  -0.047878   0.000628,
	 -0.027375  -0.045963   0.000515,
	 -0.027526  -0.044133   0.000964,
	 -0.028222  -0.042552   0.001179,
	 -0.028827  -0.040390   0.001930,
	 -0.027018  -0.038234   0.001726,
	 -0.025634  -0.038446   0.000560,
	 -0.036003  -0.024829   0.011697,
	 -0.024369  -0.038043  -0.000657,
	 -0.029504  -0.039178  -0.003967,
	 -0.035807  -0.034043  -0.002796,
	 -0.040116  -0.024238  -0.001864,
	 -0.038376  -0.021110   0.000461,
	 -0.032241  -0.021915   0.008026,
	 -0.040633  -0.028702  -0.004154,
	 -0.037404  -0.038111  -0.008882,
	 -0.033299  -0.017082   0.004266,
	 -0.038467  -0.016524   0.023390,
	 -0.038479  -0.013981   0.022760,
	 -0.029510  -0.006049   0.005886,
	 -0.027534  -0.007311   0.004843,
	 -0.025408  -0.011694   0.006785,
	 -0.032148  -0.021812   0.020309,
	 -0.055362  -0.043761  -0.026081,
	 -0.049325  -0.044729  -0.021864,
	 -0.042525  -0.044135  -0.017951,
	 -0.037809  -0.042772  -0.013934,
	 -0.034199  -0.042348  -0.012576,
	 -0.048850  -0.041463  -0.038972,
	 -0.048059  -0.048912  -0.025020,
	 -0.044240  -0.052857  -0.018492,
	 -0.041698  -0.033150  -0.045058,
	 -0.040562  -0.056621  -0.014204,
	 -0.060308  -0.044788  -0.038104,
	 -0.049162  -0.037538  -0.042795,
	 -0.041117  -0.031101  -0.043770,
	 -0.040335  -0.030660  -0.044951,
	 -0.050703  -0.044460  -0.029617,
	 -0.035204  -0.061653  -0.010314,
	 -0.030955  -0.064450  -0.008312,
	 -0.024463  -0.065417  -0.006828,
	 -0.022281  -0.070835   0.001514,
	 -0.020915  -0.069035  -0.002080,
	 -0.016731  -0.068888   0.002714,
	 -0.013346  -0.067100   0.008560,
	 -0.015133  -0.066744   0.010823,
	 -0.018214  -0.065740   0.012905,
	 -0.022351  -0.061758   0.015551,
	 -0.024450  -0.056989   0.013486,
	 -0.024761  -0.053541   0.010178,
	 -0.024675  -0.051519   0.009212,
	 -0.024487  -0.049536   0.007389,
	 -0.024496  -0.048102   0.005861,
	 -0.024271  -0.046314   0.004831,
	 -0.024858  -0.044782   0.004186,
	 -0.025123  -0.043923   0.004203,
	 -0.025030  -0.042859   0.004249,
	 -0.025413  -0.041371   0.004212,
	 -0.025539  -0.040271   0.003649,
	 -0.023364  -0.037999   0.003871,
	 -0.023116  -0.037810   0.002446,
	 -0.022100  -0.036632   0.001634,
	 -0.029947  -0.019851   0.016716,
	 -0.022958  -0.037397  -0.002446,
	 -0.021583  -0.035806   0.000970,
	 -0.027263  -0.039863  -0.006547,
	 -0.033933  -0.038415  -0.006441,
	 -0.025974  -0.016502   0.013145,
	 -0.031047  -0.040970  -0.009516,
	 -0.034612  -0.016673   0.028548,
	 -0.035546  -0.012883   0.027639,
	 -0.024085  -0.003950   0.007538,
	 -0.022070  -0.005461   0.004984,
	 -0.020866  -0.009577   0.007673,
	 -0.022251  -0.014158   0.013920,
	 -0.029561  -0.018999   0.023125,
	 -0.045281  -0.044753  -0.025425,
	 -0.039794  -0.044382  -0.021059,
	 -0.034443  -0.043295  -0.017152,
	 -0.030936  -0.042340  -0.015456,
	 -0.027315  -0.040901  -0.012824,
	 -0.043481  -0.042875  -0.032133,
	 -0.043193  -0.048415  -0.022471,
	 -0.040392  -0.052101  -0.016651,
	 -0.036441  -0.035994  -0.038141,
	 -0.035390  -0.055259  -0.012920,
	 -0.042213  -0.038561  -0.035116,
	 -0.035520  -0.033180  -0.037727,
	 -0.035052  -0.032646  -0.038655,
	 -0.040075  -0.039801  -0.029709,
	 -0.030986  -0.058389  -0.010589,
	 -0.024439  -0.061613  -0.008204,
	 -0.020616  -0.067212  -0.004357,
	 -0.015392  -0.067474  -0.000759,
	 -0.009453  -0.067904   0.003789,
	 -0.009078  -0.067048   0.010208,
	 -0.010829  -0.065923   0.012246,
	 -0.014535  -0.063137   0.015193,
	 -0.018624  -0.058390   0.017603,
	 -0.020451  -0.054424   0.017833,
	 -0.022260  -0.047674   0.015395,
	 -0.022321  -0.045408   0.014496,
	 -0.022126  -0.044399   0.013690,
	 -0.022280  -0.042721   0.012229,
	 -0.021727  -0.041125   0.011339,
	 -0.021909  -0.040690   0.010627,
	 -0.021582  -0.039918   0.009748,
	 -0.021399  -0.038905   0.008951,
	 -0.019122  -0.036688   0.008319,
	 -0.018423  -0.034845   0.006843,
	 -0.026913  -0.016883   0.018718,
	 -0.021623  -0.035346  -0.004521,
	 -0.020787  -0.034500  -0.000838,
	 -0.024048  -0.038556  -0.009316,
	 -0.021676  -0.034948  -0.012317,
	 -0.029397  -0.015012   0.030114,
	 -0.030977  -0.010312   0.030704,
	 -0.015969  -0.000413   0.006073,
	 -0.014784  -0.004158   0.003640,
	 -0.014166  -0.007219   0.006199,
	 -0.017877  -0.012664   0.015492,
	 -0.021381  -0.012855   0.019789,
	 -0.024659  -0.013675   0.025599,
	 -0.034003  -0.039508  -0.026237,
	 -0.029561  -0.039734  -0.021973,
	 -0.026882  -0.038953  -0.020265,
	 -0.024162  -0.037340  -0.016502,
	 -0.018157  -0.030795  -0.016086,
	 -0.039104  -0.043768  -0.028026,
	 -0.038957  -0.048123  -0.019315,
	 -0.034891  -0.051392  -0.014716,
	 -0.034416  -0.038679  -0.032665,
	 -0.030759  -0.053665  -0.012377,
	 -0.033866  -0.036447  -0.032159,
	 -0.033975  -0.035975  -0.034117,
	 -0.031526  -0.038843  -0.027049,
	 -0.023505  -0.056009  -0.010440,
	 -0.019831  -0.063824  -0.006285,
	 -0.014064  -0.065425  -0.002843,
	 -0.006930  -0.066613   0.000843,
	 -0.005055  -0.066979   0.006262,
	 -0.009359  -0.063429   0.013796,
	 -0.006358  -0.065016   0.011168,
	 -0.012142  -0.060913   0.016013,
	 -0.017530  -0.057502   0.017968,
	 -0.019364  -0.053538   0.018191,
	 -0.020345  -0.047962   0.016888,
	 -0.020722  -0.044650   0.015212,
	 -0.020884  -0.043359   0.013871,
	 -0.020653  -0.042053   0.013338,
	 -0.020631  -0.041186   0.012719,
	 -0.020143  -0.040269   0.011661,
	 -0.019708  -0.038044   0.010717,
	 -0.018822  -0.036755   0.009878,
	 -0.019162  -0.035733   0.010401,
	 -0.016868  -0.032938   0.005767,
	 -0.018035  -0.034525   0.009254,
	 -0.017196  -0.034159   0.008507,
	 -0.019845  -0.030699  -0.007657,
	 -0.017321  -0.030003  -0.003474,
	 -0.015204  -0.032043   0.004851,
	 -0.014415  -0.028329  -0.010710,
	 -0.026694  -0.010899   0.030946,
	 -0.025231  -0.006959   0.030979,
	 -0.004066   0.003546   0.003861,
	 -0.000851   0.001283   0.000437,
	 -0.001021  -0.003252   0.002888,
	 -0.010221  -0.010078   0.017767,
	 -0.017367  -0.010930   0.022729,
	 -0.023291  -0.011126   0.028002,
	 -0.028991  -0.038767  -0.024259,
	 -0.024100  -0.036447  -0.023351,
	 -0.021093  -0.034353  -0.020723,
	 -0.014744  -0.028083  -0.019779,
	 -0.008036  -0.025948  -0.014239,
	 -0.035379  -0.043824  -0.024713,
	 -0.033198  -0.047805  -0.017890,
	 -0.030177  -0.050709  -0.014397,
	 -0.032882  -0.041327  -0.027163,
	 -0.023194  -0.052200  -0.012436,
	 -0.031655  -0.039227  -0.028378,
	 -0.027834  -0.039329  -0.025915,
	 -0.019558  -0.060307  -0.008570,
	 -0.013329  -0.061853  -0.005550,
	 -0.006086  -0.064054  -0.001705,
	 -0.002528  -0.064733   0.002294,
	 -0.003020  -0.065449   0.007557,
	 -0.001046  -0.063822   0.003470,
	  0.001098  -0.058164  -0.002560,
	 -0.000062  -0.061986   0.001362,
	  0.001004  -0.054221  -0.003470,
	  0.000766  -0.047956  -0.004444,
	 -0.000217  -0.045419  -0.004612,
	 -0.000944  -0.043026  -0.004666,
	 -0.000196  -0.040019  -0.005595,
	 -0.014611  -0.032552   0.006773,
	  0.000658  -0.035417  -0.005573,
	 -0.011226  -0.027619  -0.006356,
	 -0.011834  -0.030106   0.001391,
	 -0.010627  -0.030798   0.002818,
	 -0.003519  -0.027090  -0.010192,
	 -0.023037  -0.006767   0.031329,
	 -0.021184  -0.008423   0.028953,
	  0.001490   0.005549   0.007372,
	  0.005971   0.003216   0.003231,
	  0.008266  -0.000216   0.002072,
	 -0.008358  -0.006609   0.019121,
	 -0.013645  -0.008045   0.025303,
	 -0.022206  -0.034874  -0.026194,
	 -0.018947  -0.031567  -0.023714,
	 -0.012759  -0.025934  -0.022072,
	 -0.016903  -0.028255  -0.026352,
	 -0.005709  -0.025087  -0.017269,
	 -0.001872  -0.027265  -0.014694,
	 -0.030212  -0.043416  -0.022407,
	 -0.027989  -0.047164  -0.017616,
	 -0.021473  -0.049665  -0.014212,
	 -0.029374  -0.041335  -0.024448,
	 -0.018469  -0.055036  -0.010478,
	 -0.019574  -0.037204  -0.030641,
	 -0.012502  -0.058178  -0.007206,
	 -0.004840  -0.060134  -0.004569,
	 -0.000891  -0.062772  -0.000025,
	  0.000019  -0.054675  -0.005185,
	  0.000236  -0.058238  -0.002939,
	 -0.000150  -0.049328  -0.006384,
	 -0.001413  -0.046322  -0.006424,
	 -0.001963  -0.044497  -0.006780,
	 -0.001281  -0.041065  -0.007865,
	  0.000230  -0.035871  -0.008572,
	 -0.000086  -0.032061  -0.005763,
	 -0.007381  -0.029254  -0.001973,
	 -0.006540  -0.030047  -0.000975,
	 -0.000380  -0.030623  -0.006644,
	  0.000326  -0.032836  -0.008263,
	 -0.002007  -0.034441  -0.011211,
	 -0.012035  -0.001728   0.026940,
	  0.002641   0.004930   0.014636,
	 -0.012631  -0.004098   0.028063,
	  0.008996   0.004959   0.010960,
	  0.011773   0.001161   0.012182,
	  0.000024  -0.002286   0.020317,
	 -0.009496  -0.006414   0.025882,
	 -0.019753  -0.031700  -0.029935,
	 -0.018117  -0.033323  -0.032904,
	 -0.007868  -0.022162  -0.022687,
	 -0.015522  -0.022984  -0.028898,
	 -0.019600  -0.026063  -0.031491,
	  0.000317  -0.023232  -0.018418,
	  0.002791  -0.025435  -0.016174,
	  0.000013  -0.029595  -0.015769,
	 -0.025023  -0.043646  -0.021499,
	 -0.020490  -0.046864  -0.017340,
	 -0.017510  -0.051507  -0.012594,
	 -0.011685  -0.052435  -0.008977,
	 -0.011584  -0.037482  -0.032191,
	 -0.018079  -0.043505  -0.021852,
	 -0.006867  -0.034339  -0.032114,
	 -0.004809  -0.056328  -0.005937,
	 -0.005350  -0.051088  -0.007557,
	 -0.005684  -0.048347  -0.008335,
	 -0.004508  -0.042490  -0.009689,
	 -0.005433  -0.045156  -0.008202,
	 -0.002819  -0.038268  -0.011466,
	 -0.004568  -0.038037  -0.017343,
	 -0.002297  -0.035879  -0.020271,
	  0.008533   0.002229   0.018640,
	 -0.006255  -0.000066   0.027231,
	 -0.006167  -0.004556   0.026349,
	  0.008319  -0.000193   0.018282,
	 -0.016789  -0.027705  -0.034333,
	 -0.003195  -0.030847  -0.033138,
	 -0.002515  -0.019311  -0.022715,
	 -0.009262  -0.020777  -0.029549,
	 -0.009958  -0.022834  -0.032288,
	 -0.007928  -0.024916  -0.033950,
	  0.005273  -0.022367  -0.019516,
	  0.008115  -0.026919  -0.016623,
	  0.003261  -0.029976  -0.018537,
	 -0.016446  -0.049076  -0.014146,
	 -0.011768  -0.050073  -0.010277,
	 -0.012665  -0.042908  -0.020970,
	 -0.014957  -0.046409  -0.016908,
	 -0.008968  -0.039711  -0.025813,
	 -0.003276  -0.037670  -0.027095,
	  0.002031  -0.037078  -0.027657,
	 -0.010589  -0.046671  -0.011397,
	 -0.006006  -0.040574  -0.016213,
	 -0.008561  -0.044235  -0.013419,
	  0.002339  -0.035464  -0.022924,
	  0.002726  -0.031398  -0.033191,
	  0.007681  -0.037249  -0.027186,
	  0.003967  -0.021833  -0.024306,
	  0.000636  -0.020803  -0.027815,
	 -0.000104  -0.022670  -0.031341,
	  0.004622  -0.028169  -0.033346,
	  0.009688  -0.033269  -0.031117,
	  0.010465  -0.023706  -0.019506,
	  0.013104  -0.028218  -0.017205,
	  0.008260  -0.028808  -0.019368,
	  0.007393  -0.037098  -0.024638,
	  0.011351  -0.037654  -0.026449,
	  0.010727  -0.037313  -0.024049,
	  0.011214  -0.023695  -0.022867,
	  0.007620  -0.024272  -0.026135,
	  0.007101  -0.026267  -0.028665,
	  0.009094  -0.028645  -0.030600,
	  0.012706  -0.034259  -0.029658,
	  0.014187  -0.038697  -0.025197,
	  0.016059  -0.025029  -0.018679,
	  0.011697  -0.029554  -0.019117,
	  0.016165  -0.028921  -0.015475,
	  0.013454  -0.037830  -0.022452,
	  0.014193  -0.032394  -0.018272,
	  0.021076  -0.025942  -0.019383,
	  0.020465  -0.026449  -0.022588,
	  0.020831  -0.029007  -0.026137,
	  0.020787  -0.031914  -0.028078,
	  0.023354  -0.037163  -0.028242,
	  0.022221  -0.040546  -0.022138,
	  0.020713  -0.039642  -0.018719,
	  0.021622  -0.026589  -0.015830,
	  0.021554  -0.030623  -0.012438,
	  0.020177  -0.036652  -0.015891,
	  0.027250  -0.029272  -0.017420,
	  0.028106  -0.029272  -0.019333,
	  0.027572  -0.031168  -0.022255,
	  0.026902  -0.034971  -0.027290,
	  0.027590  -0.040440  -0.025741,
	  0.024933  -0.040965  -0.020933,
	  0.023841  -0.040685  -0.018105,
	  0.023511  -0.039963  -0.016457,
	  0.026276  -0.029622  -0.014537,
	  0.025438  -0.031702  -0.012496,
	  0.030831  -0.033199  -0.016478,
	  0.030846  -0.033351  -0.018390,
	  0.030790  -0.034187  -0.020461,
	  0.031146  -0.036114  -0.022606,
	  0.029904  -0.040183  -0.021643,
	  0.028090  -0.041173  -0.018255,
	  0.028124  -0.040732  -0.016064,
	  0.028274  -0.039952  -0.014854,
	  0.029992  -0.036240  -0.013434,
	  0.030810  -0.035030  -0.014840,
	  0.031430  -0.038304  -0.016498,
	  0.031586  -0.038691  -0.018473,
	  0.030428  -0.040261  -0.018992,
	  0.030687  -0.039954  -0.015823,
     ]    } 
    coordIndex [ 
	     0,      1,      2, -1 
	     0,      2,      3, -1 
	     0,      3,      4, -1 
	     4,      5,      0, -1 
	     6,      0,      5, -1 
	     7,      1,      0, -1 
	     7,      0,      6, -1 
	     1,      7,      8, -1 
	     1,      8,      2, -1 
	     2,      8,      9, -1 
	     2,      9,     10, -1 
	     3,      2,     11, -1 
	     2,     10,     12, -1 
	     2,     12,     11, -1 
	    11,     13,      3, -1 
	     3,     13,     14, -1 
	     3,     14,      4, -1 
	     4,     14,      5, -1 
	    14,     15,      5, -1 
	     5,     15,     16, -1 
	     5,     16,      6, -1 
	     6,     16,     17, -1 
	     6,     17,      7, -1 
	     7,     17,     18, -1 
	     7,     18,      8, -1 
	     8,     18,     19, -1 
	     8,     19,      9, -1 
	     9,     19,     20, -1 
	     9,     20,     21, -1 
	    10,      9,     21, -1 
	    10,     21,     22, -1 
	    10,     22,     23, -1 
	    10,     23,     12, -1 
	    11,     24,     13, -1 
	    12,     24,     11, -1 
	    12,     25,     24, -1 
	    23,     25,     12, -1 
	    13,     26,     27, -1 
	    13,     27,     14, -1 
	    24,     26,     13, -1 
	    14,     27,     15, -1 
	    27,     28,     15, -1 
	    15,     28,     29, -1 
	    15,     29,     16, -1 
	    16,     29,     30, -1 
	    16,     30,     17, -1 
	    17,     30,     31, -1 
	    17,     31,     18, -1 
	    18,     31,     32, -1 
	    18,     32,     19, -1 
	    19,     32,     33, -1 
	    19,     33,     20, -1 
	    21,     20,     34, -1 
	    20,     33,     35, -1 
	    20,     35,     34, -1 
	    21,     34,     36, -1 
	    22,     21,     36, -1 
	    22,     36,     37, -1 
	    22,     37,     38, -1 
	    22,     38,     39, -1 
	    22,     39,     23, -1 
	    23,     40,     25, -1 
	    39,     40,     23, -1 
	    25,     41,     24, -1 
	    24,     41,     26, -1 
	    25,     42,     41, -1 
	    40,     42,     25, -1 
	    41,     43,     26, -1 
	    26,     43,     44, -1 
	    26,     44,     27, -1 
	    27,     44,     28, -1 
	    44,     45,     28, -1 
	    28,     45,     46, -1 
	    28,     46,     29, -1 
	    29,     46,     47, -1 
	    29,     47,     30, -1 
	    30,     47,     48, -1 
	    30,     48,     31, -1 
	    31,     48,     49, -1 
	    31,     49,     32, -1 
	    32,     49,     50, -1 
	    32,     50,     33, -1 
	    33,     50,     51, -1 
	    33,     51,     35, -1 
	    36,     34,     52, -1 
	    34,     35,     53, -1 
	    34,     53,     52, -1 
	    35,     51,     54, -1 
	    35,     54,     53, -1 
	    36,     52,     55, -1 
	    37,     36,     55, -1 
	    37,     55,     38, -1 
	    38,     55,     56, -1 
	    38,     56,     57, -1 
	    38,     57,     58, -1 
	    38,     58,     39, -1 
	    39,     59,     40, -1 
	    58,     59,     39, -1 
	    40,     60,     42, -1 
	    59,     60,     40, -1 
	    41,     61,     43, -1 
	    42,     61,     41, -1 
	    60,     62,     42, -1 
	    42,     62,     61, -1 
	    61,     63,     43, -1 
	    43,     63,     64, -1 
	    43,     64,     44, -1 
	    44,     64,     45, -1 
	    64,     65,     45, -1 
	    45,     65,     66, -1 
	    45,     66,     46, -1 
	    46,     66,     67, -1 
	    46,     67,     47, -1 
	    47,     67,     68, -1 
	    47,     68,     48, -1 
	    48,     68,     69, -1 
	    48,     69,     49, -1 
	    49,     69,     70, -1 
	    49,     70,     50, -1 
	    50,     70,     71, -1 
	    50,     71,     51, -1 
	    51,     71,     72, -1 
	    51,     72,     54, -1 
	    55,     52,     73, -1 
	    52,     53,     74, -1 
	    52,     74,     73, -1 
	    53,     54,     75, -1 
	    53,     75,     74, -1 
	    54,     72,     76, -1 
	    54,     76,     75, -1 
	    55,     73,     56, -1 
	    57,     56,     77, -1 
	    56,     73,     78, -1 
	    56,     78,     79, -1 
	    56,     79,     77, -1 
	    57,     77,     80, -1 
	    57,     80,     81, -1 
	    57,     81,     82, -1 
	    57,     82,     58, -1 
	    58,     83,     59, -1 
	    82,     83,     58, -1 
	    59,     84,     60, -1 
	    83,     84,     59, -1 
	    60,     85,     62, -1 
	    84,     85,     60, -1 
	    62,     86,     61, -1 
	    61,     86,     63, -1 
	    62,     87,     86, -1 
	    85,     87,     62, -1 
	    86,     88,     63, -1 
	    63,     88,     89, -1 
	    63,     89,     64, -1 
	    64,     89,     65, -1 
	    89,     90,     65, -1 
	    65,     90,     91, -1 
	    65,     91,     66, -1 
	    66,     91,     92, -1 
	    66,     92,     67, -1 
	    67,     92,     93, -1 
	    67,     93,     68, -1 
	    68,     93,     94, -1 
	    68,     94,     69, -1 
	    69,     94,     95, -1 
	    69,     95,     70, -1 
	    70,     95,     96, -1 
	    70,     96,     71, -1 
	    71,     96,     97, -1 
	    71,     97,     72, -1 
	    72,     97,     98, -1 
	    72,     98,     76, -1 
	    73,     74,     99, -1 
	    73,     99,     78, -1 
	    74,     75,    100, -1 
	    74,    100,     99, -1 
	    75,     76,    101, -1 
	    75,    101,    100, -1 
	    76,     98,    102, -1 
	    76,    102,    101, -1 
	    80,     77,     79, -1 
	    79,     78,    103, -1 
	    78,     99,    104, -1 
	    78,    104,    103, -1 
	    80,     79,     81, -1 
	    79,    103,    105, -1 
	    81,     79,    105, -1 
	    81,    105,    106, -1 
	    81,    106,     82, -1 
	    82,    107,     83, -1 
	   108,    107,     82, -1 
	   106,    108,     82, -1 
	    83,    109,     84, -1 
	   107,    109,     83, -1 
	    84,    110,     85, -1 
	   109,    110,     84, -1 
	   110,    111,     85, -1 
	    85,    111,     87, -1 
	    87,    112,     86, -1 
	    86,    112,     88, -1 
	   111,    113,     87, -1 
	    87,    113,    112, -1 
	   112,    114,     88, -1 
	    88,    114,    115, -1 
	    88,    115,     89, -1 
	    89,    115,     90, -1 
	   115,    116,     90, -1 
	    90,    116,    117, -1 
	    90,    117,     91, -1 
	    91,    117,    118, -1 
	    91,    118,     92, -1 
	    92,    118,    119, -1 
	    92,    119,     93, -1 
	    93,    119,    120, -1 
	    93,    120,     94, -1 
	    94,    120,    121, -1 
	    94,    121,     95, -1 
	    95,    121,    122, -1 
	    95,    122,     96, -1 
	    96,    122,    123, -1 
	    96,    123,     97, -1 
	    97,    123,    124, -1 
	    97,    124,     98, -1 
	    98,    124,    125, -1 
	    98,    125,    102, -1 
	    99,    100,    126, -1 
	    99,    126,    104, -1 
	   100,    101,    127, -1 
	   100,    127,    126, -1 
	   101,    102,    128, -1 
	   101,    128,    127, -1 
	   102,    125,    129, -1 
	   102,    129,    128, -1 
	   105,    103,    130, -1 
	   103,    104,    131, -1 
	   103,    131,    130, -1 
	   104,    126,    132, -1 
	   104,    132,    131, -1 
	   105,    130,    133, -1 
	   106,    105,    133, -1 
	   106,    134,    108, -1 
	   106,    133,    134, -1 
	   107,    135,    109, -1 
	   108,    136,    107, -1 
	   136,    135,    107, -1 
	   137,    136,    108, -1 
	   138,    137,    108, -1 
	   134,    138,    108, -1 
	   109,    139,    110, -1 
	   135,    139,    109, -1 
	   110,    140,    111, -1 
	   139,    140,    110, -1 
	   111,    141,    113, -1 
	   140,    141,    111, -1 
	   113,    142,    112, -1 
	   112,    142,    114, -1 
	   141,    143,    113, -1 
	   113,    143,    142, -1 
	   142,    144,    114, -1 
	   114,    144,    145, -1 
	   114,    145,    115, -1 
	   115,    145,    116, -1 
	   145,    146,    116, -1 
	   116,    146,    147, -1 
	   116,    147,    117, -1 
	   117,    147,    148, -1 
	   117,    148,    118, -1 
	   118,    148,    149, -1 
	   118,    149,    119, -1 
	   119,    149,    150, -1 
	   119,    150,    120, -1 
	   120,    150,    151, -1 
	   120,    151,    121, -1 
	   121,    151,    152, -1 
	   121,    152,    122, -1 
	   122,    152,    153, -1 
	   122,    153,    123, -1 
	   123,    153,    154, -1 
	   123,    154,    124, -1 
	   124,    154,    155, -1 
	   124,    155,    125, -1 
	   125,    155,    156, -1 
	   125,    156,    129, -1 
	   126,    127,    157, -1 
	   126,    157,    132, -1 
	   127,    128,    158, -1 
	   127,    158,    157, -1 
	   128,    129,    159, -1 
	   128,    159,    158, -1 
	   129,    156,    160, -1 
	   129,    160,    159, -1 
	   133,    130,    161, -1 
	   130,    131,    162, -1 
	   130,    162,    161, -1 
	   131,    132,    163, -1 
	   131,    163,    162, -1 
	   132,    157,    164, -1 
	   132,    164,    163, -1 
	   134,    133,    165, -1 
	   133,    161,    165, -1 
	   134,    165,    138, -1 
	   135,    166,    139, -1 
	   136,    167,    135, -1 
	   167,    166,    135, -1 
	   137,    168,    136, -1 
	   168,    167,    136, -1 
	   138,    169,    137, -1 
	   170,    168,    137, -1 
	   171,    170,    137, -1 
	   172,    171,    137, -1 
	   169,    172,    137, -1 
	   138,    173,    174, -1 
	   138,    174,    169, -1 
	   138,    165,    175, -1 
	   138,    175,    173, -1 
	   139,    176,    140, -1 
	   166,    176,    139, -1 
	   176,    177,    140, -1 
	   140,    177,    141, -1 
	   177,    178,    141, -1 
	   141,    178,    143, -1 
	   143,    179,    142, -1 
	   142,    179,    144, -1 
	   178,    180,    143, -1 
	   143,    180,    179, -1 
	   179,    181,    144, -1 
	   144,    181,    182, -1 
	   144,    182,    145, -1 
	   145,    182,    146, -1 
	   182,    183,    146, -1 
	   146,    183,    184, -1 
	   146,    184,    147, -1 
	   147,    184,    185, -1 
	   147,    185,    148, -1 
	   148,    185,    186, -1 
	   148,    186,    149, -1 
	   149,    186,    187, -1 
	   149,    187,    150, -1 
	   150,    187,    188, -1 
	   150,    188,    151, -1 
	   151,    188,    189, -1 
	   151,    189,    152, -1 
	   152,    189,    190, -1 
	   152,    190,    153, -1 
	   153,    190,    191, -1 
	   153,    191,    154, -1 
	   154,    191,    192, -1 
	   154,    192,    155, -1 
	   155,    192,    193, -1 
	   155,    193,    156, -1 
	   156,    193,    194, -1 
	   156,    194,    160, -1 
	   157,    158,    195, -1 
	   157,    195,    164, -1 
	   158,    159,    196, -1 
	   158,    196,    195, -1 
	   159,    160,    197, -1 
	   159,    197,    196, -1 
	   160,    194,    198, -1 
	   160,    198,    197, -1 
	   165,    161,    199, -1 
	   161,    162,    200, -1 
	   161,    200,    199, -1 
	   162,    163,    201, -1 
	   162,    201,    200, -1 
	   163,    164,    202, -1 
	   163,    202,    201, -1 
	   164,    195,    203, -1 
	   164,    203,    202, -1 
	   165,    199,    175, -1 
	   166,    204,    176, -1 
	   167,    205,    166, -1 
	   205,    204,    166, -1 
	   168,    206,    167, -1 
	   206,    205,    167, -1 
	   170,    207,    168, -1 
	   207,    206,    168, -1 
	   174,    208,    169, -1 
	   169,    208,    209, -1 
	   169,    209,    172, -1 
	   171,    210,    170, -1 
	   211,    207,    170, -1 
	   210,    211,    170, -1 
	   172,    212,    171, -1 
	   171,    212,    213, -1 
	   171,    213,    210, -1 
	   172,    209,    212, -1 
	   173,    175,    214, -1 
	   173,    214,    174, -1 
	   174,    214,    208, -1 
	   175,    199,    215, -1 
	   175,    215,    214, -1 
	   176,    216,    177, -1 
	   204,    216,    176, -1 
	   177,    217,    178, -1 
	   216,    217,    177, -1 
	   217,    218,    178, -1 
	   178,    218,    180, -1 
	   180,    219,    179, -1 
	   179,    219,    181, -1 
	   218,    220,    180, -1 
	   180,    220,    219, -1 
	   219,    221,    181, -1 
	   181,    221,    222, -1 
	   181,    222,    182, -1 
	   182,    222,    183, -1 
	   223,    183,    222, -1 
	   224,    184,    183, -1 
	   224,    183,    223, -1 
	   225,    185,    184, -1 
	   225,    184,    224, -1 
	   226,    186,    185, -1 
	   226,    185,    225, -1 
	   227,    187,    186, -1 
	   227,    186,    226, -1 
	   228,    188,    187, -1 
	   228,    187,    227, -1 
	   229,    189,    188, -1 
	   229,    188,    228, -1 
	   230,    190,    189, -1 
	   230,    189,    229, -1 
	   231,    191,    190, -1 
	   231,    190,    230, -1 
	   232,    192,    191, -1 
	   232,    191,    231, -1 
	   233,    193,    192, -1 
	   233,    192,    232, -1 
	   234,    194,    193, -1 
	   234,    193,    233, -1 
	   235,    198,    194, -1 
	   235,    194,    234, -1 
	   195,    196,    236, -1 
	   195,    236,    203, -1 
	   196,    197,    237, -1 
	   196,    237,    236, -1 
	   197,    198,    238, -1 
	   197,    238,    237, -1 
	   239,    238,    198, -1 
	   239,    198,    235, -1 
	   199,    200,    240, -1 
	   199,    240,    215, -1 
	   200,    201,    241, -1 
	   200,    241,    240, -1 
	   201,    202,    242, -1 
	   201,    242,    241, -1 
	   202,    203,    243, -1 
	   202,    243,    242, -1 
	   203,    236,    244, -1 
	   203,    244,    243, -1 
	   205,    245,    204, -1 
	   204,    246,    216, -1 
	   245,    246,    204, -1 
	   206,    247,    205, -1 
	   247,    245,    205, -1 
	   207,    248,    206, -1 
	   248,    247,    206, -1 
	   211,    249,    207, -1 
	   249,    248,    207, -1 
	   214,    250,    208, -1 
	   208,    250,    251, -1 
	   208,    251,    209, -1 
	   209,    251,    252, -1 
	   209,    252,    212, -1 
	   210,    253,    254, -1 
	   210,    254,    255, -1 
	   210,    255,    211, -1 
	   210,    213,    256, -1 
	   210,    256,    253, -1 
	   255,    249,    211, -1 
	   212,    252,    257, -1 
	   212,    257,    213, -1 
	   213,    257,    258, -1 
	   213,    258,    256, -1 
	   214,    215,    250, -1 
	   215,    240,    259, -1 
	   215,    259,    250, -1 
	   246,    260,    216, -1 
	   216,    260,    217, -1 
	   260,    261,    217, -1 
	   217,    261,    218, -1 
	   261,    262,    218, -1 
	   218,    262,    220, -1 
	   220,    263,    219, -1 
	   219,    263,    221, -1 
	   262,    264,    220, -1 
	   220,    264,    263, -1 
	   265,    221,    263, -1 
	   266,    222,    221, -1 
	   266,    221,    265, -1 
	   223,    222,    266, -1 
	   266,    267,    223, -1 
	   223,    267,    268, -1 
	   223,    268,    224, -1 
	   224,    268,    269, -1 
	   224,    269,    225, -1 
	   225,    269,    270, -1 
	   225,    270,    226, -1 
	   226,    270,    271, -1 
	   226,    271,    227, -1 
	   227,    271,    272, -1 
	   227,    272,    228, -1 
	   228,    272,    273, -1 
	   228,    273,    229, -1 
	   229,    273,    274, -1 
	   229,    274,    230, -1 
	   230,    274,    275, -1 
	   230,    275,    231, -1 
	   231,    275,    276, -1 
	   231,    276,    232, -1 
	   232,    276,    277, -1 
	   232,    277,    233, -1 
	   233,    277,    278, -1 
	   233,    278,    234, -1 
	   234,    278,    279, -1 
	   234,    279,    235, -1 
	   235,    279,    280, -1 
	   235,    280,    239, -1 
	   236,    237,    281, -1 
	   236,    281,    244, -1 
	   237,    238,    282, -1 
	   237,    282,    281, -1 
	   283,    282,    238, -1 
	   283,    238,    239, -1 
	   239,    280,    284, -1 
	   239,    284,    283, -1 
	   240,    241,    285, -1 
	   240,    285,    259, -1 
	   241,    242,    286, -1 
	   241,    286,    285, -1 
	   242,    243,    287, -1 
	   242,    287,    286, -1 
	   243,    244,    288, -1 
	   243,    288,    287, -1 
	   244,    281,    289, -1 
	   244,    289,    288, -1 
	   245,    290,    246, -1 
	   247,    291,    245, -1 
	   291,    290,    245, -1 
	   246,    292,    260, -1 
	   290,    292,    246, -1 
	   248,    293,    247, -1 
	   293,    291,    247, -1 
	   249,    294,    248, -1 
	   294,    293,    248, -1 
	   255,    295,    249, -1 
	   295,    294,    249, -1 
	   250,    259,    296, -1 
	   250,    296,    251, -1 
	   251,    296,    297, -1 
	   251,    297,    252, -1 
	   252,    297,    298, -1 
	   252,    298,    257, -1 
	   253,    256,    299, -1 
	   253,    299,    254, -1 
	   254,    299,    300, -1 
	   254,    300,    301, -1 
	   254,    301,    255, -1 
	   301,    295,    255, -1 
	   256,    258,    302, -1 
	   256,    302,    299, -1 
	   257,    298,    303, -1 
	   257,    303,    258, -1 
	   258,    303,    304, -1 
	   258,    304,    302, -1 
	   259,    285,    305, -1 
	   259,    305,    296, -1 
	   260,    306,    261, -1 
	   292,    306,    260, -1 
	   306,    307,    261, -1 
	   261,    307,    262, -1 
	   307,    308,    262, -1 
	   262,    308,    264, -1 
	   309,    263,    264, -1 
	   265,    263,    309, -1 
	   310,    264,    308, -1 
	   309,    264,    310, -1 
	   309,    311,    265, -1 
	   265,    311,    312, -1 
	   265,    312,    266, -1 
	   266,    312,    267, -1 
	   312,    313,    267, -1 
	   267,    313,    314, -1 
	   267,    314,    268, -1 
	   268,    314,    315, -1 
	   268,    315,    269, -1 
	   269,    315,    316, -1 
	   269,    316,    270, -1 
	   270,    316,    317, -1 
	   270,    317,    271, -1 
	   271,    317,    318, -1 
	   271,    318,    272, -1 
	   272,    318,    319, -1 
	   272,    319,    273, -1 
	   273,    319,    320, -1 
	   273,    320,    274, -1 
	   274,    320,    321, -1 
	   274,    321,    275, -1 
	   275,    321,    322, -1 
	   275,    322,    276, -1 
	   276,    322,    323, -1 
	   276,    323,    277, -1 
	   277,    323,    324, -1 
	   277,    324,    278, -1 
	   278,    324,    325, -1 
	   278,    325,    279, -1 
	   279,    325,    326, -1 
	   279,    326,    280, -1 
	   280,    326,    327, -1 
	   280,    327,    284, -1 
	   281,    282,    328, -1 
	   281,    328,    289, -1 
	   329,    330,    282, -1 
	   329,    282,    283, -1 
	   282,    330,    331, -1 
	   282,    331,    328, -1 
	   329,    283,    284, -1 
	   329,    284,    332, -1 
	   327,    332,    284, -1 
	   285,    286,    333, -1 
	   285,    333,    305, -1 
	   286,    287,    334, -1 
	   286,    334,    333, -1 
	   287,    288,    335, -1 
	   287,    335,    334, -1 
	   288,    289,    336, -1 
	   288,    336,    335, -1 
	   289,    328,    337, -1 
	   289,    337,    336, -1 
	   291,    338,    290, -1 
	   290,    339,    292, -1 
	   338,    339,    290, -1 
	   293,    340,    291, -1 
	   340,    338,    291, -1 
	   339,    341,    292, -1 
	   292,    341,    306, -1 
	   294,    342,    293, -1 
	   343,    340,    293, -1 
	   342,    343,    293, -1 
	   295,    344,    294, -1 
	   344,    342,    294, -1 
	   301,    300,    295, -1 
	   300,    344,    295, -1 
	   296,    305,    345, -1 
	   296,    345,    297, -1 
	   297,    345,    346, -1 
	   297,    346,    298, -1 
	   298,    346,    347, -1 
	   298,    347,    303, -1 
	   299,    302,    348, -1 
	   299,    348,    300, -1 
	   300,    348,    344, -1 
	   302,    304,    349, -1 
	   302,    349,    348, -1 
	   303,    347,    350, -1 
	   303,    350,    304, -1 
	   304,    350,    351, -1 
	   304,    351,    349, -1 
	   305,    333,    352, -1 
	   305,    352,    345, -1 
	   341,    353,    306, -1 
	   306,    353,    307, -1 
	   353,    354,    307, -1 
	   307,    354,    308, -1 
	   355,    308,    354, -1 
	   310,    308,    355, -1 
	   310,    356,    309, -1 
	   309,    356,    311, -1 
	   355,    357,    310, -1 
	   310,    357,    356, -1 
	   356,    358,    311, -1 
	   311,    358,    359, -1 
	   311,    359,    312, -1 
	   312,    359,    313, -1 
	   359,    360,    313, -1 
	   313,    360,    361, -1 
	   313,    361,    314, -1 
	   314,    361,    362, -1 
	   314,    362,    315, -1 
	   315,    362,    363, -1 
	   315,    363,    316, -1 
	   316,    363,    364, -1 
	   316,    364,    317, -1 
	   317,    364,    365, -1 
	   317,    365,    318, -1 
	   318,    365,    366, -1 
	   318,    366,    319, -1 
	   319,    366,    367, -1 
	   319,    367,    320, -1 
	   320,    367,    368, -1 
	   320,    368,    321, -1 
	   321,    368,    369, -1 
	   321,    369,    322, -1 
	   322,    369,    370, -1 
	   322,    370,    323, -1 
	   323,    370,    371, -1 
	   323,    371,    324, -1 
	   324,    371,    372, -1 
	   324,    372,    325, -1 
	   325,    372,    373, -1 
	   325,    373,    326, -1 
	   326,    373,    374, -1 
	   326,    374,    327, -1 
	   327,    375,    332, -1 
	   327,    374,    376, -1 
	   327,    376,    377, -1 
	   378,    375,    327, -1 
	   378,    327,    377, -1 
	   379,    337,    328, -1 
	   379,    328,    380, -1 
	   381,    380,    328, -1 
	   381,    328,    331, -1 
	   382,    329,    332, -1 
	   383,    330,    329, -1 
	   383,    329,    382, -1 
	   384,    331,    330, -1 
	   384,    330,    383, -1 
	   385,    381,    331, -1 
	   385,    331,    384, -1 
	   382,    332,    386, -1 
	   386,    332,    375, -1 
	   333,    334,    387, -1 
	   333,    387,    352, -1 
	   334,    335,    388, -1 
	   334,    388,    387, -1 
	   335,    336,    389, -1 
	   335,    389,    388, -1 
	   336,    337,    390, -1 
	   336,    390,    389, -1 
	   391,    390,    337, -1 
	   391,    337,    379, -1 
	   338,    392,    339, -1 
	   340,    393,    338, -1 
	   393,    392,    338, -1 
	   339,    394,    341, -1 
	   392,    394,    339, -1 
	   393,    340,    395, -1 
	   340,    343,    395, -1 
	   341,    396,    353, -1 
	   394,    396,    341, -1 
	   344,    397,    342, -1 
	   397,    343,    342, -1 
	   397,    398,    343, -1 
	   398,    395,    343, -1 
	   348,    397,    344, -1 
	   345,    352,    399, -1 
	   345,    399,    346, -1 
	   346,    399,    400, -1 
	   346,    400,    347, -1 
	   347,    400,    401, -1 
	   347,    401,    350, -1 
	   348,    349,    397, -1 
	   349,    351,    398, -1 
	   349,    398,    397, -1 
	   350,    401,    402, -1 
	   350,    402,    351, -1 
	   351,    402,    403, -1 
	   351,    403,    398, -1 
	   352,    387,    404, -1 
	   352,    404,    399, -1 
	   396,    405,    353, -1 
	   353,    405,    354, -1 
	   406,    354,    405, -1 
	   355,    354,    406, -1 
	   406,    407,    355, -1 
	   355,    407,    357, -1 
	   357,    408,    356, -1 
	   356,    408,    358, -1 
	   407,    409,    357, -1 
	   357,    409,    408, -1 
	   408,    410,    358, -1 
	   358,    410,    411, -1 
	   358,    411,    359, -1 
	   359,    411,    360, -1 
	   360,    411,    410, -1 
	   360,    410,    412, -1 
	   360,    412,    413, -1 
	   360,    413,    414, -1 
	   360,    414,    361, -1 
	   361,    414,    415, -1 
	   361,    415,    362, -1 
	   362,    415,    416, -1 
	   362,    416,    363, -1 
	   363,    416,    417, -1 
	   363,    417,    364, -1 
	   364,    417,    418, -1 
	   364,    418,    365, -1 
	   365,    418,    419, -1 
	   365,    419,    366, -1 
	   366,    419,    420, -1 
	   366,    420,    367, -1 
	   367,    420,    421, -1 
	   367,    421,    368, -1 
	   368,    421,    422, -1 
	   368,    422,    369, -1 
	   369,    422,    423, -1 
	   369,    423,    370, -1 
	   370,    423,    424, -1 
	   370,    424,    371, -1 
	   371,    424,    425, -1 
	   371,    425,    372, -1 
	   372,    425,    426, -1 
	   372,    426,    373, -1 
	   373,    426,    427, -1 
	   373,    427,    374, -1 
	   374,    427,    428, -1 
	   374,    428,    376, -1 
	   386,    375,    429, -1 
	   429,    375,    378, -1 
	   376,    428,    430, -1 
	   376,    430,    431, -1 
	   377,    376,    431, -1 
	   377,    431,    432, -1 
	   433,    377,    432, -1 
	   434,    378,    377, -1 
	   434,    377,    433, -1 
	   429,    378,    435, -1 
	   435,    378,    434, -1 
	   380,    436,    379, -1 
	   379,    436,    437, -1 
	   379,    437,    391, -1 
	   380,    433,    436, -1 
	   381,    433,    380, -1 
	   381,    434,    433, -1 
	   438,    434,    381, -1 
	   438,    381,    385, -1 
	   439,    382,    386, -1 
	   440,    383,    382, -1 
	   440,    382,    439, -1 
	   441,    384,    383, -1 
	   441,    383,    440, -1 
	   442,    385,    384, -1 
	   442,    384,    441, -1 
	   443,    438,    385, -1 
	   443,    385,    442, -1 
	   439,    386,    444, -1 
	   444,    386,    429, -1 
	   387,    388,    445, -1 
	   387,    445,    404, -1 
	   388,    389,    446, -1 
	   388,    446,    445, -1 
	   389,    390,    447, -1 
	   389,    447,    446, -1 
	   448,    447,    390, -1 
	   448,    390,    391, -1 
	   391,    437,    449, -1 
	   391,    449,    448, -1 
	   393,    450,    392, -1 
	   392,    451,    394, -1 
	   450,    451,    392, -1 
	   395,    450,    393, -1 
	   451,    452,    394, -1 
	   394,    452,    396, -1 
	   395,    453,    450, -1 
	   398,    403,    395, -1 
	   403,    453,    395, -1 
	   452,    454,    396, -1 
	   396,    454,    405, -1 
	   399,    404,    455, -1 
	   399,    455,    400, -1 
	   400,    455,    456, -1 
	   400,    456,    401, -1 
	   401,    456,    457, -1 
	   401,    457,    402, -1 
	   402,    457,    458, -1 
	   402,    458,    403, -1 
	   403,    458,    453, -1 
	   404,    445,    459, -1 
	   404,    459,    455, -1 
	   460,    405,    454, -1 
	   406,    405,    460, -1 
	   460,    461,    406, -1 
	   406,    461,    407, -1 
	   461,    462,    407, -1 
	   407,    462,    409, -1 
	   409,    463,    408, -1 
	   408,    463,    410, -1 
	   462,    464,    409, -1 
	   409,    464,    463, -1 
	   463,    412,    410, -1 
	   463,    465,    412, -1 
	   465,    466,    412, -1 
	   412,    466,    467, -1 
	   412,    467,    413, -1 
	   413,    467,    468, -1 
	   413,    468,    414, -1 
	   414,    468,    469, -1 
	   414,    469,    415, -1 
	   415,    469,    470, -1 
	   415,    470,    416, -1 
	   416,    470,    471, -1 
	   416,    471,    417, -1 
	   417,    471,    472, -1 
	   417,    472,    418, -1 
	   418,    472,    473, -1 
	   418,    473,    419, -1 
	   419,    473,    474, -1 
	   419,    474,    420, -1 
	   420,    474,    475, -1 
	   420,    475,    421, -1 
	   421,    475,    476, -1 
	   421,    476,    422, -1 
	   422,    476,    477, -1 
	   422,    477,    423, -1 
	   423,    477,    478, -1 
	   423,    478,    424, -1 
	   424,    478,    479, -1 
	   424,    479,    425, -1 
	   425,    479,    480, -1 
	   425,    480,    426, -1 
	   426,    480,    481, -1 
	   426,    481,    427, -1 
	   427,    481,    482, -1 
	   427,    482,    428, -1 
	   428,    482,    483, -1 
	   428,    483,    430, -1 
	   444,    429,    484, -1 
	   484,    429,    435, -1 
	   431,    430,    485, -1 
	   430,    483,    486, -1 
	   430,    486,    485, -1 
	   431,    485,    487, -1 
	   432,    431,    487, -1 
	   433,    432,    436, -1 
	   432,    487,    488, -1 
	   436,    432,    488, -1 
	   435,    434,    438, -1 
	   484,    435,    489, -1 
	   489,    435,    438, -1 
	   436,    488,    437, -1 
	   437,    488,    490, -1 
	   437,    490,    449, -1 
	   489,    438,    443, -1 
	   491,    439,    444, -1 
	   492,    440,    439, -1 
	   492,    439,    491, -1 
	   493,    441,    440, -1 
	   493,    440,    492, -1 
	   494,    442,    441, -1 
	   494,    441,    493, -1 
	   495,    443,    442, -1 
	   495,    442,    494, -1 
	   496,    489,    443, -1 
	   496,    443,    495, -1 
	   491,    444,    497, -1 
	   497,    444,    484, -1 
	   445,    446,    498, -1 
	   445,    498,    459, -1 
	   446,    447,    499, -1 
	   446,    499,    498, -1 
	   500,    499,    447, -1 
	   500,    447,    448, -1 
	   448,    449,    501, -1 
	   448,    501,    500, -1 
	   449,    490,    502, -1 
	   449,    502,    501, -1 
	   450,    503,    451, -1 
	   453,    503,    450, -1 
	   451,    504,    452, -1 
	   503,    504,    451, -1 
	   452,    505,    454, -1 
	   504,    505,    452, -1 
	   453,    506,    503, -1 
	   458,    506,    453, -1 
	   507,    454,    505, -1 
	   460,    454,    507, -1 
	   455,    459,    508, -1 
	   455,    508,    456, -1 
	   456,    508,    509, -1 
	   456,    509,    457, -1 
	   457,    509,    510, -1 
	   457,    510,    458, -1 
	   458,    510,    506, -1 
	   459,    498,    511, -1 
	   459,    511,    508, -1 
	   507,    512,    460, -1 
	   460,    512,    461, -1 
	   512,    513,    461, -1 
	   461,    513,    462, -1 
	   513,    514,    462, -1 
	   462,    514,    464, -1 
	   464,    465,    463, -1 
	   514,    515,    464, -1 
	   464,    515,    465, -1 
	   515,    516,    465, -1 
	   465,    516,    466, -1 
	   517,    466,    516, -1 
	   518,    467,    466, -1 
	   518,    466,    517, -1 
	   468,    467,    518, -1 
	   468,    518,    519, -1 
	   520,    469,    468, -1 
	   520,    468,    519, -1 
	   470,    469,    520, -1 
	   470,    520,    521, -1 
	   471,    470,    521, -1 
	   472,    471,    521, -1 
	   472,    521,    522, -1 
	   472,    522,    473, -1 
	   473,    522,    523, -1 
	   473,    523,    474, -1 
	   474,    523,    524, -1 
	   474,    524,    475, -1 
	   475,    524,    525, -1 
	   475,    525,    476, -1 
	   476,    525,    526, -1 
	   476,    526,    477, -1 
	   478,    477,    526, -1 
	   478,    526,    527, -1 
	   527,    479,    478, -1 
	   527,    528,    479, -1 
	   480,    479,    528, -1 
	   480,    528,    529, -1 
	   480,    529,    530, -1 
	   480,    530,    481, -1 
	   482,    481,    530, -1 
	   483,    482,    530, -1 
	   483,    530,    531, -1 
	   531,    486,    483, -1 
	   497,    484,    532, -1 
	   532,    484,    489, -1 
	   487,    485,    533, -1 
	   485,    486,    534, -1 
	   485,    534,    533, -1 
	   534,    486,    531, -1 
	   488,    487,    535, -1 
	   487,    533,    535, -1 
	   488,    535,    490, -1 
	   532,    489,    496, -1 
	   490,    535,    536, -1 
	   490,    536,    502, -1 
	   537,    491,    497, -1 
	   538,    492,    491, -1 
	   538,    491,    537, -1 
	   539,    493,    492, -1 
	   539,    492,    538, -1 
	   540,    494,    493, -1 
	   540,    493,    539, -1 
	   541,    495,    494, -1 
	   541,    494,    540, -1 
	   542,    496,    495, -1 
	   542,    495,    541, -1 
	   543,    532,    496, -1 
	   543,    496,    542, -1 
	   537,    497,    544, -1 
	   544,    497,    532, -1 
	   498,    499,    545, -1 
	   498,    545,    511, -1 
	   546,    545,    499, -1 
	   546,    499,    500, -1 
	   500,    501,    547, -1 
	   500,    547,    546, -1 
	   501,    502,    548, -1 
	   501,    548,    547, -1 
	   502,    536,    549, -1 
	   502,    549,    548, -1 
	   503,    550,    504, -1 
	   506,    550,    503, -1 
	   550,    551,    504, -1 
	   504,    551,    505, -1 
	   552,    505,    551, -1 
	   507,    505,    552, -1 
	   506,    553,    550, -1 
	   510,    553,    506, -1 
	   552,    554,    507, -1 
	   507,    554,    512, -1 
	   508,    511,    555, -1 
	   508,    555,    509, -1 
	   509,    555,    556, -1 
	   509,    556,    510, -1 
	   510,    556,    553, -1 
	   511,    545,    557, -1 
	   511,    557,    555, -1 
	   554,    558,    512, -1 
	   512,    558,    513, -1 
	   558,    559,    513, -1 
	   513,    559,    514, -1 
	   559,    560,    514, -1 
	   514,    560,    515, -1 
	   560,    561,    515, -1 
	   515,    561,    516, -1 
	   561,    562,    516, -1 
	   517,    516,    562, -1 
	   517,    563,    518, -1 
	   564,    517,    562, -1 
	   517,    564,    563, -1 
	   518,    563,    565, -1 
	   518,    565,    519, -1 
	   519,    565,    566, -1 
	   519,    566,    520, -1 
	   520,    566,    567, -1 
	   520,    567,    521, -1 
	   521,    567,    568, -1 
	   521,    568,    522, -1 
	   569,    523,    522, -1 
	   569,    522,    568, -1 
	   570,    524,    523, -1 
	   570,    523,    569, -1 
	   571,    525,    524, -1 
	   571,    524,    570, -1 
	   572,    526,    525, -1 
	   572,    525,    571, -1 
	   573,    527,    526, -1 
	   573,    526,    572, -1 
	   574,    528,    527, -1 
	   574,    527,    573, -1 
	   529,    528,    574, -1 
	   575,    530,    529, -1 
	   575,    529,    574, -1 
	   576,    531,    530, -1 
	   576,    530,    575, -1 
	   534,    531,    577, -1 
	   578,    531,    576, -1 
	   579,    577,    531, -1 
	   579,    531,    578, -1 
	   544,    532,    543, -1 
	   535,    533,    580, -1 
	   533,    534,    581, -1 
	   533,    581,    580, -1 
	   534,    577,    582, -1 
	   534,    582,    581, -1 
	   535,    580,    536, -1 
	   536,    580,    583, -1 
	   536,    583,    549, -1 
	   584,    537,    544, -1 
	   585,    538,    537, -1 
	   585,    537,    584, -1 
	   586,    539,    538, -1 
	   586,    538,    585, -1 
	   587,    540,    539, -1 
	   587,    539,    586, -1 
	   588,    541,    540, -1 
	   588,    540,    587, -1 
	   589,    542,    541, -1 
	   589,    541,    588, -1 
	   590,    543,    542, -1 
	   590,    542,    589, -1 
	   591,    544,    543, -1 
	   591,    543,    590, -1 
	   584,    544,    591, -1 
	   592,    557,    545, -1 
	   592,    545,    546, -1 
	   546,    547,    593, -1 
	   546,    593,    592, -1 
	   547,    548,    594, -1 
	   547,    594,    593, -1 
	   548,    549,    595, -1 
	   548,    595,    594, -1 
	   549,    583,    596, -1 
	   549,    596,    595, -1 
	   550,    597,    551, -1 
	   553,    597,    550, -1 
	   552,    551,    598, -1 
	   598,    551,    597, -1 
	   598,    599,    552, -1 
	   552,    599,    554, -1 
	   553,    600,    597, -1 
	   556,    600,    553, -1 
	   599,    601,    554, -1 
	   554,    601,    558, -1 
	   555,    557,    602, -1 
	   555,    602,    556, -1 
	   556,    602,    600, -1 
	   603,    602,    557, -1 
	   603,    557,    592, -1 
	   601,    604,    558, -1 
	   558,    604,    559, -1 
	   604,    605,    559, -1 
	   559,    605,    560, -1 
	   605,    606,    560, -1 
	   560,    606,    561, -1 
	   606,    607,    561, -1 
	   561,    607,    562, -1 
	   607,    608,    562, -1 
	   562,    608,    564, -1 
	   565,    563,    564, -1 
	   565,    564,    608, -1 
	   566,    565,    608, -1 
	   567,    566,    608, -1 
	   568,    567,    609, -1 
	   567,    608,    609, -1 
	   569,    568,    610, -1 
	   568,    609,    611, -1 
	   568,    611,    610, -1 
	   569,    610,    612, -1 
	   570,    569,    612, -1 
	   571,    570,    612, -1 
	   573,    572,    571, -1 
	   573,    571,    613, -1 
	   571,    612,    613, -1 
	   574,    573,    614, -1 
	   573,    613,    614, -1 
	   574,    614,    615, -1 
	   575,    574,    615, -1 
	   576,    575,    615, -1 
	   616,    578,    576, -1 
	   576,    615,    616, -1 
	   617,    582,    577, -1 
	   617,    577,    579, -1 
	   616,    579,    578, -1 
	   618,    617,    579, -1 
	   616,    618,    579, -1 
	   580,    581,    619, -1 
	   580,    619,    583, -1 
	   581,    582,    620, -1 
	   581,    620,    619, -1 
	   621,    620,    582, -1 
	   621,    582,    617, -1 
	   583,    619,    622, -1 
	   583,    622,    596, -1 
	   585,    584,    623, -1 
	   624,    584,    591, -1 
	   584,    624,    623, -1 
	   623,    586,    585, -1 
	   623,    625,    586, -1 
	   625,    587,    586, -1 
	   625,    626,    587, -1 
	   587,    626,    627, -1 
	   587,    627,    588, -1 
	   588,    627,    628, -1 
	   588,    628,    589, -1 
	   589,    628,    629, -1 
	   589,    629,    590, -1 
	   624,    591,    590, -1 
	   624,    590,    629, -1 
	   592,    593,    630, -1 
	   592,    630,    603, -1 
	   593,    594,    631, -1 
	   593,    631,    630, -1 
	   594,    595,    631, -1 
	   595,    632,    633, -1 
	   595,    633,    631, -1 
	   596,    632,    595, -1 
	   596,    634,    632, -1 
	   596,    622,    635, -1 
	   596,    635,    634, -1 
	   636,    597,    600, -1 
	   598,    597,    636, -1 
	   598,    637,    599, -1 
	   636,    637,    598, -1 
	   637,    638,    599, -1 
	   599,    638,    601, -1 
	   636,    600,    639, -1 
	   639,    600,    602, -1 
	   638,    640,    601, -1 
	   601,    640,    604, -1 
	   639,    602,    603, -1 
	   603,    630,    641, -1 
	   603,    641,    639, -1 
	   640,    642,    604, -1 
	   604,    642,    605, -1 
	   642,    643,    605, -1 
	   605,    643,    606, -1 
	   643,    644,    606, -1 
	   606,    644,    607, -1 
	   644,    609,    607, -1 
	   607,    609,    608, -1 
	   644,    611,    609, -1 
	   645,    612,    610, -1 
	   645,    610,    646, -1 
	   646,    610,    611, -1 
	   646,    611,    644, -1 
	   647,    613,    612, -1 
	   647,    612,    645, -1 
	   648,    614,    613, -1 
	   648,    613,    647, -1 
	   649,    615,    614, -1 
	   649,    614,    648, -1 
	   650,    616,    615, -1 
	   650,    615,    649, -1 
	   651,    618,    616, -1 
	   651,    616,    650, -1 
	   652,    621,    617, -1 
	   618,    652,    617, -1 
	   652,    618,    651, -1 
	   619,    620,    653, -1 
	   619,    653,    622, -1 
	   654,    653,    620, -1 
	   654,    620,    621, -1 
	   652,    654,    621, -1 
	   622,    655,    656, -1 
	   622,    656,    657, -1 
	   635,    622,    657, -1 
	   622,    653,    655, -1 
	   658,    623,    624, -1 
	   659,    625,    623, -1 
	   659,    623,    658, -1 
	   658,    624,    660, -1 
	   660,    624,    629, -1 
	   661,    626,    625, -1 
	   661,    625,    659, -1 
	   662,    627,    626, -1 
	   662,    626,    661, -1 
	   663,    628,    627, -1 
	   663,    627,    662, -1 
	   664,    629,    628, -1 
	   664,    628,    663, -1 
	   660,    629,    664, -1 
	   630,    665,    666, -1 
	   630,    666,    641, -1 
	   631,    665,    630, -1 
	   631,    633,    665, -1 
	   632,    667,    668, -1 
	   632,    668,    633, -1 
	   634,    667,    632, -1 
	   633,    668,    669, -1 
	   633,    669,    665, -1 
	   634,    670,    667, -1 
	   635,    670,    634, -1 
	   635,    671,    670, -1 
	   635,    657,    672, -1 
	   672,    671,    635, -1 
	   636,    673,    637, -1 
	   639,    673,    636, -1 
	   673,    674,    637, -1 
	   637,    674,    638, -1 
	   674,    675,    638, -1 
	   638,    675,    640, -1 
	   639,    641,    673, -1 
	   675,    676,    640, -1 
	   640,    676,    642, -1 
	   641,    677,    678, -1 
	   641,    678,    673, -1 
	   679,    677,    641, -1 
	   679,    641,    666, -1 
	   676,    680,    642, -1 
	   642,    680,    643, -1 
	   680,    646,    643, -1 
	   643,    646,    644, -1 
	   681,    647,    645, -1 
	   681,    645,    680, -1 
	   680,    645,    646, -1 
	   682,    648,    647, -1 
	   682,    647,    681, -1 
	   682,    649,    648, -1 
	   683,    650,    649, -1 
	   683,    649,    684, -1 
	   682,    684,    649, -1 
	   683,    651,    650, -1 
	   657,    656,    651, -1 
	   657,    651,    685, -1 
	   683,    685,    651, -1 
	   652,    651,    656, -1 
	   652,    655,    653, -1 
	   652,    653,    654, -1 
	   656,    655,    652, -1 
	   686,    657,    685, -1 
	   687,    672,    657, -1 
	   687,    657,    686, -1 
	   661,    659,    658, -1 
	   688,    661,    658, -1 
	   688,    658,    689, -1 
	   690,    689,    658, -1 
	   690,    658,    660, -1 
	   664,    690,    660, -1 
	   661,    688,    691, -1 
	   661,    691,    662, -1 
	   662,    691,    663, -1 
	   691,    664,    663, -1 
	   691,    690,    664, -1 
	   665,    669,    692, -1 
	   665,    692,    666, -1 
	   666,    692,    693, -1 
	   666,    693,    679, -1 
	   667,    694,    695, -1 
	   667,    695,    668, -1 
	   670,    694,    667, -1 
	   668,    695,    696, -1 
	   668,    696,    669, -1 
	   669,    696,    697, -1 
	   669,    697,    692, -1 
	   670,    698,    694, -1 
	   671,    698,    670, -1 
	   671,    699,    698, -1 
	   672,    700,    671, -1 
	   700,    699,    671, -1 
	   687,    700,    672, -1 
	   673,    678,    674, -1 
	   678,    701,    674, -1 
	   674,    701,    675, -1 
	   701,    702,    675, -1 
	   675,    702,    676, -1 
	   702,    681,    676, -1 
	   676,    681,    680, -1 
	   677,    703,    704, -1 
	   677,    704,    678, -1 
	   679,    705,    677, -1 
	   677,    705,    703, -1 
	   678,    704,    701, -1 
	   679,    706,    705, -1 
	   679,    693,    707, -1 
	   679,    707,    706, -1 
	   702,    682,    681, -1 
	   708,    684,    682, -1 
	   708,    682,    702, -1 
	   709,    685,    683, -1 
	   709,    683,    710, -1 
	   710,    683,    684, -1 
	   710,    684,    708, -1 
	   686,    685,    709, -1 
	   705,    686,    709, -1 
	   687,    686,    705, -1 
	   706,    711,    687, -1 
	   687,    705,    706, -1 
	   687,    711,    700, -1 
	   691,    688,    689, -1 
	   691,    689,    690, -1 
	   692,    697,    712, -1 
	   692,    712,    693, -1 
	   693,    712,    713, -1 
	   693,    713,    707, -1 
	   694,    714,    715, -1 
	   694,    715,    695, -1 
	   698,    714,    694, -1 
	   695,    715,    716, -1 
	   695,    716,    696, -1 
	   696,    716,    717, -1 
	   696,    717,    697, -1 
	   697,    717,    718, -1 
	   697,    718,    712, -1 
	   698,    719,    714, -1 
	   699,    719,    698, -1 
	   699,    720,    719, -1 
	   700,    721,    699, -1 
	   721,    720,    699, -1 
	   711,    721,    700, -1 
	   704,    708,    701, -1 
	   701,    708,    702, -1 
	   705,    709,    703, -1 
	   703,    709,    710, -1 
	   703,    710,    704, -1 
	   704,    710,    708, -1 
	   706,    707,    711, -1 
	   707,    713,    722, -1 
	   707,    722,    711, -1 
	   711,    722,    721, -1 
	   712,    718,    723, -1 
	   712,    723,    713, -1 
	   713,    723,    724, -1 
	   713,    724,    722, -1 
	   714,    725,    726, -1 
	   714,    726,    715, -1 
	   719,    725,    714, -1 
	   715,    726,    727, -1 
	   715,    727,    716, -1 
	   716,    727,    728, -1 
	   716,    728,    717, -1 
	   717,    728,    729, -1 
	   717,    729,    718, -1 
	   718,    729,    730, -1 
	   718,    730,    723, -1 
	   719,    731,    725, -1 
	   720,    731,    719, -1 
	   721,    732,    720, -1 
	   732,    733,    720, -1 
	   720,    733,    731, -1 
	   722,    732,    721, -1 
	   722,    724,    732, -1 
	   723,    730,    734, -1 
	   723,    734,    724, -1 
	   724,    734,    735, -1 
	   724,    735,    732, -1 
	   725,    736,    737, -1 
	   725,    737,    726, -1 
	   731,    736,    725, -1 
	   726,    737,    738, -1 
	   726,    738,    727, -1 
	   727,    738,    739, -1 
	   727,    739,    728, -1 
	   728,    739,    740, -1 
	   728,    740,    729, -1 
	   729,    740,    741, -1 
	   729,    741,    730, -1 
	   730,    741,    742, -1 
	   730,    742,    734, -1 
	   733,    743,    731, -1 
	   731,    743,    736, -1 
	   732,    735,    733, -1 
	   735,    744,    733, -1 
	   733,    744,    743, -1 
	   734,    742,    745, -1 
	   734,    745,    735, -1 
	   735,    745,    744, -1 
	   736,    746,    747, -1 
	   736,    747,    737, -1 
	   743,    746,    736, -1 
	   737,    747,    748, -1 
	   737,    748,    738, -1 
	   738,    748,    749, -1 
	   738,    749,    739, -1 
	   739,    749,    750, -1 
	   739,    750,    740, -1 
	   740,    750,    751, -1 
	   740,    751,    741, -1 
	   741,    751,    752, -1 
	   741,    752,    742, -1 
	   742,    752,    753, -1 
	   742,    753,    745, -1 
	   744,    754,    743, -1 
	   743,    754,    746, -1 
	   745,    755,    744, -1 
	   744,    755,    754, -1 
	   745,    753,    755, -1 
	   746,    756,    757, -1 
	   746,    757,    747, -1 
	   754,    756,    746, -1 
	   747,    757,    758, -1 
	   747,    758,    748, -1 
	   748,    758,    759, -1 
	   748,    759,    749, -1 
	   749,    759,    760, -1 
	   749,    760,    750, -1 
	   750,    760,    761, -1 
	   750,    761,    751, -1 
	   751,    761,    762, -1 
	   751,    762,    752, -1 
	   752,    762,    763, -1 
	   752,    763,    753, -1 
	   753,    763,    764, -1 
	   753,    764,    755, -1 
	   755,    765,    754, -1 
	   754,    765,    756, -1 
	   755,    764,    765, -1 
	   757,    756,    766, -1 
	   766,    756,    765, -1 
	   757,    766,    767, -1 
	   757,    767,    758, -1 
	   767,    759,    758, -1 
	   768,    760,    759, -1 
	   768,    759,    767, -1 
	   768,    761,    760, -1 
	   769,    762,    761, -1 
	   769,    761,    768, -1 
	   769,    763,    762, -1 
	   764,    763,    769, -1 
	   766,    765,    764, -1 
	   764,    769,    766, -1 
	   768,    766,    769, -1 
	   768,    767,    766, -1 
    ] 
   colorPerVertex FALSE 
    colorIndex [ 
	  1, 
	  1, 
	  1, 
	  1, 
	  1, 
	  1, 
	  1, 
	  1, 
	  1, 
	  1, 
	  1, 
	  1, 
	  1, 
	  1, 
	  1, 
	  1, 
	  1, 
	  1, 
	  1, 
	  1, 
	  1, 
	  1, 
	  1, 
	  1, 
	  1, 
	  1, 
	  1, 
	  1, 
	  1, 
	  1, 
	  1, 
	  1, 
	  1, 
	  1, 
	  1, 
	  1, 
	  1, 
	  1, 
	  1, 
	  1, 
	  1, 
	  1, 
	  1, 
	  1, 
	  1, 
	  1, 
	  1, 
	  1, 
	  1, 
	  1, 
	  1, 
	  1, 
	  1, 
	  1, 
	  1, 
	  1, 
	  1, 
	  1, 
	  1, 
	  1, 
	  1, 
	  1, 
	  1, 
	  1, 
	  1, 
	  1, 
	  1, 
	  1, 
	  1, 
	  1, 
	  1, 
	  1, 
	  1, 
	  1, 
	  1, 
	  1, 
	  1, 
	  1, 
	  1, 
	  1, 
	  1, 
	  1, 
	  1, 
	  1, 
	  1, 
	  1, 
	  1, 
	  1, 
	  1, 
	  1, 
	  1, 
	  1, 
	  1, 
	  1, 
	  1, 
	  1, 
	  1, 
	  1, 
	  1, 
	  1, 
	  1, 
	  1, 
	  1, 
	  1, 
	  1, 
	  1, 
	  1, 
	  1, 
	  1, 
	  1, 
	  1, 
	  1, 
	  1, 
	  1, 
	  1, 
	  1, 
	  1, 
	  1, 
	  1, 
	  1, 
	  1, 
	  1, 
	  1, 
	  1, 
	  1, 
	  1, 
	  1, 
	  1, 
	  1, 
	  1, 
	  1, 
	  1, 
	  1, 
	  1, 
	  1, 
	  1, 
	  1, 
	  1, 
	  1, 
	  1, 
	  1, 
	  1, 
	  1, 
	  1, 
	  1, 
	  1, 
	  1, 
	  1, 
	  1, 
	  1, 
	  1, 
	  1, 
	  1, 
	  1, 
	  1, 
	  1, 
	  1, 
	  1, 
	  1, 
	  1, 
	  1, 
	  1, 
	  1, 
	  1, 
	  1, 
	  1, 
	  1, 
	  1, 
	  1, 
	  1, 
	  1, 
	  1, 
	  1, 
	  1, 
	  1, 
	  1, 
	  1, 
	  1, 
	  1, 
	  1, 
	  1, 
	  1, 
	  1, 
	  1, 
	  1, 
	  1, 
	  1, 
	  1, 
	  1, 
	  1, 
	  1, 
	  1, 
	  1, 
	  1, 
	  1, 
	  1, 
	  1, 
	  1, 
	  1, 
	  1, 
	  1, 
	  1, 
	  1, 
	  1, 
	  1, 
	  1, 
	  1, 
	  1, 
	  1, 
	  1, 
	  1, 
	  1, 
	  1, 
	  1, 
	  1, 
	  1, 
	  1, 
	  1, 
	  1, 
	  1, 
	  1, 
	  1, 
	  1, 
	  1, 
	  1, 
	  1, 
	  1, 
	  1, 
	  1, 
	  1, 
	  1, 
	  1, 
	  1, 
	  1, 
	  1, 
	  1, 
	  1, 
	  1, 
	  1, 
	  1, 
	  1, 
	  1, 
	  1, 
	  1, 
	  1, 
	  1, 
	  1, 
	  1, 
	  1, 
	  1, 
	  1, 
	  1, 
	  1, 
	  1, 
	  1, 
	  1, 
	  1, 
	  1, 
	  1, 
	  1, 
	  1, 
	  1, 
	  1, 
	  1, 
	  1, 
	  1, 
	  1, 
	  1, 
	  1, 
	  1, 
	  1, 
	  1, 
	  1, 
	  1, 
	  1, 
	  1, 
	  1, 
	  1, 
	  1, 
	  1, 
	  1, 
	  1, 
	  1, 
	  1, 
	  1, 
	  1, 
	  1, 
	  1, 
	  1, 
	  1, 
	  1, 
	  1, 
	  1, 
	  1, 
	  1, 
	  1, 
	  1, 
	  1, 
	  1, 
	  1, 
	  1, 
	  1, 
	  1, 
	  1, 
	  1, 
	  1, 
	  1, 
	  1, 
	  1, 
	  1, 
	  1, 
	  1, 
	  1, 
	  1, 
	  1, 
	  1, 
	  1, 
	  1, 
	  1, 
	  1, 
	  1, 
	  1, 
	  1, 
	  1, 
	  1, 
	  1, 
	  1, 
	  1, 
	  1, 
	  1, 
	  1, 
	  1, 
	  1, 
	  1, 
	  1, 
	  1, 
	  1, 
	  1, 
	  1, 
	  1, 
	  1, 
	  1, 
	  1, 
	  1, 
	  1, 
	  1, 
	  1, 
	  1, 
	  1, 
	  1, 
	  1, 
	  1, 
	  1, 
	  1, 
	  1, 
	  1, 
	  1, 
	  1, 
	  1, 
	  1, 
	  1, 
	  1, 
	  1, 
	  1, 
	  1, 
	  1, 
	  1, 
	  1, 
	  1, 
	  1, 
	  1, 
	  1, 
	  1, 
	  1, 
	  1, 
	  1, 
	  1, 
	  1, 
	  1, 
	  1, 
	  1, 
	  1, 
	  1, 
	  1, 
	  1, 
	  1, 
	  1, 
	  1, 
	  1, 
	  1, 
	  1, 
	  1, 
	  1, 
	  1, 
	  1, 
	  1, 
	  1, 
	  1, 
	  1, 
	  1, 
	  1, 
	  1, 
	  1, 
	  1, 
	  1, 
	  1, 
	  1, 
	  1, 
	  1, 
	  1, 
	  1, 
	  1, 
	  1, 
	  1, 
	  1, 
	  1, 
	  1, 
	  1, 
	  1, 
	  1, 
	  1, 
	  1, 
	  1, 
	  1, 
	  1, 
	  1, 
	  1, 
	  1, 
	  1, 
	  1, 
	  1, 
	  1, 
	  1, 
	  1, 
	  1, 
	  1, 
	  1, 
	  1, 
	  1, 
	  1, 
	  1, 
	  1, 
	  1, 
	  1, 
	  1, 
	  1, 
	  1, 
	  1, 
	  1, 
	  1, 
	  1, 
	  1, 
	  1, 
	  1, 
	  1, 
	  1, 
	  1, 
	  1, 
	  1, 
	  1, 
	  1, 
	  1, 
	  1, 
	  1, 
	  1, 
	  1, 
	  1, 
	  1, 
	  1, 
	  1, 
	  1, 
	  1, 
	  1, 
	  1, 
	  1, 
	  1, 
	  1, 
	  1, 
	  1, 
	  1, 
	  1, 
	  1, 
	  1, 
	  1, 
	  1, 
	  1, 
	  1, 
	  1, 
	  1, 
	  1, 
	  1, 
	  1, 
	  1, 
	  1, 
	  1, 
	  1, 
	  1, 
	  1, 
	  1, 
	  1, 
	  1, 
	  1, 
	  1, 
	  1, 
	  1, 
	  1, 
	  1, 
	  1, 
	  1, 
	  1, 
	  1, 
	  1, 
	  1, 
	  1, 
	  1, 
	  1, 
	  1, 
	  1, 
	  1, 
	  1, 
	  1, 
	  1, 
	  1, 
	  1, 
	  1, 
	  1, 
	  1, 
	  1, 
	  1, 
	  1, 
	  1, 
	  1, 
	  1, 
	  1, 
	  1, 
	  1, 
	  1, 
	  1, 
	  1, 
	  1, 
	  1, 
	  1, 
	  1, 
	  1, 
	  1, 
	  1, 
	  1, 
	  1, 
	  1, 
	  1, 
	  1, 
	  1, 
	  1, 
	  1, 
	  1, 
	  1, 
	  1, 
	  1, 
	  1, 
	  1, 
	  1, 
	  1, 
	  1, 
	  1, 
	  1, 
	  1, 
	  1, 
	  1, 
	  1, 
	  1, 
	  1, 
	  1, 
	  1, 
	  1, 
	  1, 
	  1, 
	  1, 
	  1, 
	  1, 
	  1, 
	  1, 
	  1, 
	  1, 
	  1, 
	  1, 
	  1, 
	  1, 
	  1, 
	  1, 
	  1, 
	  1, 
	  1, 
	  1, 
	  1, 
	  1, 
	  1, 
	  1, 
	  1, 
	  1, 
	  1, 
	  1, 
	  1, 
	  1, 
	  1, 
	  1, 
	  1, 
	  1, 
	  1, 
	  1, 
	  1, 
	  1, 
	  1, 
	  1, 
	  1, 
	  1, 
	  1, 
	  1, 
	  1, 
	  1, 
	  1, 
	  1, 
	  1, 
	  1, 
	  1, 
	  1, 
	  1, 
	  1, 
	  1, 
	  1, 
	  1, 
	  1, 
	  1, 
	  1, 
	  1, 
	  1, 
	  1, 
	  1, 
	  1, 
	  1, 
	  1, 
	  1, 
	  1, 
	  1, 
	  1, 
	  1, 
	  1, 
	  1, 
	  1, 
	  1, 
	  1, 
	  1, 
	  1, 
	  1, 
	  1, 
	  1, 
	  1, 
	  1, 
	  1, 
	  1, 
	  1, 
	  1, 
	  1, 
	  1, 
	  1, 
	  1, 
	  1, 
	  1, 
	  1, 
	  1, 
	  1, 
	  1, 
	  1, 
	  1, 
	  1, 
	  1, 
	  1, 
	  1, 
	  1, 
	  1, 
	  1, 
	  1, 
	  1, 
	  1, 
	  1, 
	  1, 
	  1, 
	  1, 
	  1, 
	  1, 
	  1, 
	  1, 
	  1, 
	  1, 
	  1, 
	  1, 
	  1, 
	  1, 
	  1, 
	  1, 
	  1, 
	  1, 
	  1, 
	  1, 
	  1, 
	  1, 
	  1, 
	  1, 
	  1, 
	  1, 
	  1, 
	  1, 
	  1, 
	  1, 
	  1, 
	  1, 
	  1, 
	  1, 
	  1, 
	  1, 
	  1, 
	  1, 
	  1, 
	  1, 
	  1, 
	  1, 
	  1, 
	  1, 
	  1, 
	  1, 
	  1, 
	  1, 
	  1, 
	  1, 
	  1, 
	  1, 
	  1, 
	  1, 
	  1, 
	  1, 
	  1, 
	  1, 
	  1, 
	  1, 
	  1, 
	  1, 
	  1, 
	  1, 
	  1, 
	  1, 
	  1, 
	  1, 
	  1, 
	  1, 
	  1, 
	  1, 
	  1, 
	  1, 
	  1, 
	  1, 
	  1, 
	  1, 
	  1, 
	  1, 
	  1, 
	  1, 
	  1, 
	  1, 
	  1, 
	  1, 
	  1, 
    ] 
normal Normal { 
vector [ 
	 -0.131646  -0.939760  -0.315470,
	 -0.751679  -0.598160   0.277819,
	 -0.527880  -0.676888  -0.512997,
	  0.337532  -0.500055  -0.797507,
	  0.640151  -0.549606  -0.536787,
	  0.563930  -0.797215   0.215479,
	 -0.576140  -0.633147   0.516902,
	 -0.866124  -0.340678   0.365742,
	 -0.934271  -0.218379   0.281867,
	 -0.977852  -0.032939   0.206691,
	 -0.799032  -0.470113  -0.374889,
	  0.493020  -0.284070  -0.822335,
	  0.396871  -0.298344  -0.868035,
	  0.920794  -0.038010  -0.388193,
	  0.931687  -0.226284  -0.284175,
	  0.777739  -0.304463   0.549931,
	 -0.385408  -0.399543   0.831760,
	 -0.787040  -0.239344   0.568579,
	 -0.908765  -0.132056   0.395863,
	 -0.980644   0.097481   0.169807,
	 -0.965757   0.114594   0.232771,
	 -0.940550  -0.029325   0.338388,
	 -0.936778  -0.327813  -0.122420,
	  0.323869  -0.265933  -0.907958,
	  0.882370   0.085071  -0.462802,
	  0.853310   0.131975  -0.504425,
	  0.958656   0.054650  -0.279270,
	  0.972033   0.049246  -0.229625,
	  0.760892  -0.163365   0.627977,
	 -0.212525  -0.260774   0.941716,
	 -0.735515  -0.223485   0.639587,
	 -0.927910  -0.084971   0.362992,
	 -0.986982   0.106058   0.120904,
	 -0.981663   0.165178   0.095155,
	 -0.899158  -0.046610   0.435134,
	 -0.920467   0.007526   0.390747,
	 -0.883092  -0.085086   0.461420,
	 -0.940104  -0.192879   0.281073,
	 -0.973475  -0.219007  -0.066200,
	  0.156865  -0.248836  -0.955758,
	  0.847512   0.135188  -0.513272,
	  0.948844   0.040510  -0.313137,
	  0.900167   0.102006  -0.423432,
	  0.971635  -0.077497  -0.223428,
	  0.997529  -0.070092   0.004749,
	  0.583297  -0.316230   0.748173,
	 -0.199174  -0.295030   0.934498,
	 -0.778909  -0.097080   0.619577,
	 -0.962023   0.102773   0.252881,
	 -0.964303   0.256911   0.064159,
	 -0.954765   0.262421   0.139856,
	 -0.897186   0.122014   0.424464,
	 -0.866820  -0.054569   0.495627,
	 -0.854949  -0.003528   0.518701,
	 -0.814282   0.082556   0.574569,
	 -0.891707  -0.074091   0.446508,
	 -0.845186   0.008186   0.534410,
	 -0.995040  -0.095730  -0.027056,
	  0.048169  -0.153139  -0.987030,
	  0.870783   0.059208  -0.488089,
	  0.863498   0.128955  -0.487588,
	  0.929879  -0.027812  -0.366812,
	  0.879372   0.036449  -0.474738,
	  0.976357  -0.214226  -0.028881,
	  0.831945  -0.301250   0.465957,
	  0.540352  -0.461200   0.703785,
	  0.054013  -0.310249   0.949120,
	 -0.701556   0.086612   0.707331,
	 -0.898938   0.327321   0.291155,
	 -0.901486   0.427255   0.069109,
	 -0.886006   0.420372   0.195656,
	 -0.814290   0.256836   0.520545,
	 -0.745960   0.168062   0.644437,
	 -0.877371   0.075913   0.473769,
	 -0.854868   0.121494   0.504420,
	 -0.800290   0.183565   0.570823,
	 -0.753543   0.217294   0.620449,
	 -0.781726  -0.025765   0.623090,
	 -0.772091   0.068698   0.631788,
	 -0.713597   0.005250   0.700537,
	 -0.895474  -0.022876   0.444526,
	 -0.995306  -0.071372   0.065358,
	  0.232229  -0.013814  -0.972563,
	  0.849777  -0.001584  -0.527140,
	  0.889282   0.048828  -0.454746,
	  0.840726   0.090428  -0.533856,
	  0.931505  -0.158409  -0.327422,
	  0.823561  -0.047893  -0.565202,
	  0.864483  -0.417953   0.279258,
	  0.737851  -0.467561   0.486788,
	  0.577410  -0.525208   0.625103,
	  0.108502  -0.253334   0.961275,
	 -0.516510   0.167138   0.839811,
	 -0.804890   0.441643   0.396362,
	 -0.830712   0.554053   0.054245,
	 -0.820659   0.545426   0.170379,
	 -0.706002   0.353905   0.613443,
	 -0.617126   0.221914   0.754924,
	 -0.672293   0.238303   0.700880,
	 -0.793721   0.079596   0.603051,
	 -0.760251   0.036103   0.648625,
	 -0.754617  -0.027718   0.655580,
	 -0.759858  -0.052456   0.647969,
	 -0.536309  -0.196713   0.820778,
	 -0.578880  -0.345988   0.738370,
	 -0.659497  -0.129976   0.740385,
	 -0.991239  -0.093932  -0.092855,
	  0.746710  -0.049374  -0.663314,
	 -0.127761  -0.016719  -0.991664,
	  0.874360  -0.076460  -0.479216,
	  0.872395   0.015832  -0.488545,
	  0.762695   0.039998  -0.645521,
	  0.919264  -0.371251  -0.130866,
	  0.709522  -0.167368  -0.684520,
	  0.836296  -0.496018   0.233614,
	  0.809875  -0.554018   0.192787,
	  0.599146  -0.581530   0.550315,
	  0.134835  -0.215856   0.967071,
	 -0.309973   0.149210   0.938964,
	 -0.731776   0.482429   0.481421,
	 -0.784020   0.615503   0.080429,
	 -0.807468   0.564737   0.170491,
	 -0.686852   0.372723   0.623949,
	 -0.519057   0.239861   0.820394,
	 -0.574181   0.209736   0.791408,
	 -0.744122  -0.029870   0.667376,
	 -0.491350  -0.526784   0.693595,
	 -0.436646  -0.608047   0.663038,
	 -0.561249  -0.567706   0.602254,
	 -0.654432  -0.465295   0.596002,
	 -0.344086  -0.539969   0.768139,
	 -0.124743  -0.807784   0.576128,
	  0.073384  -0.911576   0.404529,
	 -0.576017  -0.290905   0.763924,
	 -0.978302  -0.074900   0.193173,
	  0.796511  -0.106733  -0.595128,
	  0.706461  -0.157087  -0.690099,
	 -0.241803   0.034190  -0.969723,
	 -0.928941   0.039971  -0.368064,
	  0.853193  -0.142829  -0.501659,
	  0.813997  -0.080406  -0.575277,
	  0.591154  -0.087361  -0.801814,
	  0.855139  -0.479434  -0.197183,
	  0.541365  -0.237304  -0.806605,
	  0.768302  -0.614064   0.180659,
	  0.793646  -0.608346  -0.006420,
	  0.562822  -0.642364   0.520192,
	  0.055132  -0.217182   0.974573,
	 -0.340325   0.123587   0.932151,
	 -0.732021   0.524638   0.434626,
	 -0.796798   0.603803   0.023111,
	 -0.787084   0.568840   0.238580,
	 -0.674510   0.366528   0.640853,
	 -0.556222   0.245664   0.793893,
	 -0.526294   0.158106   0.835474,
	 -0.719922  -0.050812   0.692193,
	 -0.748791  -0.372437   0.548272,
	  0.173506  -0.902736   0.393653,
	 -0.017488  -0.860112   0.509806,
	 -0.381225  -0.727720   0.570168,
	 -0.590965  -0.585686   0.554737,
	 -0.369592  -0.738138   0.564407,
	 -0.079794  -0.954756   0.286487,
	  0.190252  -0.955405   0.225843,
	  0.226161  -0.883203   0.410857,
	 -0.698618  -0.406717   0.588655,
	  0.802551  -0.162872  -0.573921,
	  0.738644  -0.231961  -0.632929,
	  0.633542  -0.329505  -0.700036,
	 -0.932170   0.321130  -0.167137,
	  0.109289   0.017406  -0.993858,
	 -0.920705   0.388508  -0.036923,
	 -0.897806   0.358736   0.255447,
	 -0.865226   0.477451   0.153051,
	 -0.886660   0.460627  -0.040690,
	 -0.948268   0.233878   0.214682,
	  0.804780  -0.200998  -0.558506,
	  0.686021  -0.164447  -0.708754,
	  0.400889  -0.088228  -0.911868,
	  0.770633  -0.580915  -0.262035,
	  0.464180  -0.206362  -0.861366,
	  0.716461  -0.667370   0.203226,
	  0.771247  -0.632831  -0.068578,
	  0.530643  -0.692616   0.488571,
	 -0.080051  -0.268410   0.959973,
	 -0.342833   0.071443   0.936676,
	 -0.699106   0.517694   0.493197,
	 -0.789208   0.612269   0.047728,
	 -0.810860   0.543681   0.216605,
	 -0.706012   0.377538   0.599177,
	 -0.570825   0.243283   0.784201,
	 -0.533520   0.104409   0.839318,
	 -0.633192  -0.158971   0.757493,
	 -0.756923  -0.381989   0.530238,
	 -0.752371  -0.466534   0.465063,
	  0.140269  -0.751990   0.644077,
	 -0.211400  -0.673361   0.708445,
	 -0.443070  -0.630427   0.637378,
	 -0.675740  -0.475384   0.563369,
	 -0.794011  -0.408644   0.450063,
	 -0.324658  -0.913708   0.244407,
	 -0.625798  -0.709199   0.324675,
	 -0.521432  -0.576344   0.629235,
	 -0.478463  -0.285376   0.830442,
	  0.794438  -0.204226  -0.571979,
	  0.737991  -0.285030  -0.611659,
	  0.647987  -0.464077  -0.603941,
	  0.501344  -0.311576  -0.807202,
	 -0.767283   0.597296   0.233481,
	 -0.703108   0.533509   0.470114,
	 -0.850870   0.508107  -0.133597,
	  0.138641   0.029116  -0.989915,
	 -0.647551   0.402639   0.646962,
	 -0.635811   0.285905   0.716940,
	 -0.832060   0.534058   0.149863,
	 -0.784258   0.605669   0.134550,
	  0.756085  -0.221053  -0.616012,
	  0.534971  -0.142005  -0.832851,
	  0.317560  -0.039091  -0.947432,
	  0.779834  -0.568608  -0.261810,
	  0.453394  -0.210133  -0.866186,
	  0.757680  -0.621891   0.197919,
	  0.765608  -0.636111  -0.095956,
	  0.574840  -0.733728   0.362218,
	 -0.031098  -0.314612   0.948711,
	 -0.313710   0.026409   0.949152,
	 -0.639691   0.485473   0.595913,
	 -0.785507   0.602090   0.143059,
	 -0.826896   0.507399   0.242464,
	 -0.748980   0.353004   0.560730,
	 -0.613436   0.252919   0.748150,
	 -0.535506   0.055639   0.842697,
	 -0.598609  -0.233295   0.766317,
	 -0.621498  -0.469399   0.627220,
	 -0.665080  -0.510524   0.545008,
	 -0.692708  -0.420395   0.586023,
	 -0.664423  -0.033251   0.746617,
	 -0.598829  -0.306245   0.740012,
	 -0.603960  -0.464161   0.647909,
	 -0.659681  -0.390029   0.642416,
	 -0.934643  -0.087759   0.344588,
	 -0.972570   0.200504   0.117924,
	 -0.906931   0.303552   0.292118,
	 -0.826163   0.453196   0.334765,
	 -0.710864   0.694939   0.108314,
	  0.715556  -0.352583  -0.603047,
	  0.754061  -0.252468  -0.606343,
	  0.551213  -0.579664  -0.600128,
	  0.468781  -0.487606  -0.736535,
	  0.447736  -0.195418  -0.872550,
	 -0.693484   0.713566   0.099516,
	 -0.629770   0.750170   0.201579,
	 -0.622136   0.664833   0.413453,
	 -0.668559   0.392745   0.631491,
	 -0.824155   0.556311   0.106235,
	 -0.229207   0.633765  -0.738787,
	 -0.525933   0.295266   0.797629,
	 -0.672499   0.503925   0.542038,
	 -0.526822   0.461434   0.713818,
	 -0.784540   0.618219   0.047988,
	  0.658110  -0.238254  -0.714231,
	  0.451634  -0.154142  -0.878787,
	  0.265667  -0.054368  -0.962531,
	  0.780277  -0.544754  -0.307264,
	  0.367316  -0.202221  -0.907847,
	  0.741676  -0.658141   0.129487,
	  0.789936  -0.597103  -0.139533,
	  0.518611  -0.767504   0.376803,
	 -0.121046  -0.341947   0.931891,
	 -0.358206   0.067732   0.931183,
	 -0.596538   0.487268   0.637740,
	 -0.718708   0.603322   0.345631,
	 -0.831881   0.468472   0.297503,
	 -0.810381   0.299545   0.503543,
	 -0.748715   0.220477   0.625152,
	 -0.619804   0.043434   0.783554,
	 -0.458939  -0.282276   0.842434,
	 -0.401674  -0.466323   0.788163,
	 -0.300951  -0.599593   0.741564,
	 -0.301645  -0.537018   0.787795,
	 -0.294739  -0.475119   0.829090,
	 -0.738830   0.544456   0.397112,
	 -0.826273   0.084658   0.556871,
	 -0.646976  -0.430642   0.629261,
	 -0.413318  -0.533833   0.737692,
	 -0.710831   0.668022  -0.220149,
	 -0.695092   0.703245  -0.149310,
	 -0.644651   0.764269  -0.017859,
	 -0.355641   0.873054  -0.333610,
	 -0.241296   0.943476  -0.227220,
	  0.683581  -0.405406  -0.606929,
	  0.530082  -0.639701  -0.556593,
	  0.663238  -0.310339  -0.681032,
	  0.426189  -0.613703  -0.664629,
	  0.465877  -0.208479  -0.859939,
	  0.322665   0.678626  -0.659814,
	 -0.515034   0.855813  -0.048209,
	 -0.417256   0.899365   0.130543,
	 -0.480186   0.774886   0.411064,
	 -0.500086   0.221759   0.837101,
	 -0.332248   0.616480   0.713837,
	 -0.499408   0.864061   0.063166,
	 -0.421691   0.226583   0.877973,
	 -0.466770   0.618400   0.632224,
	 -0.383811   0.342133   0.857691,
	 -0.294585   0.888210  -0.352566,
	  0.570079  -0.257226  -0.780285,
	  0.403756  -0.157198  -0.901260,
	  0.233832  -0.044195  -0.971272,
	  0.729922  -0.563126  -0.387432,
	  0.391700  -0.167828  -0.904657,
	  0.679731  -0.733191   0.019928,
	  0.672710  -0.709383  -0.210326,
	  0.441300  -0.856653   0.267207,
	 -0.108266  -0.335320   0.935863,
	 -0.397674   0.006000   0.917507,
	 -0.702329   0.437186   0.561785,
	 -0.755104   0.525363   0.392189,
	 -0.816924   0.385264   0.429193,
	 -0.813240   0.234235   0.532706,
	 -0.790243   0.164147   0.590400,
	 -0.767164   0.092816   0.634701,
	 -0.608598  -0.089097   0.788461,
	 -0.323858  -0.325172   0.888470,
	 -0.204054  -0.510939   0.835047,
	 -0.071271  -0.560823   0.824862,
	  0.085531  -0.349671   0.932960,
	  0.495567  -0.329821   0.803512,
	 -0.011859   0.772323  -0.635119,
	 -0.649258  -0.365011   0.667256,
	 -0.745362   0.458335   0.484111,
	 -0.288046   0.828918  -0.479505,
	 -0.267569  -0.613137   0.743283,
	 -0.106614   0.807827  -0.579698,
	 -0.056984   0.843345  -0.534343,
	  0.079559   0.795466  -0.600753,
	  0.255615   0.798696  -0.544744,
	  0.414533   0.556404  -0.720123,
	  0.486353  -0.670982  -0.559683,
	  0.643209  -0.415190  -0.643350,
	  0.401489  -0.706737  -0.582520,
	  0.611045  -0.301026  -0.732125,
	  0.601560  -0.177685  -0.778815,
	  0.591279  -0.322639  -0.739117,
	  0.639154   0.726398  -0.252645,
	 -0.116823   0.977212  -0.177228,
	 -0.124735   0.986560   0.105550,
	 -0.310281   0.819936   0.481072,
	 -0.123090   0.559365   0.819732,
	  0.008511   0.513632   0.857969,
	 -0.405517   0.537295   0.739506,
	  0.041246   0.625874   0.778833,
	  0.209571   0.869706  -0.446869,
	  0.511416  -0.253588  -0.821065,
	  0.351627  -0.150762  -0.923921,
	  0.218008  -0.036279  -0.975272,
	  0.734123  -0.567132  -0.373397,
	  0.461815  -0.234096  -0.855526,
	  0.671797  -0.721685  -0.166913,
	  0.607709  -0.731678  -0.308766,
	  0.713200  -0.673298   0.194974,
	 -0.089326  -0.327309   0.940686,
	 -0.505657  -0.011677   0.862655,
	 -0.795385   0.314000   0.518427,
	 -0.866319   0.398809   0.300736,
	 -0.846503   0.312659   0.430903,
	 -0.815493   0.243156   0.525211,
	 -0.787122   0.243970   0.566496,
	 -0.690362   0.125169   0.712554,
	 -0.666366   0.029977   0.745022,
	 -0.541795  -0.183492   0.820237,
	 -0.363912  -0.429843   0.826319,
	 -0.239486  -0.519089   0.820483,
	 -0.011525  -0.114278   0.993382,
	  0.374972   0.723424   0.579701,
	  0.474482  -0.627336   0.617508,
	  0.543647   0.824717   0.155853,
	  0.956577   0.275123  -0.096265,
	  0.951172  -0.288578   0.109515,
	  0.417807   0.420334  -0.805454,
	  0.431962   0.343936  -0.833737,
	  0.396860   0.327635  -0.857413,
	 -0.754073  -0.303443   0.582491,
	 -0.775930   0.419623   0.471008,
	 -0.200248   0.845301  -0.495346,
	  0.315338   0.071749  -0.946263,
	 -0.215909  -0.780699   0.586424,
	  0.375455   0.728621  -0.572839,
	  0.454749   0.648815  -0.610117,
	  0.431863   0.597673  -0.675486,
	  0.395225   0.618077  -0.679542,
	  0.304897   0.600577  -0.739152,
	  0.470681  -0.698482  -0.539057,
	  0.355036  -0.772126  -0.527040,
	  0.582798  -0.442109  -0.681826,
	  0.447869  -0.479404  -0.754709,
	  0.554631  -0.305740  -0.773891,
	  0.798669   0.589242  -0.122155,
	  0.809088   0.504381  -0.301623,
	  0.094000   0.988138  -0.121441,
	 -0.199461   0.919241   0.339427,
	 -0.413909   0.682050   0.602900,
	 -0.072142   0.807106   0.585982,
	  0.755985   0.443487  -0.481463,
	  0.190123   0.932517  -0.307026,
	  0.418951  -0.262656  -0.869190,
	  0.280677  -0.184000  -0.942000,
	  0.240602  -0.122505  -0.962862,
	  0.669678  -0.667784  -0.324955,
	  0.531352  -0.490758  -0.690522,
	  0.670740  -0.704624  -0.231546,
	  0.781306  -0.555574  -0.284429,
	  0.506211  -0.861642  -0.036365,
	  0.533308  -0.659208   0.530120,
	  0.146051  -0.422360   0.894584,
	 -0.489412  -0.120072   0.863747,
	 -0.820719   0.181908   0.541600,
	 -0.912449   0.323623   0.250410,
	 -0.916791   0.310825   0.250765,
	 -0.880088   0.252074   0.402372,
	 -0.867019   0.279492   0.412508,
	 -0.825626   0.157176   0.541884,
	 -0.713812  -0.080728   0.695669,
	 -0.700492  -0.130616   0.701606,
	 -0.609959  -0.290196   0.737385,
	 -0.499043  -0.316831   0.806581,
	 -0.335432  -0.073062   0.939227,
	 -0.055673   0.833421   0.549827,
	 -0.078134   0.994660   0.067435,
	  0.571869  -0.776297   0.265194,
	 -0.327697   0.944686  -0.013517,
	  0.349659   0.933890  -0.074758,
	  0.635050   0.633598  -0.441888,
	  0.579886   0.328786  -0.745408,
	  0.673871   0.146191  -0.724242,
	  0.820172  -0.496408  -0.284424,
	  0.547727   0.459269  -0.699334,
	  0.365452   0.651432  -0.664892,
	  0.590750  -0.192357  -0.783590,
	 -0.752863  -0.352352   0.555918,
	 -0.756699   0.519004   0.397546,
	 -0.294685   0.894967  -0.334955,
	  0.168636   0.053509  -0.984225,
	  0.462851  -0.483827  -0.742751,
	  0.164562  -0.917219   0.362807,
	  0.256018   0.930561  -0.261748,
	  0.216078   0.925120  -0.312192,
	  0.135477   0.901786  -0.410400,
	  0.084043   0.894639  -0.438815,
	  0.022477   0.896440  -0.442595,
	  0.386242  -0.769071  -0.509262,
	  0.409484  -0.727517  -0.550493,
	  0.481152  -0.516712  -0.708168,
	  0.490243  -0.559040  -0.668683,
	  0.422570  -0.365034  -0.829569,
	 -0.182243   0.969487   0.163961,
	 -0.400293   0.751511   0.524401,
	 -0.239153   0.791026   0.563102,
	  0.737480   0.546008  -0.397491,
	 -0.147847   0.975193   0.164741,
	  0.281420  -0.315432  -0.906259,
	  0.202087  -0.267211  -0.942210,
	  0.309673  -0.389310  -0.867491,
	  0.427105  -0.877103  -0.219710,
	  0.354807  -0.795706  -0.490880,
	  0.305069  -0.944838  -0.119226,
	  0.137313  -0.962418   0.234300,
	  0.302872  -0.868882   0.391552,
	  0.093221  -0.635583   0.766384,
	 -0.310440  -0.299003   0.902344,
	 -0.749793   0.076847   0.657195,
	 -0.864044   0.284922   0.415027,
	 -0.932003   0.213505   0.292891,
	 -0.957813   0.202625   0.203807,
	 -0.948426   0.226672   0.221605,
	 -0.947768   0.094887   0.304521,
	 -0.891424  -0.073157   0.447226,
	 -0.837263  -0.140551   0.528428,
	 -0.854118  -0.044955   0.518132,
	 -0.806161   0.054464   0.589185,
	 -0.701860   0.337762   0.627143,
	 -0.458985   0.739956   0.491729,
	 -0.355219   0.924828   0.136057,
	 -0.636062   0.729105   0.252647,
	  0.664701  -0.746511   0.029907,
	 -0.587881   0.808925  -0.006129,
	 -0.699962   0.700043   0.141395,
	 -0.092141   0.995179  -0.033593,
	  0.346277   0.819698  -0.456275,
	  0.660203  -0.707956  -0.250859,
	 -0.123756   0.913338  -0.387942,
	 -0.351311  -0.537643   0.766499,
	 -0.712400   0.544150   0.443156,
	 -0.375902   0.879375  -0.292227,
	 -0.077551   0.074623  -0.994192,
	  0.281249  -0.656572  -0.699866,
	  0.488329  -0.850568  -0.195110,
	  0.536684  -0.792324   0.290159,
	 -0.155597   0.956732   0.245875,
	 -0.215667   0.967357   0.133073,
	 -0.253542   0.967064   0.022466,
	 -0.335874   0.941827   0.012276,
	 -0.536128   0.835738  -0.118783,
	  0.342033  -0.796832  -0.498068,
	  0.390535  -0.739166  -0.548740,
	  0.403259  -0.536877  -0.741044,
	  0.536041  -0.604481  -0.589290,
	  0.281883  -0.399874  -0.872148,
	 -0.374391   0.825682   0.421995,
	 -0.076550   0.846730   0.526486,
	  0.824762   0.554884  -0.108952,
	 -0.306251   0.859578   0.409067,
	  0.182607  -0.358566  -0.915470,
	  0.196829  -0.383519  -0.902314,
	  0.268564  -0.630305  -0.728416,
	  0.257726  -0.861919  -0.436661,
	  0.138462  -0.989314  -0.045667,
	  0.181700  -0.882885   0.433011,
	  0.114183  -0.782768   0.611749,
	  0.051466  -0.530653   0.846025,
	 -0.246291  -0.303162   0.920562,
	 -0.668082   0.057521   0.741861,
	 -0.797219   0.180209   0.576166,
	 -0.807852   0.362279   0.464897,
	 -0.808532   0.373356   0.454842,
	 -0.833780   0.317367   0.451763,
	 -0.804195   0.374079   0.461882,
	 -0.759622   0.429733   0.488164,
	 -0.765560   0.494693   0.411335,
	 -0.696725   0.630102   0.342850,
	 -0.780337   0.581998   0.228807,
	 -0.726487   0.670772   0.149266,
	  0.623251  -0.776849   0.089800,
	 -0.765535   0.634527   0.106447,
	 -0.703778   0.695149   0.146505,
	 -0.553466   0.830500   0.062812,
	 -0.683929   0.727768  -0.050946,
	  0.127418  -0.467802   0.874600,
	 -0.476378   0.554961   0.681970,
	 -0.427059   0.820407  -0.380202,
	 -0.205221  -0.034103  -0.978121,
	  0.138688  -0.786142  -0.602284,
	  0.326683  -0.937971  -0.116145,
	  0.450224  -0.868248   0.208430,
	  0.614919  -0.706895   0.349535,
	 -0.285144   0.895819   0.340882,
	 -0.382100   0.874740   0.298044,
	 -0.512092   0.838930   0.184278,
	 -0.658378   0.750598   0.056048,
	 -0.637065   0.770343   0.026810,
	  0.348895  -0.810172  -0.471056,
	  0.332097  -0.744992  -0.578531,
	  0.240403  -0.580557  -0.777920,
	  0.613085  -0.616816  -0.493625,
	  0.157423  -0.464120  -0.871671,
	  0.304013   0.902340   0.305545,
	  0.968179   0.186159  -0.167254,
	  0.126601   0.991152   0.039881,
	  0.048309  -0.435753  -0.898769,
	  0.164281  -0.527272  -0.833664,
	  0.261971  -0.674438  -0.690294,
	  0.305176  -0.851073  -0.427250,
	  0.399691  -0.911437   0.097621,
	  0.395124  -0.474044   0.786867,
	  0.581256  -0.442378   0.682967,
	  0.510695  -0.067345   0.857121,
	  0.294626   0.019820   0.955407,
	  0.247240   0.174033   0.953197,
	  0.232765   0.360610   0.903206,
	  0.099861   0.505972   0.856750,
	 -0.061053   0.584434   0.809141,
	  0.154102   0.462168   0.873300,
	 -0.351124   0.653929   0.670141,
	  0.181836   0.576555   0.796567,
	 -0.152422   0.545458   0.824162,
	 -0.402951   0.332089   0.852847,
	 -0.283780   0.207657   0.936134,
	 -0.498469   0.830822   0.247516,
	  0.064569   0.761948   0.644411,
	  0.117560   0.619264   0.776332,
	 -0.680013   0.732759   0.025417,
	 -0.526029   0.816517   0.237892,
	 -0.308865   0.901748   0.302412,
	 -0.395918   0.918286   0.000356,
	  0.273856  -0.432990   0.858792,
	 -0.345602   0.510882   0.787121,
	 -0.293046   0.946226  -0.137041,
	 -0.071027   0.392393  -0.917051,
	  0.276815  -0.803625  -0.526839,
	  0.501826  -0.855919   0.124793,
	  0.342237  -0.865750   0.365173,
	  0.494573  -0.729725   0.472121,
	 -0.311854   0.949781   0.025776,
	 -0.560043   0.812956   0.159544,
	 -0.663561   0.741010   0.102912,
	 -0.648446   0.750006   0.130419,
	 -0.192234   0.959017   0.208167,
	  0.314166  -0.808547  -0.497545,
	  0.182926  -0.746471  -0.639780,
	  0.117751  -0.646598  -0.753688,
	  0.497363  -0.678640  -0.540442,
	  0.060032  -0.512313  -0.856698,
	  0.825296   0.025208  -0.564137,
	 -0.176920   0.547293  -0.818028,
	  0.125856  -0.461850  -0.877983,
	  0.241233  -0.549415  -0.799969,
	  0.311668  -0.693122  -0.649958,
	  0.523395  -0.812119  -0.257917,
	  0.861007  -0.130457   0.491577,
	  0.916343  -0.242386   0.318693,
	  0.995702  -0.092614   0.001082,
	  0.958947  -0.279638   0.047159,
	  0.960042   0.158070   0.230938,
	  0.948025   0.300676   0.104132,
	  0.953022   0.289002   0.090704,
	  0.935000  -0.040596   0.352317,
	  0.909321  -0.116294   0.399514,
	  0.249069   0.658724   0.709963,
	  0.881575  -0.009945   0.471939,
	 -0.154367   0.974555   0.162522,
	 -0.017690   0.929667   0.367976,
	  0.284021   0.756114   0.589596,
	  0.473310   0.878151   0.069480,
	 -0.108558   0.689579   0.716028,
	  0.407726  -0.505451   0.760446,
	 -0.083428   0.978775  -0.187187,
	  0.428262   0.727034  -0.536669,
	  0.570674  -0.609850  -0.549921,
	  0.532880  -0.829848   0.165500,
	  0.387346  -0.760565   0.521060,
	 -0.747821   0.578633  -0.325495,
	 -0.730386   0.673656   0.112794,
	 -0.527041   0.761468   0.377350,
	 -0.772606   0.524512   0.357726,
	 -0.143857   0.859878   0.489810,
	  0.407399   0.624154   0.666677,
	  0.222804  -0.763235  -0.606491,
	  0.089307  -0.741098  -0.665431,
	  0.045749  -0.655568  -0.753749,
	  0.163481  -0.697353  -0.697835,
	  0.208974  -0.459837  -0.863064,
	 -0.331923  -0.369492  -0.867930,
	  0.259262  -0.372899  -0.890915,
	  0.311862  -0.489163  -0.814531,
	  0.608517  -0.662607  -0.436646,
	  0.529801  -0.288682  -0.797480,
	  0.473866  -0.519023  -0.711383,
	  0.630088  -0.017264  -0.776332,
	  0.640213   0.160455  -0.751254,
	  0.669919  -0.131366  -0.730720,
	  0.810081  -0.314292  -0.494964,
	  0.905553  -0.156425  -0.394341,
	  0.819511   0.345703   0.457047,
	  0.309313   0.851396   0.423616,
	  0.388518   0.778330   0.493210,
	  0.781757   0.571977   0.248390,
	  0.933834   0.207354  -0.291477,
	  0.978989  -0.091756  -0.182106,
	  0.063865   0.610554   0.789395,
	 -0.078704   0.955506   0.284279,
	  0.187043  -0.211226   0.959374,
	  0.571511   0.799331   0.185592,
	  0.988032  -0.098497  -0.118706,
	  0.313589  -0.947093  -0.068395,
	  0.313613  -0.894906   0.317474,
	 -0.944004   0.269460  -0.190391,
	 -0.491905  -0.181846  -0.851447,
	 -0.372446   0.790509   0.486189,
	 -0.564492   0.809933   0.159242,
	 -0.719388   0.589720  -0.367029,
	 -0.092654   0.724324   0.683206,
	  0.223271   0.223262   0.948843,
	  0.694079  -0.263185   0.670066,
	  0.027208  -0.779219  -0.626161,
	  0.054027  -0.748837  -0.660549,
	  0.260529  -0.588460  -0.765402,
	  0.319845  -0.391149  -0.862961,
	  0.202461  -0.747799  -0.632302,
	  0.016935  -0.816039  -0.577750,
	  0.128022  -0.539718  -0.832055,
	  0.276543  -0.332195  -0.901760,
	  0.285478  -0.272176  -0.918925,
	  0.393038  -0.110518  -0.912857,
	  0.657432  -0.493597  -0.569337,
	  0.538208  -0.395465  -0.744271,
	  0.835884  -0.371302  -0.404269,
	  0.794724  -0.577863  -0.185712,
	  0.582962  -0.769443   0.260985,
	  0.532535   0.720503   0.444165,
	  0.295752   0.162947   0.941265,
	  0.322599  -0.316706   0.891979,
	  0.731811  -0.537089   0.419510,
	 -0.364161  -0.040121  -0.930472,
	  0.039102  -0.519621  -0.853502,
	  0.002875   0.964759   0.263120,
	 -0.166341   0.954800  -0.246350,
	 -0.092446   0.703183  -0.704974,
	  0.025430   0.378699  -0.925170,
	  0.188386   0.827496   0.528924,
	  0.158479  -0.068937   0.984953,
	  0.342819  -0.593930   0.727821,
	  0.342007  -0.677214  -0.651470,
	  0.403370  -0.427959  -0.808792,
	  0.472310  -0.806792  -0.354978,
	  0.398066  -0.795257  -0.457285,
	  0.461079  -0.837205  -0.294099,
	  0.196845  -0.974991  -0.103171,
	  0.048701  -0.955934  -0.289514,
	  0.516822  -0.548521  -0.657281,
	  0.683158  -0.657755  -0.317259,
	  0.559101  -0.711656  -0.425385,
	  0.172957  -0.817322   0.549610,
	  0.070321  -0.432588  -0.898845,
	 -0.036683  -0.932507  -0.359284,
	  0.337835   0.934922  -0.108577,
	  0.340225   0.867921  -0.361885,
	  0.301873   0.728047  -0.615484,
	  0.312614   0.292626  -0.903683,
	  0.177659  -0.392519  -0.902422,
	  0.201104   0.844918   0.495651,
	 -0.209400  -0.095527   0.973153,
	  0.021561  -0.693233   0.720391,
	 -0.100601  -0.831638   0.546129,
	 -0.121653  -0.936892  -0.327770,
	 -0.334419  -0.816816   0.470081,
	  0.259970   0.952252  -0.160101,
	  0.349362   0.797360  -0.492101,
	  0.401846   0.698447  -0.592191,
	  0.403187   0.437733  -0.803635,
	  0.222196  -0.394586  -0.891589,
	 -0.141004  -0.939060  -0.313502,
	  0.016056   0.862479   0.505838,
	 -0.394502  -0.494480   0.774505,
	 -0.457879   0.149693   0.876321,
	 -0.452167  -0.777896   0.436375,
	 -0.567588  -0.369091   0.735946,
	  0.333500   0.942610   0.016266,
	  0.380836   0.828658  -0.410231,
	  0.371865   0.669587  -0.642938,
	  0.336277   0.368394  -0.866720,
	  0.106298  -0.479700  -0.870970,
	 -0.134531  -0.956719  -0.258052,
	 -0.395037  -0.857305   0.330111,
	  0.163856   0.845073   0.508924,
	 -0.212056   0.163168   0.963539,
	 -0.424352  -0.498540   0.755899,
	  0.598536   0.777141   0.194437,
	  0.658092   0.734115  -0.167302,
	  0.618198   0.615937  -0.488318,
	  0.601640   0.201375  -0.772967,
	  0.343782  -0.671757  -0.656169,
	 -0.139037  -0.984741  -0.104661,
	 -0.221915  -0.942935   0.248249,
	 -0.315793  -0.616299   0.721422,
	  0.481294   0.655886   0.581524,
	  0.163365   0.057778   0.984872,
	  0.868260   0.449470   0.210000,
	  0.926910   0.375254   0.004710,
	  0.888519   0.392108  -0.238298,
	  0.914622   0.022282  -0.403695,
	  0.713255  -0.600515  -0.361454,
	  0.185871  -0.982301   0.023172,
	 -0.015040  -0.947870   0.318301,
	 -0.037600  -0.711067   0.702118,
	  0.433364  -0.177953   0.883475,
	  0.780005   0.304535   0.546673,
	  0.969959  -0.138963   0.199673,
	  0.989062  -0.139444  -0.048082,
	  0.740675  -0.666835  -0.082054,
	  0.564514  -0.724363   0.395755,
     ]    } 
normalIndex      [ 
	     0,      1,      2, -1 
	     0,      2,      3, -1 
	     0,      3,      4, -1 
	     4,      5,      0, -1 
	     6,      0,      5, -1 
	     7,      1,      0, -1 
	     7,      0,      6, -1 
	     1,      7,      8, -1 
	     1,      8,      2, -1 
	     2,      8,      9, -1 
	     2,      9,     10, -1 
	     3,      2,     11, -1 
	     2,     10,     12, -1 
	     2,     12,     11, -1 
	    11,     13,      3, -1 
	     3,     13,     14, -1 
	     3,     14,      4, -1 
	     4,     14,      5, -1 
	    14,     15,      5, -1 
	     5,     15,     16, -1 
	     5,     16,      6, -1 
	     6,     16,     17, -1 
	     6,     17,      7, -1 
	     7,     17,     18, -1 
	     7,     18,      8, -1 
	     8,     18,     19, -1 
	     8,     19,      9, -1 
	     9,     19,     20, -1 
	     9,     20,     21, -1 
	    10,      9,     21, -1 
	    10,     21,     22, -1 
	    10,     22,     23, -1 
	    10,     23,     12, -1 
	    11,     24,     13, -1 
	    12,     24,     11, -1 
	    12,     25,     24, -1 
	    23,     25,     12, -1 
	    13,     26,     27, -1 
	    13,     27,     14, -1 
	    24,     26,     13, -1 
	    14,     27,     15, -1 
	    27,     28,     15, -1 
	    15,     28,     29, -1 
	    15,     29,     16, -1 
	    16,     29,     30, -1 
	    16,     30,     17, -1 
	    17,     30,     31, -1 
	    17,     31,     18, -1 
	    18,     31,     32, -1 
	    18,     32,     19, -1 
	    19,     32,     33, -1 
	    19,     33,     20, -1 
	    21,     20,     34, -1 
	    20,     33,     35, -1 
	    20,     35,     34, -1 
	    21,     34,     36, -1 
	    22,     21,     36, -1 
	    22,     36,     37, -1 
	    22,     37,     38, -1 
	    22,     38,     39, -1 
	    22,     39,     23, -1 
	    23,     40,     25, -1 
	    39,     40,     23, -1 
	    25,     41,     24, -1 
	    24,     41,     26, -1 
	    25,     42,     41, -1 
	    40,     42,     25, -1 
	    41,     43,     26, -1 
	    26,     43,     44, -1 
	    26,     44,     27, -1 
	    27,     44,     28, -1 
	    44,     45,     28, -1 
	    28,     45,     46, -1 
	    28,     46,     29, -1 
	    29,     46,     47, -1 
	    29,     47,     30, -1 
	    30,     47,     48, -1 
	    30,     48,     31, -1 
	    31,     48,     49, -1 
	    31,     49,     32, -1 
	    32,     49,     50, -1 
	    32,     50,     33, -1 
	    33,     50,     51, -1 
	    33,     51,     35, -1 
	    36,     34,     52, -1 
	    34,     35,     53, -1 
	    34,     53,     52, -1 
	    35,     51,     54, -1 
	    35,     54,     53, -1 
	    36,     52,     55, -1 
	    37,     36,     55, -1 
	    37,     55,     38, -1 
	    38,     55,     56, -1 
	    38,     56,     57, -1 
	    38,     57,     58, -1 
	    38,     58,     39, -1 
	    39,     59,     40, -1 
	    58,     59,     39, -1 
	    40,     60,     42, -1 
	    59,     60,     40, -1 
	    41,     61,     43, -1 
	    42,     61,     41, -1 
	    60,     62,     42, -1 
	    42,     62,     61, -1 
	    61,     63,     43, -1 
	    43,     63,     64, -1 
	    43,     64,     44, -1 
	    44,     64,     45, -1 
	    64,     65,     45, -1 
	    45,     65,     66, -1 
	    45,     66,     46, -1 
	    46,     66,     67, -1 
	    46,     67,     47, -1 
	    47,     67,     68, -1 
	    47,     68,     48, -1 
	    48,     68,     69, -1 
	    48,     69,     49, -1 
	    49,     69,     70, -1 
	    49,     70,     50, -1 
	    50,     70,     71, -1 
	    50,     71,     51, -1 
	    51,     71,     72, -1 
	    51,     72,     54, -1 
	    55,     52,     73, -1 
	    52,     53,     74, -1 
	    52,     74,     73, -1 
	    53,     54,     75, -1 
	    53,     75,     74, -1 
	    54,     72,     76, -1 
	    54,     76,     75, -1 
	    55,     73,     56, -1 
	    57,     56,     77, -1 
	    56,     73,     78, -1 
	    56,     78,     79, -1 
	    56,     79,     77, -1 
	    57,     77,     80, -1 
	    57,     80,     81, -1 
	    57,     81,     82, -1 
	    57,     82,     58, -1 
	    58,     83,     59, -1 
	    82,     83,     58, -1 
	    59,     84,     60, -1 
	    83,     84,     59, -1 
	    60,     85,     62, -1 
	    84,     85,     60, -1 
	    62,     86,     61, -1 
	    61,     86,     63, -1 
	    62,     87,     86, -1 
	    85,     87,     62, -1 
	    86,     88,     63, -1 
	    63,     88,     89, -1 
	    63,     89,     64, -1 
	    64,     89,     65, -1 
	    89,     90,     65, -1 
	    65,     90,     91, -1 
	    65,     91,     66, -1 
	    66,     91,     92, -1 
	    66,     92,     67, -1 
	    67,     92,     93, -1 
	    67,     93,     68, -1 
	    68,     93,     94, -1 
	    68,     94,     69, -1 
	    69,     94,     95, -1 
	    69,     95,     70, -1 
	    70,     95,     96, -1 
	    70,     96,     71, -1 
	    71,     96,     97, -1 
	    71,     97,     72, -1 
	    72,     97,     98, -1 
	    72,     98,     76, -1 
	    73,     74,     99, -1 
	    73,     99,     78, -1 
	    74,     75,    100, -1 
	    74,    100,     99, -1 
	    75,     76,    101, -1 
	    75,    101,    100, -1 
	    76,     98,    102, -1 
	    76,    102,    101, -1 
	    80,     77,     79, -1 
	    79,     78,    103, -1 
	    78,     99,    104, -1 
	    78,    104,    103, -1 
	    80,     79,     81, -1 
	    79,    103,    105, -1 
	    81,     79,    105, -1 
	    81,    105,    106, -1 
	    81,    106,     82, -1 
	    82,    107,     83, -1 
	   108,    107,     82, -1 
	   106,    108,     82, -1 
	    83,    109,     84, -1 
	   107,    109,     83, -1 
	    84,    110,     85, -1 
	   109,    110,     84, -1 
	   110,    111,     85, -1 
	    85,    111,     87, -1 
	    87,    112,     86, -1 
	    86,    112,     88, -1 
	   111,    113,     87, -1 
	    87,    113,    112, -1 
	   112,    114,     88, -1 
	    88,    114,    115, -1 
	    88,    115,     89, -1 
	    89,    115,     90, -1 
	   115,    116,     90, -1 
	    90,    116,    117, -1 
	    90,    117,     91, -1 
	    91,    117,    118, -1 
	    91,    118,     92, -1 
	    92,    118,    119, -1 
	    92,    119,     93, -1 
	    93,    119,    120, -1 
	    93,    120,     94, -1 
	    94,    120,    121, -1 
	    94,    121,     95, -1 
	    95,    121,    122, -1 
	    95,    122,     96, -1 
	    96,    122,    123, -1 
	    96,    123,     97, -1 
	    97,    123,    124, -1 
	    97,    124,     98, -1 
	    98,    124,    125, -1 
	    98,    125,    102, -1 
	    99,    100,    126, -1 
	    99,    126,    104, -1 
	   100,    101,    127, -1 
	   100,    127,    126, -1 
	   101,    102,    128, -1 
	   101,    128,    127, -1 
	   102,    125,    129, -1 
	   102,    129,    128, -1 
	   105,    103,    130, -1 
	   103,    104,    131, -1 
	   103,    131,    130, -1 
	   104,    126,    132, -1 
	   104,    132,    131, -1 
	   105,    130,    133, -1 
	   106,    105,    133, -1 
	   106,    134,    108, -1 
	   106,    133,    134, -1 
	   107,    135,    109, -1 
	   108,    136,    107, -1 
	   136,    135,    107, -1 
	   137,    136,    108, -1 
	   138,    137,    108, -1 
	   134,    138,    108, -1 
	   109,    139,    110, -1 
	   135,    139,    109, -1 
	   110,    140,    111, -1 
	   139,    140,    110, -1 
	   111,    141,    113, -1 
	   140,    141,    111, -1 
	   113,    142,    112, -1 
	   112,    142,    114, -1 
	   141,    143,    113, -1 
	   113,    143,    142, -1 
	   142,    144,    114, -1 
	   114,    144,    145, -1 
	   114,    145,    115, -1 
	   115,    145,    116, -1 
	   145,    146,    116, -1 
	   116,    146,    147, -1 
	   116,    147,    117, -1 
	   117,    147,    148, -1 
	   117,    148,    118, -1 
	   118,    148,    149, -1 
	   118,    149,    119, -1 
	   119,    149,    150, -1 
	   119,    150,    120, -1 
	   120,    150,    151, -1 
	   120,    151,    121, -1 
	   121,    151,    152, -1 
	   121,    152,    122, -1 
	   122,    152,    153, -1 
	   122,    153,    123, -1 
	   123,    153,    154, -1 
	   123,    154,    124, -1 
	   124,    154,    155, -1 
	   124,    155,    125, -1 
	   125,    155,    156, -1 
	   125,    156,    129, -1 
	   126,    127,    157, -1 
	   126,    157,    132, -1 
	   127,    128,    158, -1 
	   127,    158,    157, -1 
	   128,    129,    159, -1 
	   128,    159,    158, -1 
	   129,    156,    160, -1 
	   129,    160,    159, -1 
	   133,    130,    161, -1 
	   130,    131,    162, -1 
	   130,    162,    161, -1 
	   131,    132,    163, -1 
	   131,    163,    162, -1 
	   132,    157,    164, -1 
	   132,    164,    163, -1 
	   134,    133,    165, -1 
	   133,    161,    165, -1 
	   134,    165,    138, -1 
	   135,    166,    139, -1 
	   136,    167,    135, -1 
	   167,    166,    135, -1 
	   137,    168,    136, -1 
	   168,    167,    136, -1 
	   138,    169,    137, -1 
	   170,    168,    137, -1 
	   171,    170,    137, -1 
	   172,    171,    137, -1 
	   169,    172,    137, -1 
	   138,    173,    174, -1 
	   138,    174,    169, -1 
	   138,    165,    175, -1 
	   138,    175,    173, -1 
	   139,    176,    140, -1 
	   166,    176,    139, -1 
	   176,    177,    140, -1 
	   140,    177,    141, -1 
	   177,    178,    141, -1 
	   141,    178,    143, -1 
	   143,    179,    142, -1 
	   142,    179,    144, -1 
	   178,    180,    143, -1 
	   143,    180,    179, -1 
	   179,    181,    144, -1 
	   144,    181,    182, -1 
	   144,    182,    145, -1 
	   145,    182,    146, -1 
	   182,    183,    146, -1 
	   146,    183,    184, -1 
	   146,    184,    147, -1 
	   147,    184,    185, -1 
	   147,    185,    148, -1 
	   148,    185,    186, -1 
	   148,    186,    149, -1 
	   149,    186,    187, -1 
	   149,    187,    150, -1 
	   150,    187,    188, -1 
	   150,    188,    151, -1 
	   151,    188,    189, -1 
	   151,    189,    152, -1 
	   152,    189,    190, -1 
	   152,    190,    153, -1 
	   153,    190,    191, -1 
	   153,    191,    154, -1 
	   154,    191,    192, -1 
	   154,    192,    155, -1 
	   155,    192,    193, -1 
	   155,    193,    156, -1 
	   156,    193,    194, -1 
	   156,    194,    160, -1 
	   157,    158,    195, -1 
	   157,    195,    164, -1 
	   158,    159,    196, -1 
	   158,    196,    195, -1 
	   159,    160,    197, -1 
	   159,    197,    196, -1 
	   160,    194,    198, -1 
	   160,    198,    197, -1 
	   165,    161,    199, -1 
	   161,    162,    200, -1 
	   161,    200,    199, -1 
	   162,    163,    201, -1 
	   162,    201,    200, -1 
	   163,    164,    202, -1 
	   163,    202,    201, -1 
	   164,    195,    203, -1 
	   164,    203,    202, -1 
	   165,    199,    175, -1 
	   166,    204,    176, -1 
	   167,    205,    166, -1 
	   205,    204,    166, -1 
	   168,    206,    167, -1 
	   206,    205,    167, -1 
	   170,    207,    168, -1 
	   207,    206,    168, -1 
	   174,    208,    169, -1 
	   169,    208,    209, -1 
	   169,    209,    172, -1 
	   171,    210,    170, -1 
	   211,    207,    170, -1 
	   210,    211,    170, -1 
	   172,    212,    171, -1 
	   171,    212,    213, -1 
	   171,    213,    210, -1 
	   172,    209,    212, -1 
	   173,    175,    214, -1 
	   173,    214,    174, -1 
	   174,    214,    208, -1 
	   175,    199,    215, -1 
	   175,    215,    214, -1 
	   176,    216,    177, -1 
	   204,    216,    176, -1 
	   177,    217,    178, -1 
	   216,    217,    177, -1 
	   217,    218,    178, -1 
	   178,    218,    180, -1 
	   180,    219,    179, -1 
	   179,    219,    181, -1 
	   218,    220,    180, -1 
	   180,    220,    219, -1 
	   219,    221,    181, -1 
	   181,    221,    222, -1 
	   181,    222,    182, -1 
	   182,    222,    183, -1 
	   223,    183,    222, -1 
	   224,    184,    183, -1 
	   224,    183,    223, -1 
	   225,    185,    184, -1 
	   225,    184,    224, -1 
	   226,    186,    185, -1 
	   226,    185,    225, -1 
	   227,    187,    186, -1 
	   227,    186,    226, -1 
	   228,    188,    187, -1 
	   228,    187,    227, -1 
	   229,    189,    188, -1 
	   229,    188,    228, -1 
	   230,    190,    189, -1 
	   230,    189,    229, -1 
	   231,    191,    190, -1 
	   231,    190,    230, -1 
	   232,    192,    191, -1 
	   232,    191,    231, -1 
	   233,    193,    192, -1 
	   233,    192,    232, -1 
	   234,    194,    193, -1 
	   234,    193,    233, -1 
	   235,    198,    194, -1 
	   235,    194,    234, -1 
	   195,    196,    236, -1 
	   195,    236,    203, -1 
	   196,    197,    237, -1 
	   196,    237,    236, -1 
	   197,    198,    238, -1 
	   197,    238,    237, -1 
	   239,    238,    198, -1 
	   239,    198,    235, -1 
	   199,    200,    240, -1 
	   199,    240,    215, -1 
	   200,    201,    241, -1 
	   200,    241,    240, -1 
	   201,    202,    242, -1 
	   201,    242,    241, -1 
	   202,    203,    243, -1 
	   202,    243,    242, -1 
	   203,    236,    244, -1 
	   203,    244,    243, -1 
	   205,    245,    204, -1 
	   204,    246,    216, -1 
	   245,    246,    204, -1 
	   206,    247,    205, -1 
	   247,    245,    205, -1 
	   207,    248,    206, -1 
	   248,    247,    206, -1 
	   211,    249,    207, -1 
	   249,    248,    207, -1 
	   214,    250,    208, -1 
	   208,    250,    251, -1 
	   208,    251,    209, -1 
	   209,    251,    252, -1 
	   209,    252,    212, -1 
	   210,    253,    254, -1 
	   210,    254,    255, -1 
	   210,    255,    211, -1 
	   210,    213,    256, -1 
	   210,    256,    253, -1 
	   255,    249,    211, -1 
	   212,    252,    257, -1 
	   212,    257,    213, -1 
	   213,    257,    258, -1 
	   213,    258,    256, -1 
	   214,    215,    250, -1 
	   215,    240,    259, -1 
	   215,    259,    250, -1 
	   246,    260,    216, -1 
	   216,    260,    217, -1 
	   260,    261,    217, -1 
	   217,    261,    218, -1 
	   261,    262,    218, -1 
	   218,    262,    220, -1 
	   220,    263,    219, -1 
	   219,    263,    221, -1 
	   262,    264,    220, -1 
	   220,    264,    263, -1 
	   265,    221,    263, -1 
	   266,    222,    221, -1 
	   266,    221,    265, -1 
	   223,    222,    266, -1 
	   266,    267,    223, -1 
	   223,    267,    268, -1 
	   223,    268,    224, -1 
	   224,    268,    269, -1 
	   224,    269,    225, -1 
	   225,    269,    270, -1 
	   225,    270,    226, -1 
	   226,    270,    271, -1 
	   226,    271,    227, -1 
	   227,    271,    272, -1 
	   227,    272,    228, -1 
	   228,    272,    273, -1 
	   228,    273,    229, -1 
	   229,    273,    274, -1 
	   229,    274,    230, -1 
	   230,    274,    275, -1 
	   230,    275,    231, -1 
	   231,    275,    276, -1 
	   231,    276,    232, -1 
	   232,    276,    277, -1 
	   232,    277,    233, -1 
	   233,    277,    278, -1 
	   233,    278,    234, -1 
	   234,    278,    279, -1 
	   234,    279,    235, -1 
	   235,    279,    280, -1 
	   235,    280,    239, -1 
	   236,    237,    281, -1 
	   236,    281,    244, -1 
	   237,    238,    282, -1 
	   237,    282,    281, -1 
	   283,    282,    238, -1 
	   283,    238,    239, -1 
	   239,    280,    284, -1 
	   239,    284,    283, -1 
	   240,    241,    285, -1 
	   240,    285,    259, -1 
	   241,    242,    286, -1 
	   241,    286,    285, -1 
	   242,    243,    287, -1 
	   242,    287,    286, -1 
	   243,    244,    288, -1 
	   243,    288,    287, -1 
	   244,    281,    289, -1 
	   244,    289,    288, -1 
	   245,    290,    246, -1 
	   247,    291,    245, -1 
	   291,    290,    245, -1 
	   246,    292,    260, -1 
	   290,    292,    246, -1 
	   248,    293,    247, -1 
	   293,    291,    247, -1 
	   249,    294,    248, -1 
	   294,    293,    248, -1 
	   255,    295,    249, -1 
	   295,    294,    249, -1 
	   250,    259,    296, -1 
	   250,    296,    251, -1 
	   251,    296,    297, -1 
	   251,    297,    252, -1 
	   252,    297,    298, -1 
	   252,    298,    257, -1 
	   253,    256,    299, -1 
	   253,    299,    254, -1 
	   254,    299,    300, -1 
	   254,    300,    301, -1 
	   254,    301,    255, -1 
	   301,    295,    255, -1 
	   256,    258,    302, -1 
	   256,    302,    299, -1 
	   257,    298,    303, -1 
	   257,    303,    258, -1 
	   258,    303,    304, -1 
	   258,    304,    302, -1 
	   259,    285,    305, -1 
	   259,    305,    296, -1 
	   260,    306,    261, -1 
	   292,    306,    260, -1 
	   306,    307,    261, -1 
	   261,    307,    262, -1 
	   307,    308,    262, -1 
	   262,    308,    264, -1 
	   309,    263,    264, -1 
	   265,    263,    309, -1 
	   310,    264,    308, -1 
	   309,    264,    310, -1 
	   309,    311,    265, -1 
	   265,    311,    312, -1 
	   265,    312,    266, -1 
	   266,    312,    267, -1 
	   312,    313,    267, -1 
	   267,    313,    314, -1 
	   267,    314,    268, -1 
	   268,    314,    315, -1 
	   268,    315,    269, -1 
	   269,    315,    316, -1 
	   269,    316,    270, -1 
	   270,    316,    317, -1 
	   270,    317,    271, -1 
	   271,    317,    318, -1 
	   271,    318,    272, -1 
	   272,    318,    319, -1 
	   272,    319,    273, -1 
	   273,    319,    320, -1 
	   273,    320,    274, -1 
	   274,    320,    321, -1 
	   274,    321,    275, -1 
	   275,    321,    322, -1 
	   275,    322,    276, -1 
	   276,    322,    323, -1 
	   276,    323,    277, -1 
	   277,    323,    324, -1 
	   277,    324,    278, -1 
	   278,    324,    325, -1 
	   278,    325,    279, -1 
	   279,    325,    326, -1 
	   279,    326,    280, -1 
	   280,    326,    327, -1 
	   280,    327,    284, -1 
	   281,    282,    328, -1 
	   281,    328,    289, -1 
	   329,    330,    282, -1 
	   329,    282,    283, -1 
	   282,    330,    331, -1 
	   282,    331,    328, -1 
	   329,    283,    284, -1 
	   329,    284,    332, -1 
	   327,    332,    284, -1 
	   285,    286,    333, -1 
	   285,    333,    305, -1 
	   286,    287,    334, -1 
	   286,    334,    333, -1 
	   287,    288,    335, -1 
	   287,    335,    334, -1 
	   288,    289,    336, -1 
	   288,    336,    335, -1 
	   289,    328,    337, -1 
	   289,    337,    336, -1 
	   291,    338,    290, -1 
	   290,    339,    292, -1 
	   338,    339,    290, -1 
	   293,    340,    291, -1 
	   340,    338,    291, -1 
	   339,    341,    292, -1 
	   292,    341,    306, -1 
	   294,    342,    293, -1 
	   343,    340,    293, -1 
	   342,    343,    293, -1 
	   295,    344,    294, -1 
	   344,    342,    294, -1 
	   301,    300,    295, -1 
	   300,    344,    295, -1 
	   296,    305,    345, -1 
	   296,    345,    297, -1 
	   297,    345,    346, -1 
	   297,    346,    298, -1 
	   298,    346,    347, -1 
	   298,    347,    303, -1 
	   299,    302,    348, -1 
	   299,    348,    300, -1 
	   300,    348,    344, -1 
	   302,    304,    349, -1 
	   302,    349,    348, -1 
	   303,    347,    350, -1 
	   303,    350,    304, -1 
	   304,    350,    351, -1 
	   304,    351,    349, -1 
	   305,    333,    352, -1 
	   305,    352,    345, -1 
	   341,    353,    306, -1 
	   306,    353,    307, -1 
	   353,    354,    307, -1 
	   307,    354,    308, -1 
	   355,    308,    354, -1 
	   310,    308,    355, -1 
	   310,    356,    309, -1 
	   309,    356,    311, -1 
	   355,    357,    310, -1 
	   310,    357,    356, -1 
	   356,    358,    311, -1 
	   311,    358,    359, -1 
	   311,    359,    312, -1 
	   312,    359,    313, -1 
	   359,    360,    313, -1 
	   313,    360,    361, -1 
	   313,    361,    314, -1 
	   314,    361,    362, -1 
	   314,    362,    315, -1 
	   315,    362,    363, -1 
	   315,    363,    316, -1 
	   316,    363,    364, -1 
	   316,    364,    317, -1 
	   317,    364,    365, -1 
	   317,    365,    318, -1 
	   318,    365,    366, -1 
	   318,    366,    319, -1 
	   319,    366,    367, -1 
	   319,    367,    320, -1 
	   320,    367,    368, -1 
	   320,    368,    321, -1 
	   321,    368,    369, -1 
	   321,    369,    322, -1 
	   322,    369,    370, -1 
	   322,    370,    323, -1 
	   323,    370,    371, -1 
	   323,    371,    324, -1 
	   324,    371,    372, -1 
	   324,    372,    325, -1 
	   325,    372,    373, -1 
	   325,    373,    326, -1 
	   326,    373,    374, -1 
	   326,    374,    327, -1 
	   327,    375,    332, -1 
	   327,    374,    376, -1 
	   327,    376,    377, -1 
	   378,    375,    327, -1 
	   378,    327,    377, -1 
	   379,    337,    328, -1 
	   379,    328,    380, -1 
	   381,    380,    328, -1 
	   381,    328,    331, -1 
	   382,    329,    332, -1 
	   383,    330,    329, -1 
	   383,    329,    382, -1 
	   384,    331,    330, -1 
	   384,    330,    383, -1 
	   385,    381,    331, -1 
	   385,    331,    384, -1 
	   382,    332,    386, -1 
	   386,    332,    375, -1 
	   333,    334,    387, -1 
	   333,    387,    352, -1 
	   334,    335,    388, -1 
	   334,    388,    387, -1 
	   335,    336,    389, -1 
	   335,    389,    388, -1 
	   336,    337,    390, -1 
	   336,    390,    389, -1 
	   391,    390,    337, -1 
	   391,    337,    379, -1 
	   338,    392,    339, -1 
	   340,    393,    338, -1 
	   393,    392,    338, -1 
	   339,    394,    341, -1 
	   392,    394,    339, -1 
	   393,    340,    395, -1 
	   340,    343,    395, -1 
	   341,    396,    353, -1 
	   394,    396,    341, -1 
	   344,    397,    342, -1 
	   397,    343,    342, -1 
	   397,    398,    343, -1 
	   398,    395,    343, -1 
	   348,    397,    344, -1 
	   345,    352,    399, -1 
	   345,    399,    346, -1 
	   346,    399,    400, -1 
	   346,    400,    347, -1 
	   347,    400,    401, -1 
	   347,    401,    350, -1 
	   348,    349,    397, -1 
	   349,    351,    398, -1 
	   349,    398,    397, -1 
	   350,    401,    402, -1 
	   350,    402,    351, -1 
	   351,    402,    403, -1 
	   351,    403,    398, -1 
	   352,    387,    404, -1 
	   352,    404,    399, -1 
	   396,    405,    353, -1 
	   353,    405,    354, -1 
	   406,    354,    405, -1 
	   355,    354,    406, -1 
	   406,    407,    355, -1 
	   355,    407,    357, -1 
	   357,    408,    356, -1 
	   356,    408,    358, -1 
	   407,    409,    357, -1 
	   357,    409,    408, -1 
	   408,    410,    358, -1 
	   358,    410,    411, -1 
	   358,    411,    359, -1 
	   359,    411,    360, -1 
	   360,    411,    410, -1 
	   360,    410,    412, -1 
	   360,    412,    413, -1 
	   360,    413,    414, -1 
	   360,    414,    361, -1 
	   361,    414,    415, -1 
	   361,    415,    362, -1 
	   362,    415,    416, -1 
	   362,    416,    363, -1 
	   363,    416,    417, -1 
	   363,    417,    364, -1 
	   364,    417,    418, -1 
	   364,    418,    365, -1 
	   365,    418,    419, -1 
	   365,    419,    366, -1 
	   366,    419,    420, -1 
	   366,    420,    367, -1 
	   367,    420,    421, -1 
	   367,    421,    368, -1 
	   368,    421,    422, -1 
	   368,    422,    369, -1 
	   369,    422,    423, -1 
	   369,    423,    370, -1 
	   370,    423,    424, -1 
	   370,    424,    371, -1 
	   371,    424,    425, -1 
	   371,    425,    372, -1 
	   372,    425,    426, -1 
	   372,    426,    373, -1 
	   373,    426,    427, -1 
	   373,    427,    374, -1 
	   374,    427,    428, -1 
	   374,    428,    376, -1 
	   386,    375,    429, -1 
	   429,    375,    378, -1 
	   376,    428,    430, -1 
	   376,    430,    431, -1 
	   377,    376,    431, -1 
	   377,    431,    432, -1 
	   433,    377,    432, -1 
	   434,    378,    377, -1 
	   434,    377,    433, -1 
	   429,    378,    435, -1 
	   435,    378,    434, -1 
	   380,    436,    379, -1 
	   379,    436,    437, -1 
	   379,    437,    391, -1 
	   380,    433,    436, -1 
	   381,    433,    380, -1 
	   381,    434,    433, -1 
	   438,    434,    381, -1 
	   438,    381,    385, -1 
	   439,    382,    386, -1 
	   440,    383,    382, -1 
	   440,    382,    439, -1 
	   441,    384,    383, -1 
	   441,    383,    440, -1 
	   442,    385,    384, -1 
	   442,    384,    441, -1 
	   443,    438,    385, -1 
	   443,    385,    442, -1 
	   439,    386,    444, -1 
	   444,    386,    429, -1 
	   387,    388,    445, -1 
	   387,    445,    404, -1 
	   388,    389,    446, -1 
	   388,    446,    445, -1 
	   389,    390,    447, -1 
	   389,    447,    446, -1 
	   448,    447,    390, -1 
	   448,    390,    391, -1 
	   391,    437,    449, -1 
	   391,    449,    448, -1 
	   393,    450,    392, -1 
	   392,    451,    394, -1 
	   450,    451,    392, -1 
	   395,    450,    393, -1 
	   451,    452,    394, -1 
	   394,    452,    396, -1 
	   395,    453,    450, -1 
	   398,    403,    395, -1 
	   403,    453,    395, -1 
	   452,    454,    396, -1 
	   396,    454,    405, -1 
	   399,    404,    455, -1 
	   399,    455,    400, -1 
	   400,    455,    456, -1 
	   400,    456,    401, -1 
	   401,    456,    457, -1 
	   401,    457,    402, -1 
	   402,    457,    458, -1 
	   402,    458,    403, -1 
	   403,    458,    453, -1 
	   404,    445,    459, -1 
	   404,    459,    455, -1 
	   460,    405,    454, -1 
	   406,    405,    460, -1 
	   460,    461,    406, -1 
	   406,    461,    407, -1 
	   461,    462,    407, -1 
	   407,    462,    409, -1 
	   409,    463,    408, -1 
	   408,    463,    410, -1 
	   462,    464,    409, -1 
	   409,    464,    463, -1 
	   463,    412,    410, -1 
	   463,    465,    412, -1 
	   465,    466,    412, -1 
	   412,    466,    467, -1 
	   412,    467,    413, -1 
	   413,    467,    468, -1 
	   413,    468,    414, -1 
	   414,    468,    469, -1 
	   414,    469,    415, -1 
	   415,    469,    470, -1 
	   415,    470,    416, -1 
	   416,    470,    471, -1 
	   416,    471,    417, -1 
	   417,    471,    472, -1 
	   417,    472,    418, -1 
	   418,    472,    473, -1 
	   418,    473,    419, -1 
	   419,    473,    474, -1 
	   419,    474,    420, -1 
	   420,    474,    475, -1 
	   420,    475,    421, -1 
	   421,    475,    476, -1 
	   421,    476,    422, -1 
	   422,    476,    477, -1 
	   422,    477,    423, -1 
	   423,    477,    478, -1 
	   423,    478,    424, -1 
	   424,    478,    479, -1 
	   424,    479,    425, -1 
	   425,    479,    480, -1 
	   425,    480,    426, -1 
	   426,    480,    481, -1 
	   426,    481,    427, -1 
	   427,    481,    482, -1 
	   427,    482,    428, -1 
	   428,    482,    483, -1 
	   428,    483,    430, -1 
	   444,    429,    484, -1 
	   484,    429,    435, -1 
	   431,    430,    485, -1 
	   430,    483,    486, -1 
	   430,    486,    485, -1 
	   431,    485,    487, -1 
	   432,    431,    487, -1 
	   433,    432,    436, -1 
	   432,    487,    488, -1 
	   436,    432,    488, -1 
	   435,    434,    438, -1 
	   484,    435,    489, -1 
	   489,    435,    438, -1 
	   436,    488,    437, -1 
	   437,    488,    490, -1 
	   437,    490,    449, -1 
	   489,    438,    443, -1 
	   491,    439,    444, -1 
	   492,    440,    439, -1 
	   492,    439,    491, -1 
	   493,    441,    440, -1 
	   493,    440,    492, -1 
	   494,    442,    441, -1 
	   494,    441,    493, -1 
	   495,    443,    442, -1 
	   495,    442,    494, -1 
	   496,    489,    443, -1 
	   496,    443,    495, -1 
	   491,    444,    497, -1 
	   497,    444,    484, -1 
	   445,    446,    498, -1 
	   445,    498,    459, -1 
	   446,    447,    499, -1 
	   446,    499,    498, -1 
	   500,    499,    447, -1 
	   500,    447,    448, -1 
	   448,    449,    501, -1 
	   448,    501,    500, -1 
	   449,    490,    502, -1 
	   449,    502,    501, -1 
	   450,    503,    451, -1 
	   453,    503,    450, -1 
	   451,    504,    452, -1 
	   503,    504,    451, -1 
	   452,    505,    454, -1 
	   504,    505,    452, -1 
	   453,    506,    503, -1 
	   458,    506,    453, -1 
	   507,    454,    505, -1 
	   460,    454,    507, -1 
	   455,    459,    508, -1 
	   455,    508,    456, -1 
	   456,    508,    509, -1 
	   456,    509,    457, -1 
	   457,    509,    510, -1 
	   457,    510,    458, -1 
	   458,    510,    506, -1 
	   459,    498,    511, -1 
	   459,    511,    508, -1 
	   507,    512,    460, -1 
	   460,    512,    461, -1 
	   512,    513,    461, -1 
	   461,    513,    462, -1 
	   513,    514,    462, -1 
	   462,    514,    464, -1 
	   464,    465,    463, -1 
	   514,    515,    464, -1 
	   464,    515,    465, -1 
	   515,    516,    465, -1 
	   465,    516,    466, -1 
	   517,    466,    516, -1 
	   518,    467,    466, -1 
	   518,    466,    517, -1 
	   468,    467,    518, -1 
	   468,    518,    519, -1 
	   520,    469,    468, -1 
	   520,    468,    519, -1 
	   470,    469,    520, -1 
	   470,    520,    521, -1 
	   471,    470,    521, -1 
	   472,    471,    521, -1 
	   472,    521,    522, -1 
	   472,    522,    473, -1 
	   473,    522,    523, -1 
	   473,    523,    474, -1 
	   474,    523,    524, -1 
	   474,    524,    475, -1 
	   475,    524,    525, -1 
	   475,    525,    476, -1 
	   476,    525,    526, -1 
	   476,    526,    477, -1 
	   478,    477,    526, -1 
	   478,    526,    527, -1 
	   527,    479,    478, -1 
	   527,    528,    479, -1 
	   480,    479,    528, -1 
	   480,    528,    529, -1 
	   480,    529,    530, -1 
	   480,    530,    481, -1 
	   482,    481,    530, -1 
	   483,    482,    530, -1 
	   483,    530,    531, -1 
	   531,    486,    483, -1 
	   497,    484,    532, -1 
	   532,    484,    489, -1 
	   487,    485,    533, -1 
	   485,    486,    534, -1 
	   485,    534,    533, -1 
	   534,    486,    531, -1 
	   488,    487,    535, -1 
	   487,    533,    535, -1 
	   488,    535,    490, -1 
	   532,    489,    496, -1 
	   490,    535,    536, -1 
	   490,    536,    502, -1 
	   537,    491,    497, -1 
	   538,    492,    491, -1 
	   538,    491,    537, -1 
	   539,    493,    492, -1 
	   539,    492,    538, -1 
	   540,    494,    493, -1 
	   540,    493,    539, -1 
	   541,    495,    494, -1 
	   541,    494,    540, -1 
	   542,    496,    495, -1 
	   542,    495,    541, -1 
	   543,    532,    496, -1 
	   543,    496,    542, -1 
	   537,    497,    544, -1 
	   544,    497,    532, -1 
	   498,    499,    545, -1 
	   498,    545,    511, -1 
	   546,    545,    499, -1 
	   546,    499,    500, -1 
	   500,    501,    547, -1 
	   500,    547,    546, -1 
	   501,    502,    548, -1 
	   501,    548,    547, -1 
	   502,    536,    549, -1 
	   502,    549,    548, -1 
	   503,    550,    504, -1 
	   506,    550,    503, -1 
	   550,    551,    504, -1 
	   504,    551,    505, -1 
	   552,    505,    551, -1 
	   507,    505,    552, -1 
	   506,    553,    550, -1 
	   510,    553,    506, -1 
	   552,    554,    507, -1 
	   507,    554,    512, -1 
	   508,    511,    555, -1 
	   508,    555,    509, -1 
	   509,    555,    556, -1 
	   509,    556,    510, -1 
	   510,    556,    553, -1 
	   511,    545,    557, -1 
	   511,    557,    555, -1 
	   554,    558,    512, -1 
	   512,    558,    513, -1 
	   558,    559,    513, -1 
	   513,    559,    514, -1 
	   559,    560,    514, -1 
	   514,    560,    515, -1 
	   560,    561,    515, -1 
	   515,    561,    516, -1 
	   561,    562,    516, -1 
	   517,    516,    562, -1 
	   517,    563,    518, -1 
	   564,    517,    562, -1 
	   517,    564,    563, -1 
	   518,    563,    565, -1 
	   518,    565,    519, -1 
	   519,    565,    566, -1 
	   519,    566,    520, -1 
	   520,    566,    567, -1 
	   520,    567,    521, -1 
	   521,    567,    568, -1 
	   521,    568,    522, -1 
	   569,    523,    522, -1 
	   569,    522,    568, -1 
	   570,    524,    523, -1 
	   570,    523,    569, -1 
	   571,    525,    524, -1 
	   571,    524,    570, -1 
	   572,    526,    525, -1 
	   572,    525,    571, -1 
	   573,    527,    526, -1 
	   573,    526,    572, -1 
	   574,    528,    527, -1 
	   574,    527,    573, -1 
	   529,    528,    574, -1 
	   575,    530,    529, -1 
	   575,    529,    574, -1 
	   576,    531,    530, -1 
	   576,    530,    575, -1 
	   534,    531,    577, -1 
	   578,    531,    576, -1 
	   579,    577,    531, -1 
	   579,    531,    578, -1 
	   544,    532,    543, -1 
	   535,    533,    580, -1 
	   533,    534,    581, -1 
	   533,    581,    580, -1 
	   534,    577,    582, -1 
	   534,    582,    581, -1 
	   535,    580,    536, -1 
	   536,    580,    583, -1 
	   536,    583,    549, -1 
	   584,    537,    544, -1 
	   585,    538,    537, -1 
	   585,    537,    584, -1 
	   586,    539,    538, -1 
	   586,    538,    585, -1 
	   587,    540,    539, -1 
	   587,    539,    586, -1 
	   588,    541,    540, -1 
	   588,    540,    587, -1 
	   589,    542,    541, -1 
	   589,    541,    588, -1 
	   590,    543,    542, -1 
	   590,    542,    589, -1 
	   591,    544,    543, -1 
	   591,    543,    590, -1 
	   584,    544,    591, -1 
	   592,    557,    545, -1 
	   592,    545,    546, -1 
	   546,    547,    593, -1 
	   546,    593,    592, -1 
	   547,    548,    594, -1 
	   547,    594,    593, -1 
	   548,    549,    595, -1 
	   548,    595,    594, -1 
	   549,    583,    596, -1 
	   549,    596,    595, -1 
	   550,    597,    551, -1 
	   553,    597,    550, -1 
	   552,    551,    598, -1 
	   598,    551,    597, -1 
	   598,    599,    552, -1 
	   552,    599,    554, -1 
	   553,    600,    597, -1 
	   556,    600,    553, -1 
	   599,    601,    554, -1 
	   554,    601,    558, -1 
	   555,    557,    602, -1 
	   555,    602,    556, -1 
	   556,    602,    600, -1 
	   603,    602,    557, -1 
	   603,    557,    592, -1 
	   601,    604,    558, -1 
	   558,    604,    559, -1 
	   604,    605,    559, -1 
	   559,    605,    560, -1 
	   605,    606,    560, -1 
	   560,    606,    561, -1 
	   606,    607,    561, -1 
	   561,    607,    562, -1 
	   607,    608,    562, -1 
	   562,    608,    564, -1 
	   565,    563,    564, -1 
	   565,    564,    608, -1 
	   566,    565,    608, -1 
	   567,    566,    608, -1 
	   568,    567,    609, -1 
	   567,    608,    609, -1 
	   569,    568,    610, -1 
	   568,    609,    611, -1 
	   568,    611,    610, -1 
	   569,    610,    612, -1 
	   570,    569,    612, -1 
	   571,    570,    612, -1 
	   573,    572,    571, -1 
	   573,    571,    613, -1 
	   571,    612,    613, -1 
	   574,    573,    614, -1 
	   573,    613,    614, -1 
	   574,    614,    615, -1 
	   575,    574,    615, -1 
	   576,    575,    615, -1 
	   616,    578,    576, -1 
	   576,    615,    616, -1 
	   617,    582,    577, -1 
	   617,    577,    579, -1 
	   616,    579,    578, -1 
	   618,    617,    579, -1 
	   616,    618,    579, -1 
	   580,    581,    619, -1 
	   580,    619,    583, -1 
	   581,    582,    620, -1 
	   581,    620,    619, -1 
	   621,    620,    582, -1 
	   621,    582,    617, -1 
	   583,    619,    622, -1 
	   583,    622,    596, -1 
	   585,    584,    623, -1 
	   624,    584,    591, -1 
	   584,    624,    623, -1 
	   623,    586,    585, -1 
	   623,    625,    586, -1 
	   625,    587,    586, -1 
	   625,    626,    587, -1 
	   587,    626,    627, -1 
	   587,    627,    588, -1 
	   588,    627,    628, -1 
	   588,    628,    589, -1 
	   589,    628,    629, -1 
	   589,    629,    590, -1 
	   624,    591,    590, -1 
	   624,    590,    629, -1 
	   592,    593,    630, -1 
	   592,    630,    603, -1 
	   593,    594,    631, -1 
	   593,    631,    630, -1 
	   594,    595,    631, -1 
	   595,    632,    633, -1 
	   595,    633,    631, -1 
	   596,    632,    595, -1 
	   596,    634,    632, -1 
	   596,    622,    635, -1 
	   596,    635,    634, -1 
	   636,    597,    600, -1 
	   598,    597,    636, -1 
	   598,    637,    599, -1 
	   636,    637,    598, -1 
	   637,    638,    599, -1 
	   599,    638,    601, -1 
	   636,    600,    639, -1 
	   639,    600,    602, -1 
	   638,    640,    601, -1 
	   601,    640,    604, -1 
	   639,    602,    603, -1 
	   603,    630,    641, -1 
	   603,    641,    639, -1 
	   640,    642,    604, -1 
	   604,    642,    605, -1 
	   642,    643,    605, -1 
	   605,    643,    606, -1 
	   643,    644,    606, -1 
	   606,    644,    607, -1 
	   644,    609,    607, -1 
	   607,    609,    608, -1 
	   644,    611,    609, -1 
	   645,    612,    610, -1 
	   645,    610,    646, -1 
	   646,    610,    611, -1 
	   646,    611,    644, -1 
	   647,    613,    612, -1 
	   647,    612,    645, -1 
	   648,    614,    613, -1 
	   648,    613,    647, -1 
	   649,    615,    614, -1 
	   649,    614,    648, -1 
	   650,    616,    615, -1 
	   650,    615,    649, -1 
	   651,    618,    616, -1 
	   651,    616,    650, -1 
	   652,    621,    617, -1 
	   618,    652,    617, -1 
	   652,    618,    651, -1 
	   619,    620,    653, -1 
	   619,    653,    622, -1 
	   654,    653,    620, -1 
	   654,    620,    621, -1 
	   652,    654,    621, -1 
	   622,    655,    656, -1 
	   622,    656,    657, -1 
	   635,    622,    657, -1 
	   622,    653,    655, -1 
	   658,    623,    624, -1 
	   659,    625,    623, -1 
	   659,    623,    658, -1 
	   658,    624,    660, -1 
	   660,    624,    629, -1 
	   661,    626,    625, -1 
	   661,    625,    659, -1 
	   662,    627,    626, -1 
	   662,    626,    661, -1 
	   663,    628,    627, -1 
	   663,    627,    662, -1 
	   664,    629,    628, -1 
	   664,    628,    663, -1 
	   660,    629,    664, -1 
	   630,    665,    666, -1 
	   630,    666,    641, -1 
	   631,    665,    630, -1 
	   631,    633,    665, -1 
	   632,    667,    668, -1 
	   632,    668,    633, -1 
	   634,    667,    632, -1 
	   633,    668,    669, -1 
	   633,    669,    665, -1 
	   634,    670,    667, -1 
	   635,    670,    634, -1 
	   635,    671,    670, -1 
	   635,    657,    672, -1 
	   672,    671,    635, -1 
	   636,    673,    637, -1 
	   639,    673,    636, -1 
	   673,    674,    637, -1 
	   637,    674,    638, -1 
	   674,    675,    638, -1 
	   638,    675,    640, -1 
	   639,    641,    673, -1 
	   675,    676,    640, -1 
	   640,    676,    642, -1 
	   641,    677,    678, -1 
	   641,    678,    673, -1 
	   679,    677,    641, -1 
	   679,    641,    666, -1 
	   676,    680,    642, -1 
	   642,    680,    643, -1 
	   680,    646,    643, -1 
	   643,    646,    644, -1 
	   681,    647,    645, -1 
	   681,    645,    680, -1 
	   680,    645,    646, -1 
	   682,    648,    647, -1 
	   682,    647,    681, -1 
	   682,    649,    648, -1 
	   683,    650,    649, -1 
	   683,    649,    684, -1 
	   682,    684,    649, -1 
	   683,    651,    650, -1 
	   657,    656,    651, -1 
	   657,    651,    685, -1 
	   683,    685,    651, -1 
	   652,    651,    656, -1 
	   652,    655,    653, -1 
	   652,    653,    654, -1 
	   656,    655,    652, -1 
	   686,    657,    685, -1 
	   687,    672,    657, -1 
	   687,    657,    686, -1 
	   661,    659,    658, -1 
	   688,    661,    658, -1 
	   688,    658,    689, -1 
	   690,    689,    658, -1 
	   690,    658,    660, -1 
	   664,    690,    660, -1 
	   661,    688,    691, -1 
	   661,    691,    662, -1 
	   662,    691,    663, -1 
	   691,    664,    663, -1 
	   691,    690,    664, -1 
	   665,    669,    692, -1 
	   665,    692,    666, -1 
	   666,    692,    693, -1 
	   666,    693,    679, -1 
	   667,    694,    695, -1 
	   667,    695,    668, -1 
	   670,    694,    667, -1 
	   668,    695,    696, -1 
	   668,    696,    669, -1 
	   669,    696,    697, -1 
	   669,    697,    692, -1 
	   670,    698,    694, -1 
	   671,    698,    670, -1 
	   671,    699,    698, -1 
	   672,    700,    671, -1 
	   700,    699,    671, -1 
	   687,    700,    672, -1 
	   673,    678,    674, -1 
	   678,    701,    674, -1 
	   674,    701,    675, -1 
	   701,    702,    675, -1 
	   675,    702,    676, -1 
	   702,    681,    676, -1 
	   676,    681,    680, -1 
	   677,    703,    704, -1 
	   677,    704,    678, -1 
	   679,    705,    677, -1 
	   677,    705,    703, -1 
	   678,    704,    701, -1 
	   679,    706,    705, -1 
	   679,    693,    707, -1 
	   679,    707,    706, -1 
	   702,    682,    681, -1 
	   708,    684,    682, -1 
	   708,    682,    702, -1 
	   709,    685,    683, -1 
	   709,    683,    710, -1 
	   710,    683,    684, -1 
	   710,    684,    708, -1 
	   686,    685,    709, -1 
	   705,    686,    709, -1 
	   687,    686,    705, -1 
	   706,    711,    687, -1 
	   687,    705,    706, -1 
	   687,    711,    700, -1 
	   691,    688,    689, -1 
	   691,    689,    690, -1 
	   692,    697,    712, -1 
	   692,    712,    693, -1 
	   693,    712,    713, -1 
	   693,    713,    707, -1 
	   694,    714,    715, -1 
	   694,    715,    695, -1 
	   698,    714,    694, -1 
	   695,    715,    716, -1 
	   695,    716,    696, -1 
	   696,    716,    717, -1 
	   696,    717,    697, -1 
	   697,    717,    718, -1 
	   697,    718,    712, -1 
	   698,    719,    714, -1 
	   699,    719,    698, -1 
	   699,    720,    719, -1 
	   700,    721,    699, -1 
	   721,    720,    699, -1 
	   711,    721,    700, -1 
	   704,    708,    701, -1 
	   701,    708,    702, -1 
	   705,    709,    703, -1 
	   703,    709,    710, -1 
	   703,    710,    704, -1 
	   704,    710,    708, -1 
	   706,    707,    711, -1 
	   707,    713,    722, -1 
	   707,    722,    711, -1 
	   711,    722,    721, -1 
	   712,    718,    723, -1 
	   712,    723,    713, -1 
	   713,    723,    724, -1 
	   713,    724,    722, -1 
	   714,    725,    726, -1 
	   714,    726,    715, -1 
	   719,    725,    714, -1 
	   715,    726,    727, -1 
	   715,    727,    716, -1 
	   716,    727,    728, -1 
	   716,    728,    717, -1 
	   717,    728,    729, -1 
	   717,    729,    718, -1 
	   718,    729,    730, -1 
	   718,    730,    723, -1 
	   719,    731,    725, -1 
	   720,    731,    719, -1 
	   721,    732,    720, -1 
	   732,    733,    720, -1 
	   720,    733,    731, -1 
	   722,    732,    721, -1 
	   722,    724,    732, -1 
	   723,    730,    734, -1 
	   723,    734,    724, -1 
	   724,    734,    735, -1 
	   724,    735,    732, -1 
	   725,    736,    737, -1 
	   725,    737,    726, -1 
	   731,    736,    725, -1 
	   726,    737,    738, -1 
	   726,    738,    727, -1 
	   727,    738,    739, -1 
	   727,    739,    728, -1 
	   728,    739,    740, -1 
	   728,    740,    729, -1 
	   729,    740,    741, -1 
	   729,    741,    730, -1 
	   730,    741,    742, -1 
	   730,    742,    734, -1 
	   733,    743,    731, -1 
	   731,    743,    736, -1 
	   732,    735,    733, -1 
	   735,    744,    733, -1 
	   733,    744,    743, -1 
	   734,    742,    745, -1 
	   734,    745,    735, -1 
	   735,    745,    744, -1 
	   736,    746,    747, -1 
	   736,    747,    737, -1 
	   743,    746,    736, -1 
	   737,    747,    748, -1 
	   737,    748,    738, -1 
	   738,    748,    749, -1 
	   738,    749,    739, -1 
	   739,    749,    750, -1 
	   739,    750,    740, -1 
	   740,    750,    751, -1 
	   740,    751,    741, -1 
	   741,    751,    752, -1 
	   741,    752,    742, -1 
	   742,    752,    753, -1 
	   742,    753,    745, -1 
	   744,    754,    743, -1 
	   743,    754,    746, -1 
	   745,    755,    744, -1 
	   744,    755,    754, -1 
	   745,    753,    755, -1 
	   746,    756,    757, -1 
	   746,    757,    747, -1 
	   754,    756,    746, -1 
	   747,    757,    758, -1 
	   747,    758,    748, -1 
	   748,    758,    759, -1 
	   748,    759,    749, -1 
	   749,    759,    760, -1 
	   749,    760,    750, -1 
	   750,    760,    761, -1 
	   750,    761,    751, -1 
	   751,    761,    762, -1 
	   751,    762,    752, -1 
	   752,    762,    763, -1 
	   752,    763,    753, -1 
	   753,    763,    764, -1 
	   753,    764,    755, -1 
	   755,    765,    754, -1 
	   754,    765,    756, -1 
	   755,    764,    765, -1 
	   757,    756,    766, -1 
	   766,    756,    765, -1 
	   757,    766,    767, -1 
	   757,    767,    758, -1 
	   767,    759,    758, -1 
	   768,    760,    759, -1 
	   768,    759,    767, -1 
	   768,    761,    760, -1 
	   769,    762,    761, -1 
	   769,    761,    768, -1 
	   769,    763,    762, -1 
	   764,    763,    769, -1 
	   766,    765,    764, -1 
	   764,    769,    766, -1 
	   768,    766,    769, -1 
	   768,    767,    766, -1 
    ] 
normalPerVertex  TRUE 
   } 
  } 
 ] 
} 
