#VRML V2.0 utf8 
Transform { 
 children [ 
    Shape { 
appearance Appearance {
              material DEF surface Material {
              diffuseColor 0.8 0.8 0.8
              ambientIntensity 0.2
              specularColor 0.4 0.4 0.4
              emissiveColor 0 0 0
              shininess 0.25
              transparency 0
            }
          }
   geometry IndexedFaceSet { 
   solid FALSE 
    coord DEF bone Coordinate{ 
     point [ 
0.006	0.398745	0.080319	,
0.006	0.40148	0.091835	,
0.01646	0.398745	0.093183	,
0.027593	0.39601	0.086588	,
0.027593	0.39601	0.074051	,
0.016009	0.395325	0.068009	,
0.006	0.394641	0.070176	,
-0.007525	0.395497	0.063685	,
-0.026973	0.396351	0.070746	,
-0.026973	0.396351	0.089893	,
-0.007977	0.398917	0.097509	,
0.006	0.391223	0.111574	,
0.023854	0.389683	0.102277	,
0.030512	0.388145	0.087437	,
0.030512	0.388145	0.073202	,
0.019165	0.393445	0.064128	,
0.006	0.398745	0.063322	,
-0.011132	0.387119	0.059248	,
-0.031351	0.375493	0.069475	,
-0.031351	0.375493	0.091164	,
-0.015821	0.383358	0.107157	,
0.006	0.381306	0.113219	,
0.024485	0.377373	0.103054	,
0.030804	0.373441	0.087521	,
0.030804	0.373441	0.073118	,
0.024576	0.384041	0.057474	,
0.006	0.394641	0.047146	,
-0.015371	0.382503	0.054037	,
-0.02785	0.370364	0.070492	,
-0.02785	0.370364	0.090147	,
-0.01528	0.375835	0.106492	,
0.006	0.361814	0.107187	,
0.024937	0.361643	0.103608	,
0.038683	0.361471	0.089808	,
0.038683	0.361471	0.070831	,
0.027371	0.367798	0.054037	,
0.006	0.374125	0.04605	,
-0.013477	0.370706	0.056366	,
-0.020554	0.367285	0.07261	,
-0.020554	0.367285	0.088028	,
-0.011042	0.36455	0.10128	,
0.006	0.350871	0.097318	,
0.022682	0.349333	0.100836	,
0.039	0.347795	0.090741	,
0.039	0.347795	0.069897	,
0.028633	0.35942	0.052483	,
0.006	0.371047	0.045227	,
-0.011312	0.360446	0.059027	,
-0.012676	0.349845	0.074898	,
-0.012676	0.349845	0.085742	,
-0.005362	0.350358	0.094293	,
0.006	0.296501	0.091285	,
0.019616	0.312744	0.097065	,
0.038389	0.328986	0.089724	,
0.038389	0.328986	0.070915	,
0.024304	0.345913	0.057808	,
0.006	0.362841	0.055097	,
-0.007256	0.328986	0.064018	,
-0.010049	0.295133	0.075659	,
-0.010049	0.295133	0.08498	,
-0.002566	0.295817	0.090855	,
0.006	0.194941	0.089366	,
0.017092	0.243839	0.09396	,
0.032262	0.292739	0.087945	,
0.032262	0.292739	0.072694	,
0.019797	0.319582	0.063352	,
0.006	0.346425	0.063048	,
-0.004641	0.30334	0.067233	,
-0.010049	0.260254	0.075659	,
-0.010049	0.260254	0.08498	,
-0.001935	0.227597	0.090078	,
0.006	0.125524	0.090189	,
0.014837	0.17545	0.091188	,
0.024092	0.225375	0.085572	,
0.024092	0.225375	0.075067	,
0.015558	0.260596	0.068565	,
0.006	0.295817	0.068257	,
-0.001394	0.227769	0.071226	,
-0.005088	0.159717	0.077099	,
-0.007569	0.209985	0.076379	,
-0.007569	0.209985	0.08426	,
-0.000673	0.142623	0.088527	,
0.006641	0.061996	0.094093	,
0.014927	0.109964	0.091298	,
0.019423	0.15801	0.084216	,
0.019423	0.15801	0.076422	,
0.013754	0.176644	0.070782	,
0.006	0.195282	0.069353	,
-0.002747	0.143477	0.069562	,
-0.010632	0.09167	0.075491	,
-0.005088	0.159717	0.08354	,
-0.010632	0.09167	0.085148	,
-0.003919	0.076795	0.092519	,
0.006	0.039694	0.104445	,
0.018624	0.064827	0.095846	,
0.021174	0.089961	0.084725	,
0.021174	0.089961	0.075914	,
0.014566	0.10928	0.069783	,
0.006	0.128601	0.06853	,
-0.003198	0.093037	0.069008	,
-0.011216	0.057474	0.075322	,
-0.011216	0.057474	0.085317	,
-0.007256	0.048585	0.096621	,
0.006	0.024648	0.106914	,
0.020879	0.033879	0.098618	,
0.025842	0.043114	0.08608	,
0.025842	0.043114	0.074558	,
0.017812	0.051491	0.065793	,
0.006	0.059869	0.063048	,
-0.008879	0.041062	0.062022	,
-0.012391	0.052833	0.069593	,
-0.023764	0.022254	0.071679	,
-0.023764	0.022254	0.088959	,
-0.011944	0.02345	0.102389	,
0.006	0.014731	0.10088	,
0.020788	0.023109	0.098507	,
0.03197	0.031486	0.087861	,
0.03197	0.031486	0.072778	,
0.022051	0.037129	0.06058	,
0.006	0.042771	0.05592	,
-0.010321	0.029948	0.060247	,
-0.020846	0.017124	0.072526	,
-0.020846	0.017124	0.088114	,
-0.009058	0.015927	0.09884	,
0.006	0.026698	0.096769	,
0.018263	0.02499	0.095402	,
0.028176	0.023281	0.086759	,
0.028176	0.023281	0.07388	,
0.019616	0.026528	0.063573	,
0.006	0.029777	0.059758	,
-0.005542	0.02345	0.066124	,
-0.009466	0.017124	0.075829	,
-0.009466	0.017124	0.08481	,
-0.00419	0.021911	0.092852	,
0.006	0.029435	0.092382	,
0.013214	0.025161	0.089192	,
0.016505	0.020885	0.083369	,
0.016505	0.020885	0.07727	,
0.013574	0.020885	0.071005	,
0.006	0.020885	0.067161	,
-0.00287	0.019461	0.069997	,
-0.006558	0.017228	0.073307	,
-0.006558	0.017228	0.080083	,
-0.001574	0.019688	0.089635	,
0.006	0.026016	0.080319	,
-0.004	0.004559	0.1135	,
-0.004	-0.001823	0.1081	,
-0.00035	0.005567	0.108476	,
0.002676	0.012956	0.111331	,
0.002676	0.012956	0.115669	,
0.001476	0.010101	0.121036	,
-0.004	0.007247	0.12511	,
-0.008047	0.004055	0.11907	,
-0.006055	0.000864	0.114168	,
-0.006055	0.000864	0.112832	,
-0.006222	-0.00048	0.110442	,
-0.004	0.007918	0.10756	,
0.001713	0.014637	0.105637	,
0.008839	0.021355	0.109328	,
0.008839	0.021355	0.117671	,
0.004094	0.020179	0.12464	,
-0.004	0.019004	0.12754	,
-0.010665	0.014971	0.122675	,
-0.012217	0.010941	0.11617	,
-0.012217	0.010941	0.11083	,
-0.008285	0.009429	0.107602	,
-0.004	0.01934	0.10351	,
0.001237	0.025889	0.106292	,
0.003447	0.03244	0.11108	,
0.003447	0.03244	0.11592	,
-0.00027	0.035294	0.118634	,
-0.004	0.03815	0.11836	,
-0.009713	0.027904	0.121363	,
-0.017866	0.01766	0.118005	,
-0.017866	0.01766	0.108995	,
-0.011221	0.0185	0.103561	,
-0.004	0.03748	0.10594	,
0.000126	0.042181	0.107821	,
0.002162	0.046884	0.111497	,
0.002162	0.046884	0.115502	,
-0.000509	0.059985	0.118305	,
-0.004	0.073085	0.1189	,
-0.01011	0.049066	0.12191	,
-0.018637	0.02505	0.118256	,
-0.018637	0.02505	0.108744	,
-0.010745	0.031264	0.104216	,
-0.004	0.047556	0.10783	,
-0.000826	0.064519	0.109131	,
0.000879	0.081482	0.111914	,
0.000879	0.081482	0.115086	,
-0.000985	0.128004	0.11765	,
-0.004	0.174529	0.11863	,
-0.008285	0.101468	0.119398	,
-0.012987	0.028408	0.116421	,
-0.012987	0.028408	0.110579	,
-0.008443	0.037982	0.107384	,
-0.004	0.107011	0.10459	,
0.00084	0.128845	0.106837	,
0.00319	0.150679	0.111164	,
0.00319	0.150679	0.115836	,
-0.000905	0.211646	0.11776	,
-0.004	0.272613	0.11647	,
-0.00646	0.16042	0.116886	,
-0.009135	0.048227	0.115169	,
-0.009135	0.048227	0.111831	,
-0.008206	0.077618	0.107711	,
-0.004	0.174529	0.10351	,
0.001555	0.203416	0.105854	,
0.004474	0.232304	0.110747	,
0.004474	0.232304	0.116253	,
0.000364	0.269254	0.119507	,
-0.004	0.306203	0.11944	,
-0.006777	0.210638	0.117322	,
-0.007338	0.115072	0.114584	,
-0.007338	0.115072	0.112416	,
-0.007967	0.1448	0.108039	,
-0.004	0.224579	0.10351	,
0.001237	0.253634	0.106292	,
0.003447	0.28269	0.11108	,
0.003447	0.28269	0.11592	,
0.001555	0.308051	0.121145	,
-0.004	0.333412	0.12457	,
-0.008443	0.273957	0.119616	,
-0.007852	0.214501	0.114752	,
-0.007852	0.214501	0.112248	,
-0.008126	0.21954	0.107821	,
-0.004	0.275636	0.10513	,
0.000443	0.304021	0.107384	,
0.00242	0.332405	0.111414	,
0.00242	0.332405	0.115586	,
0.003538	0.338283	0.123876	,
-0.004	0.34416	0.1324	,
-0.010745	0.312921	0.122784	,
-0.007852	0.281682	0.114752	,
-0.007852	0.281682	0.112248	,
-0.00765	0.27866	0.108476	,
-0.004	0.309563	0.10783	,
0.000126	0.328541	0.107821	,
0.00396	0.34752	0.110913	,
0.00396	0.34752	0.116087	,
0.003856	0.352223	0.124313	,
-0.004	0.356925	0.13186	,
-0.011221	0.335595	0.123439	,
-0.009906	0.314266	0.115419	,
-0.009906	0.314266	0.111581	,
-0.007491	0.311914	0.108695	,
-0.004	0.346177	0.10999	,
0.001158	0.348695	0.106401	,
0.009352	0.351214	0.109161	,
0.009352	0.351214	0.117839	,
0.003141	0.357429	0.12333	,
-0.004	0.363644	0.12376	,
-0.011935	0.360957	0.124422	,
-0.019921	0.358269	0.118673	,
-0.019921	0.358269	0.108327	,
-0.009952	0.352223	0.105309	,
-0.004	0.359613	0.10945	,
-0.000429	0.361292	0.108585	,
0.003704	0.362972	0.110997	,
0.003704	0.362972	0.116003	,
-0.000191	0.365659	0.118742	,
-0.004	0.368347	0.11836	,
-0.007095	0.370865	0.11776	,
-0.009393	0.373385	0.115252	,
-0.009393	0.373385	0.111748	,
-0.006857	0.366499	0.109568	,
-0.004	0.364315	0.1135	,
0.01646	0.398745	-0.093183	,
0.006	0.40148	-0.091835	,
0.006	0.398745	-0.080319	,
0.027593	0.39601	-0.086588	,
0.023854	0.389683	-0.102277	,
0.030512	0.388145	-0.087437	,
-0.007977	0.398917	-0.097509	,
0.006	0.391223	-0.111574	,
0.027593	0.39601	-0.074051	,
0.016009	0.395325	-0.068009	,
0.006	0.394641	-0.070176	,
-0.007525	0.395497	-0.063685	,
-0.026973	0.396351	-0.070746	,
-0.026973	0.396351	-0.089893	,
0.030512	0.388145	-0.073202	,
0.024485	0.377373	-0.103054	,
0.030804	0.373441	-0.087521	,
0.030804	0.373441	-0.073118	,
-0.015821	0.383358	-0.107157	,
0.006	0.381306	-0.113219	,
0.019165	0.393445	-0.064128	,
0.006	0.398745	-0.063322	,
-0.031351	0.375493	-0.069475	,
-0.011132	0.387119	-0.059248	,
-0.031351	0.375493	-0.091164	,
0.024576	0.384041	-0.057474	,
0.024937	0.361643	-0.103608	,
0.038683	0.361471	-0.089808	,
0.038683	0.361471	-0.070831	,
0.027371	0.367798	-0.054037	,
-0.01528	0.375835	-0.106492	,
0.006	0.361814	-0.107187	,
0.006	0.394641	-0.047146	,
-0.015371	0.382503	-0.054037	,
-0.02785	0.370364	-0.070492	,
-0.02785	0.370364	-0.090147	,
0.006	0.374125	-0.04605	,
0.022682	0.349333	-0.100836	,
0.039	0.347795	-0.090741	,
0.039	0.347795	-0.069897	,
0.028633	0.35942	-0.052483	,
0.006	0.371047	-0.045227	,
-0.011042	0.36455	-0.10128	,
0.006	0.350871	-0.097318	,
-0.013477	0.370706	-0.056366	,
-0.020554	0.367285	-0.07261	,
-0.020554	0.367285	-0.088028	,
-0.011312	0.360446	-0.059027	,
0.019616	0.312744	-0.097065	,
0.038389	0.328986	-0.089724	,
0.038389	0.328986	-0.070915	,
0.024304	0.345913	-0.057808	,
0.006	0.362841	-0.055097	,
-0.007256	0.328986	-0.064018	,
-0.005362	0.350358	-0.094293	,
0.006	0.296501	-0.091285	,
-0.012676	0.349845	-0.074898	,
-0.012676	0.349845	-0.085742	,
-0.010049	0.295133	-0.075659	,
0.017092	0.243839	-0.09396	,
0.032262	0.292739	-0.087945	,
0.032262	0.292739	-0.072694	,
0.019797	0.319582	-0.063352	,
0.006	0.346425	-0.063048	,
-0.010049	0.260254	-0.075659	,
-0.004641	0.30334	-0.067233	,
-0.002566	0.295817	-0.090855	,
0.006	0.194941	-0.089366	,
-0.010049	0.295133	-0.08498	,
-0.010049	0.260254	-0.08498	,
0.014837	0.17545	-0.091188	,
0.024092	0.225375	-0.085572	,
0.024092	0.225375	-0.075067	,
0.015558	0.260596	-0.068565	,
0.006	0.295817	-0.068257	,
-0.001394	0.227769	-0.071226	,
-0.007569	0.209985	-0.076379	,
-0.005088	0.159717	-0.077099	,
-0.001935	0.227597	-0.090078	,
0.006	0.125524	-0.090189	,
-0.000673	0.142623	-0.088527	,
-0.007569	0.209985	-0.08426	,
0.014927	0.109964	-0.091298	,
0.019423	0.15801	-0.084216	,
0.019423	0.15801	-0.076422	,
0.013754	0.176644	-0.070782	,
0.006	0.195282	-0.069353	,
-0.002747	0.143477	-0.069562	,
-0.010632	0.09167	-0.075491	,
-0.005088	0.159717	-0.08354	,
-0.010632	0.09167	-0.085148	,
0.006641	0.061996	-0.094093	,
-0.003919	0.076795	-0.092519	,
0.018624	0.064827	-0.095846	,
0.021174	0.089961	-0.084725	,
0.021174	0.089961	-0.075914	,
0.014566	0.10928	-0.069783	,
0.006	0.128601	-0.06853	,
-0.003198	0.093037	-0.069008	,
-0.011216	0.057474	-0.075322	,
-0.011216	0.057474	-0.085317	,
-0.007256	0.048585	-0.096621	,
0.006	0.039694	-0.104445	,
0.020879	0.033879	-0.098618	,
0.025842	0.043114	-0.08608	,
0.025842	0.043114	-0.074558	,
0.017812	0.051491	-0.065793	,
0.006	0.059869	-0.063048	,
-0.008879	0.041062	-0.062022	,
-0.012391	0.052833	-0.069593	,
-0.023764	0.022254	-0.088959	,
-0.023764	0.022254	-0.071679	,
-0.011944	0.02345	-0.102389	,
0.006	0.024648	-0.106914	,
0.020788	0.023109	-0.098507	,
0.03197	0.031486	-0.087861	,
0.03197	0.031486	-0.072778	,
0.022051	0.037129	-0.06058	,
0.006	0.042771	-0.05592	,
-0.010321	0.029948	-0.060247	,
-0.020846	0.017124	-0.072526	,
-0.020846	0.017124	-0.088114	,
-0.009058	0.015927	-0.09884	,
0.006	0.014731	-0.10088	,
0.018263	0.02499	-0.095402	,
0.028176	0.023281	-0.086759	,
0.028176	0.023281	-0.07388	,
0.019616	0.026528	-0.063573	,
0.006	0.029777	-0.059758	,
-0.005542	0.02345	-0.066124	,
-0.009466	0.017124	-0.075829	,
-0.009466	0.017124	-0.08481	,
-0.00419	0.021911	-0.092852	,
0.006	0.026698	-0.096769	,
0.013214	0.025161	-0.089192	,
0.016505	0.020885	-0.083369	,
0.016505	0.020885	-0.07727	,
0.013574	0.020885	-0.071005	,
0.006	0.020885	-0.067161	,
-0.00287	0.019461	-0.069997	,
-0.006558	0.017228	-0.073307	,
-0.006558	0.017228	-0.080083	,
-0.001574	0.019688	-0.089635	,
0.006	0.029435	-0.092382	,
0.006	0.026016	-0.080319	,
-0.00035	0.005567	-0.108476	,
-0.004	-0.001823	-0.1081	,
-0.004	0.004559	-0.1135	,
0.002676	0.012956	-0.111331	,
0.001713	0.014637	-0.105637	,
0.008839	0.021355	-0.109328	,
-0.006222	-0.00048	-0.110442	,
-0.004	0.007918	-0.10756	,
0.002676	0.012956	-0.115669	,
0.001476	0.010101	-0.121036	,
-0.004	0.007247	-0.12511	,
-0.008047	0.004055	-0.11907	,
-0.006055	0.000864	-0.114168	,
-0.006055	0.000864	-0.112832	,
0.008839	0.021355	-0.117671	,
0.001237	0.025889	-0.106292	,
0.003447	0.03244	-0.11108	,
0.003447	0.03244	-0.11592	,
-0.008285	0.009429	-0.107602	,
-0.004	0.01934	-0.10351	,
0.004094	0.020179	-0.12464	,
-0.004	0.019004	-0.12754	,
-0.010665	0.014971	-0.122675	,
-0.012217	0.010941	-0.11617	,
-0.012217	0.010941	-0.11083	,
-0.00027	0.035294	-0.118634	,
0.000126	0.042181	-0.107821	,
0.002162	0.046884	-0.111497	,
0.002162	0.046884	-0.115502	,
-0.000509	0.059985	-0.118305	,
-0.011221	0.0185	-0.103561	,
-0.004	0.03748	-0.10594	,
-0.004	0.03815	-0.11836	,
-0.009713	0.027904	-0.121363	,
-0.017866	0.01766	-0.118005	,
-0.017866	0.01766	-0.108995	,
-0.004	0.073085	-0.1189	,
-0.000826	0.064519	-0.109131	,
0.000879	0.081482	-0.111914	,
0.000879	0.081482	-0.115086	,
-0.000985	0.128004	-0.11765	,
-0.004	0.174529	-0.11863	,
-0.010745	0.031264	-0.104216	,
-0.004	0.047556	-0.10783	,
-0.01011	0.049066	-0.12191	,
-0.018637	0.02505	-0.118256	,
-0.018637	0.02505	-0.108744	,
-0.008285	0.101468	-0.119398	,
0.00084	0.128845	-0.106837	,
0.00319	0.150679	-0.111164	,
0.00319	0.150679	-0.115836	,
-0.000905	0.211646	-0.11776	,
-0.004	0.272613	-0.11647	,
-0.00646	0.16042	-0.116886	,
-0.008443	0.037982	-0.107384	,
-0.004	0.107011	-0.10459	,
-0.012987	0.028408	-0.116421	,
-0.012987	0.028408	-0.110579	,
-0.009135	0.048227	-0.115169	,
0.001555	0.203416	-0.105854	,
0.004474	0.232304	-0.110747	,
0.004474	0.232304	-0.116253	,
0.000364	0.269254	-0.119507	,
-0.004	0.306203	-0.11944	,
-0.006777	0.210638	-0.117322	,
-0.007338	0.115072	-0.114584	,
-0.008206	0.077618	-0.107711	,
-0.004	0.174529	-0.10351	,
-0.009135	0.048227	-0.111831	,
-0.007338	0.115072	-0.112416	,
0.001237	0.253634	-0.106292	,
0.003447	0.28269	-0.11108	,
0.003447	0.28269	-0.11592	,
0.001555	0.308051	-0.121145	,
-0.004	0.333412	-0.12457	,
-0.008443	0.273957	-0.119616	,
-0.007852	0.214501	-0.114752	,
-0.007852	0.214501	-0.112248	,
-0.007967	0.1448	-0.108039	,
-0.004	0.224579	-0.10351	,
-0.008126	0.21954	-0.107821	,
0.000443	0.304021	-0.107384	,
0.00242	0.332405	-0.111414	,
0.00242	0.332405	-0.115586	,
0.003538	0.338283	-0.123876	,
-0.004	0.34416	-0.1324	,
-0.010745	0.312921	-0.122784	,
-0.007852	0.281682	-0.114752	,
-0.007852	0.281682	-0.112248	,
-0.00765	0.27866	-0.108476	,
-0.004	0.275636	-0.10513	,
0.000126	0.328541	-0.107821	,
0.00396	0.34752	-0.110913	,
0.00396	0.34752	-0.116087	,
0.003856	0.352223	-0.124313	,
-0.004	0.356925	-0.13186	,
-0.011221	0.335595	-0.123439	,
-0.009906	0.314266	-0.115419	,
-0.009906	0.314266	-0.111581	,
-0.007491	0.311914	-0.108695	,
-0.004	0.309563	-0.10783	,
0.001158	0.348695	-0.106401	,
0.009352	0.351214	-0.109161	,
0.009352	0.351214	-0.117839	,
0.003141	0.357429	-0.12333	,
-0.004	0.363644	-0.12376	,
-0.011935	0.360957	-0.124422	,
-0.019921	0.358269	-0.118673	,
-0.019921	0.358269	-0.108327	,
-0.009952	0.352223	-0.105309	,
-0.004	0.346177	-0.10999	,
-0.000429	0.361292	-0.108585	,
0.003704	0.362972	-0.110997	,
0.003704	0.362972	-0.116003	,
-0.000191	0.365659	-0.118742	,
-0.004	0.368347	-0.11836	,
-0.007095	0.370865	-0.11776	,
-0.009393	0.373385	-0.115252	,
-0.009393	0.373385	-0.111748	,
-0.006857	0.366499	-0.109568	,
-0.004	0.359613	-0.10945	,
-0.004	0.364315	-0.1135	,
     ]    } 
    coordIndex [ 
	     0,      1,      2, -1 
	     0,      2,      3, -1 
	     0,      3,      4, -1 
	     0,      4,      5, -1 
	     0,      5,      6, -1 
	     0,      6,      7, -1 
	     0,      7,      8, -1 
	     0,      8,      9, -1 
	     0,      9,     10, -1 
	     0,     10,      1, -1 
	     1,     11,     12, -1 
	     1,     12,      2, -1 
	    10,     11,      1, -1 
	     2,     12,     13, -1 
	     2,     13,      3, -1 
	     3,     13,     14, -1 
	     3,     14,      4, -1 
	     4,     14,     15, -1 
	     4,     15,      5, -1 
	     5,     15,     16, -1 
	     5,     16,      6, -1 
	    16,      7,      6, -1 
	     7,     17,     18, -1 
	     7,     18,      8, -1 
	    16,     17,      7, -1 
	     8,     18,     19, -1 
	     8,     19,      9, -1 
	     9,     19,     20, -1 
	     9,     20,     10, -1 
	    10,     20,     11, -1 
	    11,     21,     22, -1 
	    11,     22,     12, -1 
	    20,     21,     11, -1 
	    12,     22,     23, -1 
	    12,     23,     13, -1 
	    13,     23,     24, -1 
	    13,     24,     14, -1 
	    14,     24,     25, -1 
	    14,     25,     15, -1 
	    15,     25,     26, -1 
	    15,     26,     16, -1 
	    16,     26,     27, -1 
	    16,     27,     17, -1 
	    17,     27,     18, -1 
	    27,     28,     18, -1 
	    18,     28,     29, -1 
	    18,     29,     19, -1 
	    19,     29,     30, -1 
	    19,     30,     20, -1 
	    20,     30,     21, -1 
	    21,     31,     32, -1 
	    21,     32,     22, -1 
	    30,     31,     21, -1 
	    22,     32,     33, -1 
	    22,     33,     23, -1 
	    23,     33,     34, -1 
	    23,     34,     24, -1 
	    24,     34,     35, -1 
	    24,     35,     25, -1 
	    25,     35,     36, -1 
	    25,     36,     26, -1 
	    26,     36,     37, -1 
	    26,     37,     27, -1 
	    27,     37,     38, -1 
	    27,     38,     28, -1 
	    28,     38,     39, -1 
	    28,     39,     29, -1 
	    29,     39,     40, -1 
	    29,     40,     30, -1 
	    30,     40,     31, -1 
	    31,     41,     42, -1 
	    31,     42,     32, -1 
	    40,     41,     31, -1 
	    42,     43,     32, -1 
	    32,     43,     33, -1 
	    43,     44,     33, -1 
	    33,     44,     34, -1 
	    44,     45,     34, -1 
	    34,     45,     35, -1 
	    35,     45,     46, -1 
	    35,     46,     36, -1 
	    36,     46,     47, -1 
	    36,     47,     37, -1 
	    37,     47,     48, -1 
	    37,     48,     38, -1 
	    38,     48,     49, -1 
	    38,     49,     39, -1 
	    39,     49,     50, -1 
	    39,     50,     40, -1 
	    40,     50,     41, -1 
	    41,     51,     52, -1 
	    41,     52,     42, -1 
	    50,     51,     41, -1 
	    52,     53,     42, -1 
	    42,     53,     43, -1 
	    53,     54,     43, -1 
	    43,     54,     44, -1 
	    54,     55,     44, -1 
	    44,     55,     45, -1 
	    45,     55,     56, -1 
	    45,     56,     46, -1 
	    46,     56,     57, -1 
	    46,     57,     47, -1 
	    47,     57,     58, -1 
	    47,     58,     48, -1 
	    48,     58,     59, -1 
	    48,     59,     49, -1 
	    49,     59,     60, -1 
	    49,     60,     50, -1 
	    50,     60,     51, -1 
	    51,     61,     62, -1 
	    51,     62,     52, -1 
	    60,     61,     51, -1 
	    52,     62,     63, -1 
	    52,     63,     53, -1 
	    53,     63,     64, -1 
	    53,     64,     54, -1 
	    54,     64,     65, -1 
	    54,     65,     55, -1 
	    55,     65,     66, -1 
	    55,     66,     56, -1 
	    57,     56,     66, -1 
	    57,     67,     68, -1 
	    57,     68,     58, -1 
	    57,     66,     67, -1 
	    58,     68,     69, -1 
	    58,     69,     59, -1 
	    59,     69,     70, -1 
	    59,     70,     60, -1 
	    60,     70,     61, -1 
	    61,     71,     72, -1 
	    61,     72,     62, -1 
	    70,     71,     61, -1 
	    62,     72,     73, -1 
	    62,     73,     63, -1 
	    63,     73,     74, -1 
	    63,     74,     64, -1 
	    64,     74,     75, -1 
	    64,     75,     65, -1 
	    65,     75,     76, -1 
	    65,     76,     66, -1 
	    66,     76,     77, -1 
	    66,     77,     67, -1 
	    67,     77,     78, -1 
	    79,     68,     67, -1 
	    78,     79,     67, -1 
	    69,     68,     79, -1 
	    69,     80,     81, -1 
	    69,     81,     70, -1 
	    69,     79,     80, -1 
	    70,     81,     71, -1 
	    71,     82,     83, -1 
	    71,     83,     72, -1 
	    81,     82,     71, -1 
	    72,     83,     84, -1 
	    72,     84,     73, -1 
	    73,     84,     85, -1 
	    73,     85,     74, -1 
	    74,     85,     86, -1 
	    74,     86,     75, -1 
	    75,     86,     87, -1 
	    75,     87,     76, -1 
	    76,     87,     88, -1 
	    76,     88,     77, -1 
	    77,     88,     89, -1 
	    77,     89,     78, -1 
	    80,     78,     90, -1 
	    78,     89,     91, -1 
	    78,     91,     90, -1 
	    80,     79,     78, -1 
	    80,     90,     81, -1 
	    90,     92,     81, -1 
	    81,     92,     82, -1 
	    82,     93,     94, -1 
	    82,     94,     83, -1 
	    92,     93,     82, -1 
	    83,     94,     95, -1 
	    83,     95,     84, -1 
	    84,     95,     96, -1 
	    84,     96,     85, -1 
	    85,     96,     97, -1 
	    85,     97,     86, -1 
	    86,     97,     98, -1 
	    86,     98,     87, -1 
	    87,     98,     99, -1 
	    87,     99,     88, -1 
	    88,     99,    100, -1 
	    88,    100,     89, -1 
	    89,    100,    101, -1 
	    89,    101,     91, -1 
	    90,     91,     92, -1 
	    91,    101,    102, -1 
	    91,    102,     92, -1 
	    92,    102,     93, -1 
	    93,    103,    104, -1 
	    93,    104,     94, -1 
	   102,    103,     93, -1 
	    94,    104,    105, -1 
	    94,    105,     95, -1 
	    95,    105,    106, -1 
	    95,    106,     96, -1 
	    96,    106,    107, -1 
	    96,    107,     97, -1 
	    97,    107,    108, -1 
	    97,    108,     98, -1 
	    98,    108,    109, -1 
	    98,    109,     99, -1 
	   100,     99,    110, -1 
	   109,    110,     99, -1 
	   100,    111,    112, -1 
	   100,    112,    101, -1 
	   111,    100,    110, -1 
	   101,    112,    113, -1 
	   101,    113,    102, -1 
	   102,    113,    103, -1 
	   103,    114,    115, -1 
	   103,    115,    104, -1 
	   113,    114,    103, -1 
	   104,    115,    116, -1 
	   104,    116,    105, -1 
	   105,    116,    117, -1 
	   105,    117,    106, -1 
	   106,    117,    118, -1 
	   106,    118,    107, -1 
	   107,    118,    119, -1 
	   107,    119,    108, -1 
	   108,    119,    120, -1 
	   108,    120,    109, -1 
	   109,    120,    121, -1 
	   109,    121,    111, -1 
	   109,    111,    110, -1 
	   111,    121,    122, -1 
	   111,    122,    112, -1 
	   112,    122,    123, -1 
	   112,    123,    113, -1 
	   113,    123,    114, -1 
	   114,    124,    125, -1 
	   114,    125,    115, -1 
	   123,    124,    114, -1 
	   115,    125,    126, -1 
	   115,    126,    116, -1 
	   116,    126,    127, -1 
	   116,    127,    117, -1 
	   117,    127,    128, -1 
	   117,    128,    118, -1 
	   118,    128,    129, -1 
	   118,    129,    119, -1 
	   119,    129,    130, -1 
	   119,    130,    120, -1 
	   120,    130,    131, -1 
	   120,    131,    121, -1 
	   121,    131,    132, -1 
	   121,    132,    122, -1 
	   122,    132,    133, -1 
	   122,    133,    123, -1 
	   123,    133,    124, -1 
	   124,    134,    135, -1 
	   124,    135,    125, -1 
	   133,    134,    124, -1 
	   125,    135,    136, -1 
	   125,    136,    126, -1 
	   126,    136,    137, -1 
	   126,    137,    127, -1 
	   127,    137,    138, -1 
	   127,    138,    128, -1 
	   128,    138,    139, -1 
	   128,    139,    129, -1 
	   129,    139,    140, -1 
	   129,    140,    130, -1 
	   130,    140,    141, -1 
	   130,    141,    131, -1 
	   131,    141,    142, -1 
	   131,    142,    132, -1 
	   132,    142,    143, -1 
	   132,    143,    133, -1 
	   133,    143,    134, -1 
	   134,    144,    135, -1 
	   143,    144,    134, -1 
	   135,    144,    136, -1 
	   136,    144,    137, -1 
	   137,    144,    138, -1 
	   138,    144,    139, -1 
	   139,    144,    140, -1 
	   140,    144,    141, -1 
	   141,    144,    142, -1 
	   142,    144,    143, -1 
	   145,    146,    147, -1 
	   145,    147,    148, -1 
	   145,    148,    149, -1 
	   145,    149,    150, -1 
	   145,    150,    151, -1 
	   145,    151,    152, -1 
	   145,    152,    153, -1 
	   145,    153,    154, -1 
	   145,    154,    155, -1 
	   145,    155,    146, -1 
	   146,    156,    157, -1 
	   146,    157,    147, -1 
	   155,    156,    146, -1 
	   147,    157,    158, -1 
	   147,    158,    148, -1 
	   148,    158,    159, -1 
	   148,    159,    149, -1 
	   149,    159,    160, -1 
	   149,    160,    150, -1 
	   150,    160,    161, -1 
	   150,    161,    151, -1 
	   151,    161,    162, -1 
	   151,    162,    152, -1 
	   152,    162,    163, -1 
	   152,    163,    153, -1 
	   153,    163,    164, -1 
	   153,    164,    154, -1 
	   154,    164,    165, -1 
	   154,    165,    155, -1 
	   155,    165,    156, -1 
	   156,    166,    167, -1 
	   156,    167,    157, -1 
	   165,    166,    156, -1 
	   157,    167,    168, -1 
	   157,    168,    158, -1 
	   158,    168,    169, -1 
	   158,    169,    159, -1 
	   159,    169,    170, -1 
	   159,    170,    160, -1 
	   160,    170,    171, -1 
	   160,    171,    161, -1 
	   161,    171,    172, -1 
	   161,    172,    162, -1 
	   162,    172,    173, -1 
	   162,    173,    163, -1 
	   163,    173,    174, -1 
	   163,    174,    164, -1 
	   164,    174,    175, -1 
	   164,    175,    165, -1 
	   165,    175,    166, -1 
	   166,    176,    177, -1 
	   166,    177,    167, -1 
	   175,    176,    166, -1 
	   167,    177,    178, -1 
	   167,    178,    168, -1 
	   168,    178,    179, -1 
	   168,    179,    169, -1 
	   169,    179,    180, -1 
	   169,    180,    170, -1 
	   170,    180,    181, -1 
	   170,    181,    171, -1 
	   171,    181,    182, -1 
	   171,    182,    172, -1 
	   172,    182,    183, -1 
	   172,    183,    173, -1 
	   173,    183,    184, -1 
	   173,    184,    174, -1 
	   174,    184,    185, -1 
	   174,    185,    175, -1 
	   175,    185,    176, -1 
	   176,    186,    187, -1 
	   176,    187,    177, -1 
	   185,    186,    176, -1 
	   177,    187,    188, -1 
	   177,    188,    178, -1 
	   178,    188,    189, -1 
	   178,    189,    179, -1 
	   179,    189,    190, -1 
	   179,    190,    180, -1 
	   180,    190,    191, -1 
	   180,    191,    181, -1 
	   181,    191,    192, -1 
	   181,    192,    182, -1 
	   182,    192,    193, -1 
	   182,    193,    183, -1 
	   183,    193,    194, -1 
	   183,    194,    184, -1 
	   184,    194,    195, -1 
	   184,    195,    185, -1 
	   185,    195,    186, -1 
	   186,    196,    197, -1 
	   186,    197,    187, -1 
	   195,    196,    186, -1 
	   187,    197,    198, -1 
	   187,    198,    188, -1 
	   188,    198,    199, -1 
	   188,    199,    189, -1 
	   189,    199,    200, -1 
	   189,    200,    190, -1 
	   190,    200,    201, -1 
	   190,    201,    191, -1 
	   191,    201,    202, -1 
	   191,    202,    192, -1 
	   192,    202,    203, -1 
	   192,    203,    193, -1 
	   193,    203,    204, -1 
	   193,    204,    194, -1 
	   194,    204,    205, -1 
	   194,    205,    195, -1 
	   195,    205,    196, -1 
	   196,    206,    207, -1 
	   196,    207,    197, -1 
	   205,    206,    196, -1 
	   197,    207,    208, -1 
	   197,    208,    198, -1 
	   198,    208,    209, -1 
	   198,    209,    199, -1 
	   199,    209,    210, -1 
	   199,    210,    200, -1 
	   200,    210,    211, -1 
	   200,    211,    201, -1 
	   201,    211,    212, -1 
	   201,    212,    202, -1 
	   202,    212,    213, -1 
	   202,    213,    203, -1 
	   203,    213,    214, -1 
	   203,    214,    204, -1 
	   204,    214,    215, -1 
	   204,    215,    205, -1 
	   205,    215,    206, -1 
	   206,    216,    217, -1 
	   206,    217,    207, -1 
	   215,    216,    206, -1 
	   207,    217,    218, -1 
	   207,    218,    208, -1 
	   208,    218,    219, -1 
	   208,    219,    209, -1 
	   209,    219,    220, -1 
	   209,    220,    210, -1 
	   210,    220,    221, -1 
	   210,    221,    211, -1 
	   211,    221,    222, -1 
	   211,    222,    212, -1 
	   212,    222,    223, -1 
	   212,    223,    213, -1 
	   213,    223,    224, -1 
	   213,    224,    214, -1 
	   214,    224,    225, -1 
	   214,    225,    215, -1 
	   215,    225,    216, -1 
	   216,    226,    227, -1 
	   216,    227,    217, -1 
	   225,    226,    216, -1 
	   217,    227,    228, -1 
	   217,    228,    218, -1 
	   218,    228,    229, -1 
	   218,    229,    219, -1 
	   219,    229,    230, -1 
	   219,    230,    220, -1 
	   220,    230,    231, -1 
	   220,    231,    221, -1 
	   221,    231,    232, -1 
	   221,    232,    222, -1 
	   222,    232,    233, -1 
	   222,    233,    223, -1 
	   223,    233,    234, -1 
	   223,    234,    224, -1 
	   224,    234,    235, -1 
	   224,    235,    225, -1 
	   225,    235,    226, -1 
	   226,    236,    237, -1 
	   226,    237,    227, -1 
	   235,    236,    226, -1 
	   227,    237,    238, -1 
	   227,    238,    228, -1 
	   228,    238,    239, -1 
	   228,    239,    229, -1 
	   229,    239,    240, -1 
	   229,    240,    230, -1 
	   230,    240,    241, -1 
	   230,    241,    231, -1 
	   231,    241,    242, -1 
	   231,    242,    232, -1 
	   232,    242,    243, -1 
	   232,    243,    233, -1 
	   233,    243,    244, -1 
	   233,    244,    234, -1 
	   234,    244,    245, -1 
	   234,    245,    235, -1 
	   235,    245,    236, -1 
	   236,    246,    247, -1 
	   236,    247,    237, -1 
	   245,    246,    236, -1 
	   237,    247,    248, -1 
	   237,    248,    238, -1 
	   238,    248,    249, -1 
	   238,    249,    239, -1 
	   239,    249,    250, -1 
	   239,    250,    240, -1 
	   240,    250,    251, -1 
	   240,    251,    241, -1 
	   241,    251,    252, -1 
	   241,    252,    242, -1 
	   242,    252,    253, -1 
	   242,    253,    243, -1 
	   243,    253,    254, -1 
	   243,    254,    244, -1 
	   244,    254,    255, -1 
	   244,    255,    245, -1 
	   245,    255,    246, -1 
	   246,    256,    257, -1 
	   246,    257,    247, -1 
	   255,    256,    246, -1 
	   247,    257,    258, -1 
	   247,    258,    248, -1 
	   248,    258,    259, -1 
	   248,    259,    249, -1 
	   249,    259,    260, -1 
	   249,    260,    250, -1 
	   250,    260,    261, -1 
	   250,    261,    251, -1 
	   251,    261,    262, -1 
	   251,    262,    252, -1 
	   252,    262,    263, -1 
	   252,    263,    253, -1 
	   253,    263,    264, -1 
	   253,    264,    254, -1 
	   254,    264,    265, -1 
	   254,    265,    255, -1 
	   255,    265,    256, -1 
	   256,    266,    257, -1 
	   265,    266,    256, -1 
	   257,    266,    258, -1 
	   258,    266,    259, -1 
	   259,    266,    260, -1 
	   260,    266,    261, -1 
	   261,    266,    262, -1 
	   262,    266,    263, -1 
	   263,    266,    264, -1 
	   264,    266,    265, -1 
	   267,    268,    269, -1 
	   270,    267,    269, -1 
	   267,    271,    268, -1 
	   272,    271,    267, -1 
	   270,    272,    267, -1 
	   268,    273,    269, -1 
	   271,    274,    268, -1 
	   268,    274,    273, -1 
	   275,    270,    269, -1 
	   276,    275,    269, -1 
	   277,    276,    269, -1 
	   278,    277,    269, -1 
	   279,    278,    269, -1 
	   280,    279,    269, -1 
	   273,    280,    269, -1 
	   281,    272,    270, -1 
	   275,    281,    270, -1 
	   271,    282,    274, -1 
	   283,    282,    271, -1 
	   272,    283,    271, -1 
	   284,    283,    272, -1 
	   281,    284,    272, -1 
	   273,    285,    280, -1 
	   274,    285,    273, -1 
	   282,    286,    274, -1 
	   274,    286,    285, -1 
	   287,    281,    275, -1 
	   276,    287,    275, -1 
	   288,    287,    276, -1 
	   277,    288,    276, -1 
	   277,    278,    288, -1 
	   289,    290,    278, -1 
	   279,    289,    278, -1 
	   278,    290,    288, -1 
	   291,    289,    279, -1 
	   280,    291,    279, -1 
	   285,    291,    280, -1 
	   292,    284,    281, -1 
	   287,    292,    281, -1 
	   282,    293,    286, -1 
	   294,    293,    282, -1 
	   283,    294,    282, -1 
	   295,    294,    283, -1 
	   284,    295,    283, -1 
	   296,    295,    284, -1 
	   292,    296,    284, -1 
	   285,    297,    291, -1 
	   286,    297,    285, -1 
	   293,    298,    286, -1 
	   286,    298,    297, -1 
	   299,    292,    287, -1 
	   288,    299,    287, -1 
	   300,    299,    288, -1 
	   290,    300,    288, -1 
	   289,    300,    290, -1 
	   289,    301,    300, -1 
	   302,    301,    289, -1 
	   291,    302,    289, -1 
	   297,    302,    291, -1 
	   303,    296,    292, -1 
	   299,    303,    292, -1 
	   293,    304,    298, -1 
	   293,    305,    304, -1 
	   294,    305,    293, -1 
	   294,    306,    305, -1 
	   295,    306,    294, -1 
	   295,    307,    306, -1 
	   296,    307,    295, -1 
	   308,    307,    296, -1 
	   303,    308,    296, -1 
	   297,    309,    302, -1 
	   298,    309,    297, -1 
	   304,    310,    298, -1 
	   298,    310,    309, -1 
	   311,    303,    299, -1 
	   300,    311,    299, -1 
	   312,    311,    300, -1 
	   301,    312,    300, -1 
	   313,    312,    301, -1 
	   302,    313,    301, -1 
	   309,    313,    302, -1 
	   314,    308,    303, -1 
	   311,    314,    303, -1 
	   304,    315,    310, -1 
	   304,    316,    315, -1 
	   305,    316,    304, -1 
	   305,    317,    316, -1 
	   306,    317,    305, -1 
	   306,    318,    317, -1 
	   307,    318,    306, -1 
	   319,    318,    307, -1 
	   308,    319,    307, -1 
	   320,    319,    308, -1 
	   314,    320,    308, -1 
	   309,    321,    313, -1 
	   310,    321,    309, -1 
	   315,    322,    310, -1 
	   310,    322,    321, -1 
	   323,    314,    311, -1 
	   312,    323,    311, -1 
	   324,    323,    312, -1 
	   313,    324,    312, -1 
	   321,    324,    313, -1 
	   325,    320,    314, -1 
	   323,    325,    314, -1 
	   315,    326,    322, -1 
	   327,    326,    315, -1 
	   316,    327,    315, -1 
	   328,    327,    316, -1 
	   317,    328,    316, -1 
	   329,    328,    317, -1 
	   318,    329,    317, -1 
	   330,    329,    318, -1 
	   319,    330,    318, -1 
	   330,    319,    320, -1 
	   331,    332,    320, -1 
	   325,    331,    320, -1 
	   332,    330,    320, -1 
	   321,    333,    324, -1 
	   322,    333,    321, -1 
	   326,    334,    322, -1 
	   322,    334,    333, -1 
	   335,    325,    323, -1 
	   324,    335,    323, -1 
	   333,    335,    324, -1 
	   336,    331,    325, -1 
	   335,    336,    325, -1 
	   326,    337,    334, -1 
	   338,    337,    326, -1 
	   327,    338,    326, -1 
	   339,    338,    327, -1 
	   328,    339,    327, -1 
	   340,    339,    328, -1 
	   329,    340,    328, -1 
	   341,    340,    329, -1 
	   330,    341,    329, -1 
	   342,    341,    330, -1 
	   332,    342,    330, -1 
	   332,    331,    343, -1 
	   343,    331,    336, -1 
	   344,    342,    332, -1 
	   332,    343,    344, -1 
	   333,    345,    335, -1 
	   334,    345,    333, -1 
	   337,    346,    334, -1 
	   334,    346,    345, -1 
	   345,    336,    335, -1 
	   347,    348,    336, -1 
	   345,    347,    336, -1 
	   348,    343,    336, -1 
	   337,    349,    346, -1 
	   350,    349,    337, -1 
	   338,    350,    337, -1 
	   351,    350,    338, -1 
	   339,    351,    338, -1 
	   352,    351,    339, -1 
	   340,    352,    339, -1 
	   353,    352,    340, -1 
	   341,    353,    340, -1 
	   354,    353,    341, -1 
	   342,    354,    341, -1 
	   355,    354,    342, -1 
	   344,    355,    342, -1 
	   344,    343,    348, -1 
	   356,    344,    348, -1 
	   357,    355,    344, -1 
	   356,    357,    344, -1 
	   346,    347,    345, -1 
	   349,    358,    346, -1 
	   346,    358,    347, -1 
	   347,    356,    348, -1 
	   347,    359,    356, -1 
	   358,    359,    347, -1 
	   349,    360,    358, -1 
	   361,    360,    349, -1 
	   350,    361,    349, -1 
	   362,    361,    350, -1 
	   351,    362,    350, -1 
	   363,    362,    351, -1 
	   352,    363,    351, -1 
	   364,    363,    352, -1 
	   353,    364,    352, -1 
	   365,    364,    353, -1 
	   354,    365,    353, -1 
	   366,    365,    354, -1 
	   355,    366,    354, -1 
	   367,    366,    355, -1 
	   357,    367,    355, -1 
	   359,    357,    356, -1 
	   368,    367,    357, -1 
	   359,    368,    357, -1 
	   360,    369,    358, -1 
	   358,    369,    359, -1 
	   369,    368,    359, -1 
	   360,    370,    369, -1 
	   371,    370,    360, -1 
	   361,    371,    360, -1 
	   372,    371,    361, -1 
	   362,    372,    361, -1 
	   373,    372,    362, -1 
	   363,    373,    362, -1 
	   374,    373,    363, -1 
	   364,    374,    363, -1 
	   375,    374,    364, -1 
	   365,    375,    364, -1 
	   376,    365,    366, -1 
	   365,    376,    375, -1 
	   377,    378,    366, -1 
	   367,    377,    366, -1 
	   376,    366,    378, -1 
	   379,    377,    367, -1 
	   368,    379,    367, -1 
	   369,    380,    368, -1 
	   380,    379,    368, -1 
	   370,    380,    369, -1 
	   370,    381,    380, -1 
	   382,    381,    370, -1 
	   371,    382,    370, -1 
	   383,    382,    371, -1 
	   372,    383,    371, -1 
	   384,    383,    372, -1 
	   373,    384,    372, -1 
	   385,    384,    373, -1 
	   374,    385,    373, -1 
	   386,    385,    374, -1 
	   375,    386,    374, -1 
	   387,    386,    375, -1 
	   378,    387,    375, -1 
	   376,    378,    375, -1 
	   377,    388,    378, -1 
	   389,    388,    377, -1 
	   379,    389,    377, -1 
	   388,    387,    378, -1 
	   380,    390,    379, -1 
	   390,    389,    379, -1 
	   381,    390,    380, -1 
	   381,    391,    390, -1 
	   392,    391,    381, -1 
	   382,    392,    381, -1 
	   393,    392,    382, -1 
	   383,    393,    382, -1 
	   394,    393,    383, -1 
	   384,    394,    383, -1 
	   395,    394,    384, -1 
	   385,    395,    384, -1 
	   396,    395,    385, -1 
	   386,    396,    385, -1 
	   397,    396,    386, -1 
	   387,    397,    386, -1 
	   398,    397,    387, -1 
	   388,    398,    387, -1 
	   399,    398,    388, -1 
	   389,    399,    388, -1 
	   390,    400,    389, -1 
	   400,    399,    389, -1 
	   391,    400,    390, -1 
	   391,    401,    400, -1 
	   402,    401,    391, -1 
	   392,    402,    391, -1 
	   403,    402,    392, -1 
	   393,    403,    392, -1 
	   404,    403,    393, -1 
	   394,    404,    393, -1 
	   405,    404,    394, -1 
	   395,    405,    394, -1 
	   406,    405,    395, -1 
	   396,    406,    395, -1 
	   407,    406,    396, -1 
	   397,    407,    396, -1 
	   408,    407,    397, -1 
	   398,    408,    397, -1 
	   409,    408,    398, -1 
	   399,    409,    398, -1 
	   400,    410,    399, -1 
	   410,    409,    399, -1 
	   401,    410,    400, -1 
	   401,    411,    410, -1 
	   402,    411,    401, -1 
	   403,    411,    402, -1 
	   404,    411,    403, -1 
	   405,    411,    404, -1 
	   406,    411,    405, -1 
	   407,    411,    406, -1 
	   408,    411,    407, -1 
	   409,    411,    408, -1 
	   410,    411,    409, -1 
	   412,    413,    414, -1 
	   415,    412,    414, -1 
	   412,    416,    413, -1 
	   417,    416,    412, -1 
	   415,    417,    412, -1 
	   413,    418,    414, -1 
	   416,    419,    413, -1 
	   413,    419,    418, -1 
	   420,    415,    414, -1 
	   421,    420,    414, -1 
	   422,    421,    414, -1 
	   423,    422,    414, -1 
	   424,    423,    414, -1 
	   425,    424,    414, -1 
	   418,    425,    414, -1 
	   426,    417,    415, -1 
	   420,    426,    415, -1 
	   416,    427,    419, -1 
	   428,    427,    416, -1 
	   417,    428,    416, -1 
	   429,    428,    417, -1 
	   426,    429,    417, -1 
	   418,    430,    425, -1 
	   419,    430,    418, -1 
	   427,    431,    419, -1 
	   419,    431,    430, -1 
	   432,    426,    420, -1 
	   421,    432,    420, -1 
	   433,    432,    421, -1 
	   422,    433,    421, -1 
	   434,    433,    422, -1 
	   423,    434,    422, -1 
	   435,    434,    423, -1 
	   424,    435,    423, -1 
	   436,    435,    424, -1 
	   425,    436,    424, -1 
	   430,    436,    425, -1 
	   437,    429,    426, -1 
	   432,    437,    426, -1 
	   427,    438,    431, -1 
	   439,    438,    427, -1 
	   428,    439,    427, -1 
	   440,    439,    428, -1 
	   429,    440,    428, -1 
	   441,    440,    429, -1 
	   437,    441,    429, -1 
	   430,    442,    436, -1 
	   431,    442,    430, -1 
	   438,    443,    431, -1 
	   431,    443,    442, -1 
	   444,    437,    432, -1 
	   433,    444,    432, -1 
	   445,    444,    433, -1 
	   434,    445,    433, -1 
	   446,    445,    434, -1 
	   435,    446,    434, -1 
	   447,    446,    435, -1 
	   436,    447,    435, -1 
	   442,    447,    436, -1 
	   448,    441,    437, -1 
	   444,    448,    437, -1 
	   438,    449,    443, -1 
	   450,    449,    438, -1 
	   439,    450,    438, -1 
	   451,    450,    439, -1 
	   440,    451,    439, -1 
	   452,    451,    440, -1 
	   441,    452,    440, -1 
	   453,    452,    441, -1 
	   448,    453,    441, -1 
	   442,    454,    447, -1 
	   443,    454,    442, -1 
	   449,    455,    443, -1 
	   443,    455,    454, -1 
	   456,    448,    444, -1 
	   445,    456,    444, -1 
	   457,    456,    445, -1 
	   446,    457,    445, -1 
	   458,    457,    446, -1 
	   447,    458,    446, -1 
	   454,    458,    447, -1 
	   459,    453,    448, -1 
	   456,    459,    448, -1 
	   449,    460,    455, -1 
	   461,    460,    449, -1 
	   450,    461,    449, -1 
	   462,    461,    450, -1 
	   451,    462,    450, -1 
	   463,    462,    451, -1 
	   452,    463,    451, -1 
	   464,    463,    452, -1 
	   453,    464,    452, -1 
	   465,    464,    453, -1 
	   459,    465,    453, -1 
	   454,    466,    458, -1 
	   455,    466,    454, -1 
	   460,    467,    455, -1 
	   455,    467,    466, -1 
	   468,    459,    456, -1 
	   457,    468,    456, -1 
	   469,    468,    457, -1 
	   458,    469,    457, -1 
	   466,    469,    458, -1 
	   470,    465,    459, -1 
	   468,    470,    459, -1 
	   460,    471,    467, -1 
	   472,    471,    460, -1 
	   461,    472,    460, -1 
	   473,    472,    461, -1 
	   462,    473,    461, -1 
	   474,    473,    462, -1 
	   463,    474,    462, -1 
	   475,    474,    463, -1 
	   464,    475,    463, -1 
	   476,    475,    464, -1 
	   465,    476,    464, -1 
	   477,    476,    465, -1 
	   470,    477,    465, -1 
	   466,    478,    469, -1 
	   467,    478,    466, -1 
	   471,    479,    467, -1 
	   467,    479,    478, -1 
	   480,    470,    468, -1 
	   469,    480,    468, -1 
	   478,    480,    469, -1 
	   481,    477,    470, -1 
	   480,    481,    470, -1 
	   471,    482,    479, -1 
	   483,    482,    471, -1 
	   472,    483,    471, -1 
	   484,    483,    472, -1 
	   473,    484,    472, -1 
	   485,    484,    473, -1 
	   474,    485,    473, -1 
	   486,    485,    474, -1 
	   475,    486,    474, -1 
	   487,    486,    475, -1 
	   476,    487,    475, -1 
	   488,    487,    476, -1 
	   477,    488,    476, -1 
	   489,    488,    477, -1 
	   481,    489,    477, -1 
	   478,    490,    480, -1 
	   479,    490,    478, -1 
	   482,    491,    479, -1 
	   479,    491,    490, -1 
	   490,    481,    480, -1 
	   492,    489,    481, -1 
	   490,    492,    481, -1 
	   482,    493,    491, -1 
	   494,    493,    482, -1 
	   483,    494,    482, -1 
	   495,    494,    483, -1 
	   484,    495,    483, -1 
	   496,    495,    484, -1 
	   485,    496,    484, -1 
	   497,    496,    485, -1 
	   486,    497,    485, -1 
	   498,    497,    486, -1 
	   487,    498,    486, -1 
	   499,    498,    487, -1 
	   488,    499,    487, -1 
	   500,    499,    488, -1 
	   489,    500,    488, -1 
	   501,    500,    489, -1 
	   492,    501,    489, -1 
	   491,    492,    490, -1 
	   493,    502,    491, -1 
	   491,    502,    492, -1 
	   502,    501,    492, -1 
	   493,    503,    502, -1 
	   504,    503,    493, -1 
	   494,    504,    493, -1 
	   505,    504,    494, -1 
	   495,    505,    494, -1 
	   506,    505,    495, -1 
	   496,    506,    495, -1 
	   507,    506,    496, -1 
	   497,    507,    496, -1 
	   508,    507,    497, -1 
	   498,    508,    497, -1 
	   509,    508,    498, -1 
	   499,    509,    498, -1 
	   510,    509,    499, -1 
	   500,    510,    499, -1 
	   511,    510,    500, -1 
	   501,    511,    500, -1 
	   502,    512,    501, -1 
	   512,    511,    501, -1 
	   503,    512,    502, -1 
	   503,    513,    512, -1 
	   514,    513,    503, -1 
	   504,    514,    503, -1 
	   515,    514,    504, -1 
	   505,    515,    504, -1 
	   516,    515,    505, -1 
	   506,    516,    505, -1 
	   517,    516,    506, -1 
	   507,    517,    506, -1 
	   518,    517,    507, -1 
	   508,    518,    507, -1 
	   519,    518,    508, -1 
	   509,    519,    508, -1 
	   520,    519,    509, -1 
	   510,    520,    509, -1 
	   521,    520,    510, -1 
	   511,    521,    510, -1 
	   512,    522,    511, -1 
	   522,    521,    511, -1 
	   513,    522,    512, -1 
	   513,    523,    522, -1 
	   524,    523,    513, -1 
	   514,    524,    513, -1 
	   525,    524,    514, -1 
	   515,    525,    514, -1 
	   526,    525,    515, -1 
	   516,    526,    515, -1 
	   527,    526,    516, -1 
	   517,    527,    516, -1 
	   528,    527,    517, -1 
	   518,    528,    517, -1 
	   529,    528,    518, -1 
	   519,    529,    518, -1 
	   530,    529,    519, -1 
	   520,    530,    519, -1 
	   531,    530,    520, -1 
	   521,    531,    520, -1 
	   522,    532,    521, -1 
	   532,    531,    521, -1 
	   523,    532,    522, -1 
	   523,    533,    532, -1 
	   524,    533,    523, -1 
	   525,    533,    524, -1 
	   526,    533,    525, -1 
	   527,    533,    526, -1 
	   528,    533,    527, -1 
	   529,    533,    528, -1 
	   530,    533,    529, -1 
	   531,    533,    530, -1 
	   532,    533,    531, -1 
    ] 
   colorPerVertex FALSE 
    colorIndex [ 
	  1, 
	  1, 
	  1, 
	  1, 
	  1, 
	  1, 
	  1, 
	  1, 
	  1, 
	  1, 
	  1, 
	  1, 
	  1, 
	  1, 
	  1, 
	  1, 
	  1, 
	  1, 
	  1, 
	  1, 
	  1, 
	  1, 
	  1, 
	  1, 
	  1, 
	  1, 
	  1, 
	  1, 
	  1, 
	  1, 
	  1, 
	  1, 
	  1, 
	  1, 
	  1, 
	  1, 
	  1, 
	  1, 
	  1, 
	  1, 
	  1, 
	  1, 
	  1, 
	  1, 
	  1, 
	  1, 
	  1, 
	  1, 
	  1, 
	  1, 
	  1, 
	  1, 
	  1, 
	  1, 
	  1, 
	  1, 
	  1, 
	  1, 
	  1, 
	  1, 
	  1, 
	  1, 
	  1, 
	  1, 
	  1, 
	  1, 
	  1, 
	  1, 
	  1, 
	  1, 
	  1, 
	  1, 
	  1, 
	  1, 
	  1, 
	  1, 
	  1, 
	  1, 
	  1, 
	  1, 
	  1, 
	  1, 
	  1, 
	  1, 
	  1, 
	  1, 
	  1, 
	  1, 
	  1, 
	  1, 
	  1, 
	  1, 
	  1, 
	  1, 
	  1, 
	  1, 
	  1, 
	  1, 
	  1, 
	  1, 
	  1, 
	  1, 
	  1, 
	  1, 
	  1, 
	  1, 
	  1, 
	  1, 
	  1, 
	  1, 
	  1, 
	  1, 
	  1, 
	  1, 
	  1, 
	  1, 
	  1, 
	  1, 
	  1, 
	  1, 
	  1, 
	  1, 
	  1, 
	  1, 
	  1, 
	  1, 
	  1, 
	  1, 
	  1, 
	  1, 
	  1, 
	  1, 
	  1, 
	  1, 
	  1, 
	  1, 
	  1, 
	  1, 
	  1, 
	  1, 
	  1, 
	  1, 
	  1, 
	  1, 
	  1, 
	  1, 
	  1, 
	  1, 
	  1, 
	  1, 
	  1, 
	  1, 
	  1, 
	  1, 
	  1, 
	  1, 
	  1, 
	  1, 
	  1, 
	  1, 
	  1, 
	  1, 
	  1, 
	  1, 
	  1, 
	  1, 
	  1, 
	  1, 
	  1, 
	  1, 
	  1, 
	  1, 
	  1, 
	  1, 
	  1, 
	  1, 
	  1, 
	  1, 
	  1, 
	  1, 
	  1, 
	  1, 
	  1, 
	  1, 
	  1, 
	  1, 
	  1, 
	  1, 
	  1, 
	  1, 
	  1, 
	  1, 
	  1, 
	  1, 
	  1, 
	  1, 
	  1, 
	  1, 
	  1, 
	  1, 
	  1, 
	  1, 
	  1, 
	  1, 
	  1, 
	  1, 
	  1, 
	  1, 
	  1, 
	  1, 
	  1, 
	  1, 
	  1, 
	  1, 
	  1, 
	  1, 
	  1, 
	  1, 
	  1, 
	  1, 
	  1, 
	  1, 
	  1, 
	  1, 
	  1, 
	  1, 
	  1, 
	  1, 
	  1, 
	  1, 
	  1, 
	  1, 
	  1, 
	  1, 
	  1, 
	  1, 
	  1, 
	  1, 
	  1, 
	  1, 
	  1, 
	  1, 
	  1, 
	  1, 
	  1, 
	  1, 
	  1, 
	  1, 
	  1, 
	  1, 
	  1, 
	  1, 
	  1, 
	  1, 
	  1, 
	  1, 
	  1, 
	  1, 
	  1, 
	  1, 
	  1, 
	  1, 
	  1, 
	  1, 
	  1, 
	  1, 
	  1, 
	  1, 
	  1, 
	  1, 
	  1, 
	  1, 
	  1, 
	  1, 
	  1, 
	  1, 
	  1, 
	  1, 
	  1, 
	  1, 
	  1, 
	  1, 
	  1, 
	  1, 
	  1, 
	  1, 
	  1, 
	  1, 
	  1, 
	  1, 
	  1, 
	  1, 
	  1, 
	  1, 
	  1, 
	  1, 
	  1, 
	  1, 
	  1, 
	  1, 
	  1, 
	  1, 
	  1, 
	  1, 
	  1, 
	  1, 
	  1, 
	  1, 
	  1, 
	  1, 
	  1, 
	  1, 
	  1, 
	  1, 
	  1, 
	  1, 
	  1, 
	  1, 
	  1, 
	  1, 
	  1, 
	  1, 
	  1, 
	  1, 
	  1, 
	  1, 
	  1, 
	  1, 
	  1, 
	  1, 
	  1, 
	  1, 
	  1, 
	  1, 
	  1, 
	  1, 
	  1, 
	  1, 
	  1, 
	  1, 
	  1, 
	  1, 
	  1, 
	  1, 
	  1, 
	  1, 
	  1, 
	  1, 
	  1, 
	  1, 
	  1, 
	  1, 
	  1, 
	  1, 
	  1, 
	  1, 
	  1, 
	  1, 
	  1, 
	  1, 
	  1, 
	  1, 
	  1, 
	  1, 
	  1, 
	  1, 
	  1, 
	  1, 
	  1, 
	  1, 
	  1, 
	  1, 
	  1, 
	  1, 
	  1, 
	  1, 
	  1, 
	  1, 
	  1, 
	  1, 
	  1, 
	  1, 
	  1, 
	  1, 
	  1, 
	  1, 
	  1, 
	  1, 
	  1, 
	  1, 
	  1, 
	  1, 
	  1, 
	  1, 
	  1, 
	  1, 
	  1, 
	  1, 
	  1, 
	  1, 
	  1, 
	  1, 
	  1, 
	  1, 
	  1, 
	  1, 
	  1, 
	  1, 
	  1, 
	  1, 
	  1, 
	  1, 
	  1, 
	  1, 
	  1, 
	  1, 
	  1, 
	  1, 
	  1, 
	  1, 
	  1, 
	  1, 
	  1, 
	  1, 
	  1, 
	  1, 
	  1, 
	  1, 
	  1, 
	  1, 
	  1, 
	  1, 
	  1, 
	  1, 
	  1, 
	  1, 
	  1, 
	  1, 
	  1, 
	  1, 
	  1, 
	  1, 
	  1, 
	  1, 
	  1, 
	  1, 
	  1, 
	  1, 
	  1, 
	  1, 
	  1, 
	  1, 
	  1, 
	  1, 
	  1, 
	  1, 
	  1, 
	  1, 
	  1, 
	  1, 
	  1, 
	  1, 
	  1, 
	  1, 
	  1, 
	  1, 
	  1, 
	  1, 
	  1, 
	  1, 
	  1, 
	  1, 
	  1, 
	  1, 
	  1, 
	  1, 
	  1, 
	  1, 
	  1, 
	  1, 
	  1, 
	  1, 
	  1, 
	  1, 
	  1, 
	  1, 
	  1, 
	  1, 
	  1, 
	  1, 
	  1, 
	  1, 
	  1, 
	  1, 
	  1, 
	  1, 
	  1, 
	  1, 
	  1, 
	  1, 
	  1, 
	  1, 
	  1, 
	  1, 
	  1, 
	  1, 
	  1, 
	  1, 
	  1, 
	  1, 
	  1, 
	  1, 
	  1, 
	  1, 
	  1, 
	  1, 
	  1, 
	  1, 
	  1, 
	  1, 
	  1, 
	  1, 
	  1, 
	  1, 
	  1, 
	  1, 
	  1, 
	  1, 
	  1, 
	  1, 
	  1, 
	  1, 
	  1, 
	  1, 
    ] 
normal Normal { 
vector [ 
	  0.026104   0.982554  -0.184135,
	  0.099217   0.964243   0.245748,
	  0.404464   0.862097   0.305283,
	  0.666257   0.727737   0.162791,
	  0.454900   0.841861  -0.290406,
	  0.101367   0.987396  -0.121550,
	 -0.013366   0.996727   0.079732,
	 -0.225600   0.833053  -0.505101,
	 -0.654609   0.691836  -0.304713,
	 -0.571044   0.758817   0.313219,
	 -0.238191   0.907388   0.346283,
	  0.132200   0.532056   0.836325,
	  0.655919   0.487565   0.576239,
	  0.928679   0.264005   0.260492,
	  0.916760   0.306946  -0.255606,
	  0.496504   0.774764  -0.391439,
	 -0.093233   0.987250  -0.129014,
	 -0.474995   0.706983  -0.523980,
	 -0.883328   0.013807  -0.468552,
	 -0.918853  -0.113197   0.378015,
	 -0.484081   0.246801   0.839497,
	  0.075449  -0.061214   0.995269,
	  0.700428   0.170078   0.693163,
	  0.935156   0.312151   0.167469,
	  0.957572   0.242035  -0.156447,
	  0.740111   0.338646  -0.580995,
	  0.072202   0.532564  -0.843305,
	 -0.668659   0.153829  -0.727484,
	 -0.496395  -0.811859  -0.307370,
	 -0.647343  -0.723827   0.238794,
	 -0.470906  -0.354024   0.808031,
	 -0.135823  -0.455428   0.879851,
	  0.477769  -0.114858   0.870945,
	  0.927486   0.233118   0.292278,
	  0.910836   0.345743  -0.225477,
	  0.680517   0.309110  -0.664340,
	 -0.048333   0.091319  -0.994648,
	 -0.669781  -0.253240  -0.698043,
	 -0.755140  -0.590407  -0.284925,
	 -0.636474  -0.744012   0.203339,
	 -0.463952  -0.636038   0.616607,
	 -0.260753  -0.360373   0.895622,
	  0.219096  -0.261758   0.939936,
	  0.890760  -0.059736   0.450532,
	  0.933568  -0.081727  -0.348958,
	  0.491573  -0.213073  -0.844367,
	  0.054849  -0.166415  -0.984529,
	 -0.758059  -0.150440  -0.634598,
	 -0.967219  -0.212528  -0.138994,
	 -0.891997  -0.252722   0.374796,
	 -0.489348  -0.300323   0.818746,
	 -0.218429  -0.057737   0.974143,
	  0.103936  -0.094557   0.990079,
	  0.851904  -0.131175   0.507004,
	  0.867304  -0.128138  -0.481004,
	  0.189296  -0.309039  -0.932020,
	  0.159184  -0.533822  -0.830478,
	 -0.205958  -0.282676  -0.936843,
	 -0.980359  -0.051980  -0.190248,
	 -0.890978  -0.028272   0.453165,
	 -0.362991  -0.040991   0.930890,
	 -0.105383  -0.009237   0.994389,
	  0.176601  -0.055330   0.982726,
	  0.870423  -0.130823   0.474604,
	  0.830374  -0.149859  -0.536676,
	  0.116195  -0.143350  -0.982827,
	  0.022469  -0.201507  -0.979229,
	 -0.373668  -0.083955  -0.923755,
	 -0.903608  -0.055118  -0.424800,
	 -0.937071  -0.026891   0.348101,
	 -0.326538  -0.010400   0.945127,
	 -0.095135   0.020931   0.995244,
	  0.336464  -0.025675   0.941346,
	  0.919229  -0.086800   0.384037,
	  0.863153  -0.092481  -0.496401,
	  0.208930  -0.057405  -0.976244,
	 -0.080159  -0.045284  -0.995753,
	 -0.477978  -0.018952  -0.878167,
	 -0.973930   0.004512  -0.226805,
	 -0.953124  -0.051301  -0.298198,
	 -0.970570  -0.051265   0.235299,
	 -0.502256   0.008921   0.864673,
	 -0.027501   0.183441   0.982646,
	  0.423345   0.057263   0.904157,
	  0.944879  -0.009981   0.327267,
	  0.918449  -0.023243  -0.394857,
	  0.407308  -0.012506  -0.913205,
	  0.027386  -0.002407  -0.999622,
	 -0.464014   0.014197  -0.885714,
	 -0.973848   0.041836  -0.223314,
	 -0.888188   0.028844   0.458574,
	 -0.932456   0.082399   0.351762,
	 -0.334026   0.172337   0.926675,
	  0.027029   0.250381   0.967770,
	  0.535773   0.187562   0.823267,
	  0.959416   0.081540   0.269948,
	  0.938607   0.063105  -0.339169,
	  0.527979   0.052834  -0.847612,
	 -0.022126   0.065214  -0.997626,
	 -0.626742   0.114074  -0.770832,
	 -0.949172   0.199186  -0.243715,
	 -0.951784   0.171272   0.254507,
	 -0.597096   0.186992   0.780071,
	  0.083928  -0.085038   0.992837,
	  0.621670   0.136088   0.771367,
	  0.919977   0.296042   0.256906,
	  0.925121   0.285011  -0.250839,
	  0.620132   0.248844  -0.743984,
	  0.064167   0.194546  -0.978792,
	 -0.533166   0.110726  -0.838733,
	 -0.898865   0.252107  -0.358447,
	 -0.935439  -0.078050  -0.344764,
	 -0.928007  -0.093812   0.360558,
	 -0.531355  -0.124886   0.837894,
	  0.108394  -0.994013  -0.013751,
	  0.581419  -0.643177   0.498271,
	  0.935469  -0.070122   0.346383,
	  0.936736   0.050877  -0.346321,
	  0.581531   0.067355  -0.810731,
	  0.077078  -0.000878  -0.997025,
	 -0.283218  -0.286701  -0.915200,
	 -0.407839  -0.775996  -0.481142,
	 -0.408769  -0.903572   0.128321,
	 -0.124841  -0.988325   0.087342,
	  0.051848  -0.781153  -0.622183,
	 -0.145477  -0.962772  -0.227828,
	  0.362455  -0.925727   0.107964,
	  0.588572  -0.774864  -0.230584,
	  0.359362  -0.606154  -0.709533,
	 -0.013000  -0.490302  -0.871456,
	 -0.186067  -0.635284  -0.749529,
	 -0.096568  -0.936812  -0.336240,
	  0.059662  -0.979919   0.190262,
	  0.382267  -0.920658   0.079131,
	  0.196464  -0.977490   0.076907,
	 -0.441272  -0.889261   0.120390,
	 -0.229562  -0.950884   0.207656,
	 -0.052202  -0.998420   0.020809,
	  0.015980  -0.994580  -0.102738,
	  0.055394  -0.949744  -0.308087,
	  0.121643  -0.903569  -0.410812,
	  0.121683  -0.950089  -0.287270,
	  0.301556  -0.953419   0.007455,
	  0.429648  -0.841548   0.327413,
	  0.092848  -0.978055   0.186512,
	  0.739011  -0.611425   0.282882,
	  0.462950  -0.726467  -0.507860,
	  0.874624  -0.483803   0.031095,
	  0.805211  -0.566507   0.175228,
	  0.831213  -0.552385   0.062902,
	  0.762595  -0.512592   0.394585,
	  0.116839  -0.669675   0.733406,
	 -0.365405  -0.753059   0.547157,
	 -0.349077  -0.915140   0.201655,
	 -0.333797  -0.939614  -0.075537,
	 -0.340104  -0.891005  -0.300732,
	 -0.173158  -0.174114  -0.969382,
	  0.388228  -0.078713  -0.918196,
	  0.962290  -0.064110  -0.264362,
	  0.949009  -0.099350   0.299185,
	  0.670458  -0.001802   0.741945,
	 -0.036091   0.046725   0.998256,
	 -0.661758  -0.223937   0.715491,
	 -0.805812  -0.569942   0.160727,
	 -0.753272  -0.574857  -0.319563,
	 -0.495861  -0.431239  -0.753761,
	  0.216712  -0.107925  -0.970252,
	  0.609866   0.032438  -0.791840,
	  0.910591   0.194119  -0.364887,
	  0.907746   0.273024   0.318521,
	  0.443777   0.237370   0.864128,
	  0.197321   0.216189   0.956205,
	 -0.285661   0.100437   0.953053,
	 -0.835616  -0.285923   0.469035,
	 -0.800669  -0.388844  -0.455774,
	 -0.291843  -0.229082  -0.928628,
	  0.069846   0.124544  -0.989753,
	  0.562964   0.091838  -0.821363,
	  0.956803   0.069733  -0.282250,
	  0.978611   0.061742   0.196237,
	  0.550153   0.026474   0.834644,
	  0.214304   0.004253   0.976758,
	 -0.131165   0.098905   0.986414,
	 -0.828542   0.484420   0.280813,
	 -0.925422   0.343884  -0.159182,
	 -0.461269   0.218500  -0.859935,
	  0.013965   0.130804  -0.991310,
	  0.575258   0.037114  -0.817130,
	  0.954343   0.008071  -0.298604,
	  0.950571   0.011304   0.310303,
	  0.626111   0.015200   0.779586,
	 -0.012599   0.020243   0.999716,
	 -0.817014   0.066685   0.572748,
	 -0.905356   0.332351  -0.264335,
	 -0.834341   0.539746   0.112019,
	 -0.723692   0.316268  -0.613388,
	  0.105305  -0.025243  -0.994120,
	  0.763383  -0.029934  -0.645252,
	  0.982090  -0.025882  -0.186626,
	  0.800155  -0.030492   0.599018,
	 -0.105164  -0.022763   0.994194,
	 -0.017778  -0.010255   0.999789,
	 -0.826457   0.022396   0.562554,
	 -0.981496   0.064544  -0.180277,
	 -0.987422   0.095254   0.126188,
	 -0.852619   0.025560  -0.521907,
	 -0.161308  -0.002356  -0.986901,
	  0.674140  -0.000804  -0.738603,
	  0.967818   0.002486  -0.251638,
	  0.921309  -0.009960   0.388703,
	  0.028045  -0.051002   0.998305,
	 -0.001017  -0.085925   0.996301,
	 -0.311666  -0.032840   0.949624,
	 -0.991105   0.004597   0.133006,
	 -0.996683   0.010880   0.080651,
	 -0.947002   0.005145  -0.321187,
	 -0.221880   0.015042  -0.974958,
	  0.651729   0.016196  -0.758279,
	  0.961144   0.019571  -0.275352,
	  0.988198  -0.001504   0.153177,
	  0.459000  -0.121475   0.880093,
	  0.059381  -0.229897   0.971402,
	 -0.586248  -0.093527   0.804715,
	 -0.994831  -0.008079   0.101226,
	 -0.999926  -0.001359   0.012102,
	 -0.939857   0.005890  -0.341517,
	 -0.331484   0.041670  -0.942540,
	  0.635461   0.005886  -0.772110,
	  0.986137  -0.040125  -0.161006,
	  0.999090  -0.027276  -0.032803,
	  0.878127  -0.042553   0.476531,
	 -0.044540  -0.188968   0.980973,
	 -0.857359  -0.163448   0.488079,
	 -0.996661  -0.038206  -0.072159,
	 -0.992107  -0.020587  -0.123695,
	 -0.874833   0.018099  -0.484086,
	 -0.290190   0.029088  -0.956527,
	  0.422186  -0.068717  -0.903901,
	  0.893265  -0.446980   0.047815,
	  0.934286  -0.316762   0.163619,
	  0.908787   0.137555   0.393934,
	  0.120203   0.311293   0.942681,
	 -0.827570  -0.062120   0.557915,
	 -0.989511  -0.139064   0.039106,
	 -0.912036  -0.122135  -0.391502,
	 -0.518298  -0.025839  -0.854810,
	 -0.077646   0.013155  -0.996894,
	  0.040617   0.077433  -0.996170,
	  0.958637  -0.003749  -0.284608,
	  0.886074  -0.208859   0.413825,
	  0.643435   0.303959   0.702566,
	  0.301970   0.622448   0.722061,
	 -0.435767   0.440396   0.784958,
	 -0.902566   0.232166   0.362594,
	 -0.756193   0.126022  -0.642099,
	  0.065018   0.034749  -0.997279,
	  0.288435   0.257293  -0.922283,
	 -0.197135   0.385944  -0.901213,
	  0.428832   0.683736  -0.590430,
	  0.686613   0.726228   0.033985,
	  0.647534   0.742204   0.172724,
	  0.602214   0.770883   0.207550,
	  0.418362   0.821878   0.386640,
	  0.026117   0.925136   0.378736,
	 -0.012660   0.870732  -0.491595,
	  0.435106   0.354724  -0.827559,
	  0.518056   0.739163  -0.430415,
	  0.404464   0.862097  -0.305283,
	  0.099217   0.964243  -0.245748,
	  0.026104   0.982554   0.184135,
	  0.666257   0.727737  -0.162791,
	  0.655919   0.487565  -0.576239,
	  0.928679   0.264005  -0.260492,
	 -0.238191   0.907388  -0.346283,
	  0.132200   0.532056  -0.836325,
	  0.454900   0.841861   0.290406,
	  0.101367   0.987396   0.121550,
	 -0.013366   0.996727  -0.079732,
	 -0.225600   0.833053   0.505101,
	 -0.654609   0.691836   0.304713,
	 -0.571044   0.758817  -0.313219,
	  0.916760   0.306946   0.255606,
	  0.700428   0.170078  -0.693163,
	  0.935156   0.312151  -0.167469,
	  0.957572   0.242035   0.156447,
	 -0.484081   0.246801  -0.839497,
	  0.075449  -0.061214  -0.995269,
	  0.496504   0.774764   0.391439,
	 -0.093233   0.987250   0.129014,
	 -0.883328   0.013807   0.468552,
	 -0.474995   0.706983   0.523980,
	 -0.918853  -0.113197  -0.378015,
	  0.740111   0.338646   0.580995,
	  0.477769  -0.114858  -0.870945,
	  0.927486   0.233118  -0.292278,
	  0.910836   0.345743   0.225477,
	  0.680517   0.309110   0.664340,
	 -0.470906  -0.354024  -0.808031,
	 -0.135823  -0.455428  -0.879851,
	  0.072202   0.532564   0.843305,
	 -0.668659   0.153829   0.727484,
	 -0.496395  -0.811859   0.307370,
	 -0.647343  -0.723827  -0.238794,
	 -0.048333   0.091319   0.994648,
	  0.219096  -0.261758  -0.939936,
	  0.890760  -0.059736  -0.450532,
	  0.933568  -0.081727   0.348958,
	  0.491573  -0.213073   0.844367,
	  0.054849  -0.166415   0.984529,
	 -0.463952  -0.636038  -0.616607,
	 -0.260753  -0.360373  -0.895622,
	 -0.669781  -0.253240   0.698043,
	 -0.755140  -0.590407   0.284925,
	 -0.636474  -0.744012  -0.203339,
	 -0.758059  -0.150440   0.634598,
	  0.103936  -0.094557  -0.990079,
	  0.851904  -0.131175  -0.507004,
	  0.867304  -0.128138   0.481004,
	  0.189296  -0.309039   0.932020,
	  0.159184  -0.533822   0.830478,
	 -0.205958  -0.282676   0.936843,
	 -0.489348  -0.300323  -0.818746,
	 -0.218429  -0.057737  -0.974143,
	 -0.967219  -0.212528   0.138994,
	 -0.891997  -0.252722  -0.374796,
	 -0.980359  -0.051980   0.190248,
	  0.176601  -0.055330  -0.982726,
	  0.870423  -0.130823  -0.474604,
	  0.830374  -0.149859   0.536676,
	  0.116195  -0.143350   0.982827,
	  0.022469  -0.201507   0.979229,
	 -0.903608  -0.055118   0.424800,
	 -0.373668  -0.083955   0.923755,
	 -0.362991  -0.040991  -0.930890,
	 -0.105383  -0.009237  -0.994389,
	 -0.890978  -0.028272  -0.453165,
	 -0.937071  -0.026891  -0.348101,
	  0.336464  -0.025675  -0.941346,
	  0.919229  -0.086800  -0.384037,
	  0.863153  -0.092481   0.496401,
	  0.208930  -0.057405   0.976244,
	 -0.080159  -0.045284   0.995753,
	 -0.477978  -0.018952   0.878167,
	 -0.953124  -0.051301   0.298198,
	 -0.973930   0.004512   0.226805,
	 -0.326538  -0.010400  -0.945127,
	 -0.095135   0.020931  -0.995244,
	 -0.502256   0.008921  -0.864673,
	 -0.970570  -0.051265  -0.235299,
	  0.423345   0.057263  -0.904157,
	  0.944879  -0.009981  -0.327267,
	  0.918449  -0.023243   0.394857,
	  0.407308  -0.012506   0.913205,
	  0.027386  -0.002407   0.999622,
	 -0.464014   0.014197   0.885714,
	 -0.973848   0.041836   0.223314,
	 -0.888188   0.028844  -0.458574,
	 -0.932456   0.082399  -0.351762,
	 -0.027501   0.183441  -0.982646,
	 -0.334026   0.172337  -0.926675,
	  0.535773   0.187562  -0.823267,
	  0.959416   0.081540  -0.269948,
	  0.938607   0.063105   0.339169,
	  0.527979   0.052834   0.847612,
	 -0.022126   0.065214   0.997626,
	 -0.626742   0.114074   0.770832,
	 -0.949172   0.199186   0.243715,
	 -0.951784   0.171272  -0.254507,
	 -0.597096   0.186992  -0.780071,
	  0.027029   0.250381  -0.967770,
	  0.621670   0.136088  -0.771367,
	  0.919977   0.296042  -0.256906,
	  0.925121   0.285011   0.250839,
	  0.620132   0.248844   0.743984,
	  0.064167   0.194546   0.978792,
	 -0.533166   0.110726   0.838733,
	 -0.898865   0.252107   0.358447,
	 -0.928007  -0.093812  -0.360558,
	 -0.935439  -0.078050   0.344764,
	 -0.531355  -0.124886  -0.837894,
	  0.083928  -0.085038  -0.992837,
	  0.581419  -0.643177  -0.498271,
	  0.935469  -0.070122  -0.346383,
	  0.936736   0.050877   0.346321,
	  0.581531   0.067355   0.810731,
	  0.077078  -0.000878   0.997025,
	 -0.283218  -0.286701   0.915200,
	 -0.407839  -0.775996   0.481142,
	 -0.408769  -0.903572  -0.128321,
	 -0.124841  -0.988325  -0.087342,
	  0.108394  -0.994013   0.013751,
	 -0.145477  -0.962772   0.227828,
	  0.362455  -0.925727  -0.107964,
	  0.588572  -0.774864   0.230584,
	  0.359362  -0.606154   0.709533,
	 -0.013000  -0.490302   0.871456,
	 -0.186067  -0.635284   0.749529,
	 -0.096568  -0.936812   0.336240,
	  0.059662  -0.979919  -0.190262,
	  0.382267  -0.920658  -0.079131,
	  0.051848  -0.781153   0.622183,
	 -0.441272  -0.889261  -0.120390,
	 -0.229562  -0.950884  -0.207656,
	 -0.052202  -0.998420  -0.020809,
	  0.015980  -0.994580   0.102738,
	  0.055394  -0.949744   0.308087,
	  0.121643  -0.903569   0.410812,
	  0.121683  -0.950089   0.287270,
	  0.301556  -0.953419  -0.007455,
	  0.429648  -0.841548  -0.327413,
	  0.196464  -0.977490  -0.076907,
	  0.092848  -0.978055  -0.186512,
	  0.874624  -0.483803  -0.031095,
	  0.462950  -0.726467   0.507860,
	  0.739011  -0.611425  -0.282882,
	  0.805211  -0.566507  -0.175228,
	  0.388228  -0.078713   0.918196,
	  0.962290  -0.064110   0.264362,
	 -0.340104  -0.891005   0.300732,
	 -0.173158  -0.174114   0.969382,
	  0.831213  -0.552385  -0.062902,
	  0.762595  -0.512592  -0.394585,
	  0.116839  -0.669675  -0.733406,
	 -0.365405  -0.753059  -0.547157,
	 -0.349077  -0.915140  -0.201655,
	 -0.333797  -0.939614   0.075537,
	  0.949009  -0.099350  -0.299185,
	  0.609866   0.032438   0.791840,
	  0.910591   0.194119   0.364887,
	  0.907746   0.273024  -0.318521,
	 -0.495861  -0.431239   0.753761,
	  0.216712  -0.107925   0.970252,
	  0.670458  -0.001802  -0.741945,
	 -0.036091   0.046725  -0.998256,
	 -0.661758  -0.223937  -0.715491,
	 -0.805812  -0.569942  -0.160727,
	 -0.753272  -0.574857   0.319563,
	  0.443777   0.237370  -0.864128,
	  0.562964   0.091838   0.821363,
	  0.956803   0.069733   0.282250,
	  0.978611   0.061742  -0.196237,
	  0.550153   0.026474  -0.834644,
	 -0.291843  -0.229082   0.928628,
	  0.069846   0.124544   0.989753,
	  0.197321   0.216189  -0.956205,
	 -0.285661   0.100437  -0.953053,
	 -0.835616  -0.285923  -0.469035,
	 -0.800669  -0.388844   0.455774,
	  0.214304   0.004253  -0.976758,
	  0.575258   0.037114   0.817130,
	  0.954343   0.008071   0.298604,
	  0.950571   0.011304  -0.310303,
	  0.626111   0.015200  -0.779586,
	 -0.012599   0.020243  -0.999716,
	 -0.461269   0.218500   0.859935,
	  0.013965   0.130804   0.991310,
	 -0.131165   0.098905  -0.986414,
	 -0.828542   0.484420  -0.280813,
	 -0.925422   0.343884   0.159182,
	 -0.817014   0.066685  -0.572748,
	  0.763383  -0.029934   0.645252,
	  0.982090  -0.025882   0.186626,
	  0.800155  -0.030492  -0.599018,
	 -0.105164  -0.022763  -0.994194,
	 -0.017778  -0.010255  -0.999789,
	 -0.826457   0.022396  -0.562554,
	 -0.723692   0.316268   0.613388,
	  0.105305  -0.025243   0.994120,
	 -0.905356   0.332351   0.264335,
	 -0.834341   0.539746  -0.112019,
	 -0.981496   0.064544   0.180277,
	  0.674140  -0.000804   0.738603,
	  0.967818   0.002486   0.251638,
	  0.921309  -0.009960  -0.388703,
	  0.028045  -0.051002  -0.998305,
	 -0.001017  -0.085925  -0.996301,
	 -0.311666  -0.032840  -0.949624,
	 -0.991105   0.004597  -0.133006,
	 -0.852619   0.025560   0.521907,
	 -0.161308  -0.002356   0.986901,
	 -0.987422   0.095254  -0.126188,
	 -0.996683   0.010880  -0.080651,
	  0.651729   0.016196   0.758279,
	  0.961144   0.019571   0.275352,
	  0.988198  -0.001504  -0.153177,
	  0.459000  -0.121475  -0.880093,
	  0.059381  -0.229897  -0.971402,
	 -0.586248  -0.093527  -0.804715,
	 -0.994831  -0.008079  -0.101226,
	 -0.999926  -0.001359  -0.012102,
	 -0.947002   0.005145   0.321187,
	 -0.221880   0.015042   0.974958,
	 -0.939857   0.005890   0.341517,
	  0.635461   0.005886   0.772110,
	  0.986137  -0.040125   0.161006,
	  0.999090  -0.027276   0.032803,
	  0.878127  -0.042553  -0.476531,
	 -0.044540  -0.188968  -0.980973,
	 -0.857359  -0.163448  -0.488079,
	 -0.996661  -0.038206   0.072159,
	 -0.992107  -0.020587   0.123695,
	 -0.874833   0.018099   0.484086,
	 -0.331484   0.041670   0.942540,
	  0.422186  -0.068717   0.903901,
	  0.893265  -0.446980  -0.047815,
	  0.934286  -0.316762  -0.163619,
	  0.908787   0.137555  -0.393934,
	  0.120203   0.311293  -0.942681,
	 -0.827570  -0.062120  -0.557915,
	 -0.989511  -0.139064  -0.039106,
	 -0.912036  -0.122135   0.391502,
	 -0.518298  -0.025839   0.854810,
	 -0.290190   0.029088   0.956527,
	  0.040617   0.077433   0.996170,
	  0.958637  -0.003749   0.284608,
	  0.886074  -0.208859  -0.413825,
	  0.643435   0.303959  -0.702566,
	  0.301970   0.622448  -0.722061,
	 -0.435767   0.440396  -0.784958,
	 -0.902566   0.232166  -0.362594,
	 -0.756193   0.126022   0.642099,
	  0.065018   0.034749   0.997279,
	 -0.077646   0.013155   0.996894,
	 -0.197135   0.385944   0.901213,
	  0.428832   0.683736   0.590430,
	  0.686613   0.726228  -0.033985,
	  0.647534   0.742204  -0.172724,
	  0.602214   0.770883  -0.207550,
	  0.418362   0.821878  -0.386640,
	  0.026117   0.925136  -0.378736,
	 -0.012660   0.870732   0.491595,
	  0.435106   0.354724   0.827559,
	  0.288435   0.257293   0.922283,
	  0.518056   0.739163   0.430415,
     ]    } 
normalIndex      [ 
	     0,      1,      2, -1 
	     0,      2,      3, -1 
	     0,      3,      4, -1 
	     0,      4,      5, -1 
	     0,      5,      6, -1 
	     0,      6,      7, -1 
	     0,      7,      8, -1 
	     0,      8,      9, -1 
	     0,      9,     10, -1 
	     0,     10,      1, -1 
	     1,     11,     12, -1 
	     1,     12,      2, -1 
	    10,     11,      1, -1 
	     2,     12,     13, -1 
	     2,     13,      3, -1 
	     3,     13,     14, -1 
	     3,     14,      4, -1 
	     4,     14,     15, -1 
	     4,     15,      5, -1 
	     5,     15,     16, -1 
	     5,     16,      6, -1 
	    16,      7,      6, -1 
	     7,     17,     18, -1 
	     7,     18,      8, -1 
	    16,     17,      7, -1 
	     8,     18,     19, -1 
	     8,     19,      9, -1 
	     9,     19,     20, -1 
	     9,     20,     10, -1 
	    10,     20,     11, -1 
	    11,     21,     22, -1 
	    11,     22,     12, -1 
	    20,     21,     11, -1 
	    12,     22,     23, -1 
	    12,     23,     13, -1 
	    13,     23,     24, -1 
	    13,     24,     14, -1 
	    14,     24,     25, -1 
	    14,     25,     15, -1 
	    15,     25,     26, -1 
	    15,     26,     16, -1 
	    16,     26,     27, -1 
	    16,     27,     17, -1 
	    17,     27,     18, -1 
	    27,     28,     18, -1 
	    18,     28,     29, -1 
	    18,     29,     19, -1 
	    19,     29,     30, -1 
	    19,     30,     20, -1 
	    20,     30,     21, -1 
	    21,     31,     32, -1 
	    21,     32,     22, -1 
	    30,     31,     21, -1 
	    22,     32,     33, -1 
	    22,     33,     23, -1 
	    23,     33,     34, -1 
	    23,     34,     24, -1 
	    24,     34,     35, -1 
	    24,     35,     25, -1 
	    25,     35,     36, -1 
	    25,     36,     26, -1 
	    26,     36,     37, -1 
	    26,     37,     27, -1 
	    27,     37,     38, -1 
	    27,     38,     28, -1 
	    28,     38,     39, -1 
	    28,     39,     29, -1 
	    29,     39,     40, -1 
	    29,     40,     30, -1 
	    30,     40,     31, -1 
	    31,     41,     42, -1 
	    31,     42,     32, -1 
	    40,     41,     31, -1 
	    42,     43,     32, -1 
	    32,     43,     33, -1 
	    43,     44,     33, -1 
	    33,     44,     34, -1 
	    44,     45,     34, -1 
	    34,     45,     35, -1 
	    35,     45,     46, -1 
	    35,     46,     36, -1 
	    36,     46,     47, -1 
	    36,     47,     37, -1 
	    37,     47,     48, -1 
	    37,     48,     38, -1 
	    38,     48,     49, -1 
	    38,     49,     39, -1 
	    39,     49,     50, -1 
	    39,     50,     40, -1 
	    40,     50,     41, -1 
	    41,     51,     52, -1 
	    41,     52,     42, -1 
	    50,     51,     41, -1 
	    52,     53,     42, -1 
	    42,     53,     43, -1 
	    53,     54,     43, -1 
	    43,     54,     44, -1 
	    54,     55,     44, -1 
	    44,     55,     45, -1 
	    45,     55,     56, -1 
	    45,     56,     46, -1 
	    46,     56,     57, -1 
	    46,     57,     47, -1 
	    47,     57,     58, -1 
	    47,     58,     48, -1 
	    48,     58,     59, -1 
	    48,     59,     49, -1 
	    49,     59,     60, -1 
	    49,     60,     50, -1 
	    50,     60,     51, -1 
	    51,     61,     62, -1 
	    51,     62,     52, -1 
	    60,     61,     51, -1 
	    52,     62,     63, -1 
	    52,     63,     53, -1 
	    53,     63,     64, -1 
	    53,     64,     54, -1 
	    54,     64,     65, -1 
	    54,     65,     55, -1 
	    55,     65,     66, -1 
	    55,     66,     56, -1 
	    57,     56,     66, -1 
	    57,     67,     68, -1 
	    57,     68,     58, -1 
	    57,     66,     67, -1 
	    58,     68,     69, -1 
	    58,     69,     59, -1 
	    59,     69,     70, -1 
	    59,     70,     60, -1 
	    60,     70,     61, -1 
	    61,     71,     72, -1 
	    61,     72,     62, -1 
	    70,     71,     61, -1 
	    62,     72,     73, -1 
	    62,     73,     63, -1 
	    63,     73,     74, -1 
	    63,     74,     64, -1 
	    64,     74,     75, -1 
	    64,     75,     65, -1 
	    65,     75,     76, -1 
	    65,     76,     66, -1 
	    66,     76,     77, -1 
	    66,     77,     67, -1 
	    67,     77,     78, -1 
	    79,     68,     67, -1 
	    78,     79,     67, -1 
	    69,     68,     79, -1 
	    69,     80,     81, -1 
	    69,     81,     70, -1 
	    69,     79,     80, -1 
	    70,     81,     71, -1 
	    71,     82,     83, -1 
	    71,     83,     72, -1 
	    81,     82,     71, -1 
	    72,     83,     84, -1 
	    72,     84,     73, -1 
	    73,     84,     85, -1 
	    73,     85,     74, -1 
	    74,     85,     86, -1 
	    74,     86,     75, -1 
	    75,     86,     87, -1 
	    75,     87,     76, -1 
	    76,     87,     88, -1 
	    76,     88,     77, -1 
	    77,     88,     89, -1 
	    77,     89,     78, -1 
	    80,     78,     90, -1 
	    78,     89,     91, -1 
	    78,     91,     90, -1 
	    80,     79,     78, -1 
	    80,     90,     81, -1 
	    90,     92,     81, -1 
	    81,     92,     82, -1 
	    82,     93,     94, -1 
	    82,     94,     83, -1 
	    92,     93,     82, -1 
	    83,     94,     95, -1 
	    83,     95,     84, -1 
	    84,     95,     96, -1 
	    84,     96,     85, -1 
	    85,     96,     97, -1 
	    85,     97,     86, -1 
	    86,     97,     98, -1 
	    86,     98,     87, -1 
	    87,     98,     99, -1 
	    87,     99,     88, -1 
	    88,     99,    100, -1 
	    88,    100,     89, -1 
	    89,    100,    101, -1 
	    89,    101,     91, -1 
	    90,     91,     92, -1 
	    91,    101,    102, -1 
	    91,    102,     92, -1 
	    92,    102,     93, -1 
	    93,    103,    104, -1 
	    93,    104,     94, -1 
	   102,    103,     93, -1 
	    94,    104,    105, -1 
	    94,    105,     95, -1 
	    95,    105,    106, -1 
	    95,    106,     96, -1 
	    96,    106,    107, -1 
	    96,    107,     97, -1 
	    97,    107,    108, -1 
	    97,    108,     98, -1 
	    98,    108,    109, -1 
	    98,    109,     99, -1 
	   100,     99,    110, -1 
	   109,    110,     99, -1 
	   100,    111,    112, -1 
	   100,    112,    101, -1 
	   111,    100,    110, -1 
	   101,    112,    113, -1 
	   101,    113,    102, -1 
	   102,    113,    103, -1 
	   103,    114,    115, -1 
	   103,    115,    104, -1 
	   113,    114,    103, -1 
	   104,    115,    116, -1 
	   104,    116,    105, -1 
	   105,    116,    117, -1 
	   105,    117,    106, -1 
	   106,    117,    118, -1 
	   106,    118,    107, -1 
	   107,    118,    119, -1 
	   107,    119,    108, -1 
	   108,    119,    120, -1 
	   108,    120,    109, -1 
	   109,    120,    121, -1 
	   109,    121,    111, -1 
	   109,    111,    110, -1 
	   111,    121,    122, -1 
	   111,    122,    112, -1 
	   112,    122,    123, -1 
	   112,    123,    113, -1 
	   113,    123,    114, -1 
	   114,    124,    125, -1 
	   114,    125,    115, -1 
	   123,    124,    114, -1 
	   115,    125,    126, -1 
	   115,    126,    116, -1 
	   116,    126,    127, -1 
	   116,    127,    117, -1 
	   117,    127,    128, -1 
	   117,    128,    118, -1 
	   118,    128,    129, -1 
	   118,    129,    119, -1 
	   119,    129,    130, -1 
	   119,    130,    120, -1 
	   120,    130,    131, -1 
	   120,    131,    121, -1 
	   121,    131,    132, -1 
	   121,    132,    122, -1 
	   122,    132,    133, -1 
	   122,    133,    123, -1 
	   123,    133,    124, -1 
	   124,    134,    135, -1 
	   124,    135,    125, -1 
	   133,    134,    124, -1 
	   125,    135,    136, -1 
	   125,    136,    126, -1 
	   126,    136,    137, -1 
	   126,    137,    127, -1 
	   127,    137,    138, -1 
	   127,    138,    128, -1 
	   128,    138,    139, -1 
	   128,    139,    129, -1 
	   129,    139,    140, -1 
	   129,    140,    130, -1 
	   130,    140,    141, -1 
	   130,    141,    131, -1 
	   131,    141,    142, -1 
	   131,    142,    132, -1 
	   132,    142,    143, -1 
	   132,    143,    133, -1 
	   133,    143,    134, -1 
	   134,    144,    135, -1 
	   143,    144,    134, -1 
	   135,    144,    136, -1 
	   136,    144,    137, -1 
	   137,    144,    138, -1 
	   138,    144,    139, -1 
	   139,    144,    140, -1 
	   140,    144,    141, -1 
	   141,    144,    142, -1 
	   142,    144,    143, -1 
	   145,    146,    147, -1 
	   145,    147,    148, -1 
	   145,    148,    149, -1 
	   145,    149,    150, -1 
	   145,    150,    151, -1 
	   145,    151,    152, -1 
	   145,    152,    153, -1 
	   145,    153,    154, -1 
	   145,    154,    155, -1 
	   145,    155,    146, -1 
	   146,    156,    157, -1 
	   146,    157,    147, -1 
	   155,    156,    146, -1 
	   147,    157,    158, -1 
	   147,    158,    148, -1 
	   148,    158,    159, -1 
	   148,    159,    149, -1 
	   149,    159,    160, -1 
	   149,    160,    150, -1 
	   150,    160,    161, -1 
	   150,    161,    151, -1 
	   151,    161,    162, -1 
	   151,    162,    152, -1 
	   152,    162,    163, -1 
	   152,    163,    153, -1 
	   153,    163,    164, -1 
	   153,    164,    154, -1 
	   154,    164,    165, -1 
	   154,    165,    155, -1 
	   155,    165,    156, -1 
	   156,    166,    167, -1 
	   156,    167,    157, -1 
	   165,    166,    156, -1 
	   157,    167,    168, -1 
	   157,    168,    158, -1 
	   158,    168,    169, -1 
	   158,    169,    159, -1 
	   159,    169,    170, -1 
	   159,    170,    160, -1 
	   160,    170,    171, -1 
	   160,    171,    161, -1 
	   161,    171,    172, -1 
	   161,    172,    162, -1 
	   162,    172,    173, -1 
	   162,    173,    163, -1 
	   163,    173,    174, -1 
	   163,    174,    164, -1 
	   164,    174,    175, -1 
	   164,    175,    165, -1 
	   165,    175,    166, -1 
	   166,    176,    177, -1 
	   166,    177,    167, -1 
	   175,    176,    166, -1 
	   167,    177,    178, -1 
	   167,    178,    168, -1 
	   168,    178,    179, -1 
	   168,    179,    169, -1 
	   169,    179,    180, -1 
	   169,    180,    170, -1 
	   170,    180,    181, -1 
	   170,    181,    171, -1 
	   171,    181,    182, -1 
	   171,    182,    172, -1 
	   172,    182,    183, -1 
	   172,    183,    173, -1 
	   173,    183,    184, -1 
	   173,    184,    174, -1 
	   174,    184,    185, -1 
	   174,    185,    175, -1 
	   175,    185,    176, -1 
	   176,    186,    187, -1 
	   176,    187,    177, -1 
	   185,    186,    176, -1 
	   177,    187,    188, -1 
	   177,    188,    178, -1 
	   178,    188,    189, -1 
	   178,    189,    179, -1 
	   179,    189,    190, -1 
	   179,    190,    180, -1 
	   180,    190,    191, -1 
	   180,    191,    181, -1 
	   181,    191,    192, -1 
	   181,    192,    182, -1 
	   182,    192,    193, -1 
	   182,    193,    183, -1 
	   183,    193,    194, -1 
	   183,    194,    184, -1 
	   184,    194,    195, -1 
	   184,    195,    185, -1 
	   185,    195,    186, -1 
	   186,    196,    197, -1 
	   186,    197,    187, -1 
	   195,    196,    186, -1 
	   187,    197,    198, -1 
	   187,    198,    188, -1 
	   188,    198,    199, -1 
	   188,    199,    189, -1 
	   189,    199,    200, -1 
	   189,    200,    190, -1 
	   190,    200,    201, -1 
	   190,    201,    191, -1 
	   191,    201,    202, -1 
	   191,    202,    192, -1 
	   192,    202,    203, -1 
	   192,    203,    193, -1 
	   193,    203,    204, -1 
	   193,    204,    194, -1 
	   194,    204,    205, -1 
	   194,    205,    195, -1 
	   195,    205,    196, -1 
	   196,    206,    207, -1 
	   196,    207,    197, -1 
	   205,    206,    196, -1 
	   197,    207,    208, -1 
	   197,    208,    198, -1 
	   198,    208,    209, -1 
	   198,    209,    199, -1 
	   199,    209,    210, -1 
	   199,    210,    200, -1 
	   200,    210,    211, -1 
	   200,    211,    201, -1 
	   201,    211,    212, -1 
	   201,    212,    202, -1 
	   202,    212,    213, -1 
	   202,    213,    203, -1 
	   203,    213,    214, -1 
	   203,    214,    204, -1 
	   204,    214,    215, -1 
	   204,    215,    205, -1 
	   205,    215,    206, -1 
	   206,    216,    217, -1 
	   206,    217,    207, -1 
	   215,    216,    206, -1 
	   207,    217,    218, -1 
	   207,    218,    208, -1 
	   208,    218,    219, -1 
	   208,    219,    209, -1 
	   209,    219,    220, -1 
	   209,    220,    210, -1 
	   210,    220,    221, -1 
	   210,    221,    211, -1 
	   211,    221,    222, -1 
	   211,    222,    212, -1 
	   212,    222,    223, -1 
	   212,    223,    213, -1 
	   213,    223,    224, -1 
	   213,    224,    214, -1 
	   214,    224,    225, -1 
	   214,    225,    215, -1 
	   215,    225,    216, -1 
	   216,    226,    227, -1 
	   216,    227,    217, -1 
	   225,    226,    216, -1 
	   217,    227,    228, -1 
	   217,    228,    218, -1 
	   218,    228,    229, -1 
	   218,    229,    219, -1 
	   219,    229,    230, -1 
	   219,    230,    220, -1 
	   220,    230,    231, -1 
	   220,    231,    221, -1 
	   221,    231,    232, -1 
	   221,    232,    222, -1 
	   222,    232,    233, -1 
	   222,    233,    223, -1 
	   223,    233,    234, -1 
	   223,    234,    224, -1 
	   224,    234,    235, -1 
	   224,    235,    225, -1 
	   225,    235,    226, -1 
	   226,    236,    237, -1 
	   226,    237,    227, -1 
	   235,    236,    226, -1 
	   227,    237,    238, -1 
	   227,    238,    228, -1 
	   228,    238,    239, -1 
	   228,    239,    229, -1 
	   229,    239,    240, -1 
	   229,    240,    230, -1 
	   230,    240,    241, -1 
	   230,    241,    231, -1 
	   231,    241,    242, -1 
	   231,    242,    232, -1 
	   232,    242,    243, -1 
	   232,    243,    233, -1 
	   233,    243,    244, -1 
	   233,    244,    234, -1 
	   234,    244,    245, -1 
	   234,    245,    235, -1 
	   235,    245,    236, -1 
	   236,    246,    247, -1 
	   236,    247,    237, -1 
	   245,    246,    236, -1 
	   237,    247,    248, -1 
	   237,    248,    238, -1 
	   238,    248,    249, -1 
	   238,    249,    239, -1 
	   239,    249,    250, -1 
	   239,    250,    240, -1 
	   240,    250,    251, -1 
	   240,    251,    241, -1 
	   241,    251,    252, -1 
	   241,    252,    242, -1 
	   242,    252,    253, -1 
	   242,    253,    243, -1 
	   243,    253,    254, -1 
	   243,    254,    244, -1 
	   244,    254,    255, -1 
	   244,    255,    245, -1 
	   245,    255,    246, -1 
	   246,    256,    257, -1 
	   246,    257,    247, -1 
	   255,    256,    246, -1 
	   247,    257,    258, -1 
	   247,    258,    248, -1 
	   248,    258,    259, -1 
	   248,    259,    249, -1 
	   249,    259,    260, -1 
	   249,    260,    250, -1 
	   250,    260,    261, -1 
	   250,    261,    251, -1 
	   251,    261,    262, -1 
	   251,    262,    252, -1 
	   252,    262,    263, -1 
	   252,    263,    253, -1 
	   253,    263,    264, -1 
	   253,    264,    254, -1 
	   254,    264,    265, -1 
	   254,    265,    255, -1 
	   255,    265,    256, -1 
	   256,    266,    257, -1 
	   265,    266,    256, -1 
	   257,    266,    258, -1 
	   258,    266,    259, -1 
	   259,    266,    260, -1 
	   260,    266,    261, -1 
	   261,    266,    262, -1 
	   262,    266,    263, -1 
	   263,    266,    264, -1 
	   264,    266,    265, -1 
	   267,    268,    269, -1 
	   270,    267,    269, -1 
	   267,    271,    268, -1 
	   272,    271,    267, -1 
	   270,    272,    267, -1 
	   268,    273,    269, -1 
	   271,    274,    268, -1 
	   268,    274,    273, -1 
	   275,    270,    269, -1 
	   276,    275,    269, -1 
	   277,    276,    269, -1 
	   278,    277,    269, -1 
	   279,    278,    269, -1 
	   280,    279,    269, -1 
	   273,    280,    269, -1 
	   281,    272,    270, -1 
	   275,    281,    270, -1 
	   271,    282,    274, -1 
	   283,    282,    271, -1 
	   272,    283,    271, -1 
	   284,    283,    272, -1 
	   281,    284,    272, -1 
	   273,    285,    280, -1 
	   274,    285,    273, -1 
	   282,    286,    274, -1 
	   274,    286,    285, -1 
	   287,    281,    275, -1 
	   276,    287,    275, -1 
	   288,    287,    276, -1 
	   277,    288,    276, -1 
	   277,    278,    288, -1 
	   289,    290,    278, -1 
	   279,    289,    278, -1 
	   278,    290,    288, -1 
	   291,    289,    279, -1 
	   280,    291,    279, -1 
	   285,    291,    280, -1 
	   292,    284,    281, -1 
	   287,    292,    281, -1 
	   282,    293,    286, -1 
	   294,    293,    282, -1 
	   283,    294,    282, -1 
	   295,    294,    283, -1 
	   284,    295,    283, -1 
	   296,    295,    284, -1 
	   292,    296,    284, -1 
	   285,    297,    291, -1 
	   286,    297,    285, -1 
	   293,    298,    286, -1 
	   286,    298,    297, -1 
	   299,    292,    287, -1 
	   288,    299,    287, -1 
	   300,    299,    288, -1 
	   290,    300,    288, -1 
	   289,    300,    290, -1 
	   289,    301,    300, -1 
	   302,    301,    289, -1 
	   291,    302,    289, -1 
	   297,    302,    291, -1 
	   303,    296,    292, -1 
	   299,    303,    292, -1 
	   293,    304,    298, -1 
	   293,    305,    304, -1 
	   294,    305,    293, -1 
	   294,    306,    305, -1 
	   295,    306,    294, -1 
	   295,    307,    306, -1 
	   296,    307,    295, -1 
	   308,    307,    296, -1 
	   303,    308,    296, -1 
	   297,    309,    302, -1 
	   298,    309,    297, -1 
	   304,    310,    298, -1 
	   298,    310,    309, -1 
	   311,    303,    299, -1 
	   300,    311,    299, -1 
	   312,    311,    300, -1 
	   301,    312,    300, -1 
	   313,    312,    301, -1 
	   302,    313,    301, -1 
	   309,    313,    302, -1 
	   314,    308,    303, -1 
	   311,    314,    303, -1 
	   304,    315,    310, -1 
	   304,    316,    315, -1 
	   305,    316,    304, -1 
	   305,    317,    316, -1 
	   306,    317,    305, -1 
	   306,    318,    317, -1 
	   307,    318,    306, -1 
	   319,    318,    307, -1 
	   308,    319,    307, -1 
	   320,    319,    308, -1 
	   314,    320,    308, -1 
	   309,    321,    313, -1 
	   310,    321,    309, -1 
	   315,    322,    310, -1 
	   310,    322,    321, -1 
	   323,    314,    311, -1 
	   312,    323,    311, -1 
	   324,    323,    312, -1 
	   313,    324,    312, -1 
	   321,    324,    313, -1 
	   325,    320,    314, -1 
	   323,    325,    314, -1 
	   315,    326,    322, -1 
	   327,    326,    315, -1 
	   316,    327,    315, -1 
	   328,    327,    316, -1 
	   317,    328,    316, -1 
	   329,    328,    317, -1 
	   318,    329,    317, -1 
	   330,    329,    318, -1 
	   319,    330,    318, -1 
	   330,    319,    320, -1 
	   331,    332,    320, -1 
	   325,    331,    320, -1 
	   332,    330,    320, -1 
	   321,    333,    324, -1 
	   322,    333,    321, -1 
	   326,    334,    322, -1 
	   322,    334,    333, -1 
	   335,    325,    323, -1 
	   324,    335,    323, -1 
	   333,    335,    324, -1 
	   336,    331,    325, -1 
	   335,    336,    325, -1 
	   326,    337,    334, -1 
	   338,    337,    326, -1 
	   327,    338,    326, -1 
	   339,    338,    327, -1 
	   328,    339,    327, -1 
	   340,    339,    328, -1 
	   329,    340,    328, -1 
	   341,    340,    329, -1 
	   330,    341,    329, -1 
	   342,    341,    330, -1 
	   332,    342,    330, -1 
	   332,    331,    343, -1 
	   343,    331,    336, -1 
	   344,    342,    332, -1 
	   332,    343,    344, -1 
	   333,    345,    335, -1 
	   334,    345,    333, -1 
	   337,    346,    334, -1 
	   334,    346,    345, -1 
	   345,    336,    335, -1 
	   347,    348,    336, -1 
	   345,    347,    336, -1 
	   348,    343,    336, -1 
	   337,    349,    346, -1 
	   350,    349,    337, -1 
	   338,    350,    337, -1 
	   351,    350,    338, -1 
	   339,    351,    338, -1 
	   352,    351,    339, -1 
	   340,    352,    339, -1 
	   353,    352,    340, -1 
	   341,    353,    340, -1 
	   354,    353,    341, -1 
	   342,    354,    341, -1 
	   355,    354,    342, -1 
	   344,    355,    342, -1 
	   344,    343,    348, -1 
	   356,    344,    348, -1 
	   357,    355,    344, -1 
	   356,    357,    344, -1 
	   346,    347,    345, -1 
	   349,    358,    346, -1 
	   346,    358,    347, -1 
	   347,    356,    348, -1 
	   347,    359,    356, -1 
	   358,    359,    347, -1 
	   349,    360,    358, -1 
	   361,    360,    349, -1 
	   350,    361,    349, -1 
	   362,    361,    350, -1 
	   351,    362,    350, -1 
	   363,    362,    351, -1 
	   352,    363,    351, -1 
	   364,    363,    352, -1 
	   353,    364,    352, -1 
	   365,    364,    353, -1 
	   354,    365,    353, -1 
	   366,    365,    354, -1 
	   355,    366,    354, -1 
	   367,    366,    355, -1 
	   357,    367,    355, -1 
	   359,    357,    356, -1 
	   368,    367,    357, -1 
	   359,    368,    357, -1 
	   360,    369,    358, -1 
	   358,    369,    359, -1 
	   369,    368,    359, -1 
	   360,    370,    369, -1 
	   371,    370,    360, -1 
	   361,    371,    360, -1 
	   372,    371,    361, -1 
	   362,    372,    361, -1 
	   373,    372,    362, -1 
	   363,    373,    362, -1 
	   374,    373,    363, -1 
	   364,    374,    363, -1 
	   375,    374,    364, -1 
	   365,    375,    364, -1 
	   376,    365,    366, -1 
	   365,    376,    375, -1 
	   377,    378,    366, -1 
	   367,    377,    366, -1 
	   376,    366,    378, -1 
	   379,    377,    367, -1 
	   368,    379,    367, -1 
	   369,    380,    368, -1 
	   380,    379,    368, -1 
	   370,    380,    369, -1 
	   370,    381,    380, -1 
	   382,    381,    370, -1 
	   371,    382,    370, -1 
	   383,    382,    371, -1 
	   372,    383,    371, -1 
	   384,    383,    372, -1 
	   373,    384,    372, -1 
	   385,    384,    373, -1 
	   374,    385,    373, -1 
	   386,    385,    374, -1 
	   375,    386,    374, -1 
	   387,    386,    375, -1 
	   378,    387,    375, -1 
	   376,    378,    375, -1 
	   377,    388,    378, -1 
	   389,    388,    377, -1 
	   379,    389,    377, -1 
	   388,    387,    378, -1 
	   380,    390,    379, -1 
	   390,    389,    379, -1 
	   381,    390,    380, -1 
	   381,    391,    390, -1 
	   392,    391,    381, -1 
	   382,    392,    381, -1 
	   393,    392,    382, -1 
	   383,    393,    382, -1 
	   394,    393,    383, -1 
	   384,    394,    383, -1 
	   395,    394,    384, -1 
	   385,    395,    384, -1 
	   396,    395,    385, -1 
	   386,    396,    385, -1 
	   397,    396,    386, -1 
	   387,    397,    386, -1 
	   398,    397,    387, -1 
	   388,    398,    387, -1 
	   399,    398,    388, -1 
	   389,    399,    388, -1 
	   390,    400,    389, -1 
	   400,    399,    389, -1 
	   391,    400,    390, -1 
	   391,    401,    400, -1 
	   402,    401,    391, -1 
	   392,    402,    391, -1 
	   403,    402,    392, -1 
	   393,    403,    392, -1 
	   404,    403,    393, -1 
	   394,    404,    393, -1 
	   405,    404,    394, -1 
	   395,    405,    394, -1 
	   406,    405,    395, -1 
	   396,    406,    395, -1 
	   407,    406,    396, -1 
	   397,    407,    396, -1 
	   408,    407,    397, -1 
	   398,    408,    397, -1 
	   409,    408,    398, -1 
	   399,    409,    398, -1 
	   400,    410,    399, -1 
	   410,    409,    399, -1 
	   401,    410,    400, -1 
	   401,    411,    410, -1 
	   402,    411,    401, -1 
	   403,    411,    402, -1 
	   404,    411,    403, -1 
	   405,    411,    404, -1 
	   406,    411,    405, -1 
	   407,    411,    406, -1 
	   408,    411,    407, -1 
	   409,    411,    408, -1 
	   410,    411,    409, -1 
	   412,    413,    414, -1 
	   415,    412,    414, -1 
	   412,    416,    413, -1 
	   417,    416,    412, -1 
	   415,    417,    412, -1 
	   413,    418,    414, -1 
	   416,    419,    413, -1 
	   413,    419,    418, -1 
	   420,    415,    414, -1 
	   421,    420,    414, -1 
	   422,    421,    414, -1 
	   423,    422,    414, -1 
	   424,    423,    414, -1 
	   425,    424,    414, -1 
	   418,    425,    414, -1 
	   426,    417,    415, -1 
	   420,    426,    415, -1 
	   416,    427,    419, -1 
	   428,    427,    416, -1 
	   417,    428,    416, -1 
	   429,    428,    417, -1 
	   426,    429,    417, -1 
	   418,    430,    425, -1 
	   419,    430,    418, -1 
	   427,    431,    419, -1 
	   419,    431,    430, -1 
	   432,    426,    420, -1 
	   421,    432,    420, -1 
	   433,    432,    421, -1 
	   422,    433,    421, -1 
	   434,    433,    422, -1 
	   423,    434,    422, -1 
	   435,    434,    423, -1 
	   424,    435,    423, -1 
	   436,    435,    424, -1 
	   425,    436,    424, -1 
	   430,    436,    425, -1 
	   437,    429,    426, -1 
	   432,    437,    426, -1 
	   427,    438,    431, -1 
	   439,    438,    427, -1 
	   428,    439,    427, -1 
	   440,    439,    428, -1 
	   429,    440,    428, -1 
	   441,    440,    429, -1 
	   437,    441,    429, -1 
	   430,    442,    436, -1 
	   431,    442,    430, -1 
	   438,    443,    431, -1 
	   431,    443,    442, -1 
	   444,    437,    432, -1 
	   433,    444,    432, -1 
	   445,    444,    433, -1 
	   434,    445,    433, -1 
	   446,    445,    434, -1 
	   435,    446,    434, -1 
	   447,    446,    435, -1 
	   436,    447,    435, -1 
	   442,    447,    436, -1 
	   448,    441,    437, -1 
	   444,    448,    437, -1 
	   438,    449,    443, -1 
	   450,    449,    438, -1 
	   439,    450,    438, -1 
	   451,    450,    439, -1 
	   440,    451,    439, -1 
	   452,    451,    440, -1 
	   441,    452,    440, -1 
	   453,    452,    441, -1 
	   448,    453,    441, -1 
	   442,    454,    447, -1 
	   443,    454,    442, -1 
	   449,    455,    443, -1 
	   443,    455,    454, -1 
	   456,    448,    444, -1 
	   445,    456,    444, -1 
	   457,    456,    445, -1 
	   446,    457,    445, -1 
	   458,    457,    446, -1 
	   447,    458,    446, -1 
	   454,    458,    447, -1 
	   459,    453,    448, -1 
	   456,    459,    448, -1 
	   449,    460,    455, -1 
	   461,    460,    449, -1 
	   450,    461,    449, -1 
	   462,    461,    450, -1 
	   451,    462,    450, -1 
	   463,    462,    451, -1 
	   452,    463,    451, -1 
	   464,    463,    452, -1 
	   453,    464,    452, -1 
	   465,    464,    453, -1 
	   459,    465,    453, -1 
	   454,    466,    458, -1 
	   455,    466,    454, -1 
	   460,    467,    455, -1 
	   455,    467,    466, -1 
	   468,    459,    456, -1 
	   457,    468,    456, -1 
	   469,    468,    457, -1 
	   458,    469,    457, -1 
	   466,    469,    458, -1 
	   470,    465,    459, -1 
	   468,    470,    459, -1 
	   460,    471,    467, -1 
	   472,    471,    460, -1 
	   461,    472,    460, -1 
	   473,    472,    461, -1 
	   462,    473,    461, -1 
	   474,    473,    462, -1 
	   463,    474,    462, -1 
	   475,    474,    463, -1 
	   464,    475,    463, -1 
	   476,    475,    464, -1 
	   465,    476,    464, -1 
	   477,    476,    465, -1 
	   470,    477,    465, -1 
	   466,    478,    469, -1 
	   467,    478,    466, -1 
	   471,    479,    467, -1 
	   467,    479,    478, -1 
	   480,    470,    468, -1 
	   469,    480,    468, -1 
	   478,    480,    469, -1 
	   481,    477,    470, -1 
	   480,    481,    470, -1 
	   471,    482,    479, -1 
	   483,    482,    471, -1 
	   472,    483,    471, -1 
	   484,    483,    472, -1 
	   473,    484,    472, -1 
	   485,    484,    473, -1 
	   474,    485,    473, -1 
	   486,    485,    474, -1 
	   475,    486,    474, -1 
	   487,    486,    475, -1 
	   476,    487,    475, -1 
	   488,    487,    476, -1 
	   477,    488,    476, -1 
	   489,    488,    477, -1 
	   481,    489,    477, -1 
	   478,    490,    480, -1 
	   479,    490,    478, -1 
	   482,    491,    479, -1 
	   479,    491,    490, -1 
	   490,    481,    480, -1 
	   492,    489,    481, -1 
	   490,    492,    481, -1 
	   482,    493,    491, -1 
	   494,    493,    482, -1 
	   483,    494,    482, -1 
	   495,    494,    483, -1 
	   484,    495,    483, -1 
	   496,    495,    484, -1 
	   485,    496,    484, -1 
	   497,    496,    485, -1 
	   486,    497,    485, -1 
	   498,    497,    486, -1 
	   487,    498,    486, -1 
	   499,    498,    487, -1 
	   488,    499,    487, -1 
	   500,    499,    488, -1 
	   489,    500,    488, -1 
	   501,    500,    489, -1 
	   492,    501,    489, -1 
	   491,    492,    490, -1 
	   493,    502,    491, -1 
	   491,    502,    492, -1 
	   502,    501,    492, -1 
	   493,    503,    502, -1 
	   504,    503,    493, -1 
	   494,    504,    493, -1 
	   505,    504,    494, -1 
	   495,    505,    494, -1 
	   506,    505,    495, -1 
	   496,    506,    495, -1 
	   507,    506,    496, -1 
	   497,    507,    496, -1 
	   508,    507,    497, -1 
	   498,    508,    497, -1 
	   509,    508,    498, -1 
	   499,    509,    498, -1 
	   510,    509,    499, -1 
	   500,    510,    499, -1 
	   511,    510,    500, -1 
	   501,    511,    500, -1 
	   502,    512,    501, -1 
	   512,    511,    501, -1 
	   503,    512,    502, -1 
	   503,    513,    512, -1 
	   514,    513,    503, -1 
	   504,    514,    503, -1 
	   515,    514,    504, -1 
	   505,    515,    504, -1 
	   516,    515,    505, -1 
	   506,    516,    505, -1 
	   517,    516,    506, -1 
	   507,    517,    506, -1 
	   518,    517,    507, -1 
	   508,    518,    507, -1 
	   519,    518,    508, -1 
	   509,    519,    508, -1 
	   520,    519,    509, -1 
	   510,    520,    509, -1 
	   521,    520,    510, -1 
	   511,    521,    510, -1 
	   512,    522,    511, -1 
	   522,    521,    511, -1 
	   513,    522,    512, -1 
	   513,    523,    522, -1 
	   524,    523,    513, -1 
	   514,    524,    513, -1 
	   525,    524,    514, -1 
	   515,    525,    514, -1 
	   526,    525,    515, -1 
	   516,    526,    515, -1 
	   527,    526,    516, -1 
	   517,    527,    516, -1 
	   528,    527,    517, -1 
	   518,    528,    517, -1 
	   529,    528,    518, -1 
	   519,    529,    518, -1 
	   530,    529,    519, -1 
	   520,    530,    519, -1 
	   531,    530,    520, -1 
	   521,    531,    520, -1 
	   522,    532,    521, -1 
	   532,    531,    521, -1 
	   523,    532,    522, -1 
	   523,    533,    532, -1 
	   524,    533,    523, -1 
	   525,    533,    524, -1 
	   526,    533,    525, -1 
	   527,    533,    526, -1 
	   528,    533,    527, -1 
	   529,    533,    528, -1 
	   530,    533,    529, -1 
	   531,    533,    530, -1 
	   532,    533,    531, -1 
    ] 
normalPerVertex  TRUE 
   } 
  } 
 ] 
} 
