# 
# Wavefront OBJ file
# Converted by the DEEP Exploration 2.00.1211
# Right Hemisphere, LTD
# http://www.righthemisphere.com/
# 
mtllib toes_r.mtl
# object Object #0
g Object__0
v 0.074192 -0.001559 -0.012278
v 0.073107 -0.003002 -0.010836
v 0.076918 -0.003002 -0.015495
v 0.066554 -0.000677 -0.011366
v 0.065321 -0.003002 -0.008147
v 0.075429 -0.001057 -0.01458
v 0.073334 -0.004565 -0.012122
v 0.065478 -0.006128 -0.009502
v 0.075831 -0.001057 -0.016863
v 0.075967 -0.001679 -0.019051
v 0.075927 -0.003002 -0.020239
v 0.075214 -0.004444 -0.019492
v 0.07426 -0.005337 -0.017376
v 0.073777 -0.005337 -0.014637
v 0.067935 -0.000279 -0.015432
v 0.062511 -0.001198 -0.013414
v 0.064845 -0.003002 -0.012039
v 0.06543 -0.004766 -0.013003
v 0.066216 -0.00832 -0.014165
v 0.06631 -0.005856 -0.015639
v 0.068498 -0.000279 -0.018627
v 0.070689 -0.001039 -0.021624
v 0.072656 -0.003002 -0.023354
v 0.070314 -0.005767 -0.023745
v 0.067316 -0.00832 -0.020405
v 0.060495 -1.9e-005 -0.016587
v 0.057195 8.4e-005 -0.011065
v 0.059415 -0.003002 -0.010458
v 0.059894 -0.005447 -0.012232
v 0.060738 -0.006763 -0.016073
v 0.0669 -0.005856 -0.018986
v 0.061516 -0.006763 -0.020486
v 0.061112 -1.9e-005 -0.020086
v 0.065955 -0.003002 -0.02022
v 0.06662 -0.004325 -0.020699
v 0.055688 0.002834 -0.015709
v 0.052375 0.000604 -0.01058
v 0.053303 -0.003002 -0.00595
v 0.054055 -0.00737 -0.008333
v 0.055553 -0.010135 -0.014947
v 0.057029 -0.010135 -0.023316
v 0.061506 -0.004605 -0.02232
v 0.057497 -0.006488 -0.027853
v 0.056895 0.002834 -0.022555
v 0.060958 -0.003002 -0.021101
v 0.057338 0.000829 -0.026431
v 0.051152 8.4e-005 -0.012131
v 0.05292 0.001796 -0.022628
v 0.051927 0.001796 -0.016998
v 0.050849 -0.003002 -0.009936
v 0.051135 -0.006128 -0.012031
v 0.051914 -0.00793 -0.016922
v 0.052934 -0.00793 -0.022705
v 0.05345 -0.005527 -0.026102
v 0.057036 -0.003002 -0.027124
v 0.053349 -0.003002 -0.025997
v 0.053432 -0.000517 -0.026003
v 0.052747 -0.003002 -0.019757
v 0.01414 -0.001734 0.048927
v 0.013802 -0.002262 0.04813
v 0.013429 -0.001591 0.048384
v 0.015243 -0.002552 0.049128
v 0.012985 -0.001077 0.048718
v 0.014377 -0.002017 0.049533
v 0.014825 -0.002238 0.049304
v 0.012731 -0.00175 0.04833
v 0.012409 -0.002103 0.047477
v 0.014905 -0.002513 0.048911
v 0.014327 -0.003002 0.049197
v 0.015945 -0.002217 0.049255
v 0.017537 -0.002354 0.049025
v 0.016727 -0.002953 0.048637
v 0.015975 -0.003002 0.049488
v 0.012587 -0.001077 0.050977
v 0.012128 -0.001068 0.0496
v 0.011616 -0.001461 0.04871
v 0.016814 -0.002103 0.050015
v 0.014173 -0.002017 0.050688
v 0.012741 -0.002515 0.047296
v 0.011674 -0.001419 0.048694
v 0.012124 -0.002122 0.047507
v 0.015158 -0.002933 0.049414
v 0.013831 -0.003214 0.047904
v 0.013032 -0.003002 0.04721
v 0.014507 -0.003531 0.048795
v 0.015243 -0.003261 0.049369
v 0.01718 -0.002164 0.049493
v 0.018457 -0.002584 0.049182
v 0.018458 -0.00236 0.049394
v 0.018186 -0.003002 0.048455
v 0.017097 -0.003149 0.048868
v 0.016747 -0.003444 0.049008
v 0.016195 -0.003439 0.049331
v 0.013659 -0.00195 0.051628
v 0.011933 -0.001166 0.050759
v 0.012862 -0.001448 0.051778
v 0.012023 -0.001306 0.051874
v 0.011297 -0.001461 0.050517
v 0.011454 -0.001356 0.049604
v 0.011346 -0.001419 0.050551
v 0.018059 -0.002117 0.050296
v 0.01797 -0.00208 0.050836
v 0.016628 -0.002103 0.051069
v 0.018111 -0.002176 0.049892
v 0.015728 -0.00225 0.05139
v 0.014507 -0.002172 0.051231
v 0.012385 -0.002576 0.047284
v 0.011843 -0.002182 0.04758
v 0.011729 -0.001749 0.048068
v 0.011616 -0.003002 0.049642
v 0.013153 -0.00357 0.047024
v 0.012378 -0.002991 0.047287
v 0.012439 -0.003581 0.04715
v 0.013921 -0.004255 0.048126
v 0.014548 -0.003932 0.049063
v 0.013184 -0.004153 0.046969
v 0.015316 -0.00343 0.049249
v 0.015374 -0.003741 0.049372
v 0.018764 -0.00291 0.048891
v 0.019266 -0.003002 0.049482
v 0.019305 -0.002764 0.049658
v 0.019279 -0.002566 0.049875
v 0.017758 -0.003408 0.048285
v 0.018652 -0.003293 0.049052
v 0.017414 -0.003915 0.048326
v 0.01622 -0.003701 0.049598
v 0.016424 -0.004757 0.049428
v 0.016955 -0.0044 0.048862
v 0.013084 -0.001984 0.05251
v 0.014839 -0.002406 0.051735
v 0.012285 -0.001764 0.052668
v 0.011351 -0.001543 0.051621
v 0.011494 -0.001812 0.052669
v 0.01109 -0.001984 0.052158
v 0.011244 -0.002459 0.05089
v 0.019234 -0.00236 0.050597
v 0.017896 -0.002101 0.051238
v 0.019101 -0.00236 0.051349
v 0.017671 -0.002099 0.051937
v 0.016173 -0.002235 0.052411
v 0.019272 -0.002438 0.050231
v 0.015526 -0.002385 0.052004
v 0.011815 -0.003002 0.047582
v 0.011571 -0.002992 0.048538
v 0.011143 -0.002984 0.05127
v 0.011207 -0.003562 0.050912
v 0.01136 -0.00386 0.050084
v 0.011525 -0.003861 0.049144
v 0.011596 -0.003458 0.048547
v 0.011848 -0.003835 0.047548
v 0.011801 -0.003424 0.047543
v 0.01245 -0.004045 0.047151
v 0.01303 -0.005356 0.048467
v 0.013183 -0.004857 0.047649
v 0.01451 -0.004243 0.049401
v 0.012341 -0.004679 0.047937
v 0.016287 -0.003944 0.049895
v 0.019169 -0.003254 0.049597
v 0.019581 -0.00301 0.050239
v 0.019546 -0.002726 0.050456
v 0.019493 -0.002625 0.050835
v 0.019031 -0.003478 0.049729
v 0.018716 -0.003773 0.050428
v 0.018896 -0.003654 0.050072
v 0.018556 -0.003773 0.051331
v 0.016061 -0.004757 0.051487
v 0.013499 -0.002444 0.05269
v 0.012458 -0.002405 0.053427
v 0.014347 -0.0027 0.05225
v 0.01522 -0.002704 0.05197
v 0.014689 -0.00307 0.052322
v 0.01099 -0.003002 0.052883
v 0.011564 -0.00235 0.053505
v 0.019428 -0.002631 0.051227
v 0.019264 -0.002748 0.051657
v 0.018916 -0.002413 0.051748
v 0.017464 -0.002205 0.052381
v 0.018693 -0.002526 0.05211
v 0.017276 -0.002692 0.052886
v 0.015811 -0.002544 0.052356
v 0.015918 -0.00258 0.05296
v 0.015609 -0.003002 0.052188
v 0.011084 -0.004033 0.052191
v 0.010977 -0.003523 0.052548
v 0.011341 -0.004628 0.050578
v 0.011678 -0.004628 0.048669
v 0.011711 -0.004261 0.048082
v 0.012809 -0.005469 0.049853
v 0.014253 -0.004243 0.050858
v 0.014426 -0.004329 0.050128
v 0.0123 -0.00505 0.048544
v 0.015296 -0.004105 0.050208
v 0.016092 -0.003944 0.051
v 0.019439 -0.003301 0.050378
v 0.019593 -0.003002 0.051049
v 0.019222 -0.003453 0.050746
v 0.019133 -0.003446 0.051209
v 0.018502 -0.003676 0.05176
v 0.01598 -0.004479 0.052312
v 0.01841 -0.003518 0.052161
v 0.0118 -0.003002 0.054198
v 0.013817 -0.003002 0.05271
v 0.013934 -0.003432 0.052474
v 0.013975 -0.003808 0.052125
v 0.014784 -0.003383 0.052116
v 0.011335 -0.003547 0.053237
v 0.01134 -0.002996 0.053563
v 0.019107 -0.003036 0.051918
v 0.018545 -0.002754 0.052388
v 0.01709 -0.003013 0.053111
v 0.018335 -0.003002 0.052586
v 0.015766 -0.003002 0.053473
v 0.015747 -0.003009 0.052814
v 0.015663 -0.0033 0.052047
v 0.012002 -0.003746 0.053896
v 0.011481 -0.004305 0.052839
v 0.01158 -0.004655 0.052029
v 0.011857 -0.005128 0.050913
v 0.011999 -0.005183 0.049934
v 0.012543 -0.005356 0.051228
v 0.015023 -0.003922 0.051381
v 0.013274 -0.004604 0.05169
v 0.014145 -0.004084 0.051525
v 0.015817 -0.004033 0.053025
v 0.015802 -0.003584 0.051871
v 0.019084 -0.003321 0.051652
v 0.018401 -0.003283 0.052409
v 0.017126 -0.003549 0.05291
v 0.012966 -0.003729 0.053119
v 0.012048 -0.004443 0.053412
v 0.012306 -0.005014 0.052371
v 0.070425 -0.002526 0.014268
v 0.070067 -0.003002 0.014744
v 0.071325 -0.003002 0.013206
v 0.067905 -0.002235 0.014569
v 0.067498 -0.003002 0.015631
v 0.070833 -0.00236 0.013507
v 0.070142 -0.003518 0.01432
v 0.06755 -0.004033 0.015184
v 0.070966 -0.00236 0.012755
v 0.071011 -0.002566 0.012033
v 0.070998 -0.003002 0.011642
v 0.070763 -0.003478 0.011887
v 0.070448 -0.003773 0.012585
v 0.070288 -0.003773 0.013489
v 0.068361 -0.002103 0.013227
v 0.066571 -0.002406 0.013893
v 0.067341 -0.003002 0.014347
v 0.067534 -0.003584 0.014029
v 0.067793 -0.004757 0.013646
v 0.067824 -0.003944 0.013159
v 0.068546 -0.002103 0.012173
v 0.069269 -0.002354 0.011183
v 0.069918 -0.003002 0.010613
v 0.069146 -0.003915 0.010483
v 0.068156 -0.004757 0.011586
v 0.065905 -0.002017 0.012847
v 0.064816 -0.001984 0.014668
v 0.065549 -0.003002 0.014868
v 0.065707 -0.003808 0.014283
v 0.065985 -0.004243 0.013016
v 0.068019 -0.003944 0.012055
v 0.066242 -0.004243 0.011559
v 0.066109 -0.002017 0.011691
v 0.066975 -0.002552 0.011288
v 0.067707 -0.003002 0.011647
v 0.067927 -0.003439 0.011489
v 0.064319 -0.001077 0.013135
v 0.063226 -0.001812 0.014827
v 0.063532 -0.003002 0.016356
v 0.06378 -0.004443 0.01557
v 0.064275 -0.005356 0.013388
v 0.064762 -0.005356 0.010625
v 0.066239 -0.003531 0.010954
v 0.064916 -0.004153 0.009127
v 0.064717 -0.001077 0.010876
v 0.065534 -0.002262 0.010288
v 0.066058 -0.003002 0.011356
v 0.063029 -0.001461 0.012676
v 0.062822 -0.001984 0.014317
v 0.062722 -0.003002 0.015041
v 0.062817 -0.004033 0.014349
v 0.063074 -0.004628 0.012735
v 0.06341 -0.004628 0.010827
v 0.06358 -0.003835 0.009706
v 0.064764 -0.003002 0.009369
v 0.063547 -0.003002 0.00974
v 0.063348 -0.001461 0.010867
v 0.064141 -0.002103 0.009635
v 0.063078 -0.001419 0.01271
v 0.063348 -0.003002 0.0118
v 0.063575 -0.002182 0.009739
v 0.063406 -0.001419 0.010852
v 0.049754 -0.002526 0.027123
v 0.049396 -0.003002 0.0276
v 0.050654 -0.003002 0.026062
v 0.047233 -0.002235 0.027425
v 0.046827 -0.003002 0.028487
v 0.050162 -0.00236 0.026364
v 0.049471 -0.003518 0.027175
v 0.046878 -0.004033 0.028039
v 0.050295 -0.00236 0.025611
v 0.05034 -0.002566 0.024889
v 0.050327 -0.003002 0.024496
v 0.050091 -0.003478 0.024743
v 0.049776 -0.003773 0.025441
v 0.049617 -0.003773 0.026345
v 0.047689 -0.002103 0.026083
v 0.045899 -0.002406 0.026749
v 0.046669 -0.003002 0.027202
v 0.046862 -0.003584 0.026884
v 0.047122 -0.004757 0.0265
v 0.047153 -0.003944 0.026014
v 0.047875 -0.002103 0.025029
v 0.048598 -0.002354 0.024039
v 0.049247 -0.003002 0.023468
v 0.048474 -0.003915 0.02334
v 0.047485 -0.004757 0.024442
v 0.045234 -0.002017 0.025702
v 0.044145 -0.001984 0.027524
v 0.044877 -0.003002 0.027724
v 0.045036 -0.003808 0.027139
v 0.045314 -0.004243 0.025872
v 0.047348 -0.003944 0.02491
v 0.045571 -0.004243 0.024415
v 0.045438 -0.002017 0.024547
v 0.046304 -0.002552 0.024142
v 0.047036 -0.003002 0.024503
v 0.047255 -0.003439 0.024345
v 0.043647 -0.001077 0.025992
v 0.042554 -0.001812 0.027684
v 0.04286 -0.003002 0.029212
v 0.043109 -0.004443 0.028426
v 0.043603 -0.005356 0.026242
v 0.04409 -0.005356 0.023481
v 0.045568 -0.003531 0.02381
v 0.044245 -0.004153 0.021984
v 0.044046 -0.001077 0.023732
v 0.044863 -0.002262 0.023143
v 0.045387 -0.003002 0.024212
v 0.042358 -0.001461 0.025531
v 0.042151 -0.001984 0.027172
v 0.042051 -0.003002 0.027896
v 0.042145 -0.004033 0.027205
v 0.042402 -0.004628 0.025591
v 0.042739 -0.004628 0.023682
v 0.042909 -0.003835 0.022562
v 0.044093 -0.003002 0.022224
v 0.042875 -0.003002 0.022597
v 0.042677 -0.001461 0.023723
v 0.04347 -0.002103 0.022491
v 0.042407 -0.001419 0.025566
v 0.042677 -0.003002 0.024655
v 0.042903 -0.002182 0.022594
v 0.042734 -0.001419 0.023708
v 0.033391 -0.002526 0.040738
v 0.033033 -0.003002 0.041215
v 0.034291 -0.003002 0.039677
v 0.03087 -0.002235 0.04104
v 0.030464 -0.003002 0.042102
v 0.033799 -0.00236 0.039979
v 0.033108 -0.003518 0.040791
v 0.030515 -0.004033 0.041655
v 0.033932 -0.00236 0.039226
v 0.033977 -0.002566 0.038504
v 0.033964 -0.003002 0.038112
v 0.033728 -0.003478 0.038359
v 0.033413 -0.003773 0.039057
v 0.033254 -0.003773 0.039961
v 0.031326 -0.002103 0.039698
v 0.029536 -0.002406 0.040364
v 0.030306 -0.003002 0.040818
v 0.030499 -0.003584 0.0405
v 0.030759 -0.004757 0.040116
v 0.03079 -0.003944 0.039631
v 0.031512 -0.002103 0.038644
v 0.032235 -0.002354 0.037655
v 0.032884 -0.003002 0.037084
v 0.032111 -0.003915 0.036956
v 0.031122 -0.004757 0.038058
v 0.028871 -0.002017 0.039318
v 0.027782 -0.001984 0.041139
v 0.028515 -0.003002 0.04134
v 0.028673 -0.003808 0.040754
v 0.028951 -0.004243 0.039487
v 0.030985 -0.003944 0.038526
v 0.029208 -0.004243 0.038031
v 0.029075 -0.002017 0.038163
v 0.029941 -0.002552 0.037759
v 0.030673 -0.003002 0.038118
v 0.030893 -0.003439 0.03796
v 0.027285 -0.001077 0.039607
v 0.026191 -0.001812 0.0413
v 0.026498 -0.003002 0.042827
v 0.026746 -0.004443 0.042041
v 0.027241 -0.005356 0.039858
v 0.027727 -0.005356 0.037096
v 0.029205 -0.003531 0.037426
v 0.027882 -0.004153 0.035598
v 0.027683 -0.001077 0.037348
v 0.0285 -0.002262 0.036759
v 0.029024 -0.003002 0.037828
v 0.025995 -0.001461 0.039148
v 0.025788 -0.001984 0.040788
v 0.025688 -0.003002 0.041511
v 0.025782 -0.004033 0.04082
v 0.026039 -0.004628 0.039206
v 0.026376 -0.004628 0.037298
v 0.026546 -0.003835 0.036177
v 0.02773 -0.003002 0.03584
v 0.026513 -0.003002 0.036212
v 0.026314 -0.001461 0.03734
v 0.027107 -0.002103 0.036107
v 0.026044 -0.001419 0.039182
v 0.026314 -0.003002 0.038271
v 0.02654 -0.002182 0.03621
v 0.026371 -0.001419 0.037323
v 0.06108 -0.001391 0.013469
v 0.060635 -0.003002 0.01435
v 0.061408 -0.003002 0.0109
v 0.059584 -0.00091 0.01399
v 0.05903 -0.003002 0.015036
v 0.061655 -0.000668 0.011843
v 0.060499 -0.004686 0.013484
v 0.058884 -0.00531 0.014219
v 0.061963 -0.000668 0.010099
v 0.062137 -0.001679 0.008872
v 0.062142 -0.003002 0.008607
v 0.061597 -0.004396 0.00866
v 0.060857 -0.00557 0.009816
v 0.060519 -0.00557 0.011732
v 0.060323 0.000111 0.011907
v 0.055983 -0.00091 0.013355
v 0.055801 -0.003002 0.013692
v 0.055711 -0.004781 0.012798
v 0.058997 -0.006814 0.011943
v 0.055788 -0.005726 0.010958
v 0.060732 0.000111 0.009584
v 0.060864 -0.001222 0.007904
v 0.060772 -0.003002 0.007493
v 0.060284 -0.004998 0.007448
v 0.059499 -0.006814 0.009096
v 0.056442 0.000733 0.011462
v 0.052029 -0.000934 0.012619
v 0.051657 -0.003002 0.012865
v 0.05173 -0.00471 0.011978
v 0.051957 -0.00557 0.010223
v 0.056146 -0.005726 0.008924
v 0.052295 -0.00557 0.008306
v 0.056934 0.000733 0.008674
v 0.057669 -0.001776 0.008241
v 0.058017 -0.003002 0.010012
v 0.057222 -0.003916 0.008672
v 0.052681 0.000733 0.010799
v 0.047922 -0.000693 0.012286
v 0.047636 -0.003002 0.012737
v 0.047749 -0.00507 0.011864
v 0.04807 -0.00627 0.009806
v 0.048501 -0.00627 0.007366
v 0.052569 -0.003868 0.00793
v 0.048821 -0.004493 0.006251
v 0.053173 0.000733 0.008011
v 0.053069 -0.001776 0.00743
v 0.052577 -0.003002 0.009052
v 0.0485 0.001044 0.010183
v 0.045648 -0.000429 0.012317
v 0.044876 -0.003002 0.013414
v 0.045061 -0.005671 0.01237
v 0.045523 -0.007282 0.009747
v 0.046086 -0.007282 0.006551
v 0.046628 -0.005238 0.004649
v 0.048857 -0.003002 0.006749
v 0.046835 -0.003002 0.004648
v 0.049032 0.001044 0.00716
v 0.049128 -0.001271 0.005913
v 0.046664 0.000966 0.009828
v 0.043895 -0.001031 0.011028
v 0.043541 -0.003002 0.011628
v 0.043749 -0.004926 0.010924
v 0.04416 -0.006115 0.009057
v 0.04457 -0.006115 0.006734
v 0.044728 -0.004589 0.005372
v 0.044635 -0.003002 0.005423
v 0.047162 -0.000862 0.004899
v 0.044901 -0.001367 0.005324
v 0.047187 0.000966 0.006865
v 0.04447 0.000266 0.009171
v 0.044285 -0.003002 0.007881
v 0.0449 0.000266 0.006731
v 0.040662 -0.001697 0.026395
v 0.040302 -0.003002 0.027108
v 0.040929 -0.003002 0.024314
v 0.039452 -0.001307 0.026816
v 0.039001 -0.003002 0.027664
v 0.041128 -0.001111 0.025077
v 0.040192 -0.004365 0.026406
v 0.038884 -0.004872 0.027002
v 0.041377 -0.001111 0.023666
v 0.041519 -0.001931 0.022671
v 0.041523 -0.003002 0.022456
v 0.041081 -0.004132 0.022499
v 0.040483 -0.005082 0.023435
v 0.040209 -0.005082 0.024987
v 0.04005 -0.000481 0.025129
v 0.036535 -0.001307 0.026302
v 0.036386 -0.003002 0.026574
v 0.036314 -0.004443 0.02585
v 0.038975 -0.006091 0.025158
v 0.036375 -0.005208 0.024361
v 0.040382 -0.000481 0.023246
v 0.040487 -0.001561 0.021886
v 0.040413 -0.003002 0.021553
v 0.040018 -0.004619 0.021517
v 0.039382 -0.006091 0.022853
v 0.036905 2.3e-005 0.024769
v 0.033333 -0.001327 0.025706
v 0.03303 -0.003002 0.025904
v 0.033089 -0.004385 0.025187
v 0.033274 -0.005082 0.023764
v 0.036666 -0.005208 0.022713
v 0.033547 -0.005082 0.022212
v 0.037304 2.3e-005 0.022511
v 0.0379 -0.002009 0.02216
v 0.038182 -0.003002 0.023594
v 0.037538 -0.003742 0.022509
v 0.03386 2.3e-005 0.024232
v 0.030005 -0.001132 0.025437
v 0.029773 -0.003002 0.025801
v 0.029864 -0.004677 0.025094
v 0.030125 -0.005649 0.023428
v 0.030474 -0.005649 0.021452
v 0.033768 -0.003703 0.021908
v 0.030733 -0.00421 0.020547
v 0.034258 2.3e-005 0.021974
v 0.034173 -0.002009 0.021503
v 0.033774 -0.003002 0.022816
v 0.030473 0.000276 0.023732
v 0.028162 -0.000918 0.025461
v 0.027539 -0.003002 0.026349
v 0.027688 -0.005164 0.025504
v 0.028062 -0.006469 0.023379
v 0.028519 -0.006469 0.020791
v 0.028957 -0.004813 0.01925
v 0.030762 -0.003002 0.02095
v 0.029124 -0.003002 0.019249
v 0.030904 0.000276 0.021285
v 0.030982 -0.001599 0.020273
v 0.028986 0.000213 0.023445
v 0.026743 -0.001405 0.024417
v 0.026457 -0.003002 0.024902
v 0.026624 -0.00456 0.024332
v 0.026958 -0.005523 0.022821
v 0.02729 -0.005523 0.020938
v 0.027417 -0.004287 0.019835
v 0.027343 -0.003002 0.019877
v 0.029389 -0.001268 0.019453
v 0.027558 -0.001677 0.019797
v 0.029409 0.000213 0.021046
v 0.027208 -0.000354 0.022914
v 0.027059 -0.003002 0.021868
v 0.027557 -0.000354 0.020937
v 0.02387 -0.001828 0.039891
v 0.023566 -0.003002 0.040537
v 0.024118 -0.003002 0.03802
v 0.022879 -0.001477 0.040289
v 0.0225 -0.003002 0.041056
v 0.024269 -0.001301 0.038702
v 0.023487 -0.004229 0.03991
v 0.022415 -0.004684 0.040463
v 0.024493 -0.001301 0.037431
v 0.024623 -0.002038 0.036538
v 0.02463 -0.003002 0.036344
v 0.02427 -0.004018 0.036389
v 0.023769 -0.004874 0.037238
v 0.023522 -0.004874 0.038636
v 0.023392 -0.000733 0.038765
v 0.020517 -0.001477 0.039872
v 0.020392 -0.003002 0.04012
v 0.020344 -0.004299 0.039469
v 0.022517 -0.005782 0.038808
v 0.020418 -0.004988 0.038132
v 0.02369 -0.000733 0.037071
v 0.023796 -0.001705 0.035849
v 0.023741 -0.003002 0.035551
v 0.023422 -0.004457 0.035525
v 0.022883 -0.005782 0.036732
v 0.020842 -0.000279 0.038491
v 0.017923 -0.001495 0.039386
v 0.017674 -0.003002 0.039569
v 0.017734 -0.004247 0.038923
v 0.017905 -0.004874 0.037645
v 0.020679 -0.004988 0.036649
v 0.018151 -0.004874 0.036248
v 0.0212 -0.000279 0.036457
v 0.02169 -0.002108 0.036134
v 0.021896 -0.003002 0.037416
v 0.02139 -0.003668 0.036452
v 0.018374 -0.000279 0.038056
v 0.015223 -0.001319 0.039195
v 0.01503 -0.003002 0.039526
v 0.015114 -0.00451 0.03889
v 0.015351 -0.005385 0.037392
v 0.015665 -0.005385 0.035612
v 0.018335 -0.003633 0.035972
v 0.01589 -0.004088 0.034797
v 0.018732 -0.000279 0.036022
v 0.018671 -0.002108 0.035602
v 0.018327 -0.003002 0.036786
v 0.015629 -5.2e-005 0.037659
v 0.013725 -0.001126 0.039246
v 0.013205 -0.003002 0.040052
v 0.013339 -0.004947 0.039292
v 0.013676 -0.006122 0.03738
v 0.014086 -0.006122 0.035051
v 0.014467 -0.004633 0.03366
v 0.015907 -0.003002 0.035159
v 0.014602 -0.003002 0.033657
v 0.016017 -5.2e-005 0.035456
v 0.016096 -0.00174 0.034548
v 0.014425 -0.000109 0.037425
v 0.012588 -0.001565 0.03833
v 0.012348 -0.003002 0.038771
v 0.012493 -0.004404 0.038257
v 0.012786 -0.005271 0.036895
v 0.013085 -0.005271 0.035201
v 0.013206 -0.004158 0.03421
v 0.013146 -0.003002 0.034248
v 0.014814 -0.001442 0.033836
v 0.013321 -0.00181 0.034172
v 0.014806 -0.000109 0.035265
v 0.01299 -0.00062 0.036975
v 0.012884 -0.003002 0.036039
v 0.013303 -0.00062 0.035196
v 0.009643 -0.001945 0.051344
v 0.009374 -0.003002 0.051997
v 0.009906 -0.003002 0.049476
v 0.008822 -0.001629 0.051771
v 0.008488 -0.003002 0.052547
v 0.010007 -0.001471 0.05015
v 0.00933 -0.004107 0.051376
v 0.008437 -0.004517 0.051962
v 0.010231 -0.001471 0.048878
v 0.010367 -0.002134 0.047986
v 0.010379 -0.003002 0.047792
v 0.010083 -0.003917 0.04785
v 0.009647 -0.004687 0.04871
v 0.009401 -0.004687 0.050108
v 0.009289 -0.00096 0.050241
v 0.006908 -0.001629 0.051434
v 0.006798 -0.003002 0.051685
v 0.00678 -0.004169 0.05104
v 0.008575 -0.005503 0.050311
v 0.006884 -0.004789 0.049708
v 0.009588 -0.00096 0.048546
v 0.009715 -0.001834 0.047327
v 0.009679 -0.003002 0.047034
v 0.009418 -0.004311 0.047018
v 0.008941 -0.005503 0.048235
v 0.007219 -0.000551 0.05005
v 0.004808 -0.001645 0.051035
v 0.004599 -0.003002 0.051225
v 0.004669 -0.004122 0.050581
v 0.00485 -0.004687 0.049305
v 0.007145 -0.004789 0.048224
v 0.005096 -0.004687 0.047908
v 0.007577 -0.000551 0.048018
v 0.007987 -0.002197 0.04768
v 0.008113 -0.003002 0.048948
v 0.007732 -0.003602 0.048006
v 0.005219 -0.000551 0.049697
v 0.002612 -0.001488 0.050934
v 0.002443 -0.003002 0.051269
v 0.002533 -0.004359 0.050634
v 0.002775 -0.005146 0.049135
v 0.003088 -0.005146 0.047357
v 0.005255 -0.003569 0.047627
v 0.0033 -0.003981 0.046539
v 0.005578 -0.000551 0.047666
v 0.005541 -0.002197 0.047249
v 0.005222 -0.003002 0.048438
v 0.002993 -0.000348 0.049393
v 0.001389 -0.001314 0.051034
v 0.000937 -0.003002 0.051852
v 0.001071 -0.004753 0.051091
v 0.001409 -0.00581 0.049179
v 0.001819 -0.00581 0.04685
v 0.002175 -0.00447 0.045454
v 0.003302 -0.003002 0.046899
v 0.002286 -0.003002 0.045447
v 0.003382 -0.000348 0.04719
v 0.003476 -0.001867 0.046284
v 0.002019 -0.000398 0.049199
v 0.00049 -0.001708 0.050159
v 0.000281 -0.003002 0.050606
v 0.000415 -0.004264 0.05009
v 0.000699 -0.005044 0.048727
v 0.000998 -0.005044 0.047032
v 0.001129 -0.004044 0.046043
v 0.001078 -0.003002 0.046082
v 0.002453 -0.001598 0.045618
v 0.001223 -0.00193 0.046001
v 0.0024 -0.000398 0.047038
v 0.000861 -0.000857 0.048798
v 0.000806 -0.003002 0.047871
v 0.001175 -0.000857 0.047019
v 0.045759 -0.001364 -0.016464
v 0.044341 -0.004467 -0.013965
v 0.047797 -0.004823 -0.021963
v 0.039792 -0.000188 -0.017312
v 0.037773 -0.003313 -0.014414
v 0.04702 -0.000443 -0.020285
v 0.042584 -0.007318 -0.017066
v 0.037434 -0.00671 -0.017442
v 0.04764 -0.000443 -0.023804
v 0.04659 -0.001444 -0.027541
v 0.044995 -0.004094 -0.029848
v 0.043495 -0.006866 -0.028045
v 0.042034 -0.007959 -0.024762
v 0.041424 -0.007959 -0.021302
v 0.04155 0.00039 -0.021312
v 0.031268 0.001296 -0.018897
v 0.031891 -0.002248 -0.015857
v 0.03372 -0.005152 -0.019612
v 0.037747 -0.00775 -0.021764
v 0.036054 -0.004971 -0.023094
v 0.042149 0.00039 -0.02471
v 0.041146 -0.000445 -0.028541
v 0.039591 -0.003118 -0.031105
v 0.03901 -0.006257 -0.029205
v 0.038421 -0.00775 -0.025586
v 0.030455 0.002523 -0.023206
v 0.023915 0.003391 -0.018719
v 0.024947 -0.001004 -0.017081
v 0.025514 -0.003513 -0.021345
v 0.026558 -0.002746 -0.024988
v 0.036375 -0.004971 -0.024915
v 0.026804 -0.002746 -0.026384
v 0.031076 0.002523 -0.026725
v 0.033187 0.000376 -0.02892
v 0.034858 -0.002355 -0.029206
v 0.035548 -0.004339 -0.027358
v 0.023173 0.006459 -0.023363
v 0.015292 0.005908 -0.018396
v 0.013196 0.000913 -0.013078
v 0.014273 -0.004108 -0.018904
v 0.016278 -0.004507 -0.025298
v 0.017038 -0.004507 -0.029608
v 0.023949 -0.002305 -0.029485
v 0.017292 -0.002736 -0.033731
v 0.024179 0.006459 -0.029068
v 0.023113 0.003267 -0.032541
v 0.021424 7.8e-005 -0.032485
v 0.016818 0.0065 -0.024954
v 0.009626 0.006664 -0.019886
v 0.008349 0.001836 -0.015754
v 0.01007 -0.003549 -0.019317
v 0.01274 -0.005825 -0.025108
v 0.013779 -0.005825 -0.030995
v 0.013434 -0.002803 -0.035845
v 0.017528 0.00086 -0.035907
v 0.012824 0.001731 -0.037647
v 0.017663 0.0065 -0.029748
v 0.017936 0.004483 -0.033945
v 0.010611 0.00805 -0.025859
v 0.007716 0.005815 -0.022477
v 0.007857 0.002068 -0.020499
v 0.00761 -0.00108 -0.023191
v 0.007963 -0.002118 -0.02714
v 0.008594 -0.002118 -0.030721
v 0.009228 -0.000405 -0.033473
v 0.009686 0.002174 -0.034352
v 0.012545 0.00581 -0.03551
v 0.009356 0.005247 -0.034146
v 0.011521 0.00805 -0.031018
v 0.007671 0.007919 -0.026659
v 0.011097 0.001748 -0.028434
v 0.008484 0.007919 -0.031273
v 0.038855 -0.003667 0.00955
v 0.037833 -0.005332 0.01033
v 0.038761 -0.005388 0.006907
v 0.036133 -0.002661 0.009855
v 0.034831 -0.004823 0.010769
v 0.03984 -0.002975 0.007997
v 0.037106 -0.007075 0.00936
v 0.033976 -0.007251 0.009827
v 0.040147 -0.002975 0.006252
v 0.04009 -0.004068 0.004984
v 0.039807 -0.005501 0.004668
v 0.038491 -0.006843 0.004586
v 0.037025 -0.007944 0.005614
v 0.036687 -0.007944 0.00753
v 0.037414 -0.001671 0.007867
v 0.029041 -0.001391 0.008605
v 0.028345 -0.003638 0.00885
v 0.027683 -0.005501 0.007856
v 0.033531 -0.008798 0.007453
v 0.027348 -0.006449 0.005943
v 0.037824 -0.001671 0.005544
v 0.037547 -0.003074 0.003793
v 0.036961 -0.004965 0.003294
v 0.035629 -0.00698 0.003101
v 0.034033 -0.008798 0.004606
v 0.029927 0.000364 0.006787
v 0.021242 -2.1e-005 0.00719
v 0.020166 -0.002171 0.007312
v 0.019837 -0.004011 0.006354
v 0.019823 -0.004924 0.004556
v 0.027707 -0.006449 0.00391
v 0.020161 -0.004924 0.00264
v 0.030419 0.000364 0.003999
v 0.0313 -0.002607 0.003592
v 0.032035 -0.004175 0.00543
v 0.030097 -0.004822 0.003889
v 0.02252 0.001691 0.005481
v 0.013262 0.001666 0.006175
v 0.012344 -0.000788 0.006515
v 0.012024 -0.003037 0.005565
v 0.01208 -0.004336 0.00346
v 0.01251 -0.004336 0.00102
v 0.020951 -0.003132 0.002355
v 0.013284 -0.002434 -1.5e-005
v 0.023012 0.001691 0.002693
v 0.022238 -0.000985 0.001994
v 0.021318 -0.002256 0.003541
v 0.014363 0.003498 0.004163
v 0.008904 0.002732 0.005838
v 0.007102 0.000114 0.006753
v 0.006779 -0.002806 0.00562
v 0.006935 -0.004568 0.002943
v 0.007499 -0.004568 -0.000253
v 0.008622 -0.002403 -0.002053
v 0.013719 -0.000845 0.000553
v 0.009448 -2.7e-005 -0.001945
v 0.014896 0.003498 0.001141
v 0.014436 0.001007 -0.000204
v 0.010729 0.004062 0.003492
v 0.005175 0.002752 0.0042
v 0.004215 0.000679 0.004693
v 0.004134 -0.001454 0.003939
v 0.004396 -0.002783 0.002046
v 0.004806 -0.002783 -0.000278
v 0.005177 -0.001086 -0.001602
v 0.005309 0.000679 -0.001511
v 0.010531 0.002188 -0.00156
v 0.006117 0.002383 -0.001515
v 0.011251 0.004062 0.000529
v 0.006229 0.004086 0.002429
v 0.005036 0.00065 0.00096
v 0.006659 0.004086 -1.2e-005
v 0.021766 -0.002363 0.023039
v 0.020799 -0.004037 0.023828
v 0.021696 -0.004087 0.020399
v 0.019313 -0.001405 0.02339
v 0.018081 -0.00358 0.024317
v 0.022696 -0.00166 0.021473
v 0.020127 -0.00579 0.022867
v 0.017281 -0.006016 0.023384
v 0.023003 -0.00166 0.019731
v 0.022955 -0.002754 0.018465
v 0.022678 -0.004189 0.018149
v 0.021466 -0.00555 0.018084
v 0.020102 -0.00667 0.019129
v 0.019763 -0.00667 0.021047
v 0.020523 -0.000403 0.02139
v 0.012929 -0.000263 0.022264
v 0.012257 -0.002513 0.022514
v 0.011643 -0.004384 0.021528
v 0.016892 -0.007574 0.02102
v 0.011355 -0.005341 0.019624
v 0.020933 -0.000403 0.019066
v 0.020687 -0.00181 0.017319
v 0.020133 -0.003707 0.016828
v 0.018896 -0.005738 0.016651
v 0.017394 -0.007574 0.018172
v 0.013792 0.001498 0.020442
v 0.00591 0.000968 0.020987
v 0.004897 -0.001193 0.02112
v 0.004585 -0.003036 0.020166
v 0.004586 -0.003952 0.01837
v 0.011713 -0.005341 0.01759
v 0.004924 -0.003952 0.016453
v 0.014283 0.001498 0.017655
v 0.015037 -0.001451 0.017225
v 0.015647 -0.002995 0.019041
v 0.013906 -0.003679 0.017535
v 0.007125 0.002692 0.019267
v -0.001274 0.002514 0.020112
v -0.002152 5.2e-005 0.020459
v -0.002463 -0.002198 0.019511
v -0.002402 -0.003499 0.017408
v -0.001971 -0.003499 0.014968
v 0.005675 -0.002153 0.016163
v -0.00122 -0.001592 0.013928
v 0.007617 0.002692 0.016479
v 0.006882 1e-005 0.015787
v 0.006002 -0.001268 0.017341
v -0.000212 0.004352 0.018093
v -0.005197 0.003502 0.019852
v -0.00689 0.000865 0.020786
v -0.007214 -0.002056 0.019654
v -0.007057 -0.003819 0.016976
v -0.006494 -0.003819 0.013781
v -0.005409 -0.001646 0.011974
v -0.000808 1e-006 0.014492
v -0.004623 0.000738 0.012075
v 0.00032 0.004352 0.015073
v -0.000115 0.001857 0.01373
v -0.003484 0.004852 0.017487
v -0.008549 0.003454 0.018281
v -0.009462 0.001372 0.018782
v -0.009559 -0.000758 0.018024
v -0.009311 -0.002085 0.016129
v -0.008902 -0.002085 0.013805
v -0.008516 -0.00039 0.012484
v -0.008368 0.001372 0.012578
v -0.003611 0.002965 0.012447
v -0.007607 0.003086 0.012566
v -0.002961 0.004852 0.014523
v -0.007542 0.004796 0.016502
v -0.008658 0.001347 0.015047
v -0.007112 0.004796 0.014062
v 0.007427 -0.001551 0.03701
v 0.00646 -0.003225 0.037799
v 0.007358 -0.003276 0.034371
v 0.004974 -0.000593 0.037362
v 0.003742 -0.002768 0.038289
v 0.008358 -0.000848 0.035447
v 0.005789 -0.004978 0.036839
v 0.002943 -0.005205 0.037357
v 0.008665 -0.000848 0.033704
v 0.008616 -0.001942 0.032437
v 0.00834 -0.003378 0.032121
v 0.007128 -0.004738 0.032057
v 0.005762 -0.005857 0.033103
v 0.005424 -0.005857 0.035019
v 0.006184 0.000409 0.035363
v -0.001409 0.000549 0.036237
v -0.002083 -0.001701 0.036487
v -0.002696 -0.003572 0.0355
v 0.002552 -0.006763 0.034992
v -0.002984 -0.004529 0.033595
v 0.006594 0.000409 0.033039
v 0.006349 -0.000999 0.031292
v 0.005794 -0.002894 0.0308
v 0.004556 -0.004927 0.030623
v 0.003054 -0.006763 0.032145
v -0.000547 0.002309 0.034415
v -0.008428 0.001781 0.03496
v -0.009441 -0.000381 0.035093
v -0.009754 -0.002224 0.034138
v -0.009753 -0.00314 0.032343
v -0.002626 -0.004529 0.031563
v -0.009415 -0.00314 0.030426
v -5.6e-005 0.002309 0.031626
v 0.000699 -0.000639 0.031197
v 0.001308 -0.002184 0.033014
v -0.000433 -0.002866 0.031508
v -0.007213 0.003504 0.03324
v -0.015612 0.003327 0.034085
v -0.016491 0.000864 0.03443
v -0.016803 -0.001387 0.033483
v -0.01674 -0.002686 0.03138
v -0.01631 -0.002686 0.028939
v -0.008665 -0.001341 0.030135
v -0.015558 -0.00078 0.027899
v -0.006721 0.003504 0.030451
v -0.007457 0.000821 0.029759
v -0.008336 -0.000457 0.031313
v -0.01455 0.005165 0.032066
v -0.019536 0.004314 0.033824
v -0.021228 0.001677 0.034759
v -0.021553 -0.001244 0.033625
v -0.021395 -0.003007 0.030949
v -0.020832 -0.003007 0.027753
v -0.019748 -0.000834 0.025946
v -0.015147 0.000813 0.028465
v -0.018962 0.001549 0.026047
v -0.014018 0.005165 0.029044
v -0.014454 0.00267 0.027702
v -0.017823 0.005663 0.031458
v -0.022888 0.004266 0.032254
v -0.0238 0.002184 0.032755
v -0.023898 5.4e-005 0.031996
v -0.023651 -0.001272 0.030102
v -0.023241 -0.001272 0.027778
v -0.022854 0.000423 0.026456
v -0.022706 0.002184 0.02655
v -0.01795 0.003777 0.026419
v -0.021945 0.003897 0.026539
v -0.0173 0.005663 0.028496
v -0.021881 0.005608 0.030473
v -0.022996 0.002159 0.029019
v -0.021451 0.005608 0.028033
v -0.004659 -0.001064 0.048841
v -0.005625 -0.002738 0.049631
v -0.004728 -0.00279 0.046203
v -0.007112 -0.000106 0.049192
v -0.008344 -0.002281 0.050121
v -0.003728 -0.000361 0.047277
v -0.006297 -0.004491 0.048671
v -0.009144 -0.004719 0.049189
v -0.003421 -0.000361 0.045534
v -0.00347 -0.001457 0.044268
v -0.003746 -0.002891 0.043953
v -0.004958 -0.004251 0.043888
v -0.006324 -0.005371 0.044933
v -0.006662 -0.005371 0.04685
v -0.005902 0.000896 0.047193
v -0.013496 0.001036 0.048067
v -0.014169 -0.001214 0.048319
v -0.014783 -0.003086 0.047331
v -0.009534 -0.006276 0.046823
v -0.01507 -0.004043 0.045427
v -0.005492 0.000896 0.04487
v -0.005737 -0.000512 0.043123
v -0.006293 -0.002409 0.042631
v -0.007529 -0.00444 0.042454
v -0.009032 -0.006276 0.043976
v -0.012634 0.002796 0.046246
v -0.020514 0.002267 0.046791
v -0.021528 0.000106 0.046923
v -0.02184 -0.001737 0.045969
v -0.021839 -0.002653 0.044174
v -0.014712 -0.004043 0.043394
v -0.021501 -0.002653 0.042256
v -0.012142 0.002796 0.043457
v -0.011387 -0.000152 0.043028
v -0.010778 -0.001697 0.044845
v -0.012519 -0.00238 0.04334
v -0.019299 0.00399 0.045071
v -0.027698 0.003812 0.045917
v -0.028578 0.001351 0.046262
v -0.028889 -0.0009 0.045314
v -0.028826 -0.002201 0.043211
v -0.028395 -0.002201 0.040771
v -0.02075 -0.000854 0.041965
v -0.027645 -0.000294 0.03973
v -0.018807 0.00399 0.042282
v -0.019543 0.001308 0.04159
v -0.020423 3e-005 0.043144
v -0.026637 0.005651 0.043898
v -0.031623 0.0048 0.045655
v -0.033315 0.002163 0.04659
v -0.033639 -0.000757 0.045456
v -0.033481 -0.00252 0.04278
v -0.032918 -0.00252 0.039584
v -0.031834 -0.000348 0.037777
v -0.027232 0.001299 0.040295
v -0.031047 0.002036 0.037878
v -0.026104 0.005651 0.040876
v -0.02654 0.003156 0.039533
v -0.029908 0.00615 0.04329
v -0.034973 0.004752 0.044084
v -0.035886 0.002671 0.044585
v -0.035984 0.000541 0.043828
v -0.035737 -0.000786 0.041933
v -0.035327 -0.000786 0.039609
v -0.034941 0.000909 0.038287
v -0.034793 0.002671 0.038381
v -0.030036 0.004264 0.038251
v -0.034032 0.004384 0.038369
v -0.029385 0.00615 0.040327
v -0.033966 0.006095 0.042305
v -0.035082 0.002646 0.040851
v -0.033536 0.006095 0.039864
# 1065 verticies
vn 0.479443 0.608725 0.63213
vn 0.549441 -0.154671 0.821091
vn 0.954408 -0.193036 0.22769
vn -0.209533 0.883622 0.418698
vn -0.592232 0.334317 0.73314
vn 0.435383 0.867233 0.241556
vn 0.49672 -0.70287 0.509159
vn -0.55509 -0.651388 0.517271
vn 0.465045 0.884626 -0.034207
vn 0.607689 0.730259 -0.312148
vn 0.830832 0.120811 -0.543252
vn 0.659827 -0.673876 -0.332446
vn 0.514065 -0.856033 -0.054263
vn 0.475938 -0.86024 0.18295
vn 0.025441 0.994953 0.097059
vn 0.059995 0.822167 0.566075
vn -0.420983 0.014483 0.906953
vn -0.56592 -0.728904 0.385271
vn -0.558024 -0.823177 0.104823
vn -0.5866 -0.809865 0.004329
vn 0.097772 0.991004 -0.091383
vn 0.103972 0.726454 -0.679305
vn 0.246023 0.157154 -0.956439
vn -0.043461 -0.51263 -0.857509
vn -0.400013 -0.873109 -0.278693
vn 0.241127 0.957115 0.160586
vn 0.364551 0.770409 0.523042
vn 0.500876 0.091441 0.860675
vn 0.400609 -0.665597 0.629677
vn 0.365725 -0.900245 0.236228
vn -0.583171 -0.679988 -0.44444
vn 0.502898 -0.821859 -0.26766
vn 0.446399 0.771789 -0.452846
vn -0.232717 0.219174 -0.947526
vn -0.406473 -0.012067 -0.913583
vn 0.054906 0.984316 0.167652
vn -0.401365 0.778591 0.482392
vn -0.301242 0.162061 0.939675
vn -0.059598 -0.77593 0.627997
vn 0.019769 -0.981842 0.188666
vn 0.096037 -0.947506 -0.304974
vn 0.632732 -0.054835 -0.772427
vn 0.268815 -0.291083 -0.918155
vn 0.088644 0.951506 -0.294583
vn 0.536907 0.384336 -0.75101
vn 0.483045 0.491207 -0.724833
vn -0.856633 0.504565 0.107674
vn -0.691734 0.67807 -0.248445
vn -0.826301 0.561578 -0.043083
vn -0.966628 0.097015 0.237103
vn -0.925804 -0.333224 0.178462
vn -0.841803 -0.539688 -0.010228
vn -0.799669 -0.549551 -0.241918
vn -0.77391 -0.322023 -0.545311
vn 0.311789 0.244087 -0.918264
vn -0.700616 0.04409 -0.712175
vn -0.631649 0.382801 -0.674154
vn -0.988259 -0.00096 -0.152788
vn 0.572384 0.787048 -0.230068
vn 0.450779 0.073785 -0.889581
vn 0.273328 0.576782 -0.769814
vn 0.275114 0.330256 -0.902908
vn 0.174175 0.918735 -0.354385
vn 0.32386 0.944356 -0.057497
vn 0.310117 0.840383 -0.444505
vn 0.043154 0.666862 -0.743931
vn 0.408344 0.589128 -0.697269
vn 0.332743 -0.52597 -0.782712
vn 0.592611 0.185846 -0.783756
vn -0.014804 0.813324 -0.581622
vn 0.071505 0.757745 -0.648621
vn -0.280169 -0.422421 -0.862013
vn -0.155755 -0.263038 -0.95213
vn 0.26332 0.952553 0.152662
vn -0.272221 0.960456 -0.058483
vn 0.769053 0.602963 -0.212115
vn 0.039689 0.994073 -0.101212
vn 0.209218 0.965525 0.154883
vn 0.175499 0.446139 -0.877588
vn -0.794892 0.335538 -0.505531
vn -0.136691 0.612138 -0.778847
vn 0.162004 -0.31531 -0.935059
vn 0.721863 0.452205 -0.523855
vn 0.246405 0.388148 -0.888046
vn 0.697261 0.098727 -0.709986
vn 0.185206 0.445324 -0.876005
vn 0.072042 0.97734 -0.199041
vn 0.392199 0.729408 -0.560486
vn 0.31834 0.832613 -0.453228
vn 0.26645 0.2402 -0.933439
vn -0.504961 -0.071811 -0.86015
vn -0.501703 0.248335 -0.828628
vn -0.400088 -0.010323 -0.916419
vn 0.434865 0.871272 0.227547
vn -0.307821 0.94738 0.087847
vn 0.381238 0.84458 0.375954
vn -0.099562 0.940611 0.32456
vn -0.427159 0.901539 0.069007
vn -0.551548 -0.833834 -0.022695
vn -0.48073 -0.822155 -0.304893
vn 0.127465 0.987997 -0.087265
vn 0.106563 0.994218 0.013204
vn -0.032744 0.996482 0.077142
vn 0.196581 0.959145 -0.203462
vn -0.089433 0.968153 0.233839
vn 0.168214 0.953966 0.2483
vn -0.233409 0.152335 -0.960372
vn -0.704217 0.284468 -0.650505
vn -0.730377 0.499738 -0.46563
vn -0.987559 0.045855 -0.150414
vn 0.440326 0.185143 -0.878541
vn -0.294459 0.093339 -0.951095
vn -0.352515 0.093156 -0.931158
vn 0.781986 -0.459456 -0.421186
vn 0.637704 -0.501207 -0.584915
vn 0.238708 -0.344445 -0.907952
vn 0.281609 0.186178 -0.941294
vn 0.309713 -0.554171 -0.77264
vn 0.669789 0.215423 -0.710617
vn 0.779298 0.094314 -0.619516
vn 0.732653 0.445249 -0.514754
vn 0.671785 0.685847 -0.279856
vn 0.121617 0.041754 -0.991699
vn 0.616946 -0.506167 -0.602638
vn 0.054691 -0.491559 -0.869125
vn -0.56259 -0.658253 -0.500195
vn -0.571792 -0.790018 -0.221192
vn -0.128399 -0.729039 -0.672322
vn 0.378326 0.784406 0.491504
vn 0.20369 0.775493 0.597596
vn 0.138139 0.828173 0.543182
vn -0.57472 0.797032 0.185572
vn -0.421816 0.767746 0.482325
vn -0.965911 0.250263 0.066215
vn -0.976346 0.029153 -0.21424
vn 0.402839 0.914417 -0.039531
vn 0.099668 0.993769 0.0499
vn 0.468656 0.861238 0.196545
vn 0.143787 0.968029 0.205534
vn -0.219903 0.911941 0.346418
vn 0.572271 0.797664 -0.190365
vn -0.462934 0.584928 0.665997
vn -0.753549 0.045881 -0.655788
vn -0.991701 0.073022 -0.105814
vn -0.985623 0.016453 -0.168158
vn -0.983159 0.00596 -0.182654
vn -0.982879 0.022842 -0.182832
vn -0.98956 0.037643 -0.13912
vn -0.988762 -0.026663 -0.147104
vn -0.757541 -0.252855 -0.601827
vn -0.818511 -0.010501 -0.574395
vn -0.44625 -0.368341 -0.815589
vn 0.288402 -0.929602 -0.229487
vn 0.215762 -0.773115 -0.596439
vn 0.49796 -0.801468 -0.331186
vn -0.453279 -0.694242 -0.559076
vn -0.46676 -0.803883 -0.368656
vn 0.706205 -0.567895 -0.422811
vn 0.953882 -0.145671 -0.262469
vn 0.914235 0.393287 -0.097465
vn 0.80627 0.591262 0.018371
vn 0.63944 -0.688017 -0.343146
vn 0.474852 -0.879092 -0.04138
vn 0.489069 -0.860268 -0.144048
vn 0.42904 -0.891592 0.144875
vn -0.377717 -0.913326 0.152203
vn 0.509469 0.465264 0.723858
vn 0.256003 0.71258 0.653217
vn 0.462907 0.452208 0.762381
vn -0.153499 0.464531 0.872152
vn 0.321139 0.059545 0.945158
vn -0.947384 0.117137 0.297897
vn -0.523811 0.616523 0.587811
vn 0.820378 0.495017 0.286249
vn 0.768877 0.379432 0.514645
vn 0.491849 0.75734 0.429558
vn 0.16007 0.838001 0.521662
vn 0.484179 0.620136 0.617254
vn 0.226732 0.616107 0.754324
vn -0.771407 0.452709 0.447198
vn -0.652431 0.667243 0.359333
vn -0.603169 0.070876 0.794458
vn -0.916416 -0.363963 0.166468
vn -0.969488 -0.19031 0.154518
vn -0.88777 -0.455919 -0.063269
vn -0.823801 -0.509262 -0.249007
vn -0.841263 -0.373075 -0.39127
vn -0.085673 -0.995088 -0.049594
vn 0.391545 -0.894596 0.215386
vn 0.385745 -0.920163 0.067085
vn -0.488499 -0.82189 -0.293029
vn 0.196207 -0.979999 0.033245
vn -0.598295 -0.799044 0.059759
vn 0.701728 -0.709112 -0.06883
vn 0.947756 -0.222126 0.228951
vn 0.621488 -0.777846 0.093314
vn 0.580115 -0.782897 0.224809
vn 0.461175 -0.822184 0.333663
vn -0.557205 -0.780082 0.284596
vn 0.454133 -0.746129 0.486882
vn -0.092599 0.18171 0.978983
vn 0.546724 0.012626 0.837218
vn 0.514734 -0.451623 0.728756
vn 0.353785 -0.638987 0.683031
vn 0.157416 -0.391716 0.90652
vn -0.780479 -0.396137 0.483662
vn -0.852028 0.018544 0.523168
vn 0.736458 -0.175544 0.653309
vn 0.524846 0.367026 0.768003
vn 0.327058 0.059908 0.943103
vn 0.491928 -0.038072 0.869803
vn -0.525205 0.169304 0.833964
vn -0.984076 -0.066838 0.164706
vn -0.335196 -0.463783 0.820091
vn -0.220246 -0.490379 0.84322
vn -0.740806 -0.533686 0.407904
vn -0.605393 -0.768671 0.206504
vn -0.548796 -0.831777 0.083481
vn -0.489576 -0.866714 -0.095514
vn 0.021416 -0.976819 0.212993
vn 0.172975 -0.908775 0.379747
vn 0.555419 -0.730716 0.396943
vn 0.381602 -0.84479 0.375114
vn -0.552399 -0.687622 0.471202
vn -0.636212 -0.679109 0.366122
vn 0.655246 -0.64497 0.393278
vn 0.510496 -0.500491 0.699216
vn 0.337668 -0.490763 0.803201
vn 0.589236 -0.370741 0.717881
vn 0.181276 -0.751381 0.634481
vn 0.043038 -0.918998 0.391906
vn 0.479306 0.60916 0.631815
vn 0.549402 -0.154296 0.821188
vn 0.954526 -0.192524 0.22763
vn -0.2094 0.883593 0.418825
vn -0.59226 0.334403 0.733078
vn 0.435157 0.867347 0.241552
vn 0.496747 -0.702743 0.509308
vn -0.555176 -0.651052 0.517602
vn 0.465051 0.884618 -0.034334
vn 0.607837 0.730029 -0.312397
vn 0.830799 0.121211 -0.543214
vn 0.660429 -0.673103 -0.332815
vn 0.514099 -0.856024 -0.054092
vn 0.475887 -0.860267 0.182954
vn 0.025618 0.994927 0.097279
vn 0.059863 0.821996 0.566339
vn -0.421135 0.014414 0.906884
vn -0.566067 -0.728699 0.385443
vn -0.558087 -0.823131 0.104856
vn -0.586705 -0.809789 0.004436
vn 0.097948 0.990977 -0.09149
vn 0.163651 0.812475 -0.559555
vn 0.235804 -0.004257 -0.971791
vn -0.043559 -0.512642 -0.857497
vn -0.400351 -0.872988 -0.278588
vn 0.240852 0.957168 0.160683
vn 0.364217 0.770551 0.523065
vn 0.500734 0.091339 0.860769
vn 0.400534 -0.665477 0.629852
vn 0.365788 -0.90017 0.236418
vn -0.583228 -0.680004 -0.444342
vn 0.50299 -0.821845 -0.267528
vn 0.300478 0.941481 -0.152727
vn 0.290428 0.507592 -0.811173
vn -0.097933 -0.104222 -0.989721
vn -0.406754 -0.012518 -0.913452
vn 0.20069 0.959291 0.198706
vn -0.409987 0.79462 0.447761
vn -0.301177 0.162211 0.93967
vn -0.059735 -0.775832 0.628105
vn 0.019891 -0.981802 0.188861
vn 0.096063 -0.947561 -0.304795
vn 0.632852 -0.054934 -0.772321
vn 0.268883 -0.290942 -0.91818
vn 0.19013 0.937604 -0.291116
vn 0.378051 0.182189 -0.907681
vn 0.470198 0.153866 -0.869045
vn -0.068496 0.991521 0.11043
vn -0.986383 0.153947 0.057869
vn -0.96654 0.097049 0.237448
vn -0.925736 -0.333446 0.1784
vn -0.841858 -0.539605 -0.010115
vn -0.799677 -0.549611 -0.241755
vn -0.774094 -0.322102 -0.545003
vn 0.27232 0.351668 -0.89564
vn -0.700464 0.044836 -0.712278
vn 0.963763 0.083661 -0.253301
vn 0.444452 0.405357 -0.798842
vn -0.025526 -0.993216 -0.113445
vn -0.988259 -0.000872 -0.152786
vn -0.683074 0.239279 -0.69004
vn -0.843726 -0.526274 -0.105649
vn 0.479174 0.60921 0.631867
vn 0.549457 -0.154482 0.821117
vn 0.954434 -0.19285 0.22774
vn -0.2094 0.883421 0.419189
vn -0.59222 0.334487 0.733071
vn 0.435262 0.867183 0.241951
vn 0.496491 -0.703019 0.509177
vn -0.555034 -0.651626 0.51703
vn 0.465061 0.884612 -0.034361
vn 0.607569 0.730451 -0.311931
vn 0.830926 0.120994 -0.543068
vn 0.659526 -0.674223 -0.332339
vn 0.514081 -0.856014 -0.05442
vn 0.475883 -0.860281 0.182899
vn 0.025575 0.994932 0.097245
vn 0.060033 0.821851 0.56653
vn -0.420615 0.013997 0.907131
vn -0.56574 -0.728837 0.38566
vn -0.558146 -0.823103 0.104758
vn -0.586477 -0.809955 0.004257
vn 0.0979459 0.990979 -0.0914679
vn 0.163625 0.813166 -0.558558
vn 0.235522 -0.005425 -0.971854
vn -0.043491 -0.512682 -0.857476
vn -0.400051 -0.87316 -0.27848
vn 0.240838 0.957181 0.160628
vn 0.364408 0.770406 0.523145
vn 0.500849 0.091357 0.8607
vn 0.400644 -0.665423 0.629838
vn 0.365668 -0.900214 0.236436
vn -0.583239 -0.67998 -0.444363
vn 0.502804 -0.821943 -0.267577
vn 0.300402 0.941572 -0.152316
vn 0.290842 0.507391 -0.811151
vn -0.0977211 -0.105337 -0.989624
vn -0.406346 -0.012106 -0.913639
vn 0.200609 0.959316 0.19867
vn -0.410887 0.794321 0.447467
vn -0.301433 0.162067 0.939613
vn -0.059548 -0.775841 0.628113
vn 0.019669 -0.981836 0.188707
vn 0.095932 -0.947514 -0.304982
vn 0.632784 -0.05499 -0.772373
vn 0.26869 -0.291386 -0.918096
vn 0.189985 0.937655 -0.291049
vn 0.377741 0.180976 -0.908052
vn 0.47021 0.153699 -0.869068
vn -0.069331 0.991485 0.110234
vn -0.986469 0.153643 0.057201
vn -0.966722 0.096976 0.236737
vn -0.925874 -0.333081 0.178368
vn -0.841851 -0.539613 -0.010223
vn -0.799694 -0.549466 -0.242028
vn -0.773907 -0.322129 -0.545253
vn 0.272305 0.351262 -0.895804
vn -0.700828 0.043703 -0.71199
vn 0.963837 0.08952 -0.251005
vn 0.446162 0.407542 -0.796774
vn -0.022763 -0.993334 -0.113006
vn -0.988273 -0.000898 -0.152693
vn -0.682995 0.239417 -0.690071
vn -0.844879 -0.524508 -0.105217
vn 0.549456 -0.153859 0.821234
vn 0.954458 -0.192741 0.22773
vn -0.209356 0.883486 0.419074
vn -0.592086 0.334667 0.733098
vn 0.496677 -0.702697 0.50944
vn -0.555091 -0.651303 0.517377
vn 0.607634 0.730273 -0.312222
vn 0.830825 0.120667 -0.543294
vn 0.659511 -0.674227 -0.33236
vn 0.514094 -0.856006 -0.054419
vn 0.475942 -0.860248 0.182901
vn 0.025594 0.994927 0.097287
vn 0.060007 0.822121 0.566141
vn -0.420855 0.014208 0.907017
vn -0.565858 -0.728755 0.385643
vn -0.558212 -0.823054 0.104794
vn -0.586589 -0.809874 0.004328
vn 0.097939 0.990975 -0.091525
vn 0.163516 0.812855 -0.559044
vn 0.235336 -0.005307 -0.9719
vn -0.043482 -0.513075 -0.857242
vn -0.400096 -0.87303 -0.278822
vn 0.240923 0.957141 0.160741
vn 0.36439 0.770527 0.522979
vn 0.500921 0.091377 0.860656
vn 0.400571 -0.665666 0.629628
vn 0.365665 -0.900205 0.236473
vn -0.583371 -0.679882 -0.444341
vn 0.502868 -0.821936 -0.26748
vn 0.300467 0.941511 -0.152567
vn 0.290539 0.508203 -0.810751
vn -0.0980711 -0.104501 -0.989678
vn -0.406763 -0.012615 -0.913447
vn 0.200827 0.959262 0.198709
vn -0.41073 0.794273 0.447696
vn -0.301373 0.162021 0.93964
vn -0.059557 -0.775948 0.627979
vn 0.019934 -0.981817 0.188779
vn 0.095844 -0.947587 -0.304785
vn 0.632784 -0.05498 -0.772374
vn 0.268859 -0.290782 -0.918238
vn 0.189954 0.937663 -0.291042
vn 0.377706 0.182169 -0.907828
vn 0.469943 0.153706 -0.869211
vn -0.069177 0.991503 0.110169
vn -0.986576 0.153028 0.057011
vn -0.966682 0.096815 0.236964
vn -0.925868 -0.33303 0.178492
vn -0.841785 -0.539716 -0.010259
vn -0.799701 -0.549519 -0.241884
vn -0.774167 -0.321766 -0.545098
vn 0.272452 0.351887 -0.895514
vn -0.700654 0.04442 -0.712117
vn 0.96375 0.098115 -0.248112
vn 0.448732 0.410693 -0.793707
vn -0.021825 -0.993348 -0.113065
vn -0.988258 -0.000874 -0.152789
vn -0.68284 0.239238 -0.690286
vn -0.847014 -0.52075 -0.106707
vn 0.731825 0.261644 0.629265
vn 0.726628 -0.166724 0.666494
vn 0.950051 -0.211869 0.22916
vn 0.129488 0.635436 0.761218
vn 0.00429 0.03263 0.999458
vn 0.797275 0.4798 0.366258
vn 0.759045 -0.494651 0.423286
vn 0.040053 -0.654138 0.755314
vn 0.8642 0.501854 0.036075
vn 0.910851 0.30792 -0.274837
vn 0.907109 -0.08884 -0.411413
vn 0.867249 -0.412778 -0.278376
vn 0.822127 -0.568933 -0.020532
vn 0.792572 -0.579834 0.188739
vn 0.282353 0.904287 0.320222
vn -0.126725 0.528713 0.839287
vn -0.255039 -0.083891 0.963285
vn -0.272382 -0.668189 0.692338
vn 0.144834 -0.953255 0.265194
vn -0.21734 -0.949825 0.224933
vn 0.408437 0.879251 -0.245148
vn 0.347499 0.391202 -0.852177
vn 0.16033 -0.146471 -0.976136
vn 0.268294 -0.263066 -0.926723
vn 0.285396 -0.853618 -0.435759
vn 0.020986 0.934224 0.356068
vn -0.09397 0.484454 0.869755
vn -0.10394 -0.151716 0.982944
vn -0.048651 -0.703679 0.70885
vn 0.033395 -0.970801 0.237551
vn -0.075363 -0.754129 -0.652387
vn 0.197713 -0.823996 -0.530981
vn 0.096086 0.849564 -0.51866
vn -0.049564 -0.160206 -0.985838
vn -0.196928 -0.169432 -0.965667
vn -0.009606 0.325634 -0.945447
vn -0.015738 0.936749 0.349648
vn 0.048235 0.528701 0.847437
vn 0.101567 -0.107558 0.988997
vn 0.15545 -0.64408 0.748997
vn 0.239599 -0.929056 0.281863
vn 0.389836 -0.854433 -0.343472
vn 0.294825 0.210054 -0.932178
vn 0.537278 -0.153851 -0.829254
vn 0.148812 0.778253 -0.610063
vn 0.22182 -0.319129 -0.921386
vn 0.32118 0.065649 -0.94474
vn 0.007175 0.951708 0.306921
vn -0.335773 0.674594 0.657404
vn -0.363884 0.014749 0.931328
vn -0.290664 -0.638183 0.712907
vn -0.196325 -0.951563 0.236612
vn -0.075397 -0.912198 -0.402753
vn 0.112174 -0.348752 -0.930478
vn 0.551802 0.059147 -0.831875
vn 0.222472 0.057765 -0.973226
vn 0.139646 0.834673 -0.532747
vn 0.385304 -0.025876 -0.922427
vn -0.238071 0.952498 0.189919
vn -0.816094 0.525338 0.240854
vn -0.935902 0.128956 0.327809
vn -0.929607 -0.290068 0.227358
vn -0.87733 -0.479568 0.017524
vn -0.83021 -0.486501 -0.272155
vn -0.754559 -0.267406 -0.599278
vn -0.693024 0.031125 -0.720243
vn 0.17084 0.342267 -0.923941
vn -0.666441 0.25194 -0.7017
vn -0.043998 0.902336 -0.428781
vn -0.6996 0.714481 -0.008791
vn -0.983849 0.047624 -0.172547
vn -0.656025 0.620429 -0.429767
vn 0.731766 0.261683 0.629317
vn 0.726671 -0.166737 0.666445
vn 0.950092 -0.211634 0.229209
vn 0.129541 0.635541 0.761122
vn 0.00407 0.032646 0.999459
vn 0.797183 0.48008 0.366091
vn 0.759163 -0.494428 0.423335
vn 0.040184 -0.654118 0.755325
vn 0.86413 0.501955 0.036337
vn 0.910947 0.307785 -0.274672
vn 0.907116 -0.088803 -0.411406
vn 0.867242 -0.41273 -0.278471
vn 0.822202 -0.56882 -0.020686
vn 0.792626 -0.579641 0.189103
vn 0.282313 0.904361 0.320047
vn -0.126717 0.528614 0.839351
vn -0.255139 -0.083852 0.963262
vn -0.272566 -0.668161 0.692292
vn 0.144844 -0.953213 0.265339
vn -0.217551 -0.949757 0.22502
vn 0.408654 0.879131 -0.245217
vn 0.347326 0.391121 -0.852285
vn 0.160293 -0.146509 -0.976136
vn 0.268239 -0.263147 -0.926715
vn 0.285346 -0.853612 -0.435803
vn 0.020981 0.93424 0.356028
vn -0.093929 0.484189 0.869907
vn -0.10393 -0.151757 0.982939
vn -0.04861 -0.70352 0.709011
vn 0.033426 -0.970805 0.237529
vn -0.075481 -0.753988 -0.652537
vn 0.197832 -0.823981 -0.53096
vn 0.095919 0.849523 -0.518758
vn -0.049767 -0.160077 -0.985849
vn -0.197005 -0.169414 -0.965654
vn -0.009622 0.325643 -0.945444
vn -0.015662 0.936751 0.349647
vn 0.048146 0.528556 0.847532
vn 0.101705 -0.10786 0.98895
vn 0.155485 -0.643902 0.749142
vn 0.239656 -0.929002 0.281995
vn 0.38983 -0.854511 -0.343284
vn 0.295004 0.210183 -0.932092
vn 0.53728 -0.154039 -0.829218
vn 0.148929 0.778296 -0.609979
vn 0.221959 -0.318898 -0.921433
vn 0.32131 0.065735 -0.94469
vn 0.007285 0.95169 0.306975
vn -0.335974 0.674309 0.657593
vn -0.363905 0.014699 0.93132
vn -0.290526 -0.638143 0.713
vn -0.196407 -0.951529 0.236679
vn -0.075027 -0.912242 -0.402722
vn 0.112382 -0.348723 -0.930464
vn 0.551746 0.059182 -0.83191
vn 0.222259 0.057873 -0.973269
vn 0.139816 0.83484 -0.532441
vn 0.385273 -0.025425 -0.922452
vn -0.237942 0.952481 0.190169
vn -0.816197 0.525017 0.241203
vn -0.935849 0.128864 0.327995
vn -0.929661 -0.289852 0.227412
vn -0.877312 -0.479604 0.01741
vn -0.830192 -0.486596 -0.272039
vn -0.754458 -0.267261 -0.59947
vn -0.692922 0.031468 -0.720325
vn 0.170567 0.342458 -0.923921
vn -0.666459 0.25191 -0.701693
vn -0.044073 0.902392 -0.428657
vn -0.699646 0.714437 -0.008668
vn -0.983845 0.047619 -0.172574
vn -0.656 0.620381 -0.429874
vn 0.752042 0.255096 0.607749
vn 0.748863 -0.153352 0.644738
vn 0.955445 -0.191912 0.224264
vn 0.151494 0.630468 0.761289
vn 0.017657 0.030783 0.99937
vn 0.812321 0.461739 0.356275
vn 0.782972 -0.464981 0.413217
vn 0.050355 -0.653102 0.755594
vn 0.875433 0.481465 0.042529
vn 0.920244 0.296173 -0.255797
vn 0.91844 -0.078594 -0.387674
vn 0.885667 -0.385339 -0.25905
vn 0.844589 -0.535324 -0.009915
vn 0.816487 -0.544986 0.190629
vn 0.311428 0.893535 0.32343
vn -0.124651 0.528689 0.839613
vn -0.263968 -0.084251 0.960845
vn -0.287291 -0.667228 0.687219
vn 0.1543 -0.951464 0.266284
vn -0.235094 -0.946584 0.220701
vn 0.438726 0.867534 -0.234317
vn 0.363844 0.390392 -0.845702
vn 0.163885 -0.147092 -0.975452
vn 0.284648 -0.254442 -0.924248
vn 0.29842 -0.848848 -0.436351
vn 0.029887 0.933352 0.357716
vn -0.087687 0.484074 0.870622
vn -0.096721 -0.151513 0.983712
vn -0.040529 -0.70323 0.709806
vn 0.041332 -0.970131 0.239036
vn -0.094654 -0.749443 -0.655268
vn 0.208256 -0.823365 -0.52792
vn 0.096918 0.850097 -0.517631
vn -0.070577 -0.156974 -0.985078
vn -0.220796 -0.167544 -0.960822
vn -0.024389 0.330096 -0.943632
vn -0.010848 0.936471 0.350578
vn 0.068517 0.527071 0.847055
vn 0.12887 -0.106039 0.985976
vn 0.183595 -0.637804 0.747996
vn 0.267416 -0.920414 0.285178
vn 0.41866 -0.845283 -0.331995
vn 0.307767 0.209739 -0.928056
vn 0.567805 -0.151557 -0.809091
vn 0.153231 0.777877 -0.609449
vn 0.227852 -0.319743 -0.9197
vn 0.33591 0.065728 -0.939598
vn 0.013735 0.951372 0.307738
vn -0.352235 0.6727 0.650696
vn -0.373228 0.017058 0.927583
vn -0.297488 -0.636339 0.711739
vn -0.203302 -0.950175 0.236297
vn -0.08277 -0.911853 -0.402085
vn 0.10911 -0.349086 -0.930717
vn 0.582319 0.05828 -0.810869
vn 0.224689 0.057959 -0.972705
vn 0.144125 0.834754 -0.531427
vn 0.405982 -0.026552 -0.913495
vn -0.257732 0.948389 0.184748
vn -0.832444 0.50562 0.226682
vn -0.945817 0.121931 0.300937
vn -0.940461 -0.272316 0.203414
vn -0.891685 -0.452617 0.005987
vn -0.846535 -0.45945 -0.268857
vn -0.773702 -0.251907 -0.581316
vn -0.713541 0.028239 -0.700044
vn 0.169192 0.342787 -0.924051
vn -0.686588 0.238715 -0.68674
vn -0.057251 0.900767 -0.430512
vn -0.716987 0.696963 -0.013129
vn -0.984034 0.043151 -0.17267
vn -0.674709 0.602643 -0.426132
vn 0.788553 0.256316 0.559005
vn 0.790865 -0.142096 0.595265
vn 0.961088 -0.17347 0.214982
vn 0.187347 0.650868 0.735712
vn 0.044827 0.03041 0.998532
vn 0.832101 0.446168 0.329459
vn 0.813552 -0.438795 0.381566
vn 0.072786 -0.683667 0.726155
vn 0.885037 0.461937 0.057655
vn 0.933704 0.291035 -0.208558
vn 0.939248 -0.068661 -0.336303
vn 0.906746 -0.363066 -0.214463
vn 0.863818 -0.503622 0.013563
vn 0.839143 -0.510473 0.187768
vn 0.345901 0.886937 0.306097
vn -0.118412 0.555943 0.822743
vn -0.283301 -0.092239 0.954585
vn -0.309951 -0.693067 0.650837
vn 0.165983 -0.95476 0.246746
vn -0.252211 -0.948021 0.194027
vn 0.470013 0.860155 -0.198045
vn 0.390077 0.417127 -0.820881
vn 0.179535 -0.155263 -0.971422
vn 0.312307 -0.263643 -0.912665
vn 0.299948 -0.856212 -0.420634
vn 0.044327 0.941076 0.335279
vn -0.070709 0.513949 0.854902
vn -0.07964 -0.163892 0.983258
vn -0.023266 -0.731744 0.681183
vn 0.053122 -0.973801 0.221108
vn -0.120172 -0.750837 -0.649463
vn 0.223429 -0.832647 -0.506733
vn 0.0898611 0.860268 -0.501861
vn -0.113738 -0.14809 -0.982412
vn -0.27943 -0.174988 -0.944086
vn -0.058199 0.352626 -0.933953
vn -0.000139 0.944886 0.327401
vn 0.112898 0.555986 0.823488
vn 0.189314 -0.11174 0.975538
vn 0.234774 -0.656607 0.716763
vn 0.302208 -0.914605 0.268642
vn 0.451186 -0.842489 -0.294352
vn 0.335564 0.216867 -0.916714
vn 0.629725 -0.160506 -0.760056
vn 0.157055 0.785003 -0.599253
vn 0.241889 -0.331256 -0.912008
vn 0.372765 0.070634 -0.925234
vn 0.026734 0.957781 0.286255
vn -0.371215 0.700429 0.60959
vn -0.388434 0.023848 0.921168
vn -0.295798 -0.668332 0.682522
vn -0.203037 -0.955577 0.213656
vn -0.098409 -0.92176 -0.375065
vn 0.098144 -0.377642 -0.920736
vn 0.646276 0.057597 -0.760927
vn 0.227886 0.064215 -0.971568
vn 0.151083 0.845309 -0.512471
vn 0.453162 -0.026985 -0.89102
vn -0.275689 0.947828 0.160053
vn -0.84994 0.492816 0.186373
vn -0.962627 0.119258 0.243162
vn -0.953892 -0.258959 0.15176
vn -0.903822 -0.427443 -0.019943
vn -0.864193 -0.432961 -0.256349
vn -0.808177 -0.241779 -0.537022
vn -0.754735 0.025518 -0.655533
vn 0.166119 0.367255 -0.915166
vn -0.725714 0.231966 -0.647712
vn -0.072952 0.909421 -0.409429
vn -0.732102 0.680685 -0.026355
vn -0.984192 0.038507 -0.172866
vn -0.699123 0.591235 -0.40208
vn 0.529757 0.55357 0.642586
vn 0.363129 -0.431443 0.82583
vn 0.869246 -0.493035 0.036443
vn 0.059758 0.860624 0.505722
vn -0.233039 0.00067 0.972467
vn 0.586263 0.770992 0.24873
vn 0.160615 -0.936126 0.312842
vn -0.40987 -0.814239 0.411122
vn 0.633343 0.769008 -0.086621
vn 0.660522 0.548925 -0.512243
vn 0.59336 -0.07956 -0.800996
vn 0.31816 -0.786955 -0.528656
vn 0.185529 -0.971414 -0.148104
vn 0.145335 -0.988095 0.050456
vn 0.144368 0.982177 0.120355
vn 0.113676 0.820264 0.560576
vn -0.227054 -0.129833 0.965189
vn -0.318839 -0.929676 0.18451
vn -0.515587 -0.856353 0.028791
vn -0.461177 -0.88148 -0.101534
vn 0.194688 0.972879 -0.124914
vn 0.207255 0.768119 -0.605837
vn -0.034377 -0.089592 -0.995385
vn -0.267876 -0.763086 -0.588168
vn -0.42367 -0.892952 -0.152118
vn 0.284453 0.941408 0.181214
vn 0.292047 0.705359 0.645893
vn 0.113158 -0.235236 0.965329
vn -0.044342 -0.976499 0.210913
vn -0.007612 -0.995479 -0.094682
vn -0.541924 -0.838174 -0.061508
vn 0.015831 -0.991212 -0.131331
vn 0.353222 0.920095 -0.169289
vn 0.227713 0.577422 -0.784048
vn -0.140408 -0.328412 -0.93404
vn -0.38884 -0.816168 -0.427403
vn 0.281243 0.936059 0.211416
vn 0.045841 0.868167 0.49415
vn -0.039117 -0.066508 0.997019
vn 0.063881 -0.909264 0.411289
vn 0.247021 -0.968093 0.042151
vn 0.291738 -0.937329 -0.190536
vn 0.194467 -0.841 -0.504878
vn 0.353424 -0.691541 -0.62997
vn 0.279325 0.917589 -0.282857
vn 0.308808 0.4227 -0.852034
vn 0.325263 -0.328291 -0.886808
vn 0.090005 0.992445 0.083374
vn -0.42422 0.822862 0.378069
vn -0.807929 0.162406 0.566458
vn -0.55299 -0.753213 0.356191
vn -0.230731 -0.970861 0.064754
vn -0.101014 -0.955206 -0.278167
vn -0.145299 -0.654233 -0.742204
vn 0.501501 -0.025526 -0.86478
vn -0.168402 -0.067128 -0.98343
vn 0.20485 0.94762 -0.245058
vn 0.409191 0.599881 -0.687535
vn -0.009605 0.987805 0.155398
vn -0.918743 0.368248 0.142494
vn -0.98704 0.160446 0.003177
vn -0.999076 -0.03124 -0.029504
vn -0.954921 -0.282114 -0.092397
vn -0.919321 -0.330668 -0.213326
vn -0.908902 -0.208288 -0.361266
vn -0.91555 -0.099096 -0.389805
vn 0.04237 0.676231 -0.735471
vn -0.867958 0.12325 -0.481101
vn 0.133555 0.969789 -0.20414
vn -0.707146 0.706658 0.024064
vn -0.992634 0.079038 -0.091815
vn -0.732755 0.549114 -0.401925
vn 0.629817 0.111553 0.768691
vn 0.519789 -0.365378 0.772216
vn 0.818028 -0.512712 0.260686
vn 0.119909 0.588823 0.799318
vn -0.06916 0.017535 0.997452
vn 0.7942 0.389908 0.466066
vn 0.476384 -0.747803 0.462439
vn -0.140646 -0.635028 0.759578
vn 0.902675 0.429947 0.017999
vn 0.909481 0.194645 -0.367366
vn 0.792075 -0.29359 -0.535184
vn 0.625755 -0.67314 -0.394098
vn 0.534808 -0.838133 -0.107298
vn 0.492806 -0.856899 0.151217
vn 0.301572 0.885955 0.352332
vn -0.053558 0.491656 0.869141
vn -0.227373 -0.067522 0.971464
vn -0.318061 -0.619009 0.718098
vn -0.086218 -0.964488 0.249657
vn -0.30796 -0.921693 0.235888
vn 0.422719 0.859374 -0.287723
vn 0.327671 0.343671 -0.880069
vn 0.12427 -0.129273 -0.983791
vn 0.163936 -0.267425 -0.949531
vn 0.071412 -0.872726 -0.48296
vn 0.138558 0.905115 0.401957
vn -0.048032 0.442528 0.895468
vn -0.162175 -0.143998 0.976199
vn -0.204087 -0.67148 0.712364
vn -0.168361 -0.960119 0.223219
vn -0.121607 -0.732202 -0.670143
vn 0.013316 -0.813098 -0.581975
vn 0.242201 0.825293 -0.510127
vn 0.02443 -0.15084 -0.988256
vn -0.069721 -0.12149 -0.990141
vn 0.122135 0.30643 -0.944025
vn 0.117905 0.909498 0.398637
vn 0.035177 0.475088 0.879235
vn -0.050645 -0.126477 0.990676
vn -0.089521 -0.650169 0.754498
vn -0.049783 -0.964743 0.258444
vn 0.108205 -0.892836 -0.437191
vn 0.268514 0.188645 -0.944623
vn 0.346096 -0.181304 -0.920514
vn 0.263933 0.756693 -0.598127
vn 0.141618 -0.305724 -0.941529
vn 0.25815 0.047131 -0.964955
vn 0.136996 0.924797 0.354941
vn -0.140922 0.661265 0.736797
vn -0.291087 0.026694 0.956324
vn -0.347338 -0.585403 0.73257
vn -0.314434 -0.91921 0.237033
vn -0.172256 -0.874954 -0.452529
vn 0.080321 -0.313649 -0.946136
vn 0.39103 0.022476 -0.920104
vn 0.212784 0.046127 -0.97601
vn 0.261948 0.80779 -0.52807
vn 0.278108 -0.043441 -0.959567
vn 0.008699 0.965413 0.260581
vn -0.610089 0.716781 0.337663
vn -0.823176 0.291047 0.487517
vn -0.903997 -0.226998 0.362299
vn -0.882962 -0.463118 0.076811
vn -0.825488 -0.472618 -0.308547
vn -0.68266 -0.197685 -0.703489
vn -0.557386 0.174844 -0.811634
vn 0.226028 0.311439 -0.922994
vn -0.485409 0.436086 -0.757764
vn 0.164792 0.894156 -0.416328
vn -0.467036 0.883306 0.040596
vn -0.952305 0.255964 -0.166127
vn -0.428932 0.794349 -0.430148
vn 0.650761 0.114867 0.750543
vn 0.546009 -0.352834 0.759857
vn 0.836849 -0.484951 0.25398
vn 0.134531 0.58447 0.800185
vn -0.059536 0.015199 0.998111
vn 0.805516 0.382368 0.452701
vn 0.509343 -0.727517 0.459662
vn -0.131057 -0.636099 0.760396
vn 0.90781 0.418857 0.020965
vn 0.914787 0.188884 -0.357054
vn 0.806741 -0.279564 -0.520588
vn 0.657075 -0.648854 -0.38372
vn 0.569529 -0.815893 -0.099776
vn 0.528303 -0.834493 0.156584
vn 0.32046 0.878241 0.354963
vn -0.052414 0.49139 0.869361
vn -0.231922 -0.066588 0.970453
vn -0.326148 -0.617201 0.716024
vn -0.075354 -0.964968 0.251312
vn -0.318014 -0.91879 0.233861
vn 0.442559 0.851386 -0.281573
vn 0.338432 0.34121 -0.876949
vn 0.123667 -0.130227 -0.983742
vn 0.170632 -0.266273 -0.948675
vn 0.084055 -0.872163 -0.48194
vn 0.143455 0.903901 0.402968
vn -0.044828 0.441766 0.89601
vn -0.158442 -0.144384 0.976755
vn -0.199712 -0.67196 0.713151
vn -0.163856 -0.960702 0.224059
vn -0.132319 -0.728565 -0.672075
vn 0.019138 -0.813863 -0.580742
vn 0.242679 0.825499 -0.509566
vn 0.01221 -0.147662 -0.988963
vn -0.08921 -0.118664 -0.988919
vn 0.112747 0.309574 -0.944167
vn 0.120527 0.908964 0.39907
vn 0.04611 0.472818 0.879953
vn -0.035394 -0.128598 0.991065
vn -0.07283 -0.650932 0.755635
vn -0.032269 -0.964796 0.261014
vn 0.127175 -0.893107 -0.431492
vn 0.275436 0.187214 -0.942913
vn 0.366251 -0.184484 -0.912045
vn 0.266272 0.756222 -0.597686
vn 0.144693 -0.306457 -0.940823
vn 0.26606 0.045029 -0.962904
vn 0.14064 0.924073 0.355401
vn -0.152817 0.662707 0.733121
vn -0.301311 0.029611 0.953066
vn -0.356289 -0.582415 0.730651
vn -0.323025 -0.916506 0.235949
vn -0.180019 -0.873005 -0.453272
vn 0.077801 -0.313046 -0.946546
vn 0.411553 0.017926 -0.91121
vn 0.215437 0.045586 -0.975453
vn 0.264622 0.807481 -0.527209
vn 0.289816 -0.045729 -0.955989
vn -0.003253 0.96617 0.257884
vn -0.628806 0.703359 0.331495
vn -0.835459 0.286654 0.468869
vn -0.914576 -0.210515 0.345304
vn -0.895161 -0.440457 0.068444
vn -0.838795 -0.449613 -0.307037
vn -0.696559 -0.182978 -0.693776
vn -0.572948 0.172508 -0.801231
vn 0.226102 0.311585 -0.922926
vn -0.504058 0.423181 -0.75289
vn 0.157521 0.894963 -0.417407
vn -0.484909 0.873716 0.038523
vn -0.954276 0.248138 -0.166691
vn -0.447068 0.783332 -0.431881
vn 0.650556 0.114526 0.750773
vn 0.54616 -0.352468 0.759918
vn 0.836759 -0.485076 0.254037
vn 0.134573 0.584239 0.800347
vn -0.059301 0.01514 0.998125
vn 0.805325 0.3822 0.453183
vn 0.509566 -0.727502 0.459439
vn -0.130915 -0.636018 0.760488
vn 0.907783 0.41893 0.020693
vn 0.914658 0.189134 -0.357252
vn 0.806735 -0.279398 -0.520687
vn 0.656765 -0.649329 -0.383447
vn 0.569375 -0.816046 -0.099402
vn 0.528388 -0.834497 0.156269
vn 0.3203 0.878305 0.354949
vn -0.052356 0.491466 0.869322
vn -0.231888 -0.066801 0.970446
vn -0.32613 -0.617341 0.715911
vn -0.075198 -0.965023 0.25115
vn -0.318083 -0.918787 0.233781
vn 0.442425 0.851432 -0.281644
vn 0.338433 0.341358 -0.876891
vn 0.123593 -0.130106 -0.983767
vn 0.17074 -0.266523 -0.948585
vn 0.084299 -0.872209 -0.481814
vn 0.143485 0.903955 0.402837
vn -0.04484 0.441757 0.896013
vn -0.158522 -0.144363 0.976745
vn -0.199731 -0.672147 0.71297
vn -0.163924 -0.960684 0.224088
vn -0.132381 -0.728575 -0.672052
vn 0.019136 -0.813974 -0.580587
vn 0.242764 0.825425 -0.509646
vn 0.012306 -0.147602 -0.98897
vn -0.0891079 -0.118452 -0.988953
vn 0.112807 0.309823 -0.944079
vn 0.120661 0.908973 0.399009
vn 0.046061 0.472697 0.88002
vn -0.03544 -0.128784 0.991039
vn -0.072856 -0.650976 0.755594
vn -0.032164 -0.96485 0.260825
vn 0.127132 -0.893148 -0.431421
vn 0.275515 0.187312 -0.942871
vn 0.36634 -0.18427 -0.912053
vn 0.266367 0.756142 -0.597744
vn 0.144697 -0.306551 -0.940792
vn 0.266014 0.045166 -0.96291
vn 0.140413 0.924172 0.355233
vn -0.152951 0.662897 0.732921
vn -0.301242 0.02935 0.953096
vn -0.356233 -0.582405 0.730686
vn -0.322923 -0.916558 0.235885
vn -0.180067 -0.873013 -0.453238
vn 0.077662 -0.313068 -0.94655
vn 0.411656 0.01829 -0.911156
vn 0.215427 0.045916 -0.97544
vn 0.264292 0.80746 -0.527407
vn 0.289562 -0.045813 -0.956062
vn -0.003447 0.966247 0.257595
vn -0.628815 0.703368 0.33146
vn -0.835431 0.286643 0.468925
vn -0.914575 -0.21035 0.345407
vn -0.895212 -0.440359 0.068401
vn -0.83883 -0.449446 -0.307184
vn -0.696654 -0.182853 -0.693713
vn -0.5729 0.172743 -0.801215
vn 0.226084 0.311567 -0.922937
vn -0.504079 0.423023 -0.752965
vn 0.15739 0.895024 -0.417324
vn -0.484843 0.873755 0.038468
vn -0.954241 0.248209 -0.166782
vn -0.447103 0.783172 -0.432135
vn 0.650622 0.115182 0.750616
vn 0.546273 -0.352334 0.759899
vn 0.836812 -0.484999 0.25401
vn 0.134575 0.584605 0.800079
vn -0.059312 0.015561 0.998118
vn 0.805286 0.382404 0.453081
vn 0.509488 -0.727586 0.459393
vn -0.130876 -0.636133 0.760399
vn 0.907763 0.418979 0.020573
vn 0.914651 0.188907 -0.357389
vn 0.806678 -0.27956 -0.520689
vn 0.65689 -0.649107 -0.383609
vn 0.569321 -0.816055 -0.099643
vn 0.528222 -0.834587 0.156355
vn 0.320303 0.878283 0.354999
vn -0.05234 0.491566 0.869266
vn -0.23191 -0.066402 0.970468
vn -0.326235 -0.617285 0.715912
vn -0.075192 -0.965055 0.251028
vn -0.318111 -0.918794 0.233717
vn 0.44247 0.851362 -0.281785
vn 0.338512 0.341149 -0.876942
vn 0.123651 -0.13015 -0.983754
vn 0.170643 -0.266398 -0.948638
vn 0.084169 -0.872177 -0.481895
vn 0.143429 0.90392 0.402935
vn -0.044804 0.441624 0.896081
vn -0.158486 -0.144327 0.976756
vn -0.199758 -0.671988 0.713112
vn -0.163871 -0.960686 0.224117
vn -0.132251 -0.728552 -0.672102
vn 0.019103 -0.813987 -0.580569
vn 0.242704 0.825449 -0.509635
vn 0.012234 -0.147632 -0.988967
vn -0.089276 -0.1186 -0.988921
vn 0.112846 0.309868 -0.944059
vn 0.120598 0.908967 0.399043
vn 0.046013 0.472681 0.880031
vn -0.035412 -0.128976 0.991015
vn -0.072892 -0.65086 0.755691
vn -0.032302 -0.964792 0.261023
vn 0.12712 -0.893151 -0.431418
vn 0.275583 0.187397 -0.942834
vn 0.366207 -0.184583 -0.912042
vn 0.266301 0.756177 -0.59773
vn 0.144701 -0.306482 -0.940814
vn 0.266195 0.045394 -0.96285
vn 0.140491 0.924086 0.355425
vn -0.153089 0.662859 0.732927
vn -0.301409 0.029463 0.95304
vn -0.356162 -0.582512 0.730636
vn -0.32295 -0.916521 0.235993
vn -0.180184 -0.873037 -0.453145
vn 0.077685 -0.313133 -0.946527
vn 0.41159 0.018361 -0.911184
vn 0.215479 0.04575 -0.975436
vn 0.264478 0.807494 -0.527261
vn 0.289693 -0.045597 -0.956033
vn -0.00338 0.966173 0.257873
vn -0.628804 0.703355 0.331509
vn -0.835459 0.286988 0.468664
vn -0.914599 -0.210266 0.345394
vn -0.895167 -0.44044 0.068475
vn -0.83878 -0.449634 -0.307047
vn -0.696764 -0.18304 -0.693554
vn -0.57302 0.172597 -0.801161
vn 0.226176 0.311706 -0.922867
vn -0.504035 0.423227 -0.75288
vn 0.157542 0.894975 -0.417374
vn -0.484851 0.873741 0.03868
vn -0.954252 0.248312 -0.166564
vn -0.446978 0.783353 -0.431936
# 1062 normals
usemtl Material__1
f  1//1 2//2 3//3
f  1//1 4//4 5//5
f  1//1 5//5 2//2
f  6//6 1//1 3//3
f  6//6 4//4 1//1
f  2//2 7//7 3//3
f  2//2 5//5 8//8
f  2//2 8//8 7//7
f  9//9 6//6 3//3
f  10//10 9//9 3//3
f  11//11 10//10 3//3
f  12//12 11//11 3//3
f  13//13 12//12 3//3
f  14//14 13//13 3//3
f  7//7 14//14 3//3
f  6//6 15//15 4//4
f  4//4 16//16 17//17
f  4//4 17//17 5//5
f  15//15 16//16 4//4
f  5//5 17//17 18//18
f  5//5 18//18 8//8
f  9//9 15//15 6//6
f  7//7 8//8 19//19
f  7//7 19//19 14//14
f  8//8 18//18 20//20
f  8//8 20//20 19//19
f  9//9 21//21 15//15
f  10//10 21//21 9//9
f  10//10 22//22 21//21
f  11//11 22//22 10//10
f  11//11 23//23 22//22
f  12//12 23//23 11//11
f  12//12 24//24 23//23
f  13//13 24//24 12//12
f  13//13 25//25 24//24
f  14//14 25//25 13//13
f  14//14 19//19 25//25
f  15//15 26//26 16//16
f  21//21 26//26 15//15
f  16//16 27//27 28//28
f  16//16 28//28 17//17
f  26//26 27//27 16//16
f  17//17 28//28 29//29
f  17//17 29//29 18//18
f  18//18 29//29 30//30
f  18//18 30//30 20//20
f  19//19 20//20 31//31
f  19//19 31//31 25//25
f  20//20 30//30 32//32
f  20//20 32//32 31//31
f  21//21 33//33 26//26
f  22//22 33//33 21//21
f  33//33 22//22 34//34
f  34//34 22//22 23//23
f  24//24 34//34 23//23
f  24//24 35//35 34//34
f  25//25 35//35 24//24
f  25//25 31//31 35//35
f  26//26 36//36 27//27
f  33//33 36//36 26//26
f  27//27 37//37 38//38
f  27//27 38//38 28//28
f  36//36 37//37 27//27
f  28//28 38//38 39//39
f  28//28 39//39 29//29
f  29//29 39//39 40//40
f  29//29 40//40 30//30
f  30//30 40//40 41//41
f  30//30 41//41 32//32
f  31//31 32//32 42//42
f  31//31 42//42 35//35
f  32//32 41//41 43//43
f  32//32 43//43 42//42
f  33//33 44//44 36//36
f  45//45 46//46 33//33
f  46//46 44//44 33//33
f  45//45 33//33 34//34
f  35//35 45//45 34//34
f  35//35 42//42 45//45
f  47//47 37//37 36//36
f  36//36 48//48 49//49
f  49//49 47//47 36//36
f  36//36 44//44 48//48
f  37//37 47//47 50//50
f  37//37 50//50 38//38
f  38//38 50//50 51//51
f  38//38 51//51 39//39
f  39//39 51//51 52//52
f  39//39 52//52 40//40
f  40//40 52//52 53//53
f  40//40 53//53 41//41
f  41//41 53//53 54//54
f  41//41 54//54 43//43
f  42//42 43//43 55//55
f  42//42 55//55 45//45
f  43//43 54//54 56//56
f  43//43 56//56 55//55
f  44//44 46//46 57//57
f  48//48 44//44 57//57
f  45//45 55//55 46//46
f  55//55 57//57 46//46
f  47//47 58//58 50//50
f  49//49 58//58 47//47
f  48//48 58//58 49//49
f  57//57 58//58 48//48
f  50//50 58//58 51//51
f  51//51 58//58 52//52
f  52//52 58//58 53//53
f  53//53 58//58 54//54
f  54//54 58//58 56//56
f  55//55 56//56 57//57
f  56//56 58//58 57//57
f  59//59 60//60 61//61
f  59//59 62//62 60//60
f  59//59 63//63 64//64
f  61//61 63//63 59//59
f  65//65 62//62 59//59
f  59//59 64//64 65//65
f  66//66 60//60 67//67
f  68//68 60//60 62//62
f  69//69 67//67 60//60
f  61//61 60//60 66//66
f  69//69 60//60 68//68
f  66//66 63//63 61//61
f  70//70 71//71 62//62
f  72//72 62//62 71//71
f  73//73 62//62 72//72
f  62//62 73//73 68//68
f  70//70 62//62 65//65
f  64//64 63//63 74//74
f  75//75 63//63 76//76
f  66//66 76//76 63//63
f  74//74 63//63 75//75
f  77//77 64//64 78//78
f  64//64 74//74 78//78
f  70//70 64//64 77//77
f  65//65 64//64 70//70
f  67//67 76//76 66//66
f  79//79 67//67 69//69
f  67//67 80//80 76//76
f  81//81 67//67 79//79
f  80//80 67//67 81//81
f  82//82 69//69 68//68
f  68//68 73//73 82//82
f  83//83 84//84 69//69
f  85//85 69//69 86//86
f  86//86 69//69 82//82
f  69//69 84//84 79//79
f  69//69 85//85 83//83
f  87//87 71//71 70//70
f  70//70 77//77 87//87
f  88//88 71//71 89//89
f  89//89 71//71 87//87
f  90//90 71//71 88//88
f  71//71 90//90 72//72
f  91//91 73//73 72//72
f  72//72 90//90 91//91
f  82//82 73//73 86//86
f  92//92 73//73 91//91
f  93//93 73//73 92//92
f  73//73 93//93 86//86
f  94//94 78//78 74//74
f  95//95 74//74 75//75
f  96//96 74//74 97//97
f  97//97 74//74 95//95
f  94//94 74//74 96//96
f  76//76 98//98 75//75
f  75//75 98//98 95//95
f  99//99 100//100 76//76
f  76//76 100//100 98//98
f  76//76 80//80 99//99
f  101//101 77//77 102//102
f  77//77 78//78 103//103
f  87//87 77//77 89//89
f  77//77 103//103 102//102
f  89//89 77//77 104//104
f  104//104 77//77 101//101
f  105//105 103//103 78//78
f  106//106 78//78 94//94
f  105//105 78//78 106//106
f  107//107 108//108 79//79
f  79//79 108//108 81//81
f  79//79 84//84 107//107
f  109//109 80//80 81//81
f  99//99 80//80 110//110
f  110//110 80//80 109//109
f  81//81 108//108 109//109
f  83//83 85//85 111//111
f  111//111 84//84 83//83
f  112//112 84//84 113//113
f  107//107 84//84 112//112
f  113//113 84//84 111//111
f  114//114 85//85 115//115
f  114//114 116//116 85//85
f  117//117 85//85 86//86
f  115//115 85//85 118//118
f  118//118 85//85 117//117
f  85//85 116//116 111//111
f  86//86 93//93 117//117
f  119//119 90//90 88//88
f  89//89 120//120 88//88
f  88//88 120//120 119//119
f  121//121 120//120 89//89
f  104//104 122//122 89//89
f  89//89 122//122 121//121
f  123//123 90//90 124//124
f  124//124 90//90 119//119
f  91//91 90//90 123//123
f  123//123 125//125 91//91
f  91//91 125//125 92//92
f  92//92 125//125 93//93
f  126//126 93//93 127//127
f  128//128 127//127 93//93
f  117//117 93//93 118//118
f  93//93 125//125 128//128
f  118//118 93//93 126//126
f  94//94 129//129 130//130
f  96//96 129//129 94//94
f  94//94 130//130 106//106
f  95//95 98//98 97//97
f  97//97 129//129 96//96
f  131//131 129//129 97//97
f  132//132 133//133 97//97
f  97//97 133//133 131//131
f  97//97 98//98 132//132
f  98//98 100//100 134//134
f  132//132 98//98 134//134
f  110//110 100//100 99//99
f  135//135 134//134 100//100
f  100//100 110//110 135//135
f  101//101 136//136 104//104
f  102//102 136//136 101//101
f  137//137 138//138 102//102
f  138//138 136//136 102//102
f  102//102 103//103 137//137
f  137//137 103//103 139//139
f  103//103 140//140 139//139
f  140//140 103//103 105//105
f  141//141 122//122 104//104
f  104//104 136//136 141//141
f  142//142 140//140 105//105
f  106//106 130//130 105//105
f  105//105 130//130 142//142
f  112//112 143//143 107//107
f  143//143 108//108 107//107
f  109//109 108//108 110//110
f  144//144 110//110 108//108
f  108//108 143//143 144//144
f  135//135 110//110 145//145
f  145//145 110//110 146//146
f  146//146 110//110 147//147
f  148//148 110//110 149//149
f  147//147 110//110 148//148
f  149//149 110//110 144//144
f  111//111 116//116 113//113
f  113//113 143//143 112//112
f  113//113 150//150 151//151
f  152//152 150//150 113//113
f  151//151 143//143 113//113
f  113//113 116//116 152//152
f  114//114 153//153 154//154
f  114//114 155//155 153//153
f  154//154 116//116 114//114
f  115//115 155//155 114//114
f  118//118 155//155 115//115
f  156//156 116//116 154//154
f  152//152 116//116 156//156
f  118//118 157//157 155//155
f  126//126 157//157 118//118
f  119//119 120//120 124//124
f  158//158 120//120 159//159
f  159//159 120//120 121//121
f  124//124 120//120 158//158
f  121//121 122//122 159//159
f  160//160 122//122 161//161
f  159//159 122//122 160//160
f  161//161 122//122 141//141
f  124//124 125//125 123//123
f  124//124 162//162 125//125
f  158//158 162//162 124//124
f  128//128 125//125 163//163
f  164//164 163//163 125//125
f  125//125 162//162 164//164
f  127//127 157//157 126//126
f  165//165 166//166 127//127
f  165//165 127//127 163//163
f  166//166 157//157 127//127
f  163//163 127//127 128//128
f  130//130 129//129 167//167
f  167//167 129//129 168//168
f  168//168 129//129 131//131
f  169//169 130//130 167//167
f  170//170 130//130 171//171
f  142//142 130//130 170//170
f  171//171 130//130 169//169
f  131//131 133//133 168//168
f  134//134 133//133 132//132
f  133//133 134//134 172//172
f  173//173 133//133 172//172
f  168//168 133//133 173//173
f  145//145 172//172 134//134
f  145//145 134//134 135//135
f  161//161 136//136 138//138
f  141//141 136//136 161//161
f  139//139 138//138 137//137
f  174//174 138//138 175//175
f  176//176 138//138 139//139
f  161//161 138//138 174//174
f  175//175 138//138 176//176
f  177//177 178//178 139//139
f  139//139 140//140 177//177
f  139//139 178//178 176//176
f  177//177 140//140 179//179
f  180//180 140//140 142//142
f  179//179 140//140 181//181
f  181//181 140//140 180//180
f  170//170 182//182 142//142
f  142//142 182//182 180//180
f  149//149 143//143 151//151
f  144//144 143//143 149//149
f  145//145 183//183 184//184
f  146//146 183//183 145//145
f  184//184 172//172 145//145
f  147//147 185//185 146//146
f  185//185 183//183 146//146
f  148//148 186//186 147//147
f  186//186 185//185 147//147
f  149//149 186//186 148//148
f  187//187 186//186 149//149
f  151//151 150//150 149//149
f  149//149 150//150 187//187
f  187//187 150//150 156//156
f  156//156 150//150 152//152
f  188//188 153//153 189//189
f  190//190 189//189 153//153
f  191//191 153//153 188//188
f  153//153 155//155 190//190
f  154//154 153//153 156//156
f  156//156 153//153 191//191
f  192//192 155//155 157//157
f  190//190 155//155 192//192
f  191//191 186//186 156//156
f  156//156 186//186 187//187
f  166//166 193//193 157//157
f  157//157 193//193 192//192
f  159//159 162//162 158//158
f  194//194 162//162 159//159
f  160//160 195//195 159//159
f  159//159 195//195 194//194
f  161//161 195//195 160//160
f  174//174 195//195 161//161
f  164//164 162//162 194//194
f  196//196 163//163 194//194
f  197//197 165//165 163//163
f  197//197 163//163 196//196
f  194//194 163//163 164//164
f  198//198 165//165 197//197
f  166//166 165//165 198//198
f  199//199 166//166 200//200
f  198//198 200//200 166//166
f  193//193 166//166 199//199
f  168//168 201//201 167//167
f  201//201 202//202 167//167
f  167//167 202//202 169//169
f  173//173 201//201 168//168
f  169//169 202//202 171//171
f  171//171 182//182 170//170
f  203//203 204//204 171//171
f  205//205 182//182 171//171
f  171//171 202//202 203//203
f  171//171 204//204 205//205
f  206//206 172//172 184//184
f  207//207 172//172 206//206
f  173//173 172//172 207//207
f  207//207 201//201 173//173
f  175//175 195//195 174//174
f  175//175 178//178 208//208
f  208//208 195//195 175//175
f  176//176 178//178 175//175
f  179//179 178//178 177//177
f  209//209 178//178 179//179
f  208//208 178//178 209//209
f  210//210 211//211 179//179
f  181//181 212//212 179//179
f  179//179 212//212 210//210
f  179//179 211//211 209//209
f  180//180 182//182 181//181
f  213//213 212//212 181//181
f  181//181 182//182 213//213
f  213//213 182//182 214//214
f  214//214 182//182 205//205
f  206//206 183//183 215//215
f  216//216 183//183 217//217
f  184//184 183//183 206//206
f  183//183 185//185 217//217
f  215//215 183//183 216//216
f  218//218 185//185 219//219
f  185//185 186//186 219//219
f  217//217 185//185 218//218
f  219//219 186//186 188//188
f  188//188 186//186 191//191
f  189//189 220//220 188//188
f  188//188 220//220 219//219
f  221//221 189//189 193//193
f  192//192 193//193 189//189
f  222//222 220//220 189//189
f  223//223 189//189 221//221
f  192//192 189//189 190//190
f  222//222 189//189 223//223
f  224//224 225//225 193//193
f  199//199 224//224 193//193
f  193//193 225//225 221//221
f  194//194 195//195 196//196
f  226//226 195//195 208//208
f  196//196 195//195 197//197
f  197//197 195//195 226//226
f  226//226 200//200 197//197
f  197//197 200//200 198//198
f  200//200 224//224 199//199
f  227//227 200//200 208//208
f  228//228 224//224 200//200
f  228//228 200//200 227//227
f  208//208 200//200 226//226
f  202//202 201//201 215//215
f  215//215 201//201 206//206
f  206//206 201//201 207//207
f  229//229 202//202 215//215
f  203//203 202//202 229//229
f  229//229 230//230 203//203
f  230//230 204//204 203//203
f  205//205 204//204 214//214
f  221//221 225//225 204//204
f  222//222 204//204 230//230
f  204//204 225//225 214//214
f  223//223 204//204 222//222
f  221//221 204//204 223//223
f  209//209 211//211 208//208
f  208//208 211//211 227//227
f  210//210 212//212 228//228
f  228//228 211//211 210//210
f  227//227 211//211 228//228
f  212//212 225//225 224//224
f  212//212 224//224 228//228
f  225//225 212//212 213//213
f  214//214 225//225 213//213
f  216//216 230//230 215//215
f  215//215 230//230 229//229
f  217//217 230//230 216//216
f  217//217 220//220 231//231
f  218//218 220//220 217//217
f  231//231 230//230 217//217
f  219//219 220//220 218//218
f  231//231 220//220 222//222
f  222//222 230//230 231//231
f  232//232 233//233 234//234
f  232//232 235//235 236//236
f  232//232 236//236 233//233
f  237//237 232//232 234//234
f  237//237 235//235 232//232
f  233//233 238//238 234//234
f  233//233 236//236 239//239
f  233//233 239//239 238//238
f  240//240 237//237 234//234
f  241//241 240//240 234//234
f  242//242 241//241 234//234
f  243//243 242//242 234//234
f  244//244 243//243 234//234
f  245//245 244//244 234//234
f  238//238 245//245 234//234
f  237//237 246//246 235//235
f  235//235 247//247 248//248
f  235//235 248//248 236//236
f  246//246 247//247 235//235
f  236//236 248//248 249//249
f  236//236 249//249 239//239
f  240//240 246//246 237//237
f  238//238 239//239 250//250
f  238//238 250//250 245//245
f  239//239 249//249 251//251
f  239//239 251//251 250//250
f  240//240 252//252 246//246
f  241//241 252//252 240//240
f  241//241 253//253 252//252
f  242//242 253//253 241//241
f  242//242 254//254 253//253
f  243//243 254//254 242//242
f  243//243 255//255 254//254
f  244//244 255//255 243//243
f  244//244 256//256 255//255
f  245//245 256//256 244//244
f  245//245 250//250 256//256
f  246//246 257//257 247//247
f  252//252 257//257 246//246
f  247//247 258//258 259//259
f  247//247 259//259 248//248
f  257//257 258//258 247//247
f  248//248 259//259 260//260
f  248//248 260//260 249//249
f  249//249 260//260 261//261
f  249//249 261//261 251//251
f  250//250 251//251 262//262
f  250//250 262//262 256//256
f  251//251 261//261 263//263
f  251//251 263//263 262//262
f  252//252 264//264 257//257
f  253//253 264//264 252//252
f  253//253 265//265 264//264
f  254//254 265//265 253//253
f  254//254 266//266 265//265
f  255//255 266//266 254//254
f  255//255 267//267 266//266
f  256//256 267//267 255//255
f  256//256 262//262 267//267
f  257//257 268//268 258//258
f  264//264 268//268 257//257
f  258//258 269//269 270//270
f  258//258 270//270 259//259
f  268//268 269//269 258//258
f  259//259 270//270 271//271
f  259//259 271//271 260//260
f  260//260 271//271 272//272
f  260//260 272//272 261//261
f  261//261 272//272 273//273
f  261//261 273//273 263//263
f  262//262 263//263 274//274
f  262//262 274//274 267//267
f  263//263 273//273 275//275
f  263//263 275//275 274//274
f  264//264 276//276 268//268
f  265//265 276//276 264//264
f  265//265 277//277 276//276
f  266//266 277//277 265//265
f  266//266 278//278 277//277
f  267//267 278//278 266//266
f  267//267 274//274 278//278
f  268//268 279//279 269//269
f  276//276 279//279 268//268
f  269//269 280//280 281//281
f  269//269 281//281 270//270
f  279//279 280//280 269//269
f  270//270 281//281 282//282
f  270//270 282//282 271//271
f  271//271 282//282 283//283
f  271//271 283//283 272//272
f  272//272 283//283 284//284
f  272//272 284//284 273//273
f  273//273 284//284 285//285
f  273//273 285//285 275//275
f  274//274 275//275 286//286
f  274//274 286//286 278//278
f  275//275 285//285 287//287
f  275//275 287//287 286//286
f  276//276 288//288 279//279
f  277//277 288//288 276//276
f  277//277 289//289 288//288
f  278//278 289//289 277//277
f  278//278 286//286 289//289
f  279//279 290//290 280//280
f  288//288 290//290 279//279
f  280//280 291//291 281//281
f  290//290 291//291 280//280
f  281//281 291//291 282//282
f  282//282 291//291 283//283
f  283//283 291//291 284//284
f  284//284 291//291 285//285
f  285//285 291//291 287//287
f  286//286 287//287 292//292
f  286//286 292//292 289//289
f  287//287 291//291 292//292
f  288//288 293//293 290//290
f  289//289 293//293 288//288
f  289//289 292//292 293//293
f  293//293 291//291 290//290
f  292//292 291//291 293//293
f  294//294 295//295 296//296
f  294//294 297//297 298//298
f  294//294 298//298 295//295
f  299//299 294//294 296//296
f  299//299 297//297 294//294
f  295//295 300//300 296//296
f  295//295 298//298 301//301
f  295//295 301//301 300//300
f  302//302 299//299 296//296
f  303//303 302//302 296//296
f  304//304 303//303 296//296
f  305//305 304//304 296//296
f  306//306 305//305 296//296
f  307//307 306//306 296//296
f  300//300 307//307 296//296
f  299//299 308//308 297//297
f  297//297 309//309 310//310
f  297//297 310//310 298//298
f  308//308 309//309 297//297
f  298//298 310//310 311//311
f  298//298 311//311 301//301
f  302//302 308//308 299//299
f  300//300 301//301 312//312
f  300//300 312//312 307//307
f  301//301 311//311 313//313
f  301//301 313//313 312//312
f  302//302 314//314 308//308
f  303//303 314//314 302//302
f  303//303 315//315 314//314
f  304//304 315//315 303//303
f  304//304 316//316 315//315
f  305//305 316//316 304//304
f  305//305 317//317 316//316
f  306//306 317//317 305//305
f  306//306 318//318 317//317
f  307//307 318//318 306//306
f  307//307 312//312 318//318
f  308//308 319//319 309//309
f  314//314 319//319 308//308
f  309//309 320//320 321//321
f  309//309 321//321 310//310
f  319//319 320//320 309//309
f  310//310 321//321 322//322
f  310//310 322//322 311//311
f  311//311 322//322 323//323
f  311//311 323//323 313//313
f  312//312 313//313 324//324
f  312//312 324//324 318//318
f  313//313 323//323 325//325
f  313//313 325//325 324//324
f  314//314 326//326 319//319
f  315//315 326//326 314//314
f  315//315 327//327 326//326
f  316//316 327//327 315//315
f  316//316 328//328 327//327
f  317//317 328//328 316//316
f  317//317 329//329 328//328
f  318//318 329//329 317//317
f  318//318 324//324 329//329
f  319//319 330//330 320//320
f  326//326 330//330 319//319
f  320//320 331//331 332//332
f  320//320 332//332 321//321
f  330//330 331//331 320//320
f  321//321 332//332 333//333
f  321//321 333//333 322//322
f  322//322 333//333 334//334
f  322//322 334//334 323//323
f  323//323 334//334 335//335
f  323//323 335//335 325//325
f  324//324 325//325 336//336
f  324//324 336//336 329//329
f  325//325 335//335 337//337
f  325//325 337//337 336//336
f  326//326 338//338 330//330
f  327//327 338//338 326//326
f  327//327 339//339 338//338
f  328//328 339//339 327//327
f  328//328 340//340 339//339
f  329//329 340//340 328//328
f  329//329 336//336 340//340
f  330//330 341//341 331//331
f  338//338 341//341 330//330
f  331//331 342//342 343//343
f  331//331 343//343 332//332
f  341//341 342//342 331//331
f  332//332 343//343 344//344
f  332//332 344//344 333//333
f  333//333 344//344 345//345
f  333//333 345//345 334//334
f  334//334 345//345 346//346
f  334//334 346//346 335//335
f  335//335 346//346 347//347
f  335//335 347//347 337//337
f  336//336 337//337 348//348
f  336//336 348//348 340//340
f  337//337 347//347 349//349
f  337//337 349//349 348//348
f  338//338 350//350 341//341
f  339//339 350//350 338//338
f  339//339 351//351 350//350
f  340//340 351//351 339//339
f  340//340 348//348 351//351
f  341//341 352//352 342//342
f  350//350 352//352 341//341
f  342//342 353//353 343//343
f  352//352 353//353 342//342
f  343//343 353//353 344//344
f  344//344 353//353 345//345
f  345//345 353//353 346//346
f  346//346 353//353 347//347
f  347//347 353//353 349//349
f  348//348 349//349 354//354
f  348//348 354//354 351//351
f  349//349 353//353 354//354
f  350//350 355//355 352//352
f  351//351 355//355 350//350
f  351//351 354//354 355//355
f  355//355 353//353 352//352
f  354//354 353//353 355//355
f  356//294 357//356 358//357
f  356//294 359//358 360//359
f  356//294 360//359 357//356
f  361//299 356//294 358//357
f  361//299 359//358 356//294
f  357//356 362//360 358//357
f  357//356 360//359 363//361
f  357//356 363//361 362//360
f  364//302 361//299 358//357
f  365//362 364//302 358//357
f  366//363 365//362 358//357
f  367//364 366//363 358//357
f  368//365 367//364 358//357
f  369//366 368//365 358//357
f  362//360 369//366 358//357
f  361//299 370//367 359//358
f  359//358 371//368 372//369
f  359//358 372//369 360//359
f  370//367 371//368 359//358
f  360//359 372//369 373//370
f  360//359 373//370 363//361
f  364//302 370//367 361//299
f  362//360 363//361 374//371
f  362//360 374//371 369//366
f  363//361 373//370 375//372
f  363//361 375//372 374//371
f  364//302 376//373 370//367
f  365//362 376//373 364//302
f  365//362 377//374 376//373
f  366//363 377//374 365//362
f  366//363 378//375 377//374
f  367//364 378//375 366//363
f  367//364 379//376 378//375
f  368//365 379//376 367//364
f  368//365 380//377 379//376
f  369//366 380//377 368//365
f  369//366 374//371 380//377
f  370//367 381//378 371//368
f  376//373 381//378 370//367
f  371//368 382//379 383//380
f  371//368 383//380 372//369
f  381//378 382//379 371//368
f  372//369 383//380 384//381
f  372//369 384//381 373//370
f  373//370 384//381 385//382
f  373//370 385//382 375//372
f  374//371 375//372 386//383
f  374//371 386//383 380//377
f  375//372 385//382 387//384
f  375//372 387//384 386//383
f  376//373 388//385 381//378
f  377//374 388//385 376//373
f  377//374 389//386 388//385
f  378//375 389//386 377//374
f  378//375 390//387 389//386
f  379//376 390//387 378//375
f  379//376 391//388 390//387
f  380//377 391//388 379//376
f  380//377 386//383 391//388
f  381//378 392//389 382//379
f  388//385 392//389 381//378
f  382//379 393//390 394//391
f  382//379 394//391 383//380
f  392//389 393//390 382//379
f  383//380 394//391 395//392
f  383//380 395//392 384//381
f  384//381 395//392 396//393
f  384//381 396//393 385//382
f  385//382 396//393 397//394
f  385//382 397//394 387//384
f  386//383 387//384 398//395
f  386//383 398//395 391//388
f  387//384 397//394 399//396
f  387//384 399//396 398//395
f  388//385 400//397 392//389
f  389//386 400//397 388//385
f  389//386 401//398 400//397
f  390//387 401//398 389//386
f  390//387 402//399 401//398
f  391//388 402//399 390//387
f  391//388 398//395 402//399
f  392//389 403//400 393//390
f  400//397 403//400 392//389
f  393//390 404//401 405//402
f  393//390 405//402 394//391
f  403//400 404//401 393//390
f  394//391 405//402 406//403
f  394//391 406//403 395//392
f  395//392 406//403 407//404
f  395//392 407//404 396//393
f  396//393 407//404 408//405
f  396//393 408//405 397//394
f  397//394 408//405 409//406
f  397//394 409//406 399//396
f  398//395 399//396 410//407
f  398//395 410//407 402//399
f  399//396 409//406 411//408
f  399//396 411//408 410//407
f  400//397 412//409 403//400
f  401//398 412//409 400//397
f  401//398 413//410 412//409
f  402//399 413//410 401//398
f  402//399 410//407 413//410
f  403//400 414//411 404//401
f  412//409 414//411 403//400
f  404//401 415//412 405//402
f  414//411 415//412 404//401
f  405//402 415//412 406//403
f  406//403 415//412 407//404
f  407//404 415//412 408//405
f  408//405 415//412 409//406
f  409//406 415//412 411//408
f  410//407 411//408 416//413
f  410//407 416//413 413//410
f  411//408 415//412 416//413
f  412//409 417//414 414//411
f  413//410 417//414 412//409
f  413//410 416//413 417//414
f  417//414 415//412 414//411
f  416//413 415//412 417//414
f  418//415 419//416 420//417
f  418//415 421//418 422//419
f  418//415 422//419 419//416
f  423//420 418//415 420//417
f  423//420 421//418 418//415
f  419//416 424//421 420//417
f  419//416 422//419 425//422
f  419//416 425//422 424//421
f  426//423 423//420 420//417
f  427//424 426//423 420//417
f  428//425 427//424 420//417
f  429//426 428//425 420//417
f  430//427 429//426 420//417
f  431//428 430//427 420//417
f  424//421 431//428 420//417
f  423//420 432//429 421//418
f  421//418 433//430 434//431
f  421//418 434//431 422//419
f  432//429 433//430 421//418
f  422//419 434//431 435//432
f  422//419 435//432 425//422
f  426//423 432//429 423//420
f  424//421 425//422 436//433
f  424//421 436//433 431//428
f  425//422 435//432 437//434
f  425//422 437//434 436//433
f  426//423 438//435 432//429
f  427//424 438//435 426//423
f  427//424 439//436 438//435
f  428//425 439//436 427//424
f  428//425 440//437 439//436
f  429//426 440//437 428//425
f  429//426 441//438 440//437
f  430//427 441//438 429//426
f  430//427 442//439 441//438
f  431//428 442//439 430//427
f  431//428 436//433 442//439
f  432//429 443//440 433//430
f  438//435 443//440 432//429
f  433//430 444//441 445//442
f  433//430 445//442 434//431
f  443//440 444//441 433//430
f  434//431 445//442 446//443
f  434//431 446//443 435//432
f  435//432 446//443 447//444
f  435//432 447//444 437//434
f  436//433 437//434 448//445
f  436//433 448//445 442//439
f  437//434 447//444 449//446
f  437//434 449//446 448//445
f  438//435 450//447 443//440
f  439//436 450//447 438//435
f  439//436 451//448 450//447
f  440//437 451//448 439//436
f  440//437 452//449 451//448
f  441//438 452//449 440//437
f  441//438 453//450 452//449
f  442//439 453//450 441//438
f  442//439 448//445 453//450
f  443//440 454//451 444//441
f  450//447 454//451 443//440
f  444//441 455//452 456//453
f  444//441 456//453 445//442
f  454//451 455//452 444//441
f  445//442 456//453 457//454
f  445//442 457//454 446//443
f  446//443 457//454 458//455
f  446//443 458//455 447//444
f  447//444 458//455 459//456
f  447//444 459//456 449//446
f  448//445 449//446 460//457
f  448//445 460//457 453//450
f  449//446 459//456 461//458
f  449//446 461//458 460//457
f  450//447 462//459 454//451
f  451//448 462//459 450//447
f  451//448 463//460 462//459
f  452//449 463//460 451//448
f  452//449 464//461 463//460
f  453//450 464//461 452//449
f  453//450 460//457 464//461
f  454//451 465//462 455//452
f  462//459 465//462 454//451
f  455//452 466//463 467//464
f  455//452 467//464 456//453
f  465//462 466//463 455//452
f  456//453 467//464 468//465
f  456//453 468//465 457//454
f  457//454 468//465 469//466
f  457//454 469//466 458//455
f  458//455 469//466 470//467
f  458//455 470//467 459//456
f  459//456 470//467 471//468
f  459//456 471//468 461//458
f  460//457 461//458 472//469
f  460//457 472//469 464//461
f  461//458 471//468 473//470
f  461//458 473//470 472//469
f  462//459 474//471 465//462
f  463//460 474//471 462//459
f  463//460 475//472 474//471
f  464//461 475//472 463//460
f  464//461 472//469 475//472
f  465//462 476//473 466//463
f  474//471 476//473 465//462
f  466//463 477//474 478//475
f  466//463 478//475 467//464
f  476//473 477//474 466//463
f  467//464 478//475 479//476
f  467//464 479//476 468//465
f  468//465 479//476 480//477
f  468//465 480//477 469//466
f  469//466 480//477 481//478
f  469//466 481//478 470//467
f  470//467 481//478 482//479
f  470//467 482//479 471//468
f  471//468 482//479 483//480
f  471//468 483//480 473//470
f  472//469 473//470 484//481
f  472//469 484//481 475//472
f  473//470 483//480 485//482
f  473//470 485//482 484//481
f  474//471 486//483 476//473
f  475//472 486//483 474//471
f  475//472 484//481 486//483
f  476//473 487//484 477//474
f  486//483 487//484 476//473
f  477//474 488//485 478//475
f  487//484 488//485 477//474
f  478//475 488//485 479//476
f  479//476 488//485 480//477
f  480//477 488//485 481//478
f  481//478 488//485 482//479
f  482//479 488//485 483//480
f  483//480 488//485 485//482
f  484//481 485//482 489//486
f  484//481 489//486 486//483
f  485//482 488//485 489//486
f  486//483 489//486 487//484
f  489//486 488//485 487//484
f  490//487 491//488 492//489
f  490//487 493//490 494//491
f  490//487 494//491 491//488
f  495//492 490//487 492//489
f  495//492 493//490 490//487
f  491//488 496//493 492//489
f  491//488 494//491 497//494
f  491//488 497//494 496//493
f  498//495 495//492 492//489
f  499//496 498//495 492//489
f  500//497 499//496 492//489
f  501//498 500//497 492//489
f  502//499 501//498 492//489
f  503//500 502//499 492//489
f  496//493 503//500 492//489
f  495//492 504//501 493//490
f  493//490 505//502 506//503
f  493//490 506//503 494//491
f  504//501 505//502 493//490
f  494//491 506//503 507//504
f  494//491 507//504 497//494
f  498//495 504//501 495//492
f  496//493 497//494 508//505
f  496//493 508//505 503//500
f  497//494 507//504 509//506
f  497//494 509//506 508//505
f  498//495 510//507 504//501
f  499//496 510//507 498//495
f  499//496 511//508 510//507
f  500//497 511//508 499//496
f  500//497 512//509 511//508
f  501//498 512//509 500//497
f  501//498 513//510 512//509
f  502//499 513//510 501//498
f  502//499 514//511 513//510
f  503//500 514//511 502//499
f  503//500 508//505 514//511
f  504//501 515//512 505//502
f  510//507 515//512 504//501
f  505//502 516//513 517//514
f  505//502 517//514 506//503
f  515//512 516//513 505//502
f  506//503 517//514 518//515
f  506//503 518//515 507//504
f  507//504 518//515 519//516
f  507//504 519//516 509//506
f  508//505 509//506 520//517
f  508//505 520//517 514//511
f  509//506 519//516 521//518
f  509//506 521//518 520//517
f  510//507 522//519 515//512
f  511//508 522//519 510//507
f  511//508 523//520 522//519
f  512//509 523//520 511//508
f  512//509 524//521 523//520
f  513//510 524//521 512//509
f  513//510 525//522 524//521
f  514//511 525//522 513//510
f  514//511 520//517 525//522
f  515//512 526//523 516//513
f  522//519 526//523 515//512
f  516//513 527//524 528//525
f  516//513 528//525 517//514
f  526//523 527//524 516//513
f  517//514 528//525 529//526
f  517//514 529//526 518//515
f  518//515 529//526 530//527
f  518//515 530//527 519//516
f  519//516 530//527 531//528
f  519//516 531//528 521//518
f  520//517 521//518 532//529
f  520//517 532//529 525//522
f  521//518 531//528 533//530
f  521//518 533//530 532//529
f  522//519 534//531 526//523
f  523//520 534//531 522//519
f  523//520 535//532 534//531
f  524//521 535//532 523//520
f  524//521 536//533 535//532
f  525//522 536//533 524//521
f  525//522 532//529 536//533
f  526//523 537//534 527//524
f  534//531 537//534 526//523
f  527//524 538//535 539//536
f  527//524 539//536 528//525
f  537//534 538//535 527//524
f  528//525 539//536 540//537
f  528//525 540//537 529//526
f  529//526 540//537 541//538
f  529//526 541//538 530//527
f  530//527 541//538 542//539
f  530//527 542//539 531//528
f  531//528 542//539 543//540
f  531//528 543//540 533//530
f  532//529 533//530 544//541
f  532//529 544//541 536//533
f  533//530 543//540 545//542
f  533//530 545//542 544//541
f  534//531 546//543 537//534
f  535//532 546//543 534//531
f  535//532 547//544 546//543
f  536//533 547//544 535//532
f  536//533 544//541 547//544
f  537//534 548//545 538//535
f  546//543 548//545 537//534
f  538//535 549//546 550//547
f  538//535 550//547 539//536
f  548//545 549//546 538//535
f  539//536 550//547 551//548
f  539//536 551//548 540//537
f  540//537 551//548 552//549
f  540//537 552//549 541//538
f  541//538 552//549 553//550
f  541//538 553//550 542//539
f  542//539 553//550 554//551
f  542//539 554//551 543//540
f  543//540 554//551 555//552
f  543//540 555//552 545//542
f  544//541 545//542 556//553
f  544//541 556//553 547//544
f  545//542 555//552 557//554
f  545//542 557//554 556//553
f  546//543 558//555 548//545
f  547//544 558//555 546//543
f  547//544 556//553 558//555
f  548//545 559//556 549//546
f  558//555 559//556 548//545
f  549//546 560//557 550//547
f  559//556 560//557 549//546
f  550//547 560//557 551//548
f  551//548 560//557 552//549
f  552//549 560//557 553//550
f  553//550 560//557 554//551
f  554//551 560//557 555//552
f  555//552 560//557 557//554
f  556//553 557//554 561//558
f  556//553 561//558 558//555
f  557//554 560//557 561//558
f  558//555 561//558 559//556
f  561//558 560//557 559//556
f  562//559 563//560 564//561
f  562//559 565//562 566//563
f  562//559 566//563 563//560
f  567//564 562//559 564//561
f  567//564 565//562 562//559
f  563//560 568//565 564//561
f  563//560 566//563 569//566
f  563//560 569//566 568//565
f  570//567 567//564 564//561
f  571//568 570//567 564//561
f  572//569 571//568 564//561
f  573//570 572//569 564//561
f  574//571 573//570 564//561
f  575//572 574//571 564//561
f  568//565 575//572 564//561
f  567//564 576//573 565//562
f  565//562 577//574 578//575
f  565//562 578//575 566//563
f  576//573 577//574 565//562
f  566//563 578//575 579//576
f  566//563 579//576 569//566
f  570//567 576//573 567//564
f  568//565 569//566 580//577
f  568//565 580//577 575//572
f  569//566 579//576 581//578
f  569//566 581//578 580//577
f  570//567 582//579 576//573
f  571//568 582//579 570//567
f  571//568 583//580 582//579
f  572//569 583//580 571//568
f  572//569 584//581 583//580
f  573//570 584//581 572//569
f  573//570 585//582 584//581
f  574//571 585//582 573//570
f  574//571 586//583 585//582
f  575//572 586//583 574//571
f  575//572 580//577 586//583
f  576//573 587//584 577//574
f  582//579 587//584 576//573
f  577//574 588//585 589//586
f  577//574 589//586 578//575
f  587//584 588//585 577//574
f  578//575 589//586 590//587
f  578//575 590//587 579//576
f  579//576 590//587 591//588
f  579//576 591//588 581//578
f  580//577 581//578 592//589
f  580//577 592//589 586//583
f  581//578 591//588 593//590
f  581//578 593//590 592//589
f  582//579 594//591 587//584
f  583//580 594//591 582//579
f  583//580 595//592 594//591
f  584//581 595//592 583//580
f  584//581 596//593 595//592
f  585//582 596//593 584//581
f  585//582 597//594 596//593
f  586//583 597//594 585//582
f  586//583 592//589 597//594
f  587//584 598//595 588//585
f  594//591 598//595 587//584
f  588//585 599//596 600//597
f  588//585 600//597 589//586
f  598//595 599//596 588//585
f  589//586 600//597 601//598
f  589//586 601//598 590//587
f  590//587 601//598 602//599
f  590//587 602//599 591//588
f  591//588 602//599 603//600
f  591//588 603//600 593//590
f  592//589 593//590 604//601
f  592//589 604//601 597//594
f  593//590 603//600 605//602
f  593//590 605//602 604//601
f  594//591 606//603 598//595
f  595//592 606//603 594//591
f  595//592 607//604 606//603
f  596//593 607//604 595//592
f  596//593 608//605 607//604
f  597//594 608//605 596//593
f  597//594 604//601 608//605
f  598//595 609//606 599//596
f  606//603 609//606 598//595
f  599//596 610//607 611//608
f  599//596 611//608 600//597
f  609//606 610//607 599//596
f  600//597 611//608 612//609
f  600//597 612//609 601//598
f  601//598 612//609 613//610
f  601//598 613//610 602//599
f  602//599 613//610 614//611
f  602//599 614//611 603//600
f  603//600 614//611 615//612
f  603//600 615//612 605//602
f  604//601 605//602 616//613
f  604//601 616//613 608//605
f  605//602 615//612 617//614
f  605//602 617//614 616//613
f  606//603 618//615 609//606
f  607//604 618//615 606//603
f  607//604 619//616 618//615
f  608//605 619//616 607//604
f  608//605 616//613 619//616
f  609//606 620//617 610//607
f  618//615 620//617 609//606
f  610//607 621//618 622//619
f  610//607 622//619 611//608
f  620//617 621//618 610//607
f  611//608 622//619 623//620
f  611//608 623//620 612//609
f  612//609 623//620 624//621
f  612//609 624//621 613//610
f  613//610 624//621 625//622
f  613//610 625//622 614//611
f  614//611 625//622 626//623
f  614//611 626//623 615//612
f  615//612 626//623 627//624
f  615//612 627//624 617//614
f  616//613 617//614 628//625
f  616//613 628//625 619//616
f  617//614 627//624 629//626
f  617//614 629//626 628//625
f  618//615 630//627 620//617
f  619//616 630//627 618//615
f  619//616 628//625 630//627
f  620//617 631//628 621//618
f  630//627 631//628 620//617
f  621//618 632//629 622//619
f  631//628 632//629 621//618
f  622//619 632//629 623//620
f  623//620 632//629 624//621
f  624//621 632//629 625//622
f  625//622 632//629 626//623
f  626//623 632//629 627//624
f  627//624 632//629 629//626
f  628//625 629//626 633//630
f  628//625 633//630 630//627
f  629//626 632//629 633//630
f  630//627 633//630 631//628
f  633//630 632//629 631//628
f  634//631 635//632 636//633
f  634//631 637//634 638//635
f  634//631 638//635 635//632
f  639//636 634//631 636//633
f  639//636 637//634 634//631
f  635//632 640//637 636//633
f  635//632 638//635 641//638
f  635//632 641//638 640//637
f  642//639 639//636 636//633
f  643//640 642//639 636//633
f  644//641 643//640 636//633
f  645//642 644//641 636//633
f  646//643 645//642 636//633
f  647//644 646//643 636//633
f  640//637 647//644 636//633
f  639//636 648//645 637//634
f  637//634 649//646 650//647
f  637//634 650//647 638//635
f  648//645 649//646 637//634
f  638//635 650//647 651//648
f  638//635 651//648 641//638
f  642//639 648//645 639//636
f  640//637 641//638 652//649
f  640//637 652//649 647//644
f  641//638 651//648 653//650
f  641//638 653//650 652//649
f  642//639 654//651 648//645
f  643//640 654//651 642//639
f  643//640 655//652 654//651
f  644//641 655//652 643//640
f  644//641 656//653 655//652
f  645//642 656//653 644//641
f  645//642 657//654 656//653
f  646//643 657//654 645//642
f  646//643 658//655 657//654
f  647//644 658//655 646//643
f  647//644 652//649 658//655
f  648//645 659//656 649//646
f  654//651 659//656 648//645
f  649//646 660//657 661//658
f  649//646 661//658 650//647
f  659//656 660//657 649//646
f  650//647 661//658 662//659
f  650//647 662//659 651//648
f  651//648 662//659 663//660
f  651//648 663//660 653//650
f  652//649 653//650 664//661
f  652//649 664//661 658//655
f  653//650 663//660 665//662
f  653//650 665//662 664//661
f  654//651 666//663 659//656
f  655//652 666//663 654//651
f  655//652 667//664 666//663
f  656//653 667//664 655//652
f  656//653 668//665 667//664
f  657//654 668//665 656//653
f  657//654 669//666 668//665
f  658//655 669//666 657//654
f  658//655 664//661 669//666
f  659//656 670//667 660//657
f  666//663 670//667 659//656
f  660//657 671//668 672//669
f  660//657 672//669 661//658
f  670//667 671//668 660//657
f  661//658 672//669 673//670
f  661//658 673//670 662//659
f  662//659 673//670 674//671
f  662//659 674//671 663//660
f  663//660 674//671 675//672
f  663//660 675//672 665//662
f  664//661 665//662 676//673
f  664//661 676//673 669//666
f  665//662 675//672 677//674
f  665//662 677//674 676//673
f  666//663 678//675 670//667
f  667//664 678//675 666//663
f  667//664 679//676 678//675
f  668//665 679//676 667//664
f  668//665 680//677 679//676
f  669//666 680//677 668//665
f  669//666 676//673 680//677
f  670//667 681//678 671//668
f  678//675 681//678 670//667
f  671//668 682//679 683//680
f  671//668 683//680 672//669
f  681//678 682//679 671//668
f  672//669 683//680 684//681
f  672//669 684//681 673//670
f  673//670 684//681 685//682
f  673//670 685//682 674//671
f  674//671 685//682 686//683
f  674//671 686//683 675//672
f  675//672 686//683 687//684
f  675//672 687//684 677//674
f  676//673 677//674 688//685
f  676//673 688//685 680//677
f  677//674 687//684 689//686
f  677//674 689//686 688//685
f  678//675 690//687 681//678
f  679//676 690//687 678//675
f  679//676 691//688 690//687
f  680//677 691//688 679//676
f  680//677 688//685 691//688
f  681//678 692//689 682//679
f  690//687 692//689 681//678
f  682//679 693//690 694//691
f  682//679 694//691 683//680
f  692//689 693//690 682//679
f  683//680 694//691 695//692
f  683//680 695//692 684//681
f  684//681 695//692 696//693
f  684//681 696//693 685//682
f  685//682 696//693 697//694
f  685//682 697//694 686//683
f  686//683 697//694 698//695
f  686//683 698//695 687//684
f  687//684 698//695 699//696
f  687//684 699//696 689//686
f  688//685 689//686 700//697
f  688//685 700//697 691//688
f  689//686 699//696 701//698
f  689//686 701//698 700//697
f  690//687 702//699 692//689
f  691//688 702//699 690//687
f  691//688 700//697 702//699
f  692//689 703//700 693//690
f  702//699 703//700 692//689
f  693//690 704//701 694//691
f  703//700 704//701 693//690
f  694//691 704//701 695//692
f  695//692 704//701 696//693
f  696//693 704//701 697//694
f  697//694 704//701 698//695
f  698//695 704//701 699//696
f  699//696 704//701 701//698
f  700//697 701//698 705//702
f  700//697 705//702 702//699
f  701//698 704//701 705//702
f  702//699 705//702 703//700
f  705//702 704//701 703//700
f  706//703 707//704 708//705
f  706//703 709//706 710//707
f  706//703 710//707 707//704
f  711//708 706//703 708//705
f  711//708 709//706 706//703
f  707//704 712//709 708//705
f  707//704 710//707 713//710
f  707//704 713//710 712//709
f  714//711 711//708 708//705
f  715//712 714//711 708//705
f  716//713 715//712 708//705
f  717//714 716//713 708//705
f  718//715 717//714 708//705
f  719//716 718//715 708//705
f  712//709 719//716 708//705
f  711//708 720//717 709//706
f  709//706 721//718 722//719
f  709//706 722//719 710//707
f  720//717 721//718 709//706
f  710//707 722//719 723//720
f  710//707 723//720 713//710
f  714//711 720//717 711//708
f  712//709 713//710 724//721
f  712//709 724//721 719//716
f  713//710 723//720 725//722
f  713//710 725//722 724//721
f  714//711 726//723 720//717
f  715//712 726//723 714//711
f  715//712 727//724 726//723
f  716//713 727//724 715//712
f  716//713 728//725 727//724
f  717//714 728//725 716//713
f  717//714 729//726 728//725
f  718//715 729//726 717//714
f  718//715 730//727 729//726
f  719//716 730//727 718//715
f  719//716 724//721 730//727
f  720//717 731//728 721//718
f  726//723 731//728 720//717
f  721//718 732//729 733//730
f  721//718 733//730 722//719
f  731//728 732//729 721//718
f  722//719 733//730 734//731
f  722//719 734//731 723//720
f  723//720 734//731 735//732
f  723//720 735//732 725//722
f  724//721 725//722 736//733
f  724//721 736//733 730//727
f  725//722 735//732 737//734
f  725//722 737//734 736//733
f  726//723 738//735 731//728
f  727//724 738//735 726//723
f  727//724 739//736 738//735
f  728//725 739//736 727//724
f  728//725 740//737 739//736
f  729//726 740//737 728//725
f  729//726 741//738 740//737
f  730//727 741//738 729//726
f  730//727 736//733 741//738
f  731//728 742//739 732//729
f  738//735 742//739 731//728
f  732//729 743//740 744//741
f  732//729 744//741 733//730
f  742//739 743//740 732//729
f  733//730 744//741 745//742
f  733//730 745//742 734//731
f  734//731 745//742 746//743
f  734//731 746//743 735//732
f  735//732 746//743 747//744
f  735//732 747//744 737//734
f  736//733 737//734 748//745
f  736//733 748//745 741//738
f  737//734 747//744 749//746
f  737//734 749//746 748//745
f  738//735 750//747 742//739
f  739//736 750//747 738//735
f  739//736 751//748 750//747
f  740//737 751//748 739//736
f  740//737 752//749 751//748
f  741//738 752//749 740//737
f  741//738 748//745 752//749
f  742//739 753//750 743//740
f  750//747 753//750 742//739
f  743//740 754//751 755//752
f  743//740 755//752 744//741
f  753//750 754//751 743//740
f  744//741 755//752 756//753
f  744//741 756//753 745//742
f  745//742 756//753 757//754
f  745//742 757//754 746//743
f  746//743 757//754 758//755
f  746//743 758//755 747//744
f  747//744 758//755 759//756
f  747//744 759//756 749//746
f  748//745 749//746 760//757
f  748//745 760//757 752//749
f  749//746 759//756 761//758
f  749//746 761//758 760//757
f  750//747 762//759 753//750
f  751//748 762//759 750//747
f  751//748 763//760 762//759
f  752//749 763//760 751//748
f  752//749 760//757 763//760
f  753//750 764//761 754//751
f  762//759 764//761 753//750
f  754//751 765//762 766//763
f  754//751 766//763 755//752
f  764//761 765//762 754//751
f  755//752 766//763 767//764
f  755//752 767//764 756//753
f  756//753 767//764 768//765
f  756//753 768//765 757//754
f  757//754 768//765 769//766
f  757//754 769//766 758//755
f  758//755 769//766 770//767
f  758//755 770//767 759//756
f  759//756 770//767 771//768
f  759//756 771//768 761//758
f  760//757 761//758 772//769
f  760//757 772//769 763//760
f  761//758 771//768 773//770
f  761//758 773//770 772//769
f  762//759 774//771 764//761
f  763//760 774//771 762//759
f  763//760 772//769 774//771
f  764//761 775//772 765//762
f  774//771 775//772 764//761
f  765//762 776//773 766//763
f  775//772 776//773 765//762
f  766//763 776//773 767//764
f  767//764 776//773 768//765
f  768//765 776//773 769//766
f  769//766 776//773 770//767
f  770//767 776//773 771//768
f  771//768 776//773 773//770
f  772//769 773//770 777//774
f  772//769 777//774 774//771
f  773//770 776//773 777//774
f  774//771 777//774 775//772
f  777//774 776//773 775//772
f  778//775 779//776 780//777
f  778//775 781//778 782//779
f  778//775 782//779 779//776
f  783//780 778//775 780//777
f  783//780 781//778 778//775
f  779//776 784//781 780//777
f  779//776 782//779 785//782
f  779//776 785//782 784//781
f  786//783 783//780 780//777
f  787//784 786//783 780//777
f  788//785 787//784 780//777
f  789//786 788//785 780//777
f  790//787 789//786 780//777
f  791//788 790//787 780//777
f  784//781 791//788 780//777
f  783//780 792//789 781//778
f  781//778 793//790 794//791
f  781//778 794//791 782//779
f  792//789 793//790 781//778
f  782//779 794//791 795//792
f  782//779 795//792 785//782
f  786//783 792//789 783//780
f  784//781 785//782 796//793
f  784//781 796//793 791//788
f  785//782 795//792 797//794
f  785//782 797//794 796//793
f  786//783 798//795 792//789
f  787//784 798//795 786//783
f  787//784 799//796 798//795
f  788//785 799//796 787//784
f  788//785 800//797 799//796
f  789//786 800//797 788//785
f  789//786 801//798 800//797
f  790//787 801//798 789//786
f  790//787 802//799 801//798
f  791//788 802//799 790//787
f  791//788 796//793 802//799
f  792//789 803//800 793//790
f  798//795 803//800 792//789
f  793//790 804//801 805//802
f  793//790 805//802 794//791
f  803//800 804//801 793//790
f  794//791 805//802 806//803
f  794//791 806//803 795//792
f  795//792 806//803 807//804
f  795//792 807//804 797//794
f  796//793 797//794 808//805
f  796//793 808//805 802//799
f  797//794 807//804 809//806
f  797//794 809//806 808//805
f  798//795 810//807 803//800
f  799//796 810//807 798//795
f  799//796 811//808 810//807
f  800//797 811//808 799//796
f  800//797 812//809 811//808
f  801//798 812//809 800//797
f  801//798 813//810 812//809
f  802//799 813//810 801//798
f  802//799 808//805 813//810
f  803//800 814//811 804//801
f  810//807 814//811 803//800
f  804//801 815//812 816//813
f  804//801 816//813 805//802
f  814//811 815//812 804//801
f  805//802 816//813 817//814
f  805//802 817//814 806//803
f  806//803 817//814 818//815
f  806//803 818//815 807//804
f  807//804 818//815 819//816
f  807//804 819//816 809//806
f  808//805 809//806 820//817
f  808//805 820//817 813//810
f  809//806 819//816 821//818
f  809//806 821//818 820//817
f  810//807 822//819 814//811
f  811//808 822//819 810//807
f  811//808 823//820 822//819
f  812//809 823//820 811//808
f  812//809 824//821 823//820
f  813//810 824//821 812//809
f  813//810 820//817 824//821
f  814//811 825//822 815//812
f  822//819 825//822 814//811
f  815//812 826//823 827//824
f  815//812 827//824 816//813
f  825//822 826//823 815//812
f  816//813 827//824 828//825
f  816//813 828//825 817//814
f  817//814 828//825 829//826
f  817//814 829//826 818//815
f  818//815 829//826 830//827
f  818//815 830//827 819//816
f  819//816 830//827 831//828
f  819//816 831//828 821//818
f  820//817 821//818 832//829
f  820//817 832//829 824//821
f  821//818 831//828 833//830
f  821//818 833//830 832//829
f  822//819 834//831 825//822
f  823//820 834//831 822//819
f  823//820 835//832 834//831
f  824//821 835//832 823//820
f  824//821 832//829 835//832
f  825//822 836//833 826//823
f  834//831 836//833 825//822
f  826//823 837//834 838//835
f  826//823 838//835 827//824
f  836//833 837//834 826//823
f  827//824 838//835 839//836
f  827//824 839//836 828//825
f  828//825 839//836 840//837
f  828//825 840//837 829//826
f  829//826 840//837 841//838
f  829//826 841//838 830//827
f  830//827 841//838 842//839
f  830//827 842//839 831//828
f  831//828 842//839 843//840
f  831//828 843//840 833//830
f  832//829 833//830 844//841
f  832//829 844//841 835//832
f  833//830 843//840 845//842
f  833//830 845//842 844//841
f  834//831 846//843 836//833
f  835//832 846//843 834//831
f  835//832 844//841 846//843
f  836//833 847//844 837//834
f  846//843 847//844 836//833
f  837//834 848//845 838//835
f  847//844 848//845 837//834
f  838//835 848//845 839//836
f  839//836 848//845 840//837
f  840//837 848//845 841//838
f  841//838 848//845 842//839
f  842//839 848//845 843//840
f  843//840 848//845 845//842
f  844//841 845//842 849//846
f  844//841 849//846 846//843
f  845//842 848//845 849//846
f  846//843 849//846 847//844
f  849//846 848//845 847//844
f  850//847 851//848 852//849
f  850//847 853//850 854//851
f  850//847 854//851 851//848
f  855//852 850//847 852//849
f  855//852 853//850 850//847
f  851//848 856//853 852//849
f  851//848 854//851 857//854
f  851//848 857//854 856//853
f  858//855 855//852 852//849
f  859//856 858//855 852//849
f  860//857 859//856 852//849
f  861//858 860//857 852//849
f  862//859 861//858 852//849
f  863//860 862//859 852//849
f  856//853 863//860 852//849
f  855//852 864//861 853//850
f  853//850 865//862 866//863
f  853//850 866//863 854//851
f  864//861 865//862 853//850
f  854//851 866//863 867//864
f  854//851 867//864 857//854
f  858//855 864//861 855//852
f  856//853 857//854 868//865
f  856//853 868//865 863//860
f  857//854 867//864 869//866
f  857//854 869//866 868//865
f  858//855 870//867 864//861
f  859//856 870//867 858//855
f  859//856 871//868 870//867
f  860//857 871//868 859//856
f  860//857 872//869 871//868
f  861//858 872//869 860//857
f  861//858 873//870 872//869
f  862//859 873//870 861//858
f  862//859 874//871 873//870
f  863//860 874//871 862//859
f  863//860 868//865 874//871
f  864//861 875//872 865//862
f  870//867 875//872 864//861
f  865//862 876//873 877//874
f  865//862 877//874 866//863
f  875//872 876//873 865//862
f  866//863 877//874 878//875
f  866//863 878//875 867//864
f  867//864 878//875 879//876
f  867//864 879//876 869//866
f  868//865 869//866 880//877
f  868//865 880//877 874//871
f  869//866 879//876 881//878
f  869//866 881//878 880//877
f  870//867 882//879 875//872
f  871//868 882//879 870//867
f  871//868 883//880 882//879
f  872//869 883//880 871//868
f  872//869 884//881 883//880
f  873//870 884//881 872//869
f  873//870 885//882 884//881
f  874//871 885//882 873//870
f  874//871 880//877 885//882
f  875//872 886//883 876//873
f  882//879 886//883 875//872
f  876//873 887//884 888//885
f  876//873 888//885 877//874
f  886//883 887//884 876//873
f  877//874 888//885 889//886
f  877//874 889//886 878//875
f  878//875 889//886 890//887
f  878//875 890//887 879//876
f  879//876 890//887 891//888
f  879//876 891//888 881//878
f  880//877 881//878 892//889
f  880//877 892//889 885//882
f  881//878 891//888 893//890
f  881//878 893//890 892//889
f  882//879 894//891 886//883
f  883//880 894//891 882//879
f  883//880 895//892 894//891
f  884//881 895//892 883//880
f  884//881 896//893 895//892
f  885//882 896//893 884//881
f  885//882 892//889 896//893
f  886//883 897//894 887//884
f  894//891 897//894 886//883
f  887//884 898//895 899//896
f  887//884 899//896 888//885
f  897//894 898//895 887//884
f  888//885 899//896 900//897
f  888//885 900//897 889//886
f  889//886 900//897 901//898
f  889//886 901//898 890//887
f  890//887 901//898 902//899
f  890//887 902//899 891//888
f  891//888 902//899 903//900
f  891//888 903//900 893//890
f  892//889 893//890 904//901
f  892//889 904//901 896//893
f  893//890 903//900 905//902
f  893//890 905//902 904//901
f  894//891 906//903 897//894
f  895//892 906//903 894//891
f  895//892 907//904 906//903
f  896//893 907//904 895//892
f  896//893 904//901 907//904
f  897//894 908//905 898//895
f  906//903 908//905 897//894
f  898//895 909//906 910//907
f  898//895 910//907 899//896
f  908//905 909//906 898//895
f  899//896 910//907 911//908
f  899//896 911//908 900//897
f  900//897 911//908 912//909
f  900//897 912//909 901//898
f  901//898 912//909 913//910
f  901//898 913//910 902//899
f  902//899 913//910 914//911
f  902//899 914//911 903//900
f  903//900 914//911 915//912
f  903//900 915//912 905//902
f  904//901 905//902 916//913
f  904//901 916//913 907//904
f  905//902 915//912 917//914
f  905//902 917//914 916//913
f  906//903 918//915 908//905
f  907//904 918//915 906//903
f  907//904 916//913 918//915
f  908//905 919//916 909//906
f  918//915 919//916 908//905
f  909//906 920//917 910//907
f  919//916 920//917 909//906
f  910//907 920//917 911//908
f  911//908 920//917 912//909
f  912//909 920//917 913//910
f  913//910 920//917 914//911
f  914//911 920//917 915//912
f  915//912 920//917 917//914
f  916//913 917//914 921//918
f  916//913 921//918 918//915
f  917//914 920//917 921//918
f  918//915 921//918 919//916
f  921//918 920//917 919//916
f  922//919 923//920 924//921
f  922//919 925//922 926//923
f  922//919 926//923 923//920
f  927//924 922//919 924//921
f  927//924 925//922 922//919
f  923//920 928//925 924//921
f  923//920 926//923 929//926
f  923//920 929//926 928//925
f  930//927 927//924 924//921
f  931//928 930//927 924//921
f  932//929 931//928 924//921
f  933//930 932//929 924//921
f  934//931 933//930 924//921
f  935//932 934//931 924//921
f  928//925 935//932 924//921
f  927//924 936//933 925//922
f  925//922 937//934 938//935
f  925//922 938//935 926//923
f  936//933 937//934 925//922
f  926//923 938//935 939//936
f  926//923 939//936 929//926
f  930//927 936//933 927//924
f  928//925 929//926 940//937
f  928//925 940//937 935//932
f  929//926 939//936 941//938
f  929//926 941//938 940//937
f  930//927 942//939 936//933
f  931//928 942//939 930//927
f  931//928 943//940 942//939
f  932//929 943//940 931//928
f  932//929 944//941 943//940
f  933//930 944//941 932//929
f  933//930 945//942 944//941
f  934//931 945//942 933//930
f  934//931 946//943 945//942
f  935//932 946//943 934//931
f  935//932 940//937 946//943
f  936//933 947//944 937//934
f  942//939 947//944 936//933
f  937//934 948//945 949//946
f  937//934 949//946 938//935
f  947//944 948//945 937//934
f  938//935 949//946 950//947
f  938//935 950//947 939//936
f  939//936 950//947 951//948
f  939//936 951//948 941//938
f  940//937 941//938 952//949
f  940//937 952//949 946//943
f  941//938 951//948 953//950
f  941//938 953//950 952//949
f  942//939 954//951 947//944
f  943//940 954//951 942//939
f  943//940 955//952 954//951
f  944//941 955//952 943//940
f  944//941 956//953 955//952
f  945//942 956//953 944//941
f  945//942 957//954 956//953
f  946//943 957//954 945//942
f  946//943 952//949 957//954
f  947//944 958//955 948//945
f  954//951 958//955 947//944
f  948//945 959//956 960//957
f  948//945 960//957 949//946
f  958//955 959//956 948//945
f  949//946 960//957 961//958
f  949//946 961//958 950//947
f  950//947 961//958 962//959
f  950//947 962//959 951//948
f  951//948 962//959 963//960
f  951//948 963//960 953//950
f  952//949 953//950 964//961
f  952//949 964//961 957//954
f  953//950 963//960 965//962
f  953//950 965//962 964//961
f  954//951 966//963 958//955
f  955//952 966//963 954//951
f  955//952 967//964 966//963
f  956//953 967//964 955//952
f  956//953 968//965 967//964
f  957//954 968//965 956//953
f  957//954 964//961 968//965
f  958//955 969//966 959//956
f  966//963 969//966 958//955
f  959//956 970//967 971//968
f  959//956 971//968 960//957
f  969//966 970//967 959//956
f  960//957 971//968 972//969
f  960//957 972//969 961//958
f  961//958 972//969 973//970
f  961//958 973//970 962//959
f  962//959 973//970 974//971
f  962//959 974//971 963//960
f  963//960 974//971 975//972
f  963//960 975//972 965//962
f  964//961 965//962 976//973
f  964//961 976//973 968//965
f  965//962 975//972 977//974
f  965//962 977//974 976//973
f  966//963 978//975 969//966
f  967//964 978//975 966//963
f  967//964 979//976 978//975
f  968//965 979//976 967//964
f  968//965 976//973 979//976
f  969//966 980//977 970//967
f  978//975 980//977 969//966
f  970//967 981//978 982//979
f  970//967 982//979 971//968
f  980//977 981//978 970//967
f  971//968 982//979 983//980
f  971//968 983//980 972//969
f  972//969 983//980 984//981
f  972//969 984//981 973//970
f  973//970 984//981 985//982
f  973//970 985//982 974//971
f  974//971 985//982 986//983
f  974//971 986//983 975//972
f  975//972 986//983 987//984
f  975//972 987//984 977//974
f  976//973 977//974 988//985
f  976//973 988//985 979//976
f  977//974 987//984 989//986
f  977//974 989//986 988//985
f  978//975 990//987 980//977
f  979//976 990//987 978//975
f  979//976 988//985 990//987
f  980//977 991//988 981//978
f  990//987 991//988 980//977
f  981//978 992//989 982//979
f  991//988 992//989 981//978
f  982//979 992//989 983//980
f  983//980 992//989 984//981
f  984//981 992//989 985//982
f  985//982 992//989 986//983
f  986//983 992//989 987//984
f  987//984 992//989 989//986
f  988//985 989//986 993//990
f  988//985 993//990 990//987
f  989//986 992//989 993//990
f  990//987 993//990 991//988
f  993//990 992//989 991//988
f  994//991 995//992 996//993
f  994//991 997//994 998//995
f  994//991 998//995 995//992
f  999//996 994//991 996//993
f  999//996 997//994 994//991
f  995//992 1000//997 996//993
f  995//992 998//995 1001//998
f  995//992 1001//998 1000//997
f  1002//999 999//996 996//993
f  1003//1000 1002//999 996//993
f  1004//1001 1003//1000 996//993
f  1005//1002 1004//1001 996//993
f  1006//1003 1005//1002 996//993
f  1007//1004 1006//1003 996//993
f  1000//997 1007//1004 996//993
f  999//996 1008//1005 997//994
f  997//994 1009//1006 1010//1007
f  997//994 1010//1007 998//995
f  1008//1005 1009//1006 997//994
f  998//995 1010//1007 1011//1008
f  998//995 1011//1008 1001//998
f  1002//999 1008//1005 999//996
f  1000//997 1001//998 1012//1009
f  1000//997 1012//1009 1007//1004
f  1001//998 1011//1008 1013//1010
f  1001//998 1013//1010 1012//1009
f  1002//999 1014//1011 1008//1005
f  1003//1000 1014//1011 1002//999
f  1003//1000 1015//1012 1014//1011
f  1004//1001 1015//1012 1003//1000
f  1004//1001 1016//1013 1015//1012
f  1005//1002 1016//1013 1004//1001
f  1005//1002 1017//1014 1016//1013
f  1006//1003 1017//1014 1005//1002
f  1006//1003 1018//1015 1017//1014
f  1007//1004 1018//1015 1006//1003
f  1007//1004 1012//1009 1018//1015
f  1008//1005 1019//1016 1009//1006
f  1014//1011 1019//1016 1008//1005
f  1009//1006 1020//1017 1021//1018
f  1009//1006 1021//1018 1010//1007
f  1019//1016 1020//1017 1009//1006
f  1010//1007 1021//1018 1022//1019
f  1010//1007 1022//1019 1011//1008
f  1011//1008 1022//1019 1023//1020
f  1011//1008 1023//1020 1013//1010
f  1012//1009 1013//1010 1024//1021
f  1012//1009 1024//1021 1018//1015
f  1013//1010 1023//1020 1025//1022
f  1013//1010 1025//1022 1024//1021
f  1014//1011 1026//1023 1019//1016
f  1015//1012 1026//1023 1014//1011
f  1015//1012 1027//1024 1026//1023
f  1016//1013 1027//1024 1015//1012
f  1016//1013 1028//1025 1027//1024
f  1017//1014 1028//1025 1016//1013
f  1017//1014 1029//1026 1028//1025
f  1018//1015 1029//1026 1017//1014
f  1018//1015 1024//1021 1029//1026
f  1019//1016 1030//1027 1020//1017
f  1026//1023 1030//1027 1019//1016
f  1020//1017 1031//1028 1032//1029
f  1020//1017 1032//1029 1021//1018
f  1030//1027 1031//1028 1020//1017
f  1021//1018 1032//1029 1033//1030
f  1021//1018 1033//1030 1022//1019
f  1022//1019 1033//1030 1034//1031
f  1022//1019 1034//1031 1023//1020
f  1023//1020 1034//1031 1035//1032
f  1023//1020 1035//1032 1025//1022
f  1024//1021 1025//1022 1036//1033
f  1024//1021 1036//1033 1029//1026
f  1025//1022 1035//1032 1037//1034
f  1025//1022 1037//1034 1036//1033
f  1026//1023 1038//1035 1030//1027
f  1027//1024 1038//1035 1026//1023
f  1027//1024 1039//1036 1038//1035
f  1028//1025 1039//1036 1027//1024
f  1028//1025 1040//1037 1039//1036
f  1029//1026 1040//1037 1028//1025
f  1029//1026 1036//1033 1040//1037
f  1030//1027 1041//1038 1031//1028
f  1038//1035 1041//1038 1030//1027
f  1031//1028 1042//1039 1043//1040
f  1031//1028 1043//1040 1032//1029
f  1041//1038 1042//1039 1031//1028
f  1032//1029 1043//1040 1044//1041
f  1032//1029 1044//1041 1033//1030
f  1033//1030 1044//1041 1045//1042
f  1033//1030 1045//1042 1034//1031
f  1034//1031 1045//1042 1046//1043
f  1034//1031 1046//1043 1035//1032
f  1035//1032 1046//1043 1047//1044
f  1035//1032 1047//1044 1037//1034
f  1036//1033 1037//1034 1048//1045
f  1036//1033 1048//1045 1040//1037
f  1037//1034 1047//1044 1049//1046
f  1037//1034 1049//1046 1048//1045
f  1038//1035 1050//1047 1041//1038
f  1039//1036 1050//1047 1038//1035
f  1039//1036 1051//1048 1050//1047
f  1040//1037 1051//1048 1039//1036
f  1040//1037 1048//1045 1051//1048
f  1041//1038 1052//1049 1042//1039
f  1050//1047 1052//1049 1041//1038
f  1042//1039 1053//1050 1054//1051
f  1042//1039 1054//1051 1043//1040
f  1052//1049 1053//1050 1042//1039
f  1043//1040 1054//1051 1055//1052
f  1043//1040 1055//1052 1044//1041
f  1044//1041 1055//1052 1056//1053
f  1044//1041 1056//1053 1045//1042
f  1045//1042 1056//1053 1057//1054
f  1045//1042 1057//1054 1046//1043
f  1046//1043 1057//1054 1058//1055
f  1046//1043 1058//1055 1047//1044
f  1047//1044 1058//1055 1059//1056
f  1047//1044 1059//1056 1049//1046
f  1048//1045 1049//1046 1060//1057
f  1048//1045 1060//1057 1051//1048
f  1049//1046 1059//1056 1061//1058
f  1049//1046 1061//1058 1060//1057
f  1050//1047 1062//1059 1052//1049
f  1051//1048 1062//1059 1050//1047
f  1051//1048 1060//1057 1062//1059
f  1052//1049 1063//1060 1053//1050
f  1062//1059 1063//1060 1052//1049
f  1053//1050 1064//1061 1054//1051
f  1063//1060 1064//1061 1053//1050
f  1054//1051 1064//1061 1055//1052
f  1055//1052 1064//1061 1056//1053
f  1056//1053 1064//1061 1057//1054
f  1057//1054 1064//1061 1058//1055
f  1058//1055 1064//1061 1059//1056
f  1059//1056 1064//1061 1061//1058
f  1060//1057 1061//1058 1065//1062
f  1060//1057 1065//1062 1062//1059
f  1061//1058 1064//1061 1065//1062
f  1062//1059 1065//1062 1063//1060
f  1065//1062 1064//1061 1063//1060
