#VRML V2.0 utf8 
Transform { 
 children [ 
    Shape { 
appearance Appearance {
              material DEF surface Material {
              diffuseColor 0.8 0.8 0.8
              ambientIntensity 0.2
              specularColor 0.4 0.4 0.4
              emissiveColor 0 0 0
              shininess 0.25
              transparency 0
            }
          }
   geometry IndexedFaceSet { 
   solid FALSE 
    coord DEF bone Coordinate{ 
     point [ 
	 -0.012369   0.286890   0.228375,
	 -0.022851   0.285712   0.224929,
	 -0.017801   0.276874   0.224803,
	 -0.005594   0.275996   0.225554,
	 -0.005515   0.288705   0.227160,
	 -0.013432   0.294258   0.224407,
	 -0.022641   0.273217   0.217805,
	 -0.026290   0.283903   0.218569,
	 -0.020821   0.293305   0.219734,
	 -0.016529   0.270656   0.222434,
	 -0.006701   0.269100   0.223675,
	 -0.021019   0.268099   0.217036,
	  0.000335   0.269198   0.219777,
	  0.001787   0.277972   0.220439,
	  0.004379   0.288785   0.220659,
	  0.005019   0.296219   0.217676,
	 -0.008116   0.296038   0.224780,
	 -0.014497   0.297528   0.220257,
	 -0.027387   0.285382   0.211546,
	 -0.030949   0.282760   0.205322,
	 -0.028026   0.278825   0.205117,
	 -0.024464   0.292858   0.216047,
	 -0.014200   0.259426   0.220373,
	 -0.007191   0.258792   0.221397,
	 -0.019811   0.259235   0.214941,
	 -0.001187   0.259150   0.218546,
	 -0.023845   0.269237   0.205014,
	  0.002639   0.268637   0.212462,
	  0.004454   0.279473   0.213216,
	  0.004094   0.288323   0.213869,
	  0.004813   0.296732   0.210836,
	  0.001506   0.300075   0.209809,
	 -0.001442   0.301021   0.213847,
	 -0.010716   0.300412   0.218819,
	 -0.017388   0.298998   0.217420,
	 -0.026602   0.294321   0.211006,
	 -0.028158   0.296506   0.202965,
	 -0.031533   0.287893   0.204098,
	 -0.030786   0.286518   0.193545,
	 -0.031482   0.279949   0.194216,
	 -0.028520   0.276827   0.194762,
	 -0.018837   0.248827   0.213997,
	 -0.015454   0.249399   0.218363,
	 -0.008179   0.248986   0.219910,
	 -0.021967   0.258141   0.204500,
	 -0.021537   0.249292   0.204352,
	  0.000946   0.260431   0.211057,
	 -0.001690   0.248540   0.217291,
	 -0.023385   0.267185   0.197680,
	  0.007304   0.266971   0.205893,
	  0.011786   0.276292   0.207465,
	  0.014173   0.282846   0.209453,
	  0.013646   0.285472   0.210981,
	  0.008507   0.294887   0.194649,
	  0.014216   0.287658   0.205012,
	 -0.004449   0.304175   0.207270,
	  0.003185   0.300823   0.197712,
	 -0.009958   0.304382   0.211422,
	 -0.020489   0.301868   0.210072,
	 -0.021968   0.302745   0.201824,
	 -0.021782   0.301384   0.192921,
	 -0.027422   0.295665   0.192647,
	 -0.021105   0.292187   0.183015,
	 -0.022236   0.283934   0.181466,
	 -0.023179   0.275011   0.182812,
	 -0.022451   0.271540   0.186038,
	 -0.019285   0.265425   0.190119,
	 -0.021446   0.225587   0.206531,
	 -0.019244   0.225482   0.212811,
	 -0.015526   0.226013   0.216525,
	 -0.009014   0.225925   0.217573,
	 -0.021377   0.259262   0.198061,
	 -0.020729   0.249954   0.199209,
	 -0.000177   0.247762   0.209698,
	  0.004666   0.260207   0.205791,
	 -0.001954   0.226509   0.214477,
	 -0.017797   0.259604   0.191772,
	  0.008257   0.267349   0.199701,
	  0.011410   0.274610   0.198135,
	  0.015449   0.280793   0.200446,
	  0.005917   0.291790   0.187531,
	  0.000799   0.298455   0.188689,
	  0.010319   0.288432   0.192614,
	  0.006783   0.282490   0.188390,
	 -0.011008   0.305676   0.206502,
	 -0.008595   0.305230   0.202781,
	 -0.002674   0.304028   0.199148,
	 -0.013796   0.305927   0.205553,
	 -0.015753   0.306120   0.201077,
	 -0.015568   0.305438   0.196355,
	 -0.012275   0.304282   0.192808,
	 -0.016643   0.300318   0.187546,
	 -0.011252   0.300751   0.186794,
	 -0.012781   0.292550   0.180555,
	 -0.013917   0.282687   0.178039,
	 -0.013966   0.274608   0.178695,
	 -0.012352   0.270692   0.182351,
	 -0.011374   0.265974   0.186650,
	 -0.010307   0.260671   0.189391,
	 -0.022026   0.205191   0.207597,
	 -0.019989   0.225739   0.200022,
	 -0.020614   0.205320   0.200825,
	 -0.019628   0.205359   0.213578,
	 -0.015184   0.205660   0.216403,
	 -0.009172   0.205899   0.216419,
	 -0.016288   0.250117   0.193341,
	 -0.014879   0.226262   0.195360,
	  0.001593   0.246550   0.204238,
	  0.001144   0.225737   0.207936,
	  0.004979   0.260296   0.200485,
	 -0.001686   0.204629   0.213497,
	 -0.008940   0.248879   0.192406,
	  0.001607   0.267602   0.193757,
	  0.006252   0.276050   0.192190,
	  0.001634   0.279454   0.181865,
	 -0.001036   0.287809   0.180777,
	 -0.003060   0.295867   0.184078,
	 -0.005393   0.302148   0.189877,
	  0.001424   0.276191   0.185996,
	 -0.008109   0.305382   0.198763,
	 -0.009379   0.304877   0.195015,
	 -0.001259   0.267216   0.189950,
	 -0.001904   0.260738   0.192981,
	 -0.002610   0.246903   0.195060,
	 -0.023084   0.175290   0.207343,
	 -0.021144   0.175737   0.200754,
	 -0.015482   0.205587   0.196172,
	 -0.015532   0.176034   0.195766,
	 -0.020136   0.175511   0.213507,
	 -0.015822   0.175466   0.215828,
	 -0.008773   0.175935   0.215333,
	 -0.005693   0.225981   0.194916,
	 -0.006460   0.204255   0.195802,
	  0.001608   0.246150   0.200311,
	 -0.000340   0.225814   0.199188,
	  0.001566   0.203546   0.207637,
	 -0.002029   0.175246   0.211923,
	 -0.002285   0.225818   0.196564,
	 -0.020614   0.148049   0.199920,
	 -0.022302   0.147621   0.206475,
	 -0.007638   0.176182   0.195746,
	 -0.009308   0.149079   0.194653,
	 -0.015767   0.148551   0.195295,
	 -0.019528   0.147781   0.211350,
	 -0.016829   0.148776   0.213061,
	 -0.009237   0.149429   0.213620,
	 -0.001990   0.204522   0.199656,
	  0.000331   0.175725   0.207307,
	 -0.002235   0.148970   0.210744,
	 -0.015388   0.117412   0.193323,
	 -0.019823   0.115915   0.198469,
	 -0.022117   0.115676   0.204578,
	 -0.016602   0.114985   0.210244,
	 -0.002710   0.175743   0.200617,
	 -0.004723   0.148850   0.199043,
	 -0.009007   0.118438   0.192409,
	 -0.004698   0.118454   0.196825,
	 -0.008704   0.116728   0.209550,
	 -0.002382   0.118394   0.206501,
	 -0.000400   0.148934   0.205545,
	 -0.010278   0.083273   0.191395,
	 -0.014486   0.083706   0.191685,
	 -0.018872   0.083299   0.197816,
	 -0.020698   0.081823   0.204709,
	 -0.017339   0.082787   0.213498,
	 -0.000145   0.117547   0.204399,
	 -0.005489   0.083307   0.195475,
	 -0.001538   0.083400   0.203093,
	 -0.011855   0.083202   0.210126,
	 -0.008198   0.083401   0.207799,
	 -0.003494   0.083819   0.204951,
	 -0.006056   0.056312   0.194756,
	 -0.011849   0.055129   0.190339,
	 -0.015564   0.054870   0.191911,
	 -0.018897   0.055426   0.200483,
	 -0.018633   0.055926   0.206468,
	 -0.015328   0.059009   0.218157,
	 -0.001328   0.058118   0.200160,
	 -0.004164   0.058530   0.205642,
	 -0.011934   0.059291   0.214265,
	 -0.009099   0.058832   0.209825,
	  0.000117   0.038945   0.201640,
	 -0.003178   0.037754   0.195264,
	 -0.010967   0.037086   0.188204,
	 -0.014307   0.036362   0.190266,
	 -0.016086   0.035388   0.203441,
	 -0.016334   0.035725   0.213179,
	 -0.013374   0.039637   0.223546,
	 -0.015599   0.037466   0.223255,
	 -0.004069   0.038270   0.209421,
	 -0.009970   0.040117   0.220966,
	 -0.007720   0.038116   0.216714,
	 -0.002291   0.026345   0.211761,
	  0.000582   0.020695   0.191636,
	  0.001473   0.020407   0.196001,
	  0.000694   0.021546   0.200523,
	  0.000908   0.022570   0.205337,
	 -0.001997   0.022476   0.189269,
	 -0.007692   0.027063   0.185088,
	 -0.010638   0.027332   0.184947,
	 -0.013263   0.026902   0.186638,
	 -0.012945   0.020505   0.196634,
	 -0.013306   0.022792   0.202878,
	 -0.013624   0.021094   0.207216,
	 -0.013787   0.025154   0.227061,
	 -0.014617   0.016504   0.212562,
	 -0.016298   0.021086   0.220198,
	 -0.010896   0.025738   0.228393,
	 -0.004910   0.025911   0.218252,
	 -0.007466   0.026727   0.226101,
	 -0.005957   0.025611   0.220320,
	 -0.000791   0.019396   0.213788,
	  0.001427   0.016504   0.189622,
	 -0.000535   0.014188   0.194990,
	 -0.001592   0.013773   0.200412,
	  0.003285   0.013911   0.207114,
	 -0.005602   0.019230   0.180453,
	 -0.001040   0.018257   0.186187,
	 -0.009573   0.019072   0.178369,
	 -0.012678   0.019424   0.180875,
	 -0.013451   0.017987   0.193409,
	 -0.008290   0.016223   0.197257,
	 -0.007727   0.017223   0.201874,
	 -0.005610   0.014347   0.204086,
	 -0.005720   0.011243   0.205307,
	 -0.015500   0.011750   0.220541,
	 -0.013511   0.014497   0.226071,
	 -0.010125   0.014453   0.229190,
	 -0.015457   0.010751   0.214538,
	 -0.005692   0.014441   0.230762,
	 -0.000080   0.017768   0.220230,
	 -0.003784   0.016235   0.229275,
	 -0.001422   0.016832   0.225141,
	  0.001654   0.012774   0.215538,
	  0.001134   0.011260   0.182556,
	  0.004683   0.009671   0.188196,
	  0.003178   0.009249   0.194208,
	  0.003069   0.008613   0.198715,
	  0.005683   0.010456   0.207216,
	 -0.003312   0.012460   0.175999,
	 -0.009707   0.013610   0.172336,
	 -0.013256   0.013945   0.175431,
	 -0.013538   0.012282   0.187641,
	 -0.007488   0.010420   0.194012,
	 -0.004118   0.009646   0.200694,
	 -0.009334   0.003422   0.206962,
	 -0.008719   0.000688   0.202279,
	 -0.014377   0.000658   0.214611,
	 -0.012637   0.000924   0.217789,
	 -0.010443   0.002408   0.224742,
	 -0.007516   0.009067   0.230254,
	 -0.009309   0.000024   0.207123,
	 -0.003750   0.011410   0.232188,
	  0.004946   0.013800   0.222149,
	  0.000635   0.010471   0.231113,
	  0.003374   0.013434   0.226038,
	  0.007243   0.009606   0.215989,
	  0.005443   0.008793   0.212059,
	  0.000850   0.005960   0.181266,
	 -0.001557   0.006792   0.173933,
	  0.008782   0.005000   0.186552,
	  0.008609   0.004151   0.192404,
	  0.007287   0.004248   0.198096,
	  0.009542   0.006033   0.205851,
	 -0.009686   0.007478   0.168945,
	 -0.012018   0.005759   0.170142,
	 -0.014185   0.008235   0.178722,
	 -0.012224   0.005932   0.189613,
	 -0.012827   0.002066   0.192511,
	 -0.008271   0.004425   0.196251,
	 -0.010322  -0.002272   0.196594,
	 -0.007623  -0.008360   0.195468,
	 -0.007385  -0.004249   0.207068,
	 -0.006326  -0.004833   0.203009,
	 -0.010553  -0.005577   0.213877,
	 -0.008817  -0.002499   0.217357,
	 -0.005455   0.002949   0.230770,
	 -0.003331  -0.001788   0.229514,
	 -0.005236  -0.003336   0.225279,
	 -0.007088  -0.002690   0.222131,
	 -0.001080   0.007356   0.232531,
	  0.009836   0.011359   0.222043,
	 -0.001251   0.003748   0.231847,
	  0.004756   0.009625   0.228207,
	  0.008644   0.009244   0.226635,
	  0.011306   0.006056   0.216657,
	  0.007748   0.004767   0.211156,
	  0.000240   0.000949   0.181591,
	 -0.003225   0.000686   0.175500,
	 -0.008360   0.000872   0.170928,
	  0.009369  -0.000544   0.183843,
	  0.009780  -0.000783   0.190372,
	  0.007366  -0.000193   0.198041,
	  0.010522   0.001103   0.204384,
	 -0.013116   0.002051   0.171515,
	 -0.013376   0.003576   0.178050,
	 -0.014188  -0.003072   0.191101,
	 -0.011393  -0.001926   0.187250,
	 -0.010212  -0.010657   0.188828,
	 -0.003181  -0.013061   0.192463,
	 -0.001774  -0.007887   0.201753,
	 -0.002407  -0.008030   0.206577,
	 -0.005564  -0.009080   0.213629,
	 -0.003451  -0.006690   0.216912,
	 -0.002660  -0.004003   0.225764,
	  0.004726  -0.002028   0.226383,
	 -0.001650  -0.007654   0.220135,
	  0.010562   0.005738   0.227259,
	  0.013501   0.006214   0.222329,
	  0.006552   0.003579   0.227415,
	  0.011335   0.001069   0.215848,
	  0.007978   0.001644   0.211016,
	  0.008411  -0.006135   0.183197,
	 -0.000175  -0.003254   0.181851,
	 -0.004282  -0.003797   0.176647,
	 -0.010017  -0.000833   0.171235,
	 -0.011597  -0.000169   0.171686,
	  0.008480  -0.006364   0.191087,
	  0.006138  -0.003938   0.198389,
	  0.009156  -0.003703   0.205060,
	 -0.011633  -0.000425   0.178795,
	 -0.007320  -0.005007   0.186320,
	 -0.003653  -0.013825   0.186778,
	  0.003525  -0.011179   0.192520,
	  0.002596  -0.007080   0.199538,
	  0.002939  -0.008343   0.206923,
	  0.002047  -0.006898   0.212751,
	  0.003840  -0.008608   0.218905,
	  0.003539  -0.009228   0.223976,
	  0.007215  -0.004504   0.226540,
	  0.010340   0.001053   0.227305,
	  0.013437  -0.000625   0.223777,
	  0.009299  -0.004561   0.216914,
	  0.006357  -0.003172   0.211728,
	  0.002408  -0.011578   0.184274,
	 -0.002509  -0.006250   0.184154,
	 -0.007275  -0.004285   0.177605,
	 -0.004517  -0.006659   0.184705,
	  0.008539  -0.005932   0.223926,
	 -0.017801   0.276874  -0.224803,
	 -0.022851   0.285712  -0.224929,
	 -0.012369   0.286890  -0.228375,
	 -0.005594   0.275996  -0.225554,
	 -0.022641   0.273217  -0.217805,
	 -0.006701   0.269100  -0.223675,
	 -0.016529   0.270656  -0.222434,
	 -0.021019   0.268099  -0.217036,
	 -0.013432   0.294258  -0.224407,
	 -0.020821   0.293305  -0.219734,
	 -0.026290   0.283903  -0.218569,
	 -0.005515   0.288705  -0.227160,
	  0.000335   0.269198  -0.219777,
	  0.001787   0.277972  -0.220439,
	 -0.030949   0.282760  -0.205322,
	 -0.027387   0.285382  -0.211546,
	 -0.028026   0.278825  -0.205117,
	 -0.007191   0.258792  -0.221397,
	 -0.001187   0.259150  -0.218546,
	 -0.014200   0.259426  -0.220373,
	 -0.019811   0.259235  -0.214941,
	 -0.023845   0.269237  -0.205014,
	 -0.008116   0.296038  -0.224780,
	 -0.014497   0.297528  -0.220257,
	 -0.024464   0.292858  -0.216047,
	  0.004379   0.288785  -0.220659,
	  0.005019   0.296219  -0.217676,
	  0.002639   0.268637  -0.212462,
	  0.004454   0.279473  -0.213216,
	 -0.031533   0.287893  -0.204098,
	 -0.031482   0.279949  -0.194216,
	 -0.030786   0.286518  -0.193545,
	 -0.026602   0.294321  -0.211006,
	 -0.028158   0.296506  -0.202965,
	 -0.028520   0.276827  -0.194762,
	 -0.015454   0.249399  -0.218363,
	 -0.008179   0.248986  -0.219910,
	  0.000946   0.260431  -0.211057,
	 -0.001690   0.248540  -0.217291,
	 -0.018837   0.248827  -0.213997,
	 -0.021967   0.258141  -0.204500,
	 -0.021537   0.249292  -0.204352,
	 -0.023385   0.267185  -0.197680,
	 -0.001442   0.301021  -0.213847,
	 -0.010716   0.300412  -0.218819,
	 -0.017388   0.298998  -0.217420,
	  0.004094   0.288323  -0.213869,
	  0.004813   0.296732  -0.210836,
	  0.001506   0.300075  -0.209809,
	  0.011786   0.276292  -0.207465,
	  0.007304   0.266971  -0.205893,
	  0.014173   0.282846  -0.209453,
	  0.013646   0.285472  -0.210981,
	 -0.027422   0.295665  -0.192647,
	 -0.022236   0.283934  -0.181466,
	 -0.023179   0.275011  -0.182812,
	 -0.022451   0.271540  -0.186038,
	 -0.021105   0.292187  -0.183015,
	 -0.020489   0.301868  -0.210072,
	 -0.021968   0.302745  -0.201824,
	 -0.021782   0.301384  -0.192921,
	 -0.019285   0.265425  -0.190119,
	 -0.019244   0.225482  -0.212811,
	 -0.015526   0.226013  -0.216525,
	 -0.009014   0.225925  -0.217573,
	 -0.000177   0.247762  -0.209698,
	  0.004666   0.260207  -0.205791,
	 -0.001954   0.226509  -0.214477,
	 -0.021446   0.225587  -0.206531,
	 -0.021377   0.259262  -0.198061,
	 -0.020729   0.249954  -0.199209,
	 -0.017797   0.259604  -0.191772,
	 -0.004449   0.304175  -0.207270,
	 -0.009958   0.304382  -0.211422,
	  0.014216   0.287658  -0.205012,
	  0.008507   0.294887  -0.194649,
	  0.003185   0.300823  -0.197712,
	  0.008257   0.267349  -0.199701,
	  0.015449   0.280793  -0.200446,
	  0.011410   0.274610  -0.198135,
	 -0.016643   0.300318  -0.187546,
	 -0.012781   0.292550  -0.180555,
	 -0.013917   0.282687  -0.178039,
	 -0.013966   0.274608  -0.178695,
	 -0.012352   0.270692  -0.182351,
	 -0.011374   0.265974  -0.186650,
	 -0.011252   0.300751  -0.186794,
	 -0.013796   0.305927  -0.205553,
	 -0.015753   0.306120  -0.201077,
	 -0.015568   0.305438  -0.196355,
	 -0.012275   0.304282  -0.192808,
	 -0.010307   0.260671  -0.189391,
	 -0.022026   0.205191  -0.207597,
	 -0.019628   0.205359  -0.213578,
	 -0.015184   0.205660  -0.216403,
	 -0.009172   0.205899  -0.216419,
	  0.001144   0.225737  -0.207936,
	  0.001593   0.246550  -0.204238,
	  0.004979   0.260296  -0.200485,
	 -0.001686   0.204629  -0.213497,
	 -0.019989   0.225739  -0.200022,
	 -0.020614   0.205320  -0.200825,
	 -0.016288   0.250117  -0.193341,
	 -0.014879   0.226262  -0.195360,
	 -0.008940   0.248879  -0.192406,
	 -0.011008   0.305676  -0.206502,
	 -0.002674   0.304028  -0.199148,
	 -0.008595   0.305230  -0.202781,
	  0.010319   0.288432  -0.192614,
	  0.000799   0.298455  -0.188689,
	  0.005917   0.291790  -0.187531,
	  0.006783   0.282490  -0.188390,
	  0.006252   0.276050  -0.192190,
	  0.001607   0.267602  -0.193757,
	 -0.005393   0.302148  -0.189877,
	 -0.003060   0.295867  -0.184078,
	 -0.001036   0.287809  -0.180777,
	  0.001634   0.279454  -0.181865,
	  0.001424   0.276191  -0.185996,
	 -0.001259   0.267216  -0.189950,
	 -0.001904   0.260738  -0.192981,
	 -0.009379   0.304877  -0.195015,
	 -0.002610   0.246903  -0.195060,
	 -0.023084   0.175290  -0.207343,
	 -0.021144   0.175737  -0.200754,
	 -0.020136   0.175511  -0.213507,
	 -0.015822   0.175466  -0.215828,
	 -0.008773   0.175935  -0.215333,
	 -0.000340   0.225814  -0.199188,
	  0.001566   0.203546  -0.207637,
	  0.001608   0.246150  -0.200311,
	 -0.002029   0.175246  -0.211923,
	 -0.015482   0.205587  -0.196172,
	 -0.015532   0.176034  -0.195766,
	 -0.005693   0.225981  -0.194916,
	 -0.006460   0.204255  -0.195802,
	 -0.002285   0.225818  -0.196564,
	 -0.008109   0.305382  -0.198763,
	 -0.020614   0.148049  -0.199920,
	 -0.022302   0.147621  -0.206475,
	 -0.019528   0.147781  -0.211350,
	 -0.016829   0.148776  -0.213061,
	 -0.009237   0.149429  -0.213620,
	 -0.001990   0.204522  -0.199656,
	  0.000331   0.175725  -0.207307,
	 -0.002235   0.148970  -0.210744,
	 -0.007638   0.176182  -0.195746,
	 -0.015767   0.148551  -0.195295,
	 -0.009308   0.149079  -0.194653,
	 -0.019823   0.115915  -0.198469,
	 -0.015388   0.117412  -0.193323,
	 -0.016602   0.114985  -0.210244,
	 -0.022117   0.115676  -0.204578,
	 -0.008704   0.116728  -0.209550,
	 -0.002382   0.118394  -0.206501,
	 -0.002710   0.175743  -0.200617,
	 -0.000400   0.148934  -0.205545,
	 -0.004723   0.148850  -0.199043,
	 -0.009007   0.118438  -0.192409,
	 -0.004698   0.118454  -0.196825,
	 -0.014486   0.083706  -0.191685,
	 -0.018872   0.083299  -0.197816,
	 -0.010278   0.083273  -0.191395,
	 -0.020698   0.081823  -0.204709,
	 -0.017339   0.082787  -0.213498,
	 -0.011855   0.083202  -0.210126,
	 -0.008198   0.083401  -0.207799,
	 -0.003494   0.083819  -0.204951,
	 -0.000145   0.117547  -0.204399,
	 -0.005489   0.083307  -0.195475,
	 -0.001538   0.083400  -0.203093,
	 -0.011849   0.055129  -0.190339,
	 -0.015564   0.054870  -0.191911,
	 -0.018897   0.055426  -0.200483,
	 -0.006056   0.056312  -0.194756,
	 -0.018633   0.055926  -0.206468,
	 -0.015328   0.059009  -0.218157,
	 -0.011934   0.059291  -0.214265,
	 -0.009099   0.058832  -0.209825,
	 -0.004164   0.058530  -0.205642,
	 -0.001328   0.058118  -0.200160,
	 -0.003178   0.037754  -0.195264,
	 -0.014307   0.036362  -0.190266,
	 -0.010967   0.037086  -0.188204,
	 -0.016086   0.035388  -0.203441,
	  0.000117   0.038945  -0.201640,
	 -0.016334   0.035725  -0.213179,
	 -0.015599   0.037466  -0.223255,
	 -0.013374   0.039637  -0.223546,
	 -0.009970   0.040117  -0.220966,
	 -0.004069   0.038270  -0.209421,
	 -0.007720   0.038116  -0.216714,
	  0.000582   0.020695  -0.191636,
	 -0.007692   0.027063  -0.185088,
	 -0.001997   0.022476  -0.189269,
	 -0.010638   0.027332  -0.184947,
	 -0.013263   0.026902  -0.186638,
	 -0.012945   0.020505  -0.196634,
	 -0.013306   0.022792  -0.202878,
	 -0.013624   0.021094  -0.207216,
	 -0.002291   0.026345  -0.211761,
	  0.001473   0.020407  -0.196001,
	  0.000694   0.021546  -0.200523,
	  0.000908   0.022570  -0.205337,
	 -0.013787   0.025154  -0.227061,
	 -0.016298   0.021086  -0.220198,
	 -0.014617   0.016504  -0.212562,
	 -0.010896   0.025738  -0.228393,
	 -0.007466   0.026727  -0.226101,
	 -0.004910   0.025911  -0.218252,
	 -0.005957   0.025611  -0.220320,
	  0.001427   0.016504  -0.189622,
	 -0.005602   0.019230  -0.180453,
	 -0.009573   0.019072  -0.178369,
	 -0.001040   0.018257  -0.186187,
	 -0.012678   0.019424  -0.180875,
	 -0.013451   0.017987  -0.193409,
	 -0.007727   0.017223  -0.201874,
	 -0.008290   0.016223  -0.197257,
	 -0.005610   0.014347  -0.204086,
	 -0.005720   0.011243  -0.205307,
	 -0.000791   0.019396  -0.213788,
	 -0.000535   0.014188  -0.194990,
	 -0.001592   0.013773  -0.200412,
	  0.003285   0.013911  -0.207114,
	 -0.015500   0.011750  -0.220541,
	 -0.010125   0.014453  -0.229190,
	 -0.013511   0.014497  -0.226071,
	 -0.015457   0.010751  -0.214538,
	 -0.005692   0.014441  -0.230762,
	 -0.003784   0.016235  -0.229275,
	 -0.000080   0.017768  -0.220230,
	 -0.001422   0.016832  -0.225141,
	  0.001134   0.011260  -0.182556,
	  0.004683   0.009671  -0.188196,
	 -0.009707   0.013610  -0.172336,
	 -0.003312   0.012460  -0.175999,
	 -0.013256   0.013945  -0.175431,
	 -0.013538   0.012282  -0.187641,
	 -0.007488   0.010420  -0.194012,
	 -0.004118   0.009646  -0.200694,
	 -0.009334   0.003422  -0.206962,
	 -0.008719   0.000688  -0.202279,
	  0.001654   0.012774  -0.215538,
	  0.003178   0.009249  -0.194208,
	  0.003069   0.008613  -0.198715,
	  0.005683   0.010456  -0.207216,
	 -0.014377   0.000658  -0.214611,
	 -0.012637   0.000924  -0.217789,
	 -0.010443   0.002408  -0.224742,
	 -0.007516   0.009067  -0.230254,
	 -0.009309   0.000024  -0.207123,
	 -0.003750   0.011410  -0.232188,
	  0.000635   0.010471  -0.231113,
	  0.004946   0.013800  -0.222149,
	  0.003374   0.013434  -0.226038,
	 -0.001557   0.006792  -0.173933,
	  0.000850   0.005960  -0.181266,
	  0.008782   0.005000  -0.186552,
	 -0.009686   0.007478  -0.168945,
	 -0.012018   0.005759  -0.170142,
	 -0.014185   0.008235  -0.178722,
	 -0.012224   0.005932  -0.189613,
	 -0.008271   0.004425  -0.196251,
	 -0.012827   0.002066  -0.192511,
	 -0.010322  -0.002272  -0.196594,
	 -0.007623  -0.008360  -0.195468,
	 -0.007385  -0.004249  -0.207068,
	 -0.006326  -0.004833  -0.203009,
	  0.007243   0.009606  -0.215989,
	  0.005443   0.008793  -0.212059,
	  0.008609   0.004151  -0.192404,
	  0.007287   0.004248  -0.198096,
	  0.009542   0.006033  -0.205851,
	 -0.010553  -0.005577  -0.213877,
	 -0.008817  -0.002499  -0.217357,
	 -0.005455   0.002949  -0.230770,
	 -0.003331  -0.001788  -0.229514,
	 -0.005236  -0.003336  -0.225279,
	 -0.007088  -0.002690  -0.222131,
	 -0.001080   0.007356  -0.232531,
	 -0.001251   0.003748  -0.231847,
	  0.004756   0.009625  -0.228207,
	  0.009836   0.011359  -0.222043,
	  0.008644   0.009244  -0.226635,
	 -0.003225   0.000686  -0.175500,
	 -0.008360   0.000872  -0.170928,
	  0.000240   0.000949  -0.181591,
	  0.009369  -0.000544  -0.183843,
	 -0.013116   0.002051  -0.171515,
	 -0.013376   0.003576  -0.178050,
	 -0.014188  -0.003072  -0.191101,
	 -0.011393  -0.001926  -0.187250,
	 -0.010212  -0.010657  -0.188828,
	 -0.003181  -0.013061  -0.192463,
	 -0.001774  -0.007887  -0.201753,
	 -0.002407  -0.008030  -0.206577,
	  0.007748   0.004767  -0.211156,
	  0.011306   0.006056  -0.216657,
	  0.009780  -0.000783  -0.190372,
	  0.007366  -0.000193  -0.198041,
	  0.010522   0.001103  -0.204384,
	 -0.005564  -0.009080  -0.213629,
	 -0.003451  -0.006690  -0.216912,
	  0.004726  -0.002028  -0.226383,
	 -0.002660  -0.004003  -0.225764,
	 -0.001650  -0.007654  -0.220135,
	  0.006552   0.003579  -0.227415,
	  0.013501   0.006214  -0.222329,
	  0.010562   0.005738  -0.227259,
	 -0.004282  -0.003797  -0.176647,
	 -0.010017  -0.000833  -0.171235,
	 -0.011597  -0.000169  -0.171686,
	 -0.000175  -0.003254  -0.181851,
	  0.008411  -0.006135  -0.183197,
	 -0.011633  -0.000425  -0.178795,
	 -0.007320  -0.005007  -0.186320,
	 -0.003653  -0.013825  -0.186778,
	  0.002596  -0.007080  -0.199538,
	  0.003525  -0.011179  -0.192520,
	  0.002939  -0.008343  -0.206923,
	  0.002047  -0.006898  -0.212751,
	  0.007978   0.001644  -0.211016,
	  0.011335   0.001069  -0.215848,
	  0.008480  -0.006364  -0.191087,
	  0.006138  -0.003938  -0.198389,
	  0.009156  -0.003703  -0.205060,
	  0.003840  -0.008608  -0.218905,
	  0.003539  -0.009228  -0.223976,
	  0.010340   0.001053  -0.227305,
	  0.007215  -0.004504  -0.226540,
	  0.013437  -0.000625  -0.223777,
	 -0.007275  -0.004285  -0.177605,
	  0.002408  -0.011578  -0.184274,
	 -0.002509  -0.006250  -0.184154,
	 -0.004517  -0.006659  -0.184705,
	  0.006357  -0.003172  -0.211728,
	  0.009299  -0.004561  -0.216914,
	  0.008539  -0.005932  -0.223926,
     ]    } 
    coordIndex [ 
	     0,      1,      2, -1 
	     3,      4,      0, -1 
	     5,      0,      4, -1 
	     3,      0,      2, -1 
	     5,      1,      0, -1 
	     6,      2,      1, -1 
	     7,      1,      8, -1 
	     5,      8,      1, -1 
	     6,      1,      7, -1 
	     2,      9,     10, -1 
	    11,      9,      2, -1 
	     2,     10,      3, -1 
	    11,      2,      6, -1 
	     3,     10,     12, -1 
	    13,      4,      3, -1 
	     3,     12,     13, -1 
	    13,     14,      4, -1 
	    15,     16,      4, -1 
	    15,      4,     14, -1 
	     5,      4,     16, -1 
	    17,      5,     16, -1 
	     5,     17,      8, -1 
	     6,     18,     19, -1 
	     7,     18,      6, -1 
	    11,      6,     20, -1 
	     6,     19,     20, -1 
	     8,     18,      7, -1 
	     8,     21,     18, -1 
	    17,     21,      8, -1 
	     9,     22,     23, -1 
	     9,     11,     24, -1 
	     9,     23,     10, -1 
	     9,     24,     22, -1 
	    10,     23,     25, -1 
	    10,     25,     12, -1 
	    11,     20,     26, -1 
	    26,     24,     11, -1 
	    13,     12,     27, -1 
	    25,     27,     12, -1 
	    28,     14,     13, -1 
	    13,     27,     28, -1 
	    28,     29,     14, -1 
	    29,     15,     14, -1 
	    29,     30,     15, -1 
	    31,     32,     15, -1 
	    32,     16,     15, -1 
	    31,     15,     30, -1 
	    32,     33,     16, -1 
	    17,     16,     33, -1 
	    17,     34,     21, -1 
	    33,     34,     17, -1 
	    35,     18,     21, -1 
	    36,     37,     18, -1 
	    37,     19,     18, -1 
	    36,     18,     35, -1 
	    38,     39,     19, -1 
	    20,     19,     39, -1 
	    38,     19,     37, -1 
	    26,     20,     40, -1 
	    20,     39,     40, -1 
	    35,     21,     34, -1 
	    41,     42,     22, -1 
	    42,     23,     22, -1 
	    41,     22,     24, -1 
	    42,     43,     23, -1 
	    25,     23,     43, -1 
	    26,     44,     24, -1 
	    24,     44,     45, -1 
	    24,     45,     41, -1 
	    25,     46,     27, -1 
	    47,     46,     25, -1 
	    25,     43,     47, -1 
	    26,     40,     48, -1 
	    48,     44,     26, -1 
	    27,     49,     50, -1 
	    46,     49,     27, -1 
	    27,     50,     28, -1 
	    28,     50,     51, -1 
	    51,     52,     28, -1 
	    29,     28,     52, -1 
	    29,     52,     30, -1 
	    53,     30,     54, -1 
	    52,     54,     30, -1 
	    31,     30,     53, -1 
	    55,     31,     56, -1 
	    32,     31,     55, -1 
	    53,     56,     31, -1 
	    57,     33,     32, -1 
	    57,     32,     55, -1 
	    58,     34,     33, -1 
	    58,     33,     57, -1 
	    35,     34,     58, -1 
	    59,     36,     35, -1 
	    59,     35,     58, -1 
	    60,     61,     36, -1 
	    60,     36,     59, -1 
	    61,     37,     36, -1 
	    61,     38,     37, -1 
	    62,     63,     38, -1 
	    62,     38,     61, -1 
	    63,     39,     38, -1 
	    63,     64,     39, -1 
	    65,     40,     39, -1 
	    65,     39,     64, -1 
	    66,     48,     40, -1 
	    66,     40,     65, -1 
	    67,     68,     41, -1 
	    68,     42,     41, -1 
	    67,     41,     45, -1 
	    68,     69,     42, -1 
	    69,     43,     42, -1 
	    69,     70,     43, -1 
	    47,     43,     70, -1 
	    48,     71,     44, -1 
	    45,     44,     71, -1 
	    45,     71,     72, -1 
	    72,     67,     45, -1 
	    47,     73,     46, -1 
	    46,     74,     49, -1 
	    73,     74,     46, -1 
	    47,     70,     75, -1 
	    75,     73,     47, -1 
	    76,     71,     48, -1 
	    76,     48,     66, -1 
	    50,     49,     77, -1 
	    74,     77,     49, -1 
	    78,     79,     50, -1 
	    79,     51,     50, -1 
	    50,     77,     78, -1 
	    54,     52,     51, -1 
	    54,     51,     79, -1 
	    53,     80,     81, -1 
	    53,     82,     83, -1 
	    53,     81,     56, -1 
	    53,     83,     80, -1 
	    54,     82,     53, -1 
	    54,     79,     82, -1 
	    84,     57,     55, -1 
	    85,     55,     86, -1 
	    84,     55,     85, -1 
	    55,     56,     86, -1 
	    86,     56,     81, -1 
	    87,     58,     57, -1 
	    87,     57,     84, -1 
	    88,     59,     58, -1 
	    88,     58,     87, -1 
	    89,     60,     59, -1 
	    89,     59,     88, -1 
	    90,     91,     60, -1 
	    90,     60,     89, -1 
	    91,     61,     60, -1 
	    91,     62,     61, -1 
	    92,     93,     62, -1 
	    92,     62,     91, -1 
	    93,     63,     62, -1 
	    93,     94,     63, -1 
	    94,     64,     63, -1 
	    94,     95,     64, -1 
	    96,     65,     64, -1 
	    96,     64,     95, -1 
	    97,     66,     65, -1 
	    97,     65,     96, -1 
	    98,     76,     66, -1 
	    98,     66,     97, -1 
	    99,     68,     67, -1 
	    72,    100,     67, -1 
	    67,    101,     99, -1 
	    67,    100,    101, -1 
	    99,    102,     68, -1 
	   102,     69,     68, -1 
	   102,    103,     69, -1 
	   103,     70,     69, -1 
	   103,    104,     70, -1 
	    75,     70,    104, -1 
	   105,     72,     71, -1 
	   105,     71,     76, -1 
	   106,     72,    105, -1 
	   106,    100,     72, -1 
	   107,     73,    108, -1 
	    75,    108,     73, -1 
	    73,    107,     74, -1 
	    74,    109,     77, -1 
	   107,    109,     74, -1 
	    75,    104,    110, -1 
	   110,    108,     75, -1 
	   111,    105,     76, -1 
	   111,     76,     98, -1 
	    77,    112,    113, -1 
	    77,    113,     78, -1 
	   109,    112,     77, -1 
	    79,     78,    113, -1 
	    79,    113,     82, -1 
	    80,     83,    114, -1 
	   115,     81,     80, -1 
	    80,    114,    115, -1 
	    81,    116,    117, -1 
	   115,    116,     81, -1 
	    86,     81,    117, -1 
	    82,    113,     83, -1 
	    83,    113,    118, -1 
	   118,    114,     83, -1 
	    85,     87,     84, -1 
	    85,    119,    120, -1 
	    85,    120,     90, -1 
	    85,     86,    119, -1 
	    85,     90,     89, -1 
	    85,     89,     88, -1 
	    85,     88,     87, -1 
	   119,     86,    117, -1 
	    92,     91,     90, -1 
	   120,     92,     90, -1 
	   120,    117,     92, -1 
	   117,     93,     92, -1 
	   117,    116,     93, -1 
	   116,     94,     93, -1 
	   116,    115,     94, -1 
	   115,     95,     94, -1 
	   115,    114,     95, -1 
	   118,     96,     95, -1 
	   118,     95,    114, -1 
	   121,     97,     96, -1 
	   121,     96,    118, -1 
	   122,     98,     97, -1 
	   122,     97,    121, -1 
	   123,    111,     98, -1 
	   123,     98,    122, -1 
	   124,    102,     99, -1 
	    99,    101,    125, -1 
	    99,    125,    124, -1 
	   126,    101,    100, -1 
	   126,    100,    106, -1 
	   127,    125,    101, -1 
	   127,    101,    126, -1 
	   124,    128,    102, -1 
	   128,    103,    102, -1 
	   128,    129,    103, -1 
	   129,    104,    103, -1 
	   129,    130,    104, -1 
	   110,    104,    130, -1 
	   131,    106,    105, -1 
	   131,    105,    111, -1 
	   106,    131,    132, -1 
	   106,    132,    126, -1 
	   107,    133,    109, -1 
	   134,    133,    107, -1 
	   107,    108,    134, -1 
	   134,    108,    135, -1 
	   110,    135,    108, -1 
	   109,    122,    112, -1 
	   133,    122,    109, -1 
	   110,    130,    136, -1 
	   136,    135,    110, -1 
	   137,    131,    111, -1 
	   137,    111,    123, -1 
	   112,    121,    118, -1 
	   122,    121,    112, -1 
	   112,    118,    113, -1 
	   119,    117,    120, -1 
	   133,    123,    122, -1 
	   137,    123,    133, -1 
	   124,    125,    138, -1 
	   124,    138,    139, -1 
	   139,    128,    124, -1 
	   138,    125,    127, -1 
	   126,    132,    140, -1 
	   126,    140,    127, -1 
	   141,    142,    127, -1 
	   138,    127,    142, -1 
	   141,    127,    140, -1 
	   139,    143,    128, -1 
	   128,    143,    144, -1 
	   128,    144,    129, -1 
	   144,    130,    129, -1 
	   144,    145,    130, -1 
	   136,    130,    145, -1 
	   132,    131,    137, -1 
	   132,    137,    146, -1 
	   146,    140,    132, -1 
	   137,    133,    134, -1 
	   146,    137,    134, -1 
	   134,    135,    146, -1 
	   136,    147,    135, -1 
	   147,    146,    135, -1 
	   136,    145,    148, -1 
	   148,    147,    136, -1 
	   149,    150,    138, -1 
	   139,    138,    150, -1 
	   149,    138,    142, -1 
	   139,    151,    152, -1 
	   139,    150,    151, -1 
	   139,    152,    143, -1 
	   146,    153,    140, -1 
	   140,    153,    154, -1 
	   140,    154,    141, -1 
	   155,    142,    141, -1 
	   141,    154,    156, -1 
	   141,    156,    155, -1 
	   155,    149,    142, -1 
	   143,    152,    144, -1 
	   152,    145,    144, -1 
	   152,    157,    145, -1 
	   158,    148,    145, -1 
	   158,    145,    157, -1 
	   147,    153,    146, -1 
	   148,    159,    147, -1 
	   159,    153,    147, -1 
	   158,    159,    148, -1 
	   160,    161,    149, -1 
	   160,    149,    155, -1 
	   161,    150,    149, -1 
	   161,    162,    150, -1 
	   151,    150,    162, -1 
	   151,    162,    163, -1 
	   163,    152,    151, -1 
	   163,    164,    152, -1 
	   164,    157,    152, -1 
	   159,    154,    153, -1 
	   165,    156,    154, -1 
	   165,    154,    159, -1 
	   155,    166,    160, -1 
	   155,    156,    166, -1 
	   167,    166,    156, -1 
	   167,    156,    165, -1 
	   164,    168,    157, -1 
	   157,    168,    169, -1 
	   169,    158,    157, -1 
	   169,    170,    158, -1 
	   158,    165,    159, -1 
	   170,    165,    158, -1 
	   160,    166,    171, -1 
	   160,    171,    172, -1 
	   172,    161,    160, -1 
	   172,    173,    161, -1 
	   173,    162,    161, -1 
	   173,    174,    162, -1 
	   163,    162,    174, -1 
	   163,    174,    175, -1 
	   175,    164,    163, -1 
	   175,    176,    164, -1 
	   176,    168,    164, -1 
	   170,    167,    165, -1 
	   177,    171,    166, -1 
	   177,    166,    167, -1 
	   178,    177,    167, -1 
	   178,    167,    170, -1 
	   176,    179,    168, -1 
	   169,    168,    179, -1 
	   169,    179,    180, -1 
	   180,    170,    169, -1 
	   180,    178,    170, -1 
	   181,    182,    171, -1 
	   172,    171,    182, -1 
	   181,    171,    177, -1 
	   172,    183,    184, -1 
	   172,    182,    183, -1 
	   172,    184,    173, -1 
	   184,    174,    173, -1 
	   184,    185,    174, -1 
	   175,    174,    185, -1 
	   176,    175,    186, -1 
	   175,    185,    186, -1 
	   187,    176,    188, -1 
	   187,    179,    176, -1 
	   176,    186,    188, -1 
	   177,    189,    181, -1 
	   177,    178,    189, -1 
	   189,    178,    180, -1 
	   187,    190,    179, -1 
	   180,    179,    190, -1 
	   180,    190,    191, -1 
	   189,    180,    191, -1 
	   181,    189,    192, -1 
	   182,    181,    193, -1 
	   194,    193,    181, -1 
	   181,    195,    194, -1 
	   196,    195,    181, -1 
	   181,    192,    196, -1 
	   182,    197,    198, -1 
	   182,    198,    183, -1 
	   182,    193,    197, -1 
	   198,    199,    183, -1 
	   199,    184,    183, -1 
	   199,    200,    184, -1 
	   201,    184,    200, -1 
	   202,    185,    184, -1 
	   202,    184,    201, -1 
	   203,    186,    185, -1 
	   203,    185,    202, -1 
	   204,    188,    186, -1 
	   205,    206,    186, -1 
	   205,    186,    203, -1 
	   206,    204,    186, -1 
	   207,    190,    187, -1 
	   187,    204,    207, -1 
	   187,    188,    204, -1 
	   208,    192,    189, -1 
	   208,    189,    191, -1 
	   207,    209,    190, -1 
	   191,    190,    209, -1 
	   191,    209,    210, -1 
	   191,    210,    208, -1 
	   211,    192,    208, -1 
	   196,    192,    211, -1 
	   197,    193,    212, -1 
	   212,    193,    194, -1 
	   213,    212,    194, -1 
	   194,    214,    213, -1 
	   195,    214,    194, -1 
	   196,    214,    195, -1 
	   196,    215,    214, -1 
	   211,    215,    196, -1 
	   216,    198,    197, -1 
	   216,    197,    217, -1 
	   197,    212,    217, -1 
	   218,    199,    198, -1 
	   218,    198,    216, -1 
	   218,    200,    199, -1 
	   218,    219,    200, -1 
	   220,    200,    219, -1 
	   201,    200,    220, -1 
	   201,    221,    222, -1 
	   220,    221,    201, -1 
	   201,    222,    202, -1 
	   202,    222,    223, -1 
	   202,    223,    203, -1 
	   203,    223,    224, -1 
	   203,    224,    205, -1 
	   206,    225,    204, -1 
	   204,    226,    227, -1 
	   227,    207,    204, -1 
	   204,    225,    226, -1 
	   205,    224,    228, -1 
	   228,    206,    205, -1 
	   228,    225,    206, -1 
	   227,    229,    207, -1 
	   229,    209,    207, -1 
	   208,    230,    211, -1 
	   210,    230,    208, -1 
	   229,    231,    209, -1 
	   210,    209,    231, -1 
	   210,    231,    232, -1 
	   210,    232,    230, -1 
	   211,    233,    215, -1 
	   233,    211,    230, -1 
	   234,    217,    212, -1 
	   235,    212,    213, -1 
	   234,    212,    235, -1 
	   236,    213,    214, -1 
	   235,    213,    236, -1 
	   237,    214,    215, -1 
	   236,    214,    237, -1 
	   238,    215,    233, -1 
	   237,    215,    238, -1 
	   216,    239,    240, -1 
	   216,    240,    218, -1 
	   217,    239,    216, -1 
	   217,    234,    239, -1 
	   240,    219,    218, -1 
	   240,    241,    219, -1 
	   242,    219,    241, -1 
	   220,    219,    242, -1 
	   242,    221,    220, -1 
	   242,    243,    221, -1 
	   244,    221,    243, -1 
	   223,    222,    221, -1 
	   223,    221,    244, -1 
	   224,    223,    244, -1 
	   224,    245,    228, -1 
	   246,    245,    224, -1 
	   246,    224,    244, -1 
	   247,    225,    228, -1 
	   247,    248,    225, -1 
	   226,    225,    248, -1 
	   227,    226,    249, -1 
	   226,    248,    249, -1 
	   250,    229,    227, -1 
	   227,    249,    250, -1 
	   228,    245,    251, -1 
	   228,    251,    247, -1 
	   252,    229,    250, -1 
	   252,    231,    229, -1 
	   233,    230,    253, -1 
	   253,    230,    232, -1 
	   252,    254,    231, -1 
	   232,    231,    254, -1 
	   232,    254,    255, -1 
	   253,    232,    255, -1 
	   256,    233,    253, -1 
	   257,    233,    256, -1 
	   238,    233,    257, -1 
	   234,    258,    259, -1 
	   234,    259,    239, -1 
	   235,    258,    234, -1 
	   235,    260,    258, -1 
	   236,    260,    235, -1 
	   236,    261,    260, -1 
	   237,    261,    236, -1 
	   237,    262,    261, -1 
	   238,    262,    237, -1 
	   238,    263,    262, -1 
	   257,    263,    238, -1 
	   240,    239,    259, -1 
	   264,    241,    240, -1 
	   240,    259,    264, -1 
	   264,    265,    241, -1 
	   241,    265,    266, -1 
	   242,    241,    266, -1 
	   267,    243,    242, -1 
	   267,    242,    266, -1 
	   268,    269,    243, -1 
	   243,    269,    244, -1 
	   268,    243,    267, -1 
	   244,    269,    270, -1 
	   244,    270,    246, -1 
	   245,    246,    251, -1 
	   246,    270,    271, -1 
	   272,    251,    246, -1 
	   246,    271,    273, -1 
	   272,    246,    273, -1 
	   247,    251,    272, -1 
	   274,    248,    247, -1 
	   247,    272,    274, -1 
	   274,    275,    248, -1 
	   249,    248,    275, -1 
	   276,    250,    249, -1 
	   249,    277,    276, -1 
	   278,    277,    249, -1 
	   249,    279,    278, -1 
	   249,    275,    279, -1 
	   250,    276,    280, -1 
	   250,    280,    252, -1 
	   252,    280,    254, -1 
	   256,    253,    281, -1 
	   255,    281,    253, -1 
	   254,    280,    282, -1 
	   254,    283,    255, -1 
	   254,    282,    283, -1 
	   284,    255,    283, -1 
	   255,    284,    281, -1 
	   256,    285,    286, -1 
	   256,    286,    257, -1 
	   281,    285,    256, -1 
	   257,    286,    263, -1 
	   258,    287,    288, -1 
	   258,    288,    259, -1 
	   260,    287,    258, -1 
	   259,    288,    289, -1 
	   259,    289,    264, -1 
	   260,    290,    287, -1 
	   290,    260,    261, -1 
	   290,    261,    291, -1 
	   262,    291,    261, -1 
	   262,    292,    291, -1 
	   263,    292,    262, -1 
	   263,    293,    292, -1 
	   286,    293,    263, -1 
	   289,    265,    264, -1 
	   266,    265,    294, -1 
	   289,    294,    265, -1 
	   267,    266,    295, -1 
	   266,    294,    295, -1 
	   296,    268,    267, -1 
	   267,    297,    296, -1 
	   295,    297,    267, -1 
	   296,    269,    268, -1 
	   296,    270,    269, -1 
	   298,    271,    270, -1 
	   298,    270,    296, -1 
	   299,    271,    298, -1 
	   300,    273,    271, -1 
	   300,    271,    299, -1 
	   274,    272,    301, -1 
	   300,    301,    272, -1 
	   300,    272,    273, -1 
	   302,    275,    274, -1 
	   274,    301,    302, -1 
	   302,    303,    275, -1 
	   279,    275,    303, -1 
	   282,    280,    276, -1 
	   276,    277,    282, -1 
	   277,    304,    305, -1 
	   305,    282,    277, -1 
	   277,    278,    304, -1 
	   278,    279,    306, -1 
	   278,    306,    304, -1 
	   279,    303,    306, -1 
	   307,    308,    281, -1 
	   281,    308,    285, -1 
	   307,    281,    284, -1 
	   309,    282,    305, -1 
	   283,    282,    309, -1 
	   309,    284,    283, -1 
	   309,    307,    284, -1 
	   285,    310,    311, -1 
	   285,    311,    286, -1 
	   308,    310,    285, -1 
	   286,    311,    293, -1 
	   312,    313,    287, -1 
	   314,    288,    287, -1 
	   312,    287,    290, -1 
	   314,    287,    313, -1 
	   315,    289,    288, -1 
	   315,    288,    314, -1 
	   289,    315,    316, -1 
	   289,    316,    294, -1 
	   291,    312,    290, -1 
	   291,    317,    312, -1 
	   317,    291,    292, -1 
	   318,    292,    293, -1 
	   317,    292,    318, -1 
	   319,    293,    311, -1 
	   318,    293,    319, -1 
	   295,    294,    316, -1 
	   295,    320,    297, -1 
	   295,    316,    320, -1 
	   296,    297,    321, -1 
	   296,    321,    298, -1 
	   320,    321,    297, -1 
	   322,    298,    321, -1 
	   299,    298,    322, -1 
	   299,    323,    324, -1 
	   322,    323,    299, -1 
	   299,    324,    300, -1 
	   300,    324,    325, -1 
	   300,    325,    301, -1 
	   301,    325,    326, -1 
	   301,    326,    302, -1 
	   302,    326,    327, -1 
	   302,    327,    303, -1 
	   303,    327,    328, -1 
	   303,    328,    306, -1 
	   305,    304,    306, -1 
	   305,    329,    330, -1 
	   306,    329,    305, -1 
	   305,    330,    309, -1 
	   306,    328,    329, -1 
	   330,    307,    309, -1 
	   330,    308,    307, -1 
	   330,    331,    308, -1 
	   308,    331,    310, -1 
	   332,    310,    331, -1 
	   333,    311,    310, -1 
	   333,    310,    332, -1 
	   319,    311,    333, -1 
	   334,    313,    312, -1 
	   317,    334,    312, -1 
	   334,    335,    313, -1 
	   336,    314,    313, -1 
	   336,    313,    335, -1 
	   315,    314,    336, -1 
	   316,    315,    336, -1 
	   316,    336,    320, -1 
	   317,    323,    334, -1 
	   318,    323,    317, -1 
	   318,    324,    323, -1 
	   319,    324,    318, -1 
	   319,    325,    324, -1 
	   333,    325,    319, -1 
	   320,    336,    321, -1 
	   337,    321,    336, -1 
	   322,    321,    337, -1 
	   335,    334,    322, -1 
	   322,    334,    323, -1 
	   335,    322,    337, -1 
	   333,    326,    325, -1 
	   332,    327,    326, -1 
	   332,    326,    333, -1 
	   338,    328,    327, -1 
	   338,    327,    332, -1 
	   328,    338,    329, -1 
	   329,    338,    331, -1 
	   329,    331,    330, -1 
	   332,    331,    338, -1 
	   337,    336,    335, -1 
	   339,    340,    341, -1 
	   339,    341,    342, -1 
	   340,    339,    343, -1 
	   344,    345,    339, -1 
	   339,    345,    346, -1 
	   342,    344,    339, -1 
	   343,    339,    346, -1 
	   341,    340,    347, -1 
	   348,    340,    349, -1 
	   340,    348,    347, -1 
	   349,    340,    343, -1 
	   341,    350,    342, -1 
	   350,    341,    347, -1 
	   351,    344,    342, -1 
	   342,    350,    352, -1 
	   352,    351,    342, -1 
	   353,    354,    343, -1 
	   343,    354,    349, -1 
	   355,    343,    346, -1 
	   355,    353,    343, -1 
	   344,    356,    345, -1 
	   357,    356,    344, -1 
	   351,    357,    344, -1 
	   356,    358,    345, -1 
	   359,    346,    345, -1 
	   358,    359,    345, -1 
	   360,    355,    346, -1 
	   346,    359,    360, -1 
	   361,    350,    347, -1 
	   361,    347,    362, -1 
	   348,    362,    347, -1 
	   349,    354,    348, -1 
	   354,    363,    348, -1 
	   348,    363,    362, -1 
	   350,    364,    352, -1 
	   350,    361,    365, -1 
	   364,    350,    365, -1 
	   366,    351,    352, -1 
	   351,    366,    357, -1 
	   352,    364,    367, -1 
	   367,    366,    352, -1 
	   354,    353,    368, -1 
	   353,    369,    370, -1 
	   369,    353,    355, -1 
	   368,    353,    370, -1 
	   363,    354,    371, -1 
	   354,    368,    372, -1 
	   371,    354,    372, -1 
	   373,    355,    360, -1 
	   373,    369,    355, -1 
	   358,    356,    374, -1 
	   356,    375,    374, -1 
	   375,    356,    357, -1 
	   366,    376,    357, -1 
	   357,    376,    377, -1 
	   377,    375,    357, -1 
	   358,    374,    378, -1 
	   359,    358,    378, -1 
	   359,    379,    360, -1 
	   380,    379,    359, -1 
	   378,    380,    359, -1 
	   381,    373,    360, -1 
	   360,    379,    381, -1 
	   365,    361,    382, -1 
	   361,    383,    382, -1 
	   383,    361,    362, -1 
	   363,    384,    362, -1 
	   362,    384,    383, -1 
	   384,    363,    371, -1 
	   364,    385,    367, -1 
	   364,    365,    385, -1 
	   365,    386,    385, -1 
	   365,    382,    387, -1 
	   386,    365,    387, -1 
	   388,    389,    366, -1 
	   366,    389,    376, -1 
	   367,    388,    366, -1 
	   390,    388,    367, -1 
	   367,    391,    390, -1 
	   391,    367,    385, -1 
	   372,    368,    392, -1 
	   368,    370,    392, -1 
	   370,    369,    393, -1 
	   369,    394,    393, -1 
	   369,    373,    395, -1 
	   394,    369,    395, -1 
	   370,    393,    396, -1 
	   392,    370,    396, -1 
	   397,    384,    371, -1 
	   371,    372,    398, -1 
	   397,    371,    398, -1 
	   372,    392,    399, -1 
	   398,    372,    399, -1 
	   373,    381,    400, -1 
	   395,    373,    400, -1 
	   378,    374,    401, -1 
	   374,    402,    401, -1 
	   374,    375,    402, -1 
	   375,    403,    402, -1 
	   403,    375,    377, -1 
	   376,    404,    377, -1 
	   389,    405,    376, -1 
	   376,    405,    404, -1 
	   406,    403,    377, -1 
	   377,    404,    406, -1 
	   378,    401,    407, -1 
	   380,    378,    407, -1 
	   379,    408,    381, -1 
	   408,    379,    380, -1 
	   409,    408,    380, -1 
	   380,    407,    409, -1 
	   381,    408,    410, -1 
	   400,    381,    410, -1 
	   411,    387,    382, -1 
	   382,    383,    412, -1 
	   411,    382,    412, -1 
	   383,    384,    397, -1 
	   412,    383,    397, -1 
	   386,    391,    385, -1 
	   413,    386,    414, -1 
	   386,    413,    391, -1 
	   414,    386,    387, -1 
	   415,    387,    411, -1 
	   387,    415,    414, -1 
	   416,    389,    388, -1 
	   388,    417,    418, -1 
	   388,    390,    417, -1 
	   418,    416,    388, -1 
	   389,    416,    405, -1 
	   390,    391,    413, -1 
	   417,    390,    413, -1 
	   399,    392,    419, -1 
	   392,    396,    419, -1 
	   396,    393,    420, -1 
	   393,    421,    420, -1 
	   393,    394,    421, -1 
	   394,    422,    421, -1 
	   394,    395,    423, -1 
	   422,    394,    423, -1 
	   395,    400,    424, -1 
	   423,    395,    424, -1 
	   396,    420,    425, -1 
	   419,    396,    425, -1 
	   412,    397,    426, -1 
	   397,    398,    427, -1 
	   426,    397,    427, -1 
	   398,    399,    428, -1 
	   427,    398,    428, -1 
	   399,    419,    429, -1 
	   428,    399,    429, -1 
	   400,    410,    430, -1 
	   424,    400,    430, -1 
	   407,    401,    431, -1 
	   401,    432,    431, -1 
	   401,    402,    432, -1 
	   402,    433,    432, -1 
	   402,    403,    433, -1 
	   403,    434,    433, -1 
	   434,    403,    406, -1 
	   435,    404,    436, -1 
	   404,    435,    406, -1 
	   405,    436,    404, -1 
	   416,    437,    405, -1 
	   405,    437,    436, -1 
	   438,    434,    406, -1 
	   406,    435,    438, -1 
	   407,    439,    409, -1 
	   431,    440,    407, -1 
	   440,    439,    407, -1 
	   408,    409,    441, -1 
	   410,    408,    441, -1 
	   441,    409,    442, -1 
	   409,    439,    442, -1 
	   410,    441,    443, -1 
	   430,    410,    443, -1 
	   411,    412,    444, -1 
	   445,    411,    446, -1 
	   446,    411,    444, -1 
	   445,    415,    411, -1 
	   444,    412,    426, -1 
	   414,    447,    413, -1 
	   447,    417,    413, -1 
	   448,    449,    414, -1 
	   450,    447,    414, -1 
	   415,    448,    414, -1 
	   449,    450,    414, -1 
	   448,    415,    445, -1 
	   451,    452,    416, -1 
	   418,    451,    416, -1 
	   416,    452,    437, -1 
	   451,    418,    417, -1 
	   447,    451,    417, -1 
	   429,    419,    425, -1 
	   425,    420,    453, -1 
	   420,    454,    453, -1 
	   420,    421,    454, -1 
	   421,    455,    454, -1 
	   421,    422,    455, -1 
	   422,    456,    455, -1 
	   422,    423,    457, -1 
	   456,    422,    457, -1 
	   423,    424,    458, -1 
	   457,    423,    458, -1 
	   424,    430,    459, -1 
	   458,    424,    459, -1 
	   429,    425,    460, -1 
	   425,    453,    460, -1 
	   444,    426,    446, -1 
	   426,    427,    446, -1 
	   427,    428,    446, -1 
	   428,    429,    446, -1 
	   429,    460,    446, -1 
	   430,    443,    461, -1 
	   459,    430,    461, -1 
	   431,    432,    462, -1 
	   463,    440,    431, -1 
	   462,    463,    431, -1 
	   432,    464,    462, -1 
	   432,    433,    464, -1 
	   433,    465,    464, -1 
	   433,    434,    465, -1 
	   434,    466,    465, -1 
	   466,    434,    438, -1 
	   467,    435,    436, -1 
	   468,    435,    467, -1 
	   435,    468,    438, -1 
	   437,    469,    436, -1 
	   436,    469,    467, -1 
	   452,    459,    437, -1 
	   437,    459,    469, -1 
	   470,    466,    438, -1 
	   438,    468,    470, -1 
	   439,    440,    471, -1 
	   442,    439,    471, -1 
	   440,    463,    472, -1 
	   471,    440,    472, -1 
	   441,    442,    473, -1 
	   443,    441,    473, -1 
	   474,    473,    442, -1 
	   471,    474,    442, -1 
	   443,    473,    475, -1 
	   461,    443,    475, -1 
	   453,    448,    445, -1 
	   476,    445,    446, -1 
	   453,    445,    476, -1 
	   460,    476,    446, -1 
	   450,    451,    447, -1 
	   449,    448,    455, -1 
	   453,    454,    448, -1 
	   448,    454,    455, -1 
	   456,    450,    449, -1 
	   455,    456,    449, -1 
	   457,    451,    450, -1 
	   450,    456,    457, -1 
	   451,    457,    452, -1 
	   457,    458,    452, -1 
	   452,    458,    459, -1 
	   460,    453,    476, -1 
	   459,    461,    469, -1 
	   469,    461,    475, -1 
	   477,    463,    462, -1 
	   478,    477,    462, -1 
	   462,    464,    478, -1 
	   472,    463,    477, -1 
	   464,    479,    478, -1 
	   480,    479,    464, -1 
	   465,    480,    464, -1 
	   465,    466,    480, -1 
	   466,    481,    480, -1 
	   481,    466,    470, -1 
	   467,    469,    475, -1 
	   467,    475,    482, -1 
	   482,    468,    467, -1 
	   468,    483,    470, -1 
	   468,    482,    483, -1 
	   484,    481,    470, -1 
	   470,    483,    484, -1 
	   485,    474,    471, -1 
	   472,    485,    471, -1 
	   472,    486,    487, -1 
	   486,    472,    477, -1 
	   485,    472,    487, -1 
	   475,    473,    474, -1 
	   482,    475,    474, -1 
	   474,    485,    482, -1 
	   477,    488,    489, -1 
	   488,    477,    478, -1 
	   486,    477,    489, -1 
	   490,    491,    478, -1 
	   491,    488,    478, -1 
	   479,    490,    478, -1 
	   480,    490,    479, -1 
	   480,    481,    490, -1 
	   481,    492,    490, -1 
	   481,    484,    493, -1 
	   492,    481,    493, -1 
	   485,    494,    482, -1 
	   482,    494,    483, -1 
	   483,    495,    484, -1 
	   483,    494,    495, -1 
	   484,    495,    493, -1 
	   496,    494,    485, -1 
	   487,    496,    485, -1 
	   487,    486,    497, -1 
	   486,    489,    497, -1 
	   498,    496,    487, -1 
	   497,    498,    487, -1 
	   489,    488,    499, -1 
	   488,    500,    499, -1 
	   500,    488,    491, -1 
	   489,    499,    501, -1 
	   497,    489,    501, -1 
	   491,    490,    502, -1 
	   490,    503,    502, -1 
	   490,    492,    503, -1 
	   502,    500,    491, -1 
	   492,    504,    503, -1 
	   505,    504,    492, -1 
	   492,    493,    505, -1 
	   493,    506,    505, -1 
	   495,    507,    493, -1 
	   493,    507,    506, -1 
	   494,    496,    495, -1 
	   495,    496,    507, -1 
	   496,    498,    507, -1 
	   501,    508,    497, -1 
	   508,    498,    497, -1 
	   498,    508,    509, -1 
	   507,    498,    509, -1 
	   501,    499,    510, -1 
	   499,    511,    510, -1 
	   499,    500,    511, -1 
	   500,    512,    511, -1 
	   512,    500,    502, -1 
	   513,    508,    501, -1 
	   510,    513,    501, -1 
	   514,    512,    502, -1 
	   502,    503,    514, -1 
	   503,    515,    514, -1 
	   503,    504,    515, -1 
	   504,    516,    515, -1 
	   516,    504,    505, -1 
	   517,    516,    505, -1 
	   505,    506,    517, -1 
	   507,    509,    506, -1 
	   506,    509,    518, -1 
	   506,    518,    517, -1 
	   508,    513,    519, -1 
	   509,    508,    519, -1 
	   509,    519,    518, -1 
	   520,    513,    510, -1 
	   521,    522,    510, -1 
	   522,    520,    510, -1 
	   511,    521,    510, -1 
	   511,    512,    521, -1 
	   512,    523,    521, -1 
	   523,    512,    514, -1 
	   513,    520,    524, -1 
	   519,    513,    524, -1 
	   525,    514,    515, -1 
	   525,    523,    514, -1 
	   526,    515,    527, -1 
	   515,    516,    527, -1 
	   526,    525,    515, -1 
	   516,    528,    527, -1 
	   528,    516,    517, -1 
	   517,    518,    529, -1 
	   530,    528,    517, -1 
	   530,    517,    529, -1 
	   529,    518,    519, -1 
	   524,    529,    519, -1 
	   531,    524,    520, -1 
	   532,    533,    520, -1 
	   522,    532,    520, -1 
	   533,    531,    520, -1 
	   522,    521,    534, -1 
	   521,    535,    534, -1 
	   535,    521,    536, -1 
	   521,    523,    537, -1 
	   536,    521,    537, -1 
	   522,    534,    532, -1 
	   523,    525,    538, -1 
	   537,    523,    538, -1 
	   539,    529,    524, -1 
	   524,    531,    540, -1 
	   540,    541,    524, -1 
	   524,    541,    542, -1 
	   542,    539,    524, -1 
	   525,    526,    543, -1 
	   525,    544,    545, -1 
	   538,    525,    545, -1 
	   525,    543,    544, -1 
	   543,    526,    527, -1 
	   527,    528,    546, -1 
	   546,    543,    527, -1 
	   528,    547,    546, -1 
	   547,    528,    530, -1 
	   529,    539,    548, -1 
	   530,    529,    548, -1 
	   549,    547,    530, -1 
	   548,    549,    530, -1 
	   550,    531,    533, -1 
	   540,    531,    550, -1 
	   533,    532,    551, -1 
	   532,    534,    552, -1 
	   551,    532,    552, -1 
	   553,    533,    551, -1 
	   553,    550,    533, -1 
	   534,    535,    552, -1 
	   535,    554,    552, -1 
	   554,    535,    555, -1 
	   555,    535,    536, -1 
	   556,    557,    536, -1 
	   536,    557,    555, -1 
	   537,    556,    536, -1 
	   558,    556,    537, -1 
	   538,    558,    537, -1 
	   559,    558,    538, -1 
	   545,    559,    538, -1 
	   548,    539,    560, -1 
	   560,    539,    542, -1 
	   540,    550,    561, -1 
	   561,    562,    540, -1 
	   540,    562,    541, -1 
	   541,    562,    542, -1 
	   562,    563,    542, -1 
	   542,    563,    560, -1 
	   543,    564,    544, -1 
	   565,    566,    543, -1 
	   543,    546,    565, -1 
	   566,    564,    543, -1 
	   545,    544,    567, -1 
	   544,    564,    567, -1 
	   567,    559,    545, -1 
	   546,    568,    565, -1 
	   546,    547,    568, -1 
	   547,    569,    568, -1 
	   569,    547,    549, -1 
	   560,    570,    548, -1 
	   548,    570,    549, -1 
	   571,    569,    549, -1 
	   570,    571,    549, -1 
	   550,    553,    572, -1 
	   561,    550,    573, -1 
	   573,    550,    572, -1 
	   574,    575,    551, -1 
	   552,    574,    551, -1 
	   551,    575,    553, -1 
	   552,    554,    574, -1 
	   575,    572,    553, -1 
	   554,    576,    574, -1 
	   576,    554,    577, -1 
	   577,    554,    555, -1 
	   555,    557,    577, -1 
	   557,    556,    558, -1 
	   557,    578,    577, -1 
	   578,    557,    579, -1 
	   579,    557,    558, -1 
	   579,    558,    559, -1 
	   567,    580,    559, -1 
	   559,    580,    581, -1 
	   579,    559,    581, -1 
	   563,    582,    560, -1 
	   570,    560,    582, -1 
	   562,    561,    583, -1 
	   583,    561,    573, -1 
	   563,    562,    584, -1 
	   584,    562,    583, -1 
	   582,    563,    585, -1 
	   585,    563,    584, -1 
	   567,    564,    586, -1 
	   564,    587,    586, -1 
	   587,    564,    566, -1 
	   588,    566,    565, -1 
	   565,    568,    589, -1 
	   589,    588,    565, -1 
	   588,    587,    566, -1 
	   590,    580,    567, -1 
	   586,    590,    567, -1 
	   589,    568,    591, -1 
	   568,    569,    591, -1 
	   569,    592,    591, -1 
	   592,    569,    571, -1 
	   593,    570,    582, -1 
	   571,    570,    593, -1 
	   594,    592,    571, -1 
	   594,    571,    593, -1 
	   595,    596,    572, -1 
	   575,    595,    572, -1 
	   572,    596,    573, -1 
	   596,    597,    573, -1 
	   573,    597,    583, -1 
	   595,    575,    574, -1 
	   574,    576,    598, -1 
	   598,    595,    574, -1 
	   576,    599,    598, -1 
	   600,    599,    576, -1 
	   600,    576,    577, -1 
	   577,    578,    601, -1 
	   600,    577,    601, -1 
	   578,    602,    603, -1 
	   579,    602,    578, -1 
	   601,    578,    603, -1 
	   604,    602,    579, -1 
	   581,    604,    579, -1 
	   590,    581,    580, -1 
	   605,    604,    581, -1 
	   581,    590,    606, -1 
	   607,    605,    581, -1 
	   607,    581,    606, -1 
	   593,    582,    608, -1 
	   608,    582,    609, -1 
	   609,    582,    585, -1 
	   597,    610,    583, -1 
	   583,    610,    584, -1 
	   610,    611,    584, -1 
	   584,    611,    585, -1 
	   611,    612,    585, -1 
	   585,    612,    609, -1 
	   606,    590,    586, -1 
	   586,    587,    613, -1 
	   613,    606,    586, -1 
	   587,    614,    613, -1 
	   614,    587,    588, -1 
	   588,    589,    615, -1 
	   615,    616,    588, -1 
	   588,    616,    617, -1 
	   617,    618,    588, -1 
	   618,    614,    588, -1 
	   619,    615,    589, -1 
	   591,    619,    589, -1 
	   592,    619,    591, -1 
	   620,    619,    592, -1 
	   594,    621,    592, -1 
	   621,    620,    592, -1 
	   622,    593,    608, -1 
	   593,    622,    594, -1 
	   621,    594,    623, -1 
	   622,    623,    594, -1 
	   595,    624,    596, -1 
	   625,    624,    595, -1 
	   598,    625,    595, -1 
	   624,    626,    596, -1 
	   596,    626,    597, -1 
	   626,    627,    597, -1 
	   610,    597,    627, -1 
	   598,    599,    625, -1 
	   628,    599,    600, -1 
	   599,    628,    625, -1 
	   629,    600,    601, -1 
	   629,    628,    600, -1 
	   601,    603,    630, -1 
	   630,    631,    601, -1 
	   601,    631,    629, -1 
	   603,    602,    630, -1 
	   602,    604,    630, -1 
	   604,    605,    632, -1 
	   630,    604,    632, -1 
	   632,    605,    633, -1 
	   605,    607,    634, -1 
	   633,    605,    634, -1 
	   635,    606,    613, -1 
	   606,    635,    634, -1 
	   607,    606,    634, -1 
	   636,    637,    608, -1 
	   609,    636,    608, -1 
	   608,    637,    622, -1 
	   612,    636,    609, -1 
	   638,    610,    627, -1 
	   610,    638,    611, -1 
	   638,    639,    611, -1 
	   611,    639,    612, -1 
	   639,    640,    612, -1 
	   612,    640,    636, -1 
	   613,    614,    641, -1 
	   641,    635,    613, -1 
	   614,    642,    641, -1 
	   642,    614,    618, -1 
	   615,    619,    620, -1 
	   620,    616,    615, -1 
	   643,    644,    616, -1 
	   616,    620,    643, -1 
	   644,    617,    616, -1 
	   645,    618,    617, -1 
	   644,    645,    617, -1 
	   645,    642,    618, -1 
	   643,    620,    646, -1 
	   646,    620,    621, -1 
	   621,    623,    646, -1 
	   622,    647,    648, -1 
	   637,    647,    622, -1 
	   623,    622,    648, -1 
	   623,    648,    646, -1 
	   626,    624,    649, -1 
	   624,    625,    650, -1 
	   649,    624,    650, -1 
	   651,    650,    625, -1 
	   628,    651,    625, -1 
	   626,    652,    653, -1 
	   627,    626,    653, -1 
	   652,    626,    649, -1 
	   627,    653,    638, -1 
	   651,    628,    629, -1 
	   631,    654,    629, -1 
	   654,    651,    629, -1 
	   655,    631,    630, -1 
	   632,    655,    630, -1 
	   631,    655,    654, -1 
	   655,    632,    656, -1 
	   656,    632,    633, -1 
	   657,    658,    633, -1 
	   633,    658,    656, -1 
	   634,    657,    633, -1 
	   659,    657,    634, -1 
	   635,    659,    634, -1 
	   660,    659,    635, -1 
	   641,    660,    635, -1 
	   636,    661,    637, -1 
	   640,    661,    636, -1 
	   661,    662,    637, -1 
	   637,    662,    647, -1 
	   653,    663,    638, -1 
	   639,    638,    663, -1 
	   640,    639,    664, -1 
	   664,    639,    663, -1 
	   661,    640,    665, -1 
	   665,    640,    664, -1 
	   666,    660,    641, -1 
	   642,    666,    641, -1 
	   667,    666,    642, -1 
	   645,    667,    642, -1 
	   645,    644,    643, -1 
	   668,    669,    643, -1 
	   643,    669,    645, -1 
	   646,    668,    643, -1 
	   669,    667,    645, -1 
	   646,    648,    668, -1 
	   648,    647,    668, -1 
	   647,    670,    668, -1 
	   662,    670,    647, -1 
	   652,    649,    671, -1 
	   671,    649,    650, -1 
	   671,    650,    651, -1 
	   654,    671,    651, -1 
	   653,    652,    672, -1 
	   652,    673,    672, -1 
	   673,    652,    671, -1 
	   653,    672,    663, -1 
	   655,    671,    654, -1 
	   671,    655,    674, -1 
	   674,    655,    656, -1 
	   656,    672,    673, -1 
	   658,    672,    656, -1 
	   674,    656,    673, -1 
	   658,    657,    664, -1 
	   664,    657,    665, -1 
	   657,    659,    665, -1 
	   672,    658,    663, -1 
	   663,    658,    664, -1 
	   665,    659,    675, -1 
	   659,    660,    675, -1 
	   660,    666,    676, -1 
	   675,    660,    676, -1 
	   662,    661,    675, -1 
	   675,    661,    665, -1 
	   670,    662,    676, -1 
	   676,    662,    675, -1 
	   666,    667,    677, -1 
	   676,    666,    677, -1 
	   669,    677,    667, -1 
	   668,    670,    669, -1 
	   670,    677,    669, -1 
	   677,    670,    676, -1 
	   673,    671,    674, -1 
    ] 
   colorPerVertex FALSE 
    colorIndex [ 
	  1, 
	  1, 
	  1, 
	  1, 
	  1, 
	  1, 
	  1, 
	  1, 
	  1, 
	  1, 
	  1, 
	  1, 
	  1, 
	  1, 
	  1, 
	  1, 
	  1, 
	  1, 
	  1, 
	  1, 
	  1, 
	  1, 
	  1, 
	  1, 
	  1, 
	  1, 
	  1, 
	  1, 
	  1, 
	  1, 
	  1, 
	  1, 
	  1, 
	  1, 
	  1, 
	  1, 
	  1, 
	  1, 
	  1, 
	  1, 
	  1, 
	  1, 
	  1, 
	  1, 
	  1, 
	  1, 
	  1, 
	  1, 
	  1, 
	  1, 
	  1, 
	  1, 
	  1, 
	  1, 
	  1, 
	  1, 
	  1, 
	  1, 
	  1, 
	  1, 
	  1, 
	  1, 
	  1, 
	  1, 
	  1, 
	  1, 
	  1, 
	  1, 
	  1, 
	  1, 
	  1, 
	  1, 
	  1, 
	  1, 
	  1, 
	  1, 
	  1, 
	  1, 
	  1, 
	  1, 
	  1, 
	  1, 
	  1, 
	  1, 
	  1, 
	  1, 
	  1, 
	  1, 
	  1, 
	  1, 
	  1, 
	  1, 
	  1, 
	  1, 
	  1, 
	  1, 
	  1, 
	  1, 
	  1, 
	  1, 
	  1, 
	  1, 
	  1, 
	  1, 
	  1, 
	  1, 
	  1, 
	  1, 
	  1, 
	  1, 
	  1, 
	  1, 
	  1, 
	  1, 
	  1, 
	  1, 
	  1, 
	  1, 
	  1, 
	  1, 
	  1, 
	  1, 
	  1, 
	  1, 
	  1, 
	  1, 
	  1, 
	  1, 
	  1, 
	  1, 
	  1, 
	  1, 
	  1, 
	  1, 
	  1, 
	  1, 
	  1, 
	  1, 
	  1, 
	  1, 
	  1, 
	  1, 
	  1, 
	  1, 
	  1, 
	  1, 
	  1, 
	  1, 
	  1, 
	  1, 
	  1, 
	  1, 
	  1, 
	  1, 
	  1, 
	  1, 
	  1, 
	  1, 
	  1, 
	  1, 
	  1, 
	  1, 
	  1, 
	  1, 
	  1, 
	  1, 
	  1, 
	  1, 
	  1, 
	  1, 
	  1, 
	  1, 
	  1, 
	  1, 
	  1, 
	  1, 
	  1, 
	  1, 
	  1, 
	  1, 
	  1, 
	  1, 
	  1, 
	  1, 
	  1, 
	  1, 
	  1, 
	  1, 
	  1, 
	  1, 
	  1, 
	  1, 
	  1, 
	  1, 
	  1, 
	  1, 
	  1, 
	  1, 
	  1, 
	  1, 
	  1, 
	  1, 
	  1, 
	  1, 
	  1, 
	  1, 
	  1, 
	  1, 
	  1, 
	  1, 
	  1, 
	  1, 
	  1, 
	  1, 
	  1, 
	  1, 
	  1, 
	  1, 
	  1, 
	  1, 
	  1, 
	  1, 
	  1, 
	  1, 
	  1, 
	  1, 
	  1, 
	  1, 
	  1, 
	  1, 
	  1, 
	  1, 
	  1, 
	  1, 
	  1, 
	  1, 
	  1, 
	  1, 
	  1, 
	  1, 
	  1, 
	  1, 
	  1, 
	  1, 
	  1, 
	  1, 
	  1, 
	  1, 
	  1, 
	  1, 
	  1, 
	  1, 
	  1, 
	  1, 
	  1, 
	  1, 
	  1, 
	  1, 
	  1, 
	  1, 
	  1, 
	  1, 
	  1, 
	  1, 
	  1, 
	  1, 
	  1, 
	  1, 
	  1, 
	  1, 
	  1, 
	  1, 
	  1, 
	  1, 
	  1, 
	  1, 
	  1, 
	  1, 
	  1, 
	  1, 
	  1, 
	  1, 
	  1, 
	  1, 
	  1, 
	  1, 
	  1, 
	  1, 
	  1, 
	  1, 
	  1, 
	  1, 
	  1, 
	  1, 
	  1, 
	  1, 
	  1, 
	  1, 
	  1, 
	  1, 
	  1, 
	  1, 
	  1, 
	  1, 
	  1, 
	  1, 
	  1, 
	  1, 
	  1, 
	  1, 
	  1, 
	  1, 
	  1, 
	  1, 
	  1, 
	  1, 
	  1, 
	  1, 
	  1, 
	  1, 
	  1, 
	  1, 
	  1, 
	  1, 
	  1, 
	  1, 
	  1, 
	  1, 
	  1, 
	  1, 
	  1, 
	  1, 
	  1, 
	  1, 
	  1, 
	  1, 
	  1, 
	  1, 
	  1, 
	  1, 
	  1, 
	  1, 
	  1, 
	  1, 
	  1, 
	  1, 
	  1, 
	  1, 
	  1, 
	  1, 
	  1, 
	  1, 
	  1, 
	  1, 
	  1, 
	  1, 
	  1, 
	  1, 
	  1, 
	  1, 
	  1, 
	  1, 
	  1, 
	  1, 
	  1, 
	  1, 
	  1, 
	  1, 
	  1, 
	  1, 
	  1, 
	  1, 
	  1, 
	  1, 
	  1, 
	  1, 
	  1, 
	  1, 
	  1, 
	  1, 
	  1, 
	  1, 
	  1, 
	  1, 
	  1, 
	  1, 
	  1, 
	  1, 
	  1, 
	  1, 
	  1, 
	  1, 
	  1, 
	  1, 
	  1, 
	  1, 
	  1, 
	  1, 
	  1, 
	  1, 
	  1, 
	  1, 
	  1, 
	  1, 
	  1, 
	  1, 
	  1, 
	  1, 
	  1, 
	  1, 
	  1, 
	  1, 
	  1, 
	  1, 
	  1, 
	  1, 
	  1, 
	  1, 
	  1, 
	  1, 
	  1, 
	  1, 
	  1, 
	  1, 
	  1, 
	  1, 
	  1, 
	  1, 
	  1, 
	  1, 
	  1, 
	  1, 
	  1, 
	  1, 
	  1, 
	  1, 
	  1, 
	  1, 
	  1, 
	  1, 
	  1, 
	  1, 
	  1, 
	  1, 
	  1, 
	  1, 
	  1, 
	  1, 
	  1, 
	  1, 
	  1, 
	  1, 
	  1, 
	  1, 
	  1, 
	  1, 
	  1, 
	  1, 
	  1, 
	  1, 
	  1, 
	  1, 
	  1, 
	  1, 
	  1, 
	  1, 
	  1, 
	  1, 
	  1, 
	  1, 
	  1, 
	  1, 
	  1, 
	  1, 
	  1, 
	  1, 
	  1, 
	  1, 
	  1, 
	  1, 
	  1, 
	  1, 
	  1, 
	  1, 
	  1, 
	  1, 
	  1, 
	  1, 
	  1, 
	  1, 
	  1, 
	  1, 
	  1, 
	  1, 
	  1, 
	  1, 
	  1, 
	  1, 
	  1, 
	  1, 
	  1, 
	  1, 
	  1, 
	  1, 
	  1, 
	  1, 
	  1, 
	  1, 
	  1, 
	  1, 
	  1, 
	  1, 
	  1, 
	  1, 
	  1, 
	  1, 
	  1, 
	  1, 
	  1, 
	  1, 
	  1, 
	  1, 
	  1, 
	  1, 
	  1, 
	  1, 
	  1, 
	  1, 
	  1, 
	  1, 
	  1, 
	  1, 
	  1, 
	  1, 
	  1, 
	  1, 
	  1, 
	  1, 
	  1, 
	  1, 
	  1, 
	  1, 
	  1, 
	  1, 
	  1, 
	  1, 
	  1, 
	  1, 
	  1, 
	  1, 
	  1, 
	  1, 
	  1, 
	  1, 
	  1, 
	  1, 
	  1, 
	  1, 
	  1, 
	  1, 
	  1, 
	  1, 
	  1, 
	  1, 
	  1, 
	  1, 
	  1, 
	  1, 
	  1, 
	  1, 
	  1, 
	  1, 
	  1, 
	  1, 
	  1, 
	  1, 
	  1, 
	  1, 
	  1, 
	  1, 
	  1, 
	  1, 
	  1, 
	  1, 
	  1, 
	  1, 
	  1, 
	  1, 
	  1, 
	  1, 
	  1, 
	  1, 
	  1, 
	  1, 
	  1, 
	  1, 
	  1, 
	  1, 
	  1, 
	  1, 
	  1, 
	  1, 
	  1, 
	  1, 
	  1, 
	  1, 
	  1, 
	  1, 
	  1, 
	  1, 
	  1, 
	  1, 
	  1, 
	  1, 
	  1, 
	  1, 
	  1, 
	  1, 
	  1, 
	  1, 
	  1, 
	  1, 
	  1, 
	  1, 
	  1, 
	  1, 
	  1, 
	  1, 
	  1, 
	  1, 
	  1, 
	  1, 
	  1, 
	  1, 
	  1, 
	  1, 
	  1, 
	  1, 
	  1, 
	  1, 
	  1, 
	  1, 
	  1, 
	  1, 
	  1, 
	  1, 
	  1, 
	  1, 
	  1, 
	  1, 
	  1, 
	  1, 
	  1, 
	  1, 
	  1, 
	  1, 
	  1, 
	  1, 
	  1, 
	  1, 
	  1, 
	  1, 
	  1, 
	  1, 
	  1, 
	  1, 
	  1, 
	  1, 
	  1, 
	  1, 
	  1, 
	  1, 
	  1, 
	  1, 
	  1, 
	  1, 
	  1, 
	  1, 
    ] 
normal Normal { 
vector [ 
	 -0.099631   0.062679   0.993048,
	 -0.648128   0.107810   0.753861,
	 -0.386322  -0.328729   0.861796,
	  0.295660  -0.216160   0.930516,
	  0.333071   0.160975   0.929059,
	 -0.293157   0.531096   0.794981,
	 -0.844298  -0.347548   0.407885,
	 -0.944984   0.076209   0.318115,
	 -0.694217   0.485059   0.531771,
	 -0.425511  -0.297000   0.854828,
	  0.169438  -0.268593   0.948234,
	 -0.826781  -0.323307   0.460333,
	  0.722714  -0.211050   0.658136,
	  0.792342  -0.174398   0.584619,
	  0.907083  -0.035011   0.419494,
	  0.773546   0.493874   0.397134,
	  0.035629   0.672587   0.739160,
	 -0.402200   0.662698   0.631717,
	 -0.904124   0.067186   0.421954,
	 -0.948726  -0.225262   0.221759,
	 -0.849786  -0.501429   0.162583,
	 -0.709456   0.377507   0.595115,
	 -0.519720  -0.170079   0.837236,
	  0.030391  -0.193016   0.980725,
	 -0.877881  -0.174013   0.446145,
	  0.710403  -0.185417   0.678931,
	 -0.945721  -0.297507   0.130769,
	  0.851559  -0.237917   0.467165,
	  0.741261  -0.219406   0.634344,
	  0.901681   0.018992   0.431984,
	  0.797993   0.547291   0.252347,
	  0.627577   0.768693   0.123526,
	  0.339014   0.863699   0.372953,
	 -0.119488   0.828217   0.547521,
	 -0.484642   0.657630   0.576754,
	 -0.796521   0.480550   0.366915,
	 -0.844192   0.519004   0.134066,
	 -0.964737   0.203454   0.167000,
	 -0.931393   0.138731  -0.336542,
	 -0.906450  -0.372684  -0.198631,
	 -0.826716  -0.560956  -0.043222,
	 -0.876366  -0.045064   0.479533,
	 -0.506198  -0.083484   0.858367,
	  0.100542  -0.123206   0.987275,
	 -0.989612  -0.139167   0.036056,
	 -0.997257  -0.050533   0.054088,
	  0.889634  -0.191143   0.414749,
	  0.759853  -0.107989   0.641063,
	 -0.916416  -0.335751  -0.217839,
	  0.832093  -0.373300   0.410207,
	  0.807165  -0.428960   0.405558,
	  0.854345  -0.218275   0.471647,
	  0.667289   0.132946   0.732837,
	  0.779168   0.563052  -0.275446,
	  0.923741   0.382592   0.018034,
	  0.352913   0.925003   0.140793,
	  0.579783   0.812152  -0.065269,
	  0.024668   0.932712   0.359778,
	 -0.448692   0.822237   0.350146,
	 -0.607052   0.793161   0.048808,
	 -0.518582   0.785736  -0.337183,
	 -0.784646   0.494997  -0.373241,
	 -0.492427   0.431661  -0.755767,
	 -0.598330   0.110330  -0.793618,
	 -0.551100  -0.378144  -0.743838,
	 -0.567184  -0.665844  -0.484720,
	 -0.598895  -0.516180  -0.612277,
	 -0.999778   0.007091   0.019844,
	 -0.853476   0.007640   0.521076,
	 -0.429512  -0.035675   0.902356,
	  0.148283  -0.076515   0.985981,
	 -0.926127  -0.165402  -0.339016,
	 -0.899764  -0.072094  -0.430381,
	  0.934270  -0.079304   0.347635,
	  0.910765  -0.290996   0.292966,
	  0.720131  -0.043468   0.692475,
	 -0.582361  -0.283398  -0.761933,
	  0.854887  -0.444044  -0.268316,
	  0.839384  -0.431013  -0.331153,
	  0.956886  -0.179329  -0.228495,
	  0.733324   0.262700  -0.627077,
	  0.502583   0.684005  -0.528723,
	  0.839228   0.122998  -0.529687,
	  0.812729  -0.136412  -0.566448,
	  0.131978   0.984967   0.111453,
	  0.079438   0.996380  -0.030280,
	  0.347440   0.929930  -0.120478,
	 -0.088499   0.981878   0.167582,
	 -0.223890   0.974405   0.020200,
	 -0.190893   0.954311  -0.229893,
	 -0.084894   0.926809  -0.365813,
	 -0.340668   0.710557  -0.615673,
	 -0.009050   0.749059  -0.662442,
	 -0.049729   0.448995  -0.892149,
	 -0.103960   0.109787  -0.988503,
	  0.092059  -0.414508  -0.905377,
	  0.036094  -0.654355  -0.755325,
	  0.019201  -0.565722  -0.824372,
	  0.045703  -0.318472  -0.946830,
	 -0.997249   0.030915   0.067374,
	 -0.830645  -0.016584  -0.556555,
	 -0.865880   0.012779  -0.500089,
	 -0.786316   0.018931   0.617534,
	 -0.293846  -0.017002   0.955701,
	  0.202028  -0.039647   0.978577,
	 -0.507278  -0.153994  -0.847912,
	 -0.409752  -0.056805  -0.910427,
	  0.985447  -0.138764   0.098181,
	  0.973925   0.004374   0.226828,
	  0.887221  -0.305656  -0.345562,
	  0.675253  -0.027262   0.737082,
	  0.099644  -0.153082  -0.983177,
	  0.686910  -0.394437  -0.610388,
	  0.717140  -0.354705  -0.599912,
	  0.622240  -0.266965  -0.735899,
	  0.382982   0.225116  -0.895906,
	  0.250573   0.505848  -0.825428,
	  0.247810   0.824015  -0.509498,
	  0.598652  -0.526329  -0.603816,
	  0.121356   0.985917  -0.115069,
	  0.000616   0.967731  -0.251985,
	  0.526202  -0.470550  -0.708303,
	  0.595907  -0.275016  -0.754494,
	  0.542671  -0.120368  -0.831276,
	 -0.997202   0.002128   0.074728,
	 -0.881674   0.014185  -0.471646,
	 -0.374351  -0.004814  -0.927275,
	 -0.425525   0.019039  -0.904746,
	 -0.695536  -0.034688   0.717654,
	 -0.165968  -0.049750   0.984875,
	  0.226941  -0.059927   0.972063,
	  0.128401  -0.071197  -0.989163,
	  0.284206  -0.044488  -0.957731,
	  0.889548  -0.124231  -0.439625,
	  0.942015  -0.055842  -0.330892,
	  0.996382  -0.030246   0.079420,
	  0.689948  -0.047796   0.722279,
	  0.626581  -0.058931  -0.777125,
	 -0.843858   0.005056  -0.536542,
	 -0.979200  -0.039701   0.198973,
	  0.416208  -0.005190  -0.909254,
	  0.345574   0.041657  -0.937466,
	 -0.365998   0.043294  -0.929608,
	 -0.712524  -0.078458   0.697248,
	 -0.268476  -0.082344   0.959760,
	  0.238099  -0.089330   0.967124,
	  0.805694  -0.057315  -0.589553,
	  0.999397  -0.034729  -0.000215,
	  0.763475  -0.064942   0.642564,
	 -0.457490   0.035659  -0.888499,
	 -0.876686  -0.001248  -0.481061,
	 -0.994771  -0.027709   0.098303,
	 -0.513944  -0.040947   0.856846,
	  0.822253  -0.023596  -0.568633,
	  0.773779   0.010710  -0.633365,
	  0.310592   0.043252  -0.949559,
	  0.794842   0.023969  -0.606342,
	  0.364857  -0.040263   0.930193,
	  0.604716  -0.067288   0.793594,
	  0.999443  -0.023355  -0.023846,
	  0.293640   0.022122  -0.955660,
	 -0.523260   0.021668  -0.851898,
	 -0.914302  -0.017793  -0.404642,
	 -0.985540  -0.028939   0.166954,
	 -0.425986   0.061816   0.902615,
	  0.990849  -0.017694   0.133808,
	  0.766657   0.012850  -0.641928,
	  0.995152  -0.011629   0.097656,
	  0.573668   0.079111   0.815258,
	  0.574423   0.013098   0.818453,
	  0.623903  -0.018149   0.781291,
	  0.713336   0.034233  -0.699986,
	  0.079635   0.060087  -0.995011,
	 -0.740575   0.004983  -0.671956,
	 -0.981916  -0.076972  -0.172965,
	 -0.983129  -0.070935   0.168597,
	 -0.323670   0.195129   0.925831,
	  0.996185   0.042182  -0.076399,
	  0.765210   0.038862   0.642607,
	  0.715110   0.188310   0.673170,
	  0.771863   0.127248   0.622925,
	  0.990576   0.129690  -0.044042,
	  0.729216   0.233287  -0.643289,
	  0.058644   0.278816  -0.958552,
	 -0.861737   0.004014  -0.507339,
	 -0.983396  -0.166831  -0.071407,
	 -0.997944  -0.055199   0.032582,
	  0.128718   0.311572   0.941464,
	 -0.797143   0.108629   0.593939,
	  0.851658   0.176588   0.493452,
	  0.716423   0.316961   0.621510,
	  0.894245   0.233439   0.381880,
	  0.895740   0.228821   0.381170,
	  0.870764   0.283181  -0.401967,
	  0.993826  -0.088697   0.066649,
	  0.987554  -0.127729   0.091772,
	  0.992623   0.103922   0.062451,
	  0.752892   0.409435  -0.515283,
	  0.455432   0.473171  -0.754116,
	 -0.311859   0.411171  -0.856552,
	 -0.877216   0.228621  -0.422166,
	 -0.903772  -0.383642   0.189776,
	 -0.884656  -0.453615  -0.107786,
	 -0.868219  -0.335848  -0.365241,
	 -0.782121   0.040146   0.621832,
	 -0.903225  -0.150935  -0.401751,
	 -0.998688  -0.009850   0.050253,
	  0.036969   0.269147   0.962389,
	  0.862703   0.351776   0.363314,
	  0.722573   0.365985   0.586467,
	  0.830768   0.430270   0.353118,
	  0.909918   0.361263   0.203812,
	  0.930966   0.316456  -0.182094,
	  0.946874   0.172300   0.271555,
	  0.980717   0.187923  -0.053652,
	  0.874629   0.470843  -0.115466,
	  0.564881   0.575154  -0.591699,
	  0.766625   0.483898  -0.422053,
	 -0.122146   0.642331  -0.756632,
	 -0.838548   0.380026  -0.390406,
	 -0.943449  -0.226544   0.242038,
	 -0.760557  -0.512142   0.399078,
	 -0.745985  -0.655298   0.118707,
	 -0.849449  -0.482256  -0.214163,
	 -0.813524  -0.019069  -0.581218,
	 -0.941675  -0.169177   0.290908,
	 -0.819206  -0.203329   0.536245,
	 -0.540339  -0.077152   0.837903,
	 -0.902548  -0.037388  -0.428963,
	 -0.041458   0.258778   0.965047,
	  0.790584   0.601428   0.115157,
	  0.541471   0.534885   0.648620,
	  0.589319   0.695380   0.411279,
	  0.776439   0.625456  -0.077118,
	  0.849380   0.321188  -0.418797,
	  0.859626   0.498914  -0.110131,
	  0.756151   0.631737   0.170717,
	  0.724982   0.676126  -0.131358,
	  0.775961   0.627956  -0.059623,
	  0.660785   0.497078  -0.562386,
	  0.054514   0.632290  -0.772812,
	 -0.853020   0.310877  -0.419181,
	 -0.947072  -0.113558   0.300264,
	 -0.823619   0.065005   0.563406,
	 -0.987398   0.084153   0.134025,
	 -0.879252   0.120428  -0.460882,
	 -0.996274  -0.062425  -0.059501,
	 -0.933169  -0.342690  -0.108438,
	 -0.741962  -0.469421   0.478681,
	 -0.741439  -0.449902   0.497852,
	 -0.517954  -0.087501   0.850921,
	 -0.894817  -0.185580  -0.406033,
	 -0.022151   0.263446   0.964420,
	  0.537326   0.840948  -0.063929,
	  0.542102   0.374635   0.752179,
	  0.472461   0.717617   0.511670,
	  0.562458   0.702267  -0.436419,
	  0.784570   0.620016   0.005499,
	  0.829573   0.028234  -0.557684,
	  0.750952   0.072141  -0.656404,
	  0.781600   0.485443  -0.391722,
	  0.887129   0.449031   0.106645,
	  0.911003   0.408668  -0.055358,
	  0.922637   0.384733  -0.026849,
	 -0.107223   0.172764  -0.979110,
	 -0.690889  -0.016454  -0.722773,
	 -0.998590  -0.029251  -0.044310,
	 -0.984717   0.052035   0.166208,
	 -0.818894   0.250396   0.516444,
	 -0.777745   0.227742   0.585873,
	 -0.888425  -0.066775   0.454139,
	 -0.659373  -0.604015   0.447653,
	 -0.764118  -0.584313  -0.273317,
	 -0.748594  -0.645728   0.150476,
	 -0.691096  -0.710787   0.131030,
	 -0.547441  -0.670259   0.501060,
	 -0.452300  -0.250372   0.856001,
	 -0.247634  -0.652221   0.716439,
	 -0.537580  -0.743635   0.397512,
	 -0.668332  -0.712305   0.214368,
	  0.031862  -0.059872   0.997698,
	  0.675749   0.733777   0.070252,
	  0.345970  -0.226554   0.910482,
	  0.493598   0.224315   0.840264,
	  0.438337   0.425140   0.791907,
	  0.801420   0.350743  -0.484464,
	  0.938633   0.333377  -0.088474,
	  0.578299  -0.038486  -0.814917,
	  0.735353  -0.355347  -0.577048,
	  0.127901  -0.294093  -0.947180,
	  0.865337   0.171339  -0.470993,
	  0.992454  -0.028525   0.119250,
	  0.996704  -0.076531  -0.026902,
	  0.996920  -0.071757  -0.031638,
	 -0.799041  -0.266360  -0.539060,
	 -0.947360  -0.316257   0.049904,
	 -0.992568  -0.121685  -0.001429,
	 -0.873238  -0.407336  -0.267458,
	 -0.753653  -0.656766  -0.025803,
	 -0.087723  -0.917813   0.387201,
	 -0.261802  -0.951896   0.159226,
	 -0.290767  -0.948274  -0.127401,
	 -0.246893  -0.924789   0.289498,
	 -0.433378  -0.865953   0.249616,
	 -0.066030  -0.853574   0.516771,
	  0.075680  -0.479681   0.874173,
	 -0.436281  -0.765402   0.473094,
	  0.543426   0.268482   0.795365,
	  0.966719   0.222591   0.126122,
	  0.217440  -0.048465   0.974870,
	  0.877968  -0.170986  -0.447143,
	  0.988330  -0.105950  -0.109447,
	  0.677200  -0.308463  -0.668020,
	  0.243940  -0.523203  -0.816549,
	  0.551407  -0.624229  -0.553433,
	  0.092455  -0.642504  -0.760685,
	 -0.687438  -0.565314  -0.455905,
	  0.858399  -0.481679   0.176457,
	  0.850968  -0.523481   0.042667,
	  0.824815  -0.562953   0.052579,
	 -0.775292  -0.628976  -0.057546,
	 -0.635846  -0.560606  -0.530490,
	 -0.236789  -0.744390  -0.624351,
	  0.512878  -0.820989   0.250864,
	  0.457588  -0.877701   0.142316,
	  0.330355  -0.940311   0.081740,
	  0.374580  -0.919010  -0.122929,
	  0.241140  -0.968828  -0.056786,
	  0.014564  -0.960752   0.277027,
	  0.092624  -0.415201   0.905002,
	  0.388510  -0.103689   0.915592,
	  0.888134  -0.383637   0.253063,
	  0.682010  -0.657643  -0.319951,
	  0.801624  -0.587159  -0.112436,
	  0.248382  -0.736695  -0.628957,
	 -0.074440  -0.586005  -0.806881,
	 -0.230791  -0.939392  -0.253530,
	 -0.365378  -0.694460  -0.619858,
	  0.620306  -0.756479   0.207267,
	 -0.386322  -0.328729  -0.861796,
	 -0.648128   0.107810  -0.753861,
	 -0.099631   0.062679  -0.993048,
	  0.295660  -0.216160  -0.930516,
	 -0.844298  -0.347548  -0.407885,
	  0.169438  -0.268593  -0.948234,
	 -0.425511  -0.297000  -0.854828,
	 -0.826781  -0.323307  -0.460333,
	 -0.293157   0.531096  -0.794981,
	 -0.694217   0.485059  -0.531771,
	 -0.944984   0.076209  -0.318115,
	  0.333071   0.160975  -0.929059,
	  0.722714  -0.211050  -0.658136,
	  0.792342  -0.174398  -0.584619,
	 -0.948726  -0.225262  -0.221759,
	 -0.904124   0.067186  -0.421954,
	 -0.849786  -0.501429  -0.162583,
	  0.030391  -0.193016  -0.980725,
	  0.710403  -0.185417  -0.678931,
	 -0.519720  -0.170079  -0.837236,
	 -0.877881  -0.174013  -0.446145,
	 -0.945721  -0.297507  -0.130769,
	  0.035629   0.672587  -0.739160,
	 -0.402200   0.662698  -0.631717,
	 -0.709456   0.377507  -0.595115,
	  0.907083  -0.035011  -0.419494,
	  0.773546   0.493874  -0.397134,
	  0.851559  -0.237917  -0.467165,
	  0.741261  -0.219406  -0.634344,
	 -0.964737   0.203454  -0.167000,
	 -0.906450  -0.372684   0.198631,
	 -0.931393   0.138731   0.336542,
	 -0.796521   0.480550  -0.366915,
	 -0.844192   0.519004  -0.134066,
	 -0.826716  -0.560956   0.043222,
	 -0.506198  -0.083484  -0.858367,
	  0.100542  -0.123206  -0.987275,
	  0.889634  -0.191143  -0.414749,
	  0.759853  -0.107989  -0.641063,
	 -0.876366  -0.045064  -0.479533,
	 -0.989612  -0.139167  -0.036056,
	 -0.997257  -0.050533  -0.054088,
	 -0.916416  -0.335751   0.217839,
	  0.339014   0.863699  -0.372953,
	 -0.119488   0.828217  -0.547521,
	 -0.484642   0.657630  -0.576754,
	  0.901681   0.018992  -0.431984,
	  0.797993   0.547291  -0.252347,
	  0.627577   0.768693  -0.123526,
	  0.807165  -0.428960  -0.405558,
	  0.832093  -0.373300  -0.410207,
	  0.854345  -0.218275  -0.471647,
	  0.667289   0.132946  -0.732837,
	 -0.784646   0.494997   0.373241,
	 -0.598330   0.110330   0.793618,
	 -0.551100  -0.378144   0.743838,
	 -0.567184  -0.665844   0.484720,
	 -0.492427   0.431661   0.755767,
	 -0.448692   0.822237  -0.350146,
	 -0.607052   0.793161  -0.048808,
	 -0.518582   0.785736   0.337183,
	 -0.598895  -0.516180   0.612277,
	 -0.853476   0.007640  -0.521076,
	 -0.429512  -0.035675  -0.902356,
	  0.148283  -0.076515  -0.985981,
	  0.934270  -0.079304  -0.347635,
	  0.910765  -0.290996  -0.292966,
	  0.720131  -0.043468  -0.692475,
	 -0.999778   0.007091  -0.019844,
	 -0.926127  -0.165402   0.339016,
	 -0.899764  -0.072094   0.430381,
	 -0.582361  -0.283398   0.761933,
	  0.352913   0.925003  -0.140793,
	  0.024668   0.932712  -0.359778,
	  0.923741   0.382592  -0.018034,
	  0.779168   0.563052   0.275446,
	  0.579783   0.812152   0.065269,
	  0.854887  -0.444044   0.268316,
	  0.956886  -0.179329   0.228495,
	  0.839384  -0.431013   0.331153,
	 -0.340668   0.710557   0.615673,
	 -0.049729   0.448995   0.892149,
	 -0.103960   0.109787   0.988503,
	  0.092059  -0.414508   0.905377,
	  0.036094  -0.654355   0.755325,
	  0.019201  -0.565722   0.824372,
	 -0.009050   0.749059   0.662442,
	 -0.088499   0.981878  -0.167582,
	 -0.223890   0.974405  -0.020200,
	 -0.190893   0.954311   0.229893,
	 -0.084894   0.926809   0.365813,
	  0.045703  -0.318472   0.946830,
	 -0.997249   0.030915  -0.067374,
	 -0.786316   0.018931  -0.617534,
	 -0.293846  -0.017002  -0.955701,
	  0.202028  -0.039647  -0.978577,
	  0.973925   0.004374  -0.226828,
	  0.985447  -0.138764  -0.098181,
	  0.887221  -0.305656   0.345562,
	  0.675253  -0.027262  -0.737082,
	 -0.830645  -0.016584   0.556555,
	 -0.865880   0.012779   0.500089,
	 -0.507278  -0.153994   0.847912,
	 -0.409752  -0.056805   0.910427,
	  0.099644  -0.153082   0.983177,
	  0.131978   0.984967  -0.111453,
	  0.347440   0.929930   0.120478,
	  0.079438   0.996380   0.030280,
	  0.839228   0.122998   0.529687,
	  0.502583   0.684005   0.528723,
	  0.733324   0.262700   0.627077,
	  0.812729  -0.136412   0.566448,
	  0.717140  -0.354705   0.599912,
	  0.686910  -0.394437   0.610388,
	  0.247810   0.824015   0.509498,
	  0.250573   0.505848   0.825428,
	  0.382982   0.225116   0.895906,
	  0.622240  -0.266965   0.735899,
	  0.598652  -0.526329   0.603816,
	  0.526202  -0.470550   0.708303,
	  0.595907  -0.275016   0.754494,
	  0.000616   0.967731   0.251985,
	  0.542671  -0.120368   0.831276,
	 -0.997202   0.002128  -0.074728,
	 -0.881674   0.014185   0.471646,
	 -0.695536  -0.034688  -0.717654,
	 -0.165968  -0.049750  -0.984875,
	  0.226941  -0.059927  -0.972063,
	  0.942015  -0.055842   0.330892,
	  0.996382  -0.030246  -0.079420,
	  0.889548  -0.124231   0.439625,
	  0.689948  -0.047796  -0.722279,
	 -0.374351  -0.004814   0.927275,
	 -0.425525   0.019039   0.904746,
	  0.128401  -0.071197   0.989163,
	  0.284206  -0.044488   0.957731,
	  0.626581  -0.058931   0.777125,
	  0.121356   0.985917   0.115069,
	 -0.843858   0.005056   0.536542,
	 -0.979200  -0.039701  -0.198973,
	 -0.712524  -0.078458  -0.697248,
	 -0.268476  -0.082344  -0.959760,
	  0.238099  -0.089330  -0.967124,
	  0.805694  -0.057315   0.589553,
	  0.999397  -0.034729   0.000215,
	  0.763475  -0.064942  -0.642564,
	  0.416208  -0.005190   0.909254,
	 -0.365998   0.043294   0.929608,
	  0.345574   0.041657   0.937466,
	 -0.876686  -0.001248   0.481061,
	 -0.457490   0.035659   0.888499,
	 -0.513944  -0.040947  -0.856846,
	 -0.994771  -0.027709  -0.098303,
	  0.364857  -0.040263  -0.930193,
	  0.604716  -0.067288  -0.793594,
	  0.822253  -0.023596   0.568633,
	  0.999443  -0.023355   0.023846,
	  0.773779   0.010710   0.633365,
	  0.310592   0.043252   0.949559,
	  0.794842   0.023969   0.606342,
	 -0.523260   0.021668   0.851898,
	 -0.914302  -0.017793   0.404642,
	  0.293640   0.022122   0.955660,
	 -0.985540  -0.028939  -0.166954,
	 -0.425986   0.061816  -0.902615,
	  0.573668   0.079111  -0.815258,
	  0.574423   0.013098  -0.818453,
	  0.623903  -0.018149  -0.781291,
	  0.990849  -0.017694  -0.133808,
	  0.766657   0.012850   0.641928,
	  0.995152  -0.011629  -0.097656,
	  0.079635   0.060087   0.995011,
	 -0.740575   0.004983   0.671956,
	 -0.981916  -0.076972   0.172965,
	  0.713336   0.034233   0.699986,
	 -0.983129  -0.070935  -0.168597,
	 -0.323670   0.195129  -0.925831,
	  0.715110   0.188310  -0.673170,
	  0.771863   0.127248  -0.622925,
	  0.765210   0.038862  -0.642607,
	  0.996185   0.042182   0.076399,
	  0.729216   0.233287   0.643289,
	 -0.861737   0.004014   0.507339,
	  0.058644   0.278816   0.958552,
	 -0.983396  -0.166831   0.071407,
	  0.990576   0.129690   0.044042,
	 -0.997944  -0.055199  -0.032582,
	 -0.797143   0.108629  -0.593939,
	  0.128718   0.311572  -0.941464,
	  0.716423   0.316961  -0.621510,
	  0.851658   0.176588  -0.493452,
	  0.894245   0.233439  -0.381880,
	  0.870764   0.283181   0.401967,
	  0.455432   0.473171   0.754116,
	  0.752892   0.409435   0.515283,
	 -0.311859   0.411171   0.856552,
	 -0.877216   0.228621   0.422166,
	 -0.903772  -0.383642  -0.189776,
	 -0.884656  -0.453615   0.107786,
	 -0.868219  -0.335848   0.365241,
	  0.895740   0.228821  -0.381170,
	  0.993826  -0.088697  -0.066649,
	  0.987554  -0.127729  -0.091772,
	  0.992623   0.103922  -0.062451,
	 -0.782121   0.040146  -0.621832,
	 -0.998688  -0.009850  -0.050253,
	 -0.903225  -0.150935   0.401751,
	  0.036969   0.269147  -0.962389,
	  0.722573   0.365985  -0.586467,
	  0.862703   0.351776  -0.363314,
	  0.830768   0.430270  -0.353118,
	  0.930966   0.316456   0.182094,
	  0.564881   0.575154   0.591699,
	 -0.122146   0.642331   0.756632,
	  0.766625   0.483898   0.422053,
	 -0.838548   0.380026   0.390406,
	 -0.943449  -0.226544  -0.242038,
	 -0.745985  -0.655298  -0.118707,
	 -0.760557  -0.512142  -0.399078,
	 -0.849449  -0.482256   0.214163,
	 -0.813524  -0.019069   0.581218,
	  0.909918   0.361263  -0.203812,
	  0.946874   0.172300  -0.271555,
	  0.980717   0.187923   0.053652,
	  0.874629   0.470843   0.115466,
	 -0.941675  -0.169177  -0.290908,
	 -0.540339  -0.077152  -0.837903,
	 -0.819206  -0.203329  -0.536245,
	 -0.902548  -0.037388   0.428963,
	 -0.041458   0.258778  -0.965047,
	  0.541471   0.534885  -0.648620,
	  0.790584   0.601428  -0.115157,
	  0.589319   0.695380  -0.411279,
	  0.849380   0.321188   0.418797,
	  0.859626   0.498914   0.110131,
	  0.054514   0.632290   0.772812,
	  0.660785   0.497078   0.562386,
	 -0.853020   0.310877   0.419181,
	 -0.947072  -0.113558  -0.300264,
	 -0.823619   0.065005  -0.563406,
	 -0.987398   0.084153  -0.134025,
	 -0.879252   0.120428   0.460882,
	 -0.996274  -0.062425   0.059501,
	  0.776439   0.625456   0.077118,
	  0.756151   0.631737  -0.170717,
	  0.724982   0.676126   0.131358,
	  0.775961   0.627956   0.059623,
	 -0.933169  -0.342690   0.108438,
	 -0.741962  -0.469421  -0.478681,
	 -0.741439  -0.449902  -0.497852,
	 -0.517954  -0.087501  -0.850921,
	 -0.894817  -0.185580   0.406033,
	 -0.022151   0.263446  -0.964420,
	  0.542102   0.374635  -0.752179,
	  0.537326   0.840948   0.063929,
	  0.472461   0.717617  -0.511670,
	  0.750952   0.072141   0.656404,
	  0.829573   0.028234   0.557684,
	  0.781600   0.485443   0.391722,
	 -0.107223   0.172764   0.979110,
	 -0.690889  -0.016454   0.722773,
	 -0.998590  -0.029251   0.044310,
	 -0.984717   0.052035  -0.166208,
	 -0.777745   0.227742  -0.585873,
	 -0.818894   0.250396  -0.516444,
	 -0.888425  -0.066775  -0.454139,
	 -0.659373  -0.604015  -0.447653,
	 -0.764118  -0.584313   0.273317,
	 -0.748594  -0.645728  -0.150476,
	  0.562458   0.702267   0.436419,
	  0.784570   0.620016  -0.005499,
	  0.887129   0.449031  -0.106645,
	  0.911003   0.408668   0.055358,
	  0.922637   0.384733   0.026849,
	 -0.691096  -0.710787  -0.131030,
	 -0.547441  -0.670259  -0.501060,
	 -0.452300  -0.250372  -0.856001,
	 -0.247634  -0.652221  -0.716439,
	 -0.537580  -0.743635  -0.397512,
	 -0.668332  -0.712305  -0.214368,
	  0.031862  -0.059872  -0.997698,
	  0.345970  -0.226554  -0.910482,
	  0.493598   0.224315  -0.840264,
	  0.675749   0.733777  -0.070252,
	  0.438337   0.425140  -0.791907,
	  0.735353  -0.355347   0.577048,
	  0.127901  -0.294093   0.947180,
	  0.578299  -0.038486   0.814917,
	  0.865337   0.171339   0.470993,
	 -0.799041  -0.266360   0.539060,
	 -0.947360  -0.316257  -0.049904,
	 -0.992568  -0.121685   0.001429,
	 -0.873238  -0.407336   0.267458,
	 -0.753653  -0.656766   0.025803,
	 -0.087723  -0.917813  -0.387201,
	 -0.261802  -0.951896  -0.159226,
	 -0.290767  -0.948274   0.127401,
	  0.938633   0.333377   0.088474,
	  0.801420   0.350743   0.484464,
	  0.992454  -0.028525  -0.119250,
	  0.996704  -0.076531   0.026902,
	  0.996920  -0.071757   0.031638,
	 -0.246893  -0.924789  -0.289498,
	 -0.433378  -0.865953  -0.249616,
	  0.075680  -0.479681  -0.874173,
	 -0.066030  -0.853574  -0.516771,
	 -0.436281  -0.765402  -0.473094,
	  0.217440  -0.048465  -0.974870,
	  0.966719   0.222591  -0.126122,
	  0.543426   0.268482  -0.795365,
	  0.551407  -0.624229   0.553433,
	  0.092455  -0.642504   0.760685,
	 -0.687438  -0.565314   0.455905,
	  0.243940  -0.523203   0.816549,
	  0.677200  -0.308463   0.668020,
	 -0.775292  -0.628976   0.057546,
	 -0.635846  -0.560606   0.530490,
	 -0.236789  -0.744390   0.624351,
	  0.457588  -0.877701  -0.142316,
	  0.512878  -0.820989  -0.250864,
	  0.330355  -0.940311  -0.081740,
	  0.374580  -0.919010   0.122929,
	  0.988330  -0.105950   0.109447,
	  0.877968  -0.170986   0.447143,
	  0.858399  -0.481679  -0.176457,
	  0.850968  -0.523481  -0.042667,
	  0.824815  -0.562953  -0.052579,
	  0.241140  -0.968828   0.056786,
	  0.014564  -0.960752  -0.277027,
	  0.388510  -0.103689  -0.915592,
	  0.092624  -0.415201  -0.905002,
	  0.888134  -0.383637  -0.253063,
	 -0.230791  -0.939392   0.253530,
	  0.248382  -0.736695   0.628957,
	 -0.074440  -0.586005   0.806881,
	 -0.365378  -0.694460   0.619858,
	  0.801624  -0.587159   0.112436,
	  0.682010  -0.657643   0.319951,
	  0.620306  -0.756479  -0.207267,
     ]    } 
normalIndex      [ 
	     0,      1,      2, -1 
	     3,      4,      0, -1 
	     5,      0,      4, -1 
	     3,      0,      2, -1 
	     5,      1,      0, -1 
	     6,      2,      1, -1 
	     7,      1,      8, -1 
	     5,      8,      1, -1 
	     6,      1,      7, -1 
	     2,      9,     10, -1 
	    11,      9,      2, -1 
	     2,     10,      3, -1 
	    11,      2,      6, -1 
	     3,     10,     12, -1 
	    13,      4,      3, -1 
	     3,     12,     13, -1 
	    13,     14,      4, -1 
	    15,     16,      4, -1 
	    15,      4,     14, -1 
	     5,      4,     16, -1 
	    17,      5,     16, -1 
	     5,     17,      8, -1 
	     6,     18,     19, -1 
	     7,     18,      6, -1 
	    11,      6,     20, -1 
	     6,     19,     20, -1 
	     8,     18,      7, -1 
	     8,     21,     18, -1 
	    17,     21,      8, -1 
	     9,     22,     23, -1 
	     9,     11,     24, -1 
	     9,     23,     10, -1 
	     9,     24,     22, -1 
	    10,     23,     25, -1 
	    10,     25,     12, -1 
	    11,     20,     26, -1 
	    26,     24,     11, -1 
	    13,     12,     27, -1 
	    25,     27,     12, -1 
	    28,     14,     13, -1 
	    13,     27,     28, -1 
	    28,     29,     14, -1 
	    29,     15,     14, -1 
	    29,     30,     15, -1 
	    31,     32,     15, -1 
	    32,     16,     15, -1 
	    31,     15,     30, -1 
	    32,     33,     16, -1 
	    17,     16,     33, -1 
	    17,     34,     21, -1 
	    33,     34,     17, -1 
	    35,     18,     21, -1 
	    36,     37,     18, -1 
	    37,     19,     18, -1 
	    36,     18,     35, -1 
	    38,     39,     19, -1 
	    20,     19,     39, -1 
	    38,     19,     37, -1 
	    26,     20,     40, -1 
	    20,     39,     40, -1 
	    35,     21,     34, -1 
	    41,     42,     22, -1 
	    42,     23,     22, -1 
	    41,     22,     24, -1 
	    42,     43,     23, -1 
	    25,     23,     43, -1 
	    26,     44,     24, -1 
	    24,     44,     45, -1 
	    24,     45,     41, -1 
	    25,     46,     27, -1 
	    47,     46,     25, -1 
	    25,     43,     47, -1 
	    26,     40,     48, -1 
	    48,     44,     26, -1 
	    27,     49,     50, -1 
	    46,     49,     27, -1 
	    27,     50,     28, -1 
	    28,     50,     51, -1 
	    51,     52,     28, -1 
	    29,     28,     52, -1 
	    29,     52,     30, -1 
	    53,     30,     54, -1 
	    52,     54,     30, -1 
	    31,     30,     53, -1 
	    55,     31,     56, -1 
	    32,     31,     55, -1 
	    53,     56,     31, -1 
	    57,     33,     32, -1 
	    57,     32,     55, -1 
	    58,     34,     33, -1 
	    58,     33,     57, -1 
	    35,     34,     58, -1 
	    59,     36,     35, -1 
	    59,     35,     58, -1 
	    60,     61,     36, -1 
	    60,     36,     59, -1 
	    61,     37,     36, -1 
	    61,     38,     37, -1 
	    62,     63,     38, -1 
	    62,     38,     61, -1 
	    63,     39,     38, -1 
	    63,     64,     39, -1 
	    65,     40,     39, -1 
	    65,     39,     64, -1 
	    66,     48,     40, -1 
	    66,     40,     65, -1 
	    67,     68,     41, -1 
	    68,     42,     41, -1 
	    67,     41,     45, -1 
	    68,     69,     42, -1 
	    69,     43,     42, -1 
	    69,     70,     43, -1 
	    47,     43,     70, -1 
	    48,     71,     44, -1 
	    45,     44,     71, -1 
	    45,     71,     72, -1 
	    72,     67,     45, -1 
	    47,     73,     46, -1 
	    46,     74,     49, -1 
	    73,     74,     46, -1 
	    47,     70,     75, -1 
	    75,     73,     47, -1 
	    76,     71,     48, -1 
	    76,     48,     66, -1 
	    50,     49,     77, -1 
	    74,     77,     49, -1 
	    78,     79,     50, -1 
	    79,     51,     50, -1 
	    50,     77,     78, -1 
	    54,     52,     51, -1 
	    54,     51,     79, -1 
	    53,     80,     81, -1 
	    53,     82,     83, -1 
	    53,     81,     56, -1 
	    53,     83,     80, -1 
	    54,     82,     53, -1 
	    54,     79,     82, -1 
	    84,     57,     55, -1 
	    85,     55,     86, -1 
	    84,     55,     85, -1 
	    55,     56,     86, -1 
	    86,     56,     81, -1 
	    87,     58,     57, -1 
	    87,     57,     84, -1 
	    88,     59,     58, -1 
	    88,     58,     87, -1 
	    89,     60,     59, -1 
	    89,     59,     88, -1 
	    90,     91,     60, -1 
	    90,     60,     89, -1 
	    91,     61,     60, -1 
	    91,     62,     61, -1 
	    92,     93,     62, -1 
	    92,     62,     91, -1 
	    93,     63,     62, -1 
	    93,     94,     63, -1 
	    94,     64,     63, -1 
	    94,     95,     64, -1 
	    96,     65,     64, -1 
	    96,     64,     95, -1 
	    97,     66,     65, -1 
	    97,     65,     96, -1 
	    98,     76,     66, -1 
	    98,     66,     97, -1 
	    99,     68,     67, -1 
	    72,    100,     67, -1 
	    67,    101,     99, -1 
	    67,    100,    101, -1 
	    99,    102,     68, -1 
	   102,     69,     68, -1 
	   102,    103,     69, -1 
	   103,     70,     69, -1 
	   103,    104,     70, -1 
	    75,     70,    104, -1 
	   105,     72,     71, -1 
	   105,     71,     76, -1 
	   106,     72,    105, -1 
	   106,    100,     72, -1 
	   107,     73,    108, -1 
	    75,    108,     73, -1 
	    73,    107,     74, -1 
	    74,    109,     77, -1 
	   107,    109,     74, -1 
	    75,    104,    110, -1 
	   110,    108,     75, -1 
	   111,    105,     76, -1 
	   111,     76,     98, -1 
	    77,    112,    113, -1 
	    77,    113,     78, -1 
	   109,    112,     77, -1 
	    79,     78,    113, -1 
	    79,    113,     82, -1 
	    80,     83,    114, -1 
	   115,     81,     80, -1 
	    80,    114,    115, -1 
	    81,    116,    117, -1 
	   115,    116,     81, -1 
	    86,     81,    117, -1 
	    82,    113,     83, -1 
	    83,    113,    118, -1 
	   118,    114,     83, -1 
	    85,     87,     84, -1 
	    85,    119,    120, -1 
	    85,    120,     90, -1 
	    85,     86,    119, -1 
	    85,     90,     89, -1 
	    85,     89,     88, -1 
	    85,     88,     87, -1 
	   119,     86,    117, -1 
	    92,     91,     90, -1 
	   120,     92,     90, -1 
	   120,    117,     92, -1 
	   117,     93,     92, -1 
	   117,    116,     93, -1 
	   116,     94,     93, -1 
	   116,    115,     94, -1 
	   115,     95,     94, -1 
	   115,    114,     95, -1 
	   118,     96,     95, -1 
	   118,     95,    114, -1 
	   121,     97,     96, -1 
	   121,     96,    118, -1 
	   122,     98,     97, -1 
	   122,     97,    121, -1 
	   123,    111,     98, -1 
	   123,     98,    122, -1 
	   124,    102,     99, -1 
	    99,    101,    125, -1 
	    99,    125,    124, -1 
	   126,    101,    100, -1 
	   126,    100,    106, -1 
	   127,    125,    101, -1 
	   127,    101,    126, -1 
	   124,    128,    102, -1 
	   128,    103,    102, -1 
	   128,    129,    103, -1 
	   129,    104,    103, -1 
	   129,    130,    104, -1 
	   110,    104,    130, -1 
	   131,    106,    105, -1 
	   131,    105,    111, -1 
	   106,    131,    132, -1 
	   106,    132,    126, -1 
	   107,    133,    109, -1 
	   134,    133,    107, -1 
	   107,    108,    134, -1 
	   134,    108,    135, -1 
	   110,    135,    108, -1 
	   109,    122,    112, -1 
	   133,    122,    109, -1 
	   110,    130,    136, -1 
	   136,    135,    110, -1 
	   137,    131,    111, -1 
	   137,    111,    123, -1 
	   112,    121,    118, -1 
	   122,    121,    112, -1 
	   112,    118,    113, -1 
	   119,    117,    120, -1 
	   133,    123,    122, -1 
	   137,    123,    133, -1 
	   124,    125,    138, -1 
	   124,    138,    139, -1 
	   139,    128,    124, -1 
	   138,    125,    127, -1 
	   126,    132,    140, -1 
	   126,    140,    127, -1 
	   141,    142,    127, -1 
	   138,    127,    142, -1 
	   141,    127,    140, -1 
	   139,    143,    128, -1 
	   128,    143,    144, -1 
	   128,    144,    129, -1 
	   144,    130,    129, -1 
	   144,    145,    130, -1 
	   136,    130,    145, -1 
	   132,    131,    137, -1 
	   132,    137,    146, -1 
	   146,    140,    132, -1 
	   137,    133,    134, -1 
	   146,    137,    134, -1 
	   134,    135,    146, -1 
	   136,    147,    135, -1 
	   147,    146,    135, -1 
	   136,    145,    148, -1 
	   148,    147,    136, -1 
	   149,    150,    138, -1 
	   139,    138,    150, -1 
	   149,    138,    142, -1 
	   139,    151,    152, -1 
	   139,    150,    151, -1 
	   139,    152,    143, -1 
	   146,    153,    140, -1 
	   140,    153,    154, -1 
	   140,    154,    141, -1 
	   155,    142,    141, -1 
	   141,    154,    156, -1 
	   141,    156,    155, -1 
	   155,    149,    142, -1 
	   143,    152,    144, -1 
	   152,    145,    144, -1 
	   152,    157,    145, -1 
	   158,    148,    145, -1 
	   158,    145,    157, -1 
	   147,    153,    146, -1 
	   148,    159,    147, -1 
	   159,    153,    147, -1 
	   158,    159,    148, -1 
	   160,    161,    149, -1 
	   160,    149,    155, -1 
	   161,    150,    149, -1 
	   161,    162,    150, -1 
	   151,    150,    162, -1 
	   151,    162,    163, -1 
	   163,    152,    151, -1 
	   163,    164,    152, -1 
	   164,    157,    152, -1 
	   159,    154,    153, -1 
	   165,    156,    154, -1 
	   165,    154,    159, -1 
	   155,    166,    160, -1 
	   155,    156,    166, -1 
	   167,    166,    156, -1 
	   167,    156,    165, -1 
	   164,    168,    157, -1 
	   157,    168,    169, -1 
	   169,    158,    157, -1 
	   169,    170,    158, -1 
	   158,    165,    159, -1 
	   170,    165,    158, -1 
	   160,    166,    171, -1 
	   160,    171,    172, -1 
	   172,    161,    160, -1 
	   172,    173,    161, -1 
	   173,    162,    161, -1 
	   173,    174,    162, -1 
	   163,    162,    174, -1 
	   163,    174,    175, -1 
	   175,    164,    163, -1 
	   175,    176,    164, -1 
	   176,    168,    164, -1 
	   170,    167,    165, -1 
	   177,    171,    166, -1 
	   177,    166,    167, -1 
	   178,    177,    167, -1 
	   178,    167,    170, -1 
	   176,    179,    168, -1 
	   169,    168,    179, -1 
	   169,    179,    180, -1 
	   180,    170,    169, -1 
	   180,    178,    170, -1 
	   181,    182,    171, -1 
	   172,    171,    182, -1 
	   181,    171,    177, -1 
	   172,    183,    184, -1 
	   172,    182,    183, -1 
	   172,    184,    173, -1 
	   184,    174,    173, -1 
	   184,    185,    174, -1 
	   175,    174,    185, -1 
	   176,    175,    186, -1 
	   175,    185,    186, -1 
	   187,    176,    188, -1 
	   187,    179,    176, -1 
	   176,    186,    188, -1 
	   177,    189,    181, -1 
	   177,    178,    189, -1 
	   189,    178,    180, -1 
	   187,    190,    179, -1 
	   180,    179,    190, -1 
	   180,    190,    191, -1 
	   189,    180,    191, -1 
	   181,    189,    192, -1 
	   182,    181,    193, -1 
	   194,    193,    181, -1 
	   181,    195,    194, -1 
	   196,    195,    181, -1 
	   181,    192,    196, -1 
	   182,    197,    198, -1 
	   182,    198,    183, -1 
	   182,    193,    197, -1 
	   198,    199,    183, -1 
	   199,    184,    183, -1 
	   199,    200,    184, -1 
	   201,    184,    200, -1 
	   202,    185,    184, -1 
	   202,    184,    201, -1 
	   203,    186,    185, -1 
	   203,    185,    202, -1 
	   204,    188,    186, -1 
	   205,    206,    186, -1 
	   205,    186,    203, -1 
	   206,    204,    186, -1 
	   207,    190,    187, -1 
	   187,    204,    207, -1 
	   187,    188,    204, -1 
	   208,    192,    189, -1 
	   208,    189,    191, -1 
	   207,    209,    190, -1 
	   191,    190,    209, -1 
	   191,    209,    210, -1 
	   191,    210,    208, -1 
	   211,    192,    208, -1 
	   196,    192,    211, -1 
	   197,    193,    212, -1 
	   212,    193,    194, -1 
	   213,    212,    194, -1 
	   194,    214,    213, -1 
	   195,    214,    194, -1 
	   196,    214,    195, -1 
	   196,    215,    214, -1 
	   211,    215,    196, -1 
	   216,    198,    197, -1 
	   216,    197,    217, -1 
	   197,    212,    217, -1 
	   218,    199,    198, -1 
	   218,    198,    216, -1 
	   218,    200,    199, -1 
	   218,    219,    200, -1 
	   220,    200,    219, -1 
	   201,    200,    220, -1 
	   201,    221,    222, -1 
	   220,    221,    201, -1 
	   201,    222,    202, -1 
	   202,    222,    223, -1 
	   202,    223,    203, -1 
	   203,    223,    224, -1 
	   203,    224,    205, -1 
	   206,    225,    204, -1 
	   204,    226,    227, -1 
	   227,    207,    204, -1 
	   204,    225,    226, -1 
	   205,    224,    228, -1 
	   228,    206,    205, -1 
	   228,    225,    206, -1 
	   227,    229,    207, -1 
	   229,    209,    207, -1 
	   208,    230,    211, -1 
	   210,    230,    208, -1 
	   229,    231,    209, -1 
	   210,    209,    231, -1 
	   210,    231,    232, -1 
	   210,    232,    230, -1 
	   211,    233,    215, -1 
	   233,    211,    230, -1 
	   234,    217,    212, -1 
	   235,    212,    213, -1 
	   234,    212,    235, -1 
	   236,    213,    214, -1 
	   235,    213,    236, -1 
	   237,    214,    215, -1 
	   236,    214,    237, -1 
	   238,    215,    233, -1 
	   237,    215,    238, -1 
	   216,    239,    240, -1 
	   216,    240,    218, -1 
	   217,    239,    216, -1 
	   217,    234,    239, -1 
	   240,    219,    218, -1 
	   240,    241,    219, -1 
	   242,    219,    241, -1 
	   220,    219,    242, -1 
	   242,    221,    220, -1 
	   242,    243,    221, -1 
	   244,    221,    243, -1 
	   223,    222,    221, -1 
	   223,    221,    244, -1 
	   224,    223,    244, -1 
	   224,    245,    228, -1 
	   246,    245,    224, -1 
	   246,    224,    244, -1 
	   247,    225,    228, -1 
	   247,    248,    225, -1 
	   226,    225,    248, -1 
	   227,    226,    249, -1 
	   226,    248,    249, -1 
	   250,    229,    227, -1 
	   227,    249,    250, -1 
	   228,    245,    251, -1 
	   228,    251,    247, -1 
	   252,    229,    250, -1 
	   252,    231,    229, -1 
	   233,    230,    253, -1 
	   253,    230,    232, -1 
	   252,    254,    231, -1 
	   232,    231,    254, -1 
	   232,    254,    255, -1 
	   253,    232,    255, -1 
	   256,    233,    253, -1 
	   257,    233,    256, -1 
	   238,    233,    257, -1 
	   234,    258,    259, -1 
	   234,    259,    239, -1 
	   235,    258,    234, -1 
	   235,    260,    258, -1 
	   236,    260,    235, -1 
	   236,    261,    260, -1 
	   237,    261,    236, -1 
	   237,    262,    261, -1 
	   238,    262,    237, -1 
	   238,    263,    262, -1 
	   257,    263,    238, -1 
	   240,    239,    259, -1 
	   264,    241,    240, -1 
	   240,    259,    264, -1 
	   264,    265,    241, -1 
	   241,    265,    266, -1 
	   242,    241,    266, -1 
	   267,    243,    242, -1 
	   267,    242,    266, -1 
	   268,    269,    243, -1 
	   243,    269,    244, -1 
	   268,    243,    267, -1 
	   244,    269,    270, -1 
	   244,    270,    246, -1 
	   245,    246,    251, -1 
	   246,    270,    271, -1 
	   272,    251,    246, -1 
	   246,    271,    273, -1 
	   272,    246,    273, -1 
	   247,    251,    272, -1 
	   274,    248,    247, -1 
	   247,    272,    274, -1 
	   274,    275,    248, -1 
	   249,    248,    275, -1 
	   276,    250,    249, -1 
	   249,    277,    276, -1 
	   278,    277,    249, -1 
	   249,    279,    278, -1 
	   249,    275,    279, -1 
	   250,    276,    280, -1 
	   250,    280,    252, -1 
	   252,    280,    254, -1 
	   256,    253,    281, -1 
	   255,    281,    253, -1 
	   254,    280,    282, -1 
	   254,    283,    255, -1 
	   254,    282,    283, -1 
	   284,    255,    283, -1 
	   255,    284,    281, -1 
	   256,    285,    286, -1 
	   256,    286,    257, -1 
	   281,    285,    256, -1 
	   257,    286,    263, -1 
	   258,    287,    288, -1 
	   258,    288,    259, -1 
	   260,    287,    258, -1 
	   259,    288,    289, -1 
	   259,    289,    264, -1 
	   260,    290,    287, -1 
	   290,    260,    261, -1 
	   290,    261,    291, -1 
	   262,    291,    261, -1 
	   262,    292,    291, -1 
	   263,    292,    262, -1 
	   263,    293,    292, -1 
	   286,    293,    263, -1 
	   289,    265,    264, -1 
	   266,    265,    294, -1 
	   289,    294,    265, -1 
	   267,    266,    295, -1 
	   266,    294,    295, -1 
	   296,    268,    267, -1 
	   267,    297,    296, -1 
	   295,    297,    267, -1 
	   296,    269,    268, -1 
	   296,    270,    269, -1 
	   298,    271,    270, -1 
	   298,    270,    296, -1 
	   299,    271,    298, -1 
	   300,    273,    271, -1 
	   300,    271,    299, -1 
	   274,    272,    301, -1 
	   300,    301,    272, -1 
	   300,    272,    273, -1 
	   302,    275,    274, -1 
	   274,    301,    302, -1 
	   302,    303,    275, -1 
	   279,    275,    303, -1 
	   282,    280,    276, -1 
	   276,    277,    282, -1 
	   277,    304,    305, -1 
	   305,    282,    277, -1 
	   277,    278,    304, -1 
	   278,    279,    306, -1 
	   278,    306,    304, -1 
	   279,    303,    306, -1 
	   307,    308,    281, -1 
	   281,    308,    285, -1 
	   307,    281,    284, -1 
	   309,    282,    305, -1 
	   283,    282,    309, -1 
	   309,    284,    283, -1 
	   309,    307,    284, -1 
	   285,    310,    311, -1 
	   285,    311,    286, -1 
	   308,    310,    285, -1 
	   286,    311,    293, -1 
	   312,    313,    287, -1 
	   314,    288,    287, -1 
	   312,    287,    290, -1 
	   314,    287,    313, -1 
	   315,    289,    288, -1 
	   315,    288,    314, -1 
	   289,    315,    316, -1 
	   289,    316,    294, -1 
	   291,    312,    290, -1 
	   291,    317,    312, -1 
	   317,    291,    292, -1 
	   318,    292,    293, -1 
	   317,    292,    318, -1 
	   319,    293,    311, -1 
	   318,    293,    319, -1 
	   295,    294,    316, -1 
	   295,    320,    297, -1 
	   295,    316,    320, -1 
	   296,    297,    321, -1 
	   296,    321,    298, -1 
	   320,    321,    297, -1 
	   322,    298,    321, -1 
	   299,    298,    322, -1 
	   299,    323,    324, -1 
	   322,    323,    299, -1 
	   299,    324,    300, -1 
	   300,    324,    325, -1 
	   300,    325,    301, -1 
	   301,    325,    326, -1 
	   301,    326,    302, -1 
	   302,    326,    327, -1 
	   302,    327,    303, -1 
	   303,    327,    328, -1 
	   303,    328,    306, -1 
	   305,    304,    306, -1 
	   305,    329,    330, -1 
	   306,    329,    305, -1 
	   305,    330,    309, -1 
	   306,    328,    329, -1 
	   330,    307,    309, -1 
	   330,    308,    307, -1 
	   330,    331,    308, -1 
	   308,    331,    310, -1 
	   332,    310,    331, -1 
	   333,    311,    310, -1 
	   333,    310,    332, -1 
	   319,    311,    333, -1 
	   334,    313,    312, -1 
	   317,    334,    312, -1 
	   334,    335,    313, -1 
	   336,    314,    313, -1 
	   336,    313,    335, -1 
	   315,    314,    336, -1 
	   316,    315,    336, -1 
	   316,    336,    320, -1 
	   317,    323,    334, -1 
	   318,    323,    317, -1 
	   318,    324,    323, -1 
	   319,    324,    318, -1 
	   319,    325,    324, -1 
	   333,    325,    319, -1 
	   320,    336,    321, -1 
	   337,    321,    336, -1 
	   322,    321,    337, -1 
	   335,    334,    322, -1 
	   322,    334,    323, -1 
	   335,    322,    337, -1 
	   333,    326,    325, -1 
	   332,    327,    326, -1 
	   332,    326,    333, -1 
	   338,    328,    327, -1 
	   338,    327,    332, -1 
	   328,    338,    329, -1 
	   329,    338,    331, -1 
	   329,    331,    330, -1 
	   332,    331,    338, -1 
	   337,    336,    335, -1 
	   339,    340,    341, -1 
	   339,    341,    342, -1 
	   340,    339,    343, -1 
	   344,    345,    339, -1 
	   339,    345,    346, -1 
	   342,    344,    339, -1 
	   343,    339,    346, -1 
	   341,    340,    347, -1 
	   348,    340,    349, -1 
	   340,    348,    347, -1 
	   349,    340,    343, -1 
	   341,    350,    342, -1 
	   350,    341,    347, -1 
	   351,    344,    342, -1 
	   342,    350,    352, -1 
	   352,    351,    342, -1 
	   353,    354,    343, -1 
	   343,    354,    349, -1 
	   355,    343,    346, -1 
	   355,    353,    343, -1 
	   344,    356,    345, -1 
	   357,    356,    344, -1 
	   351,    357,    344, -1 
	   356,    358,    345, -1 
	   359,    346,    345, -1 
	   358,    359,    345, -1 
	   360,    355,    346, -1 
	   346,    359,    360, -1 
	   361,    350,    347, -1 
	   361,    347,    362, -1 
	   348,    362,    347, -1 
	   349,    354,    348, -1 
	   354,    363,    348, -1 
	   348,    363,    362, -1 
	   350,    364,    352, -1 
	   350,    361,    365, -1 
	   364,    350,    365, -1 
	   366,    351,    352, -1 
	   351,    366,    357, -1 
	   352,    364,    367, -1 
	   367,    366,    352, -1 
	   354,    353,    368, -1 
	   353,    369,    370, -1 
	   369,    353,    355, -1 
	   368,    353,    370, -1 
	   363,    354,    371, -1 
	   354,    368,    372, -1 
	   371,    354,    372, -1 
	   373,    355,    360, -1 
	   373,    369,    355, -1 
	   358,    356,    374, -1 
	   356,    375,    374, -1 
	   375,    356,    357, -1 
	   366,    376,    357, -1 
	   357,    376,    377, -1 
	   377,    375,    357, -1 
	   358,    374,    378, -1 
	   359,    358,    378, -1 
	   359,    379,    360, -1 
	   380,    379,    359, -1 
	   378,    380,    359, -1 
	   381,    373,    360, -1 
	   360,    379,    381, -1 
	   365,    361,    382, -1 
	   361,    383,    382, -1 
	   383,    361,    362, -1 
	   363,    384,    362, -1 
	   362,    384,    383, -1 
	   384,    363,    371, -1 
	   364,    385,    367, -1 
	   364,    365,    385, -1 
	   365,    386,    385, -1 
	   365,    382,    387, -1 
	   386,    365,    387, -1 
	   388,    389,    366, -1 
	   366,    389,    376, -1 
	   367,    388,    366, -1 
	   390,    388,    367, -1 
	   367,    391,    390, -1 
	   391,    367,    385, -1 
	   372,    368,    392, -1 
	   368,    370,    392, -1 
	   370,    369,    393, -1 
	   369,    394,    393, -1 
	   369,    373,    395, -1 
	   394,    369,    395, -1 
	   370,    393,    396, -1 
	   392,    370,    396, -1 
	   397,    384,    371, -1 
	   371,    372,    398, -1 
	   397,    371,    398, -1 
	   372,    392,    399, -1 
	   398,    372,    399, -1 
	   373,    381,    400, -1 
	   395,    373,    400, -1 
	   378,    374,    401, -1 
	   374,    402,    401, -1 
	   374,    375,    402, -1 
	   375,    403,    402, -1 
	   403,    375,    377, -1 
	   376,    404,    377, -1 
	   389,    405,    376, -1 
	   376,    405,    404, -1 
	   406,    403,    377, -1 
	   377,    404,    406, -1 
	   378,    401,    407, -1 
	   380,    378,    407, -1 
	   379,    408,    381, -1 
	   408,    379,    380, -1 
	   409,    408,    380, -1 
	   380,    407,    409, -1 
	   381,    408,    410, -1 
	   400,    381,    410, -1 
	   411,    387,    382, -1 
	   382,    383,    412, -1 
	   411,    382,    412, -1 
	   383,    384,    397, -1 
	   412,    383,    397, -1 
	   386,    391,    385, -1 
	   413,    386,    414, -1 
	   386,    413,    391, -1 
	   414,    386,    387, -1 
	   415,    387,    411, -1 
	   387,    415,    414, -1 
	   416,    389,    388, -1 
	   388,    417,    418, -1 
	   388,    390,    417, -1 
	   418,    416,    388, -1 
	   389,    416,    405, -1 
	   390,    391,    413, -1 
	   417,    390,    413, -1 
	   399,    392,    419, -1 
	   392,    396,    419, -1 
	   396,    393,    420, -1 
	   393,    421,    420, -1 
	   393,    394,    421, -1 
	   394,    422,    421, -1 
	   394,    395,    423, -1 
	   422,    394,    423, -1 
	   395,    400,    424, -1 
	   423,    395,    424, -1 
	   396,    420,    425, -1 
	   419,    396,    425, -1 
	   412,    397,    426, -1 
	   397,    398,    427, -1 
	   426,    397,    427, -1 
	   398,    399,    428, -1 
	   427,    398,    428, -1 
	   399,    419,    429, -1 
	   428,    399,    429, -1 
	   400,    410,    430, -1 
	   424,    400,    430, -1 
	   407,    401,    431, -1 
	   401,    432,    431, -1 
	   401,    402,    432, -1 
	   402,    433,    432, -1 
	   402,    403,    433, -1 
	   403,    434,    433, -1 
	   434,    403,    406, -1 
	   435,    404,    436, -1 
	   404,    435,    406, -1 
	   405,    436,    404, -1 
	   416,    437,    405, -1 
	   405,    437,    436, -1 
	   438,    434,    406, -1 
	   406,    435,    438, -1 
	   407,    439,    409, -1 
	   431,    440,    407, -1 
	   440,    439,    407, -1 
	   408,    409,    441, -1 
	   410,    408,    441, -1 
	   441,    409,    442, -1 
	   409,    439,    442, -1 
	   410,    441,    443, -1 
	   430,    410,    443, -1 
	   411,    412,    444, -1 
	   445,    411,    446, -1 
	   446,    411,    444, -1 
	   445,    415,    411, -1 
	   444,    412,    426, -1 
	   414,    447,    413, -1 
	   447,    417,    413, -1 
	   448,    449,    414, -1 
	   450,    447,    414, -1 
	   415,    448,    414, -1 
	   449,    450,    414, -1 
	   448,    415,    445, -1 
	   451,    452,    416, -1 
	   418,    451,    416, -1 
	   416,    452,    437, -1 
	   451,    418,    417, -1 
	   447,    451,    417, -1 
	   429,    419,    425, -1 
	   425,    420,    453, -1 
	   420,    454,    453, -1 
	   420,    421,    454, -1 
	   421,    455,    454, -1 
	   421,    422,    455, -1 
	   422,    456,    455, -1 
	   422,    423,    457, -1 
	   456,    422,    457, -1 
	   423,    424,    458, -1 
	   457,    423,    458, -1 
	   424,    430,    459, -1 
	   458,    424,    459, -1 
	   429,    425,    460, -1 
	   425,    453,    460, -1 
	   444,    426,    446, -1 
	   426,    427,    446, -1 
	   427,    428,    446, -1 
	   428,    429,    446, -1 
	   429,    460,    446, -1 
	   430,    443,    461, -1 
	   459,    430,    461, -1 
	   431,    432,    462, -1 
	   463,    440,    431, -1 
	   462,    463,    431, -1 
	   432,    464,    462, -1 
	   432,    433,    464, -1 
	   433,    465,    464, -1 
	   433,    434,    465, -1 
	   434,    466,    465, -1 
	   466,    434,    438, -1 
	   467,    435,    436, -1 
	   468,    435,    467, -1 
	   435,    468,    438, -1 
	   437,    469,    436, -1 
	   436,    469,    467, -1 
	   452,    459,    437, -1 
	   437,    459,    469, -1 
	   470,    466,    438, -1 
	   438,    468,    470, -1 
	   439,    440,    471, -1 
	   442,    439,    471, -1 
	   440,    463,    472, -1 
	   471,    440,    472, -1 
	   441,    442,    473, -1 
	   443,    441,    473, -1 
	   474,    473,    442, -1 
	   471,    474,    442, -1 
	   443,    473,    475, -1 
	   461,    443,    475, -1 
	   453,    448,    445, -1 
	   476,    445,    446, -1 
	   453,    445,    476, -1 
	   460,    476,    446, -1 
	   450,    451,    447, -1 
	   449,    448,    455, -1 
	   453,    454,    448, -1 
	   448,    454,    455, -1 
	   456,    450,    449, -1 
	   455,    456,    449, -1 
	   457,    451,    450, -1 
	   450,    456,    457, -1 
	   451,    457,    452, -1 
	   457,    458,    452, -1 
	   452,    458,    459, -1 
	   460,    453,    476, -1 
	   459,    461,    469, -1 
	   469,    461,    475, -1 
	   477,    463,    462, -1 
	   478,    477,    462, -1 
	   462,    464,    478, -1 
	   472,    463,    477, -1 
	   464,    479,    478, -1 
	   480,    479,    464, -1 
	   465,    480,    464, -1 
	   465,    466,    480, -1 
	   466,    481,    480, -1 
	   481,    466,    470, -1 
	   467,    469,    475, -1 
	   467,    475,    482, -1 
	   482,    468,    467, -1 
	   468,    483,    470, -1 
	   468,    482,    483, -1 
	   484,    481,    470, -1 
	   470,    483,    484, -1 
	   485,    474,    471, -1 
	   472,    485,    471, -1 
	   472,    486,    487, -1 
	   486,    472,    477, -1 
	   485,    472,    487, -1 
	   475,    473,    474, -1 
	   482,    475,    474, -1 
	   474,    485,    482, -1 
	   477,    488,    489, -1 
	   488,    477,    478, -1 
	   486,    477,    489, -1 
	   490,    491,    478, -1 
	   491,    488,    478, -1 
	   479,    490,    478, -1 
	   480,    490,    479, -1 
	   480,    481,    490, -1 
	   481,    492,    490, -1 
	   481,    484,    493, -1 
	   492,    481,    493, -1 
	   485,    494,    482, -1 
	   482,    494,    483, -1 
	   483,    495,    484, -1 
	   483,    494,    495, -1 
	   484,    495,    493, -1 
	   496,    494,    485, -1 
	   487,    496,    485, -1 
	   487,    486,    497, -1 
	   486,    489,    497, -1 
	   498,    496,    487, -1 
	   497,    498,    487, -1 
	   489,    488,    499, -1 
	   488,    500,    499, -1 
	   500,    488,    491, -1 
	   489,    499,    501, -1 
	   497,    489,    501, -1 
	   491,    490,    502, -1 
	   490,    503,    502, -1 
	   490,    492,    503, -1 
	   502,    500,    491, -1 
	   492,    504,    503, -1 
	   505,    504,    492, -1 
	   492,    493,    505, -1 
	   493,    506,    505, -1 
	   495,    507,    493, -1 
	   493,    507,    506, -1 
	   494,    496,    495, -1 
	   495,    496,    507, -1 
	   496,    498,    507, -1 
	   501,    508,    497, -1 
	   508,    498,    497, -1 
	   498,    508,    509, -1 
	   507,    498,    509, -1 
	   501,    499,    510, -1 
	   499,    511,    510, -1 
	   499,    500,    511, -1 
	   500,    512,    511, -1 
	   512,    500,    502, -1 
	   513,    508,    501, -1 
	   510,    513,    501, -1 
	   514,    512,    502, -1 
	   502,    503,    514, -1 
	   503,    515,    514, -1 
	   503,    504,    515, -1 
	   504,    516,    515, -1 
	   516,    504,    505, -1 
	   517,    516,    505, -1 
	   505,    506,    517, -1 
	   507,    509,    506, -1 
	   506,    509,    518, -1 
	   506,    518,    517, -1 
	   508,    513,    519, -1 
	   509,    508,    519, -1 
	   509,    519,    518, -1 
	   520,    513,    510, -1 
	   521,    522,    510, -1 
	   522,    520,    510, -1 
	   511,    521,    510, -1 
	   511,    512,    521, -1 
	   512,    523,    521, -1 
	   523,    512,    514, -1 
	   513,    520,    524, -1 
	   519,    513,    524, -1 
	   525,    514,    515, -1 
	   525,    523,    514, -1 
	   526,    515,    527, -1 
	   515,    516,    527, -1 
	   526,    525,    515, -1 
	   516,    528,    527, -1 
	   528,    516,    517, -1 
	   517,    518,    529, -1 
	   530,    528,    517, -1 
	   530,    517,    529, -1 
	   529,    518,    519, -1 
	   524,    529,    519, -1 
	   531,    524,    520, -1 
	   532,    533,    520, -1 
	   522,    532,    520, -1 
	   533,    531,    520, -1 
	   522,    521,    534, -1 
	   521,    535,    534, -1 
	   535,    521,    536, -1 
	   521,    523,    537, -1 
	   536,    521,    537, -1 
	   522,    534,    532, -1 
	   523,    525,    538, -1 
	   537,    523,    538, -1 
	   539,    529,    524, -1 
	   524,    531,    540, -1 
	   540,    541,    524, -1 
	   524,    541,    542, -1 
	   542,    539,    524, -1 
	   525,    526,    543, -1 
	   525,    544,    545, -1 
	   538,    525,    545, -1 
	   525,    543,    544, -1 
	   543,    526,    527, -1 
	   527,    528,    546, -1 
	   546,    543,    527, -1 
	   528,    547,    546, -1 
	   547,    528,    530, -1 
	   529,    539,    548, -1 
	   530,    529,    548, -1 
	   549,    547,    530, -1 
	   548,    549,    530, -1 
	   550,    531,    533, -1 
	   540,    531,    550, -1 
	   533,    532,    551, -1 
	   532,    534,    552, -1 
	   551,    532,    552, -1 
	   553,    533,    551, -1 
	   553,    550,    533, -1 
	   534,    535,    552, -1 
	   535,    554,    552, -1 
	   554,    535,    555, -1 
	   555,    535,    536, -1 
	   556,    557,    536, -1 
	   536,    557,    555, -1 
	   537,    556,    536, -1 
	   558,    556,    537, -1 
	   538,    558,    537, -1 
	   559,    558,    538, -1 
	   545,    559,    538, -1 
	   548,    539,    560, -1 
	   560,    539,    542, -1 
	   540,    550,    561, -1 
	   561,    562,    540, -1 
	   540,    562,    541, -1 
	   541,    562,    542, -1 
	   562,    563,    542, -1 
	   542,    563,    560, -1 
	   543,    564,    544, -1 
	   565,    566,    543, -1 
	   543,    546,    565, -1 
	   566,    564,    543, -1 
	   545,    544,    567, -1 
	   544,    564,    567, -1 
	   567,    559,    545, -1 
	   546,    568,    565, -1 
	   546,    547,    568, -1 
	   547,    569,    568, -1 
	   569,    547,    549, -1 
	   560,    570,    548, -1 
	   548,    570,    549, -1 
	   571,    569,    549, -1 
	   570,    571,    549, -1 
	   550,    553,    572, -1 
	   561,    550,    573, -1 
	   573,    550,    572, -1 
	   574,    575,    551, -1 
	   552,    574,    551, -1 
	   551,    575,    553, -1 
	   552,    554,    574, -1 
	   575,    572,    553, -1 
	   554,    576,    574, -1 
	   576,    554,    577, -1 
	   577,    554,    555, -1 
	   555,    557,    577, -1 
	   557,    556,    558, -1 
	   557,    578,    577, -1 
	   578,    557,    579, -1 
	   579,    557,    558, -1 
	   579,    558,    559, -1 
	   567,    580,    559, -1 
	   559,    580,    581, -1 
	   579,    559,    581, -1 
	   563,    582,    560, -1 
	   570,    560,    582, -1 
	   562,    561,    583, -1 
	   583,    561,    573, -1 
	   563,    562,    584, -1 
	   584,    562,    583, -1 
	   582,    563,    585, -1 
	   585,    563,    584, -1 
	   567,    564,    586, -1 
	   564,    587,    586, -1 
	   587,    564,    566, -1 
	   588,    566,    565, -1 
	   565,    568,    589, -1 
	   589,    588,    565, -1 
	   588,    587,    566, -1 
	   590,    580,    567, -1 
	   586,    590,    567, -1 
	   589,    568,    591, -1 
	   568,    569,    591, -1 
	   569,    592,    591, -1 
	   592,    569,    571, -1 
	   593,    570,    582, -1 
	   571,    570,    593, -1 
	   594,    592,    571, -1 
	   594,    571,    593, -1 
	   595,    596,    572, -1 
	   575,    595,    572, -1 
	   572,    596,    573, -1 
	   596,    597,    573, -1 
	   573,    597,    583, -1 
	   595,    575,    574, -1 
	   574,    576,    598, -1 
	   598,    595,    574, -1 
	   576,    599,    598, -1 
	   600,    599,    576, -1 
	   600,    576,    577, -1 
	   577,    578,    601, -1 
	   600,    577,    601, -1 
	   578,    602,    603, -1 
	   579,    602,    578, -1 
	   601,    578,    603, -1 
	   604,    602,    579, -1 
	   581,    604,    579, -1 
	   590,    581,    580, -1 
	   605,    604,    581, -1 
	   581,    590,    606, -1 
	   607,    605,    581, -1 
	   607,    581,    606, -1 
	   593,    582,    608, -1 
	   608,    582,    609, -1 
	   609,    582,    585, -1 
	   597,    610,    583, -1 
	   583,    610,    584, -1 
	   610,    611,    584, -1 
	   584,    611,    585, -1 
	   611,    612,    585, -1 
	   585,    612,    609, -1 
	   606,    590,    586, -1 
	   586,    587,    613, -1 
	   613,    606,    586, -1 
	   587,    614,    613, -1 
	   614,    587,    588, -1 
	   588,    589,    615, -1 
	   615,    616,    588, -1 
	   588,    616,    617, -1 
	   617,    618,    588, -1 
	   618,    614,    588, -1 
	   619,    615,    589, -1 
	   591,    619,    589, -1 
	   592,    619,    591, -1 
	   620,    619,    592, -1 
	   594,    621,    592, -1 
	   621,    620,    592, -1 
	   622,    593,    608, -1 
	   593,    622,    594, -1 
	   621,    594,    623, -1 
	   622,    623,    594, -1 
	   595,    624,    596, -1 
	   625,    624,    595, -1 
	   598,    625,    595, -1 
	   624,    626,    596, -1 
	   596,    626,    597, -1 
	   626,    627,    597, -1 
	   610,    597,    627, -1 
	   598,    599,    625, -1 
	   628,    599,    600, -1 
	   599,    628,    625, -1 
	   629,    600,    601, -1 
	   629,    628,    600, -1 
	   601,    603,    630, -1 
	   630,    631,    601, -1 
	   601,    631,    629, -1 
	   603,    602,    630, -1 
	   602,    604,    630, -1 
	   604,    605,    632, -1 
	   630,    604,    632, -1 
	   632,    605,    633, -1 
	   605,    607,    634, -1 
	   633,    605,    634, -1 
	   635,    606,    613, -1 
	   606,    635,    634, -1 
	   607,    606,    634, -1 
	   636,    637,    608, -1 
	   609,    636,    608, -1 
	   608,    637,    622, -1 
	   612,    636,    609, -1 
	   638,    610,    627, -1 
	   610,    638,    611, -1 
	   638,    639,    611, -1 
	   611,    639,    612, -1 
	   639,    640,    612, -1 
	   612,    640,    636, -1 
	   613,    614,    641, -1 
	   641,    635,    613, -1 
	   614,    642,    641, -1 
	   642,    614,    618, -1 
	   615,    619,    620, -1 
	   620,    616,    615, -1 
	   643,    644,    616, -1 
	   616,    620,    643, -1 
	   644,    617,    616, -1 
	   645,    618,    617, -1 
	   644,    645,    617, -1 
	   645,    642,    618, -1 
	   643,    620,    646, -1 
	   646,    620,    621, -1 
	   621,    623,    646, -1 
	   622,    647,    648, -1 
	   637,    647,    622, -1 
	   623,    622,    648, -1 
	   623,    648,    646, -1 
	   626,    624,    649, -1 
	   624,    625,    650, -1 
	   649,    624,    650, -1 
	   651,    650,    625, -1 
	   628,    651,    625, -1 
	   626,    652,    653, -1 
	   627,    626,    653, -1 
	   652,    626,    649, -1 
	   627,    653,    638, -1 
	   651,    628,    629, -1 
	   631,    654,    629, -1 
	   654,    651,    629, -1 
	   655,    631,    630, -1 
	   632,    655,    630, -1 
	   631,    655,    654, -1 
	   655,    632,    656, -1 
	   656,    632,    633, -1 
	   657,    658,    633, -1 
	   633,    658,    656, -1 
	   634,    657,    633, -1 
	   659,    657,    634, -1 
	   635,    659,    634, -1 
	   660,    659,    635, -1 
	   641,    660,    635, -1 
	   636,    661,    637, -1 
	   640,    661,    636, -1 
	   661,    662,    637, -1 
	   637,    662,    647, -1 
	   653,    663,    638, -1 
	   639,    638,    663, -1 
	   640,    639,    664, -1 
	   664,    639,    663, -1 
	   661,    640,    665, -1 
	   665,    640,    664, -1 
	   666,    660,    641, -1 
	   642,    666,    641, -1 
	   667,    666,    642, -1 
	   645,    667,    642, -1 
	   645,    644,    643, -1 
	   668,    669,    643, -1 
	   643,    669,    645, -1 
	   646,    668,    643, -1 
	   669,    667,    645, -1 
	   646,    648,    668, -1 
	   648,    647,    668, -1 
	   647,    670,    668, -1 
	   662,    670,    647, -1 
	   652,    649,    671, -1 
	   671,    649,    650, -1 
	   671,    650,    651, -1 
	   654,    671,    651, -1 
	   653,    652,    672, -1 
	   652,    673,    672, -1 
	   673,    652,    671, -1 
	   653,    672,    663, -1 
	   655,    671,    654, -1 
	   671,    655,    674, -1 
	   674,    655,    656, -1 
	   656,    672,    673, -1 
	   658,    672,    656, -1 
	   674,    656,    673, -1 
	   658,    657,    664, -1 
	   664,    657,    665, -1 
	   657,    659,    665, -1 
	   672,    658,    663, -1 
	   663,    658,    664, -1 
	   665,    659,    675, -1 
	   659,    660,    675, -1 
	   660,    666,    676, -1 
	   675,    660,    676, -1 
	   662,    661,    675, -1 
	   675,    661,    665, -1 
	   670,    662,    676, -1 
	   676,    662,    675, -1 
	   666,    667,    677, -1 
	   676,    666,    677, -1 
	   669,    677,    667, -1 
	   668,    670,    669, -1 
	   670,    677,    669, -1 
	   677,    670,    676, -1 
	   673,    671,    674, -1 
    ] 
normalPerVertex  TRUE 
   } 
  } 
 ] 
} 
